candidate_id,parameter_sha256,target_response_class,parameter_name,value,units,search_transform,evaluated_population_lower_bound,evaluated_population_upper_bound,bound_semantics,coordinate_status
oneD_v2_dbtt_R_0bf0f25f74411000,0bf0f25f7441100018490d54263aff449e5df602b49536ed8a446393d0a4baa5,DBTT,Tref_K,481.33,K,FIXED_IN_FOCUSED_SEARCH,481.33,481.33,OBSERVED_EVALUATED_POPULATION_EXTREMA_NOT_EXTRAPOLATION_PERMISSION,FIXED
oneD_v2_dbtt_R_0bf0f25f74411000,0bf0f25f7441100018490d54263aff449e5df602b49536ed8a446393d0a4baa5,DBTT,cleave_G00_eV,1.8621480419540128,eV,LOG10_MULTIPLICATIVE_AROUND_CONTROL_PLUS_DIRECTED_AND_MORPH_ROWS,1.3661294618621005,4.088341932426187,OBSERVED_EVALUATED_POPULATION_EXTREMA_NOT_EXTRAPOLATION_PERMISSION,ACTIVE_SEARCHED_OR_ARCHIVED_MORPH
oneD_v2_dbtt_R_0bf0f25f74411000,0bf0f25f7441100018490d54263aff449e5df602b49536ed8a446393d0a4baa5,DBTT,cleave_gT_eV_per_K,0.005281807336448797,K,SIGNED_ADDITIVE_AROUND_CONTROL_PLUS_DIRECTED_AND_MORPH_ROWS,0.002268368939134249,0.008931572897448769,OBSERVED_EVALUATED_POPULATION_EXTREMA_NOT_EXTRAPOLATION_PERMISSION,ACTIVE_SEARCHED_OR_ARCHIVED_MORPH
oneD_v2_dbtt_R_0bf0f25f74411000,0bf0f25f7441100018490d54263aff449e5df602b49536ed8a446393d0a4baa5,DBTT,cleave_sigc0_GPa,4.390268889202817,GPa,LOG10_MULTIPLICATIVE_AROUND_CONTROL_PLUS_DIRECTED_AND_MORPH_ROWS,4.097725009419965,11.16820414360279,OBSERVED_EVALUATED_POPULATION_EXTREMA_NOT_EXTRAPOLATION_PERMISSION,ACTIVE_SEARCHED_OR_ARCHIVED_MORPH
oneD_v2_dbtt_R_0bf0f25f74411000,0bf0f25f7441100018490d54263aff449e5df602b49536ed8a446393d0a4baa5,DBTT,cleave_sT_GPa_per_K,-0.0004950757857476296,K,SIGNED_ADDITIVE_AROUND_CONTROL_PLUS_DIRECTED_AND_MORPH_ROWS,-0.0024876615358664362,0.00307726434199135,OBSERVED_EVALUATED_POPULATION_EXTREMA_NOT_EXTRAPOLATION_PERMISSION,ACTIVE_SEARCHED_OR_ARCHIVED_MORPH
oneD_v2_dbtt_R_0bf0f25f74411000,0bf0f25f7441100018490d54263aff449e5df602b49536ed8a446393d0a4baa5,DBTT,cleave_exp_a,0.3462453651877594,dimensionless,LOG10_MULTIPLICATIVE_AROUND_CONTROL_PLUS_DIRECTED_AND_MORPH_ROWS,0.1752833570144279,0.848760412610794,OBSERVED_EVALUATED_POPULATION_EXTREMA_NOT_EXTRAPOLATION_PERMISSION,ACTIVE_SEARCHED_OR_ARCHIVED_MORPH
oneD_v2_dbtt_R_0bf0f25f74411000,0bf0f25f7441100018490d54263aff449e5df602b49536ed8a446393d0a4baa5,DBTT,cleave_exp_n,2.7531721751359957,dimensionless,LOG10_MULTIPLICATIVE_AROUND_CONTROL_PLUS_DIRECTED_AND_MORPH_ROWS,1.2032811342047471,3.945134818293807,OBSERVED_EVALUATED_POPULATION_EXTREMA_NOT_EXTRAPOLATION_PERMISSION,ACTIVE_SEARCHED_OR_ARCHIVED_MORPH
oneD_v2_dbtt_R_0bf0f25f74411000,0bf0f25f7441100018490d54263aff449e5df602b49536ed8a446393d0a4baa5,DBTT,cleave_floor_frac,0.026239358201278,dimensionless,FIXED_IN_FOCUSED_SEARCH,0.026239358201278,0.026239358201278,OBSERVED_EVALUATED_POPULATION_EXTREMA_NOT_EXTRAPOLATION_PERMISSION,FIXED
oneD_v2_dbtt_R_0bf0f25f74411000,0bf0f25f7441100018490d54263aff449e5df602b49536ed8a446393d0a4baa5,DBTT,emit_G00_eV,2.9140133948444773,eV,LOG10_MULTIPLICATIVE_AROUND_CONTROL_PLUS_DIRECTED_AND_MORPH_ROWS,1.7603579627164792,6.3475485376683976,OBSERVED_EVALUATED_POPULATION_EXTREMA_NOT_EXTRAPOLATION_PERMISSION,ACTIVE_SEARCHED_OR_ARCHIVED_MORPH
oneD_v2_dbtt_R_0bf0f25f74411000,0bf0f25f7441100018490d54263aff449e5df602b49536ed8a446393d0a4baa5,DBTT,emit_gT_eV_per_K,0.007623052695724512,K,SIGNED_ADDITIVE_AROUND_CONTROL_PLUS_DIRECTED_AND_MORPH_ROWS,0.0016550063225440998,0.009859655792548112,OBSERVED_EVALUATED_POPULATION_EXTREMA_NOT_EXTRAPOLATION_PERMISSION,ACTIVE_SEARCHED_OR_ARCHIVED_MORPH
oneD_v2_dbtt_R_0bf0f25f74411000,0bf0f25f7441100018490d54263aff449e5df602b49536ed8a446393d0a4baa5,DBTT,emit_sigc0_GPa,3.516792744870347,GPa,LOG10_MULTIPLICATIVE_AROUND_CONTROL_PLUS_DIRECTED_AND_MORPH_ROWS,1.2535612139585792,5.907084640718761,OBSERVED_EVALUATED_POPULATION_EXTREMA_NOT_EXTRAPOLATION_PERMISSION,ACTIVE_SEARCHED_OR_ARCHIVED_MORPH
oneD_v2_dbtt_R_0bf0f25f74411000,0bf0f25f7441100018490d54263aff449e5df602b49536ed8a446393d0a4baa5,DBTT,emit_sT_GPa_per_K,-0.0036939319084976115,K,SIGNED_ADDITIVE_AROUND_CONTROL_PLUS_DIRECTED_AND_MORPH_ROWS,-0.00834500286986884,0.00235836699511855,OBSERVED_EVALUATED_POPULATION_EXTREMA_NOT_EXTRAPOLATION_PERMISSION,ACTIVE_SEARCHED_OR_ARCHIVED_MORPH
oneD_v2_dbtt_R_0bf0f25f74411000,0bf0f25f7441100018490d54263aff449e5df602b49536ed8a446393d0a4baa5,DBTT,emit_exp_a,0.12430063920082574,dimensionless,LOG10_MULTIPLICATIVE_AROUND_CONTROL_PLUS_DIRECTED_AND_MORPH_ROWS,0.09495684507018155,0.43713746867803693,OBSERVED_EVALUATED_POPULATION_EXTREMA_NOT_EXTRAPOLATION_PERMISSION,ACTIVE_SEARCHED_OR_ARCHIVED_MORPH
oneD_v2_dbtt_R_0bf0f25f74411000,0bf0f25f7441100018490d54263aff449e5df602b49536ed8a446393d0a4baa5,DBTT,emit_exp_n,0.3334149406967361,dimensionless,LOG10_MULTIPLICATIVE_AROUND_CONTROL_PLUS_DIRECTED_AND_MORPH_ROWS,0.31279428560708195,1.1133888408447044,OBSERVED_EVALUATED_POPULATION_EXTREMA_NOT_EXTRAPOLATION_PERMISSION,ACTIVE_SEARCHED_OR_ARCHIVED_MORPH
oneD_v2_dbtt_R_0bf0f25f74411000,0bf0f25f7441100018490d54263aff449e5df602b49536ed8a446393d0a4baa5,DBTT,emit_floor_frac,0.0103682254353579,dimensionless,FIXED_IN_FOCUSED_SEARCH,0.0103682254353579,0.0103682254353579,OBSERVED_EVALUATED_POPULATION_EXTREMA_NOT_EXTRAPOLATION_PERMISSION,FIXED
oneD_v2_dbtt_R_0bf0f25f74411000,0bf0f25f7441100018490d54263aff449e5df602b49536ed8a446393d0a4baa5,DBTT,peierls_H0_eV,4.340021673774366,eV,LOG10_MULTIPLICATIVE_AROUND_CONTROL_PLUS_DIRECTED_AND_MORPH_ROWS,1.8216675358801595,5.848027537727703,OBSERVED_EVALUATED_POPULATION_EXTREMA_NOT_EXTRAPOLATION_PERMISSION,ACTIVE_SEARCHED_OR_ARCHIVED_MORPH
oneD_v2_dbtt_R_0bf0f25f74411000,0bf0f25f7441100018490d54263aff449e5df602b49536ed8a446393d0a4baa5,DBTT,peierls_activation_entropy_kB,-32.40046945160495,dimensionless,SIGNED_ADDITIVE_AROUND_CONTROL_PLUS_DIRECTED_AND_MORPH_ROWS,-57.82066778301595,-9.754573600366712,OBSERVED_EVALUATED_POPULATION_EXTREMA_NOT_EXTRAPOLATION_PERMISSION,ACTIVE_SEARCHED_OR_ARCHIVED_MORPH
oneD_v2_dbtt_R_0bf0f25f74411000,0bf0f25f7441100018490d54263aff449e5df602b49536ed8a446393d0a4baa5,DBTT,peierls_exp_a,1.448395521938801,dimensionless,FIXED_IN_FOCUSED_SEARCH,1.448395521938801,1.448395521938801,OBSERVED_EVALUATED_POPULATION_EXTREMA_NOT_EXTRAPOLATION_PERMISSION,FIXED
oneD_v2_dbtt_R_0bf0f25f74411000,0bf0f25f7441100018490d54263aff449e5df602b49536ed8a446393d0a4baa5,DBTT,peierls_exp_n,1.871259921230376,dimensionless,FIXED_IN_FOCUSED_SEARCH,1.871259921230376,1.871259921230376,OBSERVED_EVALUATED_POPULATION_EXTREMA_NOT_EXTRAPOLATION_PERMISSION,FIXED
oneD_v2_dbtt_R_0bf0f25f74411000,0bf0f25f7441100018490d54263aff449e5df602b49536ed8a446393d0a4baa5,DBTT,peierls_nu0_s,1000000000000.0,s^-1,FIXED_IN_FOCUSED_SEARCH,1000000000000.0,1000000000000.0,OBSERVED_EVALUATED_POPULATION_EXTREMA_NOT_EXTRAPOLATION_PERMISSION,FIXED
oneD_v2_dbtt_R_0bf0f25f74411000,0bf0f25f7441100018490d54263aff449e5df602b49536ed8a446393d0a4baa5,DBTT,taylor_H0_eV,0.9061418147580934,eV,LOG10_MULTIPLICATIVE_AROUND_CONTROL_PLUS_DIRECTED_AND_MORPH_ROWS,0.4374451222461706,2.472370506471178,OBSERVED_EVALUATED_POPULATION_EXTREMA_NOT_EXTRAPOLATION_PERMISSION,ACTIVE_SEARCHED_OR_ARCHIVED_MORPH
oneD_v2_dbtt_R_0bf0f25f74411000,0bf0f25f7441100018490d54263aff449e5df602b49536ed8a446393d0a4baa5,DBTT,taylor_activation_entropy_kB,19.615113711406504,dimensionless,SIGNED_ADDITIVE_AROUND_CONTROL_PLUS_DIRECTED_AND_MORPH_ROWS,2.7084908448159695,49.98485553432123,OBSERVED_EVALUATED_POPULATION_EXTREMA_NOT_EXTRAPOLATION_PERMISSION,ACTIVE_SEARCHED_OR_ARCHIVED_MORPH
oneD_v2_dbtt_R_0bf0f25f74411000,0bf0f25f7441100018490d54263aff449e5df602b49536ed8a446393d0a4baa5,DBTT,taylor_exp_a,0.7048910272121429,dimensionless,FIXED_IN_FOCUSED_SEARCH,0.7048910272121429,0.7048910272121429,OBSERVED_EVALUATED_POPULATION_EXTREMA_NOT_EXTRAPOLATION_PERMISSION,FIXED
oneD_v2_dbtt_R_0bf0f25f74411000,0bf0f25f7441100018490d54263aff449e5df602b49536ed8a446393d0a4baa5,DBTT,taylor_exp_n,0.5389550719410181,dimensionless,FIXED_IN_FOCUSED_SEARCH,0.5389550719410181,0.5389550719410181,OBSERVED_EVALUATED_POPULATION_EXTREMA_NOT_EXTRAPOLATION_PERMISSION,FIXED
oneD_v2_dbtt_R_0bf0f25f74411000,0bf0f25f7441100018490d54263aff449e5df602b49536ed8a446393d0a4baa5,DBTT,taylor_nu0_s,100000000000.0,s^-1,FIXED_IN_FOCUSED_SEARCH,100000000000.0,100000000000.0,OBSERVED_EVALUATED_POPULATION_EXTREMA_NOT_EXTRAPOLATION_PERMISSION,FIXED
oneD_v2_dbtt_R_0bf0f25f74411000,0bf0f25f7441100018490d54263aff449e5df602b49536ed8a446393d0a4baa5,DBTT,rho_source0_m2,606626781409095.5,m^-2,LOG10_MULTIPLICATIVE_AROUND_CONTROL_PLUS_DIRECTED_AND_MORPH_ROWS,24807485494445.152,6231585698771533.0,OBSERVED_EVALUATED_POPULATION_EXTREMA_NOT_EXTRAPOLATION_PERMISSION,ACTIVE_SEARCHED_OR_ARCHIVED_MORPH
oneD_v2_dbtt_R_0bf0f25f74411000,0bf0f25f7441100018490d54263aff449e5df602b49536ed8a446393d0a4baa5,DBTT,taylor_corr_rho_c_m2,21447152154655.26,m^-2,LOG10_MULTIPLICATIVE_AROUND_CONTROL_PLUS_DIRECTED_AND_MORPH_ROWS,1576167365371.657,4282219954775941.0,OBSERVED_EVALUATED_POPULATION_EXTREMA_NOT_EXTRAPOLATION_PERMISSION,ACTIVE_SEARCHED_OR_ARCHIVED_MORPH
oneD_v2_dbtt_R_0bf0f25f74411000,0bf0f25f7441100018490d54263aff449e5df602b49536ed8a446393d0a4baa5,DBTT,taylor_corr_scale,1.2635590097025609,dimensionless,LOG10_MULTIPLICATIVE_AROUND_CONTROL_PLUS_DIRECTED_AND_MORPH_ROWS,0.3430759927708866,2.770513189284223,OBSERVED_EVALUATED_POPULATION_EXTREMA_NOT_EXTRAPOLATION_PERMISSION,ACTIVE_SEARCHED_OR_ARCHIVED_MORPH
oneD_v2_dbtt_R_0bf0f25f74411000,0bf0f25f7441100018490d54263aff449e5df602b49536ed8a446393d0a4baa5,DBTT,c_blunt,6.201127133645389,dimensionless,LOG10_MULTIPLICATIVE_AROUND_CONTROL_PLUS_DIRECTED_AND_MORPH_ROWS,1.0776162722416116,7.318183428715671,OBSERVED_EVALUATED_POPULATION_EXTREMA_NOT_EXTRAPOLATION_PERMISSION,ACTIVE_SEARCHED_OR_ARCHIVED_MORPH
oneD_v2_dbtt_R_10e35972a9427ce6,10e35972a9427ce65c6e25b712a4806b18b679b46379847023d435b325bf8d18,DBTT,Tref_K,481.33,K,FIXED_IN_FOCUSED_SEARCH,481.33,481.33,OBSERVED_EVALUATED_POPULATION_EXTREMA_NOT_EXTRAPOLATION_PERMISSION,FIXED
oneD_v2_dbtt_R_10e35972a9427ce6,10e35972a9427ce65c6e25b712a4806b18b679b46379847023d435b325bf8d18,DBTT,cleave_G00_eV,1.5857133262971137,eV,LOG10_MULTIPLICATIVE_AROUND_CONTROL_PLUS_DIRECTED_AND_MORPH_ROWS,1.3661294618621005,4.088341932426187,OBSERVED_EVALUATED_POPULATION_EXTREMA_NOT_EXTRAPOLATION_PERMISSION,ACTIVE_SEARCHED_OR_ARCHIVED_MORPH
oneD_v2_dbtt_R_10e35972a9427ce6,10e35972a9427ce65c6e25b712a4806b18b679b46379847023d435b325bf8d18,DBTT,cleave_gT_eV_per_K,0.00506425738055791,K,SIGNED_ADDITIVE_AROUND_CONTROL_PLUS_DIRECTED_AND_MORPH_ROWS,0.002268368939134249,0.008931572897448769,OBSERVED_EVALUATED_POPULATION_EXTREMA_NOT_EXTRAPOLATION_PERMISSION,ACTIVE_SEARCHED_OR_ARCHIVED_MORPH
oneD_v2_dbtt_R_10e35972a9427ce6,10e35972a9427ce65c6e25b712a4806b18b679b46379847023d435b325bf8d18,DBTT,cleave_sigc0_GPa,4.840337768214466,GPa,LOG10_MULTIPLICATIVE_AROUND_CONTROL_PLUS_DIRECTED_AND_MORPH_ROWS,4.097725009419965,11.16820414360279,OBSERVED_EVALUATED_POPULATION_EXTREMA_NOT_EXTRAPOLATION_PERMISSION,ACTIVE_SEARCHED_OR_ARCHIVED_MORPH
oneD_v2_dbtt_R_10e35972a9427ce6,10e35972a9427ce65c6e25b712a4806b18b679b46379847023d435b325bf8d18,DBTT,cleave_sT_GPa_per_K,-0.0013357088484122512,K,SIGNED_ADDITIVE_AROUND_CONTROL_PLUS_DIRECTED_AND_MORPH_ROWS,-0.0024876615358664362,0.00307726434199135,OBSERVED_EVALUATED_POPULATION_EXTREMA_NOT_EXTRAPOLATION_PERMISSION,ACTIVE_SEARCHED_OR_ARCHIVED_MORPH
oneD_v2_dbtt_R_10e35972a9427ce6,10e35972a9427ce65c6e25b712a4806b18b679b46379847023d435b325bf8d18,DBTT,cleave_exp_a,0.4156076082254036,dimensionless,LOG10_MULTIPLICATIVE_AROUND_CONTROL_PLUS_DIRECTED_AND_MORPH_ROWS,0.1752833570144279,0.848760412610794,OBSERVED_EVALUATED_POPULATION_EXTREMA_NOT_EXTRAPOLATION_PERMISSION,ACTIVE_SEARCHED_OR_ARCHIVED_MORPH
oneD_v2_dbtt_R_10e35972a9427ce6,10e35972a9427ce65c6e25b712a4806b18b679b46379847023d435b325bf8d18,DBTT,cleave_exp_n,2.5574675519899808,dimensionless,LOG10_MULTIPLICATIVE_AROUND_CONTROL_PLUS_DIRECTED_AND_MORPH_ROWS,1.2032811342047471,3.945134818293807,OBSERVED_EVALUATED_POPULATION_EXTREMA_NOT_EXTRAPOLATION_PERMISSION,ACTIVE_SEARCHED_OR_ARCHIVED_MORPH
oneD_v2_dbtt_R_10e35972a9427ce6,10e35972a9427ce65c6e25b712a4806b18b679b46379847023d435b325bf8d18,DBTT,cleave_floor_frac,0.026239358201278,dimensionless,FIXED_IN_FOCUSED_SEARCH,0.026239358201278,0.026239358201278,OBSERVED_EVALUATED_POPULATION_EXTREMA_NOT_EXTRAPOLATION_PERMISSION,FIXED
oneD_v2_dbtt_R_10e35972a9427ce6,10e35972a9427ce65c6e25b712a4806b18b679b46379847023d435b325bf8d18,DBTT,emit_G00_eV,1.8471061348692763,eV,LOG10_MULTIPLICATIVE_AROUND_CONTROL_PLUS_DIRECTED_AND_MORPH_ROWS,1.7603579627164792,6.3475485376683976,OBSERVED_EVALUATED_POPULATION_EXTREMA_NOT_EXTRAPOLATION_PERMISSION,ACTIVE_SEARCHED_OR_ARCHIVED_MORPH
oneD_v2_dbtt_R_10e35972a9427ce6,10e35972a9427ce65c6e25b712a4806b18b679b46379847023d435b325bf8d18,DBTT,emit_gT_eV_per_K,0.0049107911668025105,K,SIGNED_ADDITIVE_AROUND_CONTROL_PLUS_DIRECTED_AND_MORPH_ROWS,0.0016550063225440998,0.009859655792548112,OBSERVED_EVALUATED_POPULATION_EXTREMA_NOT_EXTRAPOLATION_PERMISSION,ACTIVE_SEARCHED_OR_ARCHIVED_MORPH
oneD_v2_dbtt_R_10e35972a9427ce6,10e35972a9427ce65c6e25b712a4806b18b679b46379847023d435b325bf8d18,DBTT,emit_sigc0_GPa,4.621860305882224,GPa,LOG10_MULTIPLICATIVE_AROUND_CONTROL_PLUS_DIRECTED_AND_MORPH_ROWS,1.2535612139585792,5.907084640718761,OBSERVED_EVALUATED_POPULATION_EXTREMA_NOT_EXTRAPOLATION_PERMISSION,ACTIVE_SEARCHED_OR_ARCHIVED_MORPH
oneD_v2_dbtt_R_10e35972a9427ce6,10e35972a9427ce65c6e25b712a4806b18b679b46379847023d435b325bf8d18,DBTT,emit_sT_GPa_per_K,-0.007214613861802034,K,SIGNED_ADDITIVE_AROUND_CONTROL_PLUS_DIRECTED_AND_MORPH_ROWS,-0.00834500286986884,0.00235836699511855,OBSERVED_EVALUATED_POPULATION_EXTREMA_NOT_EXTRAPOLATION_PERMISSION,ACTIVE_SEARCHED_OR_ARCHIVED_MORPH
oneD_v2_dbtt_R_10e35972a9427ce6,10e35972a9427ce65c6e25b712a4806b18b679b46379847023d435b325bf8d18,DBTT,emit_exp_a,0.1811558461033068,dimensionless,LOG10_MULTIPLICATIVE_AROUND_CONTROL_PLUS_DIRECTED_AND_MORPH_ROWS,0.09495684507018155,0.43713746867803693,OBSERVED_EVALUATED_POPULATION_EXTREMA_NOT_EXTRAPOLATION_PERMISSION,ACTIVE_SEARCHED_OR_ARCHIVED_MORPH
oneD_v2_dbtt_R_10e35972a9427ce6,10e35972a9427ce65c6e25b712a4806b18b679b46379847023d435b325bf8d18,DBTT,emit_exp_n,0.6683579924185394,dimensionless,LOG10_MULTIPLICATIVE_AROUND_CONTROL_PLUS_DIRECTED_AND_MORPH_ROWS,0.31279428560708195,1.1133888408447044,OBSERVED_EVALUATED_POPULATION_EXTREMA_NOT_EXTRAPOLATION_PERMISSION,ACTIVE_SEARCHED_OR_ARCHIVED_MORPH
oneD_v2_dbtt_R_10e35972a9427ce6,10e35972a9427ce65c6e25b712a4806b18b679b46379847023d435b325bf8d18,DBTT,emit_floor_frac,0.0103682254353579,dimensionless,FIXED_IN_FOCUSED_SEARCH,0.0103682254353579,0.0103682254353579,OBSERVED_EVALUATED_POPULATION_EXTREMA_NOT_EXTRAPOLATION_PERMISSION,FIXED
oneD_v2_dbtt_R_10e35972a9427ce6,10e35972a9427ce65c6e25b712a4806b18b679b46379847023d435b325bf8d18,DBTT,peierls_H0_eV,2.6752628620020436,eV,LOG10_MULTIPLICATIVE_AROUND_CONTROL_PLUS_DIRECTED_AND_MORPH_ROWS,1.8216675358801595,5.848027537727703,OBSERVED_EVALUATED_POPULATION_EXTREMA_NOT_EXTRAPOLATION_PERMISSION,ACTIVE_SEARCHED_OR_ARCHIVED_MORPH
oneD_v2_dbtt_R_10e35972a9427ce6,10e35972a9427ce65c6e25b712a4806b18b679b46379847023d435b325bf8d18,DBTT,peierls_activation_entropy_kB,-25.75849475214478,dimensionless,SIGNED_ADDITIVE_AROUND_CONTROL_PLUS_DIRECTED_AND_MORPH_ROWS,-57.82066778301595,-9.754573600366712,OBSERVED_EVALUATED_POPULATION_EXTREMA_NOT_EXTRAPOLATION_PERMISSION,ACTIVE_SEARCHED_OR_ARCHIVED_MORPH
oneD_v2_dbtt_R_10e35972a9427ce6,10e35972a9427ce65c6e25b712a4806b18b679b46379847023d435b325bf8d18,DBTT,peierls_exp_a,1.448395521938801,dimensionless,FIXED_IN_FOCUSED_SEARCH,1.448395521938801,1.448395521938801,OBSERVED_EVALUATED_POPULATION_EXTREMA_NOT_EXTRAPOLATION_PERMISSION,FIXED
oneD_v2_dbtt_R_10e35972a9427ce6,10e35972a9427ce65c6e25b712a4806b18b679b46379847023d435b325bf8d18,DBTT,peierls_exp_n,1.871259921230376,dimensionless,FIXED_IN_FOCUSED_SEARCH,1.871259921230376,1.871259921230376,OBSERVED_EVALUATED_POPULATION_EXTREMA_NOT_EXTRAPOLATION_PERMISSION,FIXED
oneD_v2_dbtt_R_10e35972a9427ce6,10e35972a9427ce65c6e25b712a4806b18b679b46379847023d435b325bf8d18,DBTT,peierls_nu0_s,1000000000000.0,s^-1,FIXED_IN_FOCUSED_SEARCH,1000000000000.0,1000000000000.0,OBSERVED_EVALUATED_POPULATION_EXTREMA_NOT_EXTRAPOLATION_PERMISSION,FIXED
oneD_v2_dbtt_R_10e35972a9427ce6,10e35972a9427ce65c6e25b712a4806b18b679b46379847023d435b325bf8d18,DBTT,taylor_H0_eV,2.2282980338174263,eV,LOG10_MULTIPLICATIVE_AROUND_CONTROL_PLUS_DIRECTED_AND_MORPH_ROWS,0.4374451222461706,2.472370506471178,OBSERVED_EVALUATED_POPULATION_EXTREMA_NOT_EXTRAPOLATION_PERMISSION,ACTIVE_SEARCHED_OR_ARCHIVED_MORPH
oneD_v2_dbtt_R_10e35972a9427ce6,10e35972a9427ce65c6e25b712a4806b18b679b46379847023d435b325bf8d18,DBTT,taylor_activation_entropy_kB,36.79209209411616,dimensionless,SIGNED_ADDITIVE_AROUND_CONTROL_PLUS_DIRECTED_AND_MORPH_ROWS,2.7084908448159695,49.98485553432123,OBSERVED_EVALUATED_POPULATION_EXTREMA_NOT_EXTRAPOLATION_PERMISSION,ACTIVE_SEARCHED_OR_ARCHIVED_MORPH
oneD_v2_dbtt_R_10e35972a9427ce6,10e35972a9427ce65c6e25b712a4806b18b679b46379847023d435b325bf8d18,DBTT,taylor_exp_a,0.7048910272121429,dimensionless,FIXED_IN_FOCUSED_SEARCH,0.7048910272121429,0.7048910272121429,OBSERVED_EVALUATED_POPULATION_EXTREMA_NOT_EXTRAPOLATION_PERMISSION,FIXED
oneD_v2_dbtt_R_10e35972a9427ce6,10e35972a9427ce65c6e25b712a4806b18b679b46379847023d435b325bf8d18,DBTT,taylor_exp_n,0.5389550719410181,dimensionless,FIXED_IN_FOCUSED_SEARCH,0.5389550719410181,0.5389550719410181,OBSERVED_EVALUATED_POPULATION_EXTREMA_NOT_EXTRAPOLATION_PERMISSION,FIXED
oneD_v2_dbtt_R_10e35972a9427ce6,10e35972a9427ce65c6e25b712a4806b18b679b46379847023d435b325bf8d18,DBTT,taylor_nu0_s,100000000000.0,s^-1,FIXED_IN_FOCUSED_SEARCH,100000000000.0,100000000000.0,OBSERVED_EVALUATED_POPULATION_EXTREMA_NOT_EXTRAPOLATION_PERMISSION,FIXED
oneD_v2_dbtt_R_10e35972a9427ce6,10e35972a9427ce65c6e25b712a4806b18b679b46379847023d435b325bf8d18,DBTT,rho_source0_m2,1610922866464420.0,m^-2,LOG10_MULTIPLICATIVE_AROUND_CONTROL_PLUS_DIRECTED_AND_MORPH_ROWS,24807485494445.152,6231585698771533.0,OBSERVED_EVALUATED_POPULATION_EXTREMA_NOT_EXTRAPOLATION_PERMISSION,ACTIVE_SEARCHED_OR_ARCHIVED_MORPH
oneD_v2_dbtt_R_10e35972a9427ce6,10e35972a9427ce65c6e25b712a4806b18b679b46379847023d435b325bf8d18,DBTT,taylor_corr_rho_c_m2,9369842593473.053,m^-2,LOG10_MULTIPLICATIVE_AROUND_CONTROL_PLUS_DIRECTED_AND_MORPH_ROWS,1576167365371.657,4282219954775941.0,OBSERVED_EVALUATED_POPULATION_EXTREMA_NOT_EXTRAPOLATION_PERMISSION,ACTIVE_SEARCHED_OR_ARCHIVED_MORPH
oneD_v2_dbtt_R_10e35972a9427ce6,10e35972a9427ce65c6e25b712a4806b18b679b46379847023d435b325bf8d18,DBTT,taylor_corr_scale,0.9050043114458074,dimensionless,LOG10_MULTIPLICATIVE_AROUND_CONTROL_PLUS_DIRECTED_AND_MORPH_ROWS,0.3430759927708866,2.770513189284223,OBSERVED_EVALUATED_POPULATION_EXTREMA_NOT_EXTRAPOLATION_PERMISSION,ACTIVE_SEARCHED_OR_ARCHIVED_MORPH
oneD_v2_dbtt_R_10e35972a9427ce6,10e35972a9427ce65c6e25b712a4806b18b679b46379847023d435b325bf8d18,DBTT,c_blunt,6.386306936333022,dimensionless,LOG10_MULTIPLICATIVE_AROUND_CONTROL_PLUS_DIRECTED_AND_MORPH_ROWS,1.0776162722416116,7.318183428715671,OBSERVED_EVALUATED_POPULATION_EXTREMA_NOT_EXTRAPOLATION_PERMISSION,ACTIVE_SEARCHED_OR_ARCHIVED_MORPH
oneD_v2_dbtt_R_2ce78bb843dcce8c,2ce78bb843dcce8ce355d78e35ac2215fb99b56437e0e9f08e498d57f00228dd,DBTT,Tref_K,481.33,K,FIXED_IN_FOCUSED_SEARCH,481.33,481.33,OBSERVED_EVALUATED_POPULATION_EXTREMA_NOT_EXTRAPOLATION_PERMISSION,FIXED
oneD_v2_dbtt_R_2ce78bb843dcce8c,2ce78bb843dcce8ce355d78e35ac2215fb99b56437e0e9f08e498d57f00228dd,DBTT,cleave_G00_eV,3.736484156825983,eV,LOG10_MULTIPLICATIVE_AROUND_CONTROL_PLUS_DIRECTED_AND_MORPH_ROWS,1.3661294618621005,4.088341932426187,OBSERVED_EVALUATED_POPULATION_EXTREMA_NOT_EXTRAPOLATION_PERMISSION,ACTIVE_SEARCHED_OR_ARCHIVED_MORPH
oneD_v2_dbtt_R_2ce78bb843dcce8c,2ce78bb843dcce8ce355d78e35ac2215fb99b56437e0e9f08e498d57f00228dd,DBTT,cleave_gT_eV_per_K,0.008798261908055785,K,SIGNED_ADDITIVE_AROUND_CONTROL_PLUS_DIRECTED_AND_MORPH_ROWS,0.002268368939134249,0.008931572897448769,OBSERVED_EVALUATED_POPULATION_EXTREMA_NOT_EXTRAPOLATION_PERMISSION,ACTIVE_SEARCHED_OR_ARCHIVED_MORPH
oneD_v2_dbtt_R_2ce78bb843dcce8c,2ce78bb843dcce8ce355d78e35ac2215fb99b56437e0e9f08e498d57f00228dd,DBTT,cleave_sigc0_GPa,9.107787189317847,GPa,LOG10_MULTIPLICATIVE_AROUND_CONTROL_PLUS_DIRECTED_AND_MORPH_ROWS,4.097725009419965,11.16820414360279,OBSERVED_EVALUATED_POPULATION_EXTREMA_NOT_EXTRAPOLATION_PERMISSION,ACTIVE_SEARCHED_OR_ARCHIVED_MORPH
oneD_v2_dbtt_R_2ce78bb843dcce8c,2ce78bb843dcce8ce355d78e35ac2215fb99b56437e0e9f08e498d57f00228dd,DBTT,cleave_sT_GPa_per_K,-0.0008117062997689153,K,SIGNED_ADDITIVE_AROUND_CONTROL_PLUS_DIRECTED_AND_MORPH_ROWS,-0.0024876615358664362,0.00307726434199135,OBSERVED_EVALUATED_POPULATION_EXTREMA_NOT_EXTRAPOLATION_PERMISSION,ACTIVE_SEARCHED_OR_ARCHIVED_MORPH
oneD_v2_dbtt_R_2ce78bb843dcce8c,2ce78bb843dcce8ce355d78e35ac2215fb99b56437e0e9f08e498d57f00228dd,DBTT,cleave_exp_a,0.6687991069154825,dimensionless,LOG10_MULTIPLICATIVE_AROUND_CONTROL_PLUS_DIRECTED_AND_MORPH_ROWS,0.1752833570144279,0.848760412610794,OBSERVED_EVALUATED_POPULATION_EXTREMA_NOT_EXTRAPOLATION_PERMISSION,ACTIVE_SEARCHED_OR_ARCHIVED_MORPH
oneD_v2_dbtt_R_2ce78bb843dcce8c,2ce78bb843dcce8ce355d78e35ac2215fb99b56437e0e9f08e498d57f00228dd,DBTT,cleave_exp_n,3.912747614195071,dimensionless,LOG10_MULTIPLICATIVE_AROUND_CONTROL_PLUS_DIRECTED_AND_MORPH_ROWS,1.2032811342047471,3.945134818293807,OBSERVED_EVALUATED_POPULATION_EXTREMA_NOT_EXTRAPOLATION_PERMISSION,ACTIVE_SEARCHED_OR_ARCHIVED_MORPH
oneD_v2_dbtt_R_2ce78bb843dcce8c,2ce78bb843dcce8ce355d78e35ac2215fb99b56437e0e9f08e498d57f00228dd,DBTT,cleave_floor_frac,0.026239358201278,dimensionless,FIXED_IN_FOCUSED_SEARCH,0.026239358201278,0.026239358201278,OBSERVED_EVALUATED_POPULATION_EXTREMA_NOT_EXTRAPOLATION_PERMISSION,FIXED
oneD_v2_dbtt_R_2ce78bb843dcce8c,2ce78bb843dcce8ce355d78e35ac2215fb99b56437e0e9f08e498d57f00228dd,DBTT,emit_G00_eV,4.672743310495533,eV,LOG10_MULTIPLICATIVE_AROUND_CONTROL_PLUS_DIRECTED_AND_MORPH_ROWS,1.7603579627164792,6.3475485376683976,OBSERVED_EVALUATED_POPULATION_EXTREMA_NOT_EXTRAPOLATION_PERMISSION,ACTIVE_SEARCHED_OR_ARCHIVED_MORPH
oneD_v2_dbtt_R_2ce78bb843dcce8c,2ce78bb843dcce8ce355d78e35ac2215fb99b56437e0e9f08e498d57f00228dd,DBTT,emit_gT_eV_per_K,0.007913824458770157,K,SIGNED_ADDITIVE_AROUND_CONTROL_PLUS_DIRECTED_AND_MORPH_ROWS,0.0016550063225440998,0.009859655792548112,OBSERVED_EVALUATED_POPULATION_EXTREMA_NOT_EXTRAPOLATION_PERMISSION,ACTIVE_SEARCHED_OR_ARCHIVED_MORPH
oneD_v2_dbtt_R_2ce78bb843dcce8c,2ce78bb843dcce8ce355d78e35ac2215fb99b56437e0e9f08e498d57f00228dd,DBTT,emit_sigc0_GPa,2.344163988304978,GPa,LOG10_MULTIPLICATIVE_AROUND_CONTROL_PLUS_DIRECTED_AND_MORPH_ROWS,1.2535612139585792,5.907084640718761,OBSERVED_EVALUATED_POPULATION_EXTREMA_NOT_EXTRAPOLATION_PERMISSION,ACTIVE_SEARCHED_OR_ARCHIVED_MORPH
oneD_v2_dbtt_R_2ce78bb843dcce8c,2ce78bb843dcce8ce355d78e35ac2215fb99b56437e0e9f08e498d57f00228dd,DBTT,emit_sT_GPa_per_K,-0.002571057223533138,K,SIGNED_ADDITIVE_AROUND_CONTROL_PLUS_DIRECTED_AND_MORPH_ROWS,-0.00834500286986884,0.00235836699511855,OBSERVED_EVALUATED_POPULATION_EXTREMA_NOT_EXTRAPOLATION_PERMISSION,ACTIVE_SEARCHED_OR_ARCHIVED_MORPH
oneD_v2_dbtt_R_2ce78bb843dcce8c,2ce78bb843dcce8ce355d78e35ac2215fb99b56437e0e9f08e498d57f00228dd,DBTT,emit_exp_a,0.11574883452200503,dimensionless,LOG10_MULTIPLICATIVE_AROUND_CONTROL_PLUS_DIRECTED_AND_MORPH_ROWS,0.09495684507018155,0.43713746867803693,OBSERVED_EVALUATED_POPULATION_EXTREMA_NOT_EXTRAPOLATION_PERMISSION,ACTIVE_SEARCHED_OR_ARCHIVED_MORPH
oneD_v2_dbtt_R_2ce78bb843dcce8c,2ce78bb843dcce8ce355d78e35ac2215fb99b56437e0e9f08e498d57f00228dd,DBTT,emit_exp_n,0.3919902383836684,dimensionless,LOG10_MULTIPLICATIVE_AROUND_CONTROL_PLUS_DIRECTED_AND_MORPH_ROWS,0.31279428560708195,1.1133888408447044,OBSERVED_EVALUATED_POPULATION_EXTREMA_NOT_EXTRAPOLATION_PERMISSION,ACTIVE_SEARCHED_OR_ARCHIVED_MORPH
oneD_v2_dbtt_R_2ce78bb843dcce8c,2ce78bb843dcce8ce355d78e35ac2215fb99b56437e0e9f08e498d57f00228dd,DBTT,emit_floor_frac,0.0103682254353579,dimensionless,FIXED_IN_FOCUSED_SEARCH,0.0103682254353579,0.0103682254353579,OBSERVED_EVALUATED_POPULATION_EXTREMA_NOT_EXTRAPOLATION_PERMISSION,FIXED
oneD_v2_dbtt_R_2ce78bb843dcce8c,2ce78bb843dcce8ce355d78e35ac2215fb99b56437e0e9f08e498d57f00228dd,DBTT,peierls_H0_eV,4.426481183470895,eV,LOG10_MULTIPLICATIVE_AROUND_CONTROL_PLUS_DIRECTED_AND_MORPH_ROWS,1.8216675358801595,5.848027537727703,OBSERVED_EVALUATED_POPULATION_EXTREMA_NOT_EXTRAPOLATION_PERMISSION,ACTIVE_SEARCHED_OR_ARCHIVED_MORPH
oneD_v2_dbtt_R_2ce78bb843dcce8c,2ce78bb843dcce8ce355d78e35ac2215fb99b56437e0e9f08e498d57f00228dd,DBTT,peierls_activation_entropy_kB,-51.17595077425441,dimensionless,SIGNED_ADDITIVE_AROUND_CONTROL_PLUS_DIRECTED_AND_MORPH_ROWS,-57.82066778301595,-9.754573600366712,OBSERVED_EVALUATED_POPULATION_EXTREMA_NOT_EXTRAPOLATION_PERMISSION,ACTIVE_SEARCHED_OR_ARCHIVED_MORPH
oneD_v2_dbtt_R_2ce78bb843dcce8c,2ce78bb843dcce8ce355d78e35ac2215fb99b56437e0e9f08e498d57f00228dd,DBTT,peierls_exp_a,1.448395521938801,dimensionless,FIXED_IN_FOCUSED_SEARCH,1.448395521938801,1.448395521938801,OBSERVED_EVALUATED_POPULATION_EXTREMA_NOT_EXTRAPOLATION_PERMISSION,FIXED
oneD_v2_dbtt_R_2ce78bb843dcce8c,2ce78bb843dcce8ce355d78e35ac2215fb99b56437e0e9f08e498d57f00228dd,DBTT,peierls_exp_n,1.871259921230376,dimensionless,FIXED_IN_FOCUSED_SEARCH,1.871259921230376,1.871259921230376,OBSERVED_EVALUATED_POPULATION_EXTREMA_NOT_EXTRAPOLATION_PERMISSION,FIXED
oneD_v2_dbtt_R_2ce78bb843dcce8c,2ce78bb843dcce8ce355d78e35ac2215fb99b56437e0e9f08e498d57f00228dd,DBTT,peierls_nu0_s,1000000000000.0,s^-1,FIXED_IN_FOCUSED_SEARCH,1000000000000.0,1000000000000.0,OBSERVED_EVALUATED_POPULATION_EXTREMA_NOT_EXTRAPOLATION_PERMISSION,FIXED
oneD_v2_dbtt_R_2ce78bb843dcce8c,2ce78bb843dcce8ce355d78e35ac2215fb99b56437e0e9f08e498d57f00228dd,DBTT,taylor_H0_eV,0.9133841711496007,eV,LOG10_MULTIPLICATIVE_AROUND_CONTROL_PLUS_DIRECTED_AND_MORPH_ROWS,0.4374451222461706,2.472370506471178,OBSERVED_EVALUATED_POPULATION_EXTREMA_NOT_EXTRAPOLATION_PERMISSION,ACTIVE_SEARCHED_OR_ARCHIVED_MORPH
oneD_v2_dbtt_R_2ce78bb843dcce8c,2ce78bb843dcce8ce355d78e35ac2215fb99b56437e0e9f08e498d57f00228dd,DBTT,taylor_activation_entropy_kB,21.15747514176448,dimensionless,SIGNED_ADDITIVE_AROUND_CONTROL_PLUS_DIRECTED_AND_MORPH_ROWS,2.7084908448159695,49.98485553432123,OBSERVED_EVALUATED_POPULATION_EXTREMA_NOT_EXTRAPOLATION_PERMISSION,ACTIVE_SEARCHED_OR_ARCHIVED_MORPH
oneD_v2_dbtt_R_2ce78bb843dcce8c,2ce78bb843dcce8ce355d78e35ac2215fb99b56437e0e9f08e498d57f00228dd,DBTT,taylor_exp_a,0.7048910272121429,dimensionless,FIXED_IN_FOCUSED_SEARCH,0.7048910272121429,0.7048910272121429,OBSERVED_EVALUATED_POPULATION_EXTREMA_NOT_EXTRAPOLATION_PERMISSION,FIXED
oneD_v2_dbtt_R_2ce78bb843dcce8c,2ce78bb843dcce8ce355d78e35ac2215fb99b56437e0e9f08e498d57f00228dd,DBTT,taylor_exp_n,0.5389550719410181,dimensionless,FIXED_IN_FOCUSED_SEARCH,0.5389550719410181,0.5389550719410181,OBSERVED_EVALUATED_POPULATION_EXTREMA_NOT_EXTRAPOLATION_PERMISSION,FIXED
oneD_v2_dbtt_R_2ce78bb843dcce8c,2ce78bb843dcce8ce355d78e35ac2215fb99b56437e0e9f08e498d57f00228dd,DBTT,taylor_nu0_s,100000000000.0,s^-1,FIXED_IN_FOCUSED_SEARCH,100000000000.0,100000000000.0,OBSERVED_EVALUATED_POPULATION_EXTREMA_NOT_EXTRAPOLATION_PERMISSION,FIXED
oneD_v2_dbtt_R_2ce78bb843dcce8c,2ce78bb843dcce8ce355d78e35ac2215fb99b56437e0e9f08e498d57f00228dd,DBTT,rho_source0_m2,387856240477690.2,m^-2,LOG10_MULTIPLICATIVE_AROUND_CONTROL_PLUS_DIRECTED_AND_MORPH_ROWS,24807485494445.152,6231585698771533.0,OBSERVED_EVALUATED_POPULATION_EXTREMA_NOT_EXTRAPOLATION_PERMISSION,ACTIVE_SEARCHED_OR_ARCHIVED_MORPH
oneD_v2_dbtt_R_2ce78bb843dcce8c,2ce78bb843dcce8ce355d78e35ac2215fb99b56437e0e9f08e498d57f00228dd,DBTT,taylor_corr_rho_c_m2,37634392894718.08,m^-2,LOG10_MULTIPLICATIVE_AROUND_CONTROL_PLUS_DIRECTED_AND_MORPH_ROWS,1576167365371.657,4282219954775941.0,OBSERVED_EVALUATED_POPULATION_EXTREMA_NOT_EXTRAPOLATION_PERMISSION,ACTIVE_SEARCHED_OR_ARCHIVED_MORPH
oneD_v2_dbtt_R_2ce78bb843dcce8c,2ce78bb843dcce8ce355d78e35ac2215fb99b56437e0e9f08e498d57f00228dd,DBTT,taylor_corr_scale,2.4879646719773376,dimensionless,LOG10_MULTIPLICATIVE_AROUND_CONTROL_PLUS_DIRECTED_AND_MORPH_ROWS,0.3430759927708866,2.770513189284223,OBSERVED_EVALUATED_POPULATION_EXTREMA_NOT_EXTRAPOLATION_PERMISSION,ACTIVE_SEARCHED_OR_ARCHIVED_MORPH
oneD_v2_dbtt_R_2ce78bb843dcce8c,2ce78bb843dcce8ce355d78e35ac2215fb99b56437e0e9f08e498d57f00228dd,DBTT,c_blunt,2.6550489755116335,dimensionless,LOG10_MULTIPLICATIVE_AROUND_CONTROL_PLUS_DIRECTED_AND_MORPH_ROWS,1.0776162722416116,7.318183428715671,OBSERVED_EVALUATED_POPULATION_EXTREMA_NOT_EXTRAPOLATION_PERMISSION,ACTIVE_SEARCHED_OR_ARCHIVED_MORPH
oneD_v2_dbtt_R_3e168d9381eafa7b,3e168d9381eafa7b2c41022459483033f17ec54892536368fc6a8feb98f57e84,DBTT,Tref_K,481.33,K,FIXED_IN_FOCUSED_SEARCH,481.33,481.33,OBSERVED_EVALUATED_POPULATION_EXTREMA_NOT_EXTRAPOLATION_PERMISSION,FIXED
oneD_v2_dbtt_R_3e168d9381eafa7b,3e168d9381eafa7b2c41022459483033f17ec54892536368fc6a8feb98f57e84,DBTT,cleave_G00_eV,2.7263226339970634,eV,LOG10_MULTIPLICATIVE_AROUND_CONTROL_PLUS_DIRECTED_AND_MORPH_ROWS,1.3661294618621005,4.088341932426187,OBSERVED_EVALUATED_POPULATION_EXTREMA_NOT_EXTRAPOLATION_PERMISSION,ACTIVE_SEARCHED_OR_ARCHIVED_MORPH
oneD_v2_dbtt_R_3e168d9381eafa7b,3e168d9381eafa7b2c41022459483033f17ec54892536368fc6a8feb98f57e84,DBTT,cleave_gT_eV_per_K,0.008931572897448769,K,SIGNED_ADDITIVE_AROUND_CONTROL_PLUS_DIRECTED_AND_MORPH_ROWS,0.002268368939134249,0.008931572897448769,OBSERVED_EVALUATED_POPULATION_EXTREMA_NOT_EXTRAPOLATION_PERMISSION,ACTIVE_SEARCHED_OR_ARCHIVED_MORPH
oneD_v2_dbtt_R_3e168d9381eafa7b,3e168d9381eafa7b2c41022459483033f17ec54892536368fc6a8feb98f57e84,DBTT,cleave_sigc0_GPa,8.431917241681298,GPa,LOG10_MULTIPLICATIVE_AROUND_CONTROL_PLUS_DIRECTED_AND_MORPH_ROWS,4.097725009419965,11.16820414360279,OBSERVED_EVALUATED_POPULATION_EXTREMA_NOT_EXTRAPOLATION_PERMISSION,ACTIVE_SEARCHED_OR_ARCHIVED_MORPH
oneD_v2_dbtt_R_3e168d9381eafa7b,3e168d9381eafa7b2c41022459483033f17ec54892536368fc6a8feb98f57e84,DBTT,cleave_sT_GPa_per_K,-0.0008912949616189118,K,SIGNED_ADDITIVE_AROUND_CONTROL_PLUS_DIRECTED_AND_MORPH_ROWS,-0.0024876615358664362,0.00307726434199135,OBSERVED_EVALUATED_POPULATION_EXTREMA_NOT_EXTRAPOLATION_PERMISSION,ACTIVE_SEARCHED_OR_ARCHIVED_MORPH
oneD_v2_dbtt_R_3e168d9381eafa7b,3e168d9381eafa7b2c41022459483033f17ec54892536368fc6a8feb98f57e84,DBTT,cleave_exp_a,0.3655237378458536,dimensionless,LOG10_MULTIPLICATIVE_AROUND_CONTROL_PLUS_DIRECTED_AND_MORPH_ROWS,0.1752833570144279,0.848760412610794,OBSERVED_EVALUATED_POPULATION_EXTREMA_NOT_EXTRAPOLATION_PERMISSION,ACTIVE_SEARCHED_OR_ARCHIVED_MORPH
oneD_v2_dbtt_R_3e168d9381eafa7b,3e168d9381eafa7b2c41022459483033f17ec54892536368fc6a8feb98f57e84,DBTT,cleave_exp_n,2.922516362466403,dimensionless,LOG10_MULTIPLICATIVE_AROUND_CONTROL_PLUS_DIRECTED_AND_MORPH_ROWS,1.2032811342047471,3.945134818293807,OBSERVED_EVALUATED_POPULATION_EXTREMA_NOT_EXTRAPOLATION_PERMISSION,ACTIVE_SEARCHED_OR_ARCHIVED_MORPH
oneD_v2_dbtt_R_3e168d9381eafa7b,3e168d9381eafa7b2c41022459483033f17ec54892536368fc6a8feb98f57e84,DBTT,cleave_floor_frac,0.026239358201278,dimensionless,FIXED_IN_FOCUSED_SEARCH,0.026239358201278,0.026239358201278,OBSERVED_EVALUATED_POPULATION_EXTREMA_NOT_EXTRAPOLATION_PERMISSION,FIXED
oneD_v2_dbtt_R_3e168d9381eafa7b,3e168d9381eafa7b2c41022459483033f17ec54892536368fc6a8feb98f57e84,DBTT,emit_G00_eV,2.6193617539157366,eV,LOG10_MULTIPLICATIVE_AROUND_CONTROL_PLUS_DIRECTED_AND_MORPH_ROWS,1.7603579627164792,6.3475485376683976,OBSERVED_EVALUATED_POPULATION_EXTREMA_NOT_EXTRAPOLATION_PERMISSION,ACTIVE_SEARCHED_OR_ARCHIVED_MORPH
oneD_v2_dbtt_R_3e168d9381eafa7b,3e168d9381eafa7b2c41022459483033f17ec54892536368fc6a8feb98f57e84,DBTT,emit_gT_eV_per_K,0.004031207282605458,K,SIGNED_ADDITIVE_AROUND_CONTROL_PLUS_DIRECTED_AND_MORPH_ROWS,0.0016550063225440998,0.009859655792548112,OBSERVED_EVALUATED_POPULATION_EXTREMA_NOT_EXTRAPOLATION_PERMISSION,ACTIVE_SEARCHED_OR_ARCHIVED_MORPH
oneD_v2_dbtt_R_3e168d9381eafa7b,3e168d9381eafa7b2c41022459483033f17ec54892536368fc6a8feb98f57e84,DBTT,emit_sigc0_GPa,1.4467638680364308,GPa,LOG10_MULTIPLICATIVE_AROUND_CONTROL_PLUS_DIRECTED_AND_MORPH_ROWS,1.2535612139585792,5.907084640718761,OBSERVED_EVALUATED_POPULATION_EXTREMA_NOT_EXTRAPOLATION_PERMISSION,ACTIVE_SEARCHED_OR_ARCHIVED_MORPH
oneD_v2_dbtt_R_3e168d9381eafa7b,3e168d9381eafa7b2c41022459483033f17ec54892536368fc6a8feb98f57e84,DBTT,emit_sT_GPa_per_K,-0.007959885828091698,K,SIGNED_ADDITIVE_AROUND_CONTROL_PLUS_DIRECTED_AND_MORPH_ROWS,-0.00834500286986884,0.00235836699511855,OBSERVED_EVALUATED_POPULATION_EXTREMA_NOT_EXTRAPOLATION_PERMISSION,ACTIVE_SEARCHED_OR_ARCHIVED_MORPH
oneD_v2_dbtt_R_3e168d9381eafa7b,3e168d9381eafa7b2c41022459483033f17ec54892536368fc6a8feb98f57e84,DBTT,emit_exp_a,0.1102059522512416,dimensionless,LOG10_MULTIPLICATIVE_AROUND_CONTROL_PLUS_DIRECTED_AND_MORPH_ROWS,0.09495684507018155,0.43713746867803693,OBSERVED_EVALUATED_POPULATION_EXTREMA_NOT_EXTRAPOLATION_PERMISSION,ACTIVE_SEARCHED_OR_ARCHIVED_MORPH
oneD_v2_dbtt_R_3e168d9381eafa7b,3e168d9381eafa7b2c41022459483033f17ec54892536368fc6a8feb98f57e84,DBTT,emit_exp_n,0.46138081263420294,dimensionless,LOG10_MULTIPLICATIVE_AROUND_CONTROL_PLUS_DIRECTED_AND_MORPH_ROWS,0.31279428560708195,1.1133888408447044,OBSERVED_EVALUATED_POPULATION_EXTREMA_NOT_EXTRAPOLATION_PERMISSION,ACTIVE_SEARCHED_OR_ARCHIVED_MORPH
oneD_v2_dbtt_R_3e168d9381eafa7b,3e168d9381eafa7b2c41022459483033f17ec54892536368fc6a8feb98f57e84,DBTT,emit_floor_frac,0.0103682254353579,dimensionless,FIXED_IN_FOCUSED_SEARCH,0.0103682254353579,0.0103682254353579,OBSERVED_EVALUATED_POPULATION_EXTREMA_NOT_EXTRAPOLATION_PERMISSION,FIXED
oneD_v2_dbtt_R_3e168d9381eafa7b,3e168d9381eafa7b2c41022459483033f17ec54892536368fc6a8feb98f57e84,DBTT,peierls_H0_eV,4.286924079210238,eV,LOG10_MULTIPLICATIVE_AROUND_CONTROL_PLUS_DIRECTED_AND_MORPH_ROWS,1.8216675358801595,5.848027537727703,OBSERVED_EVALUATED_POPULATION_EXTREMA_NOT_EXTRAPOLATION_PERMISSION,ACTIVE_SEARCHED_OR_ARCHIVED_MORPH
oneD_v2_dbtt_R_3e168d9381eafa7b,3e168d9381eafa7b2c41022459483033f17ec54892536368fc6a8feb98f57e84,DBTT,peierls_activation_entropy_kB,-56.187329169711994,dimensionless,SIGNED_ADDITIVE_AROUND_CONTROL_PLUS_DIRECTED_AND_MORPH_ROWS,-57.82066778301595,-9.754573600366712,OBSERVED_EVALUATED_POPULATION_EXTREMA_NOT_EXTRAPOLATION_PERMISSION,ACTIVE_SEARCHED_OR_ARCHIVED_MORPH
oneD_v2_dbtt_R_3e168d9381eafa7b,3e168d9381eafa7b2c41022459483033f17ec54892536368fc6a8feb98f57e84,DBTT,peierls_exp_a,1.448395521938801,dimensionless,FIXED_IN_FOCUSED_SEARCH,1.448395521938801,1.448395521938801,OBSERVED_EVALUATED_POPULATION_EXTREMA_NOT_EXTRAPOLATION_PERMISSION,FIXED
oneD_v2_dbtt_R_3e168d9381eafa7b,3e168d9381eafa7b2c41022459483033f17ec54892536368fc6a8feb98f57e84,DBTT,peierls_exp_n,1.871259921230376,dimensionless,FIXED_IN_FOCUSED_SEARCH,1.871259921230376,1.871259921230376,OBSERVED_EVALUATED_POPULATION_EXTREMA_NOT_EXTRAPOLATION_PERMISSION,FIXED
oneD_v2_dbtt_R_3e168d9381eafa7b,3e168d9381eafa7b2c41022459483033f17ec54892536368fc6a8feb98f57e84,DBTT,peierls_nu0_s,1000000000000.0,s^-1,FIXED_IN_FOCUSED_SEARCH,1000000000000.0,1000000000000.0,OBSERVED_EVALUATED_POPULATION_EXTREMA_NOT_EXTRAPOLATION_PERMISSION,FIXED
oneD_v2_dbtt_R_3e168d9381eafa7b,3e168d9381eafa7b2c41022459483033f17ec54892536368fc6a8feb98f57e84,DBTT,taylor_H0_eV,2.015847710740593,eV,LOG10_MULTIPLICATIVE_AROUND_CONTROL_PLUS_DIRECTED_AND_MORPH_ROWS,0.4374451222461706,2.472370506471178,OBSERVED_EVALUATED_POPULATION_EXTREMA_NOT_EXTRAPOLATION_PERMISSION,ACTIVE_SEARCHED_OR_ARCHIVED_MORPH
oneD_v2_dbtt_R_3e168d9381eafa7b,3e168d9381eafa7b2c41022459483033f17ec54892536368fc6a8feb98f57e84,DBTT,taylor_activation_entropy_kB,23.270689490176842,dimensionless,SIGNED_ADDITIVE_AROUND_CONTROL_PLUS_DIRECTED_AND_MORPH_ROWS,2.7084908448159695,49.98485553432123,OBSERVED_EVALUATED_POPULATION_EXTREMA_NOT_EXTRAPOLATION_PERMISSION,ACTIVE_SEARCHED_OR_ARCHIVED_MORPH
oneD_v2_dbtt_R_3e168d9381eafa7b,3e168d9381eafa7b2c41022459483033f17ec54892536368fc6a8feb98f57e84,DBTT,taylor_exp_a,0.7048910272121429,dimensionless,FIXED_IN_FOCUSED_SEARCH,0.7048910272121429,0.7048910272121429,OBSERVED_EVALUATED_POPULATION_EXTREMA_NOT_EXTRAPOLATION_PERMISSION,FIXED
oneD_v2_dbtt_R_3e168d9381eafa7b,3e168d9381eafa7b2c41022459483033f17ec54892536368fc6a8feb98f57e84,DBTT,taylor_exp_n,0.5389550719410181,dimensionless,FIXED_IN_FOCUSED_SEARCH,0.5389550719410181,0.5389550719410181,OBSERVED_EVALUATED_POPULATION_EXTREMA_NOT_EXTRAPOLATION_PERMISSION,FIXED
oneD_v2_dbtt_R_3e168d9381eafa7b,3e168d9381eafa7b2c41022459483033f17ec54892536368fc6a8feb98f57e84,DBTT,taylor_nu0_s,100000000000.0,s^-1,FIXED_IN_FOCUSED_SEARCH,100000000000.0,100000000000.0,OBSERVED_EVALUATED_POPULATION_EXTREMA_NOT_EXTRAPOLATION_PERMISSION,FIXED
oneD_v2_dbtt_R_3e168d9381eafa7b,3e168d9381eafa7b2c41022459483033f17ec54892536368fc6a8feb98f57e84,DBTT,rho_source0_m2,1638799274225960.0,m^-2,LOG10_MULTIPLICATIVE_AROUND_CONTROL_PLUS_DIRECTED_AND_MORPH_ROWS,24807485494445.152,6231585698771533.0,OBSERVED_EVALUATED_POPULATION_EXTREMA_NOT_EXTRAPOLATION_PERMISSION,ACTIVE_SEARCHED_OR_ARCHIVED_MORPH
oneD_v2_dbtt_R_3e168d9381eafa7b,3e168d9381eafa7b2c41022459483033f17ec54892536368fc6a8feb98f57e84,DBTT,taylor_corr_rho_c_m2,8499168604938.201,m^-2,LOG10_MULTIPLICATIVE_AROUND_CONTROL_PLUS_DIRECTED_AND_MORPH_ROWS,1576167365371.657,4282219954775941.0,OBSERVED_EVALUATED_POPULATION_EXTREMA_NOT_EXTRAPOLATION_PERMISSION,ACTIVE_SEARCHED_OR_ARCHIVED_MORPH
oneD_v2_dbtt_R_3e168d9381eafa7b,3e168d9381eafa7b2c41022459483033f17ec54892536368fc6a8feb98f57e84,DBTT,taylor_corr_scale,1.0957499917164737,dimensionless,LOG10_MULTIPLICATIVE_AROUND_CONTROL_PLUS_DIRECTED_AND_MORPH_ROWS,0.3430759927708866,2.770513189284223,OBSERVED_EVALUATED_POPULATION_EXTREMA_NOT_EXTRAPOLATION_PERMISSION,ACTIVE_SEARCHED_OR_ARCHIVED_MORPH
oneD_v2_dbtt_R_3e168d9381eafa7b,3e168d9381eafa7b2c41022459483033f17ec54892536368fc6a8feb98f57e84,DBTT,c_blunt,4.192391373105451,dimensionless,LOG10_MULTIPLICATIVE_AROUND_CONTROL_PLUS_DIRECTED_AND_MORPH_ROWS,1.0776162722416116,7.318183428715671,OBSERVED_EVALUATED_POPULATION_EXTREMA_NOT_EXTRAPOLATION_PERMISSION,ACTIVE_SEARCHED_OR_ARCHIVED_MORPH
oneD_v2_dbtt_R_41a3f2096b3c4c54,41a3f2096b3c4c542d57f9e11a9e93839ec2b2fb01474fae92a5dc82c749846a,DBTT,Tref_K,481.33,K,FIXED_IN_FOCUSED_SEARCH,481.33,481.33,OBSERVED_EVALUATED_POPULATION_EXTREMA_NOT_EXTRAPOLATION_PERMISSION,FIXED
oneD_v2_dbtt_R_41a3f2096b3c4c54,41a3f2096b3c4c542d57f9e11a9e93839ec2b2fb01474fae92a5dc82c749846a,DBTT,cleave_G00_eV,4.007504452156887,eV,LOG10_MULTIPLICATIVE_AROUND_CONTROL_PLUS_DIRECTED_AND_MORPH_ROWS,1.3661294618621005,4.088341932426187,OBSERVED_EVALUATED_POPULATION_EXTREMA_NOT_EXTRAPOLATION_PERMISSION,ACTIVE_SEARCHED_OR_ARCHIVED_MORPH
oneD_v2_dbtt_R_41a3f2096b3c4c54,41a3f2096b3c4c542d57f9e11a9e93839ec2b2fb01474fae92a5dc82c749846a,DBTT,cleave_gT_eV_per_K,0.006942799286286851,K,SIGNED_ADDITIVE_AROUND_CONTROL_PLUS_DIRECTED_AND_MORPH_ROWS,0.002268368939134249,0.008931572897448769,OBSERVED_EVALUATED_POPULATION_EXTREMA_NOT_EXTRAPOLATION_PERMISSION,ACTIVE_SEARCHED_OR_ARCHIVED_MORPH
oneD_v2_dbtt_R_41a3f2096b3c4c54,41a3f2096b3c4c542d57f9e11a9e93839ec2b2fb01474fae92a5dc82c749846a,DBTT,cleave_sigc0_GPa,8.360241935601817,GPa,LOG10_MULTIPLICATIVE_AROUND_CONTROL_PLUS_DIRECTED_AND_MORPH_ROWS,4.097725009419965,11.16820414360279,OBSERVED_EVALUATED_POPULATION_EXTREMA_NOT_EXTRAPOLATION_PERMISSION,ACTIVE_SEARCHED_OR_ARCHIVED_MORPH
oneD_v2_dbtt_R_41a3f2096b3c4c54,41a3f2096b3c4c542d57f9e11a9e93839ec2b2fb01474fae92a5dc82c749846a,DBTT,cleave_sT_GPa_per_K,-0.0016160295711114252,K,SIGNED_ADDITIVE_AROUND_CONTROL_PLUS_DIRECTED_AND_MORPH_ROWS,-0.0024876615358664362,0.00307726434199135,OBSERVED_EVALUATED_POPULATION_EXTREMA_NOT_EXTRAPOLATION_PERMISSION,ACTIVE_SEARCHED_OR_ARCHIVED_MORPH
oneD_v2_dbtt_R_41a3f2096b3c4c54,41a3f2096b3c4c542d57f9e11a9e93839ec2b2fb01474fae92a5dc82c749846a,DBTT,cleave_exp_a,0.6043367277176193,dimensionless,LOG10_MULTIPLICATIVE_AROUND_CONTROL_PLUS_DIRECTED_AND_MORPH_ROWS,0.1752833570144279,0.848760412610794,OBSERVED_EVALUATED_POPULATION_EXTREMA_NOT_EXTRAPOLATION_PERMISSION,ACTIVE_SEARCHED_OR_ARCHIVED_MORPH
oneD_v2_dbtt_R_41a3f2096b3c4c54,41a3f2096b3c4c542d57f9e11a9e93839ec2b2fb01474fae92a5dc82c749846a,DBTT,cleave_exp_n,1.9095946646132131,dimensionless,LOG10_MULTIPLICATIVE_AROUND_CONTROL_PLUS_DIRECTED_AND_MORPH_ROWS,1.2032811342047471,3.945134818293807,OBSERVED_EVALUATED_POPULATION_EXTREMA_NOT_EXTRAPOLATION_PERMISSION,ACTIVE_SEARCHED_OR_ARCHIVED_MORPH
oneD_v2_dbtt_R_41a3f2096b3c4c54,41a3f2096b3c4c542d57f9e11a9e93839ec2b2fb01474fae92a5dc82c749846a,DBTT,cleave_floor_frac,0.026239358201278,dimensionless,FIXED_IN_FOCUSED_SEARCH,0.026239358201278,0.026239358201278,OBSERVED_EVALUATED_POPULATION_EXTREMA_NOT_EXTRAPOLATION_PERMISSION,FIXED
oneD_v2_dbtt_R_41a3f2096b3c4c54,41a3f2096b3c4c542d57f9e11a9e93839ec2b2fb01474fae92a5dc82c749846a,DBTT,emit_G00_eV,1.8166606059784953,eV,LOG10_MULTIPLICATIVE_AROUND_CONTROL_PLUS_DIRECTED_AND_MORPH_ROWS,1.7603579627164792,6.3475485376683976,OBSERVED_EVALUATED_POPULATION_EXTREMA_NOT_EXTRAPOLATION_PERMISSION,ACTIVE_SEARCHED_OR_ARCHIVED_MORPH
oneD_v2_dbtt_R_41a3f2096b3c4c54,41a3f2096b3c4c542d57f9e11a9e93839ec2b2fb01474fae92a5dc82c749846a,DBTT,emit_gT_eV_per_K,0.004204833256592207,K,SIGNED_ADDITIVE_AROUND_CONTROL_PLUS_DIRECTED_AND_MORPH_ROWS,0.0016550063225440998,0.009859655792548112,OBSERVED_EVALUATED_POPULATION_EXTREMA_NOT_EXTRAPOLATION_PERMISSION,ACTIVE_SEARCHED_OR_ARCHIVED_MORPH
oneD_v2_dbtt_R_41a3f2096b3c4c54,41a3f2096b3c4c542d57f9e11a9e93839ec2b2fb01474fae92a5dc82c749846a,DBTT,emit_sigc0_GPa,1.6053189556219989,GPa,LOG10_MULTIPLICATIVE_AROUND_CONTROL_PLUS_DIRECTED_AND_MORPH_ROWS,1.2535612139585792,5.907084640718761,OBSERVED_EVALUATED_POPULATION_EXTREMA_NOT_EXTRAPOLATION_PERMISSION,ACTIVE_SEARCHED_OR_ARCHIVED_MORPH
oneD_v2_dbtt_R_41a3f2096b3c4c54,41a3f2096b3c4c542d57f9e11a9e93839ec2b2fb01474fae92a5dc82c749846a,DBTT,emit_sT_GPa_per_K,-0.0032880370993267818,K,SIGNED_ADDITIVE_AROUND_CONTROL_PLUS_DIRECTED_AND_MORPH_ROWS,-0.00834500286986884,0.00235836699511855,OBSERVED_EVALUATED_POPULATION_EXTREMA_NOT_EXTRAPOLATION_PERMISSION,ACTIVE_SEARCHED_OR_ARCHIVED_MORPH
oneD_v2_dbtt_R_41a3f2096b3c4c54,41a3f2096b3c4c542d57f9e11a9e93839ec2b2fb01474fae92a5dc82c749846a,DBTT,emit_exp_a,0.11448767396823127,dimensionless,LOG10_MULTIPLICATIVE_AROUND_CONTROL_PLUS_DIRECTED_AND_MORPH_ROWS,0.09495684507018155,0.43713746867803693,OBSERVED_EVALUATED_POPULATION_EXTREMA_NOT_EXTRAPOLATION_PERMISSION,ACTIVE_SEARCHED_OR_ARCHIVED_MORPH
oneD_v2_dbtt_R_41a3f2096b3c4c54,41a3f2096b3c4c542d57f9e11a9e93839ec2b2fb01474fae92a5dc82c749846a,DBTT,emit_exp_n,0.40270261362646065,dimensionless,LOG10_MULTIPLICATIVE_AROUND_CONTROL_PLUS_DIRECTED_AND_MORPH_ROWS,0.31279428560708195,1.1133888408447044,OBSERVED_EVALUATED_POPULATION_EXTREMA_NOT_EXTRAPOLATION_PERMISSION,ACTIVE_SEARCHED_OR_ARCHIVED_MORPH
oneD_v2_dbtt_R_41a3f2096b3c4c54,41a3f2096b3c4c542d57f9e11a9e93839ec2b2fb01474fae92a5dc82c749846a,DBTT,emit_floor_frac,0.0103682254353579,dimensionless,FIXED_IN_FOCUSED_SEARCH,0.0103682254353579,0.0103682254353579,OBSERVED_EVALUATED_POPULATION_EXTREMA_NOT_EXTRAPOLATION_PERMISSION,FIXED
oneD_v2_dbtt_R_41a3f2096b3c4c54,41a3f2096b3c4c542d57f9e11a9e93839ec2b2fb01474fae92a5dc82c749846a,DBTT,peierls_H0_eV,2.3879454445046577,eV,LOG10_MULTIPLICATIVE_AROUND_CONTROL_PLUS_DIRECTED_AND_MORPH_ROWS,1.8216675358801595,5.848027537727703,OBSERVED_EVALUATED_POPULATION_EXTREMA_NOT_EXTRAPOLATION_PERMISSION,ACTIVE_SEARCHED_OR_ARCHIVED_MORPH
oneD_v2_dbtt_R_41a3f2096b3c4c54,41a3f2096b3c4c542d57f9e11a9e93839ec2b2fb01474fae92a5dc82c749846a,DBTT,peierls_activation_entropy_kB,-32.81218505381737,dimensionless,SIGNED_ADDITIVE_AROUND_CONTROL_PLUS_DIRECTED_AND_MORPH_ROWS,-57.82066778301595,-9.754573600366712,OBSERVED_EVALUATED_POPULATION_EXTREMA_NOT_EXTRAPOLATION_PERMISSION,ACTIVE_SEARCHED_OR_ARCHIVED_MORPH
oneD_v2_dbtt_R_41a3f2096b3c4c54,41a3f2096b3c4c542d57f9e11a9e93839ec2b2fb01474fae92a5dc82c749846a,DBTT,peierls_exp_a,1.448395521938801,dimensionless,FIXED_IN_FOCUSED_SEARCH,1.448395521938801,1.448395521938801,OBSERVED_EVALUATED_POPULATION_EXTREMA_NOT_EXTRAPOLATION_PERMISSION,FIXED
oneD_v2_dbtt_R_41a3f2096b3c4c54,41a3f2096b3c4c542d57f9e11a9e93839ec2b2fb01474fae92a5dc82c749846a,DBTT,peierls_exp_n,1.871259921230376,dimensionless,FIXED_IN_FOCUSED_SEARCH,1.871259921230376,1.871259921230376,OBSERVED_EVALUATED_POPULATION_EXTREMA_NOT_EXTRAPOLATION_PERMISSION,FIXED
oneD_v2_dbtt_R_41a3f2096b3c4c54,41a3f2096b3c4c542d57f9e11a9e93839ec2b2fb01474fae92a5dc82c749846a,DBTT,peierls_nu0_s,1000000000000.0,s^-1,FIXED_IN_FOCUSED_SEARCH,1000000000000.0,1000000000000.0,OBSERVED_EVALUATED_POPULATION_EXTREMA_NOT_EXTRAPOLATION_PERMISSION,FIXED
oneD_v2_dbtt_R_41a3f2096b3c4c54,41a3f2096b3c4c542d57f9e11a9e93839ec2b2fb01474fae92a5dc82c749846a,DBTT,taylor_H0_eV,1.457630727567303,eV,LOG10_MULTIPLICATIVE_AROUND_CONTROL_PLUS_DIRECTED_AND_MORPH_ROWS,0.4374451222461706,2.472370506471178,OBSERVED_EVALUATED_POPULATION_EXTREMA_NOT_EXTRAPOLATION_PERMISSION,ACTIVE_SEARCHED_OR_ARCHIVED_MORPH
oneD_v2_dbtt_R_41a3f2096b3c4c54,41a3f2096b3c4c542d57f9e11a9e93839ec2b2fb01474fae92a5dc82c749846a,DBTT,taylor_activation_entropy_kB,20.263495782908194,dimensionless,SIGNED_ADDITIVE_AROUND_CONTROL_PLUS_DIRECTED_AND_MORPH_ROWS,2.7084908448159695,49.98485553432123,OBSERVED_EVALUATED_POPULATION_EXTREMA_NOT_EXTRAPOLATION_PERMISSION,ACTIVE_SEARCHED_OR_ARCHIVED_MORPH
oneD_v2_dbtt_R_41a3f2096b3c4c54,41a3f2096b3c4c542d57f9e11a9e93839ec2b2fb01474fae92a5dc82c749846a,DBTT,taylor_exp_a,0.7048910272121429,dimensionless,FIXED_IN_FOCUSED_SEARCH,0.7048910272121429,0.7048910272121429,OBSERVED_EVALUATED_POPULATION_EXTREMA_NOT_EXTRAPOLATION_PERMISSION,FIXED
oneD_v2_dbtt_R_41a3f2096b3c4c54,41a3f2096b3c4c542d57f9e11a9e93839ec2b2fb01474fae92a5dc82c749846a,DBTT,taylor_exp_n,0.5389550719410181,dimensionless,FIXED_IN_FOCUSED_SEARCH,0.5389550719410181,0.5389550719410181,OBSERVED_EVALUATED_POPULATION_EXTREMA_NOT_EXTRAPOLATION_PERMISSION,FIXED
oneD_v2_dbtt_R_41a3f2096b3c4c54,41a3f2096b3c4c542d57f9e11a9e93839ec2b2fb01474fae92a5dc82c749846a,DBTT,taylor_nu0_s,100000000000.0,s^-1,FIXED_IN_FOCUSED_SEARCH,100000000000.0,100000000000.0,OBSERVED_EVALUATED_POPULATION_EXTREMA_NOT_EXTRAPOLATION_PERMISSION,FIXED
oneD_v2_dbtt_R_41a3f2096b3c4c54,41a3f2096b3c4c542d57f9e11a9e93839ec2b2fb01474fae92a5dc82c749846a,DBTT,rho_source0_m2,833669371892378.8,m^-2,LOG10_MULTIPLICATIVE_AROUND_CONTROL_PLUS_DIRECTED_AND_MORPH_ROWS,24807485494445.152,6231585698771533.0,OBSERVED_EVALUATED_POPULATION_EXTREMA_NOT_EXTRAPOLATION_PERMISSION,ACTIVE_SEARCHED_OR_ARCHIVED_MORPH
oneD_v2_dbtt_R_41a3f2096b3c4c54,41a3f2096b3c4c542d57f9e11a9e93839ec2b2fb01474fae92a5dc82c749846a,DBTT,taylor_corr_rho_c_m2,11312418841670.295,m^-2,LOG10_MULTIPLICATIVE_AROUND_CONTROL_PLUS_DIRECTED_AND_MORPH_ROWS,1576167365371.657,4282219954775941.0,OBSERVED_EVALUATED_POPULATION_EXTREMA_NOT_EXTRAPOLATION_PERMISSION,ACTIVE_SEARCHED_OR_ARCHIVED_MORPH
oneD_v2_dbtt_R_41a3f2096b3c4c54,41a3f2096b3c4c542d57f9e11a9e93839ec2b2fb01474fae92a5dc82c749846a,DBTT,taylor_corr_scale,0.8664327725571279,dimensionless,LOG10_MULTIPLICATIVE_AROUND_CONTROL_PLUS_DIRECTED_AND_MORPH_ROWS,0.3430759927708866,2.770513189284223,OBSERVED_EVALUATED_POPULATION_EXTREMA_NOT_EXTRAPOLATION_PERMISSION,ACTIVE_SEARCHED_OR_ARCHIVED_MORPH
oneD_v2_dbtt_R_41a3f2096b3c4c54,41a3f2096b3c4c542d57f9e11a9e93839ec2b2fb01474fae92a5dc82c749846a,DBTT,c_blunt,2.774974377285394,dimensionless,LOG10_MULTIPLICATIVE_AROUND_CONTROL_PLUS_DIRECTED_AND_MORPH_ROWS,1.0776162722416116,7.318183428715671,OBSERVED_EVALUATED_POPULATION_EXTREMA_NOT_EXTRAPOLATION_PERMISSION,ACTIVE_SEARCHED_OR_ARCHIVED_MORPH
oneD_v2_dbtt_R_43d826d529194456,43d826d529194456ab1e475a10f1dd3d159398d908651933a74c7f1f630f6cfa,DBTT,Tref_K,481.33,K,FIXED_IN_FOCUSED_SEARCH,481.33,481.33,OBSERVED_EVALUATED_POPULATION_EXTREMA_NOT_EXTRAPOLATION_PERMISSION,FIXED
oneD_v2_dbtt_R_43d826d529194456,43d826d529194456ab1e475a10f1dd3d159398d908651933a74c7f1f630f6cfa,DBTT,cleave_G00_eV,2.0962107234031446,eV,LOG10_MULTIPLICATIVE_AROUND_CONTROL_PLUS_DIRECTED_AND_MORPH_ROWS,1.3661294618621005,4.088341932426187,OBSERVED_EVALUATED_POPULATION_EXTREMA_NOT_EXTRAPOLATION_PERMISSION,ACTIVE_SEARCHED_OR_ARCHIVED_MORPH
oneD_v2_dbtt_R_43d826d529194456,43d826d529194456ab1e475a10f1dd3d159398d908651933a74c7f1f630f6cfa,DBTT,cleave_gT_eV_per_K,0.0043467132608723145,K,SIGNED_ADDITIVE_AROUND_CONTROL_PLUS_DIRECTED_AND_MORPH_ROWS,0.002268368939134249,0.008931572897448769,OBSERVED_EVALUATED_POPULATION_EXTREMA_NOT_EXTRAPOLATION_PERMISSION,ACTIVE_SEARCHED_OR_ARCHIVED_MORPH
oneD_v2_dbtt_R_43d826d529194456,43d826d529194456ab1e475a10f1dd3d159398d908651933a74c7f1f630f6cfa,DBTT,cleave_sigc0_GPa,4.945688317203719,GPa,LOG10_MULTIPLICATIVE_AROUND_CONTROL_PLUS_DIRECTED_AND_MORPH_ROWS,4.097725009419965,11.16820414360279,OBSERVED_EVALUATED_POPULATION_EXTREMA_NOT_EXTRAPOLATION_PERMISSION,ACTIVE_SEARCHED_OR_ARCHIVED_MORPH
oneD_v2_dbtt_R_43d826d529194456,43d826d529194456ab1e475a10f1dd3d159398d908651933a74c7f1f630f6cfa,DBTT,cleave_sT_GPa_per_K,-0.0018616675928527073,K,SIGNED_ADDITIVE_AROUND_CONTROL_PLUS_DIRECTED_AND_MORPH_ROWS,-0.0024876615358664362,0.00307726434199135,OBSERVED_EVALUATED_POPULATION_EXTREMA_NOT_EXTRAPOLATION_PERMISSION,ACTIVE_SEARCHED_OR_ARCHIVED_MORPH
oneD_v2_dbtt_R_43d826d529194456,43d826d529194456ab1e475a10f1dd3d159398d908651933a74c7f1f630f6cfa,DBTT,cleave_exp_a,0.36871774193655893,dimensionless,LOG10_MULTIPLICATIVE_AROUND_CONTROL_PLUS_DIRECTED_AND_MORPH_ROWS,0.1752833570144279,0.848760412610794,OBSERVED_EVALUATED_POPULATION_EXTREMA_NOT_EXTRAPOLATION_PERMISSION,ACTIVE_SEARCHED_OR_ARCHIVED_MORPH
oneD_v2_dbtt_R_43d826d529194456,43d826d529194456ab1e475a10f1dd3d159398d908651933a74c7f1f630f6cfa,DBTT,cleave_exp_n,3.1554225395635447,dimensionless,LOG10_MULTIPLICATIVE_AROUND_CONTROL_PLUS_DIRECTED_AND_MORPH_ROWS,1.2032811342047471,3.945134818293807,OBSERVED_EVALUATED_POPULATION_EXTREMA_NOT_EXTRAPOLATION_PERMISSION,ACTIVE_SEARCHED_OR_ARCHIVED_MORPH
oneD_v2_dbtt_R_43d826d529194456,43d826d529194456ab1e475a10f1dd3d159398d908651933a74c7f1f630f6cfa,DBTT,cleave_floor_frac,0.026239358201278,dimensionless,FIXED_IN_FOCUSED_SEARCH,0.026239358201278,0.026239358201278,OBSERVED_EVALUATED_POPULATION_EXTREMA_NOT_EXTRAPOLATION_PERMISSION,FIXED
oneD_v2_dbtt_R_43d826d529194456,43d826d529194456ab1e475a10f1dd3d159398d908651933a74c7f1f630f6cfa,DBTT,emit_G00_eV,6.0497561160963285,eV,LOG10_MULTIPLICATIVE_AROUND_CONTROL_PLUS_DIRECTED_AND_MORPH_ROWS,1.7603579627164792,6.3475485376683976,OBSERVED_EVALUATED_POPULATION_EXTREMA_NOT_EXTRAPOLATION_PERMISSION,ACTIVE_SEARCHED_OR_ARCHIVED_MORPH
oneD_v2_dbtt_R_43d826d529194456,43d826d529194456ab1e475a10f1dd3d159398d908651933a74c7f1f630f6cfa,DBTT,emit_gT_eV_per_K,0.0037964425100930938,K,SIGNED_ADDITIVE_AROUND_CONTROL_PLUS_DIRECTED_AND_MORPH_ROWS,0.0016550063225440998,0.009859655792548112,OBSERVED_EVALUATED_POPULATION_EXTREMA_NOT_EXTRAPOLATION_PERMISSION,ACTIVE_SEARCHED_OR_ARCHIVED_MORPH
oneD_v2_dbtt_R_43d826d529194456,43d826d529194456ab1e475a10f1dd3d159398d908651933a74c7f1f630f6cfa,DBTT,emit_sigc0_GPa,4.276443882273792,GPa,LOG10_MULTIPLICATIVE_AROUND_CONTROL_PLUS_DIRECTED_AND_MORPH_ROWS,1.2535612139585792,5.907084640718761,OBSERVED_EVALUATED_POPULATION_EXTREMA_NOT_EXTRAPOLATION_PERMISSION,ACTIVE_SEARCHED_OR_ARCHIVED_MORPH
oneD_v2_dbtt_R_43d826d529194456,43d826d529194456ab1e475a10f1dd3d159398d908651933a74c7f1f630f6cfa,DBTT,emit_sT_GPa_per_K,-0.0033740475855750926,K,SIGNED_ADDITIVE_AROUND_CONTROL_PLUS_DIRECTED_AND_MORPH_ROWS,-0.00834500286986884,0.00235836699511855,OBSERVED_EVALUATED_POPULATION_EXTREMA_NOT_EXTRAPOLATION_PERMISSION,ACTIVE_SEARCHED_OR_ARCHIVED_MORPH
oneD_v2_dbtt_R_43d826d529194456,43d826d529194456ab1e475a10f1dd3d159398d908651933a74c7f1f630f6cfa,DBTT,emit_exp_a,0.11824566549178353,dimensionless,LOG10_MULTIPLICATIVE_AROUND_CONTROL_PLUS_DIRECTED_AND_MORPH_ROWS,0.09495684507018155,0.43713746867803693,OBSERVED_EVALUATED_POPULATION_EXTREMA_NOT_EXTRAPOLATION_PERMISSION,ACTIVE_SEARCHED_OR_ARCHIVED_MORPH
oneD_v2_dbtt_R_43d826d529194456,43d826d529194456ab1e475a10f1dd3d159398d908651933a74c7f1f630f6cfa,DBTT,emit_exp_n,0.3527154620584654,dimensionless,LOG10_MULTIPLICATIVE_AROUND_CONTROL_PLUS_DIRECTED_AND_MORPH_ROWS,0.31279428560708195,1.1133888408447044,OBSERVED_EVALUATED_POPULATION_EXTREMA_NOT_EXTRAPOLATION_PERMISSION,ACTIVE_SEARCHED_OR_ARCHIVED_MORPH
oneD_v2_dbtt_R_43d826d529194456,43d826d529194456ab1e475a10f1dd3d159398d908651933a74c7f1f630f6cfa,DBTT,emit_floor_frac,0.0103682254353579,dimensionless,FIXED_IN_FOCUSED_SEARCH,0.0103682254353579,0.0103682254353579,OBSERVED_EVALUATED_POPULATION_EXTREMA_NOT_EXTRAPOLATION_PERMISSION,FIXED
oneD_v2_dbtt_R_43d826d529194456,43d826d529194456ab1e475a10f1dd3d159398d908651933a74c7f1f630f6cfa,DBTT,peierls_H0_eV,2.4325394255829367,eV,LOG10_MULTIPLICATIVE_AROUND_CONTROL_PLUS_DIRECTED_AND_MORPH_ROWS,1.8216675358801595,5.848027537727703,OBSERVED_EVALUATED_POPULATION_EXTREMA_NOT_EXTRAPOLATION_PERMISSION,ACTIVE_SEARCHED_OR_ARCHIVED_MORPH
oneD_v2_dbtt_R_43d826d529194456,43d826d529194456ab1e475a10f1dd3d159398d908651933a74c7f1f630f6cfa,DBTT,peierls_activation_entropy_kB,-17.047228378026855,dimensionless,SIGNED_ADDITIVE_AROUND_CONTROL_PLUS_DIRECTED_AND_MORPH_ROWS,-57.82066778301595,-9.754573600366712,OBSERVED_EVALUATED_POPULATION_EXTREMA_NOT_EXTRAPOLATION_PERMISSION,ACTIVE_SEARCHED_OR_ARCHIVED_MORPH
oneD_v2_dbtt_R_43d826d529194456,43d826d529194456ab1e475a10f1dd3d159398d908651933a74c7f1f630f6cfa,DBTT,peierls_exp_a,1.448395521938801,dimensionless,FIXED_IN_FOCUSED_SEARCH,1.448395521938801,1.448395521938801,OBSERVED_EVALUATED_POPULATION_EXTREMA_NOT_EXTRAPOLATION_PERMISSION,FIXED
oneD_v2_dbtt_R_43d826d529194456,43d826d529194456ab1e475a10f1dd3d159398d908651933a74c7f1f630f6cfa,DBTT,peierls_exp_n,1.871259921230376,dimensionless,FIXED_IN_FOCUSED_SEARCH,1.871259921230376,1.871259921230376,OBSERVED_EVALUATED_POPULATION_EXTREMA_NOT_EXTRAPOLATION_PERMISSION,FIXED
oneD_v2_dbtt_R_43d826d529194456,43d826d529194456ab1e475a10f1dd3d159398d908651933a74c7f1f630f6cfa,DBTT,peierls_nu0_s,1000000000000.0,s^-1,FIXED_IN_FOCUSED_SEARCH,1000000000000.0,1000000000000.0,OBSERVED_EVALUATED_POPULATION_EXTREMA_NOT_EXTRAPOLATION_PERMISSION,FIXED
oneD_v2_dbtt_R_43d826d529194456,43d826d529194456ab1e475a10f1dd3d159398d908651933a74c7f1f630f6cfa,DBTT,taylor_H0_eV,0.9973765760800004,eV,LOG10_MULTIPLICATIVE_AROUND_CONTROL_PLUS_DIRECTED_AND_MORPH_ROWS,0.4374451222461706,2.472370506471178,OBSERVED_EVALUATED_POPULATION_EXTREMA_NOT_EXTRAPOLATION_PERMISSION,ACTIVE_SEARCHED_OR_ARCHIVED_MORPH
oneD_v2_dbtt_R_43d826d529194456,43d826d529194456ab1e475a10f1dd3d159398d908651933a74c7f1f630f6cfa,DBTT,taylor_activation_entropy_kB,26.51321574933997,dimensionless,SIGNED_ADDITIVE_AROUND_CONTROL_PLUS_DIRECTED_AND_MORPH_ROWS,2.7084908448159695,49.98485553432123,OBSERVED_EVALUATED_POPULATION_EXTREMA_NOT_EXTRAPOLATION_PERMISSION,ACTIVE_SEARCHED_OR_ARCHIVED_MORPH
oneD_v2_dbtt_R_43d826d529194456,43d826d529194456ab1e475a10f1dd3d159398d908651933a74c7f1f630f6cfa,DBTT,taylor_exp_a,0.7048910272121429,dimensionless,FIXED_IN_FOCUSED_SEARCH,0.7048910272121429,0.7048910272121429,OBSERVED_EVALUATED_POPULATION_EXTREMA_NOT_EXTRAPOLATION_PERMISSION,FIXED
oneD_v2_dbtt_R_43d826d529194456,43d826d529194456ab1e475a10f1dd3d159398d908651933a74c7f1f630f6cfa,DBTT,taylor_exp_n,0.5389550719410181,dimensionless,FIXED_IN_FOCUSED_SEARCH,0.5389550719410181,0.5389550719410181,OBSERVED_EVALUATED_POPULATION_EXTREMA_NOT_EXTRAPOLATION_PERMISSION,FIXED
oneD_v2_dbtt_R_43d826d529194456,43d826d529194456ab1e475a10f1dd3d159398d908651933a74c7f1f630f6cfa,DBTT,taylor_nu0_s,100000000000.0,s^-1,FIXED_IN_FOCUSED_SEARCH,100000000000.0,100000000000.0,OBSERVED_EVALUATED_POPULATION_EXTREMA_NOT_EXTRAPOLATION_PERMISSION,FIXED
oneD_v2_dbtt_R_43d826d529194456,43d826d529194456ab1e475a10f1dd3d159398d908651933a74c7f1f630f6cfa,DBTT,rho_source0_m2,785864027105920.9,m^-2,LOG10_MULTIPLICATIVE_AROUND_CONTROL_PLUS_DIRECTED_AND_MORPH_ROWS,24807485494445.152,6231585698771533.0,OBSERVED_EVALUATED_POPULATION_EXTREMA_NOT_EXTRAPOLATION_PERMISSION,ACTIVE_SEARCHED_OR_ARCHIVED_MORPH
oneD_v2_dbtt_R_43d826d529194456,43d826d529194456ab1e475a10f1dd3d159398d908651933a74c7f1f630f6cfa,DBTT,taylor_corr_rho_c_m2,54518825035218.77,m^-2,LOG10_MULTIPLICATIVE_AROUND_CONTROL_PLUS_DIRECTED_AND_MORPH_ROWS,1576167365371.657,4282219954775941.0,OBSERVED_EVALUATED_POPULATION_EXTREMA_NOT_EXTRAPOLATION_PERMISSION,ACTIVE_SEARCHED_OR_ARCHIVED_MORPH
oneD_v2_dbtt_R_43d826d529194456,43d826d529194456ab1e475a10f1dd3d159398d908651933a74c7f1f630f6cfa,DBTT,taylor_corr_scale,2.5812979351887053,dimensionless,LOG10_MULTIPLICATIVE_AROUND_CONTROL_PLUS_DIRECTED_AND_MORPH_ROWS,0.3430759927708866,2.770513189284223,OBSERVED_EVALUATED_POPULATION_EXTREMA_NOT_EXTRAPOLATION_PERMISSION,ACTIVE_SEARCHED_OR_ARCHIVED_MORPH
oneD_v2_dbtt_R_43d826d529194456,43d826d529194456ab1e475a10f1dd3d159398d908651933a74c7f1f630f6cfa,DBTT,c_blunt,2.179012988123429,dimensionless,LOG10_MULTIPLICATIVE_AROUND_CONTROL_PLUS_DIRECTED_AND_MORPH_ROWS,1.0776162722416116,7.318183428715671,OBSERVED_EVALUATED_POPULATION_EXTREMA_NOT_EXTRAPOLATION_PERMISSION,ACTIVE_SEARCHED_OR_ARCHIVED_MORPH
oneD_v2_dbtt_R_4cb1972f419ed341,4cb1972f419ed341819da4368f375386cf3cdd9296a6041d84ec377940cc1263,DBTT,Tref_K,481.33,K,FIXED_IN_FOCUSED_SEARCH,481.33,481.33,OBSERVED_EVALUATED_POPULATION_EXTREMA_NOT_EXTRAPOLATION_PERMISSION,FIXED
oneD_v2_dbtt_R_4cb1972f419ed341,4cb1972f419ed341819da4368f375386cf3cdd9296a6041d84ec377940cc1263,DBTT,cleave_G00_eV,3.17549504290249,eV,LOG10_MULTIPLICATIVE_AROUND_CONTROL_PLUS_DIRECTED_AND_MORPH_ROWS,1.3661294618621005,4.088341932426187,OBSERVED_EVALUATED_POPULATION_EXTREMA_NOT_EXTRAPOLATION_PERMISSION,ACTIVE_SEARCHED_OR_ARCHIVED_MORPH
oneD_v2_dbtt_R_4cb1972f419ed341,4cb1972f419ed341819da4368f375386cf3cdd9296a6041d84ec377940cc1263,DBTT,cleave_gT_eV_per_K,0.005606620973574181,K,SIGNED_ADDITIVE_AROUND_CONTROL_PLUS_DIRECTED_AND_MORPH_ROWS,0.002268368939134249,0.008931572897448769,OBSERVED_EVALUATED_POPULATION_EXTREMA_NOT_EXTRAPOLATION_PERMISSION,ACTIVE_SEARCHED_OR_ARCHIVED_MORPH
oneD_v2_dbtt_R_4cb1972f419ed341,4cb1972f419ed341819da4368f375386cf3cdd9296a6041d84ec377940cc1263,DBTT,cleave_sigc0_GPa,4.13083068688598,GPa,LOG10_MULTIPLICATIVE_AROUND_CONTROL_PLUS_DIRECTED_AND_MORPH_ROWS,4.097725009419965,11.16820414360279,OBSERVED_EVALUATED_POPULATION_EXTREMA_NOT_EXTRAPOLATION_PERMISSION,ACTIVE_SEARCHED_OR_ARCHIVED_MORPH
oneD_v2_dbtt_R_4cb1972f419ed341,4cb1972f419ed341819da4368f375386cf3cdd9296a6041d84ec377940cc1263,DBTT,cleave_sT_GPa_per_K,-0.0008712512486356433,K,SIGNED_ADDITIVE_AROUND_CONTROL_PLUS_DIRECTED_AND_MORPH_ROWS,-0.0024876615358664362,0.00307726434199135,OBSERVED_EVALUATED_POPULATION_EXTREMA_NOT_EXTRAPOLATION_PERMISSION,ACTIVE_SEARCHED_OR_ARCHIVED_MORPH
oneD_v2_dbtt_R_4cb1972f419ed341,4cb1972f419ed341819da4368f375386cf3cdd9296a6041d84ec377940cc1263,DBTT,cleave_exp_a,0.5972395448834148,dimensionless,LOG10_MULTIPLICATIVE_AROUND_CONTROL_PLUS_DIRECTED_AND_MORPH_ROWS,0.1752833570144279,0.848760412610794,OBSERVED_EVALUATED_POPULATION_EXTREMA_NOT_EXTRAPOLATION_PERMISSION,ACTIVE_SEARCHED_OR_ARCHIVED_MORPH
oneD_v2_dbtt_R_4cb1972f419ed341,4cb1972f419ed341819da4368f375386cf3cdd9296a6041d84ec377940cc1263,DBTT,cleave_exp_n,2.7595992821538404,dimensionless,LOG10_MULTIPLICATIVE_AROUND_CONTROL_PLUS_DIRECTED_AND_MORPH_ROWS,1.2032811342047471,3.945134818293807,OBSERVED_EVALUATED_POPULATION_EXTREMA_NOT_EXTRAPOLATION_PERMISSION,ACTIVE_SEARCHED_OR_ARCHIVED_MORPH
oneD_v2_dbtt_R_4cb1972f419ed341,4cb1972f419ed341819da4368f375386cf3cdd9296a6041d84ec377940cc1263,DBTT,cleave_floor_frac,0.026239358201278,dimensionless,FIXED_IN_FOCUSED_SEARCH,0.026239358201278,0.026239358201278,OBSERVED_EVALUATED_POPULATION_EXTREMA_NOT_EXTRAPOLATION_PERMISSION,FIXED
oneD_v2_dbtt_R_4cb1972f419ed341,4cb1972f419ed341819da4368f375386cf3cdd9296a6041d84ec377940cc1263,DBTT,emit_G00_eV,3.2759524840095264,eV,LOG10_MULTIPLICATIVE_AROUND_CONTROL_PLUS_DIRECTED_AND_MORPH_ROWS,1.7603579627164792,6.3475485376683976,OBSERVED_EVALUATED_POPULATION_EXTREMA_NOT_EXTRAPOLATION_PERMISSION,ACTIVE_SEARCHED_OR_ARCHIVED_MORPH
oneD_v2_dbtt_R_4cb1972f419ed341,4cb1972f419ed341819da4368f375386cf3cdd9296a6041d84ec377940cc1263,DBTT,emit_gT_eV_per_K,0.0039958406829684505,K,SIGNED_ADDITIVE_AROUND_CONTROL_PLUS_DIRECTED_AND_MORPH_ROWS,0.0016550063225440998,0.009859655792548112,OBSERVED_EVALUATED_POPULATION_EXTREMA_NOT_EXTRAPOLATION_PERMISSION,ACTIVE_SEARCHED_OR_ARCHIVED_MORPH
oneD_v2_dbtt_R_4cb1972f419ed341,4cb1972f419ed341819da4368f375386cf3cdd9296a6041d84ec377940cc1263,DBTT,emit_sigc0_GPa,2.1324544973382165,GPa,LOG10_MULTIPLICATIVE_AROUND_CONTROL_PLUS_DIRECTED_AND_MORPH_ROWS,1.2535612139585792,5.907084640718761,OBSERVED_EVALUATED_POPULATION_EXTREMA_NOT_EXTRAPOLATION_PERMISSION,ACTIVE_SEARCHED_OR_ARCHIVED_MORPH
oneD_v2_dbtt_R_4cb1972f419ed341,4cb1972f419ed341819da4368f375386cf3cdd9296a6041d84ec377940cc1263,DBTT,emit_sT_GPa_per_K,-0.006333713777797387,K,SIGNED_ADDITIVE_AROUND_CONTROL_PLUS_DIRECTED_AND_MORPH_ROWS,-0.00834500286986884,0.00235836699511855,OBSERVED_EVALUATED_POPULATION_EXTREMA_NOT_EXTRAPOLATION_PERMISSION,ACTIVE_SEARCHED_OR_ARCHIVED_MORPH
oneD_v2_dbtt_R_4cb1972f419ed341,4cb1972f419ed341819da4368f375386cf3cdd9296a6041d84ec377940cc1263,DBTT,emit_exp_a,0.2118210241144986,dimensionless,LOG10_MULTIPLICATIVE_AROUND_CONTROL_PLUS_DIRECTED_AND_MORPH_ROWS,0.09495684507018155,0.43713746867803693,OBSERVED_EVALUATED_POPULATION_EXTREMA_NOT_EXTRAPOLATION_PERMISSION,ACTIVE_SEARCHED_OR_ARCHIVED_MORPH
oneD_v2_dbtt_R_4cb1972f419ed341,4cb1972f419ed341819da4368f375386cf3cdd9296a6041d84ec377940cc1263,DBTT,emit_exp_n,0.7819502235057875,dimensionless,LOG10_MULTIPLICATIVE_AROUND_CONTROL_PLUS_DIRECTED_AND_MORPH_ROWS,0.31279428560708195,1.1133888408447044,OBSERVED_EVALUATED_POPULATION_EXTREMA_NOT_EXTRAPOLATION_PERMISSION,ACTIVE_SEARCHED_OR_ARCHIVED_MORPH
oneD_v2_dbtt_R_4cb1972f419ed341,4cb1972f419ed341819da4368f375386cf3cdd9296a6041d84ec377940cc1263,DBTT,emit_floor_frac,0.0103682254353579,dimensionless,FIXED_IN_FOCUSED_SEARCH,0.0103682254353579,0.0103682254353579,OBSERVED_EVALUATED_POPULATION_EXTREMA_NOT_EXTRAPOLATION_PERMISSION,FIXED
oneD_v2_dbtt_R_4cb1972f419ed341,4cb1972f419ed341819da4368f375386cf3cdd9296a6041d84ec377940cc1263,DBTT,peierls_H0_eV,5.370608054355001,eV,LOG10_MULTIPLICATIVE_AROUND_CONTROL_PLUS_DIRECTED_AND_MORPH_ROWS,1.8216675358801595,5.848027537727703,OBSERVED_EVALUATED_POPULATION_EXTREMA_NOT_EXTRAPOLATION_PERMISSION,ACTIVE_SEARCHED_OR_ARCHIVED_MORPH
oneD_v2_dbtt_R_4cb1972f419ed341,4cb1972f419ed341819da4368f375386cf3cdd9296a6041d84ec377940cc1263,DBTT,peierls_activation_entropy_kB,-54.87668990685022,dimensionless,SIGNED_ADDITIVE_AROUND_CONTROL_PLUS_DIRECTED_AND_MORPH_ROWS,-57.82066778301595,-9.754573600366712,OBSERVED_EVALUATED_POPULATION_EXTREMA_NOT_EXTRAPOLATION_PERMISSION,ACTIVE_SEARCHED_OR_ARCHIVED_MORPH
oneD_v2_dbtt_R_4cb1972f419ed341,4cb1972f419ed341819da4368f375386cf3cdd9296a6041d84ec377940cc1263,DBTT,peierls_exp_a,1.448395521938801,dimensionless,FIXED_IN_FOCUSED_SEARCH,1.448395521938801,1.448395521938801,OBSERVED_EVALUATED_POPULATION_EXTREMA_NOT_EXTRAPOLATION_PERMISSION,FIXED
oneD_v2_dbtt_R_4cb1972f419ed341,4cb1972f419ed341819da4368f375386cf3cdd9296a6041d84ec377940cc1263,DBTT,peierls_exp_n,1.871259921230376,dimensionless,FIXED_IN_FOCUSED_SEARCH,1.871259921230376,1.871259921230376,OBSERVED_EVALUATED_POPULATION_EXTREMA_NOT_EXTRAPOLATION_PERMISSION,FIXED
oneD_v2_dbtt_R_4cb1972f419ed341,4cb1972f419ed341819da4368f375386cf3cdd9296a6041d84ec377940cc1263,DBTT,peierls_nu0_s,1000000000000.0,s^-1,FIXED_IN_FOCUSED_SEARCH,1000000000000.0,1000000000000.0,OBSERVED_EVALUATED_POPULATION_EXTREMA_NOT_EXTRAPOLATION_PERMISSION,FIXED
oneD_v2_dbtt_R_4cb1972f419ed341,4cb1972f419ed341819da4368f375386cf3cdd9296a6041d84ec377940cc1263,DBTT,taylor_H0_eV,2.2275065600349606,eV,LOG10_MULTIPLICATIVE_AROUND_CONTROL_PLUS_DIRECTED_AND_MORPH_ROWS,0.4374451222461706,2.472370506471178,OBSERVED_EVALUATED_POPULATION_EXTREMA_NOT_EXTRAPOLATION_PERMISSION,ACTIVE_SEARCHED_OR_ARCHIVED_MORPH
oneD_v2_dbtt_R_4cb1972f419ed341,4cb1972f419ed341819da4368f375386cf3cdd9296a6041d84ec377940cc1263,DBTT,taylor_activation_entropy_kB,16.713830761154817,dimensionless,SIGNED_ADDITIVE_AROUND_CONTROL_PLUS_DIRECTED_AND_MORPH_ROWS,2.7084908448159695,49.98485553432123,OBSERVED_EVALUATED_POPULATION_EXTREMA_NOT_EXTRAPOLATION_PERMISSION,ACTIVE_SEARCHED_OR_ARCHIVED_MORPH
oneD_v2_dbtt_R_4cb1972f419ed341,4cb1972f419ed341819da4368f375386cf3cdd9296a6041d84ec377940cc1263,DBTT,taylor_exp_a,0.7048910272121429,dimensionless,FIXED_IN_FOCUSED_SEARCH,0.7048910272121429,0.7048910272121429,OBSERVED_EVALUATED_POPULATION_EXTREMA_NOT_EXTRAPOLATION_PERMISSION,FIXED
oneD_v2_dbtt_R_4cb1972f419ed341,4cb1972f419ed341819da4368f375386cf3cdd9296a6041d84ec377940cc1263,DBTT,taylor_exp_n,0.5389550719410181,dimensionless,FIXED_IN_FOCUSED_SEARCH,0.5389550719410181,0.5389550719410181,OBSERVED_EVALUATED_POPULATION_EXTREMA_NOT_EXTRAPOLATION_PERMISSION,FIXED
oneD_v2_dbtt_R_4cb1972f419ed341,4cb1972f419ed341819da4368f375386cf3cdd9296a6041d84ec377940cc1263,DBTT,taylor_nu0_s,100000000000.0,s^-1,FIXED_IN_FOCUSED_SEARCH,100000000000.0,100000000000.0,OBSERVED_EVALUATED_POPULATION_EXTREMA_NOT_EXTRAPOLATION_PERMISSION,FIXED
oneD_v2_dbtt_R_4cb1972f419ed341,4cb1972f419ed341819da4368f375386cf3cdd9296a6041d84ec377940cc1263,DBTT,rho_source0_m2,737330035245909.9,m^-2,LOG10_MULTIPLICATIVE_AROUND_CONTROL_PLUS_DIRECTED_AND_MORPH_ROWS,24807485494445.152,6231585698771533.0,OBSERVED_EVALUATED_POPULATION_EXTREMA_NOT_EXTRAPOLATION_PERMISSION,ACTIVE_SEARCHED_OR_ARCHIVED_MORPH
oneD_v2_dbtt_R_4cb1972f419ed341,4cb1972f419ed341819da4368f375386cf3cdd9296a6041d84ec377940cc1263,DBTT,taylor_corr_rho_c_m2,8300524421008.366,m^-2,LOG10_MULTIPLICATIVE_AROUND_CONTROL_PLUS_DIRECTED_AND_MORPH_ROWS,1576167365371.657,4282219954775941.0,OBSERVED_EVALUATED_POPULATION_EXTREMA_NOT_EXTRAPOLATION_PERMISSION,ACTIVE_SEARCHED_OR_ARCHIVED_MORPH
oneD_v2_dbtt_R_4cb1972f419ed341,4cb1972f419ed341819da4368f375386cf3cdd9296a6041d84ec377940cc1263,DBTT,taylor_corr_scale,2.4190764073519455,dimensionless,LOG10_MULTIPLICATIVE_AROUND_CONTROL_PLUS_DIRECTED_AND_MORPH_ROWS,0.3430759927708866,2.770513189284223,OBSERVED_EVALUATED_POPULATION_EXTREMA_NOT_EXTRAPOLATION_PERMISSION,ACTIVE_SEARCHED_OR_ARCHIVED_MORPH
oneD_v2_dbtt_R_4cb1972f419ed341,4cb1972f419ed341819da4368f375386cf3cdd9296a6041d84ec377940cc1263,DBTT,c_blunt,1.3684060799416522,dimensionless,LOG10_MULTIPLICATIVE_AROUND_CONTROL_PLUS_DIRECTED_AND_MORPH_ROWS,1.0776162722416116,7.318183428715671,OBSERVED_EVALUATED_POPULATION_EXTREMA_NOT_EXTRAPOLATION_PERMISSION,ACTIVE_SEARCHED_OR_ARCHIVED_MORPH
oneD_v2_dbtt_R_5ccfe8189929a0ac,5ccfe8189929a0ac6b5484e3bc8afd14943ab9d0241e25c7c3c67020c0222bbf,DBTT,Tref_K,481.33,K,FIXED_IN_FOCUSED_SEARCH,481.33,481.33,OBSERVED_EVALUATED_POPULATION_EXTREMA_NOT_EXTRAPOLATION_PERMISSION,FIXED
oneD_v2_dbtt_R_5ccfe8189929a0ac,5ccfe8189929a0ac6b5484e3bc8afd14943ab9d0241e25c7c3c67020c0222bbf,DBTT,cleave_G00_eV,4.088341932426187,eV,LOG10_MULTIPLICATIVE_AROUND_CONTROL_PLUS_DIRECTED_AND_MORPH_ROWS,1.3661294618621005,4.088341932426187,OBSERVED_EVALUATED_POPULATION_EXTREMA_NOT_EXTRAPOLATION_PERMISSION,ACTIVE_SEARCHED_OR_ARCHIVED_MORPH
oneD_v2_dbtt_R_5ccfe8189929a0ac,5ccfe8189929a0ac6b5484e3bc8afd14943ab9d0241e25c7c3c67020c0222bbf,DBTT,cleave_gT_eV_per_K,0.004225807837903963,K,SIGNED_ADDITIVE_AROUND_CONTROL_PLUS_DIRECTED_AND_MORPH_ROWS,0.002268368939134249,0.008931572897448769,OBSERVED_EVALUATED_POPULATION_EXTREMA_NOT_EXTRAPOLATION_PERMISSION,ACTIVE_SEARCHED_OR_ARCHIVED_MORPH
oneD_v2_dbtt_R_5ccfe8189929a0ac,5ccfe8189929a0ac6b5484e3bc8afd14943ab9d0241e25c7c3c67020c0222bbf,DBTT,cleave_sigc0_GPa,10.499114504360671,GPa,LOG10_MULTIPLICATIVE_AROUND_CONTROL_PLUS_DIRECTED_AND_MORPH_ROWS,4.097725009419965,11.16820414360279,OBSERVED_EVALUATED_POPULATION_EXTREMA_NOT_EXTRAPOLATION_PERMISSION,ACTIVE_SEARCHED_OR_ARCHIVED_MORPH
oneD_v2_dbtt_R_5ccfe8189929a0ac,5ccfe8189929a0ac6b5484e3bc8afd14943ab9d0241e25c7c3c67020c0222bbf,DBTT,cleave_sT_GPa_per_K,-0.0024629967979293596,K,SIGNED_ADDITIVE_AROUND_CONTROL_PLUS_DIRECTED_AND_MORPH_ROWS,-0.0024876615358664362,0.00307726434199135,OBSERVED_EVALUATED_POPULATION_EXTREMA_NOT_EXTRAPOLATION_PERMISSION,ACTIVE_SEARCHED_OR_ARCHIVED_MORPH
oneD_v2_dbtt_R_5ccfe8189929a0ac,5ccfe8189929a0ac6b5484e3bc8afd14943ab9d0241e25c7c3c67020c0222bbf,DBTT,cleave_exp_a,0.4275689728060543,dimensionless,LOG10_MULTIPLICATIVE_AROUND_CONTROL_PLUS_DIRECTED_AND_MORPH_ROWS,0.1752833570144279,0.848760412610794,OBSERVED_EVALUATED_POPULATION_EXTREMA_NOT_EXTRAPOLATION_PERMISSION,ACTIVE_SEARCHED_OR_ARCHIVED_MORPH
oneD_v2_dbtt_R_5ccfe8189929a0ac,5ccfe8189929a0ac6b5484e3bc8afd14943ab9d0241e25c7c3c67020c0222bbf,DBTT,cleave_exp_n,2.00299226860506,dimensionless,LOG10_MULTIPLICATIVE_AROUND_CONTROL_PLUS_DIRECTED_AND_MORPH_ROWS,1.2032811342047471,3.945134818293807,OBSERVED_EVALUATED_POPULATION_EXTREMA_NOT_EXTRAPOLATION_PERMISSION,ACTIVE_SEARCHED_OR_ARCHIVED_MORPH
oneD_v2_dbtt_R_5ccfe8189929a0ac,5ccfe8189929a0ac6b5484e3bc8afd14943ab9d0241e25c7c3c67020c0222bbf,DBTT,cleave_floor_frac,0.026239358201278,dimensionless,FIXED_IN_FOCUSED_SEARCH,0.026239358201278,0.026239358201278,OBSERVED_EVALUATED_POPULATION_EXTREMA_NOT_EXTRAPOLATION_PERMISSION,FIXED
oneD_v2_dbtt_R_5ccfe8189929a0ac,5ccfe8189929a0ac6b5484e3bc8afd14943ab9d0241e25c7c3c67020c0222bbf,DBTT,emit_G00_eV,5.1285710478689985,eV,LOG10_MULTIPLICATIVE_AROUND_CONTROL_PLUS_DIRECTED_AND_MORPH_ROWS,1.7603579627164792,6.3475485376683976,OBSERVED_EVALUATED_POPULATION_EXTREMA_NOT_EXTRAPOLATION_PERMISSION,ACTIVE_SEARCHED_OR_ARCHIVED_MORPH
oneD_v2_dbtt_R_5ccfe8189929a0ac,5ccfe8189929a0ac6b5484e3bc8afd14943ab9d0241e25c7c3c67020c0222bbf,DBTT,emit_gT_eV_per_K,0.0030282263832715115,K,SIGNED_ADDITIVE_AROUND_CONTROL_PLUS_DIRECTED_AND_MORPH_ROWS,0.0016550063225440998,0.009859655792548112,OBSERVED_EVALUATED_POPULATION_EXTREMA_NOT_EXTRAPOLATION_PERMISSION,ACTIVE_SEARCHED_OR_ARCHIVED_MORPH
oneD_v2_dbtt_R_5ccfe8189929a0ac,5ccfe8189929a0ac6b5484e3bc8afd14943ab9d0241e25c7c3c67020c0222bbf,DBTT,emit_sigc0_GPa,5.325327325561108,GPa,LOG10_MULTIPLICATIVE_AROUND_CONTROL_PLUS_DIRECTED_AND_MORPH_ROWS,1.2535612139585792,5.907084640718761,OBSERVED_EVALUATED_POPULATION_EXTREMA_NOT_EXTRAPOLATION_PERMISSION,ACTIVE_SEARCHED_OR_ARCHIVED_MORPH
oneD_v2_dbtt_R_5ccfe8189929a0ac,5ccfe8189929a0ac6b5484e3bc8afd14943ab9d0241e25c7c3c67020c0222bbf,DBTT,emit_sT_GPa_per_K,-0.00790445084088736,K,SIGNED_ADDITIVE_AROUND_CONTROL_PLUS_DIRECTED_AND_MORPH_ROWS,-0.00834500286986884,0.00235836699511855,OBSERVED_EVALUATED_POPULATION_EXTREMA_NOT_EXTRAPOLATION_PERMISSION,ACTIVE_SEARCHED_OR_ARCHIVED_MORPH
oneD_v2_dbtt_R_5ccfe8189929a0ac,5ccfe8189929a0ac6b5484e3bc8afd14943ab9d0241e25c7c3c67020c0222bbf,DBTT,emit_exp_a,0.14303559756473175,dimensionless,LOG10_MULTIPLICATIVE_AROUND_CONTROL_PLUS_DIRECTED_AND_MORPH_ROWS,0.09495684507018155,0.43713746867803693,OBSERVED_EVALUATED_POPULATION_EXTREMA_NOT_EXTRAPOLATION_PERMISSION,ACTIVE_SEARCHED_OR_ARCHIVED_MORPH
oneD_v2_dbtt_R_5ccfe8189929a0ac,5ccfe8189929a0ac6b5484e3bc8afd14943ab9d0241e25c7c3c67020c0222bbf,DBTT,emit_exp_n,0.541164232990487,dimensionless,LOG10_MULTIPLICATIVE_AROUND_CONTROL_PLUS_DIRECTED_AND_MORPH_ROWS,0.31279428560708195,1.1133888408447044,OBSERVED_EVALUATED_POPULATION_EXTREMA_NOT_EXTRAPOLATION_PERMISSION,ACTIVE_SEARCHED_OR_ARCHIVED_MORPH
oneD_v2_dbtt_R_5ccfe8189929a0ac,5ccfe8189929a0ac6b5484e3bc8afd14943ab9d0241e25c7c3c67020c0222bbf,DBTT,emit_floor_frac,0.0103682254353579,dimensionless,FIXED_IN_FOCUSED_SEARCH,0.0103682254353579,0.0103682254353579,OBSERVED_EVALUATED_POPULATION_EXTREMA_NOT_EXTRAPOLATION_PERMISSION,FIXED
oneD_v2_dbtt_R_5ccfe8189929a0ac,5ccfe8189929a0ac6b5484e3bc8afd14943ab9d0241e25c7c3c67020c0222bbf,DBTT,peierls_H0_eV,3.8431147483521118,eV,LOG10_MULTIPLICATIVE_AROUND_CONTROL_PLUS_DIRECTED_AND_MORPH_ROWS,1.8216675358801595,5.848027537727703,OBSERVED_EVALUATED_POPULATION_EXTREMA_NOT_EXTRAPOLATION_PERMISSION,ACTIVE_SEARCHED_OR_ARCHIVED_MORPH
oneD_v2_dbtt_R_5ccfe8189929a0ac,5ccfe8189929a0ac6b5484e3bc8afd14943ab9d0241e25c7c3c67020c0222bbf,DBTT,peierls_activation_entropy_kB,-42.501886747463175,dimensionless,SIGNED_ADDITIVE_AROUND_CONTROL_PLUS_DIRECTED_AND_MORPH_ROWS,-57.82066778301595,-9.754573600366712,OBSERVED_EVALUATED_POPULATION_EXTREMA_NOT_EXTRAPOLATION_PERMISSION,ACTIVE_SEARCHED_OR_ARCHIVED_MORPH
oneD_v2_dbtt_R_5ccfe8189929a0ac,5ccfe8189929a0ac6b5484e3bc8afd14943ab9d0241e25c7c3c67020c0222bbf,DBTT,peierls_exp_a,1.448395521938801,dimensionless,FIXED_IN_FOCUSED_SEARCH,1.448395521938801,1.448395521938801,OBSERVED_EVALUATED_POPULATION_EXTREMA_NOT_EXTRAPOLATION_PERMISSION,FIXED
oneD_v2_dbtt_R_5ccfe8189929a0ac,5ccfe8189929a0ac6b5484e3bc8afd14943ab9d0241e25c7c3c67020c0222bbf,DBTT,peierls_exp_n,1.871259921230376,dimensionless,FIXED_IN_FOCUSED_SEARCH,1.871259921230376,1.871259921230376,OBSERVED_EVALUATED_POPULATION_EXTREMA_NOT_EXTRAPOLATION_PERMISSION,FIXED
oneD_v2_dbtt_R_5ccfe8189929a0ac,5ccfe8189929a0ac6b5484e3bc8afd14943ab9d0241e25c7c3c67020c0222bbf,DBTT,peierls_nu0_s,1000000000000.0,s^-1,FIXED_IN_FOCUSED_SEARCH,1000000000000.0,1000000000000.0,OBSERVED_EVALUATED_POPULATION_EXTREMA_NOT_EXTRAPOLATION_PERMISSION,FIXED
oneD_v2_dbtt_R_5ccfe8189929a0ac,5ccfe8189929a0ac6b5484e3bc8afd14943ab9d0241e25c7c3c67020c0222bbf,DBTT,taylor_H0_eV,0.9570791325105166,eV,LOG10_MULTIPLICATIVE_AROUND_CONTROL_PLUS_DIRECTED_AND_MORPH_ROWS,0.4374451222461706,2.472370506471178,OBSERVED_EVALUATED_POPULATION_EXTREMA_NOT_EXTRAPOLATION_PERMISSION,ACTIVE_SEARCHED_OR_ARCHIVED_MORPH
oneD_v2_dbtt_R_5ccfe8189929a0ac,5ccfe8189929a0ac6b5484e3bc8afd14943ab9d0241e25c7c3c67020c0222bbf,DBTT,taylor_activation_entropy_kB,45.677140964388904,dimensionless,SIGNED_ADDITIVE_AROUND_CONTROL_PLUS_DIRECTED_AND_MORPH_ROWS,2.7084908448159695,49.98485553432123,OBSERVED_EVALUATED_POPULATION_EXTREMA_NOT_EXTRAPOLATION_PERMISSION,ACTIVE_SEARCHED_OR_ARCHIVED_MORPH
oneD_v2_dbtt_R_5ccfe8189929a0ac,5ccfe8189929a0ac6b5484e3bc8afd14943ab9d0241e25c7c3c67020c0222bbf,DBTT,taylor_exp_a,0.7048910272121429,dimensionless,FIXED_IN_FOCUSED_SEARCH,0.7048910272121429,0.7048910272121429,OBSERVED_EVALUATED_POPULATION_EXTREMA_NOT_EXTRAPOLATION_PERMISSION,FIXED
oneD_v2_dbtt_R_5ccfe8189929a0ac,5ccfe8189929a0ac6b5484e3bc8afd14943ab9d0241e25c7c3c67020c0222bbf,DBTT,taylor_exp_n,0.5389550719410181,dimensionless,FIXED_IN_FOCUSED_SEARCH,0.5389550719410181,0.5389550719410181,OBSERVED_EVALUATED_POPULATION_EXTREMA_NOT_EXTRAPOLATION_PERMISSION,FIXED
oneD_v2_dbtt_R_5ccfe8189929a0ac,5ccfe8189929a0ac6b5484e3bc8afd14943ab9d0241e25c7c3c67020c0222bbf,DBTT,taylor_nu0_s,100000000000.0,s^-1,FIXED_IN_FOCUSED_SEARCH,100000000000.0,100000000000.0,OBSERVED_EVALUATED_POPULATION_EXTREMA_NOT_EXTRAPOLATION_PERMISSION,FIXED
oneD_v2_dbtt_R_5ccfe8189929a0ac,5ccfe8189929a0ac6b5484e3bc8afd14943ab9d0241e25c7c3c67020c0222bbf,DBTT,rho_source0_m2,986933885930805.8,m^-2,LOG10_MULTIPLICATIVE_AROUND_CONTROL_PLUS_DIRECTED_AND_MORPH_ROWS,24807485494445.152,6231585698771533.0,OBSERVED_EVALUATED_POPULATION_EXTREMA_NOT_EXTRAPOLATION_PERMISSION,ACTIVE_SEARCHED_OR_ARCHIVED_MORPH
oneD_v2_dbtt_R_5ccfe8189929a0ac,5ccfe8189929a0ac6b5484e3bc8afd14943ab9d0241e25c7c3c67020c0222bbf,DBTT,taylor_corr_rho_c_m2,16840870099012.033,m^-2,LOG10_MULTIPLICATIVE_AROUND_CONTROL_PLUS_DIRECTED_AND_MORPH_ROWS,1576167365371.657,4282219954775941.0,OBSERVED_EVALUATED_POPULATION_EXTREMA_NOT_EXTRAPOLATION_PERMISSION,ACTIVE_SEARCHED_OR_ARCHIVED_MORPH
oneD_v2_dbtt_R_5ccfe8189929a0ac,5ccfe8189929a0ac6b5484e3bc8afd14943ab9d0241e25c7c3c67020c0222bbf,DBTT,taylor_corr_scale,2.023450484096941,dimensionless,LOG10_MULTIPLICATIVE_AROUND_CONTROL_PLUS_DIRECTED_AND_MORPH_ROWS,0.3430759927708866,2.770513189284223,OBSERVED_EVALUATED_POPULATION_EXTREMA_NOT_EXTRAPOLATION_PERMISSION,ACTIVE_SEARCHED_OR_ARCHIVED_MORPH
oneD_v2_dbtt_R_5ccfe8189929a0ac,5ccfe8189929a0ac6b5484e3bc8afd14943ab9d0241e25c7c3c67020c0222bbf,DBTT,c_blunt,1.895138101991991,dimensionless,LOG10_MULTIPLICATIVE_AROUND_CONTROL_PLUS_DIRECTED_AND_MORPH_ROWS,1.0776162722416116,7.318183428715671,OBSERVED_EVALUATED_POPULATION_EXTREMA_NOT_EXTRAPOLATION_PERMISSION,ACTIVE_SEARCHED_OR_ARCHIVED_MORPH
oneD_v2_dbtt_R_7b3b5b45354e64ef,7b3b5b45354e64efd68fd402352db131e1fda37744ea66f0eea86e0a251b4490,DBTT,Tref_K,481.33,K,FIXED_IN_FOCUSED_SEARCH,481.33,481.33,OBSERVED_EVALUATED_POPULATION_EXTREMA_NOT_EXTRAPOLATION_PERMISSION,FIXED
oneD_v2_dbtt_R_7b3b5b45354e64ef,7b3b5b45354e64efd68fd402352db131e1fda37744ea66f0eea86e0a251b4490,DBTT,cleave_G00_eV,1.3817038125259684,eV,LOG10_MULTIPLICATIVE_AROUND_CONTROL_PLUS_DIRECTED_AND_MORPH_ROWS,1.3661294618621005,4.088341932426187,OBSERVED_EVALUATED_POPULATION_EXTREMA_NOT_EXTRAPOLATION_PERMISSION,ACTIVE_SEARCHED_OR_ARCHIVED_MORPH
oneD_v2_dbtt_R_7b3b5b45354e64ef,7b3b5b45354e64efd68fd402352db131e1fda37744ea66f0eea86e0a251b4490,DBTT,cleave_gT_eV_per_K,0.0032996505162841546,K,SIGNED_ADDITIVE_AROUND_CONTROL_PLUS_DIRECTED_AND_MORPH_ROWS,0.002268368939134249,0.008931572897448769,OBSERVED_EVALUATED_POPULATION_EXTREMA_NOT_EXTRAPOLATION_PERMISSION,ACTIVE_SEARCHED_OR_ARCHIVED_MORPH
oneD_v2_dbtt_R_7b3b5b45354e64ef,7b3b5b45354e64efd68fd402352db131e1fda37744ea66f0eea86e0a251b4490,DBTT,cleave_sigc0_GPa,9.380819894401702,GPa,LOG10_MULTIPLICATIVE_AROUND_CONTROL_PLUS_DIRECTED_AND_MORPH_ROWS,4.097725009419965,11.16820414360279,OBSERVED_EVALUATED_POPULATION_EXTREMA_NOT_EXTRAPOLATION_PERMISSION,ACTIVE_SEARCHED_OR_ARCHIVED_MORPH
oneD_v2_dbtt_R_7b3b5b45354e64ef,7b3b5b45354e64efd68fd402352db131e1fda37744ea66f0eea86e0a251b4490,DBTT,cleave_sT_GPa_per_K,-0.0016432020220902386,K,SIGNED_ADDITIVE_AROUND_CONTROL_PLUS_DIRECTED_AND_MORPH_ROWS,-0.0024876615358664362,0.00307726434199135,OBSERVED_EVALUATED_POPULATION_EXTREMA_NOT_EXTRAPOLATION_PERMISSION,ACTIVE_SEARCHED_OR_ARCHIVED_MORPH
oneD_v2_dbtt_R_7b3b5b45354e64ef,7b3b5b45354e64efd68fd402352db131e1fda37744ea66f0eea86e0a251b4490,DBTT,cleave_exp_a,0.4362762779225825,dimensionless,LOG10_MULTIPLICATIVE_AROUND_CONTROL_PLUS_DIRECTED_AND_MORPH_ROWS,0.1752833570144279,0.848760412610794,OBSERVED_EVALUATED_POPULATION_EXTREMA_NOT_EXTRAPOLATION_PERMISSION,ACTIVE_SEARCHED_OR_ARCHIVED_MORPH
oneD_v2_dbtt_R_7b3b5b45354e64ef,7b3b5b45354e64efd68fd402352db131e1fda37744ea66f0eea86e0a251b4490,DBTT,cleave_exp_n,3.1712757917197525,dimensionless,LOG10_MULTIPLICATIVE_AROUND_CONTROL_PLUS_DIRECTED_AND_MORPH_ROWS,1.2032811342047471,3.945134818293807,OBSERVED_EVALUATED_POPULATION_EXTREMA_NOT_EXTRAPOLATION_PERMISSION,ACTIVE_SEARCHED_OR_ARCHIVED_MORPH
oneD_v2_dbtt_R_7b3b5b45354e64ef,7b3b5b45354e64efd68fd402352db131e1fda37744ea66f0eea86e0a251b4490,DBTT,cleave_floor_frac,0.026239358201278,dimensionless,FIXED_IN_FOCUSED_SEARCH,0.026239358201278,0.026239358201278,OBSERVED_EVALUATED_POPULATION_EXTREMA_NOT_EXTRAPOLATION_PERMISSION,FIXED
oneD_v2_dbtt_R_7b3b5b45354e64ef,7b3b5b45354e64efd68fd402352db131e1fda37744ea66f0eea86e0a251b4490,DBTT,emit_G00_eV,1.9326811818678884,eV,LOG10_MULTIPLICATIVE_AROUND_CONTROL_PLUS_DIRECTED_AND_MORPH_ROWS,1.7603579627164792,6.3475485376683976,OBSERVED_EVALUATED_POPULATION_EXTREMA_NOT_EXTRAPOLATION_PERMISSION,ACTIVE_SEARCHED_OR_ARCHIVED_MORPH
oneD_v2_dbtt_R_7b3b5b45354e64ef,7b3b5b45354e64efd68fd402352db131e1fda37744ea66f0eea86e0a251b4490,DBTT,emit_gT_eV_per_K,0.0024749874479581533,K,SIGNED_ADDITIVE_AROUND_CONTROL_PLUS_DIRECTED_AND_MORPH_ROWS,0.0016550063225440998,0.009859655792548112,OBSERVED_EVALUATED_POPULATION_EXTREMA_NOT_EXTRAPOLATION_PERMISSION,ACTIVE_SEARCHED_OR_ARCHIVED_MORPH
oneD_v2_dbtt_R_7b3b5b45354e64ef,7b3b5b45354e64efd68fd402352db131e1fda37744ea66f0eea86e0a251b4490,DBTT,emit_sigc0_GPa,2.0214459107790814,GPa,LOG10_MULTIPLICATIVE_AROUND_CONTROL_PLUS_DIRECTED_AND_MORPH_ROWS,1.2535612139585792,5.907084640718761,OBSERVED_EVALUATED_POPULATION_EXTREMA_NOT_EXTRAPOLATION_PERMISSION,ACTIVE_SEARCHED_OR_ARCHIVED_MORPH
oneD_v2_dbtt_R_7b3b5b45354e64ef,7b3b5b45354e64efd68fd402352db131e1fda37744ea66f0eea86e0a251b4490,DBTT,emit_sT_GPa_per_K,-0.006290109817225442,K,SIGNED_ADDITIVE_AROUND_CONTROL_PLUS_DIRECTED_AND_MORPH_ROWS,-0.00834500286986884,0.00235836699511855,OBSERVED_EVALUATED_POPULATION_EXTREMA_NOT_EXTRAPOLATION_PERMISSION,ACTIVE_SEARCHED_OR_ARCHIVED_MORPH
oneD_v2_dbtt_R_7b3b5b45354e64ef,7b3b5b45354e64efd68fd402352db131e1fda37744ea66f0eea86e0a251b4490,DBTT,emit_exp_a,0.17662074502704495,dimensionless,LOG10_MULTIPLICATIVE_AROUND_CONTROL_PLUS_DIRECTED_AND_MORPH_ROWS,0.09495684507018155,0.43713746867803693,OBSERVED_EVALUATED_POPULATION_EXTREMA_NOT_EXTRAPOLATION_PERMISSION,ACTIVE_SEARCHED_OR_ARCHIVED_MORPH
oneD_v2_dbtt_R_7b3b5b45354e64ef,7b3b5b45354e64efd68fd402352db131e1fda37744ea66f0eea86e0a251b4490,DBTT,emit_exp_n,0.46784416311415317,dimensionless,LOG10_MULTIPLICATIVE_AROUND_CONTROL_PLUS_DIRECTED_AND_MORPH_ROWS,0.31279428560708195,1.1133888408447044,OBSERVED_EVALUATED_POPULATION_EXTREMA_NOT_EXTRAPOLATION_PERMISSION,ACTIVE_SEARCHED_OR_ARCHIVED_MORPH
oneD_v2_dbtt_R_7b3b5b45354e64ef,7b3b5b45354e64efd68fd402352db131e1fda37744ea66f0eea86e0a251b4490,DBTT,emit_floor_frac,0.0103682254353579,dimensionless,FIXED_IN_FOCUSED_SEARCH,0.0103682254353579,0.0103682254353579,OBSERVED_EVALUATED_POPULATION_EXTREMA_NOT_EXTRAPOLATION_PERMISSION,FIXED
oneD_v2_dbtt_R_7b3b5b45354e64ef,7b3b5b45354e64efd68fd402352db131e1fda37744ea66f0eea86e0a251b4490,DBTT,peierls_H0_eV,5.52016628271229,eV,LOG10_MULTIPLICATIVE_AROUND_CONTROL_PLUS_DIRECTED_AND_MORPH_ROWS,1.8216675358801595,5.848027537727703,OBSERVED_EVALUATED_POPULATION_EXTREMA_NOT_EXTRAPOLATION_PERMISSION,ACTIVE_SEARCHED_OR_ARCHIVED_MORPH
oneD_v2_dbtt_R_7b3b5b45354e64ef,7b3b5b45354e64efd68fd402352db131e1fda37744ea66f0eea86e0a251b4490,DBTT,peierls_activation_entropy_kB,-51.595077361355536,dimensionless,SIGNED_ADDITIVE_AROUND_CONTROL_PLUS_DIRECTED_AND_MORPH_ROWS,-57.82066778301595,-9.754573600366712,OBSERVED_EVALUATED_POPULATION_EXTREMA_NOT_EXTRAPOLATION_PERMISSION,ACTIVE_SEARCHED_OR_ARCHIVED_MORPH
oneD_v2_dbtt_R_7b3b5b45354e64ef,7b3b5b45354e64efd68fd402352db131e1fda37744ea66f0eea86e0a251b4490,DBTT,peierls_exp_a,1.448395521938801,dimensionless,FIXED_IN_FOCUSED_SEARCH,1.448395521938801,1.448395521938801,OBSERVED_EVALUATED_POPULATION_EXTREMA_NOT_EXTRAPOLATION_PERMISSION,FIXED
oneD_v2_dbtt_R_7b3b5b45354e64ef,7b3b5b45354e64efd68fd402352db131e1fda37744ea66f0eea86e0a251b4490,DBTT,peierls_exp_n,1.871259921230376,dimensionless,FIXED_IN_FOCUSED_SEARCH,1.871259921230376,1.871259921230376,OBSERVED_EVALUATED_POPULATION_EXTREMA_NOT_EXTRAPOLATION_PERMISSION,FIXED
oneD_v2_dbtt_R_7b3b5b45354e64ef,7b3b5b45354e64efd68fd402352db131e1fda37744ea66f0eea86e0a251b4490,DBTT,peierls_nu0_s,1000000000000.0,s^-1,FIXED_IN_FOCUSED_SEARCH,1000000000000.0,1000000000000.0,OBSERVED_EVALUATED_POPULATION_EXTREMA_NOT_EXTRAPOLATION_PERMISSION,FIXED
oneD_v2_dbtt_R_7b3b5b45354e64ef,7b3b5b45354e64efd68fd402352db131e1fda37744ea66f0eea86e0a251b4490,DBTT,taylor_H0_eV,1.1974374758931805,eV,LOG10_MULTIPLICATIVE_AROUND_CONTROL_PLUS_DIRECTED_AND_MORPH_ROWS,0.4374451222461706,2.472370506471178,OBSERVED_EVALUATED_POPULATION_EXTREMA_NOT_EXTRAPOLATION_PERMISSION,ACTIVE_SEARCHED_OR_ARCHIVED_MORPH
oneD_v2_dbtt_R_7b3b5b45354e64ef,7b3b5b45354e64efd68fd402352db131e1fda37744ea66f0eea86e0a251b4490,DBTT,taylor_activation_entropy_kB,45.405104880374594,dimensionless,SIGNED_ADDITIVE_AROUND_CONTROL_PLUS_DIRECTED_AND_MORPH_ROWS,2.7084908448159695,49.98485553432123,OBSERVED_EVALUATED_POPULATION_EXTREMA_NOT_EXTRAPOLATION_PERMISSION,ACTIVE_SEARCHED_OR_ARCHIVED_MORPH
oneD_v2_dbtt_R_7b3b5b45354e64ef,7b3b5b45354e64efd68fd402352db131e1fda37744ea66f0eea86e0a251b4490,DBTT,taylor_exp_a,0.7048910272121429,dimensionless,FIXED_IN_FOCUSED_SEARCH,0.7048910272121429,0.7048910272121429,OBSERVED_EVALUATED_POPULATION_EXTREMA_NOT_EXTRAPOLATION_PERMISSION,FIXED
oneD_v2_dbtt_R_7b3b5b45354e64ef,7b3b5b45354e64efd68fd402352db131e1fda37744ea66f0eea86e0a251b4490,DBTT,taylor_exp_n,0.5389550719410181,dimensionless,FIXED_IN_FOCUSED_SEARCH,0.5389550719410181,0.5389550719410181,OBSERVED_EVALUATED_POPULATION_EXTREMA_NOT_EXTRAPOLATION_PERMISSION,FIXED
oneD_v2_dbtt_R_7b3b5b45354e64ef,7b3b5b45354e64efd68fd402352db131e1fda37744ea66f0eea86e0a251b4490,DBTT,taylor_nu0_s,100000000000.0,s^-1,FIXED_IN_FOCUSED_SEARCH,100000000000.0,100000000000.0,OBSERVED_EVALUATED_POPULATION_EXTREMA_NOT_EXTRAPOLATION_PERMISSION,FIXED
oneD_v2_dbtt_R_7b3b5b45354e64ef,7b3b5b45354e64efd68fd402352db131e1fda37744ea66f0eea86e0a251b4490,DBTT,rho_source0_m2,1468908346765729.2,m^-2,LOG10_MULTIPLICATIVE_AROUND_CONTROL_PLUS_DIRECTED_AND_MORPH_ROWS,24807485494445.152,6231585698771533.0,OBSERVED_EVALUATED_POPULATION_EXTREMA_NOT_EXTRAPOLATION_PERMISSION,ACTIVE_SEARCHED_OR_ARCHIVED_MORPH
oneD_v2_dbtt_R_7b3b5b45354e64ef,7b3b5b45354e64efd68fd402352db131e1fda37744ea66f0eea86e0a251b4490,DBTT,taylor_corr_rho_c_m2,35838233825771.1,m^-2,LOG10_MULTIPLICATIVE_AROUND_CONTROL_PLUS_DIRECTED_AND_MORPH_ROWS,1576167365371.657,4282219954775941.0,OBSERVED_EVALUATED_POPULATION_EXTREMA_NOT_EXTRAPOLATION_PERMISSION,ACTIVE_SEARCHED_OR_ARCHIVED_MORPH
oneD_v2_dbtt_R_7b3b5b45354e64ef,7b3b5b45354e64efd68fd402352db131e1fda37744ea66f0eea86e0a251b4490,DBTT,taylor_corr_scale,1.2804294181102447,dimensionless,LOG10_MULTIPLICATIVE_AROUND_CONTROL_PLUS_DIRECTED_AND_MORPH_ROWS,0.3430759927708866,2.770513189284223,OBSERVED_EVALUATED_POPULATION_EXTREMA_NOT_EXTRAPOLATION_PERMISSION,ACTIVE_SEARCHED_OR_ARCHIVED_MORPH
oneD_v2_dbtt_R_7b3b5b45354e64ef,7b3b5b45354e64efd68fd402352db131e1fda37744ea66f0eea86e0a251b4490,DBTT,c_blunt,4.990658777708567,dimensionless,LOG10_MULTIPLICATIVE_AROUND_CONTROL_PLUS_DIRECTED_AND_MORPH_ROWS,1.0776162722416116,7.318183428715671,OBSERVED_EVALUATED_POPULATION_EXTREMA_NOT_EXTRAPOLATION_PERMISSION,ACTIVE_SEARCHED_OR_ARCHIVED_MORPH
oneD_v2_dbtt_R_7c97a4f496b2504a,7c97a4f496b2504acc6d1b4bab18a8ba42e11eddb6eab339e039299df966e918,DBTT,Tref_K,481.33,K,FIXED_IN_FOCUSED_SEARCH,481.33,481.33,OBSERVED_EVALUATED_POPULATION_EXTREMA_NOT_EXTRAPOLATION_PERMISSION,FIXED
oneD_v2_dbtt_R_7c97a4f496b2504a,7c97a4f496b2504acc6d1b4bab18a8ba42e11eddb6eab339e039299df966e918,DBTT,cleave_G00_eV,2.871729232779594,eV,LOG10_MULTIPLICATIVE_AROUND_CONTROL_PLUS_DIRECTED_AND_MORPH_ROWS,1.3661294618621005,4.088341932426187,OBSERVED_EVALUATED_POPULATION_EXTREMA_NOT_EXTRAPOLATION_PERMISSION,ACTIVE_SEARCHED_OR_ARCHIVED_MORPH
oneD_v2_dbtt_R_7c97a4f496b2504a,7c97a4f496b2504acc6d1b4bab18a8ba42e11eddb6eab339e039299df966e918,DBTT,cleave_gT_eV_per_K,0.0068223188628908,K,SIGNED_ADDITIVE_AROUND_CONTROL_PLUS_DIRECTED_AND_MORPH_ROWS,0.002268368939134249,0.008931572897448769,OBSERVED_EVALUATED_POPULATION_EXTREMA_NOT_EXTRAPOLATION_PERMISSION,ACTIVE_SEARCHED_OR_ARCHIVED_MORPH
oneD_v2_dbtt_R_7c97a4f496b2504a,7c97a4f496b2504acc6d1b4bab18a8ba42e11eddb6eab339e039299df966e918,DBTT,cleave_sigc0_GPa,5.876239208518867,GPa,LOG10_MULTIPLICATIVE_AROUND_CONTROL_PLUS_DIRECTED_AND_MORPH_ROWS,4.097725009419965,11.16820414360279,OBSERVED_EVALUATED_POPULATION_EXTREMA_NOT_EXTRAPOLATION_PERMISSION,ACTIVE_SEARCHED_OR_ARCHIVED_MORPH
oneD_v2_dbtt_R_7c97a4f496b2504a,7c97a4f496b2504acc6d1b4bab18a8ba42e11eddb6eab339e039299df966e918,DBTT,cleave_sT_GPa_per_K,-0.0014021965432912,K,SIGNED_ADDITIVE_AROUND_CONTROL_PLUS_DIRECTED_AND_MORPH_ROWS,-0.0024876615358664362,0.00307726434199135,OBSERVED_EVALUATED_POPULATION_EXTREMA_NOT_EXTRAPOLATION_PERMISSION,ACTIVE_SEARCHED_OR_ARCHIVED_MORPH
oneD_v2_dbtt_R_7c97a4f496b2504a,7c97a4f496b2504acc6d1b4bab18a8ba42e11eddb6eab339e039299df966e918,DBTT,cleave_exp_a,0.46572521607896683,dimensionless,LOG10_MULTIPLICATIVE_AROUND_CONTROL_PLUS_DIRECTED_AND_MORPH_ROWS,0.1752833570144279,0.848760412610794,OBSERVED_EVALUATED_POPULATION_EXTREMA_NOT_EXTRAPOLATION_PERMISSION,ACTIVE_SEARCHED_OR_ARCHIVED_MORPH
oneD_v2_dbtt_R_7c97a4f496b2504a,7c97a4f496b2504acc6d1b4bab18a8ba42e11eddb6eab339e039299df966e918,DBTT,cleave_exp_n,1.6506191757866333,dimensionless,LOG10_MULTIPLICATIVE_AROUND_CONTROL_PLUS_DIRECTED_AND_MORPH_ROWS,1.2032811342047471,3.945134818293807,OBSERVED_EVALUATED_POPULATION_EXTREMA_NOT_EXTRAPOLATION_PERMISSION,ACTIVE_SEARCHED_OR_ARCHIVED_MORPH
oneD_v2_dbtt_R_7c97a4f496b2504a,7c97a4f496b2504acc6d1b4bab18a8ba42e11eddb6eab339e039299df966e918,DBTT,cleave_floor_frac,0.026239358201278,dimensionless,FIXED_IN_FOCUSED_SEARCH,0.026239358201278,0.026239358201278,OBSERVED_EVALUATED_POPULATION_EXTREMA_NOT_EXTRAPOLATION_PERMISSION,FIXED
oneD_v2_dbtt_R_7c97a4f496b2504a,7c97a4f496b2504acc6d1b4bab18a8ba42e11eddb6eab339e039299df966e918,DBTT,emit_G00_eV,3.6474789237857674,eV,LOG10_MULTIPLICATIVE_AROUND_CONTROL_PLUS_DIRECTED_AND_MORPH_ROWS,1.7603579627164792,6.3475485376683976,OBSERVED_EVALUATED_POPULATION_EXTREMA_NOT_EXTRAPOLATION_PERMISSION,ACTIVE_SEARCHED_OR_ARCHIVED_MORPH
oneD_v2_dbtt_R_7c97a4f496b2504a,7c97a4f496b2504acc6d1b4bab18a8ba42e11eddb6eab339e039299df966e918,DBTT,emit_gT_eV_per_K,0.00187627599621195,K,SIGNED_ADDITIVE_AROUND_CONTROL_PLUS_DIRECTED_AND_MORPH_ROWS,0.0016550063225440998,0.009859655792548112,OBSERVED_EVALUATED_POPULATION_EXTREMA_NOT_EXTRAPOLATION_PERMISSION,ACTIVE_SEARCHED_OR_ARCHIVED_MORPH
oneD_v2_dbtt_R_7c97a4f496b2504a,7c97a4f496b2504acc6d1b4bab18a8ba42e11eddb6eab339e039299df966e918,DBTT,emit_sigc0_GPa,4.878239271447207,GPa,LOG10_MULTIPLICATIVE_AROUND_CONTROL_PLUS_DIRECTED_AND_MORPH_ROWS,1.2535612139585792,5.907084640718761,OBSERVED_EVALUATED_POPULATION_EXTREMA_NOT_EXTRAPOLATION_PERMISSION,ACTIVE_SEARCHED_OR_ARCHIVED_MORPH
oneD_v2_dbtt_R_7c97a4f496b2504a,7c97a4f496b2504acc6d1b4bab18a8ba42e11eddb6eab339e039299df966e918,DBTT,emit_sT_GPa_per_K,-0.0015430024843662998,K,SIGNED_ADDITIVE_AROUND_CONTROL_PLUS_DIRECTED_AND_MORPH_ROWS,-0.00834500286986884,0.00235836699511855,OBSERVED_EVALUATED_POPULATION_EXTREMA_NOT_EXTRAPOLATION_PERMISSION,ACTIVE_SEARCHED_OR_ARCHIVED_MORPH
oneD_v2_dbtt_R_7c97a4f496b2504a,7c97a4f496b2504acc6d1b4bab18a8ba42e11eddb6eab339e039299df966e918,DBTT,emit_exp_a,0.1464687991033353,dimensionless,LOG10_MULTIPLICATIVE_AROUND_CONTROL_PLUS_DIRECTED_AND_MORPH_ROWS,0.09495684507018155,0.43713746867803693,OBSERVED_EVALUATED_POPULATION_EXTREMA_NOT_EXTRAPOLATION_PERMISSION,ACTIVE_SEARCHED_OR_ARCHIVED_MORPH
oneD_v2_dbtt_R_7c97a4f496b2504a,7c97a4f496b2504acc6d1b4bab18a8ba42e11eddb6eab339e039299df966e918,DBTT,emit_exp_n,0.9195171257571785,dimensionless,LOG10_MULTIPLICATIVE_AROUND_CONTROL_PLUS_DIRECTED_AND_MORPH_ROWS,0.31279428560708195,1.1133888408447044,OBSERVED_EVALUATED_POPULATION_EXTREMA_NOT_EXTRAPOLATION_PERMISSION,ACTIVE_SEARCHED_OR_ARCHIVED_MORPH
oneD_v2_dbtt_R_7c97a4f496b2504a,7c97a4f496b2504acc6d1b4bab18a8ba42e11eddb6eab339e039299df966e918,DBTT,emit_floor_frac,0.0103682254353579,dimensionless,FIXED_IN_FOCUSED_SEARCH,0.0103682254353579,0.0103682254353579,OBSERVED_EVALUATED_POPULATION_EXTREMA_NOT_EXTRAPOLATION_PERMISSION,FIXED
oneD_v2_dbtt_R_7c97a4f496b2504a,7c97a4f496b2504acc6d1b4bab18a8ba42e11eddb6eab339e039299df966e918,DBTT,peierls_H0_eV,3.576632811732757,eV,LOG10_MULTIPLICATIVE_AROUND_CONTROL_PLUS_DIRECTED_AND_MORPH_ROWS,1.8216675358801595,5.848027537727703,OBSERVED_EVALUATED_POPULATION_EXTREMA_NOT_EXTRAPOLATION_PERMISSION,ACTIVE_SEARCHED_OR_ARCHIVED_MORPH
oneD_v2_dbtt_R_7c97a4f496b2504a,7c97a4f496b2504acc6d1b4bab18a8ba42e11eddb6eab339e039299df966e918,DBTT,peierls_activation_entropy_kB,-20.185705805197358,dimensionless,SIGNED_ADDITIVE_AROUND_CONTROL_PLUS_DIRECTED_AND_MORPH_ROWS,-57.82066778301595,-9.754573600366712,OBSERVED_EVALUATED_POPULATION_EXTREMA_NOT_EXTRAPOLATION_PERMISSION,ACTIVE_SEARCHED_OR_ARCHIVED_MORPH
oneD_v2_dbtt_R_7c97a4f496b2504a,7c97a4f496b2504acc6d1b4bab18a8ba42e11eddb6eab339e039299df966e918,DBTT,peierls_exp_a,1.448395521938801,dimensionless,FIXED_IN_FOCUSED_SEARCH,1.448395521938801,1.448395521938801,OBSERVED_EVALUATED_POPULATION_EXTREMA_NOT_EXTRAPOLATION_PERMISSION,FIXED
oneD_v2_dbtt_R_7c97a4f496b2504a,7c97a4f496b2504acc6d1b4bab18a8ba42e11eddb6eab339e039299df966e918,DBTT,peierls_exp_n,1.871259921230376,dimensionless,FIXED_IN_FOCUSED_SEARCH,1.871259921230376,1.871259921230376,OBSERVED_EVALUATED_POPULATION_EXTREMA_NOT_EXTRAPOLATION_PERMISSION,FIXED
oneD_v2_dbtt_R_7c97a4f496b2504a,7c97a4f496b2504acc6d1b4bab18a8ba42e11eddb6eab339e039299df966e918,DBTT,peierls_nu0_s,1000000000000.0,s^-1,FIXED_IN_FOCUSED_SEARCH,1000000000000.0,1000000000000.0,OBSERVED_EVALUATED_POPULATION_EXTREMA_NOT_EXTRAPOLATION_PERMISSION,FIXED
oneD_v2_dbtt_R_7c97a4f496b2504a,7c97a4f496b2504acc6d1b4bab18a8ba42e11eddb6eab339e039299df966e918,DBTT,taylor_H0_eV,1.6811588111437767,eV,LOG10_MULTIPLICATIVE_AROUND_CONTROL_PLUS_DIRECTED_AND_MORPH_ROWS,0.4374451222461706,2.472370506471178,OBSERVED_EVALUATED_POPULATION_EXTREMA_NOT_EXTRAPOLATION_PERMISSION,ACTIVE_SEARCHED_OR_ARCHIVED_MORPH
oneD_v2_dbtt_R_7c97a4f496b2504a,7c97a4f496b2504acc6d1b4bab18a8ba42e11eddb6eab339e039299df966e918,DBTT,taylor_activation_entropy_kB,21.46404519677162,dimensionless,SIGNED_ADDITIVE_AROUND_CONTROL_PLUS_DIRECTED_AND_MORPH_ROWS,2.7084908448159695,49.98485553432123,OBSERVED_EVALUATED_POPULATION_EXTREMA_NOT_EXTRAPOLATION_PERMISSION,ACTIVE_SEARCHED_OR_ARCHIVED_MORPH
oneD_v2_dbtt_R_7c97a4f496b2504a,7c97a4f496b2504acc6d1b4bab18a8ba42e11eddb6eab339e039299df966e918,DBTT,taylor_exp_a,0.7048910272121429,dimensionless,FIXED_IN_FOCUSED_SEARCH,0.7048910272121429,0.7048910272121429,OBSERVED_EVALUATED_POPULATION_EXTREMA_NOT_EXTRAPOLATION_PERMISSION,FIXED
oneD_v2_dbtt_R_7c97a4f496b2504a,7c97a4f496b2504acc6d1b4bab18a8ba42e11eddb6eab339e039299df966e918,DBTT,taylor_exp_n,0.5389550719410181,dimensionless,FIXED_IN_FOCUSED_SEARCH,0.5389550719410181,0.5389550719410181,OBSERVED_EVALUATED_POPULATION_EXTREMA_NOT_EXTRAPOLATION_PERMISSION,FIXED
oneD_v2_dbtt_R_7c97a4f496b2504a,7c97a4f496b2504acc6d1b4bab18a8ba42e11eddb6eab339e039299df966e918,DBTT,taylor_nu0_s,100000000000.0,s^-1,FIXED_IN_FOCUSED_SEARCH,100000000000.0,100000000000.0,OBSERVED_EVALUATED_POPULATION_EXTREMA_NOT_EXTRAPOLATION_PERMISSION,FIXED
oneD_v2_dbtt_R_7c97a4f496b2504a,7c97a4f496b2504acc6d1b4bab18a8ba42e11eddb6eab339e039299df966e918,DBTT,rho_source0_m2,6231585698771533.0,m^-2,LOG10_MULTIPLICATIVE_AROUND_CONTROL_PLUS_DIRECTED_AND_MORPH_ROWS,24807485494445.152,6231585698771533.0,OBSERVED_EVALUATED_POPULATION_EXTREMA_NOT_EXTRAPOLATION_PERMISSION,ACTIVE_SEARCHED_OR_ARCHIVED_MORPH
oneD_v2_dbtt_R_7c97a4f496b2504a,7c97a4f496b2504acc6d1b4bab18a8ba42e11eddb6eab339e039299df966e918,DBTT,taylor_corr_rho_c_m2,4282219954775941.0,m^-2,LOG10_MULTIPLICATIVE_AROUND_CONTROL_PLUS_DIRECTED_AND_MORPH_ROWS,1576167365371.657,4282219954775941.0,OBSERVED_EVALUATED_POPULATION_EXTREMA_NOT_EXTRAPOLATION_PERMISSION,ACTIVE_SEARCHED_OR_ARCHIVED_MORPH
oneD_v2_dbtt_R_7c97a4f496b2504a,7c97a4f496b2504acc6d1b4bab18a8ba42e11eddb6eab339e039299df966e918,DBTT,taylor_corr_scale,0.7937263741000115,dimensionless,LOG10_MULTIPLICATIVE_AROUND_CONTROL_PLUS_DIRECTED_AND_MORPH_ROWS,0.3430759927708866,2.770513189284223,OBSERVED_EVALUATED_POPULATION_EXTREMA_NOT_EXTRAPOLATION_PERMISSION,ACTIVE_SEARCHED_OR_ARCHIVED_MORPH
oneD_v2_dbtt_R_7c97a4f496b2504a,7c97a4f496b2504acc6d1b4bab18a8ba42e11eddb6eab339e039299df966e918,DBTT,c_blunt,1.318464392315671,dimensionless,LOG10_MULTIPLICATIVE_AROUND_CONTROL_PLUS_DIRECTED_AND_MORPH_ROWS,1.0776162722416116,7.318183428715671,OBSERVED_EVALUATED_POPULATION_EXTREMA_NOT_EXTRAPOLATION_PERMISSION,ACTIVE_SEARCHED_OR_ARCHIVED_MORPH
oneD_v2_dbtt_R_9f5160f509e713e2,9f5160f509e713e256ea747e2549d05063d6a269258810b4348dcb4bc7fa9d59,DBTT,Tref_K,481.33,K,FIXED_IN_FOCUSED_SEARCH,481.33,481.33,OBSERVED_EVALUATED_POPULATION_EXTREMA_NOT_EXTRAPOLATION_PERMISSION,FIXED
oneD_v2_dbtt_R_9f5160f509e713e2,9f5160f509e713e256ea747e2549d05063d6a269258810b4348dcb4bc7fa9d59,DBTT,cleave_G00_eV,2.008633966829803,eV,LOG10_MULTIPLICATIVE_AROUND_CONTROL_PLUS_DIRECTED_AND_MORPH_ROWS,1.3661294618621005,4.088341932426187,OBSERVED_EVALUATED_POPULATION_EXTREMA_NOT_EXTRAPOLATION_PERMISSION,ACTIVE_SEARCHED_OR_ARCHIVED_MORPH
oneD_v2_dbtt_R_9f5160f509e713e2,9f5160f509e713e256ea747e2549d05063d6a269258810b4348dcb4bc7fa9d59,DBTT,cleave_gT_eV_per_K,0.0063754405694973395,K,SIGNED_ADDITIVE_AROUND_CONTROL_PLUS_DIRECTED_AND_MORPH_ROWS,0.002268368939134249,0.008931572897448769,OBSERVED_EVALUATED_POPULATION_EXTREMA_NOT_EXTRAPOLATION_PERMISSION,ACTIVE_SEARCHED_OR_ARCHIVED_MORPH
oneD_v2_dbtt_R_9f5160f509e713e2,9f5160f509e713e256ea747e2549d05063d6a269258810b4348dcb4bc7fa9d59,DBTT,cleave_sigc0_GPa,6.871849853835221,GPa,LOG10_MULTIPLICATIVE_AROUND_CONTROL_PLUS_DIRECTED_AND_MORPH_ROWS,4.097725009419965,11.16820414360279,OBSERVED_EVALUATED_POPULATION_EXTREMA_NOT_EXTRAPOLATION_PERMISSION,ACTIVE_SEARCHED_OR_ARCHIVED_MORPH
oneD_v2_dbtt_R_9f5160f509e713e2,9f5160f509e713e256ea747e2549d05063d6a269258810b4348dcb4bc7fa9d59,DBTT,cleave_sT_GPa_per_K,-0.00046541699849512563,K,SIGNED_ADDITIVE_AROUND_CONTROL_PLUS_DIRECTED_AND_MORPH_ROWS,-0.0024876615358664362,0.00307726434199135,OBSERVED_EVALUATED_POPULATION_EXTREMA_NOT_EXTRAPOLATION_PERMISSION,ACTIVE_SEARCHED_OR_ARCHIVED_MORPH
oneD_v2_dbtt_R_9f5160f509e713e2,9f5160f509e713e256ea747e2549d05063d6a269258810b4348dcb4bc7fa9d59,DBTT,cleave_exp_a,0.37281658310123506,dimensionless,LOG10_MULTIPLICATIVE_AROUND_CONTROL_PLUS_DIRECTED_AND_MORPH_ROWS,0.1752833570144279,0.848760412610794,OBSERVED_EVALUATED_POPULATION_EXTREMA_NOT_EXTRAPOLATION_PERMISSION,ACTIVE_SEARCHED_OR_ARCHIVED_MORPH
oneD_v2_dbtt_R_9f5160f509e713e2,9f5160f509e713e256ea747e2549d05063d6a269258810b4348dcb4bc7fa9d59,DBTT,cleave_exp_n,2.0728245691276466,dimensionless,LOG10_MULTIPLICATIVE_AROUND_CONTROL_PLUS_DIRECTED_AND_MORPH_ROWS,1.2032811342047471,3.945134818293807,OBSERVED_EVALUATED_POPULATION_EXTREMA_NOT_EXTRAPOLATION_PERMISSION,ACTIVE_SEARCHED_OR_ARCHIVED_MORPH
oneD_v2_dbtt_R_9f5160f509e713e2,9f5160f509e713e256ea747e2549d05063d6a269258810b4348dcb4bc7fa9d59,DBTT,cleave_floor_frac,0.026239358201278,dimensionless,FIXED_IN_FOCUSED_SEARCH,0.026239358201278,0.026239358201278,OBSERVED_EVALUATED_POPULATION_EXTREMA_NOT_EXTRAPOLATION_PERMISSION,FIXED
oneD_v2_dbtt_R_9f5160f509e713e2,9f5160f509e713e256ea747e2549d05063d6a269258810b4348dcb4bc7fa9d59,DBTT,emit_G00_eV,3.4949424819947663,eV,LOG10_MULTIPLICATIVE_AROUND_CONTROL_PLUS_DIRECTED_AND_MORPH_ROWS,1.7603579627164792,6.3475485376683976,OBSERVED_EVALUATED_POPULATION_EXTREMA_NOT_EXTRAPOLATION_PERMISSION,ACTIVE_SEARCHED_OR_ARCHIVED_MORPH
oneD_v2_dbtt_R_9f5160f509e713e2,9f5160f509e713e256ea747e2549d05063d6a269258810b4348dcb4bc7fa9d59,DBTT,emit_gT_eV_per_K,0.0035428968016845155,K,SIGNED_ADDITIVE_AROUND_CONTROL_PLUS_DIRECTED_AND_MORPH_ROWS,0.0016550063225440998,0.009859655792548112,OBSERVED_EVALUATED_POPULATION_EXTREMA_NOT_EXTRAPOLATION_PERMISSION,ACTIVE_SEARCHED_OR_ARCHIVED_MORPH
oneD_v2_dbtt_R_9f5160f509e713e2,9f5160f509e713e256ea747e2549d05063d6a269258810b4348dcb4bc7fa9d59,DBTT,emit_sigc0_GPa,3.8464952265101164,GPa,LOG10_MULTIPLICATIVE_AROUND_CONTROL_PLUS_DIRECTED_AND_MORPH_ROWS,1.2535612139585792,5.907084640718761,OBSERVED_EVALUATED_POPULATION_EXTREMA_NOT_EXTRAPOLATION_PERMISSION,ACTIVE_SEARCHED_OR_ARCHIVED_MORPH
oneD_v2_dbtt_R_9f5160f509e713e2,9f5160f509e713e256ea747e2549d05063d6a269258810b4348dcb4bc7fa9d59,DBTT,emit_sT_GPa_per_K,-0.006247799493564789,K,SIGNED_ADDITIVE_AROUND_CONTROL_PLUS_DIRECTED_AND_MORPH_ROWS,-0.00834500286986884,0.00235836699511855,OBSERVED_EVALUATED_POPULATION_EXTREMA_NOT_EXTRAPOLATION_PERMISSION,ACTIVE_SEARCHED_OR_ARCHIVED_MORPH
oneD_v2_dbtt_R_9f5160f509e713e2,9f5160f509e713e256ea747e2549d05063d6a269258810b4348dcb4bc7fa9d59,DBTT,emit_exp_a,0.21882931831669378,dimensionless,LOG10_MULTIPLICATIVE_AROUND_CONTROL_PLUS_DIRECTED_AND_MORPH_ROWS,0.09495684507018155,0.43713746867803693,OBSERVED_EVALUATED_POPULATION_EXTREMA_NOT_EXTRAPOLATION_PERMISSION,ACTIVE_SEARCHED_OR_ARCHIVED_MORPH
oneD_v2_dbtt_R_9f5160f509e713e2,9f5160f509e713e256ea747e2549d05063d6a269258810b4348dcb4bc7fa9d59,DBTT,emit_exp_n,0.5337540849873799,dimensionless,LOG10_MULTIPLICATIVE_AROUND_CONTROL_PLUS_DIRECTED_AND_MORPH_ROWS,0.31279428560708195,1.1133888408447044,OBSERVED_EVALUATED_POPULATION_EXTREMA_NOT_EXTRAPOLATION_PERMISSION,ACTIVE_SEARCHED_OR_ARCHIVED_MORPH
oneD_v2_dbtt_R_9f5160f509e713e2,9f5160f509e713e256ea747e2549d05063d6a269258810b4348dcb4bc7fa9d59,DBTT,emit_floor_frac,0.0103682254353579,dimensionless,FIXED_IN_FOCUSED_SEARCH,0.0103682254353579,0.0103682254353579,OBSERVED_EVALUATED_POPULATION_EXTREMA_NOT_EXTRAPOLATION_PERMISSION,FIXED
oneD_v2_dbtt_R_9f5160f509e713e2,9f5160f509e713e256ea747e2549d05063d6a269258810b4348dcb4bc7fa9d59,DBTT,peierls_H0_eV,4.953553982059941,eV,LOG10_MULTIPLICATIVE_AROUND_CONTROL_PLUS_DIRECTED_AND_MORPH_ROWS,1.8216675358801595,5.848027537727703,OBSERVED_EVALUATED_POPULATION_EXTREMA_NOT_EXTRAPOLATION_PERMISSION,ACTIVE_SEARCHED_OR_ARCHIVED_MORPH
oneD_v2_dbtt_R_9f5160f509e713e2,9f5160f509e713e256ea747e2549d05063d6a269258810b4348dcb4bc7fa9d59,DBTT,peierls_activation_entropy_kB,-37.89774217673219,dimensionless,SIGNED_ADDITIVE_AROUND_CONTROL_PLUS_DIRECTED_AND_MORPH_ROWS,-57.82066778301595,-9.754573600366712,OBSERVED_EVALUATED_POPULATION_EXTREMA_NOT_EXTRAPOLATION_PERMISSION,ACTIVE_SEARCHED_OR_ARCHIVED_MORPH
oneD_v2_dbtt_R_9f5160f509e713e2,9f5160f509e713e256ea747e2549d05063d6a269258810b4348dcb4bc7fa9d59,DBTT,peierls_exp_a,1.448395521938801,dimensionless,FIXED_IN_FOCUSED_SEARCH,1.448395521938801,1.448395521938801,OBSERVED_EVALUATED_POPULATION_EXTREMA_NOT_EXTRAPOLATION_PERMISSION,FIXED
oneD_v2_dbtt_R_9f5160f509e713e2,9f5160f509e713e256ea747e2549d05063d6a269258810b4348dcb4bc7fa9d59,DBTT,peierls_exp_n,1.871259921230376,dimensionless,FIXED_IN_FOCUSED_SEARCH,1.871259921230376,1.871259921230376,OBSERVED_EVALUATED_POPULATION_EXTREMA_NOT_EXTRAPOLATION_PERMISSION,FIXED
oneD_v2_dbtt_R_9f5160f509e713e2,9f5160f509e713e256ea747e2549d05063d6a269258810b4348dcb4bc7fa9d59,DBTT,peierls_nu0_s,1000000000000.0,s^-1,FIXED_IN_FOCUSED_SEARCH,1000000000000.0,1000000000000.0,OBSERVED_EVALUATED_POPULATION_EXTREMA_NOT_EXTRAPOLATION_PERMISSION,FIXED
oneD_v2_dbtt_R_9f5160f509e713e2,9f5160f509e713e256ea747e2549d05063d6a269258810b4348dcb4bc7fa9d59,DBTT,taylor_H0_eV,1.5226765814499252,eV,LOG10_MULTIPLICATIVE_AROUND_CONTROL_PLUS_DIRECTED_AND_MORPH_ROWS,0.4374451222461706,2.472370506471178,OBSERVED_EVALUATED_POPULATION_EXTREMA_NOT_EXTRAPOLATION_PERMISSION,ACTIVE_SEARCHED_OR_ARCHIVED_MORPH
oneD_v2_dbtt_R_9f5160f509e713e2,9f5160f509e713e256ea747e2549d05063d6a269258810b4348dcb4bc7fa9d59,DBTT,taylor_activation_entropy_kB,30.021098451532534,dimensionless,SIGNED_ADDITIVE_AROUND_CONTROL_PLUS_DIRECTED_AND_MORPH_ROWS,2.7084908448159695,49.98485553432123,OBSERVED_EVALUATED_POPULATION_EXTREMA_NOT_EXTRAPOLATION_PERMISSION,ACTIVE_SEARCHED_OR_ARCHIVED_MORPH
oneD_v2_dbtt_R_9f5160f509e713e2,9f5160f509e713e256ea747e2549d05063d6a269258810b4348dcb4bc7fa9d59,DBTT,taylor_exp_a,0.7048910272121429,dimensionless,FIXED_IN_FOCUSED_SEARCH,0.7048910272121429,0.7048910272121429,OBSERVED_EVALUATED_POPULATION_EXTREMA_NOT_EXTRAPOLATION_PERMISSION,FIXED
oneD_v2_dbtt_R_9f5160f509e713e2,9f5160f509e713e256ea747e2549d05063d6a269258810b4348dcb4bc7fa9d59,DBTT,taylor_exp_n,0.5389550719410181,dimensionless,FIXED_IN_FOCUSED_SEARCH,0.5389550719410181,0.5389550719410181,OBSERVED_EVALUATED_POPULATION_EXTREMA_NOT_EXTRAPOLATION_PERMISSION,FIXED
oneD_v2_dbtt_R_9f5160f509e713e2,9f5160f509e713e256ea747e2549d05063d6a269258810b4348dcb4bc7fa9d59,DBTT,taylor_nu0_s,100000000000.0,s^-1,FIXED_IN_FOCUSED_SEARCH,100000000000.0,100000000000.0,OBSERVED_EVALUATED_POPULATION_EXTREMA_NOT_EXTRAPOLATION_PERMISSION,FIXED
oneD_v2_dbtt_R_9f5160f509e713e2,9f5160f509e713e256ea747e2549d05063d6a269258810b4348dcb4bc7fa9d59,DBTT,rho_source0_m2,752297186052096.9,m^-2,LOG10_MULTIPLICATIVE_AROUND_CONTROL_PLUS_DIRECTED_AND_MORPH_ROWS,24807485494445.152,6231585698771533.0,OBSERVED_EVALUATED_POPULATION_EXTREMA_NOT_EXTRAPOLATION_PERMISSION,ACTIVE_SEARCHED_OR_ARCHIVED_MORPH
oneD_v2_dbtt_R_9f5160f509e713e2,9f5160f509e713e256ea747e2549d05063d6a269258810b4348dcb4bc7fa9d59,DBTT,taylor_corr_rho_c_m2,39933150707666.805,m^-2,LOG10_MULTIPLICATIVE_AROUND_CONTROL_PLUS_DIRECTED_AND_MORPH_ROWS,1576167365371.657,4282219954775941.0,OBSERVED_EVALUATED_POPULATION_EXTREMA_NOT_EXTRAPOLATION_PERMISSION,ACTIVE_SEARCHED_OR_ARCHIVED_MORPH
oneD_v2_dbtt_R_9f5160f509e713e2,9f5160f509e713e256ea747e2549d05063d6a269258810b4348dcb4bc7fa9d59,DBTT,taylor_corr_scale,0.8335919047629173,dimensionless,LOG10_MULTIPLICATIVE_AROUND_CONTROL_PLUS_DIRECTED_AND_MORPH_ROWS,0.3430759927708866,2.770513189284223,OBSERVED_EVALUATED_POPULATION_EXTREMA_NOT_EXTRAPOLATION_PERMISSION,ACTIVE_SEARCHED_OR_ARCHIVED_MORPH
oneD_v2_dbtt_R_9f5160f509e713e2,9f5160f509e713e256ea747e2549d05063d6a269258810b4348dcb4bc7fa9d59,DBTT,c_blunt,1.7529365082089903,dimensionless,LOG10_MULTIPLICATIVE_AROUND_CONTROL_PLUS_DIRECTED_AND_MORPH_ROWS,1.0776162722416116,7.318183428715671,OBSERVED_EVALUATED_POPULATION_EXTREMA_NOT_EXTRAPOLATION_PERMISSION,ACTIVE_SEARCHED_OR_ARCHIVED_MORPH
oneD_v2_dbtt_R_b2538fe6640d6642,b2538fe6640d6642724d3c1a702bcc290976271a81e9baa22e733c65141a8927,DBTT,Tref_K,481.33,K,FIXED_IN_FOCUSED_SEARCH,481.33,481.33,OBSERVED_EVALUATED_POPULATION_EXTREMA_NOT_EXTRAPOLATION_PERMISSION,FIXED
oneD_v2_dbtt_R_b2538fe6640d6642,b2538fe6640d6642724d3c1a702bcc290976271a81e9baa22e733c65141a8927,DBTT,cleave_G00_eV,2.8536545826847948,eV,LOG10_MULTIPLICATIVE_AROUND_CONTROL_PLUS_DIRECTED_AND_MORPH_ROWS,1.3661294618621005,4.088341932426187,OBSERVED_EVALUATED_POPULATION_EXTREMA_NOT_EXTRAPOLATION_PERMISSION,ACTIVE_SEARCHED_OR_ARCHIVED_MORPH
oneD_v2_dbtt_R_b2538fe6640d6642,b2538fe6640d6642724d3c1a702bcc290976271a81e9baa22e733c65141a8927,DBTT,cleave_gT_eV_per_K,0.0030709062342066,K,SIGNED_ADDITIVE_AROUND_CONTROL_PLUS_DIRECTED_AND_MORPH_ROWS,0.002268368939134249,0.008931572897448769,OBSERVED_EVALUATED_POPULATION_EXTREMA_NOT_EXTRAPOLATION_PERMISSION,ACTIVE_SEARCHED_OR_ARCHIVED_MORPH
oneD_v2_dbtt_R_b2538fe6640d6642,b2538fe6640d6642724d3c1a702bcc290976271a81e9baa22e733c65141a8927,DBTT,cleave_sigc0_GPa,6.297721663121188,GPa,LOG10_MULTIPLICATIVE_AROUND_CONTROL_PLUS_DIRECTED_AND_MORPH_ROWS,4.097725009419965,11.16820414360279,OBSERVED_EVALUATED_POPULATION_EXTREMA_NOT_EXTRAPOLATION_PERMISSION,ACTIVE_SEARCHED_OR_ARCHIVED_MORPH
oneD_v2_dbtt_R_b2538fe6640d6642,b2538fe6640d6642724d3c1a702bcc290976271a81e9baa22e733c65141a8927,DBTT,cleave_sT_GPa_per_K,0.0028962310180068,K,SIGNED_ADDITIVE_AROUND_CONTROL_PLUS_DIRECTED_AND_MORPH_ROWS,-0.0024876615358664362,0.00307726434199135,OBSERVED_EVALUATED_POPULATION_EXTREMA_NOT_EXTRAPOLATION_PERMISSION,ACTIVE_SEARCHED_OR_ARCHIVED_MORPH
oneD_v2_dbtt_R_b2538fe6640d6642,b2538fe6640d6642724d3c1a702bcc290976271a81e9baa22e733c65141a8927,DBTT,cleave_exp_a,0.689066669046313,dimensionless,LOG10_MULTIPLICATIVE_AROUND_CONTROL_PLUS_DIRECTED_AND_MORPH_ROWS,0.1752833570144279,0.848760412610794,OBSERVED_EVALUATED_POPULATION_EXTREMA_NOT_EXTRAPOLATION_PERMISSION,ACTIVE_SEARCHED_OR_ARCHIVED_MORPH
oneD_v2_dbtt_R_b2538fe6640d6642,b2538fe6640d6642724d3c1a702bcc290976271a81e9baa22e733c65141a8927,DBTT,cleave_exp_n,1.9474737112355645,dimensionless,LOG10_MULTIPLICATIVE_AROUND_CONTROL_PLUS_DIRECTED_AND_MORPH_ROWS,1.2032811342047471,3.945134818293807,OBSERVED_EVALUATED_POPULATION_EXTREMA_NOT_EXTRAPOLATION_PERMISSION,ACTIVE_SEARCHED_OR_ARCHIVED_MORPH
oneD_v2_dbtt_R_b2538fe6640d6642,b2538fe6640d6642724d3c1a702bcc290976271a81e9baa22e733c65141a8927,DBTT,cleave_floor_frac,0.026239358201278,dimensionless,FIXED_IN_FOCUSED_SEARCH,0.026239358201278,0.026239358201278,OBSERVED_EVALUATED_POPULATION_EXTREMA_NOT_EXTRAPOLATION_PERMISSION,FIXED
oneD_v2_dbtt_R_b2538fe6640d6642,b2538fe6640d6642724d3c1a702bcc290976271a81e9baa22e733c65141a8927,DBTT,emit_G00_eV,3.3300922315653914,eV,LOG10_MULTIPLICATIVE_AROUND_CONTROL_PLUS_DIRECTED_AND_MORPH_ROWS,1.7603579627164792,6.3475485376683976,OBSERVED_EVALUATED_POPULATION_EXTREMA_NOT_EXTRAPOLATION_PERMISSION,ACTIVE_SEARCHED_OR_ARCHIVED_MORPH
oneD_v2_dbtt_R_b2538fe6640d6642,b2538fe6640d6642724d3c1a702bcc290976271a81e9baa22e733c65141a8927,DBTT,emit_gT_eV_per_K,0.00238136643497275,K,SIGNED_ADDITIVE_AROUND_CONTROL_PLUS_DIRECTED_AND_MORPH_ROWS,0.0016550063225440998,0.009859655792548112,OBSERVED_EVALUATED_POPULATION_EXTREMA_NOT_EXTRAPOLATION_PERMISSION,ACTIVE_SEARCHED_OR_ARCHIVED_MORPH
oneD_v2_dbtt_R_b2538fe6640d6642,b2538fe6640d6642724d3c1a702bcc290976271a81e9baa22e733c65141a8927,DBTT,emit_sigc0_GPa,4.6007524856563435,GPa,LOG10_MULTIPLICATIVE_AROUND_CONTROL_PLUS_DIRECTED_AND_MORPH_ROWS,1.2535612139585792,5.907084640718761,OBSERVED_EVALUATED_POPULATION_EXTREMA_NOT_EXTRAPOLATION_PERMISSION,ACTIVE_SEARCHED_OR_ARCHIVED_MORPH
oneD_v2_dbtt_R_b2538fe6640d6642,b2538fe6640d6642724d3c1a702bcc290976271a81e9baa22e733c65141a8927,DBTT,emit_sT_GPa_per_K,-0.00517711427435275,K,SIGNED_ADDITIVE_AROUND_CONTROL_PLUS_DIRECTED_AND_MORPH_ROWS,-0.00834500286986884,0.00235836699511855,OBSERVED_EVALUATED_POPULATION_EXTREMA_NOT_EXTRAPOLATION_PERMISSION,ACTIVE_SEARCHED_OR_ARCHIVED_MORPH
oneD_v2_dbtt_R_b2538fe6640d6642,b2538fe6640d6642724d3c1a702bcc290976271a81e9baa22e733c65141a8927,DBTT,emit_exp_a,0.3354394705973593,dimensionless,LOG10_MULTIPLICATIVE_AROUND_CONTROL_PLUS_DIRECTED_AND_MORPH_ROWS,0.09495684507018155,0.43713746867803693,OBSERVED_EVALUATED_POPULATION_EXTREMA_NOT_EXTRAPOLATION_PERMISSION,ACTIVE_SEARCHED_OR_ARCHIVED_MORPH
oneD_v2_dbtt_R_b2538fe6640d6642,b2538fe6640d6642724d3c1a702bcc290976271a81e9baa22e733c65141a8927,DBTT,emit_exp_n,0.7540547313243142,dimensionless,LOG10_MULTIPLICATIVE_AROUND_CONTROL_PLUS_DIRECTED_AND_MORPH_ROWS,0.31279428560708195,1.1133888408447044,OBSERVED_EVALUATED_POPULATION_EXTREMA_NOT_EXTRAPOLATION_PERMISSION,ACTIVE_SEARCHED_OR_ARCHIVED_MORPH
oneD_v2_dbtt_R_b2538fe6640d6642,b2538fe6640d6642724d3c1a702bcc290976271a81e9baa22e733c65141a8927,DBTT,emit_floor_frac,0.0103682254353579,dimensionless,FIXED_IN_FOCUSED_SEARCH,0.0103682254353579,0.0103682254353579,OBSERVED_EVALUATED_POPULATION_EXTREMA_NOT_EXTRAPOLATION_PERMISSION,FIXED
oneD_v2_dbtt_R_b2538fe6640d6642,b2538fe6640d6642724d3c1a702bcc290976271a81e9baa22e733c65141a8927,DBTT,peierls_H0_eV,4.041300807780551,eV,LOG10_MULTIPLICATIVE_AROUND_CONTROL_PLUS_DIRECTED_AND_MORPH_ROWS,1.8216675358801595,5.848027537727703,OBSERVED_EVALUATED_POPULATION_EXTREMA_NOT_EXTRAPOLATION_PERMISSION,ACTIVE_SEARCHED_OR_ARCHIVED_MORPH
oneD_v2_dbtt_R_b2538fe6640d6642,b2538fe6640d6642724d3c1a702bcc290976271a81e9baa22e733c65141a8927,DBTT,peierls_activation_entropy_kB,-18.988184724003077,dimensionless,SIGNED_ADDITIVE_AROUND_CONTROL_PLUS_DIRECTED_AND_MORPH_ROWS,-57.82066778301595,-9.754573600366712,OBSERVED_EVALUATED_POPULATION_EXTREMA_NOT_EXTRAPOLATION_PERMISSION,ACTIVE_SEARCHED_OR_ARCHIVED_MORPH
oneD_v2_dbtt_R_b2538fe6640d6642,b2538fe6640d6642724d3c1a702bcc290976271a81e9baa22e733c65141a8927,DBTT,peierls_exp_a,1.448395521938801,dimensionless,FIXED_IN_FOCUSED_SEARCH,1.448395521938801,1.448395521938801,OBSERVED_EVALUATED_POPULATION_EXTREMA_NOT_EXTRAPOLATION_PERMISSION,FIXED
oneD_v2_dbtt_R_b2538fe6640d6642,b2538fe6640d6642724d3c1a702bcc290976271a81e9baa22e733c65141a8927,DBTT,peierls_exp_n,1.871259921230376,dimensionless,FIXED_IN_FOCUSED_SEARCH,1.871259921230376,1.871259921230376,OBSERVED_EVALUATED_POPULATION_EXTREMA_NOT_EXTRAPOLATION_PERMISSION,FIXED
oneD_v2_dbtt_R_b2538fe6640d6642,b2538fe6640d6642724d3c1a702bcc290976271a81e9baa22e733c65141a8927,DBTT,peierls_nu0_s,1000000000000.0,s^-1,FIXED_IN_FOCUSED_SEARCH,1000000000000.0,1000000000000.0,OBSERVED_EVALUATED_POPULATION_EXTREMA_NOT_EXTRAPOLATION_PERMISSION,FIXED
oneD_v2_dbtt_R_b2538fe6640d6642,b2538fe6640d6642724d3c1a702bcc290976271a81e9baa22e733c65141a8927,DBTT,taylor_H0_eV,1.5348910353340095,eV,LOG10_MULTIPLICATIVE_AROUND_CONTROL_PLUS_DIRECTED_AND_MORPH_ROWS,0.4374451222461706,2.472370506471178,OBSERVED_EVALUATED_POPULATION_EXTREMA_NOT_EXTRAPOLATION_PERMISSION,ACTIVE_SEARCHED_OR_ARCHIVED_MORPH
oneD_v2_dbtt_R_b2538fe6640d6642,b2538fe6640d6642724d3c1a702bcc290976271a81e9baa22e733c65141a8927,DBTT,taylor_activation_entropy_kB,27.240315601229668,dimensionless,SIGNED_ADDITIVE_AROUND_CONTROL_PLUS_DIRECTED_AND_MORPH_ROWS,2.7084908448159695,49.98485553432123,OBSERVED_EVALUATED_POPULATION_EXTREMA_NOT_EXTRAPOLATION_PERMISSION,ACTIVE_SEARCHED_OR_ARCHIVED_MORPH
oneD_v2_dbtt_R_b2538fe6640d6642,b2538fe6640d6642724d3c1a702bcc290976271a81e9baa22e733c65141a8927,DBTT,taylor_exp_a,0.7048910272121429,dimensionless,FIXED_IN_FOCUSED_SEARCH,0.7048910272121429,0.7048910272121429,OBSERVED_EVALUATED_POPULATION_EXTREMA_NOT_EXTRAPOLATION_PERMISSION,FIXED
oneD_v2_dbtt_R_b2538fe6640d6642,b2538fe6640d6642724d3c1a702bcc290976271a81e9baa22e733c65141a8927,DBTT,taylor_exp_n,0.5389550719410181,dimensionless,FIXED_IN_FOCUSED_SEARCH,0.5389550719410181,0.5389550719410181,OBSERVED_EVALUATED_POPULATION_EXTREMA_NOT_EXTRAPOLATION_PERMISSION,FIXED
oneD_v2_dbtt_R_b2538fe6640d6642,b2538fe6640d6642724d3c1a702bcc290976271a81e9baa22e733c65141a8927,DBTT,taylor_nu0_s,100000000000.0,s^-1,FIXED_IN_FOCUSED_SEARCH,100000000000.0,100000000000.0,OBSERVED_EVALUATED_POPULATION_EXTREMA_NOT_EXTRAPOLATION_PERMISSION,FIXED
oneD_v2_dbtt_R_b2538fe6640d6642,b2538fe6640d6642724d3c1a702bcc290976271a81e9baa22e733c65141a8927,DBTT,rho_source0_m2,941774034579828.9,m^-2,LOG10_MULTIPLICATIVE_AROUND_CONTROL_PLUS_DIRECTED_AND_MORPH_ROWS,24807485494445.152,6231585698771533.0,OBSERVED_EVALUATED_POPULATION_EXTREMA_NOT_EXTRAPOLATION_PERMISSION,ACTIVE_SEARCHED_OR_ARCHIVED_MORPH
oneD_v2_dbtt_R_b2538fe6640d6642,b2538fe6640d6642724d3c1a702bcc290976271a81e9baa22e733c65141a8927,DBTT,taylor_corr_rho_c_m2,488990881992549.8,m^-2,LOG10_MULTIPLICATIVE_AROUND_CONTROL_PLUS_DIRECTED_AND_MORPH_ROWS,1576167365371.657,4282219954775941.0,OBSERVED_EVALUATED_POPULATION_EXTREMA_NOT_EXTRAPOLATION_PERMISSION,ACTIVE_SEARCHED_OR_ARCHIVED_MORPH
oneD_v2_dbtt_R_b2538fe6640d6642,b2538fe6640d6642724d3c1a702bcc290976271a81e9baa22e733c65141a8927,DBTT,taylor_corr_scale,1.2147101773938487,dimensionless,LOG10_MULTIPLICATIVE_AROUND_CONTROL_PLUS_DIRECTED_AND_MORPH_ROWS,0.3430759927708866,2.770513189284223,OBSERVED_EVALUATED_POPULATION_EXTREMA_NOT_EXTRAPOLATION_PERMISSION,ACTIVE_SEARCHED_OR_ARCHIVED_MORPH
oneD_v2_dbtt_R_b2538fe6640d6642,b2538fe6640d6642724d3c1a702bcc290976271a81e9baa22e733c65141a8927,DBTT,c_blunt,1.999280030964998,dimensionless,LOG10_MULTIPLICATIVE_AROUND_CONTROL_PLUS_DIRECTED_AND_MORPH_ROWS,1.0776162722416116,7.318183428715671,OBSERVED_EVALUATED_POPULATION_EXTREMA_NOT_EXTRAPOLATION_PERMISSION,ACTIVE_SEARCHED_OR_ARCHIVED_MORPH
oneD_v2_dbtt_R_c2dabb42101cf812,c2dabb42101cf8128031f0f082da14fb74123ba518e9982f23bb277d4b140a5d,DBTT,Tref_K,481.33,K,FIXED_IN_FOCUSED_SEARCH,481.33,481.33,OBSERVED_EVALUATED_POPULATION_EXTREMA_NOT_EXTRAPOLATION_PERMISSION,FIXED
oneD_v2_dbtt_R_c2dabb42101cf812,c2dabb42101cf8128031f0f082da14fb74123ba518e9982f23bb277d4b140a5d,DBTT,cleave_G00_eV,1.623963668731628,eV,LOG10_MULTIPLICATIVE_AROUND_CONTROL_PLUS_DIRECTED_AND_MORPH_ROWS,1.3661294618621005,4.088341932426187,OBSERVED_EVALUATED_POPULATION_EXTREMA_NOT_EXTRAPOLATION_PERMISSION,ACTIVE_SEARCHED_OR_ARCHIVED_MORPH
oneD_v2_dbtt_R_c2dabb42101cf812,c2dabb42101cf8128031f0f082da14fb74123ba518e9982f23bb277d4b140a5d,DBTT,cleave_gT_eV_per_K,0.0025521865665140663,K,SIGNED_ADDITIVE_AROUND_CONTROL_PLUS_DIRECTED_AND_MORPH_ROWS,0.002268368939134249,0.008931572897448769,OBSERVED_EVALUATED_POPULATION_EXTREMA_NOT_EXTRAPOLATION_PERMISSION,ACTIVE_SEARCHED_OR_ARCHIVED_MORPH
oneD_v2_dbtt_R_c2dabb42101cf812,c2dabb42101cf8128031f0f082da14fb74123ba518e9982f23bb277d4b140a5d,DBTT,cleave_sigc0_GPa,10.55714183678247,GPa,LOG10_MULTIPLICATIVE_AROUND_CONTROL_PLUS_DIRECTED_AND_MORPH_ROWS,4.097725009419965,11.16820414360279,OBSERVED_EVALUATED_POPULATION_EXTREMA_NOT_EXTRAPOLATION_PERMISSION,ACTIVE_SEARCHED_OR_ARCHIVED_MORPH
oneD_v2_dbtt_R_c2dabb42101cf812,c2dabb42101cf8128031f0f082da14fb74123ba518e9982f23bb277d4b140a5d,DBTT,cleave_sT_GPa_per_K,-0.0007563298158554835,K,SIGNED_ADDITIVE_AROUND_CONTROL_PLUS_DIRECTED_AND_MORPH_ROWS,-0.0024876615358664362,0.00307726434199135,OBSERVED_EVALUATED_POPULATION_EXTREMA_NOT_EXTRAPOLATION_PERMISSION,ACTIVE_SEARCHED_OR_ARCHIVED_MORPH
oneD_v2_dbtt_R_c2dabb42101cf812,c2dabb42101cf8128031f0f082da14fb74123ba518e9982f23bb277d4b140a5d,DBTT,cleave_exp_a,0.4541669420804756,dimensionless,LOG10_MULTIPLICATIVE_AROUND_CONTROL_PLUS_DIRECTED_AND_MORPH_ROWS,0.1752833570144279,0.848760412610794,OBSERVED_EVALUATED_POPULATION_EXTREMA_NOT_EXTRAPOLATION_PERMISSION,ACTIVE_SEARCHED_OR_ARCHIVED_MORPH
oneD_v2_dbtt_R_c2dabb42101cf812,c2dabb42101cf8128031f0f082da14fb74123ba518e9982f23bb277d4b140a5d,DBTT,cleave_exp_n,2.740225643591671,dimensionless,LOG10_MULTIPLICATIVE_AROUND_CONTROL_PLUS_DIRECTED_AND_MORPH_ROWS,1.2032811342047471,3.945134818293807,OBSERVED_EVALUATED_POPULATION_EXTREMA_NOT_EXTRAPOLATION_PERMISSION,ACTIVE_SEARCHED_OR_ARCHIVED_MORPH
oneD_v2_dbtt_R_c2dabb42101cf812,c2dabb42101cf8128031f0f082da14fb74123ba518e9982f23bb277d4b140a5d,DBTT,cleave_floor_frac,0.026239358201278,dimensionless,FIXED_IN_FOCUSED_SEARCH,0.026239358201278,0.026239358201278,OBSERVED_EVALUATED_POPULATION_EXTREMA_NOT_EXTRAPOLATION_PERMISSION,FIXED
oneD_v2_dbtt_R_c2dabb42101cf812,c2dabb42101cf8128031f0f082da14fb74123ba518e9982f23bb277d4b140a5d,DBTT,emit_G00_eV,3.38114345618304,eV,LOG10_MULTIPLICATIVE_AROUND_CONTROL_PLUS_DIRECTED_AND_MORPH_ROWS,1.7603579627164792,6.3475485376683976,OBSERVED_EVALUATED_POPULATION_EXTREMA_NOT_EXTRAPOLATION_PERMISSION,ACTIVE_SEARCHED_OR_ARCHIVED_MORPH
oneD_v2_dbtt_R_c2dabb42101cf812,c2dabb42101cf8128031f0f082da14fb74123ba518e9982f23bb277d4b140a5d,DBTT,emit_gT_eV_per_K,0.007087166711836618,K,SIGNED_ADDITIVE_AROUND_CONTROL_PLUS_DIRECTED_AND_MORPH_ROWS,0.0016550063225440998,0.009859655792548112,OBSERVED_EVALUATED_POPULATION_EXTREMA_NOT_EXTRAPOLATION_PERMISSION,ACTIVE_SEARCHED_OR_ARCHIVED_MORPH
oneD_v2_dbtt_R_c2dabb42101cf812,c2dabb42101cf8128031f0f082da14fb74123ba518e9982f23bb277d4b140a5d,DBTT,emit_sigc0_GPa,1.6625839864848888,GPa,LOG10_MULTIPLICATIVE_AROUND_CONTROL_PLUS_DIRECTED_AND_MORPH_ROWS,1.2535612139585792,5.907084640718761,OBSERVED_EVALUATED_POPULATION_EXTREMA_NOT_EXTRAPOLATION_PERMISSION,ACTIVE_SEARCHED_OR_ARCHIVED_MORPH
oneD_v2_dbtt_R_c2dabb42101cf812,c2dabb42101cf8128031f0f082da14fb74123ba518e9982f23bb277d4b140a5d,DBTT,emit_sT_GPa_per_K,-0.007534375211929468,K,SIGNED_ADDITIVE_AROUND_CONTROL_PLUS_DIRECTED_AND_MORPH_ROWS,-0.00834500286986884,0.00235836699511855,OBSERVED_EVALUATED_POPULATION_EXTREMA_NOT_EXTRAPOLATION_PERMISSION,ACTIVE_SEARCHED_OR_ARCHIVED_MORPH
oneD_v2_dbtt_R_c2dabb42101cf812,c2dabb42101cf8128031f0f082da14fb74123ba518e9982f23bb277d4b140a5d,DBTT,emit_exp_a,0.2432531368142687,dimensionless,LOG10_MULTIPLICATIVE_AROUND_CONTROL_PLUS_DIRECTED_AND_MORPH_ROWS,0.09495684507018155,0.43713746867803693,OBSERVED_EVALUATED_POPULATION_EXTREMA_NOT_EXTRAPOLATION_PERMISSION,ACTIVE_SEARCHED_OR_ARCHIVED_MORPH
oneD_v2_dbtt_R_c2dabb42101cf812,c2dabb42101cf8128031f0f082da14fb74123ba518e9982f23bb277d4b140a5d,DBTT,emit_exp_n,0.43788840657854566,dimensionless,LOG10_MULTIPLICATIVE_AROUND_CONTROL_PLUS_DIRECTED_AND_MORPH_ROWS,0.31279428560708195,1.1133888408447044,OBSERVED_EVALUATED_POPULATION_EXTREMA_NOT_EXTRAPOLATION_PERMISSION,ACTIVE_SEARCHED_OR_ARCHIVED_MORPH
oneD_v2_dbtt_R_c2dabb42101cf812,c2dabb42101cf8128031f0f082da14fb74123ba518e9982f23bb277d4b140a5d,DBTT,emit_floor_frac,0.0103682254353579,dimensionless,FIXED_IN_FOCUSED_SEARCH,0.0103682254353579,0.0103682254353579,OBSERVED_EVALUATED_POPULATION_EXTREMA_NOT_EXTRAPOLATION_PERMISSION,FIXED
oneD_v2_dbtt_R_c2dabb42101cf812,c2dabb42101cf8128031f0f082da14fb74123ba518e9982f23bb277d4b140a5d,DBTT,peierls_H0_eV,3.206199759724107,eV,LOG10_MULTIPLICATIVE_AROUND_CONTROL_PLUS_DIRECTED_AND_MORPH_ROWS,1.8216675358801595,5.848027537727703,OBSERVED_EVALUATED_POPULATION_EXTREMA_NOT_EXTRAPOLATION_PERMISSION,ACTIVE_SEARCHED_OR_ARCHIVED_MORPH
oneD_v2_dbtt_R_c2dabb42101cf812,c2dabb42101cf8128031f0f082da14fb74123ba518e9982f23bb277d4b140a5d,DBTT,peierls_activation_entropy_kB,-47.210183920055506,dimensionless,SIGNED_ADDITIVE_AROUND_CONTROL_PLUS_DIRECTED_AND_MORPH_ROWS,-57.82066778301595,-9.754573600366712,OBSERVED_EVALUATED_POPULATION_EXTREMA_NOT_EXTRAPOLATION_PERMISSION,ACTIVE_SEARCHED_OR_ARCHIVED_MORPH
oneD_v2_dbtt_R_c2dabb42101cf812,c2dabb42101cf8128031f0f082da14fb74123ba518e9982f23bb277d4b140a5d,DBTT,peierls_exp_a,1.448395521938801,dimensionless,FIXED_IN_FOCUSED_SEARCH,1.448395521938801,1.448395521938801,OBSERVED_EVALUATED_POPULATION_EXTREMA_NOT_EXTRAPOLATION_PERMISSION,FIXED
oneD_v2_dbtt_R_c2dabb42101cf812,c2dabb42101cf8128031f0f082da14fb74123ba518e9982f23bb277d4b140a5d,DBTT,peierls_exp_n,1.871259921230376,dimensionless,FIXED_IN_FOCUSED_SEARCH,1.871259921230376,1.871259921230376,OBSERVED_EVALUATED_POPULATION_EXTREMA_NOT_EXTRAPOLATION_PERMISSION,FIXED
oneD_v2_dbtt_R_c2dabb42101cf812,c2dabb42101cf8128031f0f082da14fb74123ba518e9982f23bb277d4b140a5d,DBTT,peierls_nu0_s,1000000000000.0,s^-1,FIXED_IN_FOCUSED_SEARCH,1000000000000.0,1000000000000.0,OBSERVED_EVALUATED_POPULATION_EXTREMA_NOT_EXTRAPOLATION_PERMISSION,FIXED
oneD_v2_dbtt_R_c2dabb42101cf812,c2dabb42101cf8128031f0f082da14fb74123ba518e9982f23bb277d4b140a5d,DBTT,taylor_H0_eV,1.31810326251791,eV,LOG10_MULTIPLICATIVE_AROUND_CONTROL_PLUS_DIRECTED_AND_MORPH_ROWS,0.4374451222461706,2.472370506471178,OBSERVED_EVALUATED_POPULATION_EXTREMA_NOT_EXTRAPOLATION_PERMISSION,ACTIVE_SEARCHED_OR_ARCHIVED_MORPH
oneD_v2_dbtt_R_c2dabb42101cf812,c2dabb42101cf8128031f0f082da14fb74123ba518e9982f23bb277d4b140a5d,DBTT,taylor_activation_entropy_kB,38.65403038066854,dimensionless,SIGNED_ADDITIVE_AROUND_CONTROL_PLUS_DIRECTED_AND_MORPH_ROWS,2.7084908448159695,49.98485553432123,OBSERVED_EVALUATED_POPULATION_EXTREMA_NOT_EXTRAPOLATION_PERMISSION,ACTIVE_SEARCHED_OR_ARCHIVED_MORPH
oneD_v2_dbtt_R_c2dabb42101cf812,c2dabb42101cf8128031f0f082da14fb74123ba518e9982f23bb277d4b140a5d,DBTT,taylor_exp_a,0.7048910272121429,dimensionless,FIXED_IN_FOCUSED_SEARCH,0.7048910272121429,0.7048910272121429,OBSERVED_EVALUATED_POPULATION_EXTREMA_NOT_EXTRAPOLATION_PERMISSION,FIXED
oneD_v2_dbtt_R_c2dabb42101cf812,c2dabb42101cf8128031f0f082da14fb74123ba518e9982f23bb277d4b140a5d,DBTT,taylor_exp_n,0.5389550719410181,dimensionless,FIXED_IN_FOCUSED_SEARCH,0.5389550719410181,0.5389550719410181,OBSERVED_EVALUATED_POPULATION_EXTREMA_NOT_EXTRAPOLATION_PERMISSION,FIXED
oneD_v2_dbtt_R_c2dabb42101cf812,c2dabb42101cf8128031f0f082da14fb74123ba518e9982f23bb277d4b140a5d,DBTT,taylor_nu0_s,100000000000.0,s^-1,FIXED_IN_FOCUSED_SEARCH,100000000000.0,100000000000.0,OBSERVED_EVALUATED_POPULATION_EXTREMA_NOT_EXTRAPOLATION_PERMISSION,FIXED
oneD_v2_dbtt_R_c2dabb42101cf812,c2dabb42101cf8128031f0f082da14fb74123ba518e9982f23bb277d4b140a5d,DBTT,rho_source0_m2,1133884674040099.0,m^-2,LOG10_MULTIPLICATIVE_AROUND_CONTROL_PLUS_DIRECTED_AND_MORPH_ROWS,24807485494445.152,6231585698771533.0,OBSERVED_EVALUATED_POPULATION_EXTREMA_NOT_EXTRAPOLATION_PERMISSION,ACTIVE_SEARCHED_OR_ARCHIVED_MORPH
oneD_v2_dbtt_R_c2dabb42101cf812,c2dabb42101cf8128031f0f082da14fb74123ba518e9982f23bb277d4b140a5d,DBTT,taylor_corr_rho_c_m2,10573536576701.426,m^-2,LOG10_MULTIPLICATIVE_AROUND_CONTROL_PLUS_DIRECTED_AND_MORPH_ROWS,1576167365371.657,4282219954775941.0,OBSERVED_EVALUATED_POPULATION_EXTREMA_NOT_EXTRAPOLATION_PERMISSION,ACTIVE_SEARCHED_OR_ARCHIVED_MORPH
oneD_v2_dbtt_R_c2dabb42101cf812,c2dabb42101cf8128031f0f082da14fb74123ba518e9982f23bb277d4b140a5d,DBTT,taylor_corr_scale,0.6272272368043287,dimensionless,LOG10_MULTIPLICATIVE_AROUND_CONTROL_PLUS_DIRECTED_AND_MORPH_ROWS,0.3430759927708866,2.770513189284223,OBSERVED_EVALUATED_POPULATION_EXTREMA_NOT_EXTRAPOLATION_PERMISSION,ACTIVE_SEARCHED_OR_ARCHIVED_MORPH
oneD_v2_dbtt_R_c2dabb42101cf812,c2dabb42101cf8128031f0f082da14fb74123ba518e9982f23bb277d4b140a5d,DBTT,c_blunt,2.702940995854627,dimensionless,LOG10_MULTIPLICATIVE_AROUND_CONTROL_PLUS_DIRECTED_AND_MORPH_ROWS,1.0776162722416116,7.318183428715671,OBSERVED_EVALUATED_POPULATION_EXTREMA_NOT_EXTRAPOLATION_PERMISSION,ACTIVE_SEARCHED_OR_ARCHIVED_MORPH
oneD_v2_dbtt_R_c4859a34963f15af,c4859a34963f15af8f0a768e9948a98385802b266845d1c9166f86669cb137c0,DBTT,Tref_K,481.33,K,FIXED_IN_FOCUSED_SEARCH,481.33,481.33,OBSERVED_EVALUATED_POPULATION_EXTREMA_NOT_EXTRAPOLATION_PERMISSION,FIXED
oneD_v2_dbtt_R_c4859a34963f15af,c4859a34963f15af8f0a768e9948a98385802b266845d1c9166f86669cb137c0,DBTT,cleave_G00_eV,1.555030574690216,eV,LOG10_MULTIPLICATIVE_AROUND_CONTROL_PLUS_DIRECTED_AND_MORPH_ROWS,1.3661294618621005,4.088341932426187,OBSERVED_EVALUATED_POPULATION_EXTREMA_NOT_EXTRAPOLATION_PERMISSION,ACTIVE_SEARCHED_OR_ARCHIVED_MORPH
oneD_v2_dbtt_R_c4859a34963f15af,c4859a34963f15af8f0a768e9948a98385802b266845d1c9166f86669cb137c0,DBTT,cleave_gT_eV_per_K,0.00476129068183239,K,SIGNED_ADDITIVE_AROUND_CONTROL_PLUS_DIRECTED_AND_MORPH_ROWS,0.002268368939134249,0.008931572897448769,OBSERVED_EVALUATED_POPULATION_EXTREMA_NOT_EXTRAPOLATION_PERMISSION,ACTIVE_SEARCHED_OR_ARCHIVED_MORPH
oneD_v2_dbtt_R_c4859a34963f15af,c4859a34963f15af8f0a768e9948a98385802b266845d1c9166f86669cb137c0,DBTT,cleave_sigc0_GPa,8.958192641825189,GPa,LOG10_MULTIPLICATIVE_AROUND_CONTROL_PLUS_DIRECTED_AND_MORPH_ROWS,4.097725009419965,11.16820414360279,OBSERVED_EVALUATED_POPULATION_EXTREMA_NOT_EXTRAPOLATION_PERMISSION,ACTIVE_SEARCHED_OR_ARCHIVED_MORPH
oneD_v2_dbtt_R_c4859a34963f15af,c4859a34963f15af8f0a768e9948a98385802b266845d1c9166f86669cb137c0,DBTT,cleave_sT_GPa_per_K,-0.00038266904151011065,K,SIGNED_ADDITIVE_AROUND_CONTROL_PLUS_DIRECTED_AND_MORPH_ROWS,-0.0024876615358664362,0.00307726434199135,OBSERVED_EVALUATED_POPULATION_EXTREMA_NOT_EXTRAPOLATION_PERMISSION,ACTIVE_SEARCHED_OR_ARCHIVED_MORPH
oneD_v2_dbtt_R_c4859a34963f15af,c4859a34963f15af8f0a768e9948a98385802b266845d1c9166f86669cb137c0,DBTT,cleave_exp_a,0.5540489718738786,dimensionless,LOG10_MULTIPLICATIVE_AROUND_CONTROL_PLUS_DIRECTED_AND_MORPH_ROWS,0.1752833570144279,0.848760412610794,OBSERVED_EVALUATED_POPULATION_EXTREMA_NOT_EXTRAPOLATION_PERMISSION,ACTIVE_SEARCHED_OR_ARCHIVED_MORPH
oneD_v2_dbtt_R_c4859a34963f15af,c4859a34963f15af8f0a768e9948a98385802b266845d1c9166f86669cb137c0,DBTT,cleave_exp_n,3.2820365214039224,dimensionless,LOG10_MULTIPLICATIVE_AROUND_CONTROL_PLUS_DIRECTED_AND_MORPH_ROWS,1.2032811342047471,3.945134818293807,OBSERVED_EVALUATED_POPULATION_EXTREMA_NOT_EXTRAPOLATION_PERMISSION,ACTIVE_SEARCHED_OR_ARCHIVED_MORPH
oneD_v2_dbtt_R_c4859a34963f15af,c4859a34963f15af8f0a768e9948a98385802b266845d1c9166f86669cb137c0,DBTT,cleave_floor_frac,0.026239358201278,dimensionless,FIXED_IN_FOCUSED_SEARCH,0.026239358201278,0.026239358201278,OBSERVED_EVALUATED_POPULATION_EXTREMA_NOT_EXTRAPOLATION_PERMISSION,FIXED
oneD_v2_dbtt_R_c4859a34963f15af,c4859a34963f15af8f0a768e9948a98385802b266845d1c9166f86669cb137c0,DBTT,emit_G00_eV,4.0323646931378665,eV,LOG10_MULTIPLICATIVE_AROUND_CONTROL_PLUS_DIRECTED_AND_MORPH_ROWS,1.7603579627164792,6.3475485376683976,OBSERVED_EVALUATED_POPULATION_EXTREMA_NOT_EXTRAPOLATION_PERMISSION,ACTIVE_SEARCHED_OR_ARCHIVED_MORPH
oneD_v2_dbtt_R_c4859a34963f15af,c4859a34963f15af8f0a768e9948a98385802b266845d1c9166f86669cb137c0,DBTT,emit_gT_eV_per_K,0.005791682350533985,K,SIGNED_ADDITIVE_AROUND_CONTROL_PLUS_DIRECTED_AND_MORPH_ROWS,0.0016550063225440998,0.009859655792548112,OBSERVED_EVALUATED_POPULATION_EXTREMA_NOT_EXTRAPOLATION_PERMISSION,ACTIVE_SEARCHED_OR_ARCHIVED_MORPH
oneD_v2_dbtt_R_c4859a34963f15af,c4859a34963f15af8f0a768e9948a98385802b266845d1c9166f86669cb137c0,DBTT,emit_sigc0_GPa,2.2555982442585365,GPa,LOG10_MULTIPLICATIVE_AROUND_CONTROL_PLUS_DIRECTED_AND_MORPH_ROWS,1.2535612139585792,5.907084640718761,OBSERVED_EVALUATED_POPULATION_EXTREMA_NOT_EXTRAPOLATION_PERMISSION,ACTIVE_SEARCHED_OR_ARCHIVED_MORPH
oneD_v2_dbtt_R_c4859a34963f15af,c4859a34963f15af8f0a768e9948a98385802b266845d1c9166f86669cb137c0,DBTT,emit_sT_GPa_per_K,-0.0056532798569228875,K,SIGNED_ADDITIVE_AROUND_CONTROL_PLUS_DIRECTED_AND_MORPH_ROWS,-0.00834500286986884,0.00235836699511855,OBSERVED_EVALUATED_POPULATION_EXTREMA_NOT_EXTRAPOLATION_PERMISSION,ACTIVE_SEARCHED_OR_ARCHIVED_MORPH
oneD_v2_dbtt_R_c4859a34963f15af,c4859a34963f15af8f0a768e9948a98385802b266845d1c9166f86669cb137c0,DBTT,emit_exp_a,0.09495684507018155,dimensionless,LOG10_MULTIPLICATIVE_AROUND_CONTROL_PLUS_DIRECTED_AND_MORPH_ROWS,0.09495684507018155,0.43713746867803693,OBSERVED_EVALUATED_POPULATION_EXTREMA_NOT_EXTRAPOLATION_PERMISSION,ACTIVE_SEARCHED_OR_ARCHIVED_MORPH
oneD_v2_dbtt_R_c4859a34963f15af,c4859a34963f15af8f0a768e9948a98385802b266845d1c9166f86669cb137c0,DBTT,emit_exp_n,0.5958818159366011,dimensionless,LOG10_MULTIPLICATIVE_AROUND_CONTROL_PLUS_DIRECTED_AND_MORPH_ROWS,0.31279428560708195,1.1133888408447044,OBSERVED_EVALUATED_POPULATION_EXTREMA_NOT_EXTRAPOLATION_PERMISSION,ACTIVE_SEARCHED_OR_ARCHIVED_MORPH
oneD_v2_dbtt_R_c4859a34963f15af,c4859a34963f15af8f0a768e9948a98385802b266845d1c9166f86669cb137c0,DBTT,emit_floor_frac,0.0103682254353579,dimensionless,FIXED_IN_FOCUSED_SEARCH,0.0103682254353579,0.0103682254353579,OBSERVED_EVALUATED_POPULATION_EXTREMA_NOT_EXTRAPOLATION_PERMISSION,FIXED
oneD_v2_dbtt_R_c4859a34963f15af,c4859a34963f15af8f0a768e9948a98385802b266845d1c9166f86669cb137c0,DBTT,peierls_H0_eV,2.8005356939452675,eV,LOG10_MULTIPLICATIVE_AROUND_CONTROL_PLUS_DIRECTED_AND_MORPH_ROWS,1.8216675358801595,5.848027537727703,OBSERVED_EVALUATED_POPULATION_EXTREMA_NOT_EXTRAPOLATION_PERMISSION,ACTIVE_SEARCHED_OR_ARCHIVED_MORPH
oneD_v2_dbtt_R_c4859a34963f15af,c4859a34963f15af8f0a768e9948a98385802b266845d1c9166f86669cb137c0,DBTT,peierls_activation_entropy_kB,-16.08780959512038,dimensionless,SIGNED_ADDITIVE_AROUND_CONTROL_PLUS_DIRECTED_AND_MORPH_ROWS,-57.82066778301595,-9.754573600366712,OBSERVED_EVALUATED_POPULATION_EXTREMA_NOT_EXTRAPOLATION_PERMISSION,ACTIVE_SEARCHED_OR_ARCHIVED_MORPH
oneD_v2_dbtt_R_c4859a34963f15af,c4859a34963f15af8f0a768e9948a98385802b266845d1c9166f86669cb137c0,DBTT,peierls_exp_a,1.448395521938801,dimensionless,FIXED_IN_FOCUSED_SEARCH,1.448395521938801,1.448395521938801,OBSERVED_EVALUATED_POPULATION_EXTREMA_NOT_EXTRAPOLATION_PERMISSION,FIXED
oneD_v2_dbtt_R_c4859a34963f15af,c4859a34963f15af8f0a768e9948a98385802b266845d1c9166f86669cb137c0,DBTT,peierls_exp_n,1.871259921230376,dimensionless,FIXED_IN_FOCUSED_SEARCH,1.871259921230376,1.871259921230376,OBSERVED_EVALUATED_POPULATION_EXTREMA_NOT_EXTRAPOLATION_PERMISSION,FIXED
oneD_v2_dbtt_R_c4859a34963f15af,c4859a34963f15af8f0a768e9948a98385802b266845d1c9166f86669cb137c0,DBTT,peierls_nu0_s,1000000000000.0,s^-1,FIXED_IN_FOCUSED_SEARCH,1000000000000.0,1000000000000.0,OBSERVED_EVALUATED_POPULATION_EXTREMA_NOT_EXTRAPOLATION_PERMISSION,FIXED
oneD_v2_dbtt_R_c4859a34963f15af,c4859a34963f15af8f0a768e9948a98385802b266845d1c9166f86669cb137c0,DBTT,taylor_H0_eV,0.9384280178774456,eV,LOG10_MULTIPLICATIVE_AROUND_CONTROL_PLUS_DIRECTED_AND_MORPH_ROWS,0.4374451222461706,2.472370506471178,OBSERVED_EVALUATED_POPULATION_EXTREMA_NOT_EXTRAPOLATION_PERMISSION,ACTIVE_SEARCHED_OR_ARCHIVED_MORPH
oneD_v2_dbtt_R_c4859a34963f15af,c4859a34963f15af8f0a768e9948a98385802b266845d1c9166f86669cb137c0,DBTT,taylor_activation_entropy_kB,25.766149126325256,dimensionless,SIGNED_ADDITIVE_AROUND_CONTROL_PLUS_DIRECTED_AND_MORPH_ROWS,2.7084908448159695,49.98485553432123,OBSERVED_EVALUATED_POPULATION_EXTREMA_NOT_EXTRAPOLATION_PERMISSION,ACTIVE_SEARCHED_OR_ARCHIVED_MORPH
oneD_v2_dbtt_R_c4859a34963f15af,c4859a34963f15af8f0a768e9948a98385802b266845d1c9166f86669cb137c0,DBTT,taylor_exp_a,0.7048910272121429,dimensionless,FIXED_IN_FOCUSED_SEARCH,0.7048910272121429,0.7048910272121429,OBSERVED_EVALUATED_POPULATION_EXTREMA_NOT_EXTRAPOLATION_PERMISSION,FIXED
oneD_v2_dbtt_R_c4859a34963f15af,c4859a34963f15af8f0a768e9948a98385802b266845d1c9166f86669cb137c0,DBTT,taylor_exp_n,0.5389550719410181,dimensionless,FIXED_IN_FOCUSED_SEARCH,0.5389550719410181,0.5389550719410181,OBSERVED_EVALUATED_POPULATION_EXTREMA_NOT_EXTRAPOLATION_PERMISSION,FIXED
oneD_v2_dbtt_R_c4859a34963f15af,c4859a34963f15af8f0a768e9948a98385802b266845d1c9166f86669cb137c0,DBTT,taylor_nu0_s,100000000000.0,s^-1,FIXED_IN_FOCUSED_SEARCH,100000000000.0,100000000000.0,OBSERVED_EVALUATED_POPULATION_EXTREMA_NOT_EXTRAPOLATION_PERMISSION,FIXED
oneD_v2_dbtt_R_c4859a34963f15af,c4859a34963f15af8f0a768e9948a98385802b266845d1c9166f86669cb137c0,DBTT,rho_source0_m2,1540295264461026.2,m^-2,LOG10_MULTIPLICATIVE_AROUND_CONTROL_PLUS_DIRECTED_AND_MORPH_ROWS,24807485494445.152,6231585698771533.0,OBSERVED_EVALUATED_POPULATION_EXTREMA_NOT_EXTRAPOLATION_PERMISSION,ACTIVE_SEARCHED_OR_ARCHIVED_MORPH
oneD_v2_dbtt_R_c4859a34963f15af,c4859a34963f15af8f0a768e9948a98385802b266845d1c9166f86669cb137c0,DBTT,taylor_corr_rho_c_m2,14521688365779.002,m^-2,LOG10_MULTIPLICATIVE_AROUND_CONTROL_PLUS_DIRECTED_AND_MORPH_ROWS,1576167365371.657,4282219954775941.0,OBSERVED_EVALUATED_POPULATION_EXTREMA_NOT_EXTRAPOLATION_PERMISSION,ACTIVE_SEARCHED_OR_ARCHIVED_MORPH
oneD_v2_dbtt_R_c4859a34963f15af,c4859a34963f15af8f0a768e9948a98385802b266845d1c9166f86669cb137c0,DBTT,taylor_corr_scale,1.0823332580836238,dimensionless,LOG10_MULTIPLICATIVE_AROUND_CONTROL_PLUS_DIRECTED_AND_MORPH_ROWS,0.3430759927708866,2.770513189284223,OBSERVED_EVALUATED_POPULATION_EXTREMA_NOT_EXTRAPOLATION_PERMISSION,ACTIVE_SEARCHED_OR_ARCHIVED_MORPH
oneD_v2_dbtt_R_c4859a34963f15af,c4859a34963f15af8f0a768e9948a98385802b266845d1c9166f86669cb137c0,DBTT,c_blunt,4.417075857697392,dimensionless,LOG10_MULTIPLICATIVE_AROUND_CONTROL_PLUS_DIRECTED_AND_MORPH_ROWS,1.0776162722416116,7.318183428715671,OBSERVED_EVALUATED_POPULATION_EXTREMA_NOT_EXTRAPOLATION_PERMISSION,ACTIVE_SEARCHED_OR_ARCHIVED_MORPH
oneD_v2_dbtt_R_c6202fa7a9fd1baf,c6202fa7a9fd1baf38f0c26150ae90b462966caac8e05c0d49988128947bdbc2,DBTT,Tref_K,481.33,K,FIXED_IN_FOCUSED_SEARCH,481.33,481.33,OBSERVED_EVALUATED_POPULATION_EXTREMA_NOT_EXTRAPOLATION_PERMISSION,FIXED
oneD_v2_dbtt_R_c6202fa7a9fd1baf,c6202fa7a9fd1baf38f0c26150ae90b462966caac8e05c0d49988128947bdbc2,DBTT,cleave_G00_eV,4.039939341327376,eV,LOG10_MULTIPLICATIVE_AROUND_CONTROL_PLUS_DIRECTED_AND_MORPH_ROWS,1.3661294618621005,4.088341932426187,OBSERVED_EVALUATED_POPULATION_EXTREMA_NOT_EXTRAPOLATION_PERMISSION,ACTIVE_SEARCHED_OR_ARCHIVED_MORPH
oneD_v2_dbtt_R_c6202fa7a9fd1baf,c6202fa7a9fd1baf38f0c26150ae90b462966caac8e05c0d49988128947bdbc2,DBTT,cleave_gT_eV_per_K,0.008508386783476696,K,SIGNED_ADDITIVE_AROUND_CONTROL_PLUS_DIRECTED_AND_MORPH_ROWS,0.002268368939134249,0.008931572897448769,OBSERVED_EVALUATED_POPULATION_EXTREMA_NOT_EXTRAPOLATION_PERMISSION,ACTIVE_SEARCHED_OR_ARCHIVED_MORPH
oneD_v2_dbtt_R_c6202fa7a9fd1baf,c6202fa7a9fd1baf38f0c26150ae90b462966caac8e05c0d49988128947bdbc2,DBTT,cleave_sigc0_GPa,4.16405266229612,GPa,LOG10_MULTIPLICATIVE_AROUND_CONTROL_PLUS_DIRECTED_AND_MORPH_ROWS,4.097725009419965,11.16820414360279,OBSERVED_EVALUATED_POPULATION_EXTREMA_NOT_EXTRAPOLATION_PERMISSION,ACTIVE_SEARCHED_OR_ARCHIVED_MORPH
oneD_v2_dbtt_R_c6202fa7a9fd1baf,c6202fa7a9fd1baf38f0c26150ae90b462966caac8e05c0d49988128947bdbc2,DBTT,cleave_sT_GPa_per_K,6.478149006786116e-05,K,SIGNED_ADDITIVE_AROUND_CONTROL_PLUS_DIRECTED_AND_MORPH_ROWS,-0.0024876615358664362,0.00307726434199135,OBSERVED_EVALUATED_POPULATION_EXTREMA_NOT_EXTRAPOLATION_PERMISSION,ACTIVE_SEARCHED_OR_ARCHIVED_MORPH
oneD_v2_dbtt_R_c6202fa7a9fd1baf,c6202fa7a9fd1baf38f0c26150ae90b462966caac8e05c0d49988128947bdbc2,DBTT,cleave_exp_a,0.3294708936509848,dimensionless,LOG10_MULTIPLICATIVE_AROUND_CONTROL_PLUS_DIRECTED_AND_MORPH_ROWS,0.1752833570144279,0.848760412610794,OBSERVED_EVALUATED_POPULATION_EXTREMA_NOT_EXTRAPOLATION_PERMISSION,ACTIVE_SEARCHED_OR_ARCHIVED_MORPH
oneD_v2_dbtt_R_c6202fa7a9fd1baf,c6202fa7a9fd1baf38f0c26150ae90b462966caac8e05c0d49988128947bdbc2,DBTT,cleave_exp_n,2.551694137189805,dimensionless,LOG10_MULTIPLICATIVE_AROUND_CONTROL_PLUS_DIRECTED_AND_MORPH_ROWS,1.2032811342047471,3.945134818293807,OBSERVED_EVALUATED_POPULATION_EXTREMA_NOT_EXTRAPOLATION_PERMISSION,ACTIVE_SEARCHED_OR_ARCHIVED_MORPH
oneD_v2_dbtt_R_c6202fa7a9fd1baf,c6202fa7a9fd1baf38f0c26150ae90b462966caac8e05c0d49988128947bdbc2,DBTT,cleave_floor_frac,0.026239358201278,dimensionless,FIXED_IN_FOCUSED_SEARCH,0.026239358201278,0.026239358201278,OBSERVED_EVALUATED_POPULATION_EXTREMA_NOT_EXTRAPOLATION_PERMISSION,FIXED
oneD_v2_dbtt_R_c6202fa7a9fd1baf,c6202fa7a9fd1baf38f0c26150ae90b462966caac8e05c0d49988128947bdbc2,DBTT,emit_G00_eV,6.258594248875975,eV,LOG10_MULTIPLICATIVE_AROUND_CONTROL_PLUS_DIRECTED_AND_MORPH_ROWS,1.7603579627164792,6.3475485376683976,OBSERVED_EVALUATED_POPULATION_EXTREMA_NOT_EXTRAPOLATION_PERMISSION,ACTIVE_SEARCHED_OR_ARCHIVED_MORPH
oneD_v2_dbtt_R_c6202fa7a9fd1baf,c6202fa7a9fd1baf38f0c26150ae90b462966caac8e05c0d49988128947bdbc2,DBTT,emit_gT_eV_per_K,0.00259607035993785,K,SIGNED_ADDITIVE_AROUND_CONTROL_PLUS_DIRECTED_AND_MORPH_ROWS,0.0016550063225440998,0.009859655792548112,OBSERVED_EVALUATED_POPULATION_EXTREMA_NOT_EXTRAPOLATION_PERMISSION,ACTIVE_SEARCHED_OR_ARCHIVED_MORPH
oneD_v2_dbtt_R_c6202fa7a9fd1baf,c6202fa7a9fd1baf38f0c26150ae90b462966caac8e05c0d49988128947bdbc2,DBTT,emit_sigc0_GPa,3.9828414501694245,GPa,LOG10_MULTIPLICATIVE_AROUND_CONTROL_PLUS_DIRECTED_AND_MORPH_ROWS,1.2535612139585792,5.907084640718761,OBSERVED_EVALUATED_POPULATION_EXTREMA_NOT_EXTRAPOLATION_PERMISSION,ACTIVE_SEARCHED_OR_ARCHIVED_MORPH
oneD_v2_dbtt_R_c6202fa7a9fd1baf,c6202fa7a9fd1baf38f0c26150ae90b462966caac8e05c0d49988128947bdbc2,DBTT,emit_sT_GPa_per_K,-0.0030325441012214616,K,SIGNED_ADDITIVE_AROUND_CONTROL_PLUS_DIRECTED_AND_MORPH_ROWS,-0.00834500286986884,0.00235836699511855,OBSERVED_EVALUATED_POPULATION_EXTREMA_NOT_EXTRAPOLATION_PERMISSION,ACTIVE_SEARCHED_OR_ARCHIVED_MORPH
oneD_v2_dbtt_R_c6202fa7a9fd1baf,c6202fa7a9fd1baf38f0c26150ae90b462966caac8e05c0d49988128947bdbc2,DBTT,emit_exp_a,0.2324296140026595,dimensionless,LOG10_MULTIPLICATIVE_AROUND_CONTROL_PLUS_DIRECTED_AND_MORPH_ROWS,0.09495684507018155,0.43713746867803693,OBSERVED_EVALUATED_POPULATION_EXTREMA_NOT_EXTRAPOLATION_PERMISSION,ACTIVE_SEARCHED_OR_ARCHIVED_MORPH
oneD_v2_dbtt_R_c6202fa7a9fd1baf,c6202fa7a9fd1baf38f0c26150ae90b462966caac8e05c0d49988128947bdbc2,DBTT,emit_exp_n,0.48089256428673904,dimensionless,LOG10_MULTIPLICATIVE_AROUND_CONTROL_PLUS_DIRECTED_AND_MORPH_ROWS,0.31279428560708195,1.1133888408447044,OBSERVED_EVALUATED_POPULATION_EXTREMA_NOT_EXTRAPOLATION_PERMISSION,ACTIVE_SEARCHED_OR_ARCHIVED_MORPH
oneD_v2_dbtt_R_c6202fa7a9fd1baf,c6202fa7a9fd1baf38f0c26150ae90b462966caac8e05c0d49988128947bdbc2,DBTT,emit_floor_frac,0.0103682254353579,dimensionless,FIXED_IN_FOCUSED_SEARCH,0.0103682254353579,0.0103682254353579,OBSERVED_EVALUATED_POPULATION_EXTREMA_NOT_EXTRAPOLATION_PERMISSION,FIXED
oneD_v2_dbtt_R_c6202fa7a9fd1baf,c6202fa7a9fd1baf38f0c26150ae90b462966caac8e05c0d49988128947bdbc2,DBTT,peierls_H0_eV,2.9198636017622808,eV,LOG10_MULTIPLICATIVE_AROUND_CONTROL_PLUS_DIRECTED_AND_MORPH_ROWS,1.8216675358801595,5.848027537727703,OBSERVED_EVALUATED_POPULATION_EXTREMA_NOT_EXTRAPOLATION_PERMISSION,ACTIVE_SEARCHED_OR_ARCHIVED_MORPH
oneD_v2_dbtt_R_c6202fa7a9fd1baf,c6202fa7a9fd1baf38f0c26150ae90b462966caac8e05c0d49988128947bdbc2,DBTT,peierls_activation_entropy_kB,-57.07386333815644,dimensionless,SIGNED_ADDITIVE_AROUND_CONTROL_PLUS_DIRECTED_AND_MORPH_ROWS,-57.82066778301595,-9.754573600366712,OBSERVED_EVALUATED_POPULATION_EXTREMA_NOT_EXTRAPOLATION_PERMISSION,ACTIVE_SEARCHED_OR_ARCHIVED_MORPH
oneD_v2_dbtt_R_c6202fa7a9fd1baf,c6202fa7a9fd1baf38f0c26150ae90b462966caac8e05c0d49988128947bdbc2,DBTT,peierls_exp_a,1.448395521938801,dimensionless,FIXED_IN_FOCUSED_SEARCH,1.448395521938801,1.448395521938801,OBSERVED_EVALUATED_POPULATION_EXTREMA_NOT_EXTRAPOLATION_PERMISSION,FIXED
oneD_v2_dbtt_R_c6202fa7a9fd1baf,c6202fa7a9fd1baf38f0c26150ae90b462966caac8e05c0d49988128947bdbc2,DBTT,peierls_exp_n,1.871259921230376,dimensionless,FIXED_IN_FOCUSED_SEARCH,1.871259921230376,1.871259921230376,OBSERVED_EVALUATED_POPULATION_EXTREMA_NOT_EXTRAPOLATION_PERMISSION,FIXED
oneD_v2_dbtt_R_c6202fa7a9fd1baf,c6202fa7a9fd1baf38f0c26150ae90b462966caac8e05c0d49988128947bdbc2,DBTT,peierls_nu0_s,1000000000000.0,s^-1,FIXED_IN_FOCUSED_SEARCH,1000000000000.0,1000000000000.0,OBSERVED_EVALUATED_POPULATION_EXTREMA_NOT_EXTRAPOLATION_PERMISSION,FIXED
oneD_v2_dbtt_R_c6202fa7a9fd1baf,c6202fa7a9fd1baf38f0c26150ae90b462966caac8e05c0d49988128947bdbc2,DBTT,taylor_H0_eV,2.405741127631251,eV,LOG10_MULTIPLICATIVE_AROUND_CONTROL_PLUS_DIRECTED_AND_MORPH_ROWS,0.4374451222461706,2.472370506471178,OBSERVED_EVALUATED_POPULATION_EXTREMA_NOT_EXTRAPOLATION_PERMISSION,ACTIVE_SEARCHED_OR_ARCHIVED_MORPH
oneD_v2_dbtt_R_c6202fa7a9fd1baf,c6202fa7a9fd1baf38f0c26150ae90b462966caac8e05c0d49988128947bdbc2,DBTT,taylor_activation_entropy_kB,37.459591269231936,dimensionless,SIGNED_ADDITIVE_AROUND_CONTROL_PLUS_DIRECTED_AND_MORPH_ROWS,2.7084908448159695,49.98485553432123,OBSERVED_EVALUATED_POPULATION_EXTREMA_NOT_EXTRAPOLATION_PERMISSION,ACTIVE_SEARCHED_OR_ARCHIVED_MORPH
oneD_v2_dbtt_R_c6202fa7a9fd1baf,c6202fa7a9fd1baf38f0c26150ae90b462966caac8e05c0d49988128947bdbc2,DBTT,taylor_exp_a,0.7048910272121429,dimensionless,FIXED_IN_FOCUSED_SEARCH,0.7048910272121429,0.7048910272121429,OBSERVED_EVALUATED_POPULATION_EXTREMA_NOT_EXTRAPOLATION_PERMISSION,FIXED
oneD_v2_dbtt_R_c6202fa7a9fd1baf,c6202fa7a9fd1baf38f0c26150ae90b462966caac8e05c0d49988128947bdbc2,DBTT,taylor_exp_n,0.5389550719410181,dimensionless,FIXED_IN_FOCUSED_SEARCH,0.5389550719410181,0.5389550719410181,OBSERVED_EVALUATED_POPULATION_EXTREMA_NOT_EXTRAPOLATION_PERMISSION,FIXED
oneD_v2_dbtt_R_c6202fa7a9fd1baf,c6202fa7a9fd1baf38f0c26150ae90b462966caac8e05c0d49988128947bdbc2,DBTT,taylor_nu0_s,100000000000.0,s^-1,FIXED_IN_FOCUSED_SEARCH,100000000000.0,100000000000.0,OBSERVED_EVALUATED_POPULATION_EXTREMA_NOT_EXTRAPOLATION_PERMISSION,FIXED
oneD_v2_dbtt_R_c6202fa7a9fd1baf,c6202fa7a9fd1baf38f0c26150ae90b462966caac8e05c0d49988128947bdbc2,DBTT,rho_source0_m2,362716841727869.06,m^-2,LOG10_MULTIPLICATIVE_AROUND_CONTROL_PLUS_DIRECTED_AND_MORPH_ROWS,24807485494445.152,6231585698771533.0,OBSERVED_EVALUATED_POPULATION_EXTREMA_NOT_EXTRAPOLATION_PERMISSION,ACTIVE_SEARCHED_OR_ARCHIVED_MORPH
oneD_v2_dbtt_R_c6202fa7a9fd1baf,c6202fa7a9fd1baf38f0c26150ae90b462966caac8e05c0d49988128947bdbc2,DBTT,taylor_corr_rho_c_m2,14620376893521.01,m^-2,LOG10_MULTIPLICATIVE_AROUND_CONTROL_PLUS_DIRECTED_AND_MORPH_ROWS,1576167365371.657,4282219954775941.0,OBSERVED_EVALUATED_POPULATION_EXTREMA_NOT_EXTRAPOLATION_PERMISSION,ACTIVE_SEARCHED_OR_ARCHIVED_MORPH
oneD_v2_dbtt_R_c6202fa7a9fd1baf,c6202fa7a9fd1baf38f0c26150ae90b462966caac8e05c0d49988128947bdbc2,DBTT,taylor_corr_scale,0.9735631783935513,dimensionless,LOG10_MULTIPLICATIVE_AROUND_CONTROL_PLUS_DIRECTED_AND_MORPH_ROWS,0.3430759927708866,2.770513189284223,OBSERVED_EVALUATED_POPULATION_EXTREMA_NOT_EXTRAPOLATION_PERMISSION,ACTIVE_SEARCHED_OR_ARCHIVED_MORPH
oneD_v2_dbtt_R_c6202fa7a9fd1baf,c6202fa7a9fd1baf38f0c26150ae90b462966caac8e05c0d49988128947bdbc2,DBTT,c_blunt,3.5261092063708195,dimensionless,LOG10_MULTIPLICATIVE_AROUND_CONTROL_PLUS_DIRECTED_AND_MORPH_ROWS,1.0776162722416116,7.318183428715671,OBSERVED_EVALUATED_POPULATION_EXTREMA_NOT_EXTRAPOLATION_PERMISSION,ACTIVE_SEARCHED_OR_ARCHIVED_MORPH
v913_zeroD_sobol_0202500,54104a30a31aa19517810249cb3ea42a346b92670ce3bd4f007110ba3babb1c2,DBTT,Tref_K,481.33,K,FIXED_IN_FOCUSED_SEARCH,481.33,481.33,OBSERVED_EVALUATED_POPULATION_EXTREMA_NOT_EXTRAPOLATION_PERMISSION,FIXED
v913_zeroD_sobol_0202500,54104a30a31aa19517810249cb3ea42a346b92670ce3bd4f007110ba3babb1c2,DBTT,cleave_G00_eV,2.357721022795886,eV,LOG10_MULTIPLICATIVE_AROUND_CONTROL_PLUS_DIRECTED_AND_MORPH_ROWS,1.3661294618621005,4.088341932426187,OBSERVED_EVALUATED_POPULATION_EXTREMA_NOT_EXTRAPOLATION_PERMISSION,ACTIVE_SEARCHED_OR_ARCHIVED_MORPH
v913_zeroD_sobol_0202500,54104a30a31aa19517810249cb3ea42a346b92670ce3bd4f007110ba3babb1c2,DBTT,cleave_gT_eV_per_K,0.0056085130451247,K,SIGNED_ADDITIVE_AROUND_CONTROL_PLUS_DIRECTED_AND_MORPH_ROWS,0.002268368939134249,0.008931572897448769,OBSERVED_EVALUATED_POPULATION_EXTREMA_NOT_EXTRAPOLATION_PERMISSION,ACTIVE_SEARCHED_OR_ARCHIVED_MORPH
v913_zeroD_sobol_0202500,54104a30a31aa19517810249cb3ea42a346b92670ce3bd4f007110ba3babb1c2,DBTT,cleave_sigc0_GPa,6.7501407796517015,GPa,LOG10_MULTIPLICATIVE_AROUND_CONTROL_PLUS_DIRECTED_AND_MORPH_ROWS,4.097725009419965,11.16820414360279,OBSERVED_EVALUATED_POPULATION_EXTREMA_NOT_EXTRAPOLATION_PERMISSION,ACTIVE_SEARCHED_OR_ARCHIVED_MORPH
v913_zeroD_sobol_0202500,54104a30a31aa19517810249cb3ea42a346b92670ce3bd4f007110ba3babb1c2,DBTT,cleave_sT_GPa_per_K,-0.0012041387008503,K,SIGNED_ADDITIVE_AROUND_CONTROL_PLUS_DIRECTED_AND_MORPH_ROWS,-0.0024876615358664362,0.00307726434199135,OBSERVED_EVALUATED_POPULATION_EXTREMA_NOT_EXTRAPOLATION_PERMISSION,ACTIVE_SEARCHED_OR_ARCHIVED_MORPH
v913_zeroD_sobol_0202500,54104a30a31aa19517810249cb3ea42a346b92670ce3bd4f007110ba3babb1c2,DBTT,cleave_exp_a,0.4968366474844515,dimensionless,LOG10_MULTIPLICATIVE_AROUND_CONTROL_PLUS_DIRECTED_AND_MORPH_ROWS,0.1752833570144279,0.848760412610794,OBSERVED_EVALUATED_POPULATION_EXTREMA_NOT_EXTRAPOLATION_PERMISSION,ACTIVE_SEARCHED_OR_ARCHIVED_MORPH
v913_zeroD_sobol_0202500,54104a30a31aa19517810249cb3ea42a346b92670ce3bd4f007110ba3babb1c2,DBTT,cleave_exp_n,2.618804107885808,dimensionless,LOG10_MULTIPLICATIVE_AROUND_CONTROL_PLUS_DIRECTED_AND_MORPH_ROWS,1.2032811342047471,3.945134818293807,OBSERVED_EVALUATED_POPULATION_EXTREMA_NOT_EXTRAPOLATION_PERMISSION,ACTIVE_SEARCHED_OR_ARCHIVED_MORPH
v913_zeroD_sobol_0202500,54104a30a31aa19517810249cb3ea42a346b92670ce3bd4f007110ba3babb1c2,DBTT,cleave_floor_frac,0.026239358201278,dimensionless,FIXED_IN_FOCUSED_SEARCH,0.026239358201278,0.026239358201278,OBSERVED_EVALUATED_POPULATION_EXTREMA_NOT_EXTRAPOLATION_PERMISSION,FIXED
v913_zeroD_sobol_0202500,54104a30a31aa19517810249cb3ea42a346b92670ce3bd4f007110ba3babb1c2,DBTT,emit_G00_eV,3.344896922819316,eV,LOG10_MULTIPLICATIVE_AROUND_CONTROL_PLUS_DIRECTED_AND_MORPH_ROWS,1.7603579627164792,6.3475485376683976,OBSERVED_EVALUATED_POPULATION_EXTREMA_NOT_EXTRAPOLATION_PERMISSION,ACTIVE_SEARCHED_OR_ARCHIVED_MORPH
v913_zeroD_sobol_0202500,54104a30a31aa19517810249cb3ea42a346b92670ce3bd4f007110ba3babb1c2,DBTT,emit_gT_eV_per_K,0.0061668124636635,K,SIGNED_ADDITIVE_AROUND_CONTROL_PLUS_DIRECTED_AND_MORPH_ROWS,0.0016550063225440998,0.009859655792548112,OBSERVED_EVALUATED_POPULATION_EXTREMA_NOT_EXTRAPOLATION_PERMISSION,ACTIVE_SEARCHED_OR_ARCHIVED_MORPH
v913_zeroD_sobol_0202500,54104a30a31aa19517810249cb3ea42a346b92670ce3bd4f007110ba3babb1c2,DBTT,emit_sigc0_GPa,2.7143102660775185,GPa,LOG10_MULTIPLICATIVE_AROUND_CONTROL_PLUS_DIRECTED_AND_MORPH_ROWS,1.2535612139585792,5.907084640718761,OBSERVED_EVALUATED_POPULATION_EXTREMA_NOT_EXTRAPOLATION_PERMISSION,ACTIVE_SEARCHED_OR_ARCHIVED_MORPH
v913_zeroD_sobol_0202500,54104a30a31aa19517810249cb3ea42a346b92670ce3bd4f007110ba3babb1c2,DBTT,emit_sT_GPa_per_K,-0.0052233074344694,K,SIGNED_ADDITIVE_AROUND_CONTROL_PLUS_DIRECTED_AND_MORPH_ROWS,-0.00834500286986884,0.00235836699511855,OBSERVED_EVALUATED_POPULATION_EXTREMA_NOT_EXTRAPOLATION_PERMISSION,ACTIVE_SEARCHED_OR_ARCHIVED_MORPH
v913_zeroD_sobol_0202500,54104a30a31aa19517810249cb3ea42a346b92670ce3bd4f007110ba3babb1c2,DBTT,emit_exp_a,0.1572539726179093,dimensionless,LOG10_MULTIPLICATIVE_AROUND_CONTROL_PLUS_DIRECTED_AND_MORPH_ROWS,0.09495684507018155,0.43713746867803693,OBSERVED_EVALUATED_POPULATION_EXTREMA_NOT_EXTRAPOLATION_PERMISSION,ACTIVE_SEARCHED_OR_ARCHIVED_MORPH
v913_zeroD_sobol_0202500,54104a30a31aa19517810249cb3ea42a346b92670ce3bd4f007110ba3babb1c2,DBTT,emit_exp_n,0.5156166724395007,dimensionless,LOG10_MULTIPLICATIVE_AROUND_CONTROL_PLUS_DIRECTED_AND_MORPH_ROWS,0.31279428560708195,1.1133888408447044,OBSERVED_EVALUATED_POPULATION_EXTREMA_NOT_EXTRAPOLATION_PERMISSION,ACTIVE_SEARCHED_OR_ARCHIVED_MORPH
v913_zeroD_sobol_0202500,54104a30a31aa19517810249cb3ea42a346b92670ce3bd4f007110ba3babb1c2,DBTT,emit_floor_frac,0.0103682254353579,dimensionless,FIXED_IN_FOCUSED_SEARCH,0.0103682254353579,0.0103682254353579,OBSERVED_EVALUATED_POPULATION_EXTREMA_NOT_EXTRAPOLATION_PERMISSION,FIXED
v913_zeroD_sobol_0202500,54104a30a31aa19517810249cb3ea42a346b92670ce3bd4f007110ba3babb1c2,DBTT,peierls_H0_eV,3.525720003992319,eV,LOG10_MULTIPLICATIVE_AROUND_CONTROL_PLUS_DIRECTED_AND_MORPH_ROWS,1.8216675358801595,5.848027537727703,OBSERVED_EVALUATED_POPULATION_EXTREMA_NOT_EXTRAPOLATION_PERMISSION,ACTIVE_SEARCHED_OR_ARCHIVED_MORPH
v913_zeroD_sobol_0202500,54104a30a31aa19517810249cb3ea42a346b92670ce3bd4f007110ba3babb1c2,DBTT,peierls_activation_entropy_kB,-36.33932862430811,dimensionless,SIGNED_ADDITIVE_AROUND_CONTROL_PLUS_DIRECTED_AND_MORPH_ROWS,-57.82066778301595,-9.754573600366712,OBSERVED_EVALUATED_POPULATION_EXTREMA_NOT_EXTRAPOLATION_PERMISSION,ACTIVE_SEARCHED_OR_ARCHIVED_MORPH
v913_zeroD_sobol_0202500,54104a30a31aa19517810249cb3ea42a346b92670ce3bd4f007110ba3babb1c2,DBTT,peierls_exp_a,1.448395521938801,dimensionless,FIXED_IN_FOCUSED_SEARCH,1.448395521938801,1.448395521938801,OBSERVED_EVALUATED_POPULATION_EXTREMA_NOT_EXTRAPOLATION_PERMISSION,FIXED
v913_zeroD_sobol_0202500,54104a30a31aa19517810249cb3ea42a346b92670ce3bd4f007110ba3babb1c2,DBTT,peierls_exp_n,1.871259921230376,dimensionless,FIXED_IN_FOCUSED_SEARCH,1.871259921230376,1.871259921230376,OBSERVED_EVALUATED_POPULATION_EXTREMA_NOT_EXTRAPOLATION_PERMISSION,FIXED
v913_zeroD_sobol_0202500,54104a30a31aa19517810249cb3ea42a346b92670ce3bd4f007110ba3babb1c2,DBTT,peierls_nu0_s,1000000000000.0,s^-1,FIXED_IN_FOCUSED_SEARCH,1000000000000.0,1000000000000.0,OBSERVED_EVALUATED_POPULATION_EXTREMA_NOT_EXTRAPOLATION_PERMISSION,FIXED
v913_zeroD_sobol_0202500,54104a30a31aa19517810249cb3ea42a346b92670ce3bd4f007110ba3babb1c2,DBTT,taylor_H0_eV,1.4998139148950578,eV,LOG10_MULTIPLICATIVE_AROUND_CONTROL_PLUS_DIRECTED_AND_MORPH_ROWS,0.4374451222461706,2.472370506471178,OBSERVED_EVALUATED_POPULATION_EXTREMA_NOT_EXTRAPOLATION_PERMISSION,ACTIVE_SEARCHED_OR_ARCHIVED_MORPH
v913_zeroD_sobol_0202500,54104a30a31aa19517810249cb3ea42a346b92670ce3bd4f007110ba3babb1c2,DBTT,taylor_activation_entropy_kB,31.365934647619724,dimensionless,SIGNED_ADDITIVE_AROUND_CONTROL_PLUS_DIRECTED_AND_MORPH_ROWS,2.7084908448159695,49.98485553432123,OBSERVED_EVALUATED_POPULATION_EXTREMA_NOT_EXTRAPOLATION_PERMISSION,ACTIVE_SEARCHED_OR_ARCHIVED_MORPH
v913_zeroD_sobol_0202500,54104a30a31aa19517810249cb3ea42a346b92670ce3bd4f007110ba3babb1c2,DBTT,taylor_exp_a,0.7048910272121429,dimensionless,FIXED_IN_FOCUSED_SEARCH,0.7048910272121429,0.7048910272121429,OBSERVED_EVALUATED_POPULATION_EXTREMA_NOT_EXTRAPOLATION_PERMISSION,FIXED
v913_zeroD_sobol_0202500,54104a30a31aa19517810249cb3ea42a346b92670ce3bd4f007110ba3babb1c2,DBTT,taylor_exp_n,0.5389550719410181,dimensionless,FIXED_IN_FOCUSED_SEARCH,0.5389550719410181,0.5389550719410181,OBSERVED_EVALUATED_POPULATION_EXTREMA_NOT_EXTRAPOLATION_PERMISSION,FIXED
v913_zeroD_sobol_0202500,54104a30a31aa19517810249cb3ea42a346b92670ce3bd4f007110ba3babb1c2,DBTT,taylor_nu0_s,100000000000.0,s^-1,FIXED_IN_FOCUSED_SEARCH,100000000000.0,100000000000.0,OBSERVED_EVALUATED_POPULATION_EXTREMA_NOT_EXTRAPOLATION_PERMISSION,FIXED
v913_zeroD_sobol_0202500,54104a30a31aa19517810249cb3ea42a346b92670ce3bd4f007110ba3babb1c2,DBTT,rho_source0_m2,523948859759023.8,m^-2,LOG10_MULTIPLICATIVE_AROUND_CONTROL_PLUS_DIRECTED_AND_MORPH_ROWS,24807485494445.152,6231585698771533.0,OBSERVED_EVALUATED_POPULATION_EXTREMA_NOT_EXTRAPOLATION_PERMISSION,ACTIVE_SEARCHED_OR_ARCHIVED_MORPH
v913_zeroD_sobol_0202500,54104a30a31aa19517810249cb3ea42a346b92670ce3bd4f007110ba3babb1c2,DBTT,taylor_corr_rho_c_m2,22042481205294.297,m^-2,LOG10_MULTIPLICATIVE_AROUND_CONTROL_PLUS_DIRECTED_AND_MORPH_ROWS,1576167365371.657,4282219954775941.0,OBSERVED_EVALUATED_POPULATION_EXTREMA_NOT_EXTRAPOLATION_PERMISSION,ACTIVE_SEARCHED_OR_ARCHIVED_MORPH
v913_zeroD_sobol_0202500,54104a30a31aa19517810249cb3ea42a346b92670ce3bd4f007110ba3babb1c2,DBTT,taylor_corr_scale,1.2690231726199324,dimensionless,LOG10_MULTIPLICATIVE_AROUND_CONTROL_PLUS_DIRECTED_AND_MORPH_ROWS,0.3430759927708866,2.770513189284223,OBSERVED_EVALUATED_POPULATION_EXTREMA_NOT_EXTRAPOLATION_PERMISSION,ACTIVE_SEARCHED_OR_ARCHIVED_MORPH
v913_zeroD_sobol_0202500,54104a30a31aa19517810249cb3ea42a346b92670ce3bd4f007110ba3babb1c2,DBTT,c_blunt,2.929164256900549,dimensionless,LOG10_MULTIPLICATIVE_AROUND_CONTROL_PLUS_DIRECTED_AND_MORPH_ROWS,1.0776162722416116,7.318183428715671,OBSERVED_EVALUATED_POPULATION_EXTREMA_NOT_EXTRAPOLATION_PERMISSION,ACTIVE_SEARCHED_OR_ARCHIVED_MORPH
oneD_v2_peak_R_08d3d587dc56027b,08d3d587dc56027b4eb2564864fa2fe415282aa3431338a0fee1868bb43be518,Peak,Tref_K,481.33,K,FIXED_IN_FOCUSED_SEARCH,481.33,481.33,OBSERVED_EVALUATED_POPULATION_EXTREMA_NOT_EXTRAPOLATION_PERMISSION,FIXED
oneD_v2_peak_R_08d3d587dc56027b,08d3d587dc56027b4eb2564864fa2fe415282aa3431338a0fee1868bb43be518,Peak,cleave_G00_eV,3.171146620871817,eV,LOG10_MULTIPLICATIVE_AROUND_CONTROL_PLUS_DIRECTED_AND_MORPH_ROWS,2.158537859884075,6.930587858964625,OBSERVED_EVALUATED_POPULATION_EXTREMA_NOT_EXTRAPOLATION_PERMISSION,ACTIVE_SEARCHED_OR_ARCHIVED_MORPH
oneD_v2_peak_R_08d3d587dc56027b,08d3d587dc56027b4eb2564864fa2fe415282aa3431338a0fee1868bb43be518,Peak,cleave_gT_eV_per_K,0.00879082556627685,K,SIGNED_ADDITIVE_AROUND_CONTROL_PLUS_DIRECTED_AND_MORPH_ROWS,0.003312415609635283,0.012970688696731588,OBSERVED_EVALUATED_POPULATION_EXTREMA_NOT_EXTRAPOLATION_PERMISSION,ACTIVE_SEARCHED_OR_ARCHIVED_MORPH
oneD_v2_peak_R_08d3d587dc56027b,08d3d587dc56027b4eb2564864fa2fe415282aa3431338a0fee1868bb43be518,Peak,cleave_sigc0_GPa,4.73576893861172,GPa,LOG10_MULTIPLICATIVE_AROUND_CONTROL_PLUS_DIRECTED_AND_MORPH_ROWS,4.435821907903692,12.130342439144458,OBSERVED_EVALUATED_POPULATION_EXTREMA_NOT_EXTRAPOLATION_PERMISSION,ACTIVE_SEARCHED_OR_ARCHIVED_MORPH
oneD_v2_peak_R_08d3d587dc56027b,08d3d587dc56027b4eb2564864fa2fe415282aa3431338a0fee1868bb43be518,Peak,cleave_sT_GPa_per_K,-0.0007498653298243,K,SIGNED_ADDITIVE_AROUND_CONTROL_PLUS_DIRECTED_AND_MORPH_ROWS,-0.002494536918660222,0.0030743426582776,OBSERVED_EVALUATED_POPULATION_EXTREMA_NOT_EXTRAPOLATION_PERMISSION,ACTIVE_SEARCHED_OR_ARCHIVED_MORPH
oneD_v2_peak_R_08d3d587dc56027b,08d3d587dc56027b4eb2564864fa2fe415282aa3431338a0fee1868bb43be518,Peak,cleave_exp_a,0.28600664998992803,dimensionless,LOG10_MULTIPLICATIVE_AROUND_CONTROL_PLUS_DIRECTED_AND_MORPH_ROWS,0.28600664998992803,1.9916372613916957,OBSERVED_EVALUATED_POPULATION_EXTREMA_NOT_EXTRAPOLATION_PERMISSION,ACTIVE_SEARCHED_OR_ARCHIVED_MORPH
oneD_v2_peak_R_08d3d587dc56027b,08d3d587dc56027b4eb2564864fa2fe415282aa3431338a0fee1868bb43be518,Peak,cleave_exp_n,1.8184835225834575,dimensionless,LOG10_MULTIPLICATIVE_AROUND_CONTROL_PLUS_DIRECTED_AND_MORPH_ROWS,0.8332525623017257,1.898974285253466,OBSERVED_EVALUATED_POPULATION_EXTREMA_NOT_EXTRAPOLATION_PERMISSION,ACTIVE_SEARCHED_OR_ARCHIVED_MORPH
oneD_v2_peak_R_08d3d587dc56027b,08d3d587dc56027b4eb2564864fa2fe415282aa3431338a0fee1868bb43be518,Peak,cleave_floor_frac,0.0184513317135146,dimensionless,FIXED_IN_FOCUSED_SEARCH,0.0184513317135146,0.0184513317135146,OBSERVED_EVALUATED_POPULATION_EXTREMA_NOT_EXTRAPOLATION_PERMISSION,FIXED
oneD_v2_peak_R_08d3d587dc56027b,08d3d587dc56027b4eb2564864fa2fe415282aa3431338a0fee1868bb43be518,Peak,emit_G00_eV,2.3481392692556207,eV,LOG10_MULTIPLICATIVE_AROUND_CONTROL_PLUS_DIRECTED_AND_MORPH_ROWS,1.0826039470422504,3.8639869023551268,OBSERVED_EVALUATED_POPULATION_EXTREMA_NOT_EXTRAPOLATION_PERMISSION,ACTIVE_SEARCHED_OR_ARCHIVED_MORPH
oneD_v2_peak_R_08d3d587dc56027b,08d3d587dc56027b4eb2564864fa2fe415282aa3431338a0fee1868bb43be518,Peak,emit_gT_eV_per_K,4.796832241120002e-05,K,SIGNED_ADDITIVE_AROUND_CONTROL_PLUS_DIRECTED_AND_MORPH_ROWS,-0.0009574022223241501,0.0044219962963834,OBSERVED_EVALUATED_POPULATION_EXTREMA_NOT_EXTRAPOLATION_PERMISSION,ACTIVE_SEARCHED_OR_ARCHIVED_MORPH
oneD_v2_peak_R_08d3d587dc56027b,08d3d587dc56027b4eb2564864fa2fe415282aa3431338a0fee1868bb43be518,Peak,emit_sigc0_GPa,6.602335496409738,GPa,LOG10_MULTIPLICATIVE_AROUND_CONTROL_PLUS_DIRECTED_AND_MORPH_ROWS,2.247086496900811,15.71824802880931,OBSERVED_EVALUATED_POPULATION_EXTREMA_NOT_EXTRAPOLATION_PERMISSION,ACTIVE_SEARCHED_OR_ARCHIVED_MORPH
oneD_v2_peak_R_08d3d587dc56027b,08d3d587dc56027b4eb2564864fa2fe415282aa3431338a0fee1868bb43be518,Peak,emit_sT_GPa_per_K,6.64130300283499e-05,K,SIGNED_ADDITIVE_AROUND_CONTROL_PLUS_DIRECTED_AND_MORPH_ROWS,-0.0029975004065782,0.0056363158663733995,OBSERVED_EVALUATED_POPULATION_EXTREMA_NOT_EXTRAPOLATION_PERMISSION,ACTIVE_SEARCHED_OR_ARCHIVED_MORPH
oneD_v2_peak_R_08d3d587dc56027b,08d3d587dc56027b4eb2564864fa2fe415282aa3431338a0fee1868bb43be518,Peak,emit_exp_a,0.3230300085259632,dimensionless,LOG10_MULTIPLICATIVE_AROUND_CONTROL_PLUS_DIRECTED_AND_MORPH_ROWS,0.05192762374551905,0.3230300085259632,OBSERVED_EVALUATED_POPULATION_EXTREMA_NOT_EXTRAPOLATION_PERMISSION,ACTIVE_SEARCHED_OR_ARCHIVED_MORPH
oneD_v2_peak_R_08d3d587dc56027b,08d3d587dc56027b4eb2564864fa2fe415282aa3431338a0fee1868bb43be518,Peak,emit_exp_n,1.5380874349336966,dimensionless,LOG10_MULTIPLICATIVE_AROUND_CONTROL_PLUS_DIRECTED_AND_MORPH_ROWS,0.690679369076342,1.8957374166701126,OBSERVED_EVALUATED_POPULATION_EXTREMA_NOT_EXTRAPOLATION_PERMISSION,ACTIVE_SEARCHED_OR_ARCHIVED_MORPH
oneD_v2_peak_R_08d3d587dc56027b,08d3d587dc56027b4eb2564864fa2fe415282aa3431338a0fee1868bb43be518,Peak,emit_floor_frac,0.0058420097608974,dimensionless,FIXED_IN_FOCUSED_SEARCH,0.0058420097608974,0.0058420097608974,OBSERVED_EVALUATED_POPULATION_EXTREMA_NOT_EXTRAPOLATION_PERMISSION,FIXED
oneD_v2_peak_R_08d3d587dc56027b,08d3d587dc56027b4eb2564864fa2fe415282aa3431338a0fee1868bb43be518,Peak,peierls_H0_eV,4.209927337760458,eV,LOG10_MULTIPLICATIVE_AROUND_CONTROL_PLUS_DIRECTED_AND_MORPH_ROWS,2.4482735010183783,10.500294453659576,OBSERVED_EVALUATED_POPULATION_EXTREMA_NOT_EXTRAPOLATION_PERMISSION,ACTIVE_SEARCHED_OR_ARCHIVED_MORPH
oneD_v2_peak_R_08d3d587dc56027b,08d3d587dc56027b4eb2564864fa2fe415282aa3431338a0fee1868bb43be518,Peak,peierls_activation_entropy_kB,9.085712656378746,dimensionless,SIGNED_ADDITIVE_AROUND_CONTROL_PLUS_DIRECTED_AND_MORPH_ROWS,-17.76541064493358,24.392096446132353,OBSERVED_EVALUATED_POPULATION_EXTREMA_NOT_EXTRAPOLATION_PERMISSION,ACTIVE_SEARCHED_OR_ARCHIVED_MORPH
oneD_v2_peak_R_08d3d587dc56027b,08d3d587dc56027b4eb2564864fa2fe415282aa3431338a0fee1868bb43be518,Peak,peierls_exp_a,1.9097672308795155,dimensionless,FIXED_IN_FOCUSED_SEARCH,1.9097672308795155,1.9097672308795155,OBSERVED_EVALUATED_POPULATION_EXTREMA_NOT_EXTRAPOLATION_PERMISSION,FIXED
oneD_v2_peak_R_08d3d587dc56027b,08d3d587dc56027b4eb2564864fa2fe415282aa3431338a0fee1868bb43be518,Peak,peierls_exp_n,1.1372957159765065,dimensionless,FIXED_IN_FOCUSED_SEARCH,1.1372957159765065,1.1372957159765065,OBSERVED_EVALUATED_POPULATION_EXTREMA_NOT_EXTRAPOLATION_PERMISSION,FIXED
oneD_v2_peak_R_08d3d587dc56027b,08d3d587dc56027b4eb2564864fa2fe415282aa3431338a0fee1868bb43be518,Peak,peierls_nu0_s,1000000000000.0,s^-1,FIXED_IN_FOCUSED_SEARCH,1000000000000.0,1000000000000.0,OBSERVED_EVALUATED_POPULATION_EXTREMA_NOT_EXTRAPOLATION_PERMISSION,FIXED
oneD_v2_peak_R_08d3d587dc56027b,08d3d587dc56027b4eb2564864fa2fe415282aa3431338a0fee1868bb43be518,Peak,taylor_H0_eV,1.176183578425382,eV,LOG10_MULTIPLICATIVE_AROUND_CONTROL_PLUS_DIRECTED_AND_MORPH_ROWS,0.4655398591231124,2.8039815100855647,OBSERVED_EVALUATED_POPULATION_EXTREMA_NOT_EXTRAPOLATION_PERMISSION,ACTIVE_SEARCHED_OR_ARCHIVED_MORPH
oneD_v2_peak_R_08d3d587dc56027b,08d3d587dc56027b4eb2564864fa2fe415282aa3431338a0fee1868bb43be518,Peak,taylor_activation_entropy_kB,22.678739354014397,dimensionless,SIGNED_ADDITIVE_AROUND_CONTROL_PLUS_DIRECTED_AND_MORPH_ROWS,6.252417974174023,61.45610039622007,OBSERVED_EVALUATED_POPULATION_EXTREMA_NOT_EXTRAPOLATION_PERMISSION,ACTIVE_SEARCHED_OR_ARCHIVED_MORPH
oneD_v2_peak_R_08d3d587dc56027b,08d3d587dc56027b4eb2564864fa2fe415282aa3431338a0fee1868bb43be518,Peak,taylor_exp_a,0.4561179580539465,dimensionless,FIXED_IN_FOCUSED_SEARCH,0.4561179580539465,0.4561179580539465,OBSERVED_EVALUATED_POPULATION_EXTREMA_NOT_EXTRAPOLATION_PERMISSION,FIXED
oneD_v2_peak_R_08d3d587dc56027b,08d3d587dc56027b4eb2564864fa2fe415282aa3431338a0fee1868bb43be518,Peak,taylor_exp_n,1.2506696581840515,dimensionless,FIXED_IN_FOCUSED_SEARCH,1.2506696581840515,1.2506696581840515,OBSERVED_EVALUATED_POPULATION_EXTREMA_NOT_EXTRAPOLATION_PERMISSION,FIXED
oneD_v2_peak_R_08d3d587dc56027b,08d3d587dc56027b4eb2564864fa2fe415282aa3431338a0fee1868bb43be518,Peak,taylor_nu0_s,100000000000.0,s^-1,FIXED_IN_FOCUSED_SEARCH,100000000000.0,100000000000.0,OBSERVED_EVALUATED_POPULATION_EXTREMA_NOT_EXTRAPOLATION_PERMISSION,FIXED
oneD_v2_peak_R_08d3d587dc56027b,08d3d587dc56027b4eb2564864fa2fe415282aa3431338a0fee1868bb43be518,Peak,rho_source0_m2,4647049131263252.0,m^-2,LOG10_MULTIPLICATIVE_AROUND_CONTROL_PLUS_DIRECTED_AND_MORPH_ROWS,128702407675403.45,4.954223531428774e+16,OBSERVED_EVALUATED_POPULATION_EXTREMA_NOT_EXTRAPOLATION_PERMISSION,ACTIVE_SEARCHED_OR_ARCHIVED_MORPH
oneD_v2_peak_R_08d3d587dc56027b,08d3d587dc56027b4eb2564864fa2fe415282aa3431338a0fee1868bb43be518,Peak,taylor_corr_rho_c_m2,3477850040195386.0,m^-2,LOG10_MULTIPLICATIVE_AROUND_CONTROL_PLUS_DIRECTED_AND_MORPH_ROWS,2573873246427.0093,6992843284960853.0,OBSERVED_EVALUATED_POPULATION_EXTREMA_NOT_EXTRAPOLATION_PERMISSION,ACTIVE_SEARCHED_OR_ARCHIVED_MORPH
oneD_v2_peak_R_08d3d587dc56027b,08d3d587dc56027b4eb2564864fa2fe415282aa3431338a0fee1868bb43be518,Peak,taylor_corr_scale,1.7595805489093488,dimensionless,LOG10_MULTIPLICATIVE_AROUND_CONTROL_PLUS_DIRECTED_AND_MORPH_ROWS,0.28306498043350653,2.2858937327020703,OBSERVED_EVALUATED_POPULATION_EXTREMA_NOT_EXTRAPOLATION_PERMISSION,ACTIVE_SEARCHED_OR_ARCHIVED_MORPH
oneD_v2_peak_R_08d3d587dc56027b,08d3d587dc56027b4eb2564864fa2fe415282aa3431338a0fee1868bb43be518,Peak,c_blunt,1.424663168329676,dimensionless,LOG10_MULTIPLICATIVE_AROUND_CONTROL_PLUS_DIRECTED_AND_MORPH_ROWS,1.0321594900388746,6.74913788087064,OBSERVED_EVALUATED_POPULATION_EXTREMA_NOT_EXTRAPOLATION_PERMISSION,ACTIVE_SEARCHED_OR_ARCHIVED_MORPH
oneD_v2_peak_R_0eefba17a2774edd,0eefba17a2774eddbbcca717071846990902cc16b402e7061b36124304cb3840,Peak,Tref_K,481.33,K,FIXED_IN_FOCUSED_SEARCH,481.33,481.33,OBSERVED_EVALUATED_POPULATION_EXTREMA_NOT_EXTRAPOLATION_PERMISSION,FIXED
oneD_v2_peak_R_0eefba17a2774edd,0eefba17a2774eddbbcca717071846990902cc16b402e7061b36124304cb3840,Peak,cleave_G00_eV,3.459202266234313,eV,LOG10_MULTIPLICATIVE_AROUND_CONTROL_PLUS_DIRECTED_AND_MORPH_ROWS,2.158537859884075,6.930587858964625,OBSERVED_EVALUATED_POPULATION_EXTREMA_NOT_EXTRAPOLATION_PERMISSION,ACTIVE_SEARCHED_OR_ARCHIVED_MORPH
oneD_v2_peak_R_0eefba17a2774edd,0eefba17a2774eddbbcca717071846990902cc16b402e7061b36124304cb3840,Peak,cleave_gT_eV_per_K,0.011700318880180803,K,SIGNED_ADDITIVE_AROUND_CONTROL_PLUS_DIRECTED_AND_MORPH_ROWS,0.003312415609635283,0.012970688696731588,OBSERVED_EVALUATED_POPULATION_EXTREMA_NOT_EXTRAPOLATION_PERMISSION,ACTIVE_SEARCHED_OR_ARCHIVED_MORPH
oneD_v2_peak_R_0eefba17a2774edd,0eefba17a2774eddbbcca717071846990902cc16b402e7061b36124304cb3840,Peak,cleave_sigc0_GPa,8.800165258166258,GPa,LOG10_MULTIPLICATIVE_AROUND_CONTROL_PLUS_DIRECTED_AND_MORPH_ROWS,4.435821907903692,12.130342439144458,OBSERVED_EVALUATED_POPULATION_EXTREMA_NOT_EXTRAPOLATION_PERMISSION,ACTIVE_SEARCHED_OR_ARCHIVED_MORPH
oneD_v2_peak_R_0eefba17a2774edd,0eefba17a2774eddbbcca717071846990902cc16b402e7061b36124304cb3840,Peak,cleave_sT_GPa_per_K,-0.0023823350981215198,K,SIGNED_ADDITIVE_AROUND_CONTROL_PLUS_DIRECTED_AND_MORPH_ROWS,-0.002494536918660222,0.0030743426582776,OBSERVED_EVALUATED_POPULATION_EXTREMA_NOT_EXTRAPOLATION_PERMISSION,ACTIVE_SEARCHED_OR_ARCHIVED_MORPH
oneD_v2_peak_R_0eefba17a2774edd,0eefba17a2774eddbbcca717071846990902cc16b402e7061b36124304cb3840,Peak,cleave_exp_a,1.2031424610746368,dimensionless,LOG10_MULTIPLICATIVE_AROUND_CONTROL_PLUS_DIRECTED_AND_MORPH_ROWS,0.28600664998992803,1.9916372613916957,OBSERVED_EVALUATED_POPULATION_EXTREMA_NOT_EXTRAPOLATION_PERMISSION,ACTIVE_SEARCHED_OR_ARCHIVED_MORPH
oneD_v2_peak_R_0eefba17a2774edd,0eefba17a2774eddbbcca717071846990902cc16b402e7061b36124304cb3840,Peak,cleave_exp_n,1.134365930794763,dimensionless,LOG10_MULTIPLICATIVE_AROUND_CONTROL_PLUS_DIRECTED_AND_MORPH_ROWS,0.8332525623017257,1.898974285253466,OBSERVED_EVALUATED_POPULATION_EXTREMA_NOT_EXTRAPOLATION_PERMISSION,ACTIVE_SEARCHED_OR_ARCHIVED_MORPH
oneD_v2_peak_R_0eefba17a2774edd,0eefba17a2774eddbbcca717071846990902cc16b402e7061b36124304cb3840,Peak,cleave_floor_frac,0.0184513317135146,dimensionless,FIXED_IN_FOCUSED_SEARCH,0.0184513317135146,0.0184513317135146,OBSERVED_EVALUATED_POPULATION_EXTREMA_NOT_EXTRAPOLATION_PERMISSION,FIXED
oneD_v2_peak_R_0eefba17a2774edd,0eefba17a2774eddbbcca717071846990902cc16b402e7061b36124304cb3840,Peak,emit_G00_eV,1.2613847792296702,eV,LOG10_MULTIPLICATIVE_AROUND_CONTROL_PLUS_DIRECTED_AND_MORPH_ROWS,1.0826039470422504,3.8639869023551268,OBSERVED_EVALUATED_POPULATION_EXTREMA_NOT_EXTRAPOLATION_PERMISSION,ACTIVE_SEARCHED_OR_ARCHIVED_MORPH
oneD_v2_peak_R_0eefba17a2774edd,0eefba17a2774eddbbcca717071846990902cc16b402e7061b36124304cb3840,Peak,emit_gT_eV_per_K,9.523643033278986e-05,K,SIGNED_ADDITIVE_AROUND_CONTROL_PLUS_DIRECTED_AND_MORPH_ROWS,-0.0009574022223241501,0.0044219962963834,OBSERVED_EVALUATED_POPULATION_EXTREMA_NOT_EXTRAPOLATION_PERMISSION,ACTIVE_SEARCHED_OR_ARCHIVED_MORPH
oneD_v2_peak_R_0eefba17a2774edd,0eefba17a2774eddbbcca717071846990902cc16b402e7061b36124304cb3840,Peak,emit_sigc0_GPa,5.631888674075191,GPa,LOG10_MULTIPLICATIVE_AROUND_CONTROL_PLUS_DIRECTED_AND_MORPH_ROWS,2.247086496900811,15.71824802880931,OBSERVED_EVALUATED_POPULATION_EXTREMA_NOT_EXTRAPOLATION_PERMISSION,ACTIVE_SEARCHED_OR_ARCHIVED_MORPH
oneD_v2_peak_R_0eefba17a2774edd,0eefba17a2774eddbbcca717071846990902cc16b402e7061b36124304cb3840,Peak,emit_sT_GPa_per_K,0.0003298405956891706,K,SIGNED_ADDITIVE_AROUND_CONTROL_PLUS_DIRECTED_AND_MORPH_ROWS,-0.0029975004065782,0.0056363158663733995,OBSERVED_EVALUATED_POPULATION_EXTREMA_NOT_EXTRAPOLATION_PERMISSION,ACTIVE_SEARCHED_OR_ARCHIVED_MORPH
oneD_v2_peak_R_0eefba17a2774edd,0eefba17a2774eddbbcca717071846990902cc16b402e7061b36124304cb3840,Peak,emit_exp_a,0.12825131487802466,dimensionless,LOG10_MULTIPLICATIVE_AROUND_CONTROL_PLUS_DIRECTED_AND_MORPH_ROWS,0.05192762374551905,0.3230300085259632,OBSERVED_EVALUATED_POPULATION_EXTREMA_NOT_EXTRAPOLATION_PERMISSION,ACTIVE_SEARCHED_OR_ARCHIVED_MORPH
oneD_v2_peak_R_0eefba17a2774edd,0eefba17a2774eddbbcca717071846990902cc16b402e7061b36124304cb3840,Peak,emit_exp_n,0.7938900977749822,dimensionless,LOG10_MULTIPLICATIVE_AROUND_CONTROL_PLUS_DIRECTED_AND_MORPH_ROWS,0.690679369076342,1.8957374166701126,OBSERVED_EVALUATED_POPULATION_EXTREMA_NOT_EXTRAPOLATION_PERMISSION,ACTIVE_SEARCHED_OR_ARCHIVED_MORPH
oneD_v2_peak_R_0eefba17a2774edd,0eefba17a2774eddbbcca717071846990902cc16b402e7061b36124304cb3840,Peak,emit_floor_frac,0.0058420097608974,dimensionless,FIXED_IN_FOCUSED_SEARCH,0.0058420097608974,0.0058420097608974,OBSERVED_EVALUATED_POPULATION_EXTREMA_NOT_EXTRAPOLATION_PERMISSION,FIXED
oneD_v2_peak_R_0eefba17a2774edd,0eefba17a2774eddbbcca717071846990902cc16b402e7061b36124304cb3840,Peak,peierls_H0_eV,9.280294170705274,eV,LOG10_MULTIPLICATIVE_AROUND_CONTROL_PLUS_DIRECTED_AND_MORPH_ROWS,2.4482735010183783,10.500294453659576,OBSERVED_EVALUATED_POPULATION_EXTREMA_NOT_EXTRAPOLATION_PERMISSION,ACTIVE_SEARCHED_OR_ARCHIVED_MORPH
oneD_v2_peak_R_0eefba17a2774edd,0eefba17a2774eddbbcca717071846990902cc16b402e7061b36124304cb3840,Peak,peierls_activation_entropy_kB,0.9164744971121834,dimensionless,SIGNED_ADDITIVE_AROUND_CONTROL_PLUS_DIRECTED_AND_MORPH_ROWS,-17.76541064493358,24.392096446132353,OBSERVED_EVALUATED_POPULATION_EXTREMA_NOT_EXTRAPOLATION_PERMISSION,ACTIVE_SEARCHED_OR_ARCHIVED_MORPH
oneD_v2_peak_R_0eefba17a2774edd,0eefba17a2774eddbbcca717071846990902cc16b402e7061b36124304cb3840,Peak,peierls_exp_a,1.9097672308795155,dimensionless,FIXED_IN_FOCUSED_SEARCH,1.9097672308795155,1.9097672308795155,OBSERVED_EVALUATED_POPULATION_EXTREMA_NOT_EXTRAPOLATION_PERMISSION,FIXED
oneD_v2_peak_R_0eefba17a2774edd,0eefba17a2774eddbbcca717071846990902cc16b402e7061b36124304cb3840,Peak,peierls_exp_n,1.1372957159765065,dimensionless,FIXED_IN_FOCUSED_SEARCH,1.1372957159765065,1.1372957159765065,OBSERVED_EVALUATED_POPULATION_EXTREMA_NOT_EXTRAPOLATION_PERMISSION,FIXED
oneD_v2_peak_R_0eefba17a2774edd,0eefba17a2774eddbbcca717071846990902cc16b402e7061b36124304cb3840,Peak,peierls_nu0_s,1000000000000.0,s^-1,FIXED_IN_FOCUSED_SEARCH,1000000000000.0,1000000000000.0,OBSERVED_EVALUATED_POPULATION_EXTREMA_NOT_EXTRAPOLATION_PERMISSION,FIXED
oneD_v2_peak_R_0eefba17a2774edd,0eefba17a2774eddbbcca717071846990902cc16b402e7061b36124304cb3840,Peak,taylor_H0_eV,1.231521154471001,eV,LOG10_MULTIPLICATIVE_AROUND_CONTROL_PLUS_DIRECTED_AND_MORPH_ROWS,0.4655398591231124,2.8039815100855647,OBSERVED_EVALUATED_POPULATION_EXTREMA_NOT_EXTRAPOLATION_PERMISSION,ACTIVE_SEARCHED_OR_ARCHIVED_MORPH
oneD_v2_peak_R_0eefba17a2774edd,0eefba17a2774eddbbcca717071846990902cc16b402e7061b36124304cb3840,Peak,taylor_activation_entropy_kB,61.11466485165461,dimensionless,SIGNED_ADDITIVE_AROUND_CONTROL_PLUS_DIRECTED_AND_MORPH_ROWS,6.252417974174023,61.45610039622007,OBSERVED_EVALUATED_POPULATION_EXTREMA_NOT_EXTRAPOLATION_PERMISSION,ACTIVE_SEARCHED_OR_ARCHIVED_MORPH
oneD_v2_peak_R_0eefba17a2774edd,0eefba17a2774eddbbcca717071846990902cc16b402e7061b36124304cb3840,Peak,taylor_exp_a,0.4561179580539465,dimensionless,FIXED_IN_FOCUSED_SEARCH,0.4561179580539465,0.4561179580539465,OBSERVED_EVALUATED_POPULATION_EXTREMA_NOT_EXTRAPOLATION_PERMISSION,FIXED
oneD_v2_peak_R_0eefba17a2774edd,0eefba17a2774eddbbcca717071846990902cc16b402e7061b36124304cb3840,Peak,taylor_exp_n,1.2506696581840515,dimensionless,FIXED_IN_FOCUSED_SEARCH,1.2506696581840515,1.2506696581840515,OBSERVED_EVALUATED_POPULATION_EXTREMA_NOT_EXTRAPOLATION_PERMISSION,FIXED
oneD_v2_peak_R_0eefba17a2774edd,0eefba17a2774eddbbcca717071846990902cc16b402e7061b36124304cb3840,Peak,taylor_nu0_s,100000000000.0,s^-1,FIXED_IN_FOCUSED_SEARCH,100000000000.0,100000000000.0,OBSERVED_EVALUATED_POPULATION_EXTREMA_NOT_EXTRAPOLATION_PERMISSION,FIXED
oneD_v2_peak_R_0eefba17a2774edd,0eefba17a2774eddbbcca717071846990902cc16b402e7061b36124304cb3840,Peak,rho_source0_m2,4.496715483302464e+16,m^-2,LOG10_MULTIPLICATIVE_AROUND_CONTROL_PLUS_DIRECTED_AND_MORPH_ROWS,128702407675403.45,4.954223531428774e+16,OBSERVED_EVALUATED_POPULATION_EXTREMA_NOT_EXTRAPOLATION_PERMISSION,ACTIVE_SEARCHED_OR_ARCHIVED_MORPH
oneD_v2_peak_R_0eefba17a2774edd,0eefba17a2774eddbbcca717071846990902cc16b402e7061b36124304cb3840,Peak,taylor_corr_rho_c_m2,51585984362170.914,m^-2,LOG10_MULTIPLICATIVE_AROUND_CONTROL_PLUS_DIRECTED_AND_MORPH_ROWS,2573873246427.0093,6992843284960853.0,OBSERVED_EVALUATED_POPULATION_EXTREMA_NOT_EXTRAPOLATION_PERMISSION,ACTIVE_SEARCHED_OR_ARCHIVED_MORPH
oneD_v2_peak_R_0eefba17a2774edd,0eefba17a2774eddbbcca717071846990902cc16b402e7061b36124304cb3840,Peak,taylor_corr_scale,0.9782444336573705,dimensionless,LOG10_MULTIPLICATIVE_AROUND_CONTROL_PLUS_DIRECTED_AND_MORPH_ROWS,0.28306498043350653,2.2858937327020703,OBSERVED_EVALUATED_POPULATION_EXTREMA_NOT_EXTRAPOLATION_PERMISSION,ACTIVE_SEARCHED_OR_ARCHIVED_MORPH
oneD_v2_peak_R_0eefba17a2774edd,0eefba17a2774eddbbcca717071846990902cc16b402e7061b36124304cb3840,Peak,c_blunt,1.8721566744699059,dimensionless,LOG10_MULTIPLICATIVE_AROUND_CONTROL_PLUS_DIRECTED_AND_MORPH_ROWS,1.0321594900388746,6.74913788087064,OBSERVED_EVALUATED_POPULATION_EXTREMA_NOT_EXTRAPOLATION_PERMISSION,ACTIVE_SEARCHED_OR_ARCHIVED_MORPH
oneD_v2_peak_R_217a4e337cf79902,217a4e337cf7990218cdffb95fc7fdcaa628194b6ee2e2cfd719e744936e01e8,Peak,Tref_K,481.33,K,FIXED_IN_FOCUSED_SEARCH,481.33,481.33,OBSERVED_EVALUATED_POPULATION_EXTREMA_NOT_EXTRAPOLATION_PERMISSION,FIXED
oneD_v2_peak_R_217a4e337cf79902,217a4e337cf7990218cdffb95fc7fdcaa628194b6ee2e2cfd719e744936e01e8,Peak,cleave_G00_eV,6.078533205209636,eV,LOG10_MULTIPLICATIVE_AROUND_CONTROL_PLUS_DIRECTED_AND_MORPH_ROWS,2.158537859884075,6.930587858964625,OBSERVED_EVALUATED_POPULATION_EXTREMA_NOT_EXTRAPOLATION_PERMISSION,ACTIVE_SEARCHED_OR_ARCHIVED_MORPH
oneD_v2_peak_R_217a4e337cf79902,217a4e337cf7990218cdffb95fc7fdcaa628194b6ee2e2cfd719e744936e01e8,Peak,cleave_gT_eV_per_K,0.010321923435429639,K,SIGNED_ADDITIVE_AROUND_CONTROL_PLUS_DIRECTED_AND_MORPH_ROWS,0.003312415609635283,0.012970688696731588,OBSERVED_EVALUATED_POPULATION_EXTREMA_NOT_EXTRAPOLATION_PERMISSION,ACTIVE_SEARCHED_OR_ARCHIVED_MORPH
oneD_v2_peak_R_217a4e337cf79902,217a4e337cf7990218cdffb95fc7fdcaa628194b6ee2e2cfd719e744936e01e8,Peak,cleave_sigc0_GPa,6.874462123256281,GPa,LOG10_MULTIPLICATIVE_AROUND_CONTROL_PLUS_DIRECTED_AND_MORPH_ROWS,4.435821907903692,12.130342439144458,OBSERVED_EVALUATED_POPULATION_EXTREMA_NOT_EXTRAPOLATION_PERMISSION,ACTIVE_SEARCHED_OR_ARCHIVED_MORPH
oneD_v2_peak_R_217a4e337cf79902,217a4e337cf7990218cdffb95fc7fdcaa628194b6ee2e2cfd719e744936e01e8,Peak,cleave_sT_GPa_per_K,-9.995398325358083e-05,K,SIGNED_ADDITIVE_AROUND_CONTROL_PLUS_DIRECTED_AND_MORPH_ROWS,-0.002494536918660222,0.0030743426582776,OBSERVED_EVALUATED_POPULATION_EXTREMA_NOT_EXTRAPOLATION_PERMISSION,ACTIVE_SEARCHED_OR_ARCHIVED_MORPH
oneD_v2_peak_R_217a4e337cf79902,217a4e337cf7990218cdffb95fc7fdcaa628194b6ee2e2cfd719e744936e01e8,Peak,cleave_exp_a,1.0648951237835473,dimensionless,LOG10_MULTIPLICATIVE_AROUND_CONTROL_PLUS_DIRECTED_AND_MORPH_ROWS,0.28600664998992803,1.9916372613916957,OBSERVED_EVALUATED_POPULATION_EXTREMA_NOT_EXTRAPOLATION_PERMISSION,ACTIVE_SEARCHED_OR_ARCHIVED_MORPH
oneD_v2_peak_R_217a4e337cf79902,217a4e337cf7990218cdffb95fc7fdcaa628194b6ee2e2cfd719e744936e01e8,Peak,cleave_exp_n,1.898974285253466,dimensionless,LOG10_MULTIPLICATIVE_AROUND_CONTROL_PLUS_DIRECTED_AND_MORPH_ROWS,0.8332525623017257,1.898974285253466,OBSERVED_EVALUATED_POPULATION_EXTREMA_NOT_EXTRAPOLATION_PERMISSION,ACTIVE_SEARCHED_OR_ARCHIVED_MORPH
oneD_v2_peak_R_217a4e337cf79902,217a4e337cf7990218cdffb95fc7fdcaa628194b6ee2e2cfd719e744936e01e8,Peak,cleave_floor_frac,0.0184513317135146,dimensionless,FIXED_IN_FOCUSED_SEARCH,0.0184513317135146,0.0184513317135146,OBSERVED_EVALUATED_POPULATION_EXTREMA_NOT_EXTRAPOLATION_PERMISSION,FIXED
oneD_v2_peak_R_217a4e337cf79902,217a4e337cf7990218cdffb95fc7fdcaa628194b6ee2e2cfd719e744936e01e8,Peak,emit_G00_eV,1.3826192365392378,eV,LOG10_MULTIPLICATIVE_AROUND_CONTROL_PLUS_DIRECTED_AND_MORPH_ROWS,1.0826039470422504,3.8639869023551268,OBSERVED_EVALUATED_POPULATION_EXTREMA_NOT_EXTRAPOLATION_PERMISSION,ACTIVE_SEARCHED_OR_ARCHIVED_MORPH
oneD_v2_peak_R_217a4e337cf79902,217a4e337cf7990218cdffb95fc7fdcaa628194b6ee2e2cfd719e744936e01e8,Peak,emit_gT_eV_per_K,0.0013055151902973824,K,SIGNED_ADDITIVE_AROUND_CONTROL_PLUS_DIRECTED_AND_MORPH_ROWS,-0.0009574022223241501,0.0044219962963834,OBSERVED_EVALUATED_POPULATION_EXTREMA_NOT_EXTRAPOLATION_PERMISSION,ACTIVE_SEARCHED_OR_ARCHIVED_MORPH
oneD_v2_peak_R_217a4e337cf79902,217a4e337cf7990218cdffb95fc7fdcaa628194b6ee2e2cfd719e744936e01e8,Peak,emit_sigc0_GPa,3.402830864820063,GPa,LOG10_MULTIPLICATIVE_AROUND_CONTROL_PLUS_DIRECTED_AND_MORPH_ROWS,2.247086496900811,15.71824802880931,OBSERVED_EVALUATED_POPULATION_EXTREMA_NOT_EXTRAPOLATION_PERMISSION,ACTIVE_SEARCHED_OR_ARCHIVED_MORPH
oneD_v2_peak_R_217a4e337cf79902,217a4e337cf7990218cdffb95fc7fdcaa628194b6ee2e2cfd719e744936e01e8,Peak,emit_sT_GPa_per_K,0.0006151339027278963,K,SIGNED_ADDITIVE_AROUND_CONTROL_PLUS_DIRECTED_AND_MORPH_ROWS,-0.0029975004065782,0.0056363158663733995,OBSERVED_EVALUATED_POPULATION_EXTREMA_NOT_EXTRAPOLATION_PERMISSION,ACTIVE_SEARCHED_OR_ARCHIVED_MORPH
oneD_v2_peak_R_217a4e337cf79902,217a4e337cf7990218cdffb95fc7fdcaa628194b6ee2e2cfd719e744936e01e8,Peak,emit_exp_a,0.057513090629313965,dimensionless,LOG10_MULTIPLICATIVE_AROUND_CONTROL_PLUS_DIRECTED_AND_MORPH_ROWS,0.05192762374551905,0.3230300085259632,OBSERVED_EVALUATED_POPULATION_EXTREMA_NOT_EXTRAPOLATION_PERMISSION,ACTIVE_SEARCHED_OR_ARCHIVED_MORPH
oneD_v2_peak_R_217a4e337cf79902,217a4e337cf7990218cdffb95fc7fdcaa628194b6ee2e2cfd719e744936e01e8,Peak,emit_exp_n,0.7390975350521524,dimensionless,LOG10_MULTIPLICATIVE_AROUND_CONTROL_PLUS_DIRECTED_AND_MORPH_ROWS,0.690679369076342,1.8957374166701126,OBSERVED_EVALUATED_POPULATION_EXTREMA_NOT_EXTRAPOLATION_PERMISSION,ACTIVE_SEARCHED_OR_ARCHIVED_MORPH
oneD_v2_peak_R_217a4e337cf79902,217a4e337cf7990218cdffb95fc7fdcaa628194b6ee2e2cfd719e744936e01e8,Peak,emit_floor_frac,0.0058420097608974,dimensionless,FIXED_IN_FOCUSED_SEARCH,0.0058420097608974,0.0058420097608974,OBSERVED_EVALUATED_POPULATION_EXTREMA_NOT_EXTRAPOLATION_PERMISSION,FIXED
oneD_v2_peak_R_217a4e337cf79902,217a4e337cf7990218cdffb95fc7fdcaa628194b6ee2e2cfd719e744936e01e8,Peak,peierls_H0_eV,8.902058099630057,eV,LOG10_MULTIPLICATIVE_AROUND_CONTROL_PLUS_DIRECTED_AND_MORPH_ROWS,2.4482735010183783,10.500294453659576,OBSERVED_EVALUATED_POPULATION_EXTREMA_NOT_EXTRAPOLATION_PERMISSION,ACTIVE_SEARCHED_OR_ARCHIVED_MORPH
oneD_v2_peak_R_217a4e337cf79902,217a4e337cf7990218cdffb95fc7fdcaa628194b6ee2e2cfd719e744936e01e8,Peak,peierls_activation_entropy_kB,10.018728550498885,dimensionless,SIGNED_ADDITIVE_AROUND_CONTROL_PLUS_DIRECTED_AND_MORPH_ROWS,-17.76541064493358,24.392096446132353,OBSERVED_EVALUATED_POPULATION_EXTREMA_NOT_EXTRAPOLATION_PERMISSION,ACTIVE_SEARCHED_OR_ARCHIVED_MORPH
oneD_v2_peak_R_217a4e337cf79902,217a4e337cf7990218cdffb95fc7fdcaa628194b6ee2e2cfd719e744936e01e8,Peak,peierls_exp_a,1.9097672308795155,dimensionless,FIXED_IN_FOCUSED_SEARCH,1.9097672308795155,1.9097672308795155,OBSERVED_EVALUATED_POPULATION_EXTREMA_NOT_EXTRAPOLATION_PERMISSION,FIXED
oneD_v2_peak_R_217a4e337cf79902,217a4e337cf7990218cdffb95fc7fdcaa628194b6ee2e2cfd719e744936e01e8,Peak,peierls_exp_n,1.1372957159765065,dimensionless,FIXED_IN_FOCUSED_SEARCH,1.1372957159765065,1.1372957159765065,OBSERVED_EVALUATED_POPULATION_EXTREMA_NOT_EXTRAPOLATION_PERMISSION,FIXED
oneD_v2_peak_R_217a4e337cf79902,217a4e337cf7990218cdffb95fc7fdcaa628194b6ee2e2cfd719e744936e01e8,Peak,peierls_nu0_s,1000000000000.0,s^-1,FIXED_IN_FOCUSED_SEARCH,1000000000000.0,1000000000000.0,OBSERVED_EVALUATED_POPULATION_EXTREMA_NOT_EXTRAPOLATION_PERMISSION,FIXED
oneD_v2_peak_R_217a4e337cf79902,217a4e337cf7990218cdffb95fc7fdcaa628194b6ee2e2cfd719e744936e01e8,Peak,taylor_H0_eV,1.8721781672111806,eV,LOG10_MULTIPLICATIVE_AROUND_CONTROL_PLUS_DIRECTED_AND_MORPH_ROWS,0.4655398591231124,2.8039815100855647,OBSERVED_EVALUATED_POPULATION_EXTREMA_NOT_EXTRAPOLATION_PERMISSION,ACTIVE_SEARCHED_OR_ARCHIVED_MORPH
oneD_v2_peak_R_217a4e337cf79902,217a4e337cf7990218cdffb95fc7fdcaa628194b6ee2e2cfd719e744936e01e8,Peak,taylor_activation_entropy_kB,39.926775007861266,dimensionless,SIGNED_ADDITIVE_AROUND_CONTROL_PLUS_DIRECTED_AND_MORPH_ROWS,6.252417974174023,61.45610039622007,OBSERVED_EVALUATED_POPULATION_EXTREMA_NOT_EXTRAPOLATION_PERMISSION,ACTIVE_SEARCHED_OR_ARCHIVED_MORPH
oneD_v2_peak_R_217a4e337cf79902,217a4e337cf7990218cdffb95fc7fdcaa628194b6ee2e2cfd719e744936e01e8,Peak,taylor_exp_a,0.4561179580539465,dimensionless,FIXED_IN_FOCUSED_SEARCH,0.4561179580539465,0.4561179580539465,OBSERVED_EVALUATED_POPULATION_EXTREMA_NOT_EXTRAPOLATION_PERMISSION,FIXED
oneD_v2_peak_R_217a4e337cf79902,217a4e337cf7990218cdffb95fc7fdcaa628194b6ee2e2cfd719e744936e01e8,Peak,taylor_exp_n,1.2506696581840515,dimensionless,FIXED_IN_FOCUSED_SEARCH,1.2506696581840515,1.2506696581840515,OBSERVED_EVALUATED_POPULATION_EXTREMA_NOT_EXTRAPOLATION_PERMISSION,FIXED
oneD_v2_peak_R_217a4e337cf79902,217a4e337cf7990218cdffb95fc7fdcaa628194b6ee2e2cfd719e744936e01e8,Peak,taylor_nu0_s,100000000000.0,s^-1,FIXED_IN_FOCUSED_SEARCH,100000000000.0,100000000000.0,OBSERVED_EVALUATED_POPULATION_EXTREMA_NOT_EXTRAPOLATION_PERMISSION,FIXED
oneD_v2_peak_R_217a4e337cf79902,217a4e337cf7990218cdffb95fc7fdcaa628194b6ee2e2cfd719e744936e01e8,Peak,rho_source0_m2,1.309092103157917e+16,m^-2,LOG10_MULTIPLICATIVE_AROUND_CONTROL_PLUS_DIRECTED_AND_MORPH_ROWS,128702407675403.45,4.954223531428774e+16,OBSERVED_EVALUATED_POPULATION_EXTREMA_NOT_EXTRAPOLATION_PERMISSION,ACTIVE_SEARCHED_OR_ARCHIVED_MORPH
oneD_v2_peak_R_217a4e337cf79902,217a4e337cf7990218cdffb95fc7fdcaa628194b6ee2e2cfd719e744936e01e8,Peak,taylor_corr_rho_c_m2,161311512172376.1,m^-2,LOG10_MULTIPLICATIVE_AROUND_CONTROL_PLUS_DIRECTED_AND_MORPH_ROWS,2573873246427.0093,6992843284960853.0,OBSERVED_EVALUATED_POPULATION_EXTREMA_NOT_EXTRAPOLATION_PERMISSION,ACTIVE_SEARCHED_OR_ARCHIVED_MORPH
oneD_v2_peak_R_217a4e337cf79902,217a4e337cf7990218cdffb95fc7fdcaa628194b6ee2e2cfd719e744936e01e8,Peak,taylor_corr_scale,1.3033673757627144,dimensionless,LOG10_MULTIPLICATIVE_AROUND_CONTROL_PLUS_DIRECTED_AND_MORPH_ROWS,0.28306498043350653,2.2858937327020703,OBSERVED_EVALUATED_POPULATION_EXTREMA_NOT_EXTRAPOLATION_PERMISSION,ACTIVE_SEARCHED_OR_ARCHIVED_MORPH
oneD_v2_peak_R_217a4e337cf79902,217a4e337cf7990218cdffb95fc7fdcaa628194b6ee2e2cfd719e744936e01e8,Peak,c_blunt,6.355914105771673,dimensionless,LOG10_MULTIPLICATIVE_AROUND_CONTROL_PLUS_DIRECTED_AND_MORPH_ROWS,1.0321594900388746,6.74913788087064,OBSERVED_EVALUATED_POPULATION_EXTREMA_NOT_EXTRAPOLATION_PERMISSION,ACTIVE_SEARCHED_OR_ARCHIVED_MORPH
oneD_v2_peak_R_2698bc6755c240fc,2698bc6755c240fc8385c270ff58a9909ce2e8d8b31f06ac687bc9cb91855855,Peak,Tref_K,481.33,K,FIXED_IN_FOCUSED_SEARCH,481.33,481.33,OBSERVED_EVALUATED_POPULATION_EXTREMA_NOT_EXTRAPOLATION_PERMISSION,FIXED
oneD_v2_peak_R_2698bc6755c240fc,2698bc6755c240fc8385c270ff58a9909ce2e8d8b31f06ac687bc9cb91855855,Peak,cleave_G00_eV,4.875101341871505,eV,LOG10_MULTIPLICATIVE_AROUND_CONTROL_PLUS_DIRECTED_AND_MORPH_ROWS,2.158537859884075,6.930587858964625,OBSERVED_EVALUATED_POPULATION_EXTREMA_NOT_EXTRAPOLATION_PERMISSION,ACTIVE_SEARCHED_OR_ARCHIVED_MORPH
oneD_v2_peak_R_2698bc6755c240fc,2698bc6755c240fc8385c270ff58a9909ce2e8d8b31f06ac687bc9cb91855855,Peak,cleave_gT_eV_per_K,0.006748126438310923,K,SIGNED_ADDITIVE_AROUND_CONTROL_PLUS_DIRECTED_AND_MORPH_ROWS,0.003312415609635283,0.012970688696731588,OBSERVED_EVALUATED_POPULATION_EXTREMA_NOT_EXTRAPOLATION_PERMISSION,ACTIVE_SEARCHED_OR_ARCHIVED_MORPH
oneD_v2_peak_R_2698bc6755c240fc,2698bc6755c240fc8385c270ff58a9909ce2e8d8b31f06ac687bc9cb91855855,Peak,cleave_sigc0_GPa,5.870089566774832,GPa,LOG10_MULTIPLICATIVE_AROUND_CONTROL_PLUS_DIRECTED_AND_MORPH_ROWS,4.435821907903692,12.130342439144458,OBSERVED_EVALUATED_POPULATION_EXTREMA_NOT_EXTRAPOLATION_PERMISSION,ACTIVE_SEARCHED_OR_ARCHIVED_MORPH
oneD_v2_peak_R_2698bc6755c240fc,2698bc6755c240fc8385c270ff58a9909ce2e8d8b31f06ac687bc9cb91855855,Peak,cleave_sT_GPa_per_K,-0.0013915091111728836,K,SIGNED_ADDITIVE_AROUND_CONTROL_PLUS_DIRECTED_AND_MORPH_ROWS,-0.002494536918660222,0.0030743426582776,OBSERVED_EVALUATED_POPULATION_EXTREMA_NOT_EXTRAPOLATION_PERMISSION,ACTIVE_SEARCHED_OR_ARCHIVED_MORPH
oneD_v2_peak_R_2698bc6755c240fc,2698bc6755c240fc8385c270ff58a9909ce2e8d8b31f06ac687bc9cb91855855,Peak,cleave_exp_a,1.9645792418259007,dimensionless,LOG10_MULTIPLICATIVE_AROUND_CONTROL_PLUS_DIRECTED_AND_MORPH_ROWS,0.28600664998992803,1.9916372613916957,OBSERVED_EVALUATED_POPULATION_EXTREMA_NOT_EXTRAPOLATION_PERMISSION,ACTIVE_SEARCHED_OR_ARCHIVED_MORPH
oneD_v2_peak_R_2698bc6755c240fc,2698bc6755c240fc8385c270ff58a9909ce2e8d8b31f06ac687bc9cb91855855,Peak,cleave_exp_n,1.7136593677700251,dimensionless,LOG10_MULTIPLICATIVE_AROUND_CONTROL_PLUS_DIRECTED_AND_MORPH_ROWS,0.8332525623017257,1.898974285253466,OBSERVED_EVALUATED_POPULATION_EXTREMA_NOT_EXTRAPOLATION_PERMISSION,ACTIVE_SEARCHED_OR_ARCHIVED_MORPH
oneD_v2_peak_R_2698bc6755c240fc,2698bc6755c240fc8385c270ff58a9909ce2e8d8b31f06ac687bc9cb91855855,Peak,cleave_floor_frac,0.0184513317135146,dimensionless,FIXED_IN_FOCUSED_SEARCH,0.0184513317135146,0.0184513317135146,OBSERVED_EVALUATED_POPULATION_EXTREMA_NOT_EXTRAPOLATION_PERMISSION,FIXED
oneD_v2_peak_R_2698bc6755c240fc,2698bc6755c240fc8385c270ff58a9909ce2e8d8b31f06ac687bc9cb91855855,Peak,emit_G00_eV,3.4901390994612598,eV,LOG10_MULTIPLICATIVE_AROUND_CONTROL_PLUS_DIRECTED_AND_MORPH_ROWS,1.0826039470422504,3.8639869023551268,OBSERVED_EVALUATED_POPULATION_EXTREMA_NOT_EXTRAPOLATION_PERMISSION,ACTIVE_SEARCHED_OR_ARCHIVED_MORPH
oneD_v2_peak_R_2698bc6755c240fc,2698bc6755c240fc8385c270ff58a9909ce2e8d8b31f06ac687bc9cb91855855,Peak,emit_gT_eV_per_K,-0.00015726690755435055,K,SIGNED_ADDITIVE_AROUND_CONTROL_PLUS_DIRECTED_AND_MORPH_ROWS,-0.0009574022223241501,0.0044219962963834,OBSERVED_EVALUATED_POPULATION_EXTREMA_NOT_EXTRAPOLATION_PERMISSION,ACTIVE_SEARCHED_OR_ARCHIVED_MORPH
oneD_v2_peak_R_2698bc6755c240fc,2698bc6755c240fc8385c270ff58a9909ce2e8d8b31f06ac687bc9cb91855855,Peak,emit_sigc0_GPa,13.42461703562483,GPa,LOG10_MULTIPLICATIVE_AROUND_CONTROL_PLUS_DIRECTED_AND_MORPH_ROWS,2.247086496900811,15.71824802880931,OBSERVED_EVALUATED_POPULATION_EXTREMA_NOT_EXTRAPOLATION_PERMISSION,ACTIVE_SEARCHED_OR_ARCHIVED_MORPH
oneD_v2_peak_R_2698bc6755c240fc,2698bc6755c240fc8385c270ff58a9909ce2e8d8b31f06ac687bc9cb91855855,Peak,emit_sT_GPa_per_K,0.00023655283434747035,K,SIGNED_ADDITIVE_AROUND_CONTROL_PLUS_DIRECTED_AND_MORPH_ROWS,-0.0029975004065782,0.0056363158663733995,OBSERVED_EVALUATED_POPULATION_EXTREMA_NOT_EXTRAPOLATION_PERMISSION,ACTIVE_SEARCHED_OR_ARCHIVED_MORPH
oneD_v2_peak_R_2698bc6755c240fc,2698bc6755c240fc8385c270ff58a9909ce2e8d8b31f06ac687bc9cb91855855,Peak,emit_exp_a,0.136559110448864,dimensionless,LOG10_MULTIPLICATIVE_AROUND_CONTROL_PLUS_DIRECTED_AND_MORPH_ROWS,0.05192762374551905,0.3230300085259632,OBSERVED_EVALUATED_POPULATION_EXTREMA_NOT_EXTRAPOLATION_PERMISSION,ACTIVE_SEARCHED_OR_ARCHIVED_MORPH
oneD_v2_peak_R_2698bc6755c240fc,2698bc6755c240fc8385c270ff58a9909ce2e8d8b31f06ac687bc9cb91855855,Peak,emit_exp_n,0.9634388629798846,dimensionless,LOG10_MULTIPLICATIVE_AROUND_CONTROL_PLUS_DIRECTED_AND_MORPH_ROWS,0.690679369076342,1.8957374166701126,OBSERVED_EVALUATED_POPULATION_EXTREMA_NOT_EXTRAPOLATION_PERMISSION,ACTIVE_SEARCHED_OR_ARCHIVED_MORPH
oneD_v2_peak_R_2698bc6755c240fc,2698bc6755c240fc8385c270ff58a9909ce2e8d8b31f06ac687bc9cb91855855,Peak,emit_floor_frac,0.0058420097608974,dimensionless,FIXED_IN_FOCUSED_SEARCH,0.0058420097608974,0.0058420097608974,OBSERVED_EVALUATED_POPULATION_EXTREMA_NOT_EXTRAPOLATION_PERMISSION,FIXED
oneD_v2_peak_R_2698bc6755c240fc,2698bc6755c240fc8385c270ff58a9909ce2e8d8b31f06ac687bc9cb91855855,Peak,peierls_H0_eV,9.751975186536933,eV,LOG10_MULTIPLICATIVE_AROUND_CONTROL_PLUS_DIRECTED_AND_MORPH_ROWS,2.4482735010183783,10.500294453659576,OBSERVED_EVALUATED_POPULATION_EXTREMA_NOT_EXTRAPOLATION_PERMISSION,ACTIVE_SEARCHED_OR_ARCHIVED_MORPH
oneD_v2_peak_R_2698bc6755c240fc,2698bc6755c240fc8385c270ff58a9909ce2e8d8b31f06ac687bc9cb91855855,Peak,peierls_activation_entropy_kB,7.13674319257082,dimensionless,SIGNED_ADDITIVE_AROUND_CONTROL_PLUS_DIRECTED_AND_MORPH_ROWS,-17.76541064493358,24.392096446132353,OBSERVED_EVALUATED_POPULATION_EXTREMA_NOT_EXTRAPOLATION_PERMISSION,ACTIVE_SEARCHED_OR_ARCHIVED_MORPH
oneD_v2_peak_R_2698bc6755c240fc,2698bc6755c240fc8385c270ff58a9909ce2e8d8b31f06ac687bc9cb91855855,Peak,peierls_exp_a,1.9097672308795155,dimensionless,FIXED_IN_FOCUSED_SEARCH,1.9097672308795155,1.9097672308795155,OBSERVED_EVALUATED_POPULATION_EXTREMA_NOT_EXTRAPOLATION_PERMISSION,FIXED
oneD_v2_peak_R_2698bc6755c240fc,2698bc6755c240fc8385c270ff58a9909ce2e8d8b31f06ac687bc9cb91855855,Peak,peierls_exp_n,1.1372957159765065,dimensionless,FIXED_IN_FOCUSED_SEARCH,1.1372957159765065,1.1372957159765065,OBSERVED_EVALUATED_POPULATION_EXTREMA_NOT_EXTRAPOLATION_PERMISSION,FIXED
oneD_v2_peak_R_2698bc6755c240fc,2698bc6755c240fc8385c270ff58a9909ce2e8d8b31f06ac687bc9cb91855855,Peak,peierls_nu0_s,1000000000000.0,s^-1,FIXED_IN_FOCUSED_SEARCH,1000000000000.0,1000000000000.0,OBSERVED_EVALUATED_POPULATION_EXTREMA_NOT_EXTRAPOLATION_PERMISSION,FIXED
oneD_v2_peak_R_2698bc6755c240fc,2698bc6755c240fc8385c270ff58a9909ce2e8d8b31f06ac687bc9cb91855855,Peak,taylor_H0_eV,1.5682708891345247,eV,LOG10_MULTIPLICATIVE_AROUND_CONTROL_PLUS_DIRECTED_AND_MORPH_ROWS,0.4655398591231124,2.8039815100855647,OBSERVED_EVALUATED_POPULATION_EXTREMA_NOT_EXTRAPOLATION_PERMISSION,ACTIVE_SEARCHED_OR_ARCHIVED_MORPH
oneD_v2_peak_R_2698bc6755c240fc,2698bc6755c240fc8385c270ff58a9909ce2e8d8b31f06ac687bc9cb91855855,Peak,taylor_activation_entropy_kB,47.4575145020291,dimensionless,SIGNED_ADDITIVE_AROUND_CONTROL_PLUS_DIRECTED_AND_MORPH_ROWS,6.252417974174023,61.45610039622007,OBSERVED_EVALUATED_POPULATION_EXTREMA_NOT_EXTRAPOLATION_PERMISSION,ACTIVE_SEARCHED_OR_ARCHIVED_MORPH
oneD_v2_peak_R_2698bc6755c240fc,2698bc6755c240fc8385c270ff58a9909ce2e8d8b31f06ac687bc9cb91855855,Peak,taylor_exp_a,0.4561179580539465,dimensionless,FIXED_IN_FOCUSED_SEARCH,0.4561179580539465,0.4561179580539465,OBSERVED_EVALUATED_POPULATION_EXTREMA_NOT_EXTRAPOLATION_PERMISSION,FIXED
oneD_v2_peak_R_2698bc6755c240fc,2698bc6755c240fc8385c270ff58a9909ce2e8d8b31f06ac687bc9cb91855855,Peak,taylor_exp_n,1.2506696581840515,dimensionless,FIXED_IN_FOCUSED_SEARCH,1.2506696581840515,1.2506696581840515,OBSERVED_EVALUATED_POPULATION_EXTREMA_NOT_EXTRAPOLATION_PERMISSION,FIXED
oneD_v2_peak_R_2698bc6755c240fc,2698bc6755c240fc8385c270ff58a9909ce2e8d8b31f06ac687bc9cb91855855,Peak,taylor_nu0_s,100000000000.0,s^-1,FIXED_IN_FOCUSED_SEARCH,100000000000.0,100000000000.0,OBSERVED_EVALUATED_POPULATION_EXTREMA_NOT_EXTRAPOLATION_PERMISSION,FIXED
oneD_v2_peak_R_2698bc6755c240fc,2698bc6755c240fc8385c270ff58a9909ce2e8d8b31f06ac687bc9cb91855855,Peak,rho_source0_m2,4.3433977267991416e+16,m^-2,LOG10_MULTIPLICATIVE_AROUND_CONTROL_PLUS_DIRECTED_AND_MORPH_ROWS,128702407675403.45,4.954223531428774e+16,OBSERVED_EVALUATED_POPULATION_EXTREMA_NOT_EXTRAPOLATION_PERMISSION,ACTIVE_SEARCHED_OR_ARCHIVED_MORPH
oneD_v2_peak_R_2698bc6755c240fc,2698bc6755c240fc8385c270ff58a9909ce2e8d8b31f06ac687bc9cb91855855,Peak,taylor_corr_rho_c_m2,150947771755104.75,m^-2,LOG10_MULTIPLICATIVE_AROUND_CONTROL_PLUS_DIRECTED_AND_MORPH_ROWS,2573873246427.0093,6992843284960853.0,OBSERVED_EVALUATED_POPULATION_EXTREMA_NOT_EXTRAPOLATION_PERMISSION,ACTIVE_SEARCHED_OR_ARCHIVED_MORPH
oneD_v2_peak_R_2698bc6755c240fc,2698bc6755c240fc8385c270ff58a9909ce2e8d8b31f06ac687bc9cb91855855,Peak,taylor_corr_scale,0.41892088498260005,dimensionless,LOG10_MULTIPLICATIVE_AROUND_CONTROL_PLUS_DIRECTED_AND_MORPH_ROWS,0.28306498043350653,2.2858937327020703,OBSERVED_EVALUATED_POPULATION_EXTREMA_NOT_EXTRAPOLATION_PERMISSION,ACTIVE_SEARCHED_OR_ARCHIVED_MORPH
oneD_v2_peak_R_2698bc6755c240fc,2698bc6755c240fc8385c270ff58a9909ce2e8d8b31f06ac687bc9cb91855855,Peak,c_blunt,2.243129436587968,dimensionless,LOG10_MULTIPLICATIVE_AROUND_CONTROL_PLUS_DIRECTED_AND_MORPH_ROWS,1.0321594900388746,6.74913788087064,OBSERVED_EVALUATED_POPULATION_EXTREMA_NOT_EXTRAPOLATION_PERMISSION,ACTIVE_SEARCHED_OR_ARCHIVED_MORPH
oneD_v2_peak_R_2c6f8d95d12dbced,2c6f8d95d12dbced63346589fad99fd182f2c9693346745a95c61bf39bab4e6e,Peak,Tref_K,481.33,K,FIXED_IN_FOCUSED_SEARCH,481.33,481.33,OBSERVED_EVALUATED_POPULATION_EXTREMA_NOT_EXTRAPOLATION_PERMISSION,FIXED
oneD_v2_peak_R_2c6f8d95d12dbced,2c6f8d95d12dbced63346589fad99fd182f2c9693346745a95c61bf39bab4e6e,Peak,cleave_G00_eV,4.253880759993317,eV,LOG10_MULTIPLICATIVE_AROUND_CONTROL_PLUS_DIRECTED_AND_MORPH_ROWS,2.158537859884075,6.930587858964625,OBSERVED_EVALUATED_POPULATION_EXTREMA_NOT_EXTRAPOLATION_PERMISSION,ACTIVE_SEARCHED_OR_ARCHIVED_MORPH
oneD_v2_peak_R_2c6f8d95d12dbced,2c6f8d95d12dbced63346589fad99fd182f2c9693346745a95c61bf39bab4e6e,Peak,cleave_gT_eV_per_K,0.011857748340587556,K,SIGNED_ADDITIVE_AROUND_CONTROL_PLUS_DIRECTED_AND_MORPH_ROWS,0.003312415609635283,0.012970688696731588,OBSERVED_EVALUATED_POPULATION_EXTREMA_NOT_EXTRAPOLATION_PERMISSION,ACTIVE_SEARCHED_OR_ARCHIVED_MORPH
oneD_v2_peak_R_2c6f8d95d12dbced,2c6f8d95d12dbced63346589fad99fd182f2c9693346745a95c61bf39bab4e6e,Peak,cleave_sigc0_GPa,4.465637489685628,GPa,LOG10_MULTIPLICATIVE_AROUND_CONTROL_PLUS_DIRECTED_AND_MORPH_ROWS,4.435821907903692,12.130342439144458,OBSERVED_EVALUATED_POPULATION_EXTREMA_NOT_EXTRAPOLATION_PERMISSION,ACTIVE_SEARCHED_OR_ARCHIVED_MORPH
oneD_v2_peak_R_2c6f8d95d12dbced,2c6f8d95d12dbced63346589fad99fd182f2c9693346745a95c61bf39bab4e6e,Peak,cleave_sT_GPa_per_K,-0.0006040903968189635,K,SIGNED_ADDITIVE_AROUND_CONTROL_PLUS_DIRECTED_AND_MORPH_ROWS,-0.002494536918660222,0.0030743426582776,OBSERVED_EVALUATED_POPULATION_EXTREMA_NOT_EXTRAPOLATION_PERMISSION,ACTIVE_SEARCHED_OR_ARCHIVED_MORPH
oneD_v2_peak_R_2c6f8d95d12dbced,2c6f8d95d12dbced63346589fad99fd182f2c9693346745a95c61bf39bab4e6e,Peak,cleave_exp_a,0.876590995266733,dimensionless,LOG10_MULTIPLICATIVE_AROUND_CONTROL_PLUS_DIRECTED_AND_MORPH_ROWS,0.28600664998992803,1.9916372613916957,OBSERVED_EVALUATED_POPULATION_EXTREMA_NOT_EXTRAPOLATION_PERMISSION,ACTIVE_SEARCHED_OR_ARCHIVED_MORPH
oneD_v2_peak_R_2c6f8d95d12dbced,2c6f8d95d12dbced63346589fad99fd182f2c9693346745a95c61bf39bab4e6e,Peak,cleave_exp_n,1.7583165274537513,dimensionless,LOG10_MULTIPLICATIVE_AROUND_CONTROL_PLUS_DIRECTED_AND_MORPH_ROWS,0.8332525623017257,1.898974285253466,OBSERVED_EVALUATED_POPULATION_EXTREMA_NOT_EXTRAPOLATION_PERMISSION,ACTIVE_SEARCHED_OR_ARCHIVED_MORPH
oneD_v2_peak_R_2c6f8d95d12dbced,2c6f8d95d12dbced63346589fad99fd182f2c9693346745a95c61bf39bab4e6e,Peak,cleave_floor_frac,0.0184513317135146,dimensionless,FIXED_IN_FOCUSED_SEARCH,0.0184513317135146,0.0184513317135146,OBSERVED_EVALUATED_POPULATION_EXTREMA_NOT_EXTRAPOLATION_PERMISSION,FIXED
oneD_v2_peak_R_2c6f8d95d12dbced,2c6f8d95d12dbced63346589fad99fd182f2c9693346745a95c61bf39bab4e6e,Peak,emit_G00_eV,2.127811453900995,eV,LOG10_MULTIPLICATIVE_AROUND_CONTROL_PLUS_DIRECTED_AND_MORPH_ROWS,1.0826039470422504,3.8639869023551268,OBSERVED_EVALUATED_POPULATION_EXTREMA_NOT_EXTRAPOLATION_PERMISSION,ACTIVE_SEARCHED_OR_ARCHIVED_MORPH
oneD_v2_peak_R_2c6f8d95d12dbced,2c6f8d95d12dbced63346589fad99fd182f2c9693346745a95c61bf39bab4e6e,Peak,emit_gT_eV_per_K,0.002439668925631494,K,SIGNED_ADDITIVE_AROUND_CONTROL_PLUS_DIRECTED_AND_MORPH_ROWS,-0.0009574022223241501,0.0044219962963834,OBSERVED_EVALUATED_POPULATION_EXTREMA_NOT_EXTRAPOLATION_PERMISSION,ACTIVE_SEARCHED_OR_ARCHIVED_MORPH
oneD_v2_peak_R_2c6f8d95d12dbced,2c6f8d95d12dbced63346589fad99fd182f2c9693346745a95c61bf39bab4e6e,Peak,emit_sigc0_GPa,4.4339452595242514,GPa,LOG10_MULTIPLICATIVE_AROUND_CONTROL_PLUS_DIRECTED_AND_MORPH_ROWS,2.247086496900811,15.71824802880931,OBSERVED_EVALUATED_POPULATION_EXTREMA_NOT_EXTRAPOLATION_PERMISSION,ACTIVE_SEARCHED_OR_ARCHIVED_MORPH
oneD_v2_peak_R_2c6f8d95d12dbced,2c6f8d95d12dbced63346589fad99fd182f2c9693346745a95c61bf39bab4e6e,Peak,emit_sT_GPa_per_K,0.0025321952073615985,K,SIGNED_ADDITIVE_AROUND_CONTROL_PLUS_DIRECTED_AND_MORPH_ROWS,-0.0029975004065782,0.0056363158663733995,OBSERVED_EVALUATED_POPULATION_EXTREMA_NOT_EXTRAPOLATION_PERMISSION,ACTIVE_SEARCHED_OR_ARCHIVED_MORPH
oneD_v2_peak_R_2c6f8d95d12dbced,2c6f8d95d12dbced63346589fad99fd182f2c9693346745a95c61bf39bab4e6e,Peak,emit_exp_a,0.11464948318332195,dimensionless,LOG10_MULTIPLICATIVE_AROUND_CONTROL_PLUS_DIRECTED_AND_MORPH_ROWS,0.05192762374551905,0.3230300085259632,OBSERVED_EVALUATED_POPULATION_EXTREMA_NOT_EXTRAPOLATION_PERMISSION,ACTIVE_SEARCHED_OR_ARCHIVED_MORPH
oneD_v2_peak_R_2c6f8d95d12dbced,2c6f8d95d12dbced63346589fad99fd182f2c9693346745a95c61bf39bab4e6e,Peak,emit_exp_n,1.196939346822265,dimensionless,LOG10_MULTIPLICATIVE_AROUND_CONTROL_PLUS_DIRECTED_AND_MORPH_ROWS,0.690679369076342,1.8957374166701126,OBSERVED_EVALUATED_POPULATION_EXTREMA_NOT_EXTRAPOLATION_PERMISSION,ACTIVE_SEARCHED_OR_ARCHIVED_MORPH
oneD_v2_peak_R_2c6f8d95d12dbced,2c6f8d95d12dbced63346589fad99fd182f2c9693346745a95c61bf39bab4e6e,Peak,emit_floor_frac,0.0058420097608974,dimensionless,FIXED_IN_FOCUSED_SEARCH,0.0058420097608974,0.0058420097608974,OBSERVED_EVALUATED_POPULATION_EXTREMA_NOT_EXTRAPOLATION_PERMISSION,FIXED
oneD_v2_peak_R_2c6f8d95d12dbced,2c6f8d95d12dbced63346589fad99fd182f2c9693346745a95c61bf39bab4e6e,Peak,peierls_H0_eV,10.456010417364965,eV,LOG10_MULTIPLICATIVE_AROUND_CONTROL_PLUS_DIRECTED_AND_MORPH_ROWS,2.4482735010183783,10.500294453659576,OBSERVED_EVALUATED_POPULATION_EXTREMA_NOT_EXTRAPOLATION_PERMISSION,ACTIVE_SEARCHED_OR_ARCHIVED_MORPH
oneD_v2_peak_R_2c6f8d95d12dbced,2c6f8d95d12dbced63346589fad99fd182f2c9693346745a95c61bf39bab4e6e,Peak,peierls_activation_entropy_kB,17.758349312670664,dimensionless,SIGNED_ADDITIVE_AROUND_CONTROL_PLUS_DIRECTED_AND_MORPH_ROWS,-17.76541064493358,24.392096446132353,OBSERVED_EVALUATED_POPULATION_EXTREMA_NOT_EXTRAPOLATION_PERMISSION,ACTIVE_SEARCHED_OR_ARCHIVED_MORPH
oneD_v2_peak_R_2c6f8d95d12dbced,2c6f8d95d12dbced63346589fad99fd182f2c9693346745a95c61bf39bab4e6e,Peak,peierls_exp_a,1.9097672308795155,dimensionless,FIXED_IN_FOCUSED_SEARCH,1.9097672308795155,1.9097672308795155,OBSERVED_EVALUATED_POPULATION_EXTREMA_NOT_EXTRAPOLATION_PERMISSION,FIXED
oneD_v2_peak_R_2c6f8d95d12dbced,2c6f8d95d12dbced63346589fad99fd182f2c9693346745a95c61bf39bab4e6e,Peak,peierls_exp_n,1.1372957159765065,dimensionless,FIXED_IN_FOCUSED_SEARCH,1.1372957159765065,1.1372957159765065,OBSERVED_EVALUATED_POPULATION_EXTREMA_NOT_EXTRAPOLATION_PERMISSION,FIXED
oneD_v2_peak_R_2c6f8d95d12dbced,2c6f8d95d12dbced63346589fad99fd182f2c9693346745a95c61bf39bab4e6e,Peak,peierls_nu0_s,1000000000000.0,s^-1,FIXED_IN_FOCUSED_SEARCH,1000000000000.0,1000000000000.0,OBSERVED_EVALUATED_POPULATION_EXTREMA_NOT_EXTRAPOLATION_PERMISSION,FIXED
oneD_v2_peak_R_2c6f8d95d12dbced,2c6f8d95d12dbced63346589fad99fd182f2c9693346745a95c61bf39bab4e6e,Peak,taylor_H0_eV,1.1704792049851933,eV,LOG10_MULTIPLICATIVE_AROUND_CONTROL_PLUS_DIRECTED_AND_MORPH_ROWS,0.4655398591231124,2.8039815100855647,OBSERVED_EVALUATED_POPULATION_EXTREMA_NOT_EXTRAPOLATION_PERMISSION,ACTIVE_SEARCHED_OR_ARCHIVED_MORPH
oneD_v2_peak_R_2c6f8d95d12dbced,2c6f8d95d12dbced63346589fad99fd182f2c9693346745a95c61bf39bab4e6e,Peak,taylor_activation_entropy_kB,22.566106909360542,dimensionless,SIGNED_ADDITIVE_AROUND_CONTROL_PLUS_DIRECTED_AND_MORPH_ROWS,6.252417974174023,61.45610039622007,OBSERVED_EVALUATED_POPULATION_EXTREMA_NOT_EXTRAPOLATION_PERMISSION,ACTIVE_SEARCHED_OR_ARCHIVED_MORPH
oneD_v2_peak_R_2c6f8d95d12dbced,2c6f8d95d12dbced63346589fad99fd182f2c9693346745a95c61bf39bab4e6e,Peak,taylor_exp_a,0.4561179580539465,dimensionless,FIXED_IN_FOCUSED_SEARCH,0.4561179580539465,0.4561179580539465,OBSERVED_EVALUATED_POPULATION_EXTREMA_NOT_EXTRAPOLATION_PERMISSION,FIXED
oneD_v2_peak_R_2c6f8d95d12dbced,2c6f8d95d12dbced63346589fad99fd182f2c9693346745a95c61bf39bab4e6e,Peak,taylor_exp_n,1.2506696581840515,dimensionless,FIXED_IN_FOCUSED_SEARCH,1.2506696581840515,1.2506696581840515,OBSERVED_EVALUATED_POPULATION_EXTREMA_NOT_EXTRAPOLATION_PERMISSION,FIXED
oneD_v2_peak_R_2c6f8d95d12dbced,2c6f8d95d12dbced63346589fad99fd182f2c9693346745a95c61bf39bab4e6e,Peak,taylor_nu0_s,100000000000.0,s^-1,FIXED_IN_FOCUSED_SEARCH,100000000000.0,100000000000.0,OBSERVED_EVALUATED_POPULATION_EXTREMA_NOT_EXTRAPOLATION_PERMISSION,FIXED
oneD_v2_peak_R_2c6f8d95d12dbced,2c6f8d95d12dbced63346589fad99fd182f2c9693346745a95c61bf39bab4e6e,Peak,rho_source0_m2,3.618815436757441e+16,m^-2,LOG10_MULTIPLICATIVE_AROUND_CONTROL_PLUS_DIRECTED_AND_MORPH_ROWS,128702407675403.45,4.954223531428774e+16,OBSERVED_EVALUATED_POPULATION_EXTREMA_NOT_EXTRAPOLATION_PERMISSION,ACTIVE_SEARCHED_OR_ARCHIVED_MORPH
oneD_v2_peak_R_2c6f8d95d12dbced,2c6f8d95d12dbced63346589fad99fd182f2c9693346745a95c61bf39bab4e6e,Peak,taylor_corr_rho_c_m2,49017762677620.47,m^-2,LOG10_MULTIPLICATIVE_AROUND_CONTROL_PLUS_DIRECTED_AND_MORPH_ROWS,2573873246427.0093,6992843284960853.0,OBSERVED_EVALUATED_POPULATION_EXTREMA_NOT_EXTRAPOLATION_PERMISSION,ACTIVE_SEARCHED_OR_ARCHIVED_MORPH
oneD_v2_peak_R_2c6f8d95d12dbced,2c6f8d95d12dbced63346589fad99fd182f2c9693346745a95c61bf39bab4e6e,Peak,taylor_corr_scale,0.7645595250908833,dimensionless,LOG10_MULTIPLICATIVE_AROUND_CONTROL_PLUS_DIRECTED_AND_MORPH_ROWS,0.28306498043350653,2.2858937327020703,OBSERVED_EVALUATED_POPULATION_EXTREMA_NOT_EXTRAPOLATION_PERMISSION,ACTIVE_SEARCHED_OR_ARCHIVED_MORPH
oneD_v2_peak_R_2c6f8d95d12dbced,2c6f8d95d12dbced63346589fad99fd182f2c9693346745a95c61bf39bab4e6e,Peak,c_blunt,6.520997071842368,dimensionless,LOG10_MULTIPLICATIVE_AROUND_CONTROL_PLUS_DIRECTED_AND_MORPH_ROWS,1.0321594900388746,6.74913788087064,OBSERVED_EVALUATED_POPULATION_EXTREMA_NOT_EXTRAPOLATION_PERMISSION,ACTIVE_SEARCHED_OR_ARCHIVED_MORPH
oneD_v2_peak_R_40dc611f87479dbe,40dc611f87479dbec4e49318c0473b94de5f902c1863e9ff9564d539149b24f3,Peak,Tref_K,481.33,K,FIXED_IN_FOCUSED_SEARCH,481.33,481.33,OBSERVED_EVALUATED_POPULATION_EXTREMA_NOT_EXTRAPOLATION_PERMISSION,FIXED
oneD_v2_peak_R_40dc611f87479dbe,40dc611f87479dbec4e49318c0473b94de5f902c1863e9ff9564d539149b24f3,Peak,cleave_G00_eV,4.068601962037316,eV,LOG10_MULTIPLICATIVE_AROUND_CONTROL_PLUS_DIRECTED_AND_MORPH_ROWS,2.158537859884075,6.930587858964625,OBSERVED_EVALUATED_POPULATION_EXTREMA_NOT_EXTRAPOLATION_PERMISSION,ACTIVE_SEARCHED_OR_ARCHIVED_MORPH
oneD_v2_peak_R_40dc611f87479dbe,40dc611f87479dbec4e49318c0473b94de5f902c1863e9ff9564d539149b24f3,Peak,cleave_gT_eV_per_K,0.00868192208533487,K,SIGNED_ADDITIVE_AROUND_CONTROL_PLUS_DIRECTED_AND_MORPH_ROWS,0.003312415609635283,0.012970688696731588,OBSERVED_EVALUATED_POPULATION_EXTREMA_NOT_EXTRAPOLATION_PERMISSION,ACTIVE_SEARCHED_OR_ARCHIVED_MORPH
oneD_v2_peak_R_40dc611f87479dbe,40dc611f87479dbec4e49318c0473b94de5f902c1863e9ff9564d539149b24f3,Peak,cleave_sigc0_GPa,8.012946590897913,GPa,LOG10_MULTIPLICATIVE_AROUND_CONTROL_PLUS_DIRECTED_AND_MORPH_ROWS,4.435821907903692,12.130342439144458,OBSERVED_EVALUATED_POPULATION_EXTREMA_NOT_EXTRAPOLATION_PERMISSION,ACTIVE_SEARCHED_OR_ARCHIVED_MORPH
oneD_v2_peak_R_40dc611f87479dbe,40dc611f87479dbec4e49318c0473b94de5f902c1863e9ff9564d539149b24f3,Peak,cleave_sT_GPa_per_K,-0.002226842117459966,K,SIGNED_ADDITIVE_AROUND_CONTROL_PLUS_DIRECTED_AND_MORPH_ROWS,-0.002494536918660222,0.0030743426582776,OBSERVED_EVALUATED_POPULATION_EXTREMA_NOT_EXTRAPOLATION_PERMISSION,ACTIVE_SEARCHED_OR_ARCHIVED_MORPH
oneD_v2_peak_R_40dc611f87479dbe,40dc611f87479dbec4e49318c0473b94de5f902c1863e9ff9564d539149b24f3,Peak,cleave_exp_a,1.017401808065409,dimensionless,LOG10_MULTIPLICATIVE_AROUND_CONTROL_PLUS_DIRECTED_AND_MORPH_ROWS,0.28600664998992803,1.9916372613916957,OBSERVED_EVALUATED_POPULATION_EXTREMA_NOT_EXTRAPOLATION_PERMISSION,ACTIVE_SEARCHED_OR_ARCHIVED_MORPH
oneD_v2_peak_R_40dc611f87479dbe,40dc611f87479dbec4e49318c0473b94de5f902c1863e9ff9564d539149b24f3,Peak,cleave_exp_n,0.9483343902196867,dimensionless,LOG10_MULTIPLICATIVE_AROUND_CONTROL_PLUS_DIRECTED_AND_MORPH_ROWS,0.8332525623017257,1.898974285253466,OBSERVED_EVALUATED_POPULATION_EXTREMA_NOT_EXTRAPOLATION_PERMISSION,ACTIVE_SEARCHED_OR_ARCHIVED_MORPH
oneD_v2_peak_R_40dc611f87479dbe,40dc611f87479dbec4e49318c0473b94de5f902c1863e9ff9564d539149b24f3,Peak,cleave_floor_frac,0.0184513317135146,dimensionless,FIXED_IN_FOCUSED_SEARCH,0.0184513317135146,0.0184513317135146,OBSERVED_EVALUATED_POPULATION_EXTREMA_NOT_EXTRAPOLATION_PERMISSION,FIXED
oneD_v2_peak_R_40dc611f87479dbe,40dc611f87479dbec4e49318c0473b94de5f902c1863e9ff9564d539149b24f3,Peak,emit_G00_eV,1.1264569539966822,eV,LOG10_MULTIPLICATIVE_AROUND_CONTROL_PLUS_DIRECTED_AND_MORPH_ROWS,1.0826039470422504,3.8639869023551268,OBSERVED_EVALUATED_POPULATION_EXTREMA_NOT_EXTRAPOLATION_PERMISSION,ACTIVE_SEARCHED_OR_ARCHIVED_MORPH
oneD_v2_peak_R_40dc611f87479dbe,40dc611f87479dbec4e49318c0473b94de5f902c1863e9ff9564d539149b24f3,Peak,emit_gT_eV_per_K,0.0004317460422614955,K,SIGNED_ADDITIVE_AROUND_CONTROL_PLUS_DIRECTED_AND_MORPH_ROWS,-0.0009574022223241501,0.0044219962963834,OBSERVED_EVALUATED_POPULATION_EXTREMA_NOT_EXTRAPOLATION_PERMISSION,ACTIVE_SEARCHED_OR_ARCHIVED_MORPH
oneD_v2_peak_R_40dc611f87479dbe,40dc611f87479dbec4e49318c0473b94de5f902c1863e9ff9564d539149b24f3,Peak,emit_sigc0_GPa,8.13936725697939,GPa,LOG10_MULTIPLICATIVE_AROUND_CONTROL_PLUS_DIRECTED_AND_MORPH_ROWS,2.247086496900811,15.71824802880931,OBSERVED_EVALUATED_POPULATION_EXTREMA_NOT_EXTRAPOLATION_PERMISSION,ACTIVE_SEARCHED_OR_ARCHIVED_MORPH
oneD_v2_peak_R_40dc611f87479dbe,40dc611f87479dbec4e49318c0473b94de5f902c1863e9ff9564d539149b24f3,Peak,emit_sT_GPa_per_K,0.002651392754969424,K,SIGNED_ADDITIVE_AROUND_CONTROL_PLUS_DIRECTED_AND_MORPH_ROWS,-0.0029975004065782,0.0056363158663733995,OBSERVED_EVALUATED_POPULATION_EXTREMA_NOT_EXTRAPOLATION_PERMISSION,ACTIVE_SEARCHED_OR_ARCHIVED_MORPH
oneD_v2_peak_R_40dc611f87479dbe,40dc611f87479dbec4e49318c0473b94de5f902c1863e9ff9564d539149b24f3,Peak,emit_exp_a,0.0936942273487843,dimensionless,LOG10_MULTIPLICATIVE_AROUND_CONTROL_PLUS_DIRECTED_AND_MORPH_ROWS,0.05192762374551905,0.3230300085259632,OBSERVED_EVALUATED_POPULATION_EXTREMA_NOT_EXTRAPOLATION_PERMISSION,ACTIVE_SEARCHED_OR_ARCHIVED_MORPH
oneD_v2_peak_R_40dc611f87479dbe,40dc611f87479dbec4e49318c0473b94de5f902c1863e9ff9564d539149b24f3,Peak,emit_exp_n,0.8280402031597809,dimensionless,LOG10_MULTIPLICATIVE_AROUND_CONTROL_PLUS_DIRECTED_AND_MORPH_ROWS,0.690679369076342,1.8957374166701126,OBSERVED_EVALUATED_POPULATION_EXTREMA_NOT_EXTRAPOLATION_PERMISSION,ACTIVE_SEARCHED_OR_ARCHIVED_MORPH
oneD_v2_peak_R_40dc611f87479dbe,40dc611f87479dbec4e49318c0473b94de5f902c1863e9ff9564d539149b24f3,Peak,emit_floor_frac,0.0058420097608974,dimensionless,FIXED_IN_FOCUSED_SEARCH,0.0058420097608974,0.0058420097608974,OBSERVED_EVALUATED_POPULATION_EXTREMA_NOT_EXTRAPOLATION_PERMISSION,FIXED
oneD_v2_peak_R_40dc611f87479dbe,40dc611f87479dbec4e49318c0473b94de5f902c1863e9ff9564d539149b24f3,Peak,peierls_H0_eV,7.991328880640355,eV,LOG10_MULTIPLICATIVE_AROUND_CONTROL_PLUS_DIRECTED_AND_MORPH_ROWS,2.4482735010183783,10.500294453659576,OBSERVED_EVALUATED_POPULATION_EXTREMA_NOT_EXTRAPOLATION_PERMISSION,ACTIVE_SEARCHED_OR_ARCHIVED_MORPH
oneD_v2_peak_R_40dc611f87479dbe,40dc611f87479dbec4e49318c0473b94de5f902c1863e9ff9564d539149b24f3,Peak,peierls_activation_entropy_kB,3.3469928055122526,dimensionless,SIGNED_ADDITIVE_AROUND_CONTROL_PLUS_DIRECTED_AND_MORPH_ROWS,-17.76541064493358,24.392096446132353,OBSERVED_EVALUATED_POPULATION_EXTREMA_NOT_EXTRAPOLATION_PERMISSION,ACTIVE_SEARCHED_OR_ARCHIVED_MORPH
oneD_v2_peak_R_40dc611f87479dbe,40dc611f87479dbec4e49318c0473b94de5f902c1863e9ff9564d539149b24f3,Peak,peierls_exp_a,1.9097672308795155,dimensionless,FIXED_IN_FOCUSED_SEARCH,1.9097672308795155,1.9097672308795155,OBSERVED_EVALUATED_POPULATION_EXTREMA_NOT_EXTRAPOLATION_PERMISSION,FIXED
oneD_v2_peak_R_40dc611f87479dbe,40dc611f87479dbec4e49318c0473b94de5f902c1863e9ff9564d539149b24f3,Peak,peierls_exp_n,1.1372957159765065,dimensionless,FIXED_IN_FOCUSED_SEARCH,1.1372957159765065,1.1372957159765065,OBSERVED_EVALUATED_POPULATION_EXTREMA_NOT_EXTRAPOLATION_PERMISSION,FIXED
oneD_v2_peak_R_40dc611f87479dbe,40dc611f87479dbec4e49318c0473b94de5f902c1863e9ff9564d539149b24f3,Peak,peierls_nu0_s,1000000000000.0,s^-1,FIXED_IN_FOCUSED_SEARCH,1000000000000.0,1000000000000.0,OBSERVED_EVALUATED_POPULATION_EXTREMA_NOT_EXTRAPOLATION_PERMISSION,FIXED
oneD_v2_peak_R_40dc611f87479dbe,40dc611f87479dbec4e49318c0473b94de5f902c1863e9ff9564d539149b24f3,Peak,taylor_H0_eV,2.1620603133483662,eV,LOG10_MULTIPLICATIVE_AROUND_CONTROL_PLUS_DIRECTED_AND_MORPH_ROWS,0.4655398591231124,2.8039815100855647,OBSERVED_EVALUATED_POPULATION_EXTREMA_NOT_EXTRAPOLATION_PERMISSION,ACTIVE_SEARCHED_OR_ARCHIVED_MORPH
oneD_v2_peak_R_40dc611f87479dbe,40dc611f87479dbec4e49318c0473b94de5f902c1863e9ff9564d539149b24f3,Peak,taylor_activation_entropy_kB,26.444339577869442,dimensionless,SIGNED_ADDITIVE_AROUND_CONTROL_PLUS_DIRECTED_AND_MORPH_ROWS,6.252417974174023,61.45610039622007,OBSERVED_EVALUATED_POPULATION_EXTREMA_NOT_EXTRAPOLATION_PERMISSION,ACTIVE_SEARCHED_OR_ARCHIVED_MORPH
oneD_v2_peak_R_40dc611f87479dbe,40dc611f87479dbec4e49318c0473b94de5f902c1863e9ff9564d539149b24f3,Peak,taylor_exp_a,0.4561179580539465,dimensionless,FIXED_IN_FOCUSED_SEARCH,0.4561179580539465,0.4561179580539465,OBSERVED_EVALUATED_POPULATION_EXTREMA_NOT_EXTRAPOLATION_PERMISSION,FIXED
oneD_v2_peak_R_40dc611f87479dbe,40dc611f87479dbec4e49318c0473b94de5f902c1863e9ff9564d539149b24f3,Peak,taylor_exp_n,1.2506696581840515,dimensionless,FIXED_IN_FOCUSED_SEARCH,1.2506696581840515,1.2506696581840515,OBSERVED_EVALUATED_POPULATION_EXTREMA_NOT_EXTRAPOLATION_PERMISSION,FIXED
oneD_v2_peak_R_40dc611f87479dbe,40dc611f87479dbec4e49318c0473b94de5f902c1863e9ff9564d539149b24f3,Peak,taylor_nu0_s,100000000000.0,s^-1,FIXED_IN_FOCUSED_SEARCH,100000000000.0,100000000000.0,OBSERVED_EVALUATED_POPULATION_EXTREMA_NOT_EXTRAPOLATION_PERMISSION,FIXED
oneD_v2_peak_R_40dc611f87479dbe,40dc611f87479dbec4e49318c0473b94de5f902c1863e9ff9564d539149b24f3,Peak,rho_source0_m2,4.954223531428774e+16,m^-2,LOG10_MULTIPLICATIVE_AROUND_CONTROL_PLUS_DIRECTED_AND_MORPH_ROWS,128702407675403.45,4.954223531428774e+16,OBSERVED_EVALUATED_POPULATION_EXTREMA_NOT_EXTRAPOLATION_PERMISSION,ACTIVE_SEARCHED_OR_ARCHIVED_MORPH
oneD_v2_peak_R_40dc611f87479dbe,40dc611f87479dbec4e49318c0473b94de5f902c1863e9ff9564d539149b24f3,Peak,taylor_corr_rho_c_m2,44487942988822.305,m^-2,LOG10_MULTIPLICATIVE_AROUND_CONTROL_PLUS_DIRECTED_AND_MORPH_ROWS,2573873246427.0093,6992843284960853.0,OBSERVED_EVALUATED_POPULATION_EXTREMA_NOT_EXTRAPOLATION_PERMISSION,ACTIVE_SEARCHED_OR_ARCHIVED_MORPH
oneD_v2_peak_R_40dc611f87479dbe,40dc611f87479dbec4e49318c0473b94de5f902c1863e9ff9564d539149b24f3,Peak,taylor_corr_scale,0.5075411103535612,dimensionless,LOG10_MULTIPLICATIVE_AROUND_CONTROL_PLUS_DIRECTED_AND_MORPH_ROWS,0.28306498043350653,2.2858937327020703,OBSERVED_EVALUATED_POPULATION_EXTREMA_NOT_EXTRAPOLATION_PERMISSION,ACTIVE_SEARCHED_OR_ARCHIVED_MORPH
oneD_v2_peak_R_40dc611f87479dbe,40dc611f87479dbec4e49318c0473b94de5f902c1863e9ff9564d539149b24f3,Peak,c_blunt,2.4068990036498397,dimensionless,LOG10_MULTIPLICATIVE_AROUND_CONTROL_PLUS_DIRECTED_AND_MORPH_ROWS,1.0321594900388746,6.74913788087064,OBSERVED_EVALUATED_POPULATION_EXTREMA_NOT_EXTRAPOLATION_PERMISSION,ACTIVE_SEARCHED_OR_ARCHIVED_MORPH
oneD_v2_peak_R_41f8789bcbc1f097,41f8789bcbc1f097eae880694e11ac6711dfbb6884b86b2b78981bfdb22943fb,Peak,Tref_K,481.33,K,FIXED_IN_FOCUSED_SEARCH,481.33,481.33,OBSERVED_EVALUATED_POPULATION_EXTREMA_NOT_EXTRAPOLATION_PERMISSION,FIXED
oneD_v2_peak_R_41f8789bcbc1f097,41f8789bcbc1f097eae880694e11ac6711dfbb6884b86b2b78981bfdb22943fb,Peak,cleave_G00_eV,4.431657155416051,eV,LOG10_MULTIPLICATIVE_AROUND_CONTROL_PLUS_DIRECTED_AND_MORPH_ROWS,2.158537859884075,6.930587858964625,OBSERVED_EVALUATED_POPULATION_EXTREMA_NOT_EXTRAPOLATION_PERMISSION,ACTIVE_SEARCHED_OR_ARCHIVED_MORPH
oneD_v2_peak_R_41f8789bcbc1f097,41f8789bcbc1f097eae880694e11ac6711dfbb6884b86b2b78981bfdb22943fb,Peak,cleave_gT_eV_per_K,0.009818635455831266,K,SIGNED_ADDITIVE_AROUND_CONTROL_PLUS_DIRECTED_AND_MORPH_ROWS,0.003312415609635283,0.012970688696731588,OBSERVED_EVALUATED_POPULATION_EXTREMA_NOT_EXTRAPOLATION_PERMISSION,ACTIVE_SEARCHED_OR_ARCHIVED_MORPH
oneD_v2_peak_R_41f8789bcbc1f097,41f8789bcbc1f097eae880694e11ac6711dfbb6884b86b2b78981bfdb22943fb,Peak,cleave_sigc0_GPa,5.774076395161329,GPa,LOG10_MULTIPLICATIVE_AROUND_CONTROL_PLUS_DIRECTED_AND_MORPH_ROWS,4.435821907903692,12.130342439144458,OBSERVED_EVALUATED_POPULATION_EXTREMA_NOT_EXTRAPOLATION_PERMISSION,ACTIVE_SEARCHED_OR_ARCHIVED_MORPH
oneD_v2_peak_R_41f8789bcbc1f097,41f8789bcbc1f097eae880694e11ac6711dfbb6884b86b2b78981bfdb22943fb,Peak,cleave_sT_GPa_per_K,-0.0020603266390436283,K,SIGNED_ADDITIVE_AROUND_CONTROL_PLUS_DIRECTED_AND_MORPH_ROWS,-0.002494536918660222,0.0030743426582776,OBSERVED_EVALUATED_POPULATION_EXTREMA_NOT_EXTRAPOLATION_PERMISSION,ACTIVE_SEARCHED_OR_ARCHIVED_MORPH
oneD_v2_peak_R_41f8789bcbc1f097,41f8789bcbc1f097eae880694e11ac6711dfbb6884b86b2b78981bfdb22943fb,Peak,cleave_exp_a,1.0952997134160791,dimensionless,LOG10_MULTIPLICATIVE_AROUND_CONTROL_PLUS_DIRECTED_AND_MORPH_ROWS,0.28600664998992803,1.9916372613916957,OBSERVED_EVALUATED_POPULATION_EXTREMA_NOT_EXTRAPOLATION_PERMISSION,ACTIVE_SEARCHED_OR_ARCHIVED_MORPH
oneD_v2_peak_R_41f8789bcbc1f097,41f8789bcbc1f097eae880694e11ac6711dfbb6884b86b2b78981bfdb22943fb,Peak,cleave_exp_n,0.9765095624258061,dimensionless,LOG10_MULTIPLICATIVE_AROUND_CONTROL_PLUS_DIRECTED_AND_MORPH_ROWS,0.8332525623017257,1.898974285253466,OBSERVED_EVALUATED_POPULATION_EXTREMA_NOT_EXTRAPOLATION_PERMISSION,ACTIVE_SEARCHED_OR_ARCHIVED_MORPH
oneD_v2_peak_R_41f8789bcbc1f097,41f8789bcbc1f097eae880694e11ac6711dfbb6884b86b2b78981bfdb22943fb,Peak,cleave_floor_frac,0.0184513317135146,dimensionless,FIXED_IN_FOCUSED_SEARCH,0.0184513317135146,0.0184513317135146,OBSERVED_EVALUATED_POPULATION_EXTREMA_NOT_EXTRAPOLATION_PERMISSION,FIXED
oneD_v2_peak_R_41f8789bcbc1f097,41f8789bcbc1f097eae880694e11ac6711dfbb6884b86b2b78981bfdb22943fb,Peak,emit_G00_eV,1.8487270130094766,eV,LOG10_MULTIPLICATIVE_AROUND_CONTROL_PLUS_DIRECTED_AND_MORPH_ROWS,1.0826039470422504,3.8639869023551268,OBSERVED_EVALUATED_POPULATION_EXTREMA_NOT_EXTRAPOLATION_PERMISSION,ACTIVE_SEARCHED_OR_ARCHIVED_MORPH
oneD_v2_peak_R_41f8789bcbc1f097,41f8789bcbc1f097eae880694e11ac6711dfbb6884b86b2b78981bfdb22943fb,Peak,emit_gT_eV_per_K,-0.00035581081683140137,K,SIGNED_ADDITIVE_AROUND_CONTROL_PLUS_DIRECTED_AND_MORPH_ROWS,-0.0009574022223241501,0.0044219962963834,OBSERVED_EVALUATED_POPULATION_EXTREMA_NOT_EXTRAPOLATION_PERMISSION,ACTIVE_SEARCHED_OR_ARCHIVED_MORPH
oneD_v2_peak_R_41f8789bcbc1f097,41f8789bcbc1f097eae880694e11ac6711dfbb6884b86b2b78981bfdb22943fb,Peak,emit_sigc0_GPa,5.4228651274844575,GPa,LOG10_MULTIPLICATIVE_AROUND_CONTROL_PLUS_DIRECTED_AND_MORPH_ROWS,2.247086496900811,15.71824802880931,OBSERVED_EVALUATED_POPULATION_EXTREMA_NOT_EXTRAPOLATION_PERMISSION,ACTIVE_SEARCHED_OR_ARCHIVED_MORPH
oneD_v2_peak_R_41f8789bcbc1f097,41f8789bcbc1f097eae880694e11ac6711dfbb6884b86b2b78981bfdb22943fb,Peak,emit_sT_GPa_per_K,0.0031425433709946185,K,SIGNED_ADDITIVE_AROUND_CONTROL_PLUS_DIRECTED_AND_MORPH_ROWS,-0.0029975004065782,0.0056363158663733995,OBSERVED_EVALUATED_POPULATION_EXTREMA_NOT_EXTRAPOLATION_PERMISSION,ACTIVE_SEARCHED_OR_ARCHIVED_MORPH
oneD_v2_peak_R_41f8789bcbc1f097,41f8789bcbc1f097eae880694e11ac6711dfbb6884b86b2b78981bfdb22943fb,Peak,emit_exp_a,0.12467190223353747,dimensionless,LOG10_MULTIPLICATIVE_AROUND_CONTROL_PLUS_DIRECTED_AND_MORPH_ROWS,0.05192762374551905,0.3230300085259632,OBSERVED_EVALUATED_POPULATION_EXTREMA_NOT_EXTRAPOLATION_PERMISSION,ACTIVE_SEARCHED_OR_ARCHIVED_MORPH
oneD_v2_peak_R_41f8789bcbc1f097,41f8789bcbc1f097eae880694e11ac6711dfbb6884b86b2b78981bfdb22943fb,Peak,emit_exp_n,1.7714388605493245,dimensionless,LOG10_MULTIPLICATIVE_AROUND_CONTROL_PLUS_DIRECTED_AND_MORPH_ROWS,0.690679369076342,1.8957374166701126,OBSERVED_EVALUATED_POPULATION_EXTREMA_NOT_EXTRAPOLATION_PERMISSION,ACTIVE_SEARCHED_OR_ARCHIVED_MORPH
oneD_v2_peak_R_41f8789bcbc1f097,41f8789bcbc1f097eae880694e11ac6711dfbb6884b86b2b78981bfdb22943fb,Peak,emit_floor_frac,0.0058420097608974,dimensionless,FIXED_IN_FOCUSED_SEARCH,0.0058420097608974,0.0058420097608974,OBSERVED_EVALUATED_POPULATION_EXTREMA_NOT_EXTRAPOLATION_PERMISSION,FIXED
oneD_v2_peak_R_41f8789bcbc1f097,41f8789bcbc1f097eae880694e11ac6711dfbb6884b86b2b78981bfdb22943fb,Peak,peierls_H0_eV,5.480797531252669,eV,LOG10_MULTIPLICATIVE_AROUND_CONTROL_PLUS_DIRECTED_AND_MORPH_ROWS,2.4482735010183783,10.500294453659576,OBSERVED_EVALUATED_POPULATION_EXTREMA_NOT_EXTRAPOLATION_PERMISSION,ACTIVE_SEARCHED_OR_ARCHIVED_MORPH
oneD_v2_peak_R_41f8789bcbc1f097,41f8789bcbc1f097eae880694e11ac6711dfbb6884b86b2b78981bfdb22943fb,Peak,peierls_activation_entropy_kB,8.079823212926017,dimensionless,SIGNED_ADDITIVE_AROUND_CONTROL_PLUS_DIRECTED_AND_MORPH_ROWS,-17.76541064493358,24.392096446132353,OBSERVED_EVALUATED_POPULATION_EXTREMA_NOT_EXTRAPOLATION_PERMISSION,ACTIVE_SEARCHED_OR_ARCHIVED_MORPH
oneD_v2_peak_R_41f8789bcbc1f097,41f8789bcbc1f097eae880694e11ac6711dfbb6884b86b2b78981bfdb22943fb,Peak,peierls_exp_a,1.9097672308795155,dimensionless,FIXED_IN_FOCUSED_SEARCH,1.9097672308795155,1.9097672308795155,OBSERVED_EVALUATED_POPULATION_EXTREMA_NOT_EXTRAPOLATION_PERMISSION,FIXED
oneD_v2_peak_R_41f8789bcbc1f097,41f8789bcbc1f097eae880694e11ac6711dfbb6884b86b2b78981bfdb22943fb,Peak,peierls_exp_n,1.1372957159765065,dimensionless,FIXED_IN_FOCUSED_SEARCH,1.1372957159765065,1.1372957159765065,OBSERVED_EVALUATED_POPULATION_EXTREMA_NOT_EXTRAPOLATION_PERMISSION,FIXED
oneD_v2_peak_R_41f8789bcbc1f097,41f8789bcbc1f097eae880694e11ac6711dfbb6884b86b2b78981bfdb22943fb,Peak,peierls_nu0_s,1000000000000.0,s^-1,FIXED_IN_FOCUSED_SEARCH,1000000000000.0,1000000000000.0,OBSERVED_EVALUATED_POPULATION_EXTREMA_NOT_EXTRAPOLATION_PERMISSION,FIXED
oneD_v2_peak_R_41f8789bcbc1f097,41f8789bcbc1f097eae880694e11ac6711dfbb6884b86b2b78981bfdb22943fb,Peak,taylor_H0_eV,1.6257791718649954,eV,LOG10_MULTIPLICATIVE_AROUND_CONTROL_PLUS_DIRECTED_AND_MORPH_ROWS,0.4655398591231124,2.8039815100855647,OBSERVED_EVALUATED_POPULATION_EXTREMA_NOT_EXTRAPOLATION_PERMISSION,ACTIVE_SEARCHED_OR_ARCHIVED_MORPH
oneD_v2_peak_R_41f8789bcbc1f097,41f8789bcbc1f097eae880694e11ac6711dfbb6884b86b2b78981bfdb22943fb,Peak,taylor_activation_entropy_kB,23.318559691507026,dimensionless,SIGNED_ADDITIVE_AROUND_CONTROL_PLUS_DIRECTED_AND_MORPH_ROWS,6.252417974174023,61.45610039622007,OBSERVED_EVALUATED_POPULATION_EXTREMA_NOT_EXTRAPOLATION_PERMISSION,ACTIVE_SEARCHED_OR_ARCHIVED_MORPH
oneD_v2_peak_R_41f8789bcbc1f097,41f8789bcbc1f097eae880694e11ac6711dfbb6884b86b2b78981bfdb22943fb,Peak,taylor_exp_a,0.4561179580539465,dimensionless,FIXED_IN_FOCUSED_SEARCH,0.4561179580539465,0.4561179580539465,OBSERVED_EVALUATED_POPULATION_EXTREMA_NOT_EXTRAPOLATION_PERMISSION,FIXED
oneD_v2_peak_R_41f8789bcbc1f097,41f8789bcbc1f097eae880694e11ac6711dfbb6884b86b2b78981bfdb22943fb,Peak,taylor_exp_n,1.2506696581840515,dimensionless,FIXED_IN_FOCUSED_SEARCH,1.2506696581840515,1.2506696581840515,OBSERVED_EVALUATED_POPULATION_EXTREMA_NOT_EXTRAPOLATION_PERMISSION,FIXED
oneD_v2_peak_R_41f8789bcbc1f097,41f8789bcbc1f097eae880694e11ac6711dfbb6884b86b2b78981bfdb22943fb,Peak,taylor_nu0_s,100000000000.0,s^-1,FIXED_IN_FOCUSED_SEARCH,100000000000.0,100000000000.0,OBSERVED_EVALUATED_POPULATION_EXTREMA_NOT_EXTRAPOLATION_PERMISSION,FIXED
oneD_v2_peak_R_41f8789bcbc1f097,41f8789bcbc1f097eae880694e11ac6711dfbb6884b86b2b78981bfdb22943fb,Peak,rho_source0_m2,5700429692482955.0,m^-2,LOG10_MULTIPLICATIVE_AROUND_CONTROL_PLUS_DIRECTED_AND_MORPH_ROWS,128702407675403.45,4.954223531428774e+16,OBSERVED_EVALUATED_POPULATION_EXTREMA_NOT_EXTRAPOLATION_PERMISSION,ACTIVE_SEARCHED_OR_ARCHIVED_MORPH
oneD_v2_peak_R_41f8789bcbc1f097,41f8789bcbc1f097eae880694e11ac6711dfbb6884b86b2b78981bfdb22943fb,Peak,taylor_corr_rho_c_m2,95811088816654.14,m^-2,LOG10_MULTIPLICATIVE_AROUND_CONTROL_PLUS_DIRECTED_AND_MORPH_ROWS,2573873246427.0093,6992843284960853.0,OBSERVED_EVALUATED_POPULATION_EXTREMA_NOT_EXTRAPOLATION_PERMISSION,ACTIVE_SEARCHED_OR_ARCHIVED_MORPH
oneD_v2_peak_R_41f8789bcbc1f097,41f8789bcbc1f097eae880694e11ac6711dfbb6884b86b2b78981bfdb22943fb,Peak,taylor_corr_scale,1.7008218143090084,dimensionless,LOG10_MULTIPLICATIVE_AROUND_CONTROL_PLUS_DIRECTED_AND_MORPH_ROWS,0.28306498043350653,2.2858937327020703,OBSERVED_EVALUATED_POPULATION_EXTREMA_NOT_EXTRAPOLATION_PERMISSION,ACTIVE_SEARCHED_OR_ARCHIVED_MORPH
oneD_v2_peak_R_41f8789bcbc1f097,41f8789bcbc1f097eae880694e11ac6711dfbb6884b86b2b78981bfdb22943fb,Peak,c_blunt,6.070267261191762,dimensionless,LOG10_MULTIPLICATIVE_AROUND_CONTROL_PLUS_DIRECTED_AND_MORPH_ROWS,1.0321594900388746,6.74913788087064,OBSERVED_EVALUATED_POPULATION_EXTREMA_NOT_EXTRAPOLATION_PERMISSION,ACTIVE_SEARCHED_OR_ARCHIVED_MORPH
oneD_v2_peak_R_544eb7cb2bdac134,544eb7cb2bdac134a400da1ea5105c304f6a1c0ed324cdc75f450734badcb882,Peak,Tref_K,481.33,K,FIXED_IN_FOCUSED_SEARCH,481.33,481.33,OBSERVED_EVALUATED_POPULATION_EXTREMA_NOT_EXTRAPOLATION_PERMISSION,FIXED
oneD_v2_peak_R_544eb7cb2bdac134,544eb7cb2bdac134a400da1ea5105c304f6a1c0ed324cdc75f450734badcb882,Peak,cleave_G00_eV,4.1394965010246985,eV,LOG10_MULTIPLICATIVE_AROUND_CONTROL_PLUS_DIRECTED_AND_MORPH_ROWS,2.158537859884075,6.930587858964625,OBSERVED_EVALUATED_POPULATION_EXTREMA_NOT_EXTRAPOLATION_PERMISSION,ACTIVE_SEARCHED_OR_ARCHIVED_MORPH
oneD_v2_peak_R_544eb7cb2bdac134,544eb7cb2bdac134a400da1ea5105c304f6a1c0ed324cdc75f450734badcb882,Peak,cleave_gT_eV_per_K,0.004194663864450772,K,SIGNED_ADDITIVE_AROUND_CONTROL_PLUS_DIRECTED_AND_MORPH_ROWS,0.003312415609635283,0.012970688696731588,OBSERVED_EVALUATED_POPULATION_EXTREMA_NOT_EXTRAPOLATION_PERMISSION,ACTIVE_SEARCHED_OR_ARCHIVED_MORPH
oneD_v2_peak_R_544eb7cb2bdac134,544eb7cb2bdac134a400da1ea5105c304f6a1c0ed324cdc75f450734badcb882,Peak,cleave_sigc0_GPa,11.398577002072424,GPa,LOG10_MULTIPLICATIVE_AROUND_CONTROL_PLUS_DIRECTED_AND_MORPH_ROWS,4.435821907903692,12.130342439144458,OBSERVED_EVALUATED_POPULATION_EXTREMA_NOT_EXTRAPOLATION_PERMISSION,ACTIVE_SEARCHED_OR_ARCHIVED_MORPH
oneD_v2_peak_R_544eb7cb2bdac134,544eb7cb2bdac134a400da1ea5105c304f6a1c0ed324cdc75f450734badcb882,Peak,cleave_sT_GPa_per_K,-0.0016815519484908632,K,SIGNED_ADDITIVE_AROUND_CONTROL_PLUS_DIRECTED_AND_MORPH_ROWS,-0.002494536918660222,0.0030743426582776,OBSERVED_EVALUATED_POPULATION_EXTREMA_NOT_EXTRAPOLATION_PERMISSION,ACTIVE_SEARCHED_OR_ARCHIVED_MORPH
oneD_v2_peak_R_544eb7cb2bdac134,544eb7cb2bdac134a400da1ea5105c304f6a1c0ed324cdc75f450734badcb882,Peak,cleave_exp_a,1.8484064269519338,dimensionless,LOG10_MULTIPLICATIVE_AROUND_CONTROL_PLUS_DIRECTED_AND_MORPH_ROWS,0.28600664998992803,1.9916372613916957,OBSERVED_EVALUATED_POPULATION_EXTREMA_NOT_EXTRAPOLATION_PERMISSION,ACTIVE_SEARCHED_OR_ARCHIVED_MORPH
oneD_v2_peak_R_544eb7cb2bdac134,544eb7cb2bdac134a400da1ea5105c304f6a1c0ed324cdc75f450734badcb882,Peak,cleave_exp_n,0.9043280666696061,dimensionless,LOG10_MULTIPLICATIVE_AROUND_CONTROL_PLUS_DIRECTED_AND_MORPH_ROWS,0.8332525623017257,1.898974285253466,OBSERVED_EVALUATED_POPULATION_EXTREMA_NOT_EXTRAPOLATION_PERMISSION,ACTIVE_SEARCHED_OR_ARCHIVED_MORPH
oneD_v2_peak_R_544eb7cb2bdac134,544eb7cb2bdac134a400da1ea5105c304f6a1c0ed324cdc75f450734badcb882,Peak,cleave_floor_frac,0.0184513317135146,dimensionless,FIXED_IN_FOCUSED_SEARCH,0.0184513317135146,0.0184513317135146,OBSERVED_EVALUATED_POPULATION_EXTREMA_NOT_EXTRAPOLATION_PERMISSION,FIXED
oneD_v2_peak_R_544eb7cb2bdac134,544eb7cb2bdac134a400da1ea5105c304f6a1c0ed324cdc75f450734badcb882,Peak,emit_G00_eV,3.8085923866378586,eV,LOG10_MULTIPLICATIVE_AROUND_CONTROL_PLUS_DIRECTED_AND_MORPH_ROWS,1.0826039470422504,3.8639869023551268,OBSERVED_EVALUATED_POPULATION_EXTREMA_NOT_EXTRAPOLATION_PERMISSION,ACTIVE_SEARCHED_OR_ARCHIVED_MORPH
oneD_v2_peak_R_544eb7cb2bdac134,544eb7cb2bdac134a400da1ea5105c304f6a1c0ed324cdc75f450734badcb882,Peak,emit_gT_eV_per_K,0.0008201347761328462,K,SIGNED_ADDITIVE_AROUND_CONTROL_PLUS_DIRECTED_AND_MORPH_ROWS,-0.0009574022223241501,0.0044219962963834,OBSERVED_EVALUATED_POPULATION_EXTREMA_NOT_EXTRAPOLATION_PERMISSION,ACTIVE_SEARCHED_OR_ARCHIVED_MORPH
oneD_v2_peak_R_544eb7cb2bdac134,544eb7cb2bdac134a400da1ea5105c304f6a1c0ed324cdc75f450734badcb882,Peak,emit_sigc0_GPa,3.4217408477156073,GPa,LOG10_MULTIPLICATIVE_AROUND_CONTROL_PLUS_DIRECTED_AND_MORPH_ROWS,2.247086496900811,15.71824802880931,OBSERVED_EVALUATED_POPULATION_EXTREMA_NOT_EXTRAPOLATION_PERMISSION,ACTIVE_SEARCHED_OR_ARCHIVED_MORPH
oneD_v2_peak_R_544eb7cb2bdac134,544eb7cb2bdac134a400da1ea5105c304f6a1c0ed324cdc75f450734badcb882,Peak,emit_sT_GPa_per_K,-0.0006920020023864096,K,SIGNED_ADDITIVE_AROUND_CONTROL_PLUS_DIRECTED_AND_MORPH_ROWS,-0.0029975004065782,0.0056363158663733995,OBSERVED_EVALUATED_POPULATION_EXTREMA_NOT_EXTRAPOLATION_PERMISSION,ACTIVE_SEARCHED_OR_ARCHIVED_MORPH
oneD_v2_peak_R_544eb7cb2bdac134,544eb7cb2bdac134a400da1ea5105c304f6a1c0ed324cdc75f450734badcb882,Peak,emit_exp_a,0.11379083209760328,dimensionless,LOG10_MULTIPLICATIVE_AROUND_CONTROL_PLUS_DIRECTED_AND_MORPH_ROWS,0.05192762374551905,0.3230300085259632,OBSERVED_EVALUATED_POPULATION_EXTREMA_NOT_EXTRAPOLATION_PERMISSION,ACTIVE_SEARCHED_OR_ARCHIVED_MORPH
oneD_v2_peak_R_544eb7cb2bdac134,544eb7cb2bdac134a400da1ea5105c304f6a1c0ed324cdc75f450734badcb882,Peak,emit_exp_n,1.4855842337618859,dimensionless,LOG10_MULTIPLICATIVE_AROUND_CONTROL_PLUS_DIRECTED_AND_MORPH_ROWS,0.690679369076342,1.8957374166701126,OBSERVED_EVALUATED_POPULATION_EXTREMA_NOT_EXTRAPOLATION_PERMISSION,ACTIVE_SEARCHED_OR_ARCHIVED_MORPH
oneD_v2_peak_R_544eb7cb2bdac134,544eb7cb2bdac134a400da1ea5105c304f6a1c0ed324cdc75f450734badcb882,Peak,emit_floor_frac,0.0058420097608974,dimensionless,FIXED_IN_FOCUSED_SEARCH,0.0058420097608974,0.0058420097608974,OBSERVED_EVALUATED_POPULATION_EXTREMA_NOT_EXTRAPOLATION_PERMISSION,FIXED
oneD_v2_peak_R_544eb7cb2bdac134,544eb7cb2bdac134a400da1ea5105c304f6a1c0ed324cdc75f450734badcb882,Peak,peierls_H0_eV,4.6837520004608875,eV,LOG10_MULTIPLICATIVE_AROUND_CONTROL_PLUS_DIRECTED_AND_MORPH_ROWS,2.4482735010183783,10.500294453659576,OBSERVED_EVALUATED_POPULATION_EXTREMA_NOT_EXTRAPOLATION_PERMISSION,ACTIVE_SEARCHED_OR_ARCHIVED_MORPH
oneD_v2_peak_R_544eb7cb2bdac134,544eb7cb2bdac134a400da1ea5105c304f6a1c0ed324cdc75f450734badcb882,Peak,peierls_activation_entropy_kB,14.126759243411653,dimensionless,SIGNED_ADDITIVE_AROUND_CONTROL_PLUS_DIRECTED_AND_MORPH_ROWS,-17.76541064493358,24.392096446132353,OBSERVED_EVALUATED_POPULATION_EXTREMA_NOT_EXTRAPOLATION_PERMISSION,ACTIVE_SEARCHED_OR_ARCHIVED_MORPH
oneD_v2_peak_R_544eb7cb2bdac134,544eb7cb2bdac134a400da1ea5105c304f6a1c0ed324cdc75f450734badcb882,Peak,peierls_exp_a,1.9097672308795155,dimensionless,FIXED_IN_FOCUSED_SEARCH,1.9097672308795155,1.9097672308795155,OBSERVED_EVALUATED_POPULATION_EXTREMA_NOT_EXTRAPOLATION_PERMISSION,FIXED
oneD_v2_peak_R_544eb7cb2bdac134,544eb7cb2bdac134a400da1ea5105c304f6a1c0ed324cdc75f450734badcb882,Peak,peierls_exp_n,1.1372957159765065,dimensionless,FIXED_IN_FOCUSED_SEARCH,1.1372957159765065,1.1372957159765065,OBSERVED_EVALUATED_POPULATION_EXTREMA_NOT_EXTRAPOLATION_PERMISSION,FIXED
oneD_v2_peak_R_544eb7cb2bdac134,544eb7cb2bdac134a400da1ea5105c304f6a1c0ed324cdc75f450734badcb882,Peak,peierls_nu0_s,1000000000000.0,s^-1,FIXED_IN_FOCUSED_SEARCH,1000000000000.0,1000000000000.0,OBSERVED_EVALUATED_POPULATION_EXTREMA_NOT_EXTRAPOLATION_PERMISSION,FIXED
oneD_v2_peak_R_544eb7cb2bdac134,544eb7cb2bdac134a400da1ea5105c304f6a1c0ed324cdc75f450734badcb882,Peak,taylor_H0_eV,2.535511612952959,eV,LOG10_MULTIPLICATIVE_AROUND_CONTROL_PLUS_DIRECTED_AND_MORPH_ROWS,0.4655398591231124,2.8039815100855647,OBSERVED_EVALUATED_POPULATION_EXTREMA_NOT_EXTRAPOLATION_PERMISSION,ACTIVE_SEARCHED_OR_ARCHIVED_MORPH
oneD_v2_peak_R_544eb7cb2bdac134,544eb7cb2bdac134a400da1ea5105c304f6a1c0ed324cdc75f450734badcb882,Peak,taylor_activation_entropy_kB,56.42276408420118,dimensionless,SIGNED_ADDITIVE_AROUND_CONTROL_PLUS_DIRECTED_AND_MORPH_ROWS,6.252417974174023,61.45610039622007,OBSERVED_EVALUATED_POPULATION_EXTREMA_NOT_EXTRAPOLATION_PERMISSION,ACTIVE_SEARCHED_OR_ARCHIVED_MORPH
oneD_v2_peak_R_544eb7cb2bdac134,544eb7cb2bdac134a400da1ea5105c304f6a1c0ed324cdc75f450734badcb882,Peak,taylor_exp_a,0.4561179580539465,dimensionless,FIXED_IN_FOCUSED_SEARCH,0.4561179580539465,0.4561179580539465,OBSERVED_EVALUATED_POPULATION_EXTREMA_NOT_EXTRAPOLATION_PERMISSION,FIXED
oneD_v2_peak_R_544eb7cb2bdac134,544eb7cb2bdac134a400da1ea5105c304f6a1c0ed324cdc75f450734badcb882,Peak,taylor_exp_n,1.2506696581840515,dimensionless,FIXED_IN_FOCUSED_SEARCH,1.2506696581840515,1.2506696581840515,OBSERVED_EVALUATED_POPULATION_EXTREMA_NOT_EXTRAPOLATION_PERMISSION,FIXED
oneD_v2_peak_R_544eb7cb2bdac134,544eb7cb2bdac134a400da1ea5105c304f6a1c0ed324cdc75f450734badcb882,Peak,taylor_nu0_s,100000000000.0,s^-1,FIXED_IN_FOCUSED_SEARCH,100000000000.0,100000000000.0,OBSERVED_EVALUATED_POPULATION_EXTREMA_NOT_EXTRAPOLATION_PERMISSION,FIXED
oneD_v2_peak_R_544eb7cb2bdac134,544eb7cb2bdac134a400da1ea5105c304f6a1c0ed324cdc75f450734badcb882,Peak,rho_source0_m2,3.773819340771521e+16,m^-2,LOG10_MULTIPLICATIVE_AROUND_CONTROL_PLUS_DIRECTED_AND_MORPH_ROWS,128702407675403.45,4.954223531428774e+16,OBSERVED_EVALUATED_POPULATION_EXTREMA_NOT_EXTRAPOLATION_PERMISSION,ACTIVE_SEARCHED_OR_ARCHIVED_MORPH
oneD_v2_peak_R_544eb7cb2bdac134,544eb7cb2bdac134a400da1ea5105c304f6a1c0ed324cdc75f450734badcb882,Peak,taylor_corr_rho_c_m2,27468977702939.543,m^-2,LOG10_MULTIPLICATIVE_AROUND_CONTROL_PLUS_DIRECTED_AND_MORPH_ROWS,2573873246427.0093,6992843284960853.0,OBSERVED_EVALUATED_POPULATION_EXTREMA_NOT_EXTRAPOLATION_PERMISSION,ACTIVE_SEARCHED_OR_ARCHIVED_MORPH
oneD_v2_peak_R_544eb7cb2bdac134,544eb7cb2bdac134a400da1ea5105c304f6a1c0ed324cdc75f450734badcb882,Peak,taylor_corr_scale,0.9811176211790685,dimensionless,LOG10_MULTIPLICATIVE_AROUND_CONTROL_PLUS_DIRECTED_AND_MORPH_ROWS,0.28306498043350653,2.2858937327020703,OBSERVED_EVALUATED_POPULATION_EXTREMA_NOT_EXTRAPOLATION_PERMISSION,ACTIVE_SEARCHED_OR_ARCHIVED_MORPH
oneD_v2_peak_R_544eb7cb2bdac134,544eb7cb2bdac134a400da1ea5105c304f6a1c0ed324cdc75f450734badcb882,Peak,c_blunt,1.7654356752613773,dimensionless,LOG10_MULTIPLICATIVE_AROUND_CONTROL_PLUS_DIRECTED_AND_MORPH_ROWS,1.0321594900388746,6.74913788087064,OBSERVED_EVALUATED_POPULATION_EXTREMA_NOT_EXTRAPOLATION_PERMISSION,ACTIVE_SEARCHED_OR_ARCHIVED_MORPH
oneD_v2_peak_R_6cc35ae8ac83aebc,6cc35ae8ac83aebcd2ba2422640f888745d3e28ee7e9191f1992a37bbe8d0f50,Peak,Tref_K,481.33,K,FIXED_IN_FOCUSED_SEARCH,481.33,481.33,OBSERVED_EVALUATED_POPULATION_EXTREMA_NOT_EXTRAPOLATION_PERMISSION,FIXED
oneD_v2_peak_R_6cc35ae8ac83aebc,6cc35ae8ac83aebcd2ba2422640f888745d3e28ee7e9191f1992a37bbe8d0f50,Peak,cleave_G00_eV,2.99284006175382,eV,LOG10_MULTIPLICATIVE_AROUND_CONTROL_PLUS_DIRECTED_AND_MORPH_ROWS,2.158537859884075,6.930587858964625,OBSERVED_EVALUATED_POPULATION_EXTREMA_NOT_EXTRAPOLATION_PERMISSION,ACTIVE_SEARCHED_OR_ARCHIVED_MORPH
oneD_v2_peak_R_6cc35ae8ac83aebc,6cc35ae8ac83aebcd2ba2422640f888745d3e28ee7e9191f1992a37bbe8d0f50,Peak,cleave_gT_eV_per_K,0.004821480922456253,K,SIGNED_ADDITIVE_AROUND_CONTROL_PLUS_DIRECTED_AND_MORPH_ROWS,0.003312415609635283,0.012970688696731588,OBSERVED_EVALUATED_POPULATION_EXTREMA_NOT_EXTRAPOLATION_PERMISSION,ACTIVE_SEARCHED_OR_ARCHIVED_MORPH
oneD_v2_peak_R_6cc35ae8ac83aebc,6cc35ae8ac83aebcd2ba2422640f888745d3e28ee7e9191f1992a37bbe8d0f50,Peak,cleave_sigc0_GPa,11.064442613147422,GPa,LOG10_MULTIPLICATIVE_AROUND_CONTROL_PLUS_DIRECTED_AND_MORPH_ROWS,4.435821907903692,12.130342439144458,OBSERVED_EVALUATED_POPULATION_EXTREMA_NOT_EXTRAPOLATION_PERMISSION,ACTIVE_SEARCHED_OR_ARCHIVED_MORPH
oneD_v2_peak_R_6cc35ae8ac83aebc,6cc35ae8ac83aebcd2ba2422640f888745d3e28ee7e9191f1992a37bbe8d0f50,Peak,cleave_sT_GPa_per_K,-0.0014813036194871092,K,SIGNED_ADDITIVE_AROUND_CONTROL_PLUS_DIRECTED_AND_MORPH_ROWS,-0.002494536918660222,0.0030743426582776,OBSERVED_EVALUATED_POPULATION_EXTREMA_NOT_EXTRAPOLATION_PERMISSION,ACTIVE_SEARCHED_OR_ARCHIVED_MORPH
oneD_v2_peak_R_6cc35ae8ac83aebc,6cc35ae8ac83aebcd2ba2422640f888745d3e28ee7e9191f1992a37bbe8d0f50,Peak,cleave_exp_a,0.8830513165876996,dimensionless,LOG10_MULTIPLICATIVE_AROUND_CONTROL_PLUS_DIRECTED_AND_MORPH_ROWS,0.28600664998992803,1.9916372613916957,OBSERVED_EVALUATED_POPULATION_EXTREMA_NOT_EXTRAPOLATION_PERMISSION,ACTIVE_SEARCHED_OR_ARCHIVED_MORPH
oneD_v2_peak_R_6cc35ae8ac83aebc,6cc35ae8ac83aebcd2ba2422640f888745d3e28ee7e9191f1992a37bbe8d0f50,Peak,cleave_exp_n,1.8165126755148548,dimensionless,LOG10_MULTIPLICATIVE_AROUND_CONTROL_PLUS_DIRECTED_AND_MORPH_ROWS,0.8332525623017257,1.898974285253466,OBSERVED_EVALUATED_POPULATION_EXTREMA_NOT_EXTRAPOLATION_PERMISSION,ACTIVE_SEARCHED_OR_ARCHIVED_MORPH
oneD_v2_peak_R_6cc35ae8ac83aebc,6cc35ae8ac83aebcd2ba2422640f888745d3e28ee7e9191f1992a37bbe8d0f50,Peak,cleave_floor_frac,0.0184513317135146,dimensionless,FIXED_IN_FOCUSED_SEARCH,0.0184513317135146,0.0184513317135146,OBSERVED_EVALUATED_POPULATION_EXTREMA_NOT_EXTRAPOLATION_PERMISSION,FIXED
oneD_v2_peak_R_6cc35ae8ac83aebc,6cc35ae8ac83aebcd2ba2422640f888745d3e28ee7e9191f1992a37bbe8d0f50,Peak,emit_G00_eV,1.354562288100843,eV,LOG10_MULTIPLICATIVE_AROUND_CONTROL_PLUS_DIRECTED_AND_MORPH_ROWS,1.0826039470422504,3.8639869023551268,OBSERVED_EVALUATED_POPULATION_EXTREMA_NOT_EXTRAPOLATION_PERMISSION,ACTIVE_SEARCHED_OR_ARCHIVED_MORPH
oneD_v2_peak_R_6cc35ae8ac83aebc,6cc35ae8ac83aebcd2ba2422640f888745d3e28ee7e9191f1992a37bbe8d0f50,Peak,emit_gT_eV_per_K,0.0023177202431400885,K,SIGNED_ADDITIVE_AROUND_CONTROL_PLUS_DIRECTED_AND_MORPH_ROWS,-0.0009574022223241501,0.0044219962963834,OBSERVED_EVALUATED_POPULATION_EXTREMA_NOT_EXTRAPOLATION_PERMISSION,ACTIVE_SEARCHED_OR_ARCHIVED_MORPH
oneD_v2_peak_R_6cc35ae8ac83aebc,6cc35ae8ac83aebcd2ba2422640f888745d3e28ee7e9191f1992a37bbe8d0f50,Peak,emit_sigc0_GPa,10.40395337999603,GPa,LOG10_MULTIPLICATIVE_AROUND_CONTROL_PLUS_DIRECTED_AND_MORPH_ROWS,2.247086496900811,15.71824802880931,OBSERVED_EVALUATED_POPULATION_EXTREMA_NOT_EXTRAPOLATION_PERMISSION,ACTIVE_SEARCHED_OR_ARCHIVED_MORPH
oneD_v2_peak_R_6cc35ae8ac83aebc,6cc35ae8ac83aebcd2ba2422640f888745d3e28ee7e9191f1992a37bbe8d0f50,Peak,emit_sT_GPa_per_K,-0.0007785546163023313,K,SIGNED_ADDITIVE_AROUND_CONTROL_PLUS_DIRECTED_AND_MORPH_ROWS,-0.0029975004065782,0.0056363158663733995,OBSERVED_EVALUATED_POPULATION_EXTREMA_NOT_EXTRAPOLATION_PERMISSION,ACTIVE_SEARCHED_OR_ARCHIVED_MORPH
oneD_v2_peak_R_6cc35ae8ac83aebc,6cc35ae8ac83aebcd2ba2422640f888745d3e28ee7e9191f1992a37bbe8d0f50,Peak,emit_exp_a,0.11975195875369915,dimensionless,LOG10_MULTIPLICATIVE_AROUND_CONTROL_PLUS_DIRECTED_AND_MORPH_ROWS,0.05192762374551905,0.3230300085259632,OBSERVED_EVALUATED_POPULATION_EXTREMA_NOT_EXTRAPOLATION_PERMISSION,ACTIVE_SEARCHED_OR_ARCHIVED_MORPH
oneD_v2_peak_R_6cc35ae8ac83aebc,6cc35ae8ac83aebcd2ba2422640f888745d3e28ee7e9191f1992a37bbe8d0f50,Peak,emit_exp_n,1.6015282079734219,dimensionless,LOG10_MULTIPLICATIVE_AROUND_CONTROL_PLUS_DIRECTED_AND_MORPH_ROWS,0.690679369076342,1.8957374166701126,OBSERVED_EVALUATED_POPULATION_EXTREMA_NOT_EXTRAPOLATION_PERMISSION,ACTIVE_SEARCHED_OR_ARCHIVED_MORPH
oneD_v2_peak_R_6cc35ae8ac83aebc,6cc35ae8ac83aebcd2ba2422640f888745d3e28ee7e9191f1992a37bbe8d0f50,Peak,emit_floor_frac,0.0058420097608974,dimensionless,FIXED_IN_FOCUSED_SEARCH,0.0058420097608974,0.0058420097608974,OBSERVED_EVALUATED_POPULATION_EXTREMA_NOT_EXTRAPOLATION_PERMISSION,FIXED
oneD_v2_peak_R_6cc35ae8ac83aebc,6cc35ae8ac83aebcd2ba2422640f888745d3e28ee7e9191f1992a37bbe8d0f50,Peak,peierls_H0_eV,5.746829366404026,eV,LOG10_MULTIPLICATIVE_AROUND_CONTROL_PLUS_DIRECTED_AND_MORPH_ROWS,2.4482735010183783,10.500294453659576,OBSERVED_EVALUATED_POPULATION_EXTREMA_NOT_EXTRAPOLATION_PERMISSION,ACTIVE_SEARCHED_OR_ARCHIVED_MORPH
oneD_v2_peak_R_6cc35ae8ac83aebc,6cc35ae8ac83aebcd2ba2422640f888745d3e28ee7e9191f1992a37bbe8d0f50,Peak,peierls_activation_entropy_kB,3.464159889577431,dimensionless,SIGNED_ADDITIVE_AROUND_CONTROL_PLUS_DIRECTED_AND_MORPH_ROWS,-17.76541064493358,24.392096446132353,OBSERVED_EVALUATED_POPULATION_EXTREMA_NOT_EXTRAPOLATION_PERMISSION,ACTIVE_SEARCHED_OR_ARCHIVED_MORPH
oneD_v2_peak_R_6cc35ae8ac83aebc,6cc35ae8ac83aebcd2ba2422640f888745d3e28ee7e9191f1992a37bbe8d0f50,Peak,peierls_exp_a,1.9097672308795155,dimensionless,FIXED_IN_FOCUSED_SEARCH,1.9097672308795155,1.9097672308795155,OBSERVED_EVALUATED_POPULATION_EXTREMA_NOT_EXTRAPOLATION_PERMISSION,FIXED
oneD_v2_peak_R_6cc35ae8ac83aebc,6cc35ae8ac83aebcd2ba2422640f888745d3e28ee7e9191f1992a37bbe8d0f50,Peak,peierls_exp_n,1.1372957159765065,dimensionless,FIXED_IN_FOCUSED_SEARCH,1.1372957159765065,1.1372957159765065,OBSERVED_EVALUATED_POPULATION_EXTREMA_NOT_EXTRAPOLATION_PERMISSION,FIXED
oneD_v2_peak_R_6cc35ae8ac83aebc,6cc35ae8ac83aebcd2ba2422640f888745d3e28ee7e9191f1992a37bbe8d0f50,Peak,peierls_nu0_s,1000000000000.0,s^-1,FIXED_IN_FOCUSED_SEARCH,1000000000000.0,1000000000000.0,OBSERVED_EVALUATED_POPULATION_EXTREMA_NOT_EXTRAPOLATION_PERMISSION,FIXED
oneD_v2_peak_R_6cc35ae8ac83aebc,6cc35ae8ac83aebcd2ba2422640f888745d3e28ee7e9191f1992a37bbe8d0f50,Peak,taylor_H0_eV,2.6670025492569835,eV,LOG10_MULTIPLICATIVE_AROUND_CONTROL_PLUS_DIRECTED_AND_MORPH_ROWS,0.4655398591231124,2.8039815100855647,OBSERVED_EVALUATED_POPULATION_EXTREMA_NOT_EXTRAPOLATION_PERMISSION,ACTIVE_SEARCHED_OR_ARCHIVED_MORPH
oneD_v2_peak_R_6cc35ae8ac83aebc,6cc35ae8ac83aebcd2ba2422640f888745d3e28ee7e9191f1992a37bbe8d0f50,Peak,taylor_activation_entropy_kB,26.819654910720267,dimensionless,SIGNED_ADDITIVE_AROUND_CONTROL_PLUS_DIRECTED_AND_MORPH_ROWS,6.252417974174023,61.45610039622007,OBSERVED_EVALUATED_POPULATION_EXTREMA_NOT_EXTRAPOLATION_PERMISSION,ACTIVE_SEARCHED_OR_ARCHIVED_MORPH
oneD_v2_peak_R_6cc35ae8ac83aebc,6cc35ae8ac83aebcd2ba2422640f888745d3e28ee7e9191f1992a37bbe8d0f50,Peak,taylor_exp_a,0.4561179580539465,dimensionless,FIXED_IN_FOCUSED_SEARCH,0.4561179580539465,0.4561179580539465,OBSERVED_EVALUATED_POPULATION_EXTREMA_NOT_EXTRAPOLATION_PERMISSION,FIXED
oneD_v2_peak_R_6cc35ae8ac83aebc,6cc35ae8ac83aebcd2ba2422640f888745d3e28ee7e9191f1992a37bbe8d0f50,Peak,taylor_exp_n,1.2506696581840515,dimensionless,FIXED_IN_FOCUSED_SEARCH,1.2506696581840515,1.2506696581840515,OBSERVED_EVALUATED_POPULATION_EXTREMA_NOT_EXTRAPOLATION_PERMISSION,FIXED
oneD_v2_peak_R_6cc35ae8ac83aebc,6cc35ae8ac83aebcd2ba2422640f888745d3e28ee7e9191f1992a37bbe8d0f50,Peak,taylor_nu0_s,100000000000.0,s^-1,FIXED_IN_FOCUSED_SEARCH,100000000000.0,100000000000.0,OBSERVED_EVALUATED_POPULATION_EXTREMA_NOT_EXTRAPOLATION_PERMISSION,FIXED
oneD_v2_peak_R_6cc35ae8ac83aebc,6cc35ae8ac83aebcd2ba2422640f888745d3e28ee7e9191f1992a37bbe8d0f50,Peak,rho_source0_m2,2.3544447322478596e+16,m^-2,LOG10_MULTIPLICATIVE_AROUND_CONTROL_PLUS_DIRECTED_AND_MORPH_ROWS,128702407675403.45,4.954223531428774e+16,OBSERVED_EVALUATED_POPULATION_EXTREMA_NOT_EXTRAPOLATION_PERMISSION,ACTIVE_SEARCHED_OR_ARCHIVED_MORPH
oneD_v2_peak_R_6cc35ae8ac83aebc,6cc35ae8ac83aebcd2ba2422640f888745d3e28ee7e9191f1992a37bbe8d0f50,Peak,taylor_corr_rho_c_m2,113022503433118.98,m^-2,LOG10_MULTIPLICATIVE_AROUND_CONTROL_PLUS_DIRECTED_AND_MORPH_ROWS,2573873246427.0093,6992843284960853.0,OBSERVED_EVALUATED_POPULATION_EXTREMA_NOT_EXTRAPOLATION_PERMISSION,ACTIVE_SEARCHED_OR_ARCHIVED_MORPH
oneD_v2_peak_R_6cc35ae8ac83aebc,6cc35ae8ac83aebcd2ba2422640f888745d3e28ee7e9191f1992a37bbe8d0f50,Peak,taylor_corr_scale,1.112096331993588,dimensionless,LOG10_MULTIPLICATIVE_AROUND_CONTROL_PLUS_DIRECTED_AND_MORPH_ROWS,0.28306498043350653,2.2858937327020703,OBSERVED_EVALUATED_POPULATION_EXTREMA_NOT_EXTRAPOLATION_PERMISSION,ACTIVE_SEARCHED_OR_ARCHIVED_MORPH
oneD_v2_peak_R_6cc35ae8ac83aebc,6cc35ae8ac83aebcd2ba2422640f888745d3e28ee7e9191f1992a37bbe8d0f50,Peak,c_blunt,1.1678432218199586,dimensionless,LOG10_MULTIPLICATIVE_AROUND_CONTROL_PLUS_DIRECTED_AND_MORPH_ROWS,1.0321594900388746,6.74913788087064,OBSERVED_EVALUATED_POPULATION_EXTREMA_NOT_EXTRAPOLATION_PERMISSION,ACTIVE_SEARCHED_OR_ARCHIVED_MORPH
oneD_v2_peak_R_7834115ae79cd559,7834115ae79cd5599062495367866062658f85c02160a079d50b6ce39104d6f6,Peak,Tref_K,481.33,K,FIXED_IN_FOCUSED_SEARCH,481.33,481.33,OBSERVED_EVALUATED_POPULATION_EXTREMA_NOT_EXTRAPOLATION_PERMISSION,FIXED
oneD_v2_peak_R_7834115ae79cd559,7834115ae79cd5599062495367866062658f85c02160a079d50b6ce39104d6f6,Peak,cleave_G00_eV,5.229743009052955,eV,LOG10_MULTIPLICATIVE_AROUND_CONTROL_PLUS_DIRECTED_AND_MORPH_ROWS,2.158537859884075,6.930587858964625,OBSERVED_EVALUATED_POPULATION_EXTREMA_NOT_EXTRAPOLATION_PERMISSION,ACTIVE_SEARCHED_OR_ARCHIVED_MORPH
oneD_v2_peak_R_7834115ae79cd559,7834115ae79cd5599062495367866062658f85c02160a079d50b6ce39104d6f6,Peak,cleave_gT_eV_per_K,0.012122386939637788,K,SIGNED_ADDITIVE_AROUND_CONTROL_PLUS_DIRECTED_AND_MORPH_ROWS,0.003312415609635283,0.012970688696731588,OBSERVED_EVALUATED_POPULATION_EXTREMA_NOT_EXTRAPOLATION_PERMISSION,ACTIVE_SEARCHED_OR_ARCHIVED_MORPH
oneD_v2_peak_R_7834115ae79cd559,7834115ae79cd5599062495367866062658f85c02160a079d50b6ce39104d6f6,Peak,cleave_sigc0_GPa,11.217966442434385,GPa,LOG10_MULTIPLICATIVE_AROUND_CONTROL_PLUS_DIRECTED_AND_MORPH_ROWS,4.435821907903692,12.130342439144458,OBSERVED_EVALUATED_POPULATION_EXTREMA_NOT_EXTRAPOLATION_PERMISSION,ACTIVE_SEARCHED_OR_ARCHIVED_MORPH
oneD_v2_peak_R_7834115ae79cd559,7834115ae79cd5599062495367866062658f85c02160a079d50b6ce39104d6f6,Peak,cleave_sT_GPa_per_K,-0.002295485301005447,K,SIGNED_ADDITIVE_AROUND_CONTROL_PLUS_DIRECTED_AND_MORPH_ROWS,-0.002494536918660222,0.0030743426582776,OBSERVED_EVALUATED_POPULATION_EXTREMA_NOT_EXTRAPOLATION_PERMISSION,ACTIVE_SEARCHED_OR_ARCHIVED_MORPH
oneD_v2_peak_R_7834115ae79cd559,7834115ae79cd5599062495367866062658f85c02160a079d50b6ce39104d6f6,Peak,cleave_exp_a,1.1649718307276258,dimensionless,LOG10_MULTIPLICATIVE_AROUND_CONTROL_PLUS_DIRECTED_AND_MORPH_ROWS,0.28600664998992803,1.9916372613916957,OBSERVED_EVALUATED_POPULATION_EXTREMA_NOT_EXTRAPOLATION_PERMISSION,ACTIVE_SEARCHED_OR_ARCHIVED_MORPH
oneD_v2_peak_R_7834115ae79cd559,7834115ae79cd5599062495367866062658f85c02160a079d50b6ce39104d6f6,Peak,cleave_exp_n,1.5895617018409476,dimensionless,LOG10_MULTIPLICATIVE_AROUND_CONTROL_PLUS_DIRECTED_AND_MORPH_ROWS,0.8332525623017257,1.898974285253466,OBSERVED_EVALUATED_POPULATION_EXTREMA_NOT_EXTRAPOLATION_PERMISSION,ACTIVE_SEARCHED_OR_ARCHIVED_MORPH
oneD_v2_peak_R_7834115ae79cd559,7834115ae79cd5599062495367866062658f85c02160a079d50b6ce39104d6f6,Peak,cleave_floor_frac,0.0184513317135146,dimensionless,FIXED_IN_FOCUSED_SEARCH,0.0184513317135146,0.0184513317135146,OBSERVED_EVALUATED_POPULATION_EXTREMA_NOT_EXTRAPOLATION_PERMISSION,FIXED
oneD_v2_peak_R_7834115ae79cd559,7834115ae79cd5599062495367866062658f85c02160a079d50b6ce39104d6f6,Peak,emit_G00_eV,2.0174018455772673,eV,LOG10_MULTIPLICATIVE_AROUND_CONTROL_PLUS_DIRECTED_AND_MORPH_ROWS,1.0826039470422504,3.8639869023551268,OBSERVED_EVALUATED_POPULATION_EXTREMA_NOT_EXTRAPOLATION_PERMISSION,ACTIVE_SEARCHED_OR_ARCHIVED_MORPH
oneD_v2_peak_R_7834115ae79cd559,7834115ae79cd5599062495367866062658f85c02160a079d50b6ce39104d6f6,Peak,emit_gT_eV_per_K,0.00018808904415358184,K,SIGNED_ADDITIVE_AROUND_CONTROL_PLUS_DIRECTED_AND_MORPH_ROWS,-0.0009574022223241501,0.0044219962963834,OBSERVED_EVALUATED_POPULATION_EXTREMA_NOT_EXTRAPOLATION_PERMISSION,ACTIVE_SEARCHED_OR_ARCHIVED_MORPH
oneD_v2_peak_R_7834115ae79cd559,7834115ae79cd5599062495367866062658f85c02160a079d50b6ce39104d6f6,Peak,emit_sigc0_GPa,9.784718038631057,GPa,LOG10_MULTIPLICATIVE_AROUND_CONTROL_PLUS_DIRECTED_AND_MORPH_ROWS,2.247086496900811,15.71824802880931,OBSERVED_EVALUATED_POPULATION_EXTREMA_NOT_EXTRAPOLATION_PERMISSION,ACTIVE_SEARCHED_OR_ARCHIVED_MORPH
oneD_v2_peak_R_7834115ae79cd559,7834115ae79cd5599062495367866062658f85c02160a079d50b6ce39104d6f6,Peak,emit_sT_GPa_per_K,0.0020977653692033616,K,SIGNED_ADDITIVE_AROUND_CONTROL_PLUS_DIRECTED_AND_MORPH_ROWS,-0.0029975004065782,0.0056363158663733995,OBSERVED_EVALUATED_POPULATION_EXTREMA_NOT_EXTRAPOLATION_PERMISSION,ACTIVE_SEARCHED_OR_ARCHIVED_MORPH
oneD_v2_peak_R_7834115ae79cd559,7834115ae79cd5599062495367866062658f85c02160a079d50b6ce39104d6f6,Peak,emit_exp_a,0.13173668199687907,dimensionless,LOG10_MULTIPLICATIVE_AROUND_CONTROL_PLUS_DIRECTED_AND_MORPH_ROWS,0.05192762374551905,0.3230300085259632,OBSERVED_EVALUATED_POPULATION_EXTREMA_NOT_EXTRAPOLATION_PERMISSION,ACTIVE_SEARCHED_OR_ARCHIVED_MORPH
oneD_v2_peak_R_7834115ae79cd559,7834115ae79cd5599062495367866062658f85c02160a079d50b6ce39104d6f6,Peak,emit_exp_n,1.1080757313735077,dimensionless,LOG10_MULTIPLICATIVE_AROUND_CONTROL_PLUS_DIRECTED_AND_MORPH_ROWS,0.690679369076342,1.8957374166701126,OBSERVED_EVALUATED_POPULATION_EXTREMA_NOT_EXTRAPOLATION_PERMISSION,ACTIVE_SEARCHED_OR_ARCHIVED_MORPH
oneD_v2_peak_R_7834115ae79cd559,7834115ae79cd5599062495367866062658f85c02160a079d50b6ce39104d6f6,Peak,emit_floor_frac,0.0058420097608974,dimensionless,FIXED_IN_FOCUSED_SEARCH,0.0058420097608974,0.0058420097608974,OBSERVED_EVALUATED_POPULATION_EXTREMA_NOT_EXTRAPOLATION_PERMISSION,FIXED
oneD_v2_peak_R_7834115ae79cd559,7834115ae79cd5599062495367866062658f85c02160a079d50b6ce39104d6f6,Peak,peierls_H0_eV,6.467184611153244,eV,LOG10_MULTIPLICATIVE_AROUND_CONTROL_PLUS_DIRECTED_AND_MORPH_ROWS,2.4482735010183783,10.500294453659576,OBSERVED_EVALUATED_POPULATION_EXTREMA_NOT_EXTRAPOLATION_PERMISSION,ACTIVE_SEARCHED_OR_ARCHIVED_MORPH
oneD_v2_peak_R_7834115ae79cd559,7834115ae79cd5599062495367866062658f85c02160a079d50b6ce39104d6f6,Peak,peierls_activation_entropy_kB,13.574169270193934,dimensionless,SIGNED_ADDITIVE_AROUND_CONTROL_PLUS_DIRECTED_AND_MORPH_ROWS,-17.76541064493358,24.392096446132353,OBSERVED_EVALUATED_POPULATION_EXTREMA_NOT_EXTRAPOLATION_PERMISSION,ACTIVE_SEARCHED_OR_ARCHIVED_MORPH
oneD_v2_peak_R_7834115ae79cd559,7834115ae79cd5599062495367866062658f85c02160a079d50b6ce39104d6f6,Peak,peierls_exp_a,1.9097672308795155,dimensionless,FIXED_IN_FOCUSED_SEARCH,1.9097672308795155,1.9097672308795155,OBSERVED_EVALUATED_POPULATION_EXTREMA_NOT_EXTRAPOLATION_PERMISSION,FIXED
oneD_v2_peak_R_7834115ae79cd559,7834115ae79cd5599062495367866062658f85c02160a079d50b6ce39104d6f6,Peak,peierls_exp_n,1.1372957159765065,dimensionless,FIXED_IN_FOCUSED_SEARCH,1.1372957159765065,1.1372957159765065,OBSERVED_EVALUATED_POPULATION_EXTREMA_NOT_EXTRAPOLATION_PERMISSION,FIXED
oneD_v2_peak_R_7834115ae79cd559,7834115ae79cd5599062495367866062658f85c02160a079d50b6ce39104d6f6,Peak,peierls_nu0_s,1000000000000.0,s^-1,FIXED_IN_FOCUSED_SEARCH,1000000000000.0,1000000000000.0,OBSERVED_EVALUATED_POPULATION_EXTREMA_NOT_EXTRAPOLATION_PERMISSION,FIXED
oneD_v2_peak_R_7834115ae79cd559,7834115ae79cd5599062495367866062658f85c02160a079d50b6ce39104d6f6,Peak,taylor_H0_eV,2.753559512399223,eV,LOG10_MULTIPLICATIVE_AROUND_CONTROL_PLUS_DIRECTED_AND_MORPH_ROWS,0.4655398591231124,2.8039815100855647,OBSERVED_EVALUATED_POPULATION_EXTREMA_NOT_EXTRAPOLATION_PERMISSION,ACTIVE_SEARCHED_OR_ARCHIVED_MORPH
oneD_v2_peak_R_7834115ae79cd559,7834115ae79cd5599062495367866062658f85c02160a079d50b6ce39104d6f6,Peak,taylor_activation_entropy_kB,38.14622833680444,dimensionless,SIGNED_ADDITIVE_AROUND_CONTROL_PLUS_DIRECTED_AND_MORPH_ROWS,6.252417974174023,61.45610039622007,OBSERVED_EVALUATED_POPULATION_EXTREMA_NOT_EXTRAPOLATION_PERMISSION,ACTIVE_SEARCHED_OR_ARCHIVED_MORPH
oneD_v2_peak_R_7834115ae79cd559,7834115ae79cd5599062495367866062658f85c02160a079d50b6ce39104d6f6,Peak,taylor_exp_a,0.4561179580539465,dimensionless,FIXED_IN_FOCUSED_SEARCH,0.4561179580539465,0.4561179580539465,OBSERVED_EVALUATED_POPULATION_EXTREMA_NOT_EXTRAPOLATION_PERMISSION,FIXED
oneD_v2_peak_R_7834115ae79cd559,7834115ae79cd5599062495367866062658f85c02160a079d50b6ce39104d6f6,Peak,taylor_exp_n,1.2506696581840515,dimensionless,FIXED_IN_FOCUSED_SEARCH,1.2506696581840515,1.2506696581840515,OBSERVED_EVALUATED_POPULATION_EXTREMA_NOT_EXTRAPOLATION_PERMISSION,FIXED
oneD_v2_peak_R_7834115ae79cd559,7834115ae79cd5599062495367866062658f85c02160a079d50b6ce39104d6f6,Peak,taylor_nu0_s,100000000000.0,s^-1,FIXED_IN_FOCUSED_SEARCH,100000000000.0,100000000000.0,OBSERVED_EVALUATED_POPULATION_EXTREMA_NOT_EXTRAPOLATION_PERMISSION,FIXED
oneD_v2_peak_R_7834115ae79cd559,7834115ae79cd5599062495367866062658f85c02160a079d50b6ce39104d6f6,Peak,rho_source0_m2,6831991814241943.0,m^-2,LOG10_MULTIPLICATIVE_AROUND_CONTROL_PLUS_DIRECTED_AND_MORPH_ROWS,128702407675403.45,4.954223531428774e+16,OBSERVED_EVALUATED_POPULATION_EXTREMA_NOT_EXTRAPOLATION_PERMISSION,ACTIVE_SEARCHED_OR_ARCHIVED_MORPH
oneD_v2_peak_R_7834115ae79cd559,7834115ae79cd5599062495367866062658f85c02160a079d50b6ce39104d6f6,Peak,taylor_corr_rho_c_m2,53665734129386.54,m^-2,LOG10_MULTIPLICATIVE_AROUND_CONTROL_PLUS_DIRECTED_AND_MORPH_ROWS,2573873246427.0093,6992843284960853.0,OBSERVED_EVALUATED_POPULATION_EXTREMA_NOT_EXTRAPOLATION_PERMISSION,ACTIVE_SEARCHED_OR_ARCHIVED_MORPH
oneD_v2_peak_R_7834115ae79cd559,7834115ae79cd5599062495367866062658f85c02160a079d50b6ce39104d6f6,Peak,taylor_corr_scale,0.7266810540381293,dimensionless,LOG10_MULTIPLICATIVE_AROUND_CONTROL_PLUS_DIRECTED_AND_MORPH_ROWS,0.28306498043350653,2.2858937327020703,OBSERVED_EVALUATED_POPULATION_EXTREMA_NOT_EXTRAPOLATION_PERMISSION,ACTIVE_SEARCHED_OR_ARCHIVED_MORPH
oneD_v2_peak_R_7834115ae79cd559,7834115ae79cd5599062495367866062658f85c02160a079d50b6ce39104d6f6,Peak,c_blunt,4.8575789443790285,dimensionless,LOG10_MULTIPLICATIVE_AROUND_CONTROL_PLUS_DIRECTED_AND_MORPH_ROWS,1.0321594900388746,6.74913788087064,OBSERVED_EVALUATED_POPULATION_EXTREMA_NOT_EXTRAPOLATION_PERMISSION,ACTIVE_SEARCHED_OR_ARCHIVED_MORPH
oneD_v2_peak_R_85d5f262ec40ffe0,85d5f262ec40ffe0a05a5fcbab73b23933146d51da869239e7cb54a936228fa5,Peak,Tref_K,481.33,K,FIXED_IN_FOCUSED_SEARCH,481.33,481.33,OBSERVED_EVALUATED_POPULATION_EXTREMA_NOT_EXTRAPOLATION_PERMISSION,FIXED
oneD_v2_peak_R_85d5f262ec40ffe0,85d5f262ec40ffe0a05a5fcbab73b23933146d51da869239e7cb54a936228fa5,Peak,cleave_G00_eV,3.7537477201761513,eV,LOG10_MULTIPLICATIVE_AROUND_CONTROL_PLUS_DIRECTED_AND_MORPH_ROWS,2.158537859884075,6.930587858964625,OBSERVED_EVALUATED_POPULATION_EXTREMA_NOT_EXTRAPOLATION_PERMISSION,ACTIVE_SEARCHED_OR_ARCHIVED_MORPH
oneD_v2_peak_R_85d5f262ec40ffe0,85d5f262ec40ffe0a05a5fcbab73b23933146d51da869239e7cb54a936228fa5,Peak,cleave_gT_eV_per_K,0.00478281823382705,K,SIGNED_ADDITIVE_AROUND_CONTROL_PLUS_DIRECTED_AND_MORPH_ROWS,0.003312415609635283,0.012970688696731588,OBSERVED_EVALUATED_POPULATION_EXTREMA_NOT_EXTRAPOLATION_PERMISSION,ACTIVE_SEARCHED_OR_ARCHIVED_MORPH
oneD_v2_peak_R_85d5f262ec40ffe0,85d5f262ec40ffe0a05a5fcbab73b23933146d51da869239e7cb54a936228fa5,Peak,cleave_sigc0_GPa,7.5313792318998365,GPa,LOG10_MULTIPLICATIVE_AROUND_CONTROL_PLUS_DIRECTED_AND_MORPH_ROWS,4.435821907903692,12.130342439144458,OBSERVED_EVALUATED_POPULATION_EXTREMA_NOT_EXTRAPOLATION_PERMISSION,ACTIVE_SEARCHED_OR_ARCHIVED_MORPH
oneD_v2_peak_R_85d5f262ec40ffe0,85d5f262ec40ffe0a05a5fcbab73b23933146d51da869239e7cb54a936228fa5,Peak,cleave_sT_GPa_per_K,0.0006798907923512501,K,SIGNED_ADDITIVE_AROUND_CONTROL_PLUS_DIRECTED_AND_MORPH_ROWS,-0.002494536918660222,0.0030743426582776,OBSERVED_EVALUATED_POPULATION_EXTREMA_NOT_EXTRAPOLATION_PERMISSION,ACTIVE_SEARCHED_OR_ARCHIVED_MORPH
oneD_v2_peak_R_85d5f262ec40ffe0,85d5f262ec40ffe0a05a5fcbab73b23933146d51da869239e7cb54a936228fa5,Peak,cleave_exp_a,1.082668606614437,dimensionless,LOG10_MULTIPLICATIVE_AROUND_CONTROL_PLUS_DIRECTED_AND_MORPH_ROWS,0.28600664998992803,1.9916372613916957,OBSERVED_EVALUATED_POPULATION_EXTREMA_NOT_EXTRAPOLATION_PERMISSION,ACTIVE_SEARCHED_OR_ARCHIVED_MORPH
oneD_v2_peak_R_85d5f262ec40ffe0,85d5f262ec40ffe0a05a5fcbab73b23933146d51da869239e7cb54a936228fa5,Peak,cleave_exp_n,1.643635275783392,dimensionless,LOG10_MULTIPLICATIVE_AROUND_CONTROL_PLUS_DIRECTED_AND_MORPH_ROWS,0.8332525623017257,1.898974285253466,OBSERVED_EVALUATED_POPULATION_EXTREMA_NOT_EXTRAPOLATION_PERMISSION,ACTIVE_SEARCHED_OR_ARCHIVED_MORPH
oneD_v2_peak_R_85d5f262ec40ffe0,85d5f262ec40ffe0a05a5fcbab73b23933146d51da869239e7cb54a936228fa5,Peak,cleave_floor_frac,0.0184513317135146,dimensionless,FIXED_IN_FOCUSED_SEARCH,0.0184513317135146,0.0184513317135146,OBSERVED_EVALUATED_POPULATION_EXTREMA_NOT_EXTRAPOLATION_PERMISSION,FIXED
oneD_v2_peak_R_85d5f262ec40ffe0,85d5f262ec40ffe0a05a5fcbab73b23933146d51da869239e7cb54a936228fa5,Peak,emit_G00_eV,3.1160124652324295,eV,LOG10_MULTIPLICATIVE_AROUND_CONTROL_PLUS_DIRECTED_AND_MORPH_ROWS,1.0826039470422504,3.8639869023551268,OBSERVED_EVALUATED_POPULATION_EXTREMA_NOT_EXTRAPOLATION_PERMISSION,ACTIVE_SEARCHED_OR_ARCHIVED_MORPH
oneD_v2_peak_R_85d5f262ec40ffe0,85d5f262ec40ffe0a05a5fcbab73b23933146d51da869239e7cb54a936228fa5,Peak,emit_gT_eV_per_K,0.0025035802442579997,K,SIGNED_ADDITIVE_AROUND_CONTROL_PLUS_DIRECTED_AND_MORPH_ROWS,-0.0009574022223241501,0.0044219962963834,OBSERVED_EVALUATED_POPULATION_EXTREMA_NOT_EXTRAPOLATION_PERMISSION,ACTIVE_SEARCHED_OR_ARCHIVED_MORPH
oneD_v2_peak_R_85d5f262ec40ffe0,85d5f262ec40ffe0a05a5fcbab73b23933146d51da869239e7cb54a936228fa5,Peak,emit_sigc0_GPa,5.682307647423972,GPa,LOG10_MULTIPLICATIVE_AROUND_CONTROL_PLUS_DIRECTED_AND_MORPH_ROWS,2.247086496900811,15.71824802880931,OBSERVED_EVALUATED_POPULATION_EXTREMA_NOT_EXTRAPOLATION_PERMISSION,ACTIVE_SEARCHED_OR_ARCHIVED_MORPH
oneD_v2_peak_R_85d5f262ec40ffe0,85d5f262ec40ffe0a05a5fcbab73b23933146d51da869239e7cb54a936228fa5,Peak,emit_sT_GPa_per_K,-0.0029975004065782,K,SIGNED_ADDITIVE_AROUND_CONTROL_PLUS_DIRECTED_AND_MORPH_ROWS,-0.0029975004065782,0.0056363158663733995,OBSERVED_EVALUATED_POPULATION_EXTREMA_NOT_EXTRAPOLATION_PERMISSION,ACTIVE_SEARCHED_OR_ARCHIVED_MORPH
oneD_v2_peak_R_85d5f262ec40ffe0,85d5f262ec40ffe0a05a5fcbab73b23933146d51da869239e7cb54a936228fa5,Peak,emit_exp_a,0.26340859737873684,dimensionless,LOG10_MULTIPLICATIVE_AROUND_CONTROL_PLUS_DIRECTED_AND_MORPH_ROWS,0.05192762374551905,0.3230300085259632,OBSERVED_EVALUATED_POPULATION_EXTREMA_NOT_EXTRAPOLATION_PERMISSION,ACTIVE_SEARCHED_OR_ARCHIVED_MORPH
oneD_v2_peak_R_85d5f262ec40ffe0,85d5f262ec40ffe0a05a5fcbab73b23933146d51da869239e7cb54a936228fa5,Peak,emit_exp_n,0.9180774364593164,dimensionless,LOG10_MULTIPLICATIVE_AROUND_CONTROL_PLUS_DIRECTED_AND_MORPH_ROWS,0.690679369076342,1.8957374166701126,OBSERVED_EVALUATED_POPULATION_EXTREMA_NOT_EXTRAPOLATION_PERMISSION,ACTIVE_SEARCHED_OR_ARCHIVED_MORPH
oneD_v2_peak_R_85d5f262ec40ffe0,85d5f262ec40ffe0a05a5fcbab73b23933146d51da869239e7cb54a936228fa5,Peak,emit_floor_frac,0.0058420097608974,dimensionless,FIXED_IN_FOCUSED_SEARCH,0.0058420097608974,0.0058420097608974,OBSERVED_EVALUATED_POPULATION_EXTREMA_NOT_EXTRAPOLATION_PERMISSION,FIXED
oneD_v2_peak_R_85d5f262ec40ffe0,85d5f262ec40ffe0a05a5fcbab73b23933146d51da869239e7cb54a936228fa5,Peak,peierls_H0_eV,5.999614829658793,eV,LOG10_MULTIPLICATIVE_AROUND_CONTROL_PLUS_DIRECTED_AND_MORPH_ROWS,2.4482735010183783,10.500294453659576,OBSERVED_EVALUATED_POPULATION_EXTREMA_NOT_EXTRAPOLATION_PERMISSION,ACTIVE_SEARCHED_OR_ARCHIVED_MORPH
oneD_v2_peak_R_85d5f262ec40ffe0,85d5f262ec40ffe0a05a5fcbab73b23933146d51da869239e7cb54a936228fa5,Peak,peierls_activation_entropy_kB,-12.563259582966566,dimensionless,SIGNED_ADDITIVE_AROUND_CONTROL_PLUS_DIRECTED_AND_MORPH_ROWS,-17.76541064493358,24.392096446132353,OBSERVED_EVALUATED_POPULATION_EXTREMA_NOT_EXTRAPOLATION_PERMISSION,ACTIVE_SEARCHED_OR_ARCHIVED_MORPH
oneD_v2_peak_R_85d5f262ec40ffe0,85d5f262ec40ffe0a05a5fcbab73b23933146d51da869239e7cb54a936228fa5,Peak,peierls_exp_a,1.9097672308795155,dimensionless,FIXED_IN_FOCUSED_SEARCH,1.9097672308795155,1.9097672308795155,OBSERVED_EVALUATED_POPULATION_EXTREMA_NOT_EXTRAPOLATION_PERMISSION,FIXED
oneD_v2_peak_R_85d5f262ec40ffe0,85d5f262ec40ffe0a05a5fcbab73b23933146d51da869239e7cb54a936228fa5,Peak,peierls_exp_n,1.1372957159765065,dimensionless,FIXED_IN_FOCUSED_SEARCH,1.1372957159765065,1.1372957159765065,OBSERVED_EVALUATED_POPULATION_EXTREMA_NOT_EXTRAPOLATION_PERMISSION,FIXED
oneD_v2_peak_R_85d5f262ec40ffe0,85d5f262ec40ffe0a05a5fcbab73b23933146d51da869239e7cb54a936228fa5,Peak,peierls_nu0_s,1000000000000.0,s^-1,FIXED_IN_FOCUSED_SEARCH,1000000000000.0,1000000000000.0,OBSERVED_EVALUATED_POPULATION_EXTREMA_NOT_EXTRAPOLATION_PERMISSION,FIXED
oneD_v2_peak_R_85d5f262ec40ffe0,85d5f262ec40ffe0a05a5fcbab73b23933146d51da869239e7cb54a936228fa5,Peak,taylor_H0_eV,1.2687723393501567,eV,LOG10_MULTIPLICATIVE_AROUND_CONTROL_PLUS_DIRECTED_AND_MORPH_ROWS,0.4655398591231124,2.8039815100855647,OBSERVED_EVALUATED_POPULATION_EXTREMA_NOT_EXTRAPOLATION_PERMISSION,ACTIVE_SEARCHED_OR_ARCHIVED_MORPH
oneD_v2_peak_R_85d5f262ec40ffe0,85d5f262ec40ffe0a05a5fcbab73b23933146d51da869239e7cb54a936228fa5,Peak,taylor_activation_entropy_kB,23.874286115169525,dimensionless,SIGNED_ADDITIVE_AROUND_CONTROL_PLUS_DIRECTED_AND_MORPH_ROWS,6.252417974174023,61.45610039622007,OBSERVED_EVALUATED_POPULATION_EXTREMA_NOT_EXTRAPOLATION_PERMISSION,ACTIVE_SEARCHED_OR_ARCHIVED_MORPH
oneD_v2_peak_R_85d5f262ec40ffe0,85d5f262ec40ffe0a05a5fcbab73b23933146d51da869239e7cb54a936228fa5,Peak,taylor_exp_a,0.4561179580539465,dimensionless,FIXED_IN_FOCUSED_SEARCH,0.4561179580539465,0.4561179580539465,OBSERVED_EVALUATED_POPULATION_EXTREMA_NOT_EXTRAPOLATION_PERMISSION,FIXED
oneD_v2_peak_R_85d5f262ec40ffe0,85d5f262ec40ffe0a05a5fcbab73b23933146d51da869239e7cb54a936228fa5,Peak,taylor_exp_n,1.2506696581840515,dimensionless,FIXED_IN_FOCUSED_SEARCH,1.2506696581840515,1.2506696581840515,OBSERVED_EVALUATED_POPULATION_EXTREMA_NOT_EXTRAPOLATION_PERMISSION,FIXED
oneD_v2_peak_R_85d5f262ec40ffe0,85d5f262ec40ffe0a05a5fcbab73b23933146d51da869239e7cb54a936228fa5,Peak,taylor_nu0_s,100000000000.0,s^-1,FIXED_IN_FOCUSED_SEARCH,100000000000.0,100000000000.0,OBSERVED_EVALUATED_POPULATION_EXTREMA_NOT_EXTRAPOLATION_PERMISSION,FIXED
oneD_v2_peak_R_85d5f262ec40ffe0,85d5f262ec40ffe0a05a5fcbab73b23933146d51da869239e7cb54a936228fa5,Peak,rho_source0_m2,1300386551866334.0,m^-2,LOG10_MULTIPLICATIVE_AROUND_CONTROL_PLUS_DIRECTED_AND_MORPH_ROWS,128702407675403.45,4.954223531428774e+16,OBSERVED_EVALUATED_POPULATION_EXTREMA_NOT_EXTRAPOLATION_PERMISSION,ACTIVE_SEARCHED_OR_ARCHIVED_MORPH
oneD_v2_peak_R_85d5f262ec40ffe0,85d5f262ec40ffe0a05a5fcbab73b23933146d51da869239e7cb54a936228fa5,Peak,taylor_corr_rho_c_m2,48948685881728.13,m^-2,LOG10_MULTIPLICATIVE_AROUND_CONTROL_PLUS_DIRECTED_AND_MORPH_ROWS,2573873246427.0093,6992843284960853.0,OBSERVED_EVALUATED_POPULATION_EXTREMA_NOT_EXTRAPOLATION_PERMISSION,ACTIVE_SEARCHED_OR_ARCHIVED_MORPH
oneD_v2_peak_R_85d5f262ec40ffe0,85d5f262ec40ffe0a05a5fcbab73b23933146d51da869239e7cb54a936228fa5,Peak,taylor_corr_scale,0.8941024065775315,dimensionless,LOG10_MULTIPLICATIVE_AROUND_CONTROL_PLUS_DIRECTED_AND_MORPH_ROWS,0.28306498043350653,2.2858937327020703,OBSERVED_EVALUATED_POPULATION_EXTREMA_NOT_EXTRAPOLATION_PERMISSION,ACTIVE_SEARCHED_OR_ARCHIVED_MORPH
oneD_v2_peak_R_85d5f262ec40ffe0,85d5f262ec40ffe0a05a5fcbab73b23933146d51da869239e7cb54a936228fa5,Peak,c_blunt,2.16697798437459,dimensionless,LOG10_MULTIPLICATIVE_AROUND_CONTROL_PLUS_DIRECTED_AND_MORPH_ROWS,1.0321594900388746,6.74913788087064,OBSERVED_EVALUATED_POPULATION_EXTREMA_NOT_EXTRAPOLATION_PERMISSION,ACTIVE_SEARCHED_OR_ARCHIVED_MORPH
oneD_v2_peak_R_a2e923a7587543db,a2e923a7587543dbcc24cd621145bbf3a6f2ba2c749a6bbd9c454558726210d2,Peak,Tref_K,481.33,K,FIXED_IN_FOCUSED_SEARCH,481.33,481.33,OBSERVED_EVALUATED_POPULATION_EXTREMA_NOT_EXTRAPOLATION_PERMISSION,FIXED
oneD_v2_peak_R_a2e923a7587543db,a2e923a7587543dbcc24cd621145bbf3a6f2ba2c749a6bbd9c454558726210d2,Peak,cleave_G00_eV,4.685697034687443,eV,LOG10_MULTIPLICATIVE_AROUND_CONTROL_PLUS_DIRECTED_AND_MORPH_ROWS,2.158537859884075,6.930587858964625,OBSERVED_EVALUATED_POPULATION_EXTREMA_NOT_EXTRAPOLATION_PERMISSION,ACTIVE_SEARCHED_OR_ARCHIVED_MORPH
oneD_v2_peak_R_a2e923a7587543db,a2e923a7587543dbcc24cd621145bbf3a6f2ba2c749a6bbd9c454558726210d2,Peak,cleave_gT_eV_per_K,0.005261224687485825,K,SIGNED_ADDITIVE_AROUND_CONTROL_PLUS_DIRECTED_AND_MORPH_ROWS,0.003312415609635283,0.012970688696731588,OBSERVED_EVALUATED_POPULATION_EXTREMA_NOT_EXTRAPOLATION_PERMISSION,ACTIVE_SEARCHED_OR_ARCHIVED_MORPH
oneD_v2_peak_R_a2e923a7587543db,a2e923a7587543dbcc24cd621145bbf3a6f2ba2c749a6bbd9c454558726210d2,Peak,cleave_sigc0_GPa,10.126514872352045,GPa,LOG10_MULTIPLICATIVE_AROUND_CONTROL_PLUS_DIRECTED_AND_MORPH_ROWS,4.435821907903692,12.130342439144458,OBSERVED_EVALUATED_POPULATION_EXTREMA_NOT_EXTRAPOLATION_PERMISSION,ACTIVE_SEARCHED_OR_ARCHIVED_MORPH
oneD_v2_peak_R_a2e923a7587543db,a2e923a7587543dbcc24cd621145bbf3a6f2ba2c749a6bbd9c454558726210d2,Peak,cleave_sT_GPa_per_K,-0.0004155816383947564,K,SIGNED_ADDITIVE_AROUND_CONTROL_PLUS_DIRECTED_AND_MORPH_ROWS,-0.002494536918660222,0.0030743426582776,OBSERVED_EVALUATED_POPULATION_EXTREMA_NOT_EXTRAPOLATION_PERMISSION,ACTIVE_SEARCHED_OR_ARCHIVED_MORPH
oneD_v2_peak_R_a2e923a7587543db,a2e923a7587543dbcc24cd621145bbf3a6f2ba2c749a6bbd9c454558726210d2,Peak,cleave_exp_a,1.7374266783976555,dimensionless,LOG10_MULTIPLICATIVE_AROUND_CONTROL_PLUS_DIRECTED_AND_MORPH_ROWS,0.28600664998992803,1.9916372613916957,OBSERVED_EVALUATED_POPULATION_EXTREMA_NOT_EXTRAPOLATION_PERMISSION,ACTIVE_SEARCHED_OR_ARCHIVED_MORPH
oneD_v2_peak_R_a2e923a7587543db,a2e923a7587543dbcc24cd621145bbf3a6f2ba2c749a6bbd9c454558726210d2,Peak,cleave_exp_n,0.9652009661738176,dimensionless,LOG10_MULTIPLICATIVE_AROUND_CONTROL_PLUS_DIRECTED_AND_MORPH_ROWS,0.8332525623017257,1.898974285253466,OBSERVED_EVALUATED_POPULATION_EXTREMA_NOT_EXTRAPOLATION_PERMISSION,ACTIVE_SEARCHED_OR_ARCHIVED_MORPH
oneD_v2_peak_R_a2e923a7587543db,a2e923a7587543dbcc24cd621145bbf3a6f2ba2c749a6bbd9c454558726210d2,Peak,cleave_floor_frac,0.0184513317135146,dimensionless,FIXED_IN_FOCUSED_SEARCH,0.0184513317135146,0.0184513317135146,OBSERVED_EVALUATED_POPULATION_EXTREMA_NOT_EXTRAPOLATION_PERMISSION,FIXED
oneD_v2_peak_R_a2e923a7587543db,a2e923a7587543dbcc24cd621145bbf3a6f2ba2c749a6bbd9c454558726210d2,Peak,emit_G00_eV,1.779272664671439,eV,LOG10_MULTIPLICATIVE_AROUND_CONTROL_PLUS_DIRECTED_AND_MORPH_ROWS,1.0826039470422504,3.8639869023551268,OBSERVED_EVALUATED_POPULATION_EXTREMA_NOT_EXTRAPOLATION_PERMISSION,ACTIVE_SEARCHED_OR_ARCHIVED_MORPH
oneD_v2_peak_R_a2e923a7587543db,a2e923a7587543dbcc24cd621145bbf3a6f2ba2c749a6bbd9c454558726210d2,Peak,emit_gT_eV_per_K,0.001039171776829765,K,SIGNED_ADDITIVE_AROUND_CONTROL_PLUS_DIRECTED_AND_MORPH_ROWS,-0.0009574022223241501,0.0044219962963834,OBSERVED_EVALUATED_POPULATION_EXTREMA_NOT_EXTRAPOLATION_PERMISSION,ACTIVE_SEARCHED_OR_ARCHIVED_MORPH
oneD_v2_peak_R_a2e923a7587543db,a2e923a7587543dbcc24cd621145bbf3a6f2ba2c749a6bbd9c454558726210d2,Peak,emit_sigc0_GPa,5.078440425624909,GPa,LOG10_MULTIPLICATIVE_AROUND_CONTROL_PLUS_DIRECTED_AND_MORPH_ROWS,2.247086496900811,15.71824802880931,OBSERVED_EVALUATED_POPULATION_EXTREMA_NOT_EXTRAPOLATION_PERMISSION,ACTIVE_SEARCHED_OR_ARCHIVED_MORPH
oneD_v2_peak_R_a2e923a7587543db,a2e923a7587543dbcc24cd621145bbf3a6f2ba2c749a6bbd9c454558726210d2,Peak,emit_sT_GPa_per_K,0.0004645084640458152,K,SIGNED_ADDITIVE_AROUND_CONTROL_PLUS_DIRECTED_AND_MORPH_ROWS,-0.0029975004065782,0.0056363158663733995,OBSERVED_EVALUATED_POPULATION_EXTREMA_NOT_EXTRAPOLATION_PERMISSION,ACTIVE_SEARCHED_OR_ARCHIVED_MORPH
oneD_v2_peak_R_a2e923a7587543db,a2e923a7587543dbcc24cd621145bbf3a6f2ba2c749a6bbd9c454558726210d2,Peak,emit_exp_a,0.10148723262622615,dimensionless,LOG10_MULTIPLICATIVE_AROUND_CONTROL_PLUS_DIRECTED_AND_MORPH_ROWS,0.05192762374551905,0.3230300085259632,OBSERVED_EVALUATED_POPULATION_EXTREMA_NOT_EXTRAPOLATION_PERMISSION,ACTIVE_SEARCHED_OR_ARCHIVED_MORPH
oneD_v2_peak_R_a2e923a7587543db,a2e923a7587543dbcc24cd621145bbf3a6f2ba2c749a6bbd9c454558726210d2,Peak,emit_exp_n,1.7905253638738974,dimensionless,LOG10_MULTIPLICATIVE_AROUND_CONTROL_PLUS_DIRECTED_AND_MORPH_ROWS,0.690679369076342,1.8957374166701126,OBSERVED_EVALUATED_POPULATION_EXTREMA_NOT_EXTRAPOLATION_PERMISSION,ACTIVE_SEARCHED_OR_ARCHIVED_MORPH
oneD_v2_peak_R_a2e923a7587543db,a2e923a7587543dbcc24cd621145bbf3a6f2ba2c749a6bbd9c454558726210d2,Peak,emit_floor_frac,0.0058420097608974,dimensionless,FIXED_IN_FOCUSED_SEARCH,0.0058420097608974,0.0058420097608974,OBSERVED_EVALUATED_POPULATION_EXTREMA_NOT_EXTRAPOLATION_PERMISSION,FIXED
oneD_v2_peak_R_a2e923a7587543db,a2e923a7587543dbcc24cd621145bbf3a6f2ba2c749a6bbd9c454558726210d2,Peak,peierls_H0_eV,7.69226941727475,eV,LOG10_MULTIPLICATIVE_AROUND_CONTROL_PLUS_DIRECTED_AND_MORPH_ROWS,2.4482735010183783,10.500294453659576,OBSERVED_EVALUATED_POPULATION_EXTREMA_NOT_EXTRAPOLATION_PERMISSION,ACTIVE_SEARCHED_OR_ARCHIVED_MORPH
oneD_v2_peak_R_a2e923a7587543db,a2e923a7587543dbcc24cd621145bbf3a6f2ba2c749a6bbd9c454558726210d2,Peak,peierls_activation_entropy_kB,20.13200723062293,dimensionless,SIGNED_ADDITIVE_AROUND_CONTROL_PLUS_DIRECTED_AND_MORPH_ROWS,-17.76541064493358,24.392096446132353,OBSERVED_EVALUATED_POPULATION_EXTREMA_NOT_EXTRAPOLATION_PERMISSION,ACTIVE_SEARCHED_OR_ARCHIVED_MORPH
oneD_v2_peak_R_a2e923a7587543db,a2e923a7587543dbcc24cd621145bbf3a6f2ba2c749a6bbd9c454558726210d2,Peak,peierls_exp_a,1.9097672308795155,dimensionless,FIXED_IN_FOCUSED_SEARCH,1.9097672308795155,1.9097672308795155,OBSERVED_EVALUATED_POPULATION_EXTREMA_NOT_EXTRAPOLATION_PERMISSION,FIXED
oneD_v2_peak_R_a2e923a7587543db,a2e923a7587543dbcc24cd621145bbf3a6f2ba2c749a6bbd9c454558726210d2,Peak,peierls_exp_n,1.1372957159765065,dimensionless,FIXED_IN_FOCUSED_SEARCH,1.1372957159765065,1.1372957159765065,OBSERVED_EVALUATED_POPULATION_EXTREMA_NOT_EXTRAPOLATION_PERMISSION,FIXED
oneD_v2_peak_R_a2e923a7587543db,a2e923a7587543dbcc24cd621145bbf3a6f2ba2c749a6bbd9c454558726210d2,Peak,peierls_nu0_s,1000000000000.0,s^-1,FIXED_IN_FOCUSED_SEARCH,1000000000000.0,1000000000000.0,OBSERVED_EVALUATED_POPULATION_EXTREMA_NOT_EXTRAPOLATION_PERMISSION,FIXED
oneD_v2_peak_R_a2e923a7587543db,a2e923a7587543dbcc24cd621145bbf3a6f2ba2c749a6bbd9c454558726210d2,Peak,taylor_H0_eV,2.7178814386658514,eV,LOG10_MULTIPLICATIVE_AROUND_CONTROL_PLUS_DIRECTED_AND_MORPH_ROWS,0.4655398591231124,2.8039815100855647,OBSERVED_EVALUATED_POPULATION_EXTREMA_NOT_EXTRAPOLATION_PERMISSION,ACTIVE_SEARCHED_OR_ARCHIVED_MORPH
oneD_v2_peak_R_a2e923a7587543db,a2e923a7587543dbcc24cd621145bbf3a6f2ba2c749a6bbd9c454558726210d2,Peak,taylor_activation_entropy_kB,46.288687118728674,dimensionless,SIGNED_ADDITIVE_AROUND_CONTROL_PLUS_DIRECTED_AND_MORPH_ROWS,6.252417974174023,61.45610039622007,OBSERVED_EVALUATED_POPULATION_EXTREMA_NOT_EXTRAPOLATION_PERMISSION,ACTIVE_SEARCHED_OR_ARCHIVED_MORPH
oneD_v2_peak_R_a2e923a7587543db,a2e923a7587543dbcc24cd621145bbf3a6f2ba2c749a6bbd9c454558726210d2,Peak,taylor_exp_a,0.4561179580539465,dimensionless,FIXED_IN_FOCUSED_SEARCH,0.4561179580539465,0.4561179580539465,OBSERVED_EVALUATED_POPULATION_EXTREMA_NOT_EXTRAPOLATION_PERMISSION,FIXED
oneD_v2_peak_R_a2e923a7587543db,a2e923a7587543dbcc24cd621145bbf3a6f2ba2c749a6bbd9c454558726210d2,Peak,taylor_exp_n,1.2506696581840515,dimensionless,FIXED_IN_FOCUSED_SEARCH,1.2506696581840515,1.2506696581840515,OBSERVED_EVALUATED_POPULATION_EXTREMA_NOT_EXTRAPOLATION_PERMISSION,FIXED
oneD_v2_peak_R_a2e923a7587543db,a2e923a7587543dbcc24cd621145bbf3a6f2ba2c749a6bbd9c454558726210d2,Peak,taylor_nu0_s,100000000000.0,s^-1,FIXED_IN_FOCUSED_SEARCH,100000000000.0,100000000000.0,OBSERVED_EVALUATED_POPULATION_EXTREMA_NOT_EXTRAPOLATION_PERMISSION,FIXED
oneD_v2_peak_R_a2e923a7587543db,a2e923a7587543dbcc24cd621145bbf3a6f2ba2c749a6bbd9c454558726210d2,Peak,rho_source0_m2,3.1256573429900224e+16,m^-2,LOG10_MULTIPLICATIVE_AROUND_CONTROL_PLUS_DIRECTED_AND_MORPH_ROWS,128702407675403.45,4.954223531428774e+16,OBSERVED_EVALUATED_POPULATION_EXTREMA_NOT_EXTRAPOLATION_PERMISSION,ACTIVE_SEARCHED_OR_ARCHIVED_MORPH
oneD_v2_peak_R_a2e923a7587543db,a2e923a7587543dbcc24cd621145bbf3a6f2ba2c749a6bbd9c454558726210d2,Peak,taylor_corr_rho_c_m2,142015042562784.0,m^-2,LOG10_MULTIPLICATIVE_AROUND_CONTROL_PLUS_DIRECTED_AND_MORPH_ROWS,2573873246427.0093,6992843284960853.0,OBSERVED_EVALUATED_POPULATION_EXTREMA_NOT_EXTRAPOLATION_PERMISSION,ACTIVE_SEARCHED_OR_ARCHIVED_MORPH
oneD_v2_peak_R_a2e923a7587543db,a2e923a7587543dbcc24cd621145bbf3a6f2ba2c749a6bbd9c454558726210d2,Peak,taylor_corr_scale,0.637105649605775,dimensionless,LOG10_MULTIPLICATIVE_AROUND_CONTROL_PLUS_DIRECTED_AND_MORPH_ROWS,0.28306498043350653,2.2858937327020703,OBSERVED_EVALUATED_POPULATION_EXTREMA_NOT_EXTRAPOLATION_PERMISSION,ACTIVE_SEARCHED_OR_ARCHIVED_MORPH
oneD_v2_peak_R_a2e923a7587543db,a2e923a7587543dbcc24cd621145bbf3a6f2ba2c749a6bbd9c454558726210d2,Peak,c_blunt,5.904674826579676,dimensionless,LOG10_MULTIPLICATIVE_AROUND_CONTROL_PLUS_DIRECTED_AND_MORPH_ROWS,1.0321594900388746,6.74913788087064,OBSERVED_EVALUATED_POPULATION_EXTREMA_NOT_EXTRAPOLATION_PERMISSION,ACTIVE_SEARCHED_OR_ARCHIVED_MORPH
oneD_v2_peak_R_a594e39b2e235657,a594e39b2e23565733dad4392372ad366f503096481b114ff290b1adaa948350,Peak,Tref_K,481.33,K,FIXED_IN_FOCUSED_SEARCH,481.33,481.33,OBSERVED_EVALUATED_POPULATION_EXTREMA_NOT_EXTRAPOLATION_PERMISSION,FIXED
oneD_v2_peak_R_a594e39b2e235657,a594e39b2e23565733dad4392372ad366f503096481b114ff290b1adaa948350,Peak,cleave_G00_eV,6.930587858964625,eV,LOG10_MULTIPLICATIVE_AROUND_CONTROL_PLUS_DIRECTED_AND_MORPH_ROWS,2.158537859884075,6.930587858964625,OBSERVED_EVALUATED_POPULATION_EXTREMA_NOT_EXTRAPOLATION_PERMISSION,ACTIVE_SEARCHED_OR_ARCHIVED_MORPH
oneD_v2_peak_R_a594e39b2e235657,a594e39b2e23565733dad4392372ad366f503096481b114ff290b1adaa948350,Peak,cleave_gT_eV_per_K,0.007101365849377679,K,SIGNED_ADDITIVE_AROUND_CONTROL_PLUS_DIRECTED_AND_MORPH_ROWS,0.003312415609635283,0.012970688696731588,OBSERVED_EVALUATED_POPULATION_EXTREMA_NOT_EXTRAPOLATION_PERMISSION,ACTIVE_SEARCHED_OR_ARCHIVED_MORPH
oneD_v2_peak_R_a594e39b2e235657,a594e39b2e23565733dad4392372ad366f503096481b114ff290b1adaa948350,Peak,cleave_sigc0_GPa,6.205042952764243,GPa,LOG10_MULTIPLICATIVE_AROUND_CONTROL_PLUS_DIRECTED_AND_MORPH_ROWS,4.435821907903692,12.130342439144458,OBSERVED_EVALUATED_POPULATION_EXTREMA_NOT_EXTRAPOLATION_PERMISSION,ACTIVE_SEARCHED_OR_ARCHIVED_MORPH
oneD_v2_peak_R_a594e39b2e235657,a594e39b2e23565733dad4392372ad366f503096481b114ff290b1adaa948350,Peak,cleave_sT_GPa_per_K,-0.0019394349817065304,K,SIGNED_ADDITIVE_AROUND_CONTROL_PLUS_DIRECTED_AND_MORPH_ROWS,-0.002494536918660222,0.0030743426582776,OBSERVED_EVALUATED_POPULATION_EXTREMA_NOT_EXTRAPOLATION_PERMISSION,ACTIVE_SEARCHED_OR_ARCHIVED_MORPH
oneD_v2_peak_R_a594e39b2e235657,a594e39b2e23565733dad4392372ad366f503096481b114ff290b1adaa948350,Peak,cleave_exp_a,1.555036014183823,dimensionless,LOG10_MULTIPLICATIVE_AROUND_CONTROL_PLUS_DIRECTED_AND_MORPH_ROWS,0.28600664998992803,1.9916372613916957,OBSERVED_EVALUATED_POPULATION_EXTREMA_NOT_EXTRAPOLATION_PERMISSION,ACTIVE_SEARCHED_OR_ARCHIVED_MORPH
oneD_v2_peak_R_a594e39b2e235657,a594e39b2e23565733dad4392372ad366f503096481b114ff290b1adaa948350,Peak,cleave_exp_n,0.9019394784730775,dimensionless,LOG10_MULTIPLICATIVE_AROUND_CONTROL_PLUS_DIRECTED_AND_MORPH_ROWS,0.8332525623017257,1.898974285253466,OBSERVED_EVALUATED_POPULATION_EXTREMA_NOT_EXTRAPOLATION_PERMISSION,ACTIVE_SEARCHED_OR_ARCHIVED_MORPH
oneD_v2_peak_R_a594e39b2e235657,a594e39b2e23565733dad4392372ad366f503096481b114ff290b1adaa948350,Peak,cleave_floor_frac,0.0184513317135146,dimensionless,FIXED_IN_FOCUSED_SEARCH,0.0184513317135146,0.0184513317135146,OBSERVED_EVALUATED_POPULATION_EXTREMA_NOT_EXTRAPOLATION_PERMISSION,FIXED
oneD_v2_peak_R_a594e39b2e235657,a594e39b2e23565733dad4392372ad366f503096481b114ff290b1adaa948350,Peak,emit_G00_eV,1.3351370631587105,eV,LOG10_MULTIPLICATIVE_AROUND_CONTROL_PLUS_DIRECTED_AND_MORPH_ROWS,1.0826039470422504,3.8639869023551268,OBSERVED_EVALUATED_POPULATION_EXTREMA_NOT_EXTRAPOLATION_PERMISSION,ACTIVE_SEARCHED_OR_ARCHIVED_MORPH
oneD_v2_peak_R_a594e39b2e235657,a594e39b2e23565733dad4392372ad366f503096481b114ff290b1adaa948350,Peak,emit_gT_eV_per_K,0.00045522995053274906,K,SIGNED_ADDITIVE_AROUND_CONTROL_PLUS_DIRECTED_AND_MORPH_ROWS,-0.0009574022223241501,0.0044219962963834,OBSERVED_EVALUATED_POPULATION_EXTREMA_NOT_EXTRAPOLATION_PERMISSION,ACTIVE_SEARCHED_OR_ARCHIVED_MORPH
oneD_v2_peak_R_a594e39b2e235657,a594e39b2e23565733dad4392372ad366f503096481b114ff290b1adaa948350,Peak,emit_sigc0_GPa,14.431623017910852,GPa,LOG10_MULTIPLICATIVE_AROUND_CONTROL_PLUS_DIRECTED_AND_MORPH_ROWS,2.247086496900811,15.71824802880931,OBSERVED_EVALUATED_POPULATION_EXTREMA_NOT_EXTRAPOLATION_PERMISSION,ACTIVE_SEARCHED_OR_ARCHIVED_MORPH
oneD_v2_peak_R_a594e39b2e235657,a594e39b2e23565733dad4392372ad366f503096481b114ff290b1adaa948350,Peak,emit_sT_GPa_per_K,0.002215293771834696,K,SIGNED_ADDITIVE_AROUND_CONTROL_PLUS_DIRECTED_AND_MORPH_ROWS,-0.0029975004065782,0.0056363158663733995,OBSERVED_EVALUATED_POPULATION_EXTREMA_NOT_EXTRAPOLATION_PERMISSION,ACTIVE_SEARCHED_OR_ARCHIVED_MORPH
oneD_v2_peak_R_a594e39b2e235657,a594e39b2e23565733dad4392372ad366f503096481b114ff290b1adaa948350,Peak,emit_exp_a,0.0746579314464151,dimensionless,LOG10_MULTIPLICATIVE_AROUND_CONTROL_PLUS_DIRECTED_AND_MORPH_ROWS,0.05192762374551905,0.3230300085259632,OBSERVED_EVALUATED_POPULATION_EXTREMA_NOT_EXTRAPOLATION_PERMISSION,ACTIVE_SEARCHED_OR_ARCHIVED_MORPH
oneD_v2_peak_R_a594e39b2e235657,a594e39b2e23565733dad4392372ad366f503096481b114ff290b1adaa948350,Peak,emit_exp_n,1.2572635333261204,dimensionless,LOG10_MULTIPLICATIVE_AROUND_CONTROL_PLUS_DIRECTED_AND_MORPH_ROWS,0.690679369076342,1.8957374166701126,OBSERVED_EVALUATED_POPULATION_EXTREMA_NOT_EXTRAPOLATION_PERMISSION,ACTIVE_SEARCHED_OR_ARCHIVED_MORPH
oneD_v2_peak_R_a594e39b2e235657,a594e39b2e23565733dad4392372ad366f503096481b114ff290b1adaa948350,Peak,emit_floor_frac,0.0058420097608974,dimensionless,FIXED_IN_FOCUSED_SEARCH,0.0058420097608974,0.0058420097608974,OBSERVED_EVALUATED_POPULATION_EXTREMA_NOT_EXTRAPOLATION_PERMISSION,FIXED
oneD_v2_peak_R_a594e39b2e235657,a594e39b2e23565733dad4392372ad366f503096481b114ff290b1adaa948350,Peak,peierls_H0_eV,10.279377782557875,eV,LOG10_MULTIPLICATIVE_AROUND_CONTROL_PLUS_DIRECTED_AND_MORPH_ROWS,2.4482735010183783,10.500294453659576,OBSERVED_EVALUATED_POPULATION_EXTREMA_NOT_EXTRAPOLATION_PERMISSION,ACTIVE_SEARCHED_OR_ARCHIVED_MORPH
oneD_v2_peak_R_a594e39b2e235657,a594e39b2e23565733dad4392372ad366f503096481b114ff290b1adaa948350,Peak,peierls_activation_entropy_kB,4.9915671412703055,dimensionless,SIGNED_ADDITIVE_AROUND_CONTROL_PLUS_DIRECTED_AND_MORPH_ROWS,-17.76541064493358,24.392096446132353,OBSERVED_EVALUATED_POPULATION_EXTREMA_NOT_EXTRAPOLATION_PERMISSION,ACTIVE_SEARCHED_OR_ARCHIVED_MORPH
oneD_v2_peak_R_a594e39b2e235657,a594e39b2e23565733dad4392372ad366f503096481b114ff290b1adaa948350,Peak,peierls_exp_a,1.9097672308795155,dimensionless,FIXED_IN_FOCUSED_SEARCH,1.9097672308795155,1.9097672308795155,OBSERVED_EVALUATED_POPULATION_EXTREMA_NOT_EXTRAPOLATION_PERMISSION,FIXED
oneD_v2_peak_R_a594e39b2e235657,a594e39b2e23565733dad4392372ad366f503096481b114ff290b1adaa948350,Peak,peierls_exp_n,1.1372957159765065,dimensionless,FIXED_IN_FOCUSED_SEARCH,1.1372957159765065,1.1372957159765065,OBSERVED_EVALUATED_POPULATION_EXTREMA_NOT_EXTRAPOLATION_PERMISSION,FIXED
oneD_v2_peak_R_a594e39b2e235657,a594e39b2e23565733dad4392372ad366f503096481b114ff290b1adaa948350,Peak,peierls_nu0_s,1000000000000.0,s^-1,FIXED_IN_FOCUSED_SEARCH,1000000000000.0,1000000000000.0,OBSERVED_EVALUATED_POPULATION_EXTREMA_NOT_EXTRAPOLATION_PERMISSION,FIXED
oneD_v2_peak_R_a594e39b2e235657,a594e39b2e23565733dad4392372ad366f503096481b114ff290b1adaa948350,Peak,taylor_H0_eV,1.8412670728497529,eV,LOG10_MULTIPLICATIVE_AROUND_CONTROL_PLUS_DIRECTED_AND_MORPH_ROWS,0.4655398591231124,2.8039815100855647,OBSERVED_EVALUATED_POPULATION_EXTREMA_NOT_EXTRAPOLATION_PERMISSION,ACTIVE_SEARCHED_OR_ARCHIVED_MORPH
oneD_v2_peak_R_a594e39b2e235657,a594e39b2e23565733dad4392372ad366f503096481b114ff290b1adaa948350,Peak,taylor_activation_entropy_kB,32.161631120898875,dimensionless,SIGNED_ADDITIVE_AROUND_CONTROL_PLUS_DIRECTED_AND_MORPH_ROWS,6.252417974174023,61.45610039622007,OBSERVED_EVALUATED_POPULATION_EXTREMA_NOT_EXTRAPOLATION_PERMISSION,ACTIVE_SEARCHED_OR_ARCHIVED_MORPH
oneD_v2_peak_R_a594e39b2e235657,a594e39b2e23565733dad4392372ad366f503096481b114ff290b1adaa948350,Peak,taylor_exp_a,0.4561179580539465,dimensionless,FIXED_IN_FOCUSED_SEARCH,0.4561179580539465,0.4561179580539465,OBSERVED_EVALUATED_POPULATION_EXTREMA_NOT_EXTRAPOLATION_PERMISSION,FIXED
oneD_v2_peak_R_a594e39b2e235657,a594e39b2e23565733dad4392372ad366f503096481b114ff290b1adaa948350,Peak,taylor_exp_n,1.2506696581840515,dimensionless,FIXED_IN_FOCUSED_SEARCH,1.2506696581840515,1.2506696581840515,OBSERVED_EVALUATED_POPULATION_EXTREMA_NOT_EXTRAPOLATION_PERMISSION,FIXED
oneD_v2_peak_R_a594e39b2e235657,a594e39b2e23565733dad4392372ad366f503096481b114ff290b1adaa948350,Peak,taylor_nu0_s,100000000000.0,s^-1,FIXED_IN_FOCUSED_SEARCH,100000000000.0,100000000000.0,OBSERVED_EVALUATED_POPULATION_EXTREMA_NOT_EXTRAPOLATION_PERMISSION,FIXED
oneD_v2_peak_R_a594e39b2e235657,a594e39b2e23565733dad4392372ad366f503096481b114ff290b1adaa948350,Peak,rho_source0_m2,1.910924695690996e+16,m^-2,LOG10_MULTIPLICATIVE_AROUND_CONTROL_PLUS_DIRECTED_AND_MORPH_ROWS,128702407675403.45,4.954223531428774e+16,OBSERVED_EVALUATED_POPULATION_EXTREMA_NOT_EXTRAPOLATION_PERMISSION,ACTIVE_SEARCHED_OR_ARCHIVED_MORPH
oneD_v2_peak_R_a594e39b2e235657,a594e39b2e23565733dad4392372ad366f503096481b114ff290b1adaa948350,Peak,taylor_corr_rho_c_m2,47286800589655.96,m^-2,LOG10_MULTIPLICATIVE_AROUND_CONTROL_PLUS_DIRECTED_AND_MORPH_ROWS,2573873246427.0093,6992843284960853.0,OBSERVED_EVALUATED_POPULATION_EXTREMA_NOT_EXTRAPOLATION_PERMISSION,ACTIVE_SEARCHED_OR_ARCHIVED_MORPH
oneD_v2_peak_R_a594e39b2e235657,a594e39b2e23565733dad4392372ad366f503096481b114ff290b1adaa948350,Peak,taylor_corr_scale,1.6235985269382933,dimensionless,LOG10_MULTIPLICATIVE_AROUND_CONTROL_PLUS_DIRECTED_AND_MORPH_ROWS,0.28306498043350653,2.2858937327020703,OBSERVED_EVALUATED_POPULATION_EXTREMA_NOT_EXTRAPOLATION_PERMISSION,ACTIVE_SEARCHED_OR_ARCHIVED_MORPH
oneD_v2_peak_R_a594e39b2e235657,a594e39b2e23565733dad4392372ad366f503096481b114ff290b1adaa948350,Peak,c_blunt,4.527984846645759,dimensionless,LOG10_MULTIPLICATIVE_AROUND_CONTROL_PLUS_DIRECTED_AND_MORPH_ROWS,1.0321594900388746,6.74913788087064,OBSERVED_EVALUATED_POPULATION_EXTREMA_NOT_EXTRAPOLATION_PERMISSION,ACTIVE_SEARCHED_OR_ARCHIVED_MORPH
oneD_v2_peak_R_d2109bdcd0ca68b8,d2109bdcd0ca68b8249351970fc58bb780ae75a54d649767ed7dca5260766819,Peak,Tref_K,481.33,K,FIXED_IN_FOCUSED_SEARCH,481.33,481.33,OBSERVED_EVALUATED_POPULATION_EXTREMA_NOT_EXTRAPOLATION_PERMISSION,FIXED
oneD_v2_peak_R_d2109bdcd0ca68b8,d2109bdcd0ca68b8249351970fc58bb780ae75a54d649767ed7dca5260766819,Peak,cleave_G00_eV,3.547643362802959,eV,LOG10_MULTIPLICATIVE_AROUND_CONTROL_PLUS_DIRECTED_AND_MORPH_ROWS,2.158537859884075,6.930587858964625,OBSERVED_EVALUATED_POPULATION_EXTREMA_NOT_EXTRAPOLATION_PERMISSION,ACTIVE_SEARCHED_OR_ARCHIVED_MORPH
oneD_v2_peak_R_d2109bdcd0ca68b8,d2109bdcd0ca68b8249351970fc58bb780ae75a54d649767ed7dca5260766819,Peak,cleave_gT_eV_per_K,0.01040305625011934,K,SIGNED_ADDITIVE_AROUND_CONTROL_PLUS_DIRECTED_AND_MORPH_ROWS,0.003312415609635283,0.012970688696731588,OBSERVED_EVALUATED_POPULATION_EXTREMA_NOT_EXTRAPOLATION_PERMISSION,ACTIVE_SEARCHED_OR_ARCHIVED_MORPH
oneD_v2_peak_R_d2109bdcd0ca68b8,d2109bdcd0ca68b8249351970fc58bb780ae75a54d649767ed7dca5260766819,Peak,cleave_sigc0_GPa,10.189895593432835,GPa,LOG10_MULTIPLICATIVE_AROUND_CONTROL_PLUS_DIRECTED_AND_MORPH_ROWS,4.435821907903692,12.130342439144458,OBSERVED_EVALUATED_POPULATION_EXTREMA_NOT_EXTRAPOLATION_PERMISSION,ACTIVE_SEARCHED_OR_ARCHIVED_MORPH
oneD_v2_peak_R_d2109bdcd0ca68b8,d2109bdcd0ca68b8249351970fc58bb780ae75a54d649767ed7dca5260766819,Peak,cleave_sT_GPa_per_K,-0.002459814736415368,K,SIGNED_ADDITIVE_AROUND_CONTROL_PLUS_DIRECTED_AND_MORPH_ROWS,-0.002494536918660222,0.0030743426582776,OBSERVED_EVALUATED_POPULATION_EXTREMA_NOT_EXTRAPOLATION_PERMISSION,ACTIVE_SEARCHED_OR_ARCHIVED_MORPH
oneD_v2_peak_R_d2109bdcd0ca68b8,d2109bdcd0ca68b8249351970fc58bb780ae75a54d649767ed7dca5260766819,Peak,cleave_exp_a,0.9340810621900958,dimensionless,LOG10_MULTIPLICATIVE_AROUND_CONTROL_PLUS_DIRECTED_AND_MORPH_ROWS,0.28600664998992803,1.9916372613916957,OBSERVED_EVALUATED_POPULATION_EXTREMA_NOT_EXTRAPOLATION_PERMISSION,ACTIVE_SEARCHED_OR_ARCHIVED_MORPH
oneD_v2_peak_R_d2109bdcd0ca68b8,d2109bdcd0ca68b8249351970fc58bb780ae75a54d649767ed7dca5260766819,Peak,cleave_exp_n,1.2603199734567958,dimensionless,LOG10_MULTIPLICATIVE_AROUND_CONTROL_PLUS_DIRECTED_AND_MORPH_ROWS,0.8332525623017257,1.898974285253466,OBSERVED_EVALUATED_POPULATION_EXTREMA_NOT_EXTRAPOLATION_PERMISSION,ACTIVE_SEARCHED_OR_ARCHIVED_MORPH
oneD_v2_peak_R_d2109bdcd0ca68b8,d2109bdcd0ca68b8249351970fc58bb780ae75a54d649767ed7dca5260766819,Peak,cleave_floor_frac,0.0184513317135146,dimensionless,FIXED_IN_FOCUSED_SEARCH,0.0184513317135146,0.0184513317135146,OBSERVED_EVALUATED_POPULATION_EXTREMA_NOT_EXTRAPOLATION_PERMISSION,FIXED
oneD_v2_peak_R_d2109bdcd0ca68b8,d2109bdcd0ca68b8249351970fc58bb780ae75a54d649767ed7dca5260766819,Peak,emit_G00_eV,1.6457166436534376,eV,LOG10_MULTIPLICATIVE_AROUND_CONTROL_PLUS_DIRECTED_AND_MORPH_ROWS,1.0826039470422504,3.8639869023551268,OBSERVED_EVALUATED_POPULATION_EXTREMA_NOT_EXTRAPOLATION_PERMISSION,ACTIVE_SEARCHED_OR_ARCHIVED_MORPH
oneD_v2_peak_R_d2109bdcd0ca68b8,d2109bdcd0ca68b8249351970fc58bb780ae75a54d649767ed7dca5260766819,Peak,emit_gT_eV_per_K,-0.00031222909675112623,K,SIGNED_ADDITIVE_AROUND_CONTROL_PLUS_DIRECTED_AND_MORPH_ROWS,-0.0009574022223241501,0.0044219962963834,OBSERVED_EVALUATED_POPULATION_EXTREMA_NOT_EXTRAPOLATION_PERMISSION,ACTIVE_SEARCHED_OR_ARCHIVED_MORPH
oneD_v2_peak_R_d2109bdcd0ca68b8,d2109bdcd0ca68b8249351970fc58bb780ae75a54d649767ed7dca5260766819,Peak,emit_sigc0_GPa,6.7930424456876155,GPa,LOG10_MULTIPLICATIVE_AROUND_CONTROL_PLUS_DIRECTED_AND_MORPH_ROWS,2.247086496900811,15.71824802880931,OBSERVED_EVALUATED_POPULATION_EXTREMA_NOT_EXTRAPOLATION_PERMISSION,ACTIVE_SEARCHED_OR_ARCHIVED_MORPH
oneD_v2_peak_R_d2109bdcd0ca68b8,d2109bdcd0ca68b8249351970fc58bb780ae75a54d649767ed7dca5260766819,Peak,emit_sT_GPa_per_K,-0.0002413321001306886,K,SIGNED_ADDITIVE_AROUND_CONTROL_PLUS_DIRECTED_AND_MORPH_ROWS,-0.0029975004065782,0.0056363158663733995,OBSERVED_EVALUATED_POPULATION_EXTREMA_NOT_EXTRAPOLATION_PERMISSION,ACTIVE_SEARCHED_OR_ARCHIVED_MORPH
oneD_v2_peak_R_d2109bdcd0ca68b8,d2109bdcd0ca68b8249351970fc58bb780ae75a54d649767ed7dca5260766819,Peak,emit_exp_a,0.09727104533695317,dimensionless,LOG10_MULTIPLICATIVE_AROUND_CONTROL_PLUS_DIRECTED_AND_MORPH_ROWS,0.05192762374551905,0.3230300085259632,OBSERVED_EVALUATED_POPULATION_EXTREMA_NOT_EXTRAPOLATION_PERMISSION,ACTIVE_SEARCHED_OR_ARCHIVED_MORPH
oneD_v2_peak_R_d2109bdcd0ca68b8,d2109bdcd0ca68b8249351970fc58bb780ae75a54d649767ed7dca5260766819,Peak,emit_exp_n,1.0848007856615667,dimensionless,LOG10_MULTIPLICATIVE_AROUND_CONTROL_PLUS_DIRECTED_AND_MORPH_ROWS,0.690679369076342,1.8957374166701126,OBSERVED_EVALUATED_POPULATION_EXTREMA_NOT_EXTRAPOLATION_PERMISSION,ACTIVE_SEARCHED_OR_ARCHIVED_MORPH
oneD_v2_peak_R_d2109bdcd0ca68b8,d2109bdcd0ca68b8249351970fc58bb780ae75a54d649767ed7dca5260766819,Peak,emit_floor_frac,0.0058420097608974,dimensionless,FIXED_IN_FOCUSED_SEARCH,0.0058420097608974,0.0058420097608974,OBSERVED_EVALUATED_POPULATION_EXTREMA_NOT_EXTRAPOLATION_PERMISSION,FIXED
oneD_v2_peak_R_d2109bdcd0ca68b8,d2109bdcd0ca68b8249351970fc58bb780ae75a54d649767ed7dca5260766819,Peak,peierls_H0_eV,9.520553597814146,eV,LOG10_MULTIPLICATIVE_AROUND_CONTROL_PLUS_DIRECTED_AND_MORPH_ROWS,2.4482735010183783,10.500294453659576,OBSERVED_EVALUATED_POPULATION_EXTREMA_NOT_EXTRAPOLATION_PERMISSION,ACTIVE_SEARCHED_OR_ARCHIVED_MORPH
oneD_v2_peak_R_d2109bdcd0ca68b8,d2109bdcd0ca68b8249351970fc58bb780ae75a54d649767ed7dca5260766819,Peak,peierls_activation_entropy_kB,15.775628184007289,dimensionless,SIGNED_ADDITIVE_AROUND_CONTROL_PLUS_DIRECTED_AND_MORPH_ROWS,-17.76541064493358,24.392096446132353,OBSERVED_EVALUATED_POPULATION_EXTREMA_NOT_EXTRAPOLATION_PERMISSION,ACTIVE_SEARCHED_OR_ARCHIVED_MORPH
oneD_v2_peak_R_d2109bdcd0ca68b8,d2109bdcd0ca68b8249351970fc58bb780ae75a54d649767ed7dca5260766819,Peak,peierls_exp_a,1.9097672308795155,dimensionless,FIXED_IN_FOCUSED_SEARCH,1.9097672308795155,1.9097672308795155,OBSERVED_EVALUATED_POPULATION_EXTREMA_NOT_EXTRAPOLATION_PERMISSION,FIXED
oneD_v2_peak_R_d2109bdcd0ca68b8,d2109bdcd0ca68b8249351970fc58bb780ae75a54d649767ed7dca5260766819,Peak,peierls_exp_n,1.1372957159765065,dimensionless,FIXED_IN_FOCUSED_SEARCH,1.1372957159765065,1.1372957159765065,OBSERVED_EVALUATED_POPULATION_EXTREMA_NOT_EXTRAPOLATION_PERMISSION,FIXED
oneD_v2_peak_R_d2109bdcd0ca68b8,d2109bdcd0ca68b8249351970fc58bb780ae75a54d649767ed7dca5260766819,Peak,peierls_nu0_s,1000000000000.0,s^-1,FIXED_IN_FOCUSED_SEARCH,1000000000000.0,1000000000000.0,OBSERVED_EVALUATED_POPULATION_EXTREMA_NOT_EXTRAPOLATION_PERMISSION,FIXED
oneD_v2_peak_R_d2109bdcd0ca68b8,d2109bdcd0ca68b8249351970fc58bb780ae75a54d649767ed7dca5260766819,Peak,taylor_H0_eV,1.5464247373013822,eV,LOG10_MULTIPLICATIVE_AROUND_CONTROL_PLUS_DIRECTED_AND_MORPH_ROWS,0.4655398591231124,2.8039815100855647,OBSERVED_EVALUATED_POPULATION_EXTREMA_NOT_EXTRAPOLATION_PERMISSION,ACTIVE_SEARCHED_OR_ARCHIVED_MORPH
oneD_v2_peak_R_d2109bdcd0ca68b8,d2109bdcd0ca68b8249351970fc58bb780ae75a54d649767ed7dca5260766819,Peak,taylor_activation_entropy_kB,49.74436759291882,dimensionless,SIGNED_ADDITIVE_AROUND_CONTROL_PLUS_DIRECTED_AND_MORPH_ROWS,6.252417974174023,61.45610039622007,OBSERVED_EVALUATED_POPULATION_EXTREMA_NOT_EXTRAPOLATION_PERMISSION,ACTIVE_SEARCHED_OR_ARCHIVED_MORPH
oneD_v2_peak_R_d2109bdcd0ca68b8,d2109bdcd0ca68b8249351970fc58bb780ae75a54d649767ed7dca5260766819,Peak,taylor_exp_a,0.4561179580539465,dimensionless,FIXED_IN_FOCUSED_SEARCH,0.4561179580539465,0.4561179580539465,OBSERVED_EVALUATED_POPULATION_EXTREMA_NOT_EXTRAPOLATION_PERMISSION,FIXED
oneD_v2_peak_R_d2109bdcd0ca68b8,d2109bdcd0ca68b8249351970fc58bb780ae75a54d649767ed7dca5260766819,Peak,taylor_exp_n,1.2506696581840515,dimensionless,FIXED_IN_FOCUSED_SEARCH,1.2506696581840515,1.2506696581840515,OBSERVED_EVALUATED_POPULATION_EXTREMA_NOT_EXTRAPOLATION_PERMISSION,FIXED
oneD_v2_peak_R_d2109bdcd0ca68b8,d2109bdcd0ca68b8249351970fc58bb780ae75a54d649767ed7dca5260766819,Peak,taylor_nu0_s,100000000000.0,s^-1,FIXED_IN_FOCUSED_SEARCH,100000000000.0,100000000000.0,OBSERVED_EVALUATED_POPULATION_EXTREMA_NOT_EXTRAPOLATION_PERMISSION,FIXED
oneD_v2_peak_R_d2109bdcd0ca68b8,d2109bdcd0ca68b8249351970fc58bb780ae75a54d649767ed7dca5260766819,Peak,rho_source0_m2,7300014029142557.0,m^-2,LOG10_MULTIPLICATIVE_AROUND_CONTROL_PLUS_DIRECTED_AND_MORPH_ROWS,128702407675403.45,4.954223531428774e+16,OBSERVED_EVALUATED_POPULATION_EXTREMA_NOT_EXTRAPOLATION_PERMISSION,ACTIVE_SEARCHED_OR_ARCHIVED_MORPH
oneD_v2_peak_R_d2109bdcd0ca68b8,d2109bdcd0ca68b8249351970fc58bb780ae75a54d649767ed7dca5260766819,Peak,taylor_corr_rho_c_m2,46359709240369.39,m^-2,LOG10_MULTIPLICATIVE_AROUND_CONTROL_PLUS_DIRECTED_AND_MORPH_ROWS,2573873246427.0093,6992843284960853.0,OBSERVED_EVALUATED_POPULATION_EXTREMA_NOT_EXTRAPOLATION_PERMISSION,ACTIVE_SEARCHED_OR_ARCHIVED_MORPH
oneD_v2_peak_R_d2109bdcd0ca68b8,d2109bdcd0ca68b8249351970fc58bb780ae75a54d649767ed7dca5260766819,Peak,taylor_corr_scale,1.4332407849533835,dimensionless,LOG10_MULTIPLICATIVE_AROUND_CONTROL_PLUS_DIRECTED_AND_MORPH_ROWS,0.28306498043350653,2.2858937327020703,OBSERVED_EVALUATED_POPULATION_EXTREMA_NOT_EXTRAPOLATION_PERMISSION,ACTIVE_SEARCHED_OR_ARCHIVED_MORPH
oneD_v2_peak_R_d2109bdcd0ca68b8,d2109bdcd0ca68b8249351970fc58bb780ae75a54d649767ed7dca5260766819,Peak,c_blunt,5.9815819700926465,dimensionless,LOG10_MULTIPLICATIVE_AROUND_CONTROL_PLUS_DIRECTED_AND_MORPH_ROWS,1.0321594900388746,6.74913788087064,OBSERVED_EVALUATED_POPULATION_EXTREMA_NOT_EXTRAPOLATION_PERMISSION,ACTIVE_SEARCHED_OR_ARCHIVED_MORPH
oneD_v2_peak_R_f4c5e5fb2fe43d83,f4c5e5fb2fe43d835d6a5c84f5488eab7eb056c04f6b5f1906a6a777644d0a84,Peak,Tref_K,481.33,K,FIXED_IN_FOCUSED_SEARCH,481.33,481.33,OBSERVED_EVALUATED_POPULATION_EXTREMA_NOT_EXTRAPOLATION_PERMISSION,FIXED
oneD_v2_peak_R_f4c5e5fb2fe43d83,f4c5e5fb2fe43d835d6a5c84f5488eab7eb056c04f6b5f1906a6a777644d0a84,Peak,cleave_G00_eV,5.784672133203624,eV,LOG10_MULTIPLICATIVE_AROUND_CONTROL_PLUS_DIRECTED_AND_MORPH_ROWS,2.158537859884075,6.930587858964625,OBSERVED_EVALUATED_POPULATION_EXTREMA_NOT_EXTRAPOLATION_PERMISSION,ACTIVE_SEARCHED_OR_ARCHIVED_MORPH
oneD_v2_peak_R_f4c5e5fb2fe43d83,f4c5e5fb2fe43d835d6a5c84f5488eab7eb056c04f6b5f1906a6a777644d0a84,Peak,cleave_gT_eV_per_K,0.004757937327012645,K,SIGNED_ADDITIVE_AROUND_CONTROL_PLUS_DIRECTED_AND_MORPH_ROWS,0.003312415609635283,0.012970688696731588,OBSERVED_EVALUATED_POPULATION_EXTREMA_NOT_EXTRAPOLATION_PERMISSION,ACTIVE_SEARCHED_OR_ARCHIVED_MORPH
oneD_v2_peak_R_f4c5e5fb2fe43d83,f4c5e5fb2fe43d835d6a5c84f5488eab7eb056c04f6b5f1906a6a777644d0a84,Peak,cleave_sigc0_GPa,12.04896777365252,GPa,LOG10_MULTIPLICATIVE_AROUND_CONTROL_PLUS_DIRECTED_AND_MORPH_ROWS,4.435821907903692,12.130342439144458,OBSERVED_EVALUATED_POPULATION_EXTREMA_NOT_EXTRAPOLATION_PERMISSION,ACTIVE_SEARCHED_OR_ARCHIVED_MORPH
oneD_v2_peak_R_f4c5e5fb2fe43d83,f4c5e5fb2fe43d835d6a5c84f5488eab7eb056c04f6b5f1906a6a777644d0a84,Peak,cleave_sT_GPa_per_K,-0.0024163029318324293,K,SIGNED_ADDITIVE_AROUND_CONTROL_PLUS_DIRECTED_AND_MORPH_ROWS,-0.002494536918660222,0.0030743426582776,OBSERVED_EVALUATED_POPULATION_EXTREMA_NOT_EXTRAPOLATION_PERMISSION,ACTIVE_SEARCHED_OR_ARCHIVED_MORPH
oneD_v2_peak_R_f4c5e5fb2fe43d83,f4c5e5fb2fe43d835d6a5c84f5488eab7eb056c04f6b5f1906a6a777644d0a84,Peak,cleave_exp_a,1.5279479146508368,dimensionless,LOG10_MULTIPLICATIVE_AROUND_CONTROL_PLUS_DIRECTED_AND_MORPH_ROWS,0.28600664998992803,1.9916372613916957,OBSERVED_EVALUATED_POPULATION_EXTREMA_NOT_EXTRAPOLATION_PERMISSION,ACTIVE_SEARCHED_OR_ARCHIVED_MORPH
oneD_v2_peak_R_f4c5e5fb2fe43d83,f4c5e5fb2fe43d835d6a5c84f5488eab7eb056c04f6b5f1906a6a777644d0a84,Peak,cleave_exp_n,1.7321586406784923,dimensionless,LOG10_MULTIPLICATIVE_AROUND_CONTROL_PLUS_DIRECTED_AND_MORPH_ROWS,0.8332525623017257,1.898974285253466,OBSERVED_EVALUATED_POPULATION_EXTREMA_NOT_EXTRAPOLATION_PERMISSION,ACTIVE_SEARCHED_OR_ARCHIVED_MORPH
oneD_v2_peak_R_f4c5e5fb2fe43d83,f4c5e5fb2fe43d835d6a5c84f5488eab7eb056c04f6b5f1906a6a777644d0a84,Peak,cleave_floor_frac,0.0184513317135146,dimensionless,FIXED_IN_FOCUSED_SEARCH,0.0184513317135146,0.0184513317135146,OBSERVED_EVALUATED_POPULATION_EXTREMA_NOT_EXTRAPOLATION_PERMISSION,FIXED
oneD_v2_peak_R_f4c5e5fb2fe43d83,f4c5e5fb2fe43d835d6a5c84f5488eab7eb056c04f6b5f1906a6a777644d0a84,Peak,emit_G00_eV,1.4386153347717592,eV,LOG10_MULTIPLICATIVE_AROUND_CONTROL_PLUS_DIRECTED_AND_MORPH_ROWS,1.0826039470422504,3.8639869023551268,OBSERVED_EVALUATED_POPULATION_EXTREMA_NOT_EXTRAPOLATION_PERMISSION,ACTIVE_SEARCHED_OR_ARCHIVED_MORPH
oneD_v2_peak_R_f4c5e5fb2fe43d83,f4c5e5fb2fe43d835d6a5c84f5488eab7eb056c04f6b5f1906a6a777644d0a84,Peak,emit_gT_eV_per_K,-0.0007268783103453744,K,SIGNED_ADDITIVE_AROUND_CONTROL_PLUS_DIRECTED_AND_MORPH_ROWS,-0.0009574022223241501,0.0044219962963834,OBSERVED_EVALUATED_POPULATION_EXTREMA_NOT_EXTRAPOLATION_PERMISSION,ACTIVE_SEARCHED_OR_ARCHIVED_MORPH
oneD_v2_peak_R_f4c5e5fb2fe43d83,f4c5e5fb2fe43d835d6a5c84f5488eab7eb056c04f6b5f1906a6a777644d0a84,Peak,emit_sigc0_GPa,3.678148478030077,GPa,LOG10_MULTIPLICATIVE_AROUND_CONTROL_PLUS_DIRECTED_AND_MORPH_ROWS,2.247086496900811,15.71824802880931,OBSERVED_EVALUATED_POPULATION_EXTREMA_NOT_EXTRAPOLATION_PERMISSION,ACTIVE_SEARCHED_OR_ARCHIVED_MORPH
oneD_v2_peak_R_f4c5e5fb2fe43d83,f4c5e5fb2fe43d835d6a5c84f5488eab7eb056c04f6b5f1906a6a777644d0a84,Peak,emit_sT_GPa_per_K,0.0035698300044566655,K,SIGNED_ADDITIVE_AROUND_CONTROL_PLUS_DIRECTED_AND_MORPH_ROWS,-0.0029975004065782,0.0056363158663733995,OBSERVED_EVALUATED_POPULATION_EXTREMA_NOT_EXTRAPOLATION_PERMISSION,ACTIVE_SEARCHED_OR_ARCHIVED_MORPH
oneD_v2_peak_R_f4c5e5fb2fe43d83,f4c5e5fb2fe43d835d6a5c84f5488eab7eb056c04f6b5f1906a6a777644d0a84,Peak,emit_exp_a,0.08019195248153288,dimensionless,LOG10_MULTIPLICATIVE_AROUND_CONTROL_PLUS_DIRECTED_AND_MORPH_ROWS,0.05192762374551905,0.3230300085259632,OBSERVED_EVALUATED_POPULATION_EXTREMA_NOT_EXTRAPOLATION_PERMISSION,ACTIVE_SEARCHED_OR_ARCHIVED_MORPH
oneD_v2_peak_R_f4c5e5fb2fe43d83,f4c5e5fb2fe43d835d6a5c84f5488eab7eb056c04f6b5f1906a6a777644d0a84,Peak,emit_exp_n,0.7295251341750926,dimensionless,LOG10_MULTIPLICATIVE_AROUND_CONTROL_PLUS_DIRECTED_AND_MORPH_ROWS,0.690679369076342,1.8957374166701126,OBSERVED_EVALUATED_POPULATION_EXTREMA_NOT_EXTRAPOLATION_PERMISSION,ACTIVE_SEARCHED_OR_ARCHIVED_MORPH
oneD_v2_peak_R_f4c5e5fb2fe43d83,f4c5e5fb2fe43d835d6a5c84f5488eab7eb056c04f6b5f1906a6a777644d0a84,Peak,emit_floor_frac,0.0058420097608974,dimensionless,FIXED_IN_FOCUSED_SEARCH,0.0058420097608974,0.0058420097608974,OBSERVED_EVALUATED_POPULATION_EXTREMA_NOT_EXTRAPOLATION_PERMISSION,FIXED
oneD_v2_peak_R_f4c5e5fb2fe43d83,f4c5e5fb2fe43d835d6a5c84f5488eab7eb056c04f6b5f1906a6a777644d0a84,Peak,peierls_H0_eV,4.373387163069165,eV,LOG10_MULTIPLICATIVE_AROUND_CONTROL_PLUS_DIRECTED_AND_MORPH_ROWS,2.4482735010183783,10.500294453659576,OBSERVED_EVALUATED_POPULATION_EXTREMA_NOT_EXTRAPOLATION_PERMISSION,ACTIVE_SEARCHED_OR_ARCHIVED_MORPH
oneD_v2_peak_R_f4c5e5fb2fe43d83,f4c5e5fb2fe43d835d6a5c84f5488eab7eb056c04f6b5f1906a6a777644d0a84,Peak,peierls_activation_entropy_kB,22.836857151504972,dimensionless,SIGNED_ADDITIVE_AROUND_CONTROL_PLUS_DIRECTED_AND_MORPH_ROWS,-17.76541064493358,24.392096446132353,OBSERVED_EVALUATED_POPULATION_EXTREMA_NOT_EXTRAPOLATION_PERMISSION,ACTIVE_SEARCHED_OR_ARCHIVED_MORPH
oneD_v2_peak_R_f4c5e5fb2fe43d83,f4c5e5fb2fe43d835d6a5c84f5488eab7eb056c04f6b5f1906a6a777644d0a84,Peak,peierls_exp_a,1.9097672308795155,dimensionless,FIXED_IN_FOCUSED_SEARCH,1.9097672308795155,1.9097672308795155,OBSERVED_EVALUATED_POPULATION_EXTREMA_NOT_EXTRAPOLATION_PERMISSION,FIXED
oneD_v2_peak_R_f4c5e5fb2fe43d83,f4c5e5fb2fe43d835d6a5c84f5488eab7eb056c04f6b5f1906a6a777644d0a84,Peak,peierls_exp_n,1.1372957159765065,dimensionless,FIXED_IN_FOCUSED_SEARCH,1.1372957159765065,1.1372957159765065,OBSERVED_EVALUATED_POPULATION_EXTREMA_NOT_EXTRAPOLATION_PERMISSION,FIXED
oneD_v2_peak_R_f4c5e5fb2fe43d83,f4c5e5fb2fe43d835d6a5c84f5488eab7eb056c04f6b5f1906a6a777644d0a84,Peak,peierls_nu0_s,1000000000000.0,s^-1,FIXED_IN_FOCUSED_SEARCH,1000000000000.0,1000000000000.0,OBSERVED_EVALUATED_POPULATION_EXTREMA_NOT_EXTRAPOLATION_PERMISSION,FIXED
oneD_v2_peak_R_f4c5e5fb2fe43d83,f4c5e5fb2fe43d835d6a5c84f5488eab7eb056c04f6b5f1906a6a777644d0a84,Peak,taylor_H0_eV,1.1377667825848317,eV,LOG10_MULTIPLICATIVE_AROUND_CONTROL_PLUS_DIRECTED_AND_MORPH_ROWS,0.4655398591231124,2.8039815100855647,OBSERVED_EVALUATED_POPULATION_EXTREMA_NOT_EXTRAPOLATION_PERMISSION,ACTIVE_SEARCHED_OR_ARCHIVED_MORPH
oneD_v2_peak_R_f4c5e5fb2fe43d83,f4c5e5fb2fe43d835d6a5c84f5488eab7eb056c04f6b5f1906a6a777644d0a84,Peak,taylor_activation_entropy_kB,18.14508599767631,dimensionless,SIGNED_ADDITIVE_AROUND_CONTROL_PLUS_DIRECTED_AND_MORPH_ROWS,6.252417974174023,61.45610039622007,OBSERVED_EVALUATED_POPULATION_EXTREMA_NOT_EXTRAPOLATION_PERMISSION,ACTIVE_SEARCHED_OR_ARCHIVED_MORPH
oneD_v2_peak_R_f4c5e5fb2fe43d83,f4c5e5fb2fe43d835d6a5c84f5488eab7eb056c04f6b5f1906a6a777644d0a84,Peak,taylor_exp_a,0.4561179580539465,dimensionless,FIXED_IN_FOCUSED_SEARCH,0.4561179580539465,0.4561179580539465,OBSERVED_EVALUATED_POPULATION_EXTREMA_NOT_EXTRAPOLATION_PERMISSION,FIXED
oneD_v2_peak_R_f4c5e5fb2fe43d83,f4c5e5fb2fe43d835d6a5c84f5488eab7eb056c04f6b5f1906a6a777644d0a84,Peak,taylor_exp_n,1.2506696581840515,dimensionless,FIXED_IN_FOCUSED_SEARCH,1.2506696581840515,1.2506696581840515,OBSERVED_EVALUATED_POPULATION_EXTREMA_NOT_EXTRAPOLATION_PERMISSION,FIXED
oneD_v2_peak_R_f4c5e5fb2fe43d83,f4c5e5fb2fe43d835d6a5c84f5488eab7eb056c04f6b5f1906a6a777644d0a84,Peak,taylor_nu0_s,100000000000.0,s^-1,FIXED_IN_FOCUSED_SEARCH,100000000000.0,100000000000.0,OBSERVED_EVALUATED_POPULATION_EXTREMA_NOT_EXTRAPOLATION_PERMISSION,FIXED
oneD_v2_peak_R_f4c5e5fb2fe43d83,f4c5e5fb2fe43d835d6a5c84f5488eab7eb056c04f6b5f1906a6a777644d0a84,Peak,rho_source0_m2,1.595444241037628e+16,m^-2,LOG10_MULTIPLICATIVE_AROUND_CONTROL_PLUS_DIRECTED_AND_MORPH_ROWS,128702407675403.45,4.954223531428774e+16,OBSERVED_EVALUATED_POPULATION_EXTREMA_NOT_EXTRAPOLATION_PERMISSION,ACTIVE_SEARCHED_OR_ARCHIVED_MORPH
oneD_v2_peak_R_f4c5e5fb2fe43d83,f4c5e5fb2fe43d835d6a5c84f5488eab7eb056c04f6b5f1906a6a777644d0a84,Peak,taylor_corr_rho_c_m2,81621033185138.11,m^-2,LOG10_MULTIPLICATIVE_AROUND_CONTROL_PLUS_DIRECTED_AND_MORPH_ROWS,2573873246427.0093,6992843284960853.0,OBSERVED_EVALUATED_POPULATION_EXTREMA_NOT_EXTRAPOLATION_PERMISSION,ACTIVE_SEARCHED_OR_ARCHIVED_MORPH
oneD_v2_peak_R_f4c5e5fb2fe43d83,f4c5e5fb2fe43d835d6a5c84f5488eab7eb056c04f6b5f1906a6a777644d0a84,Peak,taylor_corr_scale,0.8334662528329115,dimensionless,LOG10_MULTIPLICATIVE_AROUND_CONTROL_PLUS_DIRECTED_AND_MORPH_ROWS,0.28306498043350653,2.2858937327020703,OBSERVED_EVALUATED_POPULATION_EXTREMA_NOT_EXTRAPOLATION_PERMISSION,ACTIVE_SEARCHED_OR_ARCHIVED_MORPH
oneD_v2_peak_R_f4c5e5fb2fe43d83,f4c5e5fb2fe43d835d6a5c84f5488eab7eb056c04f6b5f1906a6a777644d0a84,Peak,c_blunt,5.844567042962362,dimensionless,LOG10_MULTIPLICATIVE_AROUND_CONTROL_PLUS_DIRECTED_AND_MORPH_ROWS,1.0321594900388746,6.74913788087064,OBSERVED_EVALUATED_POPULATION_EXTREMA_NOT_EXTRAPOLATION_PERMISSION,ACTIVE_SEARCHED_OR_ARCHIVED_MORPH
v913_zeroD_sobol_0242980,d004ea60768cfb90435d8d10f9badd180e614c0fc23950b24554b5a0b4bbe3a2,Peak,Tref_K,481.33,K,FIXED_IN_FOCUSED_SEARCH,481.33,481.33,OBSERVED_EVALUATED_POPULATION_EXTREMA_NOT_EXTRAPOLATION_PERMISSION,FIXED
v913_zeroD_sobol_0242980,d004ea60768cfb90435d8d10f9badd180e614c0fc23950b24554b5a0b4bbe3a2,Peak,cleave_G00_eV,4.011803912930191,eV,LOG10_MULTIPLICATIVE_AROUND_CONTROL_PLUS_DIRECTED_AND_MORPH_ROWS,2.158537859884075,6.930587858964625,OBSERVED_EVALUATED_POPULATION_EXTREMA_NOT_EXTRAPOLATION_PERMISSION,ACTIVE_SEARCHED_OR_ARCHIVED_MORPH
v913_zeroD_sobol_0242980,d004ea60768cfb90435d8d10f9badd180e614c0fc23950b24554b5a0b4bbe3a2,Peak,cleave_gT_eV_per_K,0.0081468212408944,K,SIGNED_ADDITIVE_AROUND_CONTROL_PLUS_DIRECTED_AND_MORPH_ROWS,0.003312415609635283,0.012970688696731588,OBSERVED_EVALUATED_POPULATION_EXTREMA_NOT_EXTRAPOLATION_PERMISSION,ACTIVE_SEARCHED_OR_ARCHIVED_MORPH
v913_zeroD_sobol_0242980,d004ea60768cfb90435d8d10f9badd180e614c0fc23950b24554b5a0b4bbe3a2,Peak,cleave_sigc0_GPa,7.349638969637454,GPa,LOG10_MULTIPLICATIVE_AROUND_CONTROL_PLUS_DIRECTED_AND_MORPH_ROWS,4.435821907903692,12.130342439144458,OBSERVED_EVALUATED_POPULATION_EXTREMA_NOT_EXTRAPOLATION_PERMISSION,ACTIVE_SEARCHED_OR_ARCHIVED_MORPH
v913_zeroD_sobol_0242980,d004ea60768cfb90435d8d10f9badd180e614c0fc23950b24554b5a0b4bbe3a2,Peak,cleave_sT_GPa_per_K,-0.0012099820682778,K,SIGNED_ADDITIVE_AROUND_CONTROL_PLUS_DIRECTED_AND_MORPH_ROWS,-0.002494536918660222,0.0030743426582776,OBSERVED_EVALUATED_POPULATION_EXTREMA_NOT_EXTRAPOLATION_PERMISSION,ACTIVE_SEARCHED_OR_ARCHIVED_MORPH
v913_zeroD_sobol_0242980,d004ea60768cfb90435d8d10f9badd180e614c0fc23950b24554b5a0b4bbe3a2,Peak,cleave_exp_a,1.3227705595549195,dimensionless,LOG10_MULTIPLICATIVE_AROUND_CONTROL_PLUS_DIRECTED_AND_MORPH_ROWS,0.28600664998992803,1.9916372613916957,OBSERVED_EVALUATED_POPULATION_EXTREMA_NOT_EXTRAPOLATION_PERMISSION,ACTIVE_SEARCHED_OR_ARCHIVED_MORPH
v913_zeroD_sobol_0242980,d004ea60768cfb90435d8d10f9badd180e614c0fc23950b24554b5a0b4bbe3a2,Peak,cleave_exp_n,1.2558047282509506,dimensionless,LOG10_MULTIPLICATIVE_AROUND_CONTROL_PLUS_DIRECTED_AND_MORPH_ROWS,0.8332525623017257,1.898974285253466,OBSERVED_EVALUATED_POPULATION_EXTREMA_NOT_EXTRAPOLATION_PERMISSION,ACTIVE_SEARCHED_OR_ARCHIVED_MORPH
v913_zeroD_sobol_0242980,d004ea60768cfb90435d8d10f9badd180e614c0fc23950b24554b5a0b4bbe3a2,Peak,cleave_floor_frac,0.0184513317135146,dimensionless,FIXED_IN_FOCUSED_SEARCH,0.0184513317135146,0.0184513317135146,OBSERVED_EVALUATED_POPULATION_EXTREMA_NOT_EXTRAPOLATION_PERMISSION,FIXED
v913_zeroD_sobol_0242980,d004ea60768cfb90435d8d10f9badd180e614c0fc23950b24554b5a0b4bbe3a2,Peak,emit_G00_eV,2.0446315124630927,eV,LOG10_MULTIPLICATIVE_AROUND_CONTROL_PLUS_DIRECTED_AND_MORPH_ROWS,1.0826039470422504,3.8639869023551268,OBSERVED_EVALUATED_POPULATION_EXTREMA_NOT_EXTRAPOLATION_PERMISSION,ACTIVE_SEARCHED_OR_ARCHIVED_MORPH
v913_zeroD_sobol_0242980,d004ea60768cfb90435d8d10f9badd180e614c0fc23950b24554b5a0b4bbe3a2,Peak,emit_gT_eV_per_K,0.000941995373927,K,SIGNED_ADDITIVE_AROUND_CONTROL_PLUS_DIRECTED_AND_MORPH_ROWS,-0.0009574022223241501,0.0044219962963834,OBSERVED_EVALUATED_POPULATION_EXTREMA_NOT_EXTRAPOLATION_PERMISSION,ACTIVE_SEARCHED_OR_ARCHIVED_MORPH
v913_zeroD_sobol_0242980,d004ea60768cfb90435d8d10f9badd180e614c0fc23950b24554b5a0b4bbe3a2,Peak,emit_sigc0_GPa,7.205215461552143,GPa,LOG10_MULTIPLICATIVE_AROUND_CONTROL_PLUS_DIRECTED_AND_MORPH_ROWS,2.247086496900811,15.71824802880931,OBSERVED_EVALUATED_POPULATION_EXTREMA_NOT_EXTRAPOLATION_PERMISSION,ACTIVE_SEARCHED_OR_ARCHIVED_MORPH
v913_zeroD_sobol_0242980,d004ea60768cfb90435d8d10f9badd180e614c0fc23950b24554b5a0b4bbe3a2,Peak,emit_sT_GPa_per_K,0.0013325903080403,K,SIGNED_ADDITIVE_AROUND_CONTROL_PLUS_DIRECTED_AND_MORPH_ROWS,-0.0029975004065782,0.0056363158663733995,OBSERVED_EVALUATED_POPULATION_EXTREMA_NOT_EXTRAPOLATION_PERMISSION,ACTIVE_SEARCHED_OR_ARCHIVED_MORPH
v913_zeroD_sobol_0242980,d004ea60768cfb90435d8d10f9badd180e614c0fc23950b24554b5a0b4bbe3a2,Peak,emit_exp_a,0.0858719444833695,dimensionless,LOG10_MULTIPLICATIVE_AROUND_CONTROL_PLUS_DIRECTED_AND_MORPH_ROWS,0.05192762374551905,0.3230300085259632,OBSERVED_EVALUATED_POPULATION_EXTREMA_NOT_EXTRAPOLATION_PERMISSION,ACTIVE_SEARCHED_OR_ARCHIVED_MORPH
v913_zeroD_sobol_0242980,d004ea60768cfb90435d8d10f9badd180e614c0fc23950b24554b5a0b4bbe3a2,Peak,emit_exp_n,1.1423492641188204,dimensionless,LOG10_MULTIPLICATIVE_AROUND_CONTROL_PLUS_DIRECTED_AND_MORPH_ROWS,0.690679369076342,1.8957374166701126,OBSERVED_EVALUATED_POPULATION_EXTREMA_NOT_EXTRAPOLATION_PERMISSION,ACTIVE_SEARCHED_OR_ARCHIVED_MORPH
v913_zeroD_sobol_0242980,d004ea60768cfb90435d8d10f9badd180e614c0fc23950b24554b5a0b4bbe3a2,Peak,emit_floor_frac,0.0058420097608974,dimensionless,FIXED_IN_FOCUSED_SEARCH,0.0058420097608974,0.0058420097608974,OBSERVED_EVALUATED_POPULATION_EXTREMA_NOT_EXTRAPOLATION_PERMISSION,FIXED
v913_zeroD_sobol_0242980,d004ea60768cfb90435d8d10f9badd180e614c0fc23950b24554b5a0b4bbe3a2,Peak,peierls_H0_eV,6.368386985268444,eV,LOG10_MULTIPLICATIVE_AROUND_CONTROL_PLUS_DIRECTED_AND_MORPH_ROWS,2.4482735010183783,10.500294453659576,OBSERVED_EVALUATED_POPULATION_EXTREMA_NOT_EXTRAPOLATION_PERMISSION,ACTIVE_SEARCHED_OR_ARCHIVED_MORPH
v913_zeroD_sobol_0242980,d004ea60768cfb90435d8d10f9badd180e614c0fc23950b24554b5a0b4bbe3a2,Peak,peierls_activation_entropy_kB,12.2265643812716,dimensionless,SIGNED_ADDITIVE_AROUND_CONTROL_PLUS_DIRECTED_AND_MORPH_ROWS,-17.76541064493358,24.392096446132353,OBSERVED_EVALUATED_POPULATION_EXTREMA_NOT_EXTRAPOLATION_PERMISSION,ACTIVE_SEARCHED_OR_ARCHIVED_MORPH
v913_zeroD_sobol_0242980,d004ea60768cfb90435d8d10f9badd180e614c0fc23950b24554b5a0b4bbe3a2,Peak,peierls_exp_a,1.9097672308795155,dimensionless,FIXED_IN_FOCUSED_SEARCH,1.9097672308795155,1.9097672308795155,OBSERVED_EVALUATED_POPULATION_EXTREMA_NOT_EXTRAPOLATION_PERMISSION,FIXED
v913_zeroD_sobol_0242980,d004ea60768cfb90435d8d10f9badd180e614c0fc23950b24554b5a0b4bbe3a2,Peak,peierls_exp_n,1.1372957159765065,dimensionless,FIXED_IN_FOCUSED_SEARCH,1.1372957159765065,1.1372957159765065,OBSERVED_EVALUATED_POPULATION_EXTREMA_NOT_EXTRAPOLATION_PERMISSION,FIXED
v913_zeroD_sobol_0242980,d004ea60768cfb90435d8d10f9badd180e614c0fc23950b24554b5a0b4bbe3a2,Peak,peierls_nu0_s,1000000000000.0,s^-1,FIXED_IN_FOCUSED_SEARCH,1000000000000.0,1000000000000.0,OBSERVED_EVALUATED_POPULATION_EXTREMA_NOT_EXTRAPOLATION_PERMISSION,FIXED
v913_zeroD_sobol_0242980,d004ea60768cfb90435d8d10f9badd180e614c0fc23950b24554b5a0b4bbe3a2,Peak,taylor_H0_eV,1.6986502355337143,eV,LOG10_MULTIPLICATIVE_AROUND_CONTROL_PLUS_DIRECTED_AND_MORPH_ROWS,0.4655398591231124,2.8039815100855647,OBSERVED_EVALUATED_POPULATION_EXTREMA_NOT_EXTRAPOLATION_PERMISSION,ACTIVE_SEARCHED_OR_ARCHIVED_MORPH
v913_zeroD_sobol_0242980,d004ea60768cfb90435d8d10f9badd180e614c0fc23950b24554b5a0b4bbe3a2,Peak,taylor_activation_entropy_kB,38.45378890633583,dimensionless,SIGNED_ADDITIVE_AROUND_CONTROL_PLUS_DIRECTED_AND_MORPH_ROWS,6.252417974174023,61.45610039622007,OBSERVED_EVALUATED_POPULATION_EXTREMA_NOT_EXTRAPOLATION_PERMISSION,ACTIVE_SEARCHED_OR_ARCHIVED_MORPH
v913_zeroD_sobol_0242980,d004ea60768cfb90435d8d10f9badd180e614c0fc23950b24554b5a0b4bbe3a2,Peak,taylor_exp_a,0.4561179580539465,dimensionless,FIXED_IN_FOCUSED_SEARCH,0.4561179580539465,0.4561179580539465,OBSERVED_EVALUATED_POPULATION_EXTREMA_NOT_EXTRAPOLATION_PERMISSION,FIXED
v913_zeroD_sobol_0242980,d004ea60768cfb90435d8d10f9badd180e614c0fc23950b24554b5a0b4bbe3a2,Peak,taylor_exp_n,1.2506696581840515,dimensionless,FIXED_IN_FOCUSED_SEARCH,1.2506696581840515,1.2506696581840515,OBSERVED_EVALUATED_POPULATION_EXTREMA_NOT_EXTRAPOLATION_PERMISSION,FIXED
v913_zeroD_sobol_0242980,d004ea60768cfb90435d8d10f9badd180e614c0fc23950b24554b5a0b4bbe3a2,Peak,taylor_nu0_s,100000000000.0,s^-1,FIXED_IN_FOCUSED_SEARCH,100000000000.0,100000000000.0,OBSERVED_EVALUATED_POPULATION_EXTREMA_NOT_EXTRAPOLATION_PERMISSION,FIXED
v913_zeroD_sobol_0242980,d004ea60768cfb90435d8d10f9badd180e614c0fc23950b24554b5a0b4bbe3a2,Peak,rho_source0_m2,1.4102520844479966e+16,m^-2,LOG10_MULTIPLICATIVE_AROUND_CONTROL_PLUS_DIRECTED_AND_MORPH_ROWS,128702407675403.45,4.954223531428774e+16,OBSERVED_EVALUATED_POPULATION_EXTREMA_NOT_EXTRAPOLATION_PERMISSION,ACTIVE_SEARCHED_OR_ARCHIVED_MORPH
v913_zeroD_sobol_0242980,d004ea60768cfb90435d8d10f9badd180e614c0fc23950b24554b5a0b4bbe3a2,Peak,taylor_corr_rho_c_m2,58780073970578.01,m^-2,LOG10_MULTIPLICATIVE_AROUND_CONTROL_PLUS_DIRECTED_AND_MORPH_ROWS,2573873246427.0093,6992843284960853.0,OBSERVED_EVALUATED_POPULATION_EXTREMA_NOT_EXTRAPOLATION_PERMISSION,ACTIVE_SEARCHED_OR_ARCHIVED_MORPH
v913_zeroD_sobol_0242980,d004ea60768cfb90435d8d10f9badd180e614c0fc23950b24554b5a0b4bbe3a2,Peak,taylor_corr_scale,0.8638954413677038,dimensionless,LOG10_MULTIPLICATIVE_AROUND_CONTROL_PLUS_DIRECTED_AND_MORPH_ROWS,0.28306498043350653,2.2858937327020703,OBSERVED_EVALUATED_POPULATION_EXTREMA_NOT_EXTRAPOLATION_PERMISSION,ACTIVE_SEARCHED_OR_ARCHIVED_MORPH
v913_zeroD_sobol_0242980,d004ea60768cfb90435d8d10f9badd180e614c0fc23950b24554b5a0b4bbe3a2,Peak,c_blunt,2.687256144359708,dimensionless,LOG10_MULTIPLICATIVE_AROUND_CONTROL_PLUS_DIRECTED_AND_MORPH_ROWS,1.0321594900388746,6.74913788087064,OBSERVED_EVALUATED_POPULATION_EXTREMA_NOT_EXTRAPOLATION_PERMISSION,ACTIVE_SEARCHED_OR_ARCHIVED_MORPH
oneD_v2_focused_ceramic_like_0018,b1a1dc60d8c6fd62eb3b74c364fb3e42b00d7e8c19b3b9c2ec3059fff3ad7bd2,ceramic-like,Tref_K,481.33,K,FIXED_IN_RECOVERED_POPULATION,481.33,481.33,OBSERVED_EVALUATED_POPULATION_EXTREMA_NOT_EXTRAPOLATION_PERMISSION,FIXED
oneD_v2_focused_ceramic_like_0018,b1a1dc60d8c6fd62eb3b74c364fb3e42b00d7e8c19b3b9c2ec3059fff3ad7bd2,ceramic-like,cleave_G00_eV,3.2732801118100374,eV,PRIOR_SEARCH_TRANSFORM_NOT_SERIALIZED;EMPIRICAL_RANGE_RECORDED,1.1613941742107272,7.0779780057831845,OBSERVED_EVALUATED_POPULATION_EXTREMA_NOT_EXTRAPOLATION_PERMISSION,ACTIVE_SEARCHED_OR_ARCHIVED_MORPH
oneD_v2_focused_ceramic_like_0018,b1a1dc60d8c6fd62eb3b74c364fb3e42b00d7e8c19b3b9c2ec3059fff3ad7bd2,ceramic-like,cleave_gT_eV_per_K,0.0085807287728085,K,PRIOR_SEARCH_TRANSFORM_NOT_SERIALIZED;EMPIRICAL_RANGE_RECORDED,0.0005332994232885,0.017305200225596503,OBSERVED_EVALUATED_POPULATION_EXTREMA_NOT_EXTRAPOLATION_PERMISSION,ACTIVE_SEARCHED_OR_ARCHIVED_MORPH
oneD_v2_focused_ceramic_like_0018,b1a1dc60d8c6fd62eb3b74c364fb3e42b00d7e8c19b3b9c2ec3059fff3ad7bd2,ceramic-like,cleave_sigc0_GPa,4.664693699713819,GPa,PRIOR_SEARCH_TRANSFORM_NOT_SERIALIZED;EMPIRICAL_RANGE_RECORDED,2.3285622997472024,8.779793698331908,OBSERVED_EVALUATED_POPULATION_EXTREMA_NOT_EXTRAPOLATION_PERMISSION,ACTIVE_SEARCHED_OR_ARCHIVED_MORPH
oneD_v2_focused_ceramic_like_0018,b1a1dc60d8c6fd62eb3b74c364fb3e42b00d7e8c19b3b9c2ec3059fff3ad7bd2,ceramic-like,cleave_sT_GPa_per_K,-0.0020771049444415,K,PRIOR_SEARCH_TRANSFORM_NOT_SERIALIZED;EMPIRICAL_RANGE_RECORDED,-0.004340660799620141,0.007358667384833,OBSERVED_EVALUATED_POPULATION_EXTREMA_NOT_EXTRAPOLATION_PERMISSION,ACTIVE_SEARCHED_OR_ARCHIVED_MORPH
oneD_v2_focused_ceramic_like_0018,b1a1dc60d8c6fd62eb3b74c364fb3e42b00d7e8c19b3b9c2ec3059fff3ad7bd2,ceramic-like,cleave_exp_a,1.075855059626184,dimensionless,PRIOR_SEARCH_TRANSFORM_NOT_SERIALIZED;EMPIRICAL_RANGE_RECORDED,0.0618397523649036,2.5445902769382496,OBSERVED_EVALUATED_POPULATION_EXTREMA_NOT_EXTRAPOLATION_PERMISSION,ACTIVE_SEARCHED_OR_ARCHIVED_MORPH
oneD_v2_focused_ceramic_like_0018,b1a1dc60d8c6fd62eb3b74c364fb3e42b00d7e8c19b3b9c2ec3059fff3ad7bd2,ceramic-like,cleave_exp_n,1.081801056664378,dimensionless,PRIOR_SEARCH_TRANSFORM_NOT_SERIALIZED;EMPIRICAL_RANGE_RECORDED,0.5528804096393287,2.63327748933807,OBSERVED_EVALUATED_POPULATION_EXTREMA_NOT_EXTRAPOLATION_PERMISSION,ACTIVE_SEARCHED_OR_ARCHIVED_MORPH
oneD_v2_focused_ceramic_like_0018,b1a1dc60d8c6fd62eb3b74c364fb3e42b00d7e8c19b3b9c2ec3059fff3ad7bd2,ceramic-like,cleave_floor_frac,0.0229905830425804,dimensionless,PRIOR_SEARCH_TRANSFORM_NOT_SERIALIZED;EMPIRICAL_RANGE_RECORDED,0.0019271603769193,0.1966510411308111,OBSERVED_EVALUATED_POPULATION_EXTREMA_NOT_EXTRAPOLATION_PERMISSION,ACTIVE_SEARCHED_OR_ARCHIVED_MORPH
oneD_v2_focused_ceramic_like_0018,b1a1dc60d8c6fd62eb3b74c364fb3e42b00d7e8c19b3b9c2ec3059fff3ad7bd2,ceramic-like,emit_G00_eV,3.190912311769754,eV,PRIOR_SEARCH_TRANSFORM_NOT_SERIALIZED;EMPIRICAL_RANGE_RECORDED,1.3044412567732726,6.156296217056183,OBSERVED_EVALUATED_POPULATION_EXTREMA_NOT_EXTRAPOLATION_PERMISSION,ACTIVE_SEARCHED_OR_ARCHIVED_MORPH
oneD_v2_focused_ceramic_like_0018,b1a1dc60d8c6fd62eb3b74c364fb3e42b00d7e8c19b3b9c2ec3059fff3ad7bd2,ceramic-like,emit_gT_eV_per_K,-0.0024371969176853,K,PRIOR_SEARCH_TRANSFORM_NOT_SERIALIZED;EMPIRICAL_RANGE_RECORDED,-0.006287880726649812,0.0079019972188398,OBSERVED_EVALUATED_POPULATION_EXTREMA_NOT_EXTRAPOLATION_PERMISSION,ACTIVE_SEARCHED_OR_ARCHIVED_MORPH
oneD_v2_focused_ceramic_like_0018,b1a1dc60d8c6fd62eb3b74c364fb3e42b00d7e8c19b3b9c2ec3059fff3ad7bd2,ceramic-like,emit_sigc0_GPa,8.737523906696637,GPa,PRIOR_SEARCH_TRANSFORM_NOT_SERIALIZED;EMPIRICAL_RANGE_RECORDED,0.7007976029999554,19.987692852133044,OBSERVED_EVALUATED_POPULATION_EXTREMA_NOT_EXTRAPOLATION_PERMISSION,ACTIVE_SEARCHED_OR_ARCHIVED_MORPH
oneD_v2_focused_ceramic_like_0018,b1a1dc60d8c6fd62eb3b74c364fb3e42b00d7e8c19b3b9c2ec3059fff3ad7bd2,ceramic-like,emit_sT_GPa_per_K,0.0040231639214142,K,PRIOR_SEARCH_TRANSFORM_NOT_SERIALIZED;EMPIRICAL_RANGE_RECORDED,-0.0073275911211967,0.02169844223095842,OBSERVED_EVALUATED_POPULATION_EXTREMA_NOT_EXTRAPOLATION_PERMISSION,ACTIVE_SEARCHED_OR_ARCHIVED_MORPH
oneD_v2_focused_ceramic_like_0018,b1a1dc60d8c6fd62eb3b74c364fb3e42b00d7e8c19b3b9c2ec3059fff3ad7bd2,ceramic-like,emit_exp_a,0.4336954653273704,dimensionless,PRIOR_SEARCH_TRANSFORM_NOT_SERIALIZED;EMPIRICAL_RANGE_RECORDED,0.0765673027653247,1.21516272906214,OBSERVED_EVALUATED_POPULATION_EXTREMA_NOT_EXTRAPOLATION_PERMISSION,ACTIVE_SEARCHED_OR_ARCHIVED_MORPH
oneD_v2_focused_ceramic_like_0018,b1a1dc60d8c6fd62eb3b74c364fb3e42b00d7e8c19b3b9c2ec3059fff3ad7bd2,ceramic-like,emit_exp_n,0.7408434090700092,dimensionless,PRIOR_SEARCH_TRANSFORM_NOT_SERIALIZED;EMPIRICAL_RANGE_RECORDED,0.4132984722752073,2.404178873915225,OBSERVED_EVALUATED_POPULATION_EXTREMA_NOT_EXTRAPOLATION_PERMISSION,ACTIVE_SEARCHED_OR_ARCHIVED_MORPH
oneD_v2_focused_ceramic_like_0018,b1a1dc60d8c6fd62eb3b74c364fb3e42b00d7e8c19b3b9c2ec3059fff3ad7bd2,ceramic-like,emit_floor_frac,0.0083827769047892,dimensionless,PRIOR_SEARCH_TRANSFORM_NOT_SERIALIZED;EMPIRICAL_RANGE_RECORDED,0.001963405800003,0.1925852665942847,OBSERVED_EVALUATED_POPULATION_EXTREMA_NOT_EXTRAPOLATION_PERMISSION,ACTIVE_SEARCHED_OR_ARCHIVED_MORPH
oneD_v2_focused_ceramic_like_0018,b1a1dc60d8c6fd62eb3b74c364fb3e42b00d7e8c19b3b9c2ec3059fff3ad7bd2,ceramic-like,peierls_H0_eV,6.584887684187858,eV,PRIOR_SEARCH_TRANSFORM_NOT_SERIALIZED;EMPIRICAL_RANGE_RECORDED,0.941218419931829,13.003289933374909,OBSERVED_EVALUATED_POPULATION_EXTREMA_NOT_EXTRAPOLATION_PERMISSION,ACTIVE_SEARCHED_OR_ARCHIVED_MORPH
oneD_v2_focused_ceramic_like_0018,b1a1dc60d8c6fd62eb3b74c364fb3e42b00d7e8c19b3b9c2ec3059fff3ad7bd2,ceramic-like,peierls_activation_entropy_kB,-5.126529938628602,dimensionless,PRIOR_SEARCH_TRANSFORM_NOT_SERIALIZED;EMPIRICAL_RANGE_RECORDED,-84.7110473268413,16.830181423574686,OBSERVED_EVALUATED_POPULATION_EXTREMA_NOT_EXTRAPOLATION_PERMISSION,ACTIVE_SEARCHED_OR_ARCHIVED_MORPH
oneD_v2_focused_ceramic_like_0018,b1a1dc60d8c6fd62eb3b74c364fb3e42b00d7e8c19b3b9c2ec3059fff3ad7bd2,ceramic-like,peierls_exp_a,1.4448536720126868,dimensionless,PRIOR_SEARCH_TRANSFORM_NOT_SERIALIZED;EMPIRICAL_RANGE_RECORDED,0.2264547564554959,1.9146125694736835,OBSERVED_EVALUATED_POPULATION_EXTREMA_NOT_EXTRAPOLATION_PERMISSION,ACTIVE_SEARCHED_OR_ARCHIVED_MORPH
oneD_v2_focused_ceramic_like_0018,b1a1dc60d8c6fd62eb3b74c364fb3e42b00d7e8c19b3b9c2ec3059fff3ad7bd2,ceramic-like,peierls_exp_n,0.79892413970083,dimensionless,PRIOR_SEARCH_TRANSFORM_NOT_SERIALIZED;EMPIRICAL_RANGE_RECORDED,0.5681562009267509,2.5466286113951355,OBSERVED_EVALUATED_POPULATION_EXTREMA_NOT_EXTRAPOLATION_PERMISSION,ACTIVE_SEARCHED_OR_ARCHIVED_MORPH
oneD_v2_focused_ceramic_like_0018,b1a1dc60d8c6fd62eb3b74c364fb3e42b00d7e8c19b3b9c2ec3059fff3ad7bd2,ceramic-like,peierls_nu0_s,1000000000000.0,s^-1,FIXED_IN_RECOVERED_POPULATION,1000000000000.0,1000000000000.0,OBSERVED_EVALUATED_POPULATION_EXTREMA_NOT_EXTRAPOLATION_PERMISSION,FIXED
oneD_v2_focused_ceramic_like_0018,b1a1dc60d8c6fd62eb3b74c364fb3e42b00d7e8c19b3b9c2ec3059fff3ad7bd2,ceramic-like,taylor_H0_eV,1.1080059874159442,eV,PRIOR_SEARCH_TRANSFORM_NOT_SERIALIZED;EMPIRICAL_RANGE_RECORDED,0.1275879848003387,3.2621826685033737,OBSERVED_EVALUATED_POPULATION_EXTREMA_NOT_EXTRAPOLATION_PERMISSION,ACTIVE_SEARCHED_OR_ARCHIVED_MORPH
oneD_v2_focused_ceramic_like_0018,b1a1dc60d8c6fd62eb3b74c364fb3e42b00d7e8c19b3b9c2ec3059fff3ad7bd2,ceramic-like,taylor_activation_entropy_kB,-9.27664504429909,dimensionless,PRIOR_SEARCH_TRANSFORM_NOT_SERIALIZED;EMPIRICAL_RANGE_RECORDED,-50.860998454221054,39.933723136782646,OBSERVED_EVALUATED_POPULATION_EXTREMA_NOT_EXTRAPOLATION_PERMISSION,ACTIVE_SEARCHED_OR_ARCHIVED_MORPH
oneD_v2_focused_ceramic_like_0018,b1a1dc60d8c6fd62eb3b74c364fb3e42b00d7e8c19b3b9c2ec3059fff3ad7bd2,ceramic-like,taylor_exp_a,0.74570251586847,dimensionless,PRIOR_SEARCH_TRANSFORM_NOT_SERIALIZED;EMPIRICAL_RANGE_RECORDED,0.0402470866590738,1.055419295541942,OBSERVED_EVALUATED_POPULATION_EXTREMA_NOT_EXTRAPOLATION_PERMISSION,ACTIVE_SEARCHED_OR_ARCHIVED_MORPH
oneD_v2_focused_ceramic_like_0018,b1a1dc60d8c6fd62eb3b74c364fb3e42b00d7e8c19b3b9c2ec3059fff3ad7bd2,ceramic-like,taylor_exp_n,2.2320069298148155,dimensionless,PRIOR_SEARCH_TRANSFORM_NOT_SERIALIZED;EMPIRICAL_RANGE_RECORDED,0.5389550719410181,2.441455863416195,OBSERVED_EVALUATED_POPULATION_EXTREMA_NOT_EXTRAPOLATION_PERMISSION,ACTIVE_SEARCHED_OR_ARCHIVED_MORPH
oneD_v2_focused_ceramic_like_0018,b1a1dc60d8c6fd62eb3b74c364fb3e42b00d7e8c19b3b9c2ec3059fff3ad7bd2,ceramic-like,taylor_nu0_s,100000000000.0,s^-1,FIXED_IN_RECOVERED_POPULATION,100000000000.0,100000000000.0,OBSERVED_EVALUATED_POPULATION_EXTREMA_NOT_EXTRAPOLATION_PERMISSION,FIXED
oneD_v2_focused_ceramic_like_0018,b1a1dc60d8c6fd62eb3b74c364fb3e42b00d7e8c19b3b9c2ec3059fff3ad7bd2,ceramic-like,rho_source0_m2,2.873857196519663e+16,m^-2,PRIOR_SEARCH_TRANSFORM_NOT_SERIALIZED;EMPIRICAL_RANGE_RECORDED,204012112642.52756,7.411536373796822e+16,OBSERVED_EVALUATED_POPULATION_EXTREMA_NOT_EXTRAPOLATION_PERMISSION,ACTIVE_SEARCHED_OR_ARCHIVED_MORPH
oneD_v2_focused_ceramic_like_0018,b1a1dc60d8c6fd62eb3b74c364fb3e42b00d7e8c19b3b9c2ec3059fff3ad7bd2,ceramic-like,taylor_corr_rho_c_m2,1.2481557292822467e+17,m^-2,PRIOR_SEARCH_TRANSFORM_NOT_SERIALIZED;EMPIRICAL_RANGE_RECORDED,112705259472.60164,8.319121413916371e+17,OBSERVED_EVALUATED_POPULATION_EXTREMA_NOT_EXTRAPOLATION_PERMISSION,ACTIVE_SEARCHED_OR_ARCHIVED_MORPH
oneD_v2_focused_ceramic_like_0018,b1a1dc60d8c6fd62eb3b74c364fb3e42b00d7e8c19b3b9c2ec3059fff3ad7bd2,ceramic-like,taylor_corr_scale,1.8463973059218013,dimensionless,PRIOR_SEARCH_TRANSFORM_NOT_SERIALIZED;EMPIRICAL_RANGE_RECORDED,0.0927493991876699,6.048544658291038,OBSERVED_EVALUATED_POPULATION_EXTREMA_NOT_EXTRAPOLATION_PERMISSION,ACTIVE_SEARCHED_OR_ARCHIVED_MORPH
oneD_v2_focused_ceramic_like_0018,b1a1dc60d8c6fd62eb3b74c364fb3e42b00d7e8c19b3b9c2ec3059fff3ad7bd2,ceramic-like,c_blunt,0.4627569415458887,dimensionless,PRIOR_SEARCH_TRANSFORM_NOT_SERIALIZED;EMPIRICAL_RANGE_RECORDED,0.12800287729529478,2.929164256900549,OBSERVED_EVALUATED_POPULATION_EXTREMA_NOT_EXTRAPOLATION_PERMISSION,ACTIVE_SEARCHED_OR_ARCHIVED_MORPH
oneD_v2_terminal_ceramic_like_0004,a3b729c8733643b03a1cc72b8abec9d6b3f43595826524c4eed7a823ed4eb5af,ceramic-like,Tref_K,481.33,K,FIXED_IN_RECOVERED_POPULATION,481.33,481.33,OBSERVED_EVALUATED_POPULATION_EXTREMA_NOT_EXTRAPOLATION_PERMISSION,FIXED
oneD_v2_terminal_ceramic_like_0004,a3b729c8733643b03a1cc72b8abec9d6b3f43595826524c4eed7a823ed4eb5af,ceramic-like,cleave_G00_eV,2.2255737292885707,eV,PRIOR_SEARCH_TRANSFORM_NOT_SERIALIZED;EMPIRICAL_RANGE_RECORDED,1.1613941742107272,7.0779780057831845,OBSERVED_EVALUATED_POPULATION_EXTREMA_NOT_EXTRAPOLATION_PERMISSION,ACTIVE_SEARCHED_OR_ARCHIVED_MORPH
oneD_v2_terminal_ceramic_like_0004,a3b729c8733643b03a1cc72b8abec9d6b3f43595826524c4eed7a823ed4eb5af,ceramic-like,cleave_gT_eV_per_K,0.01322718040822771,K,PRIOR_SEARCH_TRANSFORM_NOT_SERIALIZED;EMPIRICAL_RANGE_RECORDED,0.0005332994232885,0.017305200225596503,OBSERVED_EVALUATED_POPULATION_EXTREMA_NOT_EXTRAPOLATION_PERMISSION,ACTIVE_SEARCHED_OR_ARCHIVED_MORPH
oneD_v2_terminal_ceramic_like_0004,a3b729c8733643b03a1cc72b8abec9d6b3f43595826524c4eed7a823ed4eb5af,ceramic-like,cleave_sigc0_GPa,3.2525370008708827,GPa,PRIOR_SEARCH_TRANSFORM_NOT_SERIALIZED;EMPIRICAL_RANGE_RECORDED,2.3285622997472024,8.779793698331908,OBSERVED_EVALUATED_POPULATION_EXTREMA_NOT_EXTRAPOLATION_PERMISSION,ACTIVE_SEARCHED_OR_ARCHIVED_MORPH
oneD_v2_terminal_ceramic_like_0004,a3b729c8733643b03a1cc72b8abec9d6b3f43595826524c4eed7a823ed4eb5af,ceramic-like,cleave_sT_GPa_per_K,-0.0013913161611545175,K,PRIOR_SEARCH_TRANSFORM_NOT_SERIALIZED;EMPIRICAL_RANGE_RECORDED,-0.004340660799620141,0.007358667384833,OBSERVED_EVALUATED_POPULATION_EXTREMA_NOT_EXTRAPOLATION_PERMISSION,ACTIVE_SEARCHED_OR_ARCHIVED_MORPH
oneD_v2_terminal_ceramic_like_0004,a3b729c8733643b03a1cc72b8abec9d6b3f43595826524c4eed7a823ed4eb5af,ceramic-like,cleave_exp_a,2.163705655578973,dimensionless,PRIOR_SEARCH_TRANSFORM_NOT_SERIALIZED;EMPIRICAL_RANGE_RECORDED,0.0618397523649036,2.5445902769382496,OBSERVED_EVALUATED_POPULATION_EXTREMA_NOT_EXTRAPOLATION_PERMISSION,ACTIVE_SEARCHED_OR_ARCHIVED_MORPH
oneD_v2_terminal_ceramic_like_0004,a3b729c8733643b03a1cc72b8abec9d6b3f43595826524c4eed7a823ed4eb5af,ceramic-like,cleave_exp_n,0.9793617250388408,dimensionless,PRIOR_SEARCH_TRANSFORM_NOT_SERIALIZED;EMPIRICAL_RANGE_RECORDED,0.5528804096393287,2.63327748933807,OBSERVED_EVALUATED_POPULATION_EXTREMA_NOT_EXTRAPOLATION_PERMISSION,ACTIVE_SEARCHED_OR_ARCHIVED_MORPH
oneD_v2_terminal_ceramic_like_0004,a3b729c8733643b03a1cc72b8abec9d6b3f43595826524c4eed7a823ed4eb5af,ceramic-like,cleave_floor_frac,0.0436070518879531,dimensionless,PRIOR_SEARCH_TRANSFORM_NOT_SERIALIZED;EMPIRICAL_RANGE_RECORDED,0.0019271603769193,0.1966510411308111,OBSERVED_EVALUATED_POPULATION_EXTREMA_NOT_EXTRAPOLATION_PERMISSION,ACTIVE_SEARCHED_OR_ARCHIVED_MORPH
oneD_v2_terminal_ceramic_like_0004,a3b729c8733643b03a1cc72b8abec9d6b3f43595826524c4eed7a823ed4eb5af,ceramic-like,emit_G00_eV,5.783437066293335,eV,PRIOR_SEARCH_TRANSFORM_NOT_SERIALIZED;EMPIRICAL_RANGE_RECORDED,1.3044412567732726,6.156296217056183,OBSERVED_EVALUATED_POPULATION_EXTREMA_NOT_EXTRAPOLATION_PERMISSION,ACTIVE_SEARCHED_OR_ARCHIVED_MORPH
oneD_v2_terminal_ceramic_like_0004,a3b729c8733643b03a1cc72b8abec9d6b3f43595826524c4eed7a823ed4eb5af,ceramic-like,emit_gT_eV_per_K,-0.0028792926295544054,K,PRIOR_SEARCH_TRANSFORM_NOT_SERIALIZED;EMPIRICAL_RANGE_RECORDED,-0.006287880726649812,0.0079019972188398,OBSERVED_EVALUATED_POPULATION_EXTREMA_NOT_EXTRAPOLATION_PERMISSION,ACTIVE_SEARCHED_OR_ARCHIVED_MORPH
oneD_v2_terminal_ceramic_like_0004,a3b729c8733643b03a1cc72b8abec9d6b3f43595826524c4eed7a823ed4eb5af,ceramic-like,emit_sigc0_GPa,16.410402177462576,GPa,PRIOR_SEARCH_TRANSFORM_NOT_SERIALIZED;EMPIRICAL_RANGE_RECORDED,0.7007976029999554,19.987692852133044,OBSERVED_EVALUATED_POPULATION_EXTREMA_NOT_EXTRAPOLATION_PERMISSION,ACTIVE_SEARCHED_OR_ARCHIVED_MORPH
oneD_v2_terminal_ceramic_like_0004,a3b729c8733643b03a1cc72b8abec9d6b3f43595826524c4eed7a823ed4eb5af,ceramic-like,emit_sT_GPa_per_K,0.015124056466573551,K,PRIOR_SEARCH_TRANSFORM_NOT_SERIALIZED;EMPIRICAL_RANGE_RECORDED,-0.0073275911211967,0.02169844223095842,OBSERVED_EVALUATED_POPULATION_EXTREMA_NOT_EXTRAPOLATION_PERMISSION,ACTIVE_SEARCHED_OR_ARCHIVED_MORPH
oneD_v2_terminal_ceramic_like_0004,a3b729c8733643b03a1cc72b8abec9d6b3f43595826524c4eed7a823ed4eb5af,ceramic-like,emit_exp_a,0.33211953900716,dimensionless,PRIOR_SEARCH_TRANSFORM_NOT_SERIALIZED;EMPIRICAL_RANGE_RECORDED,0.0765673027653247,1.21516272906214,OBSERVED_EVALUATED_POPULATION_EXTREMA_NOT_EXTRAPOLATION_PERMISSION,ACTIVE_SEARCHED_OR_ARCHIVED_MORPH
oneD_v2_terminal_ceramic_like_0004,a3b729c8733643b03a1cc72b8abec9d6b3f43595826524c4eed7a823ed4eb5af,ceramic-like,emit_exp_n,0.8118218552456304,dimensionless,PRIOR_SEARCH_TRANSFORM_NOT_SERIALIZED;EMPIRICAL_RANGE_RECORDED,0.4132984722752073,2.404178873915225,OBSERVED_EVALUATED_POPULATION_EXTREMA_NOT_EXTRAPOLATION_PERMISSION,ACTIVE_SEARCHED_OR_ARCHIVED_MORPH
oneD_v2_terminal_ceramic_like_0004,a3b729c8733643b03a1cc72b8abec9d6b3f43595826524c4eed7a823ed4eb5af,ceramic-like,emit_floor_frac,0.0228240380649044,dimensionless,PRIOR_SEARCH_TRANSFORM_NOT_SERIALIZED;EMPIRICAL_RANGE_RECORDED,0.001963405800003,0.1925852665942847,OBSERVED_EVALUATED_POPULATION_EXTREMA_NOT_EXTRAPOLATION_PERMISSION,ACTIVE_SEARCHED_OR_ARCHIVED_MORPH
oneD_v2_terminal_ceramic_like_0004,a3b729c8733643b03a1cc72b8abec9d6b3f43595826524c4eed7a823ed4eb5af,ceramic-like,peierls_H0_eV,8.035264584819801,eV,PRIOR_SEARCH_TRANSFORM_NOT_SERIALIZED;EMPIRICAL_RANGE_RECORDED,0.941218419931829,13.003289933374909,OBSERVED_EVALUATED_POPULATION_EXTREMA_NOT_EXTRAPOLATION_PERMISSION,ACTIVE_SEARCHED_OR_ARCHIVED_MORPH
oneD_v2_terminal_ceramic_like_0004,a3b729c8733643b03a1cc72b8abec9d6b3f43595826524c4eed7a823ed4eb5af,ceramic-like,peierls_activation_entropy_kB,-57.351541893328545,dimensionless,PRIOR_SEARCH_TRANSFORM_NOT_SERIALIZED;EMPIRICAL_RANGE_RECORDED,-84.7110473268413,16.830181423574686,OBSERVED_EVALUATED_POPULATION_EXTREMA_NOT_EXTRAPOLATION_PERMISSION,ACTIVE_SEARCHED_OR_ARCHIVED_MORPH
oneD_v2_terminal_ceramic_like_0004,a3b729c8733643b03a1cc72b8abec9d6b3f43595826524c4eed7a823ed4eb5af,ceramic-like,peierls_exp_a,1.178178071556613,dimensionless,PRIOR_SEARCH_TRANSFORM_NOT_SERIALIZED;EMPIRICAL_RANGE_RECORDED,0.2264547564554959,1.9146125694736835,OBSERVED_EVALUATED_POPULATION_EXTREMA_NOT_EXTRAPOLATION_PERMISSION,ACTIVE_SEARCHED_OR_ARCHIVED_MORPH
oneD_v2_terminal_ceramic_like_0004,a3b729c8733643b03a1cc72b8abec9d6b3f43595826524c4eed7a823ed4eb5af,ceramic-like,peierls_exp_n,1.0056940987706184,dimensionless,PRIOR_SEARCH_TRANSFORM_NOT_SERIALIZED;EMPIRICAL_RANGE_RECORDED,0.5681562009267509,2.5466286113951355,OBSERVED_EVALUATED_POPULATION_EXTREMA_NOT_EXTRAPOLATION_PERMISSION,ACTIVE_SEARCHED_OR_ARCHIVED_MORPH
oneD_v2_terminal_ceramic_like_0004,a3b729c8733643b03a1cc72b8abec9d6b3f43595826524c4eed7a823ed4eb5af,ceramic-like,peierls_nu0_s,1000000000000.0,s^-1,FIXED_IN_RECOVERED_POPULATION,1000000000000.0,1000000000000.0,OBSERVED_EVALUATED_POPULATION_EXTREMA_NOT_EXTRAPOLATION_PERMISSION,FIXED
oneD_v2_terminal_ceramic_like_0004,a3b729c8733643b03a1cc72b8abec9d6b3f43595826524c4eed7a823ed4eb5af,ceramic-like,taylor_H0_eV,0.976694842368948,eV,PRIOR_SEARCH_TRANSFORM_NOT_SERIALIZED;EMPIRICAL_RANGE_RECORDED,0.1275879848003387,3.2621826685033737,OBSERVED_EVALUATED_POPULATION_EXTREMA_NOT_EXTRAPOLATION_PERMISSION,ACTIVE_SEARCHED_OR_ARCHIVED_MORPH
oneD_v2_terminal_ceramic_like_0004,a3b729c8733643b03a1cc72b8abec9d6b3f43595826524c4eed7a823ed4eb5af,ceramic-like,taylor_activation_entropy_kB,-44.36882860551798,dimensionless,PRIOR_SEARCH_TRANSFORM_NOT_SERIALIZED;EMPIRICAL_RANGE_RECORDED,-50.860998454221054,39.933723136782646,OBSERVED_EVALUATED_POPULATION_EXTREMA_NOT_EXTRAPOLATION_PERMISSION,ACTIVE_SEARCHED_OR_ARCHIVED_MORPH
oneD_v2_terminal_ceramic_like_0004,a3b729c8733643b03a1cc72b8abec9d6b3f43595826524c4eed7a823ed4eb5af,ceramic-like,taylor_exp_a,1.0212089663371444,dimensionless,PRIOR_SEARCH_TRANSFORM_NOT_SERIALIZED;EMPIRICAL_RANGE_RECORDED,0.0402470866590738,1.055419295541942,OBSERVED_EVALUATED_POPULATION_EXTREMA_NOT_EXTRAPOLATION_PERMISSION,ACTIVE_SEARCHED_OR_ARCHIVED_MORPH
oneD_v2_terminal_ceramic_like_0004,a3b729c8733643b03a1cc72b8abec9d6b3f43595826524c4eed7a823ed4eb5af,ceramic-like,taylor_exp_n,0.599093577126041,dimensionless,PRIOR_SEARCH_TRANSFORM_NOT_SERIALIZED;EMPIRICAL_RANGE_RECORDED,0.5389550719410181,2.441455863416195,OBSERVED_EVALUATED_POPULATION_EXTREMA_NOT_EXTRAPOLATION_PERMISSION,ACTIVE_SEARCHED_OR_ARCHIVED_MORPH
oneD_v2_terminal_ceramic_like_0004,a3b729c8733643b03a1cc72b8abec9d6b3f43595826524c4eed7a823ed4eb5af,ceramic-like,taylor_nu0_s,100000000000.0,s^-1,FIXED_IN_RECOVERED_POPULATION,100000000000.0,100000000000.0,OBSERVED_EVALUATED_POPULATION_EXTREMA_NOT_EXTRAPOLATION_PERMISSION,FIXED
oneD_v2_terminal_ceramic_like_0004,a3b729c8733643b03a1cc72b8abec9d6b3f43595826524c4eed7a823ed4eb5af,ceramic-like,rho_source0_m2,824413589807.0903,m^-2,PRIOR_SEARCH_TRANSFORM_NOT_SERIALIZED;EMPIRICAL_RANGE_RECORDED,204012112642.52756,7.411536373796822e+16,OBSERVED_EVALUATED_POPULATION_EXTREMA_NOT_EXTRAPOLATION_PERMISSION,ACTIVE_SEARCHED_OR_ARCHIVED_MORPH
oneD_v2_terminal_ceramic_like_0004,a3b729c8733643b03a1cc72b8abec9d6b3f43595826524c4eed7a823ed4eb5af,ceramic-like,taylor_corr_rho_c_m2,3.825234241942724e+16,m^-2,PRIOR_SEARCH_TRANSFORM_NOT_SERIALIZED;EMPIRICAL_RANGE_RECORDED,112705259472.60164,8.319121413916371e+17,OBSERVED_EVALUATED_POPULATION_EXTREMA_NOT_EXTRAPOLATION_PERMISSION,ACTIVE_SEARCHED_OR_ARCHIVED_MORPH
oneD_v2_terminal_ceramic_like_0004,a3b729c8733643b03a1cc72b8abec9d6b3f43595826524c4eed7a823ed4eb5af,ceramic-like,taylor_corr_scale,1.27778044713998,dimensionless,PRIOR_SEARCH_TRANSFORM_NOT_SERIALIZED;EMPIRICAL_RANGE_RECORDED,0.0927493991876699,6.048544658291038,OBSERVED_EVALUATED_POPULATION_EXTREMA_NOT_EXTRAPOLATION_PERMISSION,ACTIVE_SEARCHED_OR_ARCHIVED_MORPH
oneD_v2_terminal_ceramic_like_0004,a3b729c8733643b03a1cc72b8abec9d6b3f43595826524c4eed7a823ed4eb5af,ceramic-like,c_blunt,0.24674620697223018,dimensionless,PRIOR_SEARCH_TRANSFORM_NOT_SERIALIZED;EMPIRICAL_RANGE_RECORDED,0.12800287729529478,2.929164256900549,OBSERVED_EVALUATED_POPULATION_EXTREMA_NOT_EXTRAPOLATION_PERMISSION,ACTIVE_SEARCHED_OR_ARCHIVED_MORPH
oneD_v2_terminal_ceramic_like_0006,c752cdd8cf528956a6f758d0122606864d5de06a674b48048d99206635e8b242,ceramic-like,Tref_K,481.33,K,FIXED_IN_RECOVERED_POPULATION,481.33,481.33,OBSERVED_EVALUATED_POPULATION_EXTREMA_NOT_EXTRAPOLATION_PERMISSION,FIXED
oneD_v2_terminal_ceramic_like_0006,c752cdd8cf528956a6f758d0122606864d5de06a674b48048d99206635e8b242,ceramic-like,cleave_G00_eV,7.017625235718626,eV,PRIOR_SEARCH_TRANSFORM_NOT_SERIALIZED;EMPIRICAL_RANGE_RECORDED,1.1613941742107272,7.0779780057831845,OBSERVED_EVALUATED_POPULATION_EXTREMA_NOT_EXTRAPOLATION_PERMISSION,ACTIVE_SEARCHED_OR_ARCHIVED_MORPH
oneD_v2_terminal_ceramic_like_0006,c752cdd8cf528956a6f758d0122606864d5de06a674b48048d99206635e8b242,ceramic-like,cleave_gT_eV_per_K,0.010636103712944975,K,PRIOR_SEARCH_TRANSFORM_NOT_SERIALIZED;EMPIRICAL_RANGE_RECORDED,0.0005332994232885,0.017305200225596503,OBSERVED_EVALUATED_POPULATION_EXTREMA_NOT_EXTRAPOLATION_PERMISSION,ACTIVE_SEARCHED_OR_ARCHIVED_MORPH
oneD_v2_terminal_ceramic_like_0006,c752cdd8cf528956a6f758d0122606864d5de06a674b48048d99206635e8b242,ceramic-like,cleave_sigc0_GPa,2.605175203095224,GPa,PRIOR_SEARCH_TRANSFORM_NOT_SERIALIZED;EMPIRICAL_RANGE_RECORDED,2.3285622997472024,8.779793698331908,OBSERVED_EVALUATED_POPULATION_EXTREMA_NOT_EXTRAPOLATION_PERMISSION,ACTIVE_SEARCHED_OR_ARCHIVED_MORPH
oneD_v2_terminal_ceramic_like_0006,c752cdd8cf528956a6f758d0122606864d5de06a674b48048d99206635e8b242,ceramic-like,cleave_sT_GPa_per_K,-0.0018936444290873534,K,PRIOR_SEARCH_TRANSFORM_NOT_SERIALIZED;EMPIRICAL_RANGE_RECORDED,-0.004340660799620141,0.007358667384833,OBSERVED_EVALUATED_POPULATION_EXTREMA_NOT_EXTRAPOLATION_PERMISSION,ACTIVE_SEARCHED_OR_ARCHIVED_MORPH
oneD_v2_terminal_ceramic_like_0006,c752cdd8cf528956a6f758d0122606864d5de06a674b48048d99206635e8b242,ceramic-like,cleave_exp_a,0.9904565748507402,dimensionless,PRIOR_SEARCH_TRANSFORM_NOT_SERIALIZED;EMPIRICAL_RANGE_RECORDED,0.0618397523649036,2.5445902769382496,OBSERVED_EVALUATED_POPULATION_EXTREMA_NOT_EXTRAPOLATION_PERMISSION,ACTIVE_SEARCHED_OR_ARCHIVED_MORPH
oneD_v2_terminal_ceramic_like_0006,c752cdd8cf528956a6f758d0122606864d5de06a674b48048d99206635e8b242,ceramic-like,cleave_exp_n,1.3973238227070535,dimensionless,PRIOR_SEARCH_TRANSFORM_NOT_SERIALIZED;EMPIRICAL_RANGE_RECORDED,0.5528804096393287,2.63327748933807,OBSERVED_EVALUATED_POPULATION_EXTREMA_NOT_EXTRAPOLATION_PERMISSION,ACTIVE_SEARCHED_OR_ARCHIVED_MORPH
oneD_v2_terminal_ceramic_like_0006,c752cdd8cf528956a6f758d0122606864d5de06a674b48048d99206635e8b242,ceramic-like,cleave_floor_frac,0.0436070518879531,dimensionless,PRIOR_SEARCH_TRANSFORM_NOT_SERIALIZED;EMPIRICAL_RANGE_RECORDED,0.0019271603769193,0.1966510411308111,OBSERVED_EVALUATED_POPULATION_EXTREMA_NOT_EXTRAPOLATION_PERMISSION,ACTIVE_SEARCHED_OR_ARCHIVED_MORPH
oneD_v2_terminal_ceramic_like_0006,c752cdd8cf528956a6f758d0122606864d5de06a674b48048d99206635e8b242,ceramic-like,emit_G00_eV,3.932911544673566,eV,PRIOR_SEARCH_TRANSFORM_NOT_SERIALIZED;EMPIRICAL_RANGE_RECORDED,1.3044412567732726,6.156296217056183,OBSERVED_EVALUATED_POPULATION_EXTREMA_NOT_EXTRAPOLATION_PERMISSION,ACTIVE_SEARCHED_OR_ARCHIVED_MORPH
oneD_v2_terminal_ceramic_like_0006,c752cdd8cf528956a6f758d0122606864d5de06a674b48048d99206635e8b242,ceramic-like,emit_gT_eV_per_K,-0.002273531981783761,K,PRIOR_SEARCH_TRANSFORM_NOT_SERIALIZED;EMPIRICAL_RANGE_RECORDED,-0.006287880726649812,0.0079019972188398,OBSERVED_EVALUATED_POPULATION_EXTREMA_NOT_EXTRAPOLATION_PERMISSION,ACTIVE_SEARCHED_OR_ARCHIVED_MORPH
oneD_v2_terminal_ceramic_like_0006,c752cdd8cf528956a6f758d0122606864d5de06a674b48048d99206635e8b242,ceramic-like,emit_sigc0_GPa,5.728038839559781,GPa,PRIOR_SEARCH_TRANSFORM_NOT_SERIALIZED;EMPIRICAL_RANGE_RECORDED,0.7007976029999554,19.987692852133044,OBSERVED_EVALUATED_POPULATION_EXTREMA_NOT_EXTRAPOLATION_PERMISSION,ACTIVE_SEARCHED_OR_ARCHIVED_MORPH
oneD_v2_terminal_ceramic_like_0006,c752cdd8cf528956a6f758d0122606864d5de06a674b48048d99206635e8b242,ceramic-like,emit_sT_GPa_per_K,0.005453009829483624,K,PRIOR_SEARCH_TRANSFORM_NOT_SERIALIZED;EMPIRICAL_RANGE_RECORDED,-0.0073275911211967,0.02169844223095842,OBSERVED_EVALUATED_POPULATION_EXTREMA_NOT_EXTRAPOLATION_PERMISSION,ACTIVE_SEARCHED_OR_ARCHIVED_MORPH
oneD_v2_terminal_ceramic_like_0006,c752cdd8cf528956a6f758d0122606864d5de06a674b48048d99206635e8b242,ceramic-like,emit_exp_a,0.4536524312271113,dimensionless,PRIOR_SEARCH_TRANSFORM_NOT_SERIALIZED;EMPIRICAL_RANGE_RECORDED,0.0765673027653247,1.21516272906214,OBSERVED_EVALUATED_POPULATION_EXTREMA_NOT_EXTRAPOLATION_PERMISSION,ACTIVE_SEARCHED_OR_ARCHIVED_MORPH
oneD_v2_terminal_ceramic_like_0006,c752cdd8cf528956a6f758d0122606864d5de06a674b48048d99206635e8b242,ceramic-like,emit_exp_n,0.4486968198490796,dimensionless,PRIOR_SEARCH_TRANSFORM_NOT_SERIALIZED;EMPIRICAL_RANGE_RECORDED,0.4132984722752073,2.404178873915225,OBSERVED_EVALUATED_POPULATION_EXTREMA_NOT_EXTRAPOLATION_PERMISSION,ACTIVE_SEARCHED_OR_ARCHIVED_MORPH
oneD_v2_terminal_ceramic_like_0006,c752cdd8cf528956a6f758d0122606864d5de06a674b48048d99206635e8b242,ceramic-like,emit_floor_frac,0.0228240380649044,dimensionless,PRIOR_SEARCH_TRANSFORM_NOT_SERIALIZED;EMPIRICAL_RANGE_RECORDED,0.001963405800003,0.1925852665942847,OBSERVED_EVALUATED_POPULATION_EXTREMA_NOT_EXTRAPOLATION_PERMISSION,ACTIVE_SEARCHED_OR_ARCHIVED_MORPH
oneD_v2_terminal_ceramic_like_0006,c752cdd8cf528956a6f758d0122606864d5de06a674b48048d99206635e8b242,ceramic-like,peierls_H0_eV,9.898397261013285,eV,PRIOR_SEARCH_TRANSFORM_NOT_SERIALIZED;EMPIRICAL_RANGE_RECORDED,0.941218419931829,13.003289933374909,OBSERVED_EVALUATED_POPULATION_EXTREMA_NOT_EXTRAPOLATION_PERMISSION,ACTIVE_SEARCHED_OR_ARCHIVED_MORPH
oneD_v2_terminal_ceramic_like_0006,c752cdd8cf528956a6f758d0122606864d5de06a674b48048d99206635e8b242,ceramic-like,peierls_activation_entropy_kB,-71.61563547198435,dimensionless,PRIOR_SEARCH_TRANSFORM_NOT_SERIALIZED;EMPIRICAL_RANGE_RECORDED,-84.7110473268413,16.830181423574686,OBSERVED_EVALUATED_POPULATION_EXTREMA_NOT_EXTRAPOLATION_PERMISSION,ACTIVE_SEARCHED_OR_ARCHIVED_MORPH
oneD_v2_terminal_ceramic_like_0006,c752cdd8cf528956a6f758d0122606864d5de06a674b48048d99206635e8b242,ceramic-like,peierls_exp_a,1.178178071556613,dimensionless,PRIOR_SEARCH_TRANSFORM_NOT_SERIALIZED;EMPIRICAL_RANGE_RECORDED,0.2264547564554959,1.9146125694736835,OBSERVED_EVALUATED_POPULATION_EXTREMA_NOT_EXTRAPOLATION_PERMISSION,ACTIVE_SEARCHED_OR_ARCHIVED_MORPH
oneD_v2_terminal_ceramic_like_0006,c752cdd8cf528956a6f758d0122606864d5de06a674b48048d99206635e8b242,ceramic-like,peierls_exp_n,1.0056940987706184,dimensionless,PRIOR_SEARCH_TRANSFORM_NOT_SERIALIZED;EMPIRICAL_RANGE_RECORDED,0.5681562009267509,2.5466286113951355,OBSERVED_EVALUATED_POPULATION_EXTREMA_NOT_EXTRAPOLATION_PERMISSION,ACTIVE_SEARCHED_OR_ARCHIVED_MORPH
oneD_v2_terminal_ceramic_like_0006,c752cdd8cf528956a6f758d0122606864d5de06a674b48048d99206635e8b242,ceramic-like,peierls_nu0_s,1000000000000.0,s^-1,FIXED_IN_RECOVERED_POPULATION,1000000000000.0,1000000000000.0,OBSERVED_EVALUATED_POPULATION_EXTREMA_NOT_EXTRAPOLATION_PERMISSION,FIXED
oneD_v2_terminal_ceramic_like_0006,c752cdd8cf528956a6f758d0122606864d5de06a674b48048d99206635e8b242,ceramic-like,taylor_H0_eV,0.6074404947475033,eV,PRIOR_SEARCH_TRANSFORM_NOT_SERIALIZED;EMPIRICAL_RANGE_RECORDED,0.1275879848003387,3.2621826685033737,OBSERVED_EVALUATED_POPULATION_EXTREMA_NOT_EXTRAPOLATION_PERMISSION,ACTIVE_SEARCHED_OR_ARCHIVED_MORPH
oneD_v2_terminal_ceramic_like_0006,c752cdd8cf528956a6f758d0122606864d5de06a674b48048d99206635e8b242,ceramic-like,taylor_activation_entropy_kB,-32.46163542174343,dimensionless,PRIOR_SEARCH_TRANSFORM_NOT_SERIALIZED;EMPIRICAL_RANGE_RECORDED,-50.860998454221054,39.933723136782646,OBSERVED_EVALUATED_POPULATION_EXTREMA_NOT_EXTRAPOLATION_PERMISSION,ACTIVE_SEARCHED_OR_ARCHIVED_MORPH
oneD_v2_terminal_ceramic_like_0006,c752cdd8cf528956a6f758d0122606864d5de06a674b48048d99206635e8b242,ceramic-like,taylor_exp_a,1.0212089663371444,dimensionless,PRIOR_SEARCH_TRANSFORM_NOT_SERIALIZED;EMPIRICAL_RANGE_RECORDED,0.0402470866590738,1.055419295541942,OBSERVED_EVALUATED_POPULATION_EXTREMA_NOT_EXTRAPOLATION_PERMISSION,ACTIVE_SEARCHED_OR_ARCHIVED_MORPH
oneD_v2_terminal_ceramic_like_0006,c752cdd8cf528956a6f758d0122606864d5de06a674b48048d99206635e8b242,ceramic-like,taylor_exp_n,0.599093577126041,dimensionless,PRIOR_SEARCH_TRANSFORM_NOT_SERIALIZED;EMPIRICAL_RANGE_RECORDED,0.5389550719410181,2.441455863416195,OBSERVED_EVALUATED_POPULATION_EXTREMA_NOT_EXTRAPOLATION_PERMISSION,ACTIVE_SEARCHED_OR_ARCHIVED_MORPH
oneD_v2_terminal_ceramic_like_0006,c752cdd8cf528956a6f758d0122606864d5de06a674b48048d99206635e8b242,ceramic-like,taylor_nu0_s,100000000000.0,s^-1,FIXED_IN_RECOVERED_POPULATION,100000000000.0,100000000000.0,OBSERVED_EVALUATED_POPULATION_EXTREMA_NOT_EXTRAPOLATION_PERMISSION,FIXED
oneD_v2_terminal_ceramic_like_0006,c752cdd8cf528956a6f758d0122606864d5de06a674b48048d99206635e8b242,ceramic-like,rho_source0_m2,1199906086160.7114,m^-2,PRIOR_SEARCH_TRANSFORM_NOT_SERIALIZED;EMPIRICAL_RANGE_RECORDED,204012112642.52756,7.411536373796822e+16,OBSERVED_EVALUATED_POPULATION_EXTREMA_NOT_EXTRAPOLATION_PERMISSION,ACTIVE_SEARCHED_OR_ARCHIVED_MORPH
oneD_v2_terminal_ceramic_like_0006,c752cdd8cf528956a6f758d0122606864d5de06a674b48048d99206635e8b242,ceramic-like,taylor_corr_rho_c_m2,1.233100235845886e+16,m^-2,PRIOR_SEARCH_TRANSFORM_NOT_SERIALIZED;EMPIRICAL_RANGE_RECORDED,112705259472.60164,8.319121413916371e+17,OBSERVED_EVALUATED_POPULATION_EXTREMA_NOT_EXTRAPOLATION_PERMISSION,ACTIVE_SEARCHED_OR_ARCHIVED_MORPH
oneD_v2_terminal_ceramic_like_0006,c752cdd8cf528956a6f758d0122606864d5de06a674b48048d99206635e8b242,ceramic-like,taylor_corr_scale,2.315531942365695,dimensionless,PRIOR_SEARCH_TRANSFORM_NOT_SERIALIZED;EMPIRICAL_RANGE_RECORDED,0.0927493991876699,6.048544658291038,OBSERVED_EVALUATED_POPULATION_EXTREMA_NOT_EXTRAPOLATION_PERMISSION,ACTIVE_SEARCHED_OR_ARCHIVED_MORPH
oneD_v2_terminal_ceramic_like_0006,c752cdd8cf528956a6f758d0122606864d5de06a674b48048d99206635e8b242,ceramic-like,c_blunt,0.19027228314669814,dimensionless,PRIOR_SEARCH_TRANSFORM_NOT_SERIALIZED;EMPIRICAL_RANGE_RECORDED,0.12800287729529478,2.929164256900549,OBSERVED_EVALUATED_POPULATION_EXTREMA_NOT_EXTRAPOLATION_PERMISSION,ACTIVE_SEARCHED_OR_ARCHIVED_MORPH
oneD_v2_terminal_ceramic_like_0011,0de7efc0d6d9b59f1bda3c69b0bdb10b4e0d657c1976fa106426085b5dbd5dc9,ceramic-like,Tref_K,481.33,K,FIXED_IN_RECOVERED_POPULATION,481.33,481.33,OBSERVED_EVALUATED_POPULATION_EXTREMA_NOT_EXTRAPOLATION_PERMISSION,FIXED
oneD_v2_terminal_ceramic_like_0011,0de7efc0d6d9b59f1bda3c69b0bdb10b4e0d657c1976fa106426085b5dbd5dc9,ceramic-like,cleave_G00_eV,2.449813694262976,eV,PRIOR_SEARCH_TRANSFORM_NOT_SERIALIZED;EMPIRICAL_RANGE_RECORDED,1.1613941742107272,7.0779780057831845,OBSERVED_EVALUATED_POPULATION_EXTREMA_NOT_EXTRAPOLATION_PERMISSION,ACTIVE_SEARCHED_OR_ARCHIVED_MORPH
oneD_v2_terminal_ceramic_like_0011,0de7efc0d6d9b59f1bda3c69b0bdb10b4e0d657c1976fa106426085b5dbd5dc9,ceramic-like,cleave_gT_eV_per_K,0.0052457187532258835,K,PRIOR_SEARCH_TRANSFORM_NOT_SERIALIZED;EMPIRICAL_RANGE_RECORDED,0.0005332994232885,0.017305200225596503,OBSERVED_EVALUATED_POPULATION_EXTREMA_NOT_EXTRAPOLATION_PERMISSION,ACTIVE_SEARCHED_OR_ARCHIVED_MORPH
oneD_v2_terminal_ceramic_like_0011,0de7efc0d6d9b59f1bda3c69b0bdb10b4e0d657c1976fa106426085b5dbd5dc9,ceramic-like,cleave_sigc0_GPa,8.166792234870849,GPa,PRIOR_SEARCH_TRANSFORM_NOT_SERIALIZED;EMPIRICAL_RANGE_RECORDED,2.3285622997472024,8.779793698331908,OBSERVED_EVALUATED_POPULATION_EXTREMA_NOT_EXTRAPOLATION_PERMISSION,ACTIVE_SEARCHED_OR_ARCHIVED_MORPH
oneD_v2_terminal_ceramic_like_0011,0de7efc0d6d9b59f1bda3c69b0bdb10b4e0d657c1976fa106426085b5dbd5dc9,ceramic-like,cleave_sT_GPa_per_K,-0.0017223117702207117,K,PRIOR_SEARCH_TRANSFORM_NOT_SERIALIZED;EMPIRICAL_RANGE_RECORDED,-0.004340660799620141,0.007358667384833,OBSERVED_EVALUATED_POPULATION_EXTREMA_NOT_EXTRAPOLATION_PERMISSION,ACTIVE_SEARCHED_OR_ARCHIVED_MORPH
oneD_v2_terminal_ceramic_like_0011,0de7efc0d6d9b59f1bda3c69b0bdb10b4e0d657c1976fa106426085b5dbd5dc9,ceramic-like,cleave_exp_a,1.1048790968608833,dimensionless,PRIOR_SEARCH_TRANSFORM_NOT_SERIALIZED;EMPIRICAL_RANGE_RECORDED,0.0618397523649036,2.5445902769382496,OBSERVED_EVALUATED_POPULATION_EXTREMA_NOT_EXTRAPOLATION_PERMISSION,ACTIVE_SEARCHED_OR_ARCHIVED_MORPH
oneD_v2_terminal_ceramic_like_0011,0de7efc0d6d9b59f1bda3c69b0bdb10b4e0d657c1976fa106426085b5dbd5dc9,ceramic-like,cleave_exp_n,0.8179744890327663,dimensionless,PRIOR_SEARCH_TRANSFORM_NOT_SERIALIZED;EMPIRICAL_RANGE_RECORDED,0.5528804096393287,2.63327748933807,OBSERVED_EVALUATED_POPULATION_EXTREMA_NOT_EXTRAPOLATION_PERMISSION,ACTIVE_SEARCHED_OR_ARCHIVED_MORPH
oneD_v2_terminal_ceramic_like_0011,0de7efc0d6d9b59f1bda3c69b0bdb10b4e0d657c1976fa106426085b5dbd5dc9,ceramic-like,cleave_floor_frac,0.0436070518879531,dimensionless,PRIOR_SEARCH_TRANSFORM_NOT_SERIALIZED;EMPIRICAL_RANGE_RECORDED,0.0019271603769193,0.1966510411308111,OBSERVED_EVALUATED_POPULATION_EXTREMA_NOT_EXTRAPOLATION_PERMISSION,ACTIVE_SEARCHED_OR_ARCHIVED_MORPH
oneD_v2_terminal_ceramic_like_0011,0de7efc0d6d9b59f1bda3c69b0bdb10b4e0d657c1976fa106426085b5dbd5dc9,ceramic-like,emit_G00_eV,2.0965363642792396,eV,PRIOR_SEARCH_TRANSFORM_NOT_SERIALIZED;EMPIRICAL_RANGE_RECORDED,1.3044412567732726,6.156296217056183,OBSERVED_EVALUATED_POPULATION_EXTREMA_NOT_EXTRAPOLATION_PERMISSION,ACTIVE_SEARCHED_OR_ARCHIVED_MORPH
oneD_v2_terminal_ceramic_like_0011,0de7efc0d6d9b59f1bda3c69b0bdb10b4e0d657c1976fa106426085b5dbd5dc9,ceramic-like,emit_gT_eV_per_K,-0.005853047742047685,K,PRIOR_SEARCH_TRANSFORM_NOT_SERIALIZED;EMPIRICAL_RANGE_RECORDED,-0.006287880726649812,0.0079019972188398,OBSERVED_EVALUATED_POPULATION_EXTREMA_NOT_EXTRAPOLATION_PERMISSION,ACTIVE_SEARCHED_OR_ARCHIVED_MORPH
oneD_v2_terminal_ceramic_like_0011,0de7efc0d6d9b59f1bda3c69b0bdb10b4e0d657c1976fa106426085b5dbd5dc9,ceramic-like,emit_sigc0_GPa,10.215942434560587,GPa,PRIOR_SEARCH_TRANSFORM_NOT_SERIALIZED;EMPIRICAL_RANGE_RECORDED,0.7007976029999554,19.987692852133044,OBSERVED_EVALUATED_POPULATION_EXTREMA_NOT_EXTRAPOLATION_PERMISSION,ACTIVE_SEARCHED_OR_ARCHIVED_MORPH
oneD_v2_terminal_ceramic_like_0011,0de7efc0d6d9b59f1bda3c69b0bdb10b4e0d657c1976fa106426085b5dbd5dc9,ceramic-like,emit_sT_GPa_per_K,0.008713230710194229,K,PRIOR_SEARCH_TRANSFORM_NOT_SERIALIZED;EMPIRICAL_RANGE_RECORDED,-0.0073275911211967,0.02169844223095842,OBSERVED_EVALUATED_POPULATION_EXTREMA_NOT_EXTRAPOLATION_PERMISSION,ACTIVE_SEARCHED_OR_ARCHIVED_MORPH
oneD_v2_terminal_ceramic_like_0011,0de7efc0d6d9b59f1bda3c69b0bdb10b4e0d657c1976fa106426085b5dbd5dc9,ceramic-like,emit_exp_a,0.338533828013927,dimensionless,PRIOR_SEARCH_TRANSFORM_NOT_SERIALIZED;EMPIRICAL_RANGE_RECORDED,0.0765673027653247,1.21516272906214,OBSERVED_EVALUATED_POPULATION_EXTREMA_NOT_EXTRAPOLATION_PERMISSION,ACTIVE_SEARCHED_OR_ARCHIVED_MORPH
oneD_v2_terminal_ceramic_like_0011,0de7efc0d6d9b59f1bda3c69b0bdb10b4e0d657c1976fa106426085b5dbd5dc9,ceramic-like,emit_exp_n,0.9961190224927607,dimensionless,PRIOR_SEARCH_TRANSFORM_NOT_SERIALIZED;EMPIRICAL_RANGE_RECORDED,0.4132984722752073,2.404178873915225,OBSERVED_EVALUATED_POPULATION_EXTREMA_NOT_EXTRAPOLATION_PERMISSION,ACTIVE_SEARCHED_OR_ARCHIVED_MORPH
oneD_v2_terminal_ceramic_like_0011,0de7efc0d6d9b59f1bda3c69b0bdb10b4e0d657c1976fa106426085b5dbd5dc9,ceramic-like,emit_floor_frac,0.0228240380649044,dimensionless,PRIOR_SEARCH_TRANSFORM_NOT_SERIALIZED;EMPIRICAL_RANGE_RECORDED,0.001963405800003,0.1925852665942847,OBSERVED_EVALUATED_POPULATION_EXTREMA_NOT_EXTRAPOLATION_PERMISSION,ACTIVE_SEARCHED_OR_ARCHIVED_MORPH
oneD_v2_terminal_ceramic_like_0011,0de7efc0d6d9b59f1bda3c69b0bdb10b4e0d657c1976fa106426085b5dbd5dc9,ceramic-like,peierls_H0_eV,11.154059736250952,eV,PRIOR_SEARCH_TRANSFORM_NOT_SERIALIZED;EMPIRICAL_RANGE_RECORDED,0.941218419931829,13.003289933374909,OBSERVED_EVALUATED_POPULATION_EXTREMA_NOT_EXTRAPOLATION_PERMISSION,ACTIVE_SEARCHED_OR_ARCHIVED_MORPH
oneD_v2_terminal_ceramic_like_0011,0de7efc0d6d9b59f1bda3c69b0bdb10b4e0d657c1976fa106426085b5dbd5dc9,ceramic-like,peierls_activation_entropy_kB,-40.667678507597756,dimensionless,PRIOR_SEARCH_TRANSFORM_NOT_SERIALIZED;EMPIRICAL_RANGE_RECORDED,-84.7110473268413,16.830181423574686,OBSERVED_EVALUATED_POPULATION_EXTREMA_NOT_EXTRAPOLATION_PERMISSION,ACTIVE_SEARCHED_OR_ARCHIVED_MORPH
oneD_v2_terminal_ceramic_like_0011,0de7efc0d6d9b59f1bda3c69b0bdb10b4e0d657c1976fa106426085b5dbd5dc9,ceramic-like,peierls_exp_a,1.178178071556613,dimensionless,PRIOR_SEARCH_TRANSFORM_NOT_SERIALIZED;EMPIRICAL_RANGE_RECORDED,0.2264547564554959,1.9146125694736835,OBSERVED_EVALUATED_POPULATION_EXTREMA_NOT_EXTRAPOLATION_PERMISSION,ACTIVE_SEARCHED_OR_ARCHIVED_MORPH
oneD_v2_terminal_ceramic_like_0011,0de7efc0d6d9b59f1bda3c69b0bdb10b4e0d657c1976fa106426085b5dbd5dc9,ceramic-like,peierls_exp_n,1.0056940987706184,dimensionless,PRIOR_SEARCH_TRANSFORM_NOT_SERIALIZED;EMPIRICAL_RANGE_RECORDED,0.5681562009267509,2.5466286113951355,OBSERVED_EVALUATED_POPULATION_EXTREMA_NOT_EXTRAPOLATION_PERMISSION,ACTIVE_SEARCHED_OR_ARCHIVED_MORPH
oneD_v2_terminal_ceramic_like_0011,0de7efc0d6d9b59f1bda3c69b0bdb10b4e0d657c1976fa106426085b5dbd5dc9,ceramic-like,peierls_nu0_s,1000000000000.0,s^-1,FIXED_IN_RECOVERED_POPULATION,1000000000000.0,1000000000000.0,OBSERVED_EVALUATED_POPULATION_EXTREMA_NOT_EXTRAPOLATION_PERMISSION,FIXED
oneD_v2_terminal_ceramic_like_0011,0de7efc0d6d9b59f1bda3c69b0bdb10b4e0d657c1976fa106426085b5dbd5dc9,ceramic-like,taylor_H0_eV,0.6775300058942858,eV,PRIOR_SEARCH_TRANSFORM_NOT_SERIALIZED;EMPIRICAL_RANGE_RECORDED,0.1275879848003387,3.2621826685033737,OBSERVED_EVALUATED_POPULATION_EXTREMA_NOT_EXTRAPOLATION_PERMISSION,ACTIVE_SEARCHED_OR_ARCHIVED_MORPH
oneD_v2_terminal_ceramic_like_0011,0de7efc0d6d9b59f1bda3c69b0bdb10b4e0d657c1976fa106426085b5dbd5dc9,ceramic-like,taylor_activation_entropy_kB,-23.63388575489916,dimensionless,PRIOR_SEARCH_TRANSFORM_NOT_SERIALIZED;EMPIRICAL_RANGE_RECORDED,-50.860998454221054,39.933723136782646,OBSERVED_EVALUATED_POPULATION_EXTREMA_NOT_EXTRAPOLATION_PERMISSION,ACTIVE_SEARCHED_OR_ARCHIVED_MORPH
oneD_v2_terminal_ceramic_like_0011,0de7efc0d6d9b59f1bda3c69b0bdb10b4e0d657c1976fa106426085b5dbd5dc9,ceramic-like,taylor_exp_a,1.0212089663371444,dimensionless,PRIOR_SEARCH_TRANSFORM_NOT_SERIALIZED;EMPIRICAL_RANGE_RECORDED,0.0402470866590738,1.055419295541942,OBSERVED_EVALUATED_POPULATION_EXTREMA_NOT_EXTRAPOLATION_PERMISSION,ACTIVE_SEARCHED_OR_ARCHIVED_MORPH
oneD_v2_terminal_ceramic_like_0011,0de7efc0d6d9b59f1bda3c69b0bdb10b4e0d657c1976fa106426085b5dbd5dc9,ceramic-like,taylor_exp_n,0.599093577126041,dimensionless,PRIOR_SEARCH_TRANSFORM_NOT_SERIALIZED;EMPIRICAL_RANGE_RECORDED,0.5389550719410181,2.441455863416195,OBSERVED_EVALUATED_POPULATION_EXTREMA_NOT_EXTRAPOLATION_PERMISSION,ACTIVE_SEARCHED_OR_ARCHIVED_MORPH
oneD_v2_terminal_ceramic_like_0011,0de7efc0d6d9b59f1bda3c69b0bdb10b4e0d657c1976fa106426085b5dbd5dc9,ceramic-like,taylor_nu0_s,100000000000.0,s^-1,FIXED_IN_RECOVERED_POPULATION,100000000000.0,100000000000.0,OBSERVED_EVALUATED_POPULATION_EXTREMA_NOT_EXTRAPOLATION_PERMISSION,FIXED
oneD_v2_terminal_ceramic_like_0011,0de7efc0d6d9b59f1bda3c69b0bdb10b4e0d657c1976fa106426085b5dbd5dc9,ceramic-like,rho_source0_m2,1876374030256.9636,m^-2,PRIOR_SEARCH_TRANSFORM_NOT_SERIALIZED;EMPIRICAL_RANGE_RECORDED,204012112642.52756,7.411536373796822e+16,OBSERVED_EVALUATED_POPULATION_EXTREMA_NOT_EXTRAPOLATION_PERMISSION,ACTIVE_SEARCHED_OR_ARCHIVED_MORPH
oneD_v2_terminal_ceramic_like_0011,0de7efc0d6d9b59f1bda3c69b0bdb10b4e0d657c1976fa106426085b5dbd5dc9,ceramic-like,taylor_corr_rho_c_m2,4.188692037781803e+16,m^-2,PRIOR_SEARCH_TRANSFORM_NOT_SERIALIZED;EMPIRICAL_RANGE_RECORDED,112705259472.60164,8.319121413916371e+17,OBSERVED_EVALUATED_POPULATION_EXTREMA_NOT_EXTRAPOLATION_PERMISSION,ACTIVE_SEARCHED_OR_ARCHIVED_MORPH
oneD_v2_terminal_ceramic_like_0011,0de7efc0d6d9b59f1bda3c69b0bdb10b4e0d657c1976fa106426085b5dbd5dc9,ceramic-like,taylor_corr_scale,0.7968696362699774,dimensionless,PRIOR_SEARCH_TRANSFORM_NOT_SERIALIZED;EMPIRICAL_RANGE_RECORDED,0.0927493991876699,6.048544658291038,OBSERVED_EVALUATED_POPULATION_EXTREMA_NOT_EXTRAPOLATION_PERMISSION,ACTIVE_SEARCHED_OR_ARCHIVED_MORPH
oneD_v2_terminal_ceramic_like_0011,0de7efc0d6d9b59f1bda3c69b0bdb10b4e0d657c1976fa106426085b5dbd5dc9,ceramic-like,c_blunt,0.4538204525135165,dimensionless,PRIOR_SEARCH_TRANSFORM_NOT_SERIALIZED;EMPIRICAL_RANGE_RECORDED,0.12800287729529478,2.929164256900549,OBSERVED_EVALUATED_POPULATION_EXTREMA_NOT_EXTRAPOLATION_PERMISSION,ACTIVE_SEARCHED_OR_ARCHIVED_MORPH
oneD_v2_terminal_ceramic_like_0020,0812ec649a24fbc310df417f7e5fe4aae7d45172fcab332e7a9c6ea78ab4031f,ceramic-like,Tref_K,481.33,K,FIXED_IN_RECOVERED_POPULATION,481.33,481.33,OBSERVED_EVALUATED_POPULATION_EXTREMA_NOT_EXTRAPOLATION_PERMISSION,FIXED
oneD_v2_terminal_ceramic_like_0020,0812ec649a24fbc310df417f7e5fe4aae7d45172fcab332e7a9c6ea78ab4031f,ceramic-like,cleave_G00_eV,2.5248036744220137,eV,PRIOR_SEARCH_TRANSFORM_NOT_SERIALIZED;EMPIRICAL_RANGE_RECORDED,1.1613941742107272,7.0779780057831845,OBSERVED_EVALUATED_POPULATION_EXTREMA_NOT_EXTRAPOLATION_PERMISSION,ACTIVE_SEARCHED_OR_ARCHIVED_MORPH
oneD_v2_terminal_ceramic_like_0020,0812ec649a24fbc310df417f7e5fe4aae7d45172fcab332e7a9c6ea78ab4031f,ceramic-like,cleave_gT_eV_per_K,0.009517321552557018,K,PRIOR_SEARCH_TRANSFORM_NOT_SERIALIZED;EMPIRICAL_RANGE_RECORDED,0.0005332994232885,0.017305200225596503,OBSERVED_EVALUATED_POPULATION_EXTREMA_NOT_EXTRAPOLATION_PERMISSION,ACTIVE_SEARCHED_OR_ARCHIVED_MORPH
oneD_v2_terminal_ceramic_like_0020,0812ec649a24fbc310df417f7e5fe4aae7d45172fcab332e7a9c6ea78ab4031f,ceramic-like,cleave_sigc0_GPa,2.9666472158642248,GPa,PRIOR_SEARCH_TRANSFORM_NOT_SERIALIZED;EMPIRICAL_RANGE_RECORDED,2.3285622997472024,8.779793698331908,OBSERVED_EVALUATED_POPULATION_EXTREMA_NOT_EXTRAPOLATION_PERMISSION,ACTIVE_SEARCHED_OR_ARCHIVED_MORPH
oneD_v2_terminal_ceramic_like_0020,0812ec649a24fbc310df417f7e5fe4aae7d45172fcab332e7a9c6ea78ab4031f,ceramic-like,cleave_sT_GPa_per_K,-0.0024698650776668546,K,PRIOR_SEARCH_TRANSFORM_NOT_SERIALIZED;EMPIRICAL_RANGE_RECORDED,-0.004340660799620141,0.007358667384833,OBSERVED_EVALUATED_POPULATION_EXTREMA_NOT_EXTRAPOLATION_PERMISSION,ACTIVE_SEARCHED_OR_ARCHIVED_MORPH
oneD_v2_terminal_ceramic_like_0020,0812ec649a24fbc310df417f7e5fe4aae7d45172fcab332e7a9c6ea78ab4031f,ceramic-like,cleave_exp_a,1.6693569634754721,dimensionless,PRIOR_SEARCH_TRANSFORM_NOT_SERIALIZED;EMPIRICAL_RANGE_RECORDED,0.0618397523649036,2.5445902769382496,OBSERVED_EVALUATED_POPULATION_EXTREMA_NOT_EXTRAPOLATION_PERMISSION,ACTIVE_SEARCHED_OR_ARCHIVED_MORPH
oneD_v2_terminal_ceramic_like_0020,0812ec649a24fbc310df417f7e5fe4aae7d45172fcab332e7a9c6ea78ab4031f,ceramic-like,cleave_exp_n,1.7440543666998793,dimensionless,PRIOR_SEARCH_TRANSFORM_NOT_SERIALIZED;EMPIRICAL_RANGE_RECORDED,0.5528804096393287,2.63327748933807,OBSERVED_EVALUATED_POPULATION_EXTREMA_NOT_EXTRAPOLATION_PERMISSION,ACTIVE_SEARCHED_OR_ARCHIVED_MORPH
oneD_v2_terminal_ceramic_like_0020,0812ec649a24fbc310df417f7e5fe4aae7d45172fcab332e7a9c6ea78ab4031f,ceramic-like,cleave_floor_frac,0.0436070518879531,dimensionless,PRIOR_SEARCH_TRANSFORM_NOT_SERIALIZED;EMPIRICAL_RANGE_RECORDED,0.0019271603769193,0.1966510411308111,OBSERVED_EVALUATED_POPULATION_EXTREMA_NOT_EXTRAPOLATION_PERMISSION,ACTIVE_SEARCHED_OR_ARCHIVED_MORPH
oneD_v2_terminal_ceramic_like_0020,0812ec649a24fbc310df417f7e5fe4aae7d45172fcab332e7a9c6ea78ab4031f,ceramic-like,emit_G00_eV,1.3044412567732726,eV,PRIOR_SEARCH_TRANSFORM_NOT_SERIALIZED;EMPIRICAL_RANGE_RECORDED,1.3044412567732726,6.156296217056183,OBSERVED_EVALUATED_POPULATION_EXTREMA_NOT_EXTRAPOLATION_PERMISSION,ACTIVE_SEARCHED_OR_ARCHIVED_MORPH
oneD_v2_terminal_ceramic_like_0020,0812ec649a24fbc310df417f7e5fe4aae7d45172fcab332e7a9c6ea78ab4031f,ceramic-like,emit_gT_eV_per_K,-0.001957609379473056,K,PRIOR_SEARCH_TRANSFORM_NOT_SERIALIZED;EMPIRICAL_RANGE_RECORDED,-0.006287880726649812,0.0079019972188398,OBSERVED_EVALUATED_POPULATION_EXTREMA_NOT_EXTRAPOLATION_PERMISSION,ACTIVE_SEARCHED_OR_ARCHIVED_MORPH
oneD_v2_terminal_ceramic_like_0020,0812ec649a24fbc310df417f7e5fe4aae7d45172fcab332e7a9c6ea78ab4031f,ceramic-like,emit_sigc0_GPa,11.878118016058085,GPa,PRIOR_SEARCH_TRANSFORM_NOT_SERIALIZED;EMPIRICAL_RANGE_RECORDED,0.7007976029999554,19.987692852133044,OBSERVED_EVALUATED_POPULATION_EXTREMA_NOT_EXTRAPOLATION_PERMISSION,ACTIVE_SEARCHED_OR_ARCHIVED_MORPH
oneD_v2_terminal_ceramic_like_0020,0812ec649a24fbc310df417f7e5fe4aae7d45172fcab332e7a9c6ea78ab4031f,ceramic-like,emit_sT_GPa_per_K,0.020244967499265156,K,PRIOR_SEARCH_TRANSFORM_NOT_SERIALIZED;EMPIRICAL_RANGE_RECORDED,-0.0073275911211967,0.02169844223095842,OBSERVED_EVALUATED_POPULATION_EXTREMA_NOT_EXTRAPOLATION_PERMISSION,ACTIVE_SEARCHED_OR_ARCHIVED_MORPH
oneD_v2_terminal_ceramic_like_0020,0812ec649a24fbc310df417f7e5fe4aae7d45172fcab332e7a9c6ea78ab4031f,ceramic-like,emit_exp_a,0.36430462615998616,dimensionless,PRIOR_SEARCH_TRANSFORM_NOT_SERIALIZED;EMPIRICAL_RANGE_RECORDED,0.0765673027653247,1.21516272906214,OBSERVED_EVALUATED_POPULATION_EXTREMA_NOT_EXTRAPOLATION_PERMISSION,ACTIVE_SEARCHED_OR_ARCHIVED_MORPH
oneD_v2_terminal_ceramic_like_0020,0812ec649a24fbc310df417f7e5fe4aae7d45172fcab332e7a9c6ea78ab4031f,ceramic-like,emit_exp_n,1.2619574576259343,dimensionless,PRIOR_SEARCH_TRANSFORM_NOT_SERIALIZED;EMPIRICAL_RANGE_RECORDED,0.4132984722752073,2.404178873915225,OBSERVED_EVALUATED_POPULATION_EXTREMA_NOT_EXTRAPOLATION_PERMISSION,ACTIVE_SEARCHED_OR_ARCHIVED_MORPH
oneD_v2_terminal_ceramic_like_0020,0812ec649a24fbc310df417f7e5fe4aae7d45172fcab332e7a9c6ea78ab4031f,ceramic-like,emit_floor_frac,0.0228240380649044,dimensionless,PRIOR_SEARCH_TRANSFORM_NOT_SERIALIZED;EMPIRICAL_RANGE_RECORDED,0.001963405800003,0.1925852665942847,OBSERVED_EVALUATED_POPULATION_EXTREMA_NOT_EXTRAPOLATION_PERMISSION,ACTIVE_SEARCHED_OR_ARCHIVED_MORPH
oneD_v2_terminal_ceramic_like_0020,0812ec649a24fbc310df417f7e5fe4aae7d45172fcab332e7a9c6ea78ab4031f,ceramic-like,peierls_H0_eV,6.250101339177547,eV,PRIOR_SEARCH_TRANSFORM_NOT_SERIALIZED;EMPIRICAL_RANGE_RECORDED,0.941218419931829,13.003289933374909,OBSERVED_EVALUATED_POPULATION_EXTREMA_NOT_EXTRAPOLATION_PERMISSION,ACTIVE_SEARCHED_OR_ARCHIVED_MORPH
oneD_v2_terminal_ceramic_like_0020,0812ec649a24fbc310df417f7e5fe4aae7d45172fcab332e7a9c6ea78ab4031f,ceramic-like,peierls_activation_entropy_kB,-33.33025693602005,dimensionless,PRIOR_SEARCH_TRANSFORM_NOT_SERIALIZED;EMPIRICAL_RANGE_RECORDED,-84.7110473268413,16.830181423574686,OBSERVED_EVALUATED_POPULATION_EXTREMA_NOT_EXTRAPOLATION_PERMISSION,ACTIVE_SEARCHED_OR_ARCHIVED_MORPH
oneD_v2_terminal_ceramic_like_0020,0812ec649a24fbc310df417f7e5fe4aae7d45172fcab332e7a9c6ea78ab4031f,ceramic-like,peierls_exp_a,1.178178071556613,dimensionless,PRIOR_SEARCH_TRANSFORM_NOT_SERIALIZED;EMPIRICAL_RANGE_RECORDED,0.2264547564554959,1.9146125694736835,OBSERVED_EVALUATED_POPULATION_EXTREMA_NOT_EXTRAPOLATION_PERMISSION,ACTIVE_SEARCHED_OR_ARCHIVED_MORPH
oneD_v2_terminal_ceramic_like_0020,0812ec649a24fbc310df417f7e5fe4aae7d45172fcab332e7a9c6ea78ab4031f,ceramic-like,peierls_exp_n,1.0056940987706184,dimensionless,PRIOR_SEARCH_TRANSFORM_NOT_SERIALIZED;EMPIRICAL_RANGE_RECORDED,0.5681562009267509,2.5466286113951355,OBSERVED_EVALUATED_POPULATION_EXTREMA_NOT_EXTRAPOLATION_PERMISSION,ACTIVE_SEARCHED_OR_ARCHIVED_MORPH
oneD_v2_terminal_ceramic_like_0020,0812ec649a24fbc310df417f7e5fe4aae7d45172fcab332e7a9c6ea78ab4031f,ceramic-like,peierls_nu0_s,1000000000000.0,s^-1,FIXED_IN_RECOVERED_POPULATION,1000000000000.0,1000000000000.0,OBSERVED_EVALUATED_POPULATION_EXTREMA_NOT_EXTRAPOLATION_PERMISSION,FIXED
oneD_v2_terminal_ceramic_like_0020,0812ec649a24fbc310df417f7e5fe4aae7d45172fcab332e7a9c6ea78ab4031f,ceramic-like,taylor_H0_eV,1.2062355029420135,eV,PRIOR_SEARCH_TRANSFORM_NOT_SERIALIZED;EMPIRICAL_RANGE_RECORDED,0.1275879848003387,3.2621826685033737,OBSERVED_EVALUATED_POPULATION_EXTREMA_NOT_EXTRAPOLATION_PERMISSION,ACTIVE_SEARCHED_OR_ARCHIVED_MORPH
oneD_v2_terminal_ceramic_like_0020,0812ec649a24fbc310df417f7e5fe4aae7d45172fcab332e7a9c6ea78ab4031f,ceramic-like,taylor_activation_entropy_kB,-45.7724662766894,dimensionless,PRIOR_SEARCH_TRANSFORM_NOT_SERIALIZED;EMPIRICAL_RANGE_RECORDED,-50.860998454221054,39.933723136782646,OBSERVED_EVALUATED_POPULATION_EXTREMA_NOT_EXTRAPOLATION_PERMISSION,ACTIVE_SEARCHED_OR_ARCHIVED_MORPH
oneD_v2_terminal_ceramic_like_0020,0812ec649a24fbc310df417f7e5fe4aae7d45172fcab332e7a9c6ea78ab4031f,ceramic-like,taylor_exp_a,1.0212089663371444,dimensionless,PRIOR_SEARCH_TRANSFORM_NOT_SERIALIZED;EMPIRICAL_RANGE_RECORDED,0.0402470866590738,1.055419295541942,OBSERVED_EVALUATED_POPULATION_EXTREMA_NOT_EXTRAPOLATION_PERMISSION,ACTIVE_SEARCHED_OR_ARCHIVED_MORPH
oneD_v2_terminal_ceramic_like_0020,0812ec649a24fbc310df417f7e5fe4aae7d45172fcab332e7a9c6ea78ab4031f,ceramic-like,taylor_exp_n,0.599093577126041,dimensionless,PRIOR_SEARCH_TRANSFORM_NOT_SERIALIZED;EMPIRICAL_RANGE_RECORDED,0.5389550719410181,2.441455863416195,OBSERVED_EVALUATED_POPULATION_EXTREMA_NOT_EXTRAPOLATION_PERMISSION,ACTIVE_SEARCHED_OR_ARCHIVED_MORPH
oneD_v2_terminal_ceramic_like_0020,0812ec649a24fbc310df417f7e5fe4aae7d45172fcab332e7a9c6ea78ab4031f,ceramic-like,taylor_nu0_s,100000000000.0,s^-1,FIXED_IN_RECOVERED_POPULATION,100000000000.0,100000000000.0,OBSERVED_EVALUATED_POPULATION_EXTREMA_NOT_EXTRAPOLATION_PERMISSION,FIXED
oneD_v2_terminal_ceramic_like_0020,0812ec649a24fbc310df417f7e5fe4aae7d45172fcab332e7a9c6ea78ab4031f,ceramic-like,rho_source0_m2,1460467380000.1567,m^-2,PRIOR_SEARCH_TRANSFORM_NOT_SERIALIZED;EMPIRICAL_RANGE_RECORDED,204012112642.52756,7.411536373796822e+16,OBSERVED_EVALUATED_POPULATION_EXTREMA_NOT_EXTRAPOLATION_PERMISSION,ACTIVE_SEARCHED_OR_ARCHIVED_MORPH
oneD_v2_terminal_ceramic_like_0020,0812ec649a24fbc310df417f7e5fe4aae7d45172fcab332e7a9c6ea78ab4031f,ceramic-like,taylor_corr_rho_c_m2,1.4995418351578912e+17,m^-2,PRIOR_SEARCH_TRANSFORM_NOT_SERIALIZED;EMPIRICAL_RANGE_RECORDED,112705259472.60164,8.319121413916371e+17,OBSERVED_EVALUATED_POPULATION_EXTREMA_NOT_EXTRAPOLATION_PERMISSION,ACTIVE_SEARCHED_OR_ARCHIVED_MORPH
oneD_v2_terminal_ceramic_like_0020,0812ec649a24fbc310df417f7e5fe4aae7d45172fcab332e7a9c6ea78ab4031f,ceramic-like,taylor_corr_scale,2.40404747564822,dimensionless,PRIOR_SEARCH_TRANSFORM_NOT_SERIALIZED;EMPIRICAL_RANGE_RECORDED,0.0927493991876699,6.048544658291038,OBSERVED_EVALUATED_POPULATION_EXTREMA_NOT_EXTRAPOLATION_PERMISSION,ACTIVE_SEARCHED_OR_ARCHIVED_MORPH
oneD_v2_terminal_ceramic_like_0020,0812ec649a24fbc310df417f7e5fe4aae7d45172fcab332e7a9c6ea78ab4031f,ceramic-like,c_blunt,0.2282905328748081,dimensionless,PRIOR_SEARCH_TRANSFORM_NOT_SERIALIZED;EMPIRICAL_RANGE_RECORDED,0.12800287729529478,2.929164256900549,OBSERVED_EVALUATED_POPULATION_EXTREMA_NOT_EXTRAPOLATION_PERMISSION,ACTIVE_SEARCHED_OR_ARCHIVED_MORPH
oneD_v2_terminal_ceramic_like_0025,6f27c3d64a574c2977b126a2b5e09f2ffb0af797f1a49e85663bb613e5e6fe5c,ceramic-like,Tref_K,481.33,K,FIXED_IN_RECOVERED_POPULATION,481.33,481.33,OBSERVED_EVALUATED_POPULATION_EXTREMA_NOT_EXTRAPOLATION_PERMISSION,FIXED
oneD_v2_terminal_ceramic_like_0025,6f27c3d64a574c2977b126a2b5e09f2ffb0af797f1a49e85663bb613e5e6fe5c,ceramic-like,cleave_G00_eV,7.0779780057831845,eV,PRIOR_SEARCH_TRANSFORM_NOT_SERIALIZED;EMPIRICAL_RANGE_RECORDED,1.1613941742107272,7.0779780057831845,OBSERVED_EVALUATED_POPULATION_EXTREMA_NOT_EXTRAPOLATION_PERMISSION,ACTIVE_SEARCHED_OR_ARCHIVED_MORPH
oneD_v2_terminal_ceramic_like_0025,6f27c3d64a574c2977b126a2b5e09f2ffb0af797f1a49e85663bb613e5e6fe5c,ceramic-like,cleave_gT_eV_per_K,0.006014077328639321,K,PRIOR_SEARCH_TRANSFORM_NOT_SERIALIZED;EMPIRICAL_RANGE_RECORDED,0.0005332994232885,0.017305200225596503,OBSERVED_EVALUATED_POPULATION_EXTREMA_NOT_EXTRAPOLATION_PERMISSION,ACTIVE_SEARCHED_OR_ARCHIVED_MORPH
oneD_v2_terminal_ceramic_like_0025,6f27c3d64a574c2977b126a2b5e09f2ffb0af797f1a49e85663bb613e5e6fe5c,ceramic-like,cleave_sigc0_GPa,6.586083625567729,GPa,PRIOR_SEARCH_TRANSFORM_NOT_SERIALIZED;EMPIRICAL_RANGE_RECORDED,2.3285622997472024,8.779793698331908,OBSERVED_EVALUATED_POPULATION_EXTREMA_NOT_EXTRAPOLATION_PERMISSION,ACTIVE_SEARCHED_OR_ARCHIVED_MORPH
oneD_v2_terminal_ceramic_like_0025,6f27c3d64a574c2977b126a2b5e09f2ffb0af797f1a49e85663bb613e5e6fe5c,ceramic-like,cleave_sT_GPa_per_K,-0.002263891955255316,K,PRIOR_SEARCH_TRANSFORM_NOT_SERIALIZED;EMPIRICAL_RANGE_RECORDED,-0.004340660799620141,0.007358667384833,OBSERVED_EVALUATED_POPULATION_EXTREMA_NOT_EXTRAPOLATION_PERMISSION,ACTIVE_SEARCHED_OR_ARCHIVED_MORPH
oneD_v2_terminal_ceramic_like_0025,6f27c3d64a574c2977b126a2b5e09f2ffb0af797f1a49e85663bb613e5e6fe5c,ceramic-like,cleave_exp_a,2.481925204444827,dimensionless,PRIOR_SEARCH_TRANSFORM_NOT_SERIALIZED;EMPIRICAL_RANGE_RECORDED,0.0618397523649036,2.5445902769382496,OBSERVED_EVALUATED_POPULATION_EXTREMA_NOT_EXTRAPOLATION_PERMISSION,ACTIVE_SEARCHED_OR_ARCHIVED_MORPH
oneD_v2_terminal_ceramic_like_0025,6f27c3d64a574c2977b126a2b5e09f2ffb0af797f1a49e85663bb613e5e6fe5c,ceramic-like,cleave_exp_n,1.0181428469755327,dimensionless,PRIOR_SEARCH_TRANSFORM_NOT_SERIALIZED;EMPIRICAL_RANGE_RECORDED,0.5528804096393287,2.63327748933807,OBSERVED_EVALUATED_POPULATION_EXTREMA_NOT_EXTRAPOLATION_PERMISSION,ACTIVE_SEARCHED_OR_ARCHIVED_MORPH
oneD_v2_terminal_ceramic_like_0025,6f27c3d64a574c2977b126a2b5e09f2ffb0af797f1a49e85663bb613e5e6fe5c,ceramic-like,cleave_floor_frac,0.0436070518879531,dimensionless,PRIOR_SEARCH_TRANSFORM_NOT_SERIALIZED;EMPIRICAL_RANGE_RECORDED,0.0019271603769193,0.1966510411308111,OBSERVED_EVALUATED_POPULATION_EXTREMA_NOT_EXTRAPOLATION_PERMISSION,ACTIVE_SEARCHED_OR_ARCHIVED_MORPH
oneD_v2_terminal_ceramic_like_0025,6f27c3d64a574c2977b126a2b5e09f2ffb0af797f1a49e85663bb613e5e6fe5c,ceramic-like,emit_G00_eV,5.216553224515931,eV,PRIOR_SEARCH_TRANSFORM_NOT_SERIALIZED;EMPIRICAL_RANGE_RECORDED,1.3044412567732726,6.156296217056183,OBSERVED_EVALUATED_POPULATION_EXTREMA_NOT_EXTRAPOLATION_PERMISSION,ACTIVE_SEARCHED_OR_ARCHIVED_MORPH
oneD_v2_terminal_ceramic_like_0025,6f27c3d64a574c2977b126a2b5e09f2ffb0af797f1a49e85663bb613e5e6fe5c,ceramic-like,emit_gT_eV_per_K,-0.005560417149523662,K,PRIOR_SEARCH_TRANSFORM_NOT_SERIALIZED;EMPIRICAL_RANGE_RECORDED,-0.006287880726649812,0.0079019972188398,OBSERVED_EVALUATED_POPULATION_EXTREMA_NOT_EXTRAPOLATION_PERMISSION,ACTIVE_SEARCHED_OR_ARCHIVED_MORPH
oneD_v2_terminal_ceramic_like_0025,6f27c3d64a574c2977b126a2b5e09f2ffb0af797f1a49e85663bb613e5e6fe5c,ceramic-like,emit_sigc0_GPa,4.91534759848842,GPa,PRIOR_SEARCH_TRANSFORM_NOT_SERIALIZED;EMPIRICAL_RANGE_RECORDED,0.7007976029999554,19.987692852133044,OBSERVED_EVALUATED_POPULATION_EXTREMA_NOT_EXTRAPOLATION_PERMISSION,ACTIVE_SEARCHED_OR_ARCHIVED_MORPH
oneD_v2_terminal_ceramic_like_0025,6f27c3d64a574c2977b126a2b5e09f2ffb0af797f1a49e85663bb613e5e6fe5c,ceramic-like,emit_sT_GPa_per_K,0.014438180387133575,K,PRIOR_SEARCH_TRANSFORM_NOT_SERIALIZED;EMPIRICAL_RANGE_RECORDED,-0.0073275911211967,0.02169844223095842,OBSERVED_EVALUATED_POPULATION_EXTREMA_NOT_EXTRAPOLATION_PERMISSION,ACTIVE_SEARCHED_OR_ARCHIVED_MORPH
oneD_v2_terminal_ceramic_like_0025,6f27c3d64a574c2977b126a2b5e09f2ffb0af797f1a49e85663bb613e5e6fe5c,ceramic-like,emit_exp_a,0.45894549982622024,dimensionless,PRIOR_SEARCH_TRANSFORM_NOT_SERIALIZED;EMPIRICAL_RANGE_RECORDED,0.0765673027653247,1.21516272906214,OBSERVED_EVALUATED_POPULATION_EXTREMA_NOT_EXTRAPOLATION_PERMISSION,ACTIVE_SEARCHED_OR_ARCHIVED_MORPH
oneD_v2_terminal_ceramic_like_0025,6f27c3d64a574c2977b126a2b5e09f2ffb0af797f1a49e85663bb613e5e6fe5c,ceramic-like,emit_exp_n,0.7027814854752983,dimensionless,PRIOR_SEARCH_TRANSFORM_NOT_SERIALIZED;EMPIRICAL_RANGE_RECORDED,0.4132984722752073,2.404178873915225,OBSERVED_EVALUATED_POPULATION_EXTREMA_NOT_EXTRAPOLATION_PERMISSION,ACTIVE_SEARCHED_OR_ARCHIVED_MORPH
oneD_v2_terminal_ceramic_like_0025,6f27c3d64a574c2977b126a2b5e09f2ffb0af797f1a49e85663bb613e5e6fe5c,ceramic-like,emit_floor_frac,0.0228240380649044,dimensionless,PRIOR_SEARCH_TRANSFORM_NOT_SERIALIZED;EMPIRICAL_RANGE_RECORDED,0.001963405800003,0.1925852665942847,OBSERVED_EVALUATED_POPULATION_EXTREMA_NOT_EXTRAPOLATION_PERMISSION,ACTIVE_SEARCHED_OR_ARCHIVED_MORPH
oneD_v2_terminal_ceramic_like_0025,6f27c3d64a574c2977b126a2b5e09f2ffb0af797f1a49e85663bb613e5e6fe5c,ceramic-like,peierls_H0_eV,5.917952734430224,eV,PRIOR_SEARCH_TRANSFORM_NOT_SERIALIZED;EMPIRICAL_RANGE_RECORDED,0.941218419931829,13.003289933374909,OBSERVED_EVALUATED_POPULATION_EXTREMA_NOT_EXTRAPOLATION_PERMISSION,ACTIVE_SEARCHED_OR_ARCHIVED_MORPH
oneD_v2_terminal_ceramic_like_0025,6f27c3d64a574c2977b126a2b5e09f2ffb0af797f1a49e85663bb613e5e6fe5c,ceramic-like,peierls_activation_entropy_kB,-73.52148958106989,dimensionless,PRIOR_SEARCH_TRANSFORM_NOT_SERIALIZED;EMPIRICAL_RANGE_RECORDED,-84.7110473268413,16.830181423574686,OBSERVED_EVALUATED_POPULATION_EXTREMA_NOT_EXTRAPOLATION_PERMISSION,ACTIVE_SEARCHED_OR_ARCHIVED_MORPH
oneD_v2_terminal_ceramic_like_0025,6f27c3d64a574c2977b126a2b5e09f2ffb0af797f1a49e85663bb613e5e6fe5c,ceramic-like,peierls_exp_a,1.178178071556613,dimensionless,PRIOR_SEARCH_TRANSFORM_NOT_SERIALIZED;EMPIRICAL_RANGE_RECORDED,0.2264547564554959,1.9146125694736835,OBSERVED_EVALUATED_POPULATION_EXTREMA_NOT_EXTRAPOLATION_PERMISSION,ACTIVE_SEARCHED_OR_ARCHIVED_MORPH
oneD_v2_terminal_ceramic_like_0025,6f27c3d64a574c2977b126a2b5e09f2ffb0af797f1a49e85663bb613e5e6fe5c,ceramic-like,peierls_exp_n,1.0056940987706184,dimensionless,PRIOR_SEARCH_TRANSFORM_NOT_SERIALIZED;EMPIRICAL_RANGE_RECORDED,0.5681562009267509,2.5466286113951355,OBSERVED_EVALUATED_POPULATION_EXTREMA_NOT_EXTRAPOLATION_PERMISSION,ACTIVE_SEARCHED_OR_ARCHIVED_MORPH
oneD_v2_terminal_ceramic_like_0025,6f27c3d64a574c2977b126a2b5e09f2ffb0af797f1a49e85663bb613e5e6fe5c,ceramic-like,peierls_nu0_s,1000000000000.0,s^-1,FIXED_IN_RECOVERED_POPULATION,1000000000000.0,1000000000000.0,OBSERVED_EVALUATED_POPULATION_EXTREMA_NOT_EXTRAPOLATION_PERMISSION,FIXED
oneD_v2_terminal_ceramic_like_0025,6f27c3d64a574c2977b126a2b5e09f2ffb0af797f1a49e85663bb613e5e6fe5c,ceramic-like,taylor_H0_eV,1.3420035678634767,eV,PRIOR_SEARCH_TRANSFORM_NOT_SERIALIZED;EMPIRICAL_RANGE_RECORDED,0.1275879848003387,3.2621826685033737,OBSERVED_EVALUATED_POPULATION_EXTREMA_NOT_EXTRAPOLATION_PERMISSION,ACTIVE_SEARCHED_OR_ARCHIVED_MORPH
oneD_v2_terminal_ceramic_like_0025,6f27c3d64a574c2977b126a2b5e09f2ffb0af797f1a49e85663bb613e5e6fe5c,ceramic-like,taylor_activation_entropy_kB,-16.758631660966426,dimensionless,PRIOR_SEARCH_TRANSFORM_NOT_SERIALIZED;EMPIRICAL_RANGE_RECORDED,-50.860998454221054,39.933723136782646,OBSERVED_EVALUATED_POPULATION_EXTREMA_NOT_EXTRAPOLATION_PERMISSION,ACTIVE_SEARCHED_OR_ARCHIVED_MORPH
oneD_v2_terminal_ceramic_like_0025,6f27c3d64a574c2977b126a2b5e09f2ffb0af797f1a49e85663bb613e5e6fe5c,ceramic-like,taylor_exp_a,1.0212089663371444,dimensionless,PRIOR_SEARCH_TRANSFORM_NOT_SERIALIZED;EMPIRICAL_RANGE_RECORDED,0.0402470866590738,1.055419295541942,OBSERVED_EVALUATED_POPULATION_EXTREMA_NOT_EXTRAPOLATION_PERMISSION,ACTIVE_SEARCHED_OR_ARCHIVED_MORPH
oneD_v2_terminal_ceramic_like_0025,6f27c3d64a574c2977b126a2b5e09f2ffb0af797f1a49e85663bb613e5e6fe5c,ceramic-like,taylor_exp_n,0.599093577126041,dimensionless,PRIOR_SEARCH_TRANSFORM_NOT_SERIALIZED;EMPIRICAL_RANGE_RECORDED,0.5389550719410181,2.441455863416195,OBSERVED_EVALUATED_POPULATION_EXTREMA_NOT_EXTRAPOLATION_PERMISSION,ACTIVE_SEARCHED_OR_ARCHIVED_MORPH
oneD_v2_terminal_ceramic_like_0025,6f27c3d64a574c2977b126a2b5e09f2ffb0af797f1a49e85663bb613e5e6fe5c,ceramic-like,taylor_nu0_s,100000000000.0,s^-1,FIXED_IN_RECOVERED_POPULATION,100000000000.0,100000000000.0,OBSERVED_EVALUATED_POPULATION_EXTREMA_NOT_EXTRAPOLATION_PERMISSION,FIXED
oneD_v2_terminal_ceramic_like_0025,6f27c3d64a574c2977b126a2b5e09f2ffb0af797f1a49e85663bb613e5e6fe5c,ceramic-like,rho_source0_m2,2304603850210.2695,m^-2,PRIOR_SEARCH_TRANSFORM_NOT_SERIALIZED;EMPIRICAL_RANGE_RECORDED,204012112642.52756,7.411536373796822e+16,OBSERVED_EVALUATED_POPULATION_EXTREMA_NOT_EXTRAPOLATION_PERMISSION,ACTIVE_SEARCHED_OR_ARCHIVED_MORPH
oneD_v2_terminal_ceramic_like_0025,6f27c3d64a574c2977b126a2b5e09f2ffb0af797f1a49e85663bb613e5e6fe5c,ceramic-like,taylor_corr_rho_c_m2,2.0853206215871256e+16,m^-2,PRIOR_SEARCH_TRANSFORM_NOT_SERIALIZED;EMPIRICAL_RANGE_RECORDED,112705259472.60164,8.319121413916371e+17,OBSERVED_EVALUATED_POPULATION_EXTREMA_NOT_EXTRAPOLATION_PERMISSION,ACTIVE_SEARCHED_OR_ARCHIVED_MORPH
oneD_v2_terminal_ceramic_like_0025,6f27c3d64a574c2977b126a2b5e09f2ffb0af797f1a49e85663bb613e5e6fe5c,ceramic-like,taylor_corr_scale,0.7399129455586655,dimensionless,PRIOR_SEARCH_TRANSFORM_NOT_SERIALIZED;EMPIRICAL_RANGE_RECORDED,0.0927493991876699,6.048544658291038,OBSERVED_EVALUATED_POPULATION_EXTREMA_NOT_EXTRAPOLATION_PERMISSION,ACTIVE_SEARCHED_OR_ARCHIVED_MORPH
oneD_v2_terminal_ceramic_like_0025,6f27c3d64a574c2977b126a2b5e09f2ffb0af797f1a49e85663bb613e5e6fe5c,ceramic-like,c_blunt,0.9726245836274792,dimensionless,PRIOR_SEARCH_TRANSFORM_NOT_SERIALIZED;EMPIRICAL_RANGE_RECORDED,0.12800287729529478,2.929164256900549,OBSERVED_EVALUATED_POPULATION_EXTREMA_NOT_EXTRAPOLATION_PERMISSION,ACTIVE_SEARCHED_OR_ARCHIVED_MORPH
v913_zeroD_sobol_0027268,d3bfea8b58ca9376f13579e12ee26c7df96b65916bf778d8b6755b462bc3dd5e,ceramic-like,Tref_K,481.33,K,FIXED_IN_RECOVERED_POPULATION,481.33,481.33,OBSERVED_EVALUATED_POPULATION_EXTREMA_NOT_EXTRAPOLATION_PERMISSION,FIXED
v913_zeroD_sobol_0027268,d3bfea8b58ca9376f13579e12ee26c7df96b65916bf778d8b6755b462bc3dd5e,ceramic-like,cleave_G00_eV,3.4539050203748047,eV,PRIOR_SEARCH_TRANSFORM_NOT_SERIALIZED;EMPIRICAL_RANGE_RECORDED,1.1613941742107272,7.0779780057831845,OBSERVED_EVALUATED_POPULATION_EXTREMA_NOT_EXTRAPOLATION_PERMISSION,ACTIVE_SEARCHED_OR_ARCHIVED_MORPH
v913_zeroD_sobol_0027268,d3bfea8b58ca9376f13579e12ee26c7df96b65916bf778d8b6755b462bc3dd5e,ceramic-like,cleave_gT_eV_per_K,0.0005332994232885,K,PRIOR_SEARCH_TRANSFORM_NOT_SERIALIZED;EMPIRICAL_RANGE_RECORDED,0.0005332994232885,0.017305200225596503,OBSERVED_EVALUATED_POPULATION_EXTREMA_NOT_EXTRAPOLATION_PERMISSION,ACTIVE_SEARCHED_OR_ARCHIVED_MORPH
v913_zeroD_sobol_0027268,d3bfea8b58ca9376f13579e12ee26c7df96b65916bf778d8b6755b462bc3dd5e,ceramic-like,cleave_sigc0_GPa,5.875625330023468,GPa,PRIOR_SEARCH_TRANSFORM_NOT_SERIALIZED;EMPIRICAL_RANGE_RECORDED,2.3285622997472024,8.779793698331908,OBSERVED_EVALUATED_POPULATION_EXTREMA_NOT_EXTRAPOLATION_PERMISSION,ACTIVE_SEARCHED_OR_ARCHIVED_MORPH
v913_zeroD_sobol_0027268,d3bfea8b58ca9376f13579e12ee26c7df96b65916bf778d8b6755b462bc3dd5e,ceramic-like,cleave_sT_GPa_per_K,0.0069966007368639,K,PRIOR_SEARCH_TRANSFORM_NOT_SERIALIZED;EMPIRICAL_RANGE_RECORDED,-0.004340660799620141,0.007358667384833,OBSERVED_EVALUATED_POPULATION_EXTREMA_NOT_EXTRAPOLATION_PERMISSION,ACTIVE_SEARCHED_OR_ARCHIVED_MORPH
v913_zeroD_sobol_0027268,d3bfea8b58ca9376f13579e12ee26c7df96b65916bf778d8b6755b462bc3dd5e,ceramic-like,cleave_exp_a,0.9556720036547632,dimensionless,PRIOR_SEARCH_TRANSFORM_NOT_SERIALIZED;EMPIRICAL_RANGE_RECORDED,0.0618397523649036,2.5445902769382496,OBSERVED_EVALUATED_POPULATION_EXTREMA_NOT_EXTRAPOLATION_PERMISSION,ACTIVE_SEARCHED_OR_ARCHIVED_MORPH
v913_zeroD_sobol_0027268,d3bfea8b58ca9376f13579e12ee26c7df96b65916bf778d8b6755b462bc3dd5e,ceramic-like,cleave_exp_n,1.4482388524338603,dimensionless,PRIOR_SEARCH_TRANSFORM_NOT_SERIALIZED;EMPIRICAL_RANGE_RECORDED,0.5528804096393287,2.63327748933807,OBSERVED_EVALUATED_POPULATION_EXTREMA_NOT_EXTRAPOLATION_PERMISSION,ACTIVE_SEARCHED_OR_ARCHIVED_MORPH
v913_zeroD_sobol_0027268,d3bfea8b58ca9376f13579e12ee26c7df96b65916bf778d8b6755b462bc3dd5e,ceramic-like,cleave_floor_frac,0.0080135848601919,dimensionless,PRIOR_SEARCH_TRANSFORM_NOT_SERIALIZED;EMPIRICAL_RANGE_RECORDED,0.0019271603769193,0.1966510411308111,OBSERVED_EVALUATED_POPULATION_EXTREMA_NOT_EXTRAPOLATION_PERMISSION,ACTIVE_SEARCHED_OR_ARCHIVED_MORPH
v913_zeroD_sobol_0027268,d3bfea8b58ca9376f13579e12ee26c7df96b65916bf778d8b6755b462bc3dd5e,ceramic-like,emit_G00_eV,3.315353066660464,eV,PRIOR_SEARCH_TRANSFORM_NOT_SERIALIZED;EMPIRICAL_RANGE_RECORDED,1.3044412567732726,6.156296217056183,OBSERVED_EVALUATED_POPULATION_EXTREMA_NOT_EXTRAPOLATION_PERMISSION,ACTIVE_SEARCHED_OR_ARCHIVED_MORPH
v913_zeroD_sobol_0027268,d3bfea8b58ca9376f13579e12ee26c7df96b65916bf778d8b6755b462bc3dd5e,ceramic-like,emit_gT_eV_per_K,-0.001404079593718,K,PRIOR_SEARCH_TRANSFORM_NOT_SERIALIZED;EMPIRICAL_RANGE_RECORDED,-0.006287880726649812,0.0079019972188398,OBSERVED_EVALUATED_POPULATION_EXTREMA_NOT_EXTRAPOLATION_PERMISSION,ACTIVE_SEARCHED_OR_ARCHIVED_MORPH
v913_zeroD_sobol_0027268,d3bfea8b58ca9376f13579e12ee26c7df96b65916bf778d8b6755b462bc3dd5e,ceramic-like,emit_sigc0_GPa,7.798269674181938,GPa,PRIOR_SEARCH_TRANSFORM_NOT_SERIALIZED;EMPIRICAL_RANGE_RECORDED,0.7007976029999554,19.987692852133044,OBSERVED_EVALUATED_POPULATION_EXTREMA_NOT_EXTRAPOLATION_PERMISSION,ACTIVE_SEARCHED_OR_ARCHIVED_MORPH
v913_zeroD_sobol_0027268,d3bfea8b58ca9376f13579e12ee26c7df96b65916bf778d8b6755b462bc3dd5e,ceramic-like,emit_sT_GPa_per_K,-0.0051309211142361,K,PRIOR_SEARCH_TRANSFORM_NOT_SERIALIZED;EMPIRICAL_RANGE_RECORDED,-0.0073275911211967,0.02169844223095842,OBSERVED_EVALUATED_POPULATION_EXTREMA_NOT_EXTRAPOLATION_PERMISSION,ACTIVE_SEARCHED_OR_ARCHIVED_MORPH
v913_zeroD_sobol_0027268,d3bfea8b58ca9376f13579e12ee26c7df96b65916bf778d8b6755b462bc3dd5e,ceramic-like,emit_exp_a,0.7155281139258295,dimensionless,PRIOR_SEARCH_TRANSFORM_NOT_SERIALIZED;EMPIRICAL_RANGE_RECORDED,0.0765673027653247,1.21516272906214,OBSERVED_EVALUATED_POPULATION_EXTREMA_NOT_EXTRAPOLATION_PERMISSION,ACTIVE_SEARCHED_OR_ARCHIVED_MORPH
v913_zeroD_sobol_0027268,d3bfea8b58ca9376f13579e12ee26c7df96b65916bf778d8b6755b462bc3dd5e,ceramic-like,emit_exp_n,1.1027543681673706,dimensionless,PRIOR_SEARCH_TRANSFORM_NOT_SERIALIZED;EMPIRICAL_RANGE_RECORDED,0.4132984722752073,2.404178873915225,OBSERVED_EVALUATED_POPULATION_EXTREMA_NOT_EXTRAPOLATION_PERMISSION,ACTIVE_SEARCHED_OR_ARCHIVED_MORPH
v913_zeroD_sobol_0027268,d3bfea8b58ca9376f13579e12ee26c7df96b65916bf778d8b6755b462bc3dd5e,ceramic-like,emit_floor_frac,0.0233953512715894,dimensionless,PRIOR_SEARCH_TRANSFORM_NOT_SERIALIZED;EMPIRICAL_RANGE_RECORDED,0.001963405800003,0.1925852665942847,OBSERVED_EVALUATED_POPULATION_EXTREMA_NOT_EXTRAPOLATION_PERMISSION,ACTIVE_SEARCHED_OR_ARCHIVED_MORPH
v913_zeroD_sobol_0027268,d3bfea8b58ca9376f13579e12ee26c7df96b65916bf778d8b6755b462bc3dd5e,ceramic-like,peierls_H0_eV,4.632277152035385,eV,PRIOR_SEARCH_TRANSFORM_NOT_SERIALIZED;EMPIRICAL_RANGE_RECORDED,0.941218419931829,13.003289933374909,OBSERVED_EVALUATED_POPULATION_EXTREMA_NOT_EXTRAPOLATION_PERMISSION,ACTIVE_SEARCHED_OR_ARCHIVED_MORPH
v913_zeroD_sobol_0027268,d3bfea8b58ca9376f13579e12ee26c7df96b65916bf778d8b6755b462bc3dd5e,ceramic-like,peierls_activation_entropy_kB,-1.6370408236980438,dimensionless,PRIOR_SEARCH_TRANSFORM_NOT_SERIALIZED;EMPIRICAL_RANGE_RECORDED,-84.7110473268413,16.830181423574686,OBSERVED_EVALUATED_POPULATION_EXTREMA_NOT_EXTRAPOLATION_PERMISSION,ACTIVE_SEARCHED_OR_ARCHIVED_MORPH
v913_zeroD_sobol_0027268,d3bfea8b58ca9376f13579e12ee26c7df96b65916bf778d8b6755b462bc3dd5e,ceramic-like,peierls_exp_a,1.126492390036583,dimensionless,PRIOR_SEARCH_TRANSFORM_NOT_SERIALIZED;EMPIRICAL_RANGE_RECORDED,0.2264547564554959,1.9146125694736835,OBSERVED_EVALUATED_POPULATION_EXTREMA_NOT_EXTRAPOLATION_PERMISSION,ACTIVE_SEARCHED_OR_ARCHIVED_MORPH
v913_zeroD_sobol_0027268,d3bfea8b58ca9376f13579e12ee26c7df96b65916bf778d8b6755b462bc3dd5e,ceramic-like,peierls_exp_n,2.084962382679805,dimensionless,PRIOR_SEARCH_TRANSFORM_NOT_SERIALIZED;EMPIRICAL_RANGE_RECORDED,0.5681562009267509,2.5466286113951355,OBSERVED_EVALUATED_POPULATION_EXTREMA_NOT_EXTRAPOLATION_PERMISSION,ACTIVE_SEARCHED_OR_ARCHIVED_MORPH
v913_zeroD_sobol_0027268,d3bfea8b58ca9376f13579e12ee26c7df96b65916bf778d8b6755b462bc3dd5e,ceramic-like,peierls_nu0_s,1000000000000.0,s^-1,FIXED_IN_RECOVERED_POPULATION,1000000000000.0,1000000000000.0,OBSERVED_EVALUATED_POPULATION_EXTREMA_NOT_EXTRAPOLATION_PERMISSION,FIXED
v913_zeroD_sobol_0027268,d3bfea8b58ca9376f13579e12ee26c7df96b65916bf778d8b6755b462bc3dd5e,ceramic-like,taylor_H0_eV,1.5707885271310806,eV,PRIOR_SEARCH_TRANSFORM_NOT_SERIALIZED;EMPIRICAL_RANGE_RECORDED,0.1275879848003387,3.2621826685033737,OBSERVED_EVALUATED_POPULATION_EXTREMA_NOT_EXTRAPOLATION_PERMISSION,ACTIVE_SEARCHED_OR_ARCHIVED_MORPH
v913_zeroD_sobol_0027268,d3bfea8b58ca9376f13579e12ee26c7df96b65916bf778d8b6755b462bc3dd5e,ceramic-like,taylor_activation_entropy_kB,23.11469655483961,dimensionless,PRIOR_SEARCH_TRANSFORM_NOT_SERIALIZED;EMPIRICAL_RANGE_RECORDED,-50.860998454221054,39.933723136782646,OBSERVED_EVALUATED_POPULATION_EXTREMA_NOT_EXTRAPOLATION_PERMISSION,ACTIVE_SEARCHED_OR_ARCHIVED_MORPH
v913_zeroD_sobol_0027268,d3bfea8b58ca9376f13579e12ee26c7df96b65916bf778d8b6755b462bc3dd5e,ceramic-like,taylor_exp_a,0.6876142159476877,dimensionless,PRIOR_SEARCH_TRANSFORM_NOT_SERIALIZED;EMPIRICAL_RANGE_RECORDED,0.0402470866590738,1.055419295541942,OBSERVED_EVALUATED_POPULATION_EXTREMA_NOT_EXTRAPOLATION_PERMISSION,ACTIVE_SEARCHED_OR_ARCHIVED_MORPH
v913_zeroD_sobol_0027268,d3bfea8b58ca9376f13579e12ee26c7df96b65916bf778d8b6755b462bc3dd5e,ceramic-like,taylor_exp_n,0.646309919655323,dimensionless,PRIOR_SEARCH_TRANSFORM_NOT_SERIALIZED;EMPIRICAL_RANGE_RECORDED,0.5389550719410181,2.441455863416195,OBSERVED_EVALUATED_POPULATION_EXTREMA_NOT_EXTRAPOLATION_PERMISSION,ACTIVE_SEARCHED_OR_ARCHIVED_MORPH
v913_zeroD_sobol_0027268,d3bfea8b58ca9376f13579e12ee26c7df96b65916bf778d8b6755b462bc3dd5e,ceramic-like,taylor_nu0_s,100000000000.0,s^-1,FIXED_IN_RECOVERED_POPULATION,100000000000.0,100000000000.0,OBSERVED_EVALUATED_POPULATION_EXTREMA_NOT_EXTRAPOLATION_PERMISSION,FIXED
v913_zeroD_sobol_0027268,d3bfea8b58ca9376f13579e12ee26c7df96b65916bf778d8b6755b462bc3dd5e,ceramic-like,rho_source0_m2,1692795614855792.5,m^-2,PRIOR_SEARCH_TRANSFORM_NOT_SERIALIZED;EMPIRICAL_RANGE_RECORDED,204012112642.52756,7.411536373796822e+16,OBSERVED_EVALUATED_POPULATION_EXTREMA_NOT_EXTRAPOLATION_PERMISSION,ACTIVE_SEARCHED_OR_ARCHIVED_MORPH
v913_zeroD_sobol_0027268,d3bfea8b58ca9376f13579e12ee26c7df96b65916bf778d8b6755b462bc3dd5e,ceramic-like,taylor_corr_rho_c_m2,1.0847784350811712e+16,m^-2,PRIOR_SEARCH_TRANSFORM_NOT_SERIALIZED;EMPIRICAL_RANGE_RECORDED,112705259472.60164,8.319121413916371e+17,OBSERVED_EVALUATED_POPULATION_EXTREMA_NOT_EXTRAPOLATION_PERMISSION,ACTIVE_SEARCHED_OR_ARCHIVED_MORPH
v913_zeroD_sobol_0027268,d3bfea8b58ca9376f13579e12ee26c7df96b65916bf778d8b6755b462bc3dd5e,ceramic-like,taylor_corr_scale,1.1627217271517138,dimensionless,PRIOR_SEARCH_TRANSFORM_NOT_SERIALIZED;EMPIRICAL_RANGE_RECORDED,0.0927493991876699,6.048544658291038,OBSERVED_EVALUATED_POPULATION_EXTREMA_NOT_EXTRAPOLATION_PERMISSION,ACTIVE_SEARCHED_OR_ARCHIVED_MORPH
v913_zeroD_sobol_0027268,d3bfea8b58ca9376f13579e12ee26c7df96b65916bf778d8b6755b462bc3dd5e,ceramic-like,c_blunt,1.3645942294970157,dimensionless,PRIOR_SEARCH_TRANSFORM_NOT_SERIALIZED;EMPIRICAL_RANGE_RECORDED,0.12800287729529478,2.929164256900549,OBSERVED_EVALUATED_POPULATION_EXTREMA_NOT_EXTRAPOLATION_PERMISSION,ACTIVE_SEARCHED_OR_ARCHIVED_MORPH
v913_zeroD_sobol_0060219,a2c2a292e7371f2e1b7e76fe686390827b0a24d69fcebb98ffbcdc849dd8459d,ceramic-like,Tref_K,481.33,K,FIXED_IN_RECOVERED_POPULATION,481.33,481.33,OBSERVED_EVALUATED_POPULATION_EXTREMA_NOT_EXTRAPOLATION_PERMISSION,FIXED
v913_zeroD_sobol_0060219,a2c2a292e7371f2e1b7e76fe686390827b0a24d69fcebb98ffbcdc849dd8459d,ceramic-like,cleave_G00_eV,4.388700178824365,eV,PRIOR_SEARCH_TRANSFORM_NOT_SERIALIZED;EMPIRICAL_RANGE_RECORDED,1.1613941742107272,7.0779780057831845,OBSERVED_EVALUATED_POPULATION_EXTREMA_NOT_EXTRAPOLATION_PERMISSION,ACTIVE_SEARCHED_OR_ARCHIVED_MORPH
v913_zeroD_sobol_0060219,a2c2a292e7371f2e1b7e76fe686390827b0a24d69fcebb98ffbcdc849dd8459d,ceramic-like,cleave_gT_eV_per_K,0.0056093849847093,K,PRIOR_SEARCH_TRANSFORM_NOT_SERIALIZED;EMPIRICAL_RANGE_RECORDED,0.0005332994232885,0.017305200225596503,OBSERVED_EVALUATED_POPULATION_EXTREMA_NOT_EXTRAPOLATION_PERMISSION,ACTIVE_SEARCHED_OR_ARCHIVED_MORPH
v913_zeroD_sobol_0060219,a2c2a292e7371f2e1b7e76fe686390827b0a24d69fcebb98ffbcdc849dd8459d,ceramic-like,cleave_sigc0_GPa,5.11267201974988,GPa,PRIOR_SEARCH_TRANSFORM_NOT_SERIALIZED;EMPIRICAL_RANGE_RECORDED,2.3285622997472024,8.779793698331908,OBSERVED_EVALUATED_POPULATION_EXTREMA_NOT_EXTRAPOLATION_PERMISSION,ACTIVE_SEARCHED_OR_ARCHIVED_MORPH
v913_zeroD_sobol_0060219,a2c2a292e7371f2e1b7e76fe686390827b0a24d69fcebb98ffbcdc849dd8459d,ceramic-like,cleave_sT_GPa_per_K,-0.0018545337766408,K,PRIOR_SEARCH_TRANSFORM_NOT_SERIALIZED;EMPIRICAL_RANGE_RECORDED,-0.004340660799620141,0.007358667384833,OBSERVED_EVALUATED_POPULATION_EXTREMA_NOT_EXTRAPOLATION_PERMISSION,ACTIVE_SEARCHED_OR_ARCHIVED_MORPH
v913_zeroD_sobol_0060219,a2c2a292e7371f2e1b7e76fe686390827b0a24d69fcebb98ffbcdc849dd8459d,ceramic-like,cleave_exp_a,0.5163953727576882,dimensionless,PRIOR_SEARCH_TRANSFORM_NOT_SERIALIZED;EMPIRICAL_RANGE_RECORDED,0.0618397523649036,2.5445902769382496,OBSERVED_EVALUATED_POPULATION_EXTREMA_NOT_EXTRAPOLATION_PERMISSION,ACTIVE_SEARCHED_OR_ARCHIVED_MORPH
v913_zeroD_sobol_0060219,a2c2a292e7371f2e1b7e76fe686390827b0a24d69fcebb98ffbcdc849dd8459d,ceramic-like,cleave_exp_n,1.5005021863617003,dimensionless,PRIOR_SEARCH_TRANSFORM_NOT_SERIALIZED;EMPIRICAL_RANGE_RECORDED,0.5528804096393287,2.63327748933807,OBSERVED_EVALUATED_POPULATION_EXTREMA_NOT_EXTRAPOLATION_PERMISSION,ACTIVE_SEARCHED_OR_ARCHIVED_MORPH
v913_zeroD_sobol_0060219,a2c2a292e7371f2e1b7e76fe686390827b0a24d69fcebb98ffbcdc849dd8459d,ceramic-like,cleave_floor_frac,0.065555313646972,dimensionless,PRIOR_SEARCH_TRANSFORM_NOT_SERIALIZED;EMPIRICAL_RANGE_RECORDED,0.0019271603769193,0.1966510411308111,OBSERVED_EVALUATED_POPULATION_EXTREMA_NOT_EXTRAPOLATION_PERMISSION,ACTIVE_SEARCHED_OR_ARCHIVED_MORPH
v913_zeroD_sobol_0060219,a2c2a292e7371f2e1b7e76fe686390827b0a24d69fcebb98ffbcdc849dd8459d,ceramic-like,emit_G00_eV,3.8714989850297568,eV,PRIOR_SEARCH_TRANSFORM_NOT_SERIALIZED;EMPIRICAL_RANGE_RECORDED,1.3044412567732726,6.156296217056183,OBSERVED_EVALUATED_POPULATION_EXTREMA_NOT_EXTRAPOLATION_PERMISSION,ACTIVE_SEARCHED_OR_ARCHIVED_MORPH
v913_zeroD_sobol_0060219,a2c2a292e7371f2e1b7e76fe686390827b0a24d69fcebb98ffbcdc849dd8459d,ceramic-like,emit_gT_eV_per_K,-0.0014363304665312,K,PRIOR_SEARCH_TRANSFORM_NOT_SERIALIZED;EMPIRICAL_RANGE_RECORDED,-0.006287880726649812,0.0079019972188398,OBSERVED_EVALUATED_POPULATION_EXTREMA_NOT_EXTRAPOLATION_PERMISSION,ACTIVE_SEARCHED_OR_ARCHIVED_MORPH
v913_zeroD_sobol_0060219,a2c2a292e7371f2e1b7e76fe686390827b0a24d69fcebb98ffbcdc849dd8459d,ceramic-like,emit_sigc0_GPa,4.633709907531738,GPa,PRIOR_SEARCH_TRANSFORM_NOT_SERIALIZED;EMPIRICAL_RANGE_RECORDED,0.7007976029999554,19.987692852133044,OBSERVED_EVALUATED_POPULATION_EXTREMA_NOT_EXTRAPOLATION_PERMISSION,ACTIVE_SEARCHED_OR_ARCHIVED_MORPH
v913_zeroD_sobol_0060219,a2c2a292e7371f2e1b7e76fe686390827b0a24d69fcebb98ffbcdc849dd8459d,ceramic-like,emit_sT_GPa_per_K,-0.0069189315550029,K,PRIOR_SEARCH_TRANSFORM_NOT_SERIALIZED;EMPIRICAL_RANGE_RECORDED,-0.0073275911211967,0.02169844223095842,OBSERVED_EVALUATED_POPULATION_EXTREMA_NOT_EXTRAPOLATION_PERMISSION,ACTIVE_SEARCHED_OR_ARCHIVED_MORPH
v913_zeroD_sobol_0060219,a2c2a292e7371f2e1b7e76fe686390827b0a24d69fcebb98ffbcdc849dd8459d,ceramic-like,emit_exp_a,0.1755501898750662,dimensionless,PRIOR_SEARCH_TRANSFORM_NOT_SERIALIZED;EMPIRICAL_RANGE_RECORDED,0.0765673027653247,1.21516272906214,OBSERVED_EVALUATED_POPULATION_EXTREMA_NOT_EXTRAPOLATION_PERMISSION,ACTIVE_SEARCHED_OR_ARCHIVED_MORPH
v913_zeroD_sobol_0060219,a2c2a292e7371f2e1b7e76fe686390827b0a24d69fcebb98ffbcdc849dd8459d,ceramic-like,emit_exp_n,0.775419834908098,dimensionless,PRIOR_SEARCH_TRANSFORM_NOT_SERIALIZED;EMPIRICAL_RANGE_RECORDED,0.4132984722752073,2.404178873915225,OBSERVED_EVALUATED_POPULATION_EXTREMA_NOT_EXTRAPOLATION_PERMISSION,ACTIVE_SEARCHED_OR_ARCHIVED_MORPH
v913_zeroD_sobol_0060219,a2c2a292e7371f2e1b7e76fe686390827b0a24d69fcebb98ffbcdc849dd8459d,ceramic-like,emit_floor_frac,0.0113425899289356,dimensionless,PRIOR_SEARCH_TRANSFORM_NOT_SERIALIZED;EMPIRICAL_RANGE_RECORDED,0.001963405800003,0.1925852665942847,OBSERVED_EVALUATED_POPULATION_EXTREMA_NOT_EXTRAPOLATION_PERMISSION,ACTIVE_SEARCHED_OR_ARCHIVED_MORPH
v913_zeroD_sobol_0060219,a2c2a292e7371f2e1b7e76fe686390827b0a24d69fcebb98ffbcdc849dd8459d,ceramic-like,peierls_H0_eV,0.959687392693013,eV,PRIOR_SEARCH_TRANSFORM_NOT_SERIALIZED;EMPIRICAL_RANGE_RECORDED,0.941218419931829,13.003289933374909,OBSERVED_EVALUATED_POPULATION_EXTREMA_NOT_EXTRAPOLATION_PERMISSION,ACTIVE_SEARCHED_OR_ARCHIVED_MORPH
v913_zeroD_sobol_0060219,a2c2a292e7371f2e1b7e76fe686390827b0a24d69fcebb98ffbcdc849dd8459d,ceramic-like,peierls_activation_entropy_kB,14.77918503805995,dimensionless,PRIOR_SEARCH_TRANSFORM_NOT_SERIALIZED;EMPIRICAL_RANGE_RECORDED,-84.7110473268413,16.830181423574686,OBSERVED_EVALUATED_POPULATION_EXTREMA_NOT_EXTRAPOLATION_PERMISSION,ACTIVE_SEARCHED_OR_ARCHIVED_MORPH
v913_zeroD_sobol_0060219,a2c2a292e7371f2e1b7e76fe686390827b0a24d69fcebb98ffbcdc849dd8459d,ceramic-like,peierls_exp_a,1.7894757851958274,dimensionless,PRIOR_SEARCH_TRANSFORM_NOT_SERIALIZED;EMPIRICAL_RANGE_RECORDED,0.2264547564554959,1.9146125694736835,OBSERVED_EVALUATED_POPULATION_EXTREMA_NOT_EXTRAPOLATION_PERMISSION,ACTIVE_SEARCHED_OR_ARCHIVED_MORPH
v913_zeroD_sobol_0060219,a2c2a292e7371f2e1b7e76fe686390827b0a24d69fcebb98ffbcdc849dd8459d,ceramic-like,peierls_exp_n,0.9159671810921282,dimensionless,PRIOR_SEARCH_TRANSFORM_NOT_SERIALIZED;EMPIRICAL_RANGE_RECORDED,0.5681562009267509,2.5466286113951355,OBSERVED_EVALUATED_POPULATION_EXTREMA_NOT_EXTRAPOLATION_PERMISSION,ACTIVE_SEARCHED_OR_ARCHIVED_MORPH
v913_zeroD_sobol_0060219,a2c2a292e7371f2e1b7e76fe686390827b0a24d69fcebb98ffbcdc849dd8459d,ceramic-like,peierls_nu0_s,1000000000000.0,s^-1,FIXED_IN_RECOVERED_POPULATION,1000000000000.0,1000000000000.0,OBSERVED_EVALUATED_POPULATION_EXTREMA_NOT_EXTRAPOLATION_PERMISSION,FIXED
v913_zeroD_sobol_0060219,a2c2a292e7371f2e1b7e76fe686390827b0a24d69fcebb98ffbcdc849dd8459d,ceramic-like,taylor_H0_eV,0.1275879848003387,eV,PRIOR_SEARCH_TRANSFORM_NOT_SERIALIZED;EMPIRICAL_RANGE_RECORDED,0.1275879848003387,3.2621826685033737,OBSERVED_EVALUATED_POPULATION_EXTREMA_NOT_EXTRAPOLATION_PERMISSION,ACTIVE_SEARCHED_OR_ARCHIVED_MORPH
v913_zeroD_sobol_0060219,a2c2a292e7371f2e1b7e76fe686390827b0a24d69fcebb98ffbcdc849dd8459d,ceramic-like,taylor_activation_entropy_kB,19.32783756405115,dimensionless,PRIOR_SEARCH_TRANSFORM_NOT_SERIALIZED;EMPIRICAL_RANGE_RECORDED,-50.860998454221054,39.933723136782646,OBSERVED_EVALUATED_POPULATION_EXTREMA_NOT_EXTRAPOLATION_PERMISSION,ACTIVE_SEARCHED_OR_ARCHIVED_MORPH
v913_zeroD_sobol_0060219,a2c2a292e7371f2e1b7e76fe686390827b0a24d69fcebb98ffbcdc849dd8459d,ceramic-like,taylor_exp_a,0.0402470866590738,dimensionless,PRIOR_SEARCH_TRANSFORM_NOT_SERIALIZED;EMPIRICAL_RANGE_RECORDED,0.0402470866590738,1.055419295541942,OBSERVED_EVALUATED_POPULATION_EXTREMA_NOT_EXTRAPOLATION_PERMISSION,ACTIVE_SEARCHED_OR_ARCHIVED_MORPH
v913_zeroD_sobol_0060219,a2c2a292e7371f2e1b7e76fe686390827b0a24d69fcebb98ffbcdc849dd8459d,ceramic-like,taylor_exp_n,0.6374284494668245,dimensionless,PRIOR_SEARCH_TRANSFORM_NOT_SERIALIZED;EMPIRICAL_RANGE_RECORDED,0.5389550719410181,2.441455863416195,OBSERVED_EVALUATED_POPULATION_EXTREMA_NOT_EXTRAPOLATION_PERMISSION,ACTIVE_SEARCHED_OR_ARCHIVED_MORPH
v913_zeroD_sobol_0060219,a2c2a292e7371f2e1b7e76fe686390827b0a24d69fcebb98ffbcdc849dd8459d,ceramic-like,taylor_nu0_s,100000000000.0,s^-1,FIXED_IN_RECOVERED_POPULATION,100000000000.0,100000000000.0,OBSERVED_EVALUATED_POPULATION_EXTREMA_NOT_EXTRAPOLATION_PERMISSION,FIXED
v913_zeroD_sobol_0060219,a2c2a292e7371f2e1b7e76fe686390827b0a24d69fcebb98ffbcdc849dd8459d,ceramic-like,rho_source0_m2,1.6621303923333022e+16,m^-2,PRIOR_SEARCH_TRANSFORM_NOT_SERIALIZED;EMPIRICAL_RANGE_RECORDED,204012112642.52756,7.411536373796822e+16,OBSERVED_EVALUATED_POPULATION_EXTREMA_NOT_EXTRAPOLATION_PERMISSION,ACTIVE_SEARCHED_OR_ARCHIVED_MORPH
v913_zeroD_sobol_0060219,a2c2a292e7371f2e1b7e76fe686390827b0a24d69fcebb98ffbcdc849dd8459d,ceramic-like,taylor_corr_rho_c_m2,5.451008813541711e+16,m^-2,PRIOR_SEARCH_TRANSFORM_NOT_SERIALIZED;EMPIRICAL_RANGE_RECORDED,112705259472.60164,8.319121413916371e+17,OBSERVED_EVALUATED_POPULATION_EXTREMA_NOT_EXTRAPOLATION_PERMISSION,ACTIVE_SEARCHED_OR_ARCHIVED_MORPH
v913_zeroD_sobol_0060219,a2c2a292e7371f2e1b7e76fe686390827b0a24d69fcebb98ffbcdc849dd8459d,ceramic-like,taylor_corr_scale,5.963884351453593,dimensionless,PRIOR_SEARCH_TRANSFORM_NOT_SERIALIZED;EMPIRICAL_RANGE_RECORDED,0.0927493991876699,6.048544658291038,OBSERVED_EVALUATED_POPULATION_EXTREMA_NOT_EXTRAPOLATION_PERMISSION,ACTIVE_SEARCHED_OR_ARCHIVED_MORPH
v913_zeroD_sobol_0060219,a2c2a292e7371f2e1b7e76fe686390827b0a24d69fcebb98ffbcdc849dd8459d,ceramic-like,c_blunt,2.47790246643126,dimensionless,PRIOR_SEARCH_TRANSFORM_NOT_SERIALIZED;EMPIRICAL_RANGE_RECORDED,0.12800287729529478,2.929164256900549,OBSERVED_EVALUATED_POPULATION_EXTREMA_NOT_EXTRAPOLATION_PERMISSION,ACTIVE_SEARCHED_OR_ARCHIVED_MORPH
v913_zeroD_sobol_0086763,0bf91af7d6f71253ef8d9262024c52176ea560a511cd9c786f8943f7462d895e,ceramic-like,Tref_K,481.33,K,FIXED_IN_RECOVERED_POPULATION,481.33,481.33,OBSERVED_EVALUATED_POPULATION_EXTREMA_NOT_EXTRAPOLATION_PERMISSION,FIXED
v913_zeroD_sobol_0086763,0bf91af7d6f71253ef8d9262024c52176ea560a511cd9c786f8943f7462d895e,ceramic-like,cleave_G00_eV,2.0171823515556757,eV,PRIOR_SEARCH_TRANSFORM_NOT_SERIALIZED;EMPIRICAL_RANGE_RECORDED,1.1613941742107272,7.0779780057831845,OBSERVED_EVALUATED_POPULATION_EXTREMA_NOT_EXTRAPOLATION_PERMISSION,ACTIVE_SEARCHED_OR_ARCHIVED_MORPH
v913_zeroD_sobol_0086763,0bf91af7d6f71253ef8d9262024c52176ea560a511cd9c786f8943f7462d895e,ceramic-like,cleave_gT_eV_per_K,0.0007157472013495,K,PRIOR_SEARCH_TRANSFORM_NOT_SERIALIZED;EMPIRICAL_RANGE_RECORDED,0.0005332994232885,0.017305200225596503,OBSERVED_EVALUATED_POPULATION_EXTREMA_NOT_EXTRAPOLATION_PERMISSION,ACTIVE_SEARCHED_OR_ARCHIVED_MORPH
v913_zeroD_sobol_0086763,0bf91af7d6f71253ef8d9262024c52176ea560a511cd9c786f8943f7462d895e,ceramic-like,cleave_sigc0_GPa,4.4299531150609255,GPa,PRIOR_SEARCH_TRANSFORM_NOT_SERIALIZED;EMPIRICAL_RANGE_RECORDED,2.3285622997472024,8.779793698331908,OBSERVED_EVALUATED_POPULATION_EXTREMA_NOT_EXTRAPOLATION_PERMISSION,ACTIVE_SEARCHED_OR_ARCHIVED_MORPH
v913_zeroD_sobol_0086763,0bf91af7d6f71253ef8d9262024c52176ea560a511cd9c786f8943f7462d895e,ceramic-like,cleave_sT_GPa_per_K,0.007358667384833,K,PRIOR_SEARCH_TRANSFORM_NOT_SERIALIZED;EMPIRICAL_RANGE_RECORDED,-0.004340660799620141,0.007358667384833,OBSERVED_EVALUATED_POPULATION_EXTREMA_NOT_EXTRAPOLATION_PERMISSION,ACTIVE_SEARCHED_OR_ARCHIVED_MORPH
v913_zeroD_sobol_0086763,0bf91af7d6f71253ef8d9262024c52176ea560a511cd9c786f8943f7462d895e,ceramic-like,cleave_exp_a,0.3242059195879846,dimensionless,PRIOR_SEARCH_TRANSFORM_NOT_SERIALIZED;EMPIRICAL_RANGE_RECORDED,0.0618397523649036,2.5445902769382496,OBSERVED_EVALUATED_POPULATION_EXTREMA_NOT_EXTRAPOLATION_PERMISSION,ACTIVE_SEARCHED_OR_ARCHIVED_MORPH
v913_zeroD_sobol_0086763,0bf91af7d6f71253ef8d9262024c52176ea560a511cd9c786f8943f7462d895e,ceramic-like,cleave_exp_n,1.6929715820588171,dimensionless,PRIOR_SEARCH_TRANSFORM_NOT_SERIALIZED;EMPIRICAL_RANGE_RECORDED,0.5528804096393287,2.63327748933807,OBSERVED_EVALUATED_POPULATION_EXTREMA_NOT_EXTRAPOLATION_PERMISSION,ACTIVE_SEARCHED_OR_ARCHIVED_MORPH
v913_zeroD_sobol_0086763,0bf91af7d6f71253ef8d9262024c52176ea560a511cd9c786f8943f7462d895e,ceramic-like,cleave_floor_frac,0.1966510411308111,dimensionless,PRIOR_SEARCH_TRANSFORM_NOT_SERIALIZED;EMPIRICAL_RANGE_RECORDED,0.0019271603769193,0.1966510411308111,OBSERVED_EVALUATED_POPULATION_EXTREMA_NOT_EXTRAPOLATION_PERMISSION,ACTIVE_SEARCHED_OR_ARCHIVED_MORPH
v913_zeroD_sobol_0086763,0bf91af7d6f71253ef8d9262024c52176ea560a511cd9c786f8943f7462d895e,ceramic-like,emit_G00_eV,3.909099069423973,eV,PRIOR_SEARCH_TRANSFORM_NOT_SERIALIZED;EMPIRICAL_RANGE_RECORDED,1.3044412567732726,6.156296217056183,OBSERVED_EVALUATED_POPULATION_EXTREMA_NOT_EXTRAPOLATION_PERMISSION,ACTIVE_SEARCHED_OR_ARCHIVED_MORPH
v913_zeroD_sobol_0086763,0bf91af7d6f71253ef8d9262024c52176ea560a511cd9c786f8943f7462d895e,ceramic-like,emit_gT_eV_per_K,-0.0016350555261597,K,PRIOR_SEARCH_TRANSFORM_NOT_SERIALIZED;EMPIRICAL_RANGE_RECORDED,-0.006287880726649812,0.0079019972188398,OBSERVED_EVALUATED_POPULATION_EXTREMA_NOT_EXTRAPOLATION_PERMISSION,ACTIVE_SEARCHED_OR_ARCHIVED_MORPH
v913_zeroD_sobol_0086763,0bf91af7d6f71253ef8d9262024c52176ea560a511cd9c786f8943f7462d895e,ceramic-like,emit_sigc0_GPa,3.728829473257065,GPa,PRIOR_SEARCH_TRANSFORM_NOT_SERIALIZED;EMPIRICAL_RANGE_RECORDED,0.7007976029999554,19.987692852133044,OBSERVED_EVALUATED_POPULATION_EXTREMA_NOT_EXTRAPOLATION_PERMISSION,ACTIVE_SEARCHED_OR_ARCHIVED_MORPH
v913_zeroD_sobol_0086763,0bf91af7d6f71253ef8d9262024c52176ea560a511cd9c786f8943f7462d895e,ceramic-like,emit_sT_GPa_per_K,-0.0066645889617502,K,PRIOR_SEARCH_TRANSFORM_NOT_SERIALIZED;EMPIRICAL_RANGE_RECORDED,-0.0073275911211967,0.02169844223095842,OBSERVED_EVALUATED_POPULATION_EXTREMA_NOT_EXTRAPOLATION_PERMISSION,ACTIVE_SEARCHED_OR_ARCHIVED_MORPH
v913_zeroD_sobol_0086763,0bf91af7d6f71253ef8d9262024c52176ea560a511cd9c786f8943f7462d895e,ceramic-like,emit_exp_a,0.0765673027653247,dimensionless,PRIOR_SEARCH_TRANSFORM_NOT_SERIALIZED;EMPIRICAL_RANGE_RECORDED,0.0765673027653247,1.21516272906214,OBSERVED_EVALUATED_POPULATION_EXTREMA_NOT_EXTRAPOLATION_PERMISSION,ACTIVE_SEARCHED_OR_ARCHIVED_MORPH
v913_zeroD_sobol_0086763,0bf91af7d6f71253ef8d9262024c52176ea560a511cd9c786f8943f7462d895e,ceramic-like,emit_exp_n,1.8451305483933536,dimensionless,PRIOR_SEARCH_TRANSFORM_NOT_SERIALIZED;EMPIRICAL_RANGE_RECORDED,0.4132984722752073,2.404178873915225,OBSERVED_EVALUATED_POPULATION_EXTREMA_NOT_EXTRAPOLATION_PERMISSION,ACTIVE_SEARCHED_OR_ARCHIVED_MORPH
v913_zeroD_sobol_0086763,0bf91af7d6f71253ef8d9262024c52176ea560a511cd9c786f8943f7462d895e,ceramic-like,emit_floor_frac,0.0316501915939528,dimensionless,PRIOR_SEARCH_TRANSFORM_NOT_SERIALIZED;EMPIRICAL_RANGE_RECORDED,0.001963405800003,0.1925852665942847,OBSERVED_EVALUATED_POPULATION_EXTREMA_NOT_EXTRAPOLATION_PERMISSION,ACTIVE_SEARCHED_OR_ARCHIVED_MORPH
v913_zeroD_sobol_0086763,0bf91af7d6f71253ef8d9262024c52176ea560a511cd9c786f8943f7462d895e,ceramic-like,peierls_H0_eV,1.314332072623074,eV,PRIOR_SEARCH_TRANSFORM_NOT_SERIALIZED;EMPIRICAL_RANGE_RECORDED,0.941218419931829,13.003289933374909,OBSERVED_EVALUATED_POPULATION_EXTREMA_NOT_EXTRAPOLATION_PERMISSION,ACTIVE_SEARCHED_OR_ARCHIVED_MORPH
v913_zeroD_sobol_0086763,0bf91af7d6f71253ef8d9262024c52176ea560a511cd9c786f8943f7462d895e,ceramic-like,peierls_activation_entropy_kB,-20.236899703741077,dimensionless,PRIOR_SEARCH_TRANSFORM_NOT_SERIALIZED;EMPIRICAL_RANGE_RECORDED,-84.7110473268413,16.830181423574686,OBSERVED_EVALUATED_POPULATION_EXTREMA_NOT_EXTRAPOLATION_PERMISSION,ACTIVE_SEARCHED_OR_ARCHIVED_MORPH
v913_zeroD_sobol_0086763,0bf91af7d6f71253ef8d9262024c52176ea560a511cd9c786f8943f7462d895e,ceramic-like,peierls_exp_a,1.1734891518950463,dimensionless,PRIOR_SEARCH_TRANSFORM_NOT_SERIALIZED;EMPIRICAL_RANGE_RECORDED,0.2264547564554959,1.9146125694736835,OBSERVED_EVALUATED_POPULATION_EXTREMA_NOT_EXTRAPOLATION_PERMISSION,ACTIVE_SEARCHED_OR_ARCHIVED_MORPH
v913_zeroD_sobol_0086763,0bf91af7d6f71253ef8d9262024c52176ea560a511cd9c786f8943f7462d895e,ceramic-like,peierls_exp_n,2.3269249042496085,dimensionless,PRIOR_SEARCH_TRANSFORM_NOT_SERIALIZED;EMPIRICAL_RANGE_RECORDED,0.5681562009267509,2.5466286113951355,OBSERVED_EVALUATED_POPULATION_EXTREMA_NOT_EXTRAPOLATION_PERMISSION,ACTIVE_SEARCHED_OR_ARCHIVED_MORPH
v913_zeroD_sobol_0086763,0bf91af7d6f71253ef8d9262024c52176ea560a511cd9c786f8943f7462d895e,ceramic-like,peierls_nu0_s,1000000000000.0,s^-1,FIXED_IN_RECOVERED_POPULATION,1000000000000.0,1000000000000.0,OBSERVED_EVALUATED_POPULATION_EXTREMA_NOT_EXTRAPOLATION_PERMISSION,FIXED
v913_zeroD_sobol_0086763,0bf91af7d6f71253ef8d9262024c52176ea560a511cd9c786f8943f7462d895e,ceramic-like,taylor_H0_eV,0.9463708013296128,eV,PRIOR_SEARCH_TRANSFORM_NOT_SERIALIZED;EMPIRICAL_RANGE_RECORDED,0.1275879848003387,3.2621826685033737,OBSERVED_EVALUATED_POPULATION_EXTREMA_NOT_EXTRAPOLATION_PERMISSION,ACTIVE_SEARCHED_OR_ARCHIVED_MORPH
v913_zeroD_sobol_0086763,0bf91af7d6f71253ef8d9262024c52176ea560a511cd9c786f8943f7462d895e,ceramic-like,taylor_activation_entropy_kB,10.147276632487774,dimensionless,PRIOR_SEARCH_TRANSFORM_NOT_SERIALIZED;EMPIRICAL_RANGE_RECORDED,-50.860998454221054,39.933723136782646,OBSERVED_EVALUATED_POPULATION_EXTREMA_NOT_EXTRAPOLATION_PERMISSION,ACTIVE_SEARCHED_OR_ARCHIVED_MORPH
v913_zeroD_sobol_0086763,0bf91af7d6f71253ef8d9262024c52176ea560a511cd9c786f8943f7462d895e,ceramic-like,taylor_exp_a,0.5216803448833525,dimensionless,PRIOR_SEARCH_TRANSFORM_NOT_SERIALIZED;EMPIRICAL_RANGE_RECORDED,0.0402470866590738,1.055419295541942,OBSERVED_EVALUATED_POPULATION_EXTREMA_NOT_EXTRAPOLATION_PERMISSION,ACTIVE_SEARCHED_OR_ARCHIVED_MORPH
v913_zeroD_sobol_0086763,0bf91af7d6f71253ef8d9262024c52176ea560a511cd9c786f8943f7462d895e,ceramic-like,taylor_exp_n,1.5814494546502829,dimensionless,PRIOR_SEARCH_TRANSFORM_NOT_SERIALIZED;EMPIRICAL_RANGE_RECORDED,0.5389550719410181,2.441455863416195,OBSERVED_EVALUATED_POPULATION_EXTREMA_NOT_EXTRAPOLATION_PERMISSION,ACTIVE_SEARCHED_OR_ARCHIVED_MORPH
v913_zeroD_sobol_0086763,0bf91af7d6f71253ef8d9262024c52176ea560a511cd9c786f8943f7462d895e,ceramic-like,taylor_nu0_s,100000000000.0,s^-1,FIXED_IN_RECOVERED_POPULATION,100000000000.0,100000000000.0,OBSERVED_EVALUATED_POPULATION_EXTREMA_NOT_EXTRAPOLATION_PERMISSION,FIXED
v913_zeroD_sobol_0086763,0bf91af7d6f71253ef8d9262024c52176ea560a511cd9c786f8943f7462d895e,ceramic-like,rho_source0_m2,360369746344293.2,m^-2,PRIOR_SEARCH_TRANSFORM_NOT_SERIALIZED;EMPIRICAL_RANGE_RECORDED,204012112642.52756,7.411536373796822e+16,OBSERVED_EVALUATED_POPULATION_EXTREMA_NOT_EXTRAPOLATION_PERMISSION,ACTIVE_SEARCHED_OR_ARCHIVED_MORPH
v913_zeroD_sobol_0086763,0bf91af7d6f71253ef8d9262024c52176ea560a511cd9c786f8943f7462d895e,ceramic-like,taylor_corr_rho_c_m2,3.744286819044797e+17,m^-2,PRIOR_SEARCH_TRANSFORM_NOT_SERIALIZED;EMPIRICAL_RANGE_RECORDED,112705259472.60164,8.319121413916371e+17,OBSERVED_EVALUATED_POPULATION_EXTREMA_NOT_EXTRAPOLATION_PERMISSION,ACTIVE_SEARCHED_OR_ARCHIVED_MORPH
v913_zeroD_sobol_0086763,0bf91af7d6f71253ef8d9262024c52176ea560a511cd9c786f8943f7462d895e,ceramic-like,taylor_corr_scale,3.648212336865315,dimensionless,PRIOR_SEARCH_TRANSFORM_NOT_SERIALIZED;EMPIRICAL_RANGE_RECORDED,0.0927493991876699,6.048544658291038,OBSERVED_EVALUATED_POPULATION_EXTREMA_NOT_EXTRAPOLATION_PERMISSION,ACTIVE_SEARCHED_OR_ARCHIVED_MORPH
v913_zeroD_sobol_0086763,0bf91af7d6f71253ef8d9262024c52176ea560a511cd9c786f8943f7462d895e,ceramic-like,c_blunt,1.6149879125878217,dimensionless,PRIOR_SEARCH_TRANSFORM_NOT_SERIALIZED;EMPIRICAL_RANGE_RECORDED,0.12800287729529478,2.929164256900549,OBSERVED_EVALUATED_POPULATION_EXTREMA_NOT_EXTRAPOLATION_PERMISSION,ACTIVE_SEARCHED_OR_ARCHIVED_MORPH
v913_zeroD_sobol_0129902,ada3759a718d9f0dce0af90ab4acc85e9ab2a1bca81c3837324bd0bc5cfd5d45,ceramic-like,Tref_K,481.33,K,FIXED_IN_RECOVERED_POPULATION,481.33,481.33,OBSERVED_EVALUATED_POPULATION_EXTREMA_NOT_EXTRAPOLATION_PERMISSION,FIXED
v913_zeroD_sobol_0129902,ada3759a718d9f0dce0af90ab4acc85e9ab2a1bca81c3837324bd0bc5cfd5d45,ceramic-like,cleave_G00_eV,2.683425398543477,eV,PRIOR_SEARCH_TRANSFORM_NOT_SERIALIZED;EMPIRICAL_RANGE_RECORDED,1.1613941742107272,7.0779780057831845,OBSERVED_EVALUATED_POPULATION_EXTREMA_NOT_EXTRAPOLATION_PERMISSION,ACTIVE_SEARCHED_OR_ARCHIVED_MORPH
v913_zeroD_sobol_0129902,ada3759a718d9f0dce0af90ab4acc85e9ab2a1bca81c3837324bd0bc5cfd5d45,ceramic-like,cleave_gT_eV_per_K,0.0060197069197893,K,PRIOR_SEARCH_TRANSFORM_NOT_SERIALIZED;EMPIRICAL_RANGE_RECORDED,0.0005332994232885,0.017305200225596503,OBSERVED_EVALUATED_POPULATION_EXTREMA_NOT_EXTRAPOLATION_PERMISSION,ACTIVE_SEARCHED_OR_ARCHIVED_MORPH
v913_zeroD_sobol_0129902,ada3759a718d9f0dce0af90ab4acc85e9ab2a1bca81c3837324bd0bc5cfd5d45,ceramic-like,cleave_sigc0_GPa,4.890972775872797,GPa,PRIOR_SEARCH_TRANSFORM_NOT_SERIALIZED;EMPIRICAL_RANGE_RECORDED,2.3285622997472024,8.779793698331908,OBSERVED_EVALUATED_POPULATION_EXTREMA_NOT_EXTRAPOLATION_PERMISSION,ACTIVE_SEARCHED_OR_ARCHIVED_MORPH
v913_zeroD_sobol_0129902,ada3759a718d9f0dce0af90ab4acc85e9ab2a1bca81c3837324bd0bc5cfd5d45,ceramic-like,cleave_sT_GPa_per_K,-0.0002585870958864,K,PRIOR_SEARCH_TRANSFORM_NOT_SERIALIZED;EMPIRICAL_RANGE_RECORDED,-0.004340660799620141,0.007358667384833,OBSERVED_EVALUATED_POPULATION_EXTREMA_NOT_EXTRAPOLATION_PERMISSION,ACTIVE_SEARCHED_OR_ARCHIVED_MORPH
v913_zeroD_sobol_0129902,ada3759a718d9f0dce0af90ab4acc85e9ab2a1bca81c3837324bd0bc5cfd5d45,ceramic-like,cleave_exp_a,1.1411482973955571,dimensionless,PRIOR_SEARCH_TRANSFORM_NOT_SERIALIZED;EMPIRICAL_RANGE_RECORDED,0.0618397523649036,2.5445902769382496,OBSERVED_EVALUATED_POPULATION_EXTREMA_NOT_EXTRAPOLATION_PERMISSION,ACTIVE_SEARCHED_OR_ARCHIVED_MORPH
v913_zeroD_sobol_0129902,ada3759a718d9f0dce0af90ab4acc85e9ab2a1bca81c3837324bd0bc5cfd5d45,ceramic-like,cleave_exp_n,1.1264505988918243,dimensionless,PRIOR_SEARCH_TRANSFORM_NOT_SERIALIZED;EMPIRICAL_RANGE_RECORDED,0.5528804096393287,2.63327748933807,OBSERVED_EVALUATED_POPULATION_EXTREMA_NOT_EXTRAPOLATION_PERMISSION,ACTIVE_SEARCHED_OR_ARCHIVED_MORPH
v913_zeroD_sobol_0129902,ada3759a718d9f0dce0af90ab4acc85e9ab2a1bca81c3837324bd0bc5cfd5d45,ceramic-like,cleave_floor_frac,0.0019271603769193,dimensionless,PRIOR_SEARCH_TRANSFORM_NOT_SERIALIZED;EMPIRICAL_RANGE_RECORDED,0.0019271603769193,0.1966510411308111,OBSERVED_EVALUATED_POPULATION_EXTREMA_NOT_EXTRAPOLATION_PERMISSION,ACTIVE_SEARCHED_OR_ARCHIVED_MORPH
v913_zeroD_sobol_0129902,ada3759a718d9f0dce0af90ab4acc85e9ab2a1bca81c3837324bd0bc5cfd5d45,ceramic-like,emit_G00_eV,1.6985005037859082,eV,PRIOR_SEARCH_TRANSFORM_NOT_SERIALIZED;EMPIRICAL_RANGE_RECORDED,1.3044412567732726,6.156296217056183,OBSERVED_EVALUATED_POPULATION_EXTREMA_NOT_EXTRAPOLATION_PERMISSION,ACTIVE_SEARCHED_OR_ARCHIVED_MORPH
v913_zeroD_sobol_0129902,ada3759a718d9f0dce0af90ab4acc85e9ab2a1bca81c3837324bd0bc5cfd5d45,ceramic-like,emit_gT_eV_per_K,0.0025603877846151,K,PRIOR_SEARCH_TRANSFORM_NOT_SERIALIZED;EMPIRICAL_RANGE_RECORDED,-0.006287880726649812,0.0079019972188398,OBSERVED_EVALUATED_POPULATION_EXTREMA_NOT_EXTRAPOLATION_PERMISSION,ACTIVE_SEARCHED_OR_ARCHIVED_MORPH
v913_zeroD_sobol_0129902,ada3759a718d9f0dce0af90ab4acc85e9ab2a1bca81c3837324bd0bc5cfd5d45,ceramic-like,emit_sigc0_GPa,0.7007976029999554,GPa,PRIOR_SEARCH_TRANSFORM_NOT_SERIALIZED;EMPIRICAL_RANGE_RECORDED,0.7007976029999554,19.987692852133044,OBSERVED_EVALUATED_POPULATION_EXTREMA_NOT_EXTRAPOLATION_PERMISSION,ACTIVE_SEARCHED_OR_ARCHIVED_MORPH
v913_zeroD_sobol_0129902,ada3759a718d9f0dce0af90ab4acc85e9ab2a1bca81c3837324bd0bc5cfd5d45,ceramic-like,emit_sT_GPa_per_K,-0.000113367350772,K,PRIOR_SEARCH_TRANSFORM_NOT_SERIALIZED;EMPIRICAL_RANGE_RECORDED,-0.0073275911211967,0.02169844223095842,OBSERVED_EVALUATED_POPULATION_EXTREMA_NOT_EXTRAPOLATION_PERMISSION,ACTIVE_SEARCHED_OR_ARCHIVED_MORPH
v913_zeroD_sobol_0129902,ada3759a718d9f0dce0af90ab4acc85e9ab2a1bca81c3837324bd0bc5cfd5d45,ceramic-like,emit_exp_a,0.6522800833545626,dimensionless,PRIOR_SEARCH_TRANSFORM_NOT_SERIALIZED;EMPIRICAL_RANGE_RECORDED,0.0765673027653247,1.21516272906214,OBSERVED_EVALUATED_POPULATION_EXTREMA_NOT_EXTRAPOLATION_PERMISSION,ACTIVE_SEARCHED_OR_ARCHIVED_MORPH
v913_zeroD_sobol_0129902,ada3759a718d9f0dce0af90ab4acc85e9ab2a1bca81c3837324bd0bc5cfd5d45,ceramic-like,emit_exp_n,0.8178969756700099,dimensionless,PRIOR_SEARCH_TRANSFORM_NOT_SERIALIZED;EMPIRICAL_RANGE_RECORDED,0.4132984722752073,2.404178873915225,OBSERVED_EVALUATED_POPULATION_EXTREMA_NOT_EXTRAPOLATION_PERMISSION,ACTIVE_SEARCHED_OR_ARCHIVED_MORPH
v913_zeroD_sobol_0129902,ada3759a718d9f0dce0af90ab4acc85e9ab2a1bca81c3837324bd0bc5cfd5d45,ceramic-like,emit_floor_frac,0.001963405800003,dimensionless,PRIOR_SEARCH_TRANSFORM_NOT_SERIALIZED;EMPIRICAL_RANGE_RECORDED,0.001963405800003,0.1925852665942847,OBSERVED_EVALUATED_POPULATION_EXTREMA_NOT_EXTRAPOLATION_PERMISSION,ACTIVE_SEARCHED_OR_ARCHIVED_MORPH
v913_zeroD_sobol_0129902,ada3759a718d9f0dce0af90ab4acc85e9ab2a1bca81c3837324bd0bc5cfd5d45,ceramic-like,peierls_H0_eV,7.117342075519264,eV,PRIOR_SEARCH_TRANSFORM_NOT_SERIALIZED;EMPIRICAL_RANGE_RECORDED,0.941218419931829,13.003289933374909,OBSERVED_EVALUATED_POPULATION_EXTREMA_NOT_EXTRAPOLATION_PERMISSION,ACTIVE_SEARCHED_OR_ARCHIVED_MORPH
v913_zeroD_sobol_0129902,ada3759a718d9f0dce0af90ab4acc85e9ab2a1bca81c3837324bd0bc5cfd5d45,ceramic-like,peierls_activation_entropy_kB,-47.75738567113876,dimensionless,PRIOR_SEARCH_TRANSFORM_NOT_SERIALIZED;EMPIRICAL_RANGE_RECORDED,-84.7110473268413,16.830181423574686,OBSERVED_EVALUATED_POPULATION_EXTREMA_NOT_EXTRAPOLATION_PERMISSION,ACTIVE_SEARCHED_OR_ARCHIVED_MORPH
v913_zeroD_sobol_0129902,ada3759a718d9f0dce0af90ab4acc85e9ab2a1bca81c3837324bd0bc5cfd5d45,ceramic-like,peierls_exp_a,0.2264547564554959,dimensionless,PRIOR_SEARCH_TRANSFORM_NOT_SERIALIZED;EMPIRICAL_RANGE_RECORDED,0.2264547564554959,1.9146125694736835,OBSERVED_EVALUATED_POPULATION_EXTREMA_NOT_EXTRAPOLATION_PERMISSION,ACTIVE_SEARCHED_OR_ARCHIVED_MORPH
v913_zeroD_sobol_0129902,ada3759a718d9f0dce0af90ab4acc85e9ab2a1bca81c3837324bd0bc5cfd5d45,ceramic-like,peierls_exp_n,1.9374389592558143,dimensionless,PRIOR_SEARCH_TRANSFORM_NOT_SERIALIZED;EMPIRICAL_RANGE_RECORDED,0.5681562009267509,2.5466286113951355,OBSERVED_EVALUATED_POPULATION_EXTREMA_NOT_EXTRAPOLATION_PERMISSION,ACTIVE_SEARCHED_OR_ARCHIVED_MORPH
v913_zeroD_sobol_0129902,ada3759a718d9f0dce0af90ab4acc85e9ab2a1bca81c3837324bd0bc5cfd5d45,ceramic-like,peierls_nu0_s,1000000000000.0,s^-1,FIXED_IN_RECOVERED_POPULATION,1000000000000.0,1000000000000.0,OBSERVED_EVALUATED_POPULATION_EXTREMA_NOT_EXTRAPOLATION_PERMISSION,FIXED
v913_zeroD_sobol_0129902,ada3759a718d9f0dce0af90ab4acc85e9ab2a1bca81c3837324bd0bc5cfd5d45,ceramic-like,taylor_H0_eV,3.2621826685033737,eV,PRIOR_SEARCH_TRANSFORM_NOT_SERIALIZED;EMPIRICAL_RANGE_RECORDED,0.1275879848003387,3.2621826685033737,OBSERVED_EVALUATED_POPULATION_EXTREMA_NOT_EXTRAPOLATION_PERMISSION,ACTIVE_SEARCHED_OR_ARCHIVED_MORPH
v913_zeroD_sobol_0129902,ada3759a718d9f0dce0af90ab4acc85e9ab2a1bca81c3837324bd0bc5cfd5d45,ceramic-like,taylor_activation_entropy_kB,39.933723136782646,dimensionless,PRIOR_SEARCH_TRANSFORM_NOT_SERIALIZED;EMPIRICAL_RANGE_RECORDED,-50.860998454221054,39.933723136782646,OBSERVED_EVALUATED_POPULATION_EXTREMA_NOT_EXTRAPOLATION_PERMISSION,ACTIVE_SEARCHED_OR_ARCHIVED_MORPH
v913_zeroD_sobol_0129902,ada3759a718d9f0dce0af90ab4acc85e9ab2a1bca81c3837324bd0bc5cfd5d45,ceramic-like,taylor_exp_a,1.055419295541942,dimensionless,PRIOR_SEARCH_TRANSFORM_NOT_SERIALIZED;EMPIRICAL_RANGE_RECORDED,0.0402470866590738,1.055419295541942,OBSERVED_EVALUATED_POPULATION_EXTREMA_NOT_EXTRAPOLATION_PERMISSION,ACTIVE_SEARCHED_OR_ARCHIVED_MORPH
v913_zeroD_sobol_0129902,ada3759a718d9f0dce0af90ab4acc85e9ab2a1bca81c3837324bd0bc5cfd5d45,ceramic-like,taylor_exp_n,1.0061173520516604,dimensionless,PRIOR_SEARCH_TRANSFORM_NOT_SERIALIZED;EMPIRICAL_RANGE_RECORDED,0.5389550719410181,2.441455863416195,OBSERVED_EVALUATED_POPULATION_EXTREMA_NOT_EXTRAPOLATION_PERMISSION,ACTIVE_SEARCHED_OR_ARCHIVED_MORPH
v913_zeroD_sobol_0129902,ada3759a718d9f0dce0af90ab4acc85e9ab2a1bca81c3837324bd0bc5cfd5d45,ceramic-like,taylor_nu0_s,100000000000.0,s^-1,FIXED_IN_RECOVERED_POPULATION,100000000000.0,100000000000.0,OBSERVED_EVALUATED_POPULATION_EXTREMA_NOT_EXTRAPOLATION_PERMISSION,FIXED
v913_zeroD_sobol_0129902,ada3759a718d9f0dce0af90ab4acc85e9ab2a1bca81c3837324bd0bc5cfd5d45,ceramic-like,rho_source0_m2,18895562156334.47,m^-2,PRIOR_SEARCH_TRANSFORM_NOT_SERIALIZED;EMPIRICAL_RANGE_RECORDED,204012112642.52756,7.411536373796822e+16,OBSERVED_EVALUATED_POPULATION_EXTREMA_NOT_EXTRAPOLATION_PERMISSION,ACTIVE_SEARCHED_OR_ARCHIVED_MORPH
v913_zeroD_sobol_0129902,ada3759a718d9f0dce0af90ab4acc85e9ab2a1bca81c3837324bd0bc5cfd5d45,ceramic-like,taylor_corr_rho_c_m2,237130686553740.03,m^-2,PRIOR_SEARCH_TRANSFORM_NOT_SERIALIZED;EMPIRICAL_RANGE_RECORDED,112705259472.60164,8.319121413916371e+17,OBSERVED_EVALUATED_POPULATION_EXTREMA_NOT_EXTRAPOLATION_PERMISSION,ACTIVE_SEARCHED_OR_ARCHIVED_MORPH
v913_zeroD_sobol_0129902,ada3759a718d9f0dce0af90ab4acc85e9ab2a1bca81c3837324bd0bc5cfd5d45,ceramic-like,taylor_corr_scale,0.0927493991876699,dimensionless,PRIOR_SEARCH_TRANSFORM_NOT_SERIALIZED;EMPIRICAL_RANGE_RECORDED,0.0927493991876699,6.048544658291038,OBSERVED_EVALUATED_POPULATION_EXTREMA_NOT_EXTRAPOLATION_PERMISSION,ACTIVE_SEARCHED_OR_ARCHIVED_MORPH
v913_zeroD_sobol_0129902,ada3759a718d9f0dce0af90ab4acc85e9ab2a1bca81c3837324bd0bc5cfd5d45,ceramic-like,c_blunt,1.9507201686501503,dimensionless,PRIOR_SEARCH_TRANSFORM_NOT_SERIALIZED;EMPIRICAL_RANGE_RECORDED,0.12800287729529478,2.929164256900549,OBSERVED_EVALUATED_POPULATION_EXTREMA_NOT_EXTRAPOLATION_PERMISSION,ACTIVE_SEARCHED_OR_ARCHIVED_MORPH
v913_zeroD_sobol_0134035,0a676bb4313aba4e637ee132e8d255300ebde9171cc8bf7fe1ea43edf893f8dd,ceramic-like,Tref_K,481.33,K,FIXED_IN_RECOVERED_POPULATION,481.33,481.33,OBSERVED_EVALUATED_POPULATION_EXTREMA_NOT_EXTRAPOLATION_PERMISSION,FIXED
v913_zeroD_sobol_0134035,0a676bb4313aba4e637ee132e8d255300ebde9171cc8bf7fe1ea43edf893f8dd,ceramic-like,cleave_G00_eV,3.233907286543399,eV,PRIOR_SEARCH_TRANSFORM_NOT_SERIALIZED;EMPIRICAL_RANGE_RECORDED,1.1613941742107272,7.0779780057831845,OBSERVED_EVALUATED_POPULATION_EXTREMA_NOT_EXTRAPOLATION_PERMISSION,ACTIVE_SEARCHED_OR_ARCHIVED_MORPH
v913_zeroD_sobol_0134035,0a676bb4313aba4e637ee132e8d255300ebde9171cc8bf7fe1ea43edf893f8dd,ceramic-like,cleave_gT_eV_per_K,0.0058032531985081,K,PRIOR_SEARCH_TRANSFORM_NOT_SERIALIZED;EMPIRICAL_RANGE_RECORDED,0.0005332994232885,0.017305200225596503,OBSERVED_EVALUATED_POPULATION_EXTREMA_NOT_EXTRAPOLATION_PERMISSION,ACTIVE_SEARCHED_OR_ARCHIVED_MORPH
v913_zeroD_sobol_0134035,0a676bb4313aba4e637ee132e8d255300ebde9171cc8bf7fe1ea43edf893f8dd,ceramic-like,cleave_sigc0_GPa,6.595284782350063,GPa,PRIOR_SEARCH_TRANSFORM_NOT_SERIALIZED;EMPIRICAL_RANGE_RECORDED,2.3285622997472024,8.779793698331908,OBSERVED_EVALUATED_POPULATION_EXTREMA_NOT_EXTRAPOLATION_PERMISSION,ACTIVE_SEARCHED_OR_ARCHIVED_MORPH
v913_zeroD_sobol_0134035,0a676bb4313aba4e637ee132e8d255300ebde9171cc8bf7fe1ea43edf893f8dd,ceramic-like,cleave_sT_GPa_per_K,-0.0008306465232744,K,PRIOR_SEARCH_TRANSFORM_NOT_SERIALIZED;EMPIRICAL_RANGE_RECORDED,-0.004340660799620141,0.007358667384833,OBSERVED_EVALUATED_POPULATION_EXTREMA_NOT_EXTRAPOLATION_PERMISSION,ACTIVE_SEARCHED_OR_ARCHIVED_MORPH
v913_zeroD_sobol_0134035,0a676bb4313aba4e637ee132e8d255300ebde9171cc8bf7fe1ea43edf893f8dd,ceramic-like,cleave_exp_a,1.022268332215026,dimensionless,PRIOR_SEARCH_TRANSFORM_NOT_SERIALIZED;EMPIRICAL_RANGE_RECORDED,0.0618397523649036,2.5445902769382496,OBSERVED_EVALUATED_POPULATION_EXTREMA_NOT_EXTRAPOLATION_PERMISSION,ACTIVE_SEARCHED_OR_ARCHIVED_MORPH
v913_zeroD_sobol_0134035,0a676bb4313aba4e637ee132e8d255300ebde9171cc8bf7fe1ea43edf893f8dd,ceramic-like,cleave_exp_n,1.2269537332467737,dimensionless,PRIOR_SEARCH_TRANSFORM_NOT_SERIALIZED;EMPIRICAL_RANGE_RECORDED,0.5528804096393287,2.63327748933807,OBSERVED_EVALUATED_POPULATION_EXTREMA_NOT_EXTRAPOLATION_PERMISSION,ACTIVE_SEARCHED_OR_ARCHIVED_MORPH
v913_zeroD_sobol_0134035,0a676bb4313aba4e637ee132e8d255300ebde9171cc8bf7fe1ea43edf893f8dd,ceramic-like,cleave_floor_frac,0.0229905830425804,dimensionless,PRIOR_SEARCH_TRANSFORM_NOT_SERIALIZED;EMPIRICAL_RANGE_RECORDED,0.0019271603769193,0.1966510411308111,OBSERVED_EVALUATED_POPULATION_EXTREMA_NOT_EXTRAPOLATION_PERMISSION,ACTIVE_SEARCHED_OR_ARCHIVED_MORPH
v913_zeroD_sobol_0134035,0a676bb4313aba4e637ee132e8d255300ebde9171cc8bf7fe1ea43edf893f8dd,ceramic-like,emit_G00_eV,3.2737088114023205,eV,PRIOR_SEARCH_TRANSFORM_NOT_SERIALIZED;EMPIRICAL_RANGE_RECORDED,1.3044412567732726,6.156296217056183,OBSERVED_EVALUATED_POPULATION_EXTREMA_NOT_EXTRAPOLATION_PERMISSION,ACTIVE_SEARCHED_OR_ARCHIVED_MORPH
v913_zeroD_sobol_0134035,0a676bb4313aba4e637ee132e8d255300ebde9171cc8bf7fe1ea43edf893f8dd,ceramic-like,emit_gT_eV_per_K,-0.0014017990753054,K,PRIOR_SEARCH_TRANSFORM_NOT_SERIALIZED;EMPIRICAL_RANGE_RECORDED,-0.006287880726649812,0.0079019972188398,OBSERVED_EVALUATED_POPULATION_EXTREMA_NOT_EXTRAPOLATION_PERMISSION,ACTIVE_SEARCHED_OR_ARCHIVED_MORPH
v913_zeroD_sobol_0134035,0a676bb4313aba4e637ee132e8d255300ebde9171cc8bf7fe1ea43edf893f8dd,ceramic-like,emit_sigc0_GPa,7.837275750935078,GPa,PRIOR_SEARCH_TRANSFORM_NOT_SERIALIZED;EMPIRICAL_RANGE_RECORDED,0.7007976029999554,19.987692852133044,OBSERVED_EVALUATED_POPULATION_EXTREMA_NOT_EXTRAPOLATION_PERMISSION,ACTIVE_SEARCHED_OR_ARCHIVED_MORPH
v913_zeroD_sobol_0134035,0a676bb4313aba4e637ee132e8d255300ebde9171cc8bf7fe1ea43edf893f8dd,ceramic-like,emit_sT_GPa_per_K,0.0018341646678745,K,PRIOR_SEARCH_TRANSFORM_NOT_SERIALIZED;EMPIRICAL_RANGE_RECORDED,-0.0073275911211967,0.02169844223095842,OBSERVED_EVALUATED_POPULATION_EXTREMA_NOT_EXTRAPOLATION_PERMISSION,ACTIVE_SEARCHED_OR_ARCHIVED_MORPH
v913_zeroD_sobol_0134035,0a676bb4313aba4e637ee132e8d255300ebde9171cc8bf7fe1ea43edf893f8dd,ceramic-like,emit_exp_a,0.4223329514544457,dimensionless,PRIOR_SEARCH_TRANSFORM_NOT_SERIALIZED;EMPIRICAL_RANGE_RECORDED,0.0765673027653247,1.21516272906214,OBSERVED_EVALUATED_POPULATION_EXTREMA_NOT_EXTRAPOLATION_PERMISSION,ACTIVE_SEARCHED_OR_ARCHIVED_MORPH
v913_zeroD_sobol_0134035,0a676bb4313aba4e637ee132e8d255300ebde9171cc8bf7fe1ea43edf893f8dd,ceramic-like,emit_exp_n,0.637059442512691,dimensionless,PRIOR_SEARCH_TRANSFORM_NOT_SERIALIZED;EMPIRICAL_RANGE_RECORDED,0.4132984722752073,2.404178873915225,OBSERVED_EVALUATED_POPULATION_EXTREMA_NOT_EXTRAPOLATION_PERMISSION,ACTIVE_SEARCHED_OR_ARCHIVED_MORPH
v913_zeroD_sobol_0134035,0a676bb4313aba4e637ee132e8d255300ebde9171cc8bf7fe1ea43edf893f8dd,ceramic-like,emit_floor_frac,0.0083827769047892,dimensionless,PRIOR_SEARCH_TRANSFORM_NOT_SERIALIZED;EMPIRICAL_RANGE_RECORDED,0.001963405800003,0.1925852665942847,OBSERVED_EVALUATED_POPULATION_EXTREMA_NOT_EXTRAPOLATION_PERMISSION,ACTIVE_SEARCHED_OR_ARCHIVED_MORPH
v913_zeroD_sobol_0134035,0a676bb4313aba4e637ee132e8d255300ebde9171cc8bf7fe1ea43edf893f8dd,ceramic-like,peierls_H0_eV,5.945067501161248,eV,PRIOR_SEARCH_TRANSFORM_NOT_SERIALIZED;EMPIRICAL_RANGE_RECORDED,0.941218419931829,13.003289933374909,OBSERVED_EVALUATED_POPULATION_EXTREMA_NOT_EXTRAPOLATION_PERMISSION,ACTIVE_SEARCHED_OR_ARCHIVED_MORPH
v913_zeroD_sobol_0134035,0a676bb4313aba4e637ee132e8d255300ebde9171cc8bf7fe1ea43edf893f8dd,ceramic-like,peierls_activation_entropy_kB,11.4813625626266,dimensionless,PRIOR_SEARCH_TRANSFORM_NOT_SERIALIZED;EMPIRICAL_RANGE_RECORDED,-84.7110473268413,16.830181423574686,OBSERVED_EVALUATED_POPULATION_EXTREMA_NOT_EXTRAPOLATION_PERMISSION,ACTIVE_SEARCHED_OR_ARCHIVED_MORPH
v913_zeroD_sobol_0134035,0a676bb4313aba4e637ee132e8d255300ebde9171cc8bf7fe1ea43edf893f8dd,ceramic-like,peierls_exp_a,1.4448536720126868,dimensionless,PRIOR_SEARCH_TRANSFORM_NOT_SERIALIZED;EMPIRICAL_RANGE_RECORDED,0.2264547564554959,1.9146125694736835,OBSERVED_EVALUATED_POPULATION_EXTREMA_NOT_EXTRAPOLATION_PERMISSION,ACTIVE_SEARCHED_OR_ARCHIVED_MORPH
v913_zeroD_sobol_0134035,0a676bb4313aba4e637ee132e8d255300ebde9171cc8bf7fe1ea43edf893f8dd,ceramic-like,peierls_exp_n,0.79892413970083,dimensionless,PRIOR_SEARCH_TRANSFORM_NOT_SERIALIZED;EMPIRICAL_RANGE_RECORDED,0.5681562009267509,2.5466286113951355,OBSERVED_EVALUATED_POPULATION_EXTREMA_NOT_EXTRAPOLATION_PERMISSION,ACTIVE_SEARCHED_OR_ARCHIVED_MORPH
v913_zeroD_sobol_0134035,0a676bb4313aba4e637ee132e8d255300ebde9171cc8bf7fe1ea43edf893f8dd,ceramic-like,peierls_nu0_s,1000000000000.0,s^-1,FIXED_IN_RECOVERED_POPULATION,1000000000000.0,1000000000000.0,OBSERVED_EVALUATED_POPULATION_EXTREMA_NOT_EXTRAPOLATION_PERMISSION,FIXED
v913_zeroD_sobol_0134035,0a676bb4313aba4e637ee132e8d255300ebde9171cc8bf7fe1ea43edf893f8dd,ceramic-like,taylor_H0_eV,1.3867292076349258,eV,PRIOR_SEARCH_TRANSFORM_NOT_SERIALIZED;EMPIRICAL_RANGE_RECORDED,0.1275879848003387,3.2621826685033737,OBSERVED_EVALUATED_POPULATION_EXTREMA_NOT_EXTRAPOLATION_PERMISSION,ACTIVE_SEARCHED_OR_ARCHIVED_MORPH
v913_zeroD_sobol_0134035,0a676bb4313aba4e637ee132e8d255300ebde9171cc8bf7fe1ea43edf893f8dd,ceramic-like,taylor_activation_entropy_kB,20.20187959074974,dimensionless,PRIOR_SEARCH_TRANSFORM_NOT_SERIALIZED;EMPIRICAL_RANGE_RECORDED,-50.860998454221054,39.933723136782646,OBSERVED_EVALUATED_POPULATION_EXTREMA_NOT_EXTRAPOLATION_PERMISSION,ACTIVE_SEARCHED_OR_ARCHIVED_MORPH
v913_zeroD_sobol_0134035,0a676bb4313aba4e637ee132e8d255300ebde9171cc8bf7fe1ea43edf893f8dd,ceramic-like,taylor_exp_a,0.74570251586847,dimensionless,PRIOR_SEARCH_TRANSFORM_NOT_SERIALIZED;EMPIRICAL_RANGE_RECORDED,0.0402470866590738,1.055419295541942,OBSERVED_EVALUATED_POPULATION_EXTREMA_NOT_EXTRAPOLATION_PERMISSION,ACTIVE_SEARCHED_OR_ARCHIVED_MORPH
v913_zeroD_sobol_0134035,0a676bb4313aba4e637ee132e8d255300ebde9171cc8bf7fe1ea43edf893f8dd,ceramic-like,taylor_exp_n,2.2320069298148155,dimensionless,PRIOR_SEARCH_TRANSFORM_NOT_SERIALIZED;EMPIRICAL_RANGE_RECORDED,0.5389550719410181,2.441455863416195,OBSERVED_EVALUATED_POPULATION_EXTREMA_NOT_EXTRAPOLATION_PERMISSION,ACTIVE_SEARCHED_OR_ARCHIVED_MORPH
v913_zeroD_sobol_0134035,0a676bb4313aba4e637ee132e8d255300ebde9171cc8bf7fe1ea43edf893f8dd,ceramic-like,taylor_nu0_s,100000000000.0,s^-1,FIXED_IN_RECOVERED_POPULATION,100000000000.0,100000000000.0,OBSERVED_EVALUATED_POPULATION_EXTREMA_NOT_EXTRAPOLATION_PERMISSION,FIXED
v913_zeroD_sobol_0134035,0a676bb4313aba4e637ee132e8d255300ebde9171cc8bf7fe1ea43edf893f8dd,ceramic-like,rho_source0_m2,3.1950676796527416e+16,m^-2,PRIOR_SEARCH_TRANSFORM_NOT_SERIALIZED;EMPIRICAL_RANGE_RECORDED,204012112642.52756,7.411536373796822e+16,OBSERVED_EVALUATED_POPULATION_EXTREMA_NOT_EXTRAPOLATION_PERMISSION,ACTIVE_SEARCHED_OR_ARCHIVED_MORPH
v913_zeroD_sobol_0134035,0a676bb4313aba4e637ee132e8d255300ebde9171cc8bf7fe1ea43edf893f8dd,ceramic-like,taylor_corr_rho_c_m2,4.2927076092496416e+17,m^-2,PRIOR_SEARCH_TRANSFORM_NOT_SERIALIZED;EMPIRICAL_RANGE_RECORDED,112705259472.60164,8.319121413916371e+17,OBSERVED_EVALUATED_POPULATION_EXTREMA_NOT_EXTRAPOLATION_PERMISSION,ACTIVE_SEARCHED_OR_ARCHIVED_MORPH
v913_zeroD_sobol_0134035,0a676bb4313aba4e637ee132e8d255300ebde9171cc8bf7fe1ea43edf893f8dd,ceramic-like,taylor_corr_scale,1.891941521242278,dimensionless,PRIOR_SEARCH_TRANSFORM_NOT_SERIALIZED;EMPIRICAL_RANGE_RECORDED,0.0927493991876699,6.048544658291038,OBSERVED_EVALUATED_POPULATION_EXTREMA_NOT_EXTRAPOLATION_PERMISSION,ACTIVE_SEARCHED_OR_ARCHIVED_MORPH
v913_zeroD_sobol_0134035,0a676bb4313aba4e637ee132e8d255300ebde9171cc8bf7fe1ea43edf893f8dd,ceramic-like,c_blunt,2.366745365783572,dimensionless,PRIOR_SEARCH_TRANSFORM_NOT_SERIALIZED;EMPIRICAL_RANGE_RECORDED,0.12800287729529478,2.929164256900549,OBSERVED_EVALUATED_POPULATION_EXTREMA_NOT_EXTRAPOLATION_PERMISSION,ACTIVE_SEARCHED_OR_ARCHIVED_MORPH
v913_zeroD_sobol_0196804,0a6470f7ee04605deb43bc1b7eff547e331fb5bba8ce46bb9fa1f9b765b49d45,ceramic-like,Tref_K,481.33,K,FIXED_IN_RECOVERED_POPULATION,481.33,481.33,OBSERVED_EVALUATED_POPULATION_EXTREMA_NOT_EXTRAPOLATION_PERMISSION,FIXED
v913_zeroD_sobol_0196804,0a6470f7ee04605deb43bc1b7eff547e331fb5bba8ce46bb9fa1f9b765b49d45,ceramic-like,cleave_G00_eV,1.7714824001304803,eV,PRIOR_SEARCH_TRANSFORM_NOT_SERIALIZED;EMPIRICAL_RANGE_RECORDED,1.1613941742107272,7.0779780057831845,OBSERVED_EVALUATED_POPULATION_EXTREMA_NOT_EXTRAPOLATION_PERMISSION,ACTIVE_SEARCHED_OR_ARCHIVED_MORPH
v913_zeroD_sobol_0196804,0a6470f7ee04605deb43bc1b7eff547e331fb5bba8ce46bb9fa1f9b765b49d45,ceramic-like,cleave_gT_eV_per_K,0.0103562680487521,K,PRIOR_SEARCH_TRANSFORM_NOT_SERIALIZED;EMPIRICAL_RANGE_RECORDED,0.0005332994232885,0.017305200225596503,OBSERVED_EVALUATED_POPULATION_EXTREMA_NOT_EXTRAPOLATION_PERMISSION,ACTIVE_SEARCHED_OR_ARCHIVED_MORPH
v913_zeroD_sobol_0196804,0a6470f7ee04605deb43bc1b7eff547e331fb5bba8ce46bb9fa1f9b765b49d45,ceramic-like,cleave_sigc0_GPa,4.632103982381523,GPa,PRIOR_SEARCH_TRANSFORM_NOT_SERIALIZED;EMPIRICAL_RANGE_RECORDED,2.3285622997472024,8.779793698331908,OBSERVED_EVALUATED_POPULATION_EXTREMA_NOT_EXTRAPOLATION_PERMISSION,ACTIVE_SEARCHED_OR_ARCHIVED_MORPH
v913_zeroD_sobol_0196804,0a6470f7ee04605deb43bc1b7eff547e331fb5bba8ce46bb9fa1f9b765b49d45,ceramic-like,cleave_sT_GPa_per_K,-0.0009702393226325,K,PRIOR_SEARCH_TRANSFORM_NOT_SERIALIZED;EMPIRICAL_RANGE_RECORDED,-0.004340660799620141,0.007358667384833,OBSERVED_EVALUATED_POPULATION_EXTREMA_NOT_EXTRAPOLATION_PERMISSION,ACTIVE_SEARCHED_OR_ARCHIVED_MORPH
v913_zeroD_sobol_0196804,0a6470f7ee04605deb43bc1b7eff547e331fb5bba8ce46bb9fa1f9b765b49d45,ceramic-like,cleave_exp_a,0.6148919253144414,dimensionless,PRIOR_SEARCH_TRANSFORM_NOT_SERIALIZED;EMPIRICAL_RANGE_RECORDED,0.0618397523649036,2.5445902769382496,OBSERVED_EVALUATED_POPULATION_EXTREMA_NOT_EXTRAPOLATION_PERMISSION,ACTIVE_SEARCHED_OR_ARCHIVED_MORPH
v913_zeroD_sobol_0196804,0a6470f7ee04605deb43bc1b7eff547e331fb5bba8ce46bb9fa1f9b765b49d45,ceramic-like,cleave_exp_n,1.5603243741206825,dimensionless,PRIOR_SEARCH_TRANSFORM_NOT_SERIALIZED;EMPIRICAL_RANGE_RECORDED,0.5528804096393287,2.63327748933807,OBSERVED_EVALUATED_POPULATION_EXTREMA_NOT_EXTRAPOLATION_PERMISSION,ACTIVE_SEARCHED_OR_ARCHIVED_MORPH
v913_zeroD_sobol_0196804,0a6470f7ee04605deb43bc1b7eff547e331fb5bba8ce46bb9fa1f9b765b49d45,ceramic-like,cleave_floor_frac,0.1153070659612199,dimensionless,PRIOR_SEARCH_TRANSFORM_NOT_SERIALIZED;EMPIRICAL_RANGE_RECORDED,0.0019271603769193,0.1966510411308111,OBSERVED_EVALUATED_POPULATION_EXTREMA_NOT_EXTRAPOLATION_PERMISSION,ACTIVE_SEARCHED_OR_ARCHIVED_MORPH
v913_zeroD_sobol_0196804,0a6470f7ee04605deb43bc1b7eff547e331fb5bba8ce46bb9fa1f9b765b49d45,ceramic-like,emit_G00_eV,3.817191637679934,eV,PRIOR_SEARCH_TRANSFORM_NOT_SERIALIZED;EMPIRICAL_RANGE_RECORDED,1.3044412567732726,6.156296217056183,OBSERVED_EVALUATED_POPULATION_EXTREMA_NOT_EXTRAPOLATION_PERMISSION,ACTIVE_SEARCHED_OR_ARCHIVED_MORPH
v913_zeroD_sobol_0196804,0a6470f7ee04605deb43bc1b7eff547e331fb5bba8ce46bb9fa1f9b765b49d45,ceramic-like,emit_gT_eV_per_K,-0.0028015050739049,K,PRIOR_SEARCH_TRANSFORM_NOT_SERIALIZED;EMPIRICAL_RANGE_RECORDED,-0.006287880726649812,0.0079019972188398,OBSERVED_EVALUATED_POPULATION_EXTREMA_NOT_EXTRAPOLATION_PERMISSION,ACTIVE_SEARCHED_OR_ARCHIVED_MORPH
v913_zeroD_sobol_0196804,0a6470f7ee04605deb43bc1b7eff547e331fb5bba8ce46bb9fa1f9b765b49d45,ceramic-like,emit_sigc0_GPa,4.64529250562191,GPa,PRIOR_SEARCH_TRANSFORM_NOT_SERIALIZED;EMPIRICAL_RANGE_RECORDED,0.7007976029999554,19.987692852133044,OBSERVED_EVALUATED_POPULATION_EXTREMA_NOT_EXTRAPOLATION_PERMISSION,ACTIVE_SEARCHED_OR_ARCHIVED_MORPH
v913_zeroD_sobol_0196804,0a6470f7ee04605deb43bc1b7eff547e331fb5bba8ce46bb9fa1f9b765b49d45,ceramic-like,emit_sT_GPa_per_K,0.0009291039071977,K,PRIOR_SEARCH_TRANSFORM_NOT_SERIALIZED;EMPIRICAL_RANGE_RECORDED,-0.0073275911211967,0.02169844223095842,OBSERVED_EVALUATED_POPULATION_EXTREMA_NOT_EXTRAPOLATION_PERMISSION,ACTIVE_SEARCHED_OR_ARCHIVED_MORPH
v913_zeroD_sobol_0196804,0a6470f7ee04605deb43bc1b7eff547e331fb5bba8ce46bb9fa1f9b765b49d45,ceramic-like,emit_exp_a,0.5269161547534168,dimensionless,PRIOR_SEARCH_TRANSFORM_NOT_SERIALIZED;EMPIRICAL_RANGE_RECORDED,0.0765673027653247,1.21516272906214,OBSERVED_EVALUATED_POPULATION_EXTREMA_NOT_EXTRAPOLATION_PERMISSION,ACTIVE_SEARCHED_OR_ARCHIVED_MORPH
v913_zeroD_sobol_0196804,0a6470f7ee04605deb43bc1b7eff547e331fb5bba8ce46bb9fa1f9b765b49d45,ceramic-like,emit_exp_n,1.6655265090987086,dimensionless,PRIOR_SEARCH_TRANSFORM_NOT_SERIALIZED;EMPIRICAL_RANGE_RECORDED,0.4132984722752073,2.404178873915225,OBSERVED_EVALUATED_POPULATION_EXTREMA_NOT_EXTRAPOLATION_PERMISSION,ACTIVE_SEARCHED_OR_ARCHIVED_MORPH
v913_zeroD_sobol_0196804,0a6470f7ee04605deb43bc1b7eff547e331fb5bba8ce46bb9fa1f9b765b49d45,ceramic-like,emit_floor_frac,0.0066673592450076,dimensionless,PRIOR_SEARCH_TRANSFORM_NOT_SERIALIZED;EMPIRICAL_RANGE_RECORDED,0.001963405800003,0.1925852665942847,OBSERVED_EVALUATED_POPULATION_EXTREMA_NOT_EXTRAPOLATION_PERMISSION,ACTIVE_SEARCHED_OR_ARCHIVED_MORPH
v913_zeroD_sobol_0196804,0a6470f7ee04605deb43bc1b7eff547e331fb5bba8ce46bb9fa1f9b765b49d45,ceramic-like,peierls_H0_eV,6.8752316241152585,eV,PRIOR_SEARCH_TRANSFORM_NOT_SERIALIZED;EMPIRICAL_RANGE_RECORDED,0.941218419931829,13.003289933374909,OBSERVED_EVALUATED_POPULATION_EXTREMA_NOT_EXTRAPOLATION_PERMISSION,ACTIVE_SEARCHED_OR_ARCHIVED_MORPH
v913_zeroD_sobol_0196804,0a6470f7ee04605deb43bc1b7eff547e331fb5bba8ce46bb9fa1f9b765b49d45,ceramic-like,peierls_activation_entropy_kB,-29.64632283896208,dimensionless,PRIOR_SEARCH_TRANSFORM_NOT_SERIALIZED;EMPIRICAL_RANGE_RECORDED,-84.7110473268413,16.830181423574686,OBSERVED_EVALUATED_POPULATION_EXTREMA_NOT_EXTRAPOLATION_PERMISSION,ACTIVE_SEARCHED_OR_ARCHIVED_MORPH
v913_zeroD_sobol_0196804,0a6470f7ee04605deb43bc1b7eff547e331fb5bba8ce46bb9fa1f9b765b49d45,ceramic-like,peierls_exp_a,0.9433633933775126,dimensionless,PRIOR_SEARCH_TRANSFORM_NOT_SERIALIZED;EMPIRICAL_RANGE_RECORDED,0.2264547564554959,1.9146125694736835,OBSERVED_EVALUATED_POPULATION_EXTREMA_NOT_EXTRAPOLATION_PERMISSION,ACTIVE_SEARCHED_OR_ARCHIVED_MORPH
v913_zeroD_sobol_0196804,0a6470f7ee04605deb43bc1b7eff547e331fb5bba8ce46bb9fa1f9b765b49d45,ceramic-like,peierls_exp_n,2.2286851475946605,dimensionless,PRIOR_SEARCH_TRANSFORM_NOT_SERIALIZED;EMPIRICAL_RANGE_RECORDED,0.5681562009267509,2.5466286113951355,OBSERVED_EVALUATED_POPULATION_EXTREMA_NOT_EXTRAPOLATION_PERMISSION,ACTIVE_SEARCHED_OR_ARCHIVED_MORPH
v913_zeroD_sobol_0196804,0a6470f7ee04605deb43bc1b7eff547e331fb5bba8ce46bb9fa1f9b765b49d45,ceramic-like,peierls_nu0_s,1000000000000.0,s^-1,FIXED_IN_RECOVERED_POPULATION,1000000000000.0,1000000000000.0,OBSERVED_EVALUATED_POPULATION_EXTREMA_NOT_EXTRAPOLATION_PERMISSION,FIXED
v913_zeroD_sobol_0196804,0a6470f7ee04605deb43bc1b7eff547e331fb5bba8ce46bb9fa1f9b765b49d45,ceramic-like,taylor_H0_eV,0.5239948415756225,eV,PRIOR_SEARCH_TRANSFORM_NOT_SERIALIZED;EMPIRICAL_RANGE_RECORDED,0.1275879848003387,3.2621826685033737,OBSERVED_EVALUATED_POPULATION_EXTREMA_NOT_EXTRAPOLATION_PERMISSION,ACTIVE_SEARCHED_OR_ARCHIVED_MORPH
v913_zeroD_sobol_0196804,0a6470f7ee04605deb43bc1b7eff547e331fb5bba8ce46bb9fa1f9b765b49d45,ceramic-like,taylor_activation_entropy_kB,25.16071606427431,dimensionless,PRIOR_SEARCH_TRANSFORM_NOT_SERIALIZED;EMPIRICAL_RANGE_RECORDED,-50.860998454221054,39.933723136782646,OBSERVED_EVALUATED_POPULATION_EXTREMA_NOT_EXTRAPOLATION_PERMISSION,ACTIVE_SEARCHED_OR_ARCHIVED_MORPH
v913_zeroD_sobol_0196804,0a6470f7ee04605deb43bc1b7eff547e331fb5bba8ce46bb9fa1f9b765b49d45,ceramic-like,taylor_exp_a,0.843806842379272,dimensionless,PRIOR_SEARCH_TRANSFORM_NOT_SERIALIZED;EMPIRICAL_RANGE_RECORDED,0.0402470866590738,1.055419295541942,OBSERVED_EVALUATED_POPULATION_EXTREMA_NOT_EXTRAPOLATION_PERMISSION,ACTIVE_SEARCHED_OR_ARCHIVED_MORPH
v913_zeroD_sobol_0196804,0a6470f7ee04605deb43bc1b7eff547e331fb5bba8ce46bb9fa1f9b765b49d45,ceramic-like,taylor_exp_n,0.7322783842682838,dimensionless,PRIOR_SEARCH_TRANSFORM_NOT_SERIALIZED;EMPIRICAL_RANGE_RECORDED,0.5389550719410181,2.441455863416195,OBSERVED_EVALUATED_POPULATION_EXTREMA_NOT_EXTRAPOLATION_PERMISSION,ACTIVE_SEARCHED_OR_ARCHIVED_MORPH
v913_zeroD_sobol_0196804,0a6470f7ee04605deb43bc1b7eff547e331fb5bba8ce46bb9fa1f9b765b49d45,ceramic-like,taylor_nu0_s,100000000000.0,s^-1,FIXED_IN_RECOVERED_POPULATION,100000000000.0,100000000000.0,OBSERVED_EVALUATED_POPULATION_EXTREMA_NOT_EXTRAPOLATION_PERMISSION,FIXED
v913_zeroD_sobol_0196804,0a6470f7ee04605deb43bc1b7eff547e331fb5bba8ce46bb9fa1f9b765b49d45,ceramic-like,rho_source0_m2,5.317876222320463e+16,m^-2,PRIOR_SEARCH_TRANSFORM_NOT_SERIALIZED;EMPIRICAL_RANGE_RECORDED,204012112642.52756,7.411536373796822e+16,OBSERVED_EVALUATED_POPULATION_EXTREMA_NOT_EXTRAPOLATION_PERMISSION,ACTIVE_SEARCHED_OR_ARCHIVED_MORPH
v913_zeroD_sobol_0196804,0a6470f7ee04605deb43bc1b7eff547e331fb5bba8ce46bb9fa1f9b765b49d45,ceramic-like,taylor_corr_rho_c_m2,7.753439315183398e+16,m^-2,PRIOR_SEARCH_TRANSFORM_NOT_SERIALIZED;EMPIRICAL_RANGE_RECORDED,112705259472.60164,8.319121413916371e+17,OBSERVED_EVALUATED_POPULATION_EXTREMA_NOT_EXTRAPOLATION_PERMISSION,ACTIVE_SEARCHED_OR_ARCHIVED_MORPH
v913_zeroD_sobol_0196804,0a6470f7ee04605deb43bc1b7eff547e331fb5bba8ce46bb9fa1f9b765b49d45,ceramic-like,taylor_corr_scale,0.3071057276154363,dimensionless,PRIOR_SEARCH_TRANSFORM_NOT_SERIALIZED;EMPIRICAL_RANGE_RECORDED,0.0927493991876699,6.048544658291038,OBSERVED_EVALUATED_POPULATION_EXTREMA_NOT_EXTRAPOLATION_PERMISSION,ACTIVE_SEARCHED_OR_ARCHIVED_MORPH
v913_zeroD_sobol_0196804,0a6470f7ee04605deb43bc1b7eff547e331fb5bba8ce46bb9fa1f9b765b49d45,ceramic-like,c_blunt,1.5917330235242844,dimensionless,PRIOR_SEARCH_TRANSFORM_NOT_SERIALIZED;EMPIRICAL_RANGE_RECORDED,0.12800287729529478,2.929164256900549,OBSERVED_EVALUATED_POPULATION_EXTREMA_NOT_EXTRAPOLATION_PERMISSION,ACTIVE_SEARCHED_OR_ARCHIVED_MORPH
oneD_v2_focused_weak_T_0016,4fbfdde9af1a473b4f4f428e08f24d3835f1e729b6f3b90cbacc836fdcc58d53,weak-T,Tref_K,481.33,K,FIXED_IN_RECOVERED_POPULATION,481.33,481.33,OBSERVED_EVALUATED_POPULATION_EXTREMA_NOT_EXTRAPOLATION_PERMISSION,FIXED
oneD_v2_focused_weak_T_0016,4fbfdde9af1a473b4f4f428e08f24d3835f1e729b6f3b90cbacc836fdcc58d53,weak-T,cleave_G00_eV,3.0409417554034506,eV,PRIOR_SEARCH_TRANSFORM_NOT_SERIALIZED;EMPIRICAL_RANGE_RECORDED,1.1613941742107272,5.476424816064537,OBSERVED_EVALUATED_POPULATION_EXTREMA_NOT_EXTRAPOLATION_PERMISSION,ACTIVE_SEARCHED_OR_ARCHIVED_MORPH
oneD_v2_focused_weak_T_0016,4fbfdde9af1a473b4f4f428e08f24d3835f1e729b6f3b90cbacc836fdcc58d53,weak-T,cleave_gT_eV_per_K,0.0064701912851701,K,PRIOR_SEARCH_TRANSFORM_NOT_SERIALIZED;EMPIRICAL_RANGE_RECORDED,0.0005332994232885,0.011519610859455538,OBSERVED_EVALUATED_POPULATION_EXTREMA_NOT_EXTRAPOLATION_PERMISSION,ACTIVE_SEARCHED_OR_ARCHIVED_MORPH
oneD_v2_focused_weak_T_0016,4fbfdde9af1a473b4f4f428e08f24d3835f1e729b6f3b90cbacc836fdcc58d53,weak-T,cleave_sigc0_GPa,5.025395129160157,GPa,PRIOR_SEARCH_TRANSFORM_NOT_SERIALIZED;EMPIRICAL_RANGE_RECORDED,2.478483367631813,9.499969975495445,OBSERVED_EVALUATED_POPULATION_EXTREMA_NOT_EXTRAPOLATION_PERMISSION,ACTIVE_SEARCHED_OR_ARCHIVED_MORPH
oneD_v2_focused_weak_T_0016,4fbfdde9af1a473b4f4f428e08f24d3835f1e729b6f3b90cbacc836fdcc58d53,weak-T,cleave_sT_GPa_per_K,-0.0014868482932827,K,PRIOR_SEARCH_TRANSFORM_NOT_SERIALIZED;EMPIRICAL_RANGE_RECORDED,-0.0028363684089854,0.007358667384833,OBSERVED_EVALUATED_POPULATION_EXTREMA_NOT_EXTRAPOLATION_PERMISSION,ACTIVE_SEARCHED_OR_ARCHIVED_MORPH
oneD_v2_focused_weak_T_0016,4fbfdde9af1a473b4f4f428e08f24d3835f1e729b6f3b90cbacc836fdcc58d53,weak-T,cleave_exp_a,0.9755933427556992,dimensionless,PRIOR_SEARCH_TRANSFORM_NOT_SERIALIZED;EMPIRICAL_RANGE_RECORDED,0.0618397523649036,1.995968483146141,OBSERVED_EVALUATED_POPULATION_EXTREMA_NOT_EXTRAPOLATION_PERMISSION,ACTIVE_SEARCHED_OR_ARCHIVED_MORPH
oneD_v2_focused_weak_T_0016,4fbfdde9af1a473b4f4f428e08f24d3835f1e729b6f3b90cbacc836fdcc58d53,weak-T,cleave_exp_n,1.0789590675557872,dimensionless,PRIOR_SEARCH_TRANSFORM_NOT_SERIALIZED;EMPIRICAL_RANGE_RECORDED,0.5528804096393287,2.63327748933807,OBSERVED_EVALUATED_POPULATION_EXTREMA_NOT_EXTRAPOLATION_PERMISSION,ACTIVE_SEARCHED_OR_ARCHIVED_MORPH
oneD_v2_focused_weak_T_0016,4fbfdde9af1a473b4f4f428e08f24d3835f1e729b6f3b90cbacc836fdcc58d53,weak-T,cleave_floor_frac,0.0254752893929062,dimensionless,PRIOR_SEARCH_TRANSFORM_NOT_SERIALIZED;EMPIRICAL_RANGE_RECORDED,0.0019271603769193,0.1966510411308111,OBSERVED_EVALUATED_POPULATION_EXTREMA_NOT_EXTRAPOLATION_PERMISSION,ACTIVE_SEARCHED_OR_ARCHIVED_MORPH
oneD_v2_focused_weak_T_0016,4fbfdde9af1a473b4f4f428e08f24d3835f1e729b6f3b90cbacc836fdcc58d53,weak-T,emit_G00_eV,2.933115011485353,eV,PRIOR_SEARCH_TRANSFORM_NOT_SERIALIZED;EMPIRICAL_RANGE_RECORDED,0.7812057442823682,4.748793914355337,OBSERVED_EVALUATED_POPULATION_EXTREMA_NOT_EXTRAPOLATION_PERMISSION,ACTIVE_SEARCHED_OR_ARCHIVED_MORPH
oneD_v2_focused_weak_T_0016,4fbfdde9af1a473b4f4f428e08f24d3835f1e729b6f3b90cbacc836fdcc58d53,weak-T,emit_gT_eV_per_K,-0.0004294320236987,K,PRIOR_SEARCH_TRANSFORM_NOT_SERIALIZED;EMPIRICAL_RANGE_RECORDED,-0.0028567998185753,0.0079019972188398,OBSERVED_EVALUATED_POPULATION_EXTREMA_NOT_EXTRAPOLATION_PERMISSION,ACTIVE_SEARCHED_OR_ARCHIVED_MORPH
oneD_v2_focused_weak_T_0016,4fbfdde9af1a473b4f4f428e08f24d3835f1e729b6f3b90cbacc836fdcc58d53,weak-T,emit_sigc0_GPa,1.496151672231702,GPa,PRIOR_SEARCH_TRANSFORM_NOT_SERIALIZED;EMPIRICAL_RANGE_RECORDED,0.32350459485796695,9.278617694508284,OBSERVED_EVALUATED_POPULATION_EXTREMA_NOT_EXTRAPOLATION_PERMISSION,ACTIVE_SEARCHED_OR_ARCHIVED_MORPH
oneD_v2_focused_weak_T_0016,4fbfdde9af1a473b4f4f428e08f24d3835f1e729b6f3b90cbacc836fdcc58d53,weak-T,emit_sT_GPa_per_K,-4.279285497456851e-05,K,PRIOR_SEARCH_TRANSFORM_NOT_SERIALIZED;EMPIRICAL_RANGE_RECORDED,-0.0073275911211967,0.0099400414247065,OBSERVED_EVALUATED_POPULATION_EXTREMA_NOT_EXTRAPOLATION_PERMISSION,ACTIVE_SEARCHED_OR_ARCHIVED_MORPH
oneD_v2_focused_weak_T_0016,4fbfdde9af1a473b4f4f428e08f24d3835f1e729b6f3b90cbacc836fdcc58d53,weak-T,emit_exp_a,0.2680205096220068,dimensionless,PRIOR_SEARCH_TRANSFORM_NOT_SERIALIZED;EMPIRICAL_RANGE_RECORDED,0.0765673027653247,1.2866776992767373,OBSERVED_EVALUATED_POPULATION_EXTREMA_NOT_EXTRAPOLATION_PERMISSION,ACTIVE_SEARCHED_OR_ARCHIVED_MORPH
oneD_v2_focused_weak_T_0016,4fbfdde9af1a473b4f4f428e08f24d3835f1e729b6f3b90cbacc836fdcc58d53,weak-T,emit_exp_n,1.551767664067378,dimensionless,PRIOR_SEARCH_TRANSFORM_NOT_SERIALIZED;EMPIRICAL_RANGE_RECORDED,0.4149390204673953,2.404178873915225,OBSERVED_EVALUATED_POPULATION_EXTREMA_NOT_EXTRAPOLATION_PERMISSION,ACTIVE_SEARCHED_OR_ARCHIVED_MORPH
oneD_v2_focused_weak_T_0016,4fbfdde9af1a473b4f4f428e08f24d3835f1e729b6f3b90cbacc836fdcc58d53,weak-T,emit_floor_frac,0.0645240567354888,dimensionless,PRIOR_SEARCH_TRANSFORM_NOT_SERIALIZED;EMPIRICAL_RANGE_RECORDED,0.001963405800003,0.1925852665942847,OBSERVED_EVALUATED_POPULATION_EXTREMA_NOT_EXTRAPOLATION_PERMISSION,ACTIVE_SEARCHED_OR_ARCHIVED_MORPH
oneD_v2_focused_weak_T_0016,4fbfdde9af1a473b4f4f428e08f24d3835f1e729b6f3b90cbacc836fdcc58d53,weak-T,peierls_H0_eV,4.856657209902395,eV,PRIOR_SEARCH_TRANSFORM_NOT_SERIALIZED;EMPIRICAL_RANGE_RECORDED,0.941218419931829,13.978225439244895,OBSERVED_EVALUATED_POPULATION_EXTREMA_NOT_EXTRAPOLATION_PERMISSION,ACTIVE_SEARCHED_OR_ARCHIVED_MORPH
oneD_v2_focused_weak_T_0016,4fbfdde9af1a473b4f4f428e08f24d3835f1e729b6f3b90cbacc836fdcc58d53,weak-T,peierls_activation_entropy_kB,-30.953125660022273,dimensionless,PRIOR_SEARCH_TRANSFORM_NOT_SERIALIZED;EMPIRICAL_RANGE_RECORDED,-94.78213467448583,16.830181423574686,OBSERVED_EVALUATED_POPULATION_EXTREMA_NOT_EXTRAPOLATION_PERMISSION,ACTIVE_SEARCHED_OR_ARCHIVED_MORPH
oneD_v2_focused_weak_T_0016,4fbfdde9af1a473b4f4f428e08f24d3835f1e729b6f3b90cbacc836fdcc58d53,weak-T,peierls_exp_a,1.010412615071982,dimensionless,PRIOR_SEARCH_TRANSFORM_NOT_SERIALIZED;EMPIRICAL_RANGE_RECORDED,0.2264547564554959,1.9146125694736835,OBSERVED_EVALUATED_POPULATION_EXTREMA_NOT_EXTRAPOLATION_PERMISSION,ACTIVE_SEARCHED_OR_ARCHIVED_MORPH
oneD_v2_focused_weak_T_0016,4fbfdde9af1a473b4f4f428e08f24d3835f1e729b6f3b90cbacc836fdcc58d53,weak-T,peierls_exp_n,2.38337339903228,dimensionless,PRIOR_SEARCH_TRANSFORM_NOT_SERIALIZED;EMPIRICAL_RANGE_RECORDED,0.5681562009267509,2.5466286113951355,OBSERVED_EVALUATED_POPULATION_EXTREMA_NOT_EXTRAPOLATION_PERMISSION,ACTIVE_SEARCHED_OR_ARCHIVED_MORPH
oneD_v2_focused_weak_T_0016,4fbfdde9af1a473b4f4f428e08f24d3835f1e729b6f3b90cbacc836fdcc58d53,weak-T,peierls_nu0_s,1000000000000.0,s^-1,FIXED_IN_RECOVERED_POPULATION,1000000000000.0,1000000000000.0,OBSERVED_EVALUATED_POPULATION_EXTREMA_NOT_EXTRAPOLATION_PERMISSION,FIXED
oneD_v2_focused_weak_T_0016,4fbfdde9af1a473b4f4f428e08f24d3835f1e729b6f3b90cbacc836fdcc58d53,weak-T,taylor_H0_eV,1.8920834250730325,eV,PRIOR_SEARCH_TRANSFORM_NOT_SERIALIZED;EMPIRICAL_RANGE_RECORDED,0.1275879848003387,6.397265535295895,OBSERVED_EVALUATED_POPULATION_EXTREMA_NOT_EXTRAPOLATION_PERMISSION,ACTIVE_SEARCHED_OR_ARCHIVED_MORPH
oneD_v2_focused_weak_T_0016,4fbfdde9af1a473b4f4f428e08f24d3835f1e729b6f3b90cbacc836fdcc58d53,weak-T,taylor_activation_entropy_kB,39.53630023124541,dimensionless,PRIOR_SEARCH_TRANSFORM_NOT_SERIALIZED;EMPIRICAL_RANGE_RECORDED,-25.948952957987785,79.52362599363242,OBSERVED_EVALUATED_POPULATION_EXTREMA_NOT_EXTRAPOLATION_PERMISSION,ACTIVE_SEARCHED_OR_ARCHIVED_MORPH
oneD_v2_focused_weak_T_0016,4fbfdde9af1a473b4f4f428e08f24d3835f1e729b6f3b90cbacc836fdcc58d53,weak-T,taylor_exp_a,0.526846093358472,dimensionless,PRIOR_SEARCH_TRANSFORM_NOT_SERIALIZED;EMPIRICAL_RANGE_RECORDED,0.0402470866590738,1.055419295541942,OBSERVED_EVALUATED_POPULATION_EXTREMA_NOT_EXTRAPOLATION_PERMISSION,ACTIVE_SEARCHED_OR_ARCHIVED_MORPH
oneD_v2_focused_weak_T_0016,4fbfdde9af1a473b4f4f428e08f24d3835f1e729b6f3b90cbacc836fdcc58d53,weak-T,taylor_exp_n,1.4233212359249592,dimensionless,PRIOR_SEARCH_TRANSFORM_NOT_SERIALIZED;EMPIRICAL_RANGE_RECORDED,0.5389550719410181,2.441455863416195,OBSERVED_EVALUATED_POPULATION_EXTREMA_NOT_EXTRAPOLATION_PERMISSION,ACTIVE_SEARCHED_OR_ARCHIVED_MORPH
oneD_v2_focused_weak_T_0016,4fbfdde9af1a473b4f4f428e08f24d3835f1e729b6f3b90cbacc836fdcc58d53,weak-T,taylor_nu0_s,100000000000.0,s^-1,FIXED_IN_RECOVERED_POPULATION,100000000000.0,100000000000.0,OBSERVED_EVALUATED_POPULATION_EXTREMA_NOT_EXTRAPOLATION_PERMISSION,FIXED
oneD_v2_focused_weak_T_0016,4fbfdde9af1a473b4f4f428e08f24d3835f1e729b6f3b90cbacc836fdcc58d53,weak-T,rho_source0_m2,6.171441842801577e+16,m^-2,PRIOR_SEARCH_TRANSFORM_NOT_SERIALIZED;EMPIRICAL_RANGE_RECORDED,1174563748149.2874,7.411536373796822e+16,OBSERVED_EVALUATED_POPULATION_EXTREMA_NOT_EXTRAPOLATION_PERMISSION,ACTIVE_SEARCHED_OR_ARCHIVED_MORPH
oneD_v2_focused_weak_T_0016,4fbfdde9af1a473b4f4f428e08f24d3835f1e729b6f3b90cbacc836fdcc58d53,weak-T,taylor_corr_rho_c_m2,2.0520115074553476e+16,m^-2,PRIOR_SEARCH_TRANSFORM_NOT_SERIALIZED;EMPIRICAL_RANGE_RECORDED,112705259472.60164,8.319121413916371e+17,OBSERVED_EVALUATED_POPULATION_EXTREMA_NOT_EXTRAPOLATION_PERMISSION,ACTIVE_SEARCHED_OR_ARCHIVED_MORPH
oneD_v2_focused_weak_T_0016,4fbfdde9af1a473b4f4f428e08f24d3835f1e729b6f3b90cbacc836fdcc58d53,weak-T,taylor_corr_scale,0.1044563455428077,dimensionless,PRIOR_SEARCH_TRANSFORM_NOT_SERIALIZED;EMPIRICAL_RANGE_RECORDED,0.03842799657252147,6.048544658291038,OBSERVED_EVALUATED_POPULATION_EXTREMA_NOT_EXTRAPOLATION_PERMISSION,ACTIVE_SEARCHED_OR_ARCHIVED_MORPH
oneD_v2_focused_weak_T_0016,4fbfdde9af1a473b4f4f428e08f24d3835f1e729b6f3b90cbacc836fdcc58d53,weak-T,c_blunt,1.530842099339777,dimensionless,PRIOR_SEARCH_TRANSFORM_NOT_SERIALIZED;EMPIRICAL_RANGE_RECORDED,0.3964464701712131,5.903029750755984,OBSERVED_EVALUATED_POPULATION_EXTREMA_NOT_EXTRAPOLATION_PERMISSION,ACTIVE_SEARCHED_OR_ARCHIVED_MORPH
oneD_v2_terminal_weak_T_0001,c0a45589ffa1eea1dec6845bea5ffddd0e192043aa0665630f148e5be05d534d,weak-T,Tref_K,481.33,K,FIXED_IN_RECOVERED_POPULATION,481.33,481.33,OBSERVED_EVALUATED_POPULATION_EXTREMA_NOT_EXTRAPOLATION_PERMISSION,FIXED
oneD_v2_terminal_weak_T_0001,c0a45589ffa1eea1dec6845bea5ffddd0e192043aa0665630f148e5be05d534d,weak-T,cleave_G00_eV,5.182978940476934,eV,PRIOR_SEARCH_TRANSFORM_NOT_SERIALIZED;EMPIRICAL_RANGE_RECORDED,1.1613941742107272,5.476424816064537,OBSERVED_EVALUATED_POPULATION_EXTREMA_NOT_EXTRAPOLATION_PERMISSION,ACTIVE_SEARCHED_OR_ARCHIVED_MORPH
oneD_v2_terminal_weak_T_0001,c0a45589ffa1eea1dec6845bea5ffddd0e192043aa0665630f148e5be05d534d,weak-T,cleave_gT_eV_per_K,0.00806347592118558,K,PRIOR_SEARCH_TRANSFORM_NOT_SERIALIZED;EMPIRICAL_RANGE_RECORDED,0.0005332994232885,0.011519610859455538,OBSERVED_EVALUATED_POPULATION_EXTREMA_NOT_EXTRAPOLATION_PERMISSION,ACTIVE_SEARCHED_OR_ARCHIVED_MORPH
oneD_v2_terminal_weak_T_0001,c0a45589ffa1eea1dec6845bea5ffddd0e192043aa0665630f148e5be05d534d,weak-T,cleave_sigc0_GPa,4.822786694484401,GPa,PRIOR_SEARCH_TRANSFORM_NOT_SERIALIZED;EMPIRICAL_RANGE_RECORDED,2.478483367631813,9.499969975495445,OBSERVED_EVALUATED_POPULATION_EXTREMA_NOT_EXTRAPOLATION_PERMISSION,ACTIVE_SEARCHED_OR_ARCHIVED_MORPH
oneD_v2_terminal_weak_T_0001,c0a45589ffa1eea1dec6845bea5ffddd0e192043aa0665630f148e5be05d534d,weak-T,cleave_sT_GPa_per_K,-0.00016639692847916798,K,PRIOR_SEARCH_TRANSFORM_NOT_SERIALIZED;EMPIRICAL_RANGE_RECORDED,-0.0028363684089854,0.007358667384833,OBSERVED_EVALUATED_POPULATION_EXTREMA_NOT_EXTRAPOLATION_PERMISSION,ACTIVE_SEARCHED_OR_ARCHIVED_MORPH
oneD_v2_terminal_weak_T_0001,c0a45589ffa1eea1dec6845bea5ffddd0e192043aa0665630f148e5be05d534d,weak-T,cleave_exp_a,0.9569625144096168,dimensionless,PRIOR_SEARCH_TRANSFORM_NOT_SERIALIZED;EMPIRICAL_RANGE_RECORDED,0.0618397523649036,1.995968483146141,OBSERVED_EVALUATED_POPULATION_EXTREMA_NOT_EXTRAPOLATION_PERMISSION,ACTIVE_SEARCHED_OR_ARCHIVED_MORPH
oneD_v2_terminal_weak_T_0001,c0a45589ffa1eea1dec6845bea5ffddd0e192043aa0665630f148e5be05d534d,weak-T,cleave_exp_n,1.819359067858742,dimensionless,PRIOR_SEARCH_TRANSFORM_NOT_SERIALIZED;EMPIRICAL_RANGE_RECORDED,0.5528804096393287,2.63327748933807,OBSERVED_EVALUATED_POPULATION_EXTREMA_NOT_EXTRAPOLATION_PERMISSION,ACTIVE_SEARCHED_OR_ARCHIVED_MORPH
oneD_v2_terminal_weak_T_0001,c0a45589ffa1eea1dec6845bea5ffddd0e192043aa0665630f148e5be05d534d,weak-T,cleave_floor_frac,0.0019271603769193,dimensionless,PRIOR_SEARCH_TRANSFORM_NOT_SERIALIZED;EMPIRICAL_RANGE_RECORDED,0.0019271603769193,0.1966510411308111,OBSERVED_EVALUATED_POPULATION_EXTREMA_NOT_EXTRAPOLATION_PERMISSION,ACTIVE_SEARCHED_OR_ARCHIVED_MORPH
oneD_v2_terminal_weak_T_0001,c0a45589ffa1eea1dec6845bea5ffddd0e192043aa0665630f148e5be05d534d,weak-T,emit_G00_eV,0.7812057442823682,eV,PRIOR_SEARCH_TRANSFORM_NOT_SERIALIZED;EMPIRICAL_RANGE_RECORDED,0.7812057442823682,4.748793914355337,OBSERVED_EVALUATED_POPULATION_EXTREMA_NOT_EXTRAPOLATION_PERMISSION,ACTIVE_SEARCHED_OR_ARCHIVED_MORPH
oneD_v2_terminal_weak_T_0001,c0a45589ffa1eea1dec6845bea5ffddd0e192043aa0665630f148e5be05d534d,weak-T,emit_gT_eV_per_K,0.003763361270671288,K,PRIOR_SEARCH_TRANSFORM_NOT_SERIALIZED;EMPIRICAL_RANGE_RECORDED,-0.0028567998185753,0.0079019972188398,OBSERVED_EVALUATED_POPULATION_EXTREMA_NOT_EXTRAPOLATION_PERMISSION,ACTIVE_SEARCHED_OR_ARCHIVED_MORPH
oneD_v2_terminal_weak_T_0001,c0a45589ffa1eea1dec6845bea5ffddd0e192043aa0665630f148e5be05d534d,weak-T,emit_sigc0_GPa,1.4567764914836097,GPa,PRIOR_SEARCH_TRANSFORM_NOT_SERIALIZED;EMPIRICAL_RANGE_RECORDED,0.32350459485796695,9.278617694508284,OBSERVED_EVALUATED_POPULATION_EXTREMA_NOT_EXTRAPOLATION_PERMISSION,ACTIVE_SEARCHED_OR_ARCHIVED_MORPH
oneD_v2_terminal_weak_T_0001,c0a45589ffa1eea1dec6845bea5ffddd0e192043aa0665630f148e5be05d534d,weak-T,emit_sT_GPa_per_K,-5.576305948202976e-05,K,PRIOR_SEARCH_TRANSFORM_NOT_SERIALIZED;EMPIRICAL_RANGE_RECORDED,-0.0073275911211967,0.0099400414247065,OBSERVED_EVALUATED_POPULATION_EXTREMA_NOT_EXTRAPOLATION_PERMISSION,ACTIVE_SEARCHED_OR_ARCHIVED_MORPH
oneD_v2_terminal_weak_T_0001,c0a45589ffa1eea1dec6845bea5ffddd0e192043aa0665630f148e5be05d534d,weak-T,emit_exp_a,1.0163960714468312,dimensionless,PRIOR_SEARCH_TRANSFORM_NOT_SERIALIZED;EMPIRICAL_RANGE_RECORDED,0.0765673027653247,1.2866776992767373,OBSERVED_EVALUATED_POPULATION_EXTREMA_NOT_EXTRAPOLATION_PERMISSION,ACTIVE_SEARCHED_OR_ARCHIVED_MORPH
oneD_v2_terminal_weak_T_0001,c0a45589ffa1eea1dec6845bea5ffddd0e192043aa0665630f148e5be05d534d,weak-T,emit_exp_n,1.5844758651636761,dimensionless,PRIOR_SEARCH_TRANSFORM_NOT_SERIALIZED;EMPIRICAL_RANGE_RECORDED,0.4149390204673953,2.404178873915225,OBSERVED_EVALUATED_POPULATION_EXTREMA_NOT_EXTRAPOLATION_PERMISSION,ACTIVE_SEARCHED_OR_ARCHIVED_MORPH
oneD_v2_terminal_weak_T_0001,c0a45589ffa1eea1dec6845bea5ffddd0e192043aa0665630f148e5be05d534d,weak-T,emit_floor_frac,0.001963405800003,dimensionless,PRIOR_SEARCH_TRANSFORM_NOT_SERIALIZED;EMPIRICAL_RANGE_RECORDED,0.001963405800003,0.1925852665942847,OBSERVED_EVALUATED_POPULATION_EXTREMA_NOT_EXTRAPOLATION_PERMISSION,ACTIVE_SEARCHED_OR_ARCHIVED_MORPH
oneD_v2_terminal_weak_T_0001,c0a45589ffa1eea1dec6845bea5ffddd0e192043aa0665630f148e5be05d534d,weak-T,peierls_H0_eV,9.990004376271834,eV,PRIOR_SEARCH_TRANSFORM_NOT_SERIALIZED;EMPIRICAL_RANGE_RECORDED,0.941218419931829,13.978225439244895,OBSERVED_EVALUATED_POPULATION_EXTREMA_NOT_EXTRAPOLATION_PERMISSION,ACTIVE_SEARCHED_OR_ARCHIVED_MORPH
oneD_v2_terminal_weak_T_0001,c0a45589ffa1eea1dec6845bea5ffddd0e192043aa0665630f148e5be05d534d,weak-T,peierls_activation_entropy_kB,-24.93159309994766,dimensionless,PRIOR_SEARCH_TRANSFORM_NOT_SERIALIZED;EMPIRICAL_RANGE_RECORDED,-94.78213467448583,16.830181423574686,OBSERVED_EVALUATED_POPULATION_EXTREMA_NOT_EXTRAPOLATION_PERMISSION,ACTIVE_SEARCHED_OR_ARCHIVED_MORPH
oneD_v2_terminal_weak_T_0001,c0a45589ffa1eea1dec6845bea5ffddd0e192043aa0665630f148e5be05d534d,weak-T,peierls_exp_a,0.2264547564554959,dimensionless,PRIOR_SEARCH_TRANSFORM_NOT_SERIALIZED;EMPIRICAL_RANGE_RECORDED,0.2264547564554959,1.9146125694736835,OBSERVED_EVALUATED_POPULATION_EXTREMA_NOT_EXTRAPOLATION_PERMISSION,ACTIVE_SEARCHED_OR_ARCHIVED_MORPH
oneD_v2_terminal_weak_T_0001,c0a45589ffa1eea1dec6845bea5ffddd0e192043aa0665630f148e5be05d534d,weak-T,peierls_exp_n,1.9374389592558143,dimensionless,PRIOR_SEARCH_TRANSFORM_NOT_SERIALIZED;EMPIRICAL_RANGE_RECORDED,0.5681562009267509,2.5466286113951355,OBSERVED_EVALUATED_POPULATION_EXTREMA_NOT_EXTRAPOLATION_PERMISSION,ACTIVE_SEARCHED_OR_ARCHIVED_MORPH
oneD_v2_terminal_weak_T_0001,c0a45589ffa1eea1dec6845bea5ffddd0e192043aa0665630f148e5be05d534d,weak-T,peierls_nu0_s,1000000000000.0,s^-1,FIXED_IN_RECOVERED_POPULATION,1000000000000.0,1000000000000.0,OBSERVED_EVALUATED_POPULATION_EXTREMA_NOT_EXTRAPOLATION_PERMISSION,FIXED
oneD_v2_terminal_weak_T_0001,c0a45589ffa1eea1dec6845bea5ffddd0e192043aa0665630f148e5be05d534d,weak-T,taylor_H0_eV,4.875810934048565,eV,PRIOR_SEARCH_TRANSFORM_NOT_SERIALIZED;EMPIRICAL_RANGE_RECORDED,0.1275879848003387,6.397265535295895,OBSERVED_EVALUATED_POPULATION_EXTREMA_NOT_EXTRAPOLATION_PERMISSION,ACTIVE_SEARCHED_OR_ARCHIVED_MORPH
oneD_v2_terminal_weak_T_0001,c0a45589ffa1eea1dec6845bea5ffddd0e192043aa0665630f148e5be05d534d,weak-T,taylor_activation_entropy_kB,46.68677851473678,dimensionless,PRIOR_SEARCH_TRANSFORM_NOT_SERIALIZED;EMPIRICAL_RANGE_RECORDED,-25.948952957987785,79.52362599363242,OBSERVED_EVALUATED_POPULATION_EXTREMA_NOT_EXTRAPOLATION_PERMISSION,ACTIVE_SEARCHED_OR_ARCHIVED_MORPH
oneD_v2_terminal_weak_T_0001,c0a45589ffa1eea1dec6845bea5ffddd0e192043aa0665630f148e5be05d534d,weak-T,taylor_exp_a,1.055419295541942,dimensionless,PRIOR_SEARCH_TRANSFORM_NOT_SERIALIZED;EMPIRICAL_RANGE_RECORDED,0.0402470866590738,1.055419295541942,OBSERVED_EVALUATED_POPULATION_EXTREMA_NOT_EXTRAPOLATION_PERMISSION,ACTIVE_SEARCHED_OR_ARCHIVED_MORPH
oneD_v2_terminal_weak_T_0001,c0a45589ffa1eea1dec6845bea5ffddd0e192043aa0665630f148e5be05d534d,weak-T,taylor_exp_n,1.0061173520516604,dimensionless,PRIOR_SEARCH_TRANSFORM_NOT_SERIALIZED;EMPIRICAL_RANGE_RECORDED,0.5389550719410181,2.441455863416195,OBSERVED_EVALUATED_POPULATION_EXTREMA_NOT_EXTRAPOLATION_PERMISSION,ACTIVE_SEARCHED_OR_ARCHIVED_MORPH
oneD_v2_terminal_weak_T_0001,c0a45589ffa1eea1dec6845bea5ffddd0e192043aa0665630f148e5be05d534d,weak-T,taylor_nu0_s,100000000000.0,s^-1,FIXED_IN_RECOVERED_POPULATION,100000000000.0,100000000000.0,OBSERVED_EVALUATED_POPULATION_EXTREMA_NOT_EXTRAPOLATION_PERMISSION,FIXED
oneD_v2_terminal_weak_T_0001,c0a45589ffa1eea1dec6845bea5ffddd0e192043aa0665630f148e5be05d534d,weak-T,rho_source0_m2,114922032680183.16,m^-2,PRIOR_SEARCH_TRANSFORM_NOT_SERIALIZED;EMPIRICAL_RANGE_RECORDED,1174563748149.2874,7.411536373796822e+16,OBSERVED_EVALUATED_POPULATION_EXTREMA_NOT_EXTRAPOLATION_PERMISSION,ACTIVE_SEARCHED_OR_ARCHIVED_MORPH
oneD_v2_terminal_weak_T_0001,c0a45589ffa1eea1dec6845bea5ffddd0e192043aa0665630f148e5be05d534d,weak-T,taylor_corr_rho_c_m2,160748411813190.9,m^-2,PRIOR_SEARCH_TRANSFORM_NOT_SERIALIZED;EMPIRICAL_RANGE_RECORDED,112705259472.60164,8.319121413916371e+17,OBSERVED_EVALUATED_POPULATION_EXTREMA_NOT_EXTRAPOLATION_PERMISSION,ACTIVE_SEARCHED_OR_ARCHIVED_MORPH
oneD_v2_terminal_weak_T_0001,c0a45589ffa1eea1dec6845bea5ffddd0e192043aa0665630f148e5be05d534d,weak-T,taylor_corr_scale,0.05735864165754139,dimensionless,PRIOR_SEARCH_TRANSFORM_NOT_SERIALIZED;EMPIRICAL_RANGE_RECORDED,0.03842799657252147,6.048544658291038,OBSERVED_EVALUATED_POPULATION_EXTREMA_NOT_EXTRAPOLATION_PERMISSION,ACTIVE_SEARCHED_OR_ARCHIVED_MORPH
oneD_v2_terminal_weak_T_0001,c0a45589ffa1eea1dec6845bea5ffddd0e192043aa0665630f148e5be05d534d,weak-T,c_blunt,4.855029098898264,dimensionless,PRIOR_SEARCH_TRANSFORM_NOT_SERIALIZED;EMPIRICAL_RANGE_RECORDED,0.3964464701712131,5.903029750755984,OBSERVED_EVALUATED_POPULATION_EXTREMA_NOT_EXTRAPOLATION_PERMISSION,ACTIVE_SEARCHED_OR_ARCHIVED_MORPH
oneD_v2_terminal_weak_T_0003,4c9bb42fe4b2019dddef9d80471062534668f5435dfb3de838b23446b5c360c4,weak-T,Tref_K,481.33,K,FIXED_IN_RECOVERED_POPULATION,481.33,481.33,OBSERVED_EVALUATED_POPULATION_EXTREMA_NOT_EXTRAPOLATION_PERMISSION,FIXED
oneD_v2_terminal_weak_T_0003,4c9bb42fe4b2019dddef9d80471062534668f5435dfb3de838b23446b5c360c4,weak-T,cleave_G00_eV,1.3512525620471902,eV,PRIOR_SEARCH_TRANSFORM_NOT_SERIALIZED;EMPIRICAL_RANGE_RECORDED,1.1613941742107272,5.476424816064537,OBSERVED_EVALUATED_POPULATION_EXTREMA_NOT_EXTRAPOLATION_PERMISSION,ACTIVE_SEARCHED_OR_ARCHIVED_MORPH
oneD_v2_terminal_weak_T_0003,4c9bb42fe4b2019dddef9d80471062534668f5435dfb3de838b23446b5c360c4,weak-T,cleave_gT_eV_per_K,0.011442136493649134,K,PRIOR_SEARCH_TRANSFORM_NOT_SERIALIZED;EMPIRICAL_RANGE_RECORDED,0.0005332994232885,0.011519610859455538,OBSERVED_EVALUATED_POPULATION_EXTREMA_NOT_EXTRAPOLATION_PERMISSION,ACTIVE_SEARCHED_OR_ARCHIVED_MORPH
oneD_v2_terminal_weak_T_0003,4c9bb42fe4b2019dddef9d80471062534668f5435dfb3de838b23446b5c360c4,weak-T,cleave_sigc0_GPa,2.6772073756159367,GPa,PRIOR_SEARCH_TRANSFORM_NOT_SERIALIZED;EMPIRICAL_RANGE_RECORDED,2.478483367631813,9.499969975495445,OBSERVED_EVALUATED_POPULATION_EXTREMA_NOT_EXTRAPOLATION_PERMISSION,ACTIVE_SEARCHED_OR_ARCHIVED_MORPH
oneD_v2_terminal_weak_T_0003,4c9bb42fe4b2019dddef9d80471062534668f5435dfb3de838b23446b5c360c4,weak-T,cleave_sT_GPa_per_K,-0.00023777515247207868,K,PRIOR_SEARCH_TRANSFORM_NOT_SERIALIZED;EMPIRICAL_RANGE_RECORDED,-0.0028363684089854,0.007358667384833,OBSERVED_EVALUATED_POPULATION_EXTREMA_NOT_EXTRAPOLATION_PERMISSION,ACTIVE_SEARCHED_OR_ARCHIVED_MORPH
oneD_v2_terminal_weak_T_0003,4c9bb42fe4b2019dddef9d80471062534668f5435dfb3de838b23446b5c360c4,weak-T,cleave_exp_a,1.9246364476505982,dimensionless,PRIOR_SEARCH_TRANSFORM_NOT_SERIALIZED;EMPIRICAL_RANGE_RECORDED,0.0618397523649036,1.995968483146141,OBSERVED_EVALUATED_POPULATION_EXTREMA_NOT_EXTRAPOLATION_PERMISSION,ACTIVE_SEARCHED_OR_ARCHIVED_MORPH
oneD_v2_terminal_weak_T_0003,4c9bb42fe4b2019dddef9d80471062534668f5435dfb3de838b23446b5c360c4,weak-T,cleave_exp_n,1.0695771936584868,dimensionless,PRIOR_SEARCH_TRANSFORM_NOT_SERIALIZED;EMPIRICAL_RANGE_RECORDED,0.5528804096393287,2.63327748933807,OBSERVED_EVALUATED_POPULATION_EXTREMA_NOT_EXTRAPOLATION_PERMISSION,ACTIVE_SEARCHED_OR_ARCHIVED_MORPH
oneD_v2_terminal_weak_T_0003,4c9bb42fe4b2019dddef9d80471062534668f5435dfb3de838b23446b5c360c4,weak-T,cleave_floor_frac,0.0019271603769193,dimensionless,PRIOR_SEARCH_TRANSFORM_NOT_SERIALIZED;EMPIRICAL_RANGE_RECORDED,0.0019271603769193,0.1966510411308111,OBSERVED_EVALUATED_POPULATION_EXTREMA_NOT_EXTRAPOLATION_PERMISSION,ACTIVE_SEARCHED_OR_ARCHIVED_MORPH
oneD_v2_terminal_weak_T_0003,4c9bb42fe4b2019dddef9d80471062534668f5435dfb3de838b23446b5c360c4,weak-T,emit_G00_eV,1.5924691069463173,eV,PRIOR_SEARCH_TRANSFORM_NOT_SERIALIZED;EMPIRICAL_RANGE_RECORDED,0.7812057442823682,4.748793914355337,OBSERVED_EVALUATED_POPULATION_EXTREMA_NOT_EXTRAPOLATION_PERMISSION,ACTIVE_SEARCHED_OR_ARCHIVED_MORPH
oneD_v2_terminal_weak_T_0003,4c9bb42fe4b2019dddef9d80471062534668f5435dfb3de838b23446b5c360c4,weak-T,emit_gT_eV_per_K,0.0019609254649543186,K,PRIOR_SEARCH_TRANSFORM_NOT_SERIALIZED;EMPIRICAL_RANGE_RECORDED,-0.0028567998185753,0.0079019972188398,OBSERVED_EVALUATED_POPULATION_EXTREMA_NOT_EXTRAPOLATION_PERMISSION,ACTIVE_SEARCHED_OR_ARCHIVED_MORPH
oneD_v2_terminal_weak_T_0003,4c9bb42fe4b2019dddef9d80471062534668f5435dfb3de838b23446b5c360c4,weak-T,emit_sigc0_GPa,0.5160260226872634,GPa,PRIOR_SEARCH_TRANSFORM_NOT_SERIALIZED;EMPIRICAL_RANGE_RECORDED,0.32350459485796695,9.278617694508284,OBSERVED_EVALUATED_POPULATION_EXTREMA_NOT_EXTRAPOLATION_PERMISSION,ACTIVE_SEARCHED_OR_ARCHIVED_MORPH
oneD_v2_terminal_weak_T_0003,4c9bb42fe4b2019dddef9d80471062534668f5435dfb3de838b23446b5c360c4,weak-T,emit_sT_GPa_per_K,-0.00014569920298883784,K,PRIOR_SEARCH_TRANSFORM_NOT_SERIALIZED;EMPIRICAL_RANGE_RECORDED,-0.0073275911211967,0.0099400414247065,OBSERVED_EVALUATED_POPULATION_EXTREMA_NOT_EXTRAPOLATION_PERMISSION,ACTIVE_SEARCHED_OR_ARCHIVED_MORPH
oneD_v2_terminal_weak_T_0003,4c9bb42fe4b2019dddef9d80471062534668f5435dfb3de838b23446b5c360c4,weak-T,emit_exp_a,0.3373712987569476,dimensionless,PRIOR_SEARCH_TRANSFORM_NOT_SERIALIZED;EMPIRICAL_RANGE_RECORDED,0.0765673027653247,1.2866776992767373,OBSERVED_EVALUATED_POPULATION_EXTREMA_NOT_EXTRAPOLATION_PERMISSION,ACTIVE_SEARCHED_OR_ARCHIVED_MORPH
oneD_v2_terminal_weak_T_0003,4c9bb42fe4b2019dddef9d80471062534668f5435dfb3de838b23446b5c360c4,weak-T,emit_exp_n,0.5510577117130739,dimensionless,PRIOR_SEARCH_TRANSFORM_NOT_SERIALIZED;EMPIRICAL_RANGE_RECORDED,0.4149390204673953,2.404178873915225,OBSERVED_EVALUATED_POPULATION_EXTREMA_NOT_EXTRAPOLATION_PERMISSION,ACTIVE_SEARCHED_OR_ARCHIVED_MORPH
oneD_v2_terminal_weak_T_0003,4c9bb42fe4b2019dddef9d80471062534668f5435dfb3de838b23446b5c360c4,weak-T,emit_floor_frac,0.001963405800003,dimensionless,PRIOR_SEARCH_TRANSFORM_NOT_SERIALIZED;EMPIRICAL_RANGE_RECORDED,0.001963405800003,0.1925852665942847,OBSERVED_EVALUATED_POPULATION_EXTREMA_NOT_EXTRAPOLATION_PERMISSION,ACTIVE_SEARCHED_OR_ARCHIVED_MORPH
oneD_v2_terminal_weak_T_0003,4c9bb42fe4b2019dddef9d80471062534668f5435dfb3de838b23446b5c360c4,weak-T,peierls_H0_eV,13.978225439244895,eV,PRIOR_SEARCH_TRANSFORM_NOT_SERIALIZED;EMPIRICAL_RANGE_RECORDED,0.941218419931829,13.978225439244895,OBSERVED_EVALUATED_POPULATION_EXTREMA_NOT_EXTRAPOLATION_PERMISSION,ACTIVE_SEARCHED_OR_ARCHIVED_MORPH
oneD_v2_terminal_weak_T_0003,4c9bb42fe4b2019dddef9d80471062534668f5435dfb3de838b23446b5c360c4,weak-T,peierls_activation_entropy_kB,-42.13381258161446,dimensionless,PRIOR_SEARCH_TRANSFORM_NOT_SERIALIZED;EMPIRICAL_RANGE_RECORDED,-94.78213467448583,16.830181423574686,OBSERVED_EVALUATED_POPULATION_EXTREMA_NOT_EXTRAPOLATION_PERMISSION,ACTIVE_SEARCHED_OR_ARCHIVED_MORPH
oneD_v2_terminal_weak_T_0003,4c9bb42fe4b2019dddef9d80471062534668f5435dfb3de838b23446b5c360c4,weak-T,peierls_exp_a,0.2264547564554959,dimensionless,PRIOR_SEARCH_TRANSFORM_NOT_SERIALIZED;EMPIRICAL_RANGE_RECORDED,0.2264547564554959,1.9146125694736835,OBSERVED_EVALUATED_POPULATION_EXTREMA_NOT_EXTRAPOLATION_PERMISSION,ACTIVE_SEARCHED_OR_ARCHIVED_MORPH
oneD_v2_terminal_weak_T_0003,4c9bb42fe4b2019dddef9d80471062534668f5435dfb3de838b23446b5c360c4,weak-T,peierls_exp_n,1.9374389592558143,dimensionless,PRIOR_SEARCH_TRANSFORM_NOT_SERIALIZED;EMPIRICAL_RANGE_RECORDED,0.5681562009267509,2.5466286113951355,OBSERVED_EVALUATED_POPULATION_EXTREMA_NOT_EXTRAPOLATION_PERMISSION,ACTIVE_SEARCHED_OR_ARCHIVED_MORPH
oneD_v2_terminal_weak_T_0003,4c9bb42fe4b2019dddef9d80471062534668f5435dfb3de838b23446b5c360c4,weak-T,peierls_nu0_s,1000000000000.0,s^-1,FIXED_IN_RECOVERED_POPULATION,1000000000000.0,1000000000000.0,OBSERVED_EVALUATED_POPULATION_EXTREMA_NOT_EXTRAPOLATION_PERMISSION,FIXED
oneD_v2_terminal_weak_T_0003,4c9bb42fe4b2019dddef9d80471062534668f5435dfb3de838b23446b5c360c4,weak-T,taylor_H0_eV,1.882828103884349,eV,PRIOR_SEARCH_TRANSFORM_NOT_SERIALIZED;EMPIRICAL_RANGE_RECORDED,0.1275879848003387,6.397265535295895,OBSERVED_EVALUATED_POPULATION_EXTREMA_NOT_EXTRAPOLATION_PERMISSION,ACTIVE_SEARCHED_OR_ARCHIVED_MORPH
oneD_v2_terminal_weak_T_0003,4c9bb42fe4b2019dddef9d80471062534668f5435dfb3de838b23446b5c360c4,weak-T,taylor_activation_entropy_kB,73.56970545706186,dimensionless,PRIOR_SEARCH_TRANSFORM_NOT_SERIALIZED;EMPIRICAL_RANGE_RECORDED,-25.948952957987785,79.52362599363242,OBSERVED_EVALUATED_POPULATION_EXTREMA_NOT_EXTRAPOLATION_PERMISSION,ACTIVE_SEARCHED_OR_ARCHIVED_MORPH
oneD_v2_terminal_weak_T_0003,4c9bb42fe4b2019dddef9d80471062534668f5435dfb3de838b23446b5c360c4,weak-T,taylor_exp_a,1.055419295541942,dimensionless,PRIOR_SEARCH_TRANSFORM_NOT_SERIALIZED;EMPIRICAL_RANGE_RECORDED,0.0402470866590738,1.055419295541942,OBSERVED_EVALUATED_POPULATION_EXTREMA_NOT_EXTRAPOLATION_PERMISSION,ACTIVE_SEARCHED_OR_ARCHIVED_MORPH
oneD_v2_terminal_weak_T_0003,4c9bb42fe4b2019dddef9d80471062534668f5435dfb3de838b23446b5c360c4,weak-T,taylor_exp_n,1.0061173520516604,dimensionless,PRIOR_SEARCH_TRANSFORM_NOT_SERIALIZED;EMPIRICAL_RANGE_RECORDED,0.5389550719410181,2.441455863416195,OBSERVED_EVALUATED_POPULATION_EXTREMA_NOT_EXTRAPOLATION_PERMISSION,ACTIVE_SEARCHED_OR_ARCHIVED_MORPH
oneD_v2_terminal_weak_T_0003,4c9bb42fe4b2019dddef9d80471062534668f5435dfb3de838b23446b5c360c4,weak-T,taylor_nu0_s,100000000000.0,s^-1,FIXED_IN_RECOVERED_POPULATION,100000000000.0,100000000000.0,OBSERVED_EVALUATED_POPULATION_EXTREMA_NOT_EXTRAPOLATION_PERMISSION,FIXED
oneD_v2_terminal_weak_T_0003,4c9bb42fe4b2019dddef9d80471062534668f5435dfb3de838b23446b5c360c4,weak-T,rho_source0_m2,4213617516456.1113,m^-2,PRIOR_SEARCH_TRANSFORM_NOT_SERIALIZED;EMPIRICAL_RANGE_RECORDED,1174563748149.2874,7.411536373796822e+16,OBSERVED_EVALUATED_POPULATION_EXTREMA_NOT_EXTRAPOLATION_PERMISSION,ACTIVE_SEARCHED_OR_ARCHIVED_MORPH
oneD_v2_terminal_weak_T_0003,4c9bb42fe4b2019dddef9d80471062534668f5435dfb3de838b23446b5c360c4,weak-T,taylor_corr_rho_c_m2,83741634015459.42,m^-2,PRIOR_SEARCH_TRANSFORM_NOT_SERIALIZED;EMPIRICAL_RANGE_RECORDED,112705259472.60164,8.319121413916371e+17,OBSERVED_EVALUATED_POPULATION_EXTREMA_NOT_EXTRAPOLATION_PERMISSION,ACTIVE_SEARCHED_OR_ARCHIVED_MORPH
oneD_v2_terminal_weak_T_0003,4c9bb42fe4b2019dddef9d80471062534668f5435dfb3de838b23446b5c360c4,weak-T,taylor_corr_scale,0.09409813613916904,dimensionless,PRIOR_SEARCH_TRANSFORM_NOT_SERIALIZED;EMPIRICAL_RANGE_RECORDED,0.03842799657252147,6.048544658291038,OBSERVED_EVALUATED_POPULATION_EXTREMA_NOT_EXTRAPOLATION_PERMISSION,ACTIVE_SEARCHED_OR_ARCHIVED_MORPH
oneD_v2_terminal_weak_T_0003,4c9bb42fe4b2019dddef9d80471062534668f5435dfb3de838b23446b5c360c4,weak-T,c_blunt,2.4538196112368307,dimensionless,PRIOR_SEARCH_TRANSFORM_NOT_SERIALIZED;EMPIRICAL_RANGE_RECORDED,0.3964464701712131,5.903029750755984,OBSERVED_EVALUATED_POPULATION_EXTREMA_NOT_EXTRAPOLATION_PERMISSION,ACTIVE_SEARCHED_OR_ARCHIVED_MORPH
oneD_v2_terminal_weak_T_0012,e4dbe334a7f55a3b131dbeadfa6b3e3c0b521f315f55af0f8ec516e9a73c481b,weak-T,Tref_K,481.33,K,FIXED_IN_RECOVERED_POPULATION,481.33,481.33,OBSERVED_EVALUATED_POPULATION_EXTREMA_NOT_EXTRAPOLATION_PERMISSION,FIXED
oneD_v2_terminal_weak_T_0012,e4dbe334a7f55a3b131dbeadfa6b3e3c0b521f315f55af0f8ec516e9a73c481b,weak-T,cleave_G00_eV,1.5961532440764894,eV,PRIOR_SEARCH_TRANSFORM_NOT_SERIALIZED;EMPIRICAL_RANGE_RECORDED,1.1613941742107272,5.476424816064537,OBSERVED_EVALUATED_POPULATION_EXTREMA_NOT_EXTRAPOLATION_PERMISSION,ACTIVE_SEARCHED_OR_ARCHIVED_MORPH
oneD_v2_terminal_weak_T_0012,e4dbe334a7f55a3b131dbeadfa6b3e3c0b521f315f55af0f8ec516e9a73c481b,weak-T,cleave_gT_eV_per_K,0.004856675438838298,K,PRIOR_SEARCH_TRANSFORM_NOT_SERIALIZED;EMPIRICAL_RANGE_RECORDED,0.0005332994232885,0.011519610859455538,OBSERVED_EVALUATED_POPULATION_EXTREMA_NOT_EXTRAPOLATION_PERMISSION,ACTIVE_SEARCHED_OR_ARCHIVED_MORPH
oneD_v2_terminal_weak_T_0012,e4dbe334a7f55a3b131dbeadfa6b3e3c0b521f315f55af0f8ec516e9a73c481b,weak-T,cleave_sigc0_GPa,8.334884480666846,GPa,PRIOR_SEARCH_TRANSFORM_NOT_SERIALIZED;EMPIRICAL_RANGE_RECORDED,2.478483367631813,9.499969975495445,OBSERVED_EVALUATED_POPULATION_EXTREMA_NOT_EXTRAPOLATION_PERMISSION,ACTIVE_SEARCHED_OR_ARCHIVED_MORPH
oneD_v2_terminal_weak_T_0012,e4dbe334a7f55a3b131dbeadfa6b3e3c0b521f315f55af0f8ec516e9a73c481b,weak-T,cleave_sT_GPa_per_K,-0.00017317886338835453,K,PRIOR_SEARCH_TRANSFORM_NOT_SERIALIZED;EMPIRICAL_RANGE_RECORDED,-0.0028363684089854,0.007358667384833,OBSERVED_EVALUATED_POPULATION_EXTREMA_NOT_EXTRAPOLATION_PERMISSION,ACTIVE_SEARCHED_OR_ARCHIVED_MORPH
oneD_v2_terminal_weak_T_0012,e4dbe334a7f55a3b131dbeadfa6b3e3c0b521f315f55af0f8ec516e9a73c481b,weak-T,cleave_exp_a,0.709549068570611,dimensionless,PRIOR_SEARCH_TRANSFORM_NOT_SERIALIZED;EMPIRICAL_RANGE_RECORDED,0.0618397523649036,1.995968483146141,OBSERVED_EVALUATED_POPULATION_EXTREMA_NOT_EXTRAPOLATION_PERMISSION,ACTIVE_SEARCHED_OR_ARCHIVED_MORPH
oneD_v2_terminal_weak_T_0012,e4dbe334a7f55a3b131dbeadfa6b3e3c0b521f315f55af0f8ec516e9a73c481b,weak-T,cleave_exp_n,0.9257598645631772,dimensionless,PRIOR_SEARCH_TRANSFORM_NOT_SERIALIZED;EMPIRICAL_RANGE_RECORDED,0.5528804096393287,2.63327748933807,OBSERVED_EVALUATED_POPULATION_EXTREMA_NOT_EXTRAPOLATION_PERMISSION,ACTIVE_SEARCHED_OR_ARCHIVED_MORPH
oneD_v2_terminal_weak_T_0012,e4dbe334a7f55a3b131dbeadfa6b3e3c0b521f315f55af0f8ec516e9a73c481b,weak-T,cleave_floor_frac,0.0019271603769193,dimensionless,PRIOR_SEARCH_TRANSFORM_NOT_SERIALIZED;EMPIRICAL_RANGE_RECORDED,0.0019271603769193,0.1966510411308111,OBSERVED_EVALUATED_POPULATION_EXTREMA_NOT_EXTRAPOLATION_PERMISSION,ACTIVE_SEARCHED_OR_ARCHIVED_MORPH
oneD_v2_terminal_weak_T_0012,e4dbe334a7f55a3b131dbeadfa6b3e3c0b521f315f55af0f8ec516e9a73c481b,weak-T,emit_G00_eV,3.0412309740398458,eV,PRIOR_SEARCH_TRANSFORM_NOT_SERIALIZED;EMPIRICAL_RANGE_RECORDED,0.7812057442823682,4.748793914355337,OBSERVED_EVALUATED_POPULATION_EXTREMA_NOT_EXTRAPOLATION_PERMISSION,ACTIVE_SEARCHED_OR_ARCHIVED_MORPH
oneD_v2_terminal_weak_T_0012,e4dbe334a7f55a3b131dbeadfa6b3e3c0b521f315f55af0f8ec516e9a73c481b,weak-T,emit_gT_eV_per_K,0.0014972679296275206,K,PRIOR_SEARCH_TRANSFORM_NOT_SERIALIZED;EMPIRICAL_RANGE_RECORDED,-0.0028567998185753,0.0079019972188398,OBSERVED_EVALUATED_POPULATION_EXTREMA_NOT_EXTRAPOLATION_PERMISSION,ACTIVE_SEARCHED_OR_ARCHIVED_MORPH
oneD_v2_terminal_weak_T_0012,e4dbe334a7f55a3b131dbeadfa6b3e3c0b521f315f55af0f8ec516e9a73c481b,weak-T,emit_sigc0_GPa,0.36800969944924405,GPa,PRIOR_SEARCH_TRANSFORM_NOT_SERIALIZED;EMPIRICAL_RANGE_RECORDED,0.32350459485796695,9.278617694508284,OBSERVED_EVALUATED_POPULATION_EXTREMA_NOT_EXTRAPOLATION_PERMISSION,ACTIVE_SEARCHED_OR_ARCHIVED_MORPH
oneD_v2_terminal_weak_T_0012,e4dbe334a7f55a3b131dbeadfa6b3e3c0b521f315f55af0f8ec516e9a73c481b,weak-T,emit_sT_GPa_per_K,-0.00010970619682982557,K,PRIOR_SEARCH_TRANSFORM_NOT_SERIALIZED;EMPIRICAL_RANGE_RECORDED,-0.0073275911211967,0.0099400414247065,OBSERVED_EVALUATED_POPULATION_EXTREMA_NOT_EXTRAPOLATION_PERMISSION,ACTIVE_SEARCHED_OR_ARCHIVED_MORPH
oneD_v2_terminal_weak_T_0012,e4dbe334a7f55a3b131dbeadfa6b3e3c0b521f315f55af0f8ec516e9a73c481b,weak-T,emit_exp_a,0.3756211146277778,dimensionless,PRIOR_SEARCH_TRANSFORM_NOT_SERIALIZED;EMPIRICAL_RANGE_RECORDED,0.0765673027653247,1.2866776992767373,OBSERVED_EVALUATED_POPULATION_EXTREMA_NOT_EXTRAPOLATION_PERMISSION,ACTIVE_SEARCHED_OR_ARCHIVED_MORPH
oneD_v2_terminal_weak_T_0012,e4dbe334a7f55a3b131dbeadfa6b3e3c0b521f315f55af0f8ec516e9a73c481b,weak-T,emit_exp_n,0.4149390204673953,dimensionless,PRIOR_SEARCH_TRANSFORM_NOT_SERIALIZED;EMPIRICAL_RANGE_RECORDED,0.4149390204673953,2.404178873915225,OBSERVED_EVALUATED_POPULATION_EXTREMA_NOT_EXTRAPOLATION_PERMISSION,ACTIVE_SEARCHED_OR_ARCHIVED_MORPH
oneD_v2_terminal_weak_T_0012,e4dbe334a7f55a3b131dbeadfa6b3e3c0b521f315f55af0f8ec516e9a73c481b,weak-T,emit_floor_frac,0.001963405800003,dimensionless,PRIOR_SEARCH_TRANSFORM_NOT_SERIALIZED;EMPIRICAL_RANGE_RECORDED,0.001963405800003,0.1925852665942847,OBSERVED_EVALUATED_POPULATION_EXTREMA_NOT_EXTRAPOLATION_PERMISSION,ACTIVE_SEARCHED_OR_ARCHIVED_MORPH
oneD_v2_terminal_weak_T_0012,e4dbe334a7f55a3b131dbeadfa6b3e3c0b521f315f55af0f8ec516e9a73c481b,weak-T,peierls_H0_eV,8.878551417876372,eV,PRIOR_SEARCH_TRANSFORM_NOT_SERIALIZED;EMPIRICAL_RANGE_RECORDED,0.941218419931829,13.978225439244895,OBSERVED_EVALUATED_POPULATION_EXTREMA_NOT_EXTRAPOLATION_PERMISSION,ACTIVE_SEARCHED_OR_ARCHIVED_MORPH
oneD_v2_terminal_weak_T_0012,e4dbe334a7f55a3b131dbeadfa6b3e3c0b521f315f55af0f8ec516e9a73c481b,weak-T,peierls_activation_entropy_kB,-87.59079601073225,dimensionless,PRIOR_SEARCH_TRANSFORM_NOT_SERIALIZED;EMPIRICAL_RANGE_RECORDED,-94.78213467448583,16.830181423574686,OBSERVED_EVALUATED_POPULATION_EXTREMA_NOT_EXTRAPOLATION_PERMISSION,ACTIVE_SEARCHED_OR_ARCHIVED_MORPH
oneD_v2_terminal_weak_T_0012,e4dbe334a7f55a3b131dbeadfa6b3e3c0b521f315f55af0f8ec516e9a73c481b,weak-T,peierls_exp_a,0.2264547564554959,dimensionless,PRIOR_SEARCH_TRANSFORM_NOT_SERIALIZED;EMPIRICAL_RANGE_RECORDED,0.2264547564554959,1.9146125694736835,OBSERVED_EVALUATED_POPULATION_EXTREMA_NOT_EXTRAPOLATION_PERMISSION,ACTIVE_SEARCHED_OR_ARCHIVED_MORPH
oneD_v2_terminal_weak_T_0012,e4dbe334a7f55a3b131dbeadfa6b3e3c0b521f315f55af0f8ec516e9a73c481b,weak-T,peierls_exp_n,1.9374389592558143,dimensionless,PRIOR_SEARCH_TRANSFORM_NOT_SERIALIZED;EMPIRICAL_RANGE_RECORDED,0.5681562009267509,2.5466286113951355,OBSERVED_EVALUATED_POPULATION_EXTREMA_NOT_EXTRAPOLATION_PERMISSION,ACTIVE_SEARCHED_OR_ARCHIVED_MORPH
oneD_v2_terminal_weak_T_0012,e4dbe334a7f55a3b131dbeadfa6b3e3c0b521f315f55af0f8ec516e9a73c481b,weak-T,peierls_nu0_s,1000000000000.0,s^-1,FIXED_IN_RECOVERED_POPULATION,1000000000000.0,1000000000000.0,OBSERVED_EVALUATED_POPULATION_EXTREMA_NOT_EXTRAPOLATION_PERMISSION,FIXED
oneD_v2_terminal_weak_T_0012,e4dbe334a7f55a3b131dbeadfa6b3e3c0b521f315f55af0f8ec516e9a73c481b,weak-T,taylor_H0_eV,6.147997639200604,eV,PRIOR_SEARCH_TRANSFORM_NOT_SERIALIZED;EMPIRICAL_RANGE_RECORDED,0.1275879848003387,6.397265535295895,OBSERVED_EVALUATED_POPULATION_EXTREMA_NOT_EXTRAPOLATION_PERMISSION,ACTIVE_SEARCHED_OR_ARCHIVED_MORPH
oneD_v2_terminal_weak_T_0012,e4dbe334a7f55a3b131dbeadfa6b3e3c0b521f315f55af0f8ec516e9a73c481b,weak-T,taylor_activation_entropy_kB,24.788795801490792,dimensionless,PRIOR_SEARCH_TRANSFORM_NOT_SERIALIZED;EMPIRICAL_RANGE_RECORDED,-25.948952957987785,79.52362599363242,OBSERVED_EVALUATED_POPULATION_EXTREMA_NOT_EXTRAPOLATION_PERMISSION,ACTIVE_SEARCHED_OR_ARCHIVED_MORPH
oneD_v2_terminal_weak_T_0012,e4dbe334a7f55a3b131dbeadfa6b3e3c0b521f315f55af0f8ec516e9a73c481b,weak-T,taylor_exp_a,1.055419295541942,dimensionless,PRIOR_SEARCH_TRANSFORM_NOT_SERIALIZED;EMPIRICAL_RANGE_RECORDED,0.0402470866590738,1.055419295541942,OBSERVED_EVALUATED_POPULATION_EXTREMA_NOT_EXTRAPOLATION_PERMISSION,ACTIVE_SEARCHED_OR_ARCHIVED_MORPH
oneD_v2_terminal_weak_T_0012,e4dbe334a7f55a3b131dbeadfa6b3e3c0b521f315f55af0f8ec516e9a73c481b,weak-T,taylor_exp_n,1.0061173520516604,dimensionless,PRIOR_SEARCH_TRANSFORM_NOT_SERIALIZED;EMPIRICAL_RANGE_RECORDED,0.5389550719410181,2.441455863416195,OBSERVED_EVALUATED_POPULATION_EXTREMA_NOT_EXTRAPOLATION_PERMISSION,ACTIVE_SEARCHED_OR_ARCHIVED_MORPH
oneD_v2_terminal_weak_T_0012,e4dbe334a7f55a3b131dbeadfa6b3e3c0b521f315f55af0f8ec516e9a73c481b,weak-T,taylor_nu0_s,100000000000.0,s^-1,FIXED_IN_RECOVERED_POPULATION,100000000000.0,100000000000.0,OBSERVED_EVALUATED_POPULATION_EXTREMA_NOT_EXTRAPOLATION_PERMISSION,FIXED
oneD_v2_terminal_weak_T_0012,e4dbe334a7f55a3b131dbeadfa6b3e3c0b521f315f55af0f8ec516e9a73c481b,weak-T,rho_source0_m2,49786302975306.42,m^-2,PRIOR_SEARCH_TRANSFORM_NOT_SERIALIZED;EMPIRICAL_RANGE_RECORDED,1174563748149.2874,7.411536373796822e+16,OBSERVED_EVALUATED_POPULATION_EXTREMA_NOT_EXTRAPOLATION_PERMISSION,ACTIVE_SEARCHED_OR_ARCHIVED_MORPH
oneD_v2_terminal_weak_T_0012,e4dbe334a7f55a3b131dbeadfa6b3e3c0b521f315f55af0f8ec516e9a73c481b,weak-T,taylor_corr_rho_c_m2,921655737097016.8,m^-2,PRIOR_SEARCH_TRANSFORM_NOT_SERIALIZED;EMPIRICAL_RANGE_RECORDED,112705259472.60164,8.319121413916371e+17,OBSERVED_EVALUATED_POPULATION_EXTREMA_NOT_EXTRAPOLATION_PERMISSION,ACTIVE_SEARCHED_OR_ARCHIVED_MORPH
oneD_v2_terminal_weak_T_0012,e4dbe334a7f55a3b131dbeadfa6b3e3c0b521f315f55af0f8ec516e9a73c481b,weak-T,taylor_corr_scale,0.21581359455306978,dimensionless,PRIOR_SEARCH_TRANSFORM_NOT_SERIALIZED;EMPIRICAL_RANGE_RECORDED,0.03842799657252147,6.048544658291038,OBSERVED_EVALUATED_POPULATION_EXTREMA_NOT_EXTRAPOLATION_PERMISSION,ACTIVE_SEARCHED_OR_ARCHIVED_MORPH
oneD_v2_terminal_weak_T_0012,e4dbe334a7f55a3b131dbeadfa6b3e3c0b521f315f55af0f8ec516e9a73c481b,weak-T,c_blunt,0.9497039486417885,dimensionless,PRIOR_SEARCH_TRANSFORM_NOT_SERIALIZED;EMPIRICAL_RANGE_RECORDED,0.3964464701712131,5.903029750755984,OBSERVED_EVALUATED_POPULATION_EXTREMA_NOT_EXTRAPOLATION_PERMISSION,ACTIVE_SEARCHED_OR_ARCHIVED_MORPH
oneD_v2_terminal_weak_T_0021,f5a976fc5c5f3525ee33d10c16fdf7dc218f3c1b258ea3dc7ca4d18f5ce3c2fc,weak-T,Tref_K,481.33,K,FIXED_IN_RECOVERED_POPULATION,481.33,481.33,OBSERVED_EVALUATED_POPULATION_EXTREMA_NOT_EXTRAPOLATION_PERMISSION,FIXED
oneD_v2_terminal_weak_T_0021,f5a976fc5c5f3525ee33d10c16fdf7dc218f3c1b258ea3dc7ca4d18f5ce3c2fc,weak-T,cleave_G00_eV,3.2122945775409724,eV,PRIOR_SEARCH_TRANSFORM_NOT_SERIALIZED;EMPIRICAL_RANGE_RECORDED,1.1613941742107272,5.476424816064537,OBSERVED_EVALUATED_POPULATION_EXTREMA_NOT_EXTRAPOLATION_PERMISSION,ACTIVE_SEARCHED_OR_ARCHIVED_MORPH
oneD_v2_terminal_weak_T_0021,f5a976fc5c5f3525ee33d10c16fdf7dc218f3c1b258ea3dc7ca4d18f5ce3c2fc,weak-T,cleave_gT_eV_per_K,0.007209795954859458,K,PRIOR_SEARCH_TRANSFORM_NOT_SERIALIZED;EMPIRICAL_RANGE_RECORDED,0.0005332994232885,0.011519610859455538,OBSERVED_EVALUATED_POPULATION_EXTREMA_NOT_EXTRAPOLATION_PERMISSION,ACTIVE_SEARCHED_OR_ARCHIVED_MORPH
oneD_v2_terminal_weak_T_0021,f5a976fc5c5f3525ee33d10c16fdf7dc218f3c1b258ea3dc7ca4d18f5ce3c2fc,weak-T,cleave_sigc0_GPa,8.636067848419977,GPa,PRIOR_SEARCH_TRANSFORM_NOT_SERIALIZED;EMPIRICAL_RANGE_RECORDED,2.478483367631813,9.499969975495445,OBSERVED_EVALUATED_POPULATION_EXTREMA_NOT_EXTRAPOLATION_PERMISSION,ACTIVE_SEARCHED_OR_ARCHIVED_MORPH
oneD_v2_terminal_weak_T_0021,f5a976fc5c5f3525ee33d10c16fdf7dc218f3c1b258ea3dc7ca4d18f5ce3c2fc,weak-T,cleave_sT_GPa_per_K,-0.00024995872019402567,K,PRIOR_SEARCH_TRANSFORM_NOT_SERIALIZED;EMPIRICAL_RANGE_RECORDED,-0.0028363684089854,0.007358667384833,OBSERVED_EVALUATED_POPULATION_EXTREMA_NOT_EXTRAPOLATION_PERMISSION,ACTIVE_SEARCHED_OR_ARCHIVED_MORPH
oneD_v2_terminal_weak_T_0021,f5a976fc5c5f3525ee33d10c16fdf7dc218f3c1b258ea3dc7ca4d18f5ce3c2fc,weak-T,cleave_exp_a,1.1115784141399132,dimensionless,PRIOR_SEARCH_TRANSFORM_NOT_SERIALIZED;EMPIRICAL_RANGE_RECORDED,0.0618397523649036,1.995968483146141,OBSERVED_EVALUATED_POPULATION_EXTREMA_NOT_EXTRAPOLATION_PERMISSION,ACTIVE_SEARCHED_OR_ARCHIVED_MORPH
oneD_v2_terminal_weak_T_0021,f5a976fc5c5f3525ee33d10c16fdf7dc218f3c1b258ea3dc7ca4d18f5ce3c2fc,weak-T,cleave_exp_n,1.0118995853964623,dimensionless,PRIOR_SEARCH_TRANSFORM_NOT_SERIALIZED;EMPIRICAL_RANGE_RECORDED,0.5528804096393287,2.63327748933807,OBSERVED_EVALUATED_POPULATION_EXTREMA_NOT_EXTRAPOLATION_PERMISSION,ACTIVE_SEARCHED_OR_ARCHIVED_MORPH
oneD_v2_terminal_weak_T_0021,f5a976fc5c5f3525ee33d10c16fdf7dc218f3c1b258ea3dc7ca4d18f5ce3c2fc,weak-T,cleave_floor_frac,0.0019271603769193,dimensionless,PRIOR_SEARCH_TRANSFORM_NOT_SERIALIZED;EMPIRICAL_RANGE_RECORDED,0.0019271603769193,0.1966510411308111,OBSERVED_EVALUATED_POPULATION_EXTREMA_NOT_EXTRAPOLATION_PERMISSION,ACTIVE_SEARCHED_OR_ARCHIVED_MORPH
oneD_v2_terminal_weak_T_0021,f5a976fc5c5f3525ee33d10c16fdf7dc218f3c1b258ea3dc7ca4d18f5ce3c2fc,weak-T,emit_G00_eV,1.7315233433569674,eV,PRIOR_SEARCH_TRANSFORM_NOT_SERIALIZED;EMPIRICAL_RANGE_RECORDED,0.7812057442823682,4.748793914355337,OBSERVED_EVALUATED_POPULATION_EXTREMA_NOT_EXTRAPOLATION_PERMISSION,ACTIVE_SEARCHED_OR_ARCHIVED_MORPH
oneD_v2_terminal_weak_T_0021,f5a976fc5c5f3525ee33d10c16fdf7dc218f3c1b258ea3dc7ca4d18f5ce3c2fc,weak-T,emit_gT_eV_per_K,0.002736191608195341,K,PRIOR_SEARCH_TRANSFORM_NOT_SERIALIZED;EMPIRICAL_RANGE_RECORDED,-0.0028567998185753,0.0079019972188398,OBSERVED_EVALUATED_POPULATION_EXTREMA_NOT_EXTRAPOLATION_PERMISSION,ACTIVE_SEARCHED_OR_ARCHIVED_MORPH
oneD_v2_terminal_weak_T_0021,f5a976fc5c5f3525ee33d10c16fdf7dc218f3c1b258ea3dc7ca4d18f5ce3c2fc,weak-T,emit_sigc0_GPa,0.3527960578660185,GPa,PRIOR_SEARCH_TRANSFORM_NOT_SERIALIZED;EMPIRICAL_RANGE_RECORDED,0.32350459485796695,9.278617694508284,OBSERVED_EVALUATED_POPULATION_EXTREMA_NOT_EXTRAPOLATION_PERMISSION,ACTIVE_SEARCHED_OR_ARCHIVED_MORPH
oneD_v2_terminal_weak_T_0021,f5a976fc5c5f3525ee33d10c16fdf7dc218f3c1b258ea3dc7ca4d18f5ce3c2fc,weak-T,emit_sT_GPa_per_K,-0.00024782998319877313,K,PRIOR_SEARCH_TRANSFORM_NOT_SERIALIZED;EMPIRICAL_RANGE_RECORDED,-0.0073275911211967,0.0099400414247065,OBSERVED_EVALUATED_POPULATION_EXTREMA_NOT_EXTRAPOLATION_PERMISSION,ACTIVE_SEARCHED_OR_ARCHIVED_MORPH
oneD_v2_terminal_weak_T_0021,f5a976fc5c5f3525ee33d10c16fdf7dc218f3c1b258ea3dc7ca4d18f5ce3c2fc,weak-T,emit_exp_a,0.43853376502638897,dimensionless,PRIOR_SEARCH_TRANSFORM_NOT_SERIALIZED;EMPIRICAL_RANGE_RECORDED,0.0765673027653247,1.2866776992767373,OBSERVED_EVALUATED_POPULATION_EXTREMA_NOT_EXTRAPOLATION_PERMISSION,ACTIVE_SEARCHED_OR_ARCHIVED_MORPH
oneD_v2_terminal_weak_T_0021,f5a976fc5c5f3525ee33d10c16fdf7dc218f3c1b258ea3dc7ca4d18f5ce3c2fc,weak-T,emit_exp_n,1.5554375732890968,dimensionless,PRIOR_SEARCH_TRANSFORM_NOT_SERIALIZED;EMPIRICAL_RANGE_RECORDED,0.4149390204673953,2.404178873915225,OBSERVED_EVALUATED_POPULATION_EXTREMA_NOT_EXTRAPOLATION_PERMISSION,ACTIVE_SEARCHED_OR_ARCHIVED_MORPH
oneD_v2_terminal_weak_T_0021,f5a976fc5c5f3525ee33d10c16fdf7dc218f3c1b258ea3dc7ca4d18f5ce3c2fc,weak-T,emit_floor_frac,0.001963405800003,dimensionless,PRIOR_SEARCH_TRANSFORM_NOT_SERIALIZED;EMPIRICAL_RANGE_RECORDED,0.001963405800003,0.1925852665942847,OBSERVED_EVALUATED_POPULATION_EXTREMA_NOT_EXTRAPOLATION_PERMISSION,ACTIVE_SEARCHED_OR_ARCHIVED_MORPH
oneD_v2_terminal_weak_T_0021,f5a976fc5c5f3525ee33d10c16fdf7dc218f3c1b258ea3dc7ca4d18f5ce3c2fc,weak-T,peierls_H0_eV,3.885561184088855,eV,PRIOR_SEARCH_TRANSFORM_NOT_SERIALIZED;EMPIRICAL_RANGE_RECORDED,0.941218419931829,13.978225439244895,OBSERVED_EVALUATED_POPULATION_EXTREMA_NOT_EXTRAPOLATION_PERMISSION,ACTIVE_SEARCHED_OR_ARCHIVED_MORPH
oneD_v2_terminal_weak_T_0021,f5a976fc5c5f3525ee33d10c16fdf7dc218f3c1b258ea3dc7ca4d18f5ce3c2fc,weak-T,peierls_activation_entropy_kB,-25.114527442815582,dimensionless,PRIOR_SEARCH_TRANSFORM_NOT_SERIALIZED;EMPIRICAL_RANGE_RECORDED,-94.78213467448583,16.830181423574686,OBSERVED_EVALUATED_POPULATION_EXTREMA_NOT_EXTRAPOLATION_PERMISSION,ACTIVE_SEARCHED_OR_ARCHIVED_MORPH
oneD_v2_terminal_weak_T_0021,f5a976fc5c5f3525ee33d10c16fdf7dc218f3c1b258ea3dc7ca4d18f5ce3c2fc,weak-T,peierls_exp_a,0.2264547564554959,dimensionless,PRIOR_SEARCH_TRANSFORM_NOT_SERIALIZED;EMPIRICAL_RANGE_RECORDED,0.2264547564554959,1.9146125694736835,OBSERVED_EVALUATED_POPULATION_EXTREMA_NOT_EXTRAPOLATION_PERMISSION,ACTIVE_SEARCHED_OR_ARCHIVED_MORPH
oneD_v2_terminal_weak_T_0021,f5a976fc5c5f3525ee33d10c16fdf7dc218f3c1b258ea3dc7ca4d18f5ce3c2fc,weak-T,peierls_exp_n,1.9374389592558143,dimensionless,PRIOR_SEARCH_TRANSFORM_NOT_SERIALIZED;EMPIRICAL_RANGE_RECORDED,0.5681562009267509,2.5466286113951355,OBSERVED_EVALUATED_POPULATION_EXTREMA_NOT_EXTRAPOLATION_PERMISSION,ACTIVE_SEARCHED_OR_ARCHIVED_MORPH
oneD_v2_terminal_weak_T_0021,f5a976fc5c5f3525ee33d10c16fdf7dc218f3c1b258ea3dc7ca4d18f5ce3c2fc,weak-T,peierls_nu0_s,1000000000000.0,s^-1,FIXED_IN_RECOVERED_POPULATION,1000000000000.0,1000000000000.0,OBSERVED_EVALUATED_POPULATION_EXTREMA_NOT_EXTRAPOLATION_PERMISSION,FIXED
oneD_v2_terminal_weak_T_0021,f5a976fc5c5f3525ee33d10c16fdf7dc218f3c1b258ea3dc7ca4d18f5ce3c2fc,weak-T,taylor_H0_eV,6.397265535295895,eV,PRIOR_SEARCH_TRANSFORM_NOT_SERIALIZED;EMPIRICAL_RANGE_RECORDED,0.1275879848003387,6.397265535295895,OBSERVED_EVALUATED_POPULATION_EXTREMA_NOT_EXTRAPOLATION_PERMISSION,ACTIVE_SEARCHED_OR_ARCHIVED_MORPH
oneD_v2_terminal_weak_T_0021,f5a976fc5c5f3525ee33d10c16fdf7dc218f3c1b258ea3dc7ca4d18f5ce3c2fc,weak-T,taylor_activation_entropy_kB,38.135399021585535,dimensionless,PRIOR_SEARCH_TRANSFORM_NOT_SERIALIZED;EMPIRICAL_RANGE_RECORDED,-25.948952957987785,79.52362599363242,OBSERVED_EVALUATED_POPULATION_EXTREMA_NOT_EXTRAPOLATION_PERMISSION,ACTIVE_SEARCHED_OR_ARCHIVED_MORPH
oneD_v2_terminal_weak_T_0021,f5a976fc5c5f3525ee33d10c16fdf7dc218f3c1b258ea3dc7ca4d18f5ce3c2fc,weak-T,taylor_exp_a,1.055419295541942,dimensionless,PRIOR_SEARCH_TRANSFORM_NOT_SERIALIZED;EMPIRICAL_RANGE_RECORDED,0.0402470866590738,1.055419295541942,OBSERVED_EVALUATED_POPULATION_EXTREMA_NOT_EXTRAPOLATION_PERMISSION,ACTIVE_SEARCHED_OR_ARCHIVED_MORPH
oneD_v2_terminal_weak_T_0021,f5a976fc5c5f3525ee33d10c16fdf7dc218f3c1b258ea3dc7ca4d18f5ce3c2fc,weak-T,taylor_exp_n,1.0061173520516604,dimensionless,PRIOR_SEARCH_TRANSFORM_NOT_SERIALIZED;EMPIRICAL_RANGE_RECORDED,0.5389550719410181,2.441455863416195,OBSERVED_EVALUATED_POPULATION_EXTREMA_NOT_EXTRAPOLATION_PERMISSION,ACTIVE_SEARCHED_OR_ARCHIVED_MORPH
oneD_v2_terminal_weak_T_0021,f5a976fc5c5f3525ee33d10c16fdf7dc218f3c1b258ea3dc7ca4d18f5ce3c2fc,weak-T,taylor_nu0_s,100000000000.0,s^-1,FIXED_IN_RECOVERED_POPULATION,100000000000.0,100000000000.0,OBSERVED_EVALUATED_POPULATION_EXTREMA_NOT_EXTRAPOLATION_PERMISSION,FIXED
oneD_v2_terminal_weak_T_0021,f5a976fc5c5f3525ee33d10c16fdf7dc218f3c1b258ea3dc7ca4d18f5ce3c2fc,weak-T,rho_source0_m2,11807251673202.166,m^-2,PRIOR_SEARCH_TRANSFORM_NOT_SERIALIZED;EMPIRICAL_RANGE_RECORDED,1174563748149.2874,7.411536373796822e+16,OBSERVED_EVALUATED_POPULATION_EXTREMA_NOT_EXTRAPOLATION_PERMISSION,ACTIVE_SEARCHED_OR_ARCHIVED_MORPH
oneD_v2_terminal_weak_T_0021,f5a976fc5c5f3525ee33d10c16fdf7dc218f3c1b258ea3dc7ca4d18f5ce3c2fc,weak-T,taylor_corr_rho_c_m2,57989651710051.305,m^-2,PRIOR_SEARCH_TRANSFORM_NOT_SERIALIZED;EMPIRICAL_RANGE_RECORDED,112705259472.60164,8.319121413916371e+17,OBSERVED_EVALUATED_POPULATION_EXTREMA_NOT_EXTRAPOLATION_PERMISSION,ACTIVE_SEARCHED_OR_ARCHIVED_MORPH
oneD_v2_terminal_weak_T_0021,f5a976fc5c5f3525ee33d10c16fdf7dc218f3c1b258ea3dc7ca4d18f5ce3c2fc,weak-T,taylor_corr_scale,0.03842799657252147,dimensionless,PRIOR_SEARCH_TRANSFORM_NOT_SERIALIZED;EMPIRICAL_RANGE_RECORDED,0.03842799657252147,6.048544658291038,OBSERVED_EVALUATED_POPULATION_EXTREMA_NOT_EXTRAPOLATION_PERMISSION,ACTIVE_SEARCHED_OR_ARCHIVED_MORPH
oneD_v2_terminal_weak_T_0021,f5a976fc5c5f3525ee33d10c16fdf7dc218f3c1b258ea3dc7ca4d18f5ce3c2fc,weak-T,c_blunt,4.300011692145429,dimensionless,PRIOR_SEARCH_TRANSFORM_NOT_SERIALIZED;EMPIRICAL_RANGE_RECORDED,0.3964464701712131,5.903029750755984,OBSERVED_EVALUATED_POPULATION_EXTREMA_NOT_EXTRAPOLATION_PERMISSION,ACTIVE_SEARCHED_OR_ARCHIVED_MORPH
v913_zeroD_sobol_0011131,70909044034ad83e88b24b28f031958f9455ce4004975a3466c4b10167d65252,weak-T,Tref_K,481.33,K,FIXED_IN_RECOVERED_POPULATION,481.33,481.33,OBSERVED_EVALUATED_POPULATION_EXTREMA_NOT_EXTRAPOLATION_PERMISSION,FIXED
v913_zeroD_sobol_0011131,70909044034ad83e88b24b28f031958f9455ce4004975a3466c4b10167d65252,weak-T,cleave_G00_eV,2.5066456659697,eV,PRIOR_SEARCH_TRANSFORM_NOT_SERIALIZED;EMPIRICAL_RANGE_RECORDED,1.1613941742107272,5.476424816064537,OBSERVED_EVALUATED_POPULATION_EXTREMA_NOT_EXTRAPOLATION_PERMISSION,ACTIVE_SEARCHED_OR_ARCHIVED_MORPH
v913_zeroD_sobol_0011131,70909044034ad83e88b24b28f031958f9455ce4004975a3466c4b10167d65252,weak-T,cleave_gT_eV_per_K,0.0094348298916593,K,PRIOR_SEARCH_TRANSFORM_NOT_SERIALIZED;EMPIRICAL_RANGE_RECORDED,0.0005332994232885,0.011519610859455538,OBSERVED_EVALUATED_POPULATION_EXTREMA_NOT_EXTRAPOLATION_PERMISSION,ACTIVE_SEARCHED_OR_ARCHIVED_MORPH
v913_zeroD_sobol_0011131,70909044034ad83e88b24b28f031958f9455ce4004975a3466c4b10167d65252,weak-T,cleave_sigc0_GPa,3.0515114460140467,GPa,PRIOR_SEARCH_TRANSFORM_NOT_SERIALIZED;EMPIRICAL_RANGE_RECORDED,2.478483367631813,9.499969975495445,OBSERVED_EVALUATED_POPULATION_EXTREMA_NOT_EXTRAPOLATION_PERMISSION,ACTIVE_SEARCHED_OR_ARCHIVED_MORPH
v913_zeroD_sobol_0011131,70909044034ad83e88b24b28f031958f9455ce4004975a3466c4b10167d65252,weak-T,cleave_sT_GPa_per_K,-0.0002897485913708,K,PRIOR_SEARCH_TRANSFORM_NOT_SERIALIZED;EMPIRICAL_RANGE_RECORDED,-0.0028363684089854,0.007358667384833,OBSERVED_EVALUATED_POPULATION_EXTREMA_NOT_EXTRAPOLATION_PERMISSION,ACTIVE_SEARCHED_OR_ARCHIVED_MORPH
v913_zeroD_sobol_0011131,70909044034ad83e88b24b28f031958f9455ce4004975a3466c4b10167d65252,weak-T,cleave_exp_a,0.0618397523649036,dimensionless,PRIOR_SEARCH_TRANSFORM_NOT_SERIALIZED;EMPIRICAL_RANGE_RECORDED,0.0618397523649036,1.995968483146141,OBSERVED_EVALUATED_POPULATION_EXTREMA_NOT_EXTRAPOLATION_PERMISSION,ACTIVE_SEARCHED_OR_ARCHIVED_MORPH
v913_zeroD_sobol_0011131,70909044034ad83e88b24b28f031958f9455ce4004975a3466c4b10167d65252,weak-T,cleave_exp_n,2.63327748933807,dimensionless,PRIOR_SEARCH_TRANSFORM_NOT_SERIALIZED;EMPIRICAL_RANGE_RECORDED,0.5528804096393287,2.63327748933807,OBSERVED_EVALUATED_POPULATION_EXTREMA_NOT_EXTRAPOLATION_PERMISSION,ACTIVE_SEARCHED_OR_ARCHIVED_MORPH
v913_zeroD_sobol_0011131,70909044034ad83e88b24b28f031958f9455ce4004975a3466c4b10167d65252,weak-T,cleave_floor_frac,0.1369726956345775,dimensionless,PRIOR_SEARCH_TRANSFORM_NOT_SERIALIZED;EMPIRICAL_RANGE_RECORDED,0.0019271603769193,0.1966510411308111,OBSERVED_EVALUATED_POPULATION_EXTREMA_NOT_EXTRAPOLATION_PERMISSION,ACTIVE_SEARCHED_OR_ARCHIVED_MORPH
v913_zeroD_sobol_0011131,70909044034ad83e88b24b28f031958f9455ce4004975a3466c4b10167d65252,weak-T,emit_G00_eV,2.6967001115903257,eV,PRIOR_SEARCH_TRANSFORM_NOT_SERIALIZED;EMPIRICAL_RANGE_RECORDED,0.7812057442823682,4.748793914355337,OBSERVED_EVALUATED_POPULATION_EXTREMA_NOT_EXTRAPOLATION_PERMISSION,ACTIVE_SEARCHED_OR_ARCHIVED_MORPH
v913_zeroD_sobol_0011131,70909044034ad83e88b24b28f031958f9455ce4004975a3466c4b10167d65252,weak-T,emit_gT_eV_per_K,-0.0008460587291046,K,PRIOR_SEARCH_TRANSFORM_NOT_SERIALIZED;EMPIRICAL_RANGE_RECORDED,-0.0028567998185753,0.0079019972188398,OBSERVED_EVALUATED_POPULATION_EXTREMA_NOT_EXTRAPOLATION_PERMISSION,ACTIVE_SEARCHED_OR_ARCHIVED_MORPH
v913_zeroD_sobol_0011131,70909044034ad83e88b24b28f031958f9455ce4004975a3466c4b10167d65252,weak-T,emit_sigc0_GPa,6.049900136888027,GPa,PRIOR_SEARCH_TRANSFORM_NOT_SERIALIZED;EMPIRICAL_RANGE_RECORDED,0.32350459485796695,9.278617694508284,OBSERVED_EVALUATED_POPULATION_EXTREMA_NOT_EXTRAPOLATION_PERMISSION,ACTIVE_SEARCHED_OR_ARCHIVED_MORPH
v913_zeroD_sobol_0011131,70909044034ad83e88b24b28f031958f9455ce4004975a3466c4b10167d65252,weak-T,emit_sT_GPa_per_K,-0.0011997642479836,K,PRIOR_SEARCH_TRANSFORM_NOT_SERIALIZED;EMPIRICAL_RANGE_RECORDED,-0.0073275911211967,0.0099400414247065,OBSERVED_EVALUATED_POPULATION_EXTREMA_NOT_EXTRAPOLATION_PERMISSION,ACTIVE_SEARCHED_OR_ARCHIVED_MORPH
v913_zeroD_sobol_0011131,70909044034ad83e88b24b28f031958f9455ce4004975a3466c4b10167d65252,weak-T,emit_exp_a,1.21516272906214,dimensionless,PRIOR_SEARCH_TRANSFORM_NOT_SERIALIZED;EMPIRICAL_RANGE_RECORDED,0.0765673027653247,1.2866776992767373,OBSERVED_EVALUATED_POPULATION_EXTREMA_NOT_EXTRAPOLATION_PERMISSION,ACTIVE_SEARCHED_OR_ARCHIVED_MORPH
v913_zeroD_sobol_0011131,70909044034ad83e88b24b28f031958f9455ce4004975a3466c4b10167d65252,weak-T,emit_exp_n,2.070919141639024,dimensionless,PRIOR_SEARCH_TRANSFORM_NOT_SERIALIZED;EMPIRICAL_RANGE_RECORDED,0.4149390204673953,2.404178873915225,OBSERVED_EVALUATED_POPULATION_EXTREMA_NOT_EXTRAPOLATION_PERMISSION,ACTIVE_SEARCHED_OR_ARCHIVED_MORPH
v913_zeroD_sobol_0011131,70909044034ad83e88b24b28f031958f9455ce4004975a3466c4b10167d65252,weak-T,emit_floor_frac,0.0228487222885919,dimensionless,PRIOR_SEARCH_TRANSFORM_NOT_SERIALIZED;EMPIRICAL_RANGE_RECORDED,0.001963405800003,0.1925852665942847,OBSERVED_EVALUATED_POPULATION_EXTREMA_NOT_EXTRAPOLATION_PERMISSION,ACTIVE_SEARCHED_OR_ARCHIVED_MORPH
v913_zeroD_sobol_0011131,70909044034ad83e88b24b28f031958f9455ce4004975a3466c4b10167d65252,weak-T,peierls_H0_eV,2.78304195869714,eV,PRIOR_SEARCH_TRANSFORM_NOT_SERIALIZED;EMPIRICAL_RANGE_RECORDED,0.941218419931829,13.978225439244895,OBSERVED_EVALUATED_POPULATION_EXTREMA_NOT_EXTRAPOLATION_PERMISSION,ACTIVE_SEARCHED_OR_ARCHIVED_MORPH
v913_zeroD_sobol_0011131,70909044034ad83e88b24b28f031958f9455ce4004975a3466c4b10167d65252,weak-T,peierls_activation_entropy_kB,5.944860931485891,dimensionless,PRIOR_SEARCH_TRANSFORM_NOT_SERIALIZED;EMPIRICAL_RANGE_RECORDED,-94.78213467448583,16.830181423574686,OBSERVED_EVALUATED_POPULATION_EXTREMA_NOT_EXTRAPOLATION_PERMISSION,ACTIVE_SEARCHED_OR_ARCHIVED_MORPH
v913_zeroD_sobol_0011131,70909044034ad83e88b24b28f031958f9455ce4004975a3466c4b10167d65252,weak-T,peierls_exp_a,1.6306120993569493,dimensionless,PRIOR_SEARCH_TRANSFORM_NOT_SERIALIZED;EMPIRICAL_RANGE_RECORDED,0.2264547564554959,1.9146125694736835,OBSERVED_EVALUATED_POPULATION_EXTREMA_NOT_EXTRAPOLATION_PERMISSION,ACTIVE_SEARCHED_OR_ARCHIVED_MORPH
v913_zeroD_sobol_0011131,70909044034ad83e88b24b28f031958f9455ce4004975a3466c4b10167d65252,weak-T,peierls_exp_n,0.8138734463136643,dimensionless,PRIOR_SEARCH_TRANSFORM_NOT_SERIALIZED;EMPIRICAL_RANGE_RECORDED,0.5681562009267509,2.5466286113951355,OBSERVED_EVALUATED_POPULATION_EXTREMA_NOT_EXTRAPOLATION_PERMISSION,ACTIVE_SEARCHED_OR_ARCHIVED_MORPH
v913_zeroD_sobol_0011131,70909044034ad83e88b24b28f031958f9455ce4004975a3466c4b10167d65252,weak-T,peierls_nu0_s,1000000000000.0,s^-1,FIXED_IN_RECOVERED_POPULATION,1000000000000.0,1000000000000.0,OBSERVED_EVALUATED_POPULATION_EXTREMA_NOT_EXTRAPOLATION_PERMISSION,FIXED
v913_zeroD_sobol_0011131,70909044034ad83e88b24b28f031958f9455ce4004975a3466c4b10167d65252,weak-T,taylor_H0_eV,0.8144159293174743,eV,PRIOR_SEARCH_TRANSFORM_NOT_SERIALIZED;EMPIRICAL_RANGE_RECORDED,0.1275879848003387,6.397265535295895,OBSERVED_EVALUATED_POPULATION_EXTREMA_NOT_EXTRAPOLATION_PERMISSION,ACTIVE_SEARCHED_OR_ARCHIVED_MORPH
v913_zeroD_sobol_0011131,70909044034ad83e88b24b28f031958f9455ce4004975a3466c4b10167d65252,weak-T,taylor_activation_entropy_kB,6.903689801692963,dimensionless,PRIOR_SEARCH_TRANSFORM_NOT_SERIALIZED;EMPIRICAL_RANGE_RECORDED,-25.948952957987785,79.52362599363242,OBSERVED_EVALUATED_POPULATION_EXTREMA_NOT_EXTRAPOLATION_PERMISSION,ACTIVE_SEARCHED_OR_ARCHIVED_MORPH
v913_zeroD_sobol_0011131,70909044034ad83e88b24b28f031958f9455ce4004975a3466c4b10167d65252,weak-T,taylor_exp_a,0.4438989392016083,dimensionless,PRIOR_SEARCH_TRANSFORM_NOT_SERIALIZED;EMPIRICAL_RANGE_RECORDED,0.0402470866590738,1.055419295541942,OBSERVED_EVALUATED_POPULATION_EXTREMA_NOT_EXTRAPOLATION_PERMISSION,ACTIVE_SEARCHED_OR_ARCHIVED_MORPH
v913_zeroD_sobol_0011131,70909044034ad83e88b24b28f031958f9455ce4004975a3466c4b10167d65252,weak-T,taylor_exp_n,1.8593184240162373,dimensionless,PRIOR_SEARCH_TRANSFORM_NOT_SERIALIZED;EMPIRICAL_RANGE_RECORDED,0.5389550719410181,2.441455863416195,OBSERVED_EVALUATED_POPULATION_EXTREMA_NOT_EXTRAPOLATION_PERMISSION,ACTIVE_SEARCHED_OR_ARCHIVED_MORPH
v913_zeroD_sobol_0011131,70909044034ad83e88b24b28f031958f9455ce4004975a3466c4b10167d65252,weak-T,taylor_nu0_s,100000000000.0,s^-1,FIXED_IN_RECOVERED_POPULATION,100000000000.0,100000000000.0,OBSERVED_EVALUATED_POPULATION_EXTREMA_NOT_EXTRAPOLATION_PERMISSION,FIXED
v913_zeroD_sobol_0011131,70909044034ad83e88b24b28f031958f9455ce4004975a3466c4b10167d65252,weak-T,rho_source0_m2,1531291168899573.0,m^-2,PRIOR_SEARCH_TRANSFORM_NOT_SERIALIZED;EMPIRICAL_RANGE_RECORDED,1174563748149.2874,7.411536373796822e+16,OBSERVED_EVALUATED_POPULATION_EXTREMA_NOT_EXTRAPOLATION_PERMISSION,ACTIVE_SEARCHED_OR_ARCHIVED_MORPH
v913_zeroD_sobol_0011131,70909044034ad83e88b24b28f031958f9455ce4004975a3466c4b10167d65252,weak-T,taylor_corr_rho_c_m2,2.0577450971125747e+17,m^-2,PRIOR_SEARCH_TRANSFORM_NOT_SERIALIZED;EMPIRICAL_RANGE_RECORDED,112705259472.60164,8.319121413916371e+17,OBSERVED_EVALUATED_POPULATION_EXTREMA_NOT_EXTRAPOLATION_PERMISSION,ACTIVE_SEARCHED_OR_ARCHIVED_MORPH
v913_zeroD_sobol_0011131,70909044034ad83e88b24b28f031958f9455ce4004975a3466c4b10167d65252,weak-T,taylor_corr_scale,3.5839102278377544,dimensionless,PRIOR_SEARCH_TRANSFORM_NOT_SERIALIZED;EMPIRICAL_RANGE_RECORDED,0.03842799657252147,6.048544658291038,OBSERVED_EVALUATED_POPULATION_EXTREMA_NOT_EXTRAPOLATION_PERMISSION,ACTIVE_SEARCHED_OR_ARCHIVED_MORPH
v913_zeroD_sobol_0011131,70909044034ad83e88b24b28f031958f9455ce4004975a3466c4b10167d65252,weak-T,c_blunt,0.7552927723154426,dimensionless,PRIOR_SEARCH_TRANSFORM_NOT_SERIALIZED;EMPIRICAL_RANGE_RECORDED,0.3964464701712131,5.903029750755984,OBSERVED_EVALUATED_POPULATION_EXTREMA_NOT_EXTRAPOLATION_PERMISSION,ACTIVE_SEARCHED_OR_ARCHIVED_MORPH
v913_zeroD_sobol_0027268,d3bfea8b58ca9376f13579e12ee26c7df96b65916bf778d8b6755b462bc3dd5e,weak-T,Tref_K,481.33,K,FIXED_IN_RECOVERED_POPULATION,481.33,481.33,OBSERVED_EVALUATED_POPULATION_EXTREMA_NOT_EXTRAPOLATION_PERMISSION,FIXED
v913_zeroD_sobol_0027268,d3bfea8b58ca9376f13579e12ee26c7df96b65916bf778d8b6755b462bc3dd5e,weak-T,cleave_G00_eV,3.4539050203748047,eV,PRIOR_SEARCH_TRANSFORM_NOT_SERIALIZED;EMPIRICAL_RANGE_RECORDED,1.1613941742107272,5.476424816064537,OBSERVED_EVALUATED_POPULATION_EXTREMA_NOT_EXTRAPOLATION_PERMISSION,ACTIVE_SEARCHED_OR_ARCHIVED_MORPH
v913_zeroD_sobol_0027268,d3bfea8b58ca9376f13579e12ee26c7df96b65916bf778d8b6755b462bc3dd5e,weak-T,cleave_gT_eV_per_K,0.0005332994232885,K,PRIOR_SEARCH_TRANSFORM_NOT_SERIALIZED;EMPIRICAL_RANGE_RECORDED,0.0005332994232885,0.011519610859455538,OBSERVED_EVALUATED_POPULATION_EXTREMA_NOT_EXTRAPOLATION_PERMISSION,ACTIVE_SEARCHED_OR_ARCHIVED_MORPH
v913_zeroD_sobol_0027268,d3bfea8b58ca9376f13579e12ee26c7df96b65916bf778d8b6755b462bc3dd5e,weak-T,cleave_sigc0_GPa,5.875625330023468,GPa,PRIOR_SEARCH_TRANSFORM_NOT_SERIALIZED;EMPIRICAL_RANGE_RECORDED,2.478483367631813,9.499969975495445,OBSERVED_EVALUATED_POPULATION_EXTREMA_NOT_EXTRAPOLATION_PERMISSION,ACTIVE_SEARCHED_OR_ARCHIVED_MORPH
v913_zeroD_sobol_0027268,d3bfea8b58ca9376f13579e12ee26c7df96b65916bf778d8b6755b462bc3dd5e,weak-T,cleave_sT_GPa_per_K,0.0069966007368639,K,PRIOR_SEARCH_TRANSFORM_NOT_SERIALIZED;EMPIRICAL_RANGE_RECORDED,-0.0028363684089854,0.007358667384833,OBSERVED_EVALUATED_POPULATION_EXTREMA_NOT_EXTRAPOLATION_PERMISSION,ACTIVE_SEARCHED_OR_ARCHIVED_MORPH
v913_zeroD_sobol_0027268,d3bfea8b58ca9376f13579e12ee26c7df96b65916bf778d8b6755b462bc3dd5e,weak-T,cleave_exp_a,0.9556720036547632,dimensionless,PRIOR_SEARCH_TRANSFORM_NOT_SERIALIZED;EMPIRICAL_RANGE_RECORDED,0.0618397523649036,1.995968483146141,OBSERVED_EVALUATED_POPULATION_EXTREMA_NOT_EXTRAPOLATION_PERMISSION,ACTIVE_SEARCHED_OR_ARCHIVED_MORPH
v913_zeroD_sobol_0027268,d3bfea8b58ca9376f13579e12ee26c7df96b65916bf778d8b6755b462bc3dd5e,weak-T,cleave_exp_n,1.4482388524338603,dimensionless,PRIOR_SEARCH_TRANSFORM_NOT_SERIALIZED;EMPIRICAL_RANGE_RECORDED,0.5528804096393287,2.63327748933807,OBSERVED_EVALUATED_POPULATION_EXTREMA_NOT_EXTRAPOLATION_PERMISSION,ACTIVE_SEARCHED_OR_ARCHIVED_MORPH
v913_zeroD_sobol_0027268,d3bfea8b58ca9376f13579e12ee26c7df96b65916bf778d8b6755b462bc3dd5e,weak-T,cleave_floor_frac,0.0080135848601919,dimensionless,PRIOR_SEARCH_TRANSFORM_NOT_SERIALIZED;EMPIRICAL_RANGE_RECORDED,0.0019271603769193,0.1966510411308111,OBSERVED_EVALUATED_POPULATION_EXTREMA_NOT_EXTRAPOLATION_PERMISSION,ACTIVE_SEARCHED_OR_ARCHIVED_MORPH
v913_zeroD_sobol_0027268,d3bfea8b58ca9376f13579e12ee26c7df96b65916bf778d8b6755b462bc3dd5e,weak-T,emit_G00_eV,3.315353066660464,eV,PRIOR_SEARCH_TRANSFORM_NOT_SERIALIZED;EMPIRICAL_RANGE_RECORDED,0.7812057442823682,4.748793914355337,OBSERVED_EVALUATED_POPULATION_EXTREMA_NOT_EXTRAPOLATION_PERMISSION,ACTIVE_SEARCHED_OR_ARCHIVED_MORPH
v913_zeroD_sobol_0027268,d3bfea8b58ca9376f13579e12ee26c7df96b65916bf778d8b6755b462bc3dd5e,weak-T,emit_gT_eV_per_K,-0.001404079593718,K,PRIOR_SEARCH_TRANSFORM_NOT_SERIALIZED;EMPIRICAL_RANGE_RECORDED,-0.0028567998185753,0.0079019972188398,OBSERVED_EVALUATED_POPULATION_EXTREMA_NOT_EXTRAPOLATION_PERMISSION,ACTIVE_SEARCHED_OR_ARCHIVED_MORPH
v913_zeroD_sobol_0027268,d3bfea8b58ca9376f13579e12ee26c7df96b65916bf778d8b6755b462bc3dd5e,weak-T,emit_sigc0_GPa,7.798269674181938,GPa,PRIOR_SEARCH_TRANSFORM_NOT_SERIALIZED;EMPIRICAL_RANGE_RECORDED,0.32350459485796695,9.278617694508284,OBSERVED_EVALUATED_POPULATION_EXTREMA_NOT_EXTRAPOLATION_PERMISSION,ACTIVE_SEARCHED_OR_ARCHIVED_MORPH
v913_zeroD_sobol_0027268,d3bfea8b58ca9376f13579e12ee26c7df96b65916bf778d8b6755b462bc3dd5e,weak-T,emit_sT_GPa_per_K,-0.0051309211142361,K,PRIOR_SEARCH_TRANSFORM_NOT_SERIALIZED;EMPIRICAL_RANGE_RECORDED,-0.0073275911211967,0.0099400414247065,OBSERVED_EVALUATED_POPULATION_EXTREMA_NOT_EXTRAPOLATION_PERMISSION,ACTIVE_SEARCHED_OR_ARCHIVED_MORPH
v913_zeroD_sobol_0027268,d3bfea8b58ca9376f13579e12ee26c7df96b65916bf778d8b6755b462bc3dd5e,weak-T,emit_exp_a,0.7155281139258295,dimensionless,PRIOR_SEARCH_TRANSFORM_NOT_SERIALIZED;EMPIRICAL_RANGE_RECORDED,0.0765673027653247,1.2866776992767373,OBSERVED_EVALUATED_POPULATION_EXTREMA_NOT_EXTRAPOLATION_PERMISSION,ACTIVE_SEARCHED_OR_ARCHIVED_MORPH
v913_zeroD_sobol_0027268,d3bfea8b58ca9376f13579e12ee26c7df96b65916bf778d8b6755b462bc3dd5e,weak-T,emit_exp_n,1.1027543681673706,dimensionless,PRIOR_SEARCH_TRANSFORM_NOT_SERIALIZED;EMPIRICAL_RANGE_RECORDED,0.4149390204673953,2.404178873915225,OBSERVED_EVALUATED_POPULATION_EXTREMA_NOT_EXTRAPOLATION_PERMISSION,ACTIVE_SEARCHED_OR_ARCHIVED_MORPH
v913_zeroD_sobol_0027268,d3bfea8b58ca9376f13579e12ee26c7df96b65916bf778d8b6755b462bc3dd5e,weak-T,emit_floor_frac,0.0233953512715894,dimensionless,PRIOR_SEARCH_TRANSFORM_NOT_SERIALIZED;EMPIRICAL_RANGE_RECORDED,0.001963405800003,0.1925852665942847,OBSERVED_EVALUATED_POPULATION_EXTREMA_NOT_EXTRAPOLATION_PERMISSION,ACTIVE_SEARCHED_OR_ARCHIVED_MORPH
v913_zeroD_sobol_0027268,d3bfea8b58ca9376f13579e12ee26c7df96b65916bf778d8b6755b462bc3dd5e,weak-T,peierls_H0_eV,4.632277152035385,eV,PRIOR_SEARCH_TRANSFORM_NOT_SERIALIZED;EMPIRICAL_RANGE_RECORDED,0.941218419931829,13.978225439244895,OBSERVED_EVALUATED_POPULATION_EXTREMA_NOT_EXTRAPOLATION_PERMISSION,ACTIVE_SEARCHED_OR_ARCHIVED_MORPH
v913_zeroD_sobol_0027268,d3bfea8b58ca9376f13579e12ee26c7df96b65916bf778d8b6755b462bc3dd5e,weak-T,peierls_activation_entropy_kB,-1.6370408236980438,dimensionless,PRIOR_SEARCH_TRANSFORM_NOT_SERIALIZED;EMPIRICAL_RANGE_RECORDED,-94.78213467448583,16.830181423574686,OBSERVED_EVALUATED_POPULATION_EXTREMA_NOT_EXTRAPOLATION_PERMISSION,ACTIVE_SEARCHED_OR_ARCHIVED_MORPH
v913_zeroD_sobol_0027268,d3bfea8b58ca9376f13579e12ee26c7df96b65916bf778d8b6755b462bc3dd5e,weak-T,peierls_exp_a,1.126492390036583,dimensionless,PRIOR_SEARCH_TRANSFORM_NOT_SERIALIZED;EMPIRICAL_RANGE_RECORDED,0.2264547564554959,1.9146125694736835,OBSERVED_EVALUATED_POPULATION_EXTREMA_NOT_EXTRAPOLATION_PERMISSION,ACTIVE_SEARCHED_OR_ARCHIVED_MORPH
v913_zeroD_sobol_0027268,d3bfea8b58ca9376f13579e12ee26c7df96b65916bf778d8b6755b462bc3dd5e,weak-T,peierls_exp_n,2.084962382679805,dimensionless,PRIOR_SEARCH_TRANSFORM_NOT_SERIALIZED;EMPIRICAL_RANGE_RECORDED,0.5681562009267509,2.5466286113951355,OBSERVED_EVALUATED_POPULATION_EXTREMA_NOT_EXTRAPOLATION_PERMISSION,ACTIVE_SEARCHED_OR_ARCHIVED_MORPH
v913_zeroD_sobol_0027268,d3bfea8b58ca9376f13579e12ee26c7df96b65916bf778d8b6755b462bc3dd5e,weak-T,peierls_nu0_s,1000000000000.0,s^-1,FIXED_IN_RECOVERED_POPULATION,1000000000000.0,1000000000000.0,OBSERVED_EVALUATED_POPULATION_EXTREMA_NOT_EXTRAPOLATION_PERMISSION,FIXED
v913_zeroD_sobol_0027268,d3bfea8b58ca9376f13579e12ee26c7df96b65916bf778d8b6755b462bc3dd5e,weak-T,taylor_H0_eV,1.5707885271310806,eV,PRIOR_SEARCH_TRANSFORM_NOT_SERIALIZED;EMPIRICAL_RANGE_RECORDED,0.1275879848003387,6.397265535295895,OBSERVED_EVALUATED_POPULATION_EXTREMA_NOT_EXTRAPOLATION_PERMISSION,ACTIVE_SEARCHED_OR_ARCHIVED_MORPH
v913_zeroD_sobol_0027268,d3bfea8b58ca9376f13579e12ee26c7df96b65916bf778d8b6755b462bc3dd5e,weak-T,taylor_activation_entropy_kB,23.11469655483961,dimensionless,PRIOR_SEARCH_TRANSFORM_NOT_SERIALIZED;EMPIRICAL_RANGE_RECORDED,-25.948952957987785,79.52362599363242,OBSERVED_EVALUATED_POPULATION_EXTREMA_NOT_EXTRAPOLATION_PERMISSION,ACTIVE_SEARCHED_OR_ARCHIVED_MORPH
v913_zeroD_sobol_0027268,d3bfea8b58ca9376f13579e12ee26c7df96b65916bf778d8b6755b462bc3dd5e,weak-T,taylor_exp_a,0.6876142159476877,dimensionless,PRIOR_SEARCH_TRANSFORM_NOT_SERIALIZED;EMPIRICAL_RANGE_RECORDED,0.0402470866590738,1.055419295541942,OBSERVED_EVALUATED_POPULATION_EXTREMA_NOT_EXTRAPOLATION_PERMISSION,ACTIVE_SEARCHED_OR_ARCHIVED_MORPH
v913_zeroD_sobol_0027268,d3bfea8b58ca9376f13579e12ee26c7df96b65916bf778d8b6755b462bc3dd5e,weak-T,taylor_exp_n,0.646309919655323,dimensionless,PRIOR_SEARCH_TRANSFORM_NOT_SERIALIZED;EMPIRICAL_RANGE_RECORDED,0.5389550719410181,2.441455863416195,OBSERVED_EVALUATED_POPULATION_EXTREMA_NOT_EXTRAPOLATION_PERMISSION,ACTIVE_SEARCHED_OR_ARCHIVED_MORPH
v913_zeroD_sobol_0027268,d3bfea8b58ca9376f13579e12ee26c7df96b65916bf778d8b6755b462bc3dd5e,weak-T,taylor_nu0_s,100000000000.0,s^-1,FIXED_IN_RECOVERED_POPULATION,100000000000.0,100000000000.0,OBSERVED_EVALUATED_POPULATION_EXTREMA_NOT_EXTRAPOLATION_PERMISSION,FIXED
v913_zeroD_sobol_0027268,d3bfea8b58ca9376f13579e12ee26c7df96b65916bf778d8b6755b462bc3dd5e,weak-T,rho_source0_m2,1692795614855792.5,m^-2,PRIOR_SEARCH_TRANSFORM_NOT_SERIALIZED;EMPIRICAL_RANGE_RECORDED,1174563748149.2874,7.411536373796822e+16,OBSERVED_EVALUATED_POPULATION_EXTREMA_NOT_EXTRAPOLATION_PERMISSION,ACTIVE_SEARCHED_OR_ARCHIVED_MORPH
v913_zeroD_sobol_0027268,d3bfea8b58ca9376f13579e12ee26c7df96b65916bf778d8b6755b462bc3dd5e,weak-T,taylor_corr_rho_c_m2,1.0847784350811712e+16,m^-2,PRIOR_SEARCH_TRANSFORM_NOT_SERIALIZED;EMPIRICAL_RANGE_RECORDED,112705259472.60164,8.319121413916371e+17,OBSERVED_EVALUATED_POPULATION_EXTREMA_NOT_EXTRAPOLATION_PERMISSION,ACTIVE_SEARCHED_OR_ARCHIVED_MORPH
v913_zeroD_sobol_0027268,d3bfea8b58ca9376f13579e12ee26c7df96b65916bf778d8b6755b462bc3dd5e,weak-T,taylor_corr_scale,1.1627217271517138,dimensionless,PRIOR_SEARCH_TRANSFORM_NOT_SERIALIZED;EMPIRICAL_RANGE_RECORDED,0.03842799657252147,6.048544658291038,OBSERVED_EVALUATED_POPULATION_EXTREMA_NOT_EXTRAPOLATION_PERMISSION,ACTIVE_SEARCHED_OR_ARCHIVED_MORPH
v913_zeroD_sobol_0027268,d3bfea8b58ca9376f13579e12ee26c7df96b65916bf778d8b6755b462bc3dd5e,weak-T,c_blunt,1.3645942294970157,dimensionless,PRIOR_SEARCH_TRANSFORM_NOT_SERIALIZED;EMPIRICAL_RANGE_RECORDED,0.3964464701712131,5.903029750755984,OBSERVED_EVALUATED_POPULATION_EXTREMA_NOT_EXTRAPOLATION_PERMISSION,ACTIVE_SEARCHED_OR_ARCHIVED_MORPH
v913_zeroD_sobol_0060219,a2c2a292e7371f2e1b7e76fe686390827b0a24d69fcebb98ffbcdc849dd8459d,weak-T,Tref_K,481.33,K,FIXED_IN_RECOVERED_POPULATION,481.33,481.33,OBSERVED_EVALUATED_POPULATION_EXTREMA_NOT_EXTRAPOLATION_PERMISSION,FIXED
v913_zeroD_sobol_0060219,a2c2a292e7371f2e1b7e76fe686390827b0a24d69fcebb98ffbcdc849dd8459d,weak-T,cleave_G00_eV,4.388700178824365,eV,PRIOR_SEARCH_TRANSFORM_NOT_SERIALIZED;EMPIRICAL_RANGE_RECORDED,1.1613941742107272,5.476424816064537,OBSERVED_EVALUATED_POPULATION_EXTREMA_NOT_EXTRAPOLATION_PERMISSION,ACTIVE_SEARCHED_OR_ARCHIVED_MORPH
v913_zeroD_sobol_0060219,a2c2a292e7371f2e1b7e76fe686390827b0a24d69fcebb98ffbcdc849dd8459d,weak-T,cleave_gT_eV_per_K,0.0056093849847093,K,PRIOR_SEARCH_TRANSFORM_NOT_SERIALIZED;EMPIRICAL_RANGE_RECORDED,0.0005332994232885,0.011519610859455538,OBSERVED_EVALUATED_POPULATION_EXTREMA_NOT_EXTRAPOLATION_PERMISSION,ACTIVE_SEARCHED_OR_ARCHIVED_MORPH
v913_zeroD_sobol_0060219,a2c2a292e7371f2e1b7e76fe686390827b0a24d69fcebb98ffbcdc849dd8459d,weak-T,cleave_sigc0_GPa,5.11267201974988,GPa,PRIOR_SEARCH_TRANSFORM_NOT_SERIALIZED;EMPIRICAL_RANGE_RECORDED,2.478483367631813,9.499969975495445,OBSERVED_EVALUATED_POPULATION_EXTREMA_NOT_EXTRAPOLATION_PERMISSION,ACTIVE_SEARCHED_OR_ARCHIVED_MORPH
v913_zeroD_sobol_0060219,a2c2a292e7371f2e1b7e76fe686390827b0a24d69fcebb98ffbcdc849dd8459d,weak-T,cleave_sT_GPa_per_K,-0.0018545337766408,K,PRIOR_SEARCH_TRANSFORM_NOT_SERIALIZED;EMPIRICAL_RANGE_RECORDED,-0.0028363684089854,0.007358667384833,OBSERVED_EVALUATED_POPULATION_EXTREMA_NOT_EXTRAPOLATION_PERMISSION,ACTIVE_SEARCHED_OR_ARCHIVED_MORPH
v913_zeroD_sobol_0060219,a2c2a292e7371f2e1b7e76fe686390827b0a24d69fcebb98ffbcdc849dd8459d,weak-T,cleave_exp_a,0.5163953727576882,dimensionless,PRIOR_SEARCH_TRANSFORM_NOT_SERIALIZED;EMPIRICAL_RANGE_RECORDED,0.0618397523649036,1.995968483146141,OBSERVED_EVALUATED_POPULATION_EXTREMA_NOT_EXTRAPOLATION_PERMISSION,ACTIVE_SEARCHED_OR_ARCHIVED_MORPH
v913_zeroD_sobol_0060219,a2c2a292e7371f2e1b7e76fe686390827b0a24d69fcebb98ffbcdc849dd8459d,weak-T,cleave_exp_n,1.5005021863617003,dimensionless,PRIOR_SEARCH_TRANSFORM_NOT_SERIALIZED;EMPIRICAL_RANGE_RECORDED,0.5528804096393287,2.63327748933807,OBSERVED_EVALUATED_POPULATION_EXTREMA_NOT_EXTRAPOLATION_PERMISSION,ACTIVE_SEARCHED_OR_ARCHIVED_MORPH
v913_zeroD_sobol_0060219,a2c2a292e7371f2e1b7e76fe686390827b0a24d69fcebb98ffbcdc849dd8459d,weak-T,cleave_floor_frac,0.065555313646972,dimensionless,PRIOR_SEARCH_TRANSFORM_NOT_SERIALIZED;EMPIRICAL_RANGE_RECORDED,0.0019271603769193,0.1966510411308111,OBSERVED_EVALUATED_POPULATION_EXTREMA_NOT_EXTRAPOLATION_PERMISSION,ACTIVE_SEARCHED_OR_ARCHIVED_MORPH
v913_zeroD_sobol_0060219,a2c2a292e7371f2e1b7e76fe686390827b0a24d69fcebb98ffbcdc849dd8459d,weak-T,emit_G00_eV,3.8714989850297568,eV,PRIOR_SEARCH_TRANSFORM_NOT_SERIALIZED;EMPIRICAL_RANGE_RECORDED,0.7812057442823682,4.748793914355337,OBSERVED_EVALUATED_POPULATION_EXTREMA_NOT_EXTRAPOLATION_PERMISSION,ACTIVE_SEARCHED_OR_ARCHIVED_MORPH
v913_zeroD_sobol_0060219,a2c2a292e7371f2e1b7e76fe686390827b0a24d69fcebb98ffbcdc849dd8459d,weak-T,emit_gT_eV_per_K,-0.0014363304665312,K,PRIOR_SEARCH_TRANSFORM_NOT_SERIALIZED;EMPIRICAL_RANGE_RECORDED,-0.0028567998185753,0.0079019972188398,OBSERVED_EVALUATED_POPULATION_EXTREMA_NOT_EXTRAPOLATION_PERMISSION,ACTIVE_SEARCHED_OR_ARCHIVED_MORPH
v913_zeroD_sobol_0060219,a2c2a292e7371f2e1b7e76fe686390827b0a24d69fcebb98ffbcdc849dd8459d,weak-T,emit_sigc0_GPa,4.633709907531738,GPa,PRIOR_SEARCH_TRANSFORM_NOT_SERIALIZED;EMPIRICAL_RANGE_RECORDED,0.32350459485796695,9.278617694508284,OBSERVED_EVALUATED_POPULATION_EXTREMA_NOT_EXTRAPOLATION_PERMISSION,ACTIVE_SEARCHED_OR_ARCHIVED_MORPH
v913_zeroD_sobol_0060219,a2c2a292e7371f2e1b7e76fe686390827b0a24d69fcebb98ffbcdc849dd8459d,weak-T,emit_sT_GPa_per_K,-0.0069189315550029,K,PRIOR_SEARCH_TRANSFORM_NOT_SERIALIZED;EMPIRICAL_RANGE_RECORDED,-0.0073275911211967,0.0099400414247065,OBSERVED_EVALUATED_POPULATION_EXTREMA_NOT_EXTRAPOLATION_PERMISSION,ACTIVE_SEARCHED_OR_ARCHIVED_MORPH
v913_zeroD_sobol_0060219,a2c2a292e7371f2e1b7e76fe686390827b0a24d69fcebb98ffbcdc849dd8459d,weak-T,emit_exp_a,0.1755501898750662,dimensionless,PRIOR_SEARCH_TRANSFORM_NOT_SERIALIZED;EMPIRICAL_RANGE_RECORDED,0.0765673027653247,1.2866776992767373,OBSERVED_EVALUATED_POPULATION_EXTREMA_NOT_EXTRAPOLATION_PERMISSION,ACTIVE_SEARCHED_OR_ARCHIVED_MORPH
v913_zeroD_sobol_0060219,a2c2a292e7371f2e1b7e76fe686390827b0a24d69fcebb98ffbcdc849dd8459d,weak-T,emit_exp_n,0.775419834908098,dimensionless,PRIOR_SEARCH_TRANSFORM_NOT_SERIALIZED;EMPIRICAL_RANGE_RECORDED,0.4149390204673953,2.404178873915225,OBSERVED_EVALUATED_POPULATION_EXTREMA_NOT_EXTRAPOLATION_PERMISSION,ACTIVE_SEARCHED_OR_ARCHIVED_MORPH
v913_zeroD_sobol_0060219,a2c2a292e7371f2e1b7e76fe686390827b0a24d69fcebb98ffbcdc849dd8459d,weak-T,emit_floor_frac,0.0113425899289356,dimensionless,PRIOR_SEARCH_TRANSFORM_NOT_SERIALIZED;EMPIRICAL_RANGE_RECORDED,0.001963405800003,0.1925852665942847,OBSERVED_EVALUATED_POPULATION_EXTREMA_NOT_EXTRAPOLATION_PERMISSION,ACTIVE_SEARCHED_OR_ARCHIVED_MORPH
v913_zeroD_sobol_0060219,a2c2a292e7371f2e1b7e76fe686390827b0a24d69fcebb98ffbcdc849dd8459d,weak-T,peierls_H0_eV,0.959687392693013,eV,PRIOR_SEARCH_TRANSFORM_NOT_SERIALIZED;EMPIRICAL_RANGE_RECORDED,0.941218419931829,13.978225439244895,OBSERVED_EVALUATED_POPULATION_EXTREMA_NOT_EXTRAPOLATION_PERMISSION,ACTIVE_SEARCHED_OR_ARCHIVED_MORPH
v913_zeroD_sobol_0060219,a2c2a292e7371f2e1b7e76fe686390827b0a24d69fcebb98ffbcdc849dd8459d,weak-T,peierls_activation_entropy_kB,14.77918503805995,dimensionless,PRIOR_SEARCH_TRANSFORM_NOT_SERIALIZED;EMPIRICAL_RANGE_RECORDED,-94.78213467448583,16.830181423574686,OBSERVED_EVALUATED_POPULATION_EXTREMA_NOT_EXTRAPOLATION_PERMISSION,ACTIVE_SEARCHED_OR_ARCHIVED_MORPH
v913_zeroD_sobol_0060219,a2c2a292e7371f2e1b7e76fe686390827b0a24d69fcebb98ffbcdc849dd8459d,weak-T,peierls_exp_a,1.7894757851958274,dimensionless,PRIOR_SEARCH_TRANSFORM_NOT_SERIALIZED;EMPIRICAL_RANGE_RECORDED,0.2264547564554959,1.9146125694736835,OBSERVED_EVALUATED_POPULATION_EXTREMA_NOT_EXTRAPOLATION_PERMISSION,ACTIVE_SEARCHED_OR_ARCHIVED_MORPH
v913_zeroD_sobol_0060219,a2c2a292e7371f2e1b7e76fe686390827b0a24d69fcebb98ffbcdc849dd8459d,weak-T,peierls_exp_n,0.9159671810921282,dimensionless,PRIOR_SEARCH_TRANSFORM_NOT_SERIALIZED;EMPIRICAL_RANGE_RECORDED,0.5681562009267509,2.5466286113951355,OBSERVED_EVALUATED_POPULATION_EXTREMA_NOT_EXTRAPOLATION_PERMISSION,ACTIVE_SEARCHED_OR_ARCHIVED_MORPH
v913_zeroD_sobol_0060219,a2c2a292e7371f2e1b7e76fe686390827b0a24d69fcebb98ffbcdc849dd8459d,weak-T,peierls_nu0_s,1000000000000.0,s^-1,FIXED_IN_RECOVERED_POPULATION,1000000000000.0,1000000000000.0,OBSERVED_EVALUATED_POPULATION_EXTREMA_NOT_EXTRAPOLATION_PERMISSION,FIXED
v913_zeroD_sobol_0060219,a2c2a292e7371f2e1b7e76fe686390827b0a24d69fcebb98ffbcdc849dd8459d,weak-T,taylor_H0_eV,0.1275879848003387,eV,PRIOR_SEARCH_TRANSFORM_NOT_SERIALIZED;EMPIRICAL_RANGE_RECORDED,0.1275879848003387,6.397265535295895,OBSERVED_EVALUATED_POPULATION_EXTREMA_NOT_EXTRAPOLATION_PERMISSION,ACTIVE_SEARCHED_OR_ARCHIVED_MORPH
v913_zeroD_sobol_0060219,a2c2a292e7371f2e1b7e76fe686390827b0a24d69fcebb98ffbcdc849dd8459d,weak-T,taylor_activation_entropy_kB,19.32783756405115,dimensionless,PRIOR_SEARCH_TRANSFORM_NOT_SERIALIZED;EMPIRICAL_RANGE_RECORDED,-25.948952957987785,79.52362599363242,OBSERVED_EVALUATED_POPULATION_EXTREMA_NOT_EXTRAPOLATION_PERMISSION,ACTIVE_SEARCHED_OR_ARCHIVED_MORPH
v913_zeroD_sobol_0060219,a2c2a292e7371f2e1b7e76fe686390827b0a24d69fcebb98ffbcdc849dd8459d,weak-T,taylor_exp_a,0.0402470866590738,dimensionless,PRIOR_SEARCH_TRANSFORM_NOT_SERIALIZED;EMPIRICAL_RANGE_RECORDED,0.0402470866590738,1.055419295541942,OBSERVED_EVALUATED_POPULATION_EXTREMA_NOT_EXTRAPOLATION_PERMISSION,ACTIVE_SEARCHED_OR_ARCHIVED_MORPH
v913_zeroD_sobol_0060219,a2c2a292e7371f2e1b7e76fe686390827b0a24d69fcebb98ffbcdc849dd8459d,weak-T,taylor_exp_n,0.6374284494668245,dimensionless,PRIOR_SEARCH_TRANSFORM_NOT_SERIALIZED;EMPIRICAL_RANGE_RECORDED,0.5389550719410181,2.441455863416195,OBSERVED_EVALUATED_POPULATION_EXTREMA_NOT_EXTRAPOLATION_PERMISSION,ACTIVE_SEARCHED_OR_ARCHIVED_MORPH
v913_zeroD_sobol_0060219,a2c2a292e7371f2e1b7e76fe686390827b0a24d69fcebb98ffbcdc849dd8459d,weak-T,taylor_nu0_s,100000000000.0,s^-1,FIXED_IN_RECOVERED_POPULATION,100000000000.0,100000000000.0,OBSERVED_EVALUATED_POPULATION_EXTREMA_NOT_EXTRAPOLATION_PERMISSION,FIXED
v913_zeroD_sobol_0060219,a2c2a292e7371f2e1b7e76fe686390827b0a24d69fcebb98ffbcdc849dd8459d,weak-T,rho_source0_m2,1.6621303923333022e+16,m^-2,PRIOR_SEARCH_TRANSFORM_NOT_SERIALIZED;EMPIRICAL_RANGE_RECORDED,1174563748149.2874,7.411536373796822e+16,OBSERVED_EVALUATED_POPULATION_EXTREMA_NOT_EXTRAPOLATION_PERMISSION,ACTIVE_SEARCHED_OR_ARCHIVED_MORPH
v913_zeroD_sobol_0060219,a2c2a292e7371f2e1b7e76fe686390827b0a24d69fcebb98ffbcdc849dd8459d,weak-T,taylor_corr_rho_c_m2,5.451008813541711e+16,m^-2,PRIOR_SEARCH_TRANSFORM_NOT_SERIALIZED;EMPIRICAL_RANGE_RECORDED,112705259472.60164,8.319121413916371e+17,OBSERVED_EVALUATED_POPULATION_EXTREMA_NOT_EXTRAPOLATION_PERMISSION,ACTIVE_SEARCHED_OR_ARCHIVED_MORPH
v913_zeroD_sobol_0060219,a2c2a292e7371f2e1b7e76fe686390827b0a24d69fcebb98ffbcdc849dd8459d,weak-T,taylor_corr_scale,5.963884351453593,dimensionless,PRIOR_SEARCH_TRANSFORM_NOT_SERIALIZED;EMPIRICAL_RANGE_RECORDED,0.03842799657252147,6.048544658291038,OBSERVED_EVALUATED_POPULATION_EXTREMA_NOT_EXTRAPOLATION_PERMISSION,ACTIVE_SEARCHED_OR_ARCHIVED_MORPH
v913_zeroD_sobol_0060219,a2c2a292e7371f2e1b7e76fe686390827b0a24d69fcebb98ffbcdc849dd8459d,weak-T,c_blunt,2.47790246643126,dimensionless,PRIOR_SEARCH_TRANSFORM_NOT_SERIALIZED;EMPIRICAL_RANGE_RECORDED,0.3964464701712131,5.903029750755984,OBSERVED_EVALUATED_POPULATION_EXTREMA_NOT_EXTRAPOLATION_PERMISSION,ACTIVE_SEARCHED_OR_ARCHIVED_MORPH
v913_zeroD_sobol_0077080,387704db03a9eb174543f717e6c29f12f68cde11a51da8200e80d8269ca0c5e4,weak-T,Tref_K,481.33,K,FIXED_IN_RECOVERED_POPULATION,481.33,481.33,OBSERVED_EVALUATED_POPULATION_EXTREMA_NOT_EXTRAPOLATION_PERMISSION,FIXED
v913_zeroD_sobol_0077080,387704db03a9eb174543f717e6c29f12f68cde11a51da8200e80d8269ca0c5e4,weak-T,cleave_G00_eV,3.673669350333512,eV,PRIOR_SEARCH_TRANSFORM_NOT_SERIALIZED;EMPIRICAL_RANGE_RECORDED,1.1613941742107272,5.476424816064537,OBSERVED_EVALUATED_POPULATION_EXTREMA_NOT_EXTRAPOLATION_PERMISSION,ACTIVE_SEARCHED_OR_ARCHIVED_MORPH
v913_zeroD_sobol_0077080,387704db03a9eb174543f717e6c29f12f68cde11a51da8200e80d8269ca0c5e4,weak-T,cleave_gT_eV_per_K,0.00892692707479,K,PRIOR_SEARCH_TRANSFORM_NOT_SERIALIZED;EMPIRICAL_RANGE_RECORDED,0.0005332994232885,0.011519610859455538,OBSERVED_EVALUATED_POPULATION_EXTREMA_NOT_EXTRAPOLATION_PERMISSION,ACTIVE_SEARCHED_OR_ARCHIVED_MORPH
v913_zeroD_sobol_0077080,387704db03a9eb174543f717e6c29f12f68cde11a51da8200e80d8269ca0c5e4,weak-T,cleave_sigc0_GPa,4.497151743154973,GPa,PRIOR_SEARCH_TRANSFORM_NOT_SERIALIZED;EMPIRICAL_RANGE_RECORDED,2.478483367631813,9.499969975495445,OBSERVED_EVALUATED_POPULATION_EXTREMA_NOT_EXTRAPOLATION_PERMISSION,ACTIVE_SEARCHED_OR_ARCHIVED_MORPH
v913_zeroD_sobol_0077080,387704db03a9eb174543f717e6c29f12f68cde11a51da8200e80d8269ca0c5e4,weak-T,cleave_sT_GPa_per_K,-0.0022528592869639,K,PRIOR_SEARCH_TRANSFORM_NOT_SERIALIZED;EMPIRICAL_RANGE_RECORDED,-0.0028363684089854,0.007358667384833,OBSERVED_EVALUATED_POPULATION_EXTREMA_NOT_EXTRAPOLATION_PERMISSION,ACTIVE_SEARCHED_OR_ARCHIVED_MORPH
v913_zeroD_sobol_0077080,387704db03a9eb174543f717e6c29f12f68cde11a51da8200e80d8269ca0c5e4,weak-T,cleave_exp_a,1.4499619576428089,dimensionless,PRIOR_SEARCH_TRANSFORM_NOT_SERIALIZED;EMPIRICAL_RANGE_RECORDED,0.0618397523649036,1.995968483146141,OBSERVED_EVALUATED_POPULATION_EXTREMA_NOT_EXTRAPOLATION_PERMISSION,ACTIVE_SEARCHED_OR_ARCHIVED_MORPH
v913_zeroD_sobol_0077080,387704db03a9eb174543f717e6c29f12f68cde11a51da8200e80d8269ca0c5e4,weak-T,cleave_exp_n,1.0335969480220228,dimensionless,PRIOR_SEARCH_TRANSFORM_NOT_SERIALIZED;EMPIRICAL_RANGE_RECORDED,0.5528804096393287,2.63327748933807,OBSERVED_EVALUATED_POPULATION_EXTREMA_NOT_EXTRAPOLATION_PERMISSION,ACTIVE_SEARCHED_OR_ARCHIVED_MORPH
v913_zeroD_sobol_0077080,387704db03a9eb174543f717e6c29f12f68cde11a51da8200e80d8269ca0c5e4,weak-T,cleave_floor_frac,0.0436070518879531,dimensionless,PRIOR_SEARCH_TRANSFORM_NOT_SERIALIZED;EMPIRICAL_RANGE_RECORDED,0.0019271603769193,0.1966510411308111,OBSERVED_EVALUATED_POPULATION_EXTREMA_NOT_EXTRAPOLATION_PERMISSION,ACTIVE_SEARCHED_OR_ARCHIVED_MORPH
v913_zeroD_sobol_0077080,387704db03a9eb174543f717e6c29f12f68cde11a51da8200e80d8269ca0c5e4,weak-T,emit_G00_eV,2.798553348518908,eV,PRIOR_SEARCH_TRANSFORM_NOT_SERIALIZED;EMPIRICAL_RANGE_RECORDED,0.7812057442823682,4.748793914355337,OBSERVED_EVALUATED_POPULATION_EXTREMA_NOT_EXTRAPOLATION_PERMISSION,ACTIVE_SEARCHED_OR_ARCHIVED_MORPH
v913_zeroD_sobol_0077080,387704db03a9eb174543f717e6c29f12f68cde11a51da8200e80d8269ca0c5e4,weak-T,emit_gT_eV_per_K,-0.002825030600652,K,PRIOR_SEARCH_TRANSFORM_NOT_SERIALIZED;EMPIRICAL_RANGE_RECORDED,-0.0028567998185753,0.0079019972188398,OBSERVED_EVALUATED_POPULATION_EXTREMA_NOT_EXTRAPOLATION_PERMISSION,ACTIVE_SEARCHED_OR_ARCHIVED_MORPH
v913_zeroD_sobol_0077080,387704db03a9eb174543f717e6c29f12f68cde11a51da8200e80d8269ca0c5e4,weak-T,emit_sigc0_GPa,9.278617694508284,GPa,PRIOR_SEARCH_TRANSFORM_NOT_SERIALIZED;EMPIRICAL_RANGE_RECORDED,0.32350459485796695,9.278617694508284,OBSERVED_EVALUATED_POPULATION_EXTREMA_NOT_EXTRAPOLATION_PERMISSION,ACTIVE_SEARCHED_OR_ARCHIVED_MORPH
v913_zeroD_sobol_0077080,387704db03a9eb174543f717e6c29f12f68cde11a51da8200e80d8269ca0c5e4,weak-T,emit_sT_GPa_per_K,0.0099400414247065,K,PRIOR_SEARCH_TRANSFORM_NOT_SERIALIZED;EMPIRICAL_RANGE_RECORDED,-0.0073275911211967,0.0099400414247065,OBSERVED_EVALUATED_POPULATION_EXTREMA_NOT_EXTRAPOLATION_PERMISSION,ACTIVE_SEARCHED_OR_ARCHIVED_MORPH
v913_zeroD_sobol_0077080,387704db03a9eb174543f717e6c29f12f68cde11a51da8200e80d8269ca0c5e4,weak-T,emit_exp_a,0.4376551472768187,dimensionless,PRIOR_SEARCH_TRANSFORM_NOT_SERIALIZED;EMPIRICAL_RANGE_RECORDED,0.0765673027653247,1.2866776992767373,OBSERVED_EVALUATED_POPULATION_EXTREMA_NOT_EXTRAPOLATION_PERMISSION,ACTIVE_SEARCHED_OR_ARCHIVED_MORPH
v913_zeroD_sobol_0077080,387704db03a9eb174543f717e6c29f12f68cde11a51da8200e80d8269ca0c5e4,weak-T,emit_exp_n,0.791314263548702,dimensionless,PRIOR_SEARCH_TRANSFORM_NOT_SERIALIZED;EMPIRICAL_RANGE_RECORDED,0.4149390204673953,2.404178873915225,OBSERVED_EVALUATED_POPULATION_EXTREMA_NOT_EXTRAPOLATION_PERMISSION,ACTIVE_SEARCHED_OR_ARCHIVED_MORPH
v913_zeroD_sobol_0077080,387704db03a9eb174543f717e6c29f12f68cde11a51da8200e80d8269ca0c5e4,weak-T,emit_floor_frac,0.0228240380649044,dimensionless,PRIOR_SEARCH_TRANSFORM_NOT_SERIALIZED;EMPIRICAL_RANGE_RECORDED,0.001963405800003,0.1925852665942847,OBSERVED_EVALUATED_POPULATION_EXTREMA_NOT_EXTRAPOLATION_PERMISSION,ACTIVE_SEARCHED_OR_ARCHIVED_MORPH
v913_zeroD_sobol_0077080,387704db03a9eb174543f717e6c29f12f68cde11a51da8200e80d8269ca0c5e4,weak-T,peierls_H0_eV,6.716475480981171,eV,PRIOR_SEARCH_TRANSFORM_NOT_SERIALIZED;EMPIRICAL_RANGE_RECORDED,0.941218419931829,13.978225439244895,OBSERVED_EVALUATED_POPULATION_EXTREMA_NOT_EXTRAPOLATION_PERMISSION,ACTIVE_SEARCHED_OR_ARCHIVED_MORPH
v913_zeroD_sobol_0077080,387704db03a9eb174543f717e6c29f12f68cde11a51da8200e80d8269ca0c5e4,weak-T,peierls_activation_entropy_kB,-43.48882682621479,dimensionless,PRIOR_SEARCH_TRANSFORM_NOT_SERIALIZED;EMPIRICAL_RANGE_RECORDED,-94.78213467448583,16.830181423574686,OBSERVED_EVALUATED_POPULATION_EXTREMA_NOT_EXTRAPOLATION_PERMISSION,ACTIVE_SEARCHED_OR_ARCHIVED_MORPH
v913_zeroD_sobol_0077080,387704db03a9eb174543f717e6c29f12f68cde11a51da8200e80d8269ca0c5e4,weak-T,peierls_exp_a,1.178178071556613,dimensionless,PRIOR_SEARCH_TRANSFORM_NOT_SERIALIZED;EMPIRICAL_RANGE_RECORDED,0.2264547564554959,1.9146125694736835,OBSERVED_EVALUATED_POPULATION_EXTREMA_NOT_EXTRAPOLATION_PERMISSION,ACTIVE_SEARCHED_OR_ARCHIVED_MORPH
v913_zeroD_sobol_0077080,387704db03a9eb174543f717e6c29f12f68cde11a51da8200e80d8269ca0c5e4,weak-T,peierls_exp_n,1.0056940987706184,dimensionless,PRIOR_SEARCH_TRANSFORM_NOT_SERIALIZED;EMPIRICAL_RANGE_RECORDED,0.5681562009267509,2.5466286113951355,OBSERVED_EVALUATED_POPULATION_EXTREMA_NOT_EXTRAPOLATION_PERMISSION,ACTIVE_SEARCHED_OR_ARCHIVED_MORPH
v913_zeroD_sobol_0077080,387704db03a9eb174543f717e6c29f12f68cde11a51da8200e80d8269ca0c5e4,weak-T,peierls_nu0_s,1000000000000.0,s^-1,FIXED_IN_RECOVERED_POPULATION,1000000000000.0,1000000000000.0,OBSERVED_EVALUATED_POPULATION_EXTREMA_NOT_EXTRAPOLATION_PERMISSION,FIXED
v913_zeroD_sobol_0077080,387704db03a9eb174543f717e6c29f12f68cde11a51da8200e80d8269ca0c5e4,weak-T,taylor_H0_eV,0.7904905830975623,eV,PRIOR_SEARCH_TRANSFORM_NOT_SERIALIZED;EMPIRICAL_RANGE_RECORDED,0.1275879848003387,6.397265535295895,OBSERVED_EVALUATED_POPULATION_EXTREMA_NOT_EXTRAPOLATION_PERMISSION,ACTIVE_SEARCHED_OR_ARCHIVED_MORPH
v913_zeroD_sobol_0077080,387704db03a9eb174543f717e6c29f12f68cde11a51da8200e80d8269ca0c5e4,weak-T,taylor_activation_entropy_kB,-25.948952957987785,dimensionless,PRIOR_SEARCH_TRANSFORM_NOT_SERIALIZED;EMPIRICAL_RANGE_RECORDED,-25.948952957987785,79.52362599363242,OBSERVED_EVALUATED_POPULATION_EXTREMA_NOT_EXTRAPOLATION_PERMISSION,ACTIVE_SEARCHED_OR_ARCHIVED_MORPH
v913_zeroD_sobol_0077080,387704db03a9eb174543f717e6c29f12f68cde11a51da8200e80d8269ca0c5e4,weak-T,taylor_exp_a,1.0212089663371444,dimensionless,PRIOR_SEARCH_TRANSFORM_NOT_SERIALIZED;EMPIRICAL_RANGE_RECORDED,0.0402470866590738,1.055419295541942,OBSERVED_EVALUATED_POPULATION_EXTREMA_NOT_EXTRAPOLATION_PERMISSION,ACTIVE_SEARCHED_OR_ARCHIVED_MORPH
v913_zeroD_sobol_0077080,387704db03a9eb174543f717e6c29f12f68cde11a51da8200e80d8269ca0c5e4,weak-T,taylor_exp_n,0.599093577126041,dimensionless,PRIOR_SEARCH_TRANSFORM_NOT_SERIALIZED;EMPIRICAL_RANGE_RECORDED,0.5389550719410181,2.441455863416195,OBSERVED_EVALUATED_POPULATION_EXTREMA_NOT_EXTRAPOLATION_PERMISSION,ACTIVE_SEARCHED_OR_ARCHIVED_MORPH
v913_zeroD_sobol_0077080,387704db03a9eb174543f717e6c29f12f68cde11a51da8200e80d8269ca0c5e4,weak-T,taylor_nu0_s,100000000000.0,s^-1,FIXED_IN_RECOVERED_POPULATION,100000000000.0,100000000000.0,OBSERVED_EVALUATED_POPULATION_EXTREMA_NOT_EXTRAPOLATION_PERMISSION,FIXED
v913_zeroD_sobol_0077080,387704db03a9eb174543f717e6c29f12f68cde11a51da8200e80d8269ca0c5e4,weak-T,rho_source0_m2,1174563748149.2874,m^-2,PRIOR_SEARCH_TRANSFORM_NOT_SERIALIZED;EMPIRICAL_RANGE_RECORDED,1174563748149.2874,7.411536373796822e+16,OBSERVED_EVALUATED_POPULATION_EXTREMA_NOT_EXTRAPOLATION_PERMISSION,ACTIVE_SEARCHED_OR_ARCHIVED_MORPH
v913_zeroD_sobol_0077080,387704db03a9eb174543f717e6c29f12f68cde11a51da8200e80d8269ca0c5e4,weak-T,taylor_corr_rho_c_m2,4.043330255464039e+16,m^-2,PRIOR_SEARCH_TRANSFORM_NOT_SERIALIZED;EMPIRICAL_RANGE_RECORDED,112705259472.60164,8.319121413916371e+17,OBSERVED_EVALUATED_POPULATION_EXTREMA_NOT_EXTRAPOLATION_PERMISSION,ACTIVE_SEARCHED_OR_ARCHIVED_MORPH
v913_zeroD_sobol_0077080,387704db03a9eb174543f717e6c29f12f68cde11a51da8200e80d8269ca0c5e4,weak-T,taylor_corr_scale,1.8013635924189044,dimensionless,PRIOR_SEARCH_TRANSFORM_NOT_SERIALIZED;EMPIRICAL_RANGE_RECORDED,0.03842799657252147,6.048544658291038,OBSERVED_EVALUATED_POPULATION_EXTREMA_NOT_EXTRAPOLATION_PERMISSION,ACTIVE_SEARCHED_OR_ARCHIVED_MORPH
v913_zeroD_sobol_0077080,387704db03a9eb174543f717e6c29f12f68cde11a51da8200e80d8269ca0c5e4,weak-T,c_blunt,0.3964464701712131,dimensionless,PRIOR_SEARCH_TRANSFORM_NOT_SERIALIZED;EMPIRICAL_RANGE_RECORDED,0.3964464701712131,5.903029750755984,OBSERVED_EVALUATED_POPULATION_EXTREMA_NOT_EXTRAPOLATION_PERMISSION,ACTIVE_SEARCHED_OR_ARCHIVED_MORPH
v913_zeroD_sobol_0086420,53992ed84e3d9b624f65c57fbefaf853e3ef0910eff9857ed681b153ecb46012,weak-T,Tref_K,481.33,K,FIXED_IN_RECOVERED_POPULATION,481.33,481.33,OBSERVED_EVALUATED_POPULATION_EXTREMA_NOT_EXTRAPOLATION_PERMISSION,FIXED
v913_zeroD_sobol_0086420,53992ed84e3d9b624f65c57fbefaf853e3ef0910eff9857ed681b153ecb46012,weak-T,cleave_G00_eV,5.476424816064537,eV,PRIOR_SEARCH_TRANSFORM_NOT_SERIALIZED;EMPIRICAL_RANGE_RECORDED,1.1613941742107272,5.476424816064537,OBSERVED_EVALUATED_POPULATION_EXTREMA_NOT_EXTRAPOLATION_PERMISSION,ACTIVE_SEARCHED_OR_ARCHIVED_MORPH
v913_zeroD_sobol_0086420,53992ed84e3d9b624f65c57fbefaf853e3ef0910eff9857ed681b153ecb46012,weak-T,cleave_gT_eV_per_K,0.001903424761258,K,PRIOR_SEARCH_TRANSFORM_NOT_SERIALIZED;EMPIRICAL_RANGE_RECORDED,0.0005332994232885,0.011519610859455538,OBSERVED_EVALUATED_POPULATION_EXTREMA_NOT_EXTRAPOLATION_PERMISSION,ACTIVE_SEARCHED_OR_ARCHIVED_MORPH
v913_zeroD_sobol_0086420,53992ed84e3d9b624f65c57fbefaf853e3ef0910eff9857ed681b153ecb46012,weak-T,cleave_sigc0_GPa,7.28394316136837,GPa,PRIOR_SEARCH_TRANSFORM_NOT_SERIALIZED;EMPIRICAL_RANGE_RECORDED,2.478483367631813,9.499969975495445,OBSERVED_EVALUATED_POPULATION_EXTREMA_NOT_EXTRAPOLATION_PERMISSION,ACTIVE_SEARCHED_OR_ARCHIVED_MORPH
v913_zeroD_sobol_0086420,53992ed84e3d9b624f65c57fbefaf853e3ef0910eff9857ed681b153ecb46012,weak-T,cleave_sT_GPa_per_K,0.0014549547526985,K,PRIOR_SEARCH_TRANSFORM_NOT_SERIALIZED;EMPIRICAL_RANGE_RECORDED,-0.0028363684089854,0.007358667384833,OBSERVED_EVALUATED_POPULATION_EXTREMA_NOT_EXTRAPOLATION_PERMISSION,ACTIVE_SEARCHED_OR_ARCHIVED_MORPH
v913_zeroD_sobol_0086420,53992ed84e3d9b624f65c57fbefaf853e3ef0910eff9857ed681b153ecb46012,weak-T,cleave_exp_a,1.3619866351597012,dimensionless,PRIOR_SEARCH_TRANSFORM_NOT_SERIALIZED;EMPIRICAL_RANGE_RECORDED,0.0618397523649036,1.995968483146141,OBSERVED_EVALUATED_POPULATION_EXTREMA_NOT_EXTRAPOLATION_PERMISSION,ACTIVE_SEARCHED_OR_ARCHIVED_MORPH
v913_zeroD_sobol_0086420,53992ed84e3d9b624f65c57fbefaf853e3ef0910eff9857ed681b153ecb46012,weak-T,cleave_exp_n,2.2078243289142847,dimensionless,PRIOR_SEARCH_TRANSFORM_NOT_SERIALIZED;EMPIRICAL_RANGE_RECORDED,0.5528804096393287,2.63327748933807,OBSERVED_EVALUATED_POPULATION_EXTREMA_NOT_EXTRAPOLATION_PERMISSION,ACTIVE_SEARCHED_OR_ARCHIVED_MORPH
v913_zeroD_sobol_0086420,53992ed84e3d9b624f65c57fbefaf853e3ef0910eff9857ed681b153ecb46012,weak-T,cleave_floor_frac,0.0683158241878416,dimensionless,PRIOR_SEARCH_TRANSFORM_NOT_SERIALIZED;EMPIRICAL_RANGE_RECORDED,0.0019271603769193,0.1966510411308111,OBSERVED_EVALUATED_POPULATION_EXTREMA_NOT_EXTRAPOLATION_PERMISSION,ACTIVE_SEARCHED_OR_ARCHIVED_MORPH
v913_zeroD_sobol_0086420,53992ed84e3d9b624f65c57fbefaf853e3ef0910eff9857ed681b153ecb46012,weak-T,emit_G00_eV,4.11960387378931,eV,PRIOR_SEARCH_TRANSFORM_NOT_SERIALIZED;EMPIRICAL_RANGE_RECORDED,0.7812057442823682,4.748793914355337,OBSERVED_EVALUATED_POPULATION_EXTREMA_NOT_EXTRAPOLATION_PERMISSION,ACTIVE_SEARCHED_OR_ARCHIVED_MORPH
v913_zeroD_sobol_0086420,53992ed84e3d9b624f65c57fbefaf853e3ef0910eff9857ed681b153ecb46012,weak-T,emit_gT_eV_per_K,-0.002587902133353,K,PRIOR_SEARCH_TRANSFORM_NOT_SERIALIZED;EMPIRICAL_RANGE_RECORDED,-0.0028567998185753,0.0079019972188398,OBSERVED_EVALUATED_POPULATION_EXTREMA_NOT_EXTRAPOLATION_PERMISSION,ACTIVE_SEARCHED_OR_ARCHIVED_MORPH
v913_zeroD_sobol_0086420,53992ed84e3d9b624f65c57fbefaf853e3ef0910eff9857ed681b153ecb46012,weak-T,emit_sigc0_GPa,7.423798888921738,GPa,PRIOR_SEARCH_TRANSFORM_NOT_SERIALIZED;EMPIRICAL_RANGE_RECORDED,0.32350459485796695,9.278617694508284,OBSERVED_EVALUATED_POPULATION_EXTREMA_NOT_EXTRAPOLATION_PERMISSION,ACTIVE_SEARCHED_OR_ARCHIVED_MORPH
v913_zeroD_sobol_0086420,53992ed84e3d9b624f65c57fbefaf853e3ef0910eff9857ed681b153ecb46012,weak-T,emit_sT_GPa_per_K,0.0011016524918377,K,PRIOR_SEARCH_TRANSFORM_NOT_SERIALIZED;EMPIRICAL_RANGE_RECORDED,-0.0073275911211967,0.0099400414247065,OBSERVED_EVALUATED_POPULATION_EXTREMA_NOT_EXTRAPOLATION_PERMISSION,ACTIVE_SEARCHED_OR_ARCHIVED_MORPH
v913_zeroD_sobol_0086420,53992ed84e3d9b624f65c57fbefaf853e3ef0910eff9857ed681b153ecb46012,weak-T,emit_exp_a,0.569111802354455,dimensionless,PRIOR_SEARCH_TRANSFORM_NOT_SERIALIZED;EMPIRICAL_RANGE_RECORDED,0.0765673027653247,1.2866776992767373,OBSERVED_EVALUATED_POPULATION_EXTREMA_NOT_EXTRAPOLATION_PERMISSION,ACTIVE_SEARCHED_OR_ARCHIVED_MORPH
v913_zeroD_sobol_0086420,53992ed84e3d9b624f65c57fbefaf853e3ef0910eff9857ed681b153ecb46012,weak-T,emit_exp_n,1.990936215640977,dimensionless,PRIOR_SEARCH_TRANSFORM_NOT_SERIALIZED;EMPIRICAL_RANGE_RECORDED,0.4149390204673953,2.404178873915225,OBSERVED_EVALUATED_POPULATION_EXTREMA_NOT_EXTRAPOLATION_PERMISSION,ACTIVE_SEARCHED_OR_ARCHIVED_MORPH
v913_zeroD_sobol_0086420,53992ed84e3d9b624f65c57fbefaf853e3ef0910eff9857ed681b153ecb46012,weak-T,emit_floor_frac,0.0117877736484193,dimensionless,PRIOR_SEARCH_TRANSFORM_NOT_SERIALIZED;EMPIRICAL_RANGE_RECORDED,0.001963405800003,0.1925852665942847,OBSERVED_EVALUATED_POPULATION_EXTREMA_NOT_EXTRAPOLATION_PERMISSION,ACTIVE_SEARCHED_OR_ARCHIVED_MORPH
v913_zeroD_sobol_0086420,53992ed84e3d9b624f65c57fbefaf853e3ef0910eff9857ed681b153ecb46012,weak-T,peierls_H0_eV,5.399045049678534,eV,PRIOR_SEARCH_TRANSFORM_NOT_SERIALIZED;EMPIRICAL_RANGE_RECORDED,0.941218419931829,13.978225439244895,OBSERVED_EVALUATED_POPULATION_EXTREMA_NOT_EXTRAPOLATION_PERMISSION,ACTIVE_SEARCHED_OR_ARCHIVED_MORPH
v913_zeroD_sobol_0086420,53992ed84e3d9b624f65c57fbefaf853e3ef0910eff9857ed681b153ecb46012,weak-T,peierls_activation_entropy_kB,4.40110944211483,dimensionless,PRIOR_SEARCH_TRANSFORM_NOT_SERIALIZED;EMPIRICAL_RANGE_RECORDED,-94.78213467448583,16.830181423574686,OBSERVED_EVALUATED_POPULATION_EXTREMA_NOT_EXTRAPOLATION_PERMISSION,ACTIVE_SEARCHED_OR_ARCHIVED_MORPH
v913_zeroD_sobol_0086420,53992ed84e3d9b624f65c57fbefaf853e3ef0910eff9857ed681b153ecb46012,weak-T,peierls_exp_a,0.5597617194056511,dimensionless,PRIOR_SEARCH_TRANSFORM_NOT_SERIALIZED;EMPIRICAL_RANGE_RECORDED,0.2264547564554959,1.9146125694736835,OBSERVED_EVALUATED_POPULATION_EXTREMA_NOT_EXTRAPOLATION_PERMISSION,ACTIVE_SEARCHED_OR_ARCHIVED_MORPH
v913_zeroD_sobol_0086420,53992ed84e3d9b624f65c57fbefaf853e3ef0910eff9857ed681b153ecb46012,weak-T,peierls_exp_n,1.1102288491092622,dimensionless,PRIOR_SEARCH_TRANSFORM_NOT_SERIALIZED;EMPIRICAL_RANGE_RECORDED,0.5681562009267509,2.5466286113951355,OBSERVED_EVALUATED_POPULATION_EXTREMA_NOT_EXTRAPOLATION_PERMISSION,ACTIVE_SEARCHED_OR_ARCHIVED_MORPH
v913_zeroD_sobol_0086420,53992ed84e3d9b624f65c57fbefaf853e3ef0910eff9857ed681b153ecb46012,weak-T,peierls_nu0_s,1000000000000.0,s^-1,FIXED_IN_RECOVERED_POPULATION,1000000000000.0,1000000000000.0,OBSERVED_EVALUATED_POPULATION_EXTREMA_NOT_EXTRAPOLATION_PERMISSION,FIXED
v913_zeroD_sobol_0086420,53992ed84e3d9b624f65c57fbefaf853e3ef0910eff9857ed681b153ecb46012,weak-T,taylor_H0_eV,0.9696294176578522,eV,PRIOR_SEARCH_TRANSFORM_NOT_SERIALIZED;EMPIRICAL_RANGE_RECORDED,0.1275879848003387,6.397265535295895,OBSERVED_EVALUATED_POPULATION_EXTREMA_NOT_EXTRAPOLATION_PERMISSION,ACTIVE_SEARCHED_OR_ARCHIVED_MORPH
v913_zeroD_sobol_0086420,53992ed84e3d9b624f65c57fbefaf853e3ef0910eff9857ed681b153ecb46012,weak-T,taylor_activation_entropy_kB,11.39026451855898,dimensionless,PRIOR_SEARCH_TRANSFORM_NOT_SERIALIZED;EMPIRICAL_RANGE_RECORDED,-25.948952957987785,79.52362599363242,OBSERVED_EVALUATED_POPULATION_EXTREMA_NOT_EXTRAPOLATION_PERMISSION,ACTIVE_SEARCHED_OR_ARCHIVED_MORPH
v913_zeroD_sobol_0086420,53992ed84e3d9b624f65c57fbefaf853e3ef0910eff9857ed681b153ecb46012,weak-T,taylor_exp_a,0.6939666834287346,dimensionless,PRIOR_SEARCH_TRANSFORM_NOT_SERIALIZED;EMPIRICAL_RANGE_RECORDED,0.0402470866590738,1.055419295541942,OBSERVED_EVALUATED_POPULATION_EXTREMA_NOT_EXTRAPOLATION_PERMISSION,ACTIVE_SEARCHED_OR_ARCHIVED_MORPH
v913_zeroD_sobol_0086420,53992ed84e3d9b624f65c57fbefaf853e3ef0910eff9857ed681b153ecb46012,weak-T,taylor_exp_n,1.4467088915407658,dimensionless,PRIOR_SEARCH_TRANSFORM_NOT_SERIALIZED;EMPIRICAL_RANGE_RECORDED,0.5389550719410181,2.441455863416195,OBSERVED_EVALUATED_POPULATION_EXTREMA_NOT_EXTRAPOLATION_PERMISSION,ACTIVE_SEARCHED_OR_ARCHIVED_MORPH
v913_zeroD_sobol_0086420,53992ed84e3d9b624f65c57fbefaf853e3ef0910eff9857ed681b153ecb46012,weak-T,taylor_nu0_s,100000000000.0,s^-1,FIXED_IN_RECOVERED_POPULATION,100000000000.0,100000000000.0,OBSERVED_EVALUATED_POPULATION_EXTREMA_NOT_EXTRAPOLATION_PERMISSION,FIXED
v913_zeroD_sobol_0086420,53992ed84e3d9b624f65c57fbefaf853e3ef0910eff9857ed681b153ecb46012,weak-T,rho_source0_m2,4.478007110324783e+16,m^-2,PRIOR_SEARCH_TRANSFORM_NOT_SERIALIZED;EMPIRICAL_RANGE_RECORDED,1174563748149.2874,7.411536373796822e+16,OBSERVED_EVALUATED_POPULATION_EXTREMA_NOT_EXTRAPOLATION_PERMISSION,ACTIVE_SEARCHED_OR_ARCHIVED_MORPH
v913_zeroD_sobol_0086420,53992ed84e3d9b624f65c57fbefaf853e3ef0910eff9857ed681b153ecb46012,weak-T,taylor_corr_rho_c_m2,14962480792103.414,m^-2,PRIOR_SEARCH_TRANSFORM_NOT_SERIALIZED;EMPIRICAL_RANGE_RECORDED,112705259472.60164,8.319121413916371e+17,OBSERVED_EVALUATED_POPULATION_EXTREMA_NOT_EXTRAPOLATION_PERMISSION,ACTIVE_SEARCHED_OR_ARCHIVED_MORPH
v913_zeroD_sobol_0086420,53992ed84e3d9b624f65c57fbefaf853e3ef0910eff9857ed681b153ecb46012,weak-T,taylor_corr_scale,0.6161519710747999,dimensionless,PRIOR_SEARCH_TRANSFORM_NOT_SERIALIZED;EMPIRICAL_RANGE_RECORDED,0.03842799657252147,6.048544658291038,OBSERVED_EVALUATED_POPULATION_EXTREMA_NOT_EXTRAPOLATION_PERMISSION,ACTIVE_SEARCHED_OR_ARCHIVED_MORPH
v913_zeroD_sobol_0086420,53992ed84e3d9b624f65c57fbefaf853e3ef0910eff9857ed681b153ecb46012,weak-T,c_blunt,2.62239751406014,dimensionless,PRIOR_SEARCH_TRANSFORM_NOT_SERIALIZED;EMPIRICAL_RANGE_RECORDED,0.3964464701712131,5.903029750755984,OBSERVED_EVALUATED_POPULATION_EXTREMA_NOT_EXTRAPOLATION_PERMISSION,ACTIVE_SEARCHED_OR_ARCHIVED_MORPH
v913_zeroD_sobol_0103251,66fcd8c18d4243d63620f0d2e880a00f48f61d0d72110bb5353496c59d69e87d,weak-T,Tref_K,481.33,K,FIXED_IN_RECOVERED_POPULATION,481.33,481.33,OBSERVED_EVALUATED_POPULATION_EXTREMA_NOT_EXTRAPOLATION_PERMISSION,FIXED
v913_zeroD_sobol_0103251,66fcd8c18d4243d63620f0d2e880a00f48f61d0d72110bb5353496c59d69e87d,weak-T,cleave_G00_eV,3.858983729965985,eV,PRIOR_SEARCH_TRANSFORM_NOT_SERIALIZED;EMPIRICAL_RANGE_RECORDED,1.1613941742107272,5.476424816064537,OBSERVED_EVALUATED_POPULATION_EXTREMA_NOT_EXTRAPOLATION_PERMISSION,ACTIVE_SEARCHED_OR_ARCHIVED_MORPH
v913_zeroD_sobol_0103251,66fcd8c18d4243d63620f0d2e880a00f48f61d0d72110bb5353496c59d69e87d,weak-T,cleave_gT_eV_per_K,0.0053661396629177,K,PRIOR_SEARCH_TRANSFORM_NOT_SERIALIZED;EMPIRICAL_RANGE_RECORDED,0.0005332994232885,0.011519610859455538,OBSERVED_EVALUATED_POPULATION_EXTREMA_NOT_EXTRAPOLATION_PERMISSION,ACTIVE_SEARCHED_OR_ARCHIVED_MORPH
v913_zeroD_sobol_0103251,66fcd8c18d4243d63620f0d2e880a00f48f61d0d72110bb5353496c59d69e87d,weak-T,cleave_sigc0_GPa,6.426139679737389,GPa,PRIOR_SEARCH_TRANSFORM_NOT_SERIALIZED;EMPIRICAL_RANGE_RECORDED,2.478483367631813,9.499969975495445,OBSERVED_EVALUATED_POPULATION_EXTREMA_NOT_EXTRAPOLATION_PERMISSION,ACTIVE_SEARCHED_OR_ARCHIVED_MORPH
v913_zeroD_sobol_0103251,66fcd8c18d4243d63620f0d2e880a00f48f61d0d72110bb5353496c59d69e87d,weak-T,cleave_sT_GPa_per_K,-0.0026073887292295,K,PRIOR_SEARCH_TRANSFORM_NOT_SERIALIZED;EMPIRICAL_RANGE_RECORDED,-0.0028363684089854,0.007358667384833,OBSERVED_EVALUATED_POPULATION_EXTREMA_NOT_EXTRAPOLATION_PERMISSION,ACTIVE_SEARCHED_OR_ARCHIVED_MORPH
v913_zeroD_sobol_0103251,66fcd8c18d4243d63620f0d2e880a00f48f61d0d72110bb5353496c59d69e87d,weak-T,cleave_exp_a,0.6865754192695022,dimensionless,PRIOR_SEARCH_TRANSFORM_NOT_SERIALIZED;EMPIRICAL_RANGE_RECORDED,0.0618397523649036,1.995968483146141,OBSERVED_EVALUATED_POPULATION_EXTREMA_NOT_EXTRAPOLATION_PERMISSION,ACTIVE_SEARCHED_OR_ARCHIVED_MORPH
v913_zeroD_sobol_0103251,66fcd8c18d4243d63620f0d2e880a00f48f61d0d72110bb5353496c59d69e87d,weak-T,cleave_exp_n,1.2599241705611348,dimensionless,PRIOR_SEARCH_TRANSFORM_NOT_SERIALIZED;EMPIRICAL_RANGE_RECORDED,0.5528804096393287,2.63327748933807,OBSERVED_EVALUATED_POPULATION_EXTREMA_NOT_EXTRAPOLATION_PERMISSION,ACTIVE_SEARCHED_OR_ARCHIVED_MORPH
v913_zeroD_sobol_0103251,66fcd8c18d4243d63620f0d2e880a00f48f61d0d72110bb5353496c59d69e87d,weak-T,cleave_floor_frac,0.0060338789299509,dimensionless,PRIOR_SEARCH_TRANSFORM_NOT_SERIALIZED;EMPIRICAL_RANGE_RECORDED,0.0019271603769193,0.1966510411308111,OBSERVED_EVALUATED_POPULATION_EXTREMA_NOT_EXTRAPOLATION_PERMISSION,ACTIVE_SEARCHED_OR_ARCHIVED_MORPH
v913_zeroD_sobol_0103251,66fcd8c18d4243d63620f0d2e880a00f48f61d0d72110bb5353496c59d69e87d,weak-T,emit_G00_eV,3.699940881133079,eV,PRIOR_SEARCH_TRANSFORM_NOT_SERIALIZED;EMPIRICAL_RANGE_RECORDED,0.7812057442823682,4.748793914355337,OBSERVED_EVALUATED_POPULATION_EXTREMA_NOT_EXTRAPOLATION_PERMISSION,ACTIVE_SEARCHED_OR_ARCHIVED_MORPH
v913_zeroD_sobol_0103251,66fcd8c18d4243d63620f0d2e880a00f48f61d0d72110bb5353496c59d69e87d,weak-T,emit_gT_eV_per_K,0.0079019972188398,K,PRIOR_SEARCH_TRANSFORM_NOT_SERIALIZED;EMPIRICAL_RANGE_RECORDED,-0.0028567998185753,0.0079019972188398,OBSERVED_EVALUATED_POPULATION_EXTREMA_NOT_EXTRAPOLATION_PERMISSION,ACTIVE_SEARCHED_OR_ARCHIVED_MORPH
v913_zeroD_sobol_0103251,66fcd8c18d4243d63620f0d2e880a00f48f61d0d72110bb5353496c59d69e87d,weak-T,emit_sigc0_GPa,3.475247330963612,GPa,PRIOR_SEARCH_TRANSFORM_NOT_SERIALIZED;EMPIRICAL_RANGE_RECORDED,0.32350459485796695,9.278617694508284,OBSERVED_EVALUATED_POPULATION_EXTREMA_NOT_EXTRAPOLATION_PERMISSION,ACTIVE_SEARCHED_OR_ARCHIVED_MORPH
v913_zeroD_sobol_0103251,66fcd8c18d4243d63620f0d2e880a00f48f61d0d72110bb5353496c59d69e87d,weak-T,emit_sT_GPa_per_K,-0.0057029963098466,K,PRIOR_SEARCH_TRANSFORM_NOT_SERIALIZED;EMPIRICAL_RANGE_RECORDED,-0.0073275911211967,0.0099400414247065,OBSERVED_EVALUATED_POPULATION_EXTREMA_NOT_EXTRAPOLATION_PERMISSION,ACTIVE_SEARCHED_OR_ARCHIVED_MORPH
v913_zeroD_sobol_0103251,66fcd8c18d4243d63620f0d2e880a00f48f61d0d72110bb5353496c59d69e87d,weak-T,emit_exp_a,0.178433520141989,dimensionless,PRIOR_SEARCH_TRANSFORM_NOT_SERIALIZED;EMPIRICAL_RANGE_RECORDED,0.0765673027653247,1.2866776992767373,OBSERVED_EVALUATED_POPULATION_EXTREMA_NOT_EXTRAPOLATION_PERMISSION,ACTIVE_SEARCHED_OR_ARCHIVED_MORPH
v913_zeroD_sobol_0103251,66fcd8c18d4243d63620f0d2e880a00f48f61d0d72110bb5353496c59d69e87d,weak-T,emit_exp_n,1.333366803266108,dimensionless,PRIOR_SEARCH_TRANSFORM_NOT_SERIALIZED;EMPIRICAL_RANGE_RECORDED,0.4149390204673953,2.404178873915225,OBSERVED_EVALUATED_POPULATION_EXTREMA_NOT_EXTRAPOLATION_PERMISSION,ACTIVE_SEARCHED_OR_ARCHIVED_MORPH
v913_zeroD_sobol_0103251,66fcd8c18d4243d63620f0d2e880a00f48f61d0d72110bb5353496c59d69e87d,weak-T,emit_floor_frac,0.0186362179179887,dimensionless,PRIOR_SEARCH_TRANSFORM_NOT_SERIALIZED;EMPIRICAL_RANGE_RECORDED,0.001963405800003,0.1925852665942847,OBSERVED_EVALUATED_POPULATION_EXTREMA_NOT_EXTRAPOLATION_PERMISSION,ACTIVE_SEARCHED_OR_ARCHIVED_MORPH
v913_zeroD_sobol_0103251,66fcd8c18d4243d63620f0d2e880a00f48f61d0d72110bb5353496c59d69e87d,weak-T,peierls_H0_eV,5.65535672660917,eV,PRIOR_SEARCH_TRANSFORM_NOT_SERIALIZED;EMPIRICAL_RANGE_RECORDED,0.941218419931829,13.978225439244895,OBSERVED_EVALUATED_POPULATION_EXTREMA_NOT_EXTRAPOLATION_PERMISSION,ACTIVE_SEARCHED_OR_ARCHIVED_MORPH
v913_zeroD_sobol_0103251,66fcd8c18d4243d63620f0d2e880a00f48f61d0d72110bb5353496c59d69e87d,weak-T,peierls_activation_entropy_kB,-26.924134884029627,dimensionless,PRIOR_SEARCH_TRANSFORM_NOT_SERIALIZED;EMPIRICAL_RANGE_RECORDED,-94.78213467448583,16.830181423574686,OBSERVED_EVALUATED_POPULATION_EXTREMA_NOT_EXTRAPOLATION_PERMISSION,ACTIVE_SEARCHED_OR_ARCHIVED_MORPH
v913_zeroD_sobol_0103251,66fcd8c18d4243d63620f0d2e880a00f48f61d0d72110bb5353496c59d69e87d,weak-T,peierls_exp_a,1.8863388748839496,dimensionless,PRIOR_SEARCH_TRANSFORM_NOT_SERIALIZED;EMPIRICAL_RANGE_RECORDED,0.2264547564554959,1.9146125694736835,OBSERVED_EVALUATED_POPULATION_EXTREMA_NOT_EXTRAPOLATION_PERMISSION,ACTIVE_SEARCHED_OR_ARCHIVED_MORPH
v913_zeroD_sobol_0103251,66fcd8c18d4243d63620f0d2e880a00f48f61d0d72110bb5353496c59d69e87d,weak-T,peierls_exp_n,1.2991912495344875,dimensionless,PRIOR_SEARCH_TRANSFORM_NOT_SERIALIZED;EMPIRICAL_RANGE_RECORDED,0.5681562009267509,2.5466286113951355,OBSERVED_EVALUATED_POPULATION_EXTREMA_NOT_EXTRAPOLATION_PERMISSION,ACTIVE_SEARCHED_OR_ARCHIVED_MORPH
v913_zeroD_sobol_0103251,66fcd8c18d4243d63620f0d2e880a00f48f61d0d72110bb5353496c59d69e87d,weak-T,peierls_nu0_s,1000000000000.0,s^-1,FIXED_IN_RECOVERED_POPULATION,1000000000000.0,1000000000000.0,OBSERVED_EVALUATED_POPULATION_EXTREMA_NOT_EXTRAPOLATION_PERMISSION,FIXED
v913_zeroD_sobol_0103251,66fcd8c18d4243d63620f0d2e880a00f48f61d0d72110bb5353496c59d69e87d,weak-T,taylor_H0_eV,0.737521898150444,eV,PRIOR_SEARCH_TRANSFORM_NOT_SERIALIZED;EMPIRICAL_RANGE_RECORDED,0.1275879848003387,6.397265535295895,OBSERVED_EVALUATED_POPULATION_EXTREMA_NOT_EXTRAPOLATION_PERMISSION,ACTIVE_SEARCHED_OR_ARCHIVED_MORPH
v913_zeroD_sobol_0103251,66fcd8c18d4243d63620f0d2e880a00f48f61d0d72110bb5353496c59d69e87d,weak-T,taylor_activation_entropy_kB,27.29128111153841,dimensionless,PRIOR_SEARCH_TRANSFORM_NOT_SERIALIZED;EMPIRICAL_RANGE_RECORDED,-25.948952957987785,79.52362599363242,OBSERVED_EVALUATED_POPULATION_EXTREMA_NOT_EXTRAPOLATION_PERMISSION,ACTIVE_SEARCHED_OR_ARCHIVED_MORPH
v913_zeroD_sobol_0103251,66fcd8c18d4243d63620f0d2e880a00f48f61d0d72110bb5353496c59d69e87d,weak-T,taylor_exp_a,0.9219415864069016,dimensionless,PRIOR_SEARCH_TRANSFORM_NOT_SERIALIZED;EMPIRICAL_RANGE_RECORDED,0.0402470866590738,1.055419295541942,OBSERVED_EVALUATED_POPULATION_EXTREMA_NOT_EXTRAPOLATION_PERMISSION,ACTIVE_SEARCHED_OR_ARCHIVED_MORPH
v913_zeroD_sobol_0103251,66fcd8c18d4243d63620f0d2e880a00f48f61d0d72110bb5353496c59d69e87d,weak-T,taylor_exp_n,2.441455863416195,dimensionless,PRIOR_SEARCH_TRANSFORM_NOT_SERIALIZED;EMPIRICAL_RANGE_RECORDED,0.5389550719410181,2.441455863416195,OBSERVED_EVALUATED_POPULATION_EXTREMA_NOT_EXTRAPOLATION_PERMISSION,ACTIVE_SEARCHED_OR_ARCHIVED_MORPH
v913_zeroD_sobol_0103251,66fcd8c18d4243d63620f0d2e880a00f48f61d0d72110bb5353496c59d69e87d,weak-T,taylor_nu0_s,100000000000.0,s^-1,FIXED_IN_RECOVERED_POPULATION,100000000000.0,100000000000.0,OBSERVED_EVALUATED_POPULATION_EXTREMA_NOT_EXTRAPOLATION_PERMISSION,FIXED
v913_zeroD_sobol_0103251,66fcd8c18d4243d63620f0d2e880a00f48f61d0d72110bb5353496c59d69e87d,weak-T,rho_source0_m2,135396858145766.9,m^-2,PRIOR_SEARCH_TRANSFORM_NOT_SERIALIZED;EMPIRICAL_RANGE_RECORDED,1174563748149.2874,7.411536373796822e+16,OBSERVED_EVALUATED_POPULATION_EXTREMA_NOT_EXTRAPOLATION_PERMISSION,ACTIVE_SEARCHED_OR_ARCHIVED_MORPH
v913_zeroD_sobol_0103251,66fcd8c18d4243d63620f0d2e880a00f48f61d0d72110bb5353496c59d69e87d,weak-T,taylor_corr_rho_c_m2,112705259472.60164,m^-2,PRIOR_SEARCH_TRANSFORM_NOT_SERIALIZED;EMPIRICAL_RANGE_RECORDED,112705259472.60164,8.319121413916371e+17,OBSERVED_EVALUATED_POPULATION_EXTREMA_NOT_EXTRAPOLATION_PERMISSION,ACTIVE_SEARCHED_OR_ARCHIVED_MORPH
v913_zeroD_sobol_0103251,66fcd8c18d4243d63620f0d2e880a00f48f61d0d72110bb5353496c59d69e87d,weak-T,taylor_corr_scale,0.2696879707850609,dimensionless,PRIOR_SEARCH_TRANSFORM_NOT_SERIALIZED;EMPIRICAL_RANGE_RECORDED,0.03842799657252147,6.048544658291038,OBSERVED_EVALUATED_POPULATION_EXTREMA_NOT_EXTRAPOLATION_PERMISSION,ACTIVE_SEARCHED_OR_ARCHIVED_MORPH
v913_zeroD_sobol_0103251,66fcd8c18d4243d63620f0d2e880a00f48f61d0d72110bb5353496c59d69e87d,weak-T,c_blunt,2.373462835326791,dimensionless,PRIOR_SEARCH_TRANSFORM_NOT_SERIALIZED;EMPIRICAL_RANGE_RECORDED,0.3964464701712131,5.903029750755984,OBSERVED_EVALUATED_POPULATION_EXTREMA_NOT_EXTRAPOLATION_PERMISSION,ACTIVE_SEARCHED_OR_ARCHIVED_MORPH
v913_zeroD_sobol_0116955,c961e107e355811d5526cf66955326d4da017d83a4bdc2ea5ebd184ff91f0022,weak-T,Tref_K,481.33,K,FIXED_IN_RECOVERED_POPULATION,481.33,481.33,OBSERVED_EVALUATED_POPULATION_EXTREMA_NOT_EXTRAPOLATION_PERMISSION,FIXED
v913_zeroD_sobol_0116955,c961e107e355811d5526cf66955326d4da017d83a4bdc2ea5ebd184ff91f0022,weak-T,cleave_G00_eV,3.497796688694507,eV,PRIOR_SEARCH_TRANSFORM_NOT_SERIALIZED;EMPIRICAL_RANGE_RECORDED,1.1613941742107272,5.476424816064537,OBSERVED_EVALUATED_POPULATION_EXTREMA_NOT_EXTRAPOLATION_PERMISSION,ACTIVE_SEARCHED_OR_ARCHIVED_MORPH
v913_zeroD_sobol_0116955,c961e107e355811d5526cf66955326d4da017d83a4bdc2ea5ebd184ff91f0022,weak-T,cleave_gT_eV_per_K,0.0080361246806569,K,PRIOR_SEARCH_TRANSFORM_NOT_SERIALIZED;EMPIRICAL_RANGE_RECORDED,0.0005332994232885,0.011519610859455538,OBSERVED_EVALUATED_POPULATION_EXTREMA_NOT_EXTRAPOLATION_PERMISSION,ACTIVE_SEARCHED_OR_ARCHIVED_MORPH
v913_zeroD_sobol_0116955,c961e107e355811d5526cf66955326d4da017d83a4bdc2ea5ebd184ff91f0022,weak-T,cleave_sigc0_GPa,5.115476604551077,GPa,PRIOR_SEARCH_TRANSFORM_NOT_SERIALIZED;EMPIRICAL_RANGE_RECORDED,2.478483367631813,9.499969975495445,OBSERVED_EVALUATED_POPULATION_EXTREMA_NOT_EXTRAPOLATION_PERMISSION,ACTIVE_SEARCHED_OR_ARCHIVED_MORPH
v913_zeroD_sobol_0116955,c961e107e355811d5526cf66955326d4da017d83a4bdc2ea5ebd184ff91f0022,weak-T,cleave_sT_GPa_per_K,-0.0016002543857321,K,PRIOR_SEARCH_TRANSFORM_NOT_SERIALIZED;EMPIRICAL_RANGE_RECORDED,-0.0028363684089854,0.007358667384833,OBSERVED_EVALUATED_POPULATION_EXTREMA_NOT_EXTRAPOLATION_PERMISSION,ACTIVE_SEARCHED_OR_ARCHIVED_MORPH
v913_zeroD_sobol_0116955,c961e107e355811d5526cf66955326d4da017d83a4bdc2ea5ebd184ff91f0022,weak-T,cleave_exp_a,0.4365619524847716,dimensionless,PRIOR_SEARCH_TRANSFORM_NOT_SERIALIZED;EMPIRICAL_RANGE_RECORDED,0.0618397523649036,1.995968483146141,OBSERVED_EVALUATED_POPULATION_EXTREMA_NOT_EXTRAPOLATION_PERMISSION,ACTIVE_SEARCHED_OR_ARCHIVED_MORPH
v913_zeroD_sobol_0116955,c961e107e355811d5526cf66955326d4da017d83a4bdc2ea5ebd184ff91f0022,weak-T,cleave_exp_n,1.040377038996667,dimensionless,PRIOR_SEARCH_TRANSFORM_NOT_SERIALIZED;EMPIRICAL_RANGE_RECORDED,0.5528804096393287,2.63327748933807,OBSERVED_EVALUATED_POPULATION_EXTREMA_NOT_EXTRAPOLATION_PERMISSION,ACTIVE_SEARCHED_OR_ARCHIVED_MORPH
v913_zeroD_sobol_0116955,c961e107e355811d5526cf66955326d4da017d83a4bdc2ea5ebd184ff91f0022,weak-T,cleave_floor_frac,0.0254752893929062,dimensionless,PRIOR_SEARCH_TRANSFORM_NOT_SERIALIZED;EMPIRICAL_RANGE_RECORDED,0.0019271603769193,0.1966510411308111,OBSERVED_EVALUATED_POPULATION_EXTREMA_NOT_EXTRAPOLATION_PERMISSION,ACTIVE_SEARCHED_OR_ARCHIVED_MORPH
v913_zeroD_sobol_0116955,c961e107e355811d5526cf66955326d4da017d83a4bdc2ea5ebd184ff91f0022,weak-T,emit_G00_eV,3.9774327300488954,eV,PRIOR_SEARCH_TRANSFORM_NOT_SERIALIZED;EMPIRICAL_RANGE_RECORDED,0.7812057442823682,4.748793914355337,OBSERVED_EVALUATED_POPULATION_EXTREMA_NOT_EXTRAPOLATION_PERMISSION,ACTIVE_SEARCHED_OR_ARCHIVED_MORPH
v913_zeroD_sobol_0116955,c961e107e355811d5526cf66955326d4da017d83a4bdc2ea5ebd184ff91f0022,weak-T,emit_gT_eV_per_K,-0.0024142604712396,K,PRIOR_SEARCH_TRANSFORM_NOT_SERIALIZED;EMPIRICAL_RANGE_RECORDED,-0.0028567998185753,0.0079019972188398,OBSERVED_EVALUATED_POPULATION_EXTREMA_NOT_EXTRAPOLATION_PERMISSION,ACTIVE_SEARCHED_OR_ARCHIVED_MORPH
v913_zeroD_sobol_0116955,c961e107e355811d5526cf66955326d4da017d83a4bdc2ea5ebd184ff91f0022,weak-T,emit_sigc0_GPa,8.767316944897175,GPa,PRIOR_SEARCH_TRANSFORM_NOT_SERIALIZED;EMPIRICAL_RANGE_RECORDED,0.32350459485796695,9.278617694508284,OBSERVED_EVALUATED_POPULATION_EXTREMA_NOT_EXTRAPOLATION_PERMISSION,ACTIVE_SEARCHED_OR_ARCHIVED_MORPH
v913_zeroD_sobol_0116955,c961e107e355811d5526cf66955326d4da017d83a4bdc2ea5ebd184ff91f0022,weak-T,emit_sT_GPa_per_K,0.0021373024657368,K,PRIOR_SEARCH_TRANSFORM_NOT_SERIALIZED;EMPIRICAL_RANGE_RECORDED,-0.0073275911211967,0.0099400414247065,OBSERVED_EVALUATED_POPULATION_EXTREMA_NOT_EXTRAPOLATION_PERMISSION,ACTIVE_SEARCHED_OR_ARCHIVED_MORPH
v913_zeroD_sobol_0116955,c961e107e355811d5526cf66955326d4da017d83a4bdc2ea5ebd184ff91f0022,weak-T,emit_exp_a,0.1364233205281197,dimensionless,PRIOR_SEARCH_TRANSFORM_NOT_SERIALIZED;EMPIRICAL_RANGE_RECORDED,0.0765673027653247,1.2866776992767373,OBSERVED_EVALUATED_POPULATION_EXTREMA_NOT_EXTRAPOLATION_PERMISSION,ACTIVE_SEARCHED_OR_ARCHIVED_MORPH
v913_zeroD_sobol_0116955,c961e107e355811d5526cf66955326d4da017d83a4bdc2ea5ebd184ff91f0022,weak-T,emit_exp_n,1.639806836657226,dimensionless,PRIOR_SEARCH_TRANSFORM_NOT_SERIALIZED;EMPIRICAL_RANGE_RECORDED,0.4149390204673953,2.404178873915225,OBSERVED_EVALUATED_POPULATION_EXTREMA_NOT_EXTRAPOLATION_PERMISSION,ACTIVE_SEARCHED_OR_ARCHIVED_MORPH
v913_zeroD_sobol_0116955,c961e107e355811d5526cf66955326d4da017d83a4bdc2ea5ebd184ff91f0022,weak-T,emit_floor_frac,0.0645240567354888,dimensionless,PRIOR_SEARCH_TRANSFORM_NOT_SERIALIZED;EMPIRICAL_RANGE_RECORDED,0.001963405800003,0.1925852665942847,OBSERVED_EVALUATED_POPULATION_EXTREMA_NOT_EXTRAPOLATION_PERMISSION,ACTIVE_SEARCHED_OR_ARCHIVED_MORPH
v913_zeroD_sobol_0116955,c961e107e355811d5526cf66955326d4da017d83a4bdc2ea5ebd184ff91f0022,weak-T,peierls_H0_eV,3.6282808207906783,eV,PRIOR_SEARCH_TRANSFORM_NOT_SERIALIZED;EMPIRICAL_RANGE_RECORDED,0.941218419931829,13.978225439244895,OBSERVED_EVALUATED_POPULATION_EXTREMA_NOT_EXTRAPOLATION_PERMISSION,ACTIVE_SEARCHED_OR_ARCHIVED_MORPH
v913_zeroD_sobol_0116955,c961e107e355811d5526cf66955326d4da017d83a4bdc2ea5ebd184ff91f0022,weak-T,peierls_activation_entropy_kB,-4.032082986086607,dimensionless,PRIOR_SEARCH_TRANSFORM_NOT_SERIALIZED;EMPIRICAL_RANGE_RECORDED,-94.78213467448583,16.830181423574686,OBSERVED_EVALUATED_POPULATION_EXTREMA_NOT_EXTRAPOLATION_PERMISSION,ACTIVE_SEARCHED_OR_ARCHIVED_MORPH
v913_zeroD_sobol_0116955,c961e107e355811d5526cf66955326d4da017d83a4bdc2ea5ebd184ff91f0022,weak-T,peierls_exp_a,1.010412615071982,dimensionless,PRIOR_SEARCH_TRANSFORM_NOT_SERIALIZED;EMPIRICAL_RANGE_RECORDED,0.2264547564554959,1.9146125694736835,OBSERVED_EVALUATED_POPULATION_EXTREMA_NOT_EXTRAPOLATION_PERMISSION,ACTIVE_SEARCHED_OR_ARCHIVED_MORPH
v913_zeroD_sobol_0116955,c961e107e355811d5526cf66955326d4da017d83a4bdc2ea5ebd184ff91f0022,weak-T,peierls_exp_n,2.38337339903228,dimensionless,PRIOR_SEARCH_TRANSFORM_NOT_SERIALIZED;EMPIRICAL_RANGE_RECORDED,0.5681562009267509,2.5466286113951355,OBSERVED_EVALUATED_POPULATION_EXTREMA_NOT_EXTRAPOLATION_PERMISSION,ACTIVE_SEARCHED_OR_ARCHIVED_MORPH
v913_zeroD_sobol_0116955,c961e107e355811d5526cf66955326d4da017d83a4bdc2ea5ebd184ff91f0022,weak-T,peierls_nu0_s,1000000000000.0,s^-1,FIXED_IN_RECOVERED_POPULATION,1000000000000.0,1000000000000.0,OBSERVED_EVALUATED_POPULATION_EXTREMA_NOT_EXTRAPOLATION_PERMISSION,FIXED
v913_zeroD_sobol_0116955,c961e107e355811d5526cf66955326d4da017d83a4bdc2ea5ebd184ff91f0022,weak-T,taylor_H0_eV,1.8844304084777832,eV,PRIOR_SEARCH_TRANSFORM_NOT_SERIALIZED;EMPIRICAL_RANGE_RECORDED,0.1275879848003387,6.397265535295895,OBSERVED_EVALUATED_POPULATION_EXTREMA_NOT_EXTRAPOLATION_PERMISSION,ACTIVE_SEARCHED_OR_ARCHIVED_MORPH
v913_zeroD_sobol_0116955,c961e107e355811d5526cf66955326d4da017d83a4bdc2ea5ebd184ff91f0022,weak-T,taylor_activation_entropy_kB,11.56215574592352,dimensionless,PRIOR_SEARCH_TRANSFORM_NOT_SERIALIZED;EMPIRICAL_RANGE_RECORDED,-25.948952957987785,79.52362599363242,OBSERVED_EVALUATED_POPULATION_EXTREMA_NOT_EXTRAPOLATION_PERMISSION,ACTIVE_SEARCHED_OR_ARCHIVED_MORPH
v913_zeroD_sobol_0116955,c961e107e355811d5526cf66955326d4da017d83a4bdc2ea5ebd184ff91f0022,weak-T,taylor_exp_a,0.526846093358472,dimensionless,PRIOR_SEARCH_TRANSFORM_NOT_SERIALIZED;EMPIRICAL_RANGE_RECORDED,0.0402470866590738,1.055419295541942,OBSERVED_EVALUATED_POPULATION_EXTREMA_NOT_EXTRAPOLATION_PERMISSION,ACTIVE_SEARCHED_OR_ARCHIVED_MORPH
v913_zeroD_sobol_0116955,c961e107e355811d5526cf66955326d4da017d83a4bdc2ea5ebd184ff91f0022,weak-T,taylor_exp_n,1.4233212359249592,dimensionless,PRIOR_SEARCH_TRANSFORM_NOT_SERIALIZED;EMPIRICAL_RANGE_RECORDED,0.5389550719410181,2.441455863416195,OBSERVED_EVALUATED_POPULATION_EXTREMA_NOT_EXTRAPOLATION_PERMISSION,ACTIVE_SEARCHED_OR_ARCHIVED_MORPH
v913_zeroD_sobol_0116955,c961e107e355811d5526cf66955326d4da017d83a4bdc2ea5ebd184ff91f0022,weak-T,taylor_nu0_s,100000000000.0,s^-1,FIXED_IN_RECOVERED_POPULATION,100000000000.0,100000000000.0,OBSERVED_EVALUATED_POPULATION_EXTREMA_NOT_EXTRAPOLATION_PERMISSION,FIXED
v913_zeroD_sobol_0116955,c961e107e355811d5526cf66955326d4da017d83a4bdc2ea5ebd184ff91f0022,weak-T,rho_source0_m2,7.411536373796822e+16,m^-2,PRIOR_SEARCH_TRANSFORM_NOT_SERIALIZED;EMPIRICAL_RANGE_RECORDED,1174563748149.2874,7.411536373796822e+16,OBSERVED_EVALUATED_POPULATION_EXTREMA_NOT_EXTRAPOLATION_PERMISSION,ACTIVE_SEARCHED_OR_ARCHIVED_MORPH
v913_zeroD_sobol_0116955,c961e107e355811d5526cf66955326d4da017d83a4bdc2ea5ebd184ff91f0022,weak-T,taylor_corr_rho_c_m2,8.319121413916371e+17,m^-2,PRIOR_SEARCH_TRANSFORM_NOT_SERIALIZED;EMPIRICAL_RANGE_RECORDED,112705259472.60164,8.319121413916371e+17,OBSERVED_EVALUATED_POPULATION_EXTREMA_NOT_EXTRAPOLATION_PERMISSION,ACTIVE_SEARCHED_OR_ARCHIVED_MORPH
v913_zeroD_sobol_0116955,c961e107e355811d5526cf66955326d4da017d83a4bdc2ea5ebd184ff91f0022,weak-T,taylor_corr_scale,0.4964460622427377,dimensionless,PRIOR_SEARCH_TRANSFORM_NOT_SERIALIZED;EMPIRICAL_RANGE_RECORDED,0.03842799657252147,6.048544658291038,OBSERVED_EVALUATED_POPULATION_EXTREMA_NOT_EXTRAPOLATION_PERMISSION,ACTIVE_SEARCHED_OR_ARCHIVED_MORPH
v913_zeroD_sobol_0116955,c961e107e355811d5526cf66955326d4da017d83a4bdc2ea5ebd184ff91f0022,weak-T,c_blunt,0.5934622306376696,dimensionless,PRIOR_SEARCH_TRANSFORM_NOT_SERIALIZED;EMPIRICAL_RANGE_RECORDED,0.3964464701712131,5.903029750755984,OBSERVED_EVALUATED_POPULATION_EXTREMA_NOT_EXTRAPOLATION_PERMISSION,ACTIVE_SEARCHED_OR_ARCHIVED_MORPH
v913_zeroD_sobol_0127508,bd8f34ec4f94a212534a186ba216b5e37cc926455a287727b3381cb1c695788d,weak-T,Tref_K,481.33,K,FIXED_IN_RECOVERED_POPULATION,481.33,481.33,OBSERVED_EVALUATED_POPULATION_EXTREMA_NOT_EXTRAPOLATION_PERMISSION,FIXED
v913_zeroD_sobol_0127508,bd8f34ec4f94a212534a186ba216b5e37cc926455a287727b3381cb1c695788d,weak-T,cleave_G00_eV,2.3740459862165157,eV,PRIOR_SEARCH_TRANSFORM_NOT_SERIALIZED;EMPIRICAL_RANGE_RECORDED,1.1613941742107272,5.476424816064537,OBSERVED_EVALUATED_POPULATION_EXTREMA_NOT_EXTRAPOLATION_PERMISSION,ACTIVE_SEARCHED_OR_ARCHIVED_MORPH
v913_zeroD_sobol_0127508,bd8f34ec4f94a212534a186ba216b5e37cc926455a287727b3381cb1c695788d,weak-T,cleave_gT_eV_per_K,0.0015134139778092,K,PRIOR_SEARCH_TRANSFORM_NOT_SERIALIZED;EMPIRICAL_RANGE_RECORDED,0.0005332994232885,0.011519610859455538,OBSERVED_EVALUATED_POPULATION_EXTREMA_NOT_EXTRAPOLATION_PERMISSION,ACTIVE_SEARCHED_OR_ARCHIVED_MORPH
v913_zeroD_sobol_0127508,bd8f34ec4f94a212534a186ba216b5e37cc926455a287727b3381cb1c695788d,weak-T,cleave_sigc0_GPa,7.010096753947437,GPa,PRIOR_SEARCH_TRANSFORM_NOT_SERIALIZED;EMPIRICAL_RANGE_RECORDED,2.478483367631813,9.499969975495445,OBSERVED_EVALUATED_POPULATION_EXTREMA_NOT_EXTRAPOLATION_PERMISSION,ACTIVE_SEARCHED_OR_ARCHIVED_MORPH
v913_zeroD_sobol_0127508,bd8f34ec4f94a212534a186ba216b5e37cc926455a287727b3381cb1c695788d,weak-T,cleave_sT_GPa_per_K,-0.0011172577394172,K,PRIOR_SEARCH_TRANSFORM_NOT_SERIALIZED;EMPIRICAL_RANGE_RECORDED,-0.0028363684089854,0.007358667384833,OBSERVED_EVALUATED_POPULATION_EXTREMA_NOT_EXTRAPOLATION_PERMISSION,ACTIVE_SEARCHED_OR_ARCHIVED_MORPH
v913_zeroD_sobol_0127508,bd8f34ec4f94a212534a186ba216b5e37cc926455a287727b3381cb1c695788d,weak-T,cleave_exp_a,0.2095967781729996,dimensionless,PRIOR_SEARCH_TRANSFORM_NOT_SERIALIZED;EMPIRICAL_RANGE_RECORDED,0.0618397523649036,1.995968483146141,OBSERVED_EVALUATED_POPULATION_EXTREMA_NOT_EXTRAPOLATION_PERMISSION,ACTIVE_SEARCHED_OR_ARCHIVED_MORPH
v913_zeroD_sobol_0127508,bd8f34ec4f94a212534a186ba216b5e37cc926455a287727b3381cb1c695788d,weak-T,cleave_exp_n,2.1608003759756684,dimensionless,PRIOR_SEARCH_TRANSFORM_NOT_SERIALIZED;EMPIRICAL_RANGE_RECORDED,0.5528804096393287,2.63327748933807,OBSERVED_EVALUATED_POPULATION_EXTREMA_NOT_EXTRAPOLATION_PERMISSION,ACTIVE_SEARCHED_OR_ARCHIVED_MORPH
v913_zeroD_sobol_0127508,bd8f34ec4f94a212534a186ba216b5e37cc926455a287727b3381cb1c695788d,weak-T,cleave_floor_frac,0.0050646847977669,dimensionless,PRIOR_SEARCH_TRANSFORM_NOT_SERIALIZED;EMPIRICAL_RANGE_RECORDED,0.0019271603769193,0.1966510411308111,OBSERVED_EVALUATED_POPULATION_EXTREMA_NOT_EXTRAPOLATION_PERMISSION,ACTIVE_SEARCHED_OR_ARCHIVED_MORPH
v913_zeroD_sobol_0127508,bd8f34ec4f94a212534a186ba216b5e37cc926455a287727b3381cb1c695788d,weak-T,emit_G00_eV,3.574336855113506,eV,PRIOR_SEARCH_TRANSFORM_NOT_SERIALIZED;EMPIRICAL_RANGE_RECORDED,0.7812057442823682,4.748793914355337,OBSERVED_EVALUATED_POPULATION_EXTREMA_NOT_EXTRAPOLATION_PERMISSION,ACTIVE_SEARCHED_OR_ARCHIVED_MORPH
v913_zeroD_sobol_0127508,bd8f34ec4f94a212534a186ba216b5e37cc926455a287727b3381cb1c695788d,weak-T,emit_gT_eV_per_K,-0.0016428749952465,K,PRIOR_SEARCH_TRANSFORM_NOT_SERIALIZED;EMPIRICAL_RANGE_RECORDED,-0.0028567998185753,0.0079019972188398,OBSERVED_EVALUATED_POPULATION_EXTREMA_NOT_EXTRAPOLATION_PERMISSION,ACTIVE_SEARCHED_OR_ARCHIVED_MORPH
v913_zeroD_sobol_0127508,bd8f34ec4f94a212534a186ba216b5e37cc926455a287727b3381cb1c695788d,weak-T,emit_sigc0_GPa,6.148618519306183,GPa,PRIOR_SEARCH_TRANSFORM_NOT_SERIALIZED;EMPIRICAL_RANGE_RECORDED,0.32350459485796695,9.278617694508284,OBSERVED_EVALUATED_POPULATION_EXTREMA_NOT_EXTRAPOLATION_PERMISSION,ACTIVE_SEARCHED_OR_ARCHIVED_MORPH
v913_zeroD_sobol_0127508,bd8f34ec4f94a212534a186ba216b5e37cc926455a287727b3381cb1c695788d,weak-T,emit_sT_GPa_per_K,0.0008358946740627,K,PRIOR_SEARCH_TRANSFORM_NOT_SERIALIZED;EMPIRICAL_RANGE_RECORDED,-0.0073275911211967,0.0099400414247065,OBSERVED_EVALUATED_POPULATION_EXTREMA_NOT_EXTRAPOLATION_PERMISSION,ACTIVE_SEARCHED_OR_ARCHIVED_MORPH
v913_zeroD_sobol_0127508,bd8f34ec4f94a212534a186ba216b5e37cc926455a287727b3381cb1c695788d,weak-T,emit_exp_a,0.1372442117426544,dimensionless,PRIOR_SEARCH_TRANSFORM_NOT_SERIALIZED;EMPIRICAL_RANGE_RECORDED,0.0765673027653247,1.2866776992767373,OBSERVED_EVALUATED_POPULATION_EXTREMA_NOT_EXTRAPOLATION_PERMISSION,ACTIVE_SEARCHED_OR_ARCHIVED_MORPH
v913_zeroD_sobol_0127508,bd8f34ec4f94a212534a186ba216b5e37cc926455a287727b3381cb1c695788d,weak-T,emit_exp_n,2.060861888201907,dimensionless,PRIOR_SEARCH_TRANSFORM_NOT_SERIALIZED;EMPIRICAL_RANGE_RECORDED,0.4149390204673953,2.404178873915225,OBSERVED_EVALUATED_POPULATION_EXTREMA_NOT_EXTRAPOLATION_PERMISSION,ACTIVE_SEARCHED_OR_ARCHIVED_MORPH
v913_zeroD_sobol_0127508,bd8f34ec4f94a212534a186ba216b5e37cc926455a287727b3381cb1c695788d,weak-T,emit_floor_frac,0.1925852665942847,dimensionless,PRIOR_SEARCH_TRANSFORM_NOT_SERIALIZED;EMPIRICAL_RANGE_RECORDED,0.001963405800003,0.1925852665942847,OBSERVED_EVALUATED_POPULATION_EXTREMA_NOT_EXTRAPOLATION_PERMISSION,ACTIVE_SEARCHED_OR_ARCHIVED_MORPH
v913_zeroD_sobol_0127508,bd8f34ec4f94a212534a186ba216b5e37cc926455a287727b3381cb1c695788d,weak-T,peierls_H0_eV,1.6530268932692709,eV,PRIOR_SEARCH_TRANSFORM_NOT_SERIALIZED;EMPIRICAL_RANGE_RECORDED,0.941218419931829,13.978225439244895,OBSERVED_EVALUATED_POPULATION_EXTREMA_NOT_EXTRAPOLATION_PERMISSION,ACTIVE_SEARCHED_OR_ARCHIVED_MORPH
v913_zeroD_sobol_0127508,bd8f34ec4f94a212534a186ba216b5e37cc926455a287727b3381cb1c695788d,weak-T,peierls_activation_entropy_kB,-25.901026763021942,dimensionless,PRIOR_SEARCH_TRANSFORM_NOT_SERIALIZED;EMPIRICAL_RANGE_RECORDED,-94.78213467448583,16.830181423574686,OBSERVED_EVALUATED_POPULATION_EXTREMA_NOT_EXTRAPOLATION_PERMISSION,ACTIVE_SEARCHED_OR_ARCHIVED_MORPH
v913_zeroD_sobol_0127508,bd8f34ec4f94a212534a186ba216b5e37cc926455a287727b3381cb1c695788d,weak-T,peierls_exp_a,0.7985359244048595,dimensionless,PRIOR_SEARCH_TRANSFORM_NOT_SERIALIZED;EMPIRICAL_RANGE_RECORDED,0.2264547564554959,1.9146125694736835,OBSERVED_EVALUATED_POPULATION_EXTREMA_NOT_EXTRAPOLATION_PERMISSION,ACTIVE_SEARCHED_OR_ARCHIVED_MORPH
v913_zeroD_sobol_0127508,bd8f34ec4f94a212534a186ba216b5e37cc926455a287727b3381cb1c695788d,weak-T,peierls_exp_n,2.5466286113951355,dimensionless,PRIOR_SEARCH_TRANSFORM_NOT_SERIALIZED;EMPIRICAL_RANGE_RECORDED,0.5681562009267509,2.5466286113951355,OBSERVED_EVALUATED_POPULATION_EXTREMA_NOT_EXTRAPOLATION_PERMISSION,ACTIVE_SEARCHED_OR_ARCHIVED_MORPH
v913_zeroD_sobol_0127508,bd8f34ec4f94a212534a186ba216b5e37cc926455a287727b3381cb1c695788d,weak-T,peierls_nu0_s,1000000000000.0,s^-1,FIXED_IN_RECOVERED_POPULATION,1000000000000.0,1000000000000.0,OBSERVED_EVALUATED_POPULATION_EXTREMA_NOT_EXTRAPOLATION_PERMISSION,FIXED
v913_zeroD_sobol_0127508,bd8f34ec4f94a212534a186ba216b5e37cc926455a287727b3381cb1c695788d,weak-T,taylor_H0_eV,1.0286340892314911,eV,PRIOR_SEARCH_TRANSFORM_NOT_SERIALIZED;EMPIRICAL_RANGE_RECORDED,0.1275879848003387,6.397265535295895,OBSERVED_EVALUATED_POPULATION_EXTREMA_NOT_EXTRAPOLATION_PERMISSION,ACTIVE_SEARCHED_OR_ARCHIVED_MORPH
v913_zeroD_sobol_0127508,bd8f34ec4f94a212534a186ba216b5e37cc926455a287727b3381cb1c695788d,weak-T,taylor_activation_entropy_kB,18.19020554423332,dimensionless,PRIOR_SEARCH_TRANSFORM_NOT_SERIALIZED;EMPIRICAL_RANGE_RECORDED,-25.948952957987785,79.52362599363242,OBSERVED_EVALUATED_POPULATION_EXTREMA_NOT_EXTRAPOLATION_PERMISSION,ACTIVE_SEARCHED_OR_ARCHIVED_MORPH
v913_zeroD_sobol_0127508,bd8f34ec4f94a212534a186ba216b5e37cc926455a287727b3381cb1c695788d,weak-T,taylor_exp_a,0.8843029700033367,dimensionless,PRIOR_SEARCH_TRANSFORM_NOT_SERIALIZED;EMPIRICAL_RANGE_RECORDED,0.0402470866590738,1.055419295541942,OBSERVED_EVALUATED_POPULATION_EXTREMA_NOT_EXTRAPOLATION_PERMISSION,ACTIVE_SEARCHED_OR_ARCHIVED_MORPH
v913_zeroD_sobol_0127508,bd8f34ec4f94a212534a186ba216b5e37cc926455a287727b3381cb1c695788d,weak-T,taylor_exp_n,2.3768100421875715,dimensionless,PRIOR_SEARCH_TRANSFORM_NOT_SERIALIZED;EMPIRICAL_RANGE_RECORDED,0.5389550719410181,2.441455863416195,OBSERVED_EVALUATED_POPULATION_EXTREMA_NOT_EXTRAPOLATION_PERMISSION,ACTIVE_SEARCHED_OR_ARCHIVED_MORPH
v913_zeroD_sobol_0127508,bd8f34ec4f94a212534a186ba216b5e37cc926455a287727b3381cb1c695788d,weak-T,taylor_nu0_s,100000000000.0,s^-1,FIXED_IN_RECOVERED_POPULATION,100000000000.0,100000000000.0,OBSERVED_EVALUATED_POPULATION_EXTREMA_NOT_EXTRAPOLATION_PERMISSION,FIXED
v913_zeroD_sobol_0127508,bd8f34ec4f94a212534a186ba216b5e37cc926455a287727b3381cb1c695788d,weak-T,rho_source0_m2,1.121640055491243e+16,m^-2,PRIOR_SEARCH_TRANSFORM_NOT_SERIALIZED;EMPIRICAL_RANGE_RECORDED,1174563748149.2874,7.411536373796822e+16,OBSERVED_EVALUATED_POPULATION_EXTREMA_NOT_EXTRAPOLATION_PERMISSION,ACTIVE_SEARCHED_OR_ARCHIVED_MORPH
v913_zeroD_sobol_0127508,bd8f34ec4f94a212534a186ba216b5e37cc926455a287727b3381cb1c695788d,weak-T,taylor_corr_rho_c_m2,1584700116629.7751,m^-2,PRIOR_SEARCH_TRANSFORM_NOT_SERIALIZED;EMPIRICAL_RANGE_RECORDED,112705259472.60164,8.319121413916371e+17,OBSERVED_EVALUATED_POPULATION_EXTREMA_NOT_EXTRAPOLATION_PERMISSION,ACTIVE_SEARCHED_OR_ARCHIVED_MORPH
v913_zeroD_sobol_0127508,bd8f34ec4f94a212534a186ba216b5e37cc926455a287727b3381cb1c695788d,weak-T,taylor_corr_scale,0.4160710325159645,dimensionless,PRIOR_SEARCH_TRANSFORM_NOT_SERIALIZED;EMPIRICAL_RANGE_RECORDED,0.03842799657252147,6.048544658291038,OBSERVED_EVALUATED_POPULATION_EXTREMA_NOT_EXTRAPOLATION_PERMISSION,ACTIVE_SEARCHED_OR_ARCHIVED_MORPH
v913_zeroD_sobol_0127508,bd8f34ec4f94a212534a186ba216b5e37cc926455a287727b3381cb1c695788d,weak-T,c_blunt,1.7163635361939669,dimensionless,PRIOR_SEARCH_TRANSFORM_NOT_SERIALIZED;EMPIRICAL_RANGE_RECORDED,0.3964464701712131,5.903029750755984,OBSERVED_EVALUATED_POPULATION_EXTREMA_NOT_EXTRAPOLATION_PERMISSION,ACTIVE_SEARCHED_OR_ARCHIVED_MORPH
v913_zeroD_sobol_0196804,0a6470f7ee04605deb43bc1b7eff547e331fb5bba8ce46bb9fa1f9b765b49d45,weak-T,Tref_K,481.33,K,FIXED_IN_RECOVERED_POPULATION,481.33,481.33,OBSERVED_EVALUATED_POPULATION_EXTREMA_NOT_EXTRAPOLATION_PERMISSION,FIXED
v913_zeroD_sobol_0196804,0a6470f7ee04605deb43bc1b7eff547e331fb5bba8ce46bb9fa1f9b765b49d45,weak-T,cleave_G00_eV,1.7714824001304803,eV,PRIOR_SEARCH_TRANSFORM_NOT_SERIALIZED;EMPIRICAL_RANGE_RECORDED,1.1613941742107272,5.476424816064537,OBSERVED_EVALUATED_POPULATION_EXTREMA_NOT_EXTRAPOLATION_PERMISSION,ACTIVE_SEARCHED_OR_ARCHIVED_MORPH
v913_zeroD_sobol_0196804,0a6470f7ee04605deb43bc1b7eff547e331fb5bba8ce46bb9fa1f9b765b49d45,weak-T,cleave_gT_eV_per_K,0.0103562680487521,K,PRIOR_SEARCH_TRANSFORM_NOT_SERIALIZED;EMPIRICAL_RANGE_RECORDED,0.0005332994232885,0.011519610859455538,OBSERVED_EVALUATED_POPULATION_EXTREMA_NOT_EXTRAPOLATION_PERMISSION,ACTIVE_SEARCHED_OR_ARCHIVED_MORPH
v913_zeroD_sobol_0196804,0a6470f7ee04605deb43bc1b7eff547e331fb5bba8ce46bb9fa1f9b765b49d45,weak-T,cleave_sigc0_GPa,4.632103982381523,GPa,PRIOR_SEARCH_TRANSFORM_NOT_SERIALIZED;EMPIRICAL_RANGE_RECORDED,2.478483367631813,9.499969975495445,OBSERVED_EVALUATED_POPULATION_EXTREMA_NOT_EXTRAPOLATION_PERMISSION,ACTIVE_SEARCHED_OR_ARCHIVED_MORPH
v913_zeroD_sobol_0196804,0a6470f7ee04605deb43bc1b7eff547e331fb5bba8ce46bb9fa1f9b765b49d45,weak-T,cleave_sT_GPa_per_K,-0.0009702393226325,K,PRIOR_SEARCH_TRANSFORM_NOT_SERIALIZED;EMPIRICAL_RANGE_RECORDED,-0.0028363684089854,0.007358667384833,OBSERVED_EVALUATED_POPULATION_EXTREMA_NOT_EXTRAPOLATION_PERMISSION,ACTIVE_SEARCHED_OR_ARCHIVED_MORPH
v913_zeroD_sobol_0196804,0a6470f7ee04605deb43bc1b7eff547e331fb5bba8ce46bb9fa1f9b765b49d45,weak-T,cleave_exp_a,0.6148919253144414,dimensionless,PRIOR_SEARCH_TRANSFORM_NOT_SERIALIZED;EMPIRICAL_RANGE_RECORDED,0.0618397523649036,1.995968483146141,OBSERVED_EVALUATED_POPULATION_EXTREMA_NOT_EXTRAPOLATION_PERMISSION,ACTIVE_SEARCHED_OR_ARCHIVED_MORPH
v913_zeroD_sobol_0196804,0a6470f7ee04605deb43bc1b7eff547e331fb5bba8ce46bb9fa1f9b765b49d45,weak-T,cleave_exp_n,1.5603243741206825,dimensionless,PRIOR_SEARCH_TRANSFORM_NOT_SERIALIZED;EMPIRICAL_RANGE_RECORDED,0.5528804096393287,2.63327748933807,OBSERVED_EVALUATED_POPULATION_EXTREMA_NOT_EXTRAPOLATION_PERMISSION,ACTIVE_SEARCHED_OR_ARCHIVED_MORPH
v913_zeroD_sobol_0196804,0a6470f7ee04605deb43bc1b7eff547e331fb5bba8ce46bb9fa1f9b765b49d45,weak-T,cleave_floor_frac,0.1153070659612199,dimensionless,PRIOR_SEARCH_TRANSFORM_NOT_SERIALIZED;EMPIRICAL_RANGE_RECORDED,0.0019271603769193,0.1966510411308111,OBSERVED_EVALUATED_POPULATION_EXTREMA_NOT_EXTRAPOLATION_PERMISSION,ACTIVE_SEARCHED_OR_ARCHIVED_MORPH
v913_zeroD_sobol_0196804,0a6470f7ee04605deb43bc1b7eff547e331fb5bba8ce46bb9fa1f9b765b49d45,weak-T,emit_G00_eV,3.817191637679934,eV,PRIOR_SEARCH_TRANSFORM_NOT_SERIALIZED;EMPIRICAL_RANGE_RECORDED,0.7812057442823682,4.748793914355337,OBSERVED_EVALUATED_POPULATION_EXTREMA_NOT_EXTRAPOLATION_PERMISSION,ACTIVE_SEARCHED_OR_ARCHIVED_MORPH
v913_zeroD_sobol_0196804,0a6470f7ee04605deb43bc1b7eff547e331fb5bba8ce46bb9fa1f9b765b49d45,weak-T,emit_gT_eV_per_K,-0.0028015050739049,K,PRIOR_SEARCH_TRANSFORM_NOT_SERIALIZED;EMPIRICAL_RANGE_RECORDED,-0.0028567998185753,0.0079019972188398,OBSERVED_EVALUATED_POPULATION_EXTREMA_NOT_EXTRAPOLATION_PERMISSION,ACTIVE_SEARCHED_OR_ARCHIVED_MORPH
v913_zeroD_sobol_0196804,0a6470f7ee04605deb43bc1b7eff547e331fb5bba8ce46bb9fa1f9b765b49d45,weak-T,emit_sigc0_GPa,4.64529250562191,GPa,PRIOR_SEARCH_TRANSFORM_NOT_SERIALIZED;EMPIRICAL_RANGE_RECORDED,0.32350459485796695,9.278617694508284,OBSERVED_EVALUATED_POPULATION_EXTREMA_NOT_EXTRAPOLATION_PERMISSION,ACTIVE_SEARCHED_OR_ARCHIVED_MORPH
v913_zeroD_sobol_0196804,0a6470f7ee04605deb43bc1b7eff547e331fb5bba8ce46bb9fa1f9b765b49d45,weak-T,emit_sT_GPa_per_K,0.0009291039071977,K,PRIOR_SEARCH_TRANSFORM_NOT_SERIALIZED;EMPIRICAL_RANGE_RECORDED,-0.0073275911211967,0.0099400414247065,OBSERVED_EVALUATED_POPULATION_EXTREMA_NOT_EXTRAPOLATION_PERMISSION,ACTIVE_SEARCHED_OR_ARCHIVED_MORPH
v913_zeroD_sobol_0196804,0a6470f7ee04605deb43bc1b7eff547e331fb5bba8ce46bb9fa1f9b765b49d45,weak-T,emit_exp_a,0.5269161547534168,dimensionless,PRIOR_SEARCH_TRANSFORM_NOT_SERIALIZED;EMPIRICAL_RANGE_RECORDED,0.0765673027653247,1.2866776992767373,OBSERVED_EVALUATED_POPULATION_EXTREMA_NOT_EXTRAPOLATION_PERMISSION,ACTIVE_SEARCHED_OR_ARCHIVED_MORPH
v913_zeroD_sobol_0196804,0a6470f7ee04605deb43bc1b7eff547e331fb5bba8ce46bb9fa1f9b765b49d45,weak-T,emit_exp_n,1.6655265090987086,dimensionless,PRIOR_SEARCH_TRANSFORM_NOT_SERIALIZED;EMPIRICAL_RANGE_RECORDED,0.4149390204673953,2.404178873915225,OBSERVED_EVALUATED_POPULATION_EXTREMA_NOT_EXTRAPOLATION_PERMISSION,ACTIVE_SEARCHED_OR_ARCHIVED_MORPH
v913_zeroD_sobol_0196804,0a6470f7ee04605deb43bc1b7eff547e331fb5bba8ce46bb9fa1f9b765b49d45,weak-T,emit_floor_frac,0.0066673592450076,dimensionless,PRIOR_SEARCH_TRANSFORM_NOT_SERIALIZED;EMPIRICAL_RANGE_RECORDED,0.001963405800003,0.1925852665942847,OBSERVED_EVALUATED_POPULATION_EXTREMA_NOT_EXTRAPOLATION_PERMISSION,ACTIVE_SEARCHED_OR_ARCHIVED_MORPH
v913_zeroD_sobol_0196804,0a6470f7ee04605deb43bc1b7eff547e331fb5bba8ce46bb9fa1f9b765b49d45,weak-T,peierls_H0_eV,6.8752316241152585,eV,PRIOR_SEARCH_TRANSFORM_NOT_SERIALIZED;EMPIRICAL_RANGE_RECORDED,0.941218419931829,13.978225439244895,OBSERVED_EVALUATED_POPULATION_EXTREMA_NOT_EXTRAPOLATION_PERMISSION,ACTIVE_SEARCHED_OR_ARCHIVED_MORPH
v913_zeroD_sobol_0196804,0a6470f7ee04605deb43bc1b7eff547e331fb5bba8ce46bb9fa1f9b765b49d45,weak-T,peierls_activation_entropy_kB,-29.64632283896208,dimensionless,PRIOR_SEARCH_TRANSFORM_NOT_SERIALIZED;EMPIRICAL_RANGE_RECORDED,-94.78213467448583,16.830181423574686,OBSERVED_EVALUATED_POPULATION_EXTREMA_NOT_EXTRAPOLATION_PERMISSION,ACTIVE_SEARCHED_OR_ARCHIVED_MORPH
v913_zeroD_sobol_0196804,0a6470f7ee04605deb43bc1b7eff547e331fb5bba8ce46bb9fa1f9b765b49d45,weak-T,peierls_exp_a,0.9433633933775126,dimensionless,PRIOR_SEARCH_TRANSFORM_NOT_SERIALIZED;EMPIRICAL_RANGE_RECORDED,0.2264547564554959,1.9146125694736835,OBSERVED_EVALUATED_POPULATION_EXTREMA_NOT_EXTRAPOLATION_PERMISSION,ACTIVE_SEARCHED_OR_ARCHIVED_MORPH
v913_zeroD_sobol_0196804,0a6470f7ee04605deb43bc1b7eff547e331fb5bba8ce46bb9fa1f9b765b49d45,weak-T,peierls_exp_n,2.2286851475946605,dimensionless,PRIOR_SEARCH_TRANSFORM_NOT_SERIALIZED;EMPIRICAL_RANGE_RECORDED,0.5681562009267509,2.5466286113951355,OBSERVED_EVALUATED_POPULATION_EXTREMA_NOT_EXTRAPOLATION_PERMISSION,ACTIVE_SEARCHED_OR_ARCHIVED_MORPH
v913_zeroD_sobol_0196804,0a6470f7ee04605deb43bc1b7eff547e331fb5bba8ce46bb9fa1f9b765b49d45,weak-T,peierls_nu0_s,1000000000000.0,s^-1,FIXED_IN_RECOVERED_POPULATION,1000000000000.0,1000000000000.0,OBSERVED_EVALUATED_POPULATION_EXTREMA_NOT_EXTRAPOLATION_PERMISSION,FIXED
v913_zeroD_sobol_0196804,0a6470f7ee04605deb43bc1b7eff547e331fb5bba8ce46bb9fa1f9b765b49d45,weak-T,taylor_H0_eV,0.5239948415756225,eV,PRIOR_SEARCH_TRANSFORM_NOT_SERIALIZED;EMPIRICAL_RANGE_RECORDED,0.1275879848003387,6.397265535295895,OBSERVED_EVALUATED_POPULATION_EXTREMA_NOT_EXTRAPOLATION_PERMISSION,ACTIVE_SEARCHED_OR_ARCHIVED_MORPH
v913_zeroD_sobol_0196804,0a6470f7ee04605deb43bc1b7eff547e331fb5bba8ce46bb9fa1f9b765b49d45,weak-T,taylor_activation_entropy_kB,25.16071606427431,dimensionless,PRIOR_SEARCH_TRANSFORM_NOT_SERIALIZED;EMPIRICAL_RANGE_RECORDED,-25.948952957987785,79.52362599363242,OBSERVED_EVALUATED_POPULATION_EXTREMA_NOT_EXTRAPOLATION_PERMISSION,ACTIVE_SEARCHED_OR_ARCHIVED_MORPH
v913_zeroD_sobol_0196804,0a6470f7ee04605deb43bc1b7eff547e331fb5bba8ce46bb9fa1f9b765b49d45,weak-T,taylor_exp_a,0.843806842379272,dimensionless,PRIOR_SEARCH_TRANSFORM_NOT_SERIALIZED;EMPIRICAL_RANGE_RECORDED,0.0402470866590738,1.055419295541942,OBSERVED_EVALUATED_POPULATION_EXTREMA_NOT_EXTRAPOLATION_PERMISSION,ACTIVE_SEARCHED_OR_ARCHIVED_MORPH
v913_zeroD_sobol_0196804,0a6470f7ee04605deb43bc1b7eff547e331fb5bba8ce46bb9fa1f9b765b49d45,weak-T,taylor_exp_n,0.7322783842682838,dimensionless,PRIOR_SEARCH_TRANSFORM_NOT_SERIALIZED;EMPIRICAL_RANGE_RECORDED,0.5389550719410181,2.441455863416195,OBSERVED_EVALUATED_POPULATION_EXTREMA_NOT_EXTRAPOLATION_PERMISSION,ACTIVE_SEARCHED_OR_ARCHIVED_MORPH
v913_zeroD_sobol_0196804,0a6470f7ee04605deb43bc1b7eff547e331fb5bba8ce46bb9fa1f9b765b49d45,weak-T,taylor_nu0_s,100000000000.0,s^-1,FIXED_IN_RECOVERED_POPULATION,100000000000.0,100000000000.0,OBSERVED_EVALUATED_POPULATION_EXTREMA_NOT_EXTRAPOLATION_PERMISSION,FIXED
v913_zeroD_sobol_0196804,0a6470f7ee04605deb43bc1b7eff547e331fb5bba8ce46bb9fa1f9b765b49d45,weak-T,rho_source0_m2,5.317876222320463e+16,m^-2,PRIOR_SEARCH_TRANSFORM_NOT_SERIALIZED;EMPIRICAL_RANGE_RECORDED,1174563748149.2874,7.411536373796822e+16,OBSERVED_EVALUATED_POPULATION_EXTREMA_NOT_EXTRAPOLATION_PERMISSION,ACTIVE_SEARCHED_OR_ARCHIVED_MORPH
v913_zeroD_sobol_0196804,0a6470f7ee04605deb43bc1b7eff547e331fb5bba8ce46bb9fa1f9b765b49d45,weak-T,taylor_corr_rho_c_m2,7.753439315183398e+16,m^-2,PRIOR_SEARCH_TRANSFORM_NOT_SERIALIZED;EMPIRICAL_RANGE_RECORDED,112705259472.60164,8.319121413916371e+17,OBSERVED_EVALUATED_POPULATION_EXTREMA_NOT_EXTRAPOLATION_PERMISSION,ACTIVE_SEARCHED_OR_ARCHIVED_MORPH
v913_zeroD_sobol_0196804,0a6470f7ee04605deb43bc1b7eff547e331fb5bba8ce46bb9fa1f9b765b49d45,weak-T,taylor_corr_scale,0.3071057276154363,dimensionless,PRIOR_SEARCH_TRANSFORM_NOT_SERIALIZED;EMPIRICAL_RANGE_RECORDED,0.03842799657252147,6.048544658291038,OBSERVED_EVALUATED_POPULATION_EXTREMA_NOT_EXTRAPOLATION_PERMISSION,ACTIVE_SEARCHED_OR_ARCHIVED_MORPH
v913_zeroD_sobol_0196804,0a6470f7ee04605deb43bc1b7eff547e331fb5bba8ce46bb9fa1f9b765b49d45,weak-T,c_blunt,1.5917330235242844,dimensionless,PRIOR_SEARCH_TRANSFORM_NOT_SERIALIZED;EMPIRICAL_RANGE_RECORDED,0.3964464701712131,5.903029750755984,OBSERVED_EVALUATED_POPULATION_EXTREMA_NOT_EXTRAPOLATION_PERMISSION,ACTIVE_SEARCHED_OR_ARCHIVED_MORPH
