candidate_id,target_response_class,parameter_sha256,canonical_parameter_json,search_generation_method,parent_or_anchor_id,completion_domain_objective,temperature_class_objective,reinitiation_objective,precursor_topology_objective,final_avalanche_objective,control_onset_deviation_objective,provider_robustness_objective,process_zone_state_objective,mean_relative_deltaK_reinit,maximum_relative_deltaK_reinit,mean_N_reinit,minimum_largest_avalanche_fraction,all_cases_target_complete,status_counts_json,Tref_K,cleave_G00_eV,cleave_gT_eV_per_K,cleave_sigc0_GPa,cleave_sT_GPa_per_K,cleave_exp_a,cleave_exp_n,cleave_floor_frac,emit_G00_eV,emit_gT_eV_per_K,emit_sigc0_GPa,emit_sT_GPa_per_K,emit_exp_a,emit_exp_n,emit_floor_frac,peierls_H0_eV,peierls_activation_entropy_kB,peierls_exp_a,peierls_exp_n,peierls_nu0_s,taylor_H0_eV,taylor_activation_entropy_kB,taylor_exp_a,taylor_exp_n,taylor_nu0_s,rho_source0_m2,taylor_corr_rho_c_m2,taylor_corr_scale,c_blunt,pareto_nondominated,distance_to_pareto_front,pareto_near_front,option_status
oneD_v2_dbtt_R_c2dabb42101cf812,DBTT,c2dabb42101cf8128031f0f082da14fb74123ba518e9982f23bb277d4b140a5d,"{""Tref_K"":481.33,""c_blunt"":2.702940995854627,""cleave_G00_eV"":1.623963668731628,""cleave_exp_a"":0.4541669420804756,""cleave_exp_n"":2.740225643591671,""cleave_floor_frac"":0.026239358201278,""cleave_gT_eV_per_K"":0.0025521865665140663,""cleave_sT_GPa_per_K"":-0.0007563298158554835,""cleave_sigc0_GPa"":10.55714183678247,""emit_G00_eV"":3.38114345618304,""emit_exp_a"":0.2432531368142687,""emit_exp_n"":0.43788840657854566,""emit_floor_frac"":0.0103682254353579,""emit_gT_eV_per_K"":0.007087166711836618,""emit_sT_GPa_per_K"":-0.007534375211929468,""emit_sigc0_GPa"":1.6625839864848888,""peierls_H0_eV"":3.206199759724107,""peierls_activation_entropy_kB"":-47.210183920055506,""peierls_exp_a"":1.448395521938801,""peierls_exp_n"":1.871259921230376,""peierls_nu0_s"":1000000000000.0,""rho_source0_m2"":1133884674040099.0,""taylor_H0_eV"":1.31810326251791,""taylor_activation_entropy_kB"":38.65403038066854,""taylor_corr_rho_c_m2"":10573536576701.426,""taylor_corr_scale"":0.6272272368043287,""taylor_exp_a"":0.7048910272121429,""taylor_exp_n"":0.5389550719410181,""taylor_nu0_s"":100000000000.0}",SOBOL_LOCAL_MATERIAL,v913_zeroD_sobol_0202500,0.0,0.0,0.0,0.0,0.0,1.1214404076950912,1.326174967253888,0.0,0.526995238019001,1.4068576209667187,1.3333333333333333,0.8823529411764706,True,"{""TARGET_RIGHT_CENSORED"": 12}",481.33,1.623963668731628,0.0025521865665140663,10.55714183678247,-0.0007563298158554835,0.4541669420804756,2.740225643591671,0.026239358201278,3.38114345618304,0.007087166711836618,1.6625839864848888,-0.007534375211929468,0.2432531368142687,0.43788840657854566,0.0103682254353579,3.206199759724107,-47.210183920055506,1.448395521938801,1.871259921230376,1000000000000.0,1.31810326251791,38.65403038066854,0.7048910272121429,0.5389550719410181,100000000000.0,1133884674040099.0,10573536576701.426,0.6272272368043287,2.702940995854627,True,0.0,True,PARETO_NONDOMINATED
oneD_v2_dbtt_R_41a3f2096b3c4c54,DBTT,41a3f2096b3c4c542d57f9e11a9e93839ec2b2fb01474fae92a5dc82c749846a,"{""Tref_K"":481.33,""c_blunt"":2.774974377285394,""cleave_G00_eV"":4.007504452156887,""cleave_exp_a"":0.6043367277176193,""cleave_exp_n"":1.9095946646132131,""cleave_floor_frac"":0.026239358201278,""cleave_gT_eV_per_K"":0.006942799286286851,""cleave_sT_GPa_per_K"":-0.0016160295711114252,""cleave_sigc0_GPa"":8.360241935601817,""emit_G00_eV"":1.8166606059784953,""emit_exp_a"":0.11448767396823127,""emit_exp_n"":0.40270261362646065,""emit_floor_frac"":0.0103682254353579,""emit_gT_eV_per_K"":0.004204833256592207,""emit_sT_GPa_per_K"":-0.0032880370993267818,""emit_sigc0_GPa"":1.6053189556219989,""peierls_H0_eV"":2.3879454445046577,""peierls_activation_entropy_kB"":-32.81218505381737,""peierls_exp_a"":1.448395521938801,""peierls_exp_n"":1.871259921230376,""peierls_nu0_s"":1000000000000.0,""rho_source0_m2"":833669371892378.8,""taylor_H0_eV"":1.457630727567303,""taylor_activation_entropy_kB"":20.263495782908194,""taylor_corr_rho_c_m2"":11312418841670.295,""taylor_corr_scale"":0.8664327725571279,""taylor_exp_a"":0.7048910272121429,""taylor_exp_n"":0.5389550719410181,""taylor_nu0_s"":100000000000.0}",SOBOL_LOCAL_MATERIAL,v913_zeroD_sobol_0202500,0.0,0.0,0.0,0.0,0.0,1.2197154224672833,1.3038483542412447,0.0,0.44885275972961747,1.6224277198460535,1.0,0.8823529411764706,True,"{""TARGET_RIGHT_CENSORED"": 12}",481.33,4.007504452156887,0.006942799286286851,8.360241935601817,-0.0016160295711114252,0.6043367277176193,1.9095946646132131,0.026239358201278,1.8166606059784953,0.004204833256592207,1.6053189556219989,-0.0032880370993267818,0.11448767396823127,0.40270261362646065,0.0103682254353579,2.3879454445046577,-32.81218505381737,1.448395521938801,1.871259921230376,1000000000000.0,1.457630727567303,20.263495782908194,0.7048910272121429,0.5389550719410181,100000000000.0,833669371892378.8,11312418841670.295,0.8664327725571279,2.774974377285394,True,0.0,True,PARETO_NONDOMINATED
oneD_v2_dbtt_R_3e168d9381eafa7b,DBTT,3e168d9381eafa7b2c41022459483033f17ec54892536368fc6a8feb98f57e84,"{""Tref_K"":481.33,""c_blunt"":4.192391373105451,""cleave_G00_eV"":2.7263226339970634,""cleave_exp_a"":0.3655237378458536,""cleave_exp_n"":2.922516362466403,""cleave_floor_frac"":0.026239358201278,""cleave_gT_eV_per_K"":0.008931572897448769,""cleave_sT_GPa_per_K"":-0.0008912949616189118,""cleave_sigc0_GPa"":8.431917241681298,""emit_G00_eV"":2.6193617539157366,""emit_exp_a"":0.1102059522512416,""emit_exp_n"":0.46138081263420294,""emit_floor_frac"":0.0103682254353579,""emit_gT_eV_per_K"":0.004031207282605458,""emit_sT_GPa_per_K"":-0.007959885828091698,""emit_sigc0_GPa"":1.4467638680364308,""peierls_H0_eV"":4.286924079210238,""peierls_activation_entropy_kB"":-56.187329169711994,""peierls_exp_a"":1.448395521938801,""peierls_exp_n"":1.871259921230376,""peierls_nu0_s"":1000000000000.0,""rho_source0_m2"":1638799274225960.0,""taylor_H0_eV"":2.015847710740593,""taylor_activation_entropy_kB"":23.270689490176842,""taylor_corr_rho_c_m2"":8499168604938.201,""taylor_corr_scale"":1.0957499917164737,""taylor_exp_a"":0.7048910272121429,""taylor_exp_n"":0.5389550719410181,""taylor_nu0_s"":100000000000.0}",SOBOL_LOCAL_MATERIAL,v913_zeroD_sobol_0202500,0.0,0.0,0.0,0.0,0.0,1.6264144792986905,2.9233334901392602,0.0,0.6832927258017468,1.8896807313513513,1.3333333333333333,0.8823529411764706,True,"{""TARGET_RIGHT_CENSORED"": 12}",481.33,2.7263226339970634,0.008931572897448769,8.431917241681298,-0.0008912949616189118,0.3655237378458536,2.922516362466403,0.026239358201278,2.6193617539157366,0.004031207282605458,1.4467638680364308,-0.007959885828091698,0.1102059522512416,0.46138081263420294,0.0103682254353579,4.286924079210238,-56.187329169711994,1.448395521938801,1.871259921230376,1000000000000.0,2.015847710740593,23.270689490176842,0.7048910272121429,0.5389550719410181,100000000000.0,1638799274225960.0,8499168604938.201,1.0957499917164737,4.192391373105451,False,0.08601253102552926,True,PARETO_NEAR_FRONT
oneD_v2_dbtt_R_1686041249fcb217,DBTT,1686041249fcb2176e415063b08d495912611dac10693f22ad3515b621e36f87,"{""Tref_K"":481.33,""c_blunt"":2.929164256900549,""cleave_G00_eV"":2.357721022795886,""cleave_exp_a"":0.4968366474844515,""cleave_exp_n"":2.618804107885808,""cleave_floor_frac"":0.026239358201278,""cleave_gT_eV_per_K"":0.0056085130451247,""cleave_sT_GPa_per_K"":-0.0012041387008503,""cleave_sigc0_GPa"":6.7501407796517015,""emit_G00_eV"":3.344896922819316,""emit_exp_a"":0.1572539726179093,""emit_exp_n"":0.5156166724395007,""emit_floor_frac"":0.0103682254353579,""emit_gT_eV_per_K"":0.0061668124636635,""emit_sT_GPa_per_K"":-0.0052233074344694,""emit_sigc0_GPa"":2.7143102660775185,""peierls_H0_eV"":2.6442900029942393,""peierls_activation_entropy_kB"":-27.254496468231082,""peierls_exp_a"":1.448395521938801,""peierls_exp_n"":1.871259921230376,""peierls_nu0_s"":1000000000000.0,""rho_source0_m2"":523948859759023.8,""taylor_H0_eV"":1.4998139148950578,""taylor_activation_entropy_kB"":31.365934647619724,""taylor_corr_rho_c_m2"":22042481205294.297,""taylor_corr_scale"":1.2690231726199324,""taylor_exp_a"":0.7048910272121429,""taylor_exp_n"":0.5389550719410181,""taylor_nu0_s"":100000000000.0}",DIRECTED_PEIERLS_BARRIER_ENTROPY_-0.25,v913_zeroD_sobol_0202500,0.0,0.0,0.0,1.0,0.0,0.0,1.441112348513566,0.0,0.48390406722154083,0.8583413949280475,1.25,0.8823529411764706,True,"{""TARGET_RIGHT_CENSORED"": 12}",481.33,2.357721022795886,0.0056085130451247,6.7501407796517015,-0.0012041387008503,0.4968366474844515,2.618804107885808,0.026239358201278,3.344896922819316,0.0061668124636635,2.7143102660775185,-0.0052233074344694,0.1572539726179093,0.5156166724395007,0.0103682254353579,2.6442900029942393,-27.254496468231082,1.448395521938801,1.871259921230376,1000000000000.0,1.4998139148950578,31.365934647619724,0.7048910272121429,0.5389550719410181,100000000000.0,523948859759023.8,22042481205294.297,1.2690231726199324,2.929164256900549,True,0.0,True,PARETO_NONDOMINATED
oneD_v2_dbtt_R_2f9970aec9afd8dc,DBTT,2f9970aec9afd8dcfd17cc2dafc1c9ca3b171e6cae347bb53f6cdb558cf38c93,"{""Tref_K"":481.33,""c_blunt"":2.929164256900549,""cleave_G00_eV"":2.357721022795886,""cleave_exp_a"":0.4968366474844515,""cleave_exp_n"":2.618804107885808,""cleave_floor_frac"":0.026239358201278,""cleave_gT_eV_per_K"":0.0056085130451247,""cleave_sT_GPa_per_K"":-0.0012041387008503,""cleave_sigc0_GPa"":6.7501407796517015,""emit_G00_eV"":3.344896922819316,""emit_exp_a"":0.1572539726179093,""emit_exp_n"":0.5156166724395007,""emit_floor_frac"":0.0103682254353579,""emit_gT_eV_per_K"":0.0061668124636635,""emit_sT_GPa_per_K"":-0.0052233074344694,""emit_sigc0_GPa"":2.7143102660775185,""peierls_H0_eV"":3.525720003992319,""peierls_activation_entropy_kB"":-36.33932862430811,""peierls_exp_a"":1.448395521938801,""peierls_exp_n"":1.871259921230376,""peierls_nu0_s"":1000000000000.0,""rho_source0_m2"":523948859759023.8,""taylor_H0_eV"":1.349832523405552,""taylor_activation_entropy_kB"":28.229341182857752,""taylor_corr_rho_c_m2"":22042481205294.297,""taylor_corr_scale"":1.2690231726199324,""taylor_exp_a"":0.7048910272121429,""taylor_exp_n"":0.5389550719410181,""taylor_nu0_s"":100000000000.0}",DIRECTED_TAYLOR_BARRIER_ENTROPY_-0.10,v913_zeroD_sobol_0202500,0.0,0.0,0.0,1.0,0.0,0.0,1.441112348513566,0.0,0.48390406722154083,0.8583413949280475,1.25,0.8823529411764706,True,"{""TARGET_RIGHT_CENSORED"": 12}",481.33,2.357721022795886,0.0056085130451247,6.7501407796517015,-0.0012041387008503,0.4968366474844515,2.618804107885808,0.026239358201278,3.344896922819316,0.0061668124636635,2.7143102660775185,-0.0052233074344694,0.1572539726179093,0.5156166724395007,0.0103682254353579,3.525720003992319,-36.33932862430811,1.448395521938801,1.871259921230376,1000000000000.0,1.349832523405552,28.229341182857752,0.7048910272121429,0.5389550719410181,100000000000.0,523948859759023.8,22042481205294.297,1.2690231726199324,2.929164256900549,True,0.0,True,PARETO_NONDOMINATED
oneD_v2_dbtt_R_6d97ce9bd8e031c8,DBTT,6d97ce9bd8e031c88aaed5a2b446ef06d6c9a279af1c031eb1eaeb2fffd1aea9,"{""Tref_K"":481.33,""c_blunt"":2.929164256900549,""cleave_G00_eV"":2.357721022795886,""cleave_exp_a"":0.4968366474844515,""cleave_exp_n"":2.618804107885808,""cleave_floor_frac"":0.026239358201278,""cleave_gT_eV_per_K"":0.0056085130451247,""cleave_sT_GPa_per_K"":-0.0012041387008503,""cleave_sigc0_GPa"":6.7501407796517015,""emit_G00_eV"":3.344896922819316,""emit_exp_a"":0.1572539726179093,""emit_exp_n"":0.5156166724395007,""emit_floor_frac"":0.0103682254353579,""emit_gT_eV_per_K"":0.0061668124636635,""emit_sT_GPa_per_K"":-0.0052233074344694,""emit_sigc0_GPa"":2.7143102660775185,""peierls_H0_eV"":3.878292004391551,""peierls_activation_entropy_kB"":-39.97326148673892,""peierls_exp_a"":1.448395521938801,""peierls_exp_n"":1.871259921230376,""peierls_nu0_s"":1000000000000.0,""rho_source0_m2"":523948859759023.8,""taylor_H0_eV"":1.4998139148950578,""taylor_activation_entropy_kB"":31.365934647619724,""taylor_corr_rho_c_m2"":22042481205294.297,""taylor_corr_scale"":1.2690231726199324,""taylor_exp_a"":0.7048910272121429,""taylor_exp_n"":0.5389550719410181,""taylor_nu0_s"":100000000000.0}",DIRECTED_PEIERLS_BARRIER_ENTROPY_+0.10,v913_zeroD_sobol_0202500,0.0,0.0,0.0,1.0,0.0,0.0,1.441112348513566,0.0,0.48390406722154083,0.8583413949280475,1.25,0.8823529411764706,True,"{""TARGET_RIGHT_CENSORED"": 12}",481.33,2.357721022795886,0.0056085130451247,6.7501407796517015,-0.0012041387008503,0.4968366474844515,2.618804107885808,0.026239358201278,3.344896922819316,0.0061668124636635,2.7143102660775185,-0.0052233074344694,0.1572539726179093,0.5156166724395007,0.0103682254353579,3.878292004391551,-39.97326148673892,1.448395521938801,1.871259921230376,1000000000000.0,1.4998139148950578,31.365934647619724,0.7048910272121429,0.5389550719410181,100000000000.0,523948859759023.8,22042481205294.297,1.2690231726199324,2.929164256900549,True,0.0,True,PARETO_NONDOMINATED
oneD_v2_dbtt_R_8846b6195f8dd5dd,DBTT,8846b6195f8dd5ddc411f1209345c45bb609c6bc912626b13e60a464ca392287,"{""Tref_K"":481.33,""c_blunt"":2.929164256900549,""cleave_G00_eV"":2.357721022795886,""cleave_exp_a"":0.4968366474844515,""cleave_exp_n"":2.618804107885808,""cleave_floor_frac"":0.026239358201278,""cleave_gT_eV_per_K"":0.0056085130451247,""cleave_sT_GPa_per_K"":-0.0012041387008503,""cleave_sigc0_GPa"":6.7501407796517015,""emit_G00_eV"":3.344896922819316,""emit_exp_a"":0.1572539726179093,""emit_exp_n"":0.5156166724395007,""emit_floor_frac"":0.0103682254353579,""emit_gT_eV_per_K"":0.0061668124636635,""emit_sT_GPa_per_K"":-0.0052233074344694,""emit_sigc0_GPa"":2.7143102660775185,""peierls_H0_eV"":3.525720003992319,""peierls_activation_entropy_kB"":-36.33932862430811,""peierls_exp_a"":1.448395521938801,""peierls_exp_n"":1.871259921230376,""peierls_nu0_s"":1000000000000.0,""rho_source0_m2"":523948859759023.8,""taylor_H0_eV"":1.6497953063845636,""taylor_activation_entropy_kB"":34.5025281123817,""taylor_corr_rho_c_m2"":22042481205294.297,""taylor_corr_scale"":1.2690231726199324,""taylor_exp_a"":0.7048910272121429,""taylor_exp_n"":0.5389550719410181,""taylor_nu0_s"":100000000000.0}",DIRECTED_TAYLOR_BARRIER_ENTROPY_+0.10,v913_zeroD_sobol_0202500,0.0,0.0,0.0,1.0,0.0,0.0,1.441112348513566,0.0,0.48390406722154083,0.8583413949280475,1.25,0.8823529411764706,True,"{""TARGET_RIGHT_CENSORED"": 12}",481.33,2.357721022795886,0.0056085130451247,6.7501407796517015,-0.0012041387008503,0.4968366474844515,2.618804107885808,0.026239358201278,3.344896922819316,0.0061668124636635,2.7143102660775185,-0.0052233074344694,0.1572539726179093,0.5156166724395007,0.0103682254353579,3.525720003992319,-36.33932862430811,1.448395521938801,1.871259921230376,1000000000000.0,1.6497953063845636,34.5025281123817,0.7048910272121429,0.5389550719410181,100000000000.0,523948859759023.8,22042481205294.297,1.2690231726199324,2.929164256900549,True,0.0,True,PARETO_NONDOMINATED
oneD_v2_dbtt_R_ad164fbff74a46e4,DBTT,ad164fbff74a46e4cf1a591fb494d6bac8a85b8cf2177bd7b216f08e2c8f5af7,"{""Tref_K"":481.33,""c_blunt"":2.929164256900549,""cleave_G00_eV"":2.357721022795886,""cleave_exp_a"":0.4968366474844515,""cleave_exp_n"":2.618804107885808,""cleave_floor_frac"":0.026239358201278,""cleave_gT_eV_per_K"":0.0056085130451247,""cleave_sT_GPa_per_K"":-0.0012041387008503,""cleave_sigc0_GPa"":6.7501407796517015,""emit_G00_eV"":3.344896922819316,""emit_exp_a"":0.1572539726179093,""emit_exp_n"":0.5156166724395007,""emit_floor_frac"":0.0103682254353579,""emit_gT_eV_per_K"":0.0061668124636635,""emit_sT_GPa_per_K"":-0.0052233074344694,""emit_sigc0_GPa"":2.7143102660775185,""peierls_H0_eV"":3.525720003992319,""peierls_activation_entropy_kB"":-36.33932862430811,""peierls_exp_a"":1.448395521938801,""peierls_exp_n"":1.871259921230376,""peierls_nu0_s"":1000000000000.0,""rho_source0_m2"":523948859759023.8,""taylor_H0_eV"":1.8747673936188223,""taylor_activation_entropy_kB"":39.207418309524655,""taylor_corr_rho_c_m2"":22042481205294.297,""taylor_corr_scale"":1.2690231726199324,""taylor_exp_a"":0.7048910272121429,""taylor_exp_n"":0.5389550719410181,""taylor_nu0_s"":100000000000.0}",DIRECTED_TAYLOR_BARRIER_ENTROPY_+0.25,v913_zeroD_sobol_0202500,0.0,0.0,0.0,1.0,0.0,0.0,1.441112348513566,0.0,0.48390406722154083,0.8583413949280475,1.25,0.8823529411764706,True,"{""TARGET_RIGHT_CENSORED"": 12}",481.33,2.357721022795886,0.0056085130451247,6.7501407796517015,-0.0012041387008503,0.4968366474844515,2.618804107885808,0.026239358201278,3.344896922819316,0.0061668124636635,2.7143102660775185,-0.0052233074344694,0.1572539726179093,0.5156166724395007,0.0103682254353579,3.525720003992319,-36.33932862430811,1.448395521938801,1.871259921230376,1000000000000.0,1.8747673936188223,39.207418309524655,0.7048910272121429,0.5389550719410181,100000000000.0,523948859759023.8,22042481205294.297,1.2690231726199324,2.929164256900549,True,0.0,True,PARETO_NONDOMINATED
oneD_v2_dbtt_R_d91f86a8517532fa,DBTT,d91f86a8517532fa7a466ea9b0aaca85281a26b6f0d61e28c6332b1c9c4761ff,"{""Tref_K"":481.33,""c_blunt"":2.929164256900549,""cleave_G00_eV"":2.357721022795886,""cleave_exp_a"":0.4968366474844515,""cleave_exp_n"":2.618804107885808,""cleave_floor_frac"":0.026239358201278,""cleave_gT_eV_per_K"":0.0056085130451247,""cleave_sT_GPa_per_K"":-0.0012041387008503,""cleave_sigc0_GPa"":6.7501407796517015,""emit_G00_eV"":3.344896922819316,""emit_exp_a"":0.1572539726179093,""emit_exp_n"":0.5156166724395007,""emit_floor_frac"":0.0103682254353579,""emit_gT_eV_per_K"":0.0061668124636635,""emit_sT_GPa_per_K"":-0.0052233074344694,""emit_sigc0_GPa"":2.7143102660775185,""peierls_H0_eV"":3.1731480035930875,""peierls_activation_entropy_kB"":-32.7053957618773,""peierls_exp_a"":1.448395521938801,""peierls_exp_n"":1.871259921230376,""peierls_nu0_s"":1000000000000.0,""rho_source0_m2"":523948859759023.8,""taylor_H0_eV"":1.4998139148950578,""taylor_activation_entropy_kB"":31.365934647619724,""taylor_corr_rho_c_m2"":22042481205294.297,""taylor_corr_scale"":1.2690231726199324,""taylor_exp_a"":0.7048910272121429,""taylor_exp_n"":0.5389550719410181,""taylor_nu0_s"":100000000000.0}",DIRECTED_PEIERLS_BARRIER_ENTROPY_-0.10,v913_zeroD_sobol_0202500,0.0,0.0,0.0,1.0,0.0,0.0,1.441112348513566,0.0,0.48390406722154083,0.8583413949280475,1.25,0.8823529411764706,True,"{""TARGET_RIGHT_CENSORED"": 12}",481.33,2.357721022795886,0.0056085130451247,6.7501407796517015,-0.0012041387008503,0.4968366474844515,2.618804107885808,0.026239358201278,3.344896922819316,0.0061668124636635,2.7143102660775185,-0.0052233074344694,0.1572539726179093,0.5156166724395007,0.0103682254353579,3.1731480035930875,-32.7053957618773,1.448395521938801,1.871259921230376,1000000000000.0,1.4998139148950578,31.365934647619724,0.7048910272121429,0.5389550719410181,100000000000.0,523948859759023.8,22042481205294.297,1.2690231726199324,2.929164256900549,True,0.0,True,PARETO_NONDOMINATED
oneD_v2_dbtt_R_e1d958e35a6bb5e2,DBTT,e1d958e35a6bb5e21bcbe7c07b0714c5c281d593b3403bb7f218d04fa1d0babc,"{""Tref_K"":481.33,""c_blunt"":2.929164256900549,""cleave_G00_eV"":2.357721022795886,""cleave_exp_a"":0.4968366474844515,""cleave_exp_n"":2.618804107885808,""cleave_floor_frac"":0.026239358201278,""cleave_gT_eV_per_K"":0.0056085130451247,""cleave_sT_GPa_per_K"":-0.0012041387008503,""cleave_sigc0_GPa"":6.7501407796517015,""emit_G00_eV"":3.344896922819316,""emit_exp_a"":0.1572539726179093,""emit_exp_n"":0.5156166724395007,""emit_floor_frac"":0.0103682254353579,""emit_gT_eV_per_K"":0.0061668124636635,""emit_sT_GPa_per_K"":-0.0052233074344694,""emit_sigc0_GPa"":2.7143102660775185,""peierls_H0_eV"":4.407150004990399,""peierls_activation_entropy_kB"":-45.42416078038514,""peierls_exp_a"":1.448395521938801,""peierls_exp_n"":1.871259921230376,""peierls_nu0_s"":1000000000000.0,""rho_source0_m2"":523948859759023.8,""taylor_H0_eV"":1.4998139148950578,""taylor_activation_entropy_kB"":31.365934647619724,""taylor_corr_rho_c_m2"":22042481205294.297,""taylor_corr_scale"":1.2690231726199324,""taylor_exp_a"":0.7048910272121429,""taylor_exp_n"":0.5389550719410181,""taylor_nu0_s"":100000000000.0}",DIRECTED_PEIERLS_BARRIER_ENTROPY_+0.25,v913_zeroD_sobol_0202500,0.0,0.0,0.0,1.0,0.0,0.0,1.441112348513566,0.0,0.48390406722154083,0.8583413949280475,1.25,0.8823529411764706,True,"{""TARGET_RIGHT_CENSORED"": 12}",481.33,2.357721022795886,0.0056085130451247,6.7501407796517015,-0.0012041387008503,0.4968366474844515,2.618804107885808,0.026239358201278,3.344896922819316,0.0061668124636635,2.7143102660775185,-0.0052233074344694,0.1572539726179093,0.5156166724395007,0.0103682254353579,4.407150004990399,-45.42416078038514,1.448395521938801,1.871259921230376,1000000000000.0,1.4998139148950578,31.365934647619724,0.7048910272121429,0.5389550719410181,100000000000.0,523948859759023.8,22042481205294.297,1.2690231726199324,2.929164256900549,True,0.0,True,PARETO_NONDOMINATED
oneD_v2_dbtt_R_ef837e6388fdd0bc,DBTT,ef837e6388fdd0bcd88a325b144245dc4cf4df62401a8123bd4ac926c0d4dd7b,"{""Tref_K"":481.33,""c_blunt"":2.929164256900549,""cleave_G00_eV"":2.357721022795886,""cleave_exp_a"":0.4968366474844515,""cleave_exp_n"":2.618804107885808,""cleave_floor_frac"":0.026239358201278,""cleave_gT_eV_per_K"":0.0056085130451247,""cleave_sT_GPa_per_K"":-0.0012041387008503,""cleave_sigc0_GPa"":6.7501407796517015,""emit_G00_eV"":3.344896922819316,""emit_exp_a"":0.1572539726179093,""emit_exp_n"":0.5156166724395007,""emit_floor_frac"":0.0103682254353579,""emit_gT_eV_per_K"":0.0061668124636635,""emit_sT_GPa_per_K"":-0.0052233074344694,""emit_sigc0_GPa"":2.7143102660775185,""peierls_H0_eV"":3.525720003992319,""peierls_activation_entropy_kB"":-36.33932862430811,""peierls_exp_a"":1.448395521938801,""peierls_exp_n"":1.871259921230376,""peierls_nu0_s"":1000000000000.0,""rho_source0_m2"":523948859759023.8,""taylor_H0_eV"":1.1248604361712933,""taylor_activation_entropy_kB"":23.524450985714793,""taylor_corr_rho_c_m2"":22042481205294.297,""taylor_corr_scale"":1.2690231726199324,""taylor_exp_a"":0.7048910272121429,""taylor_exp_n"":0.5389550719410181,""taylor_nu0_s"":100000000000.0}",DIRECTED_TAYLOR_BARRIER_ENTROPY_-0.25,v913_zeroD_sobol_0202500,0.0,0.0,0.0,1.0,0.0,0.0,1.441112348513566,0.0,0.48390406722154083,0.8583413949280475,1.25,0.8823529411764706,True,"{""TARGET_RIGHT_CENSORED"": 12}",481.33,2.357721022795886,0.0056085130451247,6.7501407796517015,-0.0012041387008503,0.4968366474844515,2.618804107885808,0.026239358201278,3.344896922819316,0.0061668124636635,2.7143102660775185,-0.0052233074344694,0.1572539726179093,0.5156166724395007,0.0103682254353579,3.525720003992319,-36.33932862430811,1.448395521938801,1.871259921230376,1000000000000.0,1.1248604361712933,23.524450985714793,0.7048910272121429,0.5389550719410181,100000000000.0,523948859759023.8,22042481205294.297,1.2690231726199324,2.929164256900549,True,0.0,True,PARETO_NONDOMINATED
v913_zeroD_sobol_0202500,DBTT,54104a30a31aa19517810249cb3ea42a346b92670ce3bd4f007110ba3babb1c2,"{""Tref_K"":481.33,""c_blunt"":2.929164256900549,""cleave_G00_eV"":2.357721022795886,""cleave_exp_a"":0.4968366474844515,""cleave_exp_n"":2.618804107885808,""cleave_floor_frac"":0.026239358201278,""cleave_gT_eV_per_K"":0.0056085130451247,""cleave_sT_GPa_per_K"":-0.0012041387008503,""cleave_sigc0_GPa"":6.7501407796517015,""emit_G00_eV"":3.344896922819316,""emit_exp_a"":0.1572539726179093,""emit_exp_n"":0.5156166724395007,""emit_floor_frac"":0.0103682254353579,""emit_gT_eV_per_K"":0.0061668124636635,""emit_sT_GPa_per_K"":-0.0052233074344694,""emit_sigc0_GPa"":2.7143102660775185,""peierls_H0_eV"":3.525720003992319,""peierls_activation_entropy_kB"":-36.33932862430811,""peierls_exp_a"":1.448395521938801,""peierls_exp_n"":1.871259921230376,""peierls_nu0_s"":1000000000000.0,""rho_source0_m2"":523948859759023.8,""taylor_H0_eV"":1.4998139148950578,""taylor_activation_entropy_kB"":31.365934647619724,""taylor_corr_rho_c_m2"":22042481205294.297,""taylor_corr_scale"":1.2690231726199324,""taylor_exp_a"":0.7048910272121429,""taylor_exp_n"":0.5389550719410181,""taylor_nu0_s"":100000000000.0}",HISTORICAL_CONTROL,v913_zeroD_sobol_0202500,0.0,0.0,0.0,1.0,0.0,0.0,1.441112348513566,0.0,0.48390406722154083,0.8583413949280475,1.25,0.8823529411764706,True,"{""TARGET_RIGHT_CENSORED"": 12}",481.33,2.357721022795886,0.0056085130451247,6.7501407796517015,-0.0012041387008503,0.4968366474844515,2.618804107885808,0.026239358201278,3.344896922819316,0.0061668124636635,2.7143102660775185,-0.0052233074344694,0.1572539726179093,0.5156166724395007,0.0103682254353579,3.525720003992319,-36.33932862430811,1.448395521938801,1.871259921230376,1000000000000.0,1.4998139148950578,31.365934647619724,0.7048910272121429,0.5389550719410181,100000000000.0,523948859759023.8,22042481205294.297,1.2690231726199324,2.929164256900549,True,0.0,True,HISTORICAL_CONTROL
oneD_v2_dbtt_R_8feebc15afe54f6b,DBTT,8feebc15afe54f6b27c3bc0ef20385d19200e4ce9d89e1541281c314fd34dd11,"{""Tref_K"":481.33,""c_blunt"":2.929164256900549,""cleave_G00_eV"":2.357721022795886,""cleave_exp_a"":0.4968366474844515,""cleave_exp_n"":2.618804107885808,""cleave_floor_frac"":0.026239358201278,""cleave_gT_eV_per_K"":0.0056085130451247,""cleave_sT_GPa_per_K"":-0.0012041387008503,""cleave_sigc0_GPa"":6.7501407796517015,""emit_G00_eV"":3.3448969228193155,""emit_exp_a"":0.1572539726179093,""emit_exp_n"":0.5156166724395007,""emit_floor_frac"":0.0103682254353579,""emit_gT_eV_per_K"":0.0061668124636635,""emit_sT_GPa_per_K"":-0.0052233074344694,""emit_sigc0_GPa"":2.7143102660775185,""peierls_H0_eV"":3.525720003992319,""peierls_activation_entropy_kB"":-36.33932862430811,""peierls_exp_a"":1.448395521938801,""peierls_exp_n"":1.871259921230376,""peierls_nu0_s"":1000000000000.0,""rho_source0_m2"":523948859759024.9,""taylor_H0_eV"":1.4998139148950578,""taylor_activation_entropy_kB"":31.365934647619724,""taylor_corr_rho_c_m2"":22042481205294.293,""taylor_corr_scale"":1.2690231726199324,""taylor_exp_a"":0.7048910272121429,""taylor_exp_n"":0.5389550719410181,""taylor_nu0_s"":100000000000.0}",ARCHIVED_MORPH_0.25,v913_zeroD_sobol_0202500|v913_zeroD_sobol_0202500,0.0,0.0,0.0,1.0,0.0,2.2204460492503136e-16,1.441112348513566,0.0,0.4839040672215407,0.8583413949280475,1.25,0.8823529411764706,True,"{""TARGET_RIGHT_CENSORED"": 12}",481.33,2.357721022795886,0.0056085130451247,6.7501407796517015,-0.0012041387008503,0.4968366474844515,2.618804107885808,0.026239358201278,3.3448969228193155,0.0061668124636635,2.7143102660775185,-0.0052233074344694,0.1572539726179093,0.5156166724395007,0.0103682254353579,3.525720003992319,-36.33932862430811,1.448395521938801,1.871259921230376,1000000000000.0,1.4998139148950578,31.365934647619724,0.7048910272121429,0.5389550719410181,100000000000.0,523948859759024.9,22042481205294.293,1.2690231726199324,2.929164256900549,False,4.6960075636670977e-17,True,PARETO_NEAR_FRONT
oneD_v2_dbtt_R_84321abff15cd69a,DBTT,84321abff15cd69a6b6b2ca7e8b57d9817b02db1df3cf3f76a104cbf012de96a,"{""Tref_K"":481.33,""c_blunt"":2.929164256900549,""cleave_G00_eV"":2.357721022795886,""cleave_exp_a"":0.4968366474844515,""cleave_exp_n"":2.618804107885808,""cleave_floor_frac"":0.026239358201278,""cleave_gT_eV_per_K"":0.0056085130451247,""cleave_sT_GPa_per_K"":-0.0012041387008503,""cleave_sigc0_GPa"":6.7501407796517015,""emit_G00_eV"":3.344896922819316,""emit_exp_a"":0.1572539726179093,""emit_exp_n"":0.5156166724395007,""emit_floor_frac"":0.0103682254353579,""emit_gT_eV_per_K"":0.0061668124636635,""emit_sT_GPa_per_K"":-0.0052233074344694,""emit_sigc0_GPa"":2.7143102660775185,""peierls_H0_eV"":3.525720003992319,""peierls_activation_entropy_kB"":-36.33932862430811,""peierls_exp_a"":1.448395521938801,""peierls_exp_n"":1.871259921230376,""peierls_nu0_s"":1000000000000.0,""rho_source0_m2"":392961644819267.9,""taylor_H0_eV"":1.4998139148950578,""taylor_activation_entropy_kB"":31.365934647619724,""taylor_corr_rho_c_m2"":16531860903970.723,""taylor_corr_scale"":0.9517673794649493,""taylor_exp_a"":0.7048910272121429,""taylor_exp_n"":0.5389550719410181,""taylor_nu0_s"":100000000000.0}",DIRECTED_SOURCE_CORRELATION_-0.25,v913_zeroD_sobol_0202500,0.0,0.0,0.0,1.0,0.0,0.0008515227184801542,1.4401381116609224,0.0,0.48396947353090974,0.8583413930344508,1.25,0.8823529411764706,True,"{""TARGET_RIGHT_CENSORED"": 12}",481.33,2.357721022795886,0.0056085130451247,6.7501407796517015,-0.0012041387008503,0.4968366474844515,2.618804107885808,0.026239358201278,3.344896922819316,0.0061668124636635,2.7143102660775185,-0.0052233074344694,0.1572539726179093,0.5156166724395007,0.0103682254353579,3.525720003992319,-36.33932862430811,1.448395521938801,1.871259921230376,1000000000000.0,1.4998139148950578,31.365934647619724,0.7048910272121429,0.5389550719410181,100000000000.0,392961644819267.9,16531860903970.723,0.9517673794649493,2.929164256900549,True,0.0,True,PARETO_NONDOMINATED
oneD_v2_dbtt_R_89cebd90848044ce,DBTT,89cebd90848044ce1e19941e22e74c3491edc4626c13dc42584e1b62897d10fd,"{""Tref_K"":481.33,""c_blunt"":2.929164256900549,""cleave_G00_eV"":2.357721022795886,""cleave_exp_a"":0.4968366474844515,""cleave_exp_n"":2.618804107885808,""cleave_floor_frac"":0.026239358201278,""cleave_gT_eV_per_K"":0.0056085130451247,""cleave_sT_GPa_per_K"":-0.0012041387008503,""cleave_sigc0_GPa"":6.7501407796517015,""emit_G00_eV"":3.344896922819316,""emit_exp_a"":0.1572539726179093,""emit_exp_n"":0.5156166724395007,""emit_floor_frac"":0.0103682254353579,""emit_gT_eV_per_K"":0.0061668124636635,""emit_sT_GPa_per_K"":-0.0052233074344694,""emit_sigc0_GPa"":2.7143102660775185,""peierls_H0_eV"":3.525720003992319,""peierls_activation_entropy_kB"":-36.33932862430811,""peierls_exp_a"":1.448395521938801,""peierls_exp_n"":1.871259921230376,""peierls_nu0_s"":1000000000000.0,""rho_source0_m2"":471553973783121.44,""taylor_H0_eV"":1.4998139148950578,""taylor_activation_entropy_kB"":31.365934647619724,""taylor_corr_rho_c_m2"":19838233084764.867,""taylor_corr_scale"":1.1421208553579392,""taylor_exp_a"":0.7048910272121429,""taylor_exp_n"":0.5389550719410181,""taylor_nu0_s"":100000000000.0}",DIRECTED_SOURCE_CORRELATION_-0.10,v913_zeroD_sobol_0202500,0.0,0.0,0.0,1.0,0.0,0.0008692198635678835,1.441124843696962,0.0,0.4844320096598074,0.8583413942648676,1.25,0.8823529411764706,True,"{""TARGET_RIGHT_CENSORED"": 12}",481.33,2.357721022795886,0.0056085130451247,6.7501407796517015,-0.0012041387008503,0.4968366474844515,2.618804107885808,0.026239358201278,3.344896922819316,0.0061668124636635,2.7143102660775185,-0.0052233074344694,0.1572539726179093,0.5156166724395007,0.0103682254353579,3.525720003992319,-36.33932862430811,1.448395521938801,1.871259921230376,1000000000000.0,1.4998139148950578,31.365934647619724,0.7048910272121429,0.5389550719410181,100000000000.0,471553973783121.44,19838233084764.867,1.1421208553579392,2.929164256900549,False,3.7427582271296924e-06,True,PARETO_NEAR_FRONT
oneD_v2_dbtt_R_e34fed37d98df3c2,DBTT,e34fed37d98df3c2b7cbb132db754eb5affe0e47bc137b4ae72ad22b6f758614,"{""Tref_K"":481.33,""c_blunt"":2.929164256900549,""cleave_G00_eV"":2.357721022795886,""cleave_exp_a"":0.4968366474844515,""cleave_exp_n"":2.618804107885808,""cleave_floor_frac"":0.026239358201278,""cleave_gT_eV_per_K"":0.0056085130451247,""cleave_sT_GPa_per_K"":-0.0012041387008503,""cleave_sigc0_GPa"":6.7501407796517015,""emit_G00_eV"":3.6793866151012478,""emit_exp_a"":0.1572539726179093,""emit_exp_n"":0.5156166724395007,""emit_floor_frac"":0.0103682254353579,""emit_gT_eV_per_K"":0.006783493710029851,""emit_sT_GPa_per_K"":-0.0052233074344694,""emit_sigc0_GPa"":2.7143102660775185,""peierls_H0_eV"":3.525720003992319,""peierls_activation_entropy_kB"":-36.33932862430811,""peierls_exp_a"":1.448395521938801,""peierls_exp_n"":1.871259921230376,""peierls_nu0_s"":1000000000000.0,""rho_source0_m2"":523948859759023.8,""taylor_H0_eV"":1.4998139148950578,""taylor_activation_entropy_kB"":31.365934647619724,""taylor_corr_rho_c_m2"":22042481205294.297,""taylor_corr_scale"":1.2690231726199324,""taylor_exp_a"":0.7048910272121429,""taylor_exp_n"":0.5389550719410181,""taylor_nu0_s"":100000000000.0}",DIRECTED_EMISSION_BARRIER_+0.10,v913_zeroD_sobol_0202500,0.0,0.0,0.0,1.0,0.0,0.0015138661195965614,1.438796992242349,0.0,0.48324961397781446,0.8583413928785507,1.25,0.8823529411764706,True,"{""TARGET_RIGHT_CENSORED"": 12}",481.33,2.357721022795886,0.0056085130451247,6.7501407796517015,-0.0012041387008503,0.4968366474844515,2.618804107885808,0.026239358201278,3.6793866151012478,0.006783493710029851,2.7143102660775185,-0.0052233074344694,0.1572539726179093,0.5156166724395007,0.0103682254353579,3.525720003992319,-36.33932862430811,1.448395521938801,1.871259921230376,1000000000000.0,1.4998139148950578,31.365934647619724,0.7048910272121429,0.5389550719410181,100000000000.0,523948859759023.8,22042481205294.297,1.2690231726199324,2.929164256900549,True,0.0,True,PARETO_NONDOMINATED
oneD_v2_dbtt_R_5e380189b27cf820,DBTT,5e380189b27cf82043ae0f6a4ae2559a8fa007c934f25e6a1161a2b5cd7d4f7a,"{""Tref_K"":481.33,""c_blunt"":2.929164256900549,""cleave_G00_eV"":2.357721022795886,""cleave_exp_a"":0.4968366474844515,""cleave_exp_n"":2.618804107885808,""cleave_floor_frac"":0.026239358201278,""cleave_gT_eV_per_K"":0.0056085130451247,""cleave_sT_GPa_per_K"":-0.0012041387008503,""cleave_sigc0_GPa"":6.7501407796517015,""emit_G00_eV"":3.0104072305373846,""emit_exp_a"":0.1572539726179093,""emit_exp_n"":0.5156166724395007,""emit_floor_frac"":0.0103682254353579,""emit_gT_eV_per_K"":0.00555013121729715,""emit_sT_GPa_per_K"":-0.0052233074344694,""emit_sigc0_GPa"":2.7143102660775185,""peierls_H0_eV"":3.525720003992319,""peierls_activation_entropy_kB"":-36.33932862430811,""peierls_exp_a"":1.448395521938801,""peierls_exp_n"":1.871259921230376,""peierls_nu0_s"":1000000000000.0,""rho_source0_m2"":523948859759023.8,""taylor_H0_eV"":1.4998139148950578,""taylor_activation_entropy_kB"":31.365934647619724,""taylor_corr_rho_c_m2"":22042481205294.297,""taylor_corr_scale"":1.2690231726199324,""taylor_exp_a"":0.7048910272121429,""taylor_exp_n"":0.5389550719410181,""taylor_nu0_s"":100000000000.0}",DIRECTED_EMISSION_BARRIER_-0.10,v913_zeroD_sobol_0202500,0.0,0.0,0.0,1.0,0.0,0.0015288057272154476,1.4434969465236878,0.0,0.4846099077429123,0.8583413970823843,1.25,0.8823529411764706,True,"{""TARGET_RIGHT_CENSORED"": 12}",481.33,2.357721022795886,0.0056085130451247,6.7501407796517015,-0.0012041387008503,0.4968366474844515,2.618804107885808,0.026239358201278,3.0104072305373846,0.00555013121729715,2.7143102660775185,-0.0052233074344694,0.1572539726179093,0.5156166724395007,0.0103682254353579,3.525720003992319,-36.33932862430811,1.448395521938801,1.871259921230376,1000000000000.0,1.4998139148950578,31.365934647619724,0.7048910272121429,0.5389550719410181,100000000000.0,523948859759023.8,22042481205294.297,1.2690231726199324,2.929164256900549,False,3.159568339894457e-06,True,PARETO_NEAR_FRONT
oneD_v2_dbtt_R_3997749d70c456ec,DBTT,3997749d70c456ec4b5366b4a12eedca58c6cc275d56fed550df685f96b25f45,"{""Tref_K"":481.33,""c_blunt"":2.929164256900549,""cleave_G00_eV"":2.357721022795886,""cleave_exp_a"":0.4968366474844515,""cleave_exp_n"":2.618804107885808,""cleave_floor_frac"":0.026239358201278,""cleave_gT_eV_per_K"":0.0056085130451247,""cleave_sT_GPa_per_K"":-0.0012041387008503,""cleave_sigc0_GPa"":6.7501407796517015,""emit_G00_eV"":3.344896922819316,""emit_exp_a"":0.17297936987970025,""emit_exp_n"":0.5671783396834509,""emit_floor_frac"":0.0103682254353579,""emit_gT_eV_per_K"":0.0061668124636635,""emit_sT_GPa_per_K"":-0.0057456381779163405,""emit_sigc0_GPa"":2.9857412926852707,""peierls_H0_eV"":3.525720003992319,""peierls_activation_entropy_kB"":-36.33932862430811,""peierls_exp_a"":1.448395521938801,""peierls_exp_n"":1.871259921230376,""peierls_nu0_s"":1000000000000.0,""rho_source0_m2"":523948859759023.8,""taylor_H0_eV"":1.4998139148950578,""taylor_activation_entropy_kB"":31.365934647619724,""taylor_corr_rho_c_m2"":22042481205294.297,""taylor_corr_scale"":1.2690231726199324,""taylor_exp_a"":0.7048910272121429,""taylor_exp_n"":0.5389550719410181,""taylor_nu0_s"":100000000000.0}",DIRECTED_EMISSION_STRESS_SHAPE_+0.10,v913_zeroD_sobol_0202500,0.0,0.0,0.0,1.0,0.0,0.0023743131273058194,1.4540938109844135,0.0,0.4896495948680137,0.8583414112748474,1.25,0.8823529411764706,True,"{""TARGET_RIGHT_CENSORED"": 12}",481.33,2.357721022795886,0.0056085130451247,6.7501407796517015,-0.0012041387008503,0.4968366474844515,2.618804107885808,0.026239358201278,3.344896922819316,0.0061668124636635,2.9857412926852707,-0.0057456381779163405,0.17297936987970025,0.5671783396834509,0.0103682254353579,3.525720003992319,-36.33932862430811,1.448395521938801,1.871259921230376,1000000000000.0,1.4998139148950578,31.365934647619724,0.7048910272121429,0.5389550719410181,100000000000.0,523948859759023.8,22042481205294.297,1.2690231726199324,2.929164256900549,False,0.00018197540344209895,True,PARETO_NEAR_FRONT
oneD_v2_dbtt_R_eafd6a42dac3289a,DBTT,eafd6a42dac3289a1fa1d20d41b147833747def056998252d42a29cda08d9474,"{""Tref_K"":481.33,""c_blunt"":2.929164256900549,""cleave_G00_eV"":2.357721022795886,""cleave_exp_a"":0.4968366474844515,""cleave_exp_n"":2.618804107885808,""cleave_floor_frac"":0.026239358201278,""cleave_gT_eV_per_K"":0.0056085130451247,""cleave_sT_GPa_per_K"":-0.0012041387008503,""cleave_sigc0_GPa"":6.7501407796517015,""emit_G00_eV"":4.181121153524145,""emit_exp_a"":0.1572539726179093,""emit_exp_n"":0.5156166724395007,""emit_floor_frac"":0.0103682254353579,""emit_gT_eV_per_K"":0.007708515579579375,""emit_sT_GPa_per_K"":-0.0052233074344694,""emit_sigc0_GPa"":2.7143102660775185,""peierls_H0_eV"":3.525720003992319,""peierls_activation_entropy_kB"":-36.33932862430811,""peierls_exp_a"":1.448395521938801,""peierls_exp_n"":1.871259921230376,""peierls_nu0_s"":1000000000000.0,""rho_source0_m2"":523948859759023.8,""taylor_H0_eV"":1.4998139148950578,""taylor_activation_entropy_kB"":31.365934647619724,""taylor_corr_rho_c_m2"":22042481205294.297,""taylor_corr_scale"":1.2690231726199324,""taylor_exp_a"":0.7048910272121429,""taylor_exp_n"":0.5389550719410181,""taylor_nu0_s"":100000000000.0}",DIRECTED_EMISSION_BARRIER_+0.25,v913_zeroD_sobol_0202500,0.0,0.0,0.0,1.0,0.0,0.0037815755467790436,1.4354498688650685,0.0,0.4823331571507478,0.8583413899519219,1.25,0.8823529411764706,True,"{""TARGET_RIGHT_CENSORED"": 12}",481.33,2.357721022795886,0.0056085130451247,6.7501407796517015,-0.0012041387008503,0.4968366474844515,2.618804107885808,0.026239358201278,4.181121153524145,0.007708515579579375,2.7143102660775185,-0.0052233074344694,0.1572539726179093,0.5156166724395007,0.0103682254353579,3.525720003992319,-36.33932862430811,1.448395521938801,1.871259921230376,1000000000000.0,1.4998139148950578,31.365934647619724,0.7048910272121429,0.5389550719410181,100000000000.0,523948859759023.8,22042481205294.297,1.2690231726199324,2.929164256900549,True,0.0,True,PARETO_NONDOMINATED
oneD_v2_dbtt_R_79e8f64b8e00d705,DBTT,79e8f64b8e00d705e897088ff21c28b4315c445eb5c0c9373a035311ba00e735,"{""Tref_K"":481.33,""c_blunt"":2.929164256900549,""cleave_G00_eV"":2.357721022795886,""cleave_exp_a"":0.4968366474844515,""cleave_exp_n"":2.618804107885808,""cleave_floor_frac"":0.026239358201278,""cleave_gT_eV_per_K"":0.0056085130451247,""cleave_sT_GPa_per_K"":-0.0012041387008503,""cleave_sigc0_GPa"":6.7501407796517015,""emit_G00_eV"":3.344896922819316,""emit_exp_a"":0.14152857535611837,""emit_exp_n"":0.46405500519555065,""emit_floor_frac"":0.0103682254353579,""emit_gT_eV_per_K"":0.0061668124636635,""emit_sT_GPa_per_K"":-0.00470097669102246,""emit_sigc0_GPa"":2.4428792394697667,""peierls_H0_eV"":3.525720003992319,""peierls_activation_entropy_kB"":-36.33932862430811,""peierls_exp_a"":1.448395521938801,""peierls_exp_n"":1.871259921230376,""peierls_nu0_s"":1000000000000.0,""rho_source0_m2"":523948859759023.8,""taylor_H0_eV"":1.4998139148950578,""taylor_activation_entropy_kB"":31.365934647619724,""taylor_corr_rho_c_m2"":22042481205294.297,""taylor_corr_scale"":1.2690231726199324,""taylor_exp_a"":0.7048910272121429,""taylor_exp_n"":0.5389550719410181,""taylor_nu0_s"":100000000000.0}",DIRECTED_EMISSION_STRESS_SHAPE_-0.10,v913_zeroD_sobol_0202500,0.0,0.0,0.0,1.0,0.0,0.004937375039869593,1.4102129395422156,0.0,0.4700272553959925,0.8583413490506168,1.25,0.8823529411764706,True,"{""TARGET_RIGHT_CENSORED"": 12}",481.33,2.357721022795886,0.0056085130451247,6.7501407796517015,-0.0012041387008503,0.4968366474844515,2.618804107885808,0.026239358201278,3.344896922819316,0.0061668124636635,2.4428792394697667,-0.00470097669102246,0.14152857535611837,0.46405500519555065,0.0103682254353579,3.525720003992319,-36.33932862430811,1.448395521938801,1.871259921230376,1000000000000.0,1.4998139148950578,31.365934647619724,0.7048910272121429,0.5389550719410181,100000000000.0,523948859759023.8,22042481205294.297,1.2690231726199324,2.929164256900549,True,0.0,True,PARETO_NONDOMINATED
oneD_v2_dbtt_R_b00bea837c10a76f,DBTT,b00bea837c10a76f9d1d3e73cb7bb6521b74c4cb1370487a0059e54f08c2bd5f,"{""Tref_K"":481.33,""c_blunt"":2.929164256900549,""cleave_G00_eV"":2.357721022795886,""cleave_exp_a"":0.4968366474844515,""cleave_exp_n"":2.618804107885808,""cleave_floor_frac"":0.026239358201278,""cleave_gT_eV_per_K"":0.0056085130451247,""cleave_sT_GPa_per_K"":-0.0012041387008503,""cleave_sigc0_GPa"":6.7501407796517015,""emit_G00_eV"":3.344896922819316,""emit_exp_a"":0.19656746577238662,""emit_exp_n"":0.6445208405493759,""emit_floor_frac"":0.0103682254353579,""emit_gT_eV_per_K"":0.0061668124636635,""emit_sT_GPa_per_K"":-0.00652913429308675,""emit_sigc0_GPa"":3.392887832596898,""peierls_H0_eV"":3.525720003992319,""peierls_activation_entropy_kB"":-36.33932862430811,""peierls_exp_a"":1.448395521938801,""peierls_exp_n"":1.871259921230376,""peierls_nu0_s"":1000000000000.0,""rho_source0_m2"":523948859759023.8,""taylor_H0_eV"":1.4998139148950578,""taylor_activation_entropy_kB"":31.365934647619724,""taylor_corr_rho_c_m2"":22042481205294.297,""taylor_corr_scale"":1.2690231726199324,""taylor_exp_a"":0.7048910272121429,""taylor_exp_n"":0.5389550719410181,""taylor_nu0_s"":100000000000.0}",DIRECTED_EMISSION_STRESS_SHAPE_+0.25,v913_zeroD_sobol_0202500,0.0,0.0,0.0,1.0,0.0,0.007879976402151767,1.46407876488107,0.0,0.49313646049802284,0.8583414202012025,1.25,0.8823529411764706,True,"{""TARGET_RIGHT_CENSORED"": 12}",481.33,2.357721022795886,0.0056085130451247,6.7501407796517015,-0.0012041387008503,0.4968366474844515,2.618804107885808,0.026239358201278,3.344896922819316,0.0061668124636635,3.392887832596898,-0.00652913429308675,0.19656746577238662,0.6445208405493759,0.0103682254353579,3.525720003992319,-36.33932862430811,1.448395521938801,1.871259921230376,1000000000000.0,1.4998139148950578,31.365934647619724,0.7048910272121429,0.5389550719410181,100000000000.0,523948859759023.8,22042481205294.297,1.2690231726199324,2.929164256900549,False,0.0006223289351614618,True,PARETO_NEAR_FRONT
oneD_v2_dbtt_R_81b4f174d6f9b320,DBTT,81b4f174d6f9b320c545a74a6713fcbdb6d9444816b2b1988156d3f2f9e72bc8,"{""Tref_K"":481.33,""c_blunt"":2.929164256900549,""cleave_G00_eV"":2.357721022795886,""cleave_exp_a"":0.4968366474844515,""cleave_exp_n"":2.618804107885808,""cleave_floor_frac"":0.026239358201278,""cleave_gT_eV_per_K"":0.0056085130451247,""cleave_sT_GPa_per_K"":-0.0012041387008503,""cleave_sigc0_GPa"":6.7501407796517015,""emit_G00_eV"":3.344896922819316,""emit_exp_a"":0.1572539726179093,""emit_exp_n"":0.5156166724395007,""emit_floor_frac"":0.0103682254353579,""emit_gT_eV_per_K"":0.0061668124636635,""emit_sT_GPa_per_K"":-0.0052233074344694,""emit_sigc0_GPa"":2.7143102660775185,""peierls_H0_eV"":3.525720003992319,""peierls_activation_entropy_kB"":-36.33932862430811,""peierls_exp_a"":1.448395521938801,""peierls_exp_n"":1.871259921230376,""peierls_nu0_s"":1000000000000.0,""rho_source0_m2"":576343745734926.2,""taylor_H0_eV"":1.4998139148950578,""taylor_activation_entropy_kB"":31.365934647619724,""taylor_corr_rho_c_m2"":24246729325823.73,""taylor_corr_scale"":1.3959254898819258,""taylor_exp_a"":0.7048910272121429,""taylor_exp_n"":0.5389550719410181,""taylor_nu0_s"":100000000000.0}",DIRECTED_SOURCE_CORRELATION_+0.10,v913_zeroD_sobol_0202500,0.0,0.0,0.0,1.0,0.0,0.008032030530941085,1.436453460535739,0.0,0.4769451978558051,0.858341395517431,1.25,0.8823529411764706,True,"{""TARGET_RIGHT_CENSORED"": 12}",481.33,2.357721022795886,0.0056085130451247,6.7501407796517015,-0.0012041387008503,0.4968366474844515,2.618804107885808,0.026239358201278,3.344896922819316,0.0061668124636635,2.7143102660775185,-0.0052233074344694,0.1572539726179093,0.5156166724395007,0.0103682254353579,3.525720003992319,-36.33932862430811,1.448395521938801,1.871259921230376,1000000000000.0,1.4998139148950578,31.365934647619724,0.7048910272121429,0.5389550719410181,100000000000.0,576343745734926.2,24246729325823.73,1.3959254898819258,2.929164256900549,False,0.0006544867684545746,True,PARETO_NEAR_FRONT
oneD_v2_dbtt_R_2e43e3654c7b47a9,DBTT,2e43e3654c7b47a98aa1716dc0cd4142a34990c60c8c37c03e5f394601ddd5e4,"{""Tref_K"":481.33,""c_blunt"":2.929164256900549,""cleave_G00_eV"":2.357721022795886,""cleave_exp_a"":0.4968366474844515,""cleave_exp_n"":2.618804107885808,""cleave_floor_frac"":0.026239358201278,""cleave_gT_eV_per_K"":0.0056085130451247,""cleave_sT_GPa_per_K"":-0.0012041387008503,""cleave_sigc0_GPa"":6.7501407796517015,""emit_G00_eV"":2.508672692114487,""emit_exp_a"":0.1572539726179093,""emit_exp_n"":0.5156166724395007,""emit_floor_frac"":0.0103682254353579,""emit_gT_eV_per_K"":0.004625109347747625,""emit_sT_GPa_per_K"":-0.0052233074344694,""emit_sigc0_GPa"":2.7143102660775185,""peierls_H0_eV"":3.525720003992319,""peierls_activation_entropy_kB"":-36.33932862430811,""peierls_exp_a"":1.448395521938801,""peierls_exp_n"":1.871259921230376,""peierls_nu0_s"":1000000000000.0,""rho_source0_m2"":523948859759023.8,""taylor_H0_eV"":1.4998139148950578,""taylor_activation_entropy_kB"":31.365934647619724,""taylor_corr_rho_c_m2"":22042481205294.297,""taylor_corr_scale"":1.2690231726199324,""taylor_exp_a"":0.7048910272121429,""taylor_exp_n"":0.5389550719410181,""taylor_nu0_s"":100000000000.0}",DIRECTED_EMISSION_BARRIER_-0.25,v913_zeroD_sobol_0202500,0.0,0.0,0.0,1.0,0.0,0.008498751795043976,1.4499414580410996,0.0,0.4857656496812765,0.8583414005943816,1.25,0.8823529411764706,True,"{""TARGET_RIGHT_CENSORED"": 12}",481.33,2.357721022795886,0.0056085130451247,6.7501407796517015,-0.0012041387008503,0.4968366474844515,2.618804107885808,0.026239358201278,2.508672692114487,0.004625109347747625,2.7143102660775185,-0.0052233074344694,0.1572539726179093,0.5156166724395007,0.0103682254353579,3.525720003992319,-36.33932862430811,1.448395521938801,1.871259921230376,1000000000000.0,1.4998139148950578,31.365934647619724,0.7048910272121429,0.5389550719410181,100000000000.0,523948859759023.8,22042481205294.297,1.2690231726199324,2.929164256900549,False,0.0007531933588304788,True,PARETO_NEAR_FRONT
oneD_v2_dbtt_R_644156df9b93e06a,DBTT,644156df9b93e06a786da5be4abb203e8e64adccab8e614363ac8500a16eaf9c,"{""Tref_K"":481.33,""c_blunt"":2.929164256900549,""cleave_G00_eV"":2.357721022795886,""cleave_exp_a"":0.4968366474844515,""cleave_exp_n"":2.618804107885808,""cleave_floor_frac"":0.026239358201278,""cleave_gT_eV_per_K"":0.0056085130451247,""cleave_sT_GPa_per_K"":-0.0012041387008503,""cleave_sigc0_GPa"":6.7501407796517015,""emit_G00_eV"":3.344896922819316,""emit_exp_a"":0.1572539726179093,""emit_exp_n"":0.5156166724395007,""emit_floor_frac"":0.0103682254353579,""emit_gT_eV_per_K"":0.0061668124636635,""emit_sT_GPa_per_K"":-0.0052233074344694,""emit_sigc0_GPa"":2.7143102660775185,""peierls_H0_eV"":3.525720003992319,""peierls_activation_entropy_kB"":-36.33932862430811,""peierls_exp_a"":1.448395521938801,""peierls_exp_n"":1.871259921230376,""peierls_nu0_s"":1000000000000.0,""rho_source0_m2"":654936074698779.8,""taylor_H0_eV"":1.4998139148950578,""taylor_activation_entropy_kB"":31.365934647619724,""taylor_corr_rho_c_m2"":27553101506617.87,""taylor_corr_scale"":1.5862789657749155,""taylor_exp_a"":0.7048910272121429,""taylor_exp_n"":0.5389550719410181,""taylor_nu0_s"":100000000000.0}",DIRECTED_SOURCE_CORRELATION_+0.25,v913_zeroD_sobol_0202500,0.0,0.0,0.0,1.0,0.0,0.018481790043303956,1.4302324589489421,0.0,0.4678003391514167,0.858341396252647,1.25,0.8823529411764706,True,"{""TARGET_RIGHT_CENSORED"": 12}",481.33,2.357721022795886,0.0056085130451247,6.7501407796517015,-0.0012041387008503,0.4968366474844515,2.618804107885808,0.026239358201278,3.344896922819316,0.0061668124636635,2.7143102660775185,-0.0052233074344694,0.1572539726179093,0.5156166724395007,0.0103682254353579,3.525720003992319,-36.33932862430811,1.448395521938801,1.871259921230376,1000000000000.0,1.4998139148950578,31.365934647619724,0.7048910272121429,0.5389550719410181,100000000000.0,654936074698779.8,27553101506617.87,1.5862789657749155,2.929164256900549,False,0.002864499919871895,True,PARETO_NEAR_FRONT
oneD_v2_dbtt_R_bca25cec7cb4fcce,DBTT,bca25cec7cb4fcceeaf3839e5a846f78057ae877364f91b9f26aa75c4fca420d,"{""Tref_K"":481.33,""c_blunt"":3.222080682590604,""cleave_G00_eV"":2.357721022795886,""cleave_exp_a"":0.4968366474844515,""cleave_exp_n"":2.618804107885808,""cleave_floor_frac"":0.026239358201278,""cleave_gT_eV_per_K"":0.0056085130451247,""cleave_sT_GPa_per_K"":-0.0012041387008503,""cleave_sigc0_GPa"":6.7501407796517015,""emit_G00_eV"":3.344896922819316,""emit_exp_a"":0.1572539726179093,""emit_exp_n"":0.5156166724395007,""emit_floor_frac"":0.0103682254353579,""emit_gT_eV_per_K"":0.0061668124636635,""emit_sT_GPa_per_K"":-0.0052233074344694,""emit_sigc0_GPa"":2.7143102660775185,""peierls_H0_eV"":3.525720003992319,""peierls_activation_entropy_kB"":-36.33932862430811,""peierls_exp_a"":1.448395521938801,""peierls_exp_n"":1.871259921230376,""peierls_nu0_s"":1000000000000.0,""rho_source0_m2"":523948859759023.8,""taylor_H0_eV"":1.4998139148950578,""taylor_activation_entropy_kB"":31.365934647619724,""taylor_corr_rho_c_m2"":22042481205294.297,""taylor_corr_scale"":1.2690231726199324,""taylor_exp_a"":0.7048910272121429,""taylor_exp_n"":0.5389550719410181,""taylor_nu0_s"":100000000000.0}",DIRECTED_BLUNTING_+0.10,v913_zeroD_sobol_0202500,0.0,0.0,0.0,1.0,0.0,0.03823788482044283,1.5030834677218134,0.0,0.4927700795229191,0.9086373893243713,1.25,0.8823529411764706,True,"{""TARGET_RIGHT_CENSORED"": 12}",481.33,2.357721022795886,0.0056085130451247,6.7501407796517015,-0.0012041387008503,0.4968366474844515,2.618804107885808,0.026239358201278,3.344896922819316,0.0061668124636635,2.7143102660775185,-0.0052233074344694,0.1572539726179093,0.5156166724395007,0.0103682254353579,3.525720003992319,-36.33932862430811,1.448395521938801,1.871259921230376,1000000000000.0,1.4998139148950578,31.365934647619724,0.7048910272121429,0.5389550719410181,100000000000.0,523948859759023.8,22042481205294.297,1.2690231726199324,3.222080682590604,False,0.0009477652670924878,True,PARETO_NEAR_FRONT
oneD_v2_dbtt_R_f5466522ba27cdab,DBTT,f5466522ba27cdab68aa7db508e20a5d9a7910ae07c0254a18f4b4f1b6ee84f1,"{""Tref_K"":481.33,""c_blunt"":2.636247831210494,""cleave_G00_eV"":2.357721022795886,""cleave_exp_a"":0.4968366474844515,""cleave_exp_n"":2.618804107885808,""cleave_floor_frac"":0.026239358201278,""cleave_gT_eV_per_K"":0.0056085130451247,""cleave_sT_GPa_per_K"":-0.0012041387008503,""cleave_sigc0_GPa"":6.7501407796517015,""emit_G00_eV"":3.344896922819316,""emit_exp_a"":0.1572539726179093,""emit_exp_n"":0.5156166724395007,""emit_floor_frac"":0.0103682254353579,""emit_gT_eV_per_K"":0.0061668124636635,""emit_sT_GPa_per_K"":-0.0052233074344694,""emit_sigc0_GPa"":2.7143102660775185,""peierls_H0_eV"":3.525720003992319,""peierls_activation_entropy_kB"":-36.33932862430811,""peierls_exp_a"":1.448395521938801,""peierls_exp_n"":1.871259921230376,""peierls_nu0_s"":1000000000000.0,""rho_source0_m2"":523948859759023.8,""taylor_H0_eV"":1.4998139148950578,""taylor_activation_entropy_kB"":31.365934647619724,""taylor_corr_rho_c_m2"":22042481205294.297,""taylor_corr_scale"":1.2690231726199324,""taylor_exp_a"":0.7048910272121429,""taylor_exp_n"":0.5389550719410181,""taylor_nu0_s"":100000000000.0}",DIRECTED_BLUNTING_-0.10,v913_zeroD_sobol_0202500,0.0,0.0,0.0,1.0,0.0,0.04271926951669917,1.3771099530556645,0.0,0.47442315127320045,0.8023205946657779,1.25,0.8823529411764706,True,"{""TARGET_RIGHT_CENSORED"": 12}",481.33,2.357721022795886,0.0056085130451247,6.7501407796517015,-0.0012041387008503,0.4968366474844515,2.618804107885808,0.026239358201278,3.344896922819316,0.0061668124636635,2.7143102660775185,-0.0052233074344694,0.1572539726179093,0.5156166724395007,0.0103682254353579,3.525720003992319,-36.33932862430811,1.448395521938801,1.871259921230376,1000000000000.0,1.4998139148950578,31.365934647619724,0.7048910272121429,0.5389550719410181,100000000000.0,523948859759023.8,22042481205294.297,1.2690231726199324,2.636247831210494,True,0.0,True,PARETO_NONDOMINATED
oneD_v2_dbtt_R_3e8ac3313fd11c1b,DBTT,3e8ac3313fd11c1b46c0d390f1913c8fa1ec227de85cdc24845473cfd69784e4,"{""Tref_K"":481.33,""c_blunt"":2.929164256900549,""cleave_G00_eV"":2.357721022795886,""cleave_exp_a"":0.44715298273600634,""cleave_exp_n"":2.3569236970972276,""cleave_floor_frac"":0.026239358201278,""cleave_gT_eV_per_K"":0.0056085130451247,""cleave_sT_GPa_per_K"":-0.00108372483076527,""cleave_sigc0_GPa"":6.075126701686531,""emit_G00_eV"":3.344896922819316,""emit_exp_a"":0.1572539726179093,""emit_exp_n"":0.5156166724395007,""emit_floor_frac"":0.0103682254353579,""emit_gT_eV_per_K"":0.0061668124636635,""emit_sT_GPa_per_K"":-0.0052233074344694,""emit_sigc0_GPa"":2.7143102660775185,""peierls_H0_eV"":3.525720003992319,""peierls_activation_entropy_kB"":-36.33932862430811,""peierls_exp_a"":1.448395521938801,""peierls_exp_n"":1.871259921230376,""peierls_nu0_s"":1000000000000.0,""rho_source0_m2"":523948859759023.8,""taylor_H0_eV"":1.4998139148950578,""taylor_activation_entropy_kB"":31.365934647619724,""taylor_corr_rho_c_m2"":22042481205294.297,""taylor_corr_scale"":1.2690231726199324,""taylor_exp_a"":0.7048910272121429,""taylor_exp_n"":0.5389550719410181,""taylor_nu0_s"":100000000000.0}",DIRECTED_CLEAVAGE_STRESS_SHAPE_-0.10,v913_zeroD_sobol_0202500,0.0,0.0,0.0,1.0,0.0,0.04393740380187371,1.4147410089301364,0.0,0.4810192576587505,0.8351725082589546,1.25,0.8823529411764706,True,"{""TARGET_RIGHT_CENSORED"": 12}",481.33,2.357721022795886,0.0056085130451247,6.075126701686531,-0.00108372483076527,0.44715298273600634,2.3569236970972276,0.026239358201278,3.344896922819316,0.0061668124636635,2.7143102660775185,-0.0052233074344694,0.1572539726179093,0.5156166724395007,0.0103682254353579,3.525720003992319,-36.33932862430811,1.448395521938801,1.871259921230376,1000000000000.0,1.4998139148950578,31.365934647619724,0.7048910272121429,0.5389550719410181,100000000000.0,523948859759023.8,22042481205294.297,1.2690231726199324,2.929164256900549,False,0.00025762246367901065,True,PARETO_NEAR_FRONT
oneD_v2_dbtt_R_675ed24d3d8f62b6,DBTT,675ed24d3d8f62b6c80af6f6529e041496db2ac59f9f1942b65afa5058343dce,"{""Tref_K"":481.33,""c_blunt"":2.929164256900549,""cleave_G00_eV"":2.357721022795886,""cleave_exp_a"":0.37262748561333864,""cleave_exp_n"":1.9641030809143563,""cleave_floor_frac"":0.026239358201278,""cleave_gT_eV_per_K"":0.0056085130451247,""cleave_sT_GPa_per_K"":-0.0009031040256377251,""cleave_sigc0_GPa"":5.062605584738776,""emit_G00_eV"":3.344896922819316,""emit_exp_a"":0.1572539726179093,""emit_exp_n"":0.5156166724395007,""emit_floor_frac"":0.0103682254353579,""emit_gT_eV_per_K"":0.0061668124636635,""emit_sT_GPa_per_K"":-0.0052233074344694,""emit_sigc0_GPa"":2.7143102660775185,""peierls_H0_eV"":3.525720003992319,""peierls_activation_entropy_kB"":-36.33932862430811,""peierls_exp_a"":1.448395521938801,""peierls_exp_n"":1.871259921230376,""peierls_nu0_s"":1000000000000.0,""rho_source0_m2"":523948859759023.8,""taylor_H0_eV"":1.4998139148950578,""taylor_activation_entropy_kB"":31.365934647619724,""taylor_corr_rho_c_m2"":22042481205294.297,""taylor_corr_scale"":1.2690231726199324,""taylor_exp_a"":0.7048910272121429,""taylor_exp_n"":0.5389550719410181,""taylor_nu0_s"":100000000000.0}",DIRECTED_CLEAVAGE_STRESS_SHAPE_-0.25,v913_zeroD_sobol_0202500,0.0,0.0,0.0,1.0,0.0,0.05258468955975654,1.4064380504634508,0.0,0.47411624526402635,0.8313977233681102,1.25,0.8823529411764706,True,"{""TARGET_RIGHT_CENSORED"": 12}",481.33,2.357721022795886,0.0056085130451247,5.062605584738776,-0.0009031040256377251,0.37262748561333864,1.9641030809143563,0.026239358201278,3.344896922819316,0.0061668124636635,2.7143102660775185,-0.0052233074344694,0.1572539726179093,0.5156166724395007,0.0103682254353579,3.525720003992319,-36.33932862430811,1.448395521938801,1.871259921230376,1000000000000.0,1.4998139148950578,31.365934647619724,0.7048910272121429,0.5389550719410181,100000000000.0,523948859759023.8,22042481205294.297,1.2690231726199324,2.929164256900549,False,0.0020864315598477204,True,PARETO_NEAR_FRONT
oneD_v2_dbtt_R_98eebcdaff040948,DBTT,98eebcdaff0409488f6ed8c010bc6b9983909f2d2a182d0f290fb8a0e91994e9,"{""Tref_K"":481.33,""c_blunt"":2.929164256900549,""cleave_G00_eV"":2.357721022795886,""cleave_exp_a"":0.5465203122328967,""cleave_exp_n"":2.8806845186743892,""cleave_floor_frac"":0.026239358201278,""cleave_gT_eV_per_K"":0.0056085130451247,""cleave_sT_GPa_per_K"":-0.0013245525709353302,""cleave_sigc0_GPa"":7.425154857616872,""emit_G00_eV"":3.344896922819316,""emit_exp_a"":0.1572539726179093,""emit_exp_n"":0.5156166724395007,""emit_floor_frac"":0.0103682254353579,""emit_gT_eV_per_K"":0.0061668124636635,""emit_sT_GPa_per_K"":-0.0052233074344694,""emit_sigc0_GPa"":2.7143102660775185,""peierls_H0_eV"":3.525720003992319,""peierls_activation_entropy_kB"":-36.33932862430811,""peierls_exp_a"":1.448395521938801,""peierls_exp_n"":1.871259921230376,""peierls_nu0_s"":1000000000000.0,""rho_source0_m2"":523948859759023.8,""taylor_H0_eV"":1.4998139148950578,""taylor_activation_entropy_kB"":31.365934647619724,""taylor_corr_rho_c_m2"":22042481205294.297,""taylor_corr_scale"":1.2690231726199324,""taylor_exp_a"":0.7048910272121429,""taylor_exp_n"":0.5389550719410181,""taylor_nu0_s"":100000000000.0}",DIRECTED_CLEAVAGE_STRESS_SHAPE_+0.10,v913_zeroD_sobol_0202500,0.0,0.0,0.0,1.0,0.0,0.06827969391398594,1.4774289211366167,0.0,0.4860443635517031,0.8905428294449654,1.25,0.8823529411764706,True,"{""TARGET_RIGHT_CENSORED"": 12}",481.33,2.357721022795886,0.0056085130451247,7.425154857616872,-0.0013245525709353302,0.5465203122328967,2.8806845186743892,0.026239358201278,3.344896922819316,0.0061668124636635,2.7143102660775185,-0.0052233074344694,0.1572539726179093,0.5156166724395007,0.0103682254353579,3.525720003992319,-36.33932862430811,1.448395521938801,1.871259921230376,1000000000000.0,1.4998139148950578,31.365934647619724,0.7048910272121429,0.5389550719410181,100000000000.0,523948859759023.8,22042481205294.297,1.2690231726199324,2.929164256900549,False,0.00540575828630135,True,PARETO_NEAR_FRONT
oneD_v2_dbtt_R_a69fb4acbe5dc043,DBTT,a69fb4acbe5dc04373a8c46c400216a4713f1c9d16fd9c12f87020402b088bd3,"{""Tref_K"":481.33,""c_blunt"":2.929164256900549,""cleave_G00_eV"":2.5934931250754745,""cleave_exp_a"":0.4968366474844515,""cleave_exp_n"":2.618804107885808,""cleave_floor_frac"":0.026239358201278,""cleave_gT_eV_per_K"":0.00616936434963717,""cleave_sT_GPa_per_K"":-0.0012041387008503,""cleave_sigc0_GPa"":6.7501407796517015,""emit_G00_eV"":3.344896922819316,""emit_exp_a"":0.1572539726179093,""emit_exp_n"":0.5156166724395007,""emit_floor_frac"":0.0103682254353579,""emit_gT_eV_per_K"":0.0061668124636635,""emit_sT_GPa_per_K"":-0.0052233074344694,""emit_sigc0_GPa"":2.7143102660775185,""peierls_H0_eV"":3.525720003992319,""peierls_activation_entropy_kB"":-36.33932862430811,""peierls_exp_a"":1.448395521938801,""peierls_exp_n"":1.871259921230376,""peierls_nu0_s"":1000000000000.0,""rho_source0_m2"":523948859759023.8,""taylor_H0_eV"":1.4998139148950578,""taylor_activation_entropy_kB"":31.365934647619724,""taylor_corr_rho_c_m2"":22042481205294.297,""taylor_corr_scale"":1.2690231726199324,""taylor_exp_a"":0.7048910272121429,""taylor_exp_n"":0.5389550719410181,""taylor_nu0_s"":100000000000.0}",DIRECTED_CLEAVAGE_BARRIER_+0.10,v913_zeroD_sobol_0202500,0.0,0.0,0.0,1.0,0.0,0.07315746460735978,1.4760209058279579,0.0,0.48508553187744546,0.8909944660961782,1.25,0.8823529411764706,True,"{""TARGET_RIGHT_CENSORED"": 12}",481.33,2.5934931250754745,0.00616936434963717,6.7501407796517015,-0.0012041387008503,0.4968366474844515,2.618804107885808,0.026239358201278,3.344896922819316,0.0061668124636635,2.7143102660775185,-0.0052233074344694,0.1572539726179093,0.5156166724395007,0.0103682254353579,3.525720003992319,-36.33932862430811,1.448395521938801,1.871259921230376,1000000000000.0,1.4998139148950578,31.365934647619724,0.7048910272121429,0.5389550719410181,100000000000.0,523948859759023.8,22042481205294.297,1.2690231726199324,2.929164256900549,False,0.0064373549818234465,True,PARETO_NEAR_FRONT
oneD_v2_dbtt_R_390a6131977225ae,DBTT,390a6131977225ae1c71ce3a46fcb2e98ff1da6072b2ce17dd06de0f42ddda87,"{""Tref_K"":481.33,""c_blunt"":2.929164256900549,""cleave_G00_eV"":2.121948920516297,""cleave_exp_a"":0.4968366474844515,""cleave_exp_n"":2.618804107885808,""cleave_floor_frac"":0.026239358201278,""cleave_gT_eV_per_K"":0.00504766174061223,""cleave_sT_GPa_per_K"":-0.0012041387008503,""cleave_sigc0_GPa"":6.7501407796517015,""emit_G00_eV"":3.344896922819316,""emit_exp_a"":0.1572539726179093,""emit_exp_n"":0.5156166724395007,""emit_floor_frac"":0.0103682254353579,""emit_gT_eV_per_K"":0.0061668124636635,""emit_sT_GPa_per_K"":-0.0052233074344694,""emit_sigc0_GPa"":2.7143102660775185,""peierls_H0_eV"":3.525720003992319,""peierls_activation_entropy_kB"":-36.33932862430811,""peierls_exp_a"":1.448395521938801,""peierls_exp_n"":1.871259921230376,""peierls_nu0_s"":1000000000000.0,""rho_source0_m2"":523948859759023.8,""taylor_H0_eV"":1.4998139148950578,""taylor_activation_entropy_kB"":31.365934647619724,""taylor_corr_rho_c_m2"":22042481205294.297,""taylor_corr_scale"":1.2690231726199324,""taylor_exp_a"":0.7048910272121429,""taylor_exp_n"":0.5389550719410181,""taylor_nu0_s"":100000000000.0}",DIRECTED_CLEAVAGE_BARRIER_-0.10,v913_zeroD_sobol_0202500,0.0,0.0,0.0,1.0,0.0,0.08689088894821415,1.4011735249021071,0.0,0.4825718478468777,0.8192083284585816,1.25,0.8823529411764706,True,"{""TARGET_RIGHT_CENSORED"": 12}",481.33,2.121948920516297,0.00504766174061223,6.7501407796517015,-0.0012041387008503,0.4968366474844515,2.618804107885808,0.026239358201278,3.344896922819316,0.0061668124636635,2.7143102660775185,-0.0052233074344694,0.1572539726179093,0.5156166724395007,0.0103682254353579,3.525720003992319,-36.33932862430811,1.448395521938801,1.871259921230376,1000000000000.0,1.4998139148950578,31.365934647619724,0.7048910272121429,0.5389550719410181,100000000000.0,523948859759023.8,22042481205294.297,1.2690231726199324,2.929164256900549,False,0.005333911757050611,True,PARETO_NEAR_FRONT
oneD_v2_dbtt_R_31f567e3db78a28a,DBTT,31f567e3db78a28a1633b1000842eb8cbd46877d471be5fa42769d8bd1fff3c4,"{""Tref_K"":481.33,""c_blunt"":3.661455321125686,""cleave_G00_eV"":2.357721022795886,""cleave_exp_a"":0.4968366474844515,""cleave_exp_n"":2.618804107885808,""cleave_floor_frac"":0.026239358201278,""cleave_gT_eV_per_K"":0.0056085130451247,""cleave_sT_GPa_per_K"":-0.0012041387008503,""cleave_sigc0_GPa"":6.7501407796517015,""emit_G00_eV"":3.344896922819316,""emit_exp_a"":0.1572539726179093,""emit_exp_n"":0.5156166724395007,""emit_floor_frac"":0.0103682254353579,""emit_gT_eV_per_K"":0.0061668124636635,""emit_sT_GPa_per_K"":-0.0052233074344694,""emit_sigc0_GPa"":2.7143102660775185,""peierls_H0_eV"":3.525720003992319,""peierls_activation_entropy_kB"":-36.33932862430811,""peierls_exp_a"":1.448395521938801,""peierls_exp_n"":1.871259921230376,""peierls_nu0_s"":1000000000000.0,""rho_source0_m2"":523948859759023.8,""taylor_H0_eV"":1.4998139148950578,""taylor_activation_entropy_kB"":31.365934647619724,""taylor_corr_rho_c_m2"":22042481205294.297,""taylor_corr_scale"":1.2690231726199324,""taylor_exp_a"":0.7048910272121429,""taylor_exp_n"":0.5389550719410181,""taylor_nu0_s"":100000000000.0}",DIRECTED_BLUNTING_+0.25,v913_zeroD_sobol_0202500,0.0,0.0,0.0,1.0,0.0,0.08987804572698634,1.589368325251185,0.0,0.5048372918816582,0.9758603051031592,1.25,0.8823529411764706,True,"{""TARGET_RIGHT_CENSORED"": 12}",481.33,2.357721022795886,0.0056085130451247,6.7501407796517015,-0.0012041387008503,0.4968366474844515,2.618804107885808,0.026239358201278,3.344896922819316,0.0061668124636635,2.7143102660775185,-0.0052233074344694,0.1572539726179093,0.5156166724395007,0.0103682254353579,3.525720003992319,-36.33932862430811,1.448395521938801,1.871259921230376,1000000000000.0,1.4998139148950578,31.365934647619724,0.7048910272121429,0.5389550719410181,100000000000.0,523948859759023.8,22042481205294.297,1.2690231726199324,3.661455321125686,False,0.004702159824518419,True,PARETO_NEAR_FRONT
oneD_v2_dbtt_R_8c9617e9f445f1e4,DBTT,8c9617e9f445f1e4188c6f307085771318b5b8f9971bbd71a7a57b46b1703e92,"{""Tref_K"":481.33,""c_blunt"":2.1968731926754117,""cleave_G00_eV"":2.357721022795886,""cleave_exp_a"":0.4968366474844515,""cleave_exp_n"":2.618804107885808,""cleave_floor_frac"":0.026239358201278,""cleave_gT_eV_per_K"":0.0056085130451247,""cleave_sT_GPa_per_K"":-0.0012041387008503,""cleave_sigc0_GPa"":6.7501407796517015,""emit_G00_eV"":3.344896922819316,""emit_exp_a"":0.1572539726179093,""emit_exp_n"":0.5156166724395007,""emit_floor_frac"":0.0103682254353579,""emit_gT_eV_per_K"":0.0061668124636635,""emit_sT_GPa_per_K"":-0.0052233074344694,""emit_sigc0_GPa"":2.7143102660775185,""peierls_H0_eV"":3.525720003992319,""peierls_activation_entropy_kB"":-36.33932862430811,""peierls_exp_a"":1.448395521938801,""peierls_exp_n"":1.871259921230376,""peierls_nu0_s"":1000000000000.0,""rho_source0_m2"":523948859759023.8,""taylor_H0_eV"":1.4998139148950578,""taylor_activation_entropy_kB"":31.365934647619724,""taylor_corr_rho_c_m2"":22042481205294.297,""taylor_corr_scale"":1.2690231726199324,""taylor_exp_a"":0.7048910272121429,""taylor_exp_n"":0.5389550719410181,""taylor_nu0_s"":100000000000.0}",DIRECTED_BLUNTING_-0.25,v913_zeroD_sobol_0202500,0.0,0.0,0.0,1.0,0.0,0.1121115963840943,1.268957050360107,0.0,0.45788019236795313,0.712938875445421,1.25,0.8823529411764706,True,"{""TARGET_RIGHT_CENSORED"": 12}",481.33,2.357721022795886,0.0056085130451247,6.7501407796517015,-0.0012041387008503,0.4968366474844515,2.618804107885808,0.026239358201278,3.344896922819316,0.0061668124636635,2.7143102660775185,-0.0052233074344694,0.1572539726179093,0.5156166724395007,0.0103682254353579,3.525720003992319,-36.33932862430811,1.448395521938801,1.871259921230376,1000000000000.0,1.4998139148950578,31.365934647619724,0.7048910272121429,0.5389550719410181,100000000000.0,523948859759023.8,22042481205294.297,1.2690231726199324,2.1968731926754117,True,0.0,True,PARETO_NONDOMINATED
oneD_v2_dbtt_R_a917ee601904aaef,DBTT,a917ee601904aaefd2d8e0de31372845f41c3fed4313766921936dbbfd833770,"{""Tref_K"":481.33,""c_blunt"":2.493830580266721,""cleave_G00_eV"":2.6999966505827615,""cleave_exp_a"":0.35909189619686616,""cleave_exp_n"":2.5854995476415357,""cleave_floor_frac"":0.026239358201278,""cleave_gT_eV_per_K"":0.005313338415231525,""cleave_sT_GPa_per_K"":-0.0008872076682746352,""cleave_sigc0_GPa"":5.652489766553198,""emit_G00_eV"":3.5491367315731583,""emit_exp_a"":0.145865984221064,""emit_exp_n"":0.7114758324144692,""emit_floor_frac"":0.0103682254353579,""emit_gT_eV_per_K"":0.003993003407493224,""emit_sT_GPa_per_K"":-0.0057108414582907495,""emit_sigc0_GPa"":3.013579051291551,""peierls_H0_eV"":2.5453945135194576,""peierls_activation_entropy_kB"":-32.4219748750329,""peierls_exp_a"":1.448395521938801,""peierls_exp_n"":1.871259921230376,""peierls_nu0_s"":1000000000000.0,""rho_source0_m2"":370464860659108.2,""taylor_H0_eV"":0.8408059284907302,""taylor_activation_entropy_kB"":29.140838533639908,""taylor_corr_rho_c_m2"":9958537438672.785,""taylor_corr_scale"":0.8296642193713393,""taylor_exp_a"":0.7048910272121429,""taylor_exp_n"":0.5389550719410181,""taylor_nu0_s"":100000000000.0}",ARCHIVED_MORPH_0.25,v913_zeroD_sobol_0202500|v913_zeroD_sobol_0162507,0.0,0.0,0.0,1.0,0.0,0.13563517727230606,1.2561451941421464,0.0,0.4569423773597583,0.7477568625277643,1.25,0.8823529411764706,True,"{""TARGET_RIGHT_CENSORED"": 12}",481.33,2.6999966505827615,0.005313338415231525,5.652489766553198,-0.0008872076682746352,0.35909189619686616,2.5854995476415357,0.026239358201278,3.5491367315731583,0.003993003407493224,3.013579051291551,-0.0057108414582907495,0.145865984221064,0.7114758324144692,0.0103682254353579,2.5453945135194576,-32.4219748750329,1.448395521938801,1.871259921230376,1000000000000.0,0.8408059284907302,29.140838533639908,0.7048910272121429,0.5389550719410181,100000000000.0,370464860659108.2,9958537438672.785,0.8296642193713393,2.493830580266721,True,0.0,True,PARETO_NONDOMINATED
oneD_v2_dbtt_R_25b7ef98b443195c,DBTT,25b7ef98b443195cb1caae1adee18dbcc9f18fe55eb1cba9d72356e6946f9eac,"{""Tref_K"":481.33,""c_blunt"":2.929164256900549,""cleave_G00_eV"":2.9471512784948573,""cleave_exp_a"":0.4968366474844515,""cleave_exp_n"":2.618804107885808,""cleave_floor_frac"":0.026239358201278,""cleave_gT_eV_per_K"":0.007010641306405874,""cleave_sT_GPa_per_K"":-0.0012041387008503,""cleave_sigc0_GPa"":6.7501407796517015,""emit_G00_eV"":3.344896922819316,""emit_exp_a"":0.1572539726179093,""emit_exp_n"":0.5156166724395007,""emit_floor_frac"":0.0103682254353579,""emit_gT_eV_per_K"":0.0061668124636635,""emit_sT_GPa_per_K"":-0.0052233074344694,""emit_sigc0_GPa"":2.7143102660775185,""peierls_H0_eV"":3.525720003992319,""peierls_activation_entropy_kB"":-36.33932862430811,""peierls_exp_a"":1.448395521938801,""peierls_exp_n"":1.871259921230376,""peierls_nu0_s"":1000000000000.0,""rho_source0_m2"":523948859759023.8,""taylor_H0_eV"":1.4998139148950578,""taylor_activation_entropy_kB"":31.365934647619724,""taylor_corr_rho_c_m2"":22042481205294.297,""taylor_corr_scale"":1.2690231726199324,""taylor_exp_a"":0.7048910272121429,""taylor_exp_n"":0.5389550719410181,""taylor_nu0_s"":100000000000.0}",DIRECTED_CLEAVAGE_BARRIER_+0.25,v913_zeroD_sobol_0202500,0.0,0.0,0.0,1.0,0.0,0.16441590190275976,1.5217530798042462,0.0,0.48670138685077885,0.9314507785559828,1.25,0.8823529411764706,True,"{""TARGET_RIGHT_CENSORED"": 12}",481.33,2.9471512784948573,0.007010641306405874,6.7501407796517015,-0.0012041387008503,0.4968366474844515,2.618804107885808,0.026239358201278,3.344896922819316,0.0061668124636635,2.7143102660775185,-0.0052233074344694,0.1572539726179093,0.5156166724395007,0.0103682254353579,3.525720003992319,-36.33932862430811,1.448395521938801,1.871259921230376,1000000000000.0,1.4998139148950578,31.365934647619724,0.7048910272121429,0.5389550719410181,100000000000.0,523948859759023.8,22042481205294.297,1.2690231726199324,2.929164256900549,False,0.0060868175832537175,True,PARETO_NEAR_FRONT
oneD_v2_dbtt_R_e601bc2eecd462a1,DBTT,e601bc2eecd462a1d6c344f72b75b597ed2f7eeca0991b030f1b2abcba4e9061,"{""Tref_K"":481.33,""c_blunt"":2.929164256900549,""cleave_G00_eV"":2.357721022795886,""cleave_exp_a"":0.6210458093555644,""cleave_exp_n"":3.27350513485726,""cleave_floor_frac"":0.026239358201278,""cleave_gT_eV_per_K"":0.0056085130451247,""cleave_sT_GPa_per_K"":-0.0015051733760628751,""cleave_sigc0_GPa"":8.437675974564627,""emit_G00_eV"":3.344896922819316,""emit_exp_a"":0.1572539726179093,""emit_exp_n"":0.5156166724395007,""emit_floor_frac"":0.0103682254353579,""emit_gT_eV_per_K"":0.0061668124636635,""emit_sT_GPa_per_K"":-0.0052233074344694,""emit_sigc0_GPa"":2.7143102660775185,""peierls_H0_eV"":3.525720003992319,""peierls_activation_entropy_kB"":-36.33932862430811,""peierls_exp_a"":1.448395521938801,""peierls_exp_n"":1.871259921230376,""peierls_nu0_s"":1000000000000.0,""rho_source0_m2"":523948859759023.8,""taylor_H0_eV"":1.4998139148950578,""taylor_activation_entropy_kB"":31.365934647619724,""taylor_corr_rho_c_m2"":22042481205294.297,""taylor_corr_scale"":1.2690231726199324,""taylor_exp_a"":0.7048910272121429,""taylor_exp_n"":0.5389550719410181,""taylor_nu0_s"":100000000000.0}",DIRECTED_CLEAVAGE_STRESS_SHAPE_+0.25,v913_zeroD_sobol_0202500,0.0,0.0,0.0,1.0,0.0,0.19667676291783692,1.544531685444156,0.0,0.48877647545343444,0.9481981492965417,1.25,0.8823529411764706,True,"{""TARGET_RIGHT_CENSORED"": 12}",481.33,2.357721022795886,0.0056085130451247,8.437675974564627,-0.0015051733760628751,0.6210458093555644,3.27350513485726,0.026239358201278,3.344896922819316,0.0061668124636635,2.7143102660775185,-0.0052233074344694,0.1572539726179093,0.5156166724395007,0.0103682254353579,3.525720003992319,-36.33932862430811,1.448395521938801,1.871259921230376,1000000000000.0,1.4998139148950578,31.365934647619724,0.7048910272121429,0.5389550719410181,100000000000.0,523948859759023.8,22042481205294.297,1.2690231726199324,2.929164256900549,False,0.012909647049809103,True,PARETO_NEAR_FRONT
oneD_v2_dbtt_R_3d9f0d4f944fdd69,DBTT,3d9f0d4f944fdd69698a2f46c9f8a090530258a66f3d65f45819353dd114b46c,"{""Tref_K"":481.33,""c_blunt"":2.5240625523293003,""cleave_G00_eV"":2.2675433678774617,""cleave_exp_a"":0.44654522736698093,""cleave_exp_n"":2.3482248365691976,""cleave_floor_frac"":0.026239358201278,""cleave_gT_eV_per_K"":0.0043853215841809,""cleave_sT_GPa_per_K"":0.0009365628205705249,""cleave_sigc0_GPa"":6.075533296507754,""emit_G00_eV"":3.47781297567076,""emit_exp_a"":0.1313596722883554,""emit_exp_n"":0.70917266702302,""emit_floor_frac"":0.0103682254353579,""emit_gT_eV_per_K"":0.0042163454662077,""emit_sT_GPa_per_K"":-0.005583627816289599,""emit_sigc0_GPa"":2.938581550666345,""peierls_H0_eV"":2.7549399775938155,""peierls_activation_entropy_kB"":-32.31372139416635,""peierls_exp_a"":1.448395521938801,""peierls_exp_n"":1.871259921230376,""peierls_nu0_s"":1000000000000.0,""rho_source0_m2"":477148711831830.4,""taylor_H0_eV"":1.3367289906291575,""taylor_activation_entropy_kB"":26.061270143836737,""taylor_corr_rho_c_m2"":251644612317735.53,""taylor_corr_scale"":1.6524266526163678,""taylor_exp_a"":0.7048910272121429,""taylor_exp_n"":0.5389550719410181,""taylor_nu0_s"":100000000000.0}",ARCHIVED_MORPH_0.25,v913_zeroD_sobol_0202500|v913_zeroD_sobol_0086763,0.0,0.0,0.0,1.0,0.0,0.20435890920976893,1.604485120797638,0.0,0.4673561110976519,0.923567825156762,1.25,0.8823529411764706,True,"{""TARGET_RIGHT_CENSORED"": 12}",481.33,2.2675433678774617,0.0043853215841809,6.075533296507754,0.0009365628205705249,0.44654522736698093,2.3482248365691976,0.026239358201278,3.47781297567076,0.0042163454662077,2.938581550666345,-0.005583627816289599,0.1313596722883554,0.70917266702302,0.0103682254353579,2.7549399775938155,-32.31372139416635,1.448395521938801,1.871259921230376,1000000000000.0,1.3367289906291575,26.061270143836737,0.7048910272121429,0.5389550719410181,100000000000.0,477148711831830.4,251644612317735.53,1.6524266526163678,2.5240625523293003,False,0.014534339399541718,True,PARETO_NEAR_FRONT
oneD_v2_dbtt_R_75ce96530e21749c,DBTT,75ce96530e21749c9bc6f9aa5140bb3341e7e0616734a69c0aad5b350dbe1705,"{""Tref_K"":481.33,""c_blunt"":2.929164256900549,""cleave_G00_eV"":1.7682907670969144,""cleave_exp_a"":0.4968366474844515,""cleave_exp_n"":2.618804107885808,""cleave_floor_frac"":0.026239358201278,""cleave_gT_eV_per_K"":0.004206384783843525,""cleave_sT_GPa_per_K"":-0.0012041387008503,""cleave_sigc0_GPa"":6.7501407796517015,""emit_G00_eV"":3.344896922819316,""emit_exp_a"":0.1572539726179093,""emit_exp_n"":0.5156166724395007,""emit_floor_frac"":0.0103682254353579,""emit_gT_eV_per_K"":0.0061668124636635,""emit_sT_GPa_per_K"":-0.0052233074344694,""emit_sigc0_GPa"":2.7143102660775185,""peierls_H0_eV"":3.525720003992319,""peierls_activation_entropy_kB"":-36.33932862430811,""peierls_exp_a"":1.448395521938801,""peierls_exp_n"":1.871259921230376,""peierls_nu0_s"":1000000000000.0,""rho_source0_m2"":523948859759023.8,""taylor_H0_eV"":1.4998139148950578,""taylor_activation_entropy_kB"":31.365934647619724,""taylor_corr_rho_c_m2"":22042481205294.297,""taylor_corr_scale"":1.2690231726199324,""taylor_exp_a"":0.7048910272121429,""taylor_exp_n"":0.5389550719410181,""taylor_nu0_s"":100000000000.0}",DIRECTED_CLEAVAGE_BARRIER_-0.25,v913_zeroD_sobol_0202500,0.0,0.0,0.0,1.0,0.0,0.2532159448147728,1.3269710846387979,0.0,0.4796440218556049,0.7543814992856254,1.25,0.8823529411764706,True,"{""TARGET_RIGHT_CENSORED"": 12}",481.33,1.7682907670969144,0.004206384783843525,6.7501407796517015,-0.0012041387008503,0.4968366474844515,2.618804107885808,0.026239358201278,3.344896922819316,0.0061668124636635,2.7143102660775185,-0.0052233074344694,0.1572539726179093,0.5156166724395007,0.0103682254353579,3.525720003992319,-36.33932862430811,1.448395521938801,1.871259921230376,1000000000000.0,1.4998139148950578,31.365934647619724,0.7048910272121429,0.5389550719410181,100000000000.0,523948859759023.8,22042481205294.297,1.2690231726199324,2.929164256900549,False,0.006017744404031397,True,PARETO_NEAR_FRONT
oneD_v2_dbtt_R_f53f51c73a38ccaa,DBTT,f53f51c73a38ccaafc76ee44bab5d1ec4dda69c752a2b8a351d49511fe2841e9,"{""Tref_K"":481.33,""c_blunt"":2.646101738172581,""cleave_G00_eV"":2.435239578389576,""cleave_exp_a"":0.6116398014023351,""cleave_exp_n"":2.120827263549826,""cleave_floor_frac"":0.026239358201278,""cleave_gT_eV_per_K"":0.00571131151379085,""cleave_sT_GPa_per_K"":-0.0009677507996093251,""cleave_sigc0_GPa"":6.227782463218522,""emit_G00_eV"":2.8236019570959434,""emit_exp_a"":0.22441906503641373,""emit_exp_n"":0.5786552056304622,""emit_floor_frac"":0.0103682254353579,""emit_gT_eV_per_K"":0.0052652062939013995,""emit_sT_GPa_per_K"":-0.00394582241354505,""emit_sigc0_GPa"":1.934829805239381,""peierls_H0_eV"":4.202573567614094,""peierls_activation_entropy_kB"":-39.19384288601577,""peierls_exp_a"":1.448395521938801,""peierls_exp_n"":1.871259921230376,""peierls_nu0_s"":1000000000000.0,""rho_source0_m2"":228326662707273.03,""taylor_H0_eV"":1.8213990382920733,""taylor_activation_entropy_kB"":33.507881769910455,""taylor_corr_rho_c_m2"":39920162369012.54,""taylor_corr_scale"":0.6598267839333619,""taylor_exp_a"":0.7048910272121429,""taylor_exp_n"":0.5389550719410181,""taylor_nu0_s"":100000000000.0}",ARCHIVED_MORPH_0.25,v913_zeroD_sobol_0202500|v913_zeroD_sobol_0129902,0.0,0.0,0.0,1.0,0.0,0.28186634140135824,1.4636146261465695,0.0,0.47982037754893603,0.7446516913951192,1.25,0.8823529411764706,True,"{""TARGET_RIGHT_CENSORED"": 12}",481.33,2.435239578389576,0.00571131151379085,6.227782463218522,-0.0009677507996093251,0.6116398014023351,2.120827263549826,0.026239358201278,2.8236019570959434,0.0052652062939013995,1.934829805239381,-0.00394582241354505,0.22441906503641373,0.5786552056304622,0.0103682254353579,4.202573567614094,-39.19384288601577,1.448395521938801,1.871259921230376,1000000000000.0,1.8213990382920733,33.507881769910455,0.7048910272121429,0.5389550719410181,100000000000.0,228326662707273.03,39920162369012.54,0.6598267839333619,2.646101738172581,False,0.0054315328521792735,True,PARETO_NEAR_FRONT
oneD_v2_dbtt_R_c76b4a2cfb3eca7a,DBTT,c76b4a2cfb3eca7a4f94ac39d3076677895706c4302cf328ac9ca35ff488106a,"{""Tref_K"":481.33,""c_blunt"":4.233733951524725,""cleave_G00_eV"":1.4530099065463988,""cleave_exp_a"":0.6234861751392501,""cleave_exp_n"":1.9679290677504429,""cleave_floor_frac"":0.026239358201278,""cleave_gT_eV_per_K"":0.002777702080827262,""cleave_sT_GPa_per_K"":-0.002166257356943523,""cleave_sigc0_GPa"":8.500038896048839,""emit_G00_eV"":2.869346346691326,""emit_exp_a"":0.10662869847142442,""emit_exp_n"":0.753162060183531,""emit_floor_frac"":0.0103682254353579,""emit_gT_eV_per_K"":0.00949956733960246,""emit_sT_GPa_per_K"":-0.006467994431004787,""emit_sigc0_GPa"":1.542601339110765,""peierls_H0_eV"":5.178866361579086,""peierls_activation_entropy_kB"":-45.41941220673936,""peierls_exp_a"":1.448395521938801,""peierls_exp_n"":1.871259921230376,""peierls_nu0_s"":1000000000000.0,""rho_source0_m2"":209992632948801.1,""taylor_H0_eV"":1.4295511069892863,""taylor_activation_entropy_kB"":25.340252431024524,""taylor_corr_rho_c_m2"":51902102855428.945,""taylor_corr_scale"":1.6453160298164027,""taylor_exp_a"":0.7048910272121429,""taylor_exp_n"":0.5389550719410181,""taylor_nu0_s"":100000000000.0}",SOBOL_LOCAL_MATERIAL,v913_zeroD_sobol_0202500,0.0,0.0,0.0,1.0,0.0,0.4448323725088099,1.2387968189540963,0.0,0.5258478963385047,0.9015554383378246,1.3333333333333333,0.8823529411764706,True,"{""TARGET_RIGHT_CENSORED"": 12}",481.33,1.4530099065463988,0.002777702080827262,8.500038896048839,-0.002166257356943523,0.6234861751392501,1.9679290677504429,0.026239358201278,2.869346346691326,0.00949956733960246,1.542601339110765,-0.006467994431004787,0.10662869847142442,0.753162060183531,0.0103682254353579,5.178866361579086,-45.41941220673936,1.448395521938801,1.871259921230376,1000000000000.0,1.4295511069892863,25.340252431024524,0.7048910272121429,0.5389550719410181,100000000000.0,209992632948801.1,51902102855428.945,1.6453160298164027,4.233733951524725,True,0.0,True,PARETO_NONDOMINATED
oneD_v2_dbtt_R_8d89789f446c8915,DBTT,8d89789f446c8915be3f02f08ede76fd32df82883d41b2e9ac369b96f1101fd2,"{""Tref_K"":481.33,""c_blunt"":2.1749861767097913,""cleave_G00_eV"":2.180814810357738,""cleave_exp_a"":0.4013444682348418,""cleave_exp_n"":2.105602273372055,""cleave_floor_frac"":0.026239358201278,""cleave_gT_eV_per_K"":0.0031621301232370998,""cleave_sT_GPa_per_K"":0.00307726434199135,""cleave_sigc0_GPa"":5.468345926687323,""emit_G00_eV"":3.6160107090980933,""emit_exp_a"":0.10972926926069243,""emit_exp_n"":0.9753871403596892,""emit_floor_frac"":0.0103682254353579,""emit_gT_eV_per_K"":0.0022658784687519,""emit_sT_GPa_per_K"":-0.0059439481981098,""emit_sigc0_GPa"":3.1813833657253694,""peierls_H0_eV"":2.1526650645968726,""peierls_activation_entropy_kB"":-28.28811416402459,""peierls_exp_a"":1.448395521938801,""peierls_exp_n"":1.871259921230376,""peierls_nu0_s"":1000000000000.0,""rho_source0_m2"":434528845634834.25,""taylor_H0_eV"":1.191377394650637,""taylor_activation_entropy_kB"":20.75660564005375,""taylor_corr_rho_c_m2"":2872862193632432.0,""taylor_corr_scale"":2.151665864887018,""taylor_exp_a"":0.7048910272121429,""taylor_exp_n"":0.5389550719410181,""taylor_nu0_s"":100000000000.0}",ARCHIVED_MORPH_0.50,v913_zeroD_sobol_0202500|v913_zeroD_sobol_0086763,0.0,0.0,0.0,1.0,0.0,0.4683476802326012,1.8373655142496834,0.0,0.46126522836626366,0.9651863896914245,1.25,0.8823529411764706,True,"{""TARGET_RIGHT_CENSORED"": 12}",481.33,2.180814810357738,0.0031621301232370998,5.468345926687323,0.00307726434199135,0.4013444682348418,2.105602273372055,0.026239358201278,3.6160107090980933,0.0022658784687519,3.1813833657253694,-0.0059439481981098,0.10972926926069243,0.9753871403596892,0.0103682254353579,2.1526650645968726,-28.28811416402459,1.448395521938801,1.871259921230376,1000000000000.0,1.191377394650637,20.75660564005375,0.7048910272121429,0.5389550719410181,100000000000.0,434528845634834.25,2872862193632432.0,2.151665864887018,2.1749861767097913,False,0.001315359305349335,True,PARETO_NEAR_FRONT
oneD_v2_dbtt_R_e0049e06367b0eb6,DBTT,e0049e06367b0eb6ec19e2b36f45b2c1a2620be4eb78e3f224d3ebec668ab596,"{""Tref_K"":481.33,""c_blunt"":3.761957421032184,""cleave_G00_eV"":3.9771908617281846,""cleave_exp_a"":0.7071145103304967,""cleave_exp_n"":2.1614257899513514,""cleave_floor_frac"":0.026239358201278,""cleave_gT_eV_per_K"":0.002872182498386425,""cleave_sT_GPa_per_K"":-0.000782037645204466,""cleave_sigc0_GPa"":5.865393764100682,""emit_G00_eV"":2.2182980961185703,""emit_exp_a"":0.18240037745123486,""emit_exp_n"":0.5941450057336708,""emit_floor_frac"":0.0103682254353579,""emit_gT_eV_per_K"":0.0037157501811850993,""emit_sT_GPa_per_K"":-0.008258048296266331,""emit_sigc0_GPa"":2.626607783995491,""peierls_H0_eV"":4.996322078818082,""peierls_activation_entropy_kB"":-23.883146327685136,""peierls_exp_a"":1.448395521938801,""peierls_exp_n"":1.871259921230376,""peierls_nu0_s"":1000000000000.0,""rho_source0_m2"":312772275932988.75,""taylor_H0_eV"":1.5106468009739318,""taylor_activation_entropy_kB"":30.828895676870182,""taylor_corr_rho_c_m2"":7331199794572.356,""taylor_corr_scale"":1.8060323356300105,""taylor_exp_a"":0.7048910272121429,""taylor_exp_n"":0.5389550719410181,""taylor_nu0_s"":100000000000.0}",SOBOL_LOCAL_MATERIAL,v913_zeroD_sobol_0202500,0.0,0.0,0.0,1.0,0.0,0.4745671854895872,1.1918059950685813,0.0,0.5508839780392956,0.8457483458369304,1.3333333333333333,0.8823529411764706,True,"{""TARGET_RIGHT_CENSORED"": 12}",481.33,3.9771908617281846,0.002872182498386425,5.865393764100682,-0.000782037645204466,0.7071145103304967,2.1614257899513514,0.026239358201278,2.2182980961185703,0.0037157501811850993,2.626607783995491,-0.008258048296266331,0.18240037745123486,0.5941450057336708,0.0103682254353579,4.996322078818082,-23.883146327685136,1.448395521938801,1.871259921230376,1000000000000.0,1.5106468009739318,30.828895676870182,0.7048910272121429,0.5389550719410181,100000000000.0,312772275932988.75,7331199794572.356,1.8060323356300105,3.761957421032184,True,0.0,True,PARETO_NONDOMINATED
oneD_v2_dbtt_R_2abe5e8fc553d776,DBTT,2abe5e8fc553d7762fbfd2ca37c8fbf6aed64e0abc32383cd6122836b01a8321,"{""Tref_K"":481.33,""c_blunt"":5.427551007721175,""cleave_G00_eV"":2.526167568370657,""cleave_exp_a"":0.40667759100624007,""cleave_exp_n"":3.3691866409452795,""cleave_floor_frac"":0.026239358201278,""cleave_gT_eV_per_K"":0.005421141004291215,""cleave_sT_GPa_per_K"":-0.0009532561979942939,""cleave_sigc0_GPa"":6.346797379091798,""emit_G00_eV"":6.090038600613982,""emit_exp_a"":0.2299277845888307,""emit_exp_n"":0.6244904958985589,""emit_floor_frac"":0.0103682254353579,""emit_gT_eV_per_K"":0.007975898756803924,""emit_sT_GPa_per_K"":-0.004077339333045519,""emit_sigc0_GPa"":1.6000029347414912,""peierls_H0_eV"":5.202611473761191,""peierls_activation_entropy_kB"":-49.84826552730977,""peierls_exp_a"":1.448395521938801,""peierls_exp_n"":1.871259921230376,""peierls_nu0_s"":1000000000000.0,""rho_source0_m2"":238282378760890.97,""taylor_H0_eV"":1.075266778912836,""taylor_activation_entropy_kB"":28.75257369735704,""taylor_corr_rho_c_m2"":38532339745296.03,""taylor_corr_scale"":1.0715600831097296,""taylor_exp_a"":0.7048910272121429,""taylor_exp_n"":0.5389550719410181,""taylor_nu0_s"":100000000000.0}",SOBOL_LOCAL_MATERIAL,v913_zeroD_sobol_0202500,0.0,0.0,0.0,1.0,0.0,0.4961488966368307,2.072392850026001,0.0,0.7237791019317741,1.460431828275877,1.6666666666666667,0.8823529411764706,True,"{""TARGET_RIGHT_CENSORED"": 12}",481.33,2.526167568370657,0.005421141004291215,6.346797379091798,-0.0009532561979942939,0.40667759100624007,3.3691866409452795,0.026239358201278,6.090038600613982,0.007975898756803924,1.6000029347414912,-0.004077339333045519,0.2299277845888307,0.6244904958985589,0.0103682254353579,5.202611473761191,-49.84826552730977,1.448395521938801,1.871259921230376,1000000000000.0,1.075266778912836,28.75257369735704,0.7048910272121429,0.5389550719410181,100000000000.0,238282378760890.97,38532339745296.03,1.0715600831097296,5.427551007721175,False,0.004564302691279212,True,PARETO_NEAR_FRONT
oneD_v2_dbtt_R_00f6a9a3a8a1c787,DBTT,00f6a9a3a8a1c787ee26820e4e33d16f24631f6a8c6f9eb8da2600733ea03ad5,"{""Tref_K"":481.33,""c_blunt"":6.122605021735921,""cleave_G00_eV"":1.701190883054211,""cleave_exp_a"":0.38272295447832383,""cleave_exp_n"":2.8566528768027046,""cleave_floor_frac"":0.026239358201278,""cleave_gT_eV_per_K"":0.0031069277957390777,""cleave_sT_GPa_per_K"":-0.0011730377354073611,""cleave_sigc0_GPa"":5.723034029284885,""emit_G00_eV"":4.9681102119903695,""emit_exp_a"":0.20147591163975653,""emit_exp_n"":0.6505801184077443,""emit_floor_frac"":0.0103682254353579,""emit_gT_eV_per_K"":0.00861707934619321,""emit_sT_GPa_per_K"":-0.008015777786545672,""emit_sigc0_GPa"":3.0887539628284926,""peierls_H0_eV"":3.981470200005852,""peierls_activation_entropy_kB"":-57.74967570474024,""peierls_exp_a"":1.448395521938801,""peierls_exp_n"":1.871259921230376,""peierls_nu0_s"":1000000000000.0,""rho_source0_m2"":275229625728275.5,""taylor_H0_eV"":1.691707175286898,""taylor_activation_entropy_kB"":37.54701109515944,""taylor_corr_rho_c_m2"":33432481316239.082,""taylor_corr_scale"":1.359853591969387,""taylor_exp_a"":0.7048910272121429,""taylor_exp_n"":0.5389550719410181,""taylor_nu0_s"":100000000000.0}",SOBOL_LOCAL_MATERIAL,v913_zeroD_sobol_0202500,0.0,0.0,0.0,1.0,0.0,0.5141187058225763,1.5102090422741263,0.0,0.6055324993706362,0.9783114073827617,1.3333333333333333,0.8823529411764706,True,"{""TARGET_RIGHT_CENSORED"": 12}",481.33,1.701190883054211,0.0031069277957390777,5.723034029284885,-0.0011730377354073611,0.38272295447832383,2.8566528768027046,0.026239358201278,4.9681102119903695,0.00861707934619321,3.0887539628284926,-0.008015777786545672,0.20147591163975653,0.6505801184077443,0.0103682254353579,3.981470200005852,-57.74967570474024,1.448395521938801,1.871259921230376,1000000000000.0,1.691707175286898,37.54701109515944,0.7048910272121429,0.5389550719410181,100000000000.0,275229625728275.5,33432481316239.082,1.359853591969387,6.122605021735921,False,0.008364726479211649,True,PARETO_NEAR_FRONT
oneD_v2_dbtt_R_f1b009a06244dd23,DBTT,f1b009a06244dd235088ede5b3fdd278f350ec2ba3469f5d24406868994bd7ba,"{""Tref_K"":481.33,""c_blunt"":2.9068676319667017,""cleave_G00_eV"":1.7417622490375912,""cleave_exp_a"":0.33248388288487607,""cleave_exp_n"":2.482874440645579,""cleave_floor_frac"":0.026239358201278,""cleave_gT_eV_per_K"":0.003930279778031893,""cleave_sT_GPa_per_K"":-0.0015501962984732342,""cleave_sigc0_GPa"":7.099273870014106,""emit_G00_eV"":2.5062840924045173,""emit_exp_a"":0.24828748362437258,""emit_exp_n"":0.37202543806858424,""emit_floor_frac"":0.0103682254353579,""emit_gT_eV_per_K"":0.0033801833276662268,""emit_sT_GPa_per_K"":-0.008289428109541676,""emit_sigc0_GPa"":2.431166061818833,""peierls_H0_eV"":4.5969253440837505,""peierls_activation_entropy_kB"":-15.134501307966168,""peierls_exp_a"":1.448395521938801,""peierls_exp_n"":1.871259921230376,""peierls_nu0_s"":1000000000000.0,""rho_source0_m2"":149763355080890.28,""taylor_H0_eV"":1.0471607629283837,""taylor_activation_entropy_kB"":40.70010878460336,""taylor_corr_rho_c_m2"":29658754634130.492,""taylor_corr_scale"":1.9748278807144868,""taylor_exp_a"":0.7048910272121429,""taylor_exp_n"":0.5389550719410181,""taylor_nu0_s"":100000000000.0}",SOBOL_LOCAL_MATERIAL,v913_zeroD_sobol_0202500,0.0,0.0,0.0,1.0,0.0,0.5434026422420429,1.602411392818492,0.0,0.5348780332726432,0.9673656953875157,1.3333333333333333,0.8823529411764706,True,"{""TARGET_RIGHT_CENSORED"": 12}",481.33,1.7417622490375912,0.003930279778031893,7.099273870014106,-0.0015501962984732342,0.33248388288487607,2.482874440645579,0.026239358201278,2.5062840924045173,0.0033801833276662268,2.431166061818833,-0.008289428109541676,0.24828748362437258,0.37202543806858424,0.0103682254353579,4.5969253440837505,-15.134501307966168,1.448395521938801,1.871259921230376,1000000000000.0,1.0471607629283837,40.70010878460336,0.7048910272121429,0.5389550719410181,100000000000.0,149763355080890.28,29658754634130.492,1.9748278807144868,2.9068676319667017,False,0.014557968011298928,True,PARETO_NEAR_FRONT
oneD_v2_dbtt_R_2939cda24257a3fb,DBTT,2939cda24257a3fb293b26e2c6e95c855ddfbd7bc66ea274fe97f7c3f5a4641b,"{""Tref_K"":481.33,""c_blunt"":5.677792160638163,""cleave_G00_eV"":3.8697246017104314,""cleave_exp_a"":0.49240621372215865,""cleave_exp_n"":3.486632702961008,""cleave_floor_frac"":0.026239358201278,""cleave_gT_eV_per_K"":0.003389198379993848,""cleave_sT_GPa_per_K"":-0.0002551926509737508,""cleave_sigc0_GPa"":5.024726666972169,""emit_G00_eV"":2.8026574860206823,""emit_exp_a"":0.11011801671308061,""emit_exp_n"":0.3457370031748196,""emit_floor_frac"":0.0103682254353579,""emit_gT_eV_per_K"":0.00871679533169227,""emit_sT_GPa_per_K"":-0.0076402122506286,""emit_sigc0_GPa"":1.4274675040476752,""peierls_H0_eV"":4.69688977163904,""peierls_activation_entropy_kB"":-29.886787578090534,""peierls_exp_a"":1.448395521938801,""peierls_exp_n"":1.871259921230376,""peierls_nu0_s"":1000000000000.0,""rho_source0_m2"":526502152923658.44,""taylor_H0_eV"":1.851047710780666,""taylor_activation_entropy_kB"":48.43961566637229,""taylor_corr_rho_c_m2"":18519863635915.254,""taylor_corr_scale"":1.4064336388748269,""taylor_exp_a"":0.7048910272121429,""taylor_exp_n"":0.5389550719410181,""taylor_nu0_s"":100000000000.0}",SOBOL_LOCAL_MATERIAL,v913_zeroD_sobol_0202500,0.0,0.0,0.0,1.0,0.0,0.5719947231712892,1.5707606715715896,0.0,0.6248385246136067,0.9360568980592318,1.3333333333333333,0.8823529411764706,True,"{""TARGET_RIGHT_CENSORED"": 12}",481.33,3.8697246017104314,0.003389198379993848,5.024726666972169,-0.0002551926509737508,0.49240621372215865,3.486632702961008,0.026239358201278,2.8026574860206823,0.00871679533169227,1.4274675040476752,-0.0076402122506286,0.11011801671308061,0.3457370031748196,0.0103682254353579,4.69688977163904,-29.886787578090534,1.448395521938801,1.871259921230376,1000000000000.0,1.851047710780666,48.43961566637229,0.7048910272121429,0.5389550719410181,100000000000.0,526502152923658.44,18519863635915.254,1.4064336388748269,5.677792160638163,False,0.020604889455305864,True,PARETO_NEAR_FRONT
oneD_v2_dbtt_R_5b81936b2f1e32fa,DBTT,5b81936b2f1e32fac7906fcbbeeba04dffa3796e56b95cd4e214f02e321a428d,"{""Tref_K"":481.33,""c_blunt"":5.27947546894113,""cleave_G00_eV"":3.610941690260743,""cleave_exp_a"":0.35772536880612205,""cleave_exp_n"":2.088175101228094,""cleave_floor_frac"":0.026239358201278,""cleave_gT_eV_per_K"":0.004767400905462556,""cleave_sT_GPa_per_K"":-0.0020514123681408267,""cleave_sigc0_GPa"":5.42616372406035,""emit_G00_eV"":3.7832770980663986,""emit_exp_a"":0.11857638502141672,""emit_exp_n"":0.4546346277401495,""emit_floor_frac"":0.0103682254353579,""emit_gT_eV_per_K"":0.005024263594758792,""emit_sT_GPa_per_K"":-0.00683772199896833,""emit_sigc0_GPa"":2.083960401028929,""peierls_H0_eV"":3.264602653559393,""peierls_activation_entropy_kB"":-53.764665899987776,""peierls_exp_a"":1.448395521938801,""peierls_exp_n"":1.871259921230376,""peierls_nu0_s"":1000000000000.0,""rho_source0_m2"":322944464257468.1,""taylor_H0_eV"":2.052833283119569,""taylor_activation_entropy_kB"":49.42146059990059,""taylor_corr_rho_c_m2"":53248788995194.63,""taylor_corr_scale"":1.0115586920239013,""taylor_exp_a"":0.7048910272121429,""taylor_exp_n"":0.5389550719410181,""taylor_nu0_s"":100000000000.0}",SOBOL_LOCAL_MATERIAL,v913_zeroD_sobol_0202500,0.0,0.0,0.0,1.0,0.0,0.6289160516015706,1.6086593181496036,0.0,0.6681505525209314,1.545917346170647,1.5833333333333333,0.8823529411764706,True,"{""TARGET_RIGHT_CENSORED"": 12}",481.33,3.610941690260743,0.004767400905462556,5.42616372406035,-0.0020514123681408267,0.35772536880612205,2.088175101228094,0.026239358201278,3.7832770980663986,0.005024263594758792,2.083960401028929,-0.00683772199896833,0.11857638502141672,0.4546346277401495,0.0103682254353579,3.264602653559393,-53.764665899987776,1.448395521938801,1.871259921230376,1000000000000.0,2.052833283119569,49.42146059990059,0.7048910272121429,0.5389550719410181,100000000000.0,322944464257468.1,53248788995194.63,1.0115586920239013,5.27947546894113,False,0.03264314586477052,True,PARETO_NEAR_FRONT
oneD_v2_dbtt_R_874e5a590899e4a9,DBTT,874e5a590899e4a9ff88e99ee55c717db2e06c70feba87ee0666e8c454fd8ba8,"{""Tref_K"":481.33,""c_blunt"":4.869791699574977,""cleave_G00_eV"":3.436404533876205,""cleave_exp_a"":0.5230569962432443,""cleave_exp_n"":1.9731961440199168,""cleave_floor_frac"":0.026239358201278,""cleave_gT_eV_per_K"":0.006063988506962664,""cleave_sT_GPa_per_K"":-0.0007204020108605986,""cleave_sigc0_GPa"":7.310617010335008,""emit_G00_eV"":3.773834091720073,""emit_exp_a"":0.13674086384193287,""emit_exp_n"":0.4846025135505724,""emit_floor_frac"":0.0103682254353579,""emit_gT_eV_per_K"":0.00720014671685785,""emit_sT_GPa_per_K"":-0.0037791772618209515,""emit_sigc0_GPa"":1.952864471073135,""peierls_H0_eV"":3.6860295085479793,""peierls_activation_entropy_kB"":-16.76428345589736,""peierls_exp_a"":1.448395521938801,""peierls_exp_n"":1.871259921230376,""peierls_nu0_s"":1000000000000.0,""rho_source0_m2"":571485920068525.2,""taylor_H0_eV"":1.3242738632301427,""taylor_activation_entropy_kB"":25.862469204394227,""taylor_corr_rho_c_m2"":33206805830120.695,""taylor_corr_scale"":1.7686867365292247,""taylor_exp_a"":0.7048910272121429,""taylor_exp_n"":0.5389550719410181,""taylor_nu0_s"":100000000000.0}",SOBOL_LOCAL_MATERIAL,v913_zeroD_sobol_0202500,0.0,0.0,0.0,1.0,0.0,1.0974184750513776,2.1638069111319833,0.0,0.6350420781361467,1.8000290604826061,1.5,0.8823529411764706,True,"{""TARGET_RIGHT_CENSORED"": 12}",481.33,3.436404533876205,0.006063988506962664,7.310617010335008,-0.0007204020108605986,0.5230569962432443,1.9731961440199168,0.026239358201278,3.773834091720073,0.00720014671685785,1.952864471073135,-0.0037791772618209515,0.13674086384193287,0.4846025135505724,0.0103682254353579,3.6860295085479793,-16.76428345589736,1.448395521938801,1.871259921230376,1000000000000.0,1.3242738632301427,25.862469204394227,0.7048910272121429,0.5389550719410181,100000000000.0,571485920068525.2,33206805830120.695,1.7686867365292247,4.869791699574977,False,0.07709066130891175,True,PARETO_NEAR_FRONT
oneD_v2_dbtt_R_9ca950879b2518d1,DBTT,9ca950879b2518d1b977d8c4c7a71acba0e859c68878bbd46b1d324b038c0048,"{""Tref_K"":481.33,""c_blunt"":1.176686189940736,""cleave_G00_eV"":3.84070978809184,""cleave_exp_a"":0.38063905040899143,""cleave_exp_n"":2.641510956954069,""cleave_floor_frac"":0.026239358201278,""cleave_gT_eV_per_K"":0.005996207257210142,""cleave_sT_GPa_per_K"":-0.0021429337403197817,""cleave_sigc0_GPa"":9.83505209279154,""emit_G00_eV"":3.1543168500088017,""emit_exp_a"":0.1895915268580835,""emit_exp_n"":0.8335128048828404,""emit_floor_frac"":0.0103682254353579,""emit_gT_eV_per_K"":0.008454465529771818,""emit_sT_GPa_per_K"":-0.0031101408805955405,""emit_sigc0_GPa"":1.9086140253569452,""peierls_H0_eV"":2.24455913828705,""peierls_activation_entropy_kB"":-15.820250301775364,""peierls_exp_a"":1.448395521938801,""peierls_exp_n"":1.871259921230376,""peierls_nu0_s"":1000000000000.0,""rho_source0_m2"":402456515467103.56,""taylor_H0_eV"":1.2217886458280658,""taylor_activation_entropy_kB"":40.18990363588329,""taylor_corr_rho_c_m2"":16077127719784.146,""taylor_corr_scale"":0.6704035019393967,""taylor_exp_a"":0.7048910272121429,""taylor_exp_n"":0.5389550719410181,""taylor_nu0_s"":100000000000.0}",SOBOL_LOCAL_MATERIAL,v913_zeroD_sobol_0202500,0.0,0.0,0.0,1.0,0.0,1.186614081560489,1.1920748862051633,0.0,0.4015392267926851,1.1290320983115405,1.4166666666666667,0.8823529411764706,True,"{""TARGET_RIGHT_CENSORED"": 12}",481.33,3.84070978809184,0.005996207257210142,9.83505209279154,-0.0021429337403197817,0.38063905040899143,2.641510956954069,0.026239358201278,3.1543168500088017,0.008454465529771818,1.9086140253569452,-0.0031101408805955405,0.1895915268580835,0.8335128048828404,0.0103682254353579,2.24455913828705,-15.820250301775364,1.448395521938801,1.871259921230376,1000000000000.0,1.2217886458280658,40.18990363588329,0.7048910272121429,0.5389550719410181,100000000000.0,402456515467103.56,16077127719784.146,0.6704035019393967,1.176686189940736,False,0.07724097301413829,True,PARETO_NEAR_FRONT
oneD_v2_dbtt_R_ce4a7e35843d7416,DBTT,ce4a7e35843d7416cf6345cfea1650b2170aca7af2ed752a1deb593eba821f3f,"{""Tref_K"":481.33,""c_blunt"":1.2102412278755919,""cleave_G00_eV"":2.6636411252079784,""cleave_exp_a"":0.4796303006330095,""cleave_exp_n"":2.5309863332126548,""cleave_floor_frac"":0.026239358201278,""cleave_gT_eV_per_K"":0.006196939813342035,""cleave_sT_GPa_per_K"":-0.0009639790116643138,""cleave_sigc0_GPa"":10.17232733412435,""emit_G00_eV"":2.0098100284569105,""emit_exp_a"":0.1260340327101886,""emit_exp_n"":0.3654353085561519,""emit_floor_frac"":0.0103682254353579,""emit_gT_eV_per_K"":0.003675358702159898,""emit_sT_GPa_per_K"":-0.006629294062450265,""emit_sigc0_GPa"":1.7820009095310156,""peierls_H0_eV"":3.56981761601076,""peierls_activation_entropy_kB"":-22.462100321276473,""peierls_exp_a"":1.448395521938801,""peierls_exp_n"":1.871259921230376,""peierls_nu0_s"":1000000000000.0,""rho_source0_m2"":191198132976199.25,""taylor_H0_eV"":1.761094587465505,""taylor_activation_entropy_kB"":18.56533100446217,""taylor_corr_rho_c_m2"":7032704148465.24,""taylor_corr_scale"":0.7785449150645157,""taylor_exp_a"":0.7048910272121429,""taylor_exp_n"":0.5389550719410181,""taylor_nu0_s"":100000000000.0}",SOBOL_LOCAL_MATERIAL,v913_zeroD_sobol_0202500,0.0,0.0,0.0,1.0,0.0,1.2896503276627103,1.7037148870615069,0.0,0.5482232909892005,1.157804867525569,1.6666666666666667,0.8823529411764706,True,"{""TARGET_RIGHT_CENSORED"": 12}",481.33,2.6636411252079784,0.006196939813342035,10.17232733412435,-0.0009639790116643138,0.4796303006330095,2.5309863332126548,0.026239358201278,2.0098100284569105,0.003675358702159898,1.7820009095310156,-0.006629294062450265,0.1260340327101886,0.3654353085561519,0.0103682254353579,3.56981761601076,-22.462100321276473,1.448395521938801,1.871259921230376,1000000000000.0,1.761094587465505,18.56533100446217,0.7048910272121429,0.5389550719410181,100000000000.0,191198132976199.25,7032704148465.24,0.7785449150645157,1.2102412278755919,False,0.0783321029226509,True,PARETO_NEAR_FRONT
oneD_v2_dbtt_R_b1b238211b363180,DBTT,b1b238211b363180b421dd1458aef60c9d49d1f9f68953f1e74ea5cdb5508a5f,"{""Tref_K"":481.33,""c_blunt"":5.079535651037263,""cleave_G00_eV"":3.206585831386837,""cleave_exp_a"":0.6965154437824348,""cleave_exp_n"":3.3373913156151964,""cleave_floor_frac"":0.026239358201278,""cleave_gT_eV_per_K"":0.007995130881823485,""cleave_sT_GPa_per_K"":-0.001547088482871987,""cleave_sigc0_GPa"":10.252403903644081,""emit_G00_eV"":2.6718618595914814,""emit_exp_a"":0.12301503348038861,""emit_exp_n"":0.3250117939189836,""emit_floor_frac"":0.0103682254353579,""emit_gT_eV_per_K"":0.0035055719302684476,""emit_sT_GPa_per_K"":-0.004595623658985715,""emit_sigc0_GPa"":1.3032773008284224,""peierls_H0_eV"":2.5668325583357263,""peierls_activation_entropy_kB"":-44.73366321293017,""peierls_exp_a"":1.448395521938801,""peierls_exp_n"":1.871259921230376,""peierls_nu0_s"":1000000000000.0,""rho_source0_m2"":300093287495187.4,""taylor_H0_eV"":1.005285546852447,""taylor_activation_entropy_kB"":24.967993829122808,""taylor_corr_rho_c_m2"":9561305863402.314,""taylor_corr_scale"":1.163514798126845,""taylor_exp_a"":0.7048910272121429,""taylor_exp_n"":0.5389550719410181,""taylor_nu0_s"":100000000000.0}",SOBOL_LOCAL_MATERIAL,v913_zeroD_sobol_0202500,0.0,0.0,0.0,1.0,0.0,1.5641652653907165,2.9371097384081515,0.0,0.8009938596454639,1.9257866983038008,1.6666666666666667,0.8823529411764706,True,"{""TARGET_RIGHT_CENSORED"": 12}",481.33,3.206585831386837,0.007995130881823485,10.252403903644081,-0.001547088482871987,0.6965154437824348,3.3373913156151964,0.026239358201278,2.6718618595914814,0.0035055719302684476,1.3032773008284224,-0.004595623658985715,0.12301503348038861,0.3250117939189836,0.0103682254353579,2.5668325583357263,-44.73366321293017,1.448395521938801,1.871259921230376,1000000000000.0,1.005285546852447,24.967993829122808,0.7048910272121429,0.5389550719410181,100000000000.0,300093287495187.4,9561305863402.314,1.163514798126845,5.079535651037263,False,0.10594298280000562,True,PARETO_NEAR_FRONT
oneD_v2_dbtt_R_8f17e786e142039c,DBTT,8f17e786e142039c33cd6682e32bd63c16e3f4c95caeb365d862df33d60b5449,"{""Tref_K"":481.33,""c_blunt"":3.4699330346781854,""cleave_G00_eV"":2.373165605879352,""cleave_exp_a"":0.40148584364412176,""cleave_exp_n"":2.3788016158353646,""cleave_floor_frac"":0.026239358201278,""cleave_gT_eV_per_K"":0.007212972276115994,""cleave_sT_GPa_per_K"":-0.0006333515759937975,""cleave_sigc0_GPa"":5.258675260776554,""emit_G00_eV"":2.7134814177408275,""emit_exp_a"":0.10448533629232074,""emit_exp_n"":0.677642278611077,""emit_floor_frac"":0.0103682254353579,""emit_gT_eV_per_K"":0.005324286877148737,""emit_sT_GPa_per_K"":-0.005737714871713873,""emit_sigc0_GPa"":2.744161303788384,""peierls_H0_eV"":3.4488093066131005,""peierls_activation_entropy_kB"":-33.08808864479997,""peierls_exp_a"":1.448395521938801,""peierls_exp_n"":1.871259921230376,""peierls_nu0_s"":1000000000000.0,""rho_source0_m2"":1509647044738670.2,""taylor_H0_eV"":1.372837122604189,""taylor_activation_entropy_kB"":20.10653515666261,""taylor_corr_rho_c_m2"":22217839399789.734,""taylor_corr_scale"":1.5497492675152418,""taylor_exp_a"":0.7048910272121429,""taylor_exp_n"":0.5389550719410181,""taylor_nu0_s"":100000000000.0}",SOBOL_LOCAL_MATERIAL,v913_zeroD_sobol_0202500,0.0,0.0,0.15,1.0,0.0,0.19118912096378513,1.3903592139089378,0.0,0.22907424397858214,0.9245954942559177,0.25,0.95,True,"{""TARGET_RIGHT_CENSORED"": 12}",481.33,2.373165605879352,0.007212972276115994,5.258675260776554,-0.0006333515759937975,0.40148584364412176,2.3788016158353646,0.026239358201278,2.7134814177408275,0.005324286877148737,2.744161303788384,-0.005737714871713873,0.10448533629232074,0.677642278611077,0.0103682254353579,3.4488093066131005,-33.08808864479997,1.448395521938801,1.871259921230376,1000000000000.0,1.372837122604189,20.10653515666261,0.7048910272121429,0.5389550719410181,100000000000.0,1509647044738670.2,22217839399789.734,1.5497492675152418,3.4699330346781854,False,0.04594210321508866,True,PARETO_NEAR_FRONT
oneD_v2_dbtt_R_c3d5899daaf0e245,DBTT,c3d5899daaf0e2452471f766a1b1d81bfbefba081861b3eb1df362b1042e5571,"{""Tref_K"":481.33,""c_blunt"":1.2995205582537142,""cleave_G00_eV"":2.485501999523936,""cleave_exp_a"":0.348708378888135,""cleave_exp_n"":2.821340595709626,""cleave_floor_frac"":0.026239358201278,""cleave_gT_eV_per_K"":0.00807863477468173,""cleave_sT_GPa_per_K"":-0.0014650194272875585,""cleave_sigc0_GPa"":7.48499032616092,""emit_G00_eV"":5.378865838535805,""emit_exp_a"":0.1327966385408672,""emit_exp_n"":0.430131567077723,""emit_floor_frac"":0.0103682254353579,""emit_gT_eV_per_K"":0.007366515963722373,""emit_sT_GPa_per_K"":-0.005864982619800837,""emit_sigc0_GPa"":2.601805868525199,""peierls_H0_eV"":2.487136025684414,""peierls_activation_entropy_kB"":-39.551137328088,""peierls_exp_a"":1.448395521938801,""peierls_exp_n"":1.871259921230376,""peierls_nu0_s"":1000000000000.0,""rho_source0_m2"":1220472437330078.8,""taylor_H0_eV"":2.082542567536141,""taylor_activation_entropy_kB"":18.15041656829656,""taylor_corr_rho_c_m2"":25072090403541.375,""taylor_corr_scale"":2.2360571999399093,""taylor_exp_a"":0.7048910272121429,""taylor_exp_n"":0.5389550719410181,""taylor_nu0_s"":100000000000.0}",SOBOL_LOCAL_MATERIAL,v913_zeroD_sobol_0202500,0.0,0.0,0.15,1.0,0.0,0.22759381382327998,1.3508949099152838,0.0,0.24891804662986464,1.0124200283078957,0.5,0.9,True,"{""TARGET_RIGHT_CENSORED"": 12}",481.33,2.485501999523936,0.00807863477468173,7.48499032616092,-0.0014650194272875585,0.348708378888135,2.821340595709626,0.026239358201278,5.378865838535805,0.007366515963722373,2.601805868525199,-0.005864982619800837,0.1327966385408672,0.430131567077723,0.0103682254353579,2.487136025684414,-39.551137328088,1.448395521938801,1.871259921230376,1000000000000.0,2.082542567536141,18.15041656829656,0.7048910272121429,0.5389550719410181,100000000000.0,1220472437330078.8,25072090403541.375,2.2360571999399093,1.2995205582537142,False,0.03824289732450261,True,PARETO_NEAR_FRONT
oneD_v2_dbtt_R_4380a627b62e09fd,DBTT,4380a627b62e09fd541c91779787c709e8053af1a3541a7079e706d6333542b4,"{""Tref_K"":481.33,""c_blunt"":2.8478007788491166,""cleave_G00_eV"":2.6105965080645843,""cleave_exp_a"":0.6887070378769529,""cleave_exp_n"":3.687247318843151,""cleave_floor_frac"":0.026239358201278,""cleave_gT_eV_per_K"":0.006715807814256691,""cleave_sT_GPa_per_K"":-0.00019443647632261035,""cleave_sigc0_GPa"":7.154858676664438,""emit_G00_eV"":2.968396458481715,""emit_exp_a"":0.20959185427183402,""emit_exp_n"":0.553295193831323,""emit_floor_frac"":0.0103682254353579,""emit_gT_eV_per_K"":0.008791514634975685,""emit_sT_GPa_per_K"":-0.0060106928838875645,""emit_sigc0_GPa"":2.118743071279003,""peierls_H0_eV"":3.805505649503446,""peierls_activation_entropy_kB"":-25.826828345039473,""peierls_exp_a"":1.448395521938801,""peierls_exp_n"":1.871259921230376,""peierls_nu0_s"":1000000000000.0,""rho_source0_m2"":1176195534593920.2,""taylor_H0_eV"":1.678449861733891,""taylor_activation_entropy_kB"":36.149399453585595,""taylor_corr_rho_c_m2"":18046376072537.098,""taylor_corr_scale"":0.6348949560748128,""taylor_exp_a"":0.7048910272121429,""taylor_exp_n"":0.5389550719410181,""taylor_nu0_s"":100000000000.0}",SOBOL_LOCAL_MATERIAL,v913_zeroD_sobol_0202500,0.0,0.0,0.15,1.0,0.0,0.39616711763280066,1.586950009262193,0.0,0.2820892947711329,0.8471978384545774,0.3333333333333333,0.95,True,"{""TARGET_RIGHT_CENSORED"": 12}",481.33,2.6105965080645843,0.006715807814256691,7.154858676664438,-0.00019443647632261035,0.6887070378769529,3.687247318843151,0.026239358201278,2.968396458481715,0.008791514634975685,2.118743071279003,-0.0060106928838875645,0.20959185427183402,0.553295193831323,0.0103682254353579,3.805505649503446,-25.826828345039473,1.448395521938801,1.871259921230376,1000000000000.0,1.678449861733891,36.149399453585595,0.7048910272121429,0.5389550719410181,100000000000.0,1176195534593920.2,18046376072537.098,0.6348949560748128,2.8478007788491166,False,0.002591433962484244,True,PARETO_NEAR_FRONT
oneD_v2_dbtt_R_470d11996243d435,DBTT,470d11996243d4353f44db50bf727ff30a0fdac00a8c6828b0217e18ef4c4936,"{""Tref_K"":481.33,""c_blunt"":2.6245630337588035,""cleave_G00_eV"":1.8266473115022481,""cleave_exp_a"":0.3997808139982198,""cleave_exp_n"":2.5695506245224986,""cleave_floor_frac"":0.026239358201278,""cleave_gT_eV_per_K"":0.0027527856392802496,""cleave_sT_GPa_per_K"":-0.002248375729824991,""cleave_sigc0_GPa"":9.03703029684017,""emit_G00_eV"":5.781831445458476,""emit_exp_a"":0.09835782472013829,""emit_exp_n"":0.5299667088964369,""emit_floor_frac"":0.0103682254353579,""emit_gT_eV_per_K"":0.005971067127663681,""emit_sT_GPa_per_K"":-0.004017277110610404,""emit_sigc0_GPa"":2.055178945456961,""peierls_H0_eV"":5.34741789557712,""peierls_activation_entropy_kB"":-40.22740577152527,""peierls_exp_a"":1.448395521938801,""peierls_exp_n"":1.871259921230376,""peierls_nu0_s"":1000000000000.0,""rho_source0_m2"":853356796340842.8,""taylor_H0_eV"":1.9015685358264345,""taylor_activation_entropy_kB"":18.04486196158191,""taylor_corr_rho_c_m2"":19481222170113.977,""taylor_corr_scale"":0.8757535730623921,""taylor_exp_a"":0.7048910272121429,""taylor_exp_n"":0.5389550719410181,""taylor_nu0_s"":100000000000.0}",SOBOL_LOCAL_MATERIAL,v913_zeroD_sobol_0202500,0.0,0.0,0.15,1.0,0.0,0.4084203758013155,0.8967879805441777,0.0,0.22840224567013626,0.9521645820448209,0.25,0.95,True,"{""TARGET_RIGHT_CENSORED"": 12}",481.33,1.8266473115022481,0.0027527856392802496,9.03703029684017,-0.002248375729824991,0.3997808139982198,2.5695506245224986,0.026239358201278,5.781831445458476,0.005971067127663681,2.055178945456961,-0.004017277110610404,0.09835782472013829,0.5299667088964369,0.0103682254353579,5.34741789557712,-40.22740577152527,1.448395521938801,1.871259921230376,1000000000000.0,1.9015685358264345,18.04486196158191,0.7048910272121429,0.5389550719410181,100000000000.0,853356796340842.8,19481222170113.977,0.8757535730623921,2.6245630337588035,True,0.0,True,PARETO_NONDOMINATED
oneD_v2_dbtt_R_d66c1c6f80472683,DBTT,d66c1c6f804726834f89797a81a7a0cb2b52205266e7341cf6dd1af56dfa21b3,"{""Tref_K"":481.33,""c_blunt"":4.7368976961214315,""cleave_G00_eV"":3.028884751014184,""cleave_exp_a"":0.659086271045825,""cleave_exp_n"":3.565319249337115,""cleave_floor_frac"":0.026239358201278,""cleave_gT_eV_per_K"":0.005859687101054554,""cleave_sT_GPa_per_K"":-0.0022224484286320545,""cleave_sigc0_GPa"":8.05361631179821,""emit_G00_eV"":6.166359492696923,""emit_exp_a"":0.19938294708090545,""emit_exp_n"":0.5853285140635963,""emit_floor_frac"":0.0103682254353579,""emit_gT_eV_per_K"":0.004470776390730836,""emit_sT_GPa_per_K"":-0.007325254866073311,""emit_sigc0_GPa"":1.7416496496641474,""peierls_H0_eV"":2.175407085448086,""peierls_activation_entropy_kB"":-20.683303732210096,""peierls_exp_a"":1.448395521938801,""peierls_exp_n"":1.871259921230376,""peierls_nu0_s"":1000000000000.0,""rho_source0_m2"":1709979103468740.2,""taylor_H0_eV"":1.5247254271717536,""taylor_activation_entropy_kB"":42.89243393032526,""taylor_corr_rho_c_m2"":61233138478103.67,""taylor_corr_scale"":1.2960604231946429,""taylor_exp_a"":0.7048910272121429,""taylor_exp_n"":0.5389550719410181,""taylor_nu0_s"":100000000000.0}",SOBOL_LOCAL_MATERIAL,v913_zeroD_sobol_0202500,0.0,0.0,0.15,1.0,0.0,0.46809708218580537,1.9040070741180883,0.0,0.4334528320231017,1.443126321832063,0.5833333333333334,0.9,True,"{""TARGET_RIGHT_CENSORED"": 12}",481.33,3.028884751014184,0.005859687101054554,8.05361631179821,-0.0022224484286320545,0.659086271045825,3.565319249337115,0.026239358201278,6.166359492696923,0.004470776390730836,1.7416496496641474,-0.007325254866073311,0.19938294708090545,0.5853285140635963,0.0103682254353579,2.175407085448086,-20.683303732210096,1.448395521938801,1.871259921230376,1000000000000.0,1.5247254271717536,42.89243393032526,0.7048910272121429,0.5389550719410181,100000000000.0,1709979103468740.2,61233138478103.67,1.2960604231946429,4.7368976961214315,False,0.012620989582292417,True,PARETO_NEAR_FRONT
oneD_v2_dbtt_R_d8e53de49e5c2c47,DBTT,d8e53de49e5c2c477badfa1b226bc6f50660dd86449c0bff209bcb0f1e4ade61,"{""Tref_K"":481.33,""c_blunt"":5.826630231576204,""cleave_G00_eV"":2.7013569445870265,""cleave_exp_a"":0.3707854644938869,""cleave_exp_n"":2.019367355751124,""cleave_floor_frac"":0.026239358201278,""cleave_gT_eV_per_K"":0.0035919606655311492,""cleave_sT_GPa_per_K"":-0.0014340833504541926,""cleave_sigc0_GPa"":4.296046385891901,""emit_G00_eV"":2.262749559749416,""emit_exp_a"":0.20470748989485946,""emit_exp_n"":0.6947427604169604,""emit_floor_frac"":0.0103682254353579,""emit_gT_eV_per_K"":0.004283624696096783,""emit_sT_GPa_per_K"":-0.0048908218208261805,""emit_sigc0_GPa"":2.397371312402663,""peierls_H0_eV"":2.810589714499222,""peierls_activation_entropy_kB"":-34.143910662457955,""peierls_exp_a"":1.448395521938801,""peierls_exp_n"":1.871259921230376,""peierls_nu0_s"":1000000000000.0,""rho_source0_m2"":1844704859578001.2,""taylor_H0_eV"":1.2480071919665403,""taylor_activation_entropy_kB"":26.782878245827686,""taylor_corr_rho_c_m2"":10802360031555.9,""taylor_corr_scale"":1.6334049948409062,""taylor_exp_a"":0.7048910272121429,""taylor_exp_n"":0.5389550719410181,""taylor_nu0_s"":100000000000.0}",SOBOL_LOCAL_MATERIAL,v913_zeroD_sobol_0202500,0.0,0.0,0.15,1.0,0.0,0.5853085704547085,0.883657774911603,0.0,0.20104102715681627,0.8579184854668016,0.25,0.95,True,"{""TARGET_RIGHT_CENSORED"": 12}",481.33,2.7013569445870265,0.0035919606655311492,4.296046385891901,-0.0014340833504541926,0.3707854644938869,2.019367355751124,0.026239358201278,2.262749559749416,0.004283624696096783,2.397371312402663,-0.0048908218208261805,0.20470748989485946,0.6947427604169604,0.0103682254353579,2.810589714499222,-34.143910662457955,1.448395521938801,1.871259921230376,1000000000000.0,1.2480071919665403,26.782878245827686,0.7048910272121429,0.5389550719410181,100000000000.0,1844704859578001.2,10802360031555.9,1.6334049948409062,5.826630231576204,True,0.0,True,PARETO_NONDOMINATED
oneD_v2_dbtt_R_a30067acfb27680b,DBTT,a30067acfb27680b695110d5b3769b7b360ece478d491f11a5b4c9db726ca8da,"{""Tref_K"":481.33,""c_blunt"":5.331388293167601,""cleave_G00_eV"":1.891525756790345,""cleave_exp_a"":0.7462977733441702,""cleave_exp_n"":3.182309762679272,""cleave_floor_frac"":0.026239358201278,""cleave_gT_eV_per_K"":0.005876941073404883,""cleave_sT_GPa_per_K"":-0.0010187491519073122,""cleave_sigc0_GPa"":5.47000190883692,""emit_G00_eV"":4.402520331428195,""emit_exp_a"":0.09601322557718527,""emit_exp_n"":0.7432487086502675,""emit_floor_frac"":0.0103682254353579,""emit_gT_eV_per_K"":0.007010125496816663,""emit_sT_GPa_per_K"":-0.0059330701334717436,""emit_sigc0_GPa"":2.435623133406648,""peierls_H0_eV"":2.7023697961783784,""peierls_activation_entropy_kB"":-43.07229199624582,""peierls_exp_a"":1.448395521938801,""peierls_exp_n"":1.871259921230376,""peierls_nu0_s"":1000000000000.0,""rho_source0_m2"":717374362639125.4,""taylor_H0_eV"":1.4421578205915733,""taylor_activation_entropy_kB"":46.24856302184372,""taylor_corr_rho_c_m2"":10280078418348.672,""taylor_corr_scale"":1.4236198665831896,""taylor_exp_a"":0.7048910272121429,""taylor_exp_n"":0.5389550719410181,""taylor_nu0_s"":100000000000.0}",SOBOL_LOCAL_MATERIAL,v913_zeroD_sobol_0202500,0.0,0.0,0.15,1.0,0.0,0.8859875466657787,1.5899910642634436,0.0,0.24650213240904065,0.7636091149315987,0.3333333333333333,0.95,True,"{""TARGET_RIGHT_CENSORED"": 12}",481.33,1.891525756790345,0.005876941073404883,5.47000190883692,-0.0010187491519073122,0.7462977733441702,3.182309762679272,0.026239358201278,4.402520331428195,0.007010125496816663,2.435623133406648,-0.0059330701334717436,0.09601322557718527,0.7432487086502675,0.0103682254353579,2.7023697961783784,-43.07229199624582,1.448395521938801,1.871259921230376,1000000000000.0,1.4421578205915733,46.24856302184372,0.7048910272121429,0.5389550719410181,100000000000.0,717374362639125.4,10280078418348.672,1.4236198665831896,5.331388293167601,False,0.06359040999890962,True,PARETO_NEAR_FRONT
oneD_v2_dbtt_R_66dc8847ed0d0f1c,DBTT,66dc8847ed0d0f1c47529cebfcb7795b7998ffb5054016f15b8dbea98e4d0db0,"{""Tref_K"":481.33,""c_blunt"":1.6518290787469911,""cleave_G00_eV"":3.644358339543159,""cleave_exp_a"":0.5652158165068687,""cleave_exp_n"":2.2682875543862555,""cleave_floor_frac"":0.026239358201278,""cleave_gT_eV_per_K"":0.003835235603857466,""cleave_sT_GPa_per_K"":-0.0011381503876517934,""cleave_sigc0_GPa"":10.99234911326048,""emit_G00_eV"":2.888451997146927,""emit_exp_a"":0.2507130750050086,""emit_exp_n"":0.4261472228253601,""emit_floor_frac"":0.0103682254353579,""emit_gT_eV_per_K"":0.005245445195328711,""emit_sT_GPa_per_K"":-0.007368426711474679,""emit_sigc0_GPa"":4.0235464525879845,""peierls_H0_eV"":2.424437698710637,""peierls_activation_entropy_kB"":-34.421977917772345,""peierls_exp_a"":1.448395521938801,""peierls_exp_n"":1.871259921230376,""peierls_nu0_s"":1000000000000.0,""rho_source0_m2"":941183231910792.8,""taylor_H0_eV"":1.168273036155871,""taylor_activation_entropy_kB"":27.80248313880464,""taylor_corr_rho_c_m2"":23160891592032.31,""taylor_corr_scale"":0.8233809987617847,""taylor_exp_a"":0.7048910272121429,""taylor_exp_n"":0.5389550719410181,""taylor_nu0_s"":100000000000.0}",SOBOL_LOCAL_MATERIAL,v913_zeroD_sobol_0202500,0.0,0.0,0.15,1.0,0.0,1.1911426144010098,0.8650154027636727,0.0,0.2660676132283533,1.4141757741789527,0.6666666666666666,0.8823529411764706,True,"{""TARGET_RIGHT_CENSORED"": 12}",481.33,3.644358339543159,0.003835235603857466,10.99234911326048,-0.0011381503876517934,0.5652158165068687,2.2682875543862555,0.026239358201278,2.888451997146927,0.005245445195328711,4.0235464525879845,-0.007368426711474679,0.2507130750050086,0.4261472228253601,0.0103682254353579,2.424437698710637,-34.421977917772345,1.448395521938801,1.871259921230376,1000000000000.0,1.168273036155871,27.80248313880464,0.7048910272121429,0.5389550719410181,100000000000.0,941183231910792.8,23160891592032.31,0.8233809987617847,1.6518290787469911,True,0.0,True,PARETO_NONDOMINATED
oneD_v2_dbtt_R_5d7477e8d5fa40b5,DBTT,5d7477e8d5fa40b5e027acc9137ab9d15044ce2cf55f6a4592b9c7358114f4d1,"{""Tref_K"":481.33,""c_blunt"":2.8091753344849457,""cleave_G00_eV"":2.7539324918248638,""cleave_exp_a"":0.501655759200629,""cleave_exp_n"":2.2784338189044604,""cleave_floor_frac"":0.026239358201278,""cleave_gT_eV_per_K"":0.00560873103002085,""cleave_sT_GPa_per_K"":-0.0013667374697979252,""cleave_sigc0_GPa"":6.297187232123997,""emit_G00_eV"":3.4694197120709833,""emit_exp_a"":0.1616410061463057,""emit_exp_n"":0.5709912332369604,""emit_floor_frac"":0.0103682254353579,""emit_gT_eV_per_K"":0.004266026731114825,""emit_sT_GPa_per_K"":-0.0056472134646027745,""emit_sigc0_GPa"":3.102607423741048,""peierls_H0_eV"":2.546644432690913,""peierls_activation_entropy_kB"":-23.559700208716094,""peierls_exp_a"":1.448395521938801,""peierls_exp_n"":1.871259921230376,""peierls_nu0_s"":1000000000000.0,""rho_source0_m2"":1243463229772382.0,""taylor_H0_eV"":0.809991531651891,""taylor_activation_entropy_kB"":28.35641037672758,""taylor_corr_rho_c_m2"":155440641681363.8,""taylor_corr_scale"":1.8684628513850499,""taylor_exp_a"":0.7048910272121429,""taylor_exp_n"":0.5389550719410181,""taylor_nu0_s"":100000000000.0}",ARCHIVED_MORPH_0.25,v913_zeroD_sobol_0202500|v913_zeroD_sobol_0060219,0.0,0.0,0.22499999999999998,1.5,0.0,0.24020451073042348,0.7524015137243502,0.0,0.13283860097090422,0.8106996101669589,0.16666666666666666,0.95,True,"{""TARGET_RIGHT_CENSORED"": 12}",481.33,2.7539324918248638,0.00560873103002085,6.297187232123997,-0.0013667374697979252,0.501655759200629,2.2784338189044604,0.026239358201278,3.4694197120709833,0.004266026731114825,3.102607423741048,-0.0056472134646027745,0.1616410061463057,0.5709912332369604,0.0103682254353579,2.546644432690913,-23.559700208716094,1.448395521938801,1.871259921230376,1000000000000.0,0.809991531651891,28.35641037672758,0.7048910272121429,0.5389550719410181,100000000000.0,1243463229772382.0,155440641681363.8,1.8684628513850499,2.8091753344849457,True,0.0,True,PARETO_NONDOMINATED
oneD_v2_dbtt_R_4e6f87715ef27fa4,DBTT,4e6f87715ef27fa474970aaa63ec8a41e338a39b97776a0019f109a996bcdb2a,"{""Tref_K"":481.33,""c_blunt"":2.233097659157194,""cleave_G00_eV"":2.9992868896438996,""cleave_exp_a"":0.7419834472136386,""cleave_exp_n"":1.982887184429291,""cleave_floor_frac"":0.026239358201278,""cleave_gT_eV_per_K"":0.00838203361452133,""cleave_sT_GPa_per_K"":-0.0005020474702319593,""cleave_sigc0_GPa"":6.4986894230014585,""emit_G00_eV"":3.105916654118198,""emit_exp_a"":0.25085114330784647,""emit_exp_n"":0.386546141527064,""emit_floor_frac"":0.0103682254353579,""emit_gT_eV_per_K"":0.00657262809507528,""emit_sT_GPa_per_K"":-0.007449653085491588,""emit_sigc0_GPa"":4.418370488343436,""peierls_H0_eV"":3.01268095448215,""peierls_activation_entropy_kB"":-51.69403024035118,""peierls_exp_a"":1.448395521938801,""peierls_exp_n"":1.871259921230376,""peierls_nu0_s"":1000000000000.0,""rho_source0_m2"":1068861353679104.8,""taylor_H0_eV"":1.1618797681428958,""taylor_activation_entropy_kB"":44.756731922955446,""taylor_corr_rho_c_m2"":69179593643581.375,""taylor_corr_scale"":1.8713418557686414,""taylor_exp_a"":0.7048910272121429,""taylor_exp_n"":0.5389550719410181,""taylor_nu0_s"":100000000000.0}",SOBOL_LOCAL_MATERIAL,v913_zeroD_sobol_0202500,0.0,0.0,0.22499999999999998,1.5,0.0,0.33511839442698954,0.7859220424319167,0.0,0.13161673506150626,0.7920600600429735,0.16666666666666666,0.95,True,"{""TARGET_RIGHT_CENSORED"": 12}",481.33,2.9992868896438996,0.00838203361452133,6.4986894230014585,-0.0005020474702319593,0.7419834472136386,1.982887184429291,0.026239358201278,3.105916654118198,0.00657262809507528,4.418370488343436,-0.007449653085491588,0.25085114330784647,0.386546141527064,0.0103682254353579,3.01268095448215,-51.69403024035118,1.448395521938801,1.871259921230376,1000000000000.0,1.1618797681428958,44.756731922955446,0.7048910272121429,0.5389550719410181,100000000000.0,1068861353679104.8,69179593643581.375,1.8713418557686414,2.233097659157194,False,0.003890894132582041,True,PARETO_NEAR_FRONT
oneD_v2_dbtt_R_3f6356d31882d8e8,DBTT,3f6356d31882d8e8adf48aa78919e4ae323b53e38372ca7938ab228890c6bad0,"{""Tref_K"":481.33,""c_blunt"":6.040151305373031,""cleave_G00_eV"":2.6393843574567355,""cleave_exp_a"":0.627816755388258,""cleave_exp_n"":1.9004435591442108,""cleave_floor_frac"":0.026239358201278,""cleave_gT_eV_per_K"":0.007578286368498947,""cleave_sT_GPa_per_K"":-0.001877399408499741,""cleave_sigc0_GPa"":5.677168400107586,""emit_G00_eV"":5.437010194924854,""emit_exp_a"":0.16064021058268407,""emit_exp_n"":0.3193183491086857,""emit_floor_frac"":0.0103682254353579,""emit_gT_eV_per_K"":0.0029751237500606283,""emit_sT_GPa_per_K"":-0.006377127342438235,""emit_sigc0_GPa"":3.632347870709905,""peierls_H0_eV"":4.819011654866043,""peierls_activation_entropy_kB"":-46.64107249998152,""peierls_exp_a"":1.448395521938801,""peierls_exp_n"":1.871259921230376,""peierls_nu0_s"":1000000000000.0,""rho_source0_m2"":1559228277900801.5,""taylor_H0_eV"":1.0555317836869542,""taylor_activation_entropy_kB"":39.30478603969682,""taylor_corr_rho_c_m2"":17674510924853.53,""taylor_corr_scale"":0.9160625660766393,""taylor_exp_a"":0.7048910272121429,""taylor_exp_n"":0.5389550719410181,""taylor_nu0_s"":100000000000.0}",SOBOL_LOCAL_MATERIAL,v913_zeroD_sobol_0202500,0.0,0.0,0.22499999999999998,1.5,0.0,0.5197560877442796,0.8575275670089856,0.0,0.17193105433291955,1.0510416283984447,0.16666666666666666,0.95,True,"{""TARGET_RIGHT_CENSORED"": 12}",481.33,2.6393843574567355,0.007578286368498947,5.677168400107586,-0.001877399408499741,0.627816755388258,1.9004435591442108,0.026239358201278,5.437010194924854,0.0029751237500606283,3.632347870709905,-0.006377127342438235,0.16064021058268407,0.3193183491086857,0.0103682254353579,4.819011654866043,-46.64107249998152,1.448395521938801,1.871259921230376,1000000000000.0,1.0555317836869542,39.30478603969682,0.7048910272121429,0.5389550719410181,100000000000.0,1559228277900801.5,17674510924853.53,0.9160625660766393,6.040151305373031,False,0.029256972231227692,True,PARETO_NEAR_FRONT
oneD_v2_dbtt_R_e2f66886a0be1923,DBTT,e2f66886a0be1923127bfbb018c05a9198393248143e5a6a84a411d5a7343ba1,"{""Tref_K"":481.33,""c_blunt"":1.197115011691537,""cleave_G00_eV"":2.046931891465721,""cleave_exp_a"":0.6325356625279365,""cleave_exp_n"":1.7558189804387636,""cleave_floor_frac"":0.026239358201278,""cleave_gT_eV_per_K"":0.004886721645955228,""cleave_sT_GPa_per_K"":-0.0009082869134231131,""cleave_sigc0_GPa"":9.756381952626466,""emit_G00_eV"":2.7710648023170195,""emit_exp_a"":0.17071109901554193,""emit_exp_n"":0.4083438595368336,""emit_floor_frac"":0.0103682254353579,""emit_gT_eV_per_K"":0.002769181305393572,""emit_sT_GPa_per_K"":-0.004945142826048568,""emit_sigc0_GPa"":2.6639003597117776,""peierls_H0_eV"":3.0776299365692283,""peierls_activation_entropy_kB"":-26.502638112431935,""peierls_exp_a"":1.448395521938801,""peierls_exp_n"":1.871259921230376,""peierls_nu0_s"":1000000000000.0,""rho_source0_m2"":889587987048113.4,""taylor_H0_eV"":2.386809685641347,""taylor_activation_entropy_kB"":36.650082769735,""taylor_corr_rho_c_m2"":26827884449586.473,""taylor_corr_scale"":2.1337985381015487,""taylor_exp_a"":0.7048910272121429,""taylor_exp_n"":0.5389550719410181,""taylor_nu0_s"":100000000000.0}",SOBOL_LOCAL_MATERIAL,v913_zeroD_sobol_0202500,0.0,0.0,0.22499999999999998,1.5,0.0,0.6164634426529021,1.0250691511421526,0.0,0.17641126585340317,1.0611100252605483,0.3333333333333333,0.9,True,"{""TARGET_RIGHT_CENSORED"": 12}",481.33,2.046931891465721,0.004886721645955228,9.756381952626466,-0.0009082869134231131,0.6325356625279365,1.7558189804387636,0.026239358201278,2.7710648023170195,0.002769181305393572,2.6639003597117776,-0.004945142826048568,0.17071109901554193,0.4083438595368336,0.0103682254353579,3.0776299365692283,-26.502638112431935,1.448395521938801,1.871259921230376,1000000000000.0,2.386809685641347,36.650082769735,0.7048910272121429,0.5389550719410181,100000000000.0,889587987048113.4,26827884449586.473,2.1337985381015487,1.197115011691537,False,0.03980086046762463,True,PARETO_NEAR_FRONT
oneD_v2_dbtt_R_d6448a12a75f1e5e,DBTT,d6448a12a75f1e5eae0403aed6c1eeb51a4985faae0bca23145d9d48767e040b,"{""Tref_K"":481.33,""c_blunt"":1.2657472427083682,""cleave_G00_eV"":3.591644486977336,""cleave_exp_a"":0.41721055652961714,""cleave_exp_n"":2.3676265809902834,""cleave_floor_frac"":0.026239358201278,""cleave_gT_eV_per_K"":0.0074270258967431505,""cleave_sT_GPa_per_K"":-0.00036691726971827346,""cleave_sigc0_GPa"":7.742336597116687,""emit_G00_eV"":4.276830549945509,""emit_exp_a"":0.19175089052414312,""emit_exp_n"":0.5205809153013514,""emit_floor_frac"":0.0103682254353579,""emit_gT_eV_per_K"":0.004762598976283864,""emit_sT_GPa_per_K"":-0.0023564406020042603,""emit_sigc0_GPa"":1.2736916707657036,""peierls_H0_eV"":4.148041394564423,""peierls_activation_entropy_kB"":-46.533710059278526,""peierls_exp_a"":1.448395521938801,""peierls_exp_n"":1.871259921230376,""peierls_nu0_s"":1000000000000.0,""rho_source0_m2"":795761557019596.5,""taylor_H0_eV"":1.1205168950988709,""taylor_activation_entropy_kB"":38.851468259963596,""taylor_corr_rho_c_m2"":46200420258048.21,""taylor_corr_scale"":2.11071881915757,""taylor_exp_a"":0.7048910272121429,""taylor_exp_n"":0.5389550719410181,""taylor_nu0_s"":100000000000.0}",SOBOL_LOCAL_MATERIAL,v913_zeroD_sobol_0202500,0.0,0.0,0.22499999999999998,1.5,0.0,0.7864449489872327,1.1526909306505508,0.0,0.18590156000327518,1.1163661858524419,0.3333333333333333,0.9,True,"{""TARGET_RIGHT_CENSORED"": 12}",481.33,3.591644486977336,0.0074270258967431505,7.742336597116687,-0.00036691726971827346,0.41721055652961714,2.3676265809902834,0.026239358201278,4.276830549945509,0.004762598976283864,1.2736916707657036,-0.0023564406020042603,0.19175089052414312,0.5205809153013514,0.0103682254353579,4.148041394564423,-46.533710059278526,1.448395521938801,1.871259921230376,1000000000000.0,1.1205168950988709,38.851468259963596,0.7048910272121429,0.5389550719410181,100000000000.0,795761557019596.5,46200420258048.21,2.11071881915757,1.2657472427083682,False,0.0699396573147211,True,PARETO_NEAR_FRONT
oneD_v2_dbtt_R_002d143fc98d5905,DBTT,002d143fc98d5905b56c3f8671be7e90e9ddc0010fda6f6baba79fc6bf98f077,"{""Tref_K"":481.33,""c_blunt"":1.9448192098315258,""cleave_G00_eV"":2.550704747787524,""cleave_exp_a"":0.3379860088884078,""cleave_exp_n"":3.5151370084349653,""cleave_floor_frac"":0.026239358201278,""cleave_gT_eV_per_K"":0.00444448081913611,""cleave_sT_GPa_per_K"":-0.0006428218381900635,""cleave_sigc0_GPa"":9.530258397348302,""emit_G00_eV"":4.48812532931178,""emit_exp_a"":0.16710277962061595,""emit_exp_n"":0.4478252892178143,""emit_floor_frac"":0.0103682254353579,""emit_gT_eV_per_K"":0.009563431180695556,""emit_sT_GPa_per_K"":-0.005158745508686837,""emit_sigc0_GPa"":3.056900091842163,""peierls_H0_eV"":2.364277950005225,""peierls_activation_entropy_kB"":-38.5854889739765,""peierls_exp_a"":1.448395521938801,""peierls_exp_n"":1.871259921230376,""peierls_nu0_s"":1000000000000.0,""rho_source0_m2"":993884540965408.9,""taylor_H0_eV"":2.2892881263495095,""taylor_activation_entropy_kB"":29.84177768572616,""taylor_corr_rho_c_m2"":12176183677971.586,""taylor_corr_scale"":2.349956467647637,""taylor_exp_a"":0.7048910272121429,""taylor_exp_n"":0.5389550719410181,""taylor_nu0_s"":100000000000.0}",SOBOL_LOCAL_MATERIAL,v913_zeroD_sobol_0202500,0.0,0.0,0.22499999999999998,1.5,0.0,0.8280423395117722,1.019190588862921,0.0,0.22121347519049825,1.3344992008552388,0.3333333333333333,0.9,True,"{""TARGET_RIGHT_CENSORED"": 12}",481.33,2.550704747787524,0.00444448081913611,9.530258397348302,-0.0006428218381900635,0.3379860088884078,3.5151370084349653,0.026239358201278,4.48812532931178,0.009563431180695556,3.056900091842163,-0.005158745508686837,0.16710277962061595,0.4478252892178143,0.0103682254353579,2.364277950005225,-38.5854889739765,1.448395521938801,1.871259921230376,1000000000000.0,2.2892881263495095,29.84177768572616,0.7048910272121429,0.5389550719410181,100000000000.0,993884540965408.9,12176183677971.586,2.349956467647637,1.9448192098315258,False,0.07806791615967713,True,PARETO_NEAR_FRONT
oneD_v2_dbtt_R_b2538fe6640d6642,DBTT,b2538fe6640d6642724d3c1a702bcc290976271a81e9baa22e733c65141a8927,"{""Tref_K"":481.33,""c_blunt"":1.999280030964998,""cleave_G00_eV"":2.8536545826847948,""cleave_exp_a"":0.689066669046313,""cleave_exp_n"":1.9474737112355645,""cleave_floor_frac"":0.026239358201278,""cleave_gT_eV_per_K"":0.0030709062342066,""cleave_sT_GPa_per_K"":0.0028962310180068,""cleave_sigc0_GPa"":6.297721663121188,""emit_G00_eV"":3.3300922315653914,""emit_exp_a"":0.3354394705973593,""emit_exp_n"":0.7540547313243142,""emit_floor_frac"":0.0103682254353579,""emit_gT_eV_per_K"":0.00238136643497275,""emit_sT_GPa_per_K"":-0.00517711427435275,""emit_sigc0_GPa"":4.6007524856563435,""peierls_H0_eV"":4.041300807780551,""peierls_activation_entropy_kB"":-18.988184724003077,""peierls_exp_a"":1.448395521938801,""peierls_exp_n"":1.871259921230376,""peierls_nu0_s"":1000000000000.0,""rho_source0_m2"":941774034579828.9,""taylor_H0_eV"":1.5348910353340095,""taylor_activation_entropy_kB"":27.240315601229668,""taylor_corr_rho_c_m2"":488990881992549.8,""taylor_corr_scale"":1.2147101773938487,""taylor_exp_a"":0.7048910272121429,""taylor_exp_n"":0.5389550719410181,""taylor_nu0_s"":100000000000.0}",ARCHIVED_MORPH_0.50,v913_zeroD_sobol_0202500|v913_zeroD_sobol_0027268,0.0,0.0,0.3,2.0,0.0,0.29096911396789127,0.4988801993106637,0.0,0.0,0.0,0.0,1.0,True,"{""TARGET_RIGHT_CENSORED"": 12}",481.33,2.8536545826847948,0.0030709062342066,6.297721663121188,0.0028962310180068,0.689066669046313,1.9474737112355645,0.026239358201278,3.3300922315653914,0.00238136643497275,4.6007524856563435,-0.00517711427435275,0.3354394705973593,0.7540547313243142,0.0103682254353579,4.041300807780551,-18.988184724003077,1.448395521938801,1.871259921230376,1000000000000.0,1.5348910353340095,27.240315601229668,0.7048910272121429,0.5389550719410181,100000000000.0,941774034579828.9,488990881992549.8,1.2147101773938487,1.999280030964998,True,0.0,True,PARETO_NONDOMINATED
oneD_v2_dbtt_R_30d8331a2d5b1878,DBTT,30d8331a2d5b1878f5131c747020704c348ab7d9273c3dbe7f066457d08e68de,"{""Tref_K"":481.33,""c_blunt"":4.036002722358313,""cleave_G00_eV"":2.400212222210129,""cleave_exp_a"":0.6519720373964475,""cleave_exp_n"":2.249652091023321,""cleave_floor_frac"":0.026239358201278,""cleave_gT_eV_per_K"":0.00404764931464534,""cleave_sT_GPa_per_K"":-0.00010418248788719611,""cleave_sigc0_GPa"":4.498745847047528,""emit_G00_eV"":3.419691596839507,""emit_exp_a"":0.13824545853498185,""emit_exp_n"":0.321597777920679,""emit_floor_frac"":0.0103682254353579,""emit_gT_eV_per_K"":0.0047095589633306175,""emit_sT_GPa_per_K"":-0.003863487844441613,""emit_sigc0_GPa"":1.9019385061997645,""peierls_H0_eV"":5.53863581183678,""peierls_activation_entropy_kB"":-42.396687321294145,""peierls_exp_a"":1.448395521938801,""peierls_exp_n"":1.871259921230376,""peierls_nu0_s"":1000000000000.0,""rho_source0_m2"":1786598755835640.8,""taylor_H0_eV"":1.0219589048566513,""taylor_activation_entropy_kB"":46.4003881430116,""taylor_corr_rho_c_m2"":48273242344195.24,""taylor_corr_scale"":0.951956891035758,""taylor_exp_a"":0.7048910272121429,""taylor_exp_n"":0.5389550719410181,""taylor_nu0_s"":100000000000.0}",SOBOL_LOCAL_MATERIAL,v913_zeroD_sobol_0202500,0.0,0.0,0.3,2.0,0.0,1.0493556030867988,0.3636618337137468,0.0,0.0,0.0,0.0,1.0,True,"{""TARGET_RIGHT_CENSORED"": 12}",481.33,2.400212222210129,0.00404764931464534,4.498745847047528,-0.00010418248788719611,0.6519720373964475,2.249652091023321,0.026239358201278,3.419691596839507,0.0047095589633306175,1.9019385061997645,-0.003863487844441613,0.13824545853498185,0.321597777920679,0.0103682254353579,5.53863581183678,-42.396687321294145,1.448395521938801,1.871259921230376,1000000000000.0,1.0219589048566513,46.4003881430116,0.7048910272121429,0.5389550719410181,100000000000.0,1786598755835640.8,48273242344195.24,0.951956891035758,4.036002722358313,True,0.0,True,PARETO_NONDOMINATED
oneD_v2_dbtt_R_8d5819a26cce33fb,DBTT,8d5819a26cce33fbb28171e02b6996b2368e0c0332fee7e1966a4d79421167e9,"{""Tref_K"":481.33,""c_blunt"":1.2888668587362393,""cleave_G00_eV"":1.5745766604302052,""cleave_exp_a"":0.7268585875015258,""cleave_exp_n"":1.8289662184524436,""cleave_floor_frac"":0.026239358201278,""cleave_gT_eV_per_K"":0.003709200930876077,""cleave_sT_GPa_per_K"":-0.00031120793137128205,""cleave_sigc0_GPa"":7.4251183366622096,""emit_G00_eV"":5.901290156731579,""emit_exp_a"":0.14685554912918478,""emit_exp_n"":0.7981347524773763,""emit_floor_frac"":0.0103682254353579,""emit_gT_eV_per_K"":0.005612769203326209,""emit_sT_GPa_per_K"":-0.006965507673489888,""emit_sigc0_GPa"":1.8758585195284818,""peierls_H0_eV"":3.410003935056349,""peierls_activation_entropy_kB"":-50.488328981868065,""peierls_exp_a"":1.448395521938801,""peierls_exp_n"":1.871259921230376,""peierls_nu0_s"":1000000000000.0,""rho_source0_m2"":156121805336653.2,""taylor_H0_eV"":1.3837695155571939,""taylor_activation_entropy_kB"":21.06079512754353,""taylor_corr_rho_c_m2"":13251423329816.793,""taylor_corr_scale"":0.7691510293686364,""taylor_exp_a"":0.7048910272121429,""taylor_exp_n"":0.5389550719410181,""taylor_nu0_s"":100000000000.0}",SOBOL_LOCAL_MATERIAL,v913_zeroD_sobol_0202500,0.0,0.0016627990832172312,0.15,2.0,0.0,0.6138814912978389,1.5782445316342673,0.0,0.30852571714580684,0.755565780622515,1.0,0.8823529411764706,True,"{""TARGET_RIGHT_CENSORED"": 12}",481.33,1.5745766604302052,0.003709200930876077,7.4251183366622096,-0.00031120793137128205,0.7268585875015258,1.8289662184524436,0.026239358201278,5.901290156731579,0.005612769203326209,1.8758585195284818,-0.006965507673489888,0.14685554912918478,0.7981347524773763,0.0103682254353579,3.410003935056349,-50.488328981868065,1.448395521938801,1.871259921230376,1000000000000.0,1.3837695155571939,21.06079512754353,0.7048910272121429,0.5389550719410181,100000000000.0,156121805336653.2,13251423329816.793,0.7691510293686364,1.2888668587362393,False,0.07716219718871038,True,PARETO_NEAR_FRONT
oneD_v2_dbtt_R_2f88f5bf7d9e0bf8,DBTT,2f88f5bf7d9e0bf85af1447594fb14e438b5b6a48a377117d510dae389bf0ab2,"{""Tref_K"":481.33,""c_blunt"":1.4573174726776676,""cleave_G00_eV"":2.3050534408496137,""cleave_exp_a"":0.39388867933376503,""cleave_exp_n"":3.8184829968972567,""cleave_floor_frac"":0.026239358201278,""cleave_gT_eV_per_K"":0.00808767391644733,""cleave_sT_GPa_per_K"":-7.953724379040992e-05,""cleave_sigc0_GPa"":6.653706276015532,""emit_G00_eV"":3.6568919637244948,""emit_exp_a"":0.24293606978305485,""emit_exp_n"":0.37326433646056434,""emit_floor_frac"":0.0103682254353579,""emit_gT_eV_per_K"":0.005762010996477089,""emit_sT_GPa_per_K"":-0.007257167399102412,""emit_sigc0_GPa"":1.5104028788807446,""peierls_H0_eV"":2.400672333283869,""peierls_activation_entropy_kB"":-17.48153834433719,""peierls_exp_a"":1.448395521938801,""peierls_exp_n"":1.871259921230376,""peierls_nu0_s"":1000000000000.0,""rho_source0_m2"":960290751850150.0,""taylor_H0_eV"":1.0288051663559028,""taylor_activation_entropy_kB"":14.495192452895594,""taylor_corr_rho_c_m2"":14969875298555.188,""taylor_corr_scale"":2.4490483037437154,""taylor_exp_a"":0.7048910272121429,""taylor_exp_n"":0.5389550719410181,""taylor_nu0_s"":100000000000.0}",SOBOL_LOCAL_MATERIAL,v913_zeroD_sobol_0202500,0.0,0.0033580618051929356,0.15,1.0,0.0,0.44806702841992563,1.486520950199555,0.0,0.19643891321673246,0.5936179888466271,0.3333333333333333,0.95,True,"{""TARGET_RIGHT_CENSORED"": 12}",481.33,2.3050534408496137,0.00808767391644733,6.653706276015532,-7.953724379040992e-05,0.39388867933376503,3.8184829968972567,0.026239358201278,3.6568919637244948,0.005762010996477089,1.5104028788807446,-0.007257167399102412,0.24293606978305485,0.37326433646056434,0.0103682254353579,2.400672333283869,-17.48153834433719,1.448395521938801,1.871259921230376,1000000000000.0,1.0288051663559028,14.495192452895594,0.7048910272121429,0.5389550719410181,100000000000.0,960290751850150.0,14969875298555.188,2.4490483037437154,1.4573174726776676,False,0.00846439611115275,True,PARETO_NEAR_FRONT
oneD_v2_dbtt_R_a33b239c0f8fc9ba,DBTT,a33b239c0f8fc9ba61ed2ef4f2117262989bf0eea0917043e96719969220e5ed,"{""Tref_K"":481.33,""c_blunt"":2.6732572689847536,""cleave_G00_eV"":2.5135044265146806,""cleave_exp_a"":0.5954658595378522,""cleave_exp_n"":1.7751500154062714,""cleave_floor_frac"":0.026239358201278,""cleave_gT_eV_per_K"":0.006365603648941025,""cleave_sT_GPa_per_K"":-0.001558991775615125,""cleave_sigc0_GPa"":6.19852023886834,""emit_G00_eV"":3.460285265303381,""emit_exp_a"":0.15088378864655652,""emit_exp_n"":0.6185056924934321,""emit_floor_frac"":0.0103682254353579,""emit_gT_eV_per_K"":0.003910909393103799,""emit_sT_GPa_per_K"":-0.004728236017748649,""emit_sigc0_GPa"":2.9722888143176664,""peierls_H0_eV"":3.7226168316578545,""peierls_activation_entropy_kB"":-30.78770578838885,""peierls_exp_a"":1.448395521938801,""peierls_exp_n"":1.871259921230376,""peierls_nu0_s"":1000000000000.0,""rho_source0_m2"":1417753826651544.0,""taylor_H0_eV"":1.400348401451479,""taylor_activation_entropy_kB"":27.59171794168651,""taylor_corr_rho_c_m2"":141056631944533.7,""taylor_corr_scale"":1.5682660044547085,""taylor_exp_a"":0.7048910272121429,""taylor_exp_n"":0.5389550719410181,""taylor_nu0_s"":100000000000.0}",ARCHIVED_MORPH_0.25,v913_zeroD_sobol_0202500|v913_zeroD_sobol_0091348,0.0,0.007781214096706179,0.3,2.0,0.0,0.3864830572634095,0.4761868792220265,0.0,0.06283541320648892,0.754024958477867,0.08333333333333333,0.95,True,"{""TARGET_RIGHT_CENSORED"": 12}",481.33,2.5135044265146806,0.006365603648941025,6.19852023886834,-0.001558991775615125,0.5954658595378522,1.7751500154062714,0.026239358201278,3.460285265303381,0.003910909393103799,2.9722888143176664,-0.004728236017748649,0.15088378864655652,0.6185056924934321,0.0103682254353579,3.7226168316578545,-30.78770578838885,1.448395521938801,1.871259921230376,1000000000000.0,1.400348401451479,27.59171794168651,0.7048910272121429,0.5389550719410181,100000000000.0,1417753826651544.0,141056631944533.7,1.5682660044547085,2.6732572689847536,True,0.0,True,PARETO_NONDOMINATED
oneD_v2_dbtt_R_dc7912ba980a69a6,DBTT,dc7912ba980a69a67446ff5f5778a2e33aff663974b324705a2b7bc3058211db,"{""Tref_K"":481.33,""c_blunt"":2.6941015824864807,""cleave_G00_eV"":3.2167267018449466,""cleave_exp_a"":0.5065216143240221,""cleave_exp_n"":1.9823020177398947,""cleave_floor_frac"":0.026239358201278,""cleave_gT_eV_per_K"":0.005608949014917,""cleave_sT_GPa_per_K"":-0.00152933623874555,""cleave_sigc0_GPa"":5.874628149380852,""emit_G00_eV"":3.598578197250149,""emit_exp_a"":0.16615042808155037,""emit_exp_n"":0.6323127351389505,""emit_floor_frac"":0.0103682254353579,""emit_gT_eV_per_K"":0.00236524099856615,""emit_sT_GPa_per_K"":-0.0060711194947361494,""emit_sigc0_GPa"":3.546452646242229,""peierls_H0_eV"":1.8394534617643874,""peierls_activation_entropy_kB"":-10.78007179312408,""peierls_exp_a"":1.448395521938801,""peierls_exp_n"":1.871259921230376,""peierls_nu0_s"":1000000000000.0,""rho_source0_m2"":2951052903344580.5,""taylor_H0_eV"":0.4374451222461706,""taylor_activation_entropy_kB"":25.346886105835438,""taylor_corr_rho_c_m2"":1096146702418917.9,""taylor_corr_scale"":2.7510556956957464,""taylor_exp_a"":0.7048910272121429,""taylor_exp_n"":0.5389550719410181,""taylor_nu0_s"":100000000000.0}",ARCHIVED_MORPH_0.50,v913_zeroD_sobol_0202500|v913_zeroD_sobol_0060219,0.0,0.011228894145345059,0.22499999999999998,1.5,0.0,0.33327529024375424,0.6537627336282051,0.0,0.12602469179940248,0.7741136516906554,0.16666666666666666,0.95,True,"{""TARGET_RIGHT_CENSORED"": 12}",481.33,3.2167267018449466,0.005608949014917,5.874628149380852,-0.00152933623874555,0.5065216143240221,1.9823020177398947,0.026239358201278,3.598578197250149,0.00236524099856615,3.546452646242229,-0.0060711194947361494,0.16615042808155037,0.6323127351389505,0.0103682254353579,1.8394534617643874,-10.78007179312408,1.448395521938801,1.871259921230376,1000000000000.0,0.4374451222461706,25.346886105835438,0.7048910272121429,0.5389550719410181,100000000000.0,2951052903344580.5,1096146702418917.9,2.7510556956957464,2.6941015824864807,True,0.0,True,PARETO_NONDOMINATED
oneD_v2_dbtt_R_10e35972a9427ce6,DBTT,10e35972a9427ce65c6e25b712a4806b18b679b46379847023d435b325bf8d18,"{""Tref_K"":481.33,""c_blunt"":6.386306936333022,""cleave_G00_eV"":1.5857133262971137,""cleave_exp_a"":0.4156076082254036,""cleave_exp_n"":2.5574675519899808,""cleave_floor_frac"":0.026239358201278,""cleave_gT_eV_per_K"":0.00506425738055791,""cleave_sT_GPa_per_K"":-0.0013357088484122512,""cleave_sigc0_GPa"":4.840337768214466,""emit_G00_eV"":1.8471061348692763,""emit_exp_a"":0.1811558461033068,""emit_exp_n"":0.6683579924185394,""emit_floor_frac"":0.0103682254353579,""emit_gT_eV_per_K"":0.0049107911668025105,""emit_sT_GPa_per_K"":-0.007214613861802034,""emit_sigc0_GPa"":4.621860305882224,""peierls_H0_eV"":2.6752628620020436,""peierls_activation_entropy_kB"":-25.75849475214478,""peierls_exp_a"":1.448395521938801,""peierls_exp_n"":1.871259921230376,""peierls_nu0_s"":1000000000000.0,""rho_source0_m2"":1610922866464420.0,""taylor_H0_eV"":2.2282980338174263,""taylor_activation_entropy_kB"":36.79209209411616,""taylor_corr_rho_c_m2"":9369842593473.053,""taylor_corr_scale"":0.9050043114458074,""taylor_exp_a"":0.7048910272121429,""taylor_exp_n"":0.5389550719410181,""taylor_nu0_s"":100000000000.0}",SOBOL_LOCAL_MATERIAL,v913_zeroD_sobol_0202500,0.0,0.013402060222082401,0.3,2.0,0.0,1.0936785932793083,0.7335578496450114,0.0,0.06802363024263723,0.8162835629116468,0.08333333333333333,0.95,True,"{""TARGET_RIGHT_CENSORED"": 12}",481.33,1.5857133262971137,0.00506425738055791,4.840337768214466,-0.0013357088484122512,0.4156076082254036,2.5574675519899808,0.026239358201278,1.8471061348692763,0.0049107911668025105,4.621860305882224,-0.007214613861802034,0.1811558461033068,0.6683579924185394,0.0103682254353579,2.6752628620020436,-25.75849475214478,1.448395521938801,1.871259921230376,1000000000000.0,2.2282980338174263,36.79209209411616,0.7048910272121429,0.5389550719410181,100000000000.0,1610922866464420.0,9369842593473.053,0.9050043114458074,6.386306936333022,False,0.010450759934701999,True,PARETO_NEAR_FRONT
oneD_v2_dbtt_R_a4db378e4b66524b,DBTT,a4db378e4b66524b5777f777083411bc52e41aa7156caf25610f607a144bb2f2,"{""Tref_K"":481.33,""c_blunt"":2.1231963855977796,""cleave_G00_eV"":3.0919611958641995,""cleave_exp_a"":0.25953598746617473,""cleave_exp_n"":2.552618537112083,""cleave_floor_frac"":0.026239358201278,""cleave_gT_eV_per_K"":0.00501816378533835,""cleave_sT_GPa_per_K"":-0.0005702766356989702,""cleave_sigc0_GPa"":4.733329511779048,""emit_G00_eV"":3.7658474476351547,""emit_exp_a"":0.1353026890104556,""emit_exp_n"":0.9817329174305471,""emit_floor_frac"":0.0103682254353579,""emit_gT_eV_per_K"":0.0018191943513229498,""emit_sT_GPa_per_K"":-0.006198375482112099,""emit_sigc0_GPa"":3.345843992811955,""peierls_H0_eV"":1.83764825967986,""peierls_activation_entropy_kB"":-28.504621125757694,""peierls_exp_a"":1.448395521938801,""peierls_exp_n"":1.871259921230376,""peierls_nu0_s"":1000000000000.0,""rho_source0_m2"":261942001450857.1,""taylor_H0_eV"":0.47136154849891804,""taylor_activation_entropy_kB"":26.91574241966009,""taylor_corr_rho_c_m2"":4499151751284.138,""taylor_corr_scale"":0.5424193440723007,""taylor_exp_a"":0.7048910272121429,""taylor_exp_n"":0.5389550719410181,""taylor_nu0_s"":100000000000.0}",ARCHIVED_MORPH_0.50,v913_zeroD_sobol_0202500|v913_zeroD_sobol_0162507,0.0,0.014022520457504045,0.0,1.0,0.0,0.27015989700510024,1.2234936071687819,0.0,0.4477242366846385,0.7265415719528598,1.25,0.8823529411764706,True,"{""TARGET_RIGHT_CENSORED"": 12}",481.33,3.0919611958641995,0.00501816378533835,4.733329511779048,-0.0005702766356989702,0.25953598746617473,2.552618537112083,0.026239358201278,3.7658474476351547,0.0018191943513229498,3.345843992811955,-0.006198375482112099,0.1353026890104556,0.9817329174305471,0.0103682254353579,1.83764825967986,-28.504621125757694,1.448395521938801,1.871259921230376,1000000000000.0,0.47136154849891804,26.91574241966009,0.7048910272121429,0.5389550719410181,100000000000.0,261942001450857.1,4499151751284.138,0.5424193440723007,2.1231963855977796,True,0.0,True,PARETO_NONDOMINATED
oneD_v2_dbtt_R_f9c979ed41bcfbc2,DBTT,f9c979ed41bcfbc29fe955655897597b98ff6476e8d278e141ddbae0031b0a22,"{""Tref_K"":481.33,""c_blunt"":2.419962728274486,""cleave_G00_eV"":2.5938622556708286,""cleave_exp_a"":0.585109881767731,""cleave_exp_n"":2.2583295054051162,""cleave_floor_frac"":0.026239358201278,""cleave_gT_eV_per_K"":0.00433970963966565,""cleave_sT_GPa_per_K"":0.00084604615857825,""cleave_sigc0_GPa"":6.520008268179593,""emit_G00_eV"":3.3374863682219864,""emit_exp_a"":0.22967191670790563,""emit_exp_n"":0.6235408498267813,""emit_floor_frac"":0.0103682254353579,""emit_gT_eV_per_K"":0.004274089449318124,""emit_sT_GPa_per_K"":-0.005200210854411074,""emit_sigc0_GPa"":3.533818006561554,""peierls_H0_eV"":3.774717883516887,""peierls_activation_entropy_kB"":-27.663756674155593,""peierls_exp_a"":1.448395521938801,""peierls_exp_n"":1.871259921230376,""peierls_nu0_s"":1000000000000.0,""rho_source0_m2"":702453864370290.4,""taylor_H0_eV"":1.5172511106081383,""taylor_activation_entropy_kB"":29.303125124424696,""taylor_corr_rho_c_m2"":103819903322441.3,""taylor_corr_scale"":1.2415697173860445,""taylor_exp_a"":0.7048910272121429,""taylor_exp_n"":0.5389550719410181,""taylor_nu0_s"":100000000000.0}",ARCHIVED_MORPH_0.25,v913_zeroD_sobol_0202500|v913_zeroD_sobol_0027268,0.0,0.02177252006551758,0.3,2.0,0.0,0.3374387132135221,0.5860706616482356,0.0,0.0727600824812945,0.873120989775534,0.08333333333333333,0.95,True,"{""TARGET_RIGHT_CENSORED"": 12}",481.33,2.5938622556708286,0.00433970963966565,6.520008268179593,0.00084604615857825,0.585109881767731,2.2583295054051162,0.026239358201278,3.3374863682219864,0.004274089449318124,3.533818006561554,-0.005200210854411074,0.22967191670790563,0.6235408498267813,0.0103682254353579,3.774717883516887,-27.663756674155593,1.448395521938801,1.871259921230376,1000000000000.0,1.5172511106081383,29.303125124424696,0.7048910272121429,0.5389550719410181,100000000000.0,702453864370290.4,103819903322441.3,1.2415697173860445,2.419962728274486,False,0.011439138511681884,True,PARETO_NEAR_FRONT
oneD_v2_dbtt_R_c4859a34963f15af,DBTT,c4859a34963f15af8f0a768e9948a98385802b266845d1c9166f86669cb137c0,"{""Tref_K"":481.33,""c_blunt"":4.417075857697392,""cleave_G00_eV"":1.555030574690216,""cleave_exp_a"":0.5540489718738786,""cleave_exp_n"":3.2820365214039224,""cleave_floor_frac"":0.026239358201278,""cleave_gT_eV_per_K"":0.00476129068183239,""cleave_sT_GPa_per_K"":-0.00038266904151011065,""cleave_sigc0_GPa"":8.958192641825189,""emit_G00_eV"":4.0323646931378665,""emit_exp_a"":0.09495684507018155,""emit_exp_n"":0.5958818159366011,""emit_floor_frac"":0.0103682254353579,""emit_gT_eV_per_K"":0.005791682350533985,""emit_sT_GPa_per_K"":-0.0056532798569228875,""emit_sigc0_GPa"":2.2555982442585365,""peierls_H0_eV"":2.8005356939452675,""peierls_activation_entropy_kB"":-16.08780959512038,""peierls_exp_a"":1.448395521938801,""peierls_exp_n"":1.871259921230376,""peierls_nu0_s"":1000000000000.0,""rho_source0_m2"":1540295264461026.2,""taylor_H0_eV"":0.9384280178774456,""taylor_activation_entropy_kB"":25.766149126325256,""taylor_corr_rho_c_m2"":14521688365779.002,""taylor_corr_scale"":1.0823332580836238,""taylor_exp_a"":0.7048910272121429,""taylor_exp_n"":0.5389550719410181,""taylor_nu0_s"":100000000000.0}",SOBOL_LOCAL_MATERIAL,v913_zeroD_sobol_0202500,0.0,0.025435792078695896,0.0,0.0,0.0,1.000419864656029,2.7227718456176517,0.0,0.621054398920682,1.6477795353981208,1.3333333333333333,0.8823529411764706,True,"{""TARGET_RIGHT_CENSORED"": 12}",481.33,1.555030574690216,0.00476129068183239,8.958192641825189,-0.00038266904151011065,0.5540489718738786,3.2820365214039224,0.026239358201278,4.0323646931378665,0.005791682350533985,2.2555982442585365,-0.0056532798569228875,0.09495684507018155,0.5958818159366011,0.0103682254353579,2.8005356939452675,-16.08780959512038,1.448395521938801,1.871259921230376,1000000000000.0,0.9384280178774456,25.766149126325256,0.7048910272121429,0.5389550719410181,100000000000.0,1540295264461026.2,14521688365779.002,1.0823332580836238,4.417075857697392,True,0.0,True,PARETO_NONDOMINATED
oneD_v2_dbtt_R_17b2ed9d07691b19,DBTT,17b2ed9d07691b19aa298fdcfc38a0dca89f4bda117e116a87a5f0f9d3e0788e,"{""Tref_K"":481.33,""c_blunt"":2.672375861420469,""cleave_G00_eV"":3.183746498717774,""cleave_exp_a"":0.7802276275115061,""cleave_exp_n"":1.6136431178506332,""cleave_floor_frac"":0.026239358201278,""cleave_gT_eV_per_K"":0.0049904602698516,""cleave_sT_GPa_per_K"":4.816988902164995e-05,""cleave_sigc0_GPa"":6.692903224031584,""emit_G00_eV"":3.0593138183978854,""emit_exp_a"":0.2332280436928777,""emit_exp_n"":1.0737265687069553,""emit_floor_frac"":0.0103682254353579,""emit_gT_eV_per_K"":0.0017577978153713,""emit_sT_GPa_per_K"":-0.0058288109954446,""emit_sigc0_GPa"":4.629400316701499,""peierls_H0_eV"":2.4849076119066846,""peierls_activation_entropy_kB"":-9.754573600366712,""peierls_exp_a"":1.448395521938801,""peierls_exp_n"":1.871259921230376,""peierls_nu0_s"":1000000000000.0,""rho_source0_m2"":380199921199820.0,""taylor_H0_eV"":1.5674999960726337,""taylor_activation_entropy_kB"":24.66436905786395,""taylor_corr_rho_c_m2"":13924776445182.223,""taylor_corr_scale"":0.6444679099315669,""taylor_exp_a"":0.7048910272121429,""taylor_exp_n"":0.5389550719410181,""taylor_nu0_s"":100000000000.0}",ARCHIVED_MORPH_0.50,v913_zeroD_sobol_0202500|v913_zeroD_sobol_0088403,0.0,0.048277406105278226,0.15,2.0,0.0,0.3106560136115987,1.4919868282503264,0.0,0.32005225904708595,0.6419512835351272,1.0833333333333333,0.8823529411764706,True,"{""TARGET_RIGHT_CENSORED"": 12}",481.33,3.183746498717774,0.0049904602698516,6.692903224031584,4.816988902164995e-05,0.7802276275115061,1.6136431178506332,0.026239358201278,3.0593138183978854,0.0017577978153713,4.629400316701499,-0.0058288109954446,0.2332280436928777,1.0737265687069553,0.0103682254353579,2.4849076119066846,-9.754573600366712,1.448395521938801,1.871259921230376,1000000000000.0,1.5674999960726337,24.66436905786395,0.7048910272121429,0.5389550719410181,100000000000.0,380199921199820.0,13924776445182.223,0.6444679099315669,2.672375861420469,False,0.08137379892427199,True,PARETO_NEAR_FRONT
oneD_v2_dbtt_R_cd59840db1c0c479,DBTT,cd59840db1c0c47913d9c8419ecd944c23608851fd401b84ede94059a30284d9,"{""Tref_K"":481.33,""c_blunt"":1.7732858911133982,""cleave_G00_eV"":3.9013029541445023,""cleave_exp_a"":0.6120287021915938,""cleave_exp_n"":3.0781568544245195,""cleave_floor_frac"":0.026239358201278,""cleave_gT_eV_per_K"":0.0053743976067339855,""cleave_sT_GPa_per_K"":-0.0012910847512106437,""cleave_sigc0_GPa"":6.927260282877162,""emit_G00_eV"":4.0567816355285125,""emit_exp_a"":0.23780632136946725,""emit_exp_n"":0.383054553305435,""emit_floor_frac"":0.0103682254353579,""emit_gT_eV_per_K"":0.008954455722534442,""emit_sT_GPa_per_K"":-0.008082323125864693,""emit_sigc0_GPa"":2.7559123555912954,""peierls_H0_eV"":3.6055554907233995,""peierls_activation_entropy_kB"":-48.76144429488081,""peierls_exp_a"":1.448395521938801,""peierls_exp_n"":1.871259921230376,""peierls_nu0_s"":1000000000000.0,""rho_source0_m2"":466894137397088.1,""taylor_H0_eV"":1.139254460578491,""taylor_activation_entropy_kB"":28.011285402672375,""taylor_corr_rho_c_m2"":7707498659854.857,""taylor_corr_scale"":2.615234936261024,""taylor_exp_a"":0.7048910272121429,""taylor_exp_n"":0.5389550719410181,""taylor_nu0_s"":100000000000.0}",SOBOL_LOCAL_MATERIAL,v913_zeroD_sobol_0202500,0.0,0.06459431194983717,0.0,1.0,0.0,0.4838720812699315,1.0236470516613891,0.0,0.48707810197132484,0.7046832397462431,1.3333333333333333,0.8823529411764706,True,"{""TARGET_RIGHT_CENSORED"": 12}",481.33,3.9013029541445023,0.0053743976067339855,6.927260282877162,-0.0012910847512106437,0.6120287021915938,3.0781568544245195,0.026239358201278,4.0567816355285125,0.008954455722534442,2.7559123555912954,-0.008082323125864693,0.23780632136946725,0.383054553305435,0.0103682254353579,3.6055554907233995,-48.76144429488081,1.448395521938801,1.871259921230376,1000000000000.0,1.139254460578491,28.011285402672375,0.7048910272121429,0.5389550719410181,100000000000.0,466894137397088.1,7707498659854.857,2.615234936261024,1.7732858911133982,True,0.0,True,PARETO_NONDOMINATED
oneD_v2_dbtt_R_9f5160f509e713e2,DBTT,9f5160f509e713e256ea747e2549d05063d6a269258810b4348dcb4bc7fa9d59,"{""Tref_K"":481.33,""c_blunt"":1.7529365082089903,""cleave_G00_eV"":2.008633966829803,""cleave_exp_a"":0.37281658310123506,""cleave_exp_n"":2.0728245691276466,""cleave_floor_frac"":0.026239358201278,""cleave_gT_eV_per_K"":0.0063754405694973395,""cleave_sT_GPa_per_K"":-0.00046541699849512563,""cleave_sigc0_GPa"":6.871849853835221,""emit_G00_eV"":3.4949424819947663,""emit_exp_a"":0.21882931831669378,""emit_exp_n"":0.5337540849873799,""emit_floor_frac"":0.0103682254353579,""emit_gT_eV_per_K"":0.0035428968016845155,""emit_sT_GPa_per_K"":-0.006247799493564789,""emit_sigc0_GPa"":3.8464952265101164,""peierls_H0_eV"":4.953553982059941,""peierls_activation_entropy_kB"":-37.89774217673219,""peierls_exp_a"":1.448395521938801,""peierls_exp_n"":1.871259921230376,""peierls_nu0_s"":1000000000000.0,""rho_source0_m2"":752297186052096.9,""taylor_H0_eV"":1.5226765814499252,""taylor_activation_entropy_kB"":30.021098451532534,""taylor_corr_rho_c_m2"":39933150707666.805,""taylor_corr_scale"":0.8335919047629173,""taylor_exp_a"":0.7048910272121429,""taylor_exp_n"":0.5389550719410181,""taylor_nu0_s"":100000000000.0}",SOBOL_LOCAL_MATERIAL,v913_zeroD_sobol_0202500,0.0,0.07872099017597317,0.15,1.0,0.0,0.5107195369545358,1.1893673219489755,0.0,0.2002335877524605,0.9337703088783631,0.5,0.8823529411764706,True,"{""TARGET_RIGHT_CENSORED"": 12}",481.33,2.008633966829803,0.0063754405694973395,6.871849853835221,-0.00046541699849512563,0.37281658310123506,2.0728245691276466,0.026239358201278,3.4949424819947663,0.0035428968016845155,3.8464952265101164,-0.006247799493564789,0.21882931831669378,0.5337540849873799,0.0103682254353579,4.953553982059941,-37.89774217673219,1.448395521938801,1.871259921230376,1000000000000.0,1.5226765814499252,30.021098451532534,0.7048910272121429,0.5389550719410181,100000000000.0,752297186052096.9,39933150707666.805,0.8335919047629173,1.7529365082089903,False,0.03139160486876721,True,PARETO_NEAR_FRONT
oneD_v2_dbtt_R_88fe1929a96a166f,DBTT,88fe1929a96a166f133d5dd662ec94d22f5fb50eca820cdaf42f167338f453f4,"{""Tref_K"":481.33,""c_blunt"":2.3484203413934663,""cleave_G00_eV"":2.9273174713619716,""cleave_exp_a"":0.35249532589655974,""cleave_exp_n"":1.8782949971380263,""cleave_floor_frac"":0.026239358201278,""cleave_gT_eV_per_K"":0.0026862405523009492,""cleave_sT_GPa_per_K"":-0.0010232180545980422,""cleave_sigc0_GPa"":4.917673514263545,""emit_G00_eV"":3.996990786080075,""emit_exp_a"":0.19147791334215442,""emit_exp_n"":0.8372976026239437,""emit_floor_frac"":0.0103682254353579,""emit_gT_eV_per_K"":0.007128643776364966,""emit_sT_GPa_per_K"":-0.002275477242430309,""emit_sigc0_GPa"":1.3329065646123384,""peierls_H0_eV"":4.840034005852713,""peierls_activation_entropy_kB"":-18.15714301928886,""peierls_exp_a"":1.448395521938801,""peierls_exp_n"":1.871259921230376,""peierls_nu0_s"":1000000000000.0,""rho_source0_m2"":1263971248711527.2,""taylor_H0_eV"":1.2102078581194795,""taylor_activation_entropy_kB"":14.637720929439865,""taylor_corr_rho_c_m2"":31852526734728.004,""taylor_corr_scale"":0.799573809585208,""taylor_exp_a"":0.7048910272121429,""taylor_exp_n"":0.5389550719410181,""taylor_nu0_s"":100000000000.0}",SOBOL_LOCAL_MATERIAL,v913_zeroD_sobol_0202500,0.0,0.0819676538656044,0.22499999999999998,1.5,0.0,0.483941744738166,0.5096699860892006,0.0,0.09587156274110946,0.5955178989148068,0.16666666666666666,0.95,True,"{""TARGET_RIGHT_CENSORED"": 12}",481.33,2.9273174713619716,0.0026862405523009492,4.917673514263545,-0.0010232180545980422,0.35249532589655974,1.8782949971380263,0.026239358201278,3.996990786080075,0.007128643776364966,1.3329065646123384,-0.002275477242430309,0.19147791334215442,0.8372976026239437,0.0103682254353579,4.840034005852713,-18.15714301928886,1.448395521938801,1.871259921230376,1000000000000.0,1.2102078581194795,14.637720929439865,0.7048910272121429,0.5389550719410181,100000000000.0,1263971248711527.2,31852526734728.004,0.799573809585208,2.3484203413934663,True,0.0,True,PARETO_NONDOMINATED
oneD_v2_dbtt_R_4235a40ae035e6ee,DBTT,4235a40ae035e6eed11abb99c44164021beb4b925c24b0215689bbc15c53edf4,"{""Tref_K"":481.33,""c_blunt"":4.362124215000454,""cleave_G00_eV"":2.077122688545387,""cleave_exp_a"":0.5488242322794449,""cleave_exp_n"":3.3943805343136466,""cleave_floor_frac"":0.026239358201278,""cleave_gT_eV_per_K"":0.002573277420932332,""cleave_sT_GPa_per_K"":-0.000997460912767692,""cleave_sigc0_GPa"":6.817873696872362,""emit_G00_eV"":1.8935504199294668,""emit_exp_a"":0.2553592617487653,""emit_exp_n"":0.3308728603192525,""emit_floor_frac"":0.0103682254353579,""emit_gT_eV_per_K"":0.0030925386973345522,""emit_sT_GPa_per_K"":-0.0029229224647166815,""emit_sigc0_GPa"":2.215017291661041,""peierls_H0_eV"":3.3080931678346377,""peierls_activation_entropy_kB"":-41.15946380139749,""peierls_exp_a"":1.448395521938801,""peierls_exp_n"":1.871259921230376,""peierls_nu0_s"":1000000000000.0,""rho_source0_m2"":370079677887077.6,""taylor_H0_eV"":1.6445139851095123,""taylor_activation_entropy_kB"":41.35479065017301,""taylor_corr_rho_c_m2"":22671875847203.88,""taylor_corr_scale"":1.4494850433224993,""taylor_exp_a"":0.7048910272121429,""taylor_exp_n"":0.5389550719410181,""taylor_nu0_s"":100000000000.0}",SOBOL_LOCAL_MATERIAL,v913_zeroD_sobol_0202500,0.0,0.08768283874795661,0.15,2.0,0.0,0.4594006290317235,1.6800860286836483,0.0,0.332561082231072,0.7610800393692139,1.0,0.8823529411764706,True,"{""TARGET_RIGHT_CENSORED"": 12}",481.33,2.077122688545387,0.002573277420932332,6.817873696872362,-0.000997460912767692,0.5488242322794449,3.3943805343136466,0.026239358201278,1.8935504199294668,0.0030925386973345522,2.215017291661041,-0.0029229224647166815,0.2553592617487653,0.3308728603192525,0.0103682254353579,3.3080931678346377,-41.15946380139749,1.448395521938801,1.871259921230376,1000000000000.0,1.6445139851095123,41.35479065017301,0.7048910272121429,0.5389550719410181,100000000000.0,370079677887077.6,22671875847203.88,1.4494850433224993,4.362124215000454,False,0.08335018385873866,True,PARETO_NEAR_FRONT
oneD_v2_dbtt_R_b2d6793daba6bc6e,DBTT,b2d6793daba6bc6eefb17829cf1c9ae5480298f1e4d576ad9d6a28f9ddb85060,"{""Tref_K"":481.33,""c_blunt"":4.55915642360498,""cleave_G00_eV"":2.227793874473437,""cleave_exp_a"":0.7352595842691313,""cleave_exp_n"":2.037042725741025,""cleave_floor_frac"":0.026239358201278,""cleave_gT_eV_per_K"":0.004112550542944243,""cleave_sT_GPa_per_K"":-0.0014707309178266566,""cleave_sigc0_GPa"":11.16820414360279,""emit_G00_eV"":4.894941949894409,""emit_exp_a"":0.23720112379929367,""emit_exp_n"":0.4933415435346617,""emit_floor_frac"":0.0103682254353579,""emit_gT_eV_per_K"":0.006800173122669082,""emit_sT_GPa_per_K"":-0.0021216883031615714,""emit_sigc0_GPa"":1.4804914686455262,""peierls_H0_eV"":4.7453638240559615,""peierls_activation_entropy_kB"":-20.007035288772823,""peierls_exp_a"":1.448395521938801,""peierls_exp_n"":1.871259921230376,""peierls_nu0_s"":1000000000000.0,""rho_source0_m2"":636800829611513.5,""taylor_H0_eV"":2.309942045399101,""taylor_activation_entropy_kB"":42.70421179064419,""taylor_corr_rho_c_m2"":7874019930168.98,""taylor_corr_scale"":1.0456748601798862,""taylor_exp_a"":0.7048910272121429,""taylor_exp_n"":0.5389550719410181,""taylor_nu0_s"":100000000000.0}",SOBOL_LOCAL_MATERIAL,v913_zeroD_sobol_0202500,0.0,0.09083885575522874,0.15,2.0,0.0,0.8840691163677101,1.5434929580924515,0.0,0.3547679237519683,1.7565069145229053,1.1666666666666667,0.8823529411764706,True,"{""TARGET_RIGHT_CENSORED"": 12}",481.33,2.227793874473437,0.004112550542944243,11.16820414360279,-0.0014707309178266566,0.7352595842691313,2.037042725741025,0.026239358201278,4.894941949894409,0.006800173122669082,1.4804914686455262,-0.0021216883031615714,0.23720112379929367,0.4933415435346617,0.0103682254353579,4.7453638240559615,-20.007035288772823,1.448395521938801,1.871259921230376,1000000000000.0,2.309942045399101,42.70421179064419,0.7048910272121429,0.5389550719410181,100000000000.0,636800829611513.5,7874019930168.98,1.0456748601798862,4.55915642360498,False,0.10435650196381523,True,PARETO_NEAR_FRONT
oneD_v2_dbtt_R_a2e45cce35e3563e,DBTT,a2e45cce35e3563e9a2cfad9bd0f7070b798b090f4b7a34a6aed6dfb1774e016,"{""Tref_K"":481.33,""c_blunt"":1.2486753210886472,""cleave_G00_eV"":1.910045723852356,""cleave_exp_a"":0.5750346389579617,""cleave_exp_n"":3.6554118773280195,""cleave_floor_frac"":0.026239358201278,""cleave_gT_eV_per_K"":0.0034822805630580034,""cleave_sT_GPa_per_K"":-0.0013995017400831042,""cleave_sigc0_GPa"":7.682306426260547,""emit_G00_eV"":3.8944596724452065,""emit_exp_a"":0.16352664795400706,""emit_exp_n"":0.3974814195985354,""emit_floor_frac"":0.0103682254353579,""emit_gT_eV_per_K"":0.006462395786461156,""emit_sT_GPa_per_K"":-0.004243376703614825,""emit_sigc0_GPa"":1.8214919625376902,""peierls_H0_eV"":5.698416301148164,""peierls_activation_entropy_kB"":-57.13292390986188,""peierls_exp_a"":1.448395521938801,""peierls_exp_n"":1.871259921230376,""peierls_nu0_s"":1000000000000.0,""rho_source0_m2"":498239949987865.25,""taylor_H0_eV"":1.591626612111749,""taylor_activation_entropy_kB"":37.998850991354715,""taylor_corr_rho_c_m2"":8925134928840.021,""taylor_corr_scale"":0.677623161694693,""taylor_exp_a"":0.7048910272121429,""taylor_exp_n"":0.5389550719410181,""taylor_nu0_s"":100000000000.0}",SOBOL_LOCAL_MATERIAL,v913_zeroD_sobol_0202500,0.0,0.12785248624227458,0.15,2.0,0.0,0.5210781439861122,1.422320874880794,0.0,0.34629128708901,0.7707192284248865,1.0,0.8823529411764706,True,"{""TARGET_RIGHT_CENSORED"": 12}",481.33,1.910045723852356,0.0034822805630580034,7.682306426260547,-0.0013995017400831042,0.5750346389579617,3.6554118773280195,0.026239358201278,3.8944596724452065,0.006462395786461156,1.8214919625376902,-0.004243376703614825,0.16352664795400706,0.3974814195985354,0.0103682254353579,5.698416301148164,-57.13292390986188,1.448395521938801,1.871259921230376,1000000000000.0,1.591626612111749,37.998850991354715,0.7048910272121429,0.5389550719410181,100000000000.0,498239949987865.25,8925134928840.021,0.677623161694693,1.2486753210886472,False,0.08969191646984122,True,PARETO_NEAR_FRONT
oneD_v2_dbtt_R_816a9ad5dd0cdaa0,DBTT,816a9ad5dd0cdaa0b7a8f24a5eeff3dc47a3fa79c2249acfdf83df6ea1ad5e79,"{""Tref_K"":481.33,""c_blunt"":2.390393229831659,""cleave_G00_eV"":2.5153068352092522,""cleave_exp_a"":0.7529703143953276,""cleave_exp_n"":1.7175428541111684,""cleave_floor_frac"":0.026239358201278,""cleave_gT_eV_per_K"":0.005814109982457,""cleave_sT_GPa_per_K"":-0.00073136289836835,""cleave_sigc0_GPa"":5.745846742350969,""emit_G00_eV"":2.3835496866062056,""emit_exp_a"":0.32027118878701216,""emit_exp_n"":0.6494007368284254,""emit_floor_frac"":0.0103682254353579,""emit_gT_eV_per_K"":0.0043636001241393,""emit_sT_GPa_per_K"":-0.0026683373926206996,""emit_sigc0_GPa"":1.3791961891860405,""peierls_H0_eV"":5.009366759473146,""peierls_activation_entropy_kB"":-42.048357147723436,""peierls_exp_a"":1.448395521938801,""peierls_exp_n"":1.871259921230376,""peierls_nu0_s"":1000000000000.0,""rho_source0_m2"":99500292694631.11,""taylor_H0_eV"":2.211937376860125,""taylor_activation_entropy_kB"":35.649828892201185,""taylor_corr_rho_c_m2"":72297639667968.06,""taylor_corr_scale"":0.3430759927708866,""taylor_exp_a"":0.7048910272121429,""taylor_exp_n"":0.5389550719410181,""taylor_nu0_s"":100000000000.0}",ARCHIVED_MORPH_0.50,v913_zeroD_sobol_0202500|v913_zeroD_sobol_0129902,0.0,0.1300462136954612,0.0,1.0,0.0,0.5136098081653138,1.3481165993236937,0.0,0.45667637291275653,0.7602662250802708,1.25,0.8823529411764706,True,"{""TARGET_RIGHT_CENSORED"": 12}",481.33,2.5153068352092522,0.005814109982457,5.745846742350969,-0.00073136289836835,0.7529703143953276,1.7175428541111684,0.026239358201278,2.3835496866062056,0.0043636001241393,1.3791961891860405,-0.0026683373926206996,0.32027118878701216,0.6494007368284254,0.0103682254353579,5.009366759473146,-42.048357147723436,1.448395521938801,1.871259921230376,1000000000000.0,2.211937376860125,35.649828892201185,0.7048910272121429,0.5389550719410181,100000000000.0,99500292694631.11,72297639667968.06,0.3430759927708866,2.390393229831659,False,0.023425508880956934,True,PARETO_NEAR_FRONT
oneD_v2_dbtt_R_60e5e90f818cc61a,DBTT,60e5e90f818cc61a27523ab0457db8f4d601b713960f84a66302ad835be442cc,"{""Tref_K"":481.33,""c_blunt"":1.4874059943948454,""cleave_G00_eV"":2.4310432294299,""cleave_exp_a"":0.1752833570144279,""cleave_exp_n"":2.6260308273669914,""cleave_floor_frac"":0.026239358201278,""cleave_gT_eV_per_K"":0.007521671468392,""cleave_sT_GPa_per_K"":-0.0007469436461105501,""cleave_sigc0_GPa"":4.538516481331024,""emit_G00_eV"":3.003362100217852,""emit_exp_a"":0.43713746867803693,""emit_exp_n"":1.033344297271331,""emit_floor_frac"":0.0103682254353579,""emit_gT_eV_per_K"":0.00266037686727945,""emit_sT_GPa_per_K"":-0.0032115358412264997,""emit_sigc0_GPa"":4.05232106949819,""peierls_H0_eV"":3.132447398716932,""peierls_activation_entropy_kB"":-15.197233846411109,""peierls_exp_a"":1.448395521938801,""peierls_exp_n"":1.871259921230376,""peierls_nu0_s"":1000000000000.0,""rho_source0_m2"":895722201301273.1,""taylor_H0_eV"":1.1052023992475486,""taylor_activation_entropy_kB"":19.134812224656343,""taylor_corr_rho_c_m2"":2129737252066326.2,""taylor_corr_scale"":2.1326193114842815,""taylor_exp_a"":0.7048910272121429,""taylor_exp_n"":0.5389550719410181,""taylor_nu0_s"":100000000000.0}",ARCHIVED_MORPH_0.50,v913_zeroD_sobol_0202500|v913_zeroD_sobol_0011131,0.0,0.13352283648248733,0.3,2.0,0.0,0.572181618112866,0.5362025782955495,0.0,0.0,0.0,0.0,1.0,True,"{""TARGET_RIGHT_CENSORED"": 12}",481.33,2.4310432294299,0.007521671468392,4.538516481331024,-0.0007469436461105501,0.1752833570144279,2.6260308273669914,0.026239358201278,3.003362100217852,0.00266037686727945,4.05232106949819,-0.0032115358412264997,0.43713746867803693,1.033344297271331,0.0103682254353579,3.132447398716932,-15.197233846411109,1.448395521938801,1.871259921230376,1000000000000.0,1.1052023992475486,19.134812224656343,0.7048910272121429,0.5389550719410181,100000000000.0,895722201301273.1,2129737252066326.2,2.1326193114842815,1.4874059943948454,False,0.03114136611866896,True,PARETO_NEAR_FRONT
oneD_v2_dbtt_R_38f9557d2d35a20e,DBTT,38f9557d2d35a20e1113fca44d5be8060d73b94ac3bc04aa745227a4909e8957,"{""Tref_K"":481.33,""c_blunt"":2.280874458848275,""cleave_G00_eV"":2.7039001386669015,""cleave_exp_a"":0.5667082014849484,""cleave_exp_n"":2.5725640164301753,""cleave_floor_frac"":0.026239358201278,""cleave_gT_eV_per_K"":0.0044532736710971,""cleave_sT_GPa_per_K"":-0.00031293806130997513,""cleave_sigc0_GPa"":6.873065957946182,""emit_G00_eV"":3.0034753393940354,""emit_exp_a"":0.1524210943851185,""emit_exp_n"":0.6651536431054748,""emit_floor_frac"":0.0103682254353579,""emit_gT_eV_per_K"":0.004610085186781347,""emit_sT_GPa_per_K"":-0.0054840654442086245,""emit_sigc0_GPa"":3.52867624059752,""peierls_H0_eV"":2.5343026006923632,""peierls_activation_entropy_kB"":-32.902131751179695,""peierls_exp_a"":1.448395521938801,""peierls_exp_n"":1.871259921230376,""peierls_nu0_s"":1000000000000.0,""rho_source0_m2"":585550246896923.9,""taylor_H0_eV"":1.5786549402564554,""taylor_activation_entropy_kB"":30.426685558632016,""taylor_corr_rho_c_m2"":150971853385490.4,""taylor_corr_scale"":0.8048450970659337,""taylor_exp_a"":0.7048910272121429,""taylor_exp_n"":0.5389550719410181,""taylor_nu0_s"":100000000000.0}",ARCHIVED_MORPH_0.25,v913_zeroD_sobol_0202500|v913_zeroD_sobol_0073460,0.0,0.13742231990690698,0.15,2.0,0.0,0.3459071932576692,1.3398988086076677,0.0,0.3655409118940948,0.7574513844691614,1.0833333333333333,0.8823529411764706,True,"{""TARGET_RIGHT_CENSORED"": 12}",481.33,2.7039001386669015,0.0044532736710971,6.873065957946182,-0.00031293806130997513,0.5667082014849484,2.5725640164301753,0.026239358201278,3.0034753393940354,0.004610085186781347,3.52867624059752,-0.0054840654442086245,0.1524210943851185,0.6651536431054748,0.0103682254353579,2.5343026006923632,-32.902131751179695,1.448395521938801,1.871259921230376,1000000000000.0,1.5786549402564554,30.426685558632016,0.7048910272121429,0.5389550719410181,100000000000.0,585550246896923.9,150971853385490.4,0.8048450970659337,2.280874458848275,False,0.09130527338619396,True,PARETO_NEAR_FRONT
oneD_v2_dbtt_R_3009c1fb6d6ab5da,DBTT,3009c1fb6d6ab5da4689b51f69cd13da67f907bcb0a926c55ae8698635365a0f,"{""Tref_K"":481.33,""c_blunt"":3.9309966506216925,""cleave_G00_eV"":3.716262861994925,""cleave_exp_a"":0.5153214606693196,""cleave_exp_n"":2.9694432900078667,""cleave_floor_frac"":0.026239358201278,""cleave_gT_eV_per_K"":0.004675028203786833,""cleave_sT_GPa_per_K"":-0.0016065641631125439,""cleave_sigc0_GPa"":4.648860945391279,""emit_G00_eV"":5.731082156197797,""emit_exp_a"":0.1963868655881095,""emit_exp_n"":0.7329835844410986,""emit_floor_frac"":0.0103682254353579,""emit_gT_eV_per_K"":0.007423628057761181,""emit_sT_GPa_per_K"":-0.007394365343411301,""emit_sigc0_GPa"":1.7530892391489585,""peierls_H0_eV"":3.482445425857649,""peierls_activation_entropy_kB"":-38.13678025933936,""peierls_exp_a"":1.448395521938801,""peierls_exp_n"":1.871259921230376,""peierls_nu0_s"":1000000000000.0,""rho_source0_m2"":548861480836122.44,""taylor_H0_eV"":2.4471241283493788,""taylor_activation_entropy_kB"":29.411779618228483,""taylor_corr_rho_c_m2"":24376197151447.137,""taylor_corr_scale"":1.1846017939082938,""taylor_exp_a"":0.7048910272121429,""taylor_exp_n"":0.5389550719410181,""taylor_nu0_s"":100000000000.0}",SOBOL_LOCAL_MATERIAL,v913_zeroD_sobol_0202500,0.0,0.15600855038541298,0.15,2.0,0.0,0.9413725062214764,1.6163780955408171,0.0,0.3977497100627983,0.8802253162930964,1.0,0.8823529411764706,True,"{""TARGET_RIGHT_CENSORED"": 12}",481.33,3.716262861994925,0.004675028203786833,4.648860945391279,-0.0016065641631125439,0.5153214606693196,2.9694432900078667,0.026239358201278,5.731082156197797,0.007423628057761181,1.7530892391489585,-0.007394365343411301,0.1963868655881095,0.7329835844410986,0.0103682254353579,3.482445425857649,-38.13678025933936,1.448395521938801,1.871259921230376,1000000000000.0,2.4471241283493788,29.411779618228483,0.7048910272121429,0.5389550719410181,100000000000.0,548861480836122.44,24376197151447.137,1.1846017939082938,3.9309966506216925,False,0.1077054102053104,True,PARETO_NEAR_FRONT
oneD_v2_dbtt_R_6d717dbc2596875e,DBTT,6d717dbc2596875ed0305c341ddc31257d19d33ba6c18b837cbc1c9b6699a331,"{""Tref_K"":481.33,""c_blunt"":1.4276650021624915,""cleave_G00_eV"":3.395716463189322,""cleave_exp_a"":0.6766102793587369,""cleave_exp_n"":2.505620669645448,""cleave_floor_frac"":0.026239358201278,""cleave_gT_eV_per_K"":0.003622935895485798,""cleave_sT_GPa_per_K"":-0.0016777540449725065,""cleave_sigc0_GPa"":6.705802547034418,""emit_G00_eV"":4.6009706702185555,""emit_exp_a"":0.22109917350218203,""emit_exp_n"":0.5537643138230575,""emit_floor_frac"":0.0103682254353579,""emit_gT_eV_per_K"":0.0076892703858504165,""emit_sT_GPa_per_K"":-0.005566436837963596,""emit_sigc0_GPa"":1.4604680471627096,""peierls_H0_eV"":2.899910588515934,""peierls_activation_entropy_kB"":-28.249408440641172,""peierls_exp_a"":1.448395521938801,""peierls_exp_n"":1.871259921230376,""peierls_nu0_s"":1000000000000.0,""rho_source0_m2"":438153445958803.3,""taylor_H0_eV"":1.6596643474419495,""taylor_activation_entropy_kB"":15.29721506564454,""taylor_corr_rho_c_m2"":28812246506152.773,""taylor_corr_scale"":0.8448985636932023,""taylor_exp_a"":0.7048910272121429,""taylor_exp_n"":0.5389550719410181,""taylor_nu0_s"":100000000000.0}",SOBOL_LOCAL_MATERIAL,v913_zeroD_sobol_0202500,0.0,0.1744948057042487,0.15,2.0,0.0,0.6779195140152441,1.3970366156418907,0.0,0.3309263224544991,0.7195610537987011,1.0,0.8823529411764706,True,"{""TARGET_RIGHT_CENSORED"": 12}",481.33,3.395716463189322,0.003622935895485798,6.705802547034418,-0.0016777540449725065,0.6766102793587369,2.505620669645448,0.026239358201278,4.6009706702185555,0.0076892703858504165,1.4604680471627096,-0.005566436837963596,0.22109917350218203,0.5537643138230575,0.0103682254353579,2.899910588515934,-28.249408440641172,1.448395521938801,1.871259921230376,1000000000000.0,1.6596643474419495,15.29721506564454,0.7048910272121429,0.5389550719410181,100000000000.0,438153445958803.3,28812246506152.773,0.8448985636932023,1.4276650021624915,False,0.09959895108194147,True,PARETO_NEAR_FRONT
oneD_v2_dbtt_R_5fec5163c2067aba,DBTT,5fec5163c2067aba17b15a850b28a343abf3fdf7145e13eb2582dbd9d6feb51d,"{""Tref_K"":481.33,""c_blunt"":5.562264135487349,""cleave_G00_eV"":2.022695910089257,""cleave_exp_a"":0.5405986351808382,""cleave_exp_n"":2.347901612720536,""cleave_floor_frac"":0.026239358201278,""cleave_gT_eV_per_K"":0.007333895575425396,""cleave_sT_GPa_per_K"":-0.0014897607320017354,""cleave_sigc0_GPa"":5.0640685782888735,""emit_G00_eV"":3.1187658731303145,""emit_exp_a"":0.10671340052360037,""emit_exp_n"":0.6024657556725791,""emit_floor_frac"":0.0103682254353579,""emit_gT_eV_per_K"":0.003316245887439155,""emit_sT_GPa_per_K"":-0.006781564737771022,""emit_sigc0_GPa"":1.628107018697789,""peierls_H0_eV"":3.8806017071931866,""peierls_activation_entropy_kB"":-19.27625684846144,""peierls_exp_a"":1.448395521938801,""peierls_exp_n"":1.871259921230376,""peierls_nu0_s"":1000000000000.0,""rho_source0_m2"":328025781275371.0,""taylor_H0_eV"":0.9495196786238584,""taylor_activation_entropy_kB"":47.220075109671996,""taylor_corr_rho_c_m2"":30917641831648.27,""taylor_corr_scale"":1.0240974687358992,""taylor_exp_a"":0.7048910272121429,""taylor_exp_n"":0.5389550719410181,""taylor_nu0_s"":100000000000.0}",SOBOL_LOCAL_MATERIAL,v913_zeroD_sobol_0202500,0.0,0.17966035773565403,0.0,1.0,0.0,0.7308646626586695,2.37434506099792,0.0,0.6231437968340854,0.9657481866176699,1.3333333333333333,0.8823529411764706,True,"{""TARGET_RIGHT_CENSORED"": 12}",481.33,2.022695910089257,0.007333895575425396,5.0640685782888735,-0.0014897607320017354,0.5405986351808382,2.347901612720536,0.026239358201278,3.1187658731303145,0.003316245887439155,1.628107018697789,-0.006781564737771022,0.10671340052360037,0.6024657556725791,0.0103682254353579,3.8806017071931866,-19.27625684846144,1.448395521938801,1.871259921230376,1000000000000.0,0.9495196786238584,47.220075109671996,0.7048910272121429,0.5389550719410181,100000000000.0,328025781275371.0,30917641831648.27,1.0240974687358992,5.562264135487349,False,0.0655926190359268,True,PARETO_NEAR_FRONT
oneD_v2_dbtt_R_64c44ee59df0567d,DBTT,64c44ee59df0567d7e6b61e74c53a9e1abe0aa364f757710792cb64c268298a2,"{""Tref_K"":481.33,""c_blunt"":2.58905032160331,""cleave_G00_eV"":1.9752143074563626,""cleave_exp_a"":0.48419550879368994,""cleave_exp_n"":2.1949509077926135,""cleave_floor_frac"":0.026239358201278,""cleave_gT_eV_per_K"":0.006465865980251675,""cleave_sT_GPa_per_K"":-0.001612196127884075,""cleave_sigc0_GPa"":6.730180753784137,""emit_G00_eV"":3.1071038121597807,""emit_exp_a"":0.1886879203687002,""emit_exp_n"":0.757681891856747,""emit_floor_frac"":0.0103682254353579,""emit_gT_eV_per_K"":0.00443496449361555,""emit_sT_GPa_per_K"":-0.004831240426748924,""emit_sigc0_GPa"":3.3396994832107074,""peierls_H0_eV"":3.7912343130744,""peierls_activation_entropy_kB"":-31.109603182412684,""peierls_exp_a"":1.448395521938801,""peierls_exp_n"":1.871259921230376,""peierls_nu0_s"":1000000000000.0,""rho_source0_m2"":538338069191707.25,""taylor_H0_eV"":1.2299966716891377,""taylor_activation_entropy_kB"":26.747030187398195,""taylor_corr_rho_c_m2"":8454324232211.265,""taylor_corr_scale"":1.875058782345458,""taylor_exp_a"":0.7048910272121429,""taylor_exp_n"":0.5389550719410181,""taylor_nu0_s"":100000000000.0}",ARCHIVED_MORPH_0.25,v913_zeroD_sobol_0202500|v913_zeroD_sobol_0115460,0.0,0.1850112515850257,0.15,2.0,0.0,0.37022428631632076,1.7494105654010992,0.0,0.3792987007112418,0.8140011820546077,1.0833333333333333,0.8823529411764706,True,"{""TARGET_RIGHT_CENSORED"": 12}",481.33,1.9752143074563626,0.006465865980251675,6.730180753784137,-0.001612196127884075,0.48419550879368994,2.1949509077926135,0.026239358201278,3.1071038121597807,0.00443496449361555,3.3396994832107074,-0.004831240426748924,0.1886879203687002,0.757681891856747,0.0103682254353579,3.7912343130744,-31.109603182412684,1.448395521938801,1.871259921230376,1000000000000.0,1.2299966716891377,26.747030187398195,0.7048910272121429,0.5389550719410181,100000000000.0,538338069191707.25,8454324232211.265,1.875058782345458,2.58905032160331,False,0.10025453365473863,True,PARETO_NEAR_FRONT
oneD_v2_dbtt_R_51f970b458c94862,DBTT,51f970b458c9486244f2333df49b934a9160beb217e535cad5bd8ec5cd082dbb,"{""Tref_K"":481.33,""c_blunt"":2.087308428163169,""cleave_G00_eV"":2.3941014450838285,""cleave_exp_a"":0.29510539720389484,""cleave_exp_n"":2.6224149782487602,""cleave_floor_frac"":0.026239358201278,""cleave_gT_eV_per_K"":0.0065650922567583505,""cleave_sT_GPa_per_K"":-0.000975541173480425,""cleave_sigc0_GPa"":5.5349458154307065,""emit_G00_eV"":3.1695325597208885,""emit_exp_a"":0.2621862001131223,""emit_exp_n"":0.7299380439759102,""emit_floor_frac"":0.0103682254353579,""emit_gT_eV_per_K"":0.004413594665471475,""emit_sT_GPa_per_K"":-0.00421742163784795,""emit_sigc0_GPa"":3.3165127288133793,""peierls_H0_eV"":3.3232713484020517,""peierls_activation_entropy_kB"":-25.76828123535961,""peierls_exp_a"":1.448395521938801,""peierls_exp_n"":1.871259921230376,""peierls_nu0_s"":1000000000000.0,""rho_source0_m2"":685063957621947.8,""taylor_H0_eV"":1.2874773540404028,""taylor_activation_entropy_kB"":25.250373436138034,""taylor_corr_rho_c_m2"":216667241065387.56,""taylor_corr_scale"":1.645096752367568,""taylor_exp_a"":0.7048910272121429,""taylor_exp_n"":0.5389550719410181,""taylor_nu0_s"":100000000000.0}",ARCHIVED_MORPH_0.25,v913_zeroD_sobol_0202500|v913_zeroD_sobol_0011131,0.0,0.20097774872013768,0.15,2.0,0.0,0.4751801897570888,1.4839448930717065,0.0,0.31262361744920886,0.65898635525292,1.0,0.8823529411764706,True,"{""TARGET_RIGHT_CENSORED"": 12}",481.33,2.3941014450838285,0.0065650922567583505,5.5349458154307065,-0.000975541173480425,0.29510539720389484,2.6224149782487602,0.026239358201278,3.1695325597208885,0.004413594665471475,3.3165127288133793,-0.00421742163784795,0.2621862001131223,0.7299380439759102,0.0103682254353579,3.3232713484020517,-25.76828123535961,1.448395521938801,1.871259921230376,1000000000000.0,1.2874773540404028,25.250373436138034,0.7048910272121429,0.5389550719410181,100000000000.0,685063957621947.8,216667241065387.56,1.645096752367568,2.087308428163169,False,0.10448730896400797,True,PARETO_NEAR_FRONT
oneD_v2_dbtt_R_ef65c454f0a2e371,DBTT,ef65c454f0a2e371b5fa7db6f277f8b52ca55c173e0e49e205b425f469c09536,"{""Tref_K"":481.33,""c_blunt"":2.514926813135637,""cleave_G00_eV"":2.195096020549952,""cleave_exp_a"":0.5240345417530994,""cleave_exp_n"":2.300811202731147,""cleave_floor_frac"":0.026239358201278,""cleave_gT_eV_per_K"":0.006795451796031551,""cleave_sT_GPa_per_K"":-0.00114566385629585,""cleave_sigc0_GPa"":6.143688642369461,""emit_G00_eV"":3.4571883844261477,""emit_exp_a"":0.21275834219356426,""emit_exp_n"":0.6912467480870406,""emit_floor_frac"":0.0103682254353579,""emit_gT_eV_per_K"":0.0039247330792714,""emit_sT_GPa_per_K"":-0.0036852045990526244,""emit_sigc0_GPa"":3.10454445795379,""peierls_H0_eV"":4.166368684385165,""peierls_activation_entropy_kB"":-34.6660771779716,""peierls_exp_a"":1.448395521938801,""peierls_exp_n"":1.871259921230376,""peierls_nu0_s"":1000000000000.0,""rho_source0_m2"":1663034392675213.8,""taylor_H0_eV"":1.1530809223538312,""taylor_activation_entropy_kB"":29.81463000178337,""taylor_corr_rho_c_m2"":169753585994376.1,""taylor_corr_scale"":0.8900699592573014,""taylor_exp_a"":0.7048910272121429,""taylor_exp_n"":0.5389550719410181,""taylor_nu0_s"":100000000000.0}",ARCHIVED_MORPH_0.25,v913_zeroD_sobol_0202500|v913_zeroD_sobol_0196804,0.0,0.20319993936657718,0.3,2.0,0.0,0.8572004941197484,0.2794416069560855,0.0,0.0,0.0,0.0,1.0,True,"{""TARGET_RIGHT_CENSORED"": 12}",481.33,2.195096020549952,0.006795451796031551,6.143688642369461,-0.00114566385629585,0.5240345417530994,2.300811202731147,0.026239358201278,3.4571883844261477,0.0039247330792714,3.10454445795379,-0.0036852045990526244,0.21275834219356426,0.6912467480870406,0.0103682254353579,4.166368684385165,-34.6660771779716,1.448395521938801,1.871259921230376,1000000000000.0,1.1530809223538312,29.81463000178337,0.7048910272121429,0.5389550719410181,100000000000.0,1663034392675213.8,169753585994376.1,0.8900699592573014,2.514926813135637,True,0.0,True,PARETO_NONDOMINATED
oneD_v2_dbtt_R_adad9d4839e532da,DBTT,adad9d4839e532dae7ea8bc41b8eff2457239b00de5be540fe013749192caccb,"{""Tref_K"":481.33,""c_blunt"":6.921566322451686,""cleave_G00_eV"":3.1431946158181217,""cleave_exp_a"":0.334197258017821,""cleave_exp_n"":3.8828247280809807,""cleave_floor_frac"":0.026239358201278,""cleave_gT_eV_per_K"":0.003173472832574364,""cleave_sT_GPa_per_K"":-0.0023918858064082412,""cleave_sigc0_GPa"":8.163790467652415,""emit_G00_eV"":3.3692780892530028,""emit_exp_a"":0.09710812910484584,""emit_exp_n"":0.6824038072710964,""emit_floor_frac"":0.0103682254353579,""emit_gT_eV_per_K"":0.0028348449930112396,""emit_sT_GPa_per_K"":-0.006671847272850589,""emit_sigc0_GPa"":4.32349242407099,""peierls_H0_eV"":4.1227334851694994,""peierls_activation_entropy_kB"":-36.02075776439286,""peierls_exp_a"":1.448395521938801,""peierls_exp_n"":1.871259921230376,""peierls_nu0_s"":1000000000000.0,""rho_source0_m2"":347980102190358.1,""taylor_H0_eV"":1.3876895527344228,""taylor_activation_entropy_kB"":31.562862383671717,""taylor_corr_rho_c_m2"":19947619355270.465,""taylor_corr_scale"":1.4937783719325708,""taylor_exp_a"":0.7048910272121429,""taylor_exp_n"":0.5389550719410181,""taylor_nu0_s"":100000000000.0}",SOBOL_LOCAL_MATERIAL,v913_zeroD_sobol_0202500,0.0,0.20657592251260154,0.15,2.0,0.0,0.6169891061167411,1.5816328481798978,0.0,0.4220336240231386,1.6915848438241838,1.1666666666666667,0.8823529411764706,True,"{""TARGET_RIGHT_CENSORED"": 12}",481.33,3.1431946158181217,0.003173472832574364,8.163790467652415,-0.0023918858064082412,0.334197258017821,3.8828247280809807,0.026239358201278,3.3692780892530028,0.0028348449930112396,4.32349242407099,-0.006671847272850589,0.09710812910484584,0.6824038072710964,0.0103682254353579,4.1227334851694994,-36.02075776439286,1.448395521938801,1.871259921230376,1000000000000.0,1.3876895527344228,31.562862383671717,0.7048910272121429,0.5389550719410181,100000000000.0,347980102190358.1,19947619355270.465,1.4937783719325708,6.921566322451686,False,0.10504443870578989,True,PARETO_NEAR_FRONT
oneD_v2_dbtt_R_4cb1972f419ed341,DBTT,4cb1972f419ed341819da4368f375386cf3cdd9296a6041d84ec377940cc1263,"{""Tref_K"":481.33,""c_blunt"":1.3684060799416522,""cleave_G00_eV"":3.17549504290249,""cleave_exp_a"":0.5972395448834148,""cleave_exp_n"":2.7595992821538404,""cleave_floor_frac"":0.026239358201278,""cleave_gT_eV_per_K"":0.005606620973574181,""cleave_sT_GPa_per_K"":-0.0008712512486356433,""cleave_sigc0_GPa"":4.13083068688598,""emit_G00_eV"":3.2759524840095264,""emit_exp_a"":0.2118210241144986,""emit_exp_n"":0.7819502235057875,""emit_floor_frac"":0.0103682254353579,""emit_gT_eV_per_K"":0.0039958406829684505,""emit_sT_GPa_per_K"":-0.006333713777797387,""emit_sigc0_GPa"":2.1324544973382165,""peierls_H0_eV"":5.370608054355001,""peierls_activation_entropy_kB"":-54.87668990685022,""peierls_exp_a"":1.448395521938801,""peierls_exp_n"":1.871259921230376,""peierls_nu0_s"":1000000000000.0,""rho_source0_m2"":737330035245909.9,""taylor_H0_eV"":2.2275065600349606,""taylor_activation_entropy_kB"":16.713830761154817,""taylor_corr_rho_c_m2"":8300524421008.366,""taylor_corr_scale"":2.4190764073519455,""taylor_exp_a"":0.7048910272121429,""taylor_exp_n"":0.5389550719410181,""taylor_nu0_s"":100000000000.0}",SOBOL_LOCAL_MATERIAL,v913_zeroD_sobol_0202500,0.0,0.21614653641363563,0.3,2.0,0.0,1.415557395407305,0.1345337747525523,0.0,0.0,0.0,0.0,1.0,True,"{""TARGET_RIGHT_CENSORED"": 12}",481.33,3.17549504290249,0.005606620973574181,4.13083068688598,-0.0008712512486356433,0.5972395448834148,2.7595992821538404,0.026239358201278,3.2759524840095264,0.0039958406829684505,2.1324544973382165,-0.006333713777797387,0.2118210241144986,0.7819502235057875,0.0103682254353579,5.370608054355001,-54.87668990685022,1.448395521938801,1.871259921230376,1000000000000.0,2.2275065600349606,16.713830761154817,0.7048910272121429,0.5389550719410181,100000000000.0,737330035245909.9,8300524421008.366,2.4190764073519455,1.3684060799416522,True,0.0,True,PARETO_NONDOMINATED
oneD_v2_dbtt_R_89326d9b74d659a0,DBTT,89326d9b74d659a042f53ca15b6e2a3b9c19c8e63302af540e3075a13e70fd81,"{""Tref_K"":481.33,""c_blunt"":2.112013078243172,""cleave_G00_eV"":1.4136021863963109,""cleave_exp_a"":0.48926403993660594,""cleave_exp_n"":2.2295178001955667,""cleave_floor_frac"":0.026239358201278,""cleave_gT_eV_per_K"":0.004159260243723954,""cleave_sT_GPa_per_K"":-0.0011014977349296884,""cleave_sigc0_GPa"":4.229266849311539,""emit_G00_eV"":3.834702696311386,""emit_exp_a"":0.21636831333192294,""emit_exp_n"":0.8042919679738268,""emit_floor_frac"":0.0103682254353579,""emit_gT_eV_per_K"":0.008336998768817848,""emit_sT_GPa_per_K"":-0.006120568755233869,""emit_sigc0_GPa"":3.801001829588668,""peierls_H0_eV"":4.212386232233495,""peierls_activation_entropy_kB"":-21.304307519815875,""peierls_exp_a"":1.448395521938801,""peierls_exp_n"":1.871259921230376,""peierls_nu0_s"":1000000000000.0,""rho_source0_m2"":1247745417765557.5,""taylor_H0_eV"":2.452995330536304,""taylor_activation_entropy_kB"":42.252079122074406,""taylor_corr_rho_c_m2"":36714600909473.62,""taylor_corr_scale"":1.848762172081742,""taylor_exp_a"":0.7048910272121429,""taylor_exp_n"":0.5389550719410181,""taylor_nu0_s"":100000000000.0}",SOBOL_LOCAL_MATERIAL,v913_zeroD_sobol_0202500,0.0,0.21700571515153783,0.3,2.0,0.0,1.7806804123175808,0.33986116042193754,0.0,0.0,0.0,0.0,1.0,True,"{""TARGET_RIGHT_CENSORED"": 12}",481.33,1.4136021863963109,0.004159260243723954,4.229266849311539,-0.0011014977349296884,0.48926403993660594,2.2295178001955667,0.026239358201278,3.834702696311386,0.008336998768817848,3.801001829588668,-0.006120568755233869,0.21636831333192294,0.8042919679738268,0.0103682254353579,4.212386232233495,-21.304307519815875,1.448395521938801,1.871259921230376,1000000000000.0,2.452995330536304,42.252079122074406,0.7048910272121429,0.5389550719410181,100000000000.0,1247745417765557.5,36714600909473.62,1.848762172081742,2.112013078243172,False,0.07722020829084023,True,PARETO_NEAR_FRONT
oneD_v2_dbtt_R_1ea8762f6f1a157b,DBTT,1ea8762f6f1a157b6938acdf221120333fc7252d8227024325b119150c6dcbc6,"{""Tref_K"":481.33,""c_blunt"":2.4397076433472455,""cleave_G00_eV"":2.6795810195631597,""cleave_exp_a"":0.7136743870856461,""cleave_exp_n"":1.2032811342047471,""cleave_floor_frac"":0.026239358201278,""cleave_gT_eV_per_K"":0.0071226942527573495,""cleave_sT_GPa_per_K"":-0.00191384485037995,""cleave_sigc0_GPa"":5.691978049921935,""emit_G00_eV"":3.5796541398900614,""emit_exp_a"":0.14477165376072648,""emit_exp_n"":0.7419257601521139,""emit_floor_frac"":0.0103682254353579,""emit_gT_eV_per_K"":0.0016550063225440998,""emit_sT_GPa_per_K"":-0.0042331646010278995,""emit_sigc0_GPa"":3.2547866417956555,""peierls_H0_eV"":3.9305095298692225,""peierls_activation_entropy_kB"":-25.236082952469587,""peierls_exp_a"":1.448395521938801,""peierls_exp_n"":1.871259921230376,""peierls_nu0_s"":1000000000000.0,""rho_source0_m2"":3836301722098535.0,""taylor_H0_eV"":1.3074792985801327,""taylor_activation_entropy_kB"":23.817501235753298,""taylor_corr_rho_c_m2"":902664869268740.5,""taylor_corr_scale"":1.9380719862275786,""taylor_exp_a"":0.7048910272121429,""taylor_exp_n"":0.5389550719410181,""taylor_nu0_s"":100000000000.0}",ARCHIVED_MORPH_0.50,v913_zeroD_sobol_0202500|v913_zeroD_sobol_0091348,0.0,0.2238474771598143,0.3,2.0,0.0,0.5731493155900423,0.2748015185311567,0.0,0.0,0.0,0.0,1.0,True,"{""TARGET_RIGHT_CENSORED"": 12}",481.33,2.6795810195631597,0.0071226942527573495,5.691978049921935,-0.00191384485037995,0.7136743870856461,1.2032811342047471,0.026239358201278,3.5796541398900614,0.0016550063225440998,3.2547866417956555,-0.0042331646010278995,0.14477165376072648,0.7419257601521139,0.0103682254353579,3.9305095298692225,-25.236082952469587,1.448395521938801,1.871259921230376,1000000000000.0,1.3074792985801327,23.817501235753298,0.7048910272121429,0.5389550719410181,100000000000.0,3836301722098535.0,902664869268740.5,1.9380719862275786,2.4397076433472455,True,0.0,True,PARETO_NONDOMINATED
oneD_v2_dbtt_R_4780d3e36b9294b4,DBTT,4780d3e36b9294b44c5491f47d16b72ba467846908caed9d78018d04971cd585,"{""Tref_K"":481.33,""c_blunt"":3.6266650825662157,""cleave_G00_eV"":2.5480494001154694,""cleave_exp_a"":0.4386487292332939,""cleave_exp_n"":2.620074265157729,""cleave_floor_frac"":0.026239358201278,""cleave_gT_eV_per_K"":0.00872585279828787,""cleave_sT_GPa_per_K"":-0.001755486932233777,""cleave_sigc0_GPa"":5.184724511170615,""emit_G00_eV"":3.6789901574161665,""emit_exp_a"":0.09700516588113622,""emit_exp_n"":0.6596174475741996,""emit_floor_frac"":0.0103682254353579,""emit_gT_eV_per_K"":0.009016590904054446,""emit_sT_GPa_per_K"":-0.006554234494490596,""emit_sigc0_GPa"":4.112512197295331,""peierls_H0_eV"":5.126841009948821,""peierls_activation_entropy_kB"":-50.091293206157246,""peierls_exp_a"":1.448395521938801,""peierls_exp_n"":1.871259921230376,""peierls_nu0_s"":1000000000000.0,""rho_source0_m2"":214255286457642.62,""taylor_H0_eV"":0.9772110357171019,""taylor_activation_entropy_kB"":21.592068109028613,""taylor_corr_rho_c_m2"":7927519195708.965,""taylor_corr_scale"":1.1306259166418802,""taylor_exp_a"":0.7048910272121429,""taylor_exp_n"":0.5389550719410181,""taylor_nu0_s"":100000000000.0}",SOBOL_LOCAL_MATERIAL,v913_zeroD_sobol_0202500,0.0,0.22608261835727303,0.15,2.0,0.0,0.8937500655329216,1.4925238748064606,0.0,0.454179700263957,0.8521892559595862,1.0833333333333333,0.8823529411764706,True,"{""TARGET_RIGHT_CENSORED"": 12}",481.33,2.5480494001154694,0.00872585279828787,5.184724511170615,-0.001755486932233777,0.4386487292332939,2.620074265157729,0.026239358201278,3.6789901574161665,0.009016590904054446,4.112512197295331,-0.006554234494490596,0.09700516588113622,0.6596174475741996,0.0103682254353579,5.126841009948821,-50.091293206157246,1.448395521938801,1.871259921230376,1000000000000.0,0.9772110357171019,21.592068109028613,0.7048910272121429,0.5389550719410181,100000000000.0,214255286457642.62,7927519195708.965,1.1306259166418802,3.6266650825662157,False,0.12628711900881917,True,PARETO_NEAR_FRONT
oneD_v2_dbtt_R_131f2394f9783c3b,DBTT,131f2394f9783c3b42747094cc3a4ee1c6ae4a93dbc5a8ab59d4ba718ebc3463,"{""Tref_K"":481.33,""c_blunt"":2.4605896599317068,""cleave_G00_eV"":2.2109421771884126,""cleave_exp_a"":0.5683970400142269,""cleave_exp_n"":2.4280396769468884,""cleave_floor_frac"":0.026239358201278,""cleave_gT_eV_per_K"":0.008190110308654092,""cleave_sT_GPa_per_K"":-0.000927405258912397,""cleave_sigc0_GPa"":4.4250303457211375,""emit_G00_eV"":5.510928208707536,""emit_exp_a"":0.1461028896333162,""emit_exp_n"":0.5637527278484288,""emit_floor_frac"":0.0103682254353579,""emit_gT_eV_per_K"":0.00625317733606833,""emit_sT_GPa_per_K"":-0.0070433036050464954,""emit_sigc0_GPa"":1.9796454350300954,""peierls_H0_eV"":2.2504026273763484,""peierls_activation_entropy_kB"":-35.92043373074653,""peierls_exp_a"":1.448395521938801,""peierls_exp_n"":1.871259921230376,""peierls_nu0_s"":1000000000000.0,""rho_source0_m2"":477476665511923.44,""taylor_H0_eV"":0.9790712668933437,""taylor_activation_entropy_kB"":32.13436085920321,""taylor_corr_rho_c_m2"":12149151131366.26,""taylor_corr_scale"":2.1882802508081953,""taylor_exp_a"":0.7048910272121429,""taylor_exp_n"":0.5389550719410181,""taylor_nu0_s"":100000000000.0}",SOBOL_LOCAL_MATERIAL,v913_zeroD_sobol_0202500,0.0,0.22981100294967355,0.15,2.0,0.0,1.0572452172241413,2.323288853977604,0.0,0.4186026346255541,1.050769656512766,1.0,0.8823529411764706,True,"{""TARGET_RIGHT_CENSORED"": 12}",481.33,2.2109421771884126,0.008190110308654092,4.4250303457211375,-0.000927405258912397,0.5683970400142269,2.4280396769468884,0.026239358201278,5.510928208707536,0.00625317733606833,1.9796454350300954,-0.0070433036050464954,0.1461028896333162,0.5637527278484288,0.0103682254353579,2.2504026273763484,-35.92043373074653,1.448395521938801,1.871259921230376,1000000000000.0,0.9790712668933437,32.13436085920321,0.7048910272121429,0.5389550719410181,100000000000.0,477476665511923.44,12149151131366.26,2.1882802508081953,2.4605896599317068,False,0.11400240080130339,True,PARETO_NEAR_FRONT
oneD_v2_dbtt_R_d74079aec3305039,DBTT,d74079aec330503907c472e3003018b1c9979756b27c723953d44da9dabc43d4,"{""Tref_K"":481.33,""c_blunt"":1.8695636458579024,""cleave_G00_eV"":1.926624808641165,""cleave_exp_a"":0.5928121275465502,""cleave_exp_n"":3.0109459701996255,""cleave_floor_frac"":0.026239358201278,""cleave_gT_eV_per_K"":0.006484655241498999,""cleave_sT_GPa_per_K"":-0.0005871297543958787,""cleave_sigc0_GPa"":10.41497217881469,""emit_G00_eV"":6.188090511697659,""emit_exp_a"":0.13209462399672495,""emit_exp_n"":0.3763171369438434,""emit_floor_frac"":0.0103682254353579,""emit_gT_eV_per_K"":0.008659287171071263,""emit_sT_GPa_per_K"":-0.006412706362024447,""emit_sigc0_GPa"":4.556640908758358,""peierls_H0_eV"":4.642322710123659,""peierls_activation_entropy_kB"":-53.69762012517179,""peierls_exp_a"":1.448395521938801,""peierls_exp_n"":1.871259921230376,""peierls_nu0_s"":1000000000000.0,""rho_source0_m2"":443534456701055.7,""taylor_H0_eV"":1.8657305158022426,""taylor_activation_entropy_kB"":49.98485553432123,""taylor_corr_rho_c_m2"":32504539617949.293,""taylor_corr_scale"":0.7072195731181324,""taylor_exp_a"":0.7048910272121429,""taylor_exp_n"":0.5389550719410181,""taylor_nu0_s"":100000000000.0}",SOBOL_LOCAL_MATERIAL,v913_zeroD_sobol_0202500,0.0,0.25330706474746156,0.15,2.0,0.0,0.6988837022230452,1.5633369568449627,0.0,0.3669585710505876,1.3021907876071668,1.1666666666666667,0.8823529411764706,True,"{""TARGET_RIGHT_CENSORED"": 12}",481.33,1.926624808641165,0.006484655241498999,10.41497217881469,-0.0005871297543958787,0.5928121275465502,3.0109459701996255,0.026239358201278,6.188090511697659,0.008659287171071263,4.556640908758358,-0.006412706362024447,0.13209462399672495,0.3763171369438434,0.0103682254353579,4.642322710123659,-53.69762012517179,1.448395521938801,1.871259921230376,1000000000000.0,1.8657305158022426,49.98485553432123,0.7048910272121429,0.5389550719410181,100000000000.0,443534456701055.7,32504539617949.293,0.7072195731181324,1.8695636458579024,False,0.1188311931424077,True,PARETO_NEAR_FRONT
oneD_v2_dbtt_R_09d88a82391ae99b,DBTT,09d88a82391ae99b7df80c5bd411356b3d31066ddefdd3e371c9f4bf6dacb7c2,"{""Tref_K"":481.33,""c_blunt"":1.776065744613189,""cleave_G00_eV"":3.100907990892452,""cleave_exp_a"":0.6464059912978853,""cleave_exp_n"":2.527140383926698,""cleave_floor_frac"":0.026239358201278,""cleave_gT_eV_per_K"":0.0032980342970695,""cleave_sT_GPa_per_K"":0.0005782625782303498,""cleave_sigc0_GPa"":6.998229696879915,""emit_G00_eV"":2.696903468925044,""emit_exp_a"":0.14773674474988327,""emit_exp_n"":0.8580586947339204,""emit_floor_frac"":0.0103682254353579,""emit_gT_eV_per_K"":0.0030533579098991955,""emit_sT_GPa_per_K"":-0.005744823453947849,""emit_sigc0_GPa"":4.587373877840183,""peierls_H0_eV"":1.8216675358801595,""peierls_activation_entropy_kB"":-29.46493487805128,""peierls_exp_a"":1.448395521938801,""peierls_exp_n"":1.871259921230376,""peierls_nu0_s"":1000000000000.0,""rho_source0_m2"":654394193736281.1,""taylor_H0_eV"":1.6616404179517756,""taylor_activation_entropy_kB"":29.487436469644308,""taylor_corr_rho_c_m2"":1034026083650498.4,""taylor_corr_scale"":0.510452168445216,""taylor_exp_a"":0.7048910272121429,""taylor_exp_n"":0.5389550719410181,""taylor_nu0_s"":100000000000.0}",ARCHIVED_MORPH_0.50,v913_zeroD_sobol_0202500|v913_zeroD_sobol_0073460,0.0,0.26028812606206775,0.15,2.0,0.0,0.5450131321560192,1.3076402834580136,0.0,0.31210463114800374,0.6518607958120007,1.0,0.8823529411764706,True,"{""TARGET_RIGHT_CENSORED"": 12}",481.33,3.100907990892452,0.0032980342970695,6.998229696879915,0.0005782625782303498,0.6464059912978853,2.527140383926698,0.026239358201278,2.696903468925044,0.0030533579098991955,4.587373877840183,-0.005744823453947849,0.14773674474988327,0.8580586947339204,0.0103682254353579,1.8216675358801595,-29.46493487805128,1.448395521938801,1.871259921230376,1000000000000.0,1.6616404179517756,29.487436469644308,0.7048910272121429,0.5389550719410181,100000000000.0,654394193736281.1,1034026083650498.4,0.510452168445216,1.776065744613189,False,0.11850187435578527,True,PARETO_NEAR_FRONT
oneD_v2_dbtt_R_5cff7cd25791b2da,DBTT,5cff7cd25791b2da8023bbcad3863890687a899eb871f3f77fae8e402dd99b92,"{""Tref_K"":481.33,""c_blunt"":6.816943006970046,""cleave_G00_eV"":2.170811048613421,""cleave_exp_a"":0.6837952455954616,""cleave_exp_n"":2.6146862796851624,""cleave_floor_frac"":0.026239358201278,""cleave_gT_eV_per_K"":0.007536388819522692,""cleave_sT_GPa_per_K"":-0.0006774874073947852,""cleave_sigc0_GPa"":8.227583491039988,""emit_G00_eV"":4.249857230949033,""emit_exp_a"":0.12101061945791682,""emit_exp_n"":0.5045515010346852,""emit_floor_frac"":0.0103682254353579,""emit_gT_eV_per_K"":0.008303429107302513,""emit_sT_GPa_per_K"":-0.007726414020108154,""emit_sigc0_GPa"":5.607307604472718,""peierls_H0_eV"":5.663652068379566,""peierls_activation_entropy_kB"":-25.424195088964918,""peierls_exp_a"":1.448395521938801,""peierls_exp_n"":1.871259921230376,""peierls_nu0_s"":1000000000000.0,""rho_source0_m2"":558530125420924.56,""taylor_H0_eV"":2.0999026230693634,""taylor_activation_entropy_kB"":35.87007673068927,""taylor_corr_rho_c_m2"":38445463775501.25,""taylor_corr_scale"":1.0033191945697388,""taylor_exp_a"":0.7048910272121429,""taylor_exp_n"":0.5389550719410181,""taylor_nu0_s"":100000000000.0}",SOBOL_LOCAL_MATERIAL,v913_zeroD_sobol_0202500,0.0,0.27597494096455955,0.15,2.0,0.0,0.6340719953084628,1.7091303174957964,0.0,0.3233162030435218,0.7289969627147189,1.0,0.8823529411764706,True,"{""TARGET_RIGHT_CENSORED"": 12}",481.33,2.170811048613421,0.007536388819522692,8.227583491039988,-0.0006774874073947852,0.6837952455954616,2.6146862796851624,0.026239358201278,4.249857230949033,0.008303429107302513,5.607307604472718,-0.007726414020108154,0.12101061945791682,0.5045515010346852,0.0103682254353579,5.663652068379566,-25.424195088964918,1.448395521938801,1.871259921230376,1000000000000.0,2.0999026230693634,35.87007673068927,0.7048910272121429,0.5389550719410181,100000000000.0,558530125420924.56,38445463775501.25,1.0033191945697388,6.816943006970046,False,0.12278569143576942,True,PARETO_NEAR_FRONT
oneD_v2_dbtt_R_c9d64a6281ea59e3,DBTT,c9d64a6281ea59e361769a3286513bb63a40f7dac47379a06e2fea947df83993,"{""Tref_K"":481.33,""c_blunt"":1.2334435617898138,""cleave_G00_eV"":1.683773603916278,""cleave_exp_a"":0.5270237032374703,""cleave_exp_n"":3.804422000201292,""cleave_floor_frac"":0.026239358201278,""cleave_gT_eV_per_K"":0.0055121427122076265,""cleave_sT_GPa_per_K"":-0.002077472781731588,""cleave_sigc0_GPa"":10.093456393752025,""emit_G00_eV"":2.2827864269243197,""emit_exp_a"":0.14991363009302278,""emit_exp_n"":0.5610483136008153,""emit_floor_frac"":0.0103682254353579,""emit_gT_eV_per_K"":0.009306191903986981,""emit_sT_GPa_per_K"":-0.007683816257900553,""emit_sigc0_GPa"":1.2535612139585792,""peierls_H0_eV"":4.904494542349612,""peierls_activation_entropy_kB"":-33.487789403870124,""peierls_exp_a"":1.448395521938801,""peierls_exp_n"":1.871259921230376,""peierls_nu0_s"":1000000000000.0,""rho_source0_m2"":1098178834766191.4,""taylor_H0_eV"":0.9695510959784351,""taylor_activation_entropy_kB"":20.635537750078775,""taylor_corr_rho_c_m2"":42791651981410.6,""taylor_corr_scale"":2.2086655488879194,""taylor_exp_a"":0.7048910272121429,""taylor_exp_n"":0.5389550719410181,""taylor_nu0_s"":100000000000.0}",SOBOL_LOCAL_MATERIAL,v913_zeroD_sobol_0202500,0.0,0.31064318064860297,0.15,1.0,0.0,0.5985525980655984,1.0494950735100401,0.0,0.28901306790345166,0.9675458081687163,0.5833333333333334,0.9,True,"{""TARGET_RIGHT_CENSORED"": 12}",481.33,1.683773603916278,0.0055121427122076265,10.093456393752025,-0.002077472781731588,0.5270237032374703,3.804422000201292,0.026239358201278,2.2827864269243197,0.009306191903986981,1.2535612139585792,-0.007683816257900553,0.14991363009302278,0.5610483136008153,0.0103682254353579,4.904494542349612,-33.487789403870124,1.448395521938801,1.871259921230376,1000000000000.0,0.9695510959784351,20.635537750078775,0.7048910272121429,0.5389550719410181,100000000000.0,1098178834766191.4,42791651981410.6,2.2086655488879194,1.2334435617898138,False,0.10713523808224695,True,PARETO_NEAR_FRONT
oneD_v2_dbtt_R_be32984fa2e85252,DBTT,be32984fa2e852524eed3ce8e757e0ca0f266e306bdbbbada0c54c672b9e0eaa,"{""Tref_K"":481.33,""c_blunt"":1.8060818670952763,""cleave_G00_eV"":1.72516306396497,""cleave_exp_a"":0.496708936905572,""cleave_exp_n"":3.2227613599493345,""cleave_floor_frac"":0.026239358201278,""cleave_gT_eV_per_K"":0.005764910069115596,""cleave_sT_GPa_per_K"":-0.0012252514641254366,""cleave_sigc0_GPa"":8.56677753917024,""emit_G00_eV"":5.596778749637454,""emit_exp_a"":0.11648370999796274,""emit_exp_n"":0.4416914160691535,""emit_floor_frac"":0.0103682254353579,""emit_gT_eV_per_K"":0.008127772378898628,""emit_sT_GPa_per_K"":-0.003485885067391793,""emit_sigc0_GPa"":4.15537984310453,""peierls_H0_eV"":3.0475356761122274,""peierls_activation_entropy_kB"":-41.81426722936924,""peierls_exp_a"":1.448395521938801,""peierls_exp_n"":1.871259921230376,""peierls_nu0_s"":1000000000000.0,""rho_source0_m2"":1299042309554960.5,""taylor_H0_eV"":1.3610315677554037,""taylor_activation_entropy_kB"":45.801317464548276,""taylor_corr_rho_c_m2"":28876339527428.02,""taylor_corr_scale"":0.6545312893490319,""taylor_exp_a"":0.7048910272121429,""taylor_exp_n"":0.5389550719410181,""taylor_nu0_s"":100000000000.0}",SOBOL_LOCAL_MATERIAL,v913_zeroD_sobol_0202500,0.0,0.31260414444781165,0.3,2.0,0.0,0.7843895182678801,0.1564202439090976,0.0,0.0,0.0,0.0,1.0,True,"{""TARGET_RIGHT_CENSORED"": 12}",481.33,1.72516306396497,0.005764910069115596,8.56677753917024,-0.0012252514641254366,0.496708936905572,3.2227613599493345,0.026239358201278,5.596778749637454,0.008127772378898628,4.15537984310453,-0.003485885067391793,0.11648370999796274,0.4416914160691535,0.0103682254353579,3.0475356761122274,-41.81426722936924,1.448395521938801,1.871259921230376,1000000000000.0,1.3610315677554037,45.801317464548276,0.7048910272121429,0.5389550719410181,100000000000.0,1299042309554960.5,28876339527428.02,0.6545312893490319,1.8060818670952763,True,0.0,True,PARETO_NONDOMINATED
oneD_v2_dbtt_R_0bee467af7ac79d2,DBTT,0bee467af7ac79d27e0af2a8565c56a245ba22bb8313ef61145eace97d019b96,"{""Tref_K"":481.33,""c_blunt"":2.526167636920032,""cleave_G00_eV"":2.7352665502606226,""cleave_exp_a"":0.47438109880433255,""cleave_exp_n"":3.902289553513582,""cleave_floor_frac"":0.026239358201278,""cleave_gT_eV_per_K"":0.004643693290818572,""cleave_sT_GPa_per_K"":-0.001527049469984599,""cleave_sigc0_GPa"":5.632592299749259,""emit_G00_eV"":2.961105722960733,""emit_exp_a"":0.18761802736551314,""emit_exp_n"":0.5190796420307134,""emit_floor_frac"":0.0103682254353579,""emit_gT_eV_per_K"":0.003421868611787763,""emit_sT_GPa_per_K"":-0.002989491714439606,""emit_sigc0_GPa"":1.9462813102643381,""peierls_H0_eV"":3.375181329701588,""peierls_activation_entropy_kB"":-43.334031375306665,""peierls_exp_a"":1.448395521938801,""peierls_exp_n"":1.871259921230376,""peierls_nu0_s"":1000000000000.0,""rho_source0_m2"":184336039016421.47,""taylor_H0_eV"":1.1088005825123126,""taylor_activation_entropy_kB"":12.668678116328667,""taylor_corr_rho_c_m2"":9833569847255.428,""taylor_corr_scale"":2.2897237897326628,""taylor_exp_a"":0.7048910272121429,""taylor_exp_n"":0.5389550719410181,""taylor_nu0_s"":100000000000.0}",SOBOL_LOCAL_MATERIAL,v913_zeroD_sobol_0202500,0.0,0.3128865721719037,0.15,2.0,0.0,1.0557288575124724,1.5123618192337278,0.0,0.42732703410830375,0.9232637328353623,1.0,0.8823529411764706,True,"{""TARGET_RIGHT_CENSORED"": 12}",481.33,2.7352665502606226,0.004643693290818572,5.632592299749259,-0.001527049469984599,0.47438109880433255,3.902289553513582,0.026239358201278,2.961105722960733,0.003421868611787763,1.9462813102643381,-0.002989491714439606,0.18761802736551314,0.5190796420307134,0.0103682254353579,3.375181329701588,-43.334031375306665,1.448395521938801,1.871259921230376,1000000000000.0,1.1088005825123126,12.668678116328667,0.7048910272121429,0.5389550719410181,100000000000.0,184336039016421.47,9833569847255.428,2.2897237897326628,2.526167636920032,False,0.13554965303378386,True,PARETO_NEAR_FRONT
oneD_v2_dbtt_R_99e141baa062b50b,DBTT,99e141baa062b50b84e54b80e42c6f4d27187cc74cae367ade0a2fca5e579902,"{""Tref_K"":481.33,""c_blunt"":4.647792064741493,""cleave_G00_eV"":1.4807265926768614,""cleave_exp_a"":0.3839795503402383,""cleave_exp_n"":2.3112588657151045,""cleave_floor_frac"":0.026239358201278,""cleave_gT_eV_per_K"":0.004865168413582338,""cleave_sT_GPa_per_K"":-0.000826252376575642,""cleave_sigc0_GPa"":8.116547805939566,""emit_G00_eV"":5.19833418041817,""emit_exp_a"":0.15726771437572942,""emit_exp_n"":0.34760638933628263,""emit_floor_frac"":0.0103682254353579,""emit_gT_eV_per_K"":0.006167497957685653,""emit_sT_GPa_per_K"":-0.005438650929942,""emit_sigc0_GPa"":1.3513122972143177,""peierls_H0_eV"":2.9828347127883323,""peierls_activation_entropy_kB"":-31.88771849018174,""peierls_exp_a"":1.448395521938801,""peierls_exp_n"":1.871259921230376,""peierls_nu0_s"":1000000000000.0,""rho_source0_m2"":217962893762258.0,""taylor_H0_eV"":1.1527360059537688,""taylor_activation_entropy_kB"":43.358526393741656,""taylor_corr_rho_c_m2"":11602188267270.578,""taylor_corr_scale"":0.9235114096196649,""taylor_exp_a"":0.7048910272121429,""taylor_exp_n"":0.5389550719410181,""taylor_nu0_s"":100000000000.0}",SOBOL_LOCAL_MATERIAL,v913_zeroD_sobol_0202500,0.0,0.3136595000285414,0.0,1.0,0.0,1.3976881978362814,4.71014698062024,0.0,0.7624684503525699,1.729606413716973,1.6666666666666667,0.8823529411764706,True,"{""TARGET_RIGHT_CENSORED"": 12}",481.33,1.4807265926768614,0.004865168413582338,8.116547805939566,-0.000826252376575642,0.3839795503402383,2.3112588657151045,0.026239358201278,5.19833418041817,0.006167497957685653,1.3513122972143177,-0.005438650929942,0.15726771437572942,0.34760638933628263,0.0103682254353579,2.9828347127883323,-31.88771849018174,1.448395521938801,1.871259921230376,1000000000000.0,1.1527360059537688,43.358526393741656,0.7048910272121429,0.5389550719410181,100000000000.0,217962893762258.0,11602188267270.578,0.9235114096196649,4.647792064741493,False,0.13794137701183398,True,PARETO_NEAR_FRONT
oneD_v2_dbtt_R_b04078ff1078b09c,DBTT,b04078ff1078b09cb364d01879173e1b702f7841079e678a6eaeec81ab4dca0a,"{""Tref_K"":481.33,""c_blunt"":3.3110035428531117,""cleave_G00_eV"":1.807939856613729,""cleave_exp_a"":0.4996523959472702,""cleave_exp_n"":1.844096338990258,""cleave_floor_frac"":0.026239358201278,""cleave_gT_eV_per_K"":0.004344663241945174,""cleave_sT_GPa_per_K"":-0.0006988445154597998,""cleave_sigc0_GPa"":6.601035328039361,""emit_G00_eV"":1.961589681847922,""emit_exp_a"":0.20589251006986614,""emit_exp_n"":0.6065110010210513,""emit_floor_frac"":0.0103682254353579,""emit_gT_eV_per_K"":0.004356933665193382,""emit_sT_GPa_per_K"":-0.004263588513616071,""emit_sigc0_GPa"":4.1669765972698585,""peierls_H0_eV"":4.080619807597224,""peierls_activation_entropy_kB"":-15.239201364501145,""peierls_exp_a"":1.448395521938801,""peierls_exp_n"":1.871259921230376,""peierls_nu0_s"":1000000000000.0,""rho_source0_m2"":293440147022810.25,""taylor_H0_eV"":1.111735276283984,""taylor_activation_entropy_kB"":39.66099526805892,""taylor_corr_rho_c_m2"":8480007041278.284,""taylor_corr_scale"":0.9840419846021555,""taylor_exp_a"":0.7048910272121429,""taylor_exp_n"":0.5389550719410181,""taylor_nu0_s"":100000000000.0}",SOBOL_LOCAL_MATERIAL,v913_zeroD_sobol_0202500,0.0,0.33225430069171025,0.15,2.0,0.0,0.6902848421894618,1.2859474986521917,0.0,0.3349378540767536,0.6760499758053133,1.0,0.8823529411764706,True,"{""TARGET_RIGHT_CENSORED"": 12}",481.33,1.807939856613729,0.004344663241945174,6.601035328039361,-0.0006988445154597998,0.4996523959472702,1.844096338990258,0.026239358201278,1.961589681847922,0.004356933665193382,4.1669765972698585,-0.004263588513616071,0.20589251006986614,0.6065110010210513,0.0103682254353579,4.080619807597224,-15.239201364501145,1.448395521938801,1.871259921230376,1000000000000.0,1.111735276283984,39.66099526805892,0.7048910272121429,0.5389550719410181,100000000000.0,293440147022810.25,8480007041278.284,0.9840419846021555,3.3110035428531117,False,0.13975555551910387,True,PARETO_NEAR_FRONT
oneD_v2_dbtt_R_a88c9603ebb70070,DBTT,a88c9603ebb7007025ed39c715b1bb46362762dcfb177d4b700011b4d299f68f,"{""Tref_K"":481.33,""c_blunt"":1.3550817029156166,""cleave_G00_eV"":2.1508966290548903,""cleave_exp_a"":0.44792005618914094,""cleave_exp_n"":1.8583166501963182,""cleave_floor_frac"":0.026239358201278,""cleave_gT_eV_per_K"":0.006182975488897047,""cleave_sT_GPa_per_K"":-0.00218661181561016,""cleave_sigc0_GPa"":4.097725009419965,""emit_G00_eV"":2.6955131691438097,""emit_exp_a"":0.24567344331684995,""emit_exp_n"":0.4356681406830094,""emit_floor_frac"":0.0103682254353579,""emit_gT_eV_per_K"":0.009453189485245542,""emit_sT_GPa_per_K"":-0.007972510206128668,""emit_sigc0_GPa"":2.260094444653333,""peierls_H0_eV"":4.436890884249195,""peierls_activation_entropy_kB"":-44.02165349259192,""peierls_exp_a"":1.448395521938801,""peierls_exp_n"":1.871259921230376,""peierls_nu0_s"":1000000000000.0,""rho_source0_m2"":457605170582311.9,""taylor_H0_eV"":1.2937152068808806,""taylor_activation_entropy_kB"":13.086622389017883,""taylor_corr_rho_c_m2"":49677041444165.11,""taylor_corr_scale"":0.8552277967259538,""taylor_exp_a"":0.7048910272121429,""taylor_exp_n"":0.5389550719410181,""taylor_nu0_s"":100000000000.0}",SOBOL_LOCAL_MATERIAL,v913_zeroD_sobol_0202500,0.0,0.3364231976517488,0.15,2.0,0.0,1.2538767580799424,1.5062420088826436,0.0,0.44643745284652386,0.9954507993849182,1.0,0.8823529411764706,True,"{""TARGET_RIGHT_CENSORED"": 12}",481.33,2.1508966290548903,0.006182975488897047,4.097725009419965,-0.00218661181561016,0.44792005618914094,1.8583166501963182,0.026239358201278,2.6955131691438097,0.009453189485245542,2.260094444653333,-0.007972510206128668,0.24567344331684995,0.4356681406830094,0.0103682254353579,4.436890884249195,-44.02165349259192,1.448395521938801,1.871259921230376,1000000000000.0,1.2937152068808806,13.086622389017883,0.7048910272121429,0.5389550719410181,100000000000.0,457605170582311.9,49677041444165.11,0.8552277967259538,1.3550817029156166,False,0.13980733218400662,True,PARETO_NEAR_FRONT
oneD_v2_dbtt_R_0bf0f25f74411000,DBTT,0bf0f25f7441100018490d54263aff449e5df602b49536ed8a446393d0a4baa5,"{""Tref_K"":481.33,""c_blunt"":6.201127133645389,""cleave_G00_eV"":1.8621480419540128,""cleave_exp_a"":0.3462453651877594,""cleave_exp_n"":2.7531721751359957,""cleave_floor_frac"":0.026239358201278,""cleave_gT_eV_per_K"":0.005281807336448797,""cleave_sT_GPa_per_K"":-0.0004950757857476296,""cleave_sigc0_GPa"":4.390268889202817,""emit_G00_eV"":2.9140133948444773,""emit_exp_a"":0.12430063920082574,""emit_exp_n"":0.3334149406967361,""emit_floor_frac"":0.0103682254353579,""emit_gT_eV_per_K"":0.007623052695724512,""emit_sT_GPa_per_K"":-0.0036939319084976115,""emit_sigc0_GPa"":3.516792744870347,""peierls_H0_eV"":4.340021673774366,""peierls_activation_entropy_kB"":-32.40046945160495,""peierls_exp_a"":1.448395521938801,""peierls_exp_n"":1.871259921230376,""peierls_nu0_s"":1000000000000.0,""rho_source0_m2"":606626781409095.5,""taylor_H0_eV"":0.9061418147580934,""taylor_activation_entropy_kB"":19.615113711406504,""taylor_corr_rho_c_m2"":21447152154655.26,""taylor_corr_scale"":1.2635590097025609,""taylor_exp_a"":0.7048910272121429,""taylor_exp_n"":0.5389550719410181,""taylor_nu0_s"":100000000000.0}",SOBOL_LOCAL_MATERIAL,v913_zeroD_sobol_0202500,0.0,0.35017912200003853,0.15,2.0,0.0,1.3908221437651263,1.4299402403720547,0.0,0.4324499080142136,0.8888083497393483,1.0,0.8823529411764706,True,"{""TARGET_RIGHT_CENSORED"": 12}",481.33,1.8621480419540128,0.005281807336448797,4.390268889202817,-0.0004950757857476296,0.3462453651877594,2.7531721751359957,0.026239358201278,2.9140133948444773,0.007623052695724512,3.516792744870347,-0.0036939319084976115,0.12430063920082574,0.3334149406967361,0.0103682254353579,4.340021673774366,-32.40046945160495,1.448395521938801,1.871259921230376,1000000000000.0,0.9061418147580934,19.615113711406504,0.7048910272121429,0.5389550719410181,100000000000.0,606626781409095.5,21447152154655.26,1.2635590097025609,6.201127133645389,False,0.14925172869010545,True,PARETO_NEAR_FRONT
oneD_v2_dbtt_R_4a968dc75cf1eb1f,DBTT,4a968dc75cf1eb1feced087f3571386ddab3865f65f1c295c6f099a1de211c24,"{""Tref_K"":481.33,""c_blunt"":2.080147181885972,""cleave_G00_eV"":2.799480106335702,""cleave_exp_a"":0.5447280882876632,""cleave_exp_n"":3.311021907664898,""cleave_floor_frac"":0.026239358201278,""cleave_gT_eV_per_K"":0.006526556751852373,""cleave_sT_GPa_per_K"":-0.0019675647331899694,""cleave_sigc0_GPa"":4.262314879485404,""emit_G00_eV"":4.387102955590399,""emit_exp_a"":0.24051044465911506,""emit_exp_n"":0.41973210930035676,""emit_floor_frac"":0.0103682254353579,""emit_gT_eV_per_K"":0.002879422353000287,""emit_sT_GPa_per_K"":-0.00820347441050264,""emit_sigc0_GPa"":2.948971957165639,""peierls_H0_eV"":5.7754158259005255,""peierls_activation_entropy_kB"":-31.989330829255156,""peierls_exp_a"":1.448395521938801,""peierls_exp_n"":1.871259921230376,""peierls_nu0_s"":1000000000000.0,""rho_source0_m2"":158873697768895.44,""taylor_H0_eV"":1.187941088736845,""taylor_activation_entropy_kB"":44.00920563469327,""taylor_corr_rho_c_m2"":19350402467572.777,""taylor_corr_scale"":0.6442930080082352,""taylor_exp_a"":0.7048910272121429,""taylor_exp_n"":0.5389550719410181,""taylor_nu0_s"":100000000000.0}",SOBOL_LOCAL_MATERIAL,v913_zeroD_sobol_0202500,0.0,0.3587727700825587,0.15,2.0,0.0,1.5454714967185255,1.635984484690983,0.0,0.5158737387940286,1.129268860286988,1.0,0.8823529411764706,True,"{""TARGET_RIGHT_CENSORED"": 12}",481.33,2.799480106335702,0.006526556751852373,4.262314879485404,-0.0019675647331899694,0.5447280882876632,3.311021907664898,0.026239358201278,4.387102955590399,0.002879422353000287,2.948971957165639,-0.00820347441050264,0.24051044465911506,0.41973210930035676,0.0103682254353579,5.7754158259005255,-31.989330829255156,1.448395521938801,1.871259921230376,1000000000000.0,1.187941088736845,44.00920563469327,0.7048910272121429,0.5389550719410181,100000000000.0,158873697768895.44,19350402467572.777,0.6442930080082352,2.080147181885972,False,0.16380594298140155,True,PARETO_NEAR_FRONT
oneD_v2_dbtt_R_9763d16082c7ef89,DBTT,9763d16082c7ef89a9d7ae8e700b556e8f56d62a2bc8f2f785a4a956f47a3635,"{""Tref_K"":481.33,""c_blunt"":3.41757913055846,""cleave_G00_eV"":1.6675479821263077,""cleave_exp_a"":0.6630056916224615,""cleave_exp_n"":3.625420584859947,""cleave_floor_frac"":0.026239358201278,""cleave_gT_eV_per_K"":0.004535941445070168,""cleave_sT_GPa_per_K"":-0.0024284620344155704,""cleave_sigc0_GPa"":5.299767219474075,""emit_G00_eV"":3.221885203299322,""emit_exp_a"":0.10896163793679398,""emit_exp_n"":0.5022697120293637,""emit_floor_frac"":0.0103682254353579,""emit_gT_eV_per_K"":0.00731037286406868,""emit_sT_GPa_per_K"":-0.006987773069626552,""emit_sigc0_GPa"":3.900787002424204,""peierls_H0_eV"":2.510467001990783,""peierls_activation_entropy_kB"":-22.22435005674801,""peierls_exp_a"":1.448395521938801,""peierls_exp_n"":1.871259921230376,""peierls_nu0_s"":1000000000000.0,""rho_source0_m2"":262473773111071.3,""taylor_H0_eV"":2.0661573691732777,""taylor_activation_entropy_kB"":19.10696431411155,""taylor_corr_rho_c_m2"":13544973164338.418,""taylor_corr_scale"":1.1169900195068039,""taylor_exp_a"":0.7048910272121429,""taylor_exp_n"":0.5389550719410181,""taylor_nu0_s"":100000000000.0}",SOBOL_LOCAL_MATERIAL,v913_zeroD_sobol_0202500,0.0,0.3606654775368756,0.15,2.0,0.0,1.6003856320152805,1.6438999986065237,0.0,0.5103924192515361,1.0941275005974882,1.0,0.8823529411764706,True,"{""TARGET_RIGHT_CENSORED"": 12}",481.33,1.6675479821263077,0.004535941445070168,5.299767219474075,-0.0024284620344155704,0.6630056916224615,3.625420584859947,0.026239358201278,3.221885203299322,0.00731037286406868,3.900787002424204,-0.006987773069626552,0.10896163793679398,0.5022697120293637,0.0103682254353579,2.510467001990783,-22.22435005674801,1.448395521938801,1.871259921230376,1000000000000.0,2.0661573691732777,19.10696431411155,0.7048910272121429,0.5389550719410181,100000000000.0,262473773111071.3,13544973164338.418,1.1169900195068039,3.41757913055846,False,0.16991090250374138,True,PARETO_NEAR_FRONT
oneD_v2_dbtt_R_c6202fa7a9fd1baf,DBTT,c6202fa7a9fd1baf38f0c26150ae90b462966caac8e05c0d49988128947bdbc2,"{""Tref_K"":481.33,""c_blunt"":3.5261092063708195,""cleave_G00_eV"":4.039939341327376,""cleave_exp_a"":0.3294708936509848,""cleave_exp_n"":2.551694137189805,""cleave_floor_frac"":0.026239358201278,""cleave_gT_eV_per_K"":0.008508386783476696,""cleave_sT_GPa_per_K"":6.478149006786116e-05,""cleave_sigc0_GPa"":4.16405266229612,""emit_G00_eV"":6.258594248875975,""emit_exp_a"":0.2324296140026595,""emit_exp_n"":0.48089256428673904,""emit_floor_frac"":0.0103682254353579,""emit_gT_eV_per_K"":0.00259607035993785,""emit_sT_GPa_per_K"":-0.0030325441012214616,""emit_sigc0_GPa"":3.9828414501694245,""peierls_H0_eV"":2.9198636017622808,""peierls_activation_entropy_kB"":-57.07386333815644,""peierls_exp_a"":1.448395521938801,""peierls_exp_n"":1.871259921230376,""peierls_nu0_s"":1000000000000.0,""rho_source0_m2"":362716841727869.06,""taylor_H0_eV"":2.405741127631251,""taylor_activation_entropy_kB"":37.459591269231936,""taylor_corr_rho_c_m2"":14620376893521.01,""taylor_corr_scale"":0.9735631783935513,""taylor_exp_a"":0.7048910272121429,""taylor_exp_n"":0.5389550719410181,""taylor_nu0_s"":100000000000.0}",SOBOL_LOCAL_MATERIAL,v913_zeroD_sobol_0202500,0.0,0.3842524559936422,0.15,2.0,0.0,0.9499861984000617,1.274622682972229,0.0,0.38539293392320384,0.7765123086305014,1.0,0.8823529411764706,True,"{""TARGET_RIGHT_CENSORED"": 12}",481.33,4.039939341327376,0.008508386783476696,4.16405266229612,6.478149006786116e-05,0.3294708936509848,2.551694137189805,0.026239358201278,6.258594248875975,0.00259607035993785,3.9828414501694245,-0.0030325441012214616,0.2324296140026595,0.48089256428673904,0.0103682254353579,2.9198636017622808,-57.07386333815644,1.448395521938801,1.871259921230376,1000000000000.0,2.405741127631251,37.459591269231936,0.7048910272121429,0.5389550719410181,100000000000.0,362716841727869.06,14620376893521.01,0.9735631783935513,3.5261092063708195,False,0.16145704209878112,True,PARETO_NEAR_FRONT
oneD_v2_dbtt_R_75cb4d9533ab77c2,DBTT,75cb4d9533ab77c2599513229f4be783d97c1f12e944c4221095c05fe4755a2d,"{""Tref_K"":481.33,""c_blunt"":2.7715398365475132,""cleave_G00_eV"":3.593310718348255,""cleave_exp_a"":0.8226085786881722,""cleave_exp_n"":2.404549733744544,""cleave_floor_frac"":0.026239358201278,""cleave_gT_eV_per_K"":0.00375596890319135,""cleave_sT_GPa_per_K"":0.00012540802592409992,""cleave_sigc0_GPa"":7.0119641877449554,""emit_G00_eV"":3.7120951389575665,""emit_exp_a"":0.2991573027421802,""emit_exp_n"":1.0131929266176767,""emit_floor_frac"":0.0103682254353579,""emit_gT_eV_per_K"":0.0017894551651552498,""emit_sT_GPa_per_K"":-0.00206082747131585,""emit_sigc0_GPa"":4.488930110560328,""peierls_H0_eV"":4.3629715944648675,""peierls_activation_entropy_kB"":-15.96910959109664,""peierls_exp_a"":1.448395521938801,""peierls_exp_n"":1.871259921230376,""peierls_nu0_s"":1000000000000.0,""rho_source0_m2"":4843807097157622.0,""taylor_H0_eV"":1.2059285604441243,""taylor_activation_entropy_kB"":21.37809958308935,""taylor_corr_rho_c_m2"":18160677345421.754,""taylor_corr_scale"":0.8842573885183925,""taylor_exp_a"":0.7048910272121429,""taylor_exp_n"":0.5389550719410181,""taylor_nu0_s"":100000000000.0}",ARCHIVED_MORPH_0.50,v913_zeroD_sobol_0202500|v913_zeroD_sobol_0086420,0.0,0.3922654743145712,0.3,2.0,0.0,0.8533153654932601,0.11098503023782308,0.0,0.0,0.0,0.0,1.0,True,"{""TARGET_RIGHT_CENSORED"": 12}",481.33,3.593310718348255,0.00375596890319135,7.0119641877449554,0.00012540802592409992,0.8226085786881722,2.404549733744544,0.026239358201278,3.7120951389575665,0.0017894551651552498,4.488930110560328,-0.00206082747131585,0.2991573027421802,1.0131929266176767,0.0103682254353579,4.3629715944648675,-15.96910959109664,1.448395521938801,1.871259921230376,1000000000000.0,1.2059285604441243,21.37809958308935,0.7048910272121429,0.5389550719410181,100000000000.0,4843807097157622.0,18160677345421.754,0.8842573885183925,2.7715398365475132,True,0.0,True,PARETO_NONDOMINATED
oneD_v2_dbtt_R_72a9070c70314e99,DBTT,72a9070c70314e99f7893af4b002b4cde91bfa322c342aa0c83cbef07bb998bc,"{""Tref_K"":481.33,""c_blunt"":2.0172138697499498,""cleave_G00_eV"":2.0731232328393654,""cleave_exp_a"":0.4838195131927731,""cleave_exp_n"":2.360288479073271,""cleave_floor_frac"":0.026239358201278,""cleave_gT_eV_per_K"":0.0057517991666682,""cleave_sT_GPa_per_K"":-0.0020054375049657997,""cleave_sigc0_GPa"":7.086804662785929,""emit_G00_eV"":3.353088167601429,""emit_exp_a"":0.26659343461048896,""emit_exp_n"":0.9372022448527335,""emit_floor_frac"":0.0103682254353579,""emit_gT_eV_per_K"":0.0019986605769955,""emit_sT_GPa_per_K"":-0.0034881004579364497,""emit_sigc0_GPa"":4.798187759955238,""peierls_H0_eV"":2.128119467807787,""peierls_activation_entropy_kB"":-19.253413062542677,""peierls_exp_a"":1.448395521938801,""peierls_exp_n"":1.871259921230376,""peierls_nu0_s"":1000000000000.0,""rho_source0_m2"":390087503658908.3,""taylor_H0_eV"":1.6602521751383756,""taylor_activation_entropy_kB"":29.665113296359777,""taylor_corr_rho_c_m2"":22999592234287.652,""taylor_corr_scale"":0.6094852069237968,""taylor_exp_a"":0.7048910272121429,""taylor_exp_n"":0.5389550719410181,""taylor_nu0_s"":100000000000.0}",ARCHIVED_MORPH_0.50,v913_zeroD_sobol_0202500|v913_zeroD_sobol_0080699,0.0,0.40074786286168074,0.15,2.0,0.0,0.7201822149962924,1.304947189769202,0.0,0.34733454599020086,0.7267437917858819,1.0,0.8823529411764706,True,"{""TARGET_RIGHT_CENSORED"": 12}",481.33,2.0731232328393654,0.0057517991666682,7.086804662785929,-0.0020054375049657997,0.4838195131927731,2.360288479073271,0.026239358201278,3.353088167601429,0.0019986605769955,4.798187759955238,-0.0034881004579364497,0.26659343461048896,0.9372022448527335,0.0103682254353579,2.128119467807787,-19.253413062542677,1.448395521938801,1.871259921230376,1000000000000.0,1.6602521751383756,29.665113296359777,0.7048910272121429,0.5389550719410181,100000000000.0,390087503658908.3,22999592234287.652,0.6094852069237968,2.0172138697499498,False,0.16068585595578247,True,PARETO_NEAR_FRONT
oneD_v2_dbtt_R_8390619690c1ef96,DBTT,8390619690c1ef966f3b0027b65a62b76c45ab42b1a439b15ccda3e24b0892eb,"{""Tref_K"":481.33,""c_blunt"":2.0672796928483725,""cleave_G00_eV"":2.220096909339448,""cleave_exp_a"":0.5298079327484764,""cleave_exp_n"":1.9430229050059844,""cleave_floor_frac"":0.026239358201278,""cleave_gT_eV_per_K"":0.0064988835242111,""cleave_sT_GPa_per_K"":-0.0015051957007963,""cleave_sigc0_GPa"":6.269770623593161,""emit_G00_eV"":3.6142350136987385,""emit_exp_a"":0.25854548591208004,""emit_exp_n"":0.5246480615920619,""emit_floor_frac"":0.0103682254353579,""emit_gT_eV_per_K"":0.004141175949480375,""emit_sT_GPa_per_K"":-0.0030076266648247493,""emit_sigc0_GPa"":3.3425326084197122,""peierls_H0_eV"":3.5670886800140678,""peierls_activation_entropy_kB"":-25.530293956398964,""peierls_exp_a"":1.448395521938801,""peierls_exp_n"":1.871259921230376,""peierls_nu0_s"":1000000000000.0,""rho_source0_m2"":1347049145068611.0,""taylor_H0_eV"":1.0716723262826036,""taylor_activation_entropy_kB"":28.226409144699574,""taylor_corr_rho_c_m2"":14807913041074.26,""taylor_corr_scale"":1.7005657008964388,""taylor_exp_a"":0.7048910272121429,""taylor_exp_n"":0.5389550719410181,""taylor_nu0_s"":100000000000.0}",ARCHIVED_MORPH_0.25,v913_zeroD_sobol_0202500|v913_zeroD_sobol_0097332,0.0,0.42691119309128633,0.3,2.0,0.0,0.8835000300408701,0.060208095111528546,0.0,0.0,0.0,0.0,1.0,True,"{""TARGET_RIGHT_CENSORED"": 12}",481.33,2.220096909339448,0.0064988835242111,6.269770623593161,-0.0015051957007963,0.5298079327484764,1.9430229050059844,0.026239358201278,3.6142350136987385,0.004141175949480375,3.3425326084197122,-0.0030076266648247493,0.25854548591208004,0.5246480615920619,0.0103682254353579,3.5670886800140678,-25.530293956398964,1.448395521938801,1.871259921230376,1000000000000.0,1.0716723262826036,28.226409144699574,0.7048910272121429,0.5389550719410181,100000000000.0,1347049145068611.0,14807913041074.26,1.7005657008964388,2.0672796928483725,True,0.0,True,PARETO_NONDOMINATED
oneD_v2_dbtt_R_7bfa7fcd05287213,DBTT,7bfa7fcd05287213d19fc6e628eb45386249176c82bfb9c7d30102c4bb751b64,"{""Tref_K"":481.33,""c_blunt"":3.2013258051536417,""cleave_G00_eV"":2.1167364951184613,""cleave_exp_a"":0.47697821725854933,""cleave_exp_n"":3.6128165639159366,""cleave_floor_frac"":0.026239358201278,""cleave_gT_eV_per_K"":0.008688881384727273,""cleave_sT_GPa_per_K"":-0.0005568398010915731,""cleave_sigc0_GPa"":9.679749277427884,""emit_G00_eV"":5.346504600035166,""emit_exp_a"":0.200393766151771,""emit_exp_n"":0.6703986489067134,""emit_floor_frac"":0.0103682254353579,""emit_gT_eV_per_K"":0.004169770157757041,""emit_sT_GPa_per_K"":-0.00834500286986884,""emit_sigc0_GPa"":3.198242881555974,""peierls_H0_eV"":5.31410957191208,""peierls_activation_entropy_kB"":-28.702391890929864,""peierls_exp_a"":1.448395521938801,""peierls_exp_n"":1.871259921230376,""peierls_nu0_s"":1000000000000.0,""rho_source0_m2"":318923987288526.1,""taylor_H0_eV"":2.209908391125664,""taylor_activation_entropy_kB"":15.906610036591957,""taylor_corr_rho_c_m2"":47306501435473.06,""taylor_corr_scale"":1.2375004319867344,""taylor_exp_a"":0.7048910272121429,""taylor_exp_n"":0.5389550719410181,""taylor_nu0_s"":100000000000.0}",SOBOL_LOCAL_MATERIAL,v913_zeroD_sobol_0202500,0.0,0.4341281049574007,0.0,1.0,0.0,1.4207323765637676,5.3152584059351256,0.0,0.7546165979364945,1.6970505017581081,1.6666666666666667,0.8823529411764706,True,"{""TARGET_RIGHT_CENSORED"": 12}",481.33,2.1167364951184613,0.008688881384727273,9.679749277427884,-0.0005568398010915731,0.47697821725854933,3.6128165639159366,0.026239358201278,5.346504600035166,0.004169770157757041,3.198242881555974,-0.00834500286986884,0.200393766151771,0.6703986489067134,0.0103682254353579,5.31410957191208,-28.702391890929864,1.448395521938801,1.871259921230376,1000000000000.0,2.209908391125664,15.906610036591957,0.7048910272121429,0.5389550719410181,100000000000.0,318923987288526.1,47306501435473.06,1.2375004319867344,3.2013258051536417,False,0.1380964779591263,True,PARETO_NEAR_FRONT
oneD_v2_dbtt_R_258762d9534e42a4,DBTT,258762d9534e42a4aaa59a628784bdb75e47061fc1f67ae9c7a6a21943fc6d90,"{""Tref_K"":481.33,""c_blunt"":1.6147130826590885,""cleave_G00_eV"":3.1261879576400533,""cleave_exp_a"":0.4323213699780429,""cleave_exp_n"":2.937222760403429,""cleave_floor_frac"":0.026239358201278,""cleave_gT_eV_per_K"":0.005773945299648091,""cleave_sT_GPa_per_K"":-2.6601708441988028e-05,""cleave_sigc0_GPa"":5.818597728603926,""emit_G00_eV"":4.128518290252853,""emit_exp_a"":0.16524321488186244,""emit_exp_n"":0.359033088085042,""emit_floor_frac"":0.0103682254353579,""emit_gT_eV_per_K"":0.003266379982731032,""emit_sT_GPa_per_K"":-0.004835987629219972,""emit_sigc0_GPa"":3.2334377307076037,""peierls_H0_eV"":3.132308841568232,""peierls_activation_entropy_kB"":-20.618683205965738,""peierls_exp_a"":1.448395521938801,""peierls_exp_n"":1.871259921230376,""peierls_nu0_s"":1000000000000.0,""rho_source0_m2"":872428753609635.0,""taylor_H0_eV"":1.631572791441652,""taylor_activation_entropy_kB"":42.16487565044473,""taylor_corr_rho_c_m2"":12927554377504.723,""taylor_corr_scale"":0.7163605138650532,""taylor_exp_a"":0.7048910272121429,""taylor_exp_n"":0.5389550719410181,""taylor_nu0_s"":100000000000.0}",SOBOL_LOCAL_MATERIAL,v913_zeroD_sobol_0202500,0.0,0.43770269467220346,0.3,2.0,0.0,0.6796293921297469,0.28101922434087184,0.0,0.04688872615818721,0.5626647138982466,0.08333333333333333,0.95,True,"{""TARGET_RIGHT_CENSORED"": 12}",481.33,3.1261879576400533,0.005773945299648091,5.818597728603926,-2.6601708441988028e-05,0.4323213699780429,2.937222760403429,0.026239358201278,4.128518290252853,0.003266379982731032,3.2334377307076037,-0.004835987629219972,0.16524321488186244,0.359033088085042,0.0103682254353579,3.132308841568232,-20.618683205965738,1.448395521938801,1.871259921230376,1000000000000.0,1.631572791441652,42.16487565044473,0.7048910272121429,0.5389550719410181,100000000000.0,872428753609635.0,12927554377504.723,0.7163605138650532,1.6147130826590885,False,0.03993357174383849,True,PARETO_NEAR_FRONT
oneD_v2_dbtt_R_2ce78bb843dcce8c,DBTT,2ce78bb843dcce8ce355d78e35ac2215fb99b56437e0e9f08e498d57f00228dd,"{""Tref_K"":481.33,""c_blunt"":2.6550489755116335,""cleave_G00_eV"":3.736484156825983,""cleave_exp_a"":0.6687991069154825,""cleave_exp_n"":3.912747614195071,""cleave_floor_frac"":0.026239358201278,""cleave_gT_eV_per_K"":0.008798261908055785,""cleave_sT_GPa_per_K"":-0.0008117062997689153,""cleave_sigc0_GPa"":9.107787189317847,""emit_G00_eV"":4.672743310495533,""emit_exp_a"":0.11574883452200503,""emit_exp_n"":0.3919902383836684,""emit_floor_frac"":0.0103682254353579,""emit_gT_eV_per_K"":0.007913824458770157,""emit_sT_GPa_per_K"":-0.002571057223533138,""emit_sigc0_GPa"":2.344163988304978,""peierls_H0_eV"":4.426481183470895,""peierls_activation_entropy_kB"":-51.17595077425441,""peierls_exp_a"":1.448395521938801,""peierls_exp_n"":1.871259921230376,""peierls_nu0_s"":1000000000000.0,""rho_source0_m2"":387856240477690.2,""taylor_H0_eV"":0.9133841711496007,""taylor_activation_entropy_kB"":21.15747514176448,""taylor_corr_rho_c_m2"":37634392894718.08,""taylor_corr_scale"":2.4879646719773376,""taylor_exp_a"":0.7048910272121429,""taylor_exp_n"":0.5389550719410181,""taylor_nu0_s"":100000000000.0}",SOBOL_LOCAL_MATERIAL,v913_zeroD_sobol_0202500,0.0,0.4543202293271907,0.15,2.0,0.0,0.7570340586238516,1.1325372880155906,0.0,0.31363882990709374,0.6394560861769897,1.0,0.8823529411764706,True,"{""TARGET_RIGHT_CENSORED"": 12}",481.33,3.736484156825983,0.008798261908055785,9.107787189317847,-0.0008117062997689153,0.6687991069154825,3.912747614195071,0.026239358201278,4.672743310495533,0.007913824458770157,2.344163988304978,-0.002571057223533138,0.11574883452200503,0.3919902383836684,0.0103682254353579,4.426481183470895,-51.17595077425441,1.448395521938801,1.871259921230376,1000000000000.0,0.9133841711496007,21.15747514176448,0.7048910272121429,0.5389550719410181,100000000000.0,387856240477690.2,37634392894718.08,2.4879646719773376,2.6550489755116335,False,0.17824185217266378,True,PARETO_NEAR_FRONT
oneD_v2_dbtt_R_703093128a118f79,DBTT,703093128a118f790547536a63f8582ec0de3c698226bf16c8196595cf6d079c,"{""Tref_K"":481.33,""c_blunt"":2.430792209506109,""cleave_G00_eV"":2.2108474006389365,""cleave_exp_a"":0.49028488139270293,""cleave_exp_n"":2.4861884813490365,""cleave_floor_frac"":0.026239358201278,""cleave_gT_eV_per_K"":0.00568015610589645,""cleave_sT_GPa_per_K"":-0.00160478810290805,""cleave_sigc0_GPa"":6.9164245930753205,""emit_G00_eV"":3.3489900408558815,""emit_exp_a"":0.204750767193562,""emit_exp_n"":0.695152575262292,""emit_floor_frac"":0.0103682254353579,""emit_gT_eV_per_K"":0.0040827365203295,""emit_sT_GPa_per_K"":-0.004355703946202924,""emit_sigc0_GPa"":3.608846116893043,""peierls_H0_eV"":2.739188452541264,""peierls_activation_entropy_kB"":-27.796370843425393,""peierls_exp_a"":1.448395521938801,""peierls_exp_n"":1.871259921230376,""peierls_nu0_s"":1000000000000.0,""rho_source0_m2"":452090591307018.3,""taylor_H0_eV"":1.577995346795206,""taylor_activation_entropy_kB"":30.51552397198975,""taylor_corr_rho_c_m2"":22515951668843.98,""taylor_corr_scale"":0.8794605454227907,""taylor_exp_a"":0.7048910272121429,""taylor_exp_n"":0.5389550719410181,""taylor_nu0_s"":100000000000.0}",ARCHIVED_MORPH_0.25,v913_zeroD_sobol_0202500|v913_zeroD_sobol_0080699,0.0,0.46087566892045373,0.15,2.0,0.0,0.6723807447657498,1.3279812716602022,0.0,0.3496498797276673,0.7262232512536174,1.0,0.8823529411764706,True,"{""TARGET_RIGHT_CENSORED"": 12}",481.33,2.2108474006389365,0.00568015610589645,6.9164245930753205,-0.00160478810290805,0.49028488139270293,2.4861884813490365,0.026239358201278,3.3489900408558815,0.0040827365203295,3.608846116893043,-0.004355703946202924,0.204750767193562,0.695152575262292,0.0103682254353579,2.739188452541264,-27.796370843425393,1.448395521938801,1.871259921230376,1000000000000.0,1.577995346795206,30.51552397198975,0.7048910272121429,0.5389550719410181,100000000000.0,452090591307018.3,22515951668843.98,0.8794605454227907,2.430792209506109,False,0.1774918990560999,True,PARETO_NEAR_FRONT
oneD_v2_dbtt_R_e74fc36cd0e87982,DBTT,e74fc36cd0e87982fa2a4f22bd326dc98c698b7fac8428355c240f6eb0821ebb,"{""Tref_K"":481.33,""c_blunt"":1.8239053633582067,""cleave_G00_eV"":2.6364598547915725,""cleave_exp_a"":0.5383028480790527,""cleave_exp_n"":2.1718472709528776,""cleave_floor_frac"":0.026239358201278,""cleave_gT_eV_per_K"":0.005181983140247991,""cleave_sT_GPa_per_K"":-0.0005208107369613642,""cleave_sigc0_GPa"":8.633719430683511,""emit_G00_eV"":4.826308728427123,""emit_exp_a"":0.10088243094258563,""emit_exp_n"":0.7680608484614084,""emit_floor_frac"":0.0103682254353579,""emit_gT_eV_per_K"":0.002655036774473974,""emit_sT_GPa_per_K"":-0.004540120396370226,""emit_sigc0_GPa"":5.907084640718761,""peierls_H0_eV"":2.222593032692459,""peierls_activation_entropy_kB"":-53.02135395602693,""peierls_exp_a"":1.448395521938801,""peierls_exp_n"":1.871259921230376,""peierls_nu0_s"":1000000000000.0,""rho_source0_m2"":164765777468124.97,""taylor_H0_eV"":2.1768111385264524,""taylor_activation_entropy_kB"":49.870184040733974,""taylor_corr_rho_c_m2"":15276306561300.002,""taylor_corr_scale"":1.9162778964688383,""taylor_exp_a"":0.7048910272121429,""taylor_exp_n"":0.5389550719410181,""taylor_nu0_s"":100000000000.0}",SOBOL_LOCAL_MATERIAL,v913_zeroD_sobol_0202500,0.0,0.47531045957477913,0.15,2.0,0.0,0.763698211035591,1.0607875225556005,0.0,0.2734216872254051,0.5580537589310074,1.0,0.8823529411764706,True,"{""TARGET_RIGHT_CENSORED"": 12}",481.33,2.6364598547915725,0.005181983140247991,8.633719430683511,-0.0005208107369613642,0.5383028480790527,2.1718472709528776,0.026239358201278,4.826308728427123,0.002655036774473974,5.907084640718761,-0.004540120396370226,0.10088243094258563,0.7680608484614084,0.0103682254353579,2.222593032692459,-53.02135395602693,1.448395521938801,1.871259921230376,1000000000000.0,2.1768111385264524,49.870184040733974,0.7048910272121429,0.5389550719410181,100000000000.0,164765777468124.97,15276306561300.002,1.9162778964688383,1.8239053633582067,False,0.18491591779879651,True,PARETO_NEAR_FRONT
oneD_v2_dbtt_R_25520b9c51f93dd6,DBTT,25520b9c51f93dd65b9072e69d107a4cc1d80bd0ae31824bdc056af2557cddc5,"{""Tref_K"":481.33,""c_blunt"":1.5699083588405691,""cleave_G00_eV"":2.8524874193862364,""cleave_exp_a"":0.34312950594236435,""cleave_exp_n"":2.276179638030737,""cleave_floor_frac"":0.026239358201278,""cleave_gT_eV_per_K"":0.006412409526001244,""cleave_sT_GPa_per_K"":-0.0018471119063724877,""cleave_sigc0_GPa"":6.012530622223645,""emit_G00_eV"":4.790253999952637,""emit_exp_a"":0.14518171245334768,""emit_exp_n"":0.8186886662635123,""emit_floor_frac"":0.0103682254353579,""emit_gT_eV_per_K"":0.009787979078428105,""emit_sT_GPa_per_K"":-0.007597085844334654,""emit_sigc0_GPa"":4.935483100881437,""peierls_H0_eV"":5.424373941232143,""peierls_activation_entropy_kB"":-16.361476785026333,""peierls_exp_a"":1.448395521938801,""peierls_exp_n"":1.871259921230376,""peierls_nu0_s"":1000000000000.0,""rho_source0_m2"":1119778252477177.1,""taylor_H0_eV"":1.41834550686928,""taylor_activation_entropy_kB"":26.297354944032858,""taylor_corr_rho_c_m2"":8707007650775.285,""taylor_corr_scale"":0.7588994530421744,""taylor_exp_a"":0.7048910272121429,""taylor_exp_n"":0.5389550719410181,""taylor_nu0_s"":100000000000.0}",SOBOL_LOCAL_MATERIAL,v913_zeroD_sobol_0202500,0.0,0.4762323647926445,0.3,2.0,0.0,0.5948662083813494,0.30189310319919854,0.0,0.04675607153072458,0.5610728583686949,0.08333333333333333,0.95,True,"{""TARGET_RIGHT_CENSORED"": 12}",481.33,2.8524874193862364,0.006412409526001244,6.012530622223645,-0.0018471119063724877,0.34312950594236435,2.276179638030737,0.026239358201278,4.790253999952637,0.009787979078428105,4.935483100881437,-0.007597085844334654,0.14518171245334768,0.8186886662635123,0.0103682254353579,5.424373941232143,-16.361476785026333,1.448395521938801,1.871259921230376,1000000000000.0,1.41834550686928,26.297354944032858,0.7048910272121429,0.5389550719410181,100000000000.0,1119778252477177.1,8707007650775.285,0.7588994530421744,1.5699083588405691,False,0.05198204338608751,True,PARETO_NEAR_FRONT
oneD_v2_dbtt_R_b94ef06a5c0382e1,DBTT,b94ef06a5c0382e1443256efd6eb3633ec0521968e50534c49c151209e0d3ba8,"{""Tref_K"":481.33,""c_blunt"":2.8492622599176385,""cleave_G00_eV"":2.9106741868658994,""cleave_exp_a"":0.6392981217142601,""cleave_exp_n"":2.509391304748213,""cleave_floor_frac"":0.026239358201278,""cleave_gT_eV_per_K"":0.004682240974158025,""cleave_sT_GPa_per_K"":-0.0005393653374631001,""cleave_sigc0_GPa"":6.879807076448768,""emit_G00_eV"":3.523716164436588,""emit_exp_a"":0.21689553774540046,""emit_exp_n"":0.7227856980888911,""emit_floor_frac"":0.0103682254353579,""emit_gT_eV_per_K"":0.003978133814409375,""emit_sT_GPa_per_K"":-0.003642067452892624,""emit_sigc0_GPa"":3.4906086980351136,""peierls_H0_eV"":3.922067850949936,""peierls_activation_entropy_kB"":-26.154219107702374,""peierls_exp_a"":1.448395521938801,""peierls_exp_n"":1.871259921230376,""peierls_nu0_s"":1000000000000.0,""rho_source0_m2"":1593081041707679.8,""taylor_H0_eV"":1.34486744154339,""taylor_activation_entropy_kB"":26.372017115354538,""taylor_corr_rho_c_m2"":20007658260323.043,""taylor_corr_scale"":1.0593125679374462,""taylor_exp_a"":0.7048910272121429,""taylor_exp_n"":0.5389550719410181,""taylor_nu0_s"":100000000000.0}",ARCHIVED_MORPH_0.25,v913_zeroD_sobol_0202500|v913_zeroD_sobol_0086420,0.0,0.5342634997043275,0.3,2.0,0.0,0.8217220743177752,0.07566979541734514,0.0,0.0,0.0,0.0,1.0,True,"{""TARGET_RIGHT_CENSORED"": 12}",481.33,2.9106741868658994,0.004682240974158025,6.879807076448768,-0.0005393653374631001,0.6392981217142601,2.509391304748213,0.026239358201278,3.523716164436588,0.003978133814409375,3.4906086980351136,-0.003642067452892624,0.21689553774540046,0.7227856980888911,0.0103682254353579,3.922067850949936,-26.154219107702374,1.448395521938801,1.871259921230376,1000000000000.0,1.34486744154339,26.372017115354538,0.7048910272121429,0.5389550719410181,100000000000.0,1593081041707679.8,20007658260323.043,1.0593125679374462,2.8492622599176385,True,0.0,True,PARETO_NONDOMINATED
oneD_v2_dbtt_R_8b3b6b50636db028,DBTT,8b3b6b50636db028c61e886586ddd81539a4195470f70baa37fb986c3ee4c30d,"{""Tref_K"":481.33,""c_blunt"":2.8667185762742764,""cleave_G00_eV"":2.692800853929842,""cleave_exp_a"":0.6346457076062385,""cleave_exp_n"":2.1792536828131595,""cleave_floor_frac"":0.026239358201278,""cleave_gT_eV_per_K"":0.006243090094067125,""cleave_sT_GPa_per_K"":-0.0012055995427071751,""cleave_sigc0_GPa"":6.8952675828959435,""emit_G00_eV"":2.957609392322646,""emit_exp_a"":0.1351804984514241,""emit_exp_n"":0.6290641568295806,""emit_floor_frac"":0.0103682254353579,""emit_gT_eV_per_K"":0.004860608191229375,""emit_sT_GPa_per_K"":-0.0035843329988419744,""emit_sigc0_GPa"":3.4646259988056434,""peierls_H0_eV"":4.087363160635693,""peierls_activation_entropy_kB"":-24.197855372913182,""peierls_exp_a"":1.448395521938801,""peierls_exp_n"":1.871259921230376,""peierls_nu0_s"":1000000000000.0,""rho_source0_m2"":1193413269001023.8,""taylor_H0_eV"":1.5472269620345533,""taylor_activation_entropy_kB"":33.13789821229875,""taylor_corr_rho_c_m2"":28167797599374.473,""taylor_corr_scale"":1.1527030968387362,""taylor_exp_a"":0.7048910272121429,""taylor_exp_n"":0.5389550719410181,""taylor_nu0_s"":100000000000.0}",ARCHIVED_MORPH_0.25,v913_zeroD_sobol_0202500|v913_zeroD_sobol_0242980,0.0,0.5357852611971878,0.3,2.0,0.0,0.8364113101266255,0.007585259250324809,0.0,0.0,0.0,0.0,1.0,True,"{""TARGET_RIGHT_CENSORED"": 12}",481.33,2.692800853929842,0.006243090094067125,6.8952675828959435,-0.0012055995427071751,0.6346457076062385,2.1792536828131595,0.026239358201278,2.957609392322646,0.004860608191229375,3.4646259988056434,-0.0035843329988419744,0.1351804984514241,0.6290641568295806,0.0103682254353579,4.087363160635693,-24.197855372913182,1.448395521938801,1.871259921230376,1000000000000.0,1.5472269620345533,33.13789821229875,0.7048910272121429,0.5389550719410181,100000000000.0,1193413269001023.8,28167797599374.473,1.1527030968387362,2.8667185762742764,True,0.0,True,PARETO_NONDOMINATED
oneD_v2_dbtt_R_27280a226365029a,DBTT,27280a226365029a288b5f7e616a9f0b189732729a1e0afac67799c5eeb4fbd5,"{""Tref_K"":481.33,""c_blunt"":1.4589981829784293,""cleave_G00_eV"":2.0905061452154987,""cleave_exp_a"":0.5649672724917066,""cleave_exp_n"":1.4416267326026801,""cleave_floor_frac"":0.026239358201278,""cleave_gT_eV_per_K"":0.0073892540032975,""cleave_sT_GPa_per_K"":-0.0018062527007423,""cleave_sigc0_GPa"":5.823585752607094,""emit_G00_eV"":3.9052607705578435,""emit_exp_a"":0.4250815872736856,""emit_exp_n"":0.5338376418861916,""emit_floor_frac"":0.0103682254353579,""emit_gT_eV_per_K"":0.00211553943529725,""emit_sT_GPa_per_K"":-0.0007919458951800998,""emit_sigc0_GPa"":4.116155908180177,""peierls_H0_eV"":3.6089427511760586,""peierls_activation_entropy_kB"":-14.721259288489819,""peierls_exp_a"":1.448395521938801,""peierls_exp_n"":1.871259921230376,""peierls_nu0_s"":1000000000000.0,""rho_source0_m2"":3463203260075104.5,""taylor_H0_eV"":0.7657493796490924,""taylor_activation_entropy_kB"":25.086883641779423,""taylor_corr_rho_c_m2"":9947804268938.223,""taylor_corr_scale"":2.2788580740373257,""taylor_exp_a"":0.7048910272121429,""taylor_exp_n"":0.5389550719410181,""taylor_nu0_s"":100000000000.0}",ARCHIVED_MORPH_0.50,v913_zeroD_sobol_0202500|v913_zeroD_sobol_0097332,0.0,0.5447759674358221,0.3,2.0,0.0,0.9551006507505887,0.419871719850119,0.0,0.0,0.0,0.0,1.0,True,"{""TARGET_RIGHT_CENSORED"": 12}",481.33,2.0905061452154987,0.0073892540032975,5.823585752607094,-0.0018062527007423,0.5649672724917066,1.4416267326026801,0.026239358201278,3.9052607705578435,0.00211553943529725,4.116155908180177,-0.0007919458951800998,0.4250815872736856,0.5338376418861916,0.0103682254353579,3.6089427511760586,-14.721259288489819,1.448395521938801,1.871259921230376,1000000000000.0,0.7657493796490924,25.086883641779423,0.7048910272121429,0.5389550719410181,100000000000.0,3463203260075104.5,9947804268938.223,2.2788580740373257,1.4589981829784293,False,0.016013707689593787,True,PARETO_NEAR_FRONT
oneD_v2_dbtt_R_aded0a1dd46b9ddc,DBTT,aded0a1dd46b9ddca8235707bd05ad9f56c417d81fa00b7524ac18e6f7ad5c65,"{""Tref_K"":481.33,""c_blunt"":2.777126600790434,""cleave_G00_eV"":2.5515330796595515,""cleave_exp_a"":0.5950472381862508,""cleave_exp_n"":2.166627777223543,""cleave_floor_frac"":0.026239358201278,""cleave_gT_eV_per_K"":0.00565719808347055,""cleave_sT_GPa_per_K"":-0.0011107656564563252,""cleave_sigc0_GPa"":6.711089197872428,""emit_G00_eV"":3.326956067717809,""emit_exp_a"":0.20130982025012226,""emit_exp_n"":0.5436134621586018,""emit_floor_frac"":0.0103682254353579,""emit_gT_eV_per_K"":0.004274659578921275,""emit_sT_GPa_per_K"":-0.0034589394088834244,""emit_sigc0_GPa"":3.5382286830837835,""peierls_H0_eV"":4.017677402062741,""peierls_activation_entropy_kB"":-24.384155827574432,""peierls_exp_a"":1.448395521938801,""peierls_exp_n"":1.871259921230376,""peierls_nu0_s"":1000000000000.0,""rho_source0_m2"":1464153770355995.5,""taylor_H0_eV"":1.4707062893071623,""taylor_activation_entropy_kB"":28.57492088340223,""taylor_corr_rho_c_m2"":260392329236443.16,""taylor_corr_scale"":1.4022617619107474,""taylor_exp_a"":0.7048910272121429,""taylor_exp_n"":0.5389550719410181,""taylor_nu0_s"":100000000000.0}",ARCHIVED_MORPH_0.25,v913_zeroD_sobol_0202500|v913_zeroD_sobol_0134035,0.0,0.545651794806645,0.3,2.0,0.0,0.8630575135848666,0.009640040060658328,0.0,0.0,0.0,0.0,1.0,True,"{""TARGET_RIGHT_CENSORED"": 12}",481.33,2.5515330796595515,0.00565719808347055,6.711089197872428,-0.0011107656564563252,0.5950472381862508,2.166627777223543,0.026239358201278,3.326956067717809,0.004274659578921275,3.5382286830837835,-0.0034589394088834244,0.20130982025012226,0.5436134621586018,0.0103682254353579,4.017677402062741,-24.384155827574432,1.448395521938801,1.871259921230376,1000000000000.0,1.4707062893071623,28.57492088340223,0.7048910272121429,0.5389550719410181,100000000000.0,1464153770355995.5,260392329236443.16,1.4022617619107474,2.777126600790434,False,0.003709284727579771,True,PARETO_NEAR_FRONT
oneD_v2_dbtt_R_737321c4f42c38e6,DBTT,737321c4f42c38e64833e2f71787c455b9615aea8028e55413fe17679c259dc3,"{""Tref_K"":481.33,""c_blunt"":2.805604150124325,""cleave_G00_eV"":3.0755023044781327,""cleave_exp_a"":0.8106792770266168,""cleave_exp_n"":1.8134791371962378,""cleave_floor_frac"":0.026239358201278,""cleave_gT_eV_per_K"":0.00687766714300955,""cleave_sT_GPa_per_K"":-0.0012070603845640501,""cleave_sigc0_GPa"":7.043514586104517,""emit_G00_eV"":2.6151637911108363,""emit_exp_a"":0.11620544051994477,""emit_exp_n"":0.7674726876760231,""emit_floor_frac"":0.0103682254353579,""emit_gT_eV_per_K"":0.0035544039187952498,""emit_sT_GPa_per_K"":-0.00194535856321455,""emit_sigc0_GPa"":4.422351218140803,""peierls_H0_eV"":4.738475428566163,""peierls_activation_entropy_kB"":-12.056382121518254,""peierls_exp_a"":1.448395521938801,""peierls_exp_n"":1.871259921230376,""peierls_nu0_s"":1000000000000.0,""rho_source0_m2"":2718271457414290.0,""taylor_H0_eV"":1.5961388598092687,""taylor_activation_entropy_kB"":34.90986177697778,""taylor_corr_rho_c_m2"":35995259073137.234,""taylor_corr_scale"":1.047045048608865,""taylor_exp_a"":0.7048910272121429,""taylor_exp_n"":0.5389550719410181,""taylor_nu0_s"":100000000000.0}",ARCHIVED_MORPH_0.50,v913_zeroD_sobol_0202500|v913_zeroD_sobol_0242980,0.0,0.5490433459511957,0.3,2.0,0.0,0.8797021582289151,0.007116678025328578,0.0,0.0,0.0,0.0,1.0,True,"{""TARGET_RIGHT_CENSORED"": 12}",481.33,3.0755023044781327,0.00687766714300955,7.043514586104517,-0.0012070603845640501,0.8106792770266168,1.8134791371962378,0.026239358201278,2.6151637911108363,0.0035544039187952498,4.422351218140803,-0.00194535856321455,0.11620544051994477,0.7674726876760231,0.0103682254353579,4.738475428566163,-12.056382121518254,1.448395521938801,1.871259921230376,1000000000000.0,1.5961388598092687,34.90986177697778,0.7048910272121429,0.5389550719410181,100000000000.0,2718271457414290.0,35995259073137.234,1.047045048608865,2.805604150124325,True,0.0,True,PARETO_NONDOMINATED
oneD_v2_dbtt_R_1f0529f5b592bb76,DBTT,1f0529f5b592bb763fee2e9ff3ca0cdd1668c3af42263548d6e9aded7584669a,"{""Tref_K"":481.33,""c_blunt"":3.6688690126945827,""cleave_G00_eV"":1.7865577499329808,""cleave_exp_a"":0.6086337477334903,""cleave_exp_n"":1.764259607730352,""cleave_floor_frac"":0.026239358201278,""cleave_gT_eV_per_K"":0.002996683366262507,""cleave_sT_GPa_per_K"":-6.942092923506796e-07,""cleave_sigc0_GPa"":5.2265309058850935,""emit_G00_eV"":4.52784305928351,""emit_exp_a"":0.12113860442993334,""emit_exp_n"":0.313699476682869,""emit_floor_frac"":0.0103682254353579,""emit_gT_eV_per_K"":0.0036158174025070584,""emit_sT_GPa_per_K"":-0.007850105785161043,""emit_sigc0_GPa"":5.7043265088620005,""peierls_H0_eV"":3.7390471773702885,""peierls_activation_entropy_kB"":-39.310728578178505,""peierls_exp_a"":1.448395521938801,""peierls_exp_n"":1.871259921230376,""peierls_nu0_s"":1000000000000.0,""rho_source0_m2"":1672065433553176.2,""taylor_H0_eV"":1.7751692830797938,""taylor_activation_entropy_kB"":17.61108954217964,""taylor_corr_rho_c_m2"":41909863459230.96,""taylor_corr_scale"":1.5307564026134306,""taylor_exp_a"":0.7048910272121429,""taylor_exp_n"":0.5389550719410181,""taylor_nu0_s"":100000000000.0}",SOBOL_LOCAL_MATERIAL,v913_zeroD_sobol_0202500,0.0,0.5499266021755997,0.3,2.0,0.0,1.4472923887699187,0.049628057942826743,0.0,0.0,0.0,0.0,1.0,True,"{""TARGET_RIGHT_CENSORED"": 12}",481.33,1.7865577499329808,0.002996683366262507,5.2265309058850935,-6.942092923506796e-07,0.6086337477334903,1.764259607730352,0.026239358201278,4.52784305928351,0.0036158174025070584,5.7043265088620005,-0.007850105785161043,0.12113860442993334,0.313699476682869,0.0103682254353579,3.7390471773702885,-39.310728578178505,1.448395521938801,1.871259921230376,1000000000000.0,1.7751692830797938,17.61108954217964,0.7048910272121429,0.5389550719410181,100000000000.0,1672065433553176.2,41909863459230.96,1.5307564026134306,3.6688690126945827,False,0.11527094126539432,True,PARETO_NEAR_FRONT
oneD_v2_dbtt_R_cbdc503b077adbb0,DBTT,cbdc503b077adbb034e41ba50044dffaefa7ba187f8208360b9c05af120e97c9,"{""Tref_K"":481.33,""c_blunt"":1.9651968786783593,""cleave_G00_eV"":2.6020638700658267,""cleave_exp_a"":0.4810294741548023,""cleave_exp_n"":2.07909794817491,""cleave_floor_frac"":0.026239358201278,""cleave_gT_eV_per_K"":0.00621541595400775,""cleave_sT_GPa_per_K"":-0.00130316762207075,""cleave_sigc0_GPa"":6.298050643843016,""emit_G00_eV"":3.4929129717499863,""emit_exp_a"":0.15176561047738701,""emit_exp_n"":0.6885625321160382,""emit_floor_frac"":0.0103682254353579,""emit_gT_eV_per_K"":0.004021544229937724,""emit_sT_GPa_per_K"":-0.003383154959417849,""emit_sigc0_GPa"":3.6388260380061688,""peierls_H0_eV"":3.551085165306723,""peierls_activation_entropy_kB"":-28.262517214752734,""peierls_exp_a"":1.448395521938801,""peierls_exp_n"":1.871259921230376,""peierls_nu0_s"":1000000000000.0,""rho_source0_m2"":1806940015983366.2,""taylor_H0_eV"":1.5878996750745524,""taylor_activation_entropy_kB"":26.414989922195673,""taylor_corr_rho_c_m2"":307230781124036.3,""taylor_corr_scale"":1.0036220212074423,""taylor_exp_a"":0.7048910272121429,""taylor_exp_n"":0.5389550719410181,""taylor_nu0_s"":100000000000.0}",ARCHIVED_MORPH_0.25,v913_zeroD_sobol_0202500|v913_zeroD_sobol_0116955,0.0,0.5545044625713753,0.3,2.0,0.0,0.839219108333652,0.004640249539893763,0.0,0.0,0.0,0.0,1.0,True,"{""TARGET_RIGHT_CENSORED"": 12}",481.33,2.6020638700658267,0.00621541595400775,6.298050643843016,-0.00130316762207075,0.4810294741548023,2.07909794817491,0.026239358201278,3.4929129717499863,0.004021544229937724,3.6388260380061688,-0.003383154959417849,0.15176561047738701,0.6885625321160382,0.0103682254353579,3.551085165306723,-28.262517214752734,1.448395521938801,1.871259921230376,1000000000000.0,1.5878996750745524,26.414989922195673,0.7048910272121429,0.5389550719410181,100000000000.0,1806940015983366.2,307230781124036.3,1.0036220212074423,1.9651968786783593,True,0.0,True,PARETO_NONDOMINATED
oneD_v2_dbtt_R_f104728ee3300577,DBTT,f104728ee330057745e7b09dc4b5981c209e766d7a6e49a4ea08cd4ccd9d02a3,"{""Tref_K"":481.33,""c_blunt"":2.63298042731773,""cleave_G00_eV"":2.7612770949790915,""cleave_exp_a"":0.7126712923972981,""cleave_exp_n"":1.7925265623729203,""cleave_floor_frac"":0.026239358201278,""cleave_gT_eV_per_K"":0.0057058831218164,""cleave_sT_GPa_per_K"":-0.00101739261206235,""cleave_sigc0_GPa"":6.672263541164831,""emit_G00_eV"":3.30911144107691,""emit_exp_a"":0.25770823499387485,""emit_exp_n"":0.5731304126414486,""emit_floor_frac"":0.0103682254353579,""emit_gT_eV_per_K"":0.0023825066941790497,""emit_sT_GPa_per_K"":-0.00169457138329745,""emit_sigc0_GPa"":4.612244359186042,""peierls_H0_eV"":4.578279525534548,""peierls_activation_entropy_kB"":-12.428983030840755,""peierls_exp_a"":1.448395521938801,""peierls_exp_n"":1.871259921230376,""peierls_nu0_s"":1000000000000.0,""rho_source0_m2"":4091518138303892.0,""taylor_H0_eV"":1.4421635697112376,""taylor_activation_entropy_kB"":25.783907119184732,""taylor_corr_rho_c_m2"":3076067730020094.5,""taylor_corr_scale"":1.5494894745361316,""taylor_exp_a"":0.7048910272121429,""taylor_exp_n"":0.5389550719410181,""taylor_nu0_s"":100000000000.0}",ARCHIVED_MORPH_0.50,v913_zeroD_sobol_0202500|v913_zeroD_sobol_0134035,0.0,0.5589708248701905,0.3,2.0,0.0,0.9106952656490936,0.008107242694921116,0.0,0.0,0.0,0.0,1.0,True,"{""TARGET_RIGHT_CENSORED"": 12}",481.33,2.7612770949790915,0.0057058831218164,6.672263541164831,-0.00101739261206235,0.7126712923972981,1.7925265623729203,0.026239358201278,3.30911144107691,0.0023825066941790497,4.612244359186042,-0.00169457138329745,0.25770823499387485,0.5731304126414486,0.0103682254353579,4.578279525534548,-12.428983030840755,1.448395521938801,1.871259921230376,1000000000000.0,1.4421635697112376,25.783907119184732,0.7048910272121429,0.5389550719410181,100000000000.0,4091518138303892.0,3076067730020094.5,1.5494894745361316,2.63298042731773,False,0.007394505825901838,True,PARETO_NEAR_FRONT
oneD_v2_dbtt_R_7c97a4f496b2504a,DBTT,7c97a4f496b2504acc6d1b4bab18a8ba42e11eddb6eab339e039299df966e918,"{""Tref_K"":481.33,""c_blunt"":1.318464392315671,""cleave_G00_eV"":2.871729232779594,""cleave_exp_a"":0.46572521607896683,""cleave_exp_n"":1.6506191757866333,""cleave_floor_frac"":0.026239358201278,""cleave_gT_eV_per_K"":0.0068223188628908,""cleave_sT_GPa_per_K"":-0.0014021965432912,""cleave_sigc0_GPa"":5.876239208518867,""emit_G00_eV"":3.6474789237857674,""emit_exp_a"":0.1464687991033353,""emit_exp_n"":0.9195171257571785,""emit_floor_frac"":0.0103682254353579,""emit_gT_eV_per_K"":0.00187627599621195,""emit_sT_GPa_per_K"":-0.0015430024843662998,""emit_sigc0_GPa"":4.878239271447207,""peierls_H0_eV"":3.576632811732757,""peierls_activation_entropy_kB"":-20.185705805197358,""peierls_exp_a"":1.448395521938801,""peierls_exp_n"":1.871259921230376,""peierls_nu0_s"":1000000000000.0,""rho_source0_m2"":6231585698771533.0,""taylor_H0_eV"":1.6811588111437767,""taylor_activation_entropy_kB"":21.46404519677162,""taylor_corr_rho_c_m2"":4282219954775941.0,""taylor_corr_scale"":0.7937263741000115,""taylor_exp_a"":0.7048910272121429,""taylor_exp_n"":0.5389550719410181,""taylor_nu0_s"":100000000000.0}",ARCHIVED_MORPH_0.50,v913_zeroD_sobol_0202500|v913_zeroD_sobol_0116955,0.0,0.587701780108698,0.3,2.0,0.0,0.8177383278554291,0.002828957093916673,0.0,0.0,0.0,0.0,1.0,True,"{""TARGET_RIGHT_CENSORED"": 12}",481.33,2.871729232779594,0.0068223188628908,5.876239208518867,-0.0014021965432912,0.46572521607896683,1.6506191757866333,0.026239358201278,3.6474789237857674,0.00187627599621195,4.878239271447207,-0.0015430024843662998,0.1464687991033353,0.9195171257571785,0.0103682254353579,3.576632811732757,-20.185705805197358,1.448395521938801,1.871259921230376,1000000000000.0,1.6811588111437767,21.46404519677162,0.7048910272121429,0.5389550719410181,100000000000.0,6231585698771533.0,4282219954775941.0,0.7937263741000115,1.318464392315671,True,0.0,True,PARETO_NONDOMINATED
oneD_v2_dbtt_R_0e5a52f58c7db502,DBTT,0e5a52f58c7db502dcd83c512c6f729941d55704c7597eb580756f14acfbbc10,"{""Tref_K"":481.33,""c_blunt"":2.4143713153691206,""cleave_G00_eV"":3.5585161525677376,""cleave_exp_a"":0.42345225085081345,""cleave_exp_n"":3.7456451930985835,""cleave_floor_frac"":0.026239358201278,""cleave_gT_eV_per_K"":0.0024544229194833752,""cleave_sT_GPa_per_K"":-0.0021216160003734367,""cleave_sigc0_GPa"":4.4596078948266005,""emit_G00_eV"":4.950724431715107,""emit_exp_a"":0.13348124666669903,""emit_exp_n"":0.36810485561781664,""emit_floor_frac"":0.0103682254353579,""emit_gT_eV_per_K"":0.004538221337283944,""emit_sT_GPa_per_K"":-0.005793289958941092,""emit_sigc0_GPa"":2.567351732717742,""peierls_H0_eV"":3.091755158541183,""peierls_activation_entropy_kB"":-24.799240124415668,""peierls_exp_a"":1.448395521938801,""peierls_exp_n"":1.871259921230376,""peierls_nu0_s"":1000000000000.0,""rho_source0_m2"":765322107754486.1,""taylor_H0_eV"":1.7951777837211293,""taylor_activation_entropy_kB"":35.30661435205785,""taylor_corr_rho_c_m2"":63122894613475.5,""taylor_corr_scale"":0.6884798756959268,""taylor_exp_a"":0.7048910272121429,""taylor_exp_n"":0.5389550719410181,""taylor_nu0_s"":100000000000.0}",SOBOL_LOCAL_MATERIAL,v913_zeroD_sobol_0202500,0.0,0.5945701813168757,0.3,2.0,0.0,1.5773749213240411,0.06279060176840574,0.0,0.0,0.0,0.0,1.0,True,"{""TARGET_RIGHT_CENSORED"": 12}",481.33,3.5585161525677376,0.0024544229194833752,4.4596078948266005,-0.0021216160003734367,0.42345225085081345,3.7456451930985835,0.026239358201278,4.950724431715107,0.004538221337283944,2.567351732717742,-0.005793289958941092,0.13348124666669903,0.36810485561781664,0.0103682254353579,3.091755158541183,-24.799240124415668,1.448395521938801,1.871259921230376,1000000000000.0,1.7951777837211293,35.30661435205785,0.7048910272121429,0.5389550719410181,100000000000.0,765322107754486.1,63122894613475.5,0.6884798756959268,2.4143713153691206,False,0.13488069267839126,True,PARETO_NEAR_FRONT
oneD_v2_dbtt_R_8fda1a3fe6caca5b,DBTT,8fda1a3fe6caca5bdbee056f4a491848534d8adb6c512c06f4025067dabdeec0,"{""Tref_K"":481.33,""c_blunt"":2.562772849707503,""cleave_G00_eV"":2.3617917092411576,""cleave_exp_a"":0.4004113391064645,""cleave_exp_n"":2.4959214983266884,""cleave_floor_frac"":0.026239358201278,""cleave_gT_eV_per_K"":0.004584738278295825,""cleave_sT_GPa_per_K"":-0.0011824184604920251,""cleave_sigc0_GPa"":6.814211763682294,""emit_G00_eV"":3.4008378383877926,""emit_exp_a"":0.1519933994679642,""emit_exp_n"":0.7290502039842631,""emit_floor_frac"":0.0103682254353579,""emit_gT_eV_per_K"":0.004214390598936,""emit_sT_GPa_per_K"":-0.0037085069073363743,""emit_sigc0_GPa"":3.3299599037198617,""peierls_H0_eV"":2.917466276037802,""peierls_activation_entropy_kB"":-33.72975315898657,""peierls_exp_a"":1.448395521938801,""peierls_exp_n"":1.871259921230376,""peierls_nu0_s"":1000000000000.0,""rho_source0_m2"":1127015923587433.8,""taylor_H0_eV"":1.3648762040988967,""taylor_activation_entropy_kB"":28.072002371773124,""taylor_corr_rho_c_m2"":11413849239373.865,""taylor_corr_scale"":0.9602714887801329,""taylor_exp_a"":0.7048910272121429,""taylor_exp_n"":0.5389550719410181,""taylor_nu0_s"":100000000000.0}",ARCHIVED_MORPH_0.25,v913_zeroD_sobol_0202500|v913_zeroD_sobol_0127508,0.0,0.6061445494833304,0.3,2.0,0.0,0.7849968420203353,0.0416266091767852,0.0,0.0,0.0,0.0,1.0,True,"{""TARGET_RIGHT_CENSORED"": 12}",481.33,2.3617917092411576,0.004584738278295825,6.814211763682294,-0.0011824184604920251,0.4004113391064645,2.4959214983266884,0.026239358201278,3.4008378383877926,0.004214390598936,3.3299599037198617,-0.0037085069073363743,0.1519933994679642,0.7290502039842631,0.0103682254353579,2.917466276037802,-33.72975315898657,1.448395521938801,1.871259921230376,1000000000000.0,1.3648762040988967,28.072002371773124,0.7048910272121429,0.5389550719410181,100000000000.0,1127015923587433.8,11413849239373.865,0.9602714887801329,2.562772849707503,True,0.0,True,PARETO_NONDOMINATED
oneD_v2_dbtt_R_f40d879eef66e84f,DBTT,f40d879eef66e84f84f20045468c6b94f5790704bd5db49eb7c951fe0b9822e9,"{""Tref_K"":481.33,""c_blunt"":2.295745231066183,""cleave_G00_eV"":3.4919208622067237,""cleave_exp_a"":0.5573068963652562,""cleave_exp_n"":3.547894322669,""cleave_floor_frac"":0.026239358201278,""cleave_gT_eV_per_K"":0.008595879432085783,""cleave_sT_GPa_per_K"":-0.001352720294056743,""cleave_sigc0_GPa"":5.556393933217304,""emit_G00_eV"":2.060373222955301,""emit_exp_a"":0.1014823880938969,""emit_exp_n"":0.7763837103886093,""emit_floor_frac"":0.0103682254353579,""emit_gT_eV_per_K"":0.0054989273461744535,""emit_sT_GPa_per_K"":-0.0039061128794536685,""emit_sigc0_GPa"":3.7070619053074685,""peierls_H0_eV"":4.965202968509317,""peierls_activation_entropy_kB"":-55.95385396573399,""peierls_exp_a"":1.448395521938801,""peierls_exp_n"":1.871259921230376,""peierls_nu0_s"":1000000000000.0,""rho_source0_m2"":905270010575892.4,""taylor_H0_eV"":2.1572487534751477,""taylor_activation_entropy_kB"":24.294595949679135,""taylor_corr_rho_c_m2"":30265914538178.26,""taylor_corr_scale"":2.5537960110068463,""taylor_exp_a"":0.7048910272121429,""taylor_exp_n"":0.5389550719410181,""taylor_nu0_s"":100000000000.0}",SOBOL_LOCAL_MATERIAL,v913_zeroD_sobol_0202500,0.0,0.6087431112561956,0.3,2.0,0.0,1.308293801409798,0.028577604647459103,0.0,0.0,0.0,0.0,1.0,True,"{""TARGET_RIGHT_CENSORED"": 12}",481.33,3.4919208622067237,0.008595879432085783,5.556393933217304,-0.001352720294056743,0.5573068963652562,3.547894322669,0.026239358201278,2.060373222955301,0.0054989273461744535,3.7070619053074685,-0.0039061128794536685,0.1014823880938969,0.7763837103886093,0.0103682254353579,4.965202968509317,-55.95385396573399,1.448395521938801,1.871259921230376,1000000000000.0,2.1572487534751477,24.294595949679135,0.7048910272121429,0.5389550719410181,100000000000.0,905270010575892.4,30265914538178.26,2.5537960110068463,2.295745231066183,False,0.0929500401138821,True,PARETO_NEAR_FRONT
oneD_v2_dbtt_R_571fc5faf510063e,DBTT,571fc5faf510063e513e1a5b355c580318a1d1da1183510e9bae3bf6c9067a6b,"{""Tref_K"":481.33,""c_blunt"":1.5325770749405685,""cleave_G00_eV"":2.3515406640553267,""cleave_exp_a"":0.6554976172925244,""cleave_exp_n"":3.2981712863766393,""cleave_floor_frac"":0.026239358201278,""cleave_gT_eV_per_K"":0.003292792670474781,""cleave_sT_GPa_per_K"":-0.0006061594770731892,""cleave_sigc0_GPa"":4.723739795225447,""emit_G00_eV"":2.4678517100196853,""emit_exp_a"":0.18580358346337847,""emit_exp_n"":0.7657467660173388,""emit_floor_frac"":0.0103682254353579,""emit_gT_eV_per_K"":0.005204192835937934,""emit_sT_GPa_per_K"":-0.00244178103654313,""emit_sigc0_GPa"":5.010490074105446,""peierls_H0_eV"":3.8569274436617578,""peierls_activation_entropy_kB"":-52.3816494335462,""peierls_exp_a"":1.448395521938801,""peierls_exp_n"":1.871259921230376,""peierls_nu0_s"":1000000000000.0,""rho_source0_m2"":811414825578450.0,""taylor_H0_eV"":1.272417518794291,""taylor_activation_entropy_kB"":44.366284136204655,""taylor_corr_rho_c_m2"":7176662499931.468,""taylor_corr_scale"":0.7242017218506656,""taylor_exp_a"":0.7048910272121429,""taylor_exp_n"":0.5389550719410181,""taylor_nu0_s"":100000000000.0}",SOBOL_LOCAL_MATERIAL,v913_zeroD_sobol_0202500,0.0,0.6203987158819122,0.3,2.0,0.0,1.7304120885159238,0.05888322712149533,0.0,0.0,0.0,0.0,1.0,True,"{""TARGET_RIGHT_CENSORED"": 12}",481.33,2.3515406640553267,0.003292792670474781,4.723739795225447,-0.0006061594770731892,0.6554976172925244,3.2981712863766393,0.026239358201278,2.4678517100196853,0.005204192835937934,5.010490074105446,-0.00244178103654313,0.18580358346337847,0.7657467660173388,0.0103682254353579,3.8569274436617578,-52.3816494335462,1.448395521938801,1.871259921230376,1000000000000.0,1.272417518794291,44.366284136204655,0.7048910272121429,0.5389550719410181,100000000000.0,811414825578450.0,7176662499931.468,0.7242017218506656,1.5325770749405685,False,0.1544618790167314,True,PARETO_NEAR_FRONT
oneD_v2_dbtt_R_47650bdfa57c4927,DBTT,47650bdfa57c49270a0f2e25c740d6c0efdef62fbc65cac68780d8463dd49173,"{""Tref_K"":481.33,""c_blunt"":3.963601232104158,""cleave_G00_eV"":1.8444083409752683,""cleave_exp_a"":0.4662600284524993,""cleave_exp_n"":1.9248822979462175,""cleave_floor_frac"":0.026239358201278,""cleave_gT_eV_per_K"":0.007035800336336086,""cleave_sT_GPa_per_K"":-0.00016997378712816074,""cleave_sigc0_GPa"":4.686346823246176,""emit_G00_eV"":4.714129601993634,""emit_exp_a"":0.1596674815291999,""emit_exp_n"":0.46282964255144726,""emit_floor_frac"":0.0103682254353579,""emit_gT_eV_per_K"":0.005651869144706623,""emit_sT_GPa_per_K"":-0.005363437462107193,""emit_sigc0_GPa"":1.2561050095704727,""peierls_H0_eV"":2.5349720710153156,""peierls_activation_entropy_kB"":-49.16251620860166,""peierls_exp_a"":1.448395521938801,""peierls_exp_n"":1.871259921230376,""peierls_nu0_s"":1000000000000.0,""rho_source0_m2"":340370422742929.44,""taylor_H0_eV"":1.1776100303990982,""taylor_activation_entropy_kB"":28.6102618555439,""taylor_corr_rho_c_m2"":12626403065594.953,""taylor_corr_scale"":1.8280811553946152,""taylor_exp_a"":0.7048910272121429,""taylor_exp_n"":0.5389550719410181,""taylor_nu0_s"":100000000000.0}",SOBOL_LOCAL_MATERIAL,v913_zeroD_sobol_0202500,0.0,0.6735315232125247,0.0,1.0,0.0,0.6218386135344018,5.121925750591414,0.0,0.6036054677251308,1.0683808523869127,1.3333333333333333,0.8823529411764706,True,"{""TARGET_RIGHT_CENSORED"": 12}",481.33,1.8444083409752683,0.007035800336336086,4.686346823246176,-0.00016997378712816074,0.4662600284524993,1.9248822979462175,0.026239358201278,4.714129601993634,0.005651869144706623,1.2561050095704727,-0.005363437462107193,0.1596674815291999,0.46282964255144726,0.0103682254353579,2.5349720710153156,-49.16251620860166,1.448395521938801,1.871259921230376,1000000000000.0,1.1776100303990982,28.6102618555439,0.7048910272121429,0.5389550719410181,100000000000.0,340370422742929.44,12626403065594.953,1.8280811553946152,3.963601232104158,False,0.12933276194623364,True,PARETO_NEAR_FRONT
oneD_v2_dbtt_R_c59c4eb211c677d5,DBTT,c59c4eb211c677d5c74a05c3bf618559e10f338c688608c924b31092fb9d73d8,"{""Tref_K"":481.33,""c_blunt"":3.166603689281901,""cleave_G00_eV"":2.7544172921038195,""cleave_exp_a"":0.6373371612373177,""cleave_exp_n"":2.7816299320804885,""cleave_floor_frac"":0.026239358201278,""cleave_gT_eV_per_K"":0.0024473534659342215,""cleave_sT_GPa_per_K"":-0.0004509277899591483,""cleave_sigc0_GPa"":9.934562708589388,""emit_G00_eV"":3.878424213529791,""emit_exp_a"":0.13960300054541858,""emit_exp_n"":0.619424574647857,""emit_floor_frac"":0.0103682254353579,""emit_gT_eV_per_K"":0.003198775349696587,""emit_sT_GPa_per_K"":-0.0033304196678992344,""emit_sigc0_GPa"":4.795676357841627,""peierls_H0_eV"":2.6636988749326216,""peierls_activation_entropy_kB"":-24.7364482917206,""peierls_exp_a"":1.448395521938801,""peierls_exp_n"":1.871259921230376,""peierls_nu0_s"":1000000000000.0,""rho_source0_m2"":1385854688832449.2,""taylor_H0_eV"":1.9018915730703019,""taylor_activation_entropy_kB"":35.75504502051673,""taylor_corr_rho_c_m2"":12597936776655.486,""taylor_corr_scale"":1.350259520402308,""taylor_exp_a"":0.7048910272121429,""taylor_exp_n"":0.5389550719410181,""taylor_nu0_s"":100000000000.0}",SOBOL_LOCAL_MATERIAL,v913_zeroD_sobol_0202500,0.0,0.6738121401888183,0.3,2.0,0.0,0.8408037197027174,0.048575849389968596,0.0,0.0,0.0,0.0,1.0,True,"{""TARGET_RIGHT_CENSORED"": 12}",481.33,2.7544172921038195,0.0024473534659342215,9.934562708589388,-0.0004509277899591483,0.6373371612373177,2.7816299320804885,0.026239358201278,3.878424213529791,0.003198775349696587,4.795676357841627,-0.0033304196678992344,0.13960300054541858,0.619424574647857,0.0103682254353579,2.6636988749326216,-24.7364482917206,1.448395521938801,1.871259921230376,1000000000000.0,1.9018915730703019,35.75504502051673,0.7048910272121429,0.5389550719410181,100000000000.0,1385854688832449.2,12597936776655.486,1.350259520402308,3.166603689281901,False,0.02614496749453368,True,PARETO_NEAR_FRONT
oneD_v2_dbtt_R_8b775d6f8b8563c6,DBTT,8b775d6f8b8563c6a6fc0f3a44bb66d2ebca3949da17f7221a1a5745e19797e6,"{""Tref_K"":481.33,""c_blunt"":2.2422111234374875,""cleave_G00_eV"":2.3658694238665987,""cleave_exp_a"":0.32270010937558635,""cleave_exp_n"":2.3788049312472594,""cleave_floor_frac"":0.026239358201278,""cleave_gT_eV_per_K"":0.00356096351146695,""cleave_sT_GPa_per_K"":-0.0011606982201337501,""cleave_sigc0_GPa"":6.878890896658022,""emit_G00_eV"":3.4577143242015866,""emit_exp_a"":0.14690880679981685,""emit_exp_n"":1.030832066416278,""emit_floor_frac"":0.0103682254353579,""emit_gT_eV_per_K"":0.0022619687342085,""emit_sT_GPa_per_K"":-0.00219370638020335,""emit_sigc0_GPa"":4.085248874811317,""peierls_H0_eV"":2.4141478796330484,""peierls_activation_entropy_kB"":-31.120177693665028,""peierls_exp_a"":1.448395521938801,""peierls_exp_n"":1.871259921230376,""peierls_nu0_s"":1000000000000.0,""rho_source0_m2"":2424215394998323.0,""taylor_H0_eV"":1.2420787899182544,""taylor_activation_entropy_kB"":24.778070095926523,""taylor_corr_rho_c_m2"":5910221868664.446,""taylor_corr_scale"":0.7266386871882479,""taylor_exp_a"":0.7048910272121429,""taylor_exp_n"":0.5389550719410181,""taylor_nu0_s"":100000000000.0}",ARCHIVED_MORPH_0.50,v913_zeroD_sobol_0202500|v913_zeroD_sobol_0127508,0.0,0.6969978770072298,0.3,2.0,0.0,0.8465431834045576,0.029032371052465478,0.0,0.0,0.0,0.0,1.0,True,"{""TARGET_RIGHT_CENSORED"": 12}",481.33,2.3658694238665987,0.00356096351146695,6.878890896658022,-0.0011606982201337501,0.32270010937558635,2.3788049312472594,0.026239358201278,3.4577143242015866,0.0022619687342085,4.085248874811317,-0.00219370638020335,0.14690880679981685,1.030832066416278,0.0103682254353579,2.4141478796330484,-31.120177693665028,1.448395521938801,1.871259921230376,1000000000000.0,1.2420787899182544,24.778070095926523,0.7048910272121429,0.5389550719410181,100000000000.0,2424215394998323.0,5910221868664.446,0.7266386871882479,2.2422111234374875,False,0.03391982893586852,True,PARETO_NEAR_FRONT
oneD_v2_dbtt_R_3a6d40633b8967c3,DBTT,3a6d40633b8967c3848852c085abe3376f110989cec99ad9cd8001425192c6ad,"{""Tref_K"":481.33,""c_blunt"":2.159270126463008,""cleave_G00_eV"":2.0436881602388723,""cleave_exp_a"":0.5527213065718444,""cleave_exp_n"":2.0214311466338883,""cleave_floor_frac"":0.026239358201278,""cleave_gT_eV_per_K"":0.0079823905469384,""cleave_sT_GPa_per_K"":-0.0010871890117414,""cleave_sigc0_GPa"":5.591721916106036,""emit_G00_eV"":3.5732495802402657,""emit_exp_a"":0.28785353666670116,""emit_exp_n"":0.9267001869435735,""emit_floor_frac"":0.0103682254353579,""emit_gT_eV_per_K"":0.0016826536948792998,""emit_sT_GPa_per_K"":-0.0021471017636358497,""emit_sigc0_GPa"":3.5508823040115693,""peierls_H0_eV"":4.923427837312513,""peierls_activation_entropy_kB"":-32.992825731635094,""peierls_exp_a"":1.448395521938801,""peierls_exp_n"":1.871259921230376,""peierls_nu0_s"":1000000000000.0,""rho_source0_m2"":5278536902423288.0,""taylor_H0_eV"":0.886507052836214,""taylor_activation_entropy_kB"":28.263325355947018,""taylor_corr_rho_c_m2"":1307306545464073.2,""taylor_corr_scale"":0.6242790119716454,""taylor_exp_a"":0.7048910272121429,""taylor_exp_n"":0.5389550719410181,""taylor_nu0_s"":100000000000.0}",ARCHIVED_MORPH_0.50,v913_zeroD_sobol_0202500|v913_zeroD_sobol_0196804,0.0,0.6996614164346348,0.3,2.0,0.0,1.113655677730086,1.1527461955773914,0.0,0.0,0.0,0.0,1.0,True,"{""TARGET_RIGHT_CENSORED"": 12}",481.33,2.0436881602388723,0.0079823905469384,5.591721916106036,-0.0010871890117414,0.5527213065718444,2.0214311466338883,0.026239358201278,3.5732495802402657,0.0016826536948792998,3.5508823040115693,-0.0021471017636358497,0.28785353666670116,0.9267001869435735,0.0103682254353579,4.923427837312513,-32.992825731635094,1.448395521938801,1.871259921230376,1000000000000.0,0.886507052836214,28.263325355947018,0.7048910272121429,0.5389550719410181,100000000000.0,5278536902423288.0,1307306545464073.2,0.6242790119716454,2.159270126463008,False,0.07172605279400868,True,PARETO_NEAR_FRONT
oneD_v2_dbtt_R_7b3b5b45354e64ef,DBTT,7b3b5b45354e64efd68fd402352db131e1fda37744ea66f0eea86e0a251b4490,"{""Tref_K"":481.33,""c_blunt"":4.990658777708567,""cleave_G00_eV"":1.3817038125259684,""cleave_exp_a"":0.4362762779225825,""cleave_exp_n"":3.1712757917197525,""cleave_floor_frac"":0.026239358201278,""cleave_gT_eV_per_K"":0.0032996505162841546,""cleave_sT_GPa_per_K"":-0.0016432020220902386,""cleave_sigc0_GPa"":9.380819894401702,""emit_G00_eV"":1.9326811818678884,""emit_exp_a"":0.17662074502704495,""emit_exp_n"":0.46784416311415317,""emit_floor_frac"":0.0103682254353579,""emit_gT_eV_per_K"":0.0024749874479581533,""emit_sT_GPa_per_K"":-0.006290109817225442,""emit_sigc0_GPa"":2.0214459107790814,""peierls_H0_eV"":5.52016628271229,""peierls_activation_entropy_kB"":-51.595077361355536,""peierls_exp_a"":1.448395521938801,""peierls_exp_n"":1.871259921230376,""peierls_nu0_s"":1000000000000.0,""rho_source0_m2"":1468908346765729.2,""taylor_H0_eV"":1.1974374758931805,""taylor_activation_entropy_kB"":45.405104880374594,""taylor_corr_rho_c_m2"":35838233825771.1,""taylor_corr_scale"":1.2804294181102447,""taylor_exp_a"":0.7048910272121429,""taylor_exp_n"":0.5389550719410181,""taylor_nu0_s"":100000000000.0}",SOBOL_LOCAL_MATERIAL,v913_zeroD_sobol_0202500,0.0,0.7069407192781982,0.0,0.0,0.0,1.1104220660349777,2.2417929465341775,0.0,0.618532269231402,1.655513852371781,1.3333333333333333,0.8823529411764706,True,"{""TARGET_RIGHT_CENSORED"": 12}",481.33,1.3817038125259684,0.0032996505162841546,9.380819894401702,-0.0016432020220902386,0.4362762779225825,3.1712757917197525,0.026239358201278,1.9326811818678884,0.0024749874479581533,2.0214459107790814,-0.006290109817225442,0.17662074502704495,0.46784416311415317,0.0103682254353579,5.52016628271229,-51.595077361355536,1.448395521938801,1.871259921230376,1000000000000.0,1.1974374758931805,45.405104880374594,0.7048910272121429,0.5389550719410181,100000000000.0,1468908346765729.2,35838233825771.1,1.2804294181102447,4.990658777708567,True,0.0,True,PARETO_NONDOMINATED
oneD_v2_dbtt_R_43d826d529194456,DBTT,43d826d529194456ab1e475a10f1dd3d159398d908651933a74c7f1f630f6cfa,"{""Tref_K"":481.33,""c_blunt"":2.179012988123429,""cleave_G00_eV"":2.0962107234031446,""cleave_exp_a"":0.36871774193655893,""cleave_exp_n"":3.1554225395635447,""cleave_floor_frac"":0.026239358201278,""cleave_gT_eV_per_K"":0.0043467132608723145,""cleave_sT_GPa_per_K"":-0.0018616675928527073,""cleave_sigc0_GPa"":4.945688317203719,""emit_G00_eV"":6.0497561160963285,""emit_exp_a"":0.11824566549178353,""emit_exp_n"":0.3527154620584654,""emit_floor_frac"":0.0103682254353579,""emit_gT_eV_per_K"":0.0037964425100930938,""emit_sT_GPa_per_K"":-0.0033740475855750926,""emit_sigc0_GPa"":4.276443882273792,""peierls_H0_eV"":2.4325394255829367,""peierls_activation_entropy_kB"":-17.047228378026855,""peierls_exp_a"":1.448395521938801,""peierls_exp_n"":1.871259921230376,""peierls_nu0_s"":1000000000000.0,""rho_source0_m2"":785864027105920.9,""taylor_H0_eV"":0.9973765760800004,""taylor_activation_entropy_kB"":26.51321574933997,""taylor_corr_rho_c_m2"":54518825035218.77,""taylor_corr_scale"":2.5812979351887053,""taylor_exp_a"":0.7048910272121429,""taylor_exp_n"":0.5389550719410181,""taylor_nu0_s"":100000000000.0}",SOBOL_LOCAL_MATERIAL,v913_zeroD_sobol_0202500,0.0,0.7722301694318136,0.3,2.0,0.0,1.517928855830455,0.05995838457518854,0.0,0.0,0.0,0.0,1.0,True,"{""TARGET_RIGHT_CENSORED"": 12}",481.33,2.0962107234031446,0.0043467132608723145,4.945688317203719,-0.0018616675928527073,0.36871774193655893,3.1554225395635447,0.026239358201278,6.0497561160963285,0.0037964425100930938,4.276443882273792,-0.0033740475855750926,0.11824566549178353,0.3527154620584654,0.0103682254353579,2.4325394255829367,-17.047228378026855,1.448395521938801,1.871259921230376,1000000000000.0,0.9973765760800004,26.51321574933997,0.7048910272121429,0.5389550719410181,100000000000.0,785864027105920.9,54518825035218.77,2.5812979351887053,2.179012988123429,False,0.1553702564943191,True,PARETO_NEAR_FRONT
oneD_v2_dbtt_R_5ccfe8189929a0ac,DBTT,5ccfe8189929a0ac6b5484e3bc8afd14943ab9d0241e25c7c3c67020c0222bbf,"{""Tref_K"":481.33,""c_blunt"":1.895138101991991,""cleave_G00_eV"":4.088341932426187,""cleave_exp_a"":0.4275689728060543,""cleave_exp_n"":2.00299226860506,""cleave_floor_frac"":0.026239358201278,""cleave_gT_eV_per_K"":0.004225807837903963,""cleave_sT_GPa_per_K"":-0.0024629967979293596,""cleave_sigc0_GPa"":10.499114504360671,""emit_G00_eV"":5.1285710478689985,""emit_exp_a"":0.14303559756473175,""emit_exp_n"":0.541164232990487,""emit_floor_frac"":0.0103682254353579,""emit_gT_eV_per_K"":0.0030282263832715115,""emit_sT_GPa_per_K"":-0.00790445084088736,""emit_sigc0_GPa"":5.325327325561108,""peierls_H0_eV"":3.8431147483521118,""peierls_activation_entropy_kB"":-42.501886747463175,""peierls_exp_a"":1.448395521938801,""peierls_exp_n"":1.871259921230376,""peierls_nu0_s"":1000000000000.0,""rho_source0_m2"":986933885930805.8,""taylor_H0_eV"":0.9570791325105166,""taylor_activation_entropy_kB"":45.677140964388904,""taylor_corr_rho_c_m2"":16840870099012.033,""taylor_corr_scale"":2.023450484096941,""taylor_exp_a"":0.7048910272121429,""taylor_exp_n"":0.5389550719410181,""taylor_nu0_s"":100000000000.0}",SOBOL_LOCAL_MATERIAL,v913_zeroD_sobol_0202500,0.0,0.8278026510379806,0.3,2.0,0.0,1.1558831539784413,0.40079005085200525,0.0,0.15157380340967277,1.6352107611563542,0.3333333333333333,0.8823529411764706,True,"{""TARGET_RIGHT_CENSORED"": 12}",481.33,4.088341932426187,0.004225807837903963,10.499114504360671,-0.0024629967979293596,0.4275689728060543,2.00299226860506,0.026239358201278,5.1285710478689985,0.0030282263832715115,5.325327325561108,-0.00790445084088736,0.14303559756473175,0.541164232990487,0.0103682254353579,3.8431147483521118,-42.501886747463175,1.448395521938801,1.871259921230376,1000000000000.0,0.9570791325105166,45.677140964388904,0.7048910272121429,0.5389550719410181,100000000000.0,986933885930805.8,16840870099012.033,2.023450484096941,1.895138101991991,False,0.1093914154764441,True,PARETO_NEAR_FRONT
oneD_v2_dbtt_R_f4698dcab27079c2,DBTT,f4698dcab27079c2317f95f994718ab55e11cd0ff2784be431bb6b8fd0b7c914,"{""Tref_K"":481.33,""c_blunt"":2.817543148823501,""cleave_G00_eV"":1.954901043417189,""cleave_exp_a"":0.4412280542248066,""cleave_exp_n"":2.8334480469736425,""cleave_floor_frac"":0.026239358201278,""cleave_gT_eV_per_K"":0.004582075291991197,""cleave_sT_GPa_per_K"":-0.00013904271377801177,""cleave_sigc0_GPa"":8.293240527401636,""emit_G00_eV"":2.149546427833994,""emit_exp_a"":0.10264129494922523,""emit_exp_n"":0.8485405935495945,""emit_floor_frac"":0.0103682254353579,""emit_gT_eV_per_K"":0.009677792945878934,""emit_sT_GPa_per_K"":-0.004780259844642812,""emit_sigc0_GPa"":1.3735988031548496,""peierls_H0_eV"":2.890252295970322,""peierls_activation_entropy_kB"":-21.776473408235006,""peierls_exp_a"":1.448395521938801,""peierls_exp_n"":1.871259921230376,""peierls_nu0_s"":1000000000000.0,""rho_source0_m2"":514439245759704.6,""taylor_H0_eV"":1.9445218882830406,""taylor_activation_entropy_kB"":18.94687797820488,""taylor_corr_rho_c_m2"":67791914462998.77,""taylor_corr_scale"":2.515197896505067,""taylor_exp_a"":0.7048910272121429,""taylor_exp_n"":0.5389550719410181,""taylor_nu0_s"":100000000000.0}",SOBOL_LOCAL_MATERIAL,v913_zeroD_sobol_0202500,0.0,1.1090469889104146,0.0,1.0,0.0,1.287464819824684,1.1072390920486752,0.0,0.6333387507648901,1.3849099018866258,1.6666666666666667,0.8823529411764706,True,"{""TARGET_RIGHT_CENSORED"": 12}",481.33,1.954901043417189,0.004582075291991197,8.293240527401636,-0.00013904271377801177,0.4412280542248066,2.8334480469736425,0.026239358201278,2.149546427833994,0.009677792945878934,1.3735988031548496,-0.004780259844642812,0.10264129494922523,0.8485405935495945,0.0103682254353579,2.890252295970322,-21.776473408235006,1.448395521938801,1.871259921230376,1000000000000.0,1.9445218882830406,18.94687797820488,0.7048910272121429,0.5389550719410181,100000000000.0,514439245759704.6,67791914462998.77,2.515197896505067,2.817543148823501,False,0.16290454441006344,True,PARETO_NEAR_FRONT
oneD_v2_dbtt_R_77975e49afb4b29a,DBTT,77975e49afb4b29a9f285bf2b429272ef1ef393207976c0e3ba240e9555e236b,"{""Tref_K"":481.33,""c_blunt"":1.9767622160043712,""cleave_G00_eV"":3.807727520523176,""cleave_exp_a"":0.391087441506212,""cleave_exp_n"":3.385067484040763,""cleave_floor_frac"":0.026239358201278,""cleave_gT_eV_per_K"":0.002268368939134249,""cleave_sT_GPa_per_K"":-4.5670890735736514e-05,""cleave_sigc0_GPa"":7.252297927464958,""emit_G00_eV"":1.9056013250765542,""emit_exp_a"":0.15074300182198086,""emit_exp_n"":0.8258730253158459,""emit_floor_frac"":0.0103682254353579,""emit_gT_eV_per_K"":0.006720063025696496,""emit_sT_GPa_per_K"":-0.007153786202891898,""emit_sigc0_GPa"":3.554475814660661,""peierls_H0_eV"":2.581015119550069,""peierls_activation_entropy_kB"":-18.70851658303814,""peierls_exp_a"":1.448395521938801,""peierls_exp_n"":1.871259921230376,""peierls_nu0_s"":1000000000000.0,""rho_source0_m2"":449817247258355.8,""taylor_H0_eV"":1.430856034868119,""taylor_activation_entropy_kB"":47.7937855029275,""taylor_corr_rho_c_m2"":58621348940095.85,""taylor_corr_scale"":0.6985645533429892,""taylor_exp_a"":0.7048910272121429,""taylor_exp_n"":0.5389550719410181,""taylor_nu0_s"":100000000000.0}",SOBOL_LOCAL_MATERIAL,v913_zeroD_sobol_0202500,0.0,1.3742455266689397,0.0,1.0,0.0,0.6430036864064465,0.9255166282539076,0.0,0.5041509130626756,1.0852192867977928,1.5,0.8823529411764706,True,"{""TARGET_RIGHT_CENSORED"": 12}",481.33,3.807727520523176,0.002268368939134249,7.252297927464958,-4.5670890735736514e-05,0.391087441506212,3.385067484040763,0.026239358201278,1.9056013250765542,0.006720063025696496,3.554475814660661,-0.007153786202891898,0.15074300182198086,0.8258730253158459,0.0103682254353579,2.581015119550069,-18.70851658303814,1.448395521938801,1.871259921230376,1000000000000.0,1.430856034868119,47.7937855029275,0.7048910272121429,0.5389550719410181,100000000000.0,449817247258355.8,58621348940095.85,0.6985645533429892,1.9767622160043712,True,0.0,True,PARETO_NONDOMINATED
oneD_v2_dbtt_R_b1d5f546f2de2a06,DBTT,b1d5f546f2de2a061f9218b254f267bd0286f8c8b64360dafe55350d30acecc4,"{""Tref_K"":481.33,""c_blunt"":4.312037441665716,""cleave_G00_eV"":3.285896040829531,""cleave_exp_a"":0.48659851125449866,""cleave_exp_n"":2.2876336006638573,""cleave_floor_frac"":0.026239358201278,""cleave_gT_eV_per_K"":0.008309019366790462,""cleave_sT_GPa_per_K"":-0.0020704816034069675,""cleave_sigc0_GPa"":6.7649067636241,""emit_G00_eV"":2.08273151652093,""emit_exp_a"":0.2037883163978387,""emit_exp_n"":0.6326829584619671,""emit_floor_frac"":0.0103682254353579,""emit_gT_eV_per_K"":0.008506892317690539,""emit_sT_GPa_per_K"":-0.005201223205174826,""emit_sigc0_GPa"":2.2906503890506893,""peierls_H0_eV"":2.7329587193230624,""peierls_activation_entropy_kB"":-52.270681711408294,""peierls_exp_a"":1.448395521938801,""peierls_exp_n"":1.871259921230376,""peierls_nu0_s"":1000000000000.0,""rho_source0_m2"":590254824915639.5,""taylor_H0_eV"":1.0844807412556872,""taylor_activation_entropy_kB"":44.89525994823982,""taylor_corr_rho_c_m2"":13575589157706.787,""taylor_corr_scale"":1.0343470345349308,""taylor_exp_a"":0.7048910272121429,""taylor_exp_n"":0.5389550719410181,""taylor_nu0_s"":100000000000.0}",SOBOL_LOCAL_MATERIAL,v913_zeroD_sobol_0202500,0.0,1.7606755768773001,0.0,1.0,0.0,1.1931008710085267,1.0027131191209575,0.0,0.5908361769052609,1.5303428023929289,1.5833333333333333,0.8823529411764706,True,"{""TARGET_RIGHT_CENSORED"": 12}",481.33,3.285896040829531,0.008309019366790462,6.7649067636241,-0.0020704816034069675,0.48659851125449866,2.2876336006638573,0.026239358201278,2.08273151652093,0.008506892317690539,2.2906503890506893,-0.005201223205174826,0.2037883163978387,0.6326829584619671,0.0103682254353579,2.7329587193230624,-52.270681711408294,1.448395521938801,1.871259921230376,1000000000000.0,1.0844807412556872,44.89525994823982,0.7048910272121429,0.5389550719410181,100000000000.0,590254824915639.5,13575589157706.787,1.0343470345349308,4.312037441665716,False,0.1768740169265788,True,PARETO_NEAR_FRONT
