candidate_id,target_response_class,parameter_sha256,canonical_parameter_json,search_generation_method,parent_or_anchor_id,completion_domain_objective,temperature_class_objective,reinitiation_objective,precursor_topology_objective,final_avalanche_objective,control_onset_deviation_objective,provider_robustness_objective,process_zone_state_objective,mean_relative_deltaK_reinit,maximum_relative_deltaK_reinit,mean_N_reinit,minimum_largest_avalanche_fraction,all_cases_target_complete,status_counts_json,Tref_K,cleave_G00_eV,cleave_gT_eV_per_K,cleave_sigc0_GPa,cleave_sT_GPa_per_K,cleave_exp_a,cleave_exp_n,cleave_floor_frac,emit_G00_eV,emit_gT_eV_per_K,emit_sigc0_GPa,emit_sT_GPa_per_K,emit_exp_a,emit_exp_n,emit_floor_frac,peierls_H0_eV,peierls_activation_entropy_kB,peierls_exp_a,peierls_exp_n,peierls_nu0_s,taylor_H0_eV,taylor_activation_entropy_kB,taylor_exp_a,taylor_exp_n,taylor_nu0_s,rho_source0_m2,taylor_corr_rho_c_m2,taylor_corr_scale,c_blunt,pareto_nondominated,distance_to_pareto_front,pareto_near_front,option_status
oneD_v2_peak_R_7834115ae79cd559,Peak,7834115ae79cd5599062495367866062658f85c02160a079d50b6ce39104d6f6,"{""Tref_K"":481.33,""c_blunt"":4.8575789443790285,""cleave_G00_eV"":5.229743009052955,""cleave_exp_a"":1.1649718307276258,""cleave_exp_n"":1.5895617018409476,""cleave_floor_frac"":0.0184513317135146,""cleave_gT_eV_per_K"":0.012122386939637788,""cleave_sT_GPa_per_K"":-0.002295485301005447,""cleave_sigc0_GPa"":11.217966442434385,""emit_G00_eV"":2.0174018455772673,""emit_exp_a"":0.13173668199687907,""emit_exp_n"":1.1080757313735077,""emit_floor_frac"":0.0058420097608974,""emit_gT_eV_per_K"":0.00018808904415358184,""emit_sT_GPa_per_K"":0.0020977653692033616,""emit_sigc0_GPa"":9.784718038631057,""peierls_H0_eV"":6.467184611153244,""peierls_activation_entropy_kB"":13.574169270193934,""peierls_exp_a"":1.9097672308795155,""peierls_exp_n"":1.1372957159765065,""peierls_nu0_s"":1000000000000.0,""rho_source0_m2"":6831991814241943.0,""taylor_H0_eV"":2.753559512399223,""taylor_activation_entropy_kB"":38.14622833680444,""taylor_corr_rho_c_m2"":53665734129386.54,""taylor_corr_scale"":0.7266810540381293,""taylor_exp_a"":0.4561179580539465,""taylor_exp_n"":1.2506696581840515,""taylor_nu0_s"":100000000000.0}",SOBOL_LOCAL_MATERIAL,v913_zeroD_sobol_0242980,0.0,0.0,0.1,1.0,0.0,2.2473235509208855,0.6762275011092249,0.0,0.04092302795505484,0.10927766322424783,0.375,0.9473684210526315,True,"{""TARGET_RIGHT_CENSORED"": 8}",481.33,5.229743009052955,0.012122386939637788,11.217966442434385,-0.002295485301005447,1.1649718307276258,1.5895617018409476,0.0184513317135146,2.0174018455772673,0.00018808904415358184,9.784718038631057,0.0020977653692033616,0.13173668199687907,1.1080757313735077,0.0058420097608974,6.467184611153244,13.574169270193934,1.9097672308795155,1.1372957159765065,1000000000000.0,2.753559512399223,38.14622833680444,0.4561179580539465,1.2506696581840515,100000000000.0,6831991814241943.0,53665734129386.54,0.7266810540381293,4.8575789443790285,True,0.0,True,PARETO_NONDOMINATED
oneD_v2_peak_R_a2e923a7587543db,Peak,a2e923a7587543dbcc24cd621145bbf3a6f2ba2c749a6bbd9c454558726210d2,"{""Tref_K"":481.33,""c_blunt"":5.904674826579676,""cleave_G00_eV"":4.685697034687443,""cleave_exp_a"":1.7374266783976555,""cleave_exp_n"":0.9652009661738176,""cleave_floor_frac"":0.0184513317135146,""cleave_gT_eV_per_K"":0.005261224687485825,""cleave_sT_GPa_per_K"":-0.0004155816383947564,""cleave_sigc0_GPa"":10.126514872352045,""emit_G00_eV"":1.779272664671439,""emit_exp_a"":0.10148723262622615,""emit_exp_n"":1.7905253638738974,""emit_floor_frac"":0.0058420097608974,""emit_gT_eV_per_K"":0.001039171776829765,""emit_sT_GPa_per_K"":0.0004645084640458152,""emit_sigc0_GPa"":5.078440425624909,""peierls_H0_eV"":7.69226941727475,""peierls_activation_entropy_kB"":20.13200723062293,""peierls_exp_a"":1.9097672308795155,""peierls_exp_n"":1.1372957159765065,""peierls_nu0_s"":1000000000000.0,""rho_source0_m2"":3.1256573429900224e+16,""taylor_H0_eV"":2.7178814386658514,""taylor_activation_entropy_kB"":46.288687118728674,""taylor_corr_rho_c_m2"":142015042562784.0,""taylor_corr_scale"":0.637105649605775,""taylor_exp_a"":0.4561179580539465,""taylor_exp_n"":1.2506696581840515,""taylor_nu0_s"":100000000000.0}",SOBOL_LOCAL_MATERIAL,v913_zeroD_sobol_0242980,0.0,0.0,0.1005927791695187,1.0,0.0,1.3185860703919505,0.6867244595556822,0.0,0.03690648541994842,0.10038642894193338,0.375,0.9473684210526315,True,"{""TARGET_RIGHT_CENSORED"": 8}",481.33,4.685697034687443,0.005261224687485825,10.126514872352045,-0.0004155816383947564,1.7374266783976555,0.9652009661738176,0.0184513317135146,1.779272664671439,0.001039171776829765,5.078440425624909,0.0004645084640458152,0.10148723262622615,1.7905253638738974,0.0058420097608974,7.69226941727475,20.13200723062293,1.9097672308795155,1.1372957159765065,1000000000000.0,2.7178814386658514,46.288687118728674,0.4561179580539465,1.2506696581840515,100000000000.0,3.1256573429900224e+16,142015042562784.0,0.637105649605775,5.904674826579676,True,0.0,True,PARETO_NONDOMINATED
oneD_v2_peak_R_41f8789bcbc1f097,Peak,41f8789bcbc1f097eae880694e11ac6711dfbb6884b86b2b78981bfdb22943fb,"{""Tref_K"":481.33,""c_blunt"":6.070267261191762,""cleave_G00_eV"":4.431657155416051,""cleave_exp_a"":1.0952997134160791,""cleave_exp_n"":0.9765095624258061,""cleave_floor_frac"":0.0184513317135146,""cleave_gT_eV_per_K"":0.009818635455831266,""cleave_sT_GPa_per_K"":-0.0020603266390436283,""cleave_sigc0_GPa"":5.774076395161329,""emit_G00_eV"":1.8487270130094766,""emit_exp_a"":0.12467190223353747,""emit_exp_n"":1.7714388605493245,""emit_floor_frac"":0.0058420097608974,""emit_gT_eV_per_K"":-0.00035581081683140137,""emit_sT_GPa_per_K"":0.0031425433709946185,""emit_sigc0_GPa"":5.4228651274844575,""peierls_H0_eV"":5.480797531252669,""peierls_activation_entropy_kB"":8.079823212926017,""peierls_exp_a"":1.9097672308795155,""peierls_exp_n"":1.1372957159765065,""peierls_nu0_s"":1000000000000.0,""rho_source0_m2"":5700429692482955.0,""taylor_H0_eV"":1.6257791718649954,""taylor_activation_entropy_kB"":23.318559691507026,""taylor_corr_rho_c_m2"":95811088816654.14,""taylor_corr_scale"":1.7008218143090084,""taylor_exp_a"":0.4561179580539465,""taylor_exp_n"":1.2506696581840515,""taylor_nu0_s"":100000000000.0}",SOBOL_LOCAL_MATERIAL,v913_zeroD_sobol_0242980,0.0,0.0,0.15743467183138224,1.5,0.0,0.921963408225785,0.42895334632252136,0.0,0.010641332042154443,0.08513065633723554,0.125,0.9473684210526315,True,"{""TARGET_RIGHT_CENSORED"": 8}",481.33,4.431657155416051,0.009818635455831266,5.774076395161329,-0.0020603266390436283,1.0952997134160791,0.9765095624258061,0.0184513317135146,1.8487270130094766,-0.00035581081683140137,5.4228651274844575,0.0031425433709946185,0.12467190223353747,1.7714388605493245,0.0058420097608974,5.480797531252669,8.079823212926017,1.9097672308795155,1.1372957159765065,1000000000000.0,1.6257791718649954,23.318559691507026,0.4561179580539465,1.2506696581840515,100000000000.0,5700429692482955.0,95811088816654.14,1.7008218143090084,6.070267261191762,True,0.0,True,PARETO_NONDOMINATED
oneD_v2_peak_R_94e3ab993e744e57,Peak,94e3ab993e744e573a56151963a5c9ae216d3f1d2c9f5ae5ffe505961b2728e9,"{""Tref_K"":481.33,""c_blunt"":2.687256144359708,""cleave_G00_eV"":4.011803912930191,""cleave_exp_a"":1.3227705595549195,""cleave_exp_n"":1.2558047282509506,""cleave_floor_frac"":0.0184513317135146,""cleave_gT_eV_per_K"":0.0081468212408944,""cleave_sT_GPa_per_K"":-0.0012099820682778,""cleave_sigc0_GPa"":7.349638969637454,""emit_G00_eV"":2.0446315124630927,""emit_exp_a"":0.0858719444833695,""emit_exp_n"":1.1423492641188204,""emit_floor_frac"":0.0058420097608974,""emit_gT_eV_per_K"":0.000941995373927,""emit_sT_GPa_per_K"":0.0013325903080403,""emit_sigc0_GPa"":7.205215461552143,""peierls_H0_eV"":6.368386985268444,""peierls_activation_entropy_kB"":12.2265643812716,""peierls_exp_a"":1.9097672308795155,""peierls_exp_n"":1.1372957159765065,""peierls_nu0_s"":1000000000000.0,""rho_source0_m2"":1.4102520844479966e+16,""taylor_H0_eV"":1.868515259087086,""taylor_activation_entropy_kB"":42.299167796969414,""taylor_corr_rho_c_m2"":58780073970578.01,""taylor_corr_scale"":0.8638954413677038,""taylor_exp_a"":0.4561179580539465,""taylor_exp_n"":1.2506696581840515,""taylor_nu0_s"":100000000000.0}",DIRECTED_TAYLOR_BARRIER_ENTROPY_+0.10,v913_zeroD_sobol_0242980,0.0,0.0,0.2,2.0,0.0,0.0,0.5938876653503011,0.0,0.0,0.0,0.0,1.0,True,"{""TARGET_RIGHT_CENSORED"": 8}",481.33,4.011803912930191,0.0081468212408944,7.349638969637454,-0.0012099820682778,1.3227705595549195,1.2558047282509506,0.0184513317135146,2.0446315124630927,0.000941995373927,7.205215461552143,0.0013325903080403,0.0858719444833695,1.1423492641188204,0.0058420097608974,6.368386985268444,12.2265643812716,1.9097672308795155,1.1372957159765065,1000000000000.0,1.868515259087086,42.299167796969414,0.4561179580539465,1.2506696581840515,100000000000.0,1.4102520844479966e+16,58780073970578.01,0.8638954413677038,2.687256144359708,True,0.0,True,PARETO_NONDOMINATED
oneD_v2_peak_R_a2411892ebd00330,Peak,a2411892ebd0033082d03709dd2556d89486dc8246c22104048ff01134400101,"{""Tref_K"":481.33,""c_blunt"":2.687256144359708,""cleave_G00_eV"":4.011803912930191,""cleave_exp_a"":1.3227705595549195,""cleave_exp_n"":1.2558047282509506,""cleave_floor_frac"":0.0184513317135146,""cleave_gT_eV_per_K"":0.0081468212408944,""cleave_sT_GPa_per_K"":-0.0012099820682778,""cleave_sigc0_GPa"":7.349638969637454,""emit_G00_eV"":2.0446315124630927,""emit_exp_a"":0.0858719444833695,""emit_exp_n"":1.1423492641188204,""emit_floor_frac"":0.0058420097608974,""emit_gT_eV_per_K"":0.000941995373927,""emit_sT_GPa_per_K"":0.0013325903080403,""emit_sigc0_GPa"":7.205215461552143,""peierls_H0_eV"":6.368386985268444,""peierls_activation_entropy_kB"":12.2265643812716,""peierls_exp_a"":1.9097672308795155,""peierls_exp_n"":1.1372957159765065,""peierls_nu0_s"":1000000000000.0,""rho_source0_m2"":1.4102520844479966e+16,""taylor_H0_eV"":1.2739876766502858,""taylor_activation_entropy_kB"":28.840341679751873,""taylor_corr_rho_c_m2"":58780073970578.01,""taylor_corr_scale"":0.8638954413677038,""taylor_exp_a"":0.4561179580539465,""taylor_exp_n"":1.2506696581840515,""taylor_nu0_s"":100000000000.0}",DIRECTED_TAYLOR_BARRIER_ENTROPY_-0.25,v913_zeroD_sobol_0242980,0.0,0.0,0.2,2.0,0.0,0.0,0.5938876653503011,0.0,0.0,0.0,0.0,1.0,True,"{""TARGET_RIGHT_CENSORED"": 8}",481.33,4.011803912930191,0.0081468212408944,7.349638969637454,-0.0012099820682778,1.3227705595549195,1.2558047282509506,0.0184513317135146,2.0446315124630927,0.000941995373927,7.205215461552143,0.0013325903080403,0.0858719444833695,1.1423492641188204,0.0058420097608974,6.368386985268444,12.2265643812716,1.9097672308795155,1.1372957159765065,1000000000000.0,1.2739876766502858,28.840341679751873,0.4561179580539465,1.2506696581840515,100000000000.0,1.4102520844479966e+16,58780073970578.01,0.8638954413677038,2.687256144359708,True,0.0,True,PARETO_NONDOMINATED
oneD_v2_peak_R_b57ee4ef18a63aca,Peak,b57ee4ef18a63aca8fb1a765d327404162c9f8840101ec7f3922025e11f043cf,"{""Tref_K"":481.33,""c_blunt"":2.687256144359708,""cleave_G00_eV"":4.011803912930191,""cleave_exp_a"":1.3227705595549195,""cleave_exp_n"":1.2558047282509506,""cleave_floor_frac"":0.0184513317135146,""cleave_gT_eV_per_K"":0.0081468212408944,""cleave_sT_GPa_per_K"":-0.0012099820682778,""cleave_sigc0_GPa"":7.349638969637454,""emit_G00_eV"":2.0446315124630927,""emit_exp_a"":0.0858719444833695,""emit_exp_n"":1.1423492641188204,""emit_floor_frac"":0.0058420097608974,""emit_gT_eV_per_K"":0.000941995373927,""emit_sT_GPa_per_K"":0.0013325903080403,""emit_sigc0_GPa"":7.205215461552143,""peierls_H0_eV"":6.368386985268443,""peierls_activation_entropy_kB"":12.2265643812716,""peierls_exp_a"":1.9097672308795155,""peierls_exp_n"":1.1372957159765065,""peierls_nu0_s"":1000000000000.0,""rho_source0_m2"":1.4102520844479964e+16,""taylor_H0_eV"":1.6986502355337143,""taylor_activation_entropy_kB"":38.45378890633583,""taylor_corr_rho_c_m2"":58780073970577.96,""taylor_corr_scale"":0.8638954413677038,""taylor_exp_a"":0.4561179580539465,""taylor_exp_n"":1.2506696581840515,""taylor_nu0_s"":100000000000.0}",ARCHIVED_MORPH_0.25,v913_zeroD_sobol_0242980|v913_zeroD_sobol_0242980,0.0,0.0,0.2,2.0,0.0,0.0,0.5938876653503011,0.0,0.0,0.0,0.0,1.0,True,"{""TARGET_RIGHT_CENSORED"": 8}",481.33,4.011803912930191,0.0081468212408944,7.349638969637454,-0.0012099820682778,1.3227705595549195,1.2558047282509506,0.0184513317135146,2.0446315124630927,0.000941995373927,7.205215461552143,0.0013325903080403,0.0858719444833695,1.1423492641188204,0.0058420097608974,6.368386985268443,12.2265643812716,1.9097672308795155,1.1372957159765065,1000000000000.0,1.6986502355337143,38.45378890633583,0.4561179580539465,1.2506696581840515,100000000000.0,1.4102520844479964e+16,58780073970577.96,0.8638954413677038,2.687256144359708,True,0.0,True,PARETO_NONDOMINATED
v913_zeroD_sobol_0242980,Peak,d004ea60768cfb90435d8d10f9badd180e614c0fc23950b24554b5a0b4bbe3a2,"{""Tref_K"":481.33,""c_blunt"":2.687256144359708,""cleave_G00_eV"":4.011803912930191,""cleave_exp_a"":1.3227705595549195,""cleave_exp_n"":1.2558047282509506,""cleave_floor_frac"":0.0184513317135146,""cleave_gT_eV_per_K"":0.0081468212408944,""cleave_sT_GPa_per_K"":-0.0012099820682778,""cleave_sigc0_GPa"":7.349638969637454,""emit_G00_eV"":2.0446315124630927,""emit_exp_a"":0.0858719444833695,""emit_exp_n"":1.1423492641188204,""emit_floor_frac"":0.0058420097608974,""emit_gT_eV_per_K"":0.000941995373927,""emit_sT_GPa_per_K"":0.0013325903080403,""emit_sigc0_GPa"":7.205215461552143,""peierls_H0_eV"":6.368386985268444,""peierls_activation_entropy_kB"":12.2265643812716,""peierls_exp_a"":1.9097672308795155,""peierls_exp_n"":1.1372957159765065,""peierls_nu0_s"":1000000000000.0,""rho_source0_m2"":1.4102520844479966e+16,""taylor_H0_eV"":1.6986502355337143,""taylor_activation_entropy_kB"":38.45378890633583,""taylor_corr_rho_c_m2"":58780073970578.01,""taylor_corr_scale"":0.8638954413677038,""taylor_exp_a"":0.4561179580539465,""taylor_exp_n"":1.2506696581840515,""taylor_nu0_s"":100000000000.0}",HISTORICAL_CONTROL,v913_zeroD_sobol_0242980,0.0,0.0,0.2,2.0,0.0,0.0,0.5938876653503011,0.0,0.0,0.0,0.0,1.0,True,"{""TARGET_RIGHT_CENSORED"": 8}",481.33,4.011803912930191,0.0081468212408944,7.349638969637454,-0.0012099820682778,1.3227705595549195,1.2558047282509506,0.0184513317135146,2.0446315124630927,0.000941995373927,7.205215461552143,0.0013325903080403,0.0858719444833695,1.1423492641188204,0.0058420097608974,6.368386985268444,12.2265643812716,1.9097672308795155,1.1372957159765065,1000000000000.0,1.6986502355337143,38.45378890633583,0.4561179580539465,1.2506696581840515,100000000000.0,1.4102520844479966e+16,58780073970578.01,0.8638954413677038,2.687256144359708,True,0.0,True,HISTORICAL_CONTROL
oneD_v2_peak_R_319b707c1880d5dd,Peak,319b707c1880d5ddbdfb31d5ec3296eba79455357406dc1dab48f999fe06f96d,"{""Tref_K"":481.33,""c_blunt"":2.687256144359708,""cleave_G00_eV"":4.011803912930191,""cleave_exp_a"":1.3227705595549195,""cleave_exp_n"":1.2558047282509506,""cleave_floor_frac"":0.0184513317135146,""cleave_gT_eV_per_K"":0.0081468212408944,""cleave_sT_GPa_per_K"":-0.0012099820682778,""cleave_sigc0_GPa"":7.349638969637454,""emit_G00_eV"":2.0446315124630927,""emit_exp_a"":0.0858719444833695,""emit_exp_n"":1.1423492641188204,""emit_floor_frac"":0.0058420097608974,""emit_gT_eV_per_K"":0.000941995373927,""emit_sT_GPa_per_K"":0.0013325903080403,""emit_sigc0_GPa"":7.205215461552143,""peierls_H0_eV"":6.368386985268444,""peierls_activation_entropy_kB"":12.2265643812716,""peierls_exp_a"":1.9097672308795155,""peierls_exp_n"":1.1372957159765065,""peierls_nu0_s"":1000000000000.0,""rho_source0_m2"":1.4102520844479966e+16,""taylor_H0_eV"":1.528785211980343,""taylor_activation_entropy_kB"":34.60841001570225,""taylor_corr_rho_c_m2"":58780073970578.01,""taylor_corr_scale"":0.8638954413677038,""taylor_exp_a"":0.4561179580539465,""taylor_exp_n"":1.2506696581840515,""taylor_nu0_s"":100000000000.0}",DIRECTED_TAYLOR_BARRIER_ENTROPY_-0.10,v913_zeroD_sobol_0242980,0.0,0.0,0.2,2.0,0.0,2.7755575615628914e-17,0.5938876653503009,0.0,0.0,0.0,0.0,1.0,True,"{""TARGET_RIGHT_CENSORED"": 8}",481.33,4.011803912930191,0.0081468212408944,7.349638969637454,-0.0012099820682778,1.3227705595549195,1.2558047282509506,0.0184513317135146,2.0446315124630927,0.000941995373927,7.205215461552143,0.0013325903080403,0.0858719444833695,1.1423492641188204,0.0058420097608974,6.368386985268444,12.2265643812716,1.9097672308795155,1.1372957159765065,1000000000000.0,1.528785211980343,34.60841001570225,0.4561179580539465,1.2506696581840515,100000000000.0,1.4102520844479966e+16,58780073970578.01,0.8638954413677038,2.687256144359708,True,0.0,True,PARETO_NONDOMINATED
oneD_v2_peak_R_b76dcd4e5eb5ddc0,Peak,b76dcd4e5eb5ddc02997b0aeffa74439308782dabaf1392fd62eb42b363c10ca,"{""Tref_K"":481.33,""c_blunt"":2.687256144359708,""cleave_G00_eV"":4.011803912930191,""cleave_exp_a"":1.3227705595549195,""cleave_exp_n"":1.2558047282509506,""cleave_floor_frac"":0.0184513317135146,""cleave_gT_eV_per_K"":0.0081468212408944,""cleave_sT_GPa_per_K"":-0.0012099820682778,""cleave_sigc0_GPa"":7.349638969637454,""emit_G00_eV"":2.0446315124630927,""emit_exp_a"":0.0858719444833695,""emit_exp_n"":1.1423492641188204,""emit_floor_frac"":0.0058420097608974,""emit_gT_eV_per_K"":0.000941995373927,""emit_sT_GPa_per_K"":0.0013325903080403,""emit_sigc0_GPa"":7.205215461552143,""peierls_H0_eV"":6.368386985268444,""peierls_activation_entropy_kB"":12.2265643812716,""peierls_exp_a"":1.9097672308795155,""peierls_exp_n"":1.1372957159765065,""peierls_nu0_s"":1000000000000.0,""rho_source0_m2"":1.4102520844479966e+16,""taylor_H0_eV"":2.123312794417143,""taylor_activation_entropy_kB"":48.06723613291979,""taylor_corr_rho_c_m2"":58780073970578.01,""taylor_corr_scale"":0.8638954413677038,""taylor_exp_a"":0.4561179580539465,""taylor_exp_n"":1.2506696581840515,""taylor_nu0_s"":100000000000.0}",DIRECTED_TAYLOR_BARRIER_ENTROPY_+0.25,v913_zeroD_sobol_0242980,0.0,0.0,0.2,2.0,0.0,1.1102230246251565e-16,0.5938876653503009,0.0,0.0,0.0,0.0,1.0,True,"{""TARGET_RIGHT_CENSORED"": 8}",481.33,4.011803912930191,0.0081468212408944,7.349638969637454,-0.0012099820682778,1.3227705595549195,1.2558047282509506,0.0184513317135146,2.0446315124630927,0.000941995373927,7.205215461552143,0.0013325903080403,0.0858719444833695,1.1423492641188204,0.0058420097608974,6.368386985268444,12.2265643812716,1.9097672308795155,1.1372957159765065,1000000000000.0,2.123312794417143,48.06723613291979,0.4561179580539465,1.2506696581840515,100000000000.0,1.4102520844479966e+16,58780073970578.01,0.8638954413677038,2.687256144359708,False,1.5846292620420286e-17,True,PARETO_NEAR_FRONT
oneD_v2_peak_R_a84e260ef17f5a88,Peak,a84e260ef17f5a88b0c48c32714b78e6362d7cf1242be6b59614ddcf04f7ea18,"{""Tref_K"":481.33,""c_blunt"":2.687256144359708,""cleave_G00_eV"":4.011803912930191,""cleave_exp_a"":1.3227705595549195,""cleave_exp_n"":1.2558047282509506,""cleave_floor_frac"":0.0184513317135146,""cleave_gT_eV_per_K"":0.0081468212408944,""cleave_sT_GPa_per_K"":-0.0012099820682778,""cleave_sigc0_GPa"":7.349638969637454,""emit_G00_eV"":2.0446315124630927,""emit_exp_a"":0.0858719444833695,""emit_exp_n"":1.1423492641188204,""emit_floor_frac"":0.0058420097608974,""emit_gT_eV_per_K"":0.000941995373927,""emit_sT_GPa_per_K"":0.0013325903080403,""emit_sigc0_GPa"":7.205215461552143,""peierls_H0_eV"":7.960483731585555,""peierls_activation_entropy_kB"":15.283205476589501,""peierls_exp_a"":1.9097672308795155,""peierls_exp_n"":1.1372957159765065,""peierls_nu0_s"":1000000000000.0,""rho_source0_m2"":1.4102520844479966e+16,""taylor_H0_eV"":1.6986502355337143,""taylor_activation_entropy_kB"":38.45378890633583,""taylor_corr_rho_c_m2"":58780073970578.01,""taylor_corr_scale"":0.8638954413677038,""taylor_exp_a"":0.4561179580539465,""taylor_exp_n"":1.2506696581840515,""taylor_nu0_s"":100000000000.0}",DIRECTED_PEIERLS_BARRIER_ENTROPY_+0.25,v913_zeroD_sobol_0242980,0.0,0.0,0.2,2.0,0.0,1.942890293094024e-16,0.5938876653503009,0.0,0.0,0.0,0.0,1.0,True,"{""TARGET_RIGHT_CENSORED"": 8}",481.33,4.011803912930191,0.0081468212408944,7.349638969637454,-0.0012099820682778,1.3227705595549195,1.2558047282509506,0.0184513317135146,2.0446315124630927,0.000941995373927,7.205215461552143,0.0013325903080403,0.0858719444833695,1.1423492641188204,0.0058420097608974,7.960483731585555,15.283205476589501,1.9097672308795155,1.1372957159765065,1000000000000.0,1.6986502355337143,38.45378890633583,0.4561179580539465,1.2506696581840515,100000000000.0,1.4102520844479966e+16,58780073970578.01,0.8638954413677038,2.687256144359708,False,3.1692585240840566e-17,True,PARETO_NEAR_FRONT
oneD_v2_peak_R_0d6c64a19cfecca9,Peak,0d6c64a19cfecca96547bf8baf9fb01e8c76df71ef826e50ffd46b49830d23c7,"{""Tref_K"":481.33,""c_blunt"":2.687256144359708,""cleave_G00_eV"":4.011803912930191,""cleave_exp_a"":1.3227705595549195,""cleave_exp_n"":1.2558047282509506,""cleave_floor_frac"":0.0184513317135146,""cleave_gT_eV_per_K"":0.0081468212408944,""cleave_sT_GPa_per_K"":-0.0012099820682778,""cleave_sigc0_GPa"":7.349638969637454,""emit_G00_eV"":2.0446315124630927,""emit_exp_a"":0.0858719444833695,""emit_exp_n"":1.1423492641188204,""emit_floor_frac"":0.0058420097608974,""emit_gT_eV_per_K"":0.000941995373927,""emit_sT_GPa_per_K"":0.0013325903080403,""emit_sigc0_GPa"":7.205215461552143,""peierls_H0_eV"":5.731548286741599,""peierls_activation_entropy_kB"":11.00390794314444,""peierls_exp_a"":1.9097672308795155,""peierls_exp_n"":1.1372957159765065,""peierls_nu0_s"":1000000000000.0,""rho_source0_m2"":1.4102520844479966e+16,""taylor_H0_eV"":1.6986502355337143,""taylor_activation_entropy_kB"":38.45378890633583,""taylor_corr_rho_c_m2"":58780073970578.01,""taylor_corr_scale"":0.8638954413677038,""taylor_exp_a"":0.4561179580539465,""taylor_exp_n"":1.2506696581840515,""taylor_nu0_s"":100000000000.0}",DIRECTED_PEIERLS_BARRIER_ENTROPY_-0.10,v913_zeroD_sobol_0242980,0.0,0.0,0.2,2.0,0.0,2.7755575615628914e-16,0.5938876653503007,0.0,0.0,0.0,0.0,1.0,True,"{""TARGET_RIGHT_CENSORED"": 8}",481.33,4.011803912930191,0.0081468212408944,7.349638969637454,-0.0012099820682778,1.3227705595549195,1.2558047282509506,0.0184513317135146,2.0446315124630927,0.000941995373927,7.205215461552143,0.0013325903080403,0.0858719444833695,1.1423492641188204,0.0058420097608974,5.731548286741599,11.00390794314444,1.9097672308795155,1.1372957159765065,1000000000000.0,1.6986502355337143,38.45378890633583,0.4561179580539465,1.2506696581840515,100000000000.0,1.4102520844479966e+16,58780073970578.01,0.8638954413677038,2.687256144359708,True,0.0,True,PARETO_NONDOMINATED
oneD_v2_peak_R_05349521c685971f,Peak,05349521c685971f526faa89703d7a93e94733eee6e40b56dad8f36122307155,"{""Tref_K"":481.33,""c_blunt"":2.687256144359708,""cleave_G00_eV"":4.011803912930191,""cleave_exp_a"":1.3227705595549195,""cleave_exp_n"":1.2558047282509506,""cleave_floor_frac"":0.0184513317135146,""cleave_gT_eV_per_K"":0.0081468212408944,""cleave_sT_GPa_per_K"":-0.0012099820682778,""cleave_sigc0_GPa"":7.349638969637454,""emit_G00_eV"":2.0446315124630927,""emit_exp_a"":0.0858719444833695,""emit_exp_n"":1.1423492641188204,""emit_floor_frac"":0.0058420097608974,""emit_gT_eV_per_K"":0.000941995373927,""emit_sT_GPa_per_K"":0.0013325903080403,""emit_sigc0_GPa"":7.205215461552143,""peierls_H0_eV"":4.776290238951333,""peierls_activation_entropy_kB"":9.1699232859537,""peierls_exp_a"":1.9097672308795155,""peierls_exp_n"":1.1372957159765065,""peierls_nu0_s"":1000000000000.0,""rho_source0_m2"":1.4102520844479966e+16,""taylor_H0_eV"":1.6986502355337143,""taylor_activation_entropy_kB"":38.45378890633583,""taylor_corr_rho_c_m2"":58780073970578.01,""taylor_corr_scale"":0.8638954413677038,""taylor_exp_a"":0.4561179580539465,""taylor_exp_n"":1.2506696581840515,""taylor_nu0_s"":100000000000.0}",DIRECTED_PEIERLS_BARRIER_ENTROPY_-0.25,v913_zeroD_sobol_0242980,0.0,0.0,0.2,2.0,0.0,2.7755575615628914e-16,0.5938876653503009,0.0,0.0,0.0,0.0,1.0,True,"{""TARGET_RIGHT_CENSORED"": 8}",481.33,4.011803912930191,0.0081468212408944,7.349638969637454,-0.0012099820682778,1.3227705595549195,1.2558047282509506,0.0184513317135146,2.0446315124630927,0.000941995373927,7.205215461552143,0.0013325903080403,0.0858719444833695,1.1423492641188204,0.0058420097608974,4.776290238951333,9.1699232859537,1.9097672308795155,1.1372957159765065,1000000000000.0,1.6986502355337143,38.45378890633583,0.4561179580539465,1.2506696581840515,100000000000.0,1.4102520844479966e+16,58780073970578.01,0.8638954413677038,2.687256144359708,False,4.753887786126085e-17,True,PARETO_NEAR_FRONT
oneD_v2_peak_R_9f53a669cc7da1d4,Peak,9f53a669cc7da1d4ebc647470828497451bbd8baf2fbb616588851cc78258c74,"{""Tref_K"":481.33,""c_blunt"":2.687256144359708,""cleave_G00_eV"":4.011803912930191,""cleave_exp_a"":1.3227705595549195,""cleave_exp_n"":1.2558047282509506,""cleave_floor_frac"":0.0184513317135146,""cleave_gT_eV_per_K"":0.0081468212408944,""cleave_sT_GPa_per_K"":-0.0012099820682778,""cleave_sigc0_GPa"":7.349638969637454,""emit_G00_eV"":2.0446315124630927,""emit_exp_a"":0.0858719444833695,""emit_exp_n"":1.1423492641188204,""emit_floor_frac"":0.0058420097608974,""emit_gT_eV_per_K"":0.000941995373927,""emit_sT_GPa_per_K"":0.0013325903080403,""emit_sigc0_GPa"":7.205215461552143,""peierls_H0_eV"":7.005225683795289,""peierls_activation_entropy_kB"":13.449220819398763,""peierls_exp_a"":1.9097672308795155,""peierls_exp_n"":1.1372957159765065,""peierls_nu0_s"":1000000000000.0,""rho_source0_m2"":1.4102520844479966e+16,""taylor_H0_eV"":1.6986502355337143,""taylor_activation_entropy_kB"":38.45378890633583,""taylor_corr_rho_c_m2"":58780073970578.01,""taylor_corr_scale"":0.8638954413677038,""taylor_exp_a"":0.4561179580539465,""taylor_exp_n"":1.2506696581840515,""taylor_nu0_s"":100000000000.0}",DIRECTED_PEIERLS_BARRIER_ENTROPY_+0.10,v913_zeroD_sobol_0242980,0.0,0.0,0.2,2.0,0.0,3.0531133177191805e-16,0.5938876653503008,0.0,0.0,0.0,0.0,1.0,True,"{""TARGET_RIGHT_CENSORED"": 8}",481.33,4.011803912930191,0.0081468212408944,7.349638969637454,-0.0012099820682778,1.3227705595549195,1.2558047282509506,0.0184513317135146,2.0446315124630927,0.000941995373927,7.205215461552143,0.0013325903080403,0.0858719444833695,1.1423492641188204,0.0058420097608974,7.005225683795289,13.449220819398763,1.9097672308795155,1.1372957159765065,1000000000000.0,1.6986502355337143,38.45378890633583,0.4561179580539465,1.2506696581840515,100000000000.0,1.4102520844479966e+16,58780073970578.01,0.8638954413677038,2.687256144359708,False,7.662599658976698e-17,True,PARETO_NEAR_FRONT
oneD_v2_peak_R_d4938a86b3ae4caf,Peak,d4938a86b3ae4caf9c276af8c98041e63102d414b96241c406a3884f2cebf49c,"{""Tref_K"":481.33,""c_blunt"":2.687256144359708,""cleave_G00_eV"":4.011803912930191,""cleave_exp_a"":1.3227705595549195,""cleave_exp_n"":1.2558047282509506,""cleave_floor_frac"":0.0184513317135146,""cleave_gT_eV_per_K"":0.0081468212408944,""cleave_sT_GPa_per_K"":-0.0012099820682778,""cleave_sigc0_GPa"":7.349638969637454,""emit_G00_eV"":2.0446315124630927,""emit_exp_a"":0.07728475003503256,""emit_exp_n"":1.0281143377069384,""emit_floor_frac"":0.0058420097608974,""emit_gT_eV_per_K"":0.000941995373927,""emit_sT_GPa_per_K"":0.0011993312772362698,""emit_sigc0_GPa"":6.484693915396929,""peierls_H0_eV"":6.368386985268444,""peierls_activation_entropy_kB"":12.2265643812716,""peierls_exp_a"":1.9097672308795155,""peierls_exp_n"":1.1372957159765065,""peierls_nu0_s"":1000000000000.0,""rho_source0_m2"":1.4102520844479966e+16,""taylor_H0_eV"":1.6986502355337143,""taylor_activation_entropy_kB"":38.45378890633583,""taylor_corr_rho_c_m2"":58780073970578.01,""taylor_corr_scale"":0.8638954413677038,""taylor_exp_a"":0.4561179580539465,""taylor_exp_n"":1.2506696581840515,""taylor_nu0_s"":100000000000.0}",DIRECTED_EMISSION_STRESS_SHAPE_-0.10,v913_zeroD_sobol_0242980,0.0,0.0,0.2,2.0,0.0,0.00013490443196998174,0.5934866723698988,0.0,0.0,0.0,0.0,1.0,True,"{""TARGET_RIGHT_CENSORED"": 8}",481.33,4.011803912930191,0.0081468212408944,7.349638969637454,-0.0012099820682778,1.3227705595549195,1.2558047282509506,0.0184513317135146,2.0446315124630927,0.000941995373927,6.484693915396929,0.0011993312772362698,0.07728475003503256,1.0281143377069384,0.0058420097608974,6.368386985268444,12.2265643812716,1.9097672308795155,1.1372957159765065,1000000000000.0,1.6986502355337143,38.45378890633583,0.4561179580539465,1.2506696581840515,100000000000.0,1.4102520844479966e+16,58780073970578.01,0.8638954413677038,2.687256144359708,True,0.0,True,PARETO_NONDOMINATED
oneD_v2_peak_R_f5a3d9edd32bc6f7,Peak,f5a3d9edd32bc6f77bd79b7dbe791d4d25393a19435913bb836f0246fb6e8150,"{""Tref_K"":481.33,""c_blunt"":2.687256144359708,""cleave_G00_eV"":4.011803912930191,""cleave_exp_a"":1.3227705595549195,""cleave_exp_n"":1.2558047282509506,""cleave_floor_frac"":0.0184513317135146,""cleave_gT_eV_per_K"":0.0081468212408944,""cleave_sT_GPa_per_K"":-0.0012099820682778,""cleave_sigc0_GPa"":7.349638969637454,""emit_G00_eV"":2.0446315124630927,""emit_exp_a"":0.09445913893170646,""emit_exp_n"":1.2565841905307025,""emit_floor_frac"":0.0058420097608974,""emit_gT_eV_per_K"":0.000941995373927,""emit_sT_GPa_per_K"":0.00146584933884433,""emit_sigc0_GPa"":7.925737007707358,""peierls_H0_eV"":6.368386985268444,""peierls_activation_entropy_kB"":12.2265643812716,""peierls_exp_a"":1.9097672308795155,""peierls_exp_n"":1.1372957159765065,""peierls_nu0_s"":1000000000000.0,""rho_source0_m2"":1.4102520844479966e+16,""taylor_H0_eV"":1.6986502355337143,""taylor_activation_entropy_kB"":38.45378890633583,""taylor_corr_rho_c_m2"":58780073970578.01,""taylor_corr_scale"":0.8638954413677038,""taylor_exp_a"":0.4561179580539465,""taylor_exp_n"":1.2506696581840515,""taylor_nu0_s"":100000000000.0}",DIRECTED_EMISSION_STRESS_SHAPE_+0.10,v913_zeroD_sobol_0242980,0.0,0.0,0.2,2.0,0.0,0.00017067809789227928,0.5945577608981294,0.0,0.0,0.0,0.0,1.0,True,"{""TARGET_RIGHT_CENSORED"": 8}",481.33,4.011803912930191,0.0081468212408944,7.349638969637454,-0.0012099820682778,1.3227705595549195,1.2558047282509506,0.0184513317135146,2.0446315124630927,0.000941995373927,7.925737007707358,0.00146584933884433,0.09445913893170646,1.2565841905307025,0.0058420097608974,6.368386985268444,12.2265643812716,1.9097672308795155,1.1372957159765065,1000000000000.0,1.6986502355337143,38.45378890633583,0.4561179580539465,1.2506696581840515,100000000000.0,1.4102520844479966e+16,58780073970578.01,0.8638954413677038,2.687256144359708,False,0.0004563363039422259,True,PARETO_NEAR_FRONT
oneD_v2_peak_R_e535e711998b4821,Peak,e535e711998b48211d2c04a8303ecc64538f054f14d3b42903baeaafe8c5d6c8,"{""Tref_K"":481.33,""c_blunt"":2.687256144359708,""cleave_G00_eV"":4.011803912930191,""cleave_exp_a"":1.3227705595549195,""cleave_exp_n"":1.2558047282509506,""cleave_floor_frac"":0.0184513317135146,""cleave_gT_eV_per_K"":0.0081468212408944,""cleave_sT_GPa_per_K"":-0.0012099820682778,""cleave_sigc0_GPa"":7.349638969637454,""emit_G00_eV"":2.0446315124630927,""emit_exp_a"":0.06440395836252713,""emit_exp_n"":0.8567619480891153,""emit_floor_frac"":0.0058420097608974,""emit_gT_eV_per_K"":0.000941995373927,""emit_sT_GPa_per_K"":0.000999442731030225,""emit_sigc0_GPa"":5.403911596164107,""peierls_H0_eV"":6.368386985268444,""peierls_activation_entropy_kB"":12.2265643812716,""peierls_exp_a"":1.9097672308795155,""peierls_exp_n"":1.1372957159765065,""peierls_nu0_s"":1000000000000.0,""rho_source0_m2"":1.4102520844479966e+16,""taylor_H0_eV"":1.6986502355337143,""taylor_activation_entropy_kB"":38.45378890633583,""taylor_corr_rho_c_m2"":58780073970578.01,""taylor_corr_scale"":0.8638954413677038,""taylor_exp_a"":0.4561179580539465,""taylor_exp_n"":1.2506696581840515,""taylor_nu0_s"":100000000000.0}",DIRECTED_EMISSION_STRESS_SHAPE_-0.25,v913_zeroD_sobol_0242980,0.0,0.0,0.2,2.0,0.0,0.00021496250313048245,0.5936323486419861,0.0,0.0,0.0,0.0,1.0,True,"{""TARGET_RIGHT_CENSORED"": 8}",481.33,4.011803912930191,0.0081468212408944,7.349638969637454,-0.0012099820682778,1.3227705595549195,1.2558047282509506,0.0184513317135146,2.0446315124630927,0.000941995373927,5.403911596164107,0.000999442731030225,0.06440395836252713,0.8567619480891153,0.0058420097608974,6.368386985268444,12.2265643812716,1.9097672308795155,1.1372957159765065,1000000000000.0,1.6986502355337143,38.45378890633583,0.4561179580539465,1.2506696581840515,100000000000.0,1.4102520844479966e+16,58780073970578.01,0.8638954413677038,2.687256144359708,False,0.00010012020684378349,True,PARETO_NEAR_FRONT
oneD_v2_peak_R_8c416fcc3a5c5cb4,Peak,8c416fcc3a5c5cb4a2328826f775108cebd43981b1d84df13ea809d7c905c2ee,"{""Tref_K"":481.33,""c_blunt"":2.687256144359708,""cleave_G00_eV"":4.011803912930191,""cleave_exp_a"":1.3227705595549195,""cleave_exp_n"":1.2558047282509506,""cleave_floor_frac"":0.0184513317135146,""cleave_gT_eV_per_K"":0.0081468212408944,""cleave_sT_GPa_per_K"":-0.0012099820682778,""cleave_sigc0_GPa"":7.349638969637454,""emit_G00_eV"":2.0446315124630927,""emit_exp_a"":0.10733993060421188,""emit_exp_n"":1.4279365801485255,""emit_floor_frac"":0.0058420097608974,""emit_gT_eV_per_K"":0.000941995373927,""emit_sT_GPa_per_K"":0.0016657378850503748,""emit_sigc0_GPa"":9.006519326940179,""peierls_H0_eV"":6.368386985268444,""peierls_activation_entropy_kB"":12.2265643812716,""peierls_exp_a"":1.9097672308795155,""peierls_exp_n"":1.1372957159765065,""peierls_nu0_s"":1000000000000.0,""rho_source0_m2"":1.4102520844479966e+16,""taylor_H0_eV"":1.6986502355337143,""taylor_activation_entropy_kB"":38.45378890633583,""taylor_corr_rho_c_m2"":58780073970578.01,""taylor_corr_scale"":0.8638954413677038,""taylor_exp_a"":0.4561179580539465,""taylor_exp_n"":1.2506696581840515,""taylor_nu0_s"":100000000000.0}",DIRECTED_EMISSION_STRESS_SHAPE_+0.25,v913_zeroD_sobol_0242980,0.0,0.0,0.2,2.0,0.0,0.00044500125304816347,0.5957980032370981,0.0,0.0,0.0,0.0,1.0,True,"{""TARGET_RIGHT_CENSORED"": 8}",481.33,4.011803912930191,0.0081468212408944,7.349638969637454,-0.0012099820682778,1.3227705595549195,1.2558047282509506,0.0184513317135146,2.0446315124630927,0.000941995373927,9.006519326940179,0.0016657378850503748,0.10733993060421188,1.4279365801485255,0.0058420097608974,6.368386985268444,12.2265643812716,1.9097672308795155,1.1372957159765065,1000000000000.0,1.6986502355337143,38.45378890633583,0.4561179580539465,1.2506696581840515,100000000000.0,1.4102520844479966e+16,58780073970578.01,0.8638954413677038,2.687256144359708,False,0.0013004044000551403,True,PARETO_NEAR_FRONT
oneD_v2_peak_R_b8977b4c8e35a3c7,Peak,b8977b4c8e35a3c7caff92d508e7b0372b0bb048987dd8e8184af84304a32988,"{""Tref_K"":481.33,""c_blunt"":2.687256144359708,""cleave_G00_eV"":4.011803912930191,""cleave_exp_a"":1.3227705595549195,""cleave_exp_n"":1.2558047282509506,""cleave_floor_frac"":0.0184513317135146,""cleave_gT_eV_per_K"":0.0081468212408944,""cleave_sT_GPa_per_K"":-0.0012099820682778,""cleave_sigc0_GPa"":7.349638969637454,""emit_G00_eV"":2.0446315124630927,""emit_exp_a"":0.0858719444833695,""emit_exp_n"":1.1423492641188204,""emit_floor_frac"":0.0058420097608974,""emit_gT_eV_per_K"":0.000941995373927,""emit_sT_GPa_per_K"":0.0013325903080403,""emit_sigc0_GPa"":7.205215461552143,""peierls_H0_eV"":6.368386985268444,""peierls_activation_entropy_kB"":12.2265643812716,""peierls_exp_a"":1.9097672308795155,""peierls_exp_n"":1.1372957159765065,""peierls_nu0_s"":1000000000000.0,""rho_source0_m2"":1.5512772928927964e+16,""taylor_H0_eV"":1.6986502355337143,""taylor_activation_entropy_kB"":38.45378890633583,""taylor_corr_rho_c_m2"":64658081367635.81,""taylor_corr_scale"":0.9502849855044743,""taylor_exp_a"":0.4561179580539465,""taylor_exp_n"":1.2506696581840515,""taylor_nu0_s"":100000000000.0}",DIRECTED_SOURCE_CORRELATION_+0.10,v913_zeroD_sobol_0242980,0.0,0.0,0.2,2.0,0.0,0.004702883387213447,0.5900011841252539,0.0,0.0,0.0,0.0,1.0,True,"{""TARGET_RIGHT_CENSORED"": 8}",481.33,4.011803912930191,0.0081468212408944,7.349638969637454,-0.0012099820682778,1.3227705595549195,1.2558047282509506,0.0184513317135146,2.0446315124630927,0.000941995373927,7.205215461552143,0.0013325903080403,0.0858719444833695,1.1423492641188204,0.0058420097608974,6.368386985268444,12.2265643812716,1.9097672308795155,1.1372957159765065,1000000000000.0,1.6986502355337143,38.45378890633583,0.4561179580539465,1.2506696581840515,100000000000.0,1.5512772928927964e+16,64658081367635.81,0.9502849855044743,2.687256144359708,True,0.0,True,PARETO_NONDOMINATED
oneD_v2_peak_R_5b9028cd3bf9f3a9,Peak,5b9028cd3bf9f3a98573152381719231c730bc1aac4cd321cbd66469195f294c,"{""Tref_K"":481.33,""c_blunt"":2.687256144359708,""cleave_G00_eV"":4.011803912930191,""cleave_exp_a"":1.3227705595549195,""cleave_exp_n"":1.2558047282509506,""cleave_floor_frac"":0.0184513317135146,""cleave_gT_eV_per_K"":0.0081468212408944,""cleave_sT_GPa_per_K"":-0.0012099820682778,""cleave_sigc0_GPa"":7.349638969637454,""emit_G00_eV"":2.0446315124630927,""emit_exp_a"":0.0858719444833695,""emit_exp_n"":1.1423492641188204,""emit_floor_frac"":0.0058420097608974,""emit_gT_eV_per_K"":0.000941995373927,""emit_sT_GPa_per_K"":0.0013325903080403,""emit_sigc0_GPa"":7.205215461552143,""peierls_H0_eV"":6.368386985268444,""peierls_activation_entropy_kB"":12.2265643812716,""peierls_exp_a"":1.9097672308795155,""peierls_exp_n"":1.1372957159765065,""peierls_nu0_s"":1000000000000.0,""rho_source0_m2"":1.269226876003197e+16,""taylor_H0_eV"":1.6986502355337143,""taylor_activation_entropy_kB"":38.45378890633583,""taylor_corr_rho_c_m2"":52902066573520.21,""taylor_corr_scale"":0.7775058972309334,""taylor_exp_a"":0.4561179580539465,""taylor_exp_n"":1.2506696581840515,""taylor_nu0_s"":100000000000.0}",DIRECTED_SOURCE_CORRELATION_-0.10,v913_zeroD_sobol_0242980,0.0,0.0,0.2,2.0,0.0,0.005346834925905432,0.5982377935748167,0.0,0.0,0.0,0.0,1.0,True,"{""TARGET_RIGHT_CENSORED"": 8}",481.33,4.011803912930191,0.0081468212408944,7.349638969637454,-0.0012099820682778,1.3227705595549195,1.2558047282509506,0.0184513317135146,2.0446315124630927,0.000941995373927,7.205215461552143,0.0013325903080403,0.0858719444833695,1.1423492641188204,0.0058420097608974,6.368386985268444,12.2265643812716,1.9097672308795155,1.1372957159765065,1000000000000.0,1.6986502355337143,38.45378890633583,0.4561179580539465,1.2506696581840515,100000000000.0,1.269226876003197e+16,52902066573520.21,0.7775058972309334,2.687256144359708,False,0.0031252222423871034,True,PARETO_NEAR_FRONT
oneD_v2_peak_R_d9e5bf061c50e636,Peak,d9e5bf061c50e636f6306340a544834dfe101611e16dd83b1b48547da491bae4,"{""Tref_K"":481.33,""c_blunt"":2.687256144359708,""cleave_G00_eV"":4.011803912930191,""cleave_exp_a"":1.3227705595549195,""cleave_exp_n"":1.2558047282509506,""cleave_floor_frac"":0.0184513317135146,""cleave_gT_eV_per_K"":0.0081468212408944,""cleave_sT_GPa_per_K"":-0.0012099820682778,""cleave_sigc0_GPa"":7.349638969637454,""emit_G00_eV"":2.0446315124630927,""emit_exp_a"":0.0858719444833695,""emit_exp_n"":1.1423492641188204,""emit_floor_frac"":0.0058420097608974,""emit_gT_eV_per_K"":0.000941995373927,""emit_sT_GPa_per_K"":0.0013325903080403,""emit_sigc0_GPa"":7.205215461552143,""peierls_H0_eV"":6.368386985268444,""peierls_activation_entropy_kB"":12.2265643812716,""peierls_exp_a"":1.9097672308795155,""peierls_exp_n"":1.1372957159765065,""peierls_nu0_s"":1000000000000.0,""rho_source0_m2"":1.7628151055599958e+16,""taylor_H0_eV"":1.6986502355337143,""taylor_activation_entropy_kB"":38.45378890633583,""taylor_corr_rho_c_m2"":73475092463222.52,""taylor_corr_scale"":1.0798693017096297,""taylor_exp_a"":0.4561179580539465,""taylor_exp_n"":1.2506696581840515,""taylor_nu0_s"":100000000000.0}",DIRECTED_SOURCE_CORRELATION_+0.25,v913_zeroD_sobol_0242980,0.0,0.0,0.2,2.0,0.0,0.010805875569581552,0.5848374503530105,0.0,0.0,0.0,0.0,1.0,True,"{""TARGET_RIGHT_CENSORED"": 8}",481.33,4.011803912930191,0.0081468212408944,7.349638969637454,-0.0012099820682778,1.3227705595549195,1.2558047282509506,0.0184513317135146,2.0446315124630927,0.000941995373927,7.205215461552143,0.0013325903080403,0.0858719444833695,1.1423492641188204,0.0058420097608974,6.368386985268444,12.2265643812716,1.9097672308795155,1.1372957159765065,1000000000000.0,1.6986502355337143,38.45378890633583,0.4561179580539465,1.2506696581840515,100000000000.0,1.7628151055599958e+16,73475092463222.52,1.0798693017096297,2.687256144359708,True,0.0,True,PARETO_NONDOMINATED
oneD_v2_peak_R_3858a925c9b98fa4,Peak,3858a925c9b98fa4904b132f4b05fa95bfad112893e9d5f8eee4ff093edd6542,"{""Tref_K"":481.33,""c_blunt"":2.687256144359708,""cleave_G00_eV"":4.011803912930191,""cleave_exp_a"":1.3227705595549195,""cleave_exp_n"":1.2558047282509506,""cleave_floor_frac"":0.0184513317135146,""cleave_gT_eV_per_K"":0.0081468212408944,""cleave_sT_GPa_per_K"":-0.0012099820682778,""cleave_sigc0_GPa"":7.349638969637454,""emit_G00_eV"":2.0446315124630927,""emit_exp_a"":0.0858719444833695,""emit_exp_n"":1.1423492641188204,""emit_floor_frac"":0.0058420097608974,""emit_gT_eV_per_K"":0.000941995373927,""emit_sT_GPa_per_K"":0.0013325903080403,""emit_sigc0_GPa"":7.205215461552143,""peierls_H0_eV"":6.368386985268444,""peierls_activation_entropy_kB"":12.2265643812716,""peierls_exp_a"":1.9097672308795155,""peierls_exp_n"":1.1372957159765065,""peierls_nu0_s"":1000000000000.0,""rho_source0_m2"":1.0576890633359974e+16,""taylor_H0_eV"":1.6986502355337143,""taylor_activation_entropy_kB"":38.45378890633583,""taylor_corr_rho_c_m2"":44085055477933.51,""taylor_corr_scale"":0.6479215810257779,""taylor_exp_a"":0.4561179580539465,""taylor_exp_n"":1.2506696581840515,""taylor_nu0_s"":100000000000.0}",DIRECTED_SOURCE_CORRELATION_-0.25,v913_zeroD_sobol_0242980,0.0,0.0,0.2,2.0,0.0,0.014958124347185657,0.6058549705198326,0.0,0.0,0.0,0.0,1.0,True,"{""TARGET_RIGHT_CENSORED"": 8}",481.33,4.011803912930191,0.0081468212408944,7.349638969637454,-0.0012099820682778,1.3227705595549195,1.2558047282509506,0.0184513317135146,2.0446315124630927,0.000941995373927,7.205215461552143,0.0013325903080403,0.0858719444833695,1.1423492641188204,0.0058420097608974,6.368386985268444,12.2265643812716,1.9097672308795155,1.1372957159765065,1000000000000.0,1.6986502355337143,38.45378890633583,0.4561179580539465,1.2506696581840515,100000000000.0,1.0576890633359974e+16,44085055477933.51,0.6479215810257779,2.687256144359708,False,0.00861309606093886,True,PARETO_NEAR_FRONT
oneD_v2_peak_R_237b476cb5747503,Peak,237b476cb57475031c38215cc589f100acf014a5cf7d2126a810f1009b427a04,"{""Tref_K"":481.33,""c_blunt"":2.687256144359708,""cleave_G00_eV"":4.011803912930191,""cleave_exp_a"":1.3227705595549195,""cleave_exp_n"":1.2558047282509506,""cleave_floor_frac"":0.0184513317135146,""cleave_gT_eV_per_K"":0.0081468212408944,""cleave_sT_GPa_per_K"":-0.0012099820682778,""cleave_sigc0_GPa"":7.349638969637454,""emit_G00_eV"":1.8401683612167834,""emit_exp_a"":0.0858719444833695,""emit_exp_n"":1.1423492641188204,""emit_floor_frac"":0.0058420097608974,""emit_gT_eV_per_K"":0.0008477958365343,""emit_sT_GPa_per_K"":0.0013325903080403,""emit_sigc0_GPa"":7.205215461552143,""peierls_H0_eV"":6.368386985268444,""peierls_activation_entropy_kB"":12.2265643812716,""peierls_exp_a"":1.9097672308795155,""peierls_exp_n"":1.1372957159765065,""peierls_nu0_s"":1000000000000.0,""rho_source0_m2"":1.4102520844479966e+16,""taylor_H0_eV"":1.6986502355337143,""taylor_activation_entropy_kB"":38.45378890633583,""taylor_corr_rho_c_m2"":58780073970578.01,""taylor_corr_scale"":0.8638954413677038,""taylor_exp_a"":0.4561179580539465,""taylor_exp_n"":1.2506696581840515,""taylor_nu0_s"":100000000000.0}",DIRECTED_EMISSION_BARRIER_-0.10,v913_zeroD_sobol_0242980,0.0,0.0,0.2,2.0,0.0,0.024987852941060852,0.4894080545494995,0.0,0.0,0.0,0.0,1.0,True,"{""TARGET_RIGHT_CENSORED"": 8}",481.33,4.011803912930191,0.0081468212408944,7.349638969637454,-0.0012099820682778,1.3227705595549195,1.2558047282509506,0.0184513317135146,1.8401683612167834,0.0008477958365343,7.205215461552143,0.0013325903080403,0.0858719444833695,1.1423492641188204,0.0058420097608974,6.368386985268444,12.2265643812716,1.9097672308795155,1.1372957159765065,1000000000000.0,1.6986502355337143,38.45378890633583,0.4561179580539465,1.2506696581840515,100000000000.0,1.4102520844479966e+16,58780073970578.01,0.8638954413677038,2.687256144359708,True,0.0,True,PARETO_NONDOMINATED
oneD_v2_peak_R_c01cac6db3012fec,Peak,c01cac6db3012fec7df311b132082af737aad41d2f52b6f602f148e0cc852a6f,"{""Tref_K"":481.33,""c_blunt"":2.687256144359708,""cleave_G00_eV"":4.011803912930191,""cleave_exp_a"":1.4550476155104115,""cleave_exp_n"":1.3813852010760457,""cleave_floor_frac"":0.0184513317135146,""cleave_gT_eV_per_K"":0.0081468212408944,""cleave_sT_GPa_per_K"":-0.00133098027510558,""cleave_sigc0_GPa"":8.0846028666012,""emit_G00_eV"":2.0446315124630927,""emit_exp_a"":0.0858719444833695,""emit_exp_n"":1.1423492641188204,""emit_floor_frac"":0.0058420097608974,""emit_gT_eV_per_K"":0.000941995373927,""emit_sT_GPa_per_K"":0.0013325903080403,""emit_sigc0_GPa"":7.205215461552143,""peierls_H0_eV"":6.368386985268444,""peierls_activation_entropy_kB"":12.2265643812716,""peierls_exp_a"":1.9097672308795155,""peierls_exp_n"":1.1372957159765065,""peierls_nu0_s"":1000000000000.0,""rho_source0_m2"":1.4102520844479966e+16,""taylor_H0_eV"":1.6986502355337143,""taylor_activation_entropy_kB"":38.45378890633583,""taylor_corr_rho_c_m2"":58780073970578.01,""taylor_corr_scale"":0.8638954413677038,""taylor_exp_a"":0.4561179580539465,""taylor_exp_n"":1.2506696581840515,""taylor_nu0_s"":100000000000.0}",DIRECTED_CLEAVAGE_STRESS_SHAPE_+0.10,v913_zeroD_sobol_0242980,0.0,0.0,0.2,2.0,0.0,0.02590937957130344,0.6180459993165175,0.0,0.0,0.0,0.0,1.0,True,"{""TARGET_RIGHT_CENSORED"": 8}",481.33,4.011803912930191,0.0081468212408944,8.0846028666012,-0.00133098027510558,1.4550476155104115,1.3813852010760457,0.0184513317135146,2.0446315124630927,0.000941995373927,7.205215461552143,0.0013325903080403,0.0858719444833695,1.1423492641188204,0.0058420097608974,6.368386985268444,12.2265643812716,1.9097672308795155,1.1372957159765065,1000000000000.0,1.6986502355337143,38.45378890633583,0.4561179580539465,1.2506696581840515,100000000000.0,1.4102520844479966e+16,58780073970578.01,0.8638954413677038,2.687256144359708,False,0.017134907577250506,True,PARETO_NEAR_FRONT
oneD_v2_peak_R_cc8f0a5af84b06c1,Peak,cc8f0a5af84b06c1129ef5e6abbcebfb3482eeecdb74a13533d76036ae447196,"{""Tref_K"":481.33,""c_blunt"":2.60327280933797,""cleave_G00_eV"":3.801339552462762,""cleave_exp_a"":1.240236810528614,""cleave_exp_n"":1.248528993414324,""cleave_floor_frac"":0.0184513317135146,""cleave_gT_eV_per_K"":0.007560929230297825,""cleave_sT_GPa_per_K"":-0.00111514818202695,""cleave_sigc0_GPa"":7.153323943474945,""emit_G00_eV"":2.2999653822758934,""emit_exp_a"":0.127879878432964,""emit_exp_n"":0.9871750468055944,""emit_floor_frac"":0.0058420097608974,""emit_gT_eV_per_K"":0.00035604676161890005,""emit_sT_GPa_per_K"":0.00145798389799885,""emit_sigc0_GPa"":7.358283411442091,""peierls_H0_eV"":6.259811881830479,""peierls_activation_entropy_kB"":12.04026392661035,""peierls_exp_a"":1.9097672308795155,""peierls_exp_n"":1.1372957159765065,""peierls_nu0_s"":1000000000000.0,""rho_source0_m2"":1.7301851422561686e+16,""taylor_H0_eV"":1.6146406739496408,""taylor_activation_entropy_kB"":33.89081157743931,""taylor_corr_rho_c_m2"":543382219354953.06,""taylor_corr_scale"":1.0509276387312556,""taylor_exp_a"":0.4561179580539465,""taylor_exp_n"":1.2506696581840515,""taylor_nu0_s"":100000000000.0}",ARCHIVED_MORPH_0.25,v913_zeroD_sobol_0242980|v913_zeroD_sobol_0134035,0.0,0.0,0.2,2.0,0.0,0.03137554883154349,0.5759040507337692,0.0,0.0,0.0,0.0,1.0,True,"{""TARGET_RIGHT_CENSORED"": 8}",481.33,3.801339552462762,0.007560929230297825,7.153323943474945,-0.00111514818202695,1.240236810528614,1.248528993414324,0.0184513317135146,2.2999653822758934,0.00035604676161890005,7.358283411442091,0.00145798389799885,0.127879878432964,0.9871750468055944,0.0058420097608974,6.259811881830479,12.04026392661035,1.9097672308795155,1.1372957159765065,1000000000000.0,1.6146406739496408,33.89081157743931,0.4561179580539465,1.2506696581840515,100000000000.0,1.7301851422561686e+16,543382219354953.06,1.0509276387312556,2.60327280933797,False,0.007221305331289115,True,PARETO_NEAR_FRONT
oneD_v2_peak_R_68520aa7b100763e,Peak,68520aa7b100763e8df0fb270294ae3ad67cb8d2285b912a31d386353f308633,"{""Tref_K"":481.33,""c_blunt"":2.9559817587956787,""cleave_G00_eV"":4.011803912930191,""cleave_exp_a"":1.3227705595549195,""cleave_exp_n"":1.2558047282509506,""cleave_floor_frac"":0.0184513317135146,""cleave_gT_eV_per_K"":0.0081468212408944,""cleave_sT_GPa_per_K"":-0.0012099820682778,""cleave_sigc0_GPa"":7.349638969637454,""emit_G00_eV"":2.0446315124630927,""emit_exp_a"":0.0858719444833695,""emit_exp_n"":1.1423492641188204,""emit_floor_frac"":0.0058420097608974,""emit_gT_eV_per_K"":0.000941995373927,""emit_sT_GPa_per_K"":0.0013325903080403,""emit_sigc0_GPa"":7.205215461552143,""peierls_H0_eV"":6.368386985268444,""peierls_activation_entropy_kB"":12.2265643812716,""peierls_exp_a"":1.9097672308795155,""peierls_exp_n"":1.1372957159765065,""peierls_nu0_s"":1000000000000.0,""rho_source0_m2"":1.4102520844479966e+16,""taylor_H0_eV"":1.6986502355337143,""taylor_activation_entropy_kB"":38.45378890633583,""taylor_corr_rho_c_m2"":58780073970578.01,""taylor_corr_scale"":0.8638954413677038,""taylor_exp_a"":0.4561179580539465,""taylor_exp_n"":1.2506696581840515,""taylor_nu0_s"":100000000000.0}",DIRECTED_BLUNTING_+0.10,v913_zeroD_sobol_0242980,0.0,0.0,0.2,2.0,0.0,0.058080662072524436,0.6201053060208501,0.0,0.0,0.0,0.0,1.0,True,"{""TARGET_RIGHT_CENSORED"": 8}",481.33,4.011803912930191,0.0081468212408944,7.349638969637454,-0.0012099820682778,1.3227705595549195,1.2558047282509506,0.0184513317135146,2.0446315124630927,0.000941995373927,7.205215461552143,0.0013325903080403,0.0858719444833695,1.1423492641188204,0.0058420097608974,6.368386985268444,12.2265643812716,1.9097672308795155,1.1372957159765065,1000000000000.0,1.6986502355337143,38.45378890633583,0.4561179580539465,1.2506696581840515,100000000000.0,1.4102520844479966e+16,58780073970578.01,0.8638954413677038,2.9559817587956787,False,0.020960264574985253,True,PARETO_NEAR_FRONT
oneD_v2_peak_R_775ab7533d7654d9,Peak,775ab7533d7654d9d5a1ce1a61ef0d292a10b34d2ece8309c05a839d6b19f9a8,"{""Tref_K"":481.33,""c_blunt"":2.687256144359708,""cleave_G00_eV"":4.011803912930191,""cleave_exp_a"":1.1904935035994275,""cleave_exp_n"":1.1302242554258555,""cleave_floor_frac"":0.0184513317135146,""cleave_gT_eV_per_K"":0.0081468212408944,""cleave_sT_GPa_per_K"":-0.00108898386145002,""cleave_sigc0_GPa"":6.614675072673708,""emit_G00_eV"":2.0446315124630927,""emit_exp_a"":0.0858719444833695,""emit_exp_n"":1.1423492641188204,""emit_floor_frac"":0.0058420097608974,""emit_gT_eV_per_K"":0.000941995373927,""emit_sT_GPa_per_K"":0.0013325903080403,""emit_sigc0_GPa"":7.205215461552143,""peierls_H0_eV"":6.368386985268444,""peierls_activation_entropy_kB"":12.2265643812716,""peierls_exp_a"":1.9097672308795155,""peierls_exp_n"":1.1372957159765065,""peierls_nu0_s"":1000000000000.0,""rho_source0_m2"":1.4102520844479966e+16,""taylor_H0_eV"":1.6986502355337143,""taylor_activation_entropy_kB"":38.45378890633583,""taylor_corr_rho_c_m2"":58780073970578.01,""taylor_corr_scale"":0.8638954413677038,""taylor_exp_a"":0.4561179580539465,""taylor_exp_n"":1.2506696581840515,""taylor_nu0_s"":100000000000.0}",DIRECTED_CLEAVAGE_STRESS_SHAPE_-0.10,v913_zeroD_sobol_0242980,0.0,0.0,0.2,2.0,0.0,0.05944353071091923,0.5713087627039591,0.0,0.0,0.0,0.0,1.0,True,"{""TARGET_RIGHT_CENSORED"": 8}",481.33,4.011803912930191,0.0081468212408944,6.614675072673708,-0.00108898386145002,1.1904935035994275,1.1302242554258555,0.0184513317135146,2.0446315124630927,0.000941995373927,7.205215461552143,0.0013325903080403,0.0858719444833695,1.1423492641188204,0.0058420097608974,6.368386985268444,12.2265643812716,1.9097672308795155,1.1372957159765065,1000000000000.0,1.6986502355337143,38.45378890633583,0.4561179580539465,1.2506696581840515,100000000000.0,1.4102520844479966e+16,58780073970578.01,0.8638954413677038,2.687256144359708,False,0.013043241590409697,True,PARETO_NEAR_FRONT
oneD_v2_peak_R_137f845f26e6b9e6,Peak,137f845f26e6b9e67815f5d723c939507e197b35759d38d553fae7ec47eaf8d1,"{""Tref_K"":481.33,""c_blunt"":2.418530529923737,""cleave_G00_eV"":4.011803912930191,""cleave_exp_a"":1.3227705595549195,""cleave_exp_n"":1.2558047282509506,""cleave_floor_frac"":0.0184513317135146,""cleave_gT_eV_per_K"":0.0081468212408944,""cleave_sT_GPa_per_K"":-0.0012099820682778,""cleave_sigc0_GPa"":7.349638969637454,""emit_G00_eV"":2.0446315124630927,""emit_exp_a"":0.0858719444833695,""emit_exp_n"":1.1423492641188204,""emit_floor_frac"":0.0058420097608974,""emit_gT_eV_per_K"":0.000941995373927,""emit_sT_GPa_per_K"":0.0013325903080403,""emit_sigc0_GPa"":7.205215461552143,""peierls_H0_eV"":6.368386985268444,""peierls_activation_entropy_kB"":12.2265643812716,""peierls_exp_a"":1.9097672308795155,""peierls_exp_n"":1.1372957159765065,""peierls_nu0_s"":1000000000000.0,""rho_source0_m2"":1.4102520844479966e+16,""taylor_H0_eV"":1.6986502355337143,""taylor_activation_entropy_kB"":38.45378890633583,""taylor_corr_rho_c_m2"":58780073970578.01,""taylor_corr_scale"":0.8638954413677038,""taylor_exp_a"":0.4561179580539465,""taylor_exp_n"":1.2506696581840515,""taylor_nu0_s"":100000000000.0}",DIRECTED_BLUNTING_-0.10,v913_zeroD_sobol_0242980,0.0,0.0,0.2,2.0,0.0,0.06459630424562074,0.5686524009309833,0.0,0.0,0.0,0.0,1.0,True,"{""TARGET_RIGHT_CENSORED"": 8}",481.33,4.011803912930191,0.0081468212408944,7.349638969637454,-0.0012099820682778,1.3227705595549195,1.2558047282509506,0.0184513317135146,2.0446315124630927,0.000941995373927,7.205215461552143,0.0013325903080403,0.0858719444833695,1.1423492641188204,0.0058420097608974,6.368386985268444,12.2265643812716,1.9097672308795155,1.1372957159765065,1000000000000.0,1.6986502355337143,38.45378890633583,0.4561179580539465,1.2506696581840515,100000000000.0,1.4102520844479966e+16,58780073970578.01,0.8638954413677038,2.418530529923737,False,0.015022006217263151,True,PARETO_NEAR_FRONT
oneD_v2_peak_R_8a90928b4ebe4d90,Peak,8a90928b4ebe4d90e343a385e2da28c2a898c9d3fcceeb1edd78549249fb732a,"{""Tref_K"":481.33,""c_blunt"":2.521914159192729,""cleave_G00_eV"":3.601916421324663,""cleave_exp_a"":1.1628527223252927,""cleave_exp_n"":1.241295411880852,""cleave_floor_frac"":0.0184513317135146,""cleave_gT_eV_per_K"":0.00697503721970125,""cleave_sT_GPa_per_K"":-0.0010203142957761,""cleave_sigc0_GPa"":6.962252656447975,""emit_G00_eV"":2.587185381533623,""emit_exp_a"":0.19043778973931028,""emit_exp_n"":0.8530793546642179,""emit_floor_frac"":0.0058420097608974,""emit_gT_eV_per_K"":-0.00022990185068919998,""emit_sT_GPa_per_K"":0.0015833774879574,""emit_sigc0_GPa"":7.514603144350678,""peierls_H0_eV"":6.153087883407622,""peierls_activation_entropy_kB"":11.8539634719491,""peierls_exp_a"":1.9097672308795155,""peierls_exp_n"":1.1372957159765065,""peierls_nu0_s"":1000000000000.0,""rho_source0_m2"":2.1226989553826724e+16,""taylor_H0_eV"":1.5347859444139262,""taylor_activation_entropy_kB"":29.327834248542786,""taylor_corr_rho_c_m2"":5023202870736538.0,""taylor_corr_scale"":1.278452054453151,""taylor_exp_a"":0.4561179580539465,""taylor_exp_n"":1.2506696581840515,""taylor_nu0_s"":100000000000.0}",ARCHIVED_MORPH_0.50,v913_zeroD_sobol_0242980|v913_zeroD_sobol_0134035,0.0,0.0,0.2,2.0,0.0,0.06666742246860659,0.5502996456065771,0.0,0.0,0.0,0.0,1.0,True,"{""TARGET_RIGHT_CENSORED"": 8}",481.33,3.601916421324663,0.00697503721970125,6.962252656447975,-0.0010203142957761,1.1628527223252927,1.241295411880852,0.0184513317135146,2.587185381533623,-0.00022990185068919998,7.514603144350678,0.0015833774879574,0.19043778973931028,0.8530793546642179,0.0058420097608974,6.153087883407622,11.8539634719491,1.9097672308795155,1.1372957159765065,1000000000000.0,1.5347859444139262,29.327834248542786,0.4561179580539465,1.2506696581840515,100000000000.0,2.1226989553826724e+16,5023202870736538.0,1.278452054453151,2.521914159192729,False,0.025756897009395558,True,PARETO_NEAR_FRONT
oneD_v2_peak_R_1a6b8a1826c3f0e9,Peak,1a6b8a1826c3f0e90197a8850229956665d7b696279fa0577ec178db618ea0a5,"{""Tref_K"":481.33,""c_blunt"":2.687256144359708,""cleave_G00_eV"":4.011803912930191,""cleave_exp_a"":1.6534631994436495,""cleave_exp_n"":1.5697559103136882,""cleave_floor_frac"":0.0184513317135146,""cleave_gT_eV_per_K"":0.0081468212408944,""cleave_sT_GPa_per_K"":-0.00151247758534725,""cleave_sigc0_GPa"":9.187048712046817,""emit_G00_eV"":2.0446315124630927,""emit_exp_a"":0.0858719444833695,""emit_exp_n"":1.1423492641188204,""emit_floor_frac"":0.0058420097608974,""emit_gT_eV_per_K"":0.000941995373927,""emit_sT_GPa_per_K"":0.0013325903080403,""emit_sigc0_GPa"":7.205215461552143,""peierls_H0_eV"":6.368386985268444,""peierls_activation_entropy_kB"":12.2265643812716,""peierls_exp_a"":1.9097672308795155,""peierls_exp_n"":1.1372957159765065,""peierls_nu0_s"":1000000000000.0,""rho_source0_m2"":1.4102520844479966e+16,""taylor_H0_eV"":1.6986502355337143,""taylor_activation_entropy_kB"":38.45378890633583,""taylor_corr_rho_c_m2"":58780073970578.01,""taylor_corr_scale"":0.8638954413677038,""taylor_exp_a"":0.4561179580539465,""taylor_exp_n"":1.2506696581840515,""taylor_nu0_s"":100000000000.0}",DIRECTED_CLEAVAGE_STRESS_SHAPE_+0.25,v913_zeroD_sobol_0242980,0.0,0.0,0.2,2.0,0.0,0.07418036583416698,0.6594264085486958,0.0,0.0,0.0,0.0,1.0,True,"{""TARGET_RIGHT_CENSORED"": 8}",481.33,4.011803912930191,0.0081468212408944,9.187048712046817,-0.00151247758534725,1.6534631994436495,1.5697559103136882,0.0184513317135146,2.0446315124630927,0.000941995373927,7.205215461552143,0.0013325903080403,0.0858719444833695,1.1423492641188204,0.0058420097608974,6.368386985268444,12.2265643812716,1.9097672308795155,1.1372957159765065,1000000000000.0,1.6986502355337143,38.45378890633583,0.4561179580539465,1.2506696581840515,100000000000.0,1.4102520844479966e+16,58780073970578.01,0.8638954413677038,2.687256144359708,False,0.04670348761528155,True,PARETO_NEAR_FRONT
oneD_v2_peak_R_78c69361ffaa65e6,Peak,78c69361ffaa65e6f7286cf62b41add8251b7c6cd9ae0f5449474c04116854f8,"{""Tref_K"":481.33,""c_blunt"":2.633315226913348,""cleave_G00_eV"":4.102879398053113,""cleave_exp_a"":1.045584113070965,""cleave_exp_n"":1.3129577273874475,""cleave_floor_frac"":0.0184513317135146,""cleave_gT_eV_per_K"":0.007512462176848125,""cleave_sT_GPa_per_K"":-0.0013711199953685498,""cleave_sigc0_GPa"":6.712147443723126,""emit_G00_eV"":2.3984522404056223,""emit_exp_a"":0.10268069481205051,""emit_exp_n"":1.0368917192706084,""emit_floor_frac"":0.0058420097608974,""emit_gT_eV_per_K"":0.00034741391381245006,""emit_sT_GPa_per_K"":-0.0007302901577205,""emit_sigc0_GPa"":6.452342904651717,""peierls_H0_eV"":3.967843478516065,""peierls_activation_entropy_kB"":12.864719545468688,""peierls_exp_a"":1.9097672308795155,""peierls_exp_n"":1.1372957159765065,""peierls_nu0_s"":1000000000000.0,""rho_source0_m2"":1.4693959395883194e+16,""taylor_H0_eV"":0.8892633981840291,""taylor_activation_entropy_kB"":33.67230107076466,""taylor_corr_rho_c_m2"":324370848797478.3,""taylor_corr_scale"":1.4003228967660761,""taylor_exp_a"":0.4561179580539465,""taylor_exp_n"":1.2506696581840515,""taylor_nu0_s"":100000000000.0}",ARCHIVED_MORPH_0.25,v913_zeroD_sobol_0242980|v913_zeroD_sobol_0060219,0.0,0.0,0.2,2.0,0.0,0.1089685981134543,0.6323896182126858,0.0,0.0,0.0,0.0,1.0,True,"{""TARGET_RIGHT_CENSORED"": 8}",481.33,4.102879398053113,0.007512462176848125,6.712147443723126,-0.0013711199953685498,1.045584113070965,1.3129577273874475,0.0184513317135146,2.3984522404056223,0.00034741391381245006,6.452342904651717,-0.0007302901577205,0.10268069481205051,1.0368917192706084,0.0058420097608974,3.967843478516065,12.864719545468688,1.9097672308795155,1.1372957159765065,1000000000000.0,0.8892633981840291,33.67230107076466,0.4561179580539465,1.2506696581840515,100000000000.0,1.4693959395883194e+16,324370848797478.3,1.4003228967660761,2.633315226913348,False,0.033377332443982236,True,PARETO_NEAR_FRONT
oneD_v2_peak_R_956139240ee61f2e,Peak,956139240ee61f2e22301bc9fc869a9eeded13af1af6bdbf4def6537a33ec8be,"{""Tref_K"":481.33,""c_blunt"":4.104117979403889,""cleave_G00_eV"":6.3983659441008,""cleave_exp_a"":1.1979563494641352,""cleave_exp_n"":1.2134221138537866,""cleave_floor_frac"":0.0184513317135146,""cleave_gT_eV_per_K"":0.004053193849059654,""cleave_sT_GPa_per_K"":-0.0003493975344193977,""cleave_sigc0_GPa"":5.906875607390175,""emit_G00_eV"":2.1469120536414525,""emit_exp_a"":0.13825109768972588,""emit_exp_n"":1.1181832377206036,""emit_floor_frac"":0.0058420097608974,""emit_gT_eV_per_K"":-0.00025901360438336,""emit_sT_GPa_per_K"":0.0014237378904961434,""emit_sigc0_GPa"":12.587418934342812,""peierls_H0_eV"":5.02984736386048,""peierls_activation_entropy_kB"":14.414816806623204,""peierls_exp_a"":1.9097672308795155,""peierls_exp_n"":1.1372957159765065,""peierls_nu0_s"":1000000000000.0,""rho_source0_m2"":1.819554182834154e+16,""taylor_H0_eV"":2.8039815100855647,""taylor_activation_entropy_kB"":56.67659467328702,""taylor_corr_rho_c_m2"":123024699975031.45,""taylor_corr_scale"":0.6725409029483844,""taylor_exp_a"":0.4561179580539465,""taylor_exp_n"":1.2506696581840515,""taylor_nu0_s"":100000000000.0}",SOBOL_LOCAL_MATERIAL,v913_zeroD_sobol_0242980,0.0,0.0,0.2,2.0,0.0,0.1236061380920954,0.5626920293929741,0.0,0.0,0.0,0.0,1.0,True,"{""TARGET_RIGHT_CENSORED"": 8}",481.33,6.3983659441008,0.004053193849059654,5.906875607390175,-0.0003493975344193977,1.1979563494641352,1.2134221138537866,0.0184513317135146,2.1469120536414525,-0.00025901360438336,12.587418934342812,0.0014237378904961434,0.13825109768972588,1.1181832377206036,0.0058420097608974,5.02984736386048,14.414816806623204,1.9097672308795155,1.1372957159765065,1000000000000.0,2.8039815100855647,56.67659467328702,0.4561179580539465,1.2506696581840515,100000000000.0,1.819554182834154e+16,123024699975031.45,0.6725409029483844,4.104117979403889,False,0.02621274100905509,True,PARETO_NEAR_FRONT
oneD_v2_peak_R_ff1fc157ffed15ec,Peak,ff1fc157ffed15ec1232ba1273639a1d7d56b6b32470bc44fe72291fbcf85a04,"{""Tref_K"":481.33,""c_blunt"":2.2786196575830293,""cleave_G00_eV"":3.2937772727718806,""cleave_exp_a"":1.0218841774685437,""cleave_exp_n"":1.4326772852671383,""cleave_floor_frac"":0.0184513317135146,""cleave_gT_eV_per_K"":0.007583887252723725,""cleave_sT_GPa_per_K"":-0.001609170628478675,""cleave_sigc0_GPa"":7.372190144718909,""emit_G00_eV"":2.3151977371432437,""emit_exp_a"":0.13006570263306824,""emit_exp_n"":1.2623625494788973,""emit_floor_frac"":0.0058420097608974,""emit_gT_eV_per_K"":0.00016412370302712508,""emit_sT_GPa_per_K"":0.0005612193606793501,""emit_sigc0_GPa"":7.505143080021906,""peierls_H0_eV"":4.267840024434813,""peierls_activation_entropy_kB"":8.62804891075939,""peierls_exp_a"":1.9097672308795155,""peierls_exp_n"":1.1372957159765065,""peierls_nu0_s"":1000000000000.0,""rho_source0_m2"":5342337942025201.0,""taylor_H0_eV"":1.7324298459613583,""taylor_activation_entropy_kB"":35.83141466602683,""taylor_corr_rho_c_m2"":46985899410254.16,""taylor_corr_scale"":0.6591133121244616,""taylor_exp_a"":0.4561179580539465,""taylor_exp_n"":1.2506696581840515,""taylor_nu0_s"":100000000000.0}",ARCHIVED_MORPH_0.25,v913_zeroD_sobol_0242980|v913_zeroD_sobol_0080699,0.0,0.0,0.2,2.0,0.0,0.1344072880982679,0.6323573064944732,0.0,0.0,0.0,0.0,1.0,True,"{""TARGET_RIGHT_CENSORED"": 8}",481.33,3.2937772727718806,0.007583887252723725,7.372190144718909,-0.001609170628478675,1.0218841774685437,1.4326772852671383,0.0184513317135146,2.3151977371432437,0.00016412370302712508,7.505143080021906,0.0005612193606793501,0.13006570263306824,1.2623625494788973,0.0058420097608974,4.267840024434813,8.62804891075939,1.9097672308795155,1.1372957159765065,1000000000000.0,1.7324298459613583,35.83141466602683,0.4561179580539465,1.2506696581840515,100000000000.0,5342337942025201.0,46985899410254.16,0.6591133121244616,2.2786196575830293,False,0.03656670701468775,True,PARETO_NEAR_FRONT
oneD_v2_peak_R_c8fc7b1a8638fd23,Peak,c8fc7b1a8638fd233a44fa6229e158481041033202041893bd098a5fbe4a95d1,"{""Tref_K"":481.33,""c_blunt"":2.687256144359708,""cleave_G00_eV"":4.41298430422321,""cleave_exp_a"":1.3227705595549195,""cleave_exp_n"":1.2558047282509506,""cleave_floor_frac"":0.0184513317135146,""cleave_gT_eV_per_K"":0.008961503364983841,""cleave_sT_GPa_per_K"":-0.0012099820682778,""cleave_sigc0_GPa"":7.349638969637454,""emit_G00_eV"":2.0446315124630927,""emit_exp_a"":0.0858719444833695,""emit_exp_n"":1.1423492641188204,""emit_floor_frac"":0.0058420097608974,""emit_gT_eV_per_K"":0.000941995373927,""emit_sT_GPa_per_K"":0.0013325903080403,""emit_sigc0_GPa"":7.205215461552143,""peierls_H0_eV"":6.368386985268444,""peierls_activation_entropy_kB"":12.2265643812716,""peierls_exp_a"":1.9097672308795155,""peierls_exp_n"":1.1372957159765065,""peierls_nu0_s"":1000000000000.0,""rho_source0_m2"":1.4102520844479966e+16,""taylor_H0_eV"":1.6986502355337143,""taylor_activation_entropy_kB"":38.45378890633583,""taylor_corr_rho_c_m2"":58780073970578.01,""taylor_corr_scale"":0.8638954413677038,""taylor_exp_a"":0.4561179580539465,""taylor_exp_n"":1.2506696581840515,""taylor_nu0_s"":100000000000.0}",DIRECTED_CLEAVAGE_BARRIER_+0.10,v913_zeroD_sobol_0242980,0.0,0.0,0.2,2.0,0.0,0.1368692228024337,0.6247543683486427,0.0,0.0,0.0,0.0,1.0,True,"{""TARGET_RIGHT_CENSORED"": 8}",481.33,4.41298430422321,0.008961503364983841,7.349638969637454,-0.0012099820682778,1.3227705595549195,1.2558047282509506,0.0184513317135146,2.0446315124630927,0.000941995373927,7.205215461552143,0.0013325903080403,0.0858719444833695,1.1423492641188204,0.0058420097608974,6.368386985268444,12.2265643812716,1.9097672308795155,1.1372957159765065,1000000000000.0,1.6986502355337143,38.45378890633583,0.4561179580539465,1.2506696581840515,100000000000.0,1.4102520844479966e+16,58780073970578.01,0.8638954413677038,2.687256144359708,False,0.033437601551490094,True,PARETO_NEAR_FRONT
oneD_v2_peak_R_8e5356044240f050,Peak,8e5356044240f050189291b5ecb6bfdf22c505d9c0a760091be8e85655cef035,"{""Tref_K"":481.33,""c_blunt"":3.359070180449635,""cleave_G00_eV"":4.011803912930191,""cleave_exp_a"":1.3227705595549195,""cleave_exp_n"":1.2558047282509506,""cleave_floor_frac"":0.0184513317135146,""cleave_gT_eV_per_K"":0.0081468212408944,""cleave_sT_GPa_per_K"":-0.0012099820682778,""cleave_sigc0_GPa"":7.349638969637454,""emit_G00_eV"":2.0446315124630927,""emit_exp_a"":0.0858719444833695,""emit_exp_n"":1.1423492641188204,""emit_floor_frac"":0.0058420097608974,""emit_gT_eV_per_K"":0.000941995373927,""emit_sT_GPa_per_K"":0.0013325903080403,""emit_sigc0_GPa"":7.205215461552143,""peierls_H0_eV"":6.368386985268444,""peierls_activation_entropy_kB"":12.2265643812716,""peierls_exp_a"":1.9097672308795155,""peierls_exp_n"":1.1372957159765065,""peierls_nu0_s"":1000000000000.0,""rho_source0_m2"":1.4102520844479966e+16,""taylor_H0_eV"":1.6986502355337143,""taylor_activation_entropy_kB"":38.45378890633583,""taylor_corr_rho_c_m2"":58780073970578.01,""taylor_corr_scale"":0.8638954413677038,""taylor_exp_a"":0.4561179580539465,""taylor_exp_n"":1.2506696581840515,""taylor_nu0_s"":100000000000.0}",DIRECTED_BLUNTING_+0.25,v913_zeroD_sobol_0242980,0.0,0.0,0.2,2.0,0.0,0.13690605040383466,0.6621881097181526,0.0,0.0,0.0,0.0,1.0,True,"{""TARGET_RIGHT_CENSORED"": 8}",481.33,4.011803912930191,0.0081468212408944,7.349638969637454,-0.0012099820682778,1.3227705595549195,1.2558047282509506,0.0184513317135146,2.0446315124630927,0.000941995373927,7.205215461552143,0.0013325903080403,0.0858719444833695,1.1423492641188204,0.0058420097608974,6.368386985268444,12.2265643812716,1.9097672308795155,1.1372957159765065,1000000000000.0,1.6986502355337143,38.45378890633583,0.4561179580539465,1.2506696581840515,100000000000.0,1.4102520844479966e+16,58780073970578.01,0.8638954413677038,3.359070180449635,False,0.05320994121095097,True,PARETO_NEAR_FRONT
oneD_v2_peak_R_58b36ea790fa80d3,Peak,58b36ea790fa80d36ce4d7d91f9323604eceab16579a8d48ebf99818c7d2e9b1,"{""Tref_K"":481.33,""c_blunt"":1.8421715444312508,""cleave_G00_eV"":3.8766216225718466,""cleave_exp_a"":1.0025934455463759,""cleave_exp_n"":1.198089536067451,""cleave_floor_frac"":0.0184513317135146,""cleave_gT_eV_per_K"":0.008119147100835025,""cleave_sT_GPa_per_K"":-0.001307550147641375,""cleave_sigc0_GPa"":6.713067750925226,""emit_G00_eV"":2.414693417889998,""emit_exp_a"":0.09640745689424968,""emit_exp_n"":1.2503953584429697,""emit_floor_frac"":0.0058420097608974,""emit_gT_eV_per_K"":0.00010293141263535005,""emit_sT_GPa_per_K"":0.0015337683474644249,""emit_sigc0_GPa"":7.567490874910843,""peierls_H0_eV"":5.532829763725225,""peierls_activation_entropy_kB"":8.161902539432049,""peierls_exp_a"":1.9097672308795155,""peierls_exp_n"":1.1372957159765065,""peierls_nu0_s"":1000000000000.0,""rho_source0_m2"":2.1352543919225116e+16,""taylor_H0_eV"":1.7433034863369061,""taylor_activation_entropy_kB"":31.730880616232753,""taylor_corr_rho_c_m2"":641123892515840.2,""taylor_corr_scale"":0.7521663569354039,""taylor_exp_a"":0.4561179580539465,""taylor_exp_n"":1.2506696581840515,""taylor_nu0_s"":100000000000.0}",ARCHIVED_MORPH_0.25,v913_zeroD_sobol_0242980|v913_zeroD_sobol_0116955,0.0,0.0,0.2,2.0,0.0,0.14383564312249555,0.5287461348249699,0.0,0.0,0.0,0.0,1.0,True,"{""TARGET_RIGHT_CENSORED"": 8}",481.33,3.8766216225718466,0.008119147100835025,6.713067750925226,-0.001307550147641375,1.0025934455463759,1.198089536067451,0.0184513317135146,2.414693417889998,0.00010293141263535005,7.567490874910843,0.0015337683474644249,0.09640745689424968,1.2503953584429697,0.0058420097608974,5.532829763725225,8.161902539432049,1.9097672308795155,1.1372957159765065,1000000000000.0,1.7433034863369061,31.730880616232753,0.4561179580539465,1.2506696581840515,100000000000.0,2.1352543919225116e+16,641123892515840.2,0.7521663569354039,1.8421715444312508,False,0.03500840675826045,True,PARETO_NEAR_FRONT
oneD_v2_peak_R_ac6abc52414ee297,Peak,ac6abc52414ee2977b0e457780aa6c50359c88d9bec1a36e285497358fe3498f,"{""Tref_K"":481.33,""c_blunt"":2.687256144359708,""cleave_G00_eV"":3.6106235216371716,""cleave_exp_a"":1.3227705595549195,""cleave_exp_n"":1.2558047282509506,""cleave_floor_frac"":0.0184513317135146,""cleave_gT_eV_per_K"":0.00733213911680496,""cleave_sT_GPa_per_K"":-0.0012099820682778,""cleave_sigc0_GPa"":7.349638969637454,""emit_G00_eV"":2.0446315124630927,""emit_exp_a"":0.0858719444833695,""emit_exp_n"":1.1423492641188204,""emit_floor_frac"":0.0058420097608974,""emit_gT_eV_per_K"":0.000941995373927,""emit_sT_GPa_per_K"":0.0013325903080403,""emit_sigc0_GPa"":7.205215461552143,""peierls_H0_eV"":6.368386985268444,""peierls_activation_entropy_kB"":12.2265643812716,""peierls_exp_a"":1.9097672308795155,""peierls_exp_n"":1.1372957159765065,""peierls_nu0_s"":1000000000000.0,""rho_source0_m2"":1.4102520844479966e+16,""taylor_H0_eV"":1.6986502355337143,""taylor_activation_entropy_kB"":38.45378890633583,""taylor_corr_rho_c_m2"":58780073970578.01,""taylor_corr_scale"":0.8638954413677038,""taylor_exp_a"":0.4561179580539465,""taylor_exp_n"":1.2506696581840515,""taylor_nu0_s"":100000000000.0}",DIRECTED_CLEAVAGE_BARRIER_-0.10,v913_zeroD_sobol_0242980,0.0,0.0,0.2,2.0,0.0,0.15843787351427407,0.5601357893330581,0.0,0.0,0.0,0.0,1.0,True,"{""TARGET_RIGHT_CENSORED"": 8}",481.33,3.6106235216371716,0.00733213911680496,7.349638969637454,-0.0012099820682778,1.3227705595549195,1.2558047282509506,0.0184513317135146,2.0446315124630927,0.000941995373927,7.205215461552143,0.0013325903080403,0.0858719444833695,1.1423492641188204,0.0058420097608974,6.368386985268444,12.2265643812716,1.9097672308795155,1.1372957159765065,1000000000000.0,1.6986502355337143,38.45378890633583,0.4561179580539465,1.2506696581840515,100000000000.0,1.4102520844479966e+16,58780073970578.01,0.8638954413677038,2.687256144359708,False,0.03272458811523777,True,PARETO_NEAR_FRONT
oneD_v2_peak_R_d7f95693bfaaef06,Peak,d7f95693bfaaef069c5a35c8a5986aa25f509abc265f305f46454ae6bee5ac79,"{""Tref_K"":481.33,""c_blunt"":2.5059059096306004,""cleave_G00_eV"":3.7446834877309763,""cleave_exp_a"":1.241109328837432,""cleave_exp_n"":1.0229381738725596,""cleave_floor_frac"":0.0184513317135146,""cleave_gT_eV_per_K"":0.0082693347957683,""cleave_sT_GPa_per_K"":-0.00156337430118575,""cleave_sigc0_GPa"":6.606978678344455,""emit_G00_eV"":2.392137485739764,""emit_exp_a"":0.09584728914691361,""emit_exp_n"":1.123175617307639,""emit_floor_frac"":0.0058420097608974,""emit_gT_eV_per_K"":-7.703424198574993e-06,""emit_sT_GPa_per_K"":0.00018868728913362502,""emit_sigc0_GPa"":6.181325582762135,""peierls_H0_eV"":5.800087648239225,""peierls_activation_entropy_kB"":5.636713965795934,""peierls_exp_a"":1.9097672308795155,""peierls_exp_n"":1.1372957159765065,""peierls_nu0_s"":1000000000000.0,""rho_source0_m2"":1.6753544989013762e+16,""taylor_H0_eV"":1.5373970337402207,""taylor_activation_entropy_kB"":32.90760863572359,""taylor_corr_rho_c_m2"":294354545487234.25,""taylor_corr_scale"":1.1753398215168545,""taylor_exp_a"":0.4561179580539465,""taylor_exp_n"":1.2506696581840515,""taylor_nu0_s"":100000000000.0}",ARCHIVED_MORPH_0.25,v913_zeroD_sobol_0242980|v913_zeroD_sobol_0091348,0.0,0.0,0.2,2.0,0.0,0.16221212490518144,0.4943357781195304,0.0,0.0,0.0,0.0,1.0,True,"{""TARGET_RIGHT_CENSORED"": 8}",481.33,3.7446834877309763,0.0082693347957683,6.606978678344455,-0.00156337430118575,1.241109328837432,1.0229381738725596,0.0184513317135146,2.392137485739764,-7.703424198574993e-06,6.181325582762135,0.00018868728913362502,0.09584728914691361,1.123175617307639,0.0058420097608974,5.800087648239225,5.636713965795934,1.9097672308795155,1.1372957159765065,1000000000000.0,1.5373970337402207,32.90760863572359,0.4561179580539465,1.2506696581840515,100000000000.0,1.6753544989013762e+16,294354545487234.25,1.1753398215168545,2.5059059096306004,False,0.026328469941383572,True,PARETO_NEAR_FRONT
oneD_v2_peak_R_6e8e88ba3d62fb14,Peak,6e8e88ba3d62fb1454f8160a46ede1cac3140867583d9ac7f0ab2ddc0f358a94,"{""Tref_K"":481.33,""c_blunt"":2.015442108269781,""cleave_G00_eV"":4.011803912930191,""cleave_exp_a"":1.3227705595549195,""cleave_exp_n"":1.2558047282509506,""cleave_floor_frac"":0.0184513317135146,""cleave_gT_eV_per_K"":0.0081468212408944,""cleave_sT_GPa_per_K"":-0.0012099820682778,""cleave_sigc0_GPa"":7.349638969637454,""emit_G00_eV"":2.0446315124630927,""emit_exp_a"":0.0858719444833695,""emit_exp_n"":1.1423492641188204,""emit_floor_frac"":0.0058420097608974,""emit_gT_eV_per_K"":0.000941995373927,""emit_sT_GPa_per_K"":0.0013325903080403,""emit_sigc0_GPa"":7.205215461552143,""peierls_H0_eV"":6.368386985268444,""peierls_activation_entropy_kB"":12.2265643812716,""peierls_exp_a"":1.9097672308795155,""peierls_exp_n"":1.1372957159765065,""peierls_nu0_s"":1000000000000.0,""rho_source0_m2"":1.4102520844479966e+16,""taylor_H0_eV"":1.6986502355337143,""taylor_activation_entropy_kB"":38.45378890633583,""taylor_corr_rho_c_m2"":58780073970578.01,""taylor_corr_scale"":0.8638954413677038,""taylor_exp_a"":0.4561179580539465,""taylor_exp_n"":1.2506696581840515,""taylor_nu0_s"":100000000000.0}",DIRECTED_BLUNTING_-0.25,v913_zeroD_sobol_0242980,0.0,0.0,0.2,2.0,0.0,0.1710729639301075,0.5233570742666898,0.0,0.0,0.0,0.0,1.0,True,"{""TARGET_RIGHT_CENSORED"": 8}",481.33,4.011803912930191,0.0081468212408944,7.349638969637454,-0.0012099820682778,1.3227705595549195,1.2558047282509506,0.0184513317135146,2.0446315124630927,0.000941995373927,7.205215461552143,0.0013325903080403,0.0858719444833695,1.1423492641188204,0.0058420097608974,6.368386985268444,12.2265643812716,1.9097672308795155,1.1372957159765065,1000000000000.0,1.6986502355337143,38.45378890633583,0.4561179580539465,1.2506696581840515,100000000000.0,1.4102520844479966e+16,58780073970578.01,0.8638954413677038,2.015442108269781,False,0.03612060104234696,True,PARETO_NEAR_FRONT
oneD_v2_peak_R_6220a1c7867c4af3,Peak,6220a1c7867c4af3da73f82381870a1dde9b93c774a185f68d349bc2f6fdf2d9,"{""Tref_K"":481.33,""c_blunt"":1.9321223080358518,""cleave_G00_eV"":2.704261962470784,""cleave_exp_a"":0.7894394569167961,""cleave_exp_n"":1.6344612801220861,""cleave_floor_frac"":0.0184513317135146,""cleave_gT_eV_per_K"":0.0070209532645530495,""cleave_sT_GPa_per_K"":-0.0020083591886795498,""cleave_sigc0_GPa"":7.394810514423347,""emit_G00_eV"":2.6215680084163586,""emit_exp_a"":0.19700365588798333,""emit_exp_n"":1.3949842280119933,""emit_floor_frac"":0.0058420097608974,""emit_gT_eV_per_K"":-0.0006137479678727499,""emit_sT_GPa_per_K"":-0.0002101515866816,""emit_sigc0_GPa"":7.817555623724088,""peierls_H0_eV"":2.8601368786636265,""peierls_activation_entropy_kB"":5.029533440247178,""peierls_exp_a"":1.9097672308795155,""peierls_exp_n"":1.1372957159765065,""peierls_nu0_s"":1000000000000.0,""rho_source0_m2"":2023792412827631.0,""taylor_H0_eV"":1.7668812027301701,""taylor_activation_entropy_kB"":33.20904042571783,""taylor_corr_rho_c_m2"":37558216488389.61,""taylor_corr_scale"":0.5028737708488141,""taylor_exp_a"":0.4561179580539465,""taylor_exp_n"":1.2506696581840515,""taylor_nu0_s"":100000000000.0}",ARCHIVED_MORPH_0.50,v913_zeroD_sobol_0242980|v913_zeroD_sobol_0080699,0.0,0.0,0.2,2.0,0.0,0.17254064010019457,0.6760431125049455,0.0,0.0,0.0,0.0,1.0,True,"{""TARGET_RIGHT_CENSORED"": 8}",481.33,2.704261962470784,0.0070209532645530495,7.394810514423347,-0.0020083591886795498,0.7894394569167961,1.6344612801220861,0.0184513317135146,2.6215680084163586,-0.0006137479678727499,7.817555623724088,-0.0002101515866816,0.19700365588798333,1.3949842280119933,0.0058420097608974,2.8601368786636265,5.029533440247178,1.9097672308795155,1.1372957159765065,1000000000000.0,1.7668812027301701,33.20904042571783,0.4561179580539465,1.2506696581840515,100000000000.0,2023792412827631.0,37558216488389.61,0.5028737708488141,1.9321223080358518,False,0.06474960170780111,True,PARETO_NEAR_FRONT
oneD_v2_peak_R_d77fdf8402f20128,Peak,d77fdf8402f201289fb936d839c2c0c7f79fa82014f294b1bbd5d228e0bd42e6,"{""Tref_K"":481.33,""c_blunt"":2.580457057972769,""cleave_G00_eV"":4.196022467776479,""cleave_exp_a"":0.8264820604067934,""cleave_exp_n"":1.3727118198602037,""cleave_floor_frac"":0.0184513317135146,""cleave_gT_eV_per_K"":0.0068781031128018495,""cleave_sT_GPa_per_K"":-0.0015322579224593,""cleave_sigc0_GPa"":6.129950531230145,""emit_G00_eV"":2.813501168519523,""emit_exp_a"":0.12277962436412918,""emit_exp_n"":0.9411696328454308,""emit_floor_frac"":0.0058420097608974,""emit_gT_eV_per_K"":-0.0002471675463021,""emit_sT_GPa_per_K"":-0.0027931706234813,""emit_sigc0_GPa"":5.778137958728142,""peierls_H0_eV"":2.472177320006069,""peierls_activation_entropy_kB"":13.502874709665775,""peierls_exp_a"":1.9097672308795155,""peierls_exp_n"":1.1372957159765065,""peierls_nu0_s"":1000000000000.0,""rho_source0_m2"":1.5310201992176342e+16,""taylor_H0_eV"":0.4655398591231124,""taylor_activation_entropy_kB"":28.89081323519349,""taylor_corr_rho_c_m2"":1790001958865557.5,""taylor_corr_scale"":2.2698397529484198,""taylor_exp_a"":0.4561179580539465,""taylor_exp_n"":1.2506696581840515,""taylor_nu0_s"":100000000000.0}",ARCHIVED_MORPH_0.50,v913_zeroD_sobol_0242980|v913_zeroD_sobol_0060219,0.0,0.0,0.2,2.0,0.0,0.20558459291242914,0.5758928048989846,0.0,0.0,0.0,0.0,1.0,True,"{""TARGET_RIGHT_CENSORED"": 8}",481.33,4.196022467776479,0.0068781031128018495,6.129950531230145,-0.0015322579224593,0.8264820604067934,1.3727118198602037,0.0184513317135146,2.813501168519523,-0.0002471675463021,5.778137958728142,-0.0027931706234813,0.12277962436412918,0.9411696328454308,0.0058420097608974,2.472177320006069,13.502874709665775,1.9097672308795155,1.1372957159765065,1000000000000.0,0.4655398591231124,28.89081323519349,0.4561179580539465,1.2506696581840515,100000000000.0,1.5310201992176342e+16,1790001958865557.5,2.2698397529484198,2.580457057972769,False,0.03756252773273142,True,PARETO_NEAR_FRONT
oneD_v2_peak_R_b4cb780c87527609,Peak,b4cb780c875276093d5ca0e46c624d10a91c548a9c0eebb3fc13a289f70e137e,"{""Tref_K"":481.33,""c_blunt"":5.139674964891747,""cleave_G00_eV"":3.609452192753829,""cleave_exp_a"":1.7884885005103888,""cleave_exp_n"":1.4802312412711738,""cleave_floor_frac"":0.0184513317135146,""cleave_gT_eV_per_K"":0.004999546499276018,""cleave_sT_GPa_per_K"":-0.001713640312098929,""cleave_sigc0_GPa"":8.66902219058294,""emit_G00_eV"":2.478405400069085,""emit_exp_a"":0.11708765198011079,""emit_exp_n"":1.2870533768518793,""emit_floor_frac"":0.0058420097608974,""emit_gT_eV_per_K"":-0.0005291921534239935,""emit_sT_GPa_per_K"":0.003049188131688912,""emit_sigc0_GPa"":13.246515814972598,""peierls_H0_eV"":5.944813623739364,""peierls_activation_entropy_kB"":1.8595044576846202,""peierls_exp_a"":1.9097672308795155,""peierls_exp_n"":1.1372957159765065,""peierls_nu0_s"":1000000000000.0,""rho_source0_m2"":5505871204091396.0,""taylor_H0_eV"":1.2451216021551488,""taylor_activation_entropy_kB"":32.73970028121759,""taylor_corr_rho_c_m2"":28614594377498.688,""taylor_corr_scale"":0.7287313973376166,""taylor_exp_a"":0.4561179580539465,""taylor_exp_n"":1.2506696581840515,""taylor_nu0_s"":100000000000.0}",SOBOL_LOCAL_MATERIAL,v913_zeroD_sobol_0242980,0.0,0.0,0.2,2.0,0.0,0.21175179397286809,0.6592989228048898,0.0,0.0,0.0,0.0,1.0,True,"{""TARGET_RIGHT_CENSORED"": 8}",481.33,3.609452192753829,0.004999546499276018,8.66902219058294,-0.001713640312098929,1.7884885005103888,1.4802312412711738,0.0184513317135146,2.478405400069085,-0.0005291921534239935,13.246515814972598,0.003049188131688912,0.11708765198011079,1.2870533768518793,0.0058420097608974,5.944813623739364,1.8595044576846202,1.9097672308795155,1.1372957159765065,1000000000000.0,1.2451216021551488,32.73970028121759,0.4561179580539465,1.2506696581840515,100000000000.0,5505871204091396.0,28614594377498.688,0.7287313973376166,5.139674964891747,False,0.059984562874486766,True,PARETO_NEAR_FRONT
oneD_v2_peak_R_59a9b06d95531051,Peak,59a9b06d95531051153a6b1bcdf9c9fa1b76daa5050c8aaf47c82a72faf61515,"{""Tref_K"":481.33,""c_blunt"":2.42697048896484,""cleave_G00_eV"":2.9427250351486953,""cleave_exp_a"":1.0091923043437478,""cleave_exp_n"":1.2648503246884293,""cleave_floor_frac"":0.0184513317135146,""cleave_gT_eV_per_K"":0.008369597127078951,""cleave_sT_GPa_per_K"":-0.0016165786534546999,""cleave_sigc0_GPa"":7.173673558864457,""emit_G00_eV"":2.1479788315951684,""emit_exp_a"":0.11986195352287347,""emit_exp_n"":1.37591268267601,""emit_floor_frac"":0.0058420097608974,""emit_gT_eV_per_K"":0.000516351676313175,""emit_sT_GPa_per_K"":8.568288013335e-05,""emit_sigc0_GPa"":6.945411816935735,""peierls_H0_eV"":5.906998303945939,""peierls_activation_entropy_kB"":5.3148165717720985,""peierls_exp_a"":1.9097672308795155,""peierls_exp_n"":1.1372957159765065,""peierls_nu0_s"":1000000000000.0,""rho_source0_m2"":6361521226010967.0,""taylor_H0_eV"":1.350373401794286,""taylor_activation_entropy_kB"":32.062920881435275,""taylor_corr_rho_c_m2"":17642337921075.65,""taylor_corr_scale"":1.405266229271992,""taylor_exp_a"":0.4561179580539465,""taylor_exp_n"":1.2506696581840515,""taylor_nu0_s"":100000000000.0}",ARCHIVED_MORPH_0.25,v913_zeroD_sobol_0242980|v913_zeroD_sobol_0115460,0.0,0.0,0.2,2.0,0.0,0.24347307507572213,0.6652902157194869,0.0,0.0,0.0,0.0,1.0,True,"{""TARGET_RIGHT_CENSORED"": 8}",481.33,2.9427250351486953,0.008369597127078951,7.173673558864457,-0.0016165786534546999,1.0091923043437478,1.2648503246884293,0.0184513317135146,2.1479788315951684,0.000516351676313175,6.945411816935735,8.568288013335e-05,0.11986195352287347,1.37591268267601,0.0058420097608974,5.906998303945939,5.3148165717720985,1.9097672308795155,1.1372957159765065,1000000000000.0,1.350373401794286,32.062920881435275,0.4561179580539465,1.2506696581840515,100000000000.0,6361521226010967.0,17642337921075.65,1.405266229271992,2.42697048896484,False,0.06707719189703426,True,PARETO_NEAR_FRONT
oneD_v2_peak_R_82525ee03df7f64d,Peak,82525ee03df7f64d3e9209d00b2e0c748c79a1d58566bc06473516214721a114,"{""Tref_K"":481.33,""c_blunt"":2.3367941463644133,""cleave_G00_eV"":3.4953489072807122,""cleave_exp_a"":1.1644894535947283,""cleave_exp_n"":0.8332525623017257,""cleave_floor_frac"":0.0184513317135146,""cleave_gT_eV_per_K"":0.0083918483506422,""cleave_sT_GPa_per_K"":-0.0019167665340937001,""cleave_sigc0_GPa"":5.939362115123259,""emit_G00_eV"":2.798705642459696,""emit_exp_a"":0.10698142323528283,""emit_exp_n"":1.104323788651016,""emit_floor_frac"":0.0058420097608974,""emit_gT_eV_per_K"":-0.0009574022223241501,""emit_sT_GPa_per_K"":-0.00095521572977305,""emit_sigc0_GPa"":5.302934542901057,""peierls_H0_eV"":5.282501959299382,""peierls_activation_entropy_kB"":-0.9531364496797314,""peierls_exp_a"":1.9097672308795155,""peierls_exp_n"":1.1372957159765065,""peierls_nu0_s"":1000000000000.0,""rho_source0_m2"":1.9902914719588796e+16,""taylor_H0_eV"":1.3914516301883606,""taylor_activation_entropy_kB"":27.36142836511135,""taylor_corr_rho_c_m2"":1474047114883955.5,""taylor_corr_scale"":1.599063532336999,""taylor_exp_a"":0.4561179580539465,""taylor_exp_n"":1.2506696581840515,""taylor_nu0_s"":100000000000.0}",ARCHIVED_MORPH_0.50,v913_zeroD_sobol_0242980|v913_zeroD_sobol_0091348,0.0,0.0,0.2,2.0,0.0,0.2482301302820984,0.3963665518802877,0.0,0.0,0.0,0.0,1.0,True,"{""TARGET_RIGHT_CENSORED"": 8}",481.33,3.4953489072807122,0.0083918483506422,5.939362115123259,-0.0019167665340937001,1.1644894535947283,0.8332525623017257,0.0184513317135146,2.798705642459696,-0.0009574022223241501,5.302934542901057,-0.00095521572977305,0.10698142323528283,1.104323788651016,0.0058420097608974,5.282501959299382,-0.9531364496797314,1.9097672308795155,1.1372957159765065,1000000000000.0,1.3914516301883606,27.36142836511135,0.4561179580539465,1.2506696581840515,100000000000.0,1.9902914719588796e+16,1474047114883955.5,1.599063532336999,2.3367941463644133,True,0.0,True,PARETO_NONDOMINATED
oneD_v2_peak_R_de7e802d03f3e74f,Peak,de7e802d03f3e74fb976276d6b2845c7b67580720848fb5e585a8da760351549,"{""Tref_K"":481.33,""c_blunt"":2.687256144359708,""cleave_G00_eV"":5.014754891162738,""cleave_exp_a"":1.3227705595549195,""cleave_exp_n"":1.2558047282509506,""cleave_floor_frac"":0.0184513317135146,""cleave_gT_eV_per_K"":0.010183526551118,""cleave_sT_GPa_per_K"":-0.0012099820682778,""cleave_sigc0_GPa"":7.349638969637454,""emit_G00_eV"":2.0446315124630927,""emit_exp_a"":0.0858719444833695,""emit_exp_n"":1.1423492641188204,""emit_floor_frac"":0.0058420097608974,""emit_gT_eV_per_K"":0.000941995373927,""emit_sT_GPa_per_K"":0.0013325903080403,""emit_sigc0_GPa"":7.205215461552143,""peierls_H0_eV"":6.368386985268444,""peierls_activation_entropy_kB"":12.2265643812716,""peierls_exp_a"":1.9097672308795155,""peierls_exp_n"":1.1372957159765065,""peierls_nu0_s"":1000000000000.0,""rho_source0_m2"":1.4102520844479966e+16,""taylor_H0_eV"":1.6986502355337143,""taylor_activation_entropy_kB"":38.45378890633583,""taylor_corr_rho_c_m2"":58780073970578.01,""taylor_corr_scale"":0.8638954413677038,""taylor_exp_a"":0.4561179580539465,""taylor_exp_n"":1.2506696581840515,""taylor_nu0_s"":100000000000.0}",DIRECTED_CLEAVAGE_BARRIER_+0.25,v913_zeroD_sobol_0242980,0.0,0.0,0.2,2.0,0.0,0.31309726125052817,0.6684060970488701,0.0,0.0,0.0,0.0,1.0,True,"{""TARGET_RIGHT_CENSORED"": 8}",481.33,5.014754891162738,0.010183526551118,7.349638969637454,-0.0012099820682778,1.3227705595549195,1.2558047282509506,0.0184513317135146,2.0446315124630927,0.000941995373927,7.205215461552143,0.0013325903080403,0.0858719444833695,1.1423492641188204,0.0058420097608974,6.368386985268444,12.2265643812716,1.9097672308795155,1.1372957159765065,1000000000000.0,1.6986502355337143,38.45378890633583,0.4561179580539465,1.2506696581840515,100000000000.0,1.4102520844479966e+16,58780073970578.01,0.8638954413677038,2.687256144359708,False,0.07818297545190195,True,PARETO_NEAR_FRONT
oneD_v2_peak_R_b39cc8bc08db7a6c,Peak,b39cc8bc08db7a6ccbf1364dad24080eeea3af12847dac57623341e30287872e,"{""Tref_K"":481.33,""c_blunt"":1.2628479820336633,""cleave_G00_eV"":3.7459944530576776,""cleave_exp_a"":0.7599153230253154,""cleave_exp_n"":1.1430268608986134,""cleave_floor_frac"":0.0184513317135146,""cleave_gT_eV_per_K"":0.008091472960775649,""cleave_sT_GPa_per_K"":-0.00140511822700495,""cleave_sigc0_GPa"":6.13163161002659,""emit_G00_eV"":2.8517335602331575,""emit_exp_a"":0.1082355570347731,""emit_exp_n"":1.368660707828055,""emit_floor_frac"":0.0058420097608974,""emit_gT_eV_per_K"":-0.0007361325486563,""emit_sT_GPa_per_K"":0.00173494638688855,""emit_sigc0_GPa"":7.947981354262302,""peierls_H0_eV"":4.806900909944209,""peierls_activation_entropy_kB"":4.097240697592497,""peierls_exp_a"":1.9097672308795155,""peierls_exp_n"":1.1372957159765065,""peierls_nu0_s"":1000000000000.0,""rho_source0_m2"":3.232976124271421e+16,""taylor_H0_eV"":1.7891305590167756,""taylor_activation_entropy_kB"":25.007972326129675,""taylor_corr_rho_c_m2"":6992843284960853.0,""taylor_corr_scale"":0.6548873873090307,""taylor_exp_a"":0.4561179580539465,""taylor_exp_n"":1.2506696581840515,""taylor_nu0_s"":100000000000.0}",ARCHIVED_MORPH_0.50,v913_zeroD_sobol_0242980|v913_zeroD_sobol_0116955,0.0,0.0,0.2,2.0,0.0,0.3288453304567027,0.5167308996517118,0.0,0.0,0.0,0.0,1.0,True,"{""TARGET_RIGHT_CENSORED"": 8}",481.33,3.7459944530576776,0.008091472960775649,6.13163161002659,-0.00140511822700495,0.7599153230253154,1.1430268608986134,0.0184513317135146,2.8517335602331575,-0.0007361325486563,7.947981354262302,0.00173494638688855,0.1082355570347731,1.368660707828055,0.0058420097608974,4.806900909944209,4.097240697592497,1.9097672308795155,1.1372957159765065,1000000000000.0,1.7891305590167756,25.007972326129675,0.4561179580539465,1.2506696581840515,100000000000.0,3.232976124271421e+16,6992843284960853.0,0.6548873873090307,1.2628479820336633,False,0.06073182631619208,True,PARETO_NEAR_FRONT
oneD_v2_peak_R_8b7f016ef4080941,Peak,8b7f016ef40809416b3c1a93759ac76c668724922915b5eca4647709930da85f,"{""Tref_K"":481.33,""c_blunt"":2.687256144359708,""cleave_G00_eV"":4.011803912930191,""cleave_exp_a"":0.9920779196661896,""cleave_exp_n"":0.9418535461882129,""cleave_floor_frac"":0.0184513317135146,""cleave_gT_eV_per_K"":0.0081468212408944,""cleave_sT_GPa_per_K"":-0.0009074865512083499,""cleave_sigc0_GPa"":5.51222922722809,""emit_G00_eV"":2.0446315124630927,""emit_exp_a"":0.0858719444833695,""emit_exp_n"":1.1423492641188204,""emit_floor_frac"":0.0058420097608974,""emit_gT_eV_per_K"":0.000941995373927,""emit_sT_GPa_per_K"":0.0013325903080403,""emit_sigc0_GPa"":7.205215461552143,""peierls_H0_eV"":6.368386985268444,""peierls_activation_entropy_kB"":12.2265643812716,""peierls_exp_a"":1.9097672308795155,""peierls_exp_n"":1.1372957159765065,""peierls_nu0_s"":1000000000000.0,""rho_source0_m2"":1.4102520844479966e+16,""taylor_H0_eV"":1.6986502355337143,""taylor_activation_entropy_kB"":38.45378890633583,""taylor_corr_rho_c_m2"":58780073970578.01,""taylor_corr_scale"":0.8638954413677038,""taylor_exp_a"":0.4561179580539465,""taylor_exp_n"":1.2506696581840515,""taylor_nu0_s"":100000000000.0}",DIRECTED_CLEAVAGE_STRESS_SHAPE_-0.25,v913_zeroD_sobol_0242980,0.0,0.0,0.2,2.0,0.0,0.3457296031352851,0.5437007915319665,0.0,0.0,0.0,0.0,1.0,True,"{""TARGET_RIGHT_CENSORED"": 8}",481.33,4.011803912930191,0.0081468212408944,5.51222922722809,-0.0009074865512083499,0.9920779196661896,0.9418535461882129,0.0184513317135146,2.0446315124630927,0.000941995373927,7.205215461552143,0.0013325903080403,0.0858719444833695,1.1423492641188204,0.0058420097608974,6.368386985268444,12.2265643812716,1.9097672308795155,1.1372957159765065,1000000000000.0,1.6986502355337143,38.45378890633583,0.4561179580539465,1.2506696581840515,100000000000.0,1.4102520844479966e+16,58780073970578.01,0.8638954413677038,2.687256144359708,False,0.0695946634253124,True,PARETO_NEAR_FRONT
oneD_v2_peak_R_f76e2c76fdf0a724,Peak,f76e2c76fdf0a7249ed6e36e0c5c4d55008b4cedcbf1bb14e451f77eb8b70a94,"{""Tref_K"":481.33,""c_blunt"":2.687256144359708,""cleave_G00_eV"":3.008852934697643,""cleave_exp_a"":1.3227705595549195,""cleave_exp_n"":1.2558047282509506,""cleave_floor_frac"":0.0184513317135146,""cleave_gT_eV_per_K"":0.0061101159306708,""cleave_sT_GPa_per_K"":-0.0012099820682778,""cleave_sigc0_GPa"":7.349638969637454,""emit_G00_eV"":2.0446315124630927,""emit_exp_a"":0.0858719444833695,""emit_exp_n"":1.1423492641188204,""emit_floor_frac"":0.0058420097608974,""emit_gT_eV_per_K"":0.000941995373927,""emit_sT_GPa_per_K"":0.0013325903080403,""emit_sigc0_GPa"":7.205215461552143,""peierls_H0_eV"":6.368386985268444,""peierls_activation_entropy_kB"":12.2265643812716,""peierls_exp_a"":1.9097672308795155,""peierls_exp_n"":1.1372957159765065,""peierls_nu0_s"":1000000000000.0,""rho_source0_m2"":1.4102520844479966e+16,""taylor_H0_eV"":1.6986502355337143,""taylor_activation_entropy_kB"":38.45378890633583,""taylor_corr_rho_c_m2"":58780073970578.01,""taylor_corr_scale"":0.8638954413677038,""taylor_exp_a"":0.4561179580539465,""taylor_exp_n"":1.2506696581840515,""taylor_nu0_s"":100000000000.0}",DIRECTED_CLEAVAGE_BARRIER_-0.25,v913_zeroD_sobol_0242980,0.0,0.0,0.2,2.0,0.0,0.4476332017900295,0.4979881143704093,0.0,0.0,0.0,0.0,1.0,True,"{""TARGET_RIGHT_CENSORED"": 8}",481.33,3.008852934697643,0.0061101159306708,7.349638969637454,-0.0012099820682778,1.3227705595549195,1.2558047282509506,0.0184513317135146,2.0446315124630927,0.000941995373927,7.205215461552143,0.0013325903080403,0.0858719444833695,1.1423492641188204,0.0058420097608974,6.368386985268444,12.2265643812716,1.9097672308795155,1.1372957159765065,1000000000000.0,1.6986502355337143,38.45378890633583,0.4561179580539465,1.2506696581840515,100000000000.0,1.4102520844479966e+16,58780073970578.01,0.8638954413677038,2.687256144359708,False,0.07877207369185076,True,PARETO_NEAR_FRONT
oneD_v2_peak_R_15b496a0c4f2b253,Peak,15b496a0c4f2b2537a9cf9e009855c1f40bc22fe2090b19de74e23816a349581,"{""Tref_K"":481.33,""c_blunt"":2.4733250352643217,""cleave_G00_eV"":2.8896510095626176,""cleave_exp_a"":1.4248490795738862,""cleave_exp_n"":1.0579719690751581,""cleave_floor_frac"":0.0184513317135146,""cleave_gT_eV_per_K"":0.003958909722711784,""cleave_sT_GPa_per_K"":-0.0022614376619780113,""cleave_sigc0_GPa"":9.308320213203501,""emit_G00_eV"":1.806999406772653,""emit_exp_a"":0.07802926747896641,""emit_exp_n"":0.9557425869086729,""emit_floor_frac"":0.0058420097608974,""emit_gT_eV_per_K"":0.0008547678829482624,""emit_sT_GPa_per_K"":-0.0005973757925771626,""emit_sigc0_GPa"":14.9764279207935,""peierls_H0_eV"":6.313183435094283,""peierls_activation_entropy_kB"":10.180570631889232,""peierls_exp_a"":1.9097672308795155,""peierls_exp_n"":1.1372957159765065,""peierls_nu0_s"":1000000000000.0,""rho_source0_m2"":8767158251106622.0,""taylor_H0_eV"":2.3132841689481984,""taylor_activation_entropy_kB"":40.73537131515146,""taylor_corr_rho_c_m2"":79010841000972.67,""taylor_corr_scale"":0.9346872321682018,""taylor_exp_a"":0.4561179580539465,""taylor_exp_n"":1.2506696581840515,""taylor_nu0_s"":100000000000.0}",SOBOL_LOCAL_MATERIAL,v913_zeroD_sobol_0242980,0.0,0.0,0.2,2.0,0.0,0.4822574340371258,0.2661652988714367,0.0,0.0,0.0,0.0,1.0,True,"{""TARGET_RIGHT_CENSORED"": 8}",481.33,2.8896510095626176,0.003958909722711784,9.308320213203501,-0.0022614376619780113,1.4248490795738862,1.0579719690751581,0.0184513317135146,1.806999406772653,0.0008547678829482624,14.9764279207935,-0.0005973757925771626,0.07802926747896641,0.9557425869086729,0.0058420097608974,6.313183435094283,10.180570631889232,1.9097672308795155,1.1372957159765065,1000000000000.0,2.3132841689481984,40.73537131515146,0.4561179580539465,1.2506696581840515,100000000000.0,8767158251106622.0,79010841000972.67,0.9346872321682018,2.4733250352643217,True,0.0,True,PARETO_NONDOMINATED
oneD_v2_peak_R_2df55f624581157b,Peak,2df55f624581157b6efeb40be1920483363a9cfa0ba9b562163b5706d85b4545,"{""Tref_K"":481.33,""c_blunt"":2.1918959108788973,""cleave_G00_eV"":2.158537859884075,""cleave_exp_a"":0.7699514475808518,""cleave_exp_n"":1.2739610768090082,""cleave_floor_frac"":0.0184513317135146,""cleave_gT_eV_per_K"":0.0085923730132635,""cleave_sT_GPa_per_K"":-0.0020231752386316,""cleave_sigc0_GPa"":7.001921120445128,""emit_G00_eV"":2.256549912714029,""emit_exp_a"":0.16730595759482145,""emit_exp_n"":1.6572302095445495,""emit_floor_frac"":0.0058420097608974,""emit_gT_eV_per_K"":9.070797869935001e-05,""emit_sT_GPa_per_K"":-0.0011612245477736001,""emit_sigc0_GPa"":6.694976099498764,""peierls_H0_eV"":5.479037163340569,""peierls_activation_entropy_kB"":-1.5969312377274036,""peierls_exp_a"":1.9097672308795155,""peierls_exp_n"":1.1372957159765065,""peierls_nu0_s"":1000000000000.0,""rho_source0_m2"":2869625420538095.5,""taylor_H0_eV"":1.0735042954269673,""taylor_activation_entropy_kB"":25.67205285653472,""taylor_corr_rho_c_m2"":5295197271735.664,""taylor_corr_scale"":2.2858937327020703,""taylor_exp_a"":0.4561179580539465,""taylor_exp_n"":1.2506696581840515,""taylor_nu0_s"":100000000000.0}",ARCHIVED_MORPH_0.50,v913_zeroD_sobol_0242980|v913_zeroD_sobol_0115460,0.0,0.0,0.2,2.0,0.0,0.5002698145145603,0.768813059725856,0.0,0.0,0.0,0.0,1.0,True,"{""TARGET_RIGHT_CENSORED"": 8}",481.33,2.158537859884075,0.0085923730132635,7.001921120445128,-0.0020231752386316,0.7699514475808518,1.2739610768090082,0.0184513317135146,2.256549912714029,9.070797869935001e-05,6.694976099498764,-0.0011612245477736001,0.16730595759482145,1.6572302095445495,0.0058420097608974,5.479037163340569,-1.5969312377274036,1.9097672308795155,1.1372957159765065,1000000000000.0,1.0735042954269673,25.67205285653472,0.4561179580539465,1.2506696581840515,100000000000.0,2869625420538095.5,5295197271735.664,2.2858937327020703,2.1918959108788973,False,0.15225891494512636,True,PARETO_NEAR_FRONT
oneD_v2_peak_R_1701c47d0b042b03,Peak,1701c47d0b042b030609b1f0203137cebec4a3c0af8d8e2b66221bd2f4c0b993,"{""Tref_K"":481.33,""c_blunt"":2.4023380404243135,""cleave_G00_eV"":3.5186579827587283,""cleave_exp_a"":0.8345637963577179,""cleave_exp_n"":1.4382859800405268,""cleave_floor_frac"":0.0184513317135146,""cleave_gT_eV_per_K"":0.0064884694251231,""cleave_sT_GPa_per_K"":-0.00118680098606265,""cleave_sigc0_GPa"":7.263241886355832,""emit_G00_eV"":2.3510407531144306,""emit_exp_a"":0.09655215737824585,""emit_exp_n"":1.3239189595930518,""emit_floor_frac"":0.0058420097608974,""emit_gT_eV_per_K"":0.00029577778163362506,""emit_sT_GPa_per_K"":0.0012084163995459,""emit_sigc0_GPa"":6.925156883571887,""peierls_H0_eV"":4.545608875965188,""peierls_activation_entropy_kB"":2.694666595198215,""peierls_exp_a"":1.9097672308795155,""peierls_exp_n"":1.1372957159765065,""peierls_nu0_s"":1000000000000.0,""rho_source0_m2"":1.33179058481199e+16,""taylor_H0_eV"":1.4984532602238716,""taylor_activation_entropy_kB"":33.3878930658102,""taylor_corr_rho_c_m2"":23818223636849.754,""taylor_corr_scale"":0.7196772212268921,""taylor_exp_a"":0.4561179580539465,""taylor_exp_n"":1.2506696581840515,""taylor_nu0_s"":100000000000.0}",ARCHIVED_MORPH_0.25,v913_zeroD_sobol_0242980|v913_zeroD_sobol_0127508,0.0,0.0,0.2,2.0,0.0,0.5390360841511006,0.6666550070430903,0.0,0.0,0.0,0.0,1.0,True,"{""TARGET_RIGHT_CENSORED"": 8}",481.33,3.5186579827587283,0.0064884694251231,7.263241886355832,-0.00118680098606265,0.8345637963577179,1.4382859800405268,0.0184513317135146,2.3510407531144306,0.00029577778163362506,6.925156883571887,0.0012084163995459,0.09655215737824585,1.3239189595930518,0.0058420097608974,4.545608875965188,2.694666595198215,1.9097672308795155,1.1372957159765065,1000000000000.0,1.4984532602238716,33.3878930658102,0.4561179580539465,1.2506696581840515,100000000000.0,1.33179058481199e+16,23818223636849.754,0.7196772212268921,2.4023380404243135,False,0.11387023935070825,True,PARETO_NEAR_FRONT
oneD_v2_peak_R_b7328fb183373395,Peak,b7328fb18337339542b006c44786ed405a6f4786db22f9e15c96855cfdc98ca1,"{""Tref_K"":481.33,""c_blunt"":1.4642566895061961,""cleave_G00_eV"":4.626508427964866,""cleave_exp_a"":1.4974022879320754,""cleave_exp_n"":1.1725889859626015,""cleave_floor_frac"":0.0184513317135146,""cleave_gT_eV_per_K"":0.01270665840639235,""cleave_sT_GPa_per_K"":-0.001625567042944526,""cleave_sigc0_GPa"":6.498719184423314,""emit_G00_eV"":1.6200762614915132,""emit_exp_a"":0.056861109986600565,""emit_exp_n"":0.8853206729799801,""emit_floor_frac"":0.0058420097608974,""emit_gT_eV_per_K"":0.0012033729236535858,""emit_sT_GPa_per_K"":0.0016780038950520277,""emit_sigc0_GPa"":4.749829008124041,""peierls_H0_eV"":6.254168317574617,""peierls_activation_entropy_kB"":17.335967411025283,""peierls_exp_a"":1.9097672308795155,""peierls_exp_n"":1.1372957159765065,""peierls_nu0_s"":1000000000000.0,""rho_source0_m2"":4658255307314656.0,""taylor_H0_eV"":1.0813955871742011,""taylor_activation_entropy_kB"":55.17233339706077,""taylor_corr_rho_c_m2"":115379417417956.48,""taylor_corr_scale"":0.9566028353525811,""taylor_exp_a"":0.4561179580539465,""taylor_exp_n"":1.2506696581840515,""taylor_nu0_s"":100000000000.0}",SOBOL_LOCAL_MATERIAL,v913_zeroD_sobol_0242980,0.0,0.0,0.2,2.0,0.0,0.5648024776912887,0.28366959751198745,0.0,0.0,0.0,0.0,1.0,True,"{""TARGET_RIGHT_CENSORED"": 8}",481.33,4.626508427964866,0.01270665840639235,6.498719184423314,-0.001625567042944526,1.4974022879320754,1.1725889859626015,0.0184513317135146,1.6200762614915132,0.0012033729236535858,4.749829008124041,0.0016780038950520277,0.056861109986600565,0.8853206729799801,0.0058420097608974,6.254168317574617,17.335967411025283,1.9097672308795155,1.1372957159765065,1000000000000.0,1.0813955871742011,55.17233339706077,0.4561179580539465,1.2506696581840515,100000000000.0,4658255307314656.0,115379417417956.48,0.9566028353525811,1.4642566895061961,False,0.0197014866072697,True,PARETO_NEAR_FRONT
oneD_v2_peak_R_f2b5e4f31dac06f1,Peak,f2b5e4f31dac06f1b42fb035ede529bbfbe2b5a98eb97ff8898b4d1769586ca1,"{""Tref_K"":481.33,""c_blunt"":3.014209701041495,""cleave_G00_eV"":6.288798433818136,""cleave_exp_a"":1.5093690905359984,""cleave_exp_n"":1.0432228294069068,""cleave_floor_frac"":0.0184513317135146,""cleave_gT_eV_per_K"":0.008234680668702718,""cleave_sT_GPa_per_K"":-0.0008952942420936505,""cleave_sigc0_GPa"":5.439198184986837,""emit_G00_eV"":1.9979681966814757,""emit_exp_a"":0.10117830879993957,""emit_exp_n"":1.2477275254084033,""emit_floor_frac"":0.0058420097608974,""emit_gT_eV_per_K"":-0.0005820116141470452,""emit_sT_GPa_per_K"":0.00026015580887724316,""emit_sigc0_GPa"":5.336109668683115,""peierls_H0_eV"":8.719010354572081,""peierls_activation_entropy_kB"":3.6286406000320053,""peierls_exp_a"":1.9097672308795155,""peierls_exp_n"":1.1372957159765065,""peierls_nu0_s"":1000000000000.0,""rho_source0_m2"":1.4710068366055242e+16,""taylor_H0_eV"":1.985331593942225,""taylor_activation_entropy_kB"":26.190508301176266,""taylor_corr_rho_c_m2"":73230642805527.06,""taylor_corr_scale"":1.5099782374069148,""taylor_exp_a"":0.4561179580539465,""taylor_exp_n"":1.2506696581840515,""taylor_nu0_s"":100000000000.0}",SOBOL_LOCAL_MATERIAL,v913_zeroD_sobol_0242980,0.0,0.0,0.2,2.0,0.0,0.5727804411796,0.303900096894354,0.0,0.0,0.0,0.0,1.0,True,"{""TARGET_RIGHT_CENSORED"": 8}",481.33,6.288798433818136,0.008234680668702718,5.439198184986837,-0.0008952942420936505,1.5093690905359984,1.0432228294069068,0.0184513317135146,1.9979681966814757,-0.0005820116141470452,5.336109668683115,0.00026015580887724316,0.10117830879993957,1.2477275254084033,0.0058420097608974,8.719010354572081,3.6286406000320053,1.9097672308795155,1.1372957159765065,1000000000000.0,1.985331593942225,26.190508301176266,0.4561179580539465,1.2506696581840515,100000000000.0,1.4710068366055242e+16,73230642805527.06,1.5099782374069148,3.014209701041495,False,0.030883510483060136,True,PARETO_NEAR_FRONT
oneD_v2_peak_R_9c0385647ee3d6b5,Peak,9c0385647ee3d6b552bc12aeea3b1267bbc7a99ff990b2f296ad4ed9915245a2,"{""Tref_K"":481.33,""c_blunt"":4.385658800328369,""cleave_G00_eV"":4.355768650100685,""cleave_exp_a"":1.375669503885351,""cleave_exp_n"":0.8338776653124792,""cleave_floor_frac"":0.0184513317135146,""cleave_gT_eV_per_K"":0.00559865729521119,""cleave_sT_GPa_per_K"":-0.0015147510740886102,""cleave_sigc0_GPa"":5.5327290116495895,""emit_G00_eV"":2.3884039593916677,""emit_exp_a"":0.09115061700288653,""emit_exp_n"":0.6939050731092766,""emit_floor_frac"":0.0058420097608974,""emit_gT_eV_per_K"":-6.06464230653869e-05,""emit_sT_GPa_per_K"":-0.0003348928328882736,""emit_sigc0_GPa"":10.944290183160332,""peierls_H0_eV"":8.777729540634239,""peierls_activation_entropy_kB"":22.001926828758176,""peierls_exp_a"":1.9097672308795155,""peierls_exp_n"":1.1372957159765065,""peierls_nu0_s"":1000000000000.0,""rho_source0_m2"":7051116544033321.0,""taylor_H0_eV"":1.223843221533117,""taylor_activation_entropy_kB"":59.16560685428101,""taylor_corr_rho_c_m2"":179692073519612.22,""taylor_corr_scale"":0.5982870152030534,""taylor_exp_a"":0.4561179580539465,""taylor_exp_n"":1.2506696581840515,""taylor_nu0_s"":100000000000.0}",SOBOL_LOCAL_MATERIAL,v913_zeroD_sobol_0242980,0.0,0.0,0.2,2.0,0.0,0.6570123030273635,0.3433998256544121,0.0,0.0,0.0,0.0,1.0,True,"{""TARGET_RIGHT_CENSORED"": 8}",481.33,4.355768650100685,0.00559865729521119,5.5327290116495895,-0.0015147510740886102,1.375669503885351,0.8338776653124792,0.0184513317135146,2.3884039593916677,-6.06464230653869e-05,10.944290183160332,-0.0003348928328882736,0.09115061700288653,0.6939050731092766,0.0058420097608974,8.777729540634239,22.001926828758176,1.9097672308795155,1.1372957159765065,1000000000000.0,1.223843221533117,59.16560685428101,0.4561179580539465,1.2506696581840515,100000000000.0,7051116544033321.0,179692073519612.22,0.5982870152030534,4.385658800328369,False,0.06211645212778557,True,PARETO_NEAR_FRONT
oneD_v2_peak_R_4136b3e01625a29b,Peak,4136b3e01625a29bd1ef9e991d9ea588c1297202fedbdf11bcf4a053af9e4fe2,"{""Tref_K"":481.33,""c_blunt"":3.818643930407199,""cleave_G00_eV"":6.691631227984346,""cleave_exp_a"":0.9826405436697995,""cleave_exp_n"":1.3964269735871602,""cleave_floor_frac"":0.0184513317135146,""cleave_gT_eV_per_K"":0.006854131961161454,""cleave_sT_GPa_per_K"":-0.0018056732314448286,""cleave_sigc0_GPa"":4.604378394389923,""emit_G00_eV"":1.7610238710503878,""emit_exp_a"":0.13345251212698764,""emit_exp_n"":0.7798341323462176,""emit_floor_frac"":0.0058420097608974,""emit_gT_eV_per_K"":0.0019173899603516773,""emit_sT_GPa_per_K"":0.002034045156615326,""emit_sigc0_GPa"":10.28114742048027,""peierls_H0_eV"":9.431574972795202,""peierls_activation_entropy_kB"":11.743923752298855,""peierls_exp_a"":1.9097672308795155,""peierls_exp_n"":1.1372957159765065,""peierls_nu0_s"":1000000000000.0,""rho_source0_m2"":1.053775217986889e+16,""taylor_H0_eV"":2.0191059806534053,""taylor_activation_entropy_kB"":58.42452752710099,""taylor_corr_rho_c_m2"":21370175508897.496,""taylor_corr_scale"":1.337372910368565,""taylor_exp_a"":0.4561179580539465,""taylor_exp_n"":1.2506696581840515,""taylor_nu0_s"":100000000000.0}",SOBOL_LOCAL_MATERIAL,v913_zeroD_sobol_0242980,0.0,0.0,0.2,2.0,0.0,0.7310962636358334,0.39166831087845266,0.0,0.0,0.0,0.0,1.0,True,"{""TARGET_RIGHT_CENSORED"": 8}",481.33,6.691631227984346,0.006854131961161454,4.604378394389923,-0.0018056732314448286,0.9826405436697995,1.3964269735871602,0.0184513317135146,1.7610238710503878,0.0019173899603516773,10.28114742048027,0.002034045156615326,0.13345251212698764,0.7798341323462176,0.0058420097608974,9.431574972795202,11.743923752298855,1.9097672308795155,1.1372957159765065,1000000000000.0,2.0191059806534053,58.42452752710099,0.4561179580539465,1.2506696581840515,100000000000.0,1.053775217986889e+16,21370175508897.496,1.337372910368565,3.818643930407199,False,0.09194850564941891,True,PARETO_NEAR_FRONT
oneD_v2_peak_R_9149c30484c8235d,Peak,9149c30484c8235d6b3df5b48e7ae15a823ac0b35e61d764eb1a28927df2808b,"{""Tref_K"":481.33,""c_blunt"":1.6654359584103342,""cleave_G00_eV"":3.9244589386680793,""cleave_exp_a"":1.3534821802246524,""cleave_exp_n"":1.1961327734238276,""cleave_floor_frac"":0.0184513317135146,""cleave_gT_eV_per_K"":0.0083418476993683,""cleave_sT_GPa_per_K"":-0.0014707013729493249,""cleave_sigc0_GPa"":6.500307326505959,""emit_G00_eV"":2.2115394205488075,""emit_exp_a"":0.1290242915234543,""emit_exp_n"":1.042164866683209,""emit_floor_frac"":0.0058420097608974,""emit_gT_eV_per_K"":2.388802822500405e-07,""emit_sT_GPa_per_K"":0.0034844530872068496,""emit_sigc0_GPa"":7.675488926188781,""peierls_H0_eV"":6.453680230642157,""peierls_activation_entropy_kB"":-1.702283420599997,""peierls_exp_a"":1.9097672308795155,""peierls_exp_n"":1.1372957159765065,""peierls_nu0_s"":1000000000000.0,""rho_source0_m2"":1347229893884906.0,""taylor_H0_eV"":1.4029821575707797,""taylor_activation_entropy_kB"":22.353103440254927,""taylor_corr_rho_c_m2"":301028351344503.9,""taylor_corr_scale"":1.0381168301432941,""taylor_exp_a"":0.4561179580539465,""taylor_exp_n"":1.2506696581840515,""taylor_nu0_s"":100000000000.0}",ARCHIVED_MORPH_0.25,v913_zeroD_sobol_0242980|v913_zeroD_sobol_0077080,0.0,0.0007788945356872884,0.2,2.0,0.0,0.5844245478872446,0.4139564339554093,0.0,0.0,0.0,0.0,1.0,True,"{""TARGET_RIGHT_CENSORED"": 8}",481.33,3.9244589386680793,0.0083418476993683,6.500307326505959,-0.0014707013729493249,1.3534821802246524,1.1961327734238276,0.0184513317135146,2.2115394205488075,2.388802822500405e-07,7.675488926188781,0.0034844530872068496,0.1290242915234543,1.042164866683209,0.0058420097608974,6.453680230642157,-1.702283420599997,1.9097672308795155,1.1372957159765065,1000000000000.0,1.4029821575707797,22.353103440254927,0.4561179580539465,1.2506696581840515,100000000000.0,1347229893884906.0,301028351344503.9,1.0381168301432941,1.6654359584103342,False,0.06508654701481355,True,PARETO_NEAR_FRONT
oneD_v2_peak_R_7dfb3fb09e3f0f1f,Peak,7dfb3fb09e3f0f1f97ef1e4f141c95b52df5a1f7019c4d6ab36a2763969c6724,"{""Tref_K"":481.33,""c_blunt"":2.553556105976119,""cleave_G00_eV"":3.3999805906138607,""cleave_exp_a"":1.5209363255891388,""cleave_exp_n"":1.0865697968755632,""cleave_floor_frac"":0.0184513317135146,""cleave_gT_eV_per_K"":0.006143794304695242,""cleave_sT_GPa_per_K"":-0.001836566294695814,""cleave_sigc0_GPa"":10.35839558138633,""emit_G00_eV"":3.1019974871705216,""emit_exp_a"":0.10569918422919365,""emit_exp_n"":1.5242308379222105,""emit_floor_frac"":0.0058420097608974,""emit_gT_eV_per_K"":-0.0005108756071634201,""emit_sT_GPa_per_K"":0.0013526462090905705,""emit_sigc0_GPa"":10.815619467009567,""peierls_H0_eV"":5.353639773516342,""peierls_activation_entropy_kB"":17.872037011779685,""peierls_exp_a"":1.9097672308795155,""peierls_exp_n"":1.1372957159765065,""peierls_nu0_s"":1000000000000.0,""rho_source0_m2"":3.9732671159975816e+16,""taylor_H0_eV"":1.6424374918170122,""taylor_activation_entropy_kB"":21.752526136546706,""taylor_corr_rho_c_m2"":31620225901759.934,""taylor_corr_scale"":0.49738916337705774,""taylor_exp_a"":0.4561179580539465,""taylor_exp_n"":1.2506696581840515,""taylor_nu0_s"":100000000000.0}",SOBOL_LOCAL_MATERIAL,v913_zeroD_sobol_0242980,0.0,0.0030684245811304633,0.2,2.0,0.0,0.5313545500729984,0.33181412866057797,0.0,0.0,0.0,0.0,1.0,True,"{""TARGET_RIGHT_CENSORED"": 8}",481.33,3.3999805906138607,0.006143794304695242,10.35839558138633,-0.001836566294695814,1.5209363255891388,1.0865697968755632,0.0184513317135146,3.1019974871705216,-0.0005108756071634201,10.815619467009567,0.0013526462090905705,0.10569918422919365,1.5242308379222105,0.0058420097608974,5.353639773516342,17.872037011779685,1.9097672308795155,1.1372957159765065,1000000000000.0,1.6424374918170122,21.752526136546706,0.4561179580539465,1.2506696581840515,100000000000.0,3.9732671159975816e+16,31620225901759.934,0.49738916337705774,2.553556105976119,False,0.04556344632052163,True,PARETO_NEAR_FRONT
oneD_v2_peak_R_9b7c003796850516,Peak,9b7c00379685051680e84b355590ad0831c210b9d9f6a20c84d7f59361be551a,"{""Tref_K"":481.33,""c_blunt"":1.9566386617709695,""cleave_G00_eV"":3.566793857526519,""cleave_exp_a"":0.6150781872604532,""cleave_exp_n"":1.511178416305219,""cleave_floor_frac"":0.0184513317135146,""cleave_gT_eV_per_K"":0.008468823403585625,""cleave_sT_GPa_per_K"":-0.0009799236990510499,""cleave_sigc0_GPa"":5.8996772744294494,""emit_G00_eV"":2.191136587612032,""emit_exp_a"":0.16655093802979282,""emit_exp_n"":1.3255312329201876,""emit_floor_frac"":0.0058420097608974,""emit_gT_eV_per_K"":0.0004949818481691001,""emit_sT_GPa_per_K"":0.000699501669034325,""emit_sigc0_GPa"":6.897191442977785,""peierls_H0_eV"":5.177880499463032,""peierls_activation_entropy_kB"":10.656138518825173,""peierls_exp_a"":1.9097672308795155,""peierls_exp_n"":1.1372957159765065,""peierls_nu0_s"":1000000000000.0,""rho_source0_m2"":8095375670033017.0,""taylor_H0_eV"":1.4134795762667256,""taylor_activation_entropy_kB"":30.566264130175114,""taylor_corr_rho_c_m2"":452137459873943.2,""taylor_corr_scale"":1.232920765873488,""taylor_exp_a"":0.4561179580539465,""taylor_exp_n"":1.2506696581840515,""taylor_nu0_s"":100000000000.0}",ARCHIVED_MORPH_0.25,v913_zeroD_sobol_0242980|v913_zeroD_sobol_0011131,0.0,0.003236877597002974,0.2,2.0,0.0,0.517768912830299,0.6685455290847353,0.0,0.0,0.0,0.0,1.0,True,"{""TARGET_RIGHT_CENSORED"": 8}",481.33,3.566793857526519,0.008468823403585625,5.8996772744294494,-0.0009799236990510499,0.6150781872604532,1.511178416305219,0.0184513317135146,2.191136587612032,0.0004949818481691001,6.897191442977785,0.000699501669034325,0.16655093802979282,1.3255312329201876,0.0058420097608974,5.177880499463032,10.656138518825173,1.9097672308795155,1.1372957159765065,1000000000000.0,1.4134795762667256,30.566264130175114,0.4561179580539465,1.2506696581840515,100000000000.0,8095375670033017.0,452137459873943.2,1.232920765873488,1.9566386617709695,False,0.1108205769104391,True,PARETO_NEAR_FRONT
oneD_v2_peak_R_fdc5e3366994bd2b,Peak,fdc5e3366994bd2b821dcb5c388a36e7bda04dafaf2a67394fc0cda7d39dd29c,"{""Tref_K"":481.33,""c_blunt"":2.147628566254461,""cleave_G00_eV"":3.0861313933433925,""cleave_exp_a"":0.5265438704845086,""cleave_exp_n"":1.647283621285866,""cleave_floor_frac"":0.0184513317135146,""cleave_gT_eV_per_K"":0.0048301176093518,""cleave_sT_GPa_per_K"":-0.0011636199038475,""cleave_sigc0_GPa"":7.177860425206183,""emit_G00_eV"":2.7033685967923984,""emit_exp_a"":0.10856070804590871,""emit_exp_n"":1.5343480900493118,""emit_floor_frac"":0.0058420097608974,""emit_gT_eV_per_K"":-0.00035043981065974996,""emit_sT_GPa_per_K"":0.0010842424910514998,""emit_sigc0_GPa"":6.655983865852647,""peierls_H0_eV"":3.244551579709398,""peierls_activation_entropy_kB"":-6.837231190875171,""peierls_exp_a"":1.9097672308795155,""peierls_exp_n"":1.1372957159765065,""peierls_nu0_s"":1000000000000.0,""rho_source0_m2"":1.2576944089312334e+16,""taylor_H0_eV"":1.3218508001855127,""taylor_activation_entropy_kB"":28.321997225284576,""taylor_corr_rho_c_m2"":9651362084010.799,""taylor_corr_scale"":0.5995347098172844,""taylor_exp_a"":0.4561179580539465,""taylor_exp_n"":1.2506696581840515,""taylor_nu0_s"":100000000000.0}",ARCHIVED_MORPH_0.50,v913_zeroD_sobol_0242980|v913_zeroD_sobol_0127508,0.0,0.003405333400283081,0.2,2.0,0.0,0.7418461011655941,0.7274171515966988,0.0,0.0,0.0,0.0,1.0,True,"{""TARGET_RIGHT_CENSORED"": 8}",481.33,3.0861313933433925,0.0048301176093518,7.177860425206183,-0.0011636199038475,0.5265438704845086,1.647283621285866,0.0184513317135146,2.7033685967923984,-0.00035043981065974996,6.655983865852647,0.0010842424910514998,0.10856070804590871,1.5343480900493118,0.0058420097608974,3.244551579709398,-6.837231190875171,1.9097672308795155,1.1372957159765065,1000000000000.0,1.3218508001855127,28.321997225284576,0.4561179580539465,1.2506696581840515,100000000000.0,1.2576944089312334e+16,9651362084010.799,0.5995347098172844,2.147628566254461,False,0.1678056550838123,True,PARETO_NEAR_FRONT
oneD_v2_peak_R_267b49507570728e,Peak,267b49507570728e56a1255300209fcabc9364ab22edcd6f25cd4b11936c7bbf,"{""Tref_K"":481.33,""c_blunt"":1.155435136144151,""cleave_G00_eV"":3.1922602587487847,""cleave_exp_a"":1.3038526961839867,""cleave_exp_n"":1.0204257088589337,""cleave_floor_frac"":0.0184513317135146,""cleave_gT_eV_per_K"":0.005544952946580887,""cleave_sT_GPa_per_K"":-0.0008562337605907745,""cleave_sigc0_GPa"":9.900822564983182,""emit_G00_eV"":1.8870212629402385,""emit_exp_a"":0.05524339078746252,""emit_exp_n"":0.8144072035478248,""emit_floor_frac"":0.0058420097608974,""emit_gT_eV_per_K"":0.0007071047347680997,""emit_sT_GPa_per_K"":0.0022861067231459654,""emit_sigc0_GPa"":13.67887806551239,""peierls_H0_eV"":9.639810621602766,""peierls_activation_entropy_kB"":2.303194894801578,""peierls_exp_a"":1.9097672308795155,""peierls_exp_n"":1.1372957159765065,""peierls_nu0_s"":1000000000000.0,""rho_source0_m2"":4.261441578261661e+16,""taylor_H0_eV"":1.150378733346743,""taylor_activation_entropy_kB"":43.38210377090293,""taylor_corr_rho_c_m2"":67127443367881.5,""taylor_corr_scale"":0.9976941097859604,""taylor_exp_a"":0.4561179580539465,""taylor_exp_n"":1.2506696581840515,""taylor_nu0_s"":100000000000.0}",SOBOL_LOCAL_MATERIAL,v913_zeroD_sobol_0242980,0.0,0.015896077263636316,0.2,2.0,0.0,0.1748053493084915,0.33362123667858473,0.0,0.0,0.0,0.0,1.0,True,"{""TARGET_RIGHT_CENSORED"": 8}",481.33,3.1922602587487847,0.005544952946580887,9.900822564983182,-0.0008562337605907745,1.3038526961839867,1.0204257088589337,0.0184513317135146,1.8870212629402385,0.0007071047347680997,13.67887806551239,0.0022861067231459654,0.05524339078746252,0.8144072035478248,0.0058420097608974,9.639810621602766,2.303194894801578,1.9097672308795155,1.1372957159765065,1000000000000.0,1.150378733346743,43.38210377090293,0.4561179580539465,1.2506696581840515,100000000000.0,4.261441578261661e+16,67127443367881.5,0.9976941097859604,1.155435136144151,True,0.0,True,PARETO_NONDOMINATED
oneD_v2_peak_R_0eabf0a16df0f2d3,Peak,0eabf0a16df0f2d34f2ad0dd8776c52dd75e11dbbb397b900d055b72669c322b,"{""Tref_K"":481.33,""c_blunt"":2.3574872633633484,""cleave_G00_eV"":3.270310461929624,""cleave_exp_a"":1.0922274518099004,""cleave_exp_n"":1.325852795381167,""cleave_floor_frac"":0.0184513317135146,""cleave_gT_eV_per_K"":0.008699182942858825,""cleave_sT_GPa_per_K"":-0.001150046381866475,""cleave_sigc0_GPa"":6.548533892329879,""emit_G00_eV"":2.389996574147999,""emit_exp_a"":0.13515242774300487,""emit_exp_n"":1.2552697613252837,""emit_floor_frac"":0.0058420097608974,""emit_gT_eV_per_K"":6.120261969025007e-06,""emit_sT_GPa_per_K"":0.00123171870782965,""emit_sigc0_GPa"":6.456371261208533,""peierls_H0_eV"":6.491482910302959,""peierls_activation_entropy_kB"":1.7583425762131801,""peierls_exp_a"":1.9097672308795155,""peierls_exp_n"":1.1372957159765065,""peierls_nu0_s"":1000000000000.0,""rho_source0_m2"":1.9652016444748576e+16,""taylor_H0_eV"":1.2659300984324662,""taylor_activation_entropy_kB"":35.13052069582045,""taylor_corr_rho_c_m2"":354238854007594.9,""taylor_corr_scale"":0.6670645567011033,""taylor_exp_a"":0.4561179580539465,""taylor_exp_n"":1.2506696581840515,""taylor_nu0_s"":100000000000.0}",ARCHIVED_MORPH_0.25,v913_zeroD_sobol_0242980|v913_zeroD_sobol_0196804,0.0,0.016235967978024124,0.2,2.0,0.0,0.1687845362520194,0.5986939820681151,0.0,0.0,0.0,0.0,1.0,True,"{""TARGET_RIGHT_CENSORED"": 8}",481.33,3.270310461929624,0.008699182942858825,6.548533892329879,-0.001150046381866475,1.0922274518099004,1.325852795381167,0.0184513317135146,2.389996574147999,6.120261969025007e-06,6.456371261208533,0.00123171870782965,0.13515242774300487,1.2552697613252837,0.0058420097608974,6.491482910302959,1.7583425762131801,1.9097672308795155,1.1372957159765065,1000000000000.0,1.2659300984324662,35.13052069582045,0.4561179580539465,1.2506696581840515,100000000000.0,1.9652016444748576e+16,354238854007594.9,0.6670645567011033,2.3574872633633484,False,0.03156489392066218,True,PARETO_NEAR_FRONT
oneD_v2_peak_R_556f3e6cafc7fc5a,Peak,556f3e6cafc7fc5a6d417e265d8e1a8432ab124558cd0325d999b81f986c5b86,"{""Tref_K"":481.33,""c_blunt"":1.9378637661520242,""cleave_G00_eV"":3.3075574285317244,""cleave_exp_a"":1.1042607351772284,""cleave_exp_n"":1.1196756809223727,""cleave_floor_frac"":0.0184513317135146,""cleave_gT_eV_per_K"":0.008402614671038375,""cleave_sT_GPa_per_K"":-0.001509578226366925,""cleave_sigc0_GPa"":6.68292418704004,""emit_G00_eV"":2.498564827944584,""emit_exp_a"":0.16423821384743556,""emit_exp_n"":0.9527348213600761,""emit_floor_frac"":0.0058420097608974,""emit_gT_eV_per_K"":0.00022256313217800005,""emit_sT_GPa_per_K"":0.001909296642057525,""emit_sigc0_GPa"":6.951303730685582,""peierls_H0_eV"":5.557764317073051,""peierls_activation_entropy_kB"":10.894125797785819,""peierls_exp_a"":1.9097672308795155,""peierls_exp_n"":1.1372957159765065,""peierls_nu0_s"":1000000000000.0,""rho_source0_m2"":1.5918030359064748e+16,""taylor_H0_eV"":1.1765542445441526,""taylor_activation_entropy_kB"":33.54229983873665,""taylor_corr_rho_c_m2"":30900897410721.254,""taylor_corr_scale"":1.2744920706639142,""taylor_exp_a"":0.4561179580539465,""taylor_exp_n"":1.2506696581840515,""taylor_nu0_s"":100000000000.0}",ARCHIVED_MORPH_0.25,v913_zeroD_sobol_0242980|v913_zeroD_sobol_0097332,0.0,0.018481410374636298,0.2,2.0,0.0,0.21661114828263522,0.5154491590974214,0.0,0.0,0.0,0.0,1.0,True,"{""TARGET_RIGHT_CENSORED"": 8}",481.33,3.3075574285317244,0.008402614671038375,6.68292418704004,-0.001509578226366925,1.1042607351772284,1.1196756809223727,0.0184513317135146,2.498564827944584,0.00022256313217800005,6.951303730685582,0.001909296642057525,0.16423821384743556,0.9527348213600761,0.0058420097608974,5.557764317073051,10.894125797785819,1.9097672308795155,1.1372957159765065,1000000000000.0,1.1765542445441526,33.54229983873665,0.4561179580539465,1.2506696581840515,100000000000.0,1.5918030359064748e+16,30900897410721.254,1.2744920706639142,1.9378637661520242,False,0.04059298121121941,True,PARETO_NEAR_FRONT
oneD_v2_peak_R_51f75e90069b0ecb,Peak,51f75e90069b0ecb2ae4068c90b431e4e5de9fb6b4fc5a2ba2942b417fedb80f,"{""Tref_K"":481.33,""c_blunt"":1.3974536755816727,""cleave_G00_eV"":2.726936904312691,""cleave_exp_a"":0.9218467726288443,""cleave_exp_n"":0.9983030022470614,""cleave_floor_frac"":0.0184513317135146,""cleave_gT_eV_per_K"":0.00865840810118235,""cleave_sT_GPa_per_K"":-0.00180917438445605,""cleave_sigc0_GPa"":6.07668973594874,""emit_G00_eV"":3.0532769163482394,""emit_exp_a"":0.3141211142950183,""emit_exp_n"":0.7945937974864422,""emit_floor_frac"":0.0058420097608974,""emit_gT_eV_per_K"":-0.000496869109571,""emit_sT_GPa_per_K"":0.00248600297607475,""emit_sigc0_GPa"":6.706339847029929,""peierls_H0_eV"":4.85032462310838,""peierls_activation_entropy_kB"":9.561687214300036,""peierls_exp_a"":1.9097672308795155,""peierls_exp_n"":1.1372957159765065,""peierls_nu0_s"":1000000000000.0,""rho_source0_m2"":1.7967262258030054e+16,""taylor_H0_eV"":0.8149293252945167,""taylor_activation_entropy_kB"":28.630810771137476,""taylor_corr_rho_c_m2"":16244713493655.498,""taylor_corr_scale"":1.8802391590509862,""taylor_exp_a"":0.4561179580539465,""taylor_exp_n"":1.2506696581840515,""taylor_nu0_s"":100000000000.0}",ARCHIVED_MORPH_0.50,v913_zeroD_sobol_0242980|v913_zeroD_sobol_0097332,0.0,0.019555830729421013,0.2,2.0,0.0,0.3453289455410318,0.4134946385377571,0.0,0.0,0.0,0.0,1.0,True,"{""TARGET_RIGHT_CENSORED"": 8}",481.33,2.726936904312691,0.00865840810118235,6.07668973594874,-0.00180917438445605,0.9218467726288443,0.9983030022470614,0.0184513317135146,3.0532769163482394,-0.000496869109571,6.706339847029929,0.00248600297607475,0.3141211142950183,0.7945937974864422,0.0058420097608974,4.85032462310838,9.561687214300036,1.9097672308795155,1.1372957159765065,1000000000000.0,0.8149293252945167,28.630810771137476,0.4561179580539465,1.2506696581840515,100000000000.0,1.7967262258030054e+16,16244713493655.498,1.8802391590509862,1.3974536755816727,False,0.021964614929673117,True,PARETO_NEAR_FRONT
oneD_v2_peak_R_d5c78f4ea66730b7,Peak,d5c78f4ea66730b7386f1f32d8c047d3b94403b54a97fa1d9c4d566e7aca5199,"{""Tref_K"":481.33,""c_blunt"":2.670892629023567,""cleave_G00_eV"":4.3363972033402165,""cleave_exp_a"":1.332467428751689,""cleave_exp_n"":1.4460480165240166,""cleave_floor_frac"":0.0184513317135146,""cleave_gT_eV_per_K"":0.0065859721209853,""cleave_sT_GPa_per_K"":-0.0005437478630337249,""cleave_sigc0_GPa"":7.3331596757872255,""emit_G00_eV"":2.4359880413838866,""emit_exp_a"":0.13778053631498044,""emit_exp_n"":1.3125429280357732,""emit_floor_frac"":0.0058420097608974,""emit_gT_eV_per_K"":5.952099710700002e-05,""emit_sT_GPa_per_K"":0.00127485585398965,""emit_sigc0_GPa"":7.25925042702477,""peierls_H0_eV"":6.1108457643006995,""peierls_activation_entropy_kB"":10.270200646482408,""peierls_exp_a"":1.9097672308795155,""peierls_exp_n"":1.1372957159765065,""peierls_nu0_s"":1000000000000.0,""rho_source0_m2"":1.8825380261134816e+16,""taylor_H0_eV"":1.4764862895973019,""taylor_activation_entropy_kB"":31.687907809391618,""taylor_corr_rho_c_m2"":41751636008132.58,""taylor_corr_scale"":0.7939037389024242,""taylor_exp_a"":0.4561179580539465,""taylor_exp_n"":1.2506696581840515,""taylor_nu0_s"":100000000000.0}",ARCHIVED_MORPH_0.25,v913_zeroD_sobol_0242980|v913_zeroD_sobol_0086420,0.0,0.020219740098087052,0.2,2.0,0.0,0.07703108979852587,0.6075967738598059,0.0,0.0,0.0,0.0,1.0,True,"{""TARGET_RIGHT_CENSORED"": 8}",481.33,4.3363972033402165,0.0065859721209853,7.3331596757872255,-0.0005437478630337249,1.332467428751689,1.4460480165240166,0.0184513317135146,2.4359880413838866,5.952099710700002e-05,7.25925042702477,0.00127485585398965,0.13778053631498044,1.3125429280357732,0.0058420097608974,6.1108457643006995,10.270200646482408,1.9097672308795155,1.1372957159765065,1000000000000.0,1.4764862895973019,31.687907809391618,0.4561179580539465,1.2506696581840515,100000000000.0,1.8825380261134816e+16,41751636008132.58,0.7939037389024242,2.670892629023567,False,0.0175393353887762,True,PARETO_NEAR_FRONT
oneD_v2_peak_R_82c86f29b0506909,Peak,82c86f29b0506909224b2d6981f905842ffb2a7b58df270d7db077d495c38d93,"{""Tref_K"":481.33,""c_blunt"":6.1659459392649705,""cleave_G00_eV"":3.3682307432585707,""cleave_exp_a"":1.3443981423903508,""cleave_exp_n"":1.3838494374220351,""cleave_floor_frac"":0.0184513317135146,""cleave_gT_eV_per_K"":0.004657934796502675,""cleave_sT_GPa_per_K"":-0.00022678662679501659,""cleave_sigc0_GPa"":5.738683227106576,""emit_G00_eV"":1.710347902838386,""emit_exp_a"":0.13140123623232436,""emit_exp_n"":1.0623093312996226,""emit_floor_frac"":0.0058420097608974,""emit_gT_eV_per_K"":0.0017215703265279266,""emit_sT_GPa_per_K"":0.0015806828542575021,""emit_sigc0_GPa"":5.964465144857708,""peierls_H0_eV"":4.091297368892876,""peierls_activation_entropy_kB"":2.980109350748803,""peierls_exp_a"":1.9097672308795155,""peierls_exp_n"":1.1372957159765065,""peierls_nu0_s"":1000000000000.0,""rho_source0_m2"":2.916441509019592e+16,""taylor_H0_eV"":2.5884206875309506,""taylor_activation_entropy_kB"":25.811017816627338,""taylor_corr_rho_c_m2"":29103895851994.48,""taylor_corr_scale"":0.757940475474611,""taylor_exp_a"":0.4561179580539465,""taylor_exp_n"":1.2506696581840515,""taylor_nu0_s"":100000000000.0}",SOBOL_LOCAL_MATERIAL,v913_zeroD_sobol_0242980,0.0,0.023765357466906806,0.2,2.0,0.0,0.5863259994980137,0.08932851543469006,0.0,0.0,0.0,0.0,1.0,True,"{""TARGET_RIGHT_CENSORED"": 8}",481.33,3.3682307432585707,0.004657934796502675,5.738683227106576,-0.00022678662679501659,1.3443981423903508,1.3838494374220351,0.0184513317135146,1.710347902838386,0.0017215703265279266,5.964465144857708,0.0015806828542575021,0.13140123623232436,1.0623093312996226,0.0058420097608974,4.091297368892876,2.980109350748803,1.9097672308795155,1.1372957159765065,1000000000000.0,2.5884206875309506,25.811017816627338,0.4561179580539465,1.2506696581840515,100000000000.0,2.916441509019592e+16,29103895851994.48,0.757940475474611,6.1659459392649705,True,0.0,True,PARETO_NONDOMINATED
oneD_v2_peak_R_08d3d587dc56027b,Peak,08d3d587dc56027b4eb2564864fa2fe415282aa3431338a0fee1868bb43be518,"{""Tref_K"":481.33,""c_blunt"":1.424663168329676,""cleave_G00_eV"":3.171146620871817,""cleave_exp_a"":0.28600664998992803,""cleave_exp_n"":1.8184835225834575,""cleave_floor_frac"":0.0184513317135146,""cleave_gT_eV_per_K"":0.00879082556627685,""cleave_sT_GPa_per_K"":-0.0007498653298243,""cleave_sigc0_GPa"":4.73576893861172,""emit_G00_eV"":2.3481392692556207,""emit_exp_a"":0.3230300085259632,""emit_exp_n"":1.5380874349336966,""emit_floor_frac"":0.0058420097608974,""emit_gT_eV_per_K"":4.796832241120002e-05,""emit_sT_GPa_per_K"":6.64130300283499e-05,""emit_sigc0_GPa"":6.602335496409738,""peierls_H0_eV"":4.209927337760458,""peierls_activation_entropy_kB"":9.085712656378746,""peierls_exp_a"":1.9097672308795155,""peierls_exp_n"":1.1372957159765065,""peierls_nu0_s"":1000000000000.0,""rho_source0_m2"":4647049131263252.0,""taylor_H0_eV"":1.176183578425382,""taylor_activation_entropy_kB"":22.678739354014397,""taylor_corr_rho_c_m2"":3477850040195386.0,""taylor_corr_scale"":1.7595805489093488,""taylor_exp_a"":0.4561179580539465,""taylor_exp_n"":1.2506696581840515,""taylor_nu0_s"":100000000000.0}",ARCHIVED_MORPH_0.50,v913_zeroD_sobol_0242980|v913_zeroD_sobol_0011131,0.0,0.028368284740904998,0.2,2.0,0.0,0.6100808032515488,0.39688467992990806,0.0,0.0,0.0,0.0,1.0,True,"{""TARGET_RIGHT_CENSORED"": 8}",481.33,3.171146620871817,0.00879082556627685,4.73576893861172,-0.0007498653298243,0.28600664998992803,1.8184835225834575,0.0184513317135146,2.3481392692556207,4.796832241120002e-05,6.602335496409738,6.64130300283499e-05,0.3230300085259632,1.5380874349336966,0.0058420097608974,4.209927337760458,9.085712656378746,1.9097672308795155,1.1372957159765065,1000000000000.0,1.176183578425382,22.678739354014397,0.4561179580539465,1.2506696581840515,100000000000.0,4647049131263252.0,3477850040195386.0,1.7595805489093488,1.424663168329676,False,0.06894962917058237,True,PARETO_NEAR_FRONT
oneD_v2_peak_R_246c0869f8731827,Peak,246c0869f8731827c9e80cc0cd79366ecf540dcc7538b7920dc5e0a53d483e19,"{""Tref_K"":481.33,""c_blunt"":1.4451460576589714,""cleave_G00_eV"":3.516328427489976,""cleave_exp_a"":1.2196766225733975,""cleave_exp_n"":1.5727213882324402,""cleave_floor_frac"":0.0184513317135146,""cleave_gT_eV_per_K"":0.007841841882869955,""cleave_sT_GPa_per_K"":-0.000924051287539044,""cleave_sigc0_GPa"":6.54252071873597,""emit_G00_eV"":1.7514144669753824,""emit_exp_a"":0.059339211622230006,""emit_exp_n"":1.4537397108014585,""emit_floor_frac"":0.0058420097608974,""emit_gT_eV_per_K"":-4.2932433800346856e-05,""emit_sT_GPa_per_K"":0.003500252612386955,""emit_sigc0_GPa"":3.529224194612572,""peierls_H0_eV"":4.66420149370745,""peierls_activation_entropy_kB"":18.580535946886698,""peierls_exp_a"":1.9097672308795155,""peierls_exp_n"":1.1372957159765065,""peierls_nu0_s"":1000000000000.0,""rho_source0_m2"":4.8589940360659656e+16,""taylor_H0_eV"":1.8340770045732702,""taylor_activation_entropy_kB"":51.6263453267867,""taylor_corr_rho_c_m2"":37305662948833.83,""taylor_corr_scale"":0.4465552423232046,""taylor_exp_a"":0.4561179580539465,""taylor_exp_n"":1.2506696581840515,""taylor_nu0_s"":100000000000.0}",SOBOL_LOCAL_MATERIAL,v913_zeroD_sobol_0242980,0.0,0.029941651297336815,0.2,2.0,0.0,0.819609367107605,0.02597260081788269,0.0,0.0,0.0,0.0,1.0,True,"{""TARGET_RIGHT_CENSORED"": 8}",481.33,3.516328427489976,0.007841841882869955,6.54252071873597,-0.000924051287539044,1.2196766225733975,1.5727213882324402,0.0184513317135146,1.7514144669753824,-4.2932433800346856e-05,3.529224194612572,0.003500252612386955,0.059339211622230006,1.4537397108014585,0.0058420097608974,4.66420149370745,18.580535946886698,1.9097672308795155,1.1372957159765065,1000000000000.0,1.8340770045732702,51.6263453267867,0.4561179580539465,1.2506696581840515,100000000000.0,4.8589940360659656e+16,37305662948833.83,0.4465552423232046,1.4451460576589714,True,0.0,True,PARETO_NONDOMINATED
oneD_v2_peak_R_a2b04a58f869dd69,Peak,a2b04a58f869dd692e71cb76ee339a38508704ed4fca174d8452b8747373faf3,"{""Tref_K"":481.33,""c_blunt"":3.7028011385152215,""cleave_G00_eV"":5.345478027767546,""cleave_exp_a"":1.574174453873307,""cleave_exp_n"":1.5257226448731398,""cleave_floor_frac"":0.0184513317135146,""cleave_gT_eV_per_K"":0.010650756885892294,""cleave_sT_GPa_per_K"":-0.0008830182875187744,""cleave_sigc0_GPa"":8.150362251456027,""emit_G00_eV"":1.8323597400083755,""emit_exp_a"":0.09570486504360987,""emit_exp_n"":0.690679369076342,""emit_floor_frac"":0.0058420097608974,""emit_gT_eV_per_K"":0.0003299985403505854,""emit_sT_GPa_per_K"":-0.0006441889151067436,""emit_sigc0_GPa"":9.511616567670195,""peierls_H0_eV"":4.195804874112975,""peierls_activation_entropy_kB"":24.392096446132353,""peierls_exp_a"":1.9097672308795155,""peierls_exp_n"":1.1372957159765065,""peierls_nu0_s"":1000000000000.0,""rho_source0_m2"":1.762834614756994e+16,""taylor_H0_eV"":1.206293685193471,""taylor_activation_entropy_kB"":34.43476068687546,""taylor_corr_rho_c_m2"":42426935328062.59,""taylor_corr_scale"":0.8126195452796386,""taylor_exp_a"":0.4561179580539465,""taylor_exp_n"":1.2506696581840515,""taylor_nu0_s"":100000000000.0}",SOBOL_LOCAL_MATERIAL,v913_zeroD_sobol_0242980,0.0,0.030014507122633656,0.2,2.0,0.0,0.5642538099706857,0.1787630215341055,0.0,0.0,0.0,0.0,1.0,True,"{""TARGET_RIGHT_CENSORED"": 8}",481.33,5.345478027767546,0.010650756885892294,8.150362251456027,-0.0008830182875187744,1.574174453873307,1.5257226448731398,0.0184513317135146,1.8323597400083755,0.0003299985403505854,9.511616567670195,-0.0006441889151067436,0.09570486504360987,0.690679369076342,0.0058420097608974,4.195804874112975,24.392096446132353,1.9097672308795155,1.1372957159765065,1000000000000.0,1.206293685193471,34.43476068687546,0.4561179580539465,1.2506696581840515,100000000000.0,1.762834614756994e+16,42426935328062.59,0.8126195452796386,3.7028011385152215,True,0.0,True,PARETO_NONDOMINATED
oneD_v2_peak_R_703892766dd4751d,Peak,703892766dd4751de86a408dcb08ad70fa348a6e3e046817116a5533bd3f7e20,"{""Tref_K"":481.33,""c_blunt"":2.687256144359708,""cleave_G00_eV"":4.011803912930191,""cleave_exp_a"":1.3227705595549195,""cleave_exp_n"":1.2558047282509506,""cleave_floor_frac"":0.0184513317135146,""cleave_gT_eV_per_K"":0.0081468212408944,""cleave_sT_GPa_per_K"":-0.0012099820682778,""cleave_sigc0_GPa"":7.349638969637454,""emit_G00_eV"":2.249094663709402,""emit_exp_a"":0.0858719444833695,""emit_exp_n"":1.1423492641188204,""emit_floor_frac"":0.0058420097608974,""emit_gT_eV_per_K"":0.0010361949113197,""emit_sT_GPa_per_K"":0.0013325903080403,""emit_sigc0_GPa"":7.205215461552143,""peierls_H0_eV"":6.368386985268444,""peierls_activation_entropy_kB"":12.2265643812716,""peierls_exp_a"":1.9097672308795155,""peierls_exp_n"":1.1372957159765065,""peierls_nu0_s"":1000000000000.0,""rho_source0_m2"":1.4102520844479966e+16,""taylor_H0_eV"":1.6986502355337143,""taylor_activation_entropy_kB"":38.45378890633583,""taylor_corr_rho_c_m2"":58780073970578.01,""taylor_corr_scale"":0.8638954413677038,""taylor_exp_a"":0.4561179580539465,""taylor_exp_n"":1.2506696581840515,""taylor_nu0_s"":100000000000.0}",DIRECTED_EMISSION_BARRIER_+0.10,v913_zeroD_sobol_0242980,0.0,0.03395938628388014,0.2,2.0,0.0,0.2609226337107709,0.47502078661464775,0.0,0.0,0.0,0.0,1.0,True,"{""TARGET_RIGHT_CENSORED"": 8}",481.33,4.011803912930191,0.0081468212408944,7.349638969637454,-0.0012099820682778,1.3227705595549195,1.2558047282509506,0.0184513317135146,2.249094663709402,0.0010361949113197,7.205215461552143,0.0013325903080403,0.0858719444833695,1.1423492641188204,0.0058420097608974,6.368386985268444,12.2265643812716,1.9097672308795155,1.1372957159765065,1000000000000.0,1.6986502355337143,38.45378890633583,0.4561179580539465,1.2506696581840515,100000000000.0,1.4102520844479966e+16,58780073970578.01,0.8638954413677038,2.687256144359708,False,0.04613544164712961,True,PARETO_NEAR_FRONT
oneD_v2_peak_R_6105b9a62267b3ac,Peak,6105b9a62267b3aca0123008e954d10b7bb757acdd7f15867b6a4a3a092c35a3,"{""Tref_K"":481.33,""c_blunt"":1.0321594900388746,""cleave_G00_eV"":3.83901563873862,""cleave_exp_a"":1.3849068524794457,""cleave_exp_n"":1.1392962452460766,""cleave_floor_frac"":0.0184513317135146,""cleave_gT_eV_per_K"":0.008536874157842201,""cleave_sT_GPa_per_K"":-0.00173142067762085,""cleave_sigc0_GPa"":5.749125299022869,""emit_G00_eV"":2.392072399759436,""emit_exp_a"":0.19386154469057518,""emit_exp_n"":0.9507666730862973,""emit_floor_frac"":0.0058420097608974,""emit_gT_eV_per_K"":-0.0009415176133625,""emit_sT_GPa_per_K"":0.0056363158663733995,""emit_sigc0_GPa"":8.176456425267759,""peierls_H0_eV"":6.540115827717051,""peierls_activation_entropy_kB"":-15.631131222471595,""peierls_exp_a"":1.9097672308795155,""peierls_exp_n"":1.1372957159765065,""peierls_nu0_s"":1000000000000.0,""rho_source0_m2"":128702407675403.45,""taylor_H0_eV"":1.1587782424458346,""taylor_activation_entropy_kB"":6.252417974174023,""taylor_corr_rho_c_m2"":1541646040774772.0,""taylor_corr_scale"":1.2474733647402825,""taylor_exp_a"":0.4561179580539465,""taylor_exp_n"":1.2506696581840515,""taylor_nu0_s"":100000000000.0}",ARCHIVED_MORPH_0.50,v913_zeroD_sobol_0242980|v913_zeroD_sobol_0077080,0.0,0.03450551457051873,0.2,2.0,0.0,1.0630250395785672,0.1765947598649469,0.0,0.0,0.0,0.0,1.0,True,"{""TARGET_RIGHT_CENSORED"": 8}",481.33,3.83901563873862,0.008536874157842201,5.749125299022869,-0.00173142067762085,1.3849068524794457,1.1392962452460766,0.0184513317135146,2.392072399759436,-0.0009415176133625,8.176456425267759,0.0056363158663733995,0.19386154469057518,0.9507666730862973,0.0058420097608974,6.540115827717051,-15.631131222471595,1.9097672308795155,1.1372957159765065,1000000000000.0,1.1587782424458346,6.252417974174023,0.4561179580539465,1.2506696581840515,100000000000.0,128702407675403.45,1541646040774772.0,1.2474733647402825,1.0321594900388746,False,0.09493295248811863,True,PARETO_NEAR_FRONT
oneD_v2_peak_R_c6a26b3cf88094ab,Peak,c6a26b3cf88094ab116fe17c8ac665a01cd3f644c3463358205017c1b3843ff7,"{""Tref_K"":481.33,""c_blunt"":2.337711697715214,""cleave_G00_eV"":4.022524395704362,""cleave_exp_a"":0.7484430805583794,""cleave_exp_n"":1.489905733520474,""cleave_floor_frac"":0.0184513317135146,""cleave_gT_eV_per_K"":0.0072170695620588,""cleave_sT_GPa_per_K"":-0.00089159019384526,""cleave_sigc0_GPa"":6.024966915974033,""emit_G00_eV"":2.4535615900637877,""emit_exp_a"":0.09265978334548224,""emit_exp_n"":1.2920047737152773,""emit_floor_frac"":0.0058420097608974,""emit_gT_eV_per_K"":7.439059019084999e-05,""emit_sT_GPa_per_K"":-0.000793918151408475,""emit_sigc0_GPa"":6.2671948956282115,""peierls_H0_eV"":3.9658960202963516,""peierls_activation_entropy_kB"":4.002444879151881,""peierls_exp_a"":1.9097672308795155,""peierls_exp_n"":1.1372957159765065,""peierls_nu0_s"":1000000000000.0,""rho_source0_m2"":4377769675684707.0,""taylor_H0_eV"":0.9230935237780753,""taylor_activation_entropy_kB"":34.45672922767699,""taylor_corr_rho_c_m2"":20781304083815.043,""taylor_corr_scale"":0.6217933646109284,""taylor_exp_a"":0.4561179580539465,""taylor_exp_n"":1.2506696581840515,""taylor_nu0_s"":100000000000.0}",ARCHIVED_MORPH_0.25,v913_zeroD_sobol_0242980|v913_zeroD_sobol_0162507,0.0,0.03566541040690929,0.2,2.0,0.0,0.3014088738225388,0.7093311075916563,0.0,0.0,0.0,0.0,1.0,True,"{""TARGET_RIGHT_CENSORED"": 8}",481.33,4.022524395704362,0.0072170695620588,6.024966915974033,-0.00089159019384526,0.7484430805583794,1.489905733520474,0.0184513317135146,2.4535615900637877,7.439059019084999e-05,6.2671948956282115,-0.000793918151408475,0.09265978334548224,1.2920047737152773,0.0058420097608974,3.9658960202963516,4.002444879151881,1.9097672308795155,1.1372957159765065,1000000000000.0,0.9230935237780753,34.45672922767699,0.4561179580539465,1.2506696581840515,100000000000.0,4377769675684707.0,20781304083815.043,0.6217933646109284,2.337711697715214,False,0.09725355411208533,True,PARETO_NEAR_FRONT
oneD_v2_peak_R_d37cd5d099e9b5f3,Peak,d37cd5d099e9b5f35c4ccacb0eecc7bc8e2b01837c43759253e1c4a528093dee,"{""Tref_K"":481.33,""c_blunt"":2.622675969807803,""cleave_G00_eV"":4.0817923689601665,""cleave_exp_a"":1.297689070382838,""cleave_exp_n"":1.1845941322384617,""cleave_floor_frac"":0.0184513317135146,""cleave_gT_eV_per_K"":0.007203217804315425,""cleave_sT_GPa_per_K"":-0.0005823669314849499,""cleave_sigc0_GPa"":7.164379287394112,""emit_G00_eV"":2.211452506934023,""emit_exp_a"":0.12165457649755795,""emit_exp_n"":1.351183370401348,""emit_floor_frac"":0.0058420097608974,""emit_gT_eV_per_K"":4.3692322215025075e-05,""emit_sT_GPa_per_K"":-0.000609135908074725,""emit_sigc0_GPa"":7.371955846678834,""peierls_H0_eV"":4.6117446528518435,""peierls_activation_entropy_kB"":13.377468641847372,""peierls_exp_a"":1.9097672308795155,""peierls_exp_n"":1.1372957159765065,""peierls_nu0_s"":1000000000000.0,""rho_source0_m2"":5274197020946156.0,""taylor_H0_eV"":1.6833421665111588,""taylor_activation_entropy_kB"":33.33104254677892,""taylor_corr_rho_c_m2"":36559613193182.12,""taylor_corr_scale"":0.6777650145372466,""taylor_exp_a"":0.4561179580539465,""taylor_exp_n"":1.2506696581840515,""taylor_nu0_s"":100000000000.0}",ARCHIVED_MORPH_0.25,v913_zeroD_sobol_0242980|v913_zeroD_sobol_0088403,0.0,0.037922247589200486,0.2,2.0,0.0,0.12170111108513657,0.6277390669773233,0.0,0.0,0.0,0.0,1.0,True,"{""TARGET_RIGHT_CENSORED"": 8}",481.33,4.0817923689601665,0.007203217804315425,7.164379287394112,-0.0005823669314849499,1.297689070382838,1.1845941322384617,0.0184513317135146,2.211452506934023,4.3692322215025075e-05,7.371955846678834,-0.000609135908074725,0.12165457649755795,1.351183370401348,0.0058420097608974,4.6117446528518435,13.377468641847372,1.9097672308795155,1.1372957159765065,1000000000000.0,1.6833421665111588,33.33104254677892,0.4561179580539465,1.2506696581840515,100000000000.0,5274197020946156.0,36559613193182.12,0.6777650145372466,2.622675969807803,False,0.032958842980309294,True,PARETO_NEAR_FRONT
oneD_v2_peak_R_ade9e80ec9c4e4ca,Peak,ade9e80ec9c4e4ca332f232bd1d6fdc8f0b9aa6acbc8df36fd1d2745101547df,"{""Tref_K"":481.33,""c_blunt"":1.1406117584815523,""cleave_G00_eV"":4.213746429309319,""cleave_exp_a"":1.6023269728399536,""cleave_exp_n"":1.323821575648507,""cleave_floor_frac"":0.0184513317135146,""cleave_gT_eV_per_K"":0.010160503021195106,""cleave_sT_GPa_per_K"":-0.0014365269593884346,""cleave_sigc0_GPa"":9.820273410532998,""emit_G00_eV"":1.4857797275999969,""emit_exp_a"":0.060084186363660794,""emit_exp_n"":1.343600447923835,""emit_floor_frac"":0.0058420097608974,""emit_gT_eV_per_K"":0.0019012681328821395,""emit_sT_GPa_per_K"":0.0029996370677182905,""emit_sigc0_GPa"":12.370429215317158,""peierls_H0_eV"":7.30327490408842,""peierls_activation_entropy_kB"":10.2977540958098,""peierls_exp_a"":1.9097672308795155,""peierls_exp_n"":1.1372957159765065,""peierls_nu0_s"":1000000000000.0,""rho_source0_m2"":4085500637040461.5,""taylor_H0_eV"":1.7189386810024236,""taylor_activation_entropy_kB"":41.06989778128107,""taylor_corr_rho_c_m2"":20208717160891.4,""taylor_corr_scale"":0.42781875891670884,""taylor_exp_a"":0.4561179580539465,""taylor_exp_n"":1.2506696581840515,""taylor_nu0_s"":100000000000.0}",SOBOL_LOCAL_MATERIAL,v913_zeroD_sobol_0242980,0.0,0.0383684113037243,0.2,2.0,0.0,0.2253979562653658,0.3866586795956488,0.0,0.0,0.0,0.0,1.0,True,"{""TARGET_RIGHT_CENSORED"": 8}",481.33,4.213746429309319,0.010160503021195106,9.820273410532998,-0.0014365269593884346,1.6023269728399536,1.323821575648507,0.0184513317135146,1.4857797275999969,0.0019012681328821395,12.370429215317158,0.0029996370677182905,0.060084186363660794,1.343600447923835,0.0058420097608974,7.30327490408842,10.2977540958098,1.9097672308795155,1.1372957159765065,1000000000000.0,1.7189386810024236,41.06989778128107,0.4561179580539465,1.2506696581840515,100000000000.0,4085500637040461.5,20208717160891.4,0.42781875891670884,1.1406117584815523,False,0.009164751010984509,True,PARETO_NEAR_FRONT
oneD_v2_peak_R_fd93d2bcc6589d34,Peak,fd93d2bcc6589d341f4bed20adaaa662beec32aa4edc8fee4058a0b93f1180f7,"{""Tref_K"":481.33,""c_blunt"":2.1682076271052955,""cleave_G00_eV"":2.5872357493700724,""cleave_exp_a"":1.082800972353343,""cleave_exp_n"":1.2651629505668367,""cleave_floor_frac"":0.0184513317135146,""cleave_gT_eV_per_K"":0.010859596289804973,""cleave_sT_GPa_per_K"":-0.001505797304754442,""cleave_sigc0_GPa"":6.718910761843398,""emit_G00_eV"":2.0963069656491293,""emit_exp_a"":0.0527741458058314,""emit_exp_n"":0.8085198428150244,""emit_floor_frac"":0.0058420097608974,""emit_gT_eV_per_K"":-0.0005719153722352026,""emit_sT_GPa_per_K"":0.0017647614491843463,""emit_sigc0_GPa"":7.291110085560056,""peierls_H0_eV"":4.626152245301938,""peierls_activation_entropy_kB"":0.11169810781215617,""peierls_exp_a"":1.9097672308795155,""peierls_exp_n"":1.1372957159765065,""peierls_nu0_s"":1000000000000.0,""rho_source0_m2"":7541302075910606.0,""taylor_H0_eV"":1.1308142387608848,""taylor_activation_entropy_kB"":15.384890382277622,""taylor_corr_rho_c_m2"":26937039616309.7,""taylor_corr_scale"":1.1157329246301686,""taylor_exp_a"":0.4561179580539465,""taylor_exp_n"":1.2506696581840515,""taylor_nu0_s"":100000000000.0}",SOBOL_LOCAL_MATERIAL,v913_zeroD_sobol_0242980,0.0,0.04436977540304655,0.2,2.0,0.0,0.052947739130457895,0.6878899366192924,0.0,0.0,0.0,0.0,1.0,True,"{""TARGET_RIGHT_CENSORED"": 8}",481.33,2.5872357493700724,0.010859596289804973,6.718910761843398,-0.001505797304754442,1.082800972353343,1.2651629505668367,0.0184513317135146,2.0963069656491293,-0.0005719153722352026,7.291110085560056,0.0017647614491843463,0.0527741458058314,0.8085198428150244,0.0058420097608974,4.626152245301938,0.11169810781215617,1.9097672308795155,1.1372957159765065,1000000000000.0,1.1308142387608848,15.384890382277622,0.4561179580539465,1.2506696581840515,100000000000.0,7541302075910606.0,26937039616309.7,1.1157329246301686,2.1682076271052955,False,0.0648668302307941,True,PARETO_NEAR_FRONT
oneD_v2_peak_R_4d33ee332d1288aa,Peak,4d33ee332d1288aa1d4355ac71309ad39c89f74c4e2cae81002d5a328f9ec21a,"{""Tref_K"":481.33,""c_blunt"":4.6527964933748525,""cleave_G00_eV"":3.175840387212283,""cleave_exp_a"":0.9025361474493943,""cleave_exp_n"":1.237678397051655,""cleave_floor_frac"":0.0184513317135146,""cleave_gT_eV_per_K"":0.012759462128173074,""cleave_sT_GPa_per_K"":-0.0019021562940311487,""cleave_sigc0_GPa"":7.216182256783814,""emit_G00_eV"":1.5246878560343036,""emit_exp_a"":0.10277682045347199,""emit_exp_n"":1.6996984276954523,""emit_floor_frac"":0.0058420097608974,""emit_gT_eV_per_K"":0.0008713122972833457,""emit_sT_GPa_per_K"":0.0009638182388609308,""emit_sigc0_GPa"":8.236590045164915,""peierls_H0_eV"":4.87392830959245,""peierls_activation_entropy_kB"":11.861285186108876,""peierls_exp_a"":1.9097672308795155,""peierls_exp_n"":1.1372957159765065,""peierls_nu0_s"":1000000000000.0,""rho_source0_m2"":6374738845030867.0,""taylor_H0_eV"":2.5498015883258383,""taylor_activation_entropy_kB"":58.07874630421999,""taylor_corr_rho_c_m2"":82856090206526.7,""taylor_corr_scale"":0.6104830052288241,""taylor_exp_a"":0.4561179580539465,""taylor_exp_n"":1.2506696581840515,""taylor_nu0_s"":100000000000.0}",SOBOL_LOCAL_MATERIAL,v913_zeroD_sobol_0242980,0.0,0.05044190822022444,0.1,1.0,0.0,2.0613621089193876,0.2893301532773477,0.0,0.03803300131037909,0.10223369880203835,0.375,0.9473684210526315,True,"{""TARGET_RIGHT_CENSORED"": 8}",481.33,3.175840387212283,0.012759462128173074,7.216182256783814,-0.0019021562940311487,0.9025361474493943,1.237678397051655,0.0184513317135146,1.5246878560343036,0.0008713122972833457,8.236590045164915,0.0009638182388609308,0.10277682045347199,1.6996984276954523,0.0058420097608974,4.87392830959245,11.861285186108876,1.9097672308795155,1.1372957159765065,1000000000000.0,2.5498015883258383,58.07874630421999,0.4561179580539465,1.2506696581840515,100000000000.0,6374738845030867.0,82856090206526.7,0.6104830052288241,4.6527964933748525,True,0.0,True,PARETO_NONDOMINATED
oneD_v2_peak_R_932bdf8f2f16e7ad,Peak,932bdf8f2f16e7ad83d084a83442602cdb387e7dc01b0f5011aeb363e54adfba,"{""Tref_K"":481.33,""c_blunt"":2.0336341934150344,""cleave_G00_eV"":4.033273526127674,""cleave_exp_a"":0.42348012721435196,""cleave_exp_n"":1.7676467087911691,""cleave_floor_frac"":0.0184513317135146,""cleave_gT_eV_per_K"":0.0062873178832232,""cleave_sT_GPa_per_K"":-0.0005731983194127201,""cleave_sigc0_GPa"":4.939048909551032,""emit_G00_eV"":2.9442784382132077,""emit_exp_a"":0.09998417412446615,""emit_exp_n"":1.4612661711571222,""emit_floor_frac"":0.0058420097608974,""emit_gT_eV_per_K"":-0.0007932141935453001,""emit_sT_GPa_per_K"":-0.00292042661085725,""emit_sigc0_GPa"":5.451291785704229,""peierls_H0_eV"":2.469751175640821,""peierls_activation_entropy_kB"":-4.221674622967839,""peierls_exp_a"":1.9097672308795155,""peierls_exp_n"":1.1372957159765065,""peierls_nu0_s"":1000000000000.0,""rho_source0_m2"":1358967488486013.2,""taylor_H0_eV"":0.5016345541984366,""taylor_activation_entropy_kB"":30.459669549018145,""taylor_corr_rho_c_m2"":7347091799172.5,""taylor_corr_scale"":0.44753909994255553,""taylor_exp_a"":0.4561179580539465,""taylor_exp_n"":1.2506696581840515,""taylor_nu0_s"":100000000000.0}",ARCHIVED_MORPH_0.50,v913_zeroD_sobol_0242980|v913_zeroD_sobol_0162507,0.0,0.05136875976852279,0.2,2.0,0.0,0.46843350792975635,0.6148049657499545,0.0,0.0,0.0,0.0,1.0,True,"{""TARGET_RIGHT_CENSORED"": 8}",481.33,4.033273526127674,0.0062873178832232,4.939048909551032,-0.0005731983194127201,0.42348012721435196,1.7676467087911691,0.0184513317135146,2.9442784382132077,-0.0007932141935453001,5.451291785704229,-0.00292042661085725,0.09998417412446615,1.4612661711571222,0.0058420097608974,2.469751175640821,-4.221674622967839,1.9097672308795155,1.1372957159765065,1000000000000.0,0.5016345541984366,30.459669549018145,0.4561179580539465,1.2506696581840515,100000000000.0,1358967488486013.2,7347091799172.5,0.44753909994255553,2.0336341934150344,False,0.08965384981986337,True,PARETO_NEAR_FRONT
oneD_v2_peak_R_979123ab97d80d25,Peak,979123ab97d80d254eb963c7324a85a7de0d2e53edea4c4c81cc752d0f21228a,"{""Tref_K"":481.33,""c_blunt"":2.068186245879681,""cleave_G00_eV"":2.6658657176479137,""cleave_exp_a"":0.9018652538566864,""cleave_exp_n"":1.3998081035006043,""cleave_floor_frac"":0.0184513317135146,""cleave_gT_eV_per_K"":0.00925154464482325,""cleave_sT_GPa_per_K"":-0.00109011069545515,""cleave_sigc0_GPa"":5.8347486612813135,""emit_G00_eV"":2.793698321492676,""emit_exp_a"":0.21271416217162395,""emit_exp_n"":1.3793523777625851,""emit_floor_frac"":0.0058420097608974,""emit_gT_eV_per_K"":-0.0009297548499889501,""emit_sT_GPa_per_K"":0.001130847107619,""emit_sigc0_GPa"":5.7853550785530246,""peierls_H0_eV"":6.616958183011408,""peierls_activation_entropy_kB"":-8.70987922884524,""peierls_exp_a"":1.9097672308795155,""peierls_exp_n"":1.1372957159765065,""peierls_nu0_s"":1000000000000.0,""rho_source0_m2"":2.738529902587142e+16,""taylor_H0_eV"":0.943442611429483,""taylor_activation_entropy_kB"":31.80725248530507,""taylor_corr_rho_c_m2"":2134824902592408.5,""taylor_corr_scale"":0.5150798366320383,""taylor_exp_a"":0.4561179580539465,""taylor_exp_n"":1.2506696581840515,""taylor_nu0_s"":100000000000.0}",ARCHIVED_MORPH_0.50,v913_zeroD_sobol_0242980|v913_zeroD_sobol_0196804,0.0,0.05281210537981492,0.2,2.0,0.0,0.34832724343131827,0.591573354098957,0.0,0.0,0.0,0.0,1.0,True,"{""TARGET_RIGHT_CENSORED"": 8}",481.33,2.6658657176479137,0.00925154464482325,5.8347486612813135,-0.00109011069545515,0.9018652538566864,1.3998081035006043,0.0184513317135146,2.793698321492676,-0.0009297548499889501,5.7853550785530246,0.001130847107619,0.21271416217162395,1.3793523777625851,0.0058420097608974,6.616958183011408,-8.70987922884524,1.9097672308795155,1.1372957159765065,1000000000000.0,0.943442611429483,31.80725248530507,0.4561179580539465,1.2506696581840515,100000000000.0,2.738529902587142e+16,2134824902592408.5,0.5150798366320383,2.068186245879681,False,0.06471302072956754,True,PARETO_NEAR_FRONT
oneD_v2_peak_R_1d4798c2e8f6224b,Peak,1d4798c2e8f6224bebf3b9110462a8c660412f534042a6ac8e7ebcb92cd85f85,"{""Tref_K"":481.33,""c_blunt"":2.1380870639974265,""cleave_G00_eV"":4.028339912565617,""cleave_exp_a"":1.1811707158787037,""cleave_exp_n"":1.482451575527865,""cleave_floor_frac"":0.0184513317135146,""cleave_gT_eV_per_K"":0.006357004817924375,""cleave_sT_GPa_per_K"":-0.00031732058688059995,""cleave_sigc0_GPa"":7.325974343724342,""emit_G00_eV"":2.0763392021176355,""emit_exp_a"":0.09682384593245615,""emit_exp_n"":1.2078859786845855,""emit_floor_frac"":0.0058420097608974,""emit_gT_eV_per_K"":0.0006914723694789729,""emit_sT_GPa_per_K"":-0.00056714213732635,""emit_sigc0_GPa"":7.338417657874076,""peierls_H0_eV"":3.9486140733506794,""peierls_activation_entropy_kB"":3.5222880030050874,""peierls_exp_a"":1.9097672308795155,""peierls_exp_n"":1.1372957159765065,""peierls_nu0_s"":1000000000000.0,""rho_source0_m2"":6919425798966186.0,""taylor_H0_eV"":1.733153992202214,""taylor_activation_entropy_kB"":35.742576252669096,""taylor_corr_rho_c_m2"":315045458494470.56,""taylor_corr_scale"":0.6031926280663755,""taylor_exp_a"":0.4561179580539465,""taylor_exp_n"":1.2506696581840515,""taylor_nu0_s"":100000000000.0}",ARCHIVED_MORPH_0.25,v913_zeroD_sobol_0242980|v913_zeroD_sobol_0073460,0.0,0.06322344298454526,0.2,2.0,0.0,0.05230155546327353,0.6201362186978385,0.0,0.0,0.0,0.0,1.0,True,"{""TARGET_RIGHT_CENSORED"": 8}",481.33,4.028339912565617,0.006357004817924375,7.325974343724342,-0.00031732058688059995,1.1811707158787037,1.482451575527865,0.0184513317135146,2.0763392021176355,0.0006914723694789729,7.338417657874076,-0.00056714213732635,0.09682384593245615,1.2078859786845855,0.0058420097608974,3.9486140733506794,3.5222880030050874,1.9097672308795155,1.1372957159765065,1000000000000.0,1.733153992202214,35.742576252669096,0.4561179580539465,1.2506696581840515,100000000000.0,6919425798966186.0,315045458494470.56,0.6031926280663755,2.1380870639974265,False,0.021810589144800687,True,PARETO_NEAR_FRONT
oneD_v2_peak_R_95b20256d3914319,Peak,95b20256d39143191edeb9fe4b064e02594c2b4ebcd16a21e43bdc7a8fb06839,"{""Tref_K"":481.33,""c_blunt"":1.7118983804223662,""cleave_G00_eV"":2.8401737351868603,""cleave_exp_a"":1.1899221715047947,""cleave_exp_n"":1.2269736480304827,""cleave_floor_frac"":0.0184513317135146,""cleave_gT_eV_per_K"":0.00833134221757943,""cleave_sT_GPa_per_K"":-0.001553456356439807,""cleave_sigc0_GPa"":9.487721900195227,""emit_G00_eV"":2.28005031758915,""emit_exp_a"":0.06430450189566286,""emit_exp_n"":1.4614214499180973,""emit_floor_frac"":0.0058420097608974,""emit_gT_eV_per_K"":0.00040405317829564553,""emit_sT_GPa_per_K"":0.0028427016933719406,""emit_sigc0_GPa"":6.013698643089264,""peierls_H0_eV"":10.19115483025809,""peierls_activation_entropy_kB"":20.96029239327295,""peierls_exp_a"":1.9097672308795155,""peierls_exp_n"":1.1372957159765065,""peierls_nu0_s"":1000000000000.0,""rho_source0_m2"":8987476275360429.0,""taylor_H0_eV"":1.8663893720874063,""taylor_activation_entropy_kB"":30.212559543280534,""taylor_corr_rho_c_m2"":153280243824015.53,""taylor_corr_scale"":0.5713691279521577,""taylor_exp_a"":0.4561179580539465,""taylor_exp_n"":1.2506696581840515,""taylor_nu0_s"":100000000000.0}",SOBOL_LOCAL_MATERIAL,v913_zeroD_sobol_0242980,0.0,0.0713637784578614,0.2,2.0,0.0,0.5559075506107846,0.6955979177163591,0.0,0.0,0.0,0.0,1.0,True,"{""TARGET_RIGHT_CENSORED"": 8}",481.33,2.8401737351868603,0.00833134221757943,9.487721900195227,-0.001553456356439807,1.1899221715047947,1.2269736480304827,0.0184513317135146,2.28005031758915,0.00040405317829564553,6.013698643089264,0.0028427016933719406,0.06430450189566286,1.4614214499180973,0.0058420097608974,10.19115483025809,20.96029239327295,1.9097672308795155,1.1372957159765065,1000000000000.0,1.8663893720874063,30.212559543280534,0.4561179580539465,1.2506696581840515,100000000000.0,8987476275360429.0,153280243824015.53,0.5713691279521577,1.7118983804223662,False,0.126650651829486,True,PARETO_NEAR_FRONT
oneD_v2_peak_R_7cc58f80dd8561d1,Peak,7cc58f80dd8561d1fefe2ac3d52e318c422ca6f2af427085b2bf418f957fd0f0,"{""Tref_K"":481.33,""c_blunt"":2.6546287560809203,""cleave_G00_eV"":4.687253194137874,""cleave_exp_a"":1.3422353830444644,""cleave_exp_n"":1.665111477168433,""cleave_floor_frac"":0.0184513317135146,""cleave_gT_eV_per_K"":0.0050251230010762,""cleave_sT_GPa_per_K"":0.00012248634221035,""cleave_sigc0_GPa"":7.3167173316602305,""emit_G00_eV"":2.902252900629897,""emit_exp_a"":0.22106726826152287,""emit_exp_n"":1.5080930080220447,""emit_floor_frac"":0.0058420097608974,""emit_gT_eV_per_K"":-0.000822953379713,""emit_sT_GPa_per_K"":0.001217121399939,""emit_sigc0_GPa"":7.3136906236121675,""peierls_H0_eV"":5.86371965796889,""peierls_activation_entropy_kB"":8.313836911693215,""peierls_exp_a"":1.9097672308795155,""peierls_exp_n"":1.1372957159765065,""peierls_nu0_s"":1000000000000.0,""rho_source0_m2"":2.5129900241561772e+16,""taylor_H0_eV"":1.2833788367761596,""taylor_activation_entropy_kB"":24.922026712447405,""taylor_corr_rho_c_m2"":29656293223246.73,""taylor_corr_scale"":0.7295826745484332,""taylor_exp_a"":0.4561179580539465,""taylor_exp_n"":1.2506696581840515,""taylor_nu0_s"":100000000000.0}",ARCHIVED_MORPH_0.50,v913_zeroD_sobol_0242980|v913_zeroD_sobol_0086420,0.0,0.07861900665602987,0.2,2.0,0.0,0.1344496442401998,0.6327596561761188,0.0,0.0,0.0,0.0,1.0,True,"{""TARGET_RIGHT_CENSORED"": 8}",481.33,4.687253194137874,0.0050251230010762,7.3167173316602305,0.00012248634221035,1.3422353830444644,1.665111477168433,0.0184513317135146,2.902252900629897,-0.000822953379713,7.3136906236121675,0.001217121399939,0.22106726826152287,1.5080930080220447,0.0058420097608974,5.86371965796889,8.313836911693215,1.9097672308795155,1.1372957159765065,1000000000000.0,1.2833788367761596,24.922026712447405,0.4561179580539465,1.2506696581840515,100000000000.0,2.5129900241561772e+16,29656293223246.73,0.7295826745484332,2.6546287560809203,False,0.03798290217609314,True,PARETO_NEAR_FRONT
oneD_v2_peak_R_a346d56ed494edb2,Peak,a346d56ed494edb2414f17fb9664c80e1b14bf45ca928163f5d4de831408e42c,"{""Tref_K"":481.33,""c_blunt"":2.8398312418255554,""cleave_G00_eV"":2.8765337228753998,""cleave_exp_a"":1.0116220586441977,""cleave_exp_n"":1.0099602114913613,""cleave_floor_frac"":0.0184513317135146,""cleave_gT_eV_per_K"":0.005999261731911756,""cleave_sT_GPa_per_K"":-0.0005076121017479318,""cleave_sigc0_GPa"":6.914240019042533,""emit_G00_eV"":2.4029237403785837,""emit_exp_a"":0.08970517975736504,""emit_exp_n"":1.0728742390727606,""emit_floor_frac"":0.0058420097608974,""emit_gT_eV_per_K"":0.00013639453872445206,""emit_sT_GPa_per_K"":-0.0007615786232793881,""emit_sigc0_GPa"":3.990309463375544,""peierls_H0_eV"":4.3917759748162934,""peierls_activation_entropy_kB"":18.36477577558909,""peierls_exp_a"":1.9097672308795155,""peierls_exp_n"":1.1372957159765065,""peierls_nu0_s"":1000000000000.0,""rho_source0_m2"":1.6859784352025022e+16,""taylor_H0_eV"":1.5751386943638188,""taylor_activation_entropy_kB"":22.22040819935895,""taylor_corr_rho_c_m2"":106813388170816.39,""taylor_corr_scale"":1.5231179712778096,""taylor_exp_a"":0.4561179580539465,""taylor_exp_n"":1.2506696581840515,""taylor_nu0_s"":100000000000.0}",SOBOL_LOCAL_MATERIAL,v913_zeroD_sobol_0242980,0.0,0.08003273568758755,0.2,2.0,0.0,0.3773027753673952,0.5526285431417808,0.0,0.0,0.0,0.0,1.0,True,"{""TARGET_RIGHT_CENSORED"": 8}",481.33,2.8765337228753998,0.005999261731911756,6.914240019042533,-0.0005076121017479318,1.0116220586441977,1.0099602114913613,0.0184513317135146,2.4029237403785837,0.00013639453872445206,3.990309463375544,-0.0007615786232793881,0.08970517975736504,1.0728742390727606,0.0058420097608974,4.3917759748162934,18.36477577558909,1.9097672308795155,1.1372957159765065,1000000000000.0,1.5751386943638188,22.22040819935895,0.4561179580539465,1.2506696581840515,100000000000.0,1.6859784352025022e+16,106813388170816.39,1.5231179712778096,2.8398312418255554,False,0.07373902261408906,True,PARETO_NEAR_FRONT
oneD_v2_peak_R_217ddea045c3c6f7,Peak,217ddea045c3c6f7fe75f13a2ab93281f80d72391bc27661e92355148b5bdb44,"{""Tref_K"":481.33,""c_blunt"":2.4804503704533993,""cleave_G00_eV"":3.6280825057107275,""cleave_exp_a"":1.2748201282234177,""cleave_exp_n"":1.2221362415830965,""cleave_floor_frac"":0.0184513317135146,""cleave_gT_eV_per_K"":0.007615042660618125,""cleave_sT_GPa_per_K"":-0.0009721333251799499,""cleave_sigc0_GPa"":6.638169169770177,""emit_G00_eV"":1.9519905350304032,""emit_exp_a"":0.14255977537130896,""emit_exp_n"":1.0508091124790655,""emit_floor_frac"":0.0058420097608974,""emit_gT_eV_per_K"":0.001346593476599025,""emit_sT_GPa_per_K"":0.000971100893337225,""emit_sigc0_GPa"":4.023772156933686,""peierls_H0_eV"":6.547892555860956,""peierls_activation_entropy_kB"":-2.7694231318309903,""peierls_exp_a"":1.9097672308795155,""peierls_exp_n"":1.1372957159765065,""peierls_nu0_s"":1000000000000.0,""rho_source0_m2"":2698127801842885.0,""taylor_H0_eV"":1.9996548543384396,""taylor_activation_entropy_kB"":38.823772463947535,""taylor_corr_rho_c_m2"":83304705974603.77,""taylor_corr_scale"":0.49450838840948347,""taylor_exp_a"":0.4561179580539465,""taylor_exp_n"":1.2506696581840515,""taylor_nu0_s"":100000000000.0}",ARCHIVED_MORPH_0.25,v913_zeroD_sobol_0242980|v913_zeroD_sobol_0129902,0.0,0.08116122026643863,0.2,2.0,0.0,0.3513117711626217,0.5249187419449934,0.0,0.0,0.0,0.0,1.0,True,"{""TARGET_RIGHT_CENSORED"": 8}",481.33,3.6280825057107275,0.007615042660618125,6.638169169770177,-0.0009721333251799499,1.2748201282234177,1.2221362415830965,0.0184513317135146,1.9519905350304032,0.001346593476599025,4.023772156933686,0.000971100893337225,0.14255977537130896,1.0508091124790655,0.0058420097608974,6.547892555860956,-2.7694231318309903,1.9097672308795155,1.1372957159765065,1000000000000.0,1.9996548543384396,38.823772463947535,0.4561179580539465,1.2506696581840515,100000000000.0,2698127801842885.0,83304705974603.77,0.49450838840948347,2.4804503704533993,False,0.06734441315837061,True,PARETO_NEAR_FRONT
oneD_v2_peak_R_c8be2b24ebce27ab,Peak,c8be2b24ebce27ab27d8a4d94235ab615929b5b211a77e47992b81dacaea0e2f,"{""Tref_K"":481.33,""c_blunt"":3.864930279716326,""cleave_G00_eV"":2.92661936698237,""cleave_exp_a"":1.83173128369479,""cleave_exp_n"":0.8721837967373117,""cleave_floor_frac"":0.0184513317135146,""cleave_gT_eV_per_K"":0.011250023938100262,""cleave_sT_GPa_per_K"":-0.001052715191490846,""cleave_sigc0_GPa"":4.637554427605406,""emit_G00_eV"":1.6285812168161262,""emit_exp_a"":0.12270249687504592,""emit_exp_n"":1.2810859930771497,""emit_floor_frac"":0.0058420097608974,""emit_gT_eV_per_K"":0.0007031884232239094,""emit_sT_GPa_per_K"":0.0027223092116098304,""emit_sigc0_GPa"":7.692071606500119,""peierls_H0_eV"":7.493161300258541,""peierls_activation_entropy_kB"":1.4035514442781292,""peierls_exp_a"":1.9097672308795155,""peierls_exp_n"":1.1372957159765065,""peierls_nu0_s"":1000000000000.0,""rho_source0_m2"":1.6449187669029054e+16,""taylor_H0_eV"":1.2633024641639368,""taylor_activation_entropy_kB"":60.6467834764497,""taylor_corr_rho_c_m2"":63189890310473.78,""taylor_corr_scale"":0.682315479084946,""taylor_exp_a"":0.4561179580539465,""taylor_exp_n"":1.2506696581840515,""taylor_nu0_s"":100000000000.0}",SOBOL_LOCAL_MATERIAL,v913_zeroD_sobol_0242980,0.0,0.08526920192892662,0.2,2.0,0.0,1.7016669931284725,0.037740714725203406,0.0,0.0,0.0,0.0,1.0,True,"{""TARGET_RIGHT_CENSORED"": 8}",481.33,2.92661936698237,0.011250023938100262,4.637554427605406,-0.001052715191490846,1.83173128369479,0.8721837967373117,0.0184513317135146,1.6285812168161262,0.0007031884232239094,7.692071606500119,0.0027223092116098304,0.12270249687504592,1.2810859930771497,0.0058420097608974,7.493161300258541,1.4035514442781292,1.9097672308795155,1.1372957159765065,1000000000000.0,1.2633024641639368,60.6467834764497,0.4561179580539465,1.2506696581840515,100000000000.0,1.6449187669029054e+16,63189890310473.78,0.682315479084946,3.864930279716326,False,0.11647572579959371,True,PARETO_NEAR_FRONT
oneD_v2_peak_R_2c27d2734ca7285e,Peak,2c27d2734ca7285eaac5dbd91c13bb7b2825bacd0ca6fc4cfc6ffe3905bbaf2e,"{""Tref_K"":481.33,""c_blunt"":2.5596477868492222,""cleave_G00_eV"":4.153001817861123,""cleave_exp_a"":1.2730831596053205,""cleave_exp_n"":1.117421543784295,""cleave_floor_frac"":0.0184513317135146,""cleave_gT_eV_per_K"":0.00625961436773645,""cleave_sT_GPa_per_K"":4.524820530790003e-05,""cleave_sigc0_GPa"":6.983789378728315,""emit_G00_eV"":2.3918843863133774,""emit_exp_a"":0.17234774491063728,""emit_exp_n"":1.5981946658471766,""emit_floor_frac"":0.0058420097608974,""emit_gT_eV_per_K"":-0.0008546107294969499,""emit_sT_GPa_per_K"":-0.00255086212418975,""emit_sigc0_GPa"":7.542554875059229,""peierls_H0_eV"":3.3396508083296177,""peierls_activation_entropy_kB"":14.528372902423143,""peierls_exp_a"":1.9097672308795155,""peierls_exp_n"":1.1372957159765065,""peierls_nu0_s"":1000000000000.0,""rho_source0_m2"":1972495167532090.8,""taylor_H0_eV"":1.6681720523025474,""taylor_activation_entropy_kB"":28.208296187222004,""taylor_corr_rho_c_m2"":22739088717447.367,""taylor_corr_scale"":0.5317372831640539,""taylor_exp_a"":0.4561179580539465,""taylor_exp_n"":1.2506696581840515,""taylor_nu0_s"":100000000000.0}",ARCHIVED_MORPH_0.50,v913_zeroD_sobol_0242980|v913_zeroD_sobol_0088403,0.0,0.08654790448277411,0.2,2.0,0.0,0.25073339760043784,0.6608441492801292,0.0,0.0,0.0,0.0,1.0,True,"{""TARGET_RIGHT_CENSORED"": 8}",481.33,4.153001817861123,0.00625961436773645,6.983789378728315,4.524820530790003e-05,1.2730831596053205,1.117421543784295,0.0184513317135146,2.3918843863133774,-0.0008546107294969499,7.542554875059229,-0.00255086212418975,0.17234774491063728,1.5981946658471766,0.0058420097608974,3.3396508083296177,14.528372902423143,1.9097672308795155,1.1372957159765065,1000000000000.0,1.6681720523025474,28.208296187222004,0.4561179580539465,1.2506696581840515,100000000000.0,1972495167532090.8,22739088717447.367,0.5317372831640539,2.5596477868492222,False,0.06674956851025741,True,PARETO_NEAR_FRONT
oneD_v2_peak_R_e8a885c4694f6990,Peak,e8a885c4694f6990856b5dde41871556823da52f48a65821000215bc2004b8d3,"{""Tref_K"":481.33,""c_blunt"":1.2043799996917854,""cleave_G00_eV"":2.398546818142868,""cleave_exp_a"":1.4055024861757501,""cleave_exp_n"":1.7983741690357482,""cleave_floor_frac"":0.0184513317135146,""cleave_gT_eV_per_K"":0.01026076603952495,""cleave_sT_GPa_per_K"":-0.0012072011958727219,""cleave_sigc0_GPa"":7.027258141312543,""emit_G00_eV"":1.3003953283096568,""emit_exp_a"":0.0974833154352411,""emit_exp_n"":1.5312967766734065,""emit_floor_frac"":0.0058420097608974,""emit_gT_eV_per_K"":0.0007673153091688496,""emit_sT_GPa_per_K"":0.0021684452757637354,""emit_sigc0_GPa"":9.392157698263611,""peierls_H0_eV"":6.883514435247128,""peierls_activation_entropy_kB"":15.493416480758182,""peierls_exp_a"":1.9097672308795155,""peierls_exp_n"":1.1372957159765065,""peierls_nu0_s"":1000000000000.0,""rho_source0_m2"":8088438846482902.0,""taylor_H0_eV"":1.6187969709861887,""taylor_activation_entropy_kB"":48.55618247323173,""taylor_corr_rho_c_m2"":76247120467108.94,""taylor_corr_scale"":0.4677435739936027,""taylor_exp_a"":0.4561179580539465,""taylor_exp_n"":1.2506696581840515,""taylor_nu0_s"":100000000000.0}",SOBOL_LOCAL_MATERIAL,v913_zeroD_sobol_0242980,0.0,0.10191873727460157,0.2,2.0,0.0,0.9029809459706819,0.026919524487233004,0.0,0.0,0.0,0.0,1.0,True,"{""TARGET_RIGHT_CENSORED"": 8}",481.33,2.398546818142868,0.01026076603952495,7.027258141312543,-0.0012072011958727219,1.4055024861757501,1.7983741690357482,0.0184513317135146,1.3003953283096568,0.0007673153091688496,9.392157698263611,0.0021684452757637354,0.0974833154352411,1.5312967766734065,0.0058420097608974,6.883514435247128,15.493416480758182,1.9097672308795155,1.1372957159765065,1000000000000.0,1.6187969709861887,48.55618247323173,0.4561179580539465,1.2506696581840515,100000000000.0,8088438846482902.0,76247120467108.94,0.4677435739936027,1.2043799996917854,False,0.01811801698578627,True,PARETO_NEAR_FRONT
oneD_v2_peak_R_f1fb00500914d281,Peak,f1fb00500914d2810a8d25c9992c9bd22a07e19bcf72fb88d17c2ccb3e26aab3,"{""Tref_K"":481.33,""c_blunt"":2.6575392737743044,""cleave_G00_eV"":2.8232911620495296,""cleave_exp_a"":1.7341962325075428,""cleave_exp_n"":1.3869482165176599,""cleave_floor_frac"":0.0184513317135146,""cleave_gT_eV_per_K"":0.006647679230236372,""cleave_sT_GPa_per_K"":-0.001131018822567227,""cleave_sigc0_GPa"":11.940770127063304,""emit_G00_eV"":2.1783076543272766,""emit_exp_a"":0.08092243033216226,""emit_exp_n"":0.859100973957929,""emit_floor_frac"":0.0058420097608974,""emit_gT_eV_per_K"":0.0012552591321892397,""emit_sT_GPa_per_K"":-5.6283934875807264e-05,""emit_sigc0_GPa"":8.279239299909147,""peierls_H0_eV"":9.114500549443909,""peierls_activation_entropy_kB"":12.863488524545819,""peierls_exp_a"":1.9097672308795155,""peierls_exp_n"":1.1372957159765065,""peierls_nu0_s"":1000000000000.0,""rho_source0_m2"":2.3760375868275908e+16,""taylor_H0_eV"":1.8904282884761496,""taylor_activation_entropy_kB"":39.80275733357571,""taylor_corr_rho_c_m2"":57468971283832.445,""taylor_corr_scale"":0.4606646929465892,""taylor_exp_a"":0.4561179580539465,""taylor_exp_n"":1.2506696581840515,""taylor_nu0_s"":100000000000.0}",SOBOL_LOCAL_MATERIAL,v913_zeroD_sobol_0242980,0.0,0.10555735489816409,0.2,2.0,0.0,0.44918858030259046,0.6660915204702955,0.0,0.0,0.0,0.0,1.0,True,"{""TARGET_RIGHT_CENSORED"": 8}",481.33,2.8232911620495296,0.006647679230236372,11.940770127063304,-0.001131018822567227,1.7341962325075428,1.3869482165176599,0.0184513317135146,2.1783076543272766,0.0012552591321892397,8.279239299909147,-5.6283934875807264e-05,0.08092243033216226,0.859100973957929,0.0058420097608974,9.114500549443909,12.863488524545819,1.9097672308795155,1.1372957159765065,1000000000000.0,1.8904282884761496,39.80275733357571,0.4561179580539465,1.2506696581840515,100000000000.0,2.3760375868275908e+16,57468971283832.445,0.4606646929465892,2.6575392737743044,False,0.09938181367726999,True,PARETO_NEAR_FRONT
oneD_v2_peak_R_992fddf7e717baa1,Peak,992fddf7e717baa1484b915df36c2b94ba599401bb0b4cee3e39fbf1f3f6ce37,"{""Tref_K"":481.33,""c_blunt"":1.2944077862394971,""cleave_G00_eV"":2.4979907554431935,""cleave_exp_a"":1.7584189598199869,""cleave_exp_n"":1.0052451521141594,""cleave_floor_frac"":0.0184513317135146,""cleave_gT_eV_per_K"":0.0129466919232509,""cleave_sT_GPa_per_K"":-0.0023364775219151483,""cleave_sigc0_GPa"":5.477718973502437,""emit_G00_eV"":3.025575285676704,""emit_exp_a"":0.1068474873227843,""emit_exp_n"":1.376462297064408,""emit_floor_frac"":0.0058420097608974,""emit_gT_eV_per_K"":0.0013099876168451408,""emit_sT_GPa_per_K"":0.0015657964484121225,""emit_sigc0_GPa"":11.347262687913997,""peierls_H0_eV"":4.732634297681386,""peierls_activation_entropy_kB"":7.357185172843731,""peierls_exp_a"":1.9097672308795155,""peierls_exp_n"":1.1372957159765065,""peierls_nu0_s"":1000000000000.0,""rho_source0_m2"":2.566300170211935e+16,""taylor_H0_eV"":1.1936847921175944,""taylor_activation_entropy_kB"":47.79907106548436,""taylor_corr_rho_c_m2"":33487342712648.16,""taylor_corr_scale"":0.9151109895417833,""taylor_exp_a"":0.4561179580539465,""taylor_exp_n"":1.2506696581840515,""taylor_nu0_s"":100000000000.0}",SOBOL_LOCAL_MATERIAL,v913_zeroD_sobol_0242980,0.0,0.1230419385420349,0.2,2.0,0.0,2.3091931630287332,0.018078971646027925,0.0,0.0,0.0,0.0,1.0,True,"{""TARGET_RIGHT_CENSORED"": 8}",481.33,2.4979907554431935,0.0129466919232509,5.477718973502437,-0.0023364775219151483,1.7584189598199869,1.0052451521141594,0.0184513317135146,3.025575285676704,0.0013099876168451408,11.347262687913997,0.0015657964484121225,0.1068474873227843,1.376462297064408,0.0058420097608974,4.732634297681386,7.357185172843731,1.9097672308795155,1.1372957159765065,1000000000000.0,1.1936847921175944,47.79907106548436,0.4561179580539465,1.2506696581840515,100000000000.0,2.566300170211935e+16,33487342712648.16,0.9151109895417833,1.2944077862394971,True,0.0,True,PARETO_NONDOMINATED
oneD_v2_peak_R_30f0f3cf6a56d315,Peak,30f0f3cf6a56d315e593bd55193d46f4418f0d5e98b826a0e2f36554be313a14,"{""Tref_K"":481.33,""c_blunt"":1.5729982209079365,""cleave_G00_eV"":3.3400483638086196,""cleave_exp_a"":1.947739916073351,""cleave_exp_n"":1.678486433203795,""cleave_floor_frac"":0.0184513317135146,""cleave_gT_eV_per_K"":0.01210716730370303,""cleave_sT_GPa_per_K"":-0.0012789418870735154,""cleave_sigc0_GPa"":11.514198984966303,""emit_G00_eV"":1.8222156285916347,""emit_exp_a"":0.07290113593913317,""emit_exp_n"":1.3159138275435562,""emit_floor_frac"":0.0058420097608974,""emit_gT_eV_per_K"":0.0015573967147532964,""emit_sT_GPa_per_K"":0.0005440438977934788,""emit_sigc0_GPa"":3.9095245180035123,""peierls_H0_eV"":8.364591994228267,""peierls_activation_entropy_kB"":6.552415961233143,""peierls_exp_a"":1.9097672308795155,""peierls_exp_n"":1.1372957159765065,""peierls_nu0_s"":1000000000000.0,""rho_source0_m2"":4346497126166028.0,""taylor_H0_eV"":1.096021094576551,""taylor_activation_entropy_kB"":29.516551329361235,""taylor_corr_rho_c_m2"":23315140083724.29,""taylor_corr_scale"":1.164784741397082,""taylor_exp_a"":0.4561179580539465,""taylor_exp_n"":1.2506696581840515,""taylor_nu0_s"":100000000000.0}",SOBOL_LOCAL_MATERIAL,v913_zeroD_sobol_0242980,0.0,0.12643570434344037,0.2,2.0,0.0,0.3711109193387304,0.6839313654695598,0.0,0.0,0.0,0.0,1.0,True,"{""TARGET_RIGHT_CENSORED"": 8}",481.33,3.3400483638086196,0.01210716730370303,11.514198984966303,-0.0012789418870735154,1.947739916073351,1.678486433203795,0.0184513317135146,1.8222156285916347,0.0015573967147532964,3.9095245180035123,0.0005440438977934788,0.07290113593913317,1.3159138275435562,0.0058420097608974,8.364591994228267,6.552415961233143,1.9097672308795155,1.1372957159765065,1000000000000.0,1.096021094576551,29.516551329361235,0.4561179580539465,1.2506696581840515,100000000000.0,4346497126166028.0,23315140083724.29,1.164784741397082,1.5729982209079365,False,0.09467767032966765,True,PARETO_NEAR_FRONT
oneD_v2_peak_R_a995cef021b626ff,Peak,a995cef021b626ff5d32cb51d89ce9bd2a45c01e42c5b1a3444e57e110874448,"{""Tref_K"":481.33,""c_blunt"":1.7011464660070081,""cleave_G00_eV"":4.04494407088723,""cleave_exp_a"":1.0547288416510032,""cleave_exp_n"":1.75000350320857,""cleave_floor_frac"":0.0184513317135146,""cleave_gT_eV_per_K"":0.00456718839495435,""cleave_sT_GPa_per_K"":0.0005753408945165999,""cleave_sigc0_GPa"":7.302385914005619,""emit_G00_eV"":2.1085386075542645,""emit_exp_a"":0.10917252657493506,""emit_exp_n"":1.2771825424409462,""emit_floor_frac"":0.0058420097608974,""emit_gT_eV_per_K"":0.0004409493650309456,""emit_sT_GPa_per_K"":-0.002466874582693,""emit_sigc0_GPa"":7.474082351702109,""peierls_H0_eV"":2.4482735010183783,""peierls_activation_entropy_kB"":-5.181988375261426,""peierls_exp_a"":1.9097672308795155,""peierls_exp_n"":1.1372957159765065,""peierls_nu0_s"":1000000000000.0,""rho_source0_m2"":3395028017713551.0,""taylor_H0_eV"":1.7683586048794055,""taylor_activation_entropy_kB"":33.03136359900236,""taylor_corr_rho_c_m2"":1688559306129359.0,""taylor_corr_scale"":0.4211636375550192,""taylor_exp_a"":0.4561179580539465,""taylor_exp_n"":1.2506696581840515,""taylor_nu0_s"":100000000000.0}",ARCHIVED_MORPH_0.50,v913_zeroD_sobol_0242980|v913_zeroD_sobol_0073460,0.0,0.1298354155960092,0.2,2.0,0.0,0.093611952002509,0.6223863703367791,0.0,0.0,0.0,0.0,1.0,True,"{""TARGET_RIGHT_CENSORED"": 8}",481.33,4.04494407088723,0.00456718839495435,7.302385914005619,0.0005753408945165999,1.0547288416510032,1.75000350320857,0.0184513317135146,2.1085386075542645,0.0004409493650309456,7.474082351702109,-0.002466874582693,0.10917252657493506,1.2771825424409462,0.0058420097608974,2.4482735010183783,-5.181988375261426,1.9097672308795155,1.1372957159765065,1000000000000.0,1.7683586048794055,33.03136359900236,0.4561179580539465,1.2506696581840515,100000000000.0,3395028017713551.0,1688559306129359.0,0.4211636375550192,1.7011464660070081,False,0.03065583207793275,True,PARETO_NEAR_FRONT
oneD_v2_peak_R_1bbb8a375c82272b,Peak,1bbb8a375c82272b0a38d8f3af34d3ffd2fce127f926b37f97d5807c0caf6df2,"{""Tref_K"":481.33,""c_blunt"":3.0581911274809657,""cleave_G00_eV"":2.6118726789533286,""cleave_exp_a"":1.9633021936180775,""cleave_exp_n"":1.839863691448647,""cleave_floor_frac"":0.0184513317135146,""cleave_gT_eV_per_K"":0.00885796342323365,""cleave_sT_GPa_per_K"":-0.0007165978487973614,""cleave_sigc0_GPa"":8.423708749501746,""emit_G00_eV"":1.507625604401432,""emit_exp_a"":0.12971178032524422,""emit_exp_n"":0.7172044062379771,""emit_floor_frac"":0.0058420097608974,""emit_gT_eV_per_K"":-7.532976388761599e-06,""emit_sT_GPa_per_K"":0.0013763221352626723,""emit_sigc0_GPa"":6.267078938892072,""peierls_H0_eV"":5.9992909801862915,""peierls_activation_entropy_kB"":20.635158797333624,""peierls_exp_a"":1.9097672308795155,""peierls_exp_n"":1.1372957159765065,""peierls_nu0_s"":1000000000000.0,""rho_source0_m2"":1.8838509397509604e+16,""taylor_H0_eV"":2.152151102675323,""taylor_activation_entropy_kB"":45.90924064104876,""taylor_corr_rho_c_m2"":36731504674910.195,""taylor_corr_scale"":1.2731017497267825,""taylor_exp_a"":0.4561179580539465,""taylor_exp_n"":1.2506696581840515,""taylor_nu0_s"":100000000000.0}",SOBOL_LOCAL_MATERIAL,v913_zeroD_sobol_0242980,0.0,0.1422119674755649,0.2,2.0,0.0,0.569659242764752,0.021875432888755153,0.0,0.0,0.0,0.0,1.0,True,"{""TARGET_RIGHT_CENSORED"": 8}",481.33,2.6118726789533286,0.00885796342323365,8.423708749501746,-0.0007165978487973614,1.9633021936180775,1.839863691448647,0.0184513317135146,1.507625604401432,-7.532976388761599e-06,6.267078938892072,0.0013763221352626723,0.12971178032524422,0.7172044062379771,0.0058420097608974,5.9992909801862915,20.635158797333624,1.9097672308795155,1.1372957159765065,1000000000000.0,2.152151102675323,45.90924064104876,0.4561179580539465,1.2506696581840515,100000000000.0,1.8838509397509604e+16,36731504674910.195,1.2731017497267825,3.0581911274809657,True,0.0,True,PARETO_NONDOMINATED
oneD_v2_peak_R_f952a627c105000c,Peak,f952a627c105000c6386cfa85bd8ad2558de3eb15923e11bf69ac47ed355681d,"{""Tref_K"":481.33,""c_blunt"":2.2078101547971616,""cleave_G00_eV"":3.7012528503458517,""cleave_exp_a"":1.0564716338716662,""cleave_exp_n"":1.0738944130601065,""cleave_floor_frac"":0.0184513317135146,""cleave_gT_eV_per_K"":0.011363480669059168,""cleave_sT_GPa_per_K"":-0.0008406946488748353,""cleave_sigc0_GPa"":5.824956425326923,""emit_G00_eV"":3.2278828534009434,""emit_exp_a"":0.1108407149284566,""emit_exp_n"":1.6153365500423909,""emit_floor_frac"":0.0058420097608974,""emit_gT_eV_per_K"":0.0010895304860007104,""emit_sT_GPa_per_K"":-0.00019131738710614064,""emit_sigc0_GPa"":12.131403124991147,""peierls_H0_eV"":7.273002784249078,""peierls_activation_entropy_kB"":5.898252457264593,""peierls_exp_a"":1.9097672308795155,""peierls_exp_n"":1.1372957159765065,""peierls_nu0_s"":1000000000000.0,""rho_source0_m2"":5279799129440565.0,""taylor_H0_eV"":2.7026064908799263,""taylor_activation_entropy_kB"":44.97051288486338,""taylor_corr_rho_c_m2"":50594119219738.96,""taylor_corr_scale"":1.0307295665212906,""taylor_exp_a"":0.4561179580539465,""taylor_exp_n"":1.2506696581840515,""taylor_nu0_s"":100000000000.0}",SOBOL_LOCAL_MATERIAL,v913_zeroD_sobol_0242980,0.0,0.1431643311959101,0.2,2.0,0.0,0.9738490306344257,0.009767095554331223,0.0,0.0,0.0,0.0,1.0,True,"{""TARGET_RIGHT_CENSORED"": 8}",481.33,3.7012528503458517,0.011363480669059168,5.824956425326923,-0.0008406946488748353,1.0564716338716662,1.0738944130601065,0.0184513317135146,3.2278828534009434,0.0010895304860007104,12.131403124991147,-0.00019131738710614064,0.1108407149284566,1.6153365500423909,0.0058420097608974,7.273002784249078,5.898252457264593,1.9097672308795155,1.1372957159765065,1000000000000.0,2.7026064908799263,44.97051288486338,0.4561179580539465,1.2506696581840515,100000000000.0,5279799129440565.0,50594119219738.96,1.0307295665212906,2.2078101547971616,True,0.0,True,PARETO_NONDOMINATED
oneD_v2_peak_R_05fce1c5e60eb2a6,Peak,05fce1c5e60eb2a67c0ce34ea2d97c378bfd8ef35cf56f75bce1921e1e17893a,"{""Tref_K"":481.33,""c_blunt"":2.000793606388609,""cleave_G00_eV"":2.6322897426612215,""cleave_exp_a"":1.3731077568013461,""cleave_exp_n"":1.4745336301270167,""cleave_floor_frac"":0.0184513317135146,""cleave_gT_eV_per_K"":0.006372300265865017,""cleave_sT_GPa_per_K"":-0.002091928398257917,""cleave_sigc0_GPa"":4.762932964531763,""emit_G00_eV"":1.945990845752741,""emit_exp_a"":0.07267926223318054,""emit_exp_n"":1.4979205995955827,""emit_floor_frac"":0.0058420097608974,""emit_gT_eV_per_K"":-0.00026338357333760966,""emit_sT_GPa_per_K"":0.0007571948244682045,""emit_sigc0_GPa"":3.7249306808307256,""peierls_H0_eV"":7.350553069747115,""peierls_activation_entropy_kB"":17.073296967277244,""peierls_exp_a"":1.9097672308795155,""peierls_exp_n"":1.1372957159765065,""peierls_nu0_s"":1000000000000.0,""rho_source0_m2"":9997068401227742.0,""taylor_H0_eV"":1.3234250540271066,""taylor_activation_entropy_kB"":55.56305113406796,""taylor_corr_rho_c_m2"":45415695370774.336,""taylor_corr_scale"":0.4800781392797322,""taylor_exp_a"":0.4561179580539465,""taylor_exp_n"":1.2506696581840515,""taylor_nu0_s"":100000000000.0}",SOBOL_LOCAL_MATERIAL,v913_zeroD_sobol_0242980,0.0,1.0833698840157988,0.2,2.0,0.0,2.213941453537645,0.08856360734081431,0.0,0.0,0.0,0.0,1.0,True,"{""TARGET_RIGHT_CENSORED"": 8}",481.33,2.6322897426612215,0.006372300265865017,4.762932964531763,-0.002091928398257917,1.3731077568013461,1.4745336301270167,0.0184513317135146,1.945990845752741,-0.00026338357333760966,3.7249306808307256,0.0007571948244682045,0.07267926223318054,1.4979205995955827,0.0058420097608974,7.350553069747115,17.073296967277244,1.9097672308795155,1.1372957159765065,1000000000000.0,1.3234250540271066,55.56305113406796,0.4561179580539465,1.2506696581840515,100000000000.0,9997068401227742.0,45415695370774.336,0.4800781392797322,2.000793606388609,False,0.06375115956210461,True,PARETO_NEAR_FRONT
oneD_v2_peak_R_efe56ae5a9824cd3,Peak,efe56ae5a9824cd317e35ed32042e63eb1ea8f83dd9b52ef276f69309a1d8fab,"{""Tref_K"":481.33,""c_blunt"":6.4371615607764365,""cleave_G00_eV"":3.2311378730817673,""cleave_exp_a"":1.6291336980271258,""cleave_exp_n"":1.0487907041921296,""cleave_floor_frac"":0.0184513317135146,""cleave_gT_eV_per_K"":0.0074702181956575985,""cleave_sT_GPa_per_K"":-0.0013573644941425396,""cleave_sigc0_GPa"":4.435821907903692,""emit_G00_eV"":2.7026493072028215,""emit_exp_a"":0.14044402256539112,""emit_exp_n"":0.7124620467095597,""emit_floor_frac"":0.0058420097608974,""emit_gT_eV_per_K"":0.0003813864843220348,""emit_sT_GPa_per_K"":0.0021206675787901605,""emit_sigc0_GPa"":3.29458897556231,""peierls_H0_eV"":7.930095370330067,""peierls_activation_entropy_kB"":19.607593093259574,""peierls_exp_a"":1.9097672308795155,""peierls_exp_n"":1.1372957159765065,""peierls_nu0_s"":1000000000000.0,""rho_source0_m2"":6533862029984000.0,""taylor_H0_eV"":2.1828968684115275,""taylor_activation_entropy_kB"":24.40533291543734,""taylor_corr_rho_c_m2"":155660303913330.34,""taylor_corr_scale"":1.7057839919716689,""taylor_exp_a"":0.4561179580539465,""taylor_exp_n"":1.2506696581840515,""taylor_nu0_s"":100000000000.0}",SOBOL_LOCAL_MATERIAL,v913_zeroD_sobol_0242980,0.0,1.154418803583509,0.2,2.0,0.0,2.017002967900729,0.23478000735085364,0.0,0.0,0.0,0.0,1.0,True,"{""TARGET_RIGHT_CENSORED"": 8}",481.33,3.2311378730817673,0.0074702181956575985,4.435821907903692,-0.0013573644941425396,1.6291336980271258,1.0487907041921296,0.0184513317135146,2.7026493072028215,0.0003813864843220348,3.29458897556231,0.0021206675787901605,0.14044402256539112,0.7124620467095597,0.0058420097608974,7.930095370330067,19.607593093259574,1.9097672308795155,1.1372957159765065,1000000000000.0,2.1828968684115275,24.40533291543734,0.4561179580539465,1.2506696581840515,100000000000.0,6533862029984000.0,155660303913330.34,1.7057839919716689,6.4371615607764365,False,0.15764262855483466,True,PARETO_NEAR_FRONT
oneD_v2_peak_R_975185ce9fa355e9,Peak,975185ce9fa355e95be4d1e86879307efa6acbceed8734d6018a7ab2492d080b,"{""Tref_K"":481.33,""c_blunt"":6.74913788087064,""cleave_G00_eV"":2.976037190594522,""cleave_exp_a"":1.590482532603219,""cleave_exp_n"":1.2792877464009944,""cleave_floor_frac"":0.0184513317135146,""cleave_gT_eV_per_K"":0.008050516572167134,""cleave_sT_GPa_per_K"":-0.0006514706788830971,""cleave_sigc0_GPa"":5.281173998109419,""emit_G00_eV"":3.4735678550346805,""emit_exp_a"":0.06478472752157596,""emit_exp_n"":1.8336909479437353,""emit_floor_frac"":0.0058420097608974,""emit_gT_eV_per_K"":0.0020182719524123247,""emit_sT_GPa_per_K"":-0.00040673303770886104,""emit_sigc0_GPa"":5.532654303557547,""peierls_H0_eV"":4.824588580433938,""peierls_activation_entropy_kB"":23.07222021381009,""peierls_exp_a"":1.9097672308795155,""peierls_exp_n"":1.1372957159765065,""peierls_nu0_s"":1000000000000.0,""rho_source0_m2"":1.182648631333875e+16,""taylor_H0_eV"":1.4220893455113681,""taylor_activation_entropy_kB"":42.45058927344531,""taylor_corr_rho_c_m2"":85890596623764.78,""taylor_corr_scale"":1.284811876129022,""taylor_exp_a"":0.4561179580539465,""taylor_exp_n"":1.2506696581840515,""taylor_nu0_s"":100000000000.0}",SOBOL_LOCAL_MATERIAL,v913_zeroD_sobol_0242980,0.0,1.1597512090632662,0.2,2.0,0.0,2.0817148139251023,0.0034162241668843074,0.0,0.0,0.0,0.0,1.0,True,"{""TARGET_RIGHT_CENSORED"": 8}",481.33,2.976037190594522,0.008050516572167134,5.281173998109419,-0.0006514706788830971,1.590482532603219,1.2792877464009944,0.0184513317135146,3.4735678550346805,0.0020182719524123247,5.532654303557547,-0.00040673303770886104,0.06478472752157596,1.8336909479437353,0.0058420097608974,4.824588580433938,23.07222021381009,1.9097672308795155,1.1372957159765065,1000000000000.0,1.4220893455113681,42.45058927344531,0.4561179580539465,1.2506696581840515,100000000000.0,1.182648631333875e+16,85890596623764.78,1.284811876129022,6.74913788087064,True,0.0,True,PARETO_NONDOMINATED
oneD_v2_peak_R_44e6c890b649f9fa,Peak,44e6c890b649f9fa35ac86df6f8dae9aa248ee6576b05f4acc3d87ade816420c,"{""Tref_K"":481.33,""c_blunt"":2.3013258133187557,""cleave_G00_eV"":5.300751789690942,""cleave_exp_a"":1.6687409063852825,""cleave_exp_n"":1.8537404229928636,""cleave_floor_frac"":0.0184513317135146,""cleave_gT_eV_per_K"":0.0033550974357428555,""cleave_sT_GPa_per_K"":-0.001936436645592726,""cleave_sigc0_GPa"":5.23374933694266,""emit_G00_eV"":1.736452609753719,""emit_exp_a"":0.06026554281979791,""emit_exp_n"":1.560201626242164,""emit_floor_frac"":0.0058420097608974,""emit_gT_eV_per_K"":0.00017844661567542272,""emit_sT_GPa_per_K"":0.0027864948754582845,""emit_sigc0_GPa"":11.786624398333219,""peierls_H0_eV"":8.278086559017405,""peierls_activation_entropy_kB"":14.835797954567822,""peierls_exp_a"":1.9097672308795155,""peierls_exp_n"":1.1372957159765065,""peierls_nu0_s"":1000000000000.0,""rho_source0_m2"":9395721773816108.0,""taylor_H0_eV"":2.3558335388350145,""taylor_activation_entropy_kB"":20.79142204780295,""taylor_corr_rho_c_m2"":52368373682161.57,""taylor_corr_scale"":1.1384831772737893,""taylor_exp_a"":0.4561179580539465,""taylor_exp_n"":1.2506696581840515,""taylor_nu0_s"":100000000000.0}",SOBOL_LOCAL_MATERIAL,v913_zeroD_sobol_0242980,0.0,1.1630174249249188,0.2,2.0,0.0,1.9023037747494582,0.05764895573139872,0.0,0.0,0.0,0.0,1.0,True,"{""TARGET_RIGHT_CENSORED"": 8}",481.33,5.300751789690942,0.0033550974357428555,5.23374933694266,-0.001936436645592726,1.6687409063852825,1.8537404229928636,0.0184513317135146,1.736452609753719,0.00017844661567542272,11.786624398333219,0.0027864948754582845,0.06026554281979791,1.560201626242164,0.0058420097608974,8.278086559017405,14.835797954567822,1.9097672308795155,1.1372957159765065,1000000000000.0,2.3558335388350145,20.79142204780295,0.4561179580539465,1.2506696581840515,100000000000.0,9395721773816108.0,52368373682161.57,1.1384831772737893,2.3013258133187557,False,0.0502297365107076,True,PARETO_NEAR_FRONT
oneD_v2_peak_R_6c4ce5655f81492c,Peak,6c4ce5655f81492c9e70fb4260104a77dc092dfecdcd0647452af1e718963e78,"{""Tref_K"":481.33,""c_blunt"":1.5039837107740728,""cleave_G00_eV"":2.541490578110902,""cleave_exp_a"":0.9640595677910747,""cleave_exp_n"":0.8531351371691169,""cleave_floor_frac"":0.0184513317135146,""cleave_gT_eV_per_K"":0.007352273316922375,""cleave_sT_GPa_per_K"":-0.0015895482987994315,""cleave_sigc0_GPa"":6.043534071594761,""emit_G00_eV"":1.4744328241155809,""emit_exp_a"":0.1286386122853318,""emit_exp_n"":0.9001182526106528,""emit_floor_frac"":0.0058420097608974,""emit_gT_eV_per_K"":0.001618391900755186,""emit_sT_GPa_per_K"":0.0003935600873946094,""emit_sigc0_GPa"":5.90873347937245,""peierls_H0_eV"":8.20380904580781,""peierls_activation_entropy_kB"":24.3610486142853,""peierls_exp_a"":1.9097672308795155,""peierls_exp_n"":1.1372957159765065,""peierls_nu0_s"":1000000000000.0,""rho_source0_m2"":1.9548195826032896e+16,""taylor_H0_eV"":1.6926146159276778,""taylor_activation_entropy_kB"":35.06812095412795,""taylor_corr_rho_c_m2"":20543443449234.875,""taylor_corr_scale"":0.595971445730602,""taylor_exp_a"":0.4561179580539465,""taylor_exp_n"":1.2506696581840515,""taylor_nu0_s"":100000000000.0}",SOBOL_LOCAL_MATERIAL,v913_zeroD_sobol_0242980,0.0,1.1665781480365998,0.2,2.0,0.0,0.5124298710363271,0.013688786166789757,0.0,0.0,0.0,0.0,1.0,True,"{""TARGET_RIGHT_CENSORED"": 8}",481.33,2.541490578110902,0.007352273316922375,6.043534071594761,-0.0015895482987994315,0.9640595677910747,0.8531351371691169,0.0184513317135146,1.4744328241155809,0.001618391900755186,5.90873347937245,0.0003935600873946094,0.1286386122853318,0.9001182526106528,0.0058420097608974,8.20380904580781,24.3610486142853,1.9097672308795155,1.1372957159765065,1000000000000.0,1.6926146159276778,35.06812095412795,0.4561179580539465,1.2506696581840515,100000000000.0,1.9548195826032896e+16,20543443449234.875,0.595971445730602,1.5039837107740728,True,0.0,True,PARETO_NONDOMINATED
oneD_v2_peak_R_d2109bdcd0ca68b8,Peak,d2109bdcd0ca68b8249351970fc58bb780ae75a54d649767ed7dca5260766819,"{""Tref_K"":481.33,""c_blunt"":5.9815819700926465,""cleave_G00_eV"":3.547643362802959,""cleave_exp_a"":0.9340810621900958,""cleave_exp_n"":1.2603199734567958,""cleave_floor_frac"":0.0184513317135146,""cleave_gT_eV_per_K"":0.01040305625011934,""cleave_sT_GPa_per_K"":-0.002459814736415368,""cleave_sigc0_GPa"":10.189895593432835,""emit_G00_eV"":1.6457166436534376,""emit_exp_a"":0.09727104533695317,""emit_exp_n"":1.0848007856615667,""emit_floor_frac"":0.0058420097608974,""emit_gT_eV_per_K"":-0.00031222909675112623,""emit_sT_GPa_per_K"":-0.0002413321001306886,""emit_sigc0_GPa"":6.7930424456876155,""peierls_H0_eV"":9.520553597814146,""peierls_activation_entropy_kB"":15.775628184007289,""peierls_exp_a"":1.9097672308795155,""peierls_exp_n"":1.1372957159765065,""peierls_nu0_s"":1000000000000.0,""rho_source0_m2"":7300014029142557.0,""taylor_H0_eV"":1.5464247373013822,""taylor_activation_entropy_kB"":49.74436759291882,""taylor_corr_rho_c_m2"":46359709240369.39,""taylor_corr_scale"":1.4332407849533835,""taylor_exp_a"":0.4561179580539465,""taylor_exp_n"":1.2506696581840515,""taylor_nu0_s"":100000000000.0}",SOBOL_LOCAL_MATERIAL,v913_zeroD_sobol_0242980,0.0,1.1686958003864791,0.1,1.0,0.0,3.3506535947907654,0.3006167406365146,0.0,0.04178846672464439,0.11460528783818934,0.375,0.9473684210526315,True,"{""TARGET_RIGHT_CENSORED"": 8}",481.33,3.547643362802959,0.01040305625011934,10.189895593432835,-0.002459814736415368,0.9340810621900958,1.2603199734567958,0.0184513317135146,1.6457166436534376,-0.00031222909675112623,6.7930424456876155,-0.0002413321001306886,0.09727104533695317,1.0848007856615667,0.0058420097608974,9.520553597814146,15.775628184007289,1.9097672308795155,1.1372957159765065,1000000000000.0,1.5464247373013822,49.74436759291882,0.4561179580539465,1.2506696581840515,100000000000.0,7300014029142557.0,46359709240369.39,1.4332407849533835,5.9815819700926465,False,0.15218252438432334,True,PARETO_NEAR_FRONT
oneD_v2_peak_R_362115cfd593426c,Peak,362115cfd593426c81a0466309ef8f25d5c2ff6e6b968c33195ba923af417351,"{""Tref_K"":481.33,""c_blunt"":2.9640827405074335,""cleave_G00_eV"":2.7487693291161786,""cleave_exp_a"":1.2257614520529982,""cleave_exp_n"":1.7648039382188168,""cleave_floor_frac"":0.0184513317135146,""cleave_gT_eV_per_K"":0.003761144274236708,""cleave_sT_GPa_per_K"":-0.0016367306085872933,""cleave_sigc0_GPa"":5.387260068406018,""emit_G00_eV"":1.5726522457662713,""emit_exp_a"":0.09602379531582718,""emit_exp_n"":0.7485923252800585,""emit_floor_frac"":0.0058420097608974,""emit_gT_eV_per_K"":0.001528118800548733,""emit_sT_GPa_per_K"":-0.00017760345489274123,""emit_sigc0_GPa"":7.137859924873944,""peierls_H0_eV"":6.502318243057396,""peierls_activation_entropy_kB"":7.962545518826132,""peierls_exp_a"":1.9097672308795155,""peierls_exp_n"":1.1372957159765065,""peierls_nu0_s"":1000000000000.0,""rho_source0_m2"":1.1260781807831598e+16,""taylor_H0_eV"":1.2870528287886722,""taylor_activation_entropy_kB"":23.698044675197327,""taylor_corr_rho_c_m2"":24781088006821.13,""taylor_corr_scale"":0.8535491356820503,""taylor_exp_a"":0.4561179580539465,""taylor_exp_n"":1.2506696581840515,""taylor_nu0_s"":100000000000.0}",SOBOL_LOCAL_MATERIAL,v913_zeroD_sobol_0242980,0.0,1.168961642178821,0.2,2.0,0.0,1.6135895085567915,0.024142149475082975,0.0,0.0,0.0,0.0,1.0,True,"{""TARGET_RIGHT_CENSORED"": 8}",481.33,2.7487693291161786,0.003761144274236708,5.387260068406018,-0.0016367306085872933,1.2257614520529982,1.7648039382188168,0.0184513317135146,1.5726522457662713,0.001528118800548733,7.137859924873944,-0.00017760345489274123,0.09602379531582718,0.7485923252800585,0.0058420097608974,6.502318243057396,7.962545518826132,1.9097672308795155,1.1372957159765065,1000000000000.0,1.2870528287886722,23.698044675197327,0.4561179580539465,1.2506696581840515,100000000000.0,1.1260781807831598e+16,24781088006821.13,0.8535491356820503,2.9640827405074335,False,0.09020028531312049,True,PARETO_NEAR_FRONT
oneD_v2_peak_R_217a4e337cf79902,Peak,217a4e337cf7990218cdffb95fc7fdcaa628194b6ee2e2cfd719e744936e01e8,"{""Tref_K"":481.33,""c_blunt"":6.355914105771673,""cleave_G00_eV"":6.078533205209636,""cleave_exp_a"":1.0648951237835473,""cleave_exp_n"":1.898974285253466,""cleave_floor_frac"":0.0184513317135146,""cleave_gT_eV_per_K"":0.010321923435429639,""cleave_sT_GPa_per_K"":-9.995398325358083e-05,""cleave_sigc0_GPa"":6.874462123256281,""emit_G00_eV"":1.3826192365392378,""emit_exp_a"":0.057513090629313965,""emit_exp_n"":0.7390975350521524,""emit_floor_frac"":0.0058420097608974,""emit_gT_eV_per_K"":0.0013055151902973824,""emit_sT_GPa_per_K"":0.0006151339027278963,""emit_sigc0_GPa"":3.402830864820063,""peierls_H0_eV"":8.902058099630057,""peierls_activation_entropy_kB"":10.018728550498885,""peierls_exp_a"":1.9097672308795155,""peierls_exp_n"":1.1372957159765065,""peierls_nu0_s"":1000000000000.0,""rho_source0_m2"":1.309092103157917e+16,""taylor_H0_eV"":1.8721781672111806,""taylor_activation_entropy_kB"":39.926775007861266,""taylor_corr_rho_c_m2"":161311512172376.1,""taylor_corr_scale"":1.3033673757627144,""taylor_exp_a"":0.4561179580539465,""taylor_exp_n"":1.2506696581840515,""taylor_nu0_s"":100000000000.0}",SOBOL_LOCAL_MATERIAL,v913_zeroD_sobol_0242980,0.0,1.1802075465350632,0.1,1.0,0.0,1.6632001160984657,0.2740154687423171,0.0,0.03944149959645404,0.10560021720391606,0.375,0.9473684210526315,True,"{""TARGET_RIGHT_CENSORED"": 8}",481.33,6.078533205209636,0.010321923435429639,6.874462123256281,-9.995398325358083e-05,1.0648951237835473,1.898974285253466,0.0184513317135146,1.3826192365392378,0.0013055151902973824,3.402830864820063,0.0006151339027278963,0.057513090629313965,0.7390975350521524,0.0058420097608974,8.902058099630057,10.018728550498885,1.9097672308795155,1.1372957159765065,1000000000000.0,1.8721781672111806,39.926775007861266,0.4561179580539465,1.2506696581840515,100000000000.0,1.309092103157917e+16,161311512172376.1,1.3033673757627144,6.355914105771673,True,0.0,True,PARETO_NONDOMINATED
oneD_v2_peak_R_3655fdca1dfb066d,Peak,3655fdca1dfb066d0af3bcf8269d4f1d6b4e799177769c3556a06643912c933d,"{""Tref_K"":481.33,""c_blunt"":1.7932744377356298,""cleave_G00_eV"":3.139379393440918,""cleave_exp_a"":0.9945762676300594,""cleave_exp_n"":1.49192451713245,""cleave_floor_frac"":0.0184513317135146,""cleave_gT_eV_per_K"":0.009059582998869007,""cleave_sT_GPa_per_K"":-0.0009287811418645735,""cleave_sigc0_GPa"":11.294443694030763,""emit_G00_eV"":2.997369767123264,""emit_exp_a"":0.13504925985235333,""emit_exp_n"":0.8906652143364605,""emit_floor_frac"":0.0058420097608974,""emit_gT_eV_per_K"":0.002014777428892724,""emit_sT_GPa_per_K"":0.0008445873965359586,""emit_sigc0_GPa"":4.601551702877485,""peierls_H0_eV"":6.182032980036142,""peierls_activation_entropy_kB"":22.127302014795745,""peierls_exp_a"":1.9097672308795155,""peierls_exp_n"":1.1372957159765065,""peierls_nu0_s"":1000000000000.0,""rho_source0_m2"":4587482471168602.0,""taylor_H0_eV"":1.6700031829319129,""taylor_activation_entropy_kB"":59.793957214538715,""taylor_corr_rho_c_m2"":88018331248844.3,""taylor_corr_scale"":0.4403796491663164,""taylor_exp_a"":0.4561179580539465,""taylor_exp_n"":1.2506696581840515,""taylor_nu0_s"":100000000000.0}",SOBOL_LOCAL_MATERIAL,v913_zeroD_sobol_0242980,0.0,1.2224675824207474,0.2,2.0,0.0,0.5291503320684591,0.033362294008624616,0.0,0.0,0.0,0.0,1.0,True,"{""TARGET_RIGHT_CENSORED"": 8}",481.33,3.139379393440918,0.009059582998869007,11.294443694030763,-0.0009287811418645735,0.9945762676300594,1.49192451713245,0.0184513317135146,2.997369767123264,0.002014777428892724,4.601551702877485,0.0008445873965359586,0.13504925985235333,0.8906652143364605,0.0058420097608974,6.182032980036142,22.127302014795745,1.9097672308795155,1.1372957159765065,1000000000000.0,1.6700031829319129,59.793957214538715,0.4561179580539465,1.2506696581840515,100000000000.0,4587482471168602.0,88018331248844.3,0.4403796491663164,1.7932744377356298,False,0.015316794435236794,True,PARETO_NEAR_FRONT
oneD_v2_peak_R_4feca812068cbdce,Peak,4feca812068cbdcec002ab05616ccce0ff095df7dd4fa0038d8847028d16c392,"{""Tref_K"":481.33,""c_blunt"":1.598106170692668,""cleave_G00_eV"":4.411503192846922,""cleave_exp_a"":1.0469119574824433,""cleave_exp_n"":1.2166017829084501,""cleave_floor_frac"":0.0184513317135146,""cleave_gT_eV_per_K"":0.007261369086047053,""cleave_sT_GPa_per_K"":-0.0006874429325306209,""cleave_sigc0_GPa"":11.590751854367381,""emit_G00_eV"":1.6856889959985564,""emit_exp_a"":0.07681566023920759,""emit_exp_n"":0.7836216018132469,""emit_floor_frac"":0.0058420097608974,""emit_gT_eV_per_K"":-0.0006251310705541529,""emit_sT_GPa_per_K"":0.00013375073875734889,""emit_sigc0_GPa"":4.326272738998158,""peierls_H0_eV"":6.751923355063357,""peierls_activation_entropy_kB"":4.516360988178612,""peierls_exp_a"":1.9097672308795155,""peierls_exp_n"":1.1372957159765065,""peierls_nu0_s"":1000000000000.0,""rho_source0_m2"":3.794324349127147e+16,""taylor_H0_eV"":1.8082603783130113,""taylor_activation_entropy_kB"":31.919064915067022,""taylor_corr_rho_c_m2"":77490979945414.23,""taylor_corr_scale"":0.541967426846869,""taylor_exp_a"":0.4561179580539465,""taylor_exp_n"":1.2506696581840515,""taylor_nu0_s"":100000000000.0}",SOBOL_LOCAL_MATERIAL,v913_zeroD_sobol_0242980,0.0,1.2561191881825053,0.10271130252797897,1.0,0.0,2.571705233916962,0.27358826512673806,0.0,0.03586241352482035,0.09832209785895141,0.375,0.9473684210526315,True,"{""TARGET_RIGHT_CENSORED"": 8}",481.33,4.411503192846922,0.007261369086047053,11.590751854367381,-0.0006874429325306209,1.0469119574824433,1.2166017829084501,0.0184513317135146,1.6856889959985564,-0.0006251310705541529,4.326272738998158,0.00013375073875734889,0.07681566023920759,0.7836216018132469,0.0058420097608974,6.751923355063357,4.516360988178612,1.9097672308795155,1.1372957159765065,1000000000000.0,1.8082603783130113,31.919064915067022,0.4561179580539465,1.2506696581840515,100000000000.0,3.794324349127147e+16,77490979945414.23,0.541967426846869,1.598106170692668,True,0.0,True,PARETO_NONDOMINATED
oneD_v2_peak_R_0c0afce90bd40b7d,Peak,0c0afce90bd40b7d7eba869341c28ee62cd5068537781c16d03796cc3bbfd5f4,"{""Tref_K"":481.33,""c_blunt"":2.4454005098186946,""cleave_G00_eV"":3.085626592929511,""cleave_exp_a"":1.8905434119603568,""cleave_exp_n"":1.2842361287307877,""cleave_floor_frac"":0.0184513317135146,""cleave_gT_eV_per_K"":0.003312415609635283,""cleave_sT_GPa_per_K"":-0.00038411723177749564,""cleave_sigc0_GPa"":8.070822670146642,""emit_G00_eV"":1.4311021376234108,""emit_exp_a"":0.09875009521830402,""emit_exp_n"":1.3693855447294143,""emit_floor_frac"":0.0058420097608974,""emit_gT_eV_per_K"":0.002594631863741666,""emit_sT_GPa_per_K"":0.001964093039712952,""emit_sigc0_GPa"":8.952110262244434,""peierls_H0_eV"":10.058769541338542,""peierls_activation_entropy_kB"":8.25381730658202,""peierls_exp_a"":1.9097672308795155,""peierls_exp_n"":1.1372957159765065,""peierls_nu0_s"":1000000000000.0,""rho_source0_m2"":4843648316382303.0,""taylor_H0_eV"":1.1730074608595356,""taylor_activation_entropy_kB"":22.690111003401356,""taylor_corr_rho_c_m2"":147854476464609.66,""taylor_corr_scale"":1.2447407792766991,""taylor_exp_a"":0.4561179580539465,""taylor_exp_n"":1.2506696581840515,""taylor_nu0_s"":100000000000.0}",SOBOL_LOCAL_MATERIAL,v913_zeroD_sobol_0242980,0.0,2.181717601199927,0.2,2.0,0.0,1.3207742779581226,0.03302606318109949,0.0,0.0,0.0,0.0,1.0,True,"{""TARGET_RIGHT_CENSORED"": 8}",481.33,3.085626592929511,0.003312415609635283,8.070822670146642,-0.00038411723177749564,1.8905434119603568,1.2842361287307877,0.0184513317135146,1.4311021376234108,0.002594631863741666,8.952110262244434,0.001964093039712952,0.09875009521830402,1.3693855447294143,0.0058420097608974,10.058769541338542,8.25381730658202,1.9097672308795155,1.1372957159765065,1000000000000.0,1.1730074608595356,22.690111003401356,0.4561179580539465,1.2506696581840515,100000000000.0,4843648316382303.0,147854476464609.66,1.2447407792766991,2.4454005098186946,False,0.03409498023627244,True,PARETO_NEAR_FRONT
oneD_v2_peak_R_55ea6c1adc7a2919,Peak,55ea6c1adc7a29191d7cdf5fb548332c2218162d995b8e0447098a349d69c04f,"{""Tref_K"":481.33,""c_blunt"":1.6123569570530312,""cleave_G00_eV"":2.941595984731452,""cleave_exp_a"":1.6841224328988929,""cleave_exp_n"":1.554310078122981,""cleave_floor_frac"":0.0184513317135146,""cleave_gT_eV_per_K"":0.010530763203533605,""cleave_sT_GPa_per_K"":-0.0020256463964862964,""cleave_sigc0_GPa"":8.224342423139012,""emit_G00_eV"":3.2597964653524323,""emit_exp_a"":0.08765085584055432,""emit_exp_n"":0.8643964675729332,""emit_floor_frac"":0.0058420097608974,""emit_gT_eV_per_K"":0.0018671338523159747,""emit_sT_GPa_per_K"":0.002461418166062479,""emit_sigc0_GPa"":4.251567332151592,""peierls_H0_eV"":9.80541081089483,""peierls_activation_entropy_kB"":14.298208892171917,""peierls_exp_a"":1.9097672308795155,""peierls_exp_n"":1.1372957159765065,""peierls_nu0_s"":1000000000000.0,""rho_source0_m2"":2.2299252922707624e+16,""taylor_H0_eV"":1.9919588752343962,""taylor_activation_entropy_kB"":56.047547766805636,""taylor_corr_rho_c_m2"":60257854528524.836,""taylor_corr_scale"":0.4924848431479434,""taylor_exp_a"":0.4561179580539465,""taylor_exp_n"":1.2506696581840515,""taylor_nu0_s"":100000000000.0}",SOBOL_LOCAL_MATERIAL,v913_zeroD_sobol_0242980,0.0,2.187977192694201,0.2,2.0,0.0,1.4645330203064562,0.0030933835756450645,0.0,0.0,0.0,0.0,1.0,True,"{""TARGET_RIGHT_CENSORED"": 8}",481.33,2.941595984731452,0.010530763203533605,8.224342423139012,-0.0020256463964862964,1.6841224328988929,1.554310078122981,0.0184513317135146,3.2597964653524323,0.0018671338523159747,4.251567332151592,0.002461418166062479,0.08765085584055432,0.8643964675729332,0.0058420097608974,9.80541081089483,14.298208892171917,1.9097672308795155,1.1372957159765065,1000000000000.0,1.9919588752343962,56.047547766805636,0.4561179580539465,1.2506696581840515,100000000000.0,2.2299252922707624e+16,60257854528524.836,0.4924848431479434,1.6123569570530312,True,0.0,True,PARETO_NONDOMINATED
oneD_v2_peak_R_9c361e215283ca35,Peak,9c361e215283ca359b7cd5573aa0f77e4c5cc8ceadf3a965c08d754d20f68b74,"{""Tref_K"":481.33,""c_blunt"":2.587415558381011,""cleave_G00_eV"":4.485839968637552,""cleave_exp_a"":1.2384374135843277,""cleave_exp_n"":1.8817819582616655,""cleave_floor_frac"":0.0184513317135146,""cleave_gT_eV_per_K"":0.010778316123319507,""cleave_sT_GPa_per_K"":-0.0010950018698521195,""cleave_sigc0_GPa"":10.279686666416682,""emit_G00_eV"":3.3547927634657744,""emit_exp_a"":0.0862822372278029,""emit_exp_n"":0.9285026173451586,""emit_floor_frac"":0.0058420097608974,""emit_gT_eV_per_K"":0.0016713134196512684,""emit_sT_GPa_per_K"":0.003192476012373752,""emit_sigc0_GPa"":14.55621323276711,""peierls_H0_eV"":4.321607447915707,""peierls_activation_entropy_kB"":19.914169785389404,""peierls_exp_a"":1.9097672308795155,""peierls_exp_n"":1.1372957159765065,""peierls_nu0_s"":1000000000000.0,""rho_source0_m2"":4205281190885741.5,""taylor_H0_eV"":2.583759829367288,""taylor_activation_entropy_kB"":25.21401586125092,""taylor_corr_rho_c_m2"":101378854420789.4,""taylor_corr_scale"":1.2269095765895581,""taylor_exp_a"":0.4561179580539465,""taylor_exp_n"":1.2506696581840515,""taylor_nu0_s"":100000000000.0}",SOBOL_LOCAL_MATERIAL,v913_zeroD_sobol_0242980,0.0,2.1978156882162088,0.2,2.0,0.0,0.7638089489808404,0.003932873167493939,0.0,0.0,0.0,0.0,1.0,True,"{""TARGET_RIGHT_CENSORED"": 8}",481.33,4.485839968637552,0.010778316123319507,10.279686666416682,-0.0010950018698521195,1.2384374135843277,1.8817819582616655,0.0184513317135146,3.3547927634657744,0.0016713134196512684,14.55621323276711,0.003192476012373752,0.0862822372278029,0.9285026173451586,0.0058420097608974,4.321607447915707,19.914169785389404,1.9097672308795155,1.1372957159765065,1000000000000.0,2.583759829367288,25.21401586125092,0.4561179580539465,1.2506696581840515,100000000000.0,4205281190885741.5,101378854420789.4,1.2269095765895581,2.587415558381011,True,0.0,True,PARETO_NONDOMINATED
oneD_v2_peak_R_4f015970ffcaa6ab,Peak,4f015970ffcaa6ab000911beb7503ed29c691abacf1433e58d009e3af94ae6ec,"{""Tref_K"":481.33,""c_blunt"":5.009492847875154,""cleave_G00_eV"":2.412104252310622,""cleave_exp_a"":1.8094544216969934,""cleave_exp_n"":1.4411451306115972,""cleave_floor_frac"":0.0184513317135146,""cleave_gT_eV_per_K"":0.0076999567986660985,""cleave_sT_GPa_per_K"":-0.002258123961951382,""cleave_sigc0_GPa"":9.647583824778208,""emit_G00_eV"":1.1840430726997713,""emit_exp_a"":0.058245843333339986,""emit_exp_n"":0.6995145289177817,""emit_floor_frac"":0.0058420097608974,""emit_gT_eV_per_K"":0.0006043351657819792,""emit_sT_GPa_per_K"":0.0010988527640328038,""emit_sigc0_GPa"":12.21288946184008,""peierls_H0_eV"":5.0913830888888185,""peierls_activation_entropy_kB"":18.862375882631465,""peierls_exp_a"":1.9097672308795155,""peierls_exp_n"":1.1372957159765065,""peierls_nu0_s"":1000000000000.0,""rho_source0_m2"":1.522026670705177e+16,""taylor_H0_eV"":1.7598625760695783,""taylor_activation_entropy_kB"":52.82650031484673,""taylor_corr_rho_c_m2"":93850613580937.02,""taylor_corr_scale"":1.367451520958117,""taylor_exp_a"":0.4561179580539465,""taylor_exp_n"":1.2506696581840515,""taylor_nu0_s"":100000000000.0}",SOBOL_LOCAL_MATERIAL,v913_zeroD_sobol_0242980,0.0,2.2098659122180098,0.2,2.0,0.0,0.4181519918982468,0.01848758545678958,0.0,0.0,0.0,0.0,1.0,True,"{""TARGET_RIGHT_CENSORED"": 8}",481.33,2.412104252310622,0.0076999567986660985,9.647583824778208,-0.002258123961951382,1.8094544216969934,1.4411451306115972,0.0184513317135146,1.1840430726997713,0.0006043351657819792,12.21288946184008,0.0010988527640328038,0.058245843333339986,0.6995145289177817,0.0058420097608974,5.0913830888888185,18.862375882631465,1.9097672308795155,1.1372957159765065,1000000000000.0,1.7598625760695783,52.82650031484673,0.4561179580539465,1.2506696581840515,100000000000.0,1.522026670705177e+16,93850613580937.02,1.367451520958117,5.009492847875154,True,0.0,True,PARETO_NONDOMINATED
oneD_v2_peak_R_de33116f3ca0657c,Peak,de33116f3ca0657c2778d56b77872be01371f9e13a8f59e670dc013419be2e88,"{""Tref_K"":481.33,""c_blunt"":5.228857610321171,""cleave_G00_eV"":2.481268043213497,""cleave_exp_a"":1.4939681480126734,""cleave_exp_n"":1.2522757733755159,""cleave_floor_frac"":0.0184513317135146,""cleave_gT_eV_per_K"":0.00565144721414204,""cleave_sT_GPa_per_K"":-0.0011289672186762729,""cleave_sigc0_GPa"":7.5165382382999555,""emit_G00_eV"":3.7492514372989403,""emit_exp_a"":0.054014175281849854,""emit_exp_n"":1.0105187907920565,""emit_floor_frac"":0.0058420097608974,""emit_gT_eV_per_K"":0.0010537092405645354,""emit_sT_GPa_per_K"":0.0004973348673579393,""emit_sigc0_GPa"":10.106218660285853,""peierls_H0_eV"":9.317607434604938,""peierls_activation_entropy_kB"":3.792324310893733,""peierls_exp_a"":1.9097672308795155,""peierls_exp_n"":1.1372957159765065,""peierls_nu0_s"":1000000000000.0,""rho_source0_m2"":1.368615648741492e+16,""taylor_H0_eV"":2.464002839080423,""taylor_activation_entropy_kB"":50.78918112674947,""taylor_corr_rho_c_m2"":48055046570608.67,""taylor_corr_scale"":0.657895626623503,""taylor_exp_a"":0.4561179580539465,""taylor_exp_n"":1.2506696581840515,""taylor_nu0_s"":100000000000.0}",SOBOL_LOCAL_MATERIAL,v913_zeroD_sobol_0242980,0.0,2.2151293734537254,0.2,2.0,0.0,1.6866964889777922,0.00597425582398281,0.0,0.0,0.0,0.0,1.0,True,"{""TARGET_RIGHT_CENSORED"": 8}",481.33,2.481268043213497,0.00565144721414204,7.5165382382999555,-0.0011289672186762729,1.4939681480126734,1.2522757733755159,0.0184513317135146,3.7492514372989403,0.0010537092405645354,10.106218660285853,0.0004973348673579393,0.054014175281849854,1.0105187907920565,0.0058420097608974,9.317607434604938,3.792324310893733,1.9097672308795155,1.1372957159765065,1000000000000.0,2.464002839080423,50.78918112674947,0.4561179580539465,1.2506696581840515,100000000000.0,1.368615648741492e+16,48055046570608.67,0.657895626623503,5.228857610321171,False,0.04245242297295935,True,PARETO_NEAR_FRONT
oneD_v2_peak_R_0eefba17a2774edd,Peak,0eefba17a2774eddbbcca717071846990902cc16b402e7061b36124304cb3840,"{""Tref_K"":481.33,""c_blunt"":1.8721566744699059,""cleave_G00_eV"":3.459202266234313,""cleave_exp_a"":1.2031424610746368,""cleave_exp_n"":1.134365930794763,""cleave_floor_frac"":0.0184513317135146,""cleave_gT_eV_per_K"":0.011700318880180803,""cleave_sT_GPa_per_K"":-0.0023823350981215198,""cleave_sigc0_GPa"":8.800165258166258,""emit_G00_eV"":1.2613847792296702,""emit_exp_a"":0.12825131487802466,""emit_exp_n"":0.7938900977749822,""emit_floor_frac"":0.0058420097608974,""emit_gT_eV_per_K"":9.523643033278986e-05,""emit_sT_GPa_per_K"":0.0003298405956891706,""emit_sigc0_GPa"":5.631888674075191,""peierls_H0_eV"":9.280294170705274,""peierls_activation_entropy_kB"":0.9164744971121834,""peierls_exp_a"":1.9097672308795155,""peierls_exp_n"":1.1372957159765065,""peierls_nu0_s"":1000000000000.0,""rho_source0_m2"":4.496715483302464e+16,""taylor_H0_eV"":1.231521154471001,""taylor_activation_entropy_kB"":61.11466485165461,""taylor_corr_rho_c_m2"":51585984362170.914,""taylor_corr_scale"":0.9782444336573705,""taylor_exp_a"":0.4561179580539465,""taylor_exp_n"":1.2506696581840515,""taylor_nu0_s"":100000000000.0}",SOBOL_LOCAL_MATERIAL,v913_zeroD_sobol_0242980,0.0,2.217803691503547,0.2,2.0,0.0,1.1335912070078122,0.016782052155763366,0.0,0.0,0.0,0.0,1.0,True,"{""TARGET_RIGHT_CENSORED"": 8}",481.33,3.459202266234313,0.011700318880180803,8.800165258166258,-0.0023823350981215198,1.2031424610746368,1.134365930794763,0.0184513317135146,1.2613847792296702,9.523643033278986e-05,5.631888674075191,0.0003298405956891706,0.12825131487802466,0.7938900977749822,0.0058420097608974,9.280294170705274,0.9164744971121834,1.9097672308795155,1.1372957159765065,1000000000000.0,1.231521154471001,61.11466485165461,0.4561179580539465,1.2506696581840515,100000000000.0,4.496715483302464e+16,51585984362170.914,0.9782444336573705,1.8721566744699059,False,0.0225004563638501,True,PARETO_NEAR_FRONT
oneD_v2_peak_R_aaa4925c7a5d76fe,Peak,aaa4925c7a5d76fe3ee8cc44461836b55a07d8ccb4b5c6fc3badbc265bc1638a,"{""Tref_K"":481.33,""c_blunt"":3.320548205996203,""cleave_G00_eV"":3.763999577102942,""cleave_exp_a"":1.6491736266909218,""cleave_exp_n"":1.7914548149361766,""cleave_floor_frac"":0.0184513317135146,""cleave_gT_eV_per_K"":0.011021464586487437,""cleave_sT_GPa_per_K"":-0.0001717589997932286,""cleave_sigc0_GPa"":10.06488158880931,""emit_G00_eV"":3.708913861344627,""emit_exp_a"":0.06549081887722831,""emit_exp_n"":1.2185394163756706,""emit_floor_frac"":0.0058420097608974,""emit_gT_eV_per_K"":0.0005080492240274518,""emit_sT_GPa_per_K"":-0.0006110937399389793,""emit_sigc0_GPa"":5.815730262705624,""peierls_H0_eV"":5.457665669661813,""peierls_activation_entropy_kB"":0.5927515932128422,""peierls_exp_a"":1.9097672308795155,""peierls_exp_n"":1.1372957159765065,""peierls_nu0_s"":1000000000000.0,""rho_source0_m2"":7057057617903509.0,""taylor_H0_eV"":1.0346840193506006,""taylor_activation_entropy_kB"":16.58434263564802,""taylor_corr_rho_c_m2"":121020253327975.48,""taylor_corr_scale"":0.7829866829828142,""taylor_exp_a"":0.4561179580539465,""taylor_exp_n"":1.2506696581840515,""taylor_nu0_s"":100000000000.0}",SOBOL_LOCAL_MATERIAL,v913_zeroD_sobol_0242980,0.0,2.2203612317142327,0.2,2.0,0.0,0.8615240485653622,0.018542143104691544,0.0,0.0,0.0,0.0,1.0,True,"{""TARGET_RIGHT_CENSORED"": 8}",481.33,3.763999577102942,0.011021464586487437,10.06488158880931,-0.0001717589997932286,1.6491736266909218,1.7914548149361766,0.0184513317135146,3.708913861344627,0.0005080492240274518,5.815730262705624,-0.0006110937399389793,0.06549081887722831,1.2185394163756706,0.0058420097608974,5.457665669661813,0.5927515932128422,1.9097672308795155,1.1372957159765065,1000000000000.0,1.0346840193506006,16.58434263564802,0.4561179580539465,1.2506696581840515,100000000000.0,7057057617903509.0,121020253327975.48,0.7829866829828142,3.320548205996203,False,0.017316690081359914,True,PARETO_NEAR_FRONT
oneD_v2_peak_R_df76d6336859a6d5,Peak,df76d6336859a6d5b6762c4dcfce0baf2d2d1b5f002198f272ed42ef04330eb3,"{""Tref_K"":481.33,""c_blunt"":5.748869574767618,""cleave_G00_eV"":2.5244982985158257,""cleave_exp_a"":1.240626660657244,""cleave_exp_n"":1.0646019275830774,""cleave_floor_frac"":0.0184513317135146,""cleave_gT_eV_per_K"":0.009680149305199623,""cleave_sT_GPa_per_K"":-0.0005423340769188897,""cleave_sigc0_GPa"":12.130342439144458,""emit_G00_eV"":1.1326387603629346,""emit_exp_a"":0.0744656710678431,""emit_exp_n"":1.206545339928208,""emit_floor_frac"":0.0058420097608974,""emit_gT_eV_per_K"":0.0014554449092679758,""emit_sT_GPa_per_K"":0.00174881439871541,""emit_sigc0_GPa"":4.067212133318734,""peierls_H0_eV"":5.8643097464356275,""peierls_activation_entropy_kB"":14.626746369295793,""peierls_exp_a"":1.9097672308795155,""peierls_exp_n"":1.1372957159765065,""peierls_nu0_s"":1000000000000.0,""rho_source0_m2"":1.042682412376121e+16,""taylor_H0_eV"":1.7274340468622797,""taylor_activation_entropy_kB"":20.158749387878864,""taylor_corr_rho_c_m2"":25687629948405.555,""taylor_corr_scale"":1.5467016138564864,""taylor_exp_a"":0.4561179580539465,""taylor_exp_n"":1.2506696581840515,""taylor_nu0_s"":100000000000.0}",SOBOL_LOCAL_MATERIAL,v913_zeroD_sobol_0242980,0.0,2.2272302502088803,0.1,1.0,0.0,3.307233506839756,0.3662409128046762,0.0,0.05453723157195642,0.11466945381692566,0.5,0.9473684210526315,True,"{""TARGET_RIGHT_CENSORED"": 8}",481.33,2.5244982985158257,0.009680149305199623,12.130342439144458,-0.0005423340769188897,1.240626660657244,1.0646019275830774,0.0184513317135146,1.1326387603629346,0.0014554449092679758,4.067212133318734,0.00174881439871541,0.0744656710678431,1.206545339928208,0.0058420097608974,5.8643097464356275,14.626746369295793,1.9097672308795155,1.1372957159765065,1000000000000.0,1.7274340468622797,20.158749387878864,0.4561179580539465,1.2506696581840515,100000000000.0,1.042682412376121e+16,25687629948405.555,1.5467016138564864,5.748869574767618,False,0.19530560316966147,True,PARETO_NEAR_FRONT
oneD_v2_peak_R_bc7263887036eb8d,Peak,bc7263887036eb8d6986b2268c373f212e6e9ac58966b993eb1b6fa539e36c39,"{""Tref_K"":481.33,""c_blunt"":4.604395367322019,""cleave_G00_eV"":3.027855294872682,""cleave_exp_a"":1.2613131549019878,""cleave_exp_n"":1.4976514033207338,""cleave_floor_frac"":0.0184513317135146,""cleave_gT_eV_per_K"":0.012270457476018286,""cleave_sT_GPa_per_K"":5.5692939995070044e-05,""cleave_sigc0_GPa"":6.256047513721762,""emit_G00_eV"":1.2351037155149234,""emit_exp_a"":0.07868539649931239,""emit_exp_n"":0.7667999343692249,""emit_floor_frac"":0.0058420097608974,""emit_gT_eV_per_K"":0.0025849894477453965,""emit_sT_GPa_per_K"":0.0029300619891787748,""emit_sigc0_GPa"":10.722941307176134,""peierls_H0_eV"":7.787941622413668,""peierls_activation_entropy_kB"":6.068735717562305,""peierls_exp_a"":1.9097672308795155,""peierls_exp_n"":1.1372957159765065,""peierls_nu0_s"":1000000000000.0,""rho_source0_m2"":1.2488931158731164e+16,""taylor_H0_eV"":1.0684522779937344,""taylor_activation_entropy_kB"":28.49735258670394,""taylor_corr_rho_c_m2"":139740389484257.64,""taylor_corr_scale"":0.7944951013249801,""taylor_exp_a"":0.4561179580539465,""taylor_exp_n"":1.2506696581840515,""taylor_nu0_s"":100000000000.0}",SOBOL_LOCAL_MATERIAL,v913_zeroD_sobol_0242980,0.0,2.2363088982120987,0.2,2.0,0.0,0.6435220533770973,0.04327282121512538,0.0,0.0,0.0,0.0,1.0,True,"{""TARGET_RIGHT_CENSORED"": 8}",481.33,3.027855294872682,0.012270457476018286,6.256047513721762,5.5692939995070044e-05,1.2613131549019878,1.4976514033207338,0.0184513317135146,1.2351037155149234,0.0025849894477453965,10.722941307176134,0.0029300619891787748,0.07868539649931239,0.7667999343692249,0.0058420097608974,7.787941622413668,6.068735717562305,1.9097672308795155,1.1372957159765065,1000000000000.0,1.0684522779937344,28.49735258670394,0.4561179580539465,1.2506696581840515,100000000000.0,1.2488931158731164e+16,139740389484257.64,0.7944951013249801,4.604395367322019,False,0.026882006901239233,True,PARETO_NEAR_FRONT
oneD_v2_peak_R_2fcf58e16c110551,Peak,2fcf58e16c1105515c7df365db2645f6e6e5facb94eb003b8696eacedbc56fde,"{""Tref_K"":481.33,""c_blunt"":2.745792597969244,""cleave_G00_eV"":3.5125933694823246,""cleave_exp_a"":1.0355398016938198,""cleave_exp_n"":1.5090976360313768,""cleave_floor_frac"":0.0184513317135146,""cleave_gT_eV_per_K"":0.007512244191951975,""cleave_sT_GPa_per_K"":-0.001208521226420925,""cleave_sigc0_GPa"":7.194948873011092,""emit_G00_eV"":2.3123681146300354,""emit_exp_a"":0.09989387937703788,""emit_exp_n"":0.9363342672347298,""emit_floor_frac"":0.0058420097608974,""emit_gT_eV_per_K"":0.002248199646361125,""emit_sT_GPa_per_K"":-0.00030638412758712493,""emit_sigc0_GPa"":5.64482004791668,""peierls_H0_eV"":5.493309134692408,""peierls_activation_entropy_kB"":0.08509112987667322,""peierls_exp_a"":1.9097672308795155,""peierls_exp_n"":1.1372957159765065,""peierls_nu0_s"":1000000000000.0,""rho_source0_m2"":6191484465710946.0,""taylor_H0_eV"":1.646596990814549,""taylor_activation_entropy_kB"":36.681825341656804,""taylor_corr_rho_c_m2"":45997869417062.48,""taylor_corr_scale"":0.9510717346235373,""taylor_exp_a"":0.4561179580539465,""taylor_exp_n"":1.2506696581840515,""taylor_nu0_s"":100000000000.0}",ARCHIVED_MORPH_0.25,v913_zeroD_sobol_0242980|v913_zeroD_sobol_0202500,0.0,2.238515191944382,0.2,2.0,0.0,1.0505737955809937,0.00924219045542618,0.0,0.0,0.0,0.0,1.0,True,"{""TARGET_RIGHT_CENSORED"": 8}",481.33,3.5125933694823246,0.007512244191951975,7.194948873011092,-0.001208521226420925,1.0355398016938198,1.5090976360313768,0.0184513317135146,2.3123681146300354,0.002248199646361125,5.64482004791668,-0.00030638412758712493,0.09989387937703788,0.9363342672347298,0.0058420097608974,5.493309134692408,0.08509112987667322,1.9097672308795155,1.1372957159765065,1000000000000.0,1.646596990814549,36.681825341656804,0.4561179580539465,1.2506696581840515,100000000000.0,6191484465710946.0,45997869417062.48,0.9510717346235373,2.745792597969244,False,0.032013360329547026,True,PARETO_NEAR_FRONT
oneD_v2_peak_R_48956e7321b38286,Peak,48956e7321b382864d3ae7ba3ca07d4c1a362be8a11c435e1361d35205a363ac,"{""Tref_K"":481.33,""c_blunt"":2.805604150124325,""cleave_G00_eV"":3.0755023044781327,""cleave_exp_a"":0.8106792770266168,""cleave_exp_n"":1.8134791371962378,""cleave_floor_frac"":0.0184513317135146,""cleave_gT_eV_per_K"":0.00687766714300955,""cleave_sT_GPa_per_K"":-0.0012070603845640501,""cleave_sigc0_GPa"":7.043514586104517,""emit_G00_eV"":2.6151637911108363,""emit_exp_a"":0.11620544051994477,""emit_exp_n"":0.7674726876760231,""emit_floor_frac"":0.0058420097608974,""emit_gT_eV_per_K"":0.0035544039187952498,""emit_sT_GPa_per_K"":-0.00194535856321455,""emit_sigc0_GPa"":4.422351218140803,""peierls_H0_eV"":4.738475428566163,""peierls_activation_entropy_kB"":-12.056382121518254,""peierls_exp_a"":1.9097672308795155,""peierls_exp_n"":1.1372957159765065,""peierls_nu0_s"":1000000000000.0,""rho_source0_m2"":2718271457414290.0,""taylor_H0_eV"":1.5961388598092687,""taylor_activation_entropy_kB"":34.90986177697778,""taylor_corr_rho_c_m2"":35995259073137.234,""taylor_corr_scale"":1.047045048608865,""taylor_exp_a"":0.4561179580539465,""taylor_exp_n"":1.2506696581840515,""taylor_nu0_s"":100000000000.0}",ARCHIVED_MORPH_0.50,v913_zeroD_sobol_0242980|v913_zeroD_sobol_0202500,0.0,2.2402523359912663,0.2,2.0,0.0,1.0267359626488823,0.013586814827119681,0.0,0.0,0.0,0.0,1.0,True,"{""TARGET_RIGHT_CENSORED"": 8}",481.33,3.0755023044781327,0.00687766714300955,7.043514586104517,-0.0012070603845640501,0.8106792770266168,1.8134791371962378,0.0184513317135146,2.6151637911108363,0.0035544039187952498,4.422351218140803,-0.00194535856321455,0.11620544051994477,0.7674726876760231,0.0058420097608974,4.738475428566163,-12.056382121518254,1.9097672308795155,1.1372957159765065,1000000000000.0,1.5961388598092687,34.90986177697778,0.4561179580539465,1.2506696581840515,100000000000.0,2718271457414290.0,35995259073137.234,1.047045048608865,2.805604150124325,False,0.028418943663598924,True,PARETO_NEAR_FRONT
oneD_v2_peak_R_3dbca1de74fd38c7,Peak,3dbca1de74fd38c754eb12190d89c694643bb62055888736c6534dbabaa4bcfa,"{""Tref_K"":481.33,""c_blunt"":1.976888333641282,""cleave_G00_eV"":6.022316331655604,""cleave_exp_a"":1.1149058892122594,""cleave_exp_n"":0.9150169803015542,""cleave_floor_frac"":0.0184513317135146,""cleave_gT_eV_per_K"":0.01177182650148765,""cleave_sT_GPa_per_K"":-0.00021783041109946807,""cleave_sigc0_GPa"":4.719279243373714,""emit_G00_eV"":1.5314870637314009,""emit_exp_a"":0.07583066094302808,""emit_exp_n"":0.9117441887135586,""emit_floor_frac"":0.0058420097608974,""emit_gT_eV_per_K"":0.001002531719414036,""emit_sT_GPa_per_K"":6.124098907787966e-05,""emit_sigc0_GPa"":4.1220917809356274,""peierls_H0_eV"":9.846820455550048,""peierls_activation_entropy_kB"":19.08386290688038,""peierls_exp_a"":1.9097672308795155,""peierls_exp_n"":1.1372957159765065,""peierls_nu0_s"":1000000000000.0,""rho_source0_m2"":2.2726994998781636e+16,""taylor_H0_eV"":2.468135192977196,""taylor_activation_entropy_kB"":52.01706856465252,""taylor_corr_rho_c_m2"":145609685637109.12,""taylor_corr_scale"":0.8896093643080615,""taylor_exp_a"":0.4561179580539465,""taylor_exp_n"":1.2506696581840515,""taylor_nu0_s"":100000000000.0}",SOBOL_LOCAL_MATERIAL,v913_zeroD_sobol_0242980,0.0,2.24278032024635,0.2,2.0,0.0,0.6480123958531477,0.0037350979346206237,0.0,0.0,0.0,0.0,1.0,True,"{""TARGET_RIGHT_CENSORED"": 8}",481.33,6.022316331655604,0.01177182650148765,4.719279243373714,-0.00021783041109946807,1.1149058892122594,0.9150169803015542,0.0184513317135146,1.5314870637314009,0.001002531719414036,4.1220917809356274,6.124098907787966e-05,0.07583066094302808,0.9117441887135586,0.0058420097608974,9.846820455550048,19.08386290688038,1.9097672308795155,1.1372957159765065,1000000000000.0,2.468135192977196,52.01706856465252,0.4561179580539465,1.2506696581840515,100000000000.0,2.2726994998781636e+16,145609685637109.12,0.8896093643080615,1.976888333641282,True,0.0,True,PARETO_NONDOMINATED
oneD_v2_peak_R_79049b7c7b00b3cf,Peak,79049b7c7b00b3cf8f825f2aa147f517aece068955e9186bfd5cfd64a4a4a38e,"{""Tref_K"":481.33,""c_blunt"":2.0897732104920768,""cleave_G00_eV"":2.3587047619251615,""cleave_exp_a"":1.7076430341224098,""cleave_exp_n"":1.1477157893393226,""cleave_floor_frac"":0.0184513317135146,""cleave_gT_eV_per_K"":0.00430469538543592,""cleave_sT_GPa_per_K"":-0.000638373194741921,""cleave_sigc0_GPa"":6.161501945962028,""emit_G00_eV"":2.375381481973317,""emit_exp_a"":0.06743038144321283,""emit_exp_n"":1.3038336364238141,""emit_floor_frac"":0.0058420097608974,""emit_gT_eV_per_K"":0.0019545858831331755,""emit_sT_GPa_per_K"":0.0012895249828816621,""emit_sigc0_GPa"":6.745159427791647,""peierls_H0_eV"":3.889314257519534,""peierls_activation_entropy_kB"":8.985371141209004,""peierls_exp_a"":1.9097672308795155,""peierls_exp_n"":1.1372957159765065,""peierls_nu0_s"":1000000000000.0,""rho_source0_m2"":2.063164997480768e+16,""taylor_H0_eV"":1.1161585555214673,""taylor_activation_entropy_kB"":53.815078141176194,""taylor_corr_rho_c_m2"":103406263397583.8,""taylor_corr_scale"":0.8973730732334357,""taylor_exp_a"":0.4561179580539465,""taylor_exp_n"":1.2506696581840515,""taylor_nu0_s"":100000000000.0}",SOBOL_LOCAL_MATERIAL,v913_zeroD_sobol_0242980,0.0,2.2559775735470704,0.2,2.0,0.0,2.3970524775891056,0.01441276074687256,0.0,0.0,0.0,0.0,1.0,True,"{""TARGET_RIGHT_CENSORED"": 8}",481.33,2.3587047619251615,0.00430469538543592,6.161501945962028,-0.000638373194741921,1.7076430341224098,1.1477157893393226,0.0184513317135146,2.375381481973317,0.0019545858831331755,6.745159427791647,0.0012895249828816621,0.06743038144321283,1.3038336364238141,0.0058420097608974,3.889314257519534,8.985371141209004,1.9097672308795155,1.1372957159765065,1000000000000.0,1.1161585555214673,53.815078141176194,0.4561179580539465,1.2506696581840515,100000000000.0,2.063164997480768e+16,103406263397583.8,0.8973730732334357,2.0897732104920768,False,0.14598562028756154,True,PARETO_NEAR_FRONT
oneD_v2_peak_R_d396e89367472006,Peak,d396e89367472006948bd616ea29e22e7b3c40b54f7ad05af80cb53999f722fd,"{""Tref_K"":481.33,""c_blunt"":2.28955994879617,""cleave_G00_eV"":3.2810633206222914,""cleave_exp_a"":1.2286078999750347,""cleave_exp_n"":1.1893704167455434,""cleave_floor_frac"":0.0184513317135146,""cleave_gT_eV_per_K"":0.00708326408034185,""cleave_sT_GPa_per_K"":-0.0007342845820821,""cleave_sigc0_GPa"":5.995572042181678,""emit_G00_eV"":1.8635470624524368,""emit_exp_a"":0.23666972578982431,""emit_exp_n"":0.9666043700923581,""emit_floor_frac"":0.0058420097608974,""emit_gT_eV_per_K"":0.00175119157927105,""emit_sT_GPa_per_K"":0.0006096114786341499,""emit_sigc0_GPa"":2.247086496900811,""peierls_H0_eV"":6.73245784564897,""peierls_activation_entropy_kB"":-17.76541064493358,""peierls_exp_a"":1.9097672308795155,""peierls_exp_n"":1.1372957159765065,""peierls_nu0_s"":1000000000000.0,""rho_source0_m2"":516212223003168.2,""taylor_H0_eV"":2.353998164444326,""taylor_activation_entropy_kB"":39.19375602155924,""taylor_corr_rho_c_m2"":118061675815324.33,""taylor_corr_scale"":0.28306498043350653,""taylor_exp_a"":0.4561179580539465,""taylor_exp_n"":1.2506696581840515,""taylor_nu0_s"":100000000000.0}",ARCHIVED_MORPH_0.50,v913_zeroD_sobol_0242980|v913_zeroD_sobol_0129902,0.0,2.26018731960355,0.2,2.0,0.0,0.5941984923483579,0.14660114352214437,0.0,0.0,0.0,0.0,1.0,True,"{""TARGET_RIGHT_CENSORED"": 8}",481.33,3.2810633206222914,0.00708326408034185,5.995572042181678,-0.0007342845820821,1.2286078999750347,1.1893704167455434,0.0184513317135146,1.8635470624524368,0.00175119157927105,2.247086496900811,0.0006096114786341499,0.23666972578982431,0.9666043700923581,0.0058420097608974,6.73245784564897,-17.76541064493358,1.9097672308795155,1.1372957159765065,1000000000000.0,2.353998164444326,39.19375602155924,0.4561179580539465,1.2506696581840515,100000000000.0,516212223003168.2,118061675815324.33,0.28306498043350653,2.28955994879617,False,0.09344986551450117,True,PARETO_NEAR_FRONT
oneD_v2_peak_R_29b3fe823fad7a53,Peak,29b3fe823fad7a53465ac39d2e6e7893242a12cad44841eec0842e3b9c28ad4e,"{""Tref_K"":481.33,""c_blunt"":1.5447711219475497,""cleave_G00_eV"":2.68217557682439,""cleave_exp_a"":1.3920106324214145,""cleave_exp_n"":0.8866236246498808,""cleave_floor_frac"":0.0184513317135146,""cleave_gT_eV_per_K"":0.012596736488775802,""cleave_sT_GPa_per_K"":-0.000573157878767212,""cleave_sigc0_GPa"":10.640006109596273,""emit_G00_eV"":1.418716748524467,""emit_exp_a"":0.09225407208131298,""emit_exp_n"":0.9930732288093842,""emit_floor_frac"":0.0058420097608974,""emit_gT_eV_per_K"":-0.00020865484528485487,""emit_sT_GPa_per_K"":0.003072824350641697,""emit_sigc0_GPa"":5.141995136254678,""peierls_H0_eV"":5.149871800232904,""peierls_activation_entropy_kB"":11.567007602867397,""peierls_exp_a"":1.9097672308795155,""peierls_exp_n"":1.1372957159765065,""peierls_nu0_s"":1000000000000.0,""rho_source0_m2"":9216718389329800.0,""taylor_H0_eV"":2.787929025592822,""taylor_activation_entropy_kB"":57.611569726526696,""taylor_corr_rho_c_m2"":43828302035327.17,""taylor_corr_scale"":0.8699189356128654,""taylor_exp_a"":0.4561179580539465,""taylor_exp_n"":1.2506696581840515,""taylor_nu0_s"":100000000000.0}",SOBOL_LOCAL_MATERIAL,v913_zeroD_sobol_0242980,0.0,2.265287289268347,0.1305836123932668,1.0,0.0,1.7964561946162056,0.32054499538093867,0.0,0.026337373063229717,0.07186620929237135,0.375,0.9473684210526315,True,"{""TARGET_RIGHT_CENSORED"": 8}",481.33,2.68217557682439,0.012596736488775802,10.640006109596273,-0.000573157878767212,1.3920106324214145,0.8866236246498808,0.0184513317135146,1.418716748524467,-0.00020865484528485487,5.141995136254678,0.003072824350641697,0.09225407208131298,0.9930732288093842,0.0058420097608974,5.149871800232904,11.567007602867397,1.9097672308795155,1.1372957159765065,1000000000000.0,2.787929025592822,57.611569726526696,0.4561179580539465,1.2506696581840515,100000000000.0,9216718389329800.0,43828302035327.17,0.8699189356128654,1.5447711219475497,False,0.10909665151720802,True,PARETO_NEAR_FRONT
oneD_v2_peak_R_d8ff8882376732cd,Peak,d8ff8882376732cd9826ca2a8d5b3e9fb0ca9ea6de915b053430ff53d338cfa6,"{""Tref_K"":481.33,""c_blunt"":1.92465924634712,""cleave_G00_eV"":3.637902148020943,""cleave_exp_a"":1.9208925461335966,""cleave_exp_n"":1.2414133357941644,""cleave_floor_frac"":0.0184513317135146,""cleave_gT_eV_per_K"":0.0058069567126988,""cleave_sT_GPa_per_K"":-9.344549658923018e-05,""cleave_sigc0_GPa"":5.670629453867497,""emit_G00_eV"":1.3157895018776813,""emit_exp_a"":0.09197378688523547,""emit_exp_n"":0.8705765215136907,""emit_floor_frac"":0.0058420097608974,""emit_gT_eV_per_K"":0.001425771581272249,""emit_sT_GPa_per_K"":0.0032771769890455574,""emit_sigc0_GPa"":4.9011883803619956,""peierls_H0_eV"":4.541251225926918,""peierls_activation_entropy_kB"":13.590613448723195,""peierls_exp_a"":1.9097672308795155,""peierls_exp_n"":1.1372957159765065,""peierls_nu0_s"":1000000000000.0,""rho_source0_m2"":4021764444758003.0,""taylor_H0_eV"":2.0264496404412853,""taylor_activation_entropy_kB"":37.51356599099028,""taylor_corr_rho_c_m2"":25984900139667.25,""taylor_corr_scale"":0.5301445217764225,""taylor_exp_a"":0.4561179580539465,""taylor_exp_n"":1.2506696581840515,""taylor_nu0_s"":100000000000.0}",SOBOL_LOCAL_MATERIAL,v913_zeroD_sobol_0242980,0.0,2.2656923366172865,0.2,2.0,0.0,1.4956898186551313,0.03345232580775026,0.0,0.0,0.0,0.0,1.0,True,"{""TARGET_RIGHT_CENSORED"": 8}",481.33,3.637902148020943,0.0058069567126988,5.670629453867497,-9.344549658923018e-05,1.9208925461335966,1.2414133357941644,0.0184513317135146,1.3157895018776813,0.001425771581272249,4.9011883803619956,0.0032771769890455574,0.09197378688523547,0.8705765215136907,0.0058420097608974,4.541251225926918,13.590613448723195,1.9097672308795155,1.1372957159765065,1000000000000.0,2.0264496404412853,37.51356599099028,0.4561179580539465,1.2506696581840515,100000000000.0,4021764444758003.0,25984900139667.25,0.5301445217764225,1.92465924634712,False,0.023434092552873414,True,PARETO_NEAR_FRONT
oneD_v2_peak_R_a3f72fdba1f297ef,Peak,a3f72fdba1f297ef257cda5c07df6f5fee7f8fae8b141250ddb11a586cf593d4,"{""Tref_K"":481.33,""c_blunt"":1.2731767053808842,""cleave_G00_eV"":5.721199834512486,""cleave_exp_a"":0.9424769539079009,""cleave_exp_n"":1.3437790407196406,""cleave_floor_frac"":0.0184513317135146,""cleave_gT_eV_per_K"":0.0076438750821356495,""cleave_sT_GPa_per_K"":-0.00029211605734147633,""cleave_sigc0_GPa"":5.522814374306581,""emit_G00_eV"":3.842616780677217,""emit_exp_a"":0.08670617127805662,""emit_exp_n"":0.8205355437281504,""emit_floor_frac"":0.0058420097608974,""emit_gT_eV_per_K"":4.354194362649489e-05,""emit_sT_GPa_per_K"":0.0031199669500474566,""emit_sigc0_GPa"":15.271392913105549,""peierls_H0_eV"":6.340045522637654,""peierls_activation_entropy_kB"":5.340635754886385,""peierls_exp_a"":1.9097672308795155,""peierls_exp_n"":1.1372957159765065,""peierls_nu0_s"":1000000000000.0,""rho_source0_m2"":8902147436358092.0,""taylor_H0_eV"":2.1231853726894006,""taylor_activation_entropy_kB"":45.31206394746001,""taylor_corr_rho_c_m2"":111299162351120.86,""taylor_corr_scale"":0.47178334528456,""taylor_exp_a"":0.4561179580539465,""taylor_exp_n"":1.2506696581840515,""taylor_nu0_s"":100000000000.0}",SOBOL_LOCAL_MATERIAL,v913_zeroD_sobol_0242980,0.0,2.268800169181727,0.2,2.0,0.0,1.0642377063415982,0.013485430356907524,0.0,0.0,0.0,0.0,1.0,True,"{""TARGET_RIGHT_CENSORED"": 8}",481.33,5.721199834512486,0.0076438750821356495,5.522814374306581,-0.00029211605734147633,0.9424769539079009,1.3437790407196406,0.0184513317135146,3.842616780677217,4.354194362649489e-05,15.271392913105549,0.0031199669500474566,0.08670617127805662,0.8205355437281504,0.0058420097608974,6.340045522637654,5.340635754886385,1.9097672308795155,1.1372957159765065,1000000000000.0,2.1231853726894006,45.31206394746001,0.4561179580539465,1.2506696581840515,100000000000.0,8902147436358092.0,111299162351120.86,0.47178334528456,1.2731767053808842,False,0.02986013966644382,True,PARETO_NEAR_FRONT
oneD_v2_peak_R_8ad7a01ce8f05eab,Peak,8ad7a01ce8f05eab1eb6a2a2f5b7f22e651383bdfdcaad744e114d7a0370e77e,"{""Tref_K"":481.33,""c_blunt"":1.2616214990416943,""cleave_G00_eV"":4.010242174250693,""cleave_exp_a"":1.8644814711232214,""cleave_exp_n"":0.9292864331351854,""cleave_floor_frac"":0.0184513317135146,""cleave_gT_eV_per_K"":0.00953729456168725,""cleave_sT_GPa_per_K"":-0.0017918261422066363,""cleave_sigc0_GPa"":6.292137247839268,""emit_G00_eV"":1.9683960458536158,""emit_exp_a"":0.07702870651292541,""emit_exp_n"":0.8495238537326558,""emit_floor_frac"":0.0058420097608974,""emit_gT_eV_per_K"":0.0024826420662043434,""emit_sT_GPa_per_K"":-0.000384225536490899,""emit_sigc0_GPa"":15.71824802880931,""peierls_H0_eV"":4.305364476660345,""peierls_activation_entropy_kB"":15.09836073297426,""peierls_exp_a"":1.9097672308795155,""peierls_exp_n"":1.1372957159765065,""peierls_nu0_s"":1000000000000.0,""rho_source0_m2"":5231910844416236.0,""taylor_H0_eV"":1.9255150542189268,""taylor_activation_entropy_kB"":20.45693958854236,""taylor_corr_rho_c_m2"":132669470503984.7,""taylor_corr_scale"":0.5197036090083217,""taylor_exp_a"":0.4561179580539465,""taylor_exp_n"":1.2506696581840515,""taylor_nu0_s"":100000000000.0}",SOBOL_LOCAL_MATERIAL,v913_zeroD_sobol_0242980,0.0,2.2728959058542646,0.2,2.0,0.0,1.8145017665093908,0.020157226966399155,0.0,0.0,0.0,0.0,1.0,True,"{""TARGET_RIGHT_CENSORED"": 8}",481.33,4.010242174250693,0.00953729456168725,6.292137247839268,-0.0017918261422066363,1.8644814711232214,0.9292864331351854,0.0184513317135146,1.9683960458536158,0.0024826420662043434,15.71824802880931,-0.000384225536490899,0.07702870651292541,0.8495238537326558,0.0058420097608974,4.305364476660345,15.09836073297426,1.9097672308795155,1.1372957159765065,1000000000000.0,1.9255150542189268,20.45693958854236,0.4561179580539465,1.2506696581840515,100000000000.0,5231910844416236.0,132669470503984.7,0.5197036090083217,1.2616214990416943,False,0.06838188729962051,True,PARETO_NEAR_FRONT
oneD_v2_peak_R_84224db21fab5e86,Peak,84224db21fab5e86c28fe46b1fc09935c48c39aab40626963151ee170876ae8e,"{""Tref_K"":481.33,""c_blunt"":2.0409861036754866,""cleave_G00_eV"":5.015752916352762,""cleave_exp_a"":1.2841657871998038,""cleave_exp_n"":0.8473376306318019,""cleave_floor_frac"":0.0184513317135146,""cleave_gT_eV_per_K"":0.008422057597061538,""cleave_sT_GPa_per_K"":-0.0006831479478344801,""cleave_sigc0_GPa"":7.265378018202486,""emit_G00_eV"":3.650854358974994,""emit_exp_a"":0.1051336320628685,""emit_exp_n"":1.6520115457333722,""emit_floor_frac"":0.0058420097608974,""emit_gT_eV_per_K"":0.0023692102328026787,""emit_sT_GPa_per_K"":0.0019786155255822648,""emit_sigc0_GPa"":3.664819451539552,""peierls_H0_eV"":8.46676379588052,""peierls_activation_entropy_kB"":2.129145864214861,""peierls_exp_a"":1.9097672308795155,""peierls_exp_n"":1.1372957159765065,""peierls_nu0_s"":1000000000000.0,""rho_source0_m2"":5014794209137889.0,""taylor_H0_eV"":1.5393662629000109,""taylor_activation_entropy_kB"":33.552618888174166,""taylor_corr_rho_c_m2"":58338536880818.83,""taylor_corr_scale"":0.5225999176900205,""taylor_exp_a"":0.4561179580539465,""taylor_exp_n"":1.2506696581840515,""taylor_nu0_s"":100000000000.0}",SOBOL_LOCAL_MATERIAL,v913_zeroD_sobol_0242980,0.0,2.2792104996972826,0.2,2.0,0.0,0.8681492353257639,0.015855472825167916,0.0,0.0,0.0,0.0,1.0,True,"{""TARGET_RIGHT_CENSORED"": 8}",481.33,5.015752916352762,0.008422057597061538,7.265378018202486,-0.0006831479478344801,1.2841657871998038,0.8473376306318019,0.0184513317135146,3.650854358974994,0.0023692102328026787,3.664819451539552,0.0019786155255822648,0.1051336320628685,1.6520115457333722,0.0058420097608974,8.46676379588052,2.129145864214861,1.9097672308795155,1.1372957159765065,1000000000000.0,1.5393662629000109,33.552618888174166,0.4561179580539465,1.2506696581840515,100000000000.0,5014794209137889.0,58338536880818.83,0.5225999176900205,2.0409861036754866,False,0.011619079670724885,True,PARETO_NEAR_FRONT
oneD_v2_peak_R_85d5f262ec40ffe0,Peak,85d5f262ec40ffe0a05a5fcbab73b23933146d51da869239e7cb54a936228fa5,"{""Tref_K"":481.33,""c_blunt"":2.16697798437459,""cleave_G00_eV"":3.7537477201761513,""cleave_exp_a"":1.082668606614437,""cleave_exp_n"":1.643635275783392,""cleave_floor_frac"":0.0184513317135146,""cleave_gT_eV_per_K"":0.00478281823382705,""cleave_sT_GPa_per_K"":0.0006798907923512501,""cleave_sigc0_GPa"":7.5313792318998365,""emit_G00_eV"":3.1160124652324295,""emit_exp_a"":0.26340859737873684,""emit_exp_n"":0.9180774364593164,""emit_floor_frac"":0.0058420097608974,""emit_gT_eV_per_K"":0.0025035802442579997,""emit_sT_GPa_per_K"":-0.0029975004065782,""emit_sigc0_GPa"":5.682307647423972,""peierls_H0_eV"":5.999614829658793,""peierls_activation_entropy_kB"":-12.563259582966566,""peierls_exp_a"":1.9097672308795155,""peierls_exp_n"":1.1372957159765065,""peierls_nu0_s"":1000000000000.0,""rho_source0_m2"":1300386551866334.0,""taylor_H0_eV"":1.2687723393501567,""taylor_activation_entropy_kB"":23.874286115169525,""taylor_corr_rho_c_m2"":48948685881728.13,""taylor_corr_scale"":0.8941024065775315,""taylor_exp_a"":0.4561179580539465,""taylor_exp_n"":1.2506696581840515,""taylor_nu0_s"":100000000000.0}",ARCHIVED_MORPH_0.50,v913_zeroD_sobol_0242980|v913_zeroD_sobol_0009771,0.0,2.2826098811486073,0.2,2.0,0.0,0.8843614001941488,0.029327989938304128,0.0,0.0,0.0,0.0,1.0,True,"{""TARGET_RIGHT_CENSORED"": 8}",481.33,3.7537477201761513,0.00478281823382705,7.5313792318998365,0.0006798907923512501,1.082668606614437,1.643635275783392,0.0184513317135146,3.1160124652324295,0.0025035802442579997,5.682307647423972,-0.0029975004065782,0.26340859737873684,0.9180774364593164,0.0058420097608974,5.999614829658793,-12.563259582966566,1.9097672308795155,1.1372957159765065,1000000000000.0,1.2687723393501567,23.874286115169525,0.4561179580539465,1.2506696581840515,100000000000.0,1300386551866334.0,48948685881728.13,0.8941024065775315,2.16697798437459,False,0.019385985878633015,True,PARETO_NEAR_FRONT
oneD_v2_peak_R_6f851ce38f3e2701,Peak,6f851ce38f3e270109ee96cb1e4812db517033ce2a36ce5151e308c80abff970,"{""Tref_K"":481.33,""c_blunt"":1.3997016464703051,""cleave_G00_eV"":2.4403406536108188,""cleave_exp_a"":1.1737960064333979,""cleave_exp_n"":1.6983686947195393,""cleave_floor_frac"":0.0184513317135146,""cleave_gT_eV_per_K"":0.00455148437757279,""cleave_sT_GPa_per_K"":-0.0004591676958243951,""cleave_sigc0_GPa"":4.710903382372797,""emit_G00_eV"":3.137107581854253,""emit_exp_a"":0.13439357096797167,""emit_exp_n"":0.8027347226168534,""emit_floor_frac"":0.0058420097608974,""emit_gT_eV_per_K"":0.0004849615283883169,""emit_sT_GPa_per_K"":0.0009171051932769739,""emit_sigc0_GPa"":4.827751293083226,""peierls_H0_eV"":4.230548577742374,""peierls_activation_entropy_kB"":1.5716368271782581,""peierls_exp_a"":1.9097672308795155,""peierls_exp_n"":1.1372957159765065,""peierls_nu0_s"":1000000000000.0,""rho_source0_m2"":9712303969450546.0,""taylor_H0_eV"":1.2090640107307271,""taylor_activation_entropy_kB"":33.927884713297345,""taylor_corr_rho_c_m2"":127975526283817.92,""taylor_corr_scale"":1.0441352520582485,""taylor_exp_a"":0.4561179580539465,""taylor_exp_n"":1.2506696581840515,""taylor_nu0_s"":100000000000.0}",SOBOL_LOCAL_MATERIAL,v913_zeroD_sobol_0242980,0.0,2.296240995621133,0.2,2.0,0.0,2.1669214733184425,0.024930161311359417,0.0,0.0,0.0,0.0,1.0,True,"{""TARGET_RIGHT_CENSORED"": 8}",481.33,2.4403406536108188,0.00455148437757279,4.710903382372797,-0.0004591676958243951,1.1737960064333979,1.6983686947195393,0.0184513317135146,3.137107581854253,0.0004849615283883169,4.827751293083226,0.0009171051932769739,0.13439357096797167,0.8027347226168534,0.0058420097608974,4.230548577742374,1.5716368271782581,1.9097672308795155,1.1372957159765065,1000000000000.0,1.2090640107307271,33.927884713297345,0.4561179580539465,1.2506696581840515,100000000000.0,9712303969450546.0,127975526283817.92,1.0441352520582485,1.3997016464703051,False,0.1351290320471018,True,PARETO_NEAR_FRONT
oneD_v2_peak_R_a76e2ddebca52da2,Peak,a76e2ddebca52da2490d928659c43caf6bdfc569507ba90cd79c4e9622bdcff4,"{""Tref_K"":481.33,""c_blunt"":1.1047588357182703,""cleave_G00_eV"":6.252995786586434,""cleave_exp_a"":1.3525419190549484,""cleave_exp_n"":1.2890016820328913,""cleave_floor_frac"":0.0184513317135146,""cleave_gT_eV_per_K"":0.01232415248314201,""cleave_sT_GPa_per_K"":-0.0018611221719593012,""cleave_sigc0_GPa"":8.483365782012465,""emit_G00_eV"":3.688691254254218,""emit_exp_a"":0.13722536420291118,""emit_exp_n"":0.8429166673818983,""emit_floor_frac"":0.0058420097608974,""emit_gT_eV_per_K"":0.0013723385982133587,""emit_sT_GPa_per_K"":0.00044969504337218774,""emit_sigc0_GPa"":14.084524118926778,""peierls_H0_eV"":6.663773365408608,""peierls_activation_entropy_kB"":18.043402552743174,""peierls_exp_a"":1.9097672308795155,""peierls_exp_n"":1.1372957159765065,""peierls_nu0_s"":1000000000000.0,""rho_source0_m2"":2.0439457561178236e+16,""taylor_H0_eV"":1.2899905837822507,""taylor_activation_entropy_kB"":21.411013579960468,""taylor_corr_rho_c_m2"":69559600271147.32,""taylor_corr_scale"":1.0898789307338053,""taylor_exp_a"":0.4561179580539465,""taylor_exp_n"":1.2506696581840515,""taylor_nu0_s"":100000000000.0}",SOBOL_LOCAL_MATERIAL,v913_zeroD_sobol_0242980,0.0,2.3048657392015315,0.2,2.0,0.0,0.9471498609432366,0.010505596718129201,0.0,0.0,0.0,0.0,1.0,True,"{""TARGET_RIGHT_CENSORED"": 8}",481.33,6.252995786586434,0.01232415248314201,8.483365782012465,-0.0018611221719593012,1.3525419190549484,1.2890016820328913,0.0184513317135146,3.688691254254218,0.0013723385982133587,14.084524118926778,0.00044969504337218774,0.13722536420291118,0.8429166673818983,0.0058420097608974,6.663773365408608,18.043402552743174,1.9097672308795155,1.1372957159765065,1000000000000.0,1.2899905837822507,21.411013579960468,0.4561179580539465,1.2506696581840515,100000000000.0,2.0439457561178236e+16,69559600271147.32,1.0898789307338053,1.1047588357182703,False,0.012226048061799565,True,PARETO_NEAR_FRONT
oneD_v2_peak_R_fe9f317c4cdc3dc3,Peak,fe9f317c4cdc3dc350cea2fcd72d18391575ea83a0e40f67ad72cb10072cbaab,"{""Tref_K"":481.33,""c_blunt"":2.605118046267156,""cleave_G00_eV"":3.9730406642400085,""cleave_exp_a"":1.12275617681566,""cleave_exp_n"":1.256833324394807,""cleave_floor_frac"":0.0184513317135146,""cleave_gT_eV_per_K"":0.007451650846400225,""cleave_sT_GPa_per_K"":-0.001559333733515725,""cleave_sigc0_GPa"":7.107011937025914,""emit_G00_eV"":2.3714282201511994,""emit_exp_a"":0.10309974323921765,""emit_exp_n"":1.187371414590718,""emit_floor_frac"":0.0058420097608974,""emit_gT_eV_per_K"":0.0026819958351551997,""emit_sT_GPa_per_K"":-0.000426306346431425,""emit_sigc0_GPa"":6.004566498323995,""peierls_H0_eV"":6.182115087274816,""peierls_activation_entropy_kB"":2.438889564946294,""peierls_exp_a"":1.9097672308795155,""peierls_exp_n"":1.1372957159765065,""peierls_nu0_s"":1000000000000.0,""rho_source0_m2"":4414430760931511.5,""taylor_H0_eV"":1.3788648562595396,""taylor_activation_entropy_kB"":35.663161957636476,""taylor_corr_rho_c_m2"":12300099992108.65,""taylor_corr_scale"":0.6457453397484255,""taylor_exp_a"":0.4561179580539465,""taylor_exp_n"":1.2506696581840515,""taylor_nu0_s"":100000000000.0}",ARCHIVED_MORPH_0.25,v913_zeroD_sobol_0242980|v913_zeroD_sobol_0103251,0.0,2.3077613174965217,0.2,2.0,0.0,1.0918575492265834,0.02079163738468401,0.0,0.0,0.0,0.0,1.0,True,"{""TARGET_RIGHT_CENSORED"": 8}",481.33,3.9730406642400085,0.007451650846400225,7.107011937025914,-0.001559333733515725,1.12275617681566,1.256833324394807,0.0184513317135146,2.3714282201511994,0.0026819958351551997,6.004566498323995,-0.000426306346431425,0.10309974323921765,1.187371414590718,0.0058420097608974,6.182115087274816,2.438889564946294,1.9097672308795155,1.1372957159765065,1000000000000.0,1.3788648562595396,35.663161957636476,0.4561179580539465,1.2506696581840515,100000000000.0,4414430760931511.5,12300099992108.65,0.6457453397484255,2.605118046267156,False,0.0263062636280004,True,PARETO_NEAR_FRONT
oneD_v2_peak_R_f16ef34a0a8ad122,Peak,f16ef34a0a8ad122ad598ca5ec928a0c83184f589877d10e6ff7cac80cee30a2,"{""Tref_K"":481.33,""c_blunt"":3.179878788420453,""cleave_G00_eV"":3.6742669961654917,""cleave_exp_a"":1.3283252034701156,""cleave_exp_n"":0.994910202766236,""cleave_floor_frac"":0.0184513317135146,""cleave_gT_eV_per_K"":0.008210831392694313,""cleave_sT_GPa_per_K"":-0.0013008762978989161,""cleave_sigc0_GPa"":7.780288152430285,""emit_G00_eV"":1.2469224065692721,""emit_exp_a"":0.06176294001327371,""emit_exp_n"":1.8168978985309765,""emit_floor_frac"":0.0058420097608974,""emit_gT_eV_per_K"":0.0015752724568299683,""emit_sT_GPa_per_K"":-9.535213985662708e-06,""emit_sigc0_GPa"":4.810241922843037,""peierls_H0_eV"":10.500294453659576,""peierls_activation_entropy_kB"":22.573992358012084,""peierls_exp_a"":1.9097672308795155,""peierls_exp_n"":1.1372957159765065,""peierls_nu0_s"":1000000000000.0,""rho_source0_m2"":2.6906646553052108e+16,""taylor_H0_eV"":1.4482203610184368,""taylor_activation_entropy_kB"":17.81488320642774,""taylor_corr_rho_c_m2"":21051641439378.574,""taylor_corr_scale"":1.6604205807406975,""taylor_exp_a"":0.4561179580539465,""taylor_exp_n"":1.2506696581840515,""taylor_nu0_s"":100000000000.0}",SOBOL_LOCAL_MATERIAL,v913_zeroD_sobol_0242980,0.0,2.315034480893357,0.2,2.0,0.0,0.8919814935500558,0.0014630237550990188,0.0,0.0,0.0,0.0,1.0,True,"{""TARGET_RIGHT_CENSORED"": 8}",481.33,3.6742669961654917,0.008210831392694313,7.780288152430285,-0.0013008762978989161,1.3283252034701156,0.994910202766236,0.0184513317135146,1.2469224065692721,0.0015752724568299683,4.810241922843037,-9.535213985662708e-06,0.06176294001327371,1.8168978985309765,0.0058420097608974,10.500294453659576,22.573992358012084,1.9097672308795155,1.1372957159765065,1000000000000.0,1.4482203610184368,17.81488320642774,0.4561179580539465,1.2506696581840515,100000000000.0,2.6906646553052108e+16,21051641439378.574,1.6604205807406975,3.179878788420453,True,0.0,True,PARETO_NONDOMINATED
oneD_v2_peak_R_2eadc49054c33382,Peak,2eadc49054c33382959cc1bfa913ef5e2f8a54d091795ad6e2d0a6b4b9d483f0,"{""Tref_K"":481.33,""c_blunt"":3.590532543188294,""cleave_G00_eV"":3.829553749535433,""cleave_exp_a"":0.9136606325463078,""cleave_exp_n"":1.704892247186365,""cleave_floor_frac"":0.0184513317135146,""cleave_gT_eV_per_K"":0.006840014404488105,""cleave_sT_GPa_per_K"":-0.0007572934074564833,""cleave_sigc0_GPa"":9.038875476668835,""emit_G00_eV"":1.0997387874961735,""emit_exp_a"":0.07892514835440252,""emit_exp_n"":1.1267020359460793,""emit_floor_frac"":0.0058420097608974,""emit_gT_eV_per_K"":0.0007511934941812019,""emit_sT_GPa_per_K"":0.0028575529603819022,""emit_sigc0_GPa"":11.271560924602063,""peierls_H0_eV"":8.809866582730333,""peierls_activation_entropy_kB"":17.54793921163958,""peierls_exp_a"":1.9097672308795155,""peierls_exp_n"":1.1372957159765065,""peierls_nu0_s"":1000000000000.0,""rho_source0_m2"":5876175391616417.0,""taylor_H0_eV"":1.4701379499594625,""taylor_activation_entropy_kB"":54.36359956830489,""taylor_corr_rho_c_m2"":74362208190934.33,""taylor_corr_scale"":1.4621954965562156,""taylor_exp_a"":0.4561179580539465,""taylor_exp_n"":1.2506696581840515,""taylor_nu0_s"":100000000000.0}",SOBOL_LOCAL_MATERIAL,v913_zeroD_sobol_0242980,0.0,2.325995519194323,0.10127844330922295,1.0,0.0,2.0099202833606835,0.3619024084260931,0.0,0.04920243831624241,0.10349939880149259,0.5,0.9473684210526315,True,"{""TARGET_RIGHT_CENSORED"": 8}",481.33,3.829553749535433,0.006840014404488105,9.038875476668835,-0.0007572934074564833,0.9136606325463078,1.704892247186365,0.0184513317135146,1.0997387874961735,0.0007511934941812019,11.271560924602063,0.0028575529603819022,0.07892514835440252,1.1267020359460793,0.0058420097608974,8.809866582730333,17.54793921163958,1.9097672308795155,1.1372957159765065,1000000000000.0,1.4701379499594625,54.36359956830489,0.4561179580539465,1.2506696581840515,100000000000.0,5876175391616417.0,74362208190934.33,1.4621954965562156,3.590532543188294,False,0.16543398486508162,True,PARETO_NEAR_FRONT
oneD_v2_peak_R_0fdea070bf7ffb46,Peak,0fdea070bf7ffb46f2e229f49ea0dd5a20866966b671ea5c043ba953ff1484f5,"{""Tref_K"":481.33,""c_blunt"":2.06758360583854,""cleave_G00_eV"":3.8057258911586604,""cleave_exp_a"":1.5774535786803923,""cleave_exp_n"":1.4379217101952293,""cleave_floor_frac"":0.0184513317135146,""cleave_gT_eV_per_K"":0.003576455223271535,""cleave_sT_GPa_per_K"":-0.0012227612774324225,""cleave_sigc0_GPa"":7.332122756472866,""emit_G00_eV"":2.87388544989939,""emit_exp_a"":0.0880815140482561,""emit_exp_n"":0.9996438189178384,""emit_floor_frac"":0.0058420097608974,""emit_gT_eV_per_K"":0.0002391631653278827,""emit_sT_GPa_per_K"":0.002674569075972493,""emit_sigc0_GPa"":4.052464325932633,""peierls_H0_eV"":6.7267457772378405,""peierls_activation_entropy_kB"":9.37438667928564,""peierls_exp_a"":1.9097672308795155,""peierls_exp_n"":1.1372957159765065,""peierls_nu0_s"":1000000000000.0,""rho_source0_m2"":4.738034425292137e+16,""taylor_H0_eV"":2.7486452087183757,""taylor_activation_entropy_kB"":35.769071775474764,""taylor_corr_rho_c_m2"":173958516670721.53,""taylor_corr_scale"":1.1672050451021527,""taylor_exp_a"":0.4561179580539465,""taylor_exp_n"":1.2506696581840515,""taylor_nu0_s"":100000000000.0}",SOBOL_LOCAL_MATERIAL,v913_zeroD_sobol_0242980,0.0,2.3280178028607814,0.2,2.0,0.0,1.4658125657695504,0.11512598626926787,0.0,0.0,0.0,0.0,1.0,True,"{""TARGET_RIGHT_CENSORED"": 8}",481.33,3.8057258911586604,0.003576455223271535,7.332122756472866,-0.0012227612774324225,1.5774535786803923,1.4379217101952293,0.0184513317135146,2.87388544989939,0.0002391631653278827,4.052464325932633,0.002674569075972493,0.0880815140482561,0.9996438189178384,0.0058420097608974,6.7267457772378405,9.37438667928564,1.9097672308795155,1.1372957159765065,1000000000000.0,2.7486452087183757,35.769071775474764,0.4561179580539465,1.2506696581840515,100000000000.0,4.738034425292137e+16,173958516670721.53,1.1672050451021527,2.06758360583854,False,0.07797128525872189,True,PARETO_NEAR_FRONT
oneD_v2_peak_R_d05b2d173677d7ff,Peak,d05b2d173677d7ff748f035f4e2876a96f91c193664e9b3d5cc1b61605f1484b,"{""Tref_K"":481.33,""c_blunt"":3.6372174026233943,""cleave_G00_eV"":5.049514025746804,""cleave_exp_a"":1.6973842662027312,""cleave_exp_n"":1.1992776403032848,""cleave_floor_frac"":0.0184513317135146,""cleave_gT_eV_per_K"":0.011302625114895286,""cleave_sT_GPa_per_K"":-0.001469822604745538,""cleave_sigc0_GPa"":9.1082686098571,""emit_G00_eV"":1.3973883282656832,""emit_exp_a"":0.07562813576649396,""emit_exp_n"":1.8957374166701126,""emit_floor_frac"":0.0058420097608974,""emit_gT_eV_per_K"":0.0020698641937172396,""emit_sT_GPa_per_K"":0.0024284439776268247,""emit_sigc0_GPa"":15.169635665091583,""peierls_H0_eV"":7.0068070618806075,""peierls_activation_entropy_kB"":18.599618754480183,""peierls_exp_a"":1.9097672308795155,""peierls_exp_n"":1.1372957159765065,""peierls_nu0_s"":1000000000000.0,""rho_source0_m2"":2.947984054344634e+16,""taylor_H0_eV"":2.2407055252837407,""taylor_activation_entropy_kB"":52.43988621837549,""taylor_corr_rho_c_m2"":24274006138520.09,""taylor_corr_scale"":0.6240694816502794,""taylor_exp_a"":0.4561179580539465,""taylor_exp_n"":1.2506696581840515,""taylor_nu0_s"":100000000000.0}",SOBOL_LOCAL_MATERIAL,v913_zeroD_sobol_0242980,0.0,2.3284532054940064,0.2,2.0,0.0,1.2096611739831866,0.0008700555078089423,0.0,0.0,0.0,0.0,1.0,True,"{""TARGET_RIGHT_CENSORED"": 8}",481.33,5.049514025746804,0.011302625114895286,9.1082686098571,-0.001469822604745538,1.6973842662027312,1.1992776403032848,0.0184513317135146,1.3973883282656832,0.0020698641937172396,15.169635665091583,0.0024284439776268247,0.07562813576649396,1.8957374166701126,0.0058420097608974,7.0068070618806075,18.599618754480183,1.9097672308795155,1.1372957159765065,1000000000000.0,2.2407055252837407,52.43988621837549,0.4561179580539465,1.2506696581840515,100000000000.0,2.947984054344634e+16,24274006138520.09,0.6240694816502794,3.6372174026233943,True,0.0,True,PARETO_NONDOMINATED
oneD_v2_peak_R_69ab5f473cf8ee37,Peak,69ab5f473cf8ee37bd211138f1b460237205246d125c1b0918a17305418350a4,"{""Tref_K"":481.33,""c_blunt"":1.4789838376490443,""cleave_G00_eV"":5.820853781437537,""cleave_exp_a"":1.7989567249353144,""cleave_exp_n"":1.4258073744105235,""cleave_floor_frac"":0.0184513317135146,""cleave_gT_eV_per_K"":0.011978376143714888,""cleave_sT_GPa_per_K"":-0.0010384190023124797,""cleave_sigc0_GPa"":6.0060478852843415,""emit_G00_eV"":1.1607463768142132,""emit_exp_a"":0.1194246174111933,""emit_exp_n"":1.4758001373183838,""emit_floor_frac"":0.0058420097608974,""emit_gT_eV_per_K"":-0.0004596026900486412,""emit_sT_GPa_per_K"":-0.0003113209652807899,""emit_sigc0_GPa"":6.493728498600135,""peierls_H0_eV"":10.1535180396897,""peierls_activation_entropy_kB"":13.087279311040072,""peierls_exp_a"":1.9097672308795155,""peierls_exp_n"":1.1372957159765065,""peierls_nu0_s"":1000000000000.0,""rho_source0_m2"":8431298811937651.0,""taylor_H0_eV"":2.4996261810958678,""taylor_activation_entropy_kB"":37.17209194041443,""taylor_corr_rho_c_m2"":65829859964390.6,""taylor_corr_scale"":1.0592360665583438,""taylor_exp_a"":0.4561179580539465,""taylor_exp_n"":1.2506696581840515,""taylor_nu0_s"":100000000000.0}",SOBOL_LOCAL_MATERIAL,v913_zeroD_sobol_0242980,0.0,2.3296501127035825,0.2,2.0,0.0,1.0890420231279931,0.03361583107080146,0.0,0.0,0.0,0.0,1.0,True,"{""TARGET_RIGHT_CENSORED"": 8}",481.33,5.820853781437537,0.011978376143714888,6.0060478852843415,-0.0010384190023124797,1.7989567249353144,1.4258073744105235,0.0184513317135146,1.1607463768142132,-0.0004596026900486412,6.493728498600135,-0.0003113209652807899,0.1194246174111933,1.4758001373183838,0.0058420097608974,10.1535180396897,13.087279311040072,1.9097672308795155,1.1372957159765065,1000000000000.0,2.4996261810958678,37.17209194041443,0.4561179580539465,1.2506696581840515,100000000000.0,8431298811937651.0,65829859964390.6,1.0592360665583438,1.4789838376490443,False,0.03196418132746325,True,PARETO_NEAR_FRONT
oneD_v2_peak_R_9903f0fe87ddd6d1,Peak,9903f0fe87ddd6d1a85b89a22f6803a1c2a6ded0441d1a182a3459131fedc005,"{""Tref_K"":481.33,""c_blunt"":3.9099451975916493,""cleave_G00_eV"":3.0664467509065747,""cleave_exp_a"":1.4493047242920971,""cleave_exp_n"":1.5577930234609807,""cleave_floor_frac"":0.0184513317135146,""cleave_gT_eV_per_K"":0.010684041302059084,""cleave_sT_GPa_per_K"":-0.001758214651369508,""cleave_sigc0_GPa"":5.181952009452864,""emit_G00_eV"":1.1429371320217627,""emit_exp_a"":0.058421763879894895,""emit_exp_n"":1.0218704084025427,""emit_floor_frac"":0.0058420097608974,""emit_gT_eV_per_K"":0.0023399907119996902,""emit_sT_GPa_per_K"":0.0013119949395280983,""emit_sigc0_GPa"":12.837422611705549,""peierls_H0_eV"":4.489678893345301,""peierls_activation_entropy_kB"":4.874201106377309,""peierls_exp_a"":1.9097672308795155,""peierls_exp_n"":1.1372957159765065,""peierls_nu0_s"":1000000000000.0,""rho_source0_m2"":3.222479701648144e+16,""taylor_H0_eV"":2.419090008546493,""taylor_activation_entropy_kB"":32.5482012105011,""taylor_corr_rho_c_m2"":118982097220893.44,""taylor_corr_scale"":0.7432500580304264,""taylor_exp_a"":0.4561179580539465,""taylor_exp_n"":1.2506696581840515,""taylor_nu0_s"":100000000000.0}",SOBOL_LOCAL_MATERIAL,v913_zeroD_sobol_0242980,0.0,2.3313090480140106,0.2,2.0,0.0,1.2954132970152799,0.014037252304916564,0.0,0.0,0.0,0.0,1.0,True,"{""TARGET_RIGHT_CENSORED"": 8}",481.33,3.0664467509065747,0.010684041302059084,5.181952009452864,-0.001758214651369508,1.4493047242920971,1.5577930234609807,0.0184513317135146,1.1429371320217627,0.0023399907119996902,12.837422611705549,0.0013119949395280983,0.058421763879894895,1.0218704084025427,0.0058420097608974,4.489678893345301,4.874201106377309,1.9097672308795155,1.1372957159765065,1000000000000.0,2.419090008546493,32.5482012105011,0.4561179580539465,1.2506696581840515,100000000000.0,3.222479701648144e+16,118982097220893.44,0.7432500580304264,3.9099451975916493,False,0.01861280389319948,True,PARETO_NEAR_FRONT
oneD_v2_peak_R_23c60045a084ec75,Peak,23c60045a084ec752511fadee08b8714546d454403df37d5e6e850bda27f0c3d,"{""Tref_K"":481.33,""c_blunt"":5.438222507510925,""cleave_G00_eV"":5.62678388693643,""cleave_exp_a"":1.8636699969198989,""cleave_exp_n"":0.9912812261564287,""cleave_floor_frac"":0.0184513317135146,""cleave_gT_eV_per_K"":0.0074465576617850195,""cleave_sT_GPa_per_K"":-0.0009600654327173701,""cleave_sigc0_GPa"":9.392666153520231,""emit_G00_eV"":3.0882429126070963,""emit_exp_a"":0.08369935214451875,""emit_exp_n"":1.0543426541582577,""emit_floor_frac"":0.0058420097608974,""emit_gT_eV_per_K"":0.0023918769392581793,""emit_sT_GPa_per_K"":0.0029770651983903147,""emit_sigc0_GPa"":6.655673380427676,""peierls_H0_eV"":6.529679041199349,""peierls_activation_entropy_kB"":0.03541758137258988,""peierls_exp_a"":1.9097672308795155,""peierls_exp_n"":1.1372957159765065,""peierls_nu0_s"":1000000000000.0,""rho_source0_m2"":1.2927685965732292e+16,""taylor_H0_eV"":1.4031559366441597,""taylor_activation_entropy_kB"":16.19780005033893,""taylor_corr_rho_c_m2"":55631178240923.77,""taylor_corr_scale"":1.560169425786509,""taylor_exp_a"":0.4561179580539465,""taylor_exp_n"":1.2506696581840515,""taylor_nu0_s"":100000000000.0}",SOBOL_LOCAL_MATERIAL,v913_zeroD_sobol_0242980,0.0,2.3337127253436596,0.2,2.0,0.0,1.0949487623574743,0.02106934580555933,0.0,0.0,0.0,0.0,1.0,True,"{""TARGET_RIGHT_CENSORED"": 8}",481.33,5.62678388693643,0.0074465576617850195,9.392666153520231,-0.0009600654327173701,1.8636699969198989,0.9912812261564287,0.0184513317135146,3.0882429126070963,0.0023918769392581793,6.655673380427676,0.0029770651983903147,0.08369935214451875,1.0543426541582577,0.0058420097608974,6.529679041199349,0.03541758137258988,1.9097672308795155,1.1372957159765065,1000000000000.0,1.4031559366441597,16.19780005033893,0.4561179580539465,1.2506696581840515,100000000000.0,1.2927685965732292e+16,55631178240923.77,1.560169425786509,5.438222507510925,False,0.025792355588510858,True,PARETO_NEAR_FRONT
oneD_v2_peak_R_7c2e4b3b29c03d77,Peak,7c2e4b3b29c03d77e043e9a3f278b504e8af4742764ed65c0453b81f775f98d4,"{""Tref_K"":481.33,""c_blunt"":1.896552794118889,""cleave_G00_eV"":4.5639566865274395,""cleave_exp_a"":1.476765846559036,""cleave_exp_n"":1.6230811417976831,""cleave_floor_frac"":0.0184513317135146,""cleave_gT_eV_per_K"":0.006405920885220785,""cleave_sT_GPa_per_K"":-0.0005486067690190132,""cleave_sigc0_GPa"":8.885092851932706,""emit_G00_eV"":1.1665185238728737,""emit_exp_a"":0.11788937545601129,""emit_exp_n"":1.3353899438234256,""emit_floor_frac"":0.0058420097608974,""emit_gT_eV_per_K"":0.0012566696793657557,""emit_sT_GPa_per_K"":-0.00010696029658009481,""emit_sigc0_GPa"":6.1896286666791465,""peierls_H0_eV"":6.921010126662305,""peierls_activation_entropy_kB"":12.215733201895441,""peierls_exp_a"":1.9097672308795155,""peierls_exp_n"":1.1372957159765065,""peierls_nu0_s"":1000000000000.0,""rho_source0_m2"":5049573721926021.0,""taylor_H0_eV"":2.0558261856051865,""taylor_activation_entropy_kB"":57.27013968281986,""taylor_corr_rho_c_m2"":171357301580260.7,""taylor_corr_scale"":0.43658070416070477,""taylor_exp_a"":0.4561179580539465,""taylor_exp_n"":1.2506696581840515,""taylor_nu0_s"":100000000000.0}",SOBOL_LOCAL_MATERIAL,v913_zeroD_sobol_0242980,0.0,2.35592751724968,0.2,2.0,0.0,0.531667135341481,0.019146918432932897,0.0,0.0,0.0,0.0,1.0,True,"{""TARGET_RIGHT_CENSORED"": 8}",481.33,4.5639566865274395,0.006405920885220785,8.885092851932706,-0.0005486067690190132,1.476765846559036,1.6230811417976831,0.0184513317135146,1.1665185238728737,0.0012566696793657557,6.1896286666791465,-0.00010696029658009481,0.11788937545601129,1.3353899438234256,0.0058420097608974,6.921010126662305,12.215733201895441,1.9097672308795155,1.1372957159765065,1000000000000.0,2.0558261856051865,57.27013968281986,0.4561179580539465,1.2506696581840515,100000000000.0,5049573721926021.0,171357301580260.7,0.43658070416070477,1.896552794118889,False,0.02245096487628994,True,PARETO_NEAR_FRONT
oneD_v2_peak_R_71e2d9bf7adfc2d4,Peak,71e2d9bf7adfc2d4eba49dbc8305357accbaca1a20f90bbb3e0141171cb8fd17,"{""Tref_K"":481.33,""c_blunt"":2.525490563760105,""cleave_G00_eV"":3.9346519576465058,""cleave_exp_a"":0.9529857037352516,""cleave_exp_n"":1.2578627630343184,""cleave_floor_frac"":0.0184513317135146,""cleave_gT_eV_per_K"":0.0067564804519060495,""cleave_sT_GPa_per_K"":-0.0019086853987536501,""cleave_sigc0_GPa"":6.872394532805248,""emit_G00_eV"":2.750457365569435,""emit_exp_a"":0.1237838169374538,""emit_exp_n"":1.2341679733778148,""emit_floor_frac"":0.0058420097608974,""emit_gT_eV_per_K"":0.0044219962963834,""emit_sT_GPa_per_K"":-0.00218520300090315,""emit_sigc0_GPa"":5.003988988974379,""peierls_H0_eV"":6.001291542225572,""peierls_activation_entropy_kB"":-7.348785251379013,""peierls_exp_a"":1.9097672308795155,""peierls_exp_n"":1.1372957159765065,""peierls_nu0_s"":1000000000000.0,""rho_source0_m2"":1381823800011335.0,""taylor_H0_eV"":1.1192817991929127,""taylor_activation_entropy_kB"":32.87253500893712,""taylor_corr_rho_c_m2"":2573873246427.0093,""taylor_corr_scale"":0.48268230602842754,""taylor_exp_a"":0.4561179580539465,""taylor_exp_n"":1.2506696581840515,""taylor_nu0_s"":100000000000.0}",ARCHIVED_MORPH_0.50,v913_zeroD_sobol_0242980|v913_zeroD_sobol_0103251,0.0,2.35930024559521,0.2,2.0,0.0,1.0182373733700536,0.03823457970812835,0.0,0.0,0.0,0.0,1.0,True,"{""TARGET_RIGHT_CENSORED"": 8}",481.33,3.9346519576465058,0.0067564804519060495,6.872394532805248,-0.0019086853987536501,0.9529857037352516,1.2578627630343184,0.0184513317135146,2.750457365569435,0.0044219962963834,5.003988988974379,-0.00218520300090315,0.1237838169374538,1.2341679733778148,0.0058420097608974,6.001291542225572,-7.348785251379013,1.9097672308795155,1.1372957159765065,1000000000000.0,1.1192817991929127,32.87253500893712,0.4561179580539465,1.2506696581840515,100000000000.0,1381823800011335.0,2573873246427.0093,0.48268230602842754,2.525490563760105,False,0.03507142897777032,True,PARETO_NEAR_FRONT
oneD_v2_peak_R_ef89faaf5746abc9,Peak,ef89faaf5746abc94aa16d9e4cc765a3fd010101620735554a894e207361ea8c,"{""Tref_K"":481.33,""c_blunt"":2.687256144359708,""cleave_G00_eV"":4.011803912930191,""cleave_exp_a"":1.3227705595549195,""cleave_exp_n"":1.2558047282509506,""cleave_floor_frac"":0.0184513317135146,""cleave_gT_eV_per_K"":0.0081468212408944,""cleave_sT_GPa_per_K"":-0.0012099820682778,""cleave_sigc0_GPa"":7.349638969637454,""emit_G00_eV"":1.5334736343473194,""emit_exp_a"":0.0858719444833695,""emit_exp_n"":1.1423492641188204,""emit_floor_frac"":0.0058420097608974,""emit_gT_eV_per_K"":0.00070649653044525,""emit_sT_GPa_per_K"":0.0013325903080403,""emit_sigc0_GPa"":7.205215461552143,""peierls_H0_eV"":6.368386985268444,""peierls_activation_entropy_kB"":12.2265643812716,""peierls_exp_a"":1.9097672308795155,""peierls_exp_n"":1.1372957159765065,""peierls_nu0_s"":1000000000000.0,""rho_source0_m2"":1.4102520844479966e+16,""taylor_H0_eV"":1.6986502355337143,""taylor_activation_entropy_kB"":38.45378890633583,""taylor_corr_rho_c_m2"":58780073970578.01,""taylor_corr_scale"":0.8638954413677038,""taylor_exp_a"":0.4561179580539465,""taylor_exp_n"":1.2506696581840515,""taylor_nu0_s"":100000000000.0}",DIRECTED_EMISSION_BARRIER_-0.25,v913_zeroD_sobol_0242980,0.0,2.3596425607075524,0.2,2.0,0.0,0.41960633258212254,0.008837209148237657,0.0,0.0,0.0,0.0,1.0,True,"{""TARGET_RIGHT_CENSORED"": 8}",481.33,4.011803912930191,0.0081468212408944,7.349638969637454,-0.0012099820682778,1.3227705595549195,1.2558047282509506,0.0184513317135146,1.5334736343473194,0.00070649653044525,7.205215461552143,0.0013325903080403,0.0858719444833695,1.1423492641188204,0.0058420097608974,6.368386985268444,12.2265643812716,1.9097672308795155,1.1372957159765065,1000000000000.0,1.6986502355337143,38.45378890633583,0.4561179580539465,1.2506696581840515,100000000000.0,1.4102520844479966e+16,58780073970578.01,0.8638954413677038,2.687256144359708,True,0.0,True,PARETO_NONDOMINATED
oneD_v2_peak_R_5caac86c29784a5b,Peak,5caac86c29784a5b1d2a2710063842a92bf5d32b381cbf6d399c310c451895e1,"{""Tref_K"":481.33,""c_blunt"":4.338061523378009,""cleave_G00_eV"":6.184437389728073,""cleave_exp_a"":1.929753470575561,""cleave_exp_n"":1.6083499342833811,""cleave_floor_frac"":0.0184513317135146,""cleave_gT_eV_per_K"":0.005032716759683087,""cleave_sT_GPa_per_K"":-0.00080633323992201,""cleave_sigc0_GPa"":4.79659009755269,""emit_G00_eV"":2.8300003293775178,""emit_exp_a"":0.069779817386382,""emit_exp_n"":1.8746554659300412,""emit_floor_frac"":0.0058420097608974,""emit_gT_eV_per_K"":0.0016285901883581694,""emit_sT_GPa_per_K"":0.0016313592327265012,""emit_sigc0_GPa"":7.971583275441782,""peierls_H0_eV"":5.6026118704480465,""peierls_activation_entropy_kB"":20.847076581233797,""peierls_exp_a"":1.9097672308795155,""peierls_exp_n"":1.1372957159765065,""peierls_nu0_s"":1000000000000.0,""rho_source0_m2"":1.0900529700886734e+16,""taylor_H0_eV"":2.1997237824095315,""taylor_activation_entropy_kB"":31.021255553633353,""taylor_corr_rho_c_m2"":99314823378049.98,""taylor_corr_scale"":0.801336381591958,""taylor_exp_a"":0.4561179580539465,""taylor_exp_n"":1.2506696581840515,""taylor_nu0_s"":100000000000.0}",SOBOL_LOCAL_MATERIAL,v913_zeroD_sobol_0242980,0.0,2.371707316353718,0.2,2.0,0.0,2.3020307058706297,0.04302201130813471,0.0,0.0,0.0,0.0,1.0,True,"{""TARGET_RIGHT_CENSORED"": 8}",481.33,6.184437389728073,0.005032716759683087,4.79659009755269,-0.00080633323992201,1.929753470575561,1.6083499342833811,0.0184513317135146,2.8300003293775178,0.0016285901883581694,7.971583275441782,0.0016313592327265012,0.069779817386382,1.8746554659300412,0.0058420097608974,5.6026118704480465,20.847076581233797,1.9097672308795155,1.1372957159765065,1000000000000.0,2.1997237824095315,31.021255553633353,0.4561179580539465,1.2506696581840515,100000000000.0,1.0900529700886734e+16,99314823378049.98,0.801336381591958,4.338061523378009,False,0.15511542852482196,True,PARETO_NEAR_FRONT
oneD_v2_peak_R_b87016ee0f38eff4,Peak,b87016ee0f38eff49990cee9ab306dde4cabbb8ed8c608a4b6a26f267167ebb9,"{""Tref_K"":481.33,""c_blunt"":1.7325981542020927,""cleave_G00_eV"":6.518973587591562,""cleave_exp_a"":1.4667986617890438,""cleave_exp_n"":1.6671278350667609,""cleave_floor_frac"":0.0184513317135146,""cleave_gT_eV_per_K"":0.003705062193514969,""cleave_sT_GPa_per_K"":-0.0009734783000340589,""cleave_sigc0_GPa"":9.579886657573562,""emit_G00_eV"":2.4656670081423475,""emit_exp_a"":0.0524932806931371,""emit_exp_n"":0.8771818242910306,""emit_floor_frac"":0.0058420097608974,""emit_gT_eV_per_K"":0.002429209295337582,""emit_sT_GPa_per_K"":0.002405901086102772,""emit_sigc0_GPa"":5.467607354531839,""peierls_H0_eV"":8.105019963854417,""peierls_activation_entropy_kB"":16.825542636391795,""peierls_exp_a"":1.9097672308795155,""peierls_exp_n"":1.1372957159765065,""peierls_nu0_s"":1000000000000.0,""rho_source0_m2"":2.6420985536693044e+16,""taylor_H0_eV"":1.061941293675278,""taylor_activation_entropy_kB"":28.283383496930583,""taylor_corr_rho_c_m2"":49558841093387.12,""taylor_corr_scale"":1.0675768728524981,""taylor_exp_a"":0.4561179580539465,""taylor_exp_n"":1.2506696581840515,""taylor_nu0_s"":100000000000.0}",SOBOL_LOCAL_MATERIAL,v913_zeroD_sobol_0242980,0.0,2.384303708590446,0.2,2.0,0.0,1.0567121343036336,0.022078057777339538,0.0,0.0,0.0,0.0,1.0,True,"{""TARGET_RIGHT_CENSORED"": 8}",481.33,6.518973587591562,0.003705062193514969,9.579886657573562,-0.0009734783000340589,1.4667986617890438,1.6671278350667609,0.0184513317135146,2.4656670081423475,0.002429209295337582,5.467607354531839,0.002405901086102772,0.0524932806931371,0.8771818242910306,0.0058420097608974,8.105019963854417,16.825542636391795,1.9097672308795155,1.1372957159765065,1000000000000.0,1.061941293675278,28.283383496930583,0.4561179580539465,1.2506696581840515,100000000000.0,2.6420985536693044e+16,49558841093387.12,1.0675768728524981,1.7325981542020927,False,0.03317528359146725,True,PARETO_NEAR_FRONT
oneD_v2_peak_R_d262da51f9ee7cd5,Peak,d262da51f9ee7cd549235f2677f93e2ccc992c2a101d8c5f9442b4c088953b99,"{""Tref_K"":481.33,""c_blunt"":2.4131359064923865,""cleave_G00_eV"":3.880631365120303,""cleave_exp_a"":1.1967130644327086,""cleave_exp_n"":1.4366923647214245,""cleave_floor_frac"":0.0184513317135146,""cleave_gT_eV_per_K"":0.006464819737360725,""cleave_sT_GPa_per_K"":-0.00026504563796327487,""cleave_sigc0_GPa"":7.43995418654505,""emit_G00_eV"":2.524103262476009,""emit_exp_a"":0.15039750147708278,""emit_exp_n"":1.0240923219824436,""emit_floor_frac"":0.0058420097608974,""emit_gT_eV_per_K"":0.0017227878090925,""emit_sT_GPa_per_K"":-0.00083245504926895,""emit_sigc0_GPa"":6.398613202758484,""peierls_H0_eV"":6.1812514103393825,""peierls_activation_entropy_kB"":-0.16834760084748268,""peierls_exp_a"":1.9097672308795155,""peierls_exp_n"":1.1372957159765065,""peierls_nu0_s"":1000000000000.0,""rho_source0_m2"":4282374160857082.5,""taylor_H0_eV"":1.4680600917795583,""taylor_activation_entropy_kB"":31.164037510752678,""taylor_corr_rho_c_m2"":53639606419981.914,""taylor_corr_scale"":0.8788691558805684,""taylor_exp_a"":0.4561179580539465,""taylor_exp_n"":1.2506696581840515,""taylor_nu0_s"":100000000000.0}",ARCHIVED_MORPH_0.25,v913_zeroD_sobol_0242980|v913_zeroD_sobol_0009771,0.0,2.3853930709870035,0.2,2.0,0.0,0.9469148663554553,0.056672184163327505,0.0,0.0,0.0,0.0,1.0,True,"{""TARGET_RIGHT_CENSORED"": 8}",481.33,3.880631365120303,0.006464819737360725,7.43995418654505,-0.00026504563796327487,1.1967130644327086,1.4366923647214245,0.0184513317135146,2.524103262476009,0.0017227878090925,6.398613202758484,-0.00083245504926895,0.15039750147708278,1.0240923219824436,0.0058420097608974,6.1812514103393825,-0.16834760084748268,1.9097672308795155,1.1372957159765065,1000000000000.0,1.4680600917795583,31.164037510752678,0.4561179580539465,1.2506696581840515,100000000000.0,4282374160857082.5,53639606419981.914,0.8788691558805684,2.4131359064923865,False,0.03985512550780895,True,PARETO_NEAR_FRONT
oneD_v2_peak_R_e8f9fd713f6df143,Peak,e8f9fd713f6df14359cfcdc497691b50a66fb6fb0f2ae15872d5fa65d548371c,"{""Tref_K"":481.33,""c_blunt"":2.8051930573454857,""cleave_G00_eV"":6.577083351182842,""cleave_exp_a"":1.8862295901469224,""cleave_exp_n"":1.3359488416775078,""cleave_floor_frac"":0.0184513317135146,""cleave_gT_eV_per_K"":0.010921352416189738,""cleave_sT_GPa_per_K"":-0.002350150062305718,""cleave_sigc0_GPa"":6.977839959008652,""emit_G00_eV"":2.2218545430954517,""emit_exp_a"":0.10986323316064502,""emit_exp_n"":1.8032651719624766,""emit_floor_frac"":0.0058420097608974,""emit_gT_eV_per_K"":0.0022666461718933474,""emit_sT_GPa_per_K"":0.0007737761216958446,""emit_sigc0_GPa"":4.415652922241099,""peierls_H0_eV"":5.796567409538291,""peierls_activation_entropy_kB"":19.43596087352688,""peierls_exp_a"":1.9097672308795155,""peierls_exp_n"":1.1372957159765065,""peierls_nu0_s"":1000000000000.0,""rho_source0_m2"":1.3971381377685002e+16,""taylor_H0_eV"":2.671479203505358,""taylor_activation_entropy_kB"":24.05962870457712,""taylor_corr_rho_c_m2"":34866869498109.016,""taylor_corr_scale"":0.8560563785275559,""taylor_exp_a"":0.4561179580539465,""taylor_exp_n"":1.2506696581840515,""taylor_nu0_s"":100000000000.0}",SOBOL_LOCAL_MATERIAL,v913_zeroD_sobol_0242980,0.0,2.385397115213495,0.2,2.0,0.0,1.5788494936763293,0.014072826505617725,0.0,0.0,0.0,0.0,1.0,True,"{""TARGET_RIGHT_CENSORED"": 8}",481.33,6.577083351182842,0.010921352416189738,6.977839959008652,-0.002350150062305718,1.8862295901469224,1.3359488416775078,0.0184513317135146,2.2218545430954517,0.0022666461718933474,4.415652922241099,0.0007737761216958446,0.10986323316064502,1.8032651719624766,0.0058420097608974,5.796567409538291,19.43596087352688,1.9097672308795155,1.1372957159765065,1000000000000.0,2.671479203505358,24.05962870457712,0.4561179580539465,1.2506696581840515,100000000000.0,1.3971381377685002e+16,34866869498109.016,0.8560563785275559,2.8051930573454857,False,0.03318888118868813,True,PARETO_NEAR_FRONT
oneD_v2_peak_R_6e71f988853cd2c3,Peak,6e71f988853cd2c34243ff1d8bf5f7630338624fb0126b0f25a502a839efe85f,"{""Tref_K"":481.33,""c_blunt"":6.638621908754037,""cleave_G00_eV"":6.811949447410684,""cleave_exp_a"":1.2902622313981336,""cleave_exp_n"":0.9508179162250766,""cleave_floor_frac"":0.0184513317135146,""cleave_gT_eV_per_K"":0.012504838816900753,""cleave_sT_GPa_per_K"":-0.0012316352029246886,""cleave_sigc0_GPa"":5.314069193265607,""emit_G00_eV"":3.212810081996195,""emit_exp_a"":0.0545876784992884,""emit_exp_n"":1.0933377799400956,""emit_floor_frac"":0.0058420097608974,""emit_gT_eV_per_K"":0.000804409173777317,""emit_sT_GPa_per_K"":0.001155127227557582,""emit_sigc0_GPa"":6.08058926643527,""peierls_H0_eV"":6.072478652018938,""peierls_activation_entropy_kB"":12.737831384143576,""peierls_exp_a"":1.9097672308795155,""peierls_exp_n"":1.1372957159765065,""peierls_nu0_s"":1000000000000.0,""rho_source0_m2"":1.455834604031777e+16,""taylor_H0_eV"":2.309443338377154,""taylor_activation_entropy_kB"":39.16934618338092,""taylor_corr_rho_c_m2"":28021206996611.79,""taylor_corr_scale"":0.6866390430323716,""taylor_exp_a"":0.4561179580539465,""taylor_exp_n"":1.2506696581840515,""taylor_nu0_s"":100000000000.0}",SOBOL_LOCAL_MATERIAL,v913_zeroD_sobol_0242980,0.0,2.3984564437507037,0.2,2.0,0.0,1.0787619244738718,0.03656749015589006,0.0,0.0,0.0,0.0,1.0,True,"{""TARGET_RIGHT_CENSORED"": 8}",481.33,6.811949447410684,0.012504838816900753,5.314069193265607,-0.0012316352029246886,1.2902622313981336,0.9508179162250766,0.0184513317135146,3.212810081996195,0.000804409173777317,6.08058926643527,0.001155127227557582,0.0545876784992884,1.0933377799400956,0.0058420097608974,6.072478652018938,12.737831384143576,1.9097672308795155,1.1372957159765065,1000000000000.0,2.309443338377154,39.16934618338092,0.4561179580539465,1.2506696581840515,100000000000.0,1.455834604031777e+16,28021206996611.79,0.6866390430323716,6.638621908754037,False,0.0357846456233582,True,PARETO_NEAR_FRONT
oneD_v2_peak_R_2c6f8d95d12dbced,Peak,2c6f8d95d12dbced63346589fad99fd182f2c9693346745a95c61bf39bab4e6e,"{""Tref_K"":481.33,""c_blunt"":6.520997071842368,""cleave_G00_eV"":4.253880759993317,""cleave_exp_a"":0.876590995266733,""cleave_exp_n"":1.7583165274537513,""cleave_floor_frac"":0.0184513317135146,""cleave_gT_eV_per_K"":0.011857748340587556,""cleave_sT_GPa_per_K"":-0.0006040903968189635,""cleave_sigc0_GPa"":4.465637489685628,""emit_G00_eV"":2.127811453900995,""emit_exp_a"":0.11464948318332195,""emit_exp_n"":1.196939346822265,""emit_floor_frac"":0.0058420097608974,""emit_gT_eV_per_K"":0.002439668925631494,""emit_sT_GPa_per_K"":0.0025321952073615985,""emit_sigc0_GPa"":4.4339452595242514,""peierls_H0_eV"":10.456010417364965,""peierls_activation_entropy_kB"":17.758349312670664,""peierls_exp_a"":1.9097672308795155,""peierls_exp_n"":1.1372957159765065,""peierls_nu0_s"":1000000000000.0,""rho_source0_m2"":3.618815436757441e+16,""taylor_H0_eV"":1.1704792049851933,""taylor_activation_entropy_kB"":22.566106909360542,""taylor_corr_rho_c_m2"":49017762677620.47,""taylor_corr_scale"":0.7645595250908833,""taylor_exp_a"":0.4561179580539465,""taylor_exp_n"":1.2506696581840515,""taylor_nu0_s"":100000000000.0}",SOBOL_LOCAL_MATERIAL,v913_zeroD_sobol_0242980,0.0,2.398601944287719,0.2,2.0,0.0,1.536282322380515,0.11297460766179357,0.0,0.0,0.0,0.0,1.0,True,"{""TARGET_RIGHT_CENSORED"": 8}",481.33,4.253880759993317,0.011857748340587556,4.465637489685628,-0.0006040903968189635,0.876590995266733,1.7583165274537513,0.0184513317135146,2.127811453900995,0.002439668925631494,4.4339452595242514,0.0025321952073615985,0.11464948318332195,1.196939346822265,0.0058420097608974,10.456010417364965,17.758349312670664,1.9097672308795155,1.1372957159765065,1000000000000.0,1.1704792049851933,22.566106909360542,0.4561179580539465,1.2506696581840515,100000000000.0,3.618815436757441e+16,49017762677620.47,0.7645595250908833,6.520997071842368,False,0.08005777057732409,True,PARETO_NEAR_FRONT
oneD_v2_peak_R_7b5a9fb26f7d4dfb,Peak,7b5a9fb26f7d4dfb27e6640b1cdbd9b17ea0c8918e93f4285a4f32941b2fd3a3,"{""Tref_K"":481.33,""c_blunt"":2.7103554772305,""cleave_G00_eV"":3.119839508978027,""cleave_exp_a"":1.152993787633105,""cleave_exp_n"":1.8124926072199141,""cleave_floor_frac"":0.0184513317135146,""cleave_gT_eV_per_K"":0.006502591812023203,""cleave_sT_GPa_per_K"":-0.0024656981994175637,""cleave_sigc0_GPa"":6.386884367441512,""emit_G00_eV"":3.8639869023551268,""emit_exp_a"":0.07088667274778454,""emit_exp_n"":1.2123245272591674,""emit_floor_frac"":0.0058420097608974,""emit_gT_eV_per_K"":0.001850193212866883,""emit_sT_GPa_per_K"":0.0023349530112163736,""emit_sigc0_GPa"":5.234218947307522,""peierls_H0_eV"":7.599798093302179,""peierls_activation_entropy_kB"":12.56618315264213,""peierls_exp_a"":1.9097672308795155,""peierls_exp_n"":1.1372957159765065,""peierls_nu0_s"":1000000000000.0,""rho_source0_m2"":3.0515511521342588e+16,""taylor_H0_eV"":1.7025571814079192,""taylor_activation_entropy_kB"":38.782853105799475,""taylor_corr_rho_c_m2"":60957397114482.36,""taylor_corr_scale"":1.3720988734511965,""taylor_exp_a"":0.4561179580539465,""taylor_exp_n"":1.2506696581840515,""taylor_nu0_s"":100000000000.0}",SOBOL_LOCAL_MATERIAL,v913_zeroD_sobol_0242980,0.0,2.4020754126685313,0.2,2.0,0.0,1.8491074999120425,0.026641104170056468,0.0,0.0,0.0,0.0,1.0,True,"{""TARGET_RIGHT_CENSORED"": 8}",481.33,3.119839508978027,0.006502591812023203,6.386884367441512,-0.0024656981994175637,1.152993787633105,1.8124926072199141,0.0184513317135146,3.8639869023551268,0.001850193212866883,5.234218947307522,0.0023349530112163736,0.07088667274778454,1.2123245272591674,0.0058420097608974,7.599798093302179,12.56618315264213,1.9097672308795155,1.1372957159765065,1000000000000.0,1.7025571814079192,38.782853105799475,0.4561179580539465,1.2506696581840515,100000000000.0,3.0515511521342588e+16,60957397114482.36,1.3720988734511965,2.7103554772305,False,0.07928224159536591,True,PARETO_NEAR_FRONT
oneD_v2_peak_R_fe7c66093a847a08,Peak,fe7c66093a847a08c71fc2bf2dcfbdca3e541307299eaaa890b129356d9bb0b0,"{""Tref_K"":481.33,""c_blunt"":1.18731701357331,""cleave_G00_eV"":6.8619946469561555,""cleave_exp_a"":1.6460866142023867,""cleave_exp_n"":1.123708060708929,""cleave_floor_frac"":0.0184513317135146,""cleave_gT_eV_per_K"":0.0096565759951409,""cleave_sT_GPa_per_K"":-0.0007282164472882174,""cleave_sigc0_GPa"":10.968970045925158,""emit_G00_eV"":1.2531723229934988,""emit_exp_a"":0.1261863194384468,""emit_exp_n"":0.967900101751535,""emit_floor_frac"":0.0058420097608974,""emit_gT_eV_per_K"":0.0002922765932816732,""emit_sT_GPa_per_K"":0.0010347690631600237,""emit_sigc0_GPa"":7.778005304346361,""peierls_H0_eV"":4.570591622710987,""peierls_activation_entropy_kB"":7.604987354992113,""peierls_exp_a"":1.9097672308795155,""peierls_exp_n"":1.1372957159765065,""peierls_nu0_s"":1000000000000.0,""rho_source0_m2"":1.0155044065694828e+16,""taylor_H0_eV"":1.5910837001480627,""taylor_activation_entropy_kB"":23.065431837110815,""taylor_corr_rho_c_m2"":37880802369933.08,""taylor_corr_scale"":0.5682033270198102,""taylor_exp_a"":0.4561179580539465,""taylor_exp_n"":1.2506696581840515,""taylor_nu0_s"":100000000000.0}",SOBOL_LOCAL_MATERIAL,v913_zeroD_sobol_0242980,0.0,2.405078556071703,0.2,2.0,0.0,1.446204521373185,0.01481339146513086,0.0,0.0,0.0,0.0,1.0,True,"{""TARGET_RIGHT_CENSORED"": 8}",481.33,6.8619946469561555,0.0096565759951409,10.968970045925158,-0.0007282164472882174,1.6460866142023867,1.123708060708929,0.0184513317135146,1.2531723229934988,0.0002922765932816732,7.778005304346361,0.0010347690631600237,0.1261863194384468,0.967900101751535,0.0058420097608974,4.570591622710987,7.604987354992113,1.9097672308795155,1.1372957159765065,1000000000000.0,1.5910837001480627,23.065431837110815,0.4561179580539465,1.2506696581840515,100000000000.0,1.0155044065694828e+16,37880802369933.08,0.5682033270198102,1.18731701357331,False,0.027712611291476077,True,PARETO_NEAR_FRONT
oneD_v2_peak_R_99a25f88b503d270,Peak,99a25f88b503d2702302bfbc8d35a39df6b18904ccbc61939758bb4126647ffb,"{""Tref_K"":481.33,""c_blunt"":2.1418223373434078,""cleave_G00_eV"":5.91921336241947,""cleave_exp_a"":1.3339071342751432,""cleave_exp_n"":0.9626554954559351,""cleave_floor_frac"":0.0184513317135146,""cleave_gT_eV_per_K"":0.006024622474610193,""cleave_sT_GPa_per_K"":-0.0008045976067185536,""cleave_sigc0_GPa"":6.767669200420247,""emit_G00_eV"":2.663262832820743,""emit_exp_a"":0.06299276694974687,""emit_exp_n"":1.3587404687302036,""emit_floor_frac"":0.0058420097608974,""emit_gT_eV_per_K"":0.0015058044672074363,""emit_sT_GPa_per_K"":0.0033100033420635465,""emit_sigc0_GPa"":9.745562816357552,""peierls_H0_eV"":5.7257759575303595,""peierls_activation_entropy_kB"":11.39145088941159,""peierls_exp_a"":1.9097672308795155,""peierls_exp_n"":1.1372957159765065,""peierls_nu0_s"":1000000000000.0,""rho_source0_m2"":2.2170190042164184e+16,""taylor_H0_eV"":1.7509735653950915,""taylor_activation_entropy_kB"":19.313909083430936,""taylor_corr_rho_c_m2"":89479316353413.66,""taylor_corr_scale"":0.546951970632462,""taylor_exp_a"":0.4561179580539465,""taylor_exp_n"":1.2506696581840515,""taylor_nu0_s"":100000000000.0}",SOBOL_LOCAL_MATERIAL,v913_zeroD_sobol_0242980,0.0,2.411330360940604,0.2,2.0,0.0,1.114348640300527,0.01547325125507465,0.0,0.0,0.0,0.0,1.0,True,"{""TARGET_RIGHT_CENSORED"": 8}",481.33,5.91921336241947,0.006024622474610193,6.767669200420247,-0.0008045976067185536,1.3339071342751432,0.9626554954559351,0.0184513317135146,2.663262832820743,0.0015058044672074363,9.745562816357552,0.0033100033420635465,0.06299276694974687,1.3587404687302036,0.0058420097608974,5.7257759575303595,11.39145088941159,1.9097672308795155,1.1372957159765065,1000000000000.0,1.7509735653950915,19.313909083430936,0.4561179580539465,1.2506696581840515,100000000000.0,2.2170190042164184e+16,89479316353413.66,0.546951970632462,2.1418223373434078,False,0.02298519655019403,True,PARETO_NEAR_FRONT
oneD_v2_peak_R_6cc35ae8ac83aebc,Peak,6cc35ae8ac83aebcd2ba2422640f888745d3e28ee7e9191f1992a37bbe8d0f50,"{""Tref_K"":481.33,""c_blunt"":1.1678432218199586,""cleave_G00_eV"":2.99284006175382,""cleave_exp_a"":0.8830513165876996,""cleave_exp_n"":1.8165126755148548,""cleave_floor_frac"":0.0184513317135146,""cleave_gT_eV_per_K"":0.004821480922456253,""cleave_sT_GPa_per_K"":-0.0014813036194871092,""cleave_sigc0_GPa"":11.064442613147422,""emit_G00_eV"":1.354562288100843,""emit_exp_a"":0.11975195875369915,""emit_exp_n"":1.6015282079734219,""emit_floor_frac"":0.0058420097608974,""emit_gT_eV_per_K"":0.0023177202431400885,""emit_sT_GPa_per_K"":-0.0007785546163023313,""emit_sigc0_GPa"":10.40395337999603,""peierls_H0_eV"":5.746829366404026,""peierls_activation_entropy_kB"":3.464159889577431,""peierls_exp_a"":1.9097672308795155,""peierls_exp_n"":1.1372957159765065,""peierls_nu0_s"":1000000000000.0,""rho_source0_m2"":2.3544447322478596e+16,""taylor_H0_eV"":2.6670025492569835,""taylor_activation_entropy_kB"":26.819654910720267,""taylor_corr_rho_c_m2"":113022503433118.98,""taylor_corr_scale"":1.112096331993588,""taylor_exp_a"":0.4561179580539465,""taylor_exp_n"":1.2506696581840515,""taylor_nu0_s"":100000000000.0}",SOBOL_LOCAL_MATERIAL,v913_zeroD_sobol_0242980,0.0,2.4196796728778778,0.2,2.0,0.0,1.1875860367857514,0.01419681299706807,0.0,0.0,0.0,0.0,1.0,True,"{""TARGET_RIGHT_CENSORED"": 8}",481.33,2.99284006175382,0.004821480922456253,11.064442613147422,-0.0014813036194871092,0.8830513165876996,1.8165126755148548,0.0184513317135146,1.354562288100843,0.0023177202431400885,10.40395337999603,-0.0007785546163023313,0.11975195875369915,1.6015282079734219,0.0058420097608974,5.746829366404026,3.464159889577431,1.9097672308795155,1.1372957159765065,1000000000000.0,2.6670025492569835,26.819654910720267,0.4561179580539465,1.2506696581840515,100000000000.0,2.3544447322478596e+16,113022503433118.98,1.112096331993588,1.1678432218199586,False,0.014895026407527516,True,PARETO_NEAR_FRONT
oneD_v2_peak_R_1c82bc25bf74ae36,Peak,1c82bc25bf74ae36e961bb0004cedc80fa8cacc90cbb689aaff664aebbf42d93,"{""Tref_K"":481.33,""c_blunt"":1.6688137795816265,""cleave_G00_eV"":4.287170115612098,""cleave_exp_a"":1.2665010637738194,""cleave_exp_n"":1.4091872307831528,""cleave_floor_frac"":0.0184513317135146,""cleave_gT_eV_per_K"":0.004566046466134205,""cleave_sT_GPa_per_K"":-0.0021435620576120374,""cleave_sigc0_GPa"":8.959785235630081,""emit_G00_eV"":2.6338738334759535,""emit_exp_a"":0.0821806203087739,""emit_exp_n"":0.907422769845056,""emit_floor_frac"":0.0058420097608974,""emit_gT_eV_per_K"":0.0022897338550505924,""emit_sT_GPa_per_K"":-0.0004776468790542649,""emit_sigc0_GPa"":5.292439323419659,""peierls_H0_eV"":4.524337930115502,""peierls_activation_entropy_kB"":21.13174627502955,""peierls_exp_a"":1.9097672308795155,""peierls_exp_n"":1.1372957159765065,""peierls_nu0_s"":1000000000000.0,""rho_source0_m2"":5415938106655019.0,""taylor_H0_eV"":2.432761420306987,""taylor_activation_entropy_kB"":29.878132092606215,""taylor_corr_rho_c_m2"":34004810311937.2,""taylor_corr_scale"":1.141588733221429,""taylor_exp_a"":0.4561179580539465,""taylor_exp_n"":1.2506696581840515,""taylor_nu0_s"":100000000000.0}",SOBOL_LOCAL_MATERIAL,v913_zeroD_sobol_0242980,0.0,2.434558577797866,0.2,2.0,0.0,1.1275101496613467,0.037826479561562876,0.0,0.0,0.0,0.0,1.0,True,"{""TARGET_RIGHT_CENSORED"": 8}",481.33,4.287170115612098,0.004566046466134205,8.959785235630081,-0.0021435620576120374,1.2665010637738194,1.4091872307831528,0.0184513317135146,2.6338738334759535,0.0022897338550505924,5.292439323419659,-0.0004776468790542649,0.0821806203087739,0.907422769845056,0.0058420097608974,4.524337930115502,21.13174627502955,1.9097672308795155,1.1372957159765065,1000000000000.0,2.432761420306987,29.878132092606215,0.4561179580539465,1.2506696581840515,100000000000.0,5415938106655019.0,34004810311937.2,1.141588733221429,1.6688137795816265,False,0.03224916839609424,True,PARETO_NEAR_FRONT
oneD_v2_peak_R_501d322bcb5d4504,Peak,501d322bcb5d45043d7faa51f876adac685239494b268463c15db3c217885ad9,"{""Tref_K"":481.33,""c_blunt"":3.3644821084864542,""cleave_G00_eV"":4.963096967281832,""cleave_exp_a"":0.8872175136234112,""cleave_exp_n"":1.0277291250601495,""cleave_floor_frac"":0.0184513317135146,""cleave_gT_eV_per_K"":0.005860661279843876,""cleave_sT_GPa_per_K"":-0.002054720871767806,""cleave_sigc0_GPa"":9.96847473809591,""emit_G00_eV"":2.919360458000746,""emit_exp_a"":0.05485397833963,""emit_exp_n"":0.7426352769612009,""emit_floor_frac"":0.0058420097608974,""emit_gT_eV_per_K"":0.002533818788513887,""emit_sT_GPa_per_K"":0.0012188467527924438,""emit_sigc0_GPa"":6.391532117761528,""peierls_H0_eV"":4.1392277939223305,""peierls_activation_entropy_kB"":10.901556699140349,""peierls_exp_a"":1.9097672308795155,""peierls_exp_n"":1.1372957159765065,""peierls_nu0_s"":1000000000000.0,""rho_source0_m2"":3.335827158322352e+16,""taylor_H0_eV"":1.8993968319856973,""taylor_activation_entropy_kB"":18.891092117315292,""taylor_corr_rho_c_m2"":40927995482127.016,""taylor_corr_scale"":1.6652558365798675,""taylor_exp_a"":0.4561179580539465,""taylor_exp_n"":1.2506696581840515,""taylor_nu0_s"":100000000000.0}",SOBOL_LOCAL_MATERIAL,v913_zeroD_sobol_0242980,0.0,2.4499421105151473,0.2,2.0,0.0,0.6083334814316608,0.017649827328609452,0.0,0.0,0.0,0.0,1.0,True,"{""TARGET_RIGHT_CENSORED"": 8}",481.33,4.963096967281832,0.005860661279843876,9.96847473809591,-0.002054720871767806,0.8872175136234112,1.0277291250601495,0.0184513317135146,2.919360458000746,0.002533818788513887,6.391532117761528,0.0012188467527924438,0.05485397833963,0.7426352769612009,0.0058420097608974,4.1392277939223305,10.901556699140349,1.9097672308795155,1.1372957159765065,1000000000000.0,1.8993968319856973,18.891092117315292,0.4561179580539465,1.2506696581840515,100000000000.0,3.335827158322352e+16,40927995482127.016,1.6652558365798675,3.3644821084864542,False,0.027872022278064897,True,PARETO_NEAR_FRONT
oneD_v2_peak_R_544eb7cb2bdac134,Peak,544eb7cb2bdac134a400da1ea5105c304f6a1c0ed324cdc75f450734badcb882,"{""Tref_K"":481.33,""c_blunt"":1.7654356752613773,""cleave_G00_eV"":4.1394965010246985,""cleave_exp_a"":1.8484064269519338,""cleave_exp_n"":0.9043280666696061,""cleave_floor_frac"":0.0184513317135146,""cleave_gT_eV_per_K"":0.004194663864450772,""cleave_sT_GPa_per_K"":-0.0016815519484908632,""cleave_sigc0_GPa"":11.398577002072424,""emit_G00_eV"":3.8085923866378586,""emit_exp_a"":0.11379083209760328,""emit_exp_n"":1.4855842337618859,""emit_floor_frac"":0.0058420097608974,""emit_gT_eV_per_K"":0.0008201347761328462,""emit_sT_GPa_per_K"":-0.0006920020023864096,""emit_sigc0_GPa"":3.4217408477156073,""peierls_H0_eV"":4.6837520004608875,""peierls_activation_entropy_kB"":14.126759243411653,""peierls_exp_a"":1.9097672308795155,""peierls_exp_n"":1.1372957159765065,""peierls_nu0_s"":1000000000000.0,""rho_source0_m2"":3.773819340771521e+16,""taylor_H0_eV"":2.535511612952959,""taylor_activation_entropy_kB"":56.42276408420118,""taylor_corr_rho_c_m2"":27468977702939.543,""taylor_corr_scale"":0.9811176211790685,""taylor_exp_a"":0.4561179580539465,""taylor_exp_n"":1.2506696581840515,""taylor_nu0_s"":100000000000.0}",SOBOL_LOCAL_MATERIAL,v913_zeroD_sobol_0242980,0.0,2.4846140977738482,0.2,2.0,0.0,1.234444038723642,0.01684743895071003,0.0,0.0,0.0,0.0,1.0,True,"{""TARGET_RIGHT_CENSORED"": 8}",481.33,4.1394965010246985,0.004194663864450772,11.398577002072424,-0.0016815519484908632,1.8484064269519338,0.9043280666696061,0.0184513317135146,3.8085923866378586,0.0008201347761328462,3.4217408477156073,-0.0006920020023864096,0.11379083209760328,1.4855842337618859,0.0058420097608974,4.6837520004608875,14.126759243411653,1.9097672308795155,1.1372957159765065,1000000000000.0,2.535511612952959,56.42276408420118,0.4561179580539465,1.2506696581840515,100000000000.0,3.773819340771521e+16,27468977702939.543,0.9811176211790685,1.7654356752613773,False,0.022322560936870926,True,PARETO_NEAR_FRONT
oneD_v2_peak_R_3594ae0e2f841088,Peak,3594ae0e2f8410884a3945490918997dd3ee33ea0b4ec1df32cdea58d60c44a5,"{""Tref_K"":481.33,""c_blunt"":1.5259402018162542,""cleave_G00_eV"":6.145970170958866,""cleave_exp_a"":1.1304517467329986,""cleave_exp_n"":1.5242138463702488,""cleave_floor_frac"":0.0184513317135146,""cleave_gT_eV_per_K"":0.007989651967849707,""cleave_sT_GPa_per_K"":-0.001315038370611844,""cleave_sigc0_GPa"":10.705400689822365,""emit_G00_eV"":1.1171398915072372,""emit_exp_a"":0.10033510406115508,""emit_exp_n"":1.6695493077756844,""emit_floor_frac"":0.0058420097608974,""emit_gT_eV_per_K"":0.0011425414626019372,""emit_sT_GPa_per_K"":0.0015100053953450152,""emit_sigc0_GPa"":6.872943245148216,""peierls_H0_eV"":3.8443278646776204,""peierls_activation_entropy_kB"":1.0335578414672266,""peierls_exp_a"":1.9097672308795155,""peierls_exp_n"":1.1372957159765065,""peierls_nu0_s"":1000000000000.0,""rho_source0_m2"":2.4543078719233836e+16,""taylor_H0_eV"":1.5187060314119605,""taylor_activation_entropy_kB"":61.45610039622007,""taylor_corr_rho_c_m2"":130687297648826.73,""taylor_corr_scale"":0.49105200910059166,""taylor_exp_a"":0.4561179580539465,""taylor_exp_n"":1.2506696581840515,""taylor_nu0_s"":100000000000.0}",SOBOL_LOCAL_MATERIAL,v913_zeroD_sobol_0242980,0.0,2.492422492614745,0.12099077667504597,1.0,0.0,1.8906092450270875,0.26127628711080464,0.0,0.030381198173502072,0.08503113873810851,0.375,0.9473684210526315,True,"{""TARGET_RIGHT_CENSORED"": 8}",481.33,6.145970170958866,0.007989651967849707,10.705400689822365,-0.001315038370611844,1.1304517467329986,1.5242138463702488,0.0184513317135146,1.1171398915072372,0.0011425414626019372,6.872943245148216,0.0015100053953450152,0.10033510406115508,1.6695493077756844,0.0058420097608974,3.8443278646776204,1.0335578414672266,1.9097672308795155,1.1372957159765065,1000000000000.0,1.5187060314119605,61.45610039622007,0.4561179580539465,1.2506696581840515,100000000000.0,2.4543078719233836e+16,130687297648826.73,0.49105200910059166,1.5259402018162542,True,0.0,True,PARETO_NONDOMINATED
oneD_v2_peak_R_084b513e54f18318,Peak,084b513e54f1831848e88de0dc0abd84edcfc6b3ffce581cc60170a96e20fd54,"{""Tref_K"":481.33,""c_blunt"":3.439181004472313,""cleave_G00_eV"":3.7382820191998607,""cleave_exp_a"":1.1067342764985326,""cleave_exp_n"":0.8619734387123963,""cleave_floor_frac"":0.0184513317135146,""cleave_gT_eV_per_K"":0.00414364757530976,""cleave_sT_GPa_per_K"":-0.0018878305727441898,""cleave_sigc0_GPa"":11.69306807604372,""emit_G00_eV"":3.5770504814980737,""emit_exp_a"":0.08506379254393964,""emit_exp_n"":0.7616414944294686,""emit_floor_frac"":0.0058420097608974,""emit_gT_eV_per_K"":0.0013584369151446486,""emit_sT_GPa_per_K"":0.0033799906648601854,""emit_sigc0_GPa"":9.21606450201739,""peierls_H0_eV"":6.1057640734240595,""peierls_activation_entropy_kB"":8.70013459399079,""peierls_exp_a"":1.9097672308795155,""peierls_exp_n"":1.1372957159765065,""peierls_nu0_s"":1000000000000.0,""rho_source0_m2"":3.5317424478286788e+16,""taylor_H0_eV"":1.0837309218409246,""taylor_activation_entropy_kB"":53.516182455393746,""taylor_corr_rho_c_m2"":35435651670732.36,""taylor_corr_scale"":0.6115985274619412,""taylor_exp_a"":0.4561179580539465,""taylor_exp_n"":1.2506696581840515,""taylor_nu0_s"":100000000000.0}",SOBOL_LOCAL_MATERIAL,v913_zeroD_sobol_0242980,0.0,2.503685893017061,0.2,2.0,0.0,0.7539936000221683,0.027855403806071433,0.0,0.0,0.0,0.0,1.0,True,"{""TARGET_RIGHT_CENSORED"": 8}",481.33,3.7382820191998607,0.00414364757530976,11.69306807604372,-0.0018878305727441898,1.1067342764985326,0.8619734387123963,0.0184513317135146,3.5770504814980737,0.0013584369151446486,9.21606450201739,0.0033799906648601854,0.08506379254393964,0.7616414944294686,0.0058420097608974,6.1057640734240595,8.70013459399079,1.9097672308795155,1.1372957159765065,1000000000000.0,1.0837309218409246,53.516182455393746,0.4561179580539465,1.2506696581840515,100000000000.0,3.5317424478286788e+16,35435651670732.36,0.6115985274619412,3.439181004472313,False,0.03916438713013239,True,PARETO_NEAR_FRONT
oneD_v2_peak_R_9ab7c9298847d181,Peak,9ab7c9298847d1816efebfdce4e473e94e81a4bf0a0b7bec23a75e356f8fe3da,"{""Tref_K"":481.33,""c_blunt"":1.3342808162883983,""cleave_G00_eV"":4.70709405899247,""cleave_exp_a"":1.2557126924210686,""cleave_exp_n"":1.1070470128737362,""cleave_floor_frac"":0.0184513317135146,""cleave_gT_eV_per_K"":0.0069973394876712645,""cleave_sT_GPa_per_K"":-0.0022120131054757207,""cleave_sigc0_GPa"":4.945070606043637,""emit_G00_eV"":2.439610206834974,""emit_exp_a"":0.06851690073093959,""emit_exp_n"":1.5882404458816484,""emit_floor_frac"":0.0058420097608974,""emit_gT_eV_per_K"":0.0017311545113871895,""emit_sT_GPa_per_K"":0.000567287822495891,""emit_sigc0_GPa"":9.549824304922796,""peierls_H0_eV"":9.937035999219532,""peierls_activation_entropy_kB"":0.33215904454692335,""peierls_exp_a"":1.9097672308795155,""peierls_exp_n"":1.1372957159765065,""peierls_nu0_s"":1000000000000.0,""rho_source0_m2"":4544129346902019.0,""taylor_H0_eV"":1.4280245173401303,""taylor_activation_entropy_kB"":15.775685131305593,""taylor_corr_rho_c_m2"":59090984607775.35,""taylor_corr_scale"":0.5093109742044907,""taylor_exp_a"":0.4561179580539465,""taylor_exp_n"":1.2506696581840515,""taylor_nu0_s"":100000000000.0}",SOBOL_LOCAL_MATERIAL,v913_zeroD_sobol_0242980,0.0,2.511390331184262,0.2,2.0,0.0,1.8015120898451258,0.06063822918127035,0.0,0.0,0.0,0.0,1.0,True,"{""TARGET_RIGHT_CENSORED"": 8}",481.33,4.70709405899247,0.0069973394876712645,4.945070606043637,-0.0022120131054757207,1.2557126924210686,1.1070470128737362,0.0184513317135146,2.439610206834974,0.0017311545113871895,9.549824304922796,0.000567287822495891,0.06851690073093959,1.5882404458816484,0.0058420097608974,9.937035999219532,0.33215904454692335,1.9097672308795155,1.1372957159765065,1000000000000.0,1.4280245173401303,15.775685131305593,0.4561179580539465,1.2506696581840515,100000000000.0,4544129346902019.0,59090984607775.35,0.5093109742044907,1.3342808162883983,False,0.0847183248016149,True,PARETO_NEAR_FRONT
oneD_v2_peak_R_a7c578c10f9261a3,Peak,a7c578c10f9261a35fbaf76c35d543f06c8ddbab0b9b39fc3c1a4efa8f9c3247,"{""Tref_K"":481.33,""c_blunt"":6.280023997160223,""cleave_G00_eV"":2.6539957822645817,""cleave_exp_a"":1.9874700023477831,""cleave_exp_n"":1.0753997033202651,""cleave_floor_frac"":0.0184513317135146,""cleave_gT_eV_per_K"":0.005380842360547583,""cleave_sT_GPa_per_K"":-0.0021037631794887453,""cleave_sigc0_GPa"":6.828992589831455,""emit_G00_eV"":1.0886294722656478,""emit_exp_a"":0.06256723199576793,""emit_exp_n"":1.2292365253899,""emit_floor_frac"":0.0058420097608974,""emit_gT_eV_per_K"":5.859638539895066e-05,""emit_sT_GPa_per_K"":0.00020360655915655445,""emit_sigc0_GPa"":4.576111564800328,""peierls_H0_eV"":7.185656496545452,""peierls_activation_entropy_kB"":2.5970889317663026,""peierls_exp_a"":1.9097672308795155,""peierls_exp_n"":1.1372957159765065,""peierls_nu0_s"":1000000000000.0,""rho_source0_m2"":1.744051397517017e+16,""taylor_H0_eV"":1.0485048105477546,""taylor_activation_entropy_kB"":43.86125021696917,""taylor_corr_rho_c_m2"":54556542592348.96,""taylor_corr_scale"":0.7005906595653536,""taylor_exp_a"":0.4561179580539465,""taylor_exp_n"":1.2506696581840515,""taylor_nu0_s"":100000000000.0}",SOBOL_LOCAL_MATERIAL,v913_zeroD_sobol_0242980,0.0,2.518720035914811,0.2,2.0,0.0,1.4381390642268626,0.036430758722993284,0.0,0.0,0.0,0.0,1.0,True,"{""TARGET_RIGHT_CENSORED"": 8}",481.33,2.6539957822645817,0.005380842360547583,6.828992589831455,-0.0021037631794887453,1.9874700023477831,1.0753997033202651,0.0184513317135146,1.0886294722656478,5.859638539895066e-05,4.576111564800328,0.00020360655915655445,0.06256723199576793,1.2292365253899,0.0058420097608974,7.185656496545452,2.5970889317663026,1.9097672308795155,1.1372957159765065,1000000000000.0,1.0485048105477546,43.86125021696917,0.4561179580539465,1.2506696581840515,100000000000.0,1.744051397517017e+16,54556542592348.96,0.7005906595653536,6.280023997160223,False,0.046315501829050434,True,PARETO_NEAR_FRONT
oneD_v2_peak_R_40dc611f87479dbe,Peak,40dc611f87479dbec4e49318c0473b94de5f902c1863e9ff9564d539149b24f3,"{""Tref_K"":481.33,""c_blunt"":2.4068990036498397,""cleave_G00_eV"":4.068601962037316,""cleave_exp_a"":1.017401808065409,""cleave_exp_n"":0.9483343902196867,""cleave_floor_frac"":0.0184513317135146,""cleave_gT_eV_per_K"":0.00868192208533487,""cleave_sT_GPa_per_K"":-0.002226842117459966,""cleave_sigc0_GPa"":8.012946590897913,""emit_G00_eV"":1.1264569539966822,""emit_exp_a"":0.0936942273487843,""emit_exp_n"":0.8280402031597809,""emit_floor_frac"":0.0058420097608974,""emit_gT_eV_per_K"":0.0004317460422614955,""emit_sT_GPa_per_K"":0.002651392754969424,""emit_sigc0_GPa"":8.13936725697939,""peierls_H0_eV"":7.991328880640355,""peierls_activation_entropy_kB"":3.3469928055122526,""peierls_exp_a"":1.9097672308795155,""peierls_exp_n"":1.1372957159765065,""peierls_nu0_s"":1000000000000.0,""rho_source0_m2"":4.954223531428774e+16,""taylor_H0_eV"":2.1620603133483662,""taylor_activation_entropy_kB"":26.444339577869442,""taylor_corr_rho_c_m2"":44487942988822.305,""taylor_corr_scale"":0.5075411103535612,""taylor_exp_a"":0.4561179580539465,""taylor_exp_n"":1.2506696581840515,""taylor_nu0_s"":100000000000.0}",SOBOL_LOCAL_MATERIAL,v913_zeroD_sobol_0242980,0.0,2.532876163722449,0.1182637885777367,1.0,0.0,1.8348415720450477,0.2597253068831413,0.0,0.03282030341822539,0.09909000450127645,0.375,0.9473684210526315,True,"{""TARGET_RIGHT_CENSORED"": 8}",481.33,4.068601962037316,0.00868192208533487,8.012946590897913,-0.002226842117459966,1.017401808065409,0.9483343902196867,0.0184513317135146,1.1264569539966822,0.0004317460422614955,8.13936725697939,0.002651392754969424,0.0936942273487843,0.8280402031597809,0.0058420097608974,7.991328880640355,3.3469928055122526,1.9097672308795155,1.1372957159765065,1000000000000.0,2.1620603133483662,26.444339577869442,0.4561179580539465,1.2506696581840515,100000000000.0,4.954223531428774e+16,44487942988822.305,0.5075411103535612,2.4068990036498397,True,0.0,True,PARETO_NONDOMINATED
oneD_v2_peak_R_9f3384c9d1f49df9,Peak,9f3384c9d1f49df9b8b1dc079c7a084d6c8322cfae1b46306fdbf76fb6ba555c,"{""Tref_K"":481.33,""c_blunt"":2.3422937218573097,""cleave_G00_eV"":5.103129132757638,""cleave_exp_a"":1.6247154564663848,""cleave_exp_n"":0.9870628585600342,""cleave_floor_frac"":0.0184513317135146,""cleave_gT_eV_per_K"":0.003934798829890505,""cleave_sT_GPa_per_K"":6.45693503740928e-05,""cleave_sigc0_GPa"":4.537394462008712,""emit_G00_eV"":1.0826039470422504,""emit_exp_a"":0.12656738042903132,""emit_exp_n"":0.838593863836612,""emit_floor_frac"":0.0058420097608974,""emit_gT_eV_per_K"":0.001815247431588192,""emit_sT_GPa_per_K"":0.0008304077238708664,""emit_sigc0_GPa"":7.413572810969811,""peierls_H0_eV"":5.203773433515475,""peierls_activation_entropy_kB"":15.996643321186337,""peierls_exp_a"":1.9097672308795155,""peierls_exp_n"":1.1372957159765065,""peierls_nu0_s"":1000000000000.0,""rho_source0_m2"":4431101995306554.0,""taylor_H0_eV"":1.3126356387813367,""taylor_activation_entropy_kB"":48.931547313810206,""taylor_corr_rho_c_m2"":30012426056163.54,""taylor_corr_scale"":1.0219239489477294,""taylor_exp_a"":0.4561179580539465,""taylor_exp_n"":1.2506696581840515,""taylor_nu0_s"":100000000000.0}",SOBOL_LOCAL_MATERIAL,v913_zeroD_sobol_0242980,0.0,2.545771704920678,0.2,2.0,0.0,1.4207614603651293,0.08635677330376074,0.0,0.0,0.0,0.0,1.0,True,"{""TARGET_RIGHT_CENSORED"": 8}",481.33,5.103129132757638,0.003934798829890505,4.537394462008712,6.45693503740928e-05,1.6247154564663848,0.9870628585600342,0.0184513317135146,1.0826039470422504,0.001815247431588192,7.413572810969811,0.0008304077238708664,0.12656738042903132,0.838593863836612,0.0058420097608974,5.203773433515475,15.996643321186337,1.9097672308795155,1.1372957159765065,1000000000000.0,1.3126356387813367,48.931547313810206,0.4561179580539465,1.2506696581840515,100000000000.0,4431101995306554.0,30012426056163.54,1.0219239489477294,2.3422937218573097,False,0.07175657644411279,True,PARETO_NEAR_FRONT
oneD_v2_peak_R_05055cd0021bc62c,Peak,05055cd0021bc62cd737f8c4a004ae91554b663683f74a8bf8aa239857969610,"{""Tref_K"":481.33,""c_blunt"":1.4169762709332032,""cleave_G00_eV"":5.585771141958535,""cleave_exp_a"":1.4465874148284679,""cleave_exp_n"":1.2024506926339997,""cleave_floor_frac"":0.0184513317135146,""cleave_gT_eV_per_K"":0.009931945636215243,""cleave_sT_GPa_per_K"":-0.002494536918660222,""cleave_sigc0_GPa"":4.679649262387088,""emit_G00_eV"":3.391162283877405,""emit_exp_a"":0.11256404719887884,""emit_exp_n"":1.3259030808690901,""emit_floor_frac"":0.0058420097608974,""emit_gT_eV_per_K"":0.0025430394289674566,""emit_sT_GPa_per_K"":-0.0009051438090580497,""emit_sigc0_GPa"":3.5898508314488815,""peierls_H0_eV"":5.319441048932723,""peierls_activation_entropy_kB"":9.594747496454882,""peierls_exp_a"":1.9097672308795155,""peierls_exp_n"":1.1372957159765065,""peierls_nu0_s"":1000000000000.0,""rho_source0_m2"":2.4375367344299544e+16,""taylor_H0_eV"":2.0915229684947976,""taylor_activation_entropy_kB"":36.14433209973932,""taylor_corr_rho_c_m2"":38527204013907.35,""taylor_corr_scale"":0.5841145116630512,""taylor_exp_a"":0.4561179580539465,""taylor_exp_n"":1.2506696581840515,""taylor_nu0_s"":100000000000.0}",SOBOL_LOCAL_MATERIAL,v913_zeroD_sobol_0242980,0.0,2.548179657170476,0.2,2.0,0.0,2.2382448641353982,0.04770205481321871,0.0,0.0,0.0,0.0,1.0,True,"{""TARGET_RIGHT_CENSORED"": 8}",481.33,5.585771141958535,0.009931945636215243,4.679649262387088,-0.002494536918660222,1.4465874148284679,1.2024506926339997,0.0184513317135146,3.391162283877405,0.0025430394289674566,3.5898508314488815,-0.0009051438090580497,0.11256404719887884,1.3259030808690901,0.0058420097608974,5.319441048932723,9.594747496454882,1.9097672308795155,1.1372957159765065,1000000000000.0,2.0915229684947976,36.14433209973932,0.4561179580539465,1.2506696581840515,100000000000.0,2.4375367344299544e+16,38527204013907.35,0.5841145116630512,1.4169762709332032,False,0.15654037796885692,True,PARETO_NEAR_FRONT
oneD_v2_peak_R_3b12c377686d5738,Peak,3b12c377686d5738c7c715fc1bacffe31aabb512a6b22ebe4f155fd59762667a,"{""Tref_K"":481.33,""c_blunt"":2.8755056223263473,""cleave_G00_eV"":4.589753782441535,""cleave_exp_a"":1.7166617183930946,""cleave_exp_n"":1.3029199146540793,""cleave_floor_frac"":0.0184513317135146,""cleave_gT_eV_per_K"":0.008814946559349224,""cleave_sT_GPa_per_K"":-0.0016033174319391493,""cleave_sigc0_GPa"":5.024352428936724,""emit_G00_eV"":1.2943163729921578,""emit_exp_a"":0.07994835274233113,""emit_exp_n"":1.0446913520452494,""emit_floor_frac"":0.0058420097608974,""emit_gT_eV_per_K"":0.001107142017672242,""emit_sT_GPa_per_K"":0.0033566791280760736,""emit_sigc0_GPa"":3.866330711931505,""peierls_H0_eV"":4.979253965578824,""peierls_activation_entropy_kB"":2.4798276175218064,""peierls_exp_a"":1.9097672308795155,""peierls_exp_n"":1.1372957159765065,""peierls_nu0_s"":1000000000000.0,""rho_source0_m2"":3.3782631246505224e+16,""taylor_H0_eV"":1.3779160074693728,""taylor_activation_entropy_kB"":44.19140900134872,""taylor_corr_rho_c_m2"":137042688059318.88,""taylor_corr_scale"":1.3999434771898205,""taylor_exp_a"":0.4561179580539465,""taylor_exp_n"":1.2506696581840515,""taylor_nu0_s"":100000000000.0}",SOBOL_LOCAL_MATERIAL,v913_zeroD_sobol_0242980,0.0,2.5496016013736194,0.2,2.0,0.0,1.6278825303250846,0.051879090419159724,0.0,0.0,0.0,0.0,1.0,True,"{""TARGET_RIGHT_CENSORED"": 8}",481.33,4.589753782441535,0.008814946559349224,5.024352428936724,-0.0016033174319391493,1.7166617183930946,1.3029199146540793,0.0184513317135146,1.2943163729921578,0.001107142017672242,3.866330711931505,0.0033566791280760736,0.07994835274233113,1.0446913520452494,0.0058420097608974,4.979253965578824,2.4798276175218064,1.9097672308795155,1.1372957159765065,1000000000000.0,1.3779160074693728,44.19140900134872,0.4561179580539465,1.2506696581840515,100000000000.0,3.3782631246505224e+16,137042688059318.88,1.3999434771898205,2.8755056223263473,False,0.0631329917330166,True,PARETO_NEAR_FRONT
oneD_v2_peak_R_6dbf5a2c6c973a97,Peak,6dbf5a2c6c973a97bddee946f78f9ecb63f7d36947f6ddec852929acf84c0ac0,"{""Tref_K"":481.33,""c_blunt"":4.146299111940541,""cleave_G00_eV"":4.511158113097358,""cleave_exp_a"":0.9502568207740789,""cleave_exp_n"":1.5079759701994278,""cleave_floor_frac"":0.0184513317135146,""cleave_gT_eV_per_K"":0.003564221682767898,""cleave_sT_GPa_per_K"":-0.0023100067263871617,""cleave_sigc0_GPa"":6.600273964973021,""emit_G00_eV"":3.1832510556712608,""emit_exp_a"":0.0658286305208485,""emit_exp_n"":1.1684999912377698,""emit_floor_frac"":0.0058420097608974,""emit_gT_eV_per_K"":0.0014024337267155651,""emit_sT_GPa_per_K"":1.3432470182112065e-05,""emit_sigc0_GPa"":7.941709367339416,""peierls_H0_eV"":8.563281371532897,""peierls_activation_entropy_kB"":16.347705492033615,""peierls_exp_a"":1.9097672308795155,""peierls_exp_n"":1.1372957159765065,""peierls_nu0_s"":1000000000000.0,""rho_source0_m2"":2.8130073709175316e+16,""taylor_H0_eV"":1.1028801154313859,""taylor_activation_entropy_kB"":27.139557988821142,""taylor_corr_rho_c_m2"":70647134470725.97,""taylor_corr_scale"":0.7453517257106235,""taylor_exp_a"":0.4561179580539465,""taylor_exp_n"":1.2506696581840515,""taylor_nu0_s"":100000000000.0}",SOBOL_LOCAL_MATERIAL,v913_zeroD_sobol_0242980,0.0,2.5664850235755665,0.2,2.0,0.0,1.442476019140749,0.037976342100219135,0.0,0.0,0.0,0.0,1.0,True,"{""TARGET_RIGHT_CENSORED"": 8}",481.33,4.511158113097358,0.003564221682767898,6.600273964973021,-0.0023100067263871617,0.9502568207740789,1.5079759701994278,0.0184513317135146,3.1832510556712608,0.0014024337267155651,7.941709367339416,1.3432470182112065e-05,0.0658286305208485,1.1684999912377698,0.0058420097608974,8.563281371532897,16.347705492033615,1.9097672308795155,1.1372957159765065,1000000000000.0,1.1028801154313859,27.139557988821142,0.4561179580539465,1.2506696581840515,100000000000.0,2.8130073709175316e+16,70647134470725.97,0.7453517257106235,4.146299111940541,False,0.05180606097846094,True,PARETO_NEAR_FRONT
oneD_v2_peak_R_398733f4ae037b1d,Peak,398733f4ae037b1d29d5f33f9821f706b4b56b1577cfc207b93e39b4f6c7b242,"{""Tref_K"":481.33,""c_blunt"":1.955007481987204,""cleave_G00_eV"":4.791639538082999,""cleave_exp_a"":1.0327157692242812,""cleave_exp_n"":1.6476112978033617,""cleave_floor_frac"":0.0184513317135146,""cleave_gT_eV_per_K"":0.011120522149858321,""cleave_sT_GPa_per_K"":-0.002138122103554814,""cleave_sigc0_GPa"":5.615895140902866,""emit_G00_eV"":1.216726974911844,""emit_exp_a"":0.09904799119315273,""emit_exp_n"":1.4266194033367927,""emit_floor_frac"":0.0058420097608974,""emit_gT_eV_per_K"":-0.0006849723058318081,""emit_sT_GPa_per_K"":0.0014462767668717794,""emit_sigc0_GPa"":6.550932925085365,""peierls_H0_eV"":5.625910120323763,""peierls_activation_entropy_kB"":24.098385716313334,""peierls_exp_a"":1.9097672308795155,""peierls_exp_n"":1.1372957159765065,""peierls_nu0_s"":1000000000000.0,""rho_source0_m2"":4.113668587080109e+16,""taylor_H0_eV"":1.2478298168642559,""taylor_activation_entropy_kB"":35.40960050556243,""taylor_corr_rho_c_m2"":80319492606674.02,""taylor_corr_scale"":1.1909146616785,""taylor_exp_a"":0.4561179580539465,""taylor_exp_n"":1.2506696581840515,""taylor_nu0_s"":100000000000.0}",SOBOL_LOCAL_MATERIAL,v913_zeroD_sobol_0242980,0.0,2.5762808670704747,0.2,2.0,0.0,1.034152596656406,0.03202210662860497,0.0,0.0,0.0,0.0,1.0,True,"{""TARGET_RIGHT_CENSORED"": 8}",481.33,4.791639538082999,0.011120522149858321,5.615895140902866,-0.002138122103554814,1.0327157692242812,1.6476112978033617,0.0184513317135146,1.216726974911844,-0.0006849723058318081,6.550932925085365,0.0014462767668717794,0.09904799119315273,1.4266194033367927,0.0058420097608974,5.625910120323763,24.098385716313334,1.9097672308795155,1.1372957159765065,1000000000000.0,1.2478298168642559,35.40960050556243,0.4561179580539465,1.2506696581840515,100000000000.0,4.113668587080109e+16,80319492606674.02,1.1909146616785,1.955007481987204,False,0.04653610287676659,True,PARETO_NEAR_FRONT
oneD_v2_peak_R_01949d63918b5f5b,Peak,01949d63918b5f5b89a769eac034ce48e2c74151fec75940323053a38e697476,"{""Tref_K"":481.33,""c_blunt"":3.971485543003118,""cleave_G00_eV"":4.0413994916856835,""cleave_exp_a"":1.179337543996553,""cleave_exp_n"":1.181371758629118,""cleave_floor_frac"":0.0184513317135146,""cleave_gT_eV_per_K"":0.006202263113033271,""cleave_sT_GPa_per_K"":-0.0011783649615168198,""cleave_sigc0_GPa"":5.14232339732117,""emit_G00_eV"":1.4519243343699735,""emit_exp_a"":0.0615598267394464,""emit_exp_n"":1.6747038885964396,""emit_floor_frac"":0.0058420097608974,""emit_gT_eV_per_K"":0.00028223875101235113,""emit_sT_GPa_per_K"":-0.0005265972089245796,""emit_sigc0_GPa"":14.206129091355143,""peierls_H0_eV"":5.919560316437646,""peierls_activation_entropy_kB"":6.717367086411031,""peierls_exp_a"":1.9097672308795155,""peierls_exp_n"":1.1372957159765065,""peierls_nu0_s"":1000000000000.0,""rho_source0_m2"":7377919051197333.0,""taylor_H0_eV"":1.3600464790453355,""taylor_activation_entropy_kB"":28.883928177164798,""taylor_corr_rho_c_m2"":36143192766651.63,""taylor_corr_scale"":1.7357670222844752,""taylor_exp_a"":0.4561179580539465,""taylor_exp_n"":1.2506696581840515,""taylor_nu0_s"":100000000000.0}",SOBOL_LOCAL_MATERIAL,v913_zeroD_sobol_0242980,0.0,2.5803157227269233,0.2,2.0,0.0,0.9012963186723296,0.033236496772570956,0.0,0.0,0.0,0.0,1.0,True,"{""TARGET_RIGHT_CENSORED"": 8}",481.33,4.0413994916856835,0.006202263113033271,5.14232339732117,-0.0011783649615168198,1.179337543996553,1.181371758629118,0.0184513317135146,1.4519243343699735,0.00028223875101235113,14.206129091355143,-0.0005265972089245796,0.0615598267394464,1.6747038885964396,0.0058420097608974,5.919560316437646,6.717367086411031,1.9097672308795155,1.1372957159765065,1000000000000.0,1.3600464790453355,28.883928177164798,0.4561179580539465,1.2506696581840515,100000000000.0,7377919051197333.0,36143192766651.63,1.7357670222844752,3.971485543003118,False,0.03876659852609521,True,PARETO_NEAR_FRONT
oneD_v2_peak_R_70f9419440133dfd,Peak,70f9419440133dfdfc407ab00ff8c7c87157c5d99fe49fcdf85b4a47e148a709,"{""Tref_K"":481.33,""c_blunt"":2.3733492872511297,""cleave_G00_eV"":3.8720399014282814,""cleave_exp_a"":1.3217729477358582,""cleave_exp_n"":1.36634961591968,""cleave_floor_frac"":0.0184513317135146,""cleave_gT_eV_per_K"":0.009323621920541808,""cleave_sT_GPa_per_K"":-0.001971114697019294,""cleave_sigc0_GPa"":4.504987140900628,""emit_G00_eV"":1.3755069947934697,""emit_exp_a"":0.1213114570932169,""emit_exp_n"":1.3956572842347068,""emit_floor_frac"":0.0058420097608974,""emit_gT_eV_per_K"":0.0006016594667238226,""emit_sT_GPa_per_K"":-0.0007148344540084306,""emit_sigc0_GPa"":9.916744475358502,""peierls_H0_eV"":3.942462059525456,""peierls_activation_entropy_kB"":20.16013300669453,""peierls_exp_a"":1.9097672308795155,""peierls_exp_n"":1.1372957159765065,""peierls_nu0_s"":1000000000000.0,""rho_source0_m2"":3.94585071073234e+16,""taylor_H0_eV"":1.930643710942581,""taylor_activation_entropy_kB"":47.098130558247476,""taylor_corr_rho_c_m2"":92825656315290.55,""taylor_corr_scale"":0.4177292334496426,""taylor_exp_a"":0.4561179580539465,""taylor_exp_n"":1.2506696581840515,""taylor_nu0_s"":100000000000.0}",SOBOL_LOCAL_MATERIAL,v913_zeroD_sobol_0242980,0.0,2.5879593222578245,0.2,2.0,0.0,1.7623684249308105,0.056981852222518975,0.0,0.0,0.0,0.0,1.0,True,"{""TARGET_RIGHT_CENSORED"": 8}",481.33,3.8720399014282814,0.009323621920541808,4.504987140900628,-0.001971114697019294,1.3217729477358582,1.36634961591968,0.0184513317135146,1.3755069947934697,0.0006016594667238226,9.916744475358502,-0.0007148344540084306,0.1213114570932169,1.3956572842347068,0.0058420097608974,3.942462059525456,20.16013300669453,1.9097672308795155,1.1372957159765065,1000000000000.0,1.930643710942581,47.098130558247476,0.4561179580539465,1.2506696581840515,100000000000.0,3.94585071073234e+16,92825656315290.55,0.4177292334496426,2.3733492872511297,False,0.08308419811229314,True,PARETO_NEAR_FRONT
oneD_v2_peak_R_9ad8cbdd82dd3df7,Peak,9ad8cbdd82dd3df7896833ca83f50e5de653674bb7842dc7eb178d4c1dcd4e52,"{""Tref_K"":481.33,""c_blunt"":1.3621476181693735,""cleave_G00_eV"":5.189167784499113,""cleave_exp_a"":1.8232972093063033,""cleave_exp_n"":1.5421906674624715,""cleave_floor_frac"":0.0184513317135146,""cleave_gT_eV_per_K"":0.010497331289894534,""cleave_sT_GPa_per_K"":-0.0004937674588711198,""cleave_sigc0_GPa"":5.066029080825229,""emit_G00_eV"":2.740114633876624,""emit_exp_a"":0.05192762374551905,""emit_exp_n"":0.9848908602485646,""emit_floor_frac"":0.0058420097608974,""emit_gT_eV_per_K"":0.000906155633450418,""emit_sT_GPa_per_K"":0.002201540400637365,""emit_sigc0_GPa"":5.738574611920617,""peierls_H0_eV"":9.173231309021148,""peierls_activation_entropy_kB"":8.427854558396323,""peierls_exp_a"":1.9097672308795155,""peierls_exp_n"":1.1372957159765065,""peierls_nu0_s"":1000000000000.0,""rho_source0_m2"":4.076281331667732e+16,""taylor_H0_eV"":1.4552264973098552,""taylor_activation_entropy_kB"":54.14945608412287,""taylor_corr_rho_c_m2"":22940389931834.16,""taylor_corr_scale"":0.45044374626974076,""taylor_exp_a"":0.4561179580539465,""taylor_exp_n"":1.2506696581840515,""taylor_nu0_s"":100000000000.0}",SOBOL_LOCAL_MATERIAL,v913_zeroD_sobol_0242980,0.0,2.5886687732146823,0.2,2.0,0.0,2.0150610153252146,0.07089737785758901,0.0,0.0,0.0,0.0,1.0,True,"{""TARGET_RIGHT_CENSORED"": 8}",481.33,5.189167784499113,0.010497331289894534,5.066029080825229,-0.0004937674588711198,1.8232972093063033,1.5421906674624715,0.0184513317135146,2.740114633876624,0.000906155633450418,5.738574611920617,0.002201540400637365,0.05192762374551905,0.9848908602485646,0.0058420097608974,9.173231309021148,8.427854558396323,1.9097672308795155,1.1372957159765065,1000000000000.0,1.4552264973098552,54.14945608412287,0.4561179580539465,1.2506696581840515,100000000000.0,4.076281331667732e+16,22940389931834.16,0.45044374626974076,1.3621476181693735,False,0.12432504481112396,True,PARETO_NEAR_FRONT
oneD_v2_peak_R_1cb632eb16f181cc,Peak,1cb632eb16f181ccea18655a13a743a95f1a98e9071ee75ca9b02bb4bff17119,"{""Tref_K"":481.33,""c_blunt"":1.3838884843991195,""cleave_G00_eV"":3.941561292384775,""cleave_exp_a"":0.9808912258509614,""cleave_exp_n"":0.8762663910794347,""cleave_floor_frac"":0.0184513317135146,""cleave_gT_eV_per_K"":0.005202756243339086,""cleave_sT_GPa_per_K"":-0.0023765410139918028,""cleave_sigc0_GPa"":5.097327858202934,""emit_G00_eV"":2.157663677937164,""emit_exp_a"":0.06399195158226706,""emit_exp_n"":1.6309567267441147,""emit_floor_frac"":0.0058420097608974,""emit_gT_eV_per_K"":0.0021202229528157444,""emit_sT_GPa_per_K"":0.002906421201842091,""emit_sigc0_GPa"":6.311563136583301,""peierls_H0_eV"":6.950001772676781,""peierls_activation_entropy_kB"":4.270348443263998,""peierls_exp_a"":1.9097672308795155,""peierls_exp_n"":1.1372957159765065,""peierls_nu0_s"":1000000000000.0,""rho_source0_m2"":4229030317298913.0,""taylor_H0_eV"":2.2447464784585676,""taylor_activation_entropy_kB"":50.490991613693296,""taylor_corr_rho_c_m2"":68445458018423.79,""taylor_corr_scale"":0.9594183481446527,""taylor_exp_a"":0.4561179580539465,""taylor_exp_n"":1.2506696581840515,""taylor_nu0_s"":100000000000.0}",SOBOL_LOCAL_MATERIAL,v913_zeroD_sobol_0242980,0.0,2.6145659662655634,0.2,2.0,0.0,1.4570343598486324,0.06114429664228371,0.0,0.0,0.0,0.0,1.0,True,"{""TARGET_RIGHT_CENSORED"": 8}",481.33,3.941561292384775,0.005202756243339086,5.097327858202934,-0.0023765410139918028,0.9808912258509614,0.8762663910794347,0.0184513317135146,2.157663677937164,0.0021202229528157444,6.311563136583301,0.002906421201842091,0.06399195158226706,1.6309567267441147,0.0058420097608974,6.950001772676781,4.270348443263998,1.9097672308795155,1.1372957159765065,1000000000000.0,2.2447464784585676,50.490991613693296,0.4561179580539465,1.2506696581840515,100000000000.0,4229030317298913.0,68445458018423.79,0.9594183481446527,1.3838884843991195,False,0.06504186985972907,True,PARETO_NEAR_FRONT
oneD_v2_peak_R_2698bc6755c240fc,Peak,2698bc6755c240fc8385c270ff58a9909ce2e8d8b31f06ac687bc9cb91855855,"{""Tref_K"":481.33,""c_blunt"":2.243129436587968,""cleave_G00_eV"":4.875101341871505,""cleave_exp_a"":1.9645792418259007,""cleave_exp_n"":1.7136593677700251,""cleave_floor_frac"":0.0184513317135146,""cleave_gT_eV_per_K"":0.006748126438310923,""cleave_sT_GPa_per_K"":-0.0013915091111728836,""cleave_sigc0_GPa"":5.870089566774832,""emit_G00_eV"":3.4901390994612598,""emit_exp_a"":0.136559110448864,""emit_exp_n"":0.9634388629798846,""emit_floor_frac"":0.0058420097608974,""emit_gT_eV_per_K"":-0.00015726690755435055,""emit_sT_GPa_per_K"":0.00023655283434747035,""emit_sigc0_GPa"":13.42461703562483,""peierls_H0_eV"":9.751975186536933,""peierls_activation_entropy_kB"":7.13674319257082,""peierls_exp_a"":1.9097672308795155,""peierls_exp_n"":1.1372957159765065,""peierls_nu0_s"":1000000000000.0,""rho_source0_m2"":4.3433977267991416e+16,""taylor_H0_eV"":1.5682708891345247,""taylor_activation_entropy_kB"":47.4575145020291,""taylor_corr_rho_c_m2"":150947771755104.75,""taylor_corr_scale"":0.41892088498260005,""taylor_exp_a"":0.4561179580539465,""taylor_exp_n"":1.2506696581840515,""taylor_nu0_s"":100000000000.0}",SOBOL_LOCAL_MATERIAL,v913_zeroD_sobol_0242980,0.0,2.6431038917021743,0.2,2.0,0.0,2.0813523018976015,0.07830770112155877,0.0,0.0,0.0,0.0,1.0,True,"{""TARGET_RIGHT_CENSORED"": 8}",481.33,4.875101341871505,0.006748126438310923,5.870089566774832,-0.0013915091111728836,1.9645792418259007,1.7136593677700251,0.0184513317135146,3.4901390994612598,-0.00015726690755435055,13.42461703562483,0.00023655283434747035,0.136559110448864,0.9634388629798846,0.0058420097608974,9.751975186536933,7.13674319257082,1.9097672308795155,1.1372957159765065,1000000000000.0,1.5682708891345247,47.4575145020291,0.4561179580539465,1.2506696581840515,100000000000.0,4.3433977267991416e+16,150947771755104.75,0.41892088498260005,2.243129436587968,False,0.13940155731241546,True,PARETO_NEAR_FRONT
oneD_v2_peak_R_6e6b34eb62cfd424,Peak,6e6b34eb62cfd4246d51c4edb17f14397f6de15f07248b453bbabc095e60e15f,"{""Tref_K"":481.33,""c_blunt"":1.2420796108322234,""cleave_G00_eV"":5.279565080587873,""cleave_exp_a"":1.0036073721444299,""cleave_exp_n"":1.3084342470474986,""cleave_floor_frac"":0.0184513317135146,""cleave_gT_eV_per_K"":0.004902875353958826,""cleave_sT_GPa_per_K"":-0.001079108628063687,""cleave_sigc0_GPa"":6.343539239100262,""emit_G00_eV"":1.549740774668949,""emit_exp_a"":0.07150903909175106,""emit_exp_n"":1.4163900394005629,""emit_floor_frac"":0.0058420097608974,""emit_gT_eV_per_K"":0.0003522690216920775,""emit_sT_GPa_per_K"":0.0011699452166151082,""emit_sigc0_GPa"":11.68813497141091,""peierls_H0_eV"":5.419207498017598,""peierls_activation_entropy_kB"":22.349585118420908,""peierls_exp_a"":1.9097672308795155,""peierls_exp_n"":1.1372957159765065,""peierls_nu0_s"":1000000000000.0,""rho_source0_m2"":4.567154285027979e+16,""taylor_H0_eV"":1.0282327497915598,""taylor_activation_entropy_kB"":17.18151124985066,""taylor_corr_rho_c_m2"":42919428940871.32,""taylor_corr_scale"":1.2158774439103806,""taylor_exp_a"":0.4561179580539465,""taylor_exp_n"":1.2506696581840515,""taylor_nu0_s"":100000000000.0}",SOBOL_LOCAL_MATERIAL,v913_zeroD_sobol_0242980,0.0,2.65665959655791,0.2,2.0,0.0,0.7732270845647506,0.039672813688701236,0.0,0.0,0.0,0.0,1.0,True,"{""TARGET_RIGHT_CENSORED"": 8}",481.33,5.279565080587873,0.004902875353958826,6.343539239100262,-0.001079108628063687,1.0036073721444299,1.3084342470474986,0.0184513317135146,1.549740774668949,0.0003522690216920775,11.68813497141091,0.0011699452166151082,0.07150903909175106,1.4163900394005629,0.0058420097608974,5.419207498017598,22.349585118420908,1.9097672308795155,1.1372957159765065,1000000000000.0,1.0282327497915598,17.18151124985066,0.4561179580539465,1.2506696581840515,100000000000.0,4.567154285027979e+16,42919428940871.32,1.2158774439103806,1.2420796108322234,False,0.0538423274844694,True,PARETO_NEAR_FRONT
oneD_v2_peak_R_5c7f75f414f9d307,Peak,5c7f75f414f9d307eda922e91182efd7f991c363539c26a55bd8e9799fbe8d32,"{""Tref_K"":481.33,""c_blunt"":3.1299002404276917,""cleave_G00_eV"":4.847700126682983,""cleave_exp_a"":1.081959396724913,""cleave_exp_n"":1.3560548621225326,""cleave_floor_frac"":0.0184513317135146,""cleave_gT_eV_per_K"":0.003823478335778914,""cleave_sT_GPa_per_K"":-0.0005998638331907203,""cleave_sigc0_GPa"":7.709113444186094,""emit_G00_eV"":1.3485496718752463,""emit_exp_a"":0.05733990607772011,""emit_exp_n"":1.0990764970988514,""emit_floor_frac"":0.0058420097608974,""emit_gT_eV_per_K"":-0.0004303247883259676,""emit_sT_GPa_per_K"":0.0006876516659394885,""emit_sigc0_GPa"":3.576844629470902,""peierls_H0_eV"":7.838243704791359,""peierls_activation_entropy_kB"":15.12987897954463,""peierls_exp_a"":1.9097672308795155,""peierls_exp_n"":1.1372957159765065,""peierls_nu0_s"":1000000000000.0,""rho_source0_m2"":6160219923799147.0,""taylor_H0_eV"":2.269584511390245,""taylor_activation_entropy_kB"":19.82855209748892,""taylor_corr_rho_c_m2"":64525783756007.1,""taylor_corr_scale"":0.77621232186634,""taylor_exp_a"":0.4561179580539465,""taylor_exp_n"":1.2506696581840515,""taylor_nu0_s"":100000000000.0}",SOBOL_LOCAL_MATERIAL,v913_zeroD_sobol_0242980,0.0,2.660225454059788,0.2,2.0,0.0,1.13297520953872,0.03749543112793513,0.0,0.0,0.0,0.0,1.0,True,"{""TARGET_RIGHT_CENSORED"": 8}",481.33,4.847700126682983,0.003823478335778914,7.709113444186094,-0.0005998638331907203,1.081959396724913,1.3560548621225326,0.0184513317135146,1.3485496718752463,-0.0004303247883259676,3.576844629470902,0.0006876516659394885,0.05733990607772011,1.0990764970988514,0.0058420097608974,7.838243704791359,15.12987897954463,1.9097672308795155,1.1372957159765065,1000000000000.0,2.269584511390245,19.82855209748892,0.4561179580539465,1.2506696581840515,100000000000.0,6160219923799147.0,64525783756007.1,0.77621232186634,3.1299002404276917,False,0.04948777616127699,True,PARETO_NEAR_FRONT
oneD_v2_peak_R_cdb00f36fd4f0be4,Peak,cdb00f36fd4f0be4a2a6c92615f662f1eb369e2fdf1a85b6c9641eb713ef1547,"{""Tref_K"":481.33,""c_blunt"":1.0756019514681252,""cleave_G00_eV"":3.282866688672959,""cleave_exp_a"":1.0712094460710975,""cleave_exp_n"":1.7715754955923273,""cleave_floor_frac"":0.0184513317135146,""cleave_gT_eV_per_K"":0.007581986717893636,""cleave_sT_GPa_per_K"":-0.0019855088393741505,""cleave_sigc0_GPa"":7.656793972171633,""emit_G00_eV"":2.353981133550839,""emit_exp_a"":0.05334902427189947,""emit_exp_n"":0.9425928937257263,""emit_floor_frac"":0.0058420097608974,""emit_gT_eV_per_K"":0.0009513610664234717,""emit_sT_GPa_per_K"":0.0017010412701257338,""emit_sigc0_GPa"":7.652441009552784,""peierls_H0_eV"":5.264348899319136,""peierls_activation_entropy_kB"":23.562304336786518,""peierls_exp_a"":1.9097672308795155,""peierls_exp_n"":1.1372957159765065,""peierls_nu0_s"":1000000000000.0,""rho_source0_m2"":4869886597075532.0,""taylor_H0_eV"":1.3639194691202448,""taylor_activation_entropy_kB"":41.43139121839534,""taylor_corr_rho_c_m2"":39341683581818.055,""taylor_corr_scale"":0.4290368609509584,""taylor_exp_a"":0.4561179580539465,""taylor_exp_n"":1.2506696581840515,""taylor_nu0_s"":100000000000.0}",SOBOL_LOCAL_MATERIAL,v913_zeroD_sobol_0242980,0.0,2.6989847531842592,0.2,2.0,0.0,0.894836750352587,0.12378143066446576,0.0,0.0,0.0,0.0,1.0,True,"{""TARGET_RIGHT_CENSORED"": 8}",481.33,3.282866688672959,0.007581986717893636,7.656793972171633,-0.0019855088393741505,1.0712094460710975,1.7715754955923273,0.0184513317135146,2.353981133550839,0.0009513610664234717,7.652441009552784,0.0017010412701257338,0.05334902427189947,0.9425928937257263,0.0058420097608974,5.264348899319136,23.562304336786518,1.9097672308795155,1.1372957159765065,1000000000000.0,1.3639194691202448,41.43139121839534,0.4561179580539465,1.2506696581840515,100000000000.0,4869886597075532.0,39341683581818.055,0.4290368609509584,1.0756019514681252,False,0.09523459340639165,True,PARETO_NEAR_FRONT
oneD_v2_peak_R_f4c5e5fb2fe43d83,Peak,f4c5e5fb2fe43d835d6a5c84f5488eab7eb056c04f6b5f1906a6a777644d0a84,"{""Tref_K"":481.33,""c_blunt"":5.844567042962362,""cleave_G00_eV"":5.784672133203624,""cleave_exp_a"":1.5279479146508368,""cleave_exp_n"":1.7321586406784923,""cleave_floor_frac"":0.0184513317135146,""cleave_gT_eV_per_K"":0.004757937327012645,""cleave_sT_GPa_per_K"":-0.0024163029318324293,""cleave_sigc0_GPa"":12.04896777365252,""emit_G00_eV"":1.4386153347717592,""emit_exp_a"":0.08019195248153288,""emit_exp_n"":0.7295251341750926,""emit_floor_frac"":0.0058420097608974,""emit_gT_eV_per_K"":-0.0007268783103453744,""emit_sT_GPa_per_K"":0.0035698300044566655,""emit_sigc0_GPa"":3.678148478030077,""peierls_H0_eV"":4.373387163069165,""peierls_activation_entropy_kB"":22.836857151504972,""peierls_exp_a"":1.9097672308795155,""peierls_exp_n"":1.1372957159765065,""peierls_nu0_s"":1000000000000.0,""rho_source0_m2"":1.595444241037628e+16,""taylor_H0_eV"":1.1377667825848317,""taylor_activation_entropy_kB"":18.14508599767631,""taylor_corr_rho_c_m2"":81621033185138.11,""taylor_corr_scale"":0.8334662528329115,""taylor_exp_a"":0.4561179580539465,""taylor_exp_n"":1.2506696581840515,""taylor_nu0_s"":100000000000.0}",SOBOL_LOCAL_MATERIAL,v913_zeroD_sobol_0242980,0.0,2.703120247302487,0.1,1.0,0.0,2.3700215411947774,0.39271507947751394,0.0,0.11998927178788608,0.5173899302202615,0.625,0.9473684210526315,True,"{""TARGET_RIGHT_CENSORED"": 8}",481.33,5.784672133203624,0.004757937327012645,12.04896777365252,-0.0024163029318324293,1.5279479146508368,1.7321586406784923,0.0184513317135146,1.4386153347717592,-0.0007268783103453744,3.678148478030077,0.0035698300044566655,0.08019195248153288,0.7295251341750926,0.0058420097608974,4.373387163069165,22.836857151504972,1.9097672308795155,1.1372957159765065,1000000000000.0,1.1377667825848317,18.14508599767631,0.4561179580539465,1.2506696581840515,100000000000.0,1.595444241037628e+16,81621033185138.11,0.8334662528329115,5.844567042962362,False,0.19878893732100184,True,PARETO_NEAR_FRONT
oneD_v2_peak_R_91ff8fbe1cf6032a,Peak,91ff8fbe1cf6032a735e39c13725d5ed3fba78bec87f081f97e10710565985a4,"{""Tref_K"":481.33,""c_blunt"":1.639613091188437,""cleave_G00_eV"":6.74447438131946,""cleave_exp_a"":0.903225868359638,""cleave_exp_n"":1.1863886768264307,""cleave_floor_frac"":0.0184513317135146,""cleave_gT_eV_per_K"":0.005131432666100432,""cleave_sT_GPa_per_K"":-0.0001832375681734197,""cleave_sigc0_GPa"":8.279542816659484,""emit_G00_eV"":3.524090989386462,""emit_exp_a"":0.10400374759010786,""emit_exp_n"":1.4425280097362538,""emit_floor_frac"":0.0058420097608974,""emit_gT_eV_per_K"":0.0005481244317328463,""emit_sT_GPa_per_K"":0.0020511252584970224,""emit_sigc0_GPa"":3.844966799287294,""peierls_H0_eV"":7.436549668872375,""peierls_activation_entropy_kB"":21.52069298090489,""peierls_exp_a"":1.9097672308795155,""peierls_exp_n"":1.1372957159765065,""peierls_nu0_s"":1000000000000.0,""rho_source0_m2"":7735480903836549.0,""taylor_H0_eV"":1.2710677095486447,""taylor_activation_entropy_kB"":59.418735396284546,""taylor_corr_rho_c_m2"":19493717766124.824,""taylor_corr_scale"":0.8775162093032153,""taylor_exp_a"":0.4561179580539465,""taylor_exp_n"":1.2506696581840515,""taylor_nu0_s"":100000000000.0}",SOBOL_LOCAL_MATERIAL,v913_zeroD_sobol_0242980,0.0,2.704723204899426,0.2,2.0,0.0,0.5359601655035698,0.17802698044232,0.0,0.0,0.0,0.0,1.0,True,"{""TARGET_RIGHT_CENSORED"": 8}",481.33,6.74447438131946,0.005131432666100432,8.279542816659484,-0.0001832375681734197,0.903225868359638,1.1863886768264307,0.0184513317135146,3.524090989386462,0.0005481244317328463,3.844966799287294,0.0020511252584970224,0.10400374759010786,1.4425280097362538,0.0058420097608974,7.436549668872375,21.52069298090489,1.9097672308795155,1.1372957159765065,1000000000000.0,1.2710677095486447,59.418735396284546,0.4561179580539465,1.2506696581840515,100000000000.0,7735480903836549.0,19493717766124.824,0.8775162093032153,1.639613091188437,False,0.12428923402885539,True,PARETO_NEAR_FRONT
oneD_v2_peak_R_ae9fedefa932f5cc,Peak,ae9fedefa932f5ccba47c93827b34b0242aed1fde294d9a7607807af1d38b547,"{""Tref_K"":481.33,""c_blunt"":2.913549283315942,""cleave_G00_eV"":3.484630789868851,""cleave_exp_a"":0.9227064903005155,""cleave_exp_n"":0.9351595830266879,""cleave_floor_frac"":0.0184513317135146,""cleave_gT_eV_per_K"":0.004408276851062978,""cleave_sT_GPa_per_K"":-0.001011945760423113,""cleave_sigc0_GPa"":4.978860801161224,""emit_G00_eV"":1.1970678120599119,""emit_exp_a"":0.07351037928366745,""emit_exp_n"":1.7382960702632877,""emit_floor_frac"":0.0058420097608974,""emit_gT_eV_per_K"":-0.00015938674748768294,""emit_sT_GPa_per_K"":0.0018213240981007446,""emit_sigc0_GPa"":4.275206623934487,""peierls_H0_eV"":4.023060518054249,""peierls_activation_entropy_kB"":10.667275811550837,""peierls_exp_a"":1.9097672308795155,""peierls_exp_n"":1.1372957159765065,""peierls_nu0_s"":1000000000000.0,""rho_source0_m2"":6733767574730361.0,""taylor_H0_eV"":2.383614448633121,""taylor_activation_entropy_kB"":40.25692829138219,""taylor_corr_rho_c_m2"":41605331383340.1,""taylor_corr_scale"":0.6523436538366801,""taylor_exp_a"":0.4561179580539465,""taylor_exp_n"":1.2506696581840515,""taylor_nu0_s"":100000000000.0}",SOBOL_LOCAL_MATERIAL,v913_zeroD_sobol_0242980,0.0,2.7590264270078806,0.2,2.0,0.0,0.7921940510799608,0.04267554274128291,0.0,0.0,0.0,0.0,1.0,True,"{""TARGET_RIGHT_CENSORED"": 8}",481.33,3.484630789868851,0.004408276851062978,4.978860801161224,-0.001011945760423113,0.9227064903005155,0.9351595830266879,0.0184513317135146,1.1970678120599119,-0.00015938674748768294,4.275206623934487,0.0018213240981007446,0.07351037928366745,1.7382960702632877,0.0058420097608974,4.023060518054249,10.667275811550837,1.9097672308795155,1.1372957159765065,1000000000000.0,2.383614448633121,40.25692829138219,0.4561179580539465,1.2506696581840515,100000000000.0,6733767574730361.0,41605331383340.1,0.6523436538366801,2.913549283315942,False,0.06356415170673746,True,PARETO_NEAR_FRONT
oneD_v2_peak_R_8a6f5d7e621784f3,Peak,8a6f5d7e621784f31bde239042001349f7cf2062a14f912b69b49e5431aa3472,"{""Tref_K"":481.33,""c_blunt"":4.03677679562533,""cleave_G00_eV"":2.7966716334605137,""cleave_exp_a"":1.4761035347450033,""cleave_exp_n"":1.684976282374491,""cleave_floor_frac"":0.0184513317135146,""cleave_gT_eV_per_K"":0.009203145912343976,""cleave_sT_GPa_per_K"":-0.002183253613668947,""cleave_sigc0_GPa"":5.952022588343094,""emit_G00_eV"":2.727963584216124,""emit_exp_a"":0.11651849494534312,""emit_exp_n"":1.8506498605539028,""emit_floor_frac"":0.0058420097608974,""emit_gT_eV_per_K"":0.000987579323332721,""emit_sT_GPa_per_K"":0.003262330290419495,""emit_sigc0_GPa"":13.918934208790063,""peierls_H0_eV"":4.060170409958615,""peierls_activation_entropy_kB"":21.83037871682226,""peierls_exp_a"":1.9097672308795155,""peierls_exp_n"":1.1372957159765065,""peierls_nu0_s"":1000000000000.0,""rho_source0_m2"":1.2618836558546714e+16,""taylor_H0_eV"":1.4973376320086897,""taylor_activation_entropy_kB"":58.786022855135414,""taylor_corr_rho_c_m2"":40136829244945.49,""taylor_corr_scale"":1.3106220063213216,""taylor_exp_a"":0.4561179580539465,""taylor_exp_n"":1.2506696581840515,""taylor_nu0_s"":100000000000.0}",SOBOL_LOCAL_MATERIAL,v913_zeroD_sobol_0242980,0.0,2.7983430473495594,0.2,2.0,0.0,1.8265473511374581,0.09803325182994138,0.0,0.0,0.0,0.0,1.0,True,"{""TARGET_RIGHT_CENSORED"": 8}",481.33,2.7966716334605137,0.009203145912343976,5.952022588343094,-0.002183253613668947,1.4761035347450033,1.684976282374491,0.0184513317135146,2.727963584216124,0.000987579323332721,13.918934208790063,0.003262330290419495,0.11651849494534312,1.8506498605539028,0.0058420097608974,4.060170409958615,21.83037871682226,1.9097672308795155,1.1372957159765065,1000000000000.0,1.4973376320086897,58.786022855135414,0.4561179580539465,1.2506696581840515,100000000000.0,1.2618836558546714e+16,40136829244945.49,1.3106220063213216,4.03677679562533,False,0.11991064352974613,True,PARETO_NEAR_FRONT
oneD_v2_peak_R_02dc57ac546135c2,Peak,02dc57ac546135c20a160a39e95122aea1feb58c21ba57ef1729eacd53f52b28,"{""Tref_K"":481.33,""c_blunt"":1.2189688402677832,""cleave_G00_eV"":5.490130273744246,""cleave_exp_a"":1.1398223804749061,""cleave_exp_n"":1.0250389342439623,""cleave_floor_frac"":0.0184513317135146,""cleave_gT_eV_per_K"":0.005406801833726097,""cleave_sT_GPa_per_K"":-0.0017471296582312322,""cleave_sigc0_GPa"":7.0882172972309405,""emit_G00_eV"":1.2027844277827864,""emit_exp_a"":0.09340956633799721,""emit_exp_n"":0.920574761331603,""emit_floor_frac"":0.0058420097608974,""emit_gT_eV_per_K"":0.002065947894654939,""emit_sT_GPa_per_K"":0.0025876645288492655,""emit_sigc0_GPa"":8.539267998839465,""peierls_H0_eV"":9.075929502509329,""peierls_activation_entropy_kB"":20.42271510964946,""peierls_exp_a"":1.9097672308795155,""peierls_exp_n"":1.1372957159765065,""peierls_nu0_s"":1000000000000.0,""rho_source0_m2"":2.153821969172917e+16,""taylor_H0_eV"":2.618104352506605,""taylor_activation_entropy_kB"":46.722771218527626,""taylor_corr_rho_c_m2"":23782225713328.395,""taylor_corr_scale"":0.9125359469625822,""taylor_exp_a"":0.4561179580539465,""taylor_exp_n"":1.2506696581840515,""taylor_nu0_s"":100000000000.0}",SOBOL_LOCAL_MATERIAL,v913_zeroD_sobol_0242980,0.0,2.860859449726715,0.2,2.0,0.0,0.656864440144145,0.03170857905963856,0.0,0.0,0.0,0.0,1.0,True,"{""TARGET_RIGHT_CENSORED"": 8}",481.33,5.490130273744246,0.005406801833726097,7.0882172972309405,-0.0017471296582312322,1.1398223804749061,1.0250389342439623,0.0184513317135146,1.2027844277827864,0.002065947894654939,8.539267998839465,0.0025876645288492655,0.09340956633799721,0.920574761331603,0.0058420097608974,9.075929502509329,20.42271510964946,1.9097672308795155,1.1372957159765065,1000000000000.0,2.618104352506605,46.722771218527626,0.4561179580539465,1.2506696581840515,100000000000.0,2.153821969172917e+16,23782225713328.395,0.9125359469625822,1.2189688402677832,False,0.07727085502095354,True,PARETO_NEAR_FRONT
oneD_v2_peak_R_a594e39b2e235657,Peak,a594e39b2e23565733dad4392372ad366f503096481b114ff290b1adaa948350,"{""Tref_K"":481.33,""c_blunt"":4.527984846645759,""cleave_G00_eV"":6.930587858964625,""cleave_exp_a"":1.555036014183823,""cleave_exp_n"":0.9019394784730775,""cleave_floor_frac"":0.0184513317135146,""cleave_gT_eV_per_K"":0.007101365849377679,""cleave_sT_GPa_per_K"":-0.0019394349817065304,""cleave_sigc0_GPa"":6.205042952764243,""emit_G00_eV"":1.3351370631587105,""emit_exp_a"":0.0746579314464151,""emit_exp_n"":1.2572635333261204,""emit_floor_frac"":0.0058420097608974,""emit_gT_eV_per_K"":0.00045522995053274906,""emit_sT_GPa_per_K"":0.002215293771834696,""emit_sigc0_GPa"":14.431623017910852,""peierls_H0_eV"":10.279377782557875,""peierls_activation_entropy_kB"":4.9915671412703055,""peierls_exp_a"":1.9097672308795155,""peierls_exp_n"":1.1372957159765065,""peierls_nu0_s"":1000000000000.0,""rho_source0_m2"":1.910924695690996e+16,""taylor_H0_eV"":1.8412670728497529,""taylor_activation_entropy_kB"":32.161631120898875,""taylor_corr_rho_c_m2"":47286800589655.96,""taylor_corr_scale"":1.6235985269382933,""taylor_exp_a"":0.4561179580539465,""taylor_exp_n"":1.2506696581840515,""taylor_nu0_s"":100000000000.0}",SOBOL_LOCAL_MATERIAL,v913_zeroD_sobol_0242980,0.0,3.040136991234755,0.2,2.0,0.0,0.7125624752613904,0.025241331462387953,0.0,0.0,0.0,0.0,1.0,True,"{""TARGET_RIGHT_CENSORED"": 8}",481.33,6.930587858964625,0.007101365849377679,6.205042952764243,-0.0019394349817065304,1.555036014183823,0.9019394784730775,0.0184513317135146,1.3351370631587105,0.00045522995053274906,14.431623017910852,0.002215293771834696,0.0746579314464151,1.2572635333261204,0.0058420097608974,10.279377782557875,4.9915671412703055,1.9097672308795155,1.1372957159765065,1000000000000.0,1.8412670728497529,32.161631120898875,0.4561179580539465,1.2506696581840515,100000000000.0,1.910924695690996e+16,47286800589655.96,1.6235985269382933,4.527984846645759,False,0.09566102582505441,True,PARETO_NEAR_FRONT
oneD_v2_peak_R_9c47efceb681dfe6,Peak,9c47efceb681dfe6ea547d9afce7ef32899f34017c7a8b79f96900f472b4b636,"{""Tref_K"":481.33,""c_blunt"":1.8096855731393913,""cleave_G00_eV"":6.365442064084024,""cleave_exp_a"":1.774537481104385,""cleave_exp_n"":0.8374393031953582,""cleave_floor_frac"":0.0184513317135146,""cleave_gT_eV_per_K"":0.005754615987304524,""cleave_sT_GPa_per_K"":-0.002428453703013443,""cleave_sigc0_GPa"":7.46379532393769,""emit_G00_eV"":1.595656718435005,""emit_exp_a"":0.056130060843972165,""emit_exp_n"":0.9763534594678687,""emit_floor_frac"":0.0058420097608974,""emit_gT_eV_per_K"":-0.000326137476353785,""emit_sT_GPa_per_K"":0.0018911456849589562,""emit_sigc0_GPa"":4.525553122671797,""peierls_H0_eV"":4.282093544883655,""peierls_activation_entropy_kB"":6.4353372179610755,""peierls_exp_a"":1.9097672308795155,""peierls_exp_n"":1.1372957159765065,""peierls_nu0_s"":1000000000000.0,""rho_source0_m2"":7806296145620288.0,""taylor_H0_eV"":1.4745614772180875,""taylor_activation_entropy_kB"":29.125789585485027,""taylor_corr_rho_c_m2"":91002496741090.72,""taylor_corr_scale"":0.5829639576352827,""taylor_exp_a"":0.4561179580539465,""taylor_exp_n"":1.2506696581840515,""taylor_nu0_s"":100000000000.0}",SOBOL_LOCAL_MATERIAL,v913_zeroD_sobol_0242980,0.0,3.0511791775886232,0.2,2.0,0.0,1.0811215827158849,0.06074961571209184,0.0,0.0,0.0,0.0,1.0,True,"{""TARGET_RIGHT_CENSORED"": 8}",481.33,6.365442064084024,0.005754615987304524,7.46379532393769,-0.002428453703013443,1.774537481104385,0.8374393031953582,0.0184513317135146,1.595656718435005,-0.000326137476353785,4.525553122671797,0.0018911456849589562,0.056130060843972165,0.9763534594678687,0.0058420097608974,4.282093544883655,6.4353372179610755,1.9097672308795155,1.1372957159765065,1000000000000.0,1.4745614772180875,29.125789585485027,0.4561179580539465,1.2506696581840515,100000000000.0,7806296145620288.0,91002496741090.72,0.5829639576352827,1.8096855731393913,False,0.09963206121476033,True,PARETO_NEAR_FRONT
oneD_v2_peak_R_dd13af71b45e959a,Peak,dd13af71b45e959a19026374745b60def09a613b48faca928ea0110ede70b43a,"{""Tref_K"":481.33,""c_blunt"":2.753636508129423,""cleave_G00_eV"":4.111784785674418,""cleave_exp_a"":1.4165743599459755,""cleave_exp_n"":1.1285058308492775,""cleave_floor_frac"":0.0184513317135146,""cleave_gT_eV_per_K"":0.011644227494371615,""cleave_sT_GPa_per_K"":-0.00047025513532405105,""cleave_sigc0_GPa"":6.448865065688235,""emit_G00_eV"":3.041203355315353,""emit_exp_a"":0.08411063575749075,""emit_exp_n"":0.7231852673261635,""emit_floor_frac"":0.0058420097608974,""emit_gT_eV_per_K"":0.0005512219312974827,""emit_sT_GPa_per_K"":0.0027727125264570313,""emit_sigc0_GPa"":6.996196309767692,""peierls_H0_eV"":9.555747187808088,""peierls_activation_entropy_kB"":23.678630296873127,""peierls_exp_a"":1.9097672308795155,""peierls_exp_n"":1.1372957159765065,""peierls_nu0_s"":1000000000000.0,""rho_source0_m2"":5620854623613672.0,""taylor_H0_eV"":1.1528814422534586,""taylor_activation_entropy_kB"":42.064090695005234,""taylor_corr_rho_c_m2"":19184911050767.41,""taylor_corr_scale"":0.6430471285646293,""taylor_exp_a"":0.4561179580539465,""taylor_exp_n"":1.2506696581840515,""taylor_nu0_s"":100000000000.0}",SOBOL_LOCAL_MATERIAL,v913_zeroD_sobol_0242980,0.0,3.192174912388162,0.2,2.0,0.0,0.9149839835345561,0.17432759903394235,0.0,0.0,0.0,0.0,1.0,True,"{""TARGET_RIGHT_CENSORED"": 8}",481.33,4.111784785674418,0.011644227494371615,6.448865065688235,-0.00047025513532405105,1.4165743599459755,1.1285058308492775,0.0184513317135146,3.041203355315353,0.0005512219312974827,6.996196309767692,0.0027727125264570313,0.08411063575749075,0.7231852673261635,0.0058420097608974,9.555747187808088,23.678630296873127,1.9097672308795155,1.1372957159765065,1000000000000.0,1.1528814422534586,42.064090695005234,0.4561179580539465,1.2506696581840515,100000000000.0,5620854623613672.0,19184911050767.41,0.6430471285646293,2.753636508129423,False,0.158462299384226,True,PARETO_NEAR_FRONT
