material_class,candidate_role,candidate_id,temperature_K,hazard_seed,seed_comparison_status,new_PF_run,event_transaction_index,physical_avalanche_index,pre_event_step,pre_event_time_s,pre_event_opening_m,pre_event_reaction_N_per_m,pre_event_native_J_J_per_m2,pre_event_native_KJ_MPa_sqrt_m,pre_event_projected_extension_um,post_event_projected_extension_um,event_extension_um,event_driver_da_block_um,pre_event_tip_radius_um,pre_event_front_width_um,pre_event_backstress_GPa,pre_event_mobile_count,pre_event_retained_count,pre_event_source_multiplicity,pre_event_signed_shielding_MPa_sqrt_m,reload_time_to_next_event_s,reload_opening_to_next_event_m,certified_reload_before_next_event,right_censored_at_target,in_avalanche_drive_interpretation,source_steps_file,source_steps_sha256,source_tensor_audit_file,source_tensor_audit_sha256,source_process_zone_state_availability
Peak,R_FINALIST,oneD_v2_peak_R_41f8789bcbc1f097,600.0,8666,CANONICAL_FINALIST_SEED,True,0,0,183,1537.2000000000037,3.660000000000004e-05,7972938.836516077,8685.422812066017,62.16074027258657,0.0,2.2973400956249024,2.2973400956249024,2.2973400956249024,3.6939568082903778,0.33370471577929145,3.5993183331420284,3617.828700731787,604.696033971087,17567.168191997887,-0.0665177996355161,3.360000846441835e-07,8.000002570118792e-15,False,False,PF_MODEL_NATIVE_DRIVING_TRAJECTORY_NOT_RESISTANCE,/private/tmp/oneD-v2-peak-dbtt-R-pf-runs/Peak_R/T600K_seed8666/steps_0600K.csv,cc73680beed42103a8ef1df7d0bd7ae224a1f7c09363fc1ccd3505dbedd9451d,/private/tmp/oneD-v2-peak-dbtt-R-pf-runs/Peak_R/T600K_seed8666/anisotropic_emission_audit_v10174.json,d8e459ec1f825fb607046df1ebbe8962e9821913f56a88198fc4ae218b2c5167,FULL_PERSISTENT_SITE_OBSERVER
Peak,R_FINALIST,oneD_v2_peak_R_41f8789bcbc1f097,600.0,8666,CANONICAL_FINALIST_SEED,True,1,0,187,1537.2000003360038,3.6600000008000045e-05,7972750.272824166,8932.371551244085,63.03824084663776,2.2973400956249024,4.594680191249805,2.2973400956249024,2.2973400956249024,1.448693832354365,0.7959992521624378,1.5049626850577837,148.59621952059524,641.1592142981781,16433.75746172878,-0.08168981101617828,4.200001058052294e-07,1.000000321264849e-14,False,False,PF_MODEL_NATIVE_DRIVING_TRAJECTORY_NOT_RESISTANCE,/private/tmp/oneD-v2-peak-dbtt-R-pf-runs/Peak_R/T600K_seed8666/steps_0600K.csv,cc73680beed42103a8ef1df7d0bd7ae224a1f7c09363fc1ccd3505dbedd9451d,/private/tmp/oneD-v2-peak-dbtt-R-pf-runs/Peak_R/T600K_seed8666/anisotropic_emission_audit_v10174.json,d8e459ec1f825fb607046df1ebbe8962e9821913f56a88198fc4ae218b2c5167,FULL_PERSISTENT_SITE_OBSERVER
Peak,R_FINALIST,oneD_v2_peak_R_41f8789bcbc1f097,600.0,8666,CANONICAL_FINALIST_SEED,True,2,0,192,1537.2000007560039,3.660000001800005e-05,7972510.129685891,9179.84416925755,63.90551657922322,4.594680191249805,6.892020286874707,2.2973400956249024,2.2973400956249024,1.5312083824664962,0.7604539936837059,1.5757030511244041,186.0909068258403,794.6331513273523,16594.143646274566,-0.10654673659268016,2.5200006348313764e-07,6.000001927589094e-15,False,False,PF_MODEL_NATIVE_DRIVING_TRAJECTORY_NOT_RESISTANCE,/private/tmp/oneD-v2-peak-dbtt-R-pf-runs/Peak_R/T600K_seed8666/steps_0600K.csv,cc73680beed42103a8ef1df7d0bd7ae224a1f7c09363fc1ccd3505dbedd9451d,/private/tmp/oneD-v2-peak-dbtt-R-pf-runs/Peak_R/T600K_seed8666/anisotropic_emission_audit_v10174.json,d8e459ec1f825fb607046df1ebbe8962e9821913f56a88198fc4ae218b2c5167,FULL_PERSISTENT_SITE_OBSERVER
Peak,R_FINALIST,oneD_v2_peak_R_41f8789bcbc1f097,600.0,8666,CANONICAL_FINALIST_SEED,True,3,0,195,1537.200001008004,3.660000002400005e-05,7972081.828846728,9507.420650456766,65.03573459067877,6.892020286874707,9.18936038249961,2.2973400956249024,2.2973400956249024,1.6052972434030035,0.7155566506373718,1.6751367929114924,255.2255031839667,852.2662425854838,16369.939891532858,-0.11202044690352791,1.2154123396612704e-06,2.893837242317482e-14,False,False,PF_MODEL_NATIVE_DRIVING_TRAJECTORY_NOT_RESISTANCE,/private/tmp/oneD-v2-peak-dbtt-R-pf-runs/Peak_R/T600K_seed8666/steps_0600K.csv,cc73680beed42103a8ef1df7d0bd7ae224a1f7c09363fc1ccd3505dbedd9451d,/private/tmp/oneD-v2-peak-dbtt-R-pf-runs/Peak_R/T600K_seed8666/anisotropic_emission_audit_v10174.json,d8e459ec1f825fb607046df1ebbe8962e9821913f56a88198fc4ae218b2c5167,FULL_PERSISTENT_SITE_OBSERVER
Peak,R_FINALIST,oneD_v2_peak_R_41f8789bcbc1f097,600.0,8666,CANONICAL_FINALIST_SEED,True,4,0,205,1537.2000022234163,3.660000005293842e-05,7971375.713084638,9949.007072461114,66.5289340552258,9.18936038249961,14.507867693188759,5.31850731068915,5.31850731068915,1.4728647000443715,0.8091878724613144,1.4802332101510616,91.52086963868524,786.8657778524312,16984.7759008013,-0.10961134567584337,3.360000846441835e-07,8.000002570118792e-15,False,False,PF_MODEL_NATIVE_DRIVING_TRAJECTORY_NOT_RESISTANCE,/private/tmp/oneD-v2-peak-dbtt-R-pf-runs/Peak_R/T600K_seed8666/steps_0600K.csv,cc73680beed42103a8ef1df7d0bd7ae224a1f7c09363fc1ccd3505dbedd9451d,/private/tmp/oneD-v2-peak-dbtt-R-pf-runs/Peak_R/T600K_seed8666/anisotropic_emission_audit_v10174.json,d8e459ec1f825fb607046df1ebbe8962e9821913f56a88198fc4ae218b2c5167,FULL_PERSISTENT_SITE_OBSERVER
Peak,R_FINALIST,oneD_v2_peak_R_41f8789bcbc1f097,600.0,8666,CANONICAL_FINALIST_SEED,True,5,0,209,1537.2000025594164,3.6600000060938425e-05,7968623.964958848,11276.866171450252,70.82961946678275,14.507867693188759,16.80520778881366,2.2973400956249024,2.2973400956249024,1.3573890784230354,0.9296725028270088,1.2857791481547776,20.64102612975816,638.2628746338867,17983.81965301726,-0.09285036690255814,5.040001269662753e-07,1.2000003855178187e-14,False,False,PF_MODEL_NATIVE_DRIVING_TRAJECTORY_NOT_RESISTANCE,/private/tmp/oneD-v2-peak-dbtt-R-pf-runs/Peak_R/T600K_seed8666/steps_0600K.csv,cc73680beed42103a8ef1df7d0bd7ae224a1f7c09363fc1ccd3505dbedd9451d,/private/tmp/oneD-v2-peak-dbtt-R-pf-runs/Peak_R/T600K_seed8666/anisotropic_emission_audit_v10174.json,d8e459ec1f825fb607046df1ebbe8962e9821913f56a88198fc4ae218b2c5167,FULL_PERSISTENT_SITE_OBSERVER
Peak,R_FINALIST,oneD_v2_peak_R_41f8789bcbc1f097,600.0,8666,CANONICAL_FINALIST_SEED,True,6,0,215,1537.2000030634165,3.660000007293843e-05,7968623.967571505,11285.062279363725,70.85535453143935,16.80520778881366,19.102547884438565,2.2973400956249024,2.2973400956249024,1.5144923434177118,0.776033627890264,1.542261655878237,58.675252031735056,882.6708340636003,16749.244615063373,-0.12572106216024606,6.72000169288367e-07,1.6000005140237583e-14,False,False,PF_MODEL_NATIVE_DRIVING_TRAJECTORY_NOT_RESISTANCE,/private/tmp/oneD-v2-peak-dbtt-R-pf-runs/Peak_R/T600K_seed8666/steps_0600K.csv,cc73680beed42103a8ef1df7d0bd7ae224a1f7c09363fc1ccd3505dbedd9451d,/private/tmp/oneD-v2-peak-dbtt-R-pf-runs/Peak_R/T600K_seed8666/anisotropic_emission_audit_v10174.json,d8e459ec1f825fb607046df1ebbe8962e9821913f56a88198fc4ae218b2c5167,FULL_PERSISTENT_SITE_OBSERVER
Peak,R_FINALIST,oneD_v2_peak_R_41f8789bcbc1f097,600.0,8666,CANONICAL_FINALIST_SEED,True,7,0,223,1537.2000037354167,3.6600000088938434e-05,7966228.815825948,12185.1392504221,73.62680309196385,19.102547884438565,21.9809590141333,2.8784111296947366,2.8784111296947366,1.3393729742302614,0.9537210223719418,1.2542161554882452,3.4883174253687335,619.0188618380807,18204.15352329124,-0.09124823694022775,3.360000846441835e-07,7.999995793855214e-15,False,False,PF_MODEL_NATIVE_DRIVING_TRAJECTORY_NOT_RESISTANCE,/private/tmp/oneD-v2-peak-dbtt-R-pf-runs/Peak_R/T600K_seed8666/steps_0600K.csv,cc73680beed42103a8ef1df7d0bd7ae224a1f7c09363fc1ccd3505dbedd9451d,/private/tmp/oneD-v2-peak-dbtt-R-pf-runs/Peak_R/T600K_seed8666/anisotropic_emission_audit_v10174.json,d8e459ec1f825fb607046df1ebbe8962e9821913f56a88198fc4ae218b2c5167,FULL_PERSISTENT_SITE_OBSERVER
Peak,R_FINALIST,oneD_v2_peak_R_41f8789bcbc1f097,600.0,8666,CANONICAL_FINALIST_SEED,True,8,0,227,1537.2000040714167,3.660000009693843e-05,7946457.0223107375,14184.646516201092,79.43830229265859,21.9809590141333,24.278299109758198,2.297340095624899,2.2973400956249024,1.4103395295451862,0.8681853226035567,1.3788115599790127,1.6790396920394852,751.2868070960999,17449.529459449976,-0.11056714086431695,3.07513482766808e-06,7.321748730308025e-14,False,False,PF_MODEL_NATIVE_DRIVING_TRAJECTORY_NOT_RESISTANCE,/private/tmp/oneD-v2-peak-dbtt-R-pf-runs/Peak_R/T600K_seed8666/steps_0600K.csv,cc73680beed42103a8ef1df7d0bd7ae224a1f7c09363fc1ccd3505dbedd9451d,/private/tmp/oneD-v2-peak-dbtt-R-pf-runs/Peak_R/T600K_seed8666/anisotropic_emission_audit_v10174.json,d8e459ec1f825fb607046df1ebbe8962e9821913f56a88198fc4ae218b2c5167,FULL_PERSISTENT_SITE_OBSERVER
Peak,R_FINALIST,oneD_v2_peak_R_41f8789bcbc1f097,600.0,8666,CANONICAL_FINALIST_SEED,True,9,0,237,1537.2000071465516,3.660000017015592e-05,7944876.406888848,14504.444380438616,80.32879344544973,24.278299109758198,37.596235373684394,13.317936263926194,13.31793626392619,1.5218615565168025,0.7705425007075432,1.5546681365088169,1.5380864739596207,964.9826946213909,16711.65059212374,-0.14192683184230662,2.192880401707953e-06,5.221145645819755e-14,False,False,PF_MODEL_NATIVE_DRIVING_TRAJECTORY_NOT_RESISTANCE,/private/tmp/oneD-v2-peak-dbtt-R-pf-runs/Peak_R/T600K_seed8666/steps_0600K.csv,cc73680beed42103a8ef1df7d0bd7ae224a1f7c09363fc1ccd3505dbedd9451d,/private/tmp/oneD-v2-peak-dbtt-R-pf-runs/Peak_R/T600K_seed8666/anisotropic_emission_audit_v10174.json,d8e459ec1f825fb607046df1ebbe8962e9821913f56a88198fc4ae218b2c5167,FULL_PERSISTENT_SITE_OBSERVER
Peak,R_FINALIST,oneD_v2_peak_R_41f8789bcbc1f097,600.0,8666,CANONICAL_FINALIST_SEED,True,10,0,247,1537.200009339432,3.6600000222367374e-05,7931916.698841562,16764.068608981812,86.3595578438909,37.596235373684394,47.19203139289072,9.595796019206325,9.595796019206324,1.4383358335033212,0.8402883794255573,1.4165310187883635,0.003502921206088371,799.2910477357965,17224.088968087417,-0.11774834344429358,2.9109514798619784e-06,6.930836926512945e-14,False,False,PF_MODEL_NATIVE_DRIVING_TRAJECTORY_NOT_RESISTANCE,/private/tmp/oneD-v2-peak-dbtt-R-pf-runs/Peak_R/T600K_seed8666/steps_0600K.csv,cc73680beed42103a8ef1df7d0bd7ae224a1f7c09363fc1ccd3505dbedd9451d,/private/tmp/oneD-v2-peak-dbtt-R-pf-runs/Peak_R/T600K_seed8666/anisotropic_emission_audit_v10174.json,d8e459ec1f825fb607046df1ebbe8962e9821913f56a88198fc4ae218b2c5167,FULL_PERSISTENT_SITE_OBSERVER
Peak,R_FINALIST,oneD_v2_peak_R_41f8789bcbc1f097,600.0,8666,CANONICAL_FINALIST_SEED,True,11,0,257,1537.2000122503835,3.660000029167574e-05,7981593.621714403,10063.314902964228,66.9100303356817,47.19203139289072,59.93002512708252,12.7379937341918,12.7379937341918,1.1628019570056851,1.3706018845413552,0.8681735182300176,3.0121065269632648,292.35599394570227,22712.486432780966,-0.04280305506805692,5.040001269662753e-07,1.2000003855178187e-14,False,False,PF_MODEL_NATIVE_DRIVING_TRAJECTORY_NOT_RESISTANCE,/private/tmp/oneD-v2-peak-dbtt-R-pf-runs/Peak_R/T600K_seed8666/steps_0600K.csv,cc73680beed42103a8ef1df7d0bd7ae224a1f7c09363fc1ccd3505dbedd9451d,/private/tmp/oneD-v2-peak-dbtt-R-pf-runs/Peak_R/T600K_seed8666/anisotropic_emission_audit_v10174.json,d8e459ec1f825fb607046df1ebbe8962e9821913f56a88198fc4ae218b2c5167,FULL_PERSISTENT_SITE_OBSERVER
Peak,R_FINALIST,oneD_v2_peak_R_41f8789bcbc1f097,600.0,8666,CANONICAL_FINALIST_SEED,True,12,0,263,1537.2000127543836,3.660000030367575e-05,7973399.185252614,10424.505900546552,68.10020747917505,59.93002512708252,62.22736522270742,2.2973400956249024,2.2973400956249024,1.3462784614779648,0.9446925371738506,1.266121710832505,27.925784207855223,601.2246310567232,18124.790048996274,-0.08627292616368093,8.400002116104588e-08,1.99999386626612e-15,False,False,PF_MODEL_NATIVE_DRIVING_TRAJECTORY_NOT_RESISTANCE,/private/tmp/oneD-v2-peak-dbtt-R-pf-runs/Peak_R/T600K_seed8666/steps_0600K.csv,cc73680beed42103a8ef1df7d0bd7ae224a1f7c09363fc1ccd3505dbedd9451d,/private/tmp/oneD-v2-peak-dbtt-R-pf-runs/Peak_R/T600K_seed8666/anisotropic_emission_audit_v10174.json,d8e459ec1f825fb607046df1ebbe8962e9821913f56a88198fc4ae218b2c5167,FULL_PERSISTENT_SITE_OBSERVER
Peak,R_FINALIST,oneD_v2_peak_R_41f8789bcbc1f097,600.0,8666,CANONICAL_FINALIST_SEED,True,13,0,264,1537.2000128383836,3.660000030567574e-05,7970771.449897197,10475.554861254968,68.26674770600386,62.22736522270742,64.52470531833232,2.2973400956249024,2.2973400956249024,1.0734131922886254,2.0150302222087646,0.5840279741430283,2.4217398083081254,103.4614587670747,30824.5038523106,-0.013566941883674227,1.8934872514364542e-06,4.5083050790803436e-14,False,False,PF_MODEL_NATIVE_DRIVING_TRAJECTORY_NOT_RESISTANCE,/private/tmp/oneD-v2-peak-dbtt-R-pf-runs/Peak_R/T600K_seed8666/steps_0600K.csv,cc73680beed42103a8ef1df7d0bd7ae224a1f7c09363fc1ccd3505dbedd9451d,/private/tmp/oneD-v2-peak-dbtt-R-pf-runs/Peak_R/T600K_seed8666/anisotropic_emission_audit_v10174.json,d8e459ec1f825fb607046df1ebbe8962e9821913f56a88198fc4ae218b2c5167,FULL_PERSISTENT_SITE_OBSERVER
Peak,R_FINALIST,oneD_v2_peak_R_41f8789bcbc1f097,600.0,8666,CANONICAL_FINALIST_SEED,True,14,0,274,1537.2000147318709,3.660000035075879e-05,7970771.459715413,10540.355140439744,68.47756633787799,64.52470531833232,72.91419034841714,8.389485030084812,8.389485030084812,1.2836639293266043,1.0425213363330053,1.14637591742449,11.388456203006152,512.0079230835511,19071.457835535883,-0.07450773339274132,1.7508523342257831e-06,4.168696366834562e-14,False,False,PF_MODEL_NATIVE_DRIVING_TRAJECTORY_NOT_RESISTANCE,/private/tmp/oneD-v2-peak-dbtt-R-pf-runs/Peak_R/T600K_seed8666/steps_0600K.csv,cc73680beed42103a8ef1df7d0bd7ae224a1f7c09363fc1ccd3505dbedd9451d,/private/tmp/oneD-v2-peak-dbtt-R-pf-runs/Peak_R/T600K_seed8666/anisotropic_emission_audit_v10174.json,d8e459ec1f825fb607046df1ebbe8962e9821913f56a88198fc4ae218b2c5167,FULL_PERSISTENT_SITE_OBSERVER
Peak,R_FINALIST,oneD_v2_peak_R_41f8789bcbc1f097,600.0,8666,CANONICAL_FINALIST_SEED,True,15,0,284,1537.2000164827232,3.6600000392445755e-05,7896662.946237917,11063.781273660095,70.15723847206883,72.91419034841714,80.57571727409683,7.661526925679691,7.661526925679691,1.271088656110393,1.0661614630129994,1.118687812647925,4.825162647929382,489.2665097998376,19312.85259516987,-0.07171401055796008,1.1971928870480042e-06,2.8504623791544836e-14,False,False,PF_MODEL_NATIVE_DRIVING_TRAJECTORY_NOT_RESISTANCE,/private/tmp/oneD-v2-peak-dbtt-R-pf-runs/Peak_R/T600K_seed8666/steps_0600K.csv,cc73680beed42103a8ef1df7d0bd7ae224a1f7c09363fc1ccd3505dbedd9451d,/private/tmp/oneD-v2-peak-dbtt-R-pf-runs/Peak_R/T600K_seed8666/anisotropic_emission_audit_v10174.json,d8e459ec1f825fb607046df1ebbe8962e9821913f56a88198fc4ae218b2c5167,FULL_PERSISTENT_SITE_OBSERVER
Peak,R_FINALIST,oneD_v2_peak_R_41f8789bcbc1f097,600.0,8666,CANONICAL_FINALIST_SEED,True,16,0,294,1537.200017679916,3.660000042095038e-05,7893420.404310475,10819.556759939289,69.3785837379476,80.57571727409683,85.8144981030469,5.238780828950074,5.238780828950074,1.350522793460216,0.9388253254958415,1.272510051845065,18.944618074241593,630.998691745726,18069.008289647976,-0.09152687921778933,2.5200006348313764e-07,6.000001927589094e-15,False,False,PF_MODEL_NATIVE_DRIVING_TRAJECTORY_NOT_RESISTANCE,/private/tmp/oneD-v2-peak-dbtt-R-pf-runs/Peak_R/T600K_seed8666/steps_0600K.csv,cc73680beed42103a8ef1df7d0bd7ae224a1f7c09363fc1ccd3505dbedd9451d,/private/tmp/oneD-v2-peak-dbtt-R-pf-runs/Peak_R/T600K_seed8666/anisotropic_emission_audit_v10174.json,d8e459ec1f825fb607046df1ebbe8962e9821913f56a88198fc4ae218b2c5167,FULL_PERSISTENT_SITE_OBSERVER
Peak,R_FINALIST,oneD_v2_peak_R_41f8789bcbc1f097,600.0,8666,CANONICAL_FINALIST_SEED,True,17,0,297,1537.2000179319161,3.660000042695038e-05,7890003.027911829,10781.322295166272,69.2558892167948,85.8144981030469,88.1118381986718,2.2973400956249024,2.2973400956249024,1.4430692779453447,0.8359623990595041,1.4313661675099136,65.54226412969561,745.58231645812,17191.80699289919,-0.10526542038819052,1.4481133803201374e-06,3.447891657511887e-14,False,False,PF_MODEL_NATIVE_DRIVING_TRAJECTORY_NOT_RESISTANCE,/private/tmp/oneD-v2-peak-dbtt-R-pf-runs/Peak_R/T600K_seed8666/steps_0600K.csv,cc73680beed42103a8ef1df7d0bd7ae224a1f7c09363fc1ccd3505dbedd9451d,/private/tmp/oneD-v2-peak-dbtt-R-pf-runs/Peak_R/T600K_seed8666/anisotropic_emission_audit_v10174.json,d8e459ec1f825fb607046df1ebbe8962e9821913f56a88198fc4ae218b2c5167,FULL_PERSISTENT_SITE_OBSERVER
Peak,R_FINALIST,oneD_v2_peak_R_41f8789bcbc1f097,600.0,8666,CANONICAL_FINALIST_SEED,True,18,0,307,1537.2000193800295,3.66000004614293e-05,7887670.1361340415,10860.94962534058,69.51116943487597,88.1118381986718,94.44861849005173,6.3367802913799185,6.3367802913799185,1.2607531594466563,1.0868077659966313,1.097244772798849,5.562780208230371,473.01197771365753,19526.7695345049,-0.06927351339342035,4.200001058052294e-07,9.999996436384911e-15,False,False,PF_MODEL_NATIVE_DRIVING_TRAJECTORY_NOT_RESISTANCE,/private/tmp/oneD-v2-peak-dbtt-R-pf-runs/Peak_R/T600K_seed8666/steps_0600K.csv,cc73680beed42103a8ef1df7d0bd7ae224a1f7c09363fc1ccd3505dbedd9451d,/private/tmp/oneD-v2-peak-dbtt-R-pf-runs/Peak_R/T600K_seed8666/anisotropic_emission_audit_v10174.json,d8e459ec1f825fb607046df1ebbe8962e9821913f56a88198fc4ae218b2c5167,FULL_PERSISTENT_SITE_OBSERVER
Peak,R_FINALIST,oneD_v2_peak_R_41f8789bcbc1f097,600.0,8666,CANONICAL_FINALIST_SEED,True,19,0,312,1537.2000198000296,3.6600000471429294e-05,7906500.695854224,13120.555618461784,76.40060692329592,94.44861849005173,96.74569264369183,2.2970741536401054,2.2970741536401054,1.3374282014850671,0.9566571536425348,1.2468415287230143,1.5042189569671929,615.6705281357529,18233.68309031999,-0.09065362897283104,4.200001058052294e-07,1.0000009988912067e-14,False,False,PF_MODEL_NATIVE_DRIVING_TRAJECTORY_NOT_RESISTANCE,/private/tmp/oneD-v2-peak-dbtt-R-pf-runs/Peak_R/T600K_seed8666/steps_0600K.csv,cc73680beed42103a8ef1df7d0bd7ae224a1f7c09363fc1ccd3505dbedd9451d,/private/tmp/oneD-v2-peak-dbtt-R-pf-runs/Peak_R/T600K_seed8666/anisotropic_emission_audit_v10174.json,d8e459ec1f825fb607046df1ebbe8962e9821913f56a88198fc4ae218b2c5167,FULL_PERSISTENT_SITE_OBSERVER
Peak,R_FINALIST,oneD_v2_peak_R_41f8789bcbc1f097,600.0,8666,CANONICAL_FINALIST_SEED,True,20,0,317,1537.2000202200297,3.6600000481429304e-05,7905119.788573583,13081.413400720974,76.28655981377094,96.74569264369183,99.04276679733192,2.297074153640092,2.2970741536401054,1.3880659876534354,0.8926928944812383,1.3372800129366356,3.6814500915093986,706.8899424459834,17658.74327832143,-0.10400488911310671,1.1987503967247903e-06,2.8541689953316685e-14,False,False,PF_MODEL_NATIVE_DRIVING_TRAJECTORY_NOT_RESISTANCE,/private/tmp/oneD-v2-peak-dbtt-R-pf-runs/Peak_R/T600K_seed8666/steps_0600K.csv,cc73680beed42103a8ef1df7d0bd7ae224a1f7c09363fc1ccd3505dbedd9451d,/private/tmp/oneD-v2-peak-dbtt-R-pf-runs/Peak_R/T600K_seed8666/anisotropic_emission_audit_v10174.json,d8e459ec1f825fb607046df1ebbe8962e9821913f56a88198fc4ae218b2c5167,FULL_PERSISTENT_SITE_OBSERVER
Peak,R_FINALIST,oneD_v2_peak_R_41f8789bcbc1f097,600.0,8666,CANONICAL_FINALIST_SEED,True,21,0,327,1537.2000214187801,3.6600000509970994e-05,7903714.495168227,13036.262292473904,76.1547927064604,99.04276679733192,104.28775434413835,5.244987546806435,5.244987546806435,1.3998885681286148,0.8794346357232847,1.359810623092067,2.079114305433904,739.1502763816991,17544.64702206794,-0.10870438953874072,,,False,True,PF_MODEL_NATIVE_DRIVING_TRAJECTORY_NOT_RESISTANCE,/private/tmp/oneD-v2-peak-dbtt-R-pf-runs/Peak_R/T600K_seed8666/steps_0600K.csv,cc73680beed42103a8ef1df7d0bd7ae224a1f7c09363fc1ccd3505dbedd9451d,/private/tmp/oneD-v2-peak-dbtt-R-pf-runs/Peak_R/T600K_seed8666/anisotropic_emission_audit_v10174.json,d8e459ec1f825fb607046df1ebbe8962e9821913f56a88198fc4ae218b2c5167,FULL_PERSISTENT_SITE_OBSERVER
Peak,CONTROL,v913_zeroD_sobol_0242980,600.0,4630,AUTHORITATIVE_TEMPERATURE_SWEEP_SEED_NOT_PAIRED,False,0,0,79,557.4783793946121,1.3273294747490768e-05,2891452.6552129467,1142.3160298345636,22.54311003716557,0.0,3.717307718533033,3.717307718533033,3.717307718533033,,,0.1749540330923531,9.276475430718207,8.905466546822804e-07,,-9.7922141599961e-11,0.16108030671250617,3.835245397912067e-09,False,False,PF_MODEL_NATIVE_DRIVING_TRAJECTORY_NOT_RESISTANCE,/Volumes/Data/Data/Nanopillar_calculation/PF-fracture-fatigue_v10_2_21_persistent_sites_top1/runs/1_final_v10_2_30_theta0_rate_extremes_four_class_1000um_base3621_v1/rate1x/v913_paper_peak01_0242980_persistent_sites/T600K_th0_seed4630/steps_0600K.csv,6c78ce302d54db196702d0c1c2fe724f9db34635ea51a26629b2746ea95f31d9,/Volumes/Data/Data/Nanopillar_calculation/PF-fracture-fatigue_v10_2_21_persistent_sites_top1/runs/1_final_v10_2_30_theta0_rate_extremes_four_class_1000um_base3621_v1/rate1x/v913_paper_peak01_0242980_persistent_sites/T600K_th0_seed4630/anisotropic_emission_audit_v10174.json,ea0cda6106f6c2e65e580a3209fefe6bdba1a082fc244b17ba658ac2bf256396,ARCHIVED_SCALAR_STATE_ONLY
Peak,CONTROL,v913_zeroD_sobol_0242980,600.0,4630,AUTHORITATIVE_TEMPERATURE_SWEEP_SEED_NOT_PAIRED,False,1,0,89,557.6394597013247,1.327712999288868e-05,2892132.604082047,1203.6365565179783,23.140267767995567,3.717307718533033,6.756369253984392,3.0390615354513586,3.039061535451358,,,0.040883170585626495,0.4972308385821343,2.732169633785563e-08,,-3.0002675053116517e-12,0.008649507306699888,2.0594065015492474e-10,False,False,PF_MODEL_NATIVE_DRIVING_TRAJECTORY_NOT_RESISTANCE,/Volumes/Data/Data/Nanopillar_calculation/PF-fracture-fatigue_v10_2_21_persistent_sites_top1/runs/1_final_v10_2_30_theta0_rate_extremes_four_class_1000um_base3621_v1/rate1x/v913_paper_peak01_0242980_persistent_sites/T600K_th0_seed4630/steps_0600K.csv,6c78ce302d54db196702d0c1c2fe724f9db34635ea51a26629b2746ea95f31d9,/Volumes/Data/Data/Nanopillar_calculation/PF-fracture-fatigue_v10_2_21_persistent_sites_top1/runs/1_final_v10_2_30_theta0_rate_extremes_four_class_1000um_base3621_v1/rate1x/v913_paper_peak01_0242980_persistent_sites/T600K_th0_seed4630/anisotropic_emission_audit_v10174.json,ea0cda6106f6c2e65e580a3209fefe6bdba1a082fc244b17ba658ac2bf256396,ARCHIVED_SCALAR_STATE_ONLY
Peak,CONTROL,v913_zeroD_sobol_0242980,600.0,4630,AUTHORITATIVE_TEMPERATURE_SWEEP_SEED_NOT_PAIRED,False,2,0,99,557.6481092086314,1.3277335933538835e-05,2892022.0891215825,1250.7239030038108,23.588559496928806,6.756369253984392,9.053709349609292,2.2973400956249006,2.2973400956249024,,,0.014243069740616784,0.061399879583300704,1.0780052239979042e-09,,-1.1819487292426347e-13,0.0008843358430112858,2.1055615309970152e-11,False,False,PF_MODEL_NATIVE_DRIVING_TRAJECTORY_NOT_RESISTANCE,/Volumes/Data/Data/Nanopillar_calculation/PF-fracture-fatigue_v10_2_21_persistent_sites_top1/runs/1_final_v10_2_30_theta0_rate_extremes_four_class_1000um_base3621_v1/rate1x/v913_paper_peak01_0242980_persistent_sites/T600K_th0_seed4630/steps_0600K.csv,6c78ce302d54db196702d0c1c2fe724f9db34635ea51a26629b2746ea95f31d9,/Volumes/Data/Data/Nanopillar_calculation/PF-fracture-fatigue_v10_2_21_persistent_sites_top1/runs/1_final_v10_2_30_theta0_rate_extremes_four_class_1000um_base3621_v1/rate1x/v913_paper_peak01_0242980_persistent_sites/T600K_th0_seed4630/anisotropic_emission_audit_v10174.json,ea0cda6106f6c2e65e580a3209fefe6bdba1a082fc244b17ba658ac2bf256396,ARCHIVED_SCALAR_STATE_ONLY
Peak,CONTROL,v913_zeroD_sobol_0242980,600.0,4630,AUTHORITATIVE_TEMPERATURE_SWEEP_SEED_NOT_PAIRED,False,3,0,109,557.6489935444744,1.3277356989154145e-05,2891770.5159620796,1308.9883011075694,24.131736687472323,9.053709349609292,11.351049445234196,2.297340095624904,2.2973400956249024,,,0.004892177485124143,0.007035591529279717,4.2556136831109545e-11,,-4.656325696645686e-15,0.00029782553576751525,7.0910841827869116e-12,False,False,PF_MODEL_NATIVE_DRIVING_TRAJECTORY_NOT_RESISTANCE,/Volumes/Data/Data/Nanopillar_calculation/PF-fracture-fatigue_v10_2_21_persistent_sites_top1/runs/1_final_v10_2_30_theta0_rate_extremes_four_class_1000um_base3621_v1/rate1x/v913_paper_peak01_0242980_persistent_sites/T600K_th0_seed4630/steps_0600K.csv,6c78ce302d54db196702d0c1c2fe724f9db34635ea51a26629b2746ea95f31d9,/Volumes/Data/Data/Nanopillar_calculation/PF-fracture-fatigue_v10_2_21_persistent_sites_top1/runs/1_final_v10_2_30_theta0_rate_extremes_four_class_1000um_base3621_v1/rate1x/v913_paper_peak01_0242980_persistent_sites/T600K_th0_seed4630/anisotropic_emission_audit_v10174.json,ea0cda6106f6c2e65e580a3209fefe6bdba1a082fc244b17ba658ac2bf256396,ARCHIVED_SCALAR_STATE_ONLY
Peak,CONTROL,v913_zeroD_sobol_0242980,600.0,4630,AUTHORITATIVE_TEMPERATURE_SWEEP_SEED_NOT_PAIRED,False,4,0,119,557.6492913700101,1.3277364080238327e-05,2891371.9967736006,1385.8780387961726,24.83037060911437,11.351049445234196,17.470147576985795,6.119098131751599,6.119098131751599,,,0.0007123587746778471,0.0001962020775041676,1.0281273559074325e-13,,-1.1157260847192808e-17,7.329721483984031e-06,1.7451717629064604e-13,False,False,PF_MODEL_NATIVE_DRIVING_TRAJECTORY_NOT_RESISTANCE,/Volumes/Data/Data/Nanopillar_calculation/PF-fracture-fatigue_v10_2_21_persistent_sites_top1/runs/1_final_v10_2_30_theta0_rate_extremes_four_class_1000um_base3621_v1/rate1x/v913_paper_peak01_0242980_persistent_sites/T600K_th0_seed4630/steps_0600K.csv,6c78ce302d54db196702d0c1c2fe724f9db34635ea51a26629b2746ea95f31d9,/Volumes/Data/Data/Nanopillar_calculation/PF-fracture-fatigue_v10_2_21_persistent_sites_top1/runs/1_final_v10_2_30_theta0_rate_extremes_four_class_1000um_base3621_v1/rate1x/v913_paper_peak01_0242980_persistent_sites/T600K_th0_seed4630/anisotropic_emission_audit_v10174.json,ea0cda6106f6c2e65e580a3209fefe6bdba1a082fc244b17ba658ac2bf256396,ARCHIVED_SCALAR_STATE_ONLY
Peak,CONTROL,v913_zeroD_sobol_0242980,600.0,4630,AUTHORITATIVE_TEMPERATURE_SWEEP_SEED_NOT_PAIRED,False,5,0,129,557.6492986997316,1.3277364254755504e-05,2890773.847425503,1484.9469686225787,25.702547319902614,17.470147576985795,20.00060670745169,2.5304591304658963,2.5304591304658963,,,0.0003332747946309212,3.627438183040953e-05,1.3094806345490048e-14,,-1.4144409444676e-18,6.72000169288367e-07,1.6000006834303478e-14,False,False,PF_MODEL_NATIVE_DRIVING_TRAJECTORY_NOT_RESISTANCE,/Volumes/Data/Data/Nanopillar_calculation/PF-fracture-fatigue_v10_2_21_persistent_sites_top1/runs/1_final_v10_2_30_theta0_rate_extremes_four_class_1000um_base3621_v1/rate1x/v913_paper_peak01_0242980_persistent_sites/T600K_th0_seed4630/steps_0600K.csv,6c78ce302d54db196702d0c1c2fe724f9db34635ea51a26629b2746ea95f31d9,/Volumes/Data/Data/Nanopillar_calculation/PF-fracture-fatigue_v10_2_21_persistent_sites_top1/runs/1_final_v10_2_30_theta0_rate_extremes_four_class_1000um_base3621_v1/rate1x/v913_paper_peak01_0242980_persistent_sites/T600K_th0_seed4630/anisotropic_emission_audit_v10174.json,ea0cda6106f6c2e65e580a3209fefe6bdba1a082fc244b17ba658ac2bf256396,ARCHIVED_SCALAR_STATE_ONLY
Peak,CONTROL,v913_zeroD_sobol_0242980,600.0,4630,AUTHORITATIVE_TEMPERATURE_SWEEP_SEED_NOT_PAIRED,False,6,0,137,557.6492993717318,1.327736427075551e-05,2882300.4306464633,1757.751904073844,27.964012259153254,20.00060670745169,22.701178583453878,2.7005718760021855,2.7005718760021855,,,0.00010369018458814691,3.1915032679147964e-06,7.308488923051693e-15,,-7.848121422208169e-19,4.229008254696964e-06,1.006906858510171e-13,False,False,PF_MODEL_NATIVE_DRIVING_TRAJECTORY_NOT_RESISTANCE,/Volumes/Data/Data/Nanopillar_calculation/PF-fracture-fatigue_v10_2_21_persistent_sites_top1/runs/1_final_v10_2_30_theta0_rate_extremes_four_class_1000um_base3621_v1/rate1x/v913_paper_peak01_0242980_persistent_sites/T600K_th0_seed4630/steps_0600K.csv,6c78ce302d54db196702d0c1c2fe724f9db34635ea51a26629b2746ea95f31d9,/Volumes/Data/Data/Nanopillar_calculation/PF-fracture-fatigue_v10_2_21_persistent_sites_top1/runs/1_final_v10_2_30_theta0_rate_extremes_four_class_1000um_base3621_v1/rate1x/v913_paper_peak01_0242980_persistent_sites/T600K_th0_seed4630/anisotropic_emission_audit_v10174.json,ea0cda6106f6c2e65e580a3209fefe6bdba1a082fc244b17ba658ac2bf256396,ARCHIVED_SCALAR_STATE_ONLY
Peak,CONTROL,v913_zeroD_sobol_0242980,600.0,4630,AUTHORITATIVE_TEMPERATURE_SWEEP_SEED_NOT_PAIRED,False,7,0,147,557.64930360074,1.3277364371446196e-05,2881793.323634473,1809.1063404326555,28.36956934497271,22.701178583453878,41.07989934845288,18.378720764999002,18.378720764999002,,,5.391884693457166e-05,1.2081860913184858e-06,1.5813053051586458e-15,,-1.5845733720371493e-19,9.947348189598415e-07,2.3684159288720613e-14,False,False,PF_MODEL_NATIVE_DRIVING_TRAJECTORY_NOT_RESISTANCE,/Volumes/Data/Data/Nanopillar_calculation/PF-fracture-fatigue_v10_2_21_persistent_sites_top1/runs/1_final_v10_2_30_theta0_rate_extremes_four_class_1000um_base3621_v1/rate1x/v913_paper_peak01_0242980_persistent_sites/T600K_th0_seed4630/steps_0600K.csv,6c78ce302d54db196702d0c1c2fe724f9db34635ea51a26629b2746ea95f31d9,/Volumes/Data/Data/Nanopillar_calculation/PF-fracture-fatigue_v10_2_21_persistent_sites_top1/runs/1_final_v10_2_30_theta0_rate_extremes_four_class_1000um_base3621_v1/rate1x/v913_paper_peak01_0242980_persistent_sites/T600K_th0_seed4630/anisotropic_emission_audit_v10174.json,ea0cda6106f6c2e65e580a3209fefe6bdba1a082fc244b17ba658ac2bf256396,ARCHIVED_SCALAR_STATE_ONLY
Peak,CONTROL,v913_zeroD_sobol_0242980,600.0,4630,AUTHORITATIVE_TEMPERATURE_SWEEP_SEED_NOT_PAIRED,False,8,0,157,557.6493045954749,1.3277364395130356e-05,2880340.474634624,1982.9631930598096,29.70147531354878,41.07989934845288,45.43274453297475,4.352845184521872,4.352845184521872,,,4.2875902660152975e-05,7.280482819523373e-07,1.0430231719225192e-14,,-1.0190105751925224e-18,8.400002116104588e-08,2.000000642529698e-15,False,False,PF_MODEL_NATIVE_DRIVING_TRAJECTORY_NOT_RESISTANCE,/Volumes/Data/Data/Nanopillar_calculation/PF-fracture-fatigue_v10_2_21_persistent_sites_top1/runs/1_final_v10_2_30_theta0_rate_extremes_four_class_1000um_base3621_v1/rate1x/v913_paper_peak01_0242980_persistent_sites/T600K_th0_seed4630/steps_0600K.csv,6c78ce302d54db196702d0c1c2fe724f9db34635ea51a26629b2746ea95f31d9,/Volumes/Data/Data/Nanopillar_calculation/PF-fracture-fatigue_v10_2_21_persistent_sites_top1/runs/1_final_v10_2_30_theta0_rate_extremes_four_class_1000um_base3621_v1/rate1x/v913_paper_peak01_0242980_persistent_sites/T600K_th0_seed4630/anisotropic_emission_audit_v10174.json,ea0cda6106f6c2e65e580a3209fefe6bdba1a082fc244b17ba658ac2bf256396,ARCHIVED_SCALAR_STATE_ONLY
Peak,CONTROL,v913_zeroD_sobol_0242980,600.0,4630,AUTHORITATIVE_TEMPERATURE_SWEEP_SEED_NOT_PAIRED,False,9,0,158,557.6493046794749,1.3277364397130356e-05,2879131.788791311,1955.2440489261444,29.49315149840476,45.43274453297475,47.73008462859965,2.2973400956248953,2.2973400956249024,,,2.3826026313602944e-05,1.9278926763836859e-07,6.145865478925931e-16,,-5.91486488509413e-20,4.200001058052294e-07,1.000000321264849e-14,False,False,PF_MODEL_NATIVE_DRIVING_TRAJECTORY_NOT_RESISTANCE,/Volumes/Data/Data/Nanopillar_calculation/PF-fracture-fatigue_v10_2_21_persistent_sites_top1/runs/1_final_v10_2_30_theta0_rate_extremes_four_class_1000um_base3621_v1/rate1x/v913_paper_peak01_0242980_persistent_sites/T600K_th0_seed4630/steps_0600K.csv,6c78ce302d54db196702d0c1c2fe724f9db34635ea51a26629b2746ea95f31d9,/Volumes/Data/Data/Nanopillar_calculation/PF-fracture-fatigue_v10_2_21_persistent_sites_top1/runs/1_final_v10_2_30_theta0_rate_extremes_four_class_1000um_base3621_v1/rate1x/v913_paper_peak01_0242980_persistent_sites/T600K_th0_seed4630/anisotropic_emission_audit_v10174.json,ea0cda6106f6c2e65e580a3209fefe6bdba1a082fc244b17ba658ac2bf256396,ARCHIVED_SCALAR_STATE_ONLY
Peak,CONTROL,v913_zeroD_sobol_0242980,600.0,4630,AUTHORITATIVE_TEMPERATURE_SWEEP_SEED_NOT_PAIRED,False,10,0,163,557.649305099475,1.327736440713036e-05,2878396.5170325334,1938.3511284175745,29.36546762169182,47.73008462859965,50.02742472422455,2.297340095624909,2.2973400956249024,,,4.394195948008591e-05,8.053048293990954e-07,4.0167299541290164e-15,,-3.803561391784318e-19,8.474762580590323e-07,2.0178000234767103e-14,False,False,PF_MODEL_NATIVE_DRIVING_TRAJECTORY_NOT_RESISTANCE,/Volumes/Data/Data/Nanopillar_calculation/PF-fracture-fatigue_v10_2_21_persistent_sites_top1/runs/1_final_v10_2_30_theta0_rate_extremes_four_class_1000um_base3621_v1/rate1x/v913_paper_peak01_0242980_persistent_sites/T600K_th0_seed4630/steps_0600K.csv,6c78ce302d54db196702d0c1c2fe724f9db34635ea51a26629b2746ea95f31d9,/Volumes/Data/Data/Nanopillar_calculation/PF-fracture-fatigue_v10_2_21_persistent_sites_top1/runs/1_final_v10_2_30_theta0_rate_extremes_four_class_1000um_base3621_v1/rate1x/v913_paper_peak01_0242980_persistent_sites/T600K_th0_seed4630/anisotropic_emission_audit_v10174.json,ea0cda6106f6c2e65e580a3209fefe6bdba1a082fc244b17ba658ac2bf256396,ARCHIVED_SCALAR_STATE_ONLY
Peak,CONTROL,v913_zeroD_sobol_0242980,600.0,4630,AUTHORITATIVE_TEMPERATURE_SWEEP_SEED_NOT_PAIRED,False,11,0,173,557.6493059469512,1.327736442730836e-05,2877518.8158605024,1920.0029594626385,29.22615238562688,50.02742472422455,53.73588410501843,3.7084593807938746,3.708459380793874,,,4.445759472514918e-05,7.835289092659116e-07,5.166659452037882e-15,,-4.753310618995006e-19,5.880001481273212e-07,1.4000004497707885e-14,False,False,PF_MODEL_NATIVE_DRIVING_TRAJECTORY_NOT_RESISTANCE,/Volumes/Data/Data/Nanopillar_calculation/PF-fracture-fatigue_v10_2_21_persistent_sites_top1/runs/1_final_v10_2_30_theta0_rate_extremes_four_class_1000um_base3621_v1/rate1x/v913_paper_peak01_0242980_persistent_sites/T600K_th0_seed4630/steps_0600K.csv,6c78ce302d54db196702d0c1c2fe724f9db34635ea51a26629b2746ea95f31d9,/Volumes/Data/Data/Nanopillar_calculation/PF-fracture-fatigue_v10_2_21_persistent_sites_top1/runs/1_final_v10_2_30_theta0_rate_extremes_four_class_1000um_base3621_v1/rate1x/v913_paper_peak01_0242980_persistent_sites/T600K_th0_seed4630/anisotropic_emission_audit_v10174.json,ea0cda6106f6c2e65e580a3209fefe6bdba1a082fc244b17ba658ac2bf256396,ARCHIVED_SCALAR_STATE_ONLY
Peak,CONTROL,v913_zeroD_sobol_0242980,600.0,4630,AUTHORITATIVE_TEMPERATURE_SWEEP_SEED_NOT_PAIRED,False,12,0,180,557.6493065349514,1.3277364441308364e-05,2876471.416421095,1889.2568213100017,28.991200187294858,53.73588410501843,56.38851706451391,2.65263295949548,2.6526329594954867,,,5.088364622171872e-05,1.0317000596211412e-06,4.435672800010924e-15,,-3.9888984594889643e-19,1.7283119859712315e-06,4.1150275122635825e-14,False,False,PF_MODEL_NATIVE_DRIVING_TRAJECTORY_NOT_RESISTANCE,/Volumes/Data/Data/Nanopillar_calculation/PF-fracture-fatigue_v10_2_21_persistent_sites_top1/runs/1_final_v10_2_30_theta0_rate_extremes_four_class_1000um_base3621_v1/rate1x/v913_paper_peak01_0242980_persistent_sites/T600K_th0_seed4630/steps_0600K.csv,6c78ce302d54db196702d0c1c2fe724f9db34635ea51a26629b2746ea95f31d9,/Volumes/Data/Data/Nanopillar_calculation/PF-fracture-fatigue_v10_2_21_persistent_sites_top1/runs/1_final_v10_2_30_theta0_rate_extremes_four_class_1000um_base3621_v1/rate1x/v913_paper_peak01_0242980_persistent_sites/T600K_th0_seed4630/anisotropic_emission_audit_v10174.json,ea0cda6106f6c2e65e580a3209fefe6bdba1a082fc244b17ba658ac2bf256396,ARCHIVED_SCALAR_STATE_ONLY
Peak,CONTROL,v913_zeroD_sobol_0242980,600.0,4630,AUTHORITATIVE_TEMPERATURE_SWEEP_SEED_NOT_PAIRED,False,13,0,190,557.6493082632634,1.327736448245864e-05,2875218.5103858784,1865.2121555120773,28.80612320522376,56.38851706451391,63.974901851320354,7.586384786806447,7.58638478680644,,,3.8435199640454545e-05,5.942137916249611e-07,1.85872688052628e-15,,-1.5493354511207372e-19,4.0078634810924996e-06,9.542532406891114e-14,False,False,PF_MODEL_NATIVE_DRIVING_TRAJECTORY_NOT_RESISTANCE,/Volumes/Data/Data/Nanopillar_calculation/PF-fracture-fatigue_v10_2_21_persistent_sites_top1/runs/1_final_v10_2_30_theta0_rate_extremes_four_class_1000um_base3621_v1/rate1x/v913_paper_peak01_0242980_persistent_sites/T600K_th0_seed4630/steps_0600K.csv,6c78ce302d54db196702d0c1c2fe724f9db34635ea51a26629b2746ea95f31d9,/Volumes/Data/Data/Nanopillar_calculation/PF-fracture-fatigue_v10_2_21_persistent_sites_top1/runs/1_final_v10_2_30_theta0_rate_extremes_four_class_1000um_base3621_v1/rate1x/v913_paper_peak01_0242980_persistent_sites/T600K_th0_seed4630/anisotropic_emission_audit_v10174.json,ea0cda6106f6c2e65e580a3209fefe6bdba1a082fc244b17ba658ac2bf256396,ARCHIVED_SCALAR_STATE_ONLY
Peak,CONTROL,v913_zeroD_sobol_0242980,600.0,4630,AUTHORITATIVE_TEMPERATURE_SWEEP_SEED_NOT_PAIRED,False,14,0,200,557.6493122711269,1.3277364577883963e-05,2876449.000110895,1460.6931671214247,25.491781902692065,63.974901851320354,66.27117824057163,2.2962763892512683,2.296276389251268,,,9.723383954555456e-05,3.9498981355766615e-06,2.409509840587446e-16,,-1.9561868321792677e-20,4.863686012868129e-05,1.158020478892797e-12,False,False,PF_MODEL_NATIVE_DRIVING_TRAJECTORY_NOT_RESISTANCE,/Volumes/Data/Data/Nanopillar_calculation/PF-fracture-fatigue_v10_2_21_persistent_sites_top1/runs/1_final_v10_2_30_theta0_rate_extremes_four_class_1000um_base3621_v1/rate1x/v913_paper_peak01_0242980_persistent_sites/T600K_th0_seed4630/steps_0600K.csv,6c78ce302d54db196702d0c1c2fe724f9db34635ea51a26629b2746ea95f31d9,/Volumes/Data/Data/Nanopillar_calculation/PF-fracture-fatigue_v10_2_21_persistent_sites_top1/runs/1_final_v10_2_30_theta0_rate_extremes_four_class_1000um_base3621_v1/rate1x/v913_paper_peak01_0242980_persistent_sites/T600K_th0_seed4630/anisotropic_emission_audit_v10174.json,ea0cda6106f6c2e65e580a3209fefe6bdba1a082fc244b17ba658ac2bf256396,ARCHIVED_SCALAR_STATE_ONLY
Peak,CONTROL,v913_zeroD_sobol_0242980,600.0,4630,AUTHORITATIVE_TEMPERATURE_SWEEP_SEED_NOT_PAIRED,False,15,0,210,557.649360907987,1.3277365735904442e-05,2876067.0113986935,1459.1515301952775,25.478326151731252,66.27117824057163,74.97576559811216,8.704587357540538,8.704587357540538,,,0.0002020634673164404,1.6468940391407637e-05,3.237216508259635e-15,,-2.340345615321734e-19,4.1851346736621053e-05,9.96460638340909e-13,False,False,PF_MODEL_NATIVE_DRIVING_TRAJECTORY_NOT_RESISTANCE,/Volumes/Data/Data/Nanopillar_calculation/PF-fracture-fatigue_v10_2_21_persistent_sites_top1/runs/1_final_v10_2_30_theta0_rate_extremes_four_class_1000um_base3621_v1/rate1x/v913_paper_peak01_0242980_persistent_sites/T600K_th0_seed4630/steps_0600K.csv,6c78ce302d54db196702d0c1c2fe724f9db34635ea51a26629b2746ea95f31d9,/Volumes/Data/Data/Nanopillar_calculation/PF-fracture-fatigue_v10_2_21_persistent_sites_top1/runs/1_final_v10_2_30_theta0_rate_extremes_four_class_1000um_base3621_v1/rate1x/v913_paper_peak01_0242980_persistent_sites/T600K_th0_seed4630/anisotropic_emission_audit_v10174.json,ea0cda6106f6c2e65e580a3209fefe6bdba1a082fc244b17ba658ac2bf256396,ARCHIVED_SCALAR_STATE_ONLY
Peak,CONTROL,v913_zeroD_sobol_0242980,600.0,4630,AUTHORITATIVE_TEMPERATURE_SWEEP_SEED_NOT_PAIRED,False,16,0,220,557.6494027593337,1.327736673236508e-05,2874044.8476787545,1438.9818231305696,25.301621193707643,74.97576559811216,77.25610608496464,2.2803404868524835,2.2803404868524835,,,0.0003216099694800999,4.255054868713024e-05,1.6572505848611363e-14,,-1.1569393738619628e-18,1.92909178622358e-05,4.593075695984421e-13,False,False,PF_MODEL_NATIVE_DRIVING_TRAJECTORY_NOT_RESISTANCE,/Volumes/Data/Data/Nanopillar_calculation/PF-fracture-fatigue_v10_2_21_persistent_sites_top1/runs/1_final_v10_2_30_theta0_rate_extremes_four_class_1000um_base3621_v1/rate1x/v913_paper_peak01_0242980_persistent_sites/T600K_th0_seed4630/steps_0600K.csv,6c78ce302d54db196702d0c1c2fe724f9db34635ea51a26629b2746ea95f31d9,/Volumes/Data/Data/Nanopillar_calculation/PF-fracture-fatigue_v10_2_21_persistent_sites_top1/runs/1_final_v10_2_30_theta0_rate_extremes_four_class_1000um_base3621_v1/rate1x/v913_paper_peak01_0242980_persistent_sites/T600K_th0_seed4630/anisotropic_emission_audit_v10174.json,ea0cda6106f6c2e65e580a3209fefe6bdba1a082fc244b17ba658ac2bf256396,ARCHIVED_SCALAR_STATE_ONLY
Peak,CONTROL,v913_zeroD_sobol_0242980,600.0,4630,AUTHORITATIVE_TEMPERATURE_SWEEP_SEED_NOT_PAIRED,False,17,0,230,557.6494220502516,1.327736719167265e-05,2873914.6549836085,1437.0575733596097,25.284698490027463,77.25610608496464,79.55318023849642,2.29707415353178,2.297074153531794,,,0.00031935237399801324,4.03056100048805e-05,8.804109334989987e-15,,-5.921423397317007e-19,5.040001269662753e-07,1.2000003855178187e-14,False,False,PF_MODEL_NATIVE_DRIVING_TRAJECTORY_NOT_RESISTANCE,/Volumes/Data/Data/Nanopillar_calculation/PF-fracture-fatigue_v10_2_21_persistent_sites_top1/runs/1_final_v10_2_30_theta0_rate_extremes_four_class_1000um_base3621_v1/rate1x/v913_paper_peak01_0242980_persistent_sites/T600K_th0_seed4630/steps_0600K.csv,6c78ce302d54db196702d0c1c2fe724f9db34635ea51a26629b2746ea95f31d9,/Volumes/Data/Data/Nanopillar_calculation/PF-fracture-fatigue_v10_2_21_persistent_sites_top1/runs/1_final_v10_2_30_theta0_rate_extremes_four_class_1000um_base3621_v1/rate1x/v913_paper_peak01_0242980_persistent_sites/T600K_th0_seed4630/anisotropic_emission_audit_v10174.json,ea0cda6106f6c2e65e580a3209fefe6bdba1a082fc244b17ba658ac2bf256396,ARCHIVED_SCALAR_STATE_ONLY
Peak,CONTROL,v913_zeroD_sobol_0242980,600.0,4630,AUTHORITATIVE_TEMPERATURE_SWEEP_SEED_NOT_PAIRED,False,18,0,236,557.6494225542517,1.3277367203672654e-05,2873052.7359224893,1440.1850924260443,25.312197526799572,79.55318023849642,81.85025439213578,2.29707415363936,2.2970741536393464,,,0.00014456200658159352,6.249401734654902e-06,2.787165063213129e-16,,-1.802063148729255e-20,0.00022234813445720647,5.294003201718493e-12,False,False,PF_MODEL_NATIVE_DRIVING_TRAJECTORY_NOT_RESISTANCE,/Volumes/Data/Data/Nanopillar_calculation/PF-fracture-fatigue_v10_2_21_persistent_sites_top1/runs/1_final_v10_2_30_theta0_rate_extremes_four_class_1000um_base3621_v1/rate1x/v913_paper_peak01_0242980_persistent_sites/T600K_th0_seed4630/steps_0600K.csv,6c78ce302d54db196702d0c1c2fe724f9db34635ea51a26629b2746ea95f31d9,/Volumes/Data/Data/Nanopillar_calculation/PF-fracture-fatigue_v10_2_21_persistent_sites_top1/runs/1_final_v10_2_30_theta0_rate_extremes_four_class_1000um_base3621_v1/rate1x/v913_paper_peak01_0242980_persistent_sites/T600K_th0_seed4630/anisotropic_emission_audit_v10174.json,ea0cda6106f6c2e65e580a3209fefe6bdba1a082fc244b17ba658ac2bf256396,ARCHIVED_SCALAR_STATE_ONLY
Peak,CONTROL,v913_zeroD_sobol_0242980,600.0,4630,AUTHORITATIVE_TEMPERATURE_SWEEP_SEED_NOT_PAIRED,False,19,0,249,557.6496449023862,1.3277372497675856e-05,2871994.1161297075,1447.243840189502,25.374152765294994,81.85025439213578,100.22684762124783,18.37659322911205,18.376593229112057,,,0.00021916983580472322,1.851302692524627e-05,5.160578029399442e-15,,-2.2176064634693336e-19,,,False,True,PF_MODEL_NATIVE_DRIVING_TRAJECTORY_NOT_RESISTANCE,/Volumes/Data/Data/Nanopillar_calculation/PF-fracture-fatigue_v10_2_21_persistent_sites_top1/runs/1_final_v10_2_30_theta0_rate_extremes_four_class_1000um_base3621_v1/rate1x/v913_paper_peak01_0242980_persistent_sites/T600K_th0_seed4630/steps_0600K.csv,6c78ce302d54db196702d0c1c2fe724f9db34635ea51a26629b2746ea95f31d9,/Volumes/Data/Data/Nanopillar_calculation/PF-fracture-fatigue_v10_2_21_persistent_sites_top1/runs/1_final_v10_2_30_theta0_rate_extremes_four_class_1000um_base3621_v1/rate1x/v913_paper_peak01_0242980_persistent_sites/T600K_th0_seed4630/anisotropic_emission_audit_v10174.json,ea0cda6106f6c2e65e580a3209fefe6bdba1a082fc244b17ba658ac2bf256396,ARCHIVED_SCALAR_STATE_ONLY
Peak,R_FINALIST,oneD_v2_peak_R_41f8789bcbc1f097,900.0,8666,CANONICAL_FINALIST_SEED,True,0,0,246,2009.7141805034223,4.78503376310336e-05,10423710.79887634,14845.635978025757,81.26809861853147,0.0,2.2973400956249024,2.2973400956249024,2.2973400956249024,15.372344298438813,0.14518176723576462,8.276883502064923,15879.829476466355,11351.504646163736,31805.321045347733,-1.2746077894275314,2.4787192283224613,5.9017124483858735e-08,False,False,PF_MODEL_NATIVE_DRIVING_TRAJECTORY_NOT_RESISTANCE,/private/tmp/oneD-v2-peak-dbtt-R-pf-runs/Peak_R/T900K_seed8666/steps_0900K.csv,095a14cb0f5897969dcc915d0d6696c652dd9ba577d1fc5481eafda9b5920b28,/private/tmp/oneD-v2-peak-dbtt-R-pf-runs/Peak_R/T900K_seed8666/anisotropic_emission_audit_v10174.json,b09bb5d83d49287c78a10fadf25aeb40523c7ee0af1cf55db21578c22999793d,FULL_PERSISTENT_SITE_OBSERVER
Peak,R_FINALIST,oneD_v2_peak_R_41f8789bcbc1f097,900.0,8666,CANONICAL_FINALIST_SEED,True,1,0,258,2012.1928997317448,4.790935475551746e-05,10436320.249027068,15305.420023125884,82.51697932309237,2.2973400956249024,4.594680191249805,2.2973400956249024,2.2973400956249024,15.21498536054822,0.14694637017339715,8.177468848407255,15127.032449995717,11156.951772047552,31862.36466340848,-1.2517450987558947,1.722280711356234,4.100668360373873e-08,False,False,PF_MODEL_NATIVE_DRIVING_TRAJECTORY_NOT_RESISTANCE,/private/tmp/oneD-v2-peak-dbtt-R-pf-runs/Peak_R/T900K_seed8666/steps_0900K.csv,095a14cb0f5897969dcc915d0d6696c652dd9ba577d1fc5481eafda9b5920b28,/private/tmp/oneD-v2-peak-dbtt-R-pf-runs/Peak_R/T900K_seed8666/anisotropic_emission_audit_v10174.json,b09bb5d83d49287c78a10fadf25aeb40523c7ee0af1cf55db21578c22999793d,FULL_PERSISTENT_SITE_OBSERVER
Peak,R_FINALIST,oneD_v2_peak_R_41f8789bcbc1f097,900.0,8666,CANONICAL_FINALIST_SEED,True,2,0,271,2013.915180443101,4.79503614391212e-05,10444938.30894766,15756.396754062653,83.72384197870147,4.594680191249805,6.892020286874707,2.2973400956249024,2.2973400956249024,15.556063250295916,0.14617638394758575,8.220552697184132,15439.477648616092,11225.364204234951,32405.93203560673,-1.2584789018773264,2.77625093844199,6.61012128200624e-08,False,False,PF_MODEL_NATIVE_DRIVING_TRAJECTORY_NOT_RESISTANCE,/private/tmp/oneD-v2-peak-dbtt-R-pf-runs/Peak_R/T900K_seed8666/steps_0900K.csv,095a14cb0f5897969dcc915d0d6696c652dd9ba577d1fc5481eafda9b5920b28,/private/tmp/oneD-v2-peak-dbtt-R-pf-runs/Peak_R/T900K_seed8666/anisotropic_emission_audit_v10174.json,b09bb5d83d49287c78a10fadf25aeb40523c7ee0af1cf55db21578c22999793d,FULL_PERSISTENT_SITE_OBSERVER
Peak,R_FINALIST,oneD_v2_peak_R_41f8789bcbc1f097,900.0,8666,CANONICAL_FINALIST_SEED,True,3,0,285,2016.691431381543,4.801646265194126e-05,10458775.113170136,16363.675679230528,85.32201964391145,6.892020286874707,9.18936038249961,2.2973400956249024,2.2973400956249024,16.391922890598874,0.14227850831703145,8.445811600766753,16325.329214222895,11762.611097346751,33236.616648561896,-1.3175627760503148,0.13758144187704602,3.275748616120061e-09,False,False,PF_MODEL_NATIVE_DRIVING_TRAJECTORY_NOT_RESISTANCE,/private/tmp/oneD-v2-peak-dbtt-R-pf-runs/Peak_R/T900K_seed8666/steps_0900K.csv,095a14cb0f5897969dcc915d0d6696c652dd9ba577d1fc5481eafda9b5920b28,/private/tmp/oneD-v2-peak-dbtt-R-pf-runs/Peak_R/T900K_seed8666/anisotropic_emission_audit_v10174.json,b09bb5d83d49287c78a10fadf25aeb40523c7ee0af1cf55db21578c22999793d,FULL_PERSISTENT_SITE_OBSERVER
Peak,R_FINALIST,oneD_v2_peak_R_41f8789bcbc1f097,900.0,8666,CANONICAL_FINALIST_SEED,True,4,0,286,2016.82901282342,4.801973840055738e-05,10458562.182547024,17126.047615254512,87.2869400212853,9.18936038249961,14.507867693188759,5.31850731068915,5.31850731068915,2.812311475176925,0.41431186223579486,2.8981352436125354,282.51537499795336,3036.275157865167,16604.98122994161,-0.4278491309447653,3.360000846441835e-07,8.000002570118792e-15,False,False,PF_MODEL_NATIVE_DRIVING_TRAJECTORY_NOT_RESISTANCE,/private/tmp/oneD-v2-peak-dbtt-R-pf-runs/Peak_R/T900K_seed8666/steps_0900K.csv,095a14cb0f5897969dcc915d0d6696c652dd9ba577d1fc5481eafda9b5920b28,/private/tmp/oneD-v2-peak-dbtt-R-pf-runs/Peak_R/T900K_seed8666/anisotropic_emission_audit_v10174.json,b09bb5d83d49287c78a10fadf25aeb40523c7ee0af1cf55db21578c22999793d,FULL_PERSISTENT_SITE_OBSERVER
Peak,R_FINALIST,oneD_v2_peak_R_41f8789bcbc1f097,900.0,8666,CANONICAL_FINALIST_SEED,True,5,0,290,2016.8290131594201,4.8019738408557385e-05,10454951.847988432,19411.801155274195,92.92950253304895,14.507867693188759,16.80520778881366,2.2973400956249024,2.2973400956249024,2.497986430368831,0.4556329432230233,2.634030190627748,55.945419283531294,2703.479077911804,16220.072611216603,-0.3953005845576069,5.040001269662753e-07,1.2000003855178187e-14,False,False,PF_MODEL_NATIVE_DRIVING_TRAJECTORY_NOT_RESISTANCE,/private/tmp/oneD-v2-peak-dbtt-R-pf-runs/Peak_R/T900K_seed8666/steps_0900K.csv,095a14cb0f5897969dcc915d0d6696c652dd9ba577d1fc5481eafda9b5920b28,/private/tmp/oneD-v2-peak-dbtt-R-pf-runs/Peak_R/T900K_seed8666/anisotropic_emission_audit_v10174.json,b09bb5d83d49287c78a10fadf25aeb40523c7ee0af1cf55db21578c22999793d,FULL_PERSISTENT_SITE_OBSERVER
Peak,R_FINALIST,oneD_v2_peak_R_41f8789bcbc1f097,900.0,8666,CANONICAL_FINALIST_SEED,True,6,0,296,2016.8290136634203,4.801973842055739e-05,10454951.8506011,19425.90978975503,92.9632673091524,16.80520778881366,19.102547884438565,2.2973400956249024,2.2973400956249024,2.855279273146504,0.40954733003803034,2.930992841211034,165.55871235118255,3233.760503960357,16664.80721622711,-0.46453784642069174,6.72000169288367e-07,1.6000005140237583e-14,False,False,PF_MODEL_NATIVE_DRIVING_TRAJECTORY_NOT_RESISTANCE,/private/tmp/oneD-v2-peak-dbtt-R-pf-runs/Peak_R/T900K_seed8666/steps_0900K.csv,095a14cb0f5897969dcc915d0d6696c652dd9ba577d1fc5481eafda9b5920b28,/private/tmp/oneD-v2-peak-dbtt-R-pf-runs/Peak_R/T900K_seed8666/anisotropic_emission_audit_v10174.json,b09bb5d83d49287c78a10fadf25aeb40523c7ee0af1cf55db21578c22999793d,FULL_PERSISTENT_SITE_OBSERVER
Peak,R_FINALIST,oneD_v2_peak_R_41f8789bcbc1f097,900.0,8666,CANONICAL_FINALIST_SEED,True,7,0,304,2016.8290143354204,4.8019738436557394e-05,10451809.375195649,20975.28661741968,96.59944857389658,19.102547884438565,21.9809590141333,2.8784111296947366,2.8784111296947366,2.5147442996205047,0.45310350199789196,2.6495137533516404,13.408127970657127,2752.812492469393,16238.236166633655,-0.4052058108030131,3.360000846441835e-07,7.999995793855214e-15,False,False,PF_MODEL_NATIVE_DRIVING_TRAJECTORY_NOT_RESISTANCE,/private/tmp/oneD-v2-peak-dbtt-R-pf-runs/Peak_R/T900K_seed8666/steps_0900K.csv,095a14cb0f5897969dcc915d0d6696c652dd9ba577d1fc5481eafda9b5920b28,/private/tmp/oneD-v2-peak-dbtt-R-pf-runs/Peak_R/T900K_seed8666/anisotropic_emission_audit_v10174.json,b09bb5d83d49287c78a10fadf25aeb40523c7ee0af1cf55db21578c22999793d,FULL_PERSISTENT_SITE_OBSERVER
Peak,R_FINALIST,oneD_v2_peak_R_41f8789bcbc1f097,900.0,8666,CANONICAL_FINALIST_SEED,True,8,0,308,2016.8290146714205,4.801973844455739e-05,10425868.490754383,24417.203619799693,104.22422099644305,21.9809590141333,24.278299109758198,2.297340095624899,2.2973400956249024,2.597481761341502,0.4412700897472978,2.7206758496611902,5.92426537851523,2930.2691867223352,16334.453165856417,-0.4315535238563764,3.07513482766808e-06,7.321748730308025e-14,False,False,PF_MODEL_NATIVE_DRIVING_TRAJECTORY_NOT_RESISTANCE,/private/tmp/oneD-v2-peak-dbtt-R-pf-runs/Peak_R/T900K_seed8666/steps_0900K.csv,095a14cb0f5897969dcc915d0d6696c652dd9ba577d1fc5481eafda9b5920b28,/private/tmp/oneD-v2-peak-dbtt-R-pf-runs/Peak_R/T900K_seed8666/anisotropic_emission_audit_v10174.json,b09bb5d83d49287c78a10fadf25aeb40523c7ee0af1cf55db21578c22999793d,FULL_PERSISTENT_SITE_OBSERVER
Peak,R_FINALIST,oneD_v2_peak_R_41f8789bcbc1f097,900.0,8666,CANONICAL_FINALIST_SEED,True,9,0,318,2016.8290177465553,4.801973851777488e-05,10423794.695113968,24967.698073247775,105.39255843622067,24.278299109758198,37.596235373684394,13.317936263926194,13.31793626392619,2.8749247839842016,0.40739511219932445,2.947266212070847,6.832915895645078,3465.6333473380755,16691.290017480642,-0.509524319584475,2.192880401707953e-06,5.221145645819755e-14,False,False,PF_MODEL_NATIVE_DRIVING_TRAJECTORY_NOT_RESISTANCE,/private/tmp/oneD-v2-peak-dbtt-R-pf-runs/Peak_R/T900K_seed8666/steps_0900K.csv,095a14cb0f5897969dcc915d0d6696c652dd9ba577d1fc5481eafda9b5920b28,/private/tmp/oneD-v2-peak-dbtt-R-pf-runs/Peak_R/T900K_seed8666/anisotropic_emission_audit_v10174.json,b09bb5d83d49287c78a10fadf25aeb40523c7ee0af1cf55db21578c22999793d,FULL_PERSISTENT_SITE_OBSERVER
Peak,R_FINALIST,oneD_v2_peak_R_41f8789bcbc1f097,900.0,8666,CANONICAL_FINALIST_SEED,True,10,0,328,2016.8290199394357,4.8019738569986333e-05,10406791.364020495,28857.375866721584,113.30500998600867,37.596235373684394,47.19203139289072,9.595796019206325,9.595796019206324,2.7151989081123,0.4259112290924353,2.8141812352674362,0.14594968176447115,3127.6343174062467,16480.42256180412,-0.46048336155111375,2.9109514798619784e-06,6.930836926512945e-14,False,False,PF_MODEL_NATIVE_DRIVING_TRAJECTORY_NOT_RESISTANCE,/private/tmp/oneD-v2-peak-dbtt-R-pf-runs/Peak_R/T900K_seed8666/steps_0900K.csv,095a14cb0f5897969dcc915d0d6696c652dd9ba577d1fc5481eafda9b5920b28,/private/tmp/oneD-v2-peak-dbtt-R-pf-runs/Peak_R/T900K_seed8666/anisotropic_emission_audit_v10174.json,b09bb5d83d49287c78a10fadf25aeb40523c7ee0af1cf55db21578c22999793d,FULL_PERSISTENT_SITE_OBSERVER
Peak,R_FINALIST,oneD_v2_peak_R_41f8789bcbc1f097,900.0,8666,CANONICAL_FINALIST_SEED,True,11,0,338,2016.8290228503872,4.80197386392947e-05,10471968.212714976,17322.815071448164,87.7869438104206,47.19203139289072,59.93002512708252,12.7379937341918,12.7379937341918,2.1051434312798767,0.5303298073647279,2.262677476317507,8.136231554545354,1995.310077888942,15910.188716535335,-0.29298782899418496,5.040001269662753e-07,1.2000003855178187e-14,False,False,PF_MODEL_NATIVE_DRIVING_TRAJECTORY_NOT_RESISTANCE,/private/tmp/oneD-v2-peak-dbtt-R-pf-runs/Peak_R/T900K_seed8666/steps_0900K.csv,095a14cb0f5897969dcc915d0d6696c652dd9ba577d1fc5481eafda9b5920b28,/private/tmp/oneD-v2-peak-dbtt-R-pf-runs/Peak_R/T900K_seed8666/anisotropic_emission_audit_v10174.json,b09bb5d83d49287c78a10fadf25aeb40523c7ee0af1cf55db21578c22999793d,FULL_PERSISTENT_SITE_OBSERVER
Peak,R_FINALIST,oneD_v2_peak_R_41f8789bcbc1f097,900.0,8666,CANONICAL_FINALIST_SEED,True,12,0,344,2016.8290233543873,4.8019738651294707e-05,10461216.99075024,17944.562963545526,89.3484737190155,59.93002512708252,62.22736522270742,2.2973400956249024,2.2973400956249024,2.5104906112693453,0.4538488275511154,2.645058984215823,87.23442135716901,2668.221919963664,16237.434853175766,-0.38639178805807056,8.400002116104588e-08,2.000000642529698e-15,False,False,PF_MODEL_NATIVE_DRIVING_TRAJECTORY_NOT_RESISTANCE,/private/tmp/oneD-v2-peak-dbtt-R-pf-runs/Peak_R/T900K_seed8666/steps_0900K.csv,095a14cb0f5897969dcc915d0d6696c652dd9ba577d1fc5481eafda9b5920b28,/private/tmp/oneD-v2-peak-dbtt-R-pf-runs/Peak_R/T900K_seed8666/anisotropic_emission_audit_v10174.json,b09bb5d83d49287c78a10fadf25aeb40523c7ee0af1cf55db21578c22999793d,FULL_PERSISTENT_SITE_OBSERVER
Peak,R_FINALIST,oneD_v2_peak_R_41f8789bcbc1f097,900.0,8666,CANONICAL_FINALIST_SEED,True,13,0,345,2016.8290234383874,4.801973865329471e-05,10457769.363183597,18032.43775526319,89.5669769446519,62.22736522270742,64.52470531833232,2.2973400956249024,2.2973400956249024,1.5063098681601659,0.7819415934053341,1.5320951110734073,7.084630974155635,869.2990795377949,16785.575602510875,-0.12500455188413095,1.8934872514364542e-06,4.508304401453986e-14,False,False,PF_MODEL_NATIVE_DRIVING_TRAJECTORY_NOT_RESISTANCE,/private/tmp/oneD-v2-peak-dbtt-R-pf-runs/Peak_R/T900K_seed8666/steps_0900K.csv,095a14cb0f5897969dcc915d0d6696c652dd9ba577d1fc5481eafda9b5920b28,/private/tmp/oneD-v2-peak-dbtt-R-pf-runs/Peak_R/T900K_seed8666/anisotropic_emission_audit_v10174.json,b09bb5d83d49287c78a10fadf25aeb40523c7ee0af1cf55db21578c22999793d,FULL_PERSISTENT_SITE_OBSERVER
Peak,R_FINALIST,oneD_v2_peak_R_41f8789bcbc1f097,900.0,8666,CANONICAL_FINALIST_SEED,True,14,0,355,2016.8290253318746,4.801973869837775e-05,10457769.373001816,18143.98381702744,89.84357406372418,64.52470531833232,72.91419034841714,8.389485030084812,8.389485030084812,2.3795173599587556,0.4748016552139948,2.5282046095162394,35.57655726625218,2508.6642735668756,16100.846296052394,-0.3665130466513755,1.7508523342257831e-06,4.168696366834562e-14,False,False,PF_MODEL_NATIVE_DRIVING_TRAJECTORY_NOT_RESISTANCE,/private/tmp/oneD-v2-peak-dbtt-R-pf-runs/Peak_R/T900K_seed8666/steps_0900K.csv,095a14cb0f5897969dcc915d0d6696c652dd9ba577d1fc5481eafda9b5920b28,/private/tmp/oneD-v2-peak-dbtt-R-pf-runs/Peak_R/T900K_seed8666/anisotropic_emission_audit_v10174.json,b09bb5d83d49287c78a10fadf25aeb40523c7ee0af1cf55db21578c22999793d,FULL_PERSISTENT_SITE_OBSERVER
Peak,R_FINALIST,oneD_v2_peak_R_41f8789bcbc1f097,900.0,8666,CANONICAL_FINALIST_SEED,True,15,0,365,2016.829027082727,4.8019738740064715e-05,10360537.9106761,19045.000438884366,92.04732858004316,72.91419034841714,80.57571727409683,7.661526925679691,7.661526925679691,2.3600548071164793,0.478179839253955,2.509141429543701,16.507091978116755,2460.897168280923,16082.773756058532,-0.36106639435908644,1.1971928870480042e-06,2.8504623791544836e-14,False,False,PF_MODEL_NATIVE_DRIVING_TRAJECTORY_NOT_RESISTANCE,/private/tmp/oneD-v2-peak-dbtt-R-pf-runs/Peak_R/T900K_seed8666/steps_0900K.csv,095a14cb0f5897969dcc915d0d6696c652dd9ba577d1fc5481eafda9b5920b28,/private/tmp/oneD-v2-peak-dbtt-R-pf-runs/Peak_R/T900K_seed8666/anisotropic_emission_audit_v10174.json,b09bb5d83d49287c78a10fadf25aeb40523c7ee0af1cf55db21578c22999793d,FULL_PERSISTENT_SITE_OBSERVER
Peak,R_FINALIST,oneD_v2_peak_R_41f8789bcbc1f097,900.0,8666,CANONICAL_FINALIST_SEED,True,16,0,375,2016.8290282799198,4.801973876856934e-05,10356283.64606565,18624.59660657059,91.02572210142752,80.57571727409683,85.8144981030469,5.238780828950074,5.238780828950074,2.520736024495768,0.4522697910936782,2.653395407800483,56.54292720273495,2762.428784148653,16246.976441862098,-0.40248329070126143,2.5200006348313764e-07,6.000008703852672e-15,False,False,PF_MODEL_NATIVE_DRIVING_TRAJECTORY_NOT_RESISTANCE,/private/tmp/oneD-v2-peak-dbtt-R-pf-runs/Peak_R/T900K_seed8666/steps_0900K.csv,095a14cb0f5897969dcc915d0d6696c652dd9ba577d1fc5481eafda9b5920b28,/private/tmp/oneD-v2-peak-dbtt-R-pf-runs/Peak_R/T900K_seed8666/anisotropic_emission_audit_v10174.json,b09bb5d83d49287c78a10fadf25aeb40523c7ee0af1cf55db21578c22999793d,FULL_PERSISTENT_SITE_OBSERVER
Peak,R_FINALIST,oneD_v2_peak_R_41f8789bcbc1f097,900.0,8666,CANONICAL_FINALIST_SEED,True,17,0,378,2016.82902853192,4.801973877456935e-05,10351799.997573275,18558.780463236624,90.86474508186511,85.8144981030469,88.1118381986718,2.2973400956249024,2.2973400956249024,2.647949216112133,0.4345344978550968,2.7623493539923145,175.30512519202898,2846.3616250853406,16397.64631989641,-0.4073886753297118,1.4481133803201374e-06,3.447890979885529e-14,False,False,PF_MODEL_NATIVE_DRIVING_TRAJECTORY_NOT_RESISTANCE,/private/tmp/oneD-v2-peak-dbtt-R-pf-runs/Peak_R/T900K_seed8666/steps_0900K.csv,095a14cb0f5897969dcc915d0d6696c652dd9ba577d1fc5481eafda9b5920b28,/private/tmp/oneD-v2-peak-dbtt-R-pf-runs/Peak_R/T900K_seed8666/anisotropic_emission_audit_v10174.json,b09bb5d83d49287c78a10fadf25aeb40523c7ee0af1cf55db21578c22999793d,FULL_PERSISTENT_SITE_OBSERVER
Peak,R_FINALIST,oneD_v2_peak_R_41f8789bcbc1f097,900.0,8666,CANONICAL_FINALIST_SEED,True,18,0,388,2016.8290299800333,4.801973880904826e-05,10348739.206936492,18695.849554467342,91.19967646153108,88.1118381986718,94.44861849005173,6.3367802913799185,6.3367802913799185,2.331619246448166,0.48324127102250375,2.4828413211714193,18.51990753978911,2423.9596117356505,16057.179110288094,-0.35551243559793694,4.200001058052294e-07,9.999996436384911e-15,False,False,PF_MODEL_NATIVE_DRIVING_TRAJECTORY_NOT_RESISTANCE,/private/tmp/oneD-v2-peak-dbtt-R-pf-runs/Peak_R/T900K_seed8666/steps_0900K.csv,095a14cb0f5897969dcc915d0d6696c652dd9ba577d1fc5481eafda9b5920b28,/private/tmp/oneD-v2-peak-dbtt-R-pf-runs/Peak_R/T900K_seed8666/anisotropic_emission_audit_v10174.json,b09bb5d83d49287c78a10fadf25aeb40523c7ee0af1cf55db21578c22999793d,FULL_PERSISTENT_SITE_OBSERVER
Peak,R_FINALIST,oneD_v2_peak_R_41f8789bcbc1f097,900.0,8666,CANONICAL_FINALIST_SEED,True,19,0,393,2016.8290304000334,4.8019738819048254e-05,10373445.177519044,22585.495959724947,100.23871974912491,94.44861849005173,96.74569264369183,2.2970741536401054,2.2970741536401054,2.47793446612225,0.458748097960386,2.6148127872863824,6.021046383828319,2700.8780085823005,16199.876185537149,-0.39781248624318366,4.200001058052294e-07,1.0000009988912067e-14,False,False,PF_MODEL_NATIVE_DRIVING_TRAJECTORY_NOT_RESISTANCE,/private/tmp/oneD-v2-peak-dbtt-R-pf-runs/Peak_R/T900K_seed8666/steps_0900K.csv,095a14cb0f5897969dcc915d0d6696c652dd9ba577d1fc5481eafda9b5920b28,/private/tmp/oneD-v2-peak-dbtt-R-pf-runs/Peak_R/T900K_seed8666/anisotropic_emission_audit_v10174.json,b09bb5d83d49287c78a10fadf25aeb40523c7ee0af1cf55db21578c22999793d,FULL_PERSISTENT_SITE_OBSERVER
Peak,R_FINALIST,oneD_v2_peak_R_41f8789bcbc1f097,900.0,8666,CANONICAL_FINALIST_SEED,True,20,0,398,2016.8290308200335,4.8019738829048264e-05,10371633.406186787,22518.117224803824,100.0890882578697,96.74569264369183,99.04276679733192,2.297074153640092,2.2970741536401054,2.574615289428763,0.4444901064989027,2.6989648318039174,12.779653022988736,2871.8265002140097,16308.801435286132,-0.4225980634053105,1.1987503967247903e-06,2.8541689953316685e-14,False,False,PF_MODEL_NATIVE_DRIVING_TRAJECTORY_NOT_RESISTANCE,/private/tmp/oneD-v2-peak-dbtt-R-pf-runs/Peak_R/T900K_seed8666/steps_0900K.csv,095a14cb0f5897969dcc915d0d6696c652dd9ba577d1fc5481eafda9b5920b28,/private/tmp/oneD-v2-peak-dbtt-R-pf-runs/Peak_R/T900K_seed8666/anisotropic_emission_audit_v10174.json,b09bb5d83d49287c78a10fadf25aeb40523c7ee0af1cf55db21578c22999793d,FULL_PERSISTENT_SITE_OBSERVER
Peak,R_FINALIST,oneD_v2_peak_R_41f8789bcbc1f097,900.0,8666,CANONICAL_FINALIST_SEED,True,21,0,408,2016.829032018784,4.8019738857589954e-05,10369789.638651224,22440.39488501733,99.9162078569332,99.04276679733192,104.28775434413835,5.244987546806435,5.244987546806435,2.6249255148647315,0.43755466094255036,2.743134651035231,8.00504804119659,3003.7950107980023,16368.048416126903,-0.4416183211786192,,,False,True,PF_MODEL_NATIVE_DRIVING_TRAJECTORY_NOT_RESISTANCE,/private/tmp/oneD-v2-peak-dbtt-R-pf-runs/Peak_R/T900K_seed8666/steps_0900K.csv,095a14cb0f5897969dcc915d0d6696c652dd9ba577d1fc5481eafda9b5920b28,/private/tmp/oneD-v2-peak-dbtt-R-pf-runs/Peak_R/T900K_seed8666/anisotropic_emission_audit_v10174.json,b09bb5d83d49287c78a10fadf25aeb40523c7ee0af1cf55db21578c22999793d,FULL_PERSISTENT_SITE_OBSERVER
Peak,CONTROL,v913_zeroD_sobol_0242980,900.0,6648,AUTHORITATIVE_TEMPERATURE_SWEEP_SEED_NOT_PAIRED,False,0,0,167,1402.8000000000022,3.340000000000007e-05,7275851.287968224,7233.054340401603,56.72592145093967,0.0,10.756024230600492,10.756024230600492,10.756024230600492,,,0.05176653801562776,0.26815083609747203,0.8097713575987407,,-0.00010431354025824846,4.200001058052294e-07,1.000000321264849e-14,False,False,PF_MODEL_NATIVE_DRIVING_TRAJECTORY_NOT_RESISTANCE,/Volumes/Data/Data/Nanopillar_calculation/PF-fracture-fatigue_v10_2_21_persistent_sites_top1/runs/1_final_v10_2_30_theta0_rate_extremes_four_class_1000um_base3621_v1/rate1x/v913_paper_peak01_0242980_persistent_sites/T900K_th0_seed6648/steps_0900K.csv,f1211300ce9dd73eae9356b28bef6951920eb56477499a905f4133014513cc9d,/Volumes/Data/Data/Nanopillar_calculation/PF-fracture-fatigue_v10_2_21_persistent_sites_top1/runs/1_final_v10_2_30_theta0_rate_extremes_four_class_1000um_base3621_v1/rate1x/v913_paper_peak01_0242980_persistent_sites/T900K_th0_seed6648/anisotropic_emission_audit_v10174.json,d50f34bbb76546af5ee20d17836dfd4776f939c1ca5ac6c42c71a2ce697eb6f7,ARCHIVED_SCALAR_STATE_ONLY
Peak,CONTROL,v913_zeroD_sobol_0242980,900.0,6648,AUTHORITATIVE_TEMPERATURE_SWEEP_SEED_NOT_PAIRED,False,1,0,172,1402.8000004200023,3.3400000010000076e-05,7273418.438896857,8762.914538170377,62.43742493052654,10.756024230600492,13.053364326225395,2.297340095624904,2.2973400956249024,,,0.03664145867009533,0.060043529286311056,0.44109097154136,,-5.952557039467707e-05,1.5658065422030631e-06,3.7281104852543434e-14,False,False,PF_MODEL_NATIVE_DRIVING_TRAJECTORY_NOT_RESISTANCE,/Volumes/Data/Data/Nanopillar_calculation/PF-fracture-fatigue_v10_2_21_persistent_sites_top1/runs/1_final_v10_2_30_theta0_rate_extremes_four_class_1000um_base3621_v1/rate1x/v913_paper_peak01_0242980_persistent_sites/T900K_th0_seed6648/steps_0900K.csv,f1211300ce9dd73eae9356b28bef6951920eb56477499a905f4133014513cc9d,/Volumes/Data/Data/Nanopillar_calculation/PF-fracture-fatigue_v10_2_21_persistent_sites_top1/runs/1_final_v10_2_30_theta0_rate_extremes_four_class_1000um_base3621_v1/rate1x/v913_paper_peak01_0242980_persistent_sites/T900K_th0_seed6648/anisotropic_emission_audit_v10174.json,d50f34bbb76546af5ee20d17836dfd4776f939c1ca5ac6c42c71a2ce697eb6f7,ARCHIVED_SCALAR_STATE_ONLY
Peak,CONTROL,v913_zeroD_sobol_0242980,900.0,6648,AUTHORITATIVE_TEMPERATURE_SWEEP_SEED_NOT_PAIRED,False,2,0,182,1402.8000019858089,3.340000004728118e-05,7273418.447015451,8783.073090573247,62.50920042641993,13.053364326225395,19.905154098151304,6.851789771925906,6.85178977192591,,,0.06154304115871717,0.19069690009809112,1.3374355236642108,,-0.0001821561359370739,1.8010723579209298e-06,4.288270313932557e-14,False,False,PF_MODEL_NATIVE_DRIVING_TRAJECTORY_NOT_RESISTANCE,/Volumes/Data/Data/Nanopillar_calculation/PF-fracture-fatigue_v10_2_21_persistent_sites_top1/runs/1_final_v10_2_30_theta0_rate_extremes_four_class_1000um_base3621_v1/rate1x/v913_paper_peak01_0242980_persistent_sites/T900K_th0_seed6648/steps_0900K.csv,f1211300ce9dd73eae9356b28bef6951920eb56477499a905f4133014513cc9d,/Volumes/Data/Data/Nanopillar_calculation/PF-fracture-fatigue_v10_2_21_persistent_sites_top1/runs/1_final_v10_2_30_theta0_rate_extremes_four_class_1000um_base3621_v1/rate1x/v913_paper_peak01_0242980_persistent_sites/T900K_th0_seed6648/anisotropic_emission_audit_v10174.json,d50f34bbb76546af5ee20d17836dfd4776f939c1ca5ac6c42c71a2ce697eb6f7,ARCHIVED_SCALAR_STATE_ONLY
Peak,CONTROL,v913_zeroD_sobol_0242980,900.0,6648,AUTHORITATIVE_TEMPERATURE_SWEEP_SEED_NOT_PAIRED,False,3,0,192,1402.8000037868812,3.3400000090163884e-05,7269727.93771296,10148.045071298367,67.19112134323603,19.905154098151304,27.786444721991458,7.881290623840156,7.881290623840153,,,0.03503633781699258,0.02578502452592293,0.4683878897277291,,-6.482832714653015e-05,8.491088010487147e-07,2.021691462242986e-14,False,False,PF_MODEL_NATIVE_DRIVING_TRAJECTORY_NOT_RESISTANCE,/Volumes/Data/Data/Nanopillar_calculation/PF-fracture-fatigue_v10_2_21_persistent_sites_top1/runs/1_final_v10_2_30_theta0_rate_extremes_four_class_1000um_base3621_v1/rate1x/v913_paper_peak01_0242980_persistent_sites/T900K_th0_seed6648/steps_0900K.csv,f1211300ce9dd73eae9356b28bef6951920eb56477499a905f4133014513cc9d,/Volumes/Data/Data/Nanopillar_calculation/PF-fracture-fatigue_v10_2_21_persistent_sites_top1/runs/1_final_v10_2_30_theta0_rate_extremes_four_class_1000um_base3621_v1/rate1x/v913_paper_peak01_0242980_persistent_sites/T900K_th0_seed6648/anisotropic_emission_audit_v10174.json,d50f34bbb76546af5ee20d17836dfd4776f939c1ca5ac6c42c71a2ce697eb6f7,ARCHIVED_SCALAR_STATE_ONLY
Peak,CONTROL,v913_zeroD_sobol_0242980,900.0,6648,AUTHORITATIVE_TEMPERATURE_SWEEP_SEED_NOT_PAIRED,False,4,0,202,1402.80000463599,3.34000001103808e-05,7261106.55318929,10897.984853516176,69.62958316644725,27.786444721991458,31.502052548705606,3.715607826714146,3.7156078267141455,,,0.04132645555810301,0.02180954719467014,0.6634701277068722,,-9.238209209448819e-05,1.4083093446970452e-06,3.3531188351094976e-14,False,False,PF_MODEL_NATIVE_DRIVING_TRAJECTORY_NOT_RESISTANCE,/Volumes/Data/Data/Nanopillar_calculation/PF-fracture-fatigue_v10_2_21_persistent_sites_top1/runs/1_final_v10_2_30_theta0_rate_extremes_four_class_1000um_base3621_v1/rate1x/v913_paper_peak01_0242980_persistent_sites/T900K_th0_seed6648/steps_0900K.csv,f1211300ce9dd73eae9356b28bef6951920eb56477499a905f4133014513cc9d,/Volumes/Data/Data/Nanopillar_calculation/PF-fracture-fatigue_v10_2_21_persistent_sites_top1/runs/1_final_v10_2_30_theta0_rate_extremes_four_class_1000um_base3621_v1/rate1x/v913_paper_peak01_0242980_persistent_sites/T900K_th0_seed6648/anisotropic_emission_audit_v10174.json,d50f34bbb76546af5ee20d17836dfd4776f939c1ca5ac6c42c71a2ce697eb6f7,ARCHIVED_SCALAR_STATE_ONLY
Peak,CONTROL,v913_zeroD_sobol_0242980,900.0,6648,AUTHORITATIVE_TEMPERATURE_SWEEP_SEED_NOT_PAIRED,False,5,0,212,1402.8000060442994,3.340000014391199e-05,7258582.539314577,11031.66580569424,70.05533976581216,31.502052548705606,37.66465730048409,6.16260475177848,6.16260475177848,,,0.038835757654792934,0.015685221675135023,0.5892371308036262,,-8.012454184793301e-05,1.3551789379562251e-06,3.2266195466347514e-14,False,False,PF_MODEL_NATIVE_DRIVING_TRAJECTORY_NOT_RESISTANCE,/Volumes/Data/Data/Nanopillar_calculation/PF-fracture-fatigue_v10_2_21_persistent_sites_top1/runs/1_final_v10_2_30_theta0_rate_extremes_four_class_1000um_base3621_v1/rate1x/v913_paper_peak01_0242980_persistent_sites/T900K_th0_seed6648/steps_0900K.csv,f1211300ce9dd73eae9356b28bef6951920eb56477499a905f4133014513cc9d,/Volumes/Data/Data/Nanopillar_calculation/PF-fracture-fatigue_v10_2_21_persistent_sites_top1/runs/1_final_v10_2_30_theta0_rate_extremes_four_class_1000um_base3621_v1/rate1x/v913_paper_peak01_0242980_persistent_sites/T900K_th0_seed6648/anisotropic_emission_audit_v10174.json,d50f34bbb76546af5ee20d17836dfd4776f939c1ca5ac6c42c71a2ce697eb6f7,ARCHIVED_SCALAR_STATE_ONLY
Peak,CONTROL,v913_zeroD_sobol_0242980,900.0,6648,AUTHORITATIVE_TEMPERATURE_SWEEP_SEED_NOT_PAIRED,False,6,0,222,1402.8000073994783,3.340000017617818e-05,7255076.518316835,11102.809826545768,70.28087273937025,37.66465730048409,43.5947655179845,5.93010821750041,5.93010821750041,,,0.05035986853326047,0.024903466931909334,0.9922439792322173,,-0.00013139351239293404,1.6800004232209176e-07,4.000001285059396e-15,False,False,PF_MODEL_NATIVE_DRIVING_TRAJECTORY_NOT_RESISTANCE,/Volumes/Data/Data/Nanopillar_calculation/PF-fracture-fatigue_v10_2_21_persistent_sites_top1/runs/1_final_v10_2_30_theta0_rate_extremes_four_class_1000um_base3621_v1/rate1x/v913_paper_peak01_0242980_persistent_sites/T900K_th0_seed6648/steps_0900K.csv,f1211300ce9dd73eae9356b28bef6951920eb56477499a905f4133014513cc9d,/Volumes/Data/Data/Nanopillar_calculation/PF-fracture-fatigue_v10_2_21_persistent_sites_top1/runs/1_final_v10_2_30_theta0_rate_extremes_four_class_1000um_base3621_v1/rate1x/v913_paper_peak01_0242980_persistent_sites/T900K_th0_seed6648/anisotropic_emission_audit_v10174.json,d50f34bbb76546af5ee20d17836dfd4776f939c1ca5ac6c42c71a2ce697eb6f7,ARCHIVED_SCALAR_STATE_ONLY
Peak,CONTROL,v913_zeroD_sobol_0242980,900.0,6648,AUTHORITATIVE_TEMPERATURE_SWEEP_SEED_NOT_PAIRED,False,7,0,224,1402.8000075674784,3.3400000180178184e-05,7249813.648942488,11245.637936032372,70.73147972541183,43.5947655179845,45.892105613609395,2.2973400956249024,2.2973400956249024,,,0.029416040899010346,0.01219341216917995,0.28922941420355763,,-3.561232187209747e-05,1.4579904927813914e-06,3.471405292127666e-14,False,False,PF_MODEL_NATIVE_DRIVING_TRAJECTORY_NOT_RESISTANCE,/Volumes/Data/Data/Nanopillar_calculation/PF-fracture-fatigue_v10_2_21_persistent_sites_top1/runs/1_final_v10_2_30_theta0_rate_extremes_four_class_1000um_base3621_v1/rate1x/v913_paper_peak01_0242980_persistent_sites/T900K_th0_seed6648/steps_0900K.csv,f1211300ce9dd73eae9356b28bef6951920eb56477499a905f4133014513cc9d,/Volumes/Data/Data/Nanopillar_calculation/PF-fracture-fatigue_v10_2_21_persistent_sites_top1/runs/1_final_v10_2_30_theta0_rate_extremes_four_class_1000um_base3621_v1/rate1x/v913_paper_peak01_0242980_persistent_sites/T900K_th0_seed6648/anisotropic_emission_audit_v10174.json,d50f34bbb76546af5ee20d17836dfd4776f939c1ca5ac6c42c71a2ce697eb6f7,ARCHIVED_SCALAR_STATE_ONLY
Peak,CONTROL,v913_zeroD_sobol_0242980,900.0,6648,AUTHORITATIVE_TEMPERATURE_SWEEP_SEED_NOT_PAIRED,False,8,0,234,1402.8000090254689,3.340000021489224e-05,7246219.541787257,11347.888909556848,71.0523150997288,45.892105613609395,52.27210343804276,6.379997824433365,6.379997824433365,,,0.03443699669168769,0.009248997620216077,0.46712372694472976,,-5.882350750895817e-05,1.333246473222971e-06,3.17439488323884e-14,False,False,PF_MODEL_NATIVE_DRIVING_TRAJECTORY_NOT_RESISTANCE,/Volumes/Data/Data/Nanopillar_calculation/PF-fracture-fatigue_v10_2_21_persistent_sites_top1/runs/1_final_v10_2_30_theta0_rate_extremes_four_class_1000um_base3621_v1/rate1x/v913_paper_peak01_0242980_persistent_sites/T900K_th0_seed6648/steps_0900K.csv,f1211300ce9dd73eae9356b28bef6951920eb56477499a905f4133014513cc9d,/Volumes/Data/Data/Nanopillar_calculation/PF-fracture-fatigue_v10_2_21_persistent_sites_top1/runs/1_final_v10_2_30_theta0_rate_extremes_four_class_1000um_base3621_v1/rate1x/v913_paper_peak01_0242980_persistent_sites/T900K_th0_seed6648/anisotropic_emission_audit_v10174.json,d50f34bbb76546af5ee20d17836dfd4776f939c1ca5ac6c42c71a2ce697eb6f7,ARCHIVED_SCALAR_STATE_ONLY
Peak,CONTROL,v913_zeroD_sobol_0242980,900.0,6648,AUTHORITATIVE_TEMPERATURE_SWEEP_SEED_NOT_PAIRED,False,9,0,244,1402.8000103587153,3.3400000246636186e-05,7296426.512229734,4427.5465788295005,44.38152946533496,52.27210343804276,58.106235826738384,5.83413238869562,5.834132388695626,,,0.010811164511918703,0.027163692050848898,0.019308605022344764,,-1.7317030974047816e-06,4.200001058052294e-07,1.000000321264849e-14,False,False,PF_MODEL_NATIVE_DRIVING_TRAJECTORY_NOT_RESISTANCE,/Volumes/Data/Data/Nanopillar_calculation/PF-fracture-fatigue_v10_2_21_persistent_sites_top1/runs/1_final_v10_2_30_theta0_rate_extremes_four_class_1000um_base3621_v1/rate1x/v913_paper_peak01_0242980_persistent_sites/T900K_th0_seed6648/steps_0900K.csv,f1211300ce9dd73eae9356b28bef6951920eb56477499a905f4133014513cc9d,/Volumes/Data/Data/Nanopillar_calculation/PF-fracture-fatigue_v10_2_21_persistent_sites_top1/runs/1_final_v10_2_30_theta0_rate_extremes_four_class_1000um_base3621_v1/rate1x/v913_paper_peak01_0242980_persistent_sites/T900K_th0_seed6648/anisotropic_emission_audit_v10174.json,d50f34bbb76546af5ee20d17836dfd4776f939c1ca5ac6c42c71a2ce697eb6f7,ARCHIVED_SCALAR_STATE_ONLY
Peak,CONTROL,v913_zeroD_sobol_0242980,900.0,6648,AUTHORITATIVE_TEMPERATURE_SWEEP_SEED_NOT_PAIRED,False,10,0,249,1402.8000107787154,3.340000025663619e-05,7293974.649168075,4636.5738193481975,45.417087941623684,58.106235826738384,60.40357592236329,2.297340095624909,2.2973400956249024,,,0.010520222897766196,0.026454892257851238,0.017707721663123465,,-1.5543260838434783e-06,7.560001904494129e-07,1.800000578276728e-14,False,False,PF_MODEL_NATIVE_DRIVING_TRAJECTORY_NOT_RESISTANCE,/Volumes/Data/Data/Nanopillar_calculation/PF-fracture-fatigue_v10_2_21_persistent_sites_top1/runs/1_final_v10_2_30_theta0_rate_extremes_four_class_1000um_base3621_v1/rate1x/v913_paper_peak01_0242980_persistent_sites/T900K_th0_seed6648/steps_0900K.csv,f1211300ce9dd73eae9356b28bef6951920eb56477499a905f4133014513cc9d,/Volumes/Data/Data/Nanopillar_calculation/PF-fracture-fatigue_v10_2_21_persistent_sites_top1/runs/1_final_v10_2_30_theta0_rate_extremes_four_class_1000um_base3621_v1/rate1x/v913_paper_peak01_0242980_persistent_sites/T900K_th0_seed6648/anisotropic_emission_audit_v10174.json,d50f34bbb76546af5ee20d17836dfd4776f939c1ca5ac6c42c71a2ce697eb6f7,ARCHIVED_SCALAR_STATE_ONLY
Peak,CONTROL,v913_zeroD_sobol_0242980,900.0,6648,AUTHORITATIVE_TEMPERATURE_SWEEP_SEED_NOT_PAIRED,False,11,0,258,1402.8000115347156,3.3400000274636195e-05,7292861.413396887,4742.591490729083,45.933395876743816,60.40357592236329,63.661989411134634,3.258413488771341,3.2584134887713407,,,0.013171444054755078,0.04047268641877057,0.029238402054467063,,-2.5082874944760274e-06,4.200001058052294e-07,1.000000321264849e-14,False,False,PF_MODEL_NATIVE_DRIVING_TRAJECTORY_NOT_RESISTANCE,/Volumes/Data/Data/Nanopillar_calculation/PF-fracture-fatigue_v10_2_21_persistent_sites_top1/runs/1_final_v10_2_30_theta0_rate_extremes_four_class_1000um_base3621_v1/rate1x/v913_paper_peak01_0242980_persistent_sites/T900K_th0_seed6648/steps_0900K.csv,f1211300ce9dd73eae9356b28bef6951920eb56477499a905f4133014513cc9d,/Volumes/Data/Data/Nanopillar_calculation/PF-fracture-fatigue_v10_2_21_persistent_sites_top1/runs/1_final_v10_2_30_theta0_rate_extremes_four_class_1000um_base3621_v1/rate1x/v913_paper_peak01_0242980_persistent_sites/T900K_th0_seed6648/anisotropic_emission_audit_v10174.json,d50f34bbb76546af5ee20d17836dfd4776f939c1ca5ac6c42c71a2ce697eb6f7,ARCHIVED_SCALAR_STATE_ONLY
Peak,CONTROL,v913_zeroD_sobol_0242980,900.0,6648,AUTHORITATIVE_TEMPERATURE_SWEEP_SEED_NOT_PAIRED,False,12,0,263,1402.8000119547157,3.34000002846362e-05,7291522.66513957,4916.667776435081,46.768789259555014,63.661989411134634,65.95932950675953,2.2973400956249024,2.2973400956249024,,,0.012835418627954443,0.036911477479366815,0.028649770149505892,,-2.414632210120315e-06,3.704915343405446e-06,8.821226762283432e-14,False,False,PF_MODEL_NATIVE_DRIVING_TRAJECTORY_NOT_RESISTANCE,/Volumes/Data/Data/Nanopillar_calculation/PF-fracture-fatigue_v10_2_21_persistent_sites_top1/runs/1_final_v10_2_30_theta0_rate_extremes_four_class_1000um_base3621_v1/rate1x/v913_paper_peak01_0242980_persistent_sites/T900K_th0_seed6648/steps_0900K.csv,f1211300ce9dd73eae9356b28bef6951920eb56477499a905f4133014513cc9d,/Volumes/Data/Data/Nanopillar_calculation/PF-fracture-fatigue_v10_2_21_persistent_sites_top1/runs/1_final_v10_2_30_theta0_rate_extremes_four_class_1000um_base3621_v1/rate1x/v913_paper_peak01_0242980_persistent_sites/T900K_th0_seed6648/anisotropic_emission_audit_v10174.json,d50f34bbb76546af5ee20d17836dfd4776f939c1ca5ac6c42c71a2ce697eb6f7,ARCHIVED_SCALAR_STATE_ONLY
Peak,CONTROL,v913_zeroD_sobol_0242980,900.0,6648,AUTHORITATIVE_TEMPERATURE_SWEEP_SEED_NOT_PAIRED,False,13,0,273,1402.800015659631,3.3400000372848466e-05,7291522.684397111,5048.212683738293,47.390306458117955,65.95932950675953,82.3393126706827,16.37998316392317,16.37998316392317,,,0.014225379952852873,0.0427097741129078,0.03714387709554525,,-2.5009666859372094e-06,8.400002116104588e-08,2.000000642529698e-15,False,False,PF_MODEL_NATIVE_DRIVING_TRAJECTORY_NOT_RESISTANCE,/Volumes/Data/Data/Nanopillar_calculation/PF-fracture-fatigue_v10_2_21_persistent_sites_top1/runs/1_final_v10_2_30_theta0_rate_extremes_four_class_1000um_base3621_v1/rate1x/v913_paper_peak01_0242980_persistent_sites/T900K_th0_seed6648/steps_0900K.csv,f1211300ce9dd73eae9356b28bef6951920eb56477499a905f4133014513cc9d,/Volumes/Data/Data/Nanopillar_calculation/PF-fracture-fatigue_v10_2_21_persistent_sites_top1/runs/1_final_v10_2_30_theta0_rate_extremes_four_class_1000um_base3621_v1/rate1x/v913_paper_peak01_0242980_persistent_sites/T900K_th0_seed6648/anisotropic_emission_audit_v10174.json,d50f34bbb76546af5ee20d17836dfd4776f939c1ca5ac6c42c71a2ce697eb6f7,ARCHIVED_SCALAR_STATE_ONLY
Peak,CONTROL,v913_zeroD_sobol_0242980,900.0,6648,AUTHORITATIVE_TEMPERATURE_SWEEP_SEED_NOT_PAIRED,False,14,0,274,1402.800015743631,3.3400000374848466e-05,7223328.46167609,10331.998740903759,67.79737321500876,82.3393126706827,84.63638682432281,2.2970741536401054,2.2970741536401054,,,0.010227096594885295,0.005560239108078549,0.0342317778465336,,-2.75567404356929e-06,2.5760432436072733e-06,6.133435366583243e-14,False,False,PF_MODEL_NATIVE_DRIVING_TRAJECTORY_NOT_RESISTANCE,/Volumes/Data/Data/Nanopillar_calculation/PF-fracture-fatigue_v10_2_21_persistent_sites_top1/runs/1_final_v10_2_30_theta0_rate_extremes_four_class_1000um_base3621_v1/rate1x/v913_paper_peak01_0242980_persistent_sites/T900K_th0_seed6648/steps_0900K.csv,f1211300ce9dd73eae9356b28bef6951920eb56477499a905f4133014513cc9d,/Volumes/Data/Data/Nanopillar_calculation/PF-fracture-fatigue_v10_2_21_persistent_sites_top1/runs/1_final_v10_2_30_theta0_rate_extremes_four_class_1000um_base3621_v1/rate1x/v913_paper_peak01_0242980_persistent_sites/T900K_th0_seed6648/anisotropic_emission_audit_v10174.json,d50f34bbb76546af5ee20d17836dfd4776f939c1ca5ac6c42c71a2ce697eb6f7,ARCHIVED_SCALAR_STATE_ONLY
Peak,CONTROL,v913_zeroD_sobol_0242980,900.0,6648,AUTHORITATIVE_TEMPERATURE_SWEEP_SEED_NOT_PAIRED,False,15,0,284,1402.8000183196743,3.340000043618282e-05,7222190.045088895,10279.433503124166,67.62468981207827,84.63638682432281,95.52642880645593,10.890041982133114,10.890041982133098,,,0.03541907897420583,0.022688817647858846,0.4907273369904403,,-3.515636132578942e-05,4.200001058052294e-07,1.000000321264849e-14,False,False,PF_MODEL_NATIVE_DRIVING_TRAJECTORY_NOT_RESISTANCE,/Volumes/Data/Data/Nanopillar_calculation/PF-fracture-fatigue_v10_2_21_persistent_sites_top1/runs/1_final_v10_2_30_theta0_rate_extremes_four_class_1000um_base3621_v1/rate1x/v913_paper_peak01_0242980_persistent_sites/T900K_th0_seed6648/steps_0900K.csv,f1211300ce9dd73eae9356b28bef6951920eb56477499a905f4133014513cc9d,/Volumes/Data/Data/Nanopillar_calculation/PF-fracture-fatigue_v10_2_21_persistent_sites_top1/runs/1_final_v10_2_30_theta0_rate_extremes_four_class_1000um_base3621_v1/rate1x/v913_paper_peak01_0242980_persistent_sites/T900K_th0_seed6648/anisotropic_emission_audit_v10174.json,d50f34bbb76546af5ee20d17836dfd4776f939c1ca5ac6c42c71a2ce697eb6f7,ARCHIVED_SCALAR_STATE_ONLY
Peak,CONTROL,v913_zeroD_sobol_0242980,900.0,6648,AUTHORITATIVE_TEMPERATURE_SWEEP_SEED_NOT_PAIRED,False,16,0,289,1402.8000187396744,3.340000044618282e-05,7215838.560601164,10037.238725374957,66.82328508442649,95.52642880645593,97.8237689020808,2.2973400956248753,2.2973400956249024,,,0.046675253022265294,0.06828891397843789,0.8267617920432577,,-5.6855422531311206e-05,1.5291971067199484e-06,3.640947406850087e-14,False,False,PF_MODEL_NATIVE_DRIVING_TRAJECTORY_NOT_RESISTANCE,/Volumes/Data/Data/Nanopillar_calculation/PF-fracture-fatigue_v10_2_21_persistent_sites_top1/runs/1_final_v10_2_30_theta0_rate_extremes_four_class_1000um_base3621_v1/rate1x/v913_paper_peak01_0242980_persistent_sites/T900K_th0_seed6648/steps_0900K.csv,f1211300ce9dd73eae9356b28bef6951920eb56477499a905f4133014513cc9d,/Volumes/Data/Data/Nanopillar_calculation/PF-fracture-fatigue_v10_2_21_persistent_sites_top1/runs/1_final_v10_2_30_theta0_rate_extremes_four_class_1000um_base3621_v1/rate1x/v913_paper_peak01_0242980_persistent_sites/T900K_th0_seed6648/anisotropic_emission_audit_v10174.json,d50f34bbb76546af5ee20d17836dfd4776f939c1ca5ac6c42c71a2ce697eb6f7,ARCHIVED_SCALAR_STATE_ONLY
Peak,CONTROL,v913_zeroD_sobol_0242980,900.0,6648,AUTHORITATIVE_TEMPERATURE_SWEEP_SEED_NOT_PAIRED,False,17,0,299,1402.8000202688715,3.34000004825923e-05,7213331.118435688,10063.020335646035,66.90905105337663,97.8237689020808,104.51536270188004,6.691593799799242,6.691593799799229,,,0.029408296519089865,0.019993850867303896,0.329436692706366,,-1.9457981031353884e-05,,,False,True,PF_MODEL_NATIVE_DRIVING_TRAJECTORY_NOT_RESISTANCE,/Volumes/Data/Data/Nanopillar_calculation/PF-fracture-fatigue_v10_2_21_persistent_sites_top1/runs/1_final_v10_2_30_theta0_rate_extremes_four_class_1000um_base3621_v1/rate1x/v913_paper_peak01_0242980_persistent_sites/T900K_th0_seed6648/steps_0900K.csv,f1211300ce9dd73eae9356b28bef6951920eb56477499a905f4133014513cc9d,/Volumes/Data/Data/Nanopillar_calculation/PF-fracture-fatigue_v10_2_21_persistent_sites_top1/runs/1_final_v10_2_30_theta0_rate_extremes_four_class_1000um_base3621_v1/rate1x/v913_paper_peak01_0242980_persistent_sites/T900K_th0_seed6648/anisotropic_emission_audit_v10174.json,d50f34bbb76546af5ee20d17836dfd4776f939c1ca5ac6c42c71a2ce697eb6f7,ARCHIVED_SCALAR_STATE_ONLY
Peak,R_FINALIST,oneD_v2_peak_R_41f8789bcbc1f097,1200.0,8666,CANONICAL_FINALIST_SEED,True,0,0,194,1572.4901015349749,3.744024051273743e-05,8155976.711270666,9088.78968898347,63.58778869550389,0.0,2.2973400956249024,2.2973400956249024,2.2973400956249024,12.110480096631559,0.16365686483959227,7.34230296667193,8125.446851492149,14013.846390355622,28245.104748243273,-1.7859973542378984,0.5258609472875833,1.2520498744954375e-08,False,False,PF_MODEL_NATIVE_DRIVING_TRAJECTORY_NOT_RESISTANCE,/private/tmp/oneD-v2-peak-dbtt-R-pf-runs/Peak_R/T1200K_seed8666/steps_1200K.csv,1005a5334a85ede5bf9fd461e9b4cb14b35d2ccbd60d712699e9b625306942db,/private/tmp/oneD-v2-peak-dbtt-R-pf-runs/Peak_R/T1200K_seed8666/anisotropic_emission_audit_v10174.json,758e63cdf6b1064f16fdce54e101940d117570795500b35cdf648fa86a954f0e,FULL_PERSISTENT_SITE_OBSERVER
Peak,R_FINALIST,oneD_v2_peak_R_41f8789bcbc1f097,1200.0,8666,CANONICAL_FINALIST_SEED,True,1,0,205,1573.0159624822625,3.745276101148239e-05,8158511.216039504,9353.459872239917,64.50699913927136,2.2973400956249024,4.594680191249805,2.2973400956249024,2.2973400956249024,11.97047094187374,0.1654395629119338,7.263163813997039,8364.531031478626,12435.059076252448,28222.677492931452,-1.5369690167949819,0.6039985602360503,1.4380918100844191e-08,False,False,PF_MODEL_NATIVE_DRIVING_TRAJECTORY_NOT_RESISTANCE,/private/tmp/oneD-v2-peak-dbtt-R-pf-runs/Peak_R/T1200K_seed8666/steps_1200K.csv,1005a5334a85ede5bf9fd461e9b4cb14b35d2ccbd60d712699e9b625306942db,/private/tmp/oneD-v2-peak-dbtt-R-pf-runs/Peak_R/T1200K_seed8666/anisotropic_emission_audit_v10174.json,758e63cdf6b1064f16fdce54e101940d117570795500b35cdf648fa86a954f0e,FULL_PERSISTENT_SITE_OBSERVER
Peak,R_FINALIST,oneD_v2_peak_R_41f8789bcbc1f097,1200.0,8666,CANONICAL_FINALIST_SEED,True,2,0,218,1573.6199610424985,3.746714192958323e-05,8161398.044182407,9619.982206043685,65.41959176446821,4.594680191249805,6.892020286874707,2.2973400956249024,2.2973400956249024,12.156240834650111,0.16665787734063106,7.210053199351698,7942.78555882468,12499.71236217688,28871.72575947456,-1.5519510046632732,1.0647425075119372,2.535101208363049e-08,False,False,PF_MODEL_NATIVE_DRIVING_TRAJECTORY_NOT_RESISTANCE,/private/tmp/oneD-v2-peak-dbtt-R-pf-runs/Peak_R/T1200K_seed8666/steps_1200K.csv,1005a5334a85ede5bf9fd461e9b4cb14b35d2ccbd60d712699e9b625306942db,/private/tmp/oneD-v2-peak-dbtt-R-pf-runs/Peak_R/T1200K_seed8666/anisotropic_emission_audit_v10174.json,758e63cdf6b1064f16fdce54e101940d117570795500b35cdf648fa86a954f0e,FULL_PERSISTENT_SITE_OBSERVER
Peak,R_FINALIST,oneD_v2_peak_R_41f8789bcbc1f097,1200.0,8666,CANONICAL_FINALIST_SEED,True,3,0,233,1574.6847035500105,3.749249294166686e-05,8166481.461815039,9976.751956516,66.62163438519731,6.892020286874707,9.18936038249961,2.2973400956249024,2.2973400956249024,12.930721236706345,0.16157222042857625,7.437059676554223,8381.896843028213,13413.439938493731,29773.990455441875,-1.6704629610279695,0.06625826857930406,1.5775778233122033e-09,False,False,PF_MODEL_NATIVE_DRIVING_TRAJECTORY_NOT_RESISTANCE,/private/tmp/oneD-v2-peak-dbtt-R-pf-runs/Peak_R/T1200K_seed8666/steps_1200K.csv,1005a5334a85ede5bf9fd461e9b4cb14b35d2ccbd60d712699e9b625306942db,/private/tmp/oneD-v2-peak-dbtt-R-pf-runs/Peak_R/T1200K_seed8666/anisotropic_emission_audit_v10174.json,758e63cdf6b1064f16fdce54e101940d117570795500b35cdf648fa86a954f0e,FULL_PERSISTENT_SITE_OBSERVER
Peak,R_FINALIST,oneD_v2_peak_R_41f8789bcbc1f097,1200.0,8666,CANONICAL_FINALIST_SEED,True,4,0,237,1574.7509618185898,3.7494070519490174e-05,8166101.7128810445,10441.015760188764,68.15411315423978,9.18936038249961,14.507867693188759,5.31850731068915,5.31850731068915,12.089094688773683,0.16762971666716436,7.168240481359415,11700.582619720444,8631.461034645301,28879.681043973116,-0.9883730597315975,1.290218665417342e-05,3.071949229824407e-13,False,False,PF_MODEL_NATIVE_DRIVING_TRAJECTORY_NOT_RESISTANCE,/private/tmp/oneD-v2-peak-dbtt-R-pf-runs/Peak_R/T1200K_seed8666/steps_1200K.csv,1005a5334a85ede5bf9fd461e9b4cb14b35d2ccbd60d712699e9b625306942db,/private/tmp/oneD-v2-peak-dbtt-R-pf-runs/Peak_R/T1200K_seed8666/anisotropic_emission_audit_v10174.json,758e63cdf6b1064f16fdce54e101940d117570795500b35cdf648fa86a954f0e,FULL_PERSISTENT_SITE_OBSERVER
Peak,R_FINALIST,oneD_v2_peak_R_41f8789bcbc1f097,1200.0,8666,CANONICAL_FINALIST_SEED,True,5,0,238,1574.7509747207764,3.74940708266851e-05,8163282.809724847,11834.541722806374,72.55985695336123,14.507867693188759,16.80520778881366,2.2973400956249024,2.2973400956249024,3.5485437982776173,0.349458494476397,3.4368491729206068,1306.894858034551,2337.29093588505,17672.312140523158,-0.2669123133220881,5.040001269662753e-07,1.2000003855178187e-14,False,False,PF_MODEL_NATIVE_DRIVING_TRAJECTORY_NOT_RESISTANCE,/private/tmp/oneD-v2-peak-dbtt-R-pf-runs/Peak_R/T1200K_seed8666/steps_1200K.csv,1005a5334a85ede5bf9fd461e9b4cb14b35d2ccbd60d712699e9b625306942db,/private/tmp/oneD-v2-peak-dbtt-R-pf-runs/Peak_R/T1200K_seed8666/anisotropic_emission_audit_v10174.json,758e63cdf6b1064f16fdce54e101940d117570795500b35cdf648fa86a954f0e,FULL_PERSISTENT_SITE_OBSERVER
Peak,R_FINALIST,oneD_v2_peak_R_41f8789bcbc1f097,1200.0,8666,CANONICAL_FINALIST_SEED,True,6,0,244,1574.7509752247765,3.74940708386851e-05,8163282.812337514,11843.143153159785,72.58622067780355,16.80520778881366,19.102547884438565,2.2973400956249024,2.2973400956249024,3.193101078352537,0.376708336917221,3.187627852421071,1359.2305387591568,2730.130420006193,17142.158263021185,-0.34752055575404456,6.72000169288367e-07,1.6000005140237583e-14,False,False,PF_MODEL_NATIVE_DRIVING_TRAJECTORY_NOT_RESISTANCE,/private/tmp/oneD-v2-peak-dbtt-R-pf-runs/Peak_R/T1200K_seed8666/steps_1200K.csv,1005a5334a85ede5bf9fd461e9b4cb14b35d2ccbd60d712699e9b625306942db,/private/tmp/oneD-v2-peak-dbtt-R-pf-runs/Peak_R/T1200K_seed8666/anisotropic_emission_audit_v10174.json,758e63cdf6b1064f16fdce54e101940d117570795500b35cdf648fa86a954f0e,FULL_PERSISTENT_SITE_OBSERVER
Peak,R_FINALIST,oneD_v2_peak_R_41f8789bcbc1f097,1200.0,8666,CANONICAL_FINALIST_SEED,True,7,0,252,1574.7509758967767,3.7494070854685106e-05,8160829.151349748,12787.731685346333,75.4253706345854,19.102547884438565,21.9809590141333,2.8784111296947366,2.8784111296947366,2.9147656630330405,0.40310791072348184,2.978842779775676,701.5660291565218,2791.398019326374,16744.514811775993,-0.37401806481533967,3.360000846441835e-07,7.999995793855214e-15,False,False,PF_MODEL_NATIVE_DRIVING_TRAJECTORY_NOT_RESISTANCE,/private/tmp/oneD-v2-peak-dbtt-R-pf-runs/Peak_R/T1200K_seed8666/steps_1200K.csv,1005a5334a85ede5bf9fd461e9b4cb14b35d2ccbd60d712699e9b625306942db,/private/tmp/oneD-v2-peak-dbtt-R-pf-runs/Peak_R/T1200K_seed8666/anisotropic_emission_audit_v10174.json,758e63cdf6b1064f16fdce54e101940d117570795500b35cdf648fa86a954f0e,FULL_PERSISTENT_SITE_OBSERVER
Peak,R_FINALIST,oneD_v2_peak_R_41f8789bcbc1f097,1200.0,8666,CANONICAL_FINALIST_SEED,True,8,0,256,1574.7509762327768,3.74940708626851e-05,8140574.369198519,14886.120705800551,81.37883408425152,21.9809590141333,24.278299109758198,2.297340095624899,2.2973400956249024,2.822270832323831,0.4131970268165769,2.905974390101704,426.7621177500497,2927.578287409736,16618.94603314981,-0.40581408450429973,3.07513482766808e-06,7.321748730308025e-14,False,False,PF_MODEL_NATIVE_DRIVING_TRAJECTORY_NOT_RESISTANCE,/private/tmp/oneD-v2-peak-dbtt-R-pf-runs/Peak_R/T1200K_seed8666/steps_1200K.csv,1005a5334a85ede5bf9fd461e9b4cb14b35d2ccbd60d712699e9b625306942db,/private/tmp/oneD-v2-peak-dbtt-R-pf-runs/Peak_R/T1200K_seed8666/anisotropic_emission_audit_v10174.json,758e63cdf6b1064f16fdce54e101940d117570795500b35cdf648fa86a954f0e,FULL_PERSISTENT_SITE_OBSERVER
Peak,R_FINALIST,oneD_v2_peak_R_41f8789bcbc1f097,1200.0,8666,CANONICAL_FINALIST_SEED,True,9,0,266,1574.7509793079116,3.749407093590259e-05,8138955.141857325,15221.7335518775,82.29107829608871,24.278299109758198,37.596235373684394,13.317936263926194,13.31793626392619,3.2459477261764618,0.3722677189786646,3.2259707695598143,662.0835834477002,3496.3430740647814,17220.450231947856,-0.4761774907135162,2.192880401707953e-06,5.221145645819755e-14,False,False,PF_MODEL_NATIVE_DRIVING_TRAJECTORY_NOT_RESISTANCE,/private/tmp/oneD-v2-peak-dbtt-R-pf-runs/Peak_R/T1200K_seed8666/steps_1200K.csv,1005a5334a85ede5bf9fd461e9b4cb14b35d2ccbd60d712699e9b625306942db,/private/tmp/oneD-v2-peak-dbtt-R-pf-runs/Peak_R/T1200K_seed8666/anisotropic_emission_audit_v10174.json,758e63cdf6b1064f16fdce54e101940d117570795500b35cdf648fa86a954f0e,FULL_PERSISTENT_SITE_OBSERVER
Peak,R_FINALIST,oneD_v2_peak_R_41f8789bcbc1f097,1200.0,8666,CANONICAL_FINALIST_SEED,True,10,0,276,1574.750981500792,3.7494070988114045e-05,8125678.851674507,17593.10311383587,88.46916318656643,37.596235373684394,47.19203139289072,9.595796019206325,9.595796019206324,3.1018276152339737,0.38480585414766144,3.1193086046694036,231.55141650698755,3603.761727988992,17010.102508709322,-0.5146028518587171,2.9109514798619784e-06,6.930836926512945e-14,False,False,PF_MODEL_NATIVE_DRIVING_TRAJECTORY_NOT_RESISTANCE,/private/tmp/oneD-v2-peak-dbtt-R-pf-runs/Peak_R/T1200K_seed8666/steps_1200K.csv,1005a5334a85ede5bf9fd461e9b4cb14b35d2ccbd60d712699e9b625306942db,/private/tmp/oneD-v2-peak-dbtt-R-pf-runs/Peak_R/T1200K_seed8666/anisotropic_emission_audit_v10174.json,758e63cdf6b1064f16fdce54e101940d117570795500b35cdf648fa86a954f0e,FULL_PERSISTENT_SITE_OBSERVER
Peak,R_FINALIST,oneD_v2_peak_R_41f8789bcbc1f097,1200.0,8666,CANONICAL_FINALIST_SEED,True,11,0,286,1574.7509844117435,3.7494071057422415e-05,8176569.290139956,10560.976626163707,68.54451944993347,47.19203139289072,59.93002512708252,12.7379937341918,12.7379937341918,2.5287518026205844,0.45106496170667604,2.6615446783658285,626.9359781333892,2145.6390324567774,16255.221825736273,-0.28333569053090224,5.040001269662753e-07,1.2000003855178187e-14,False,False,PF_MODEL_NATIVE_DRIVING_TRAJECTORY_NOT_RESISTANCE,/private/tmp/oneD-v2-peak-dbtt-R-pf-runs/Peak_R/T1200K_seed8666/steps_1200K.csv,1005a5334a85ede5bf9fd461e9b4cb14b35d2ccbd60d712699e9b625306942db,/private/tmp/oneD-v2-peak-dbtt-R-pf-runs/Peak_R/T1200K_seed8666/anisotropic_emission_audit_v10174.json,758e63cdf6b1064f16fdce54e101940d117570795500b35cdf648fa86a954f0e,FULL_PERSISTENT_SITE_OBSERVER
Peak,R_FINALIST,oneD_v2_peak_R_41f8789bcbc1f097,1200.0,8666,CANONICAL_FINALIST_SEED,True,12,0,292,1574.7509849157436,3.749407106942242e-05,8168174.678586334,10940.02962391923,69.76377043390816,59.93002512708252,62.22736522270742,2.2973400956249024,2.2973400956249024,2.894151643024555,0.4053232186631159,2.9624999878448457,1066.9763591758829,2403.4985705776917,16717.462889339036,-0.3073105527249848,8.400002116104588e-08,2.000000642529698e-15,False,False,PF_MODEL_NATIVE_DRIVING_TRAJECTORY_NOT_RESISTANCE,/private/tmp/oneD-v2-peak-dbtt-R-pf-runs/Peak_R/T1200K_seed8666/steps_1200K.csv,1005a5334a85ede5bf9fd461e9b4cb14b35d2ccbd60d712699e9b625306942db,/private/tmp/oneD-v2-peak-dbtt-R-pf-runs/Peak_R/T1200K_seed8666/anisotropic_emission_audit_v10174.json,758e63cdf6b1064f16fdce54e101940d117570795500b35cdf648fa86a954f0e,FULL_PERSISTENT_SITE_OBSERVER
Peak,R_FINALIST,oneD_v2_peak_R_41f8789bcbc1f097,1200.0,8666,CANONICAL_FINALIST_SEED,True,13,0,293,1574.7509849997437,3.749407107142242e-05,8165482.752473232,10993.603111953047,69.93437893241878,62.22736522270742,64.52470531833232,2.2973400956249024,2.2973400956249024,1.5040352601316687,0.783428914587517,1.529254315887211,91.98610919487191,705.5278040898061,16792.107908377617,-0.09218432958027221,1.8934872514364542e-06,4.508304401453986e-14,False,False,PF_MODEL_NATIVE_DRIVING_TRAJECTORY_NOT_RESISTANCE,/private/tmp/oneD-v2-peak-dbtt-R-pf-runs/Peak_R/T1200K_seed8666/steps_1200K.csv,1005a5334a85ede5bf9fd461e9b4cb14b35d2ccbd60d712699e9b625306942db,/private/tmp/oneD-v2-peak-dbtt-R-pf-runs/Peak_R/T1200K_seed8666/anisotropic_emission_audit_v10174.json,758e63cdf6b1064f16fdce54e101940d117570795500b35cdf648fa86a954f0e,FULL_PERSISTENT_SITE_OBSERVER
Peak,R_FINALIST,oneD_v2_peak_R_41f8789bcbc1f097,1200.0,8666,CANONICAL_FINALIST_SEED,True,14,0,303,1574.750986893231,3.749407111650546e-05,8165482.762291444,11061.607962629634,70.15034747409196,64.52470531833232,72.91419034841714,8.389485030084812,8.389485030084812,2.782241889979687,0.4178135837864255,2.8738264206458264,880.7183896811857,2406.6974324524517,16566.28173308678,-0.3120693874415143,1.7508523342257831e-06,4.168696366834562e-14,False,False,PF_MODEL_NATIVE_DRIVING_TRAJECTORY_NOT_RESISTANCE,/private/tmp/oneD-v2-peak-dbtt-R-pf-runs/Peak_R/T1200K_seed8666/steps_1200K.csv,1005a5334a85ede5bf9fd461e9b4cb14b35d2ccbd60d712699e9b625306942db,/private/tmp/oneD-v2-peak-dbtt-R-pf-runs/Peak_R/T1200K_seed8666/anisotropic_emission_audit_v10174.json,758e63cdf6b1064f16fdce54e101940d117570795500b35cdf648fa86a954f0e,FULL_PERSISTENT_SITE_OBSERVER
Peak,R_FINALIST,oneD_v2_peak_R_41f8789bcbc1f097,1200.0,8666,CANONICAL_FINALIST_SEED,True,15,0,313,1574.7509886440832,3.749407115819243e-05,8089563.913764782,11610.919119539043,71.87105091061574,72.91419034841714,80.57571727409683,7.661526925679691,7.661526925679691,2.7687550250731974,0.4194057231583834,2.862575730041285,731.5773551462504,2491.830781909941,16548.799206769017,-0.32913997249406124,1.1971928870480042e-06,2.8504623791544836e-14,False,False,PF_MODEL_NATIVE_DRIVING_TRAJECTORY_NOT_RESISTANCE,/private/tmp/oneD-v2-peak-dbtt-R-pf-runs/Peak_R/T1200K_seed8666/steps_1200K.csv,1005a5334a85ede5bf9fd461e9b4cb14b35d2ccbd60d712699e9b625306942db,/private/tmp/oneD-v2-peak-dbtt-R-pf-runs/Peak_R/T1200K_seed8666/anisotropic_emission_audit_v10174.json,758e63cdf6b1064f16fdce54e101940d117570795500b35cdf648fa86a954f0e,FULL_PERSISTENT_SITE_OBSERVER
Peak,R_FINALIST,oneD_v2_peak_R_41f8789bcbc1f097,1200.0,8666,CANONICAL_FINALIST_SEED,True,16,0,323,1574.7509898412761,3.749407118669705e-05,8086242.162345284,11354.616955717524,71.07337507061382,80.57571727409683,85.8144981030469,5.238780828950074,5.238780828950074,2.913667197684773,0.4032368429621519,2.9775919382667966,1003.8788235277356,2542.581818513158,16743.558073930762,-0.3275805962722758,2.5200006348313764e-07,6.000001927589094e-15,False,False,PF_MODEL_NATIVE_DRIVING_TRAJECTORY_NOT_RESISTANCE,/private/tmp/oneD-v2-peak-dbtt-R-pf-runs/Peak_R/T1200K_seed8666/steps_1200K.csv,1005a5334a85ede5bf9fd461e9b4cb14b35d2ccbd60d712699e9b625306942db,/private/tmp/oneD-v2-peak-dbtt-R-pf-runs/Peak_R/T1200K_seed8666/anisotropic_emission_audit_v10174.json,758e63cdf6b1064f16fdce54e101940d117570795500b35cdf648fa86a954f0e,FULL_PERSISTENT_SITE_OBSERVER
Peak,R_FINALIST,oneD_v2_peak_R_41f8789bcbc1f097,1200.0,8666,CANONICAL_FINALIST_SEED,True,17,0,326,1574.7509900932762,3.749407119269705e-05,8082741.305688299,11314.49167955381,70.9476833474564,85.8144981030469,88.1118381986718,2.2973400956249024,2.2973400956249024,2.8164001562414773,0.41387168158756293,2.9010225549646727,1058.3039109507245,2277.3369792382346,16611.454983054115,-0.29001192156397504,1.4481133803201374e-06,3.447891657511887e-14,False,False,PF_MODEL_NATIVE_DRIVING_TRAJECTORY_NOT_RESISTANCE,/private/tmp/oneD-v2-peak-dbtt-R-pf-runs/Peak_R/T1200K_seed8666/steps_1200K.csv,1005a5334a85ede5bf9fd461e9b4cb14b35d2ccbd60d712699e9b625306942db,/private/tmp/oneD-v2-peak-dbtt-R-pf-runs/Peak_R/T1200K_seed8666/anisotropic_emission_audit_v10174.json,758e63cdf6b1064f16fdce54e101940d117570795500b35cdf648fa86a954f0e,FULL_PERSISTENT_SITE_OBSERVER
Peak,R_FINALIST,oneD_v2_peak_R_41f8789bcbc1f097,1200.0,8666,CANONICAL_FINALIST_SEED,True,18,0,336,1574.7509915413896,3.749407122717597e-05,8080351.425469064,11398.056824397405,71.20919959064271,88.1118381986718,94.44861849005173,6.3367802913799185,6.3367802913799185,2.73917081964069,0.42294839703109555,2.8385690908046315,752.130579835267,2439.1265796576736,16510.267206732413,-0.32097451155576034,4.200001058052294e-07,9.999996436384911e-15,False,False,PF_MODEL_NATIVE_DRIVING_TRAJECTORY_NOT_RESISTANCE,/private/tmp/oneD-v2-peak-dbtt-R-pf-runs/Peak_R/T1200K_seed8666/steps_1200K.csv,1005a5334a85ede5bf9fd461e9b4cb14b35d2ccbd60d712699e9b625306942db,/private/tmp/oneD-v2-peak-dbtt-R-pf-runs/Peak_R/T1200K_seed8666/anisotropic_emission_audit_v10174.json,758e63cdf6b1064f16fdce54e101940d117570795500b35cdf648fa86a954f0e,FULL_PERSISTENT_SITE_OBSERVER
Peak,R_FINALIST,oneD_v2_peak_R_41f8789bcbc1f097,1200.0,8666,CANONICAL_FINALIST_SEED,True,19,0,341,1574.7509919613897,3.7494071237175966e-05,8099641.981112873,13769.407249253867,78.26693337836645,94.44861849005173,96.74569264369183,2.2970741536401054,2.2970741536401054,2.812448994466304,0.41433084540967,2.8974238855199492,494.4667818665296,2832.400064372629,16606.554050905652,-0.3889345605565256,4.200001058052294e-07,1.0000009988912067e-14,False,False,PF_MODEL_NATIVE_DRIVING_TRAJECTORY_NOT_RESISTANCE,/private/tmp/oneD-v2-peak-dbtt-R-pf-runs/Peak_R/T1200K_seed8666/steps_1200K.csv,1005a5334a85ede5bf9fd461e9b4cb14b35d2ccbd60d712699e9b625306942db,/private/tmp/oneD-v2-peak-dbtt-R-pf-runs/Peak_R/T1200K_seed8666/anisotropic_emission_audit_v10174.json,758e63cdf6b1064f16fdce54e101940d117570795500b35cdf648fa86a954f0e,FULL_PERSISTENT_SITE_OBSERVER
Peak,R_FINALIST,oneD_v2_peak_R_41f8789bcbc1f097,1200.0,8666,CANONICAL_FINALIST_SEED,True,20,0,346,1574.7509923813898,3.7494071247175976e-05,8098227.340751768,13728.329328872136,78.15010030698721,96.74569264369183,99.04276679733192,2.297074153640092,2.2970741536401054,2.868616204536187,0.4080685836989296,2.941944995442337,581.8146630970409,2846.2532638812118,16682.1956492131,-0.38705384778820373,1.1987503967247903e-06,2.8541689953316685e-14,False,False,PF_MODEL_NATIVE_DRIVING_TRAJECTORY_NOT_RESISTANCE,/private/tmp/oneD-v2-peak-dbtt-R-pf-runs/Peak_R/T1200K_seed8666/steps_1200K.csv,1005a5334a85ede5bf9fd461e9b4cb14b35d2ccbd60d712699e9b625306942db,/private/tmp/oneD-v2-peak-dbtt-R-pf-runs/Peak_R/T1200K_seed8666/anisotropic_emission_audit_v10174.json,758e63cdf6b1064f16fdce54e101940d117570795500b35cdf648fa86a954f0e,FULL_PERSISTENT_SITE_OBSERVER
Peak,R_FINALIST,oneD_v2_peak_R_41f8789bcbc1f097,1200.0,8666,CANONICAL_FINALIST_SEED,True,21,0,356,1574.7509935801402,3.7494071275717666e-05,8096787.718459936,13680.945359629084,78.01511436989301,99.04276679733192,104.28775434413835,5.244987546806435,5.244987546806435,3.0118319683746466,0.3932974700851202,3.053049123951308,670.3026658139332,3057.8506486226433,16881.051458301485,-0.4126311399753056,,,False,True,PF_MODEL_NATIVE_DRIVING_TRAJECTORY_NOT_RESISTANCE,/private/tmp/oneD-v2-peak-dbtt-R-pf-runs/Peak_R/T1200K_seed8666/steps_1200K.csv,1005a5334a85ede5bf9fd461e9b4cb14b35d2ccbd60d712699e9b625306942db,/private/tmp/oneD-v2-peak-dbtt-R-pf-runs/Peak_R/T1200K_seed8666/anisotropic_emission_audit_v10174.json,758e63cdf6b1064f16fdce54e101940d117570795500b35cdf648fa86a954f0e,FULL_PERSISTENT_SITE_OBSERVER
Peak,CONTROL,v913_zeroD_sobol_0242980,1200.0,12702,AUTHORITATIVE_TEMPERATURE_SWEEP_SEED_NOT_PAIRED,False,0,0,154,1213.9392501236246,2.890331547913399e-05,6296294.166329602,5416.567015050963,49.08883842937369,0.0,2.2973400956249024,2.2973400956249024,2.2973400956249024,,,7.689649510291955,13677.021217722468,9718.325503589005,,-1.0982129047796065,6.417132215525953,1.5278886227442436e-07,False,False,PF_MODEL_NATIVE_DRIVING_TRAJECTORY_NOT_RESISTANCE,/Volumes/Data/Data/Nanopillar_calculation/PF-fracture-fatigue_v10_2_21_persistent_sites_top1/runs/1_final_v10_2_30_theta0_rate_extremes_four_class_1000um_base3621_v1/rate1x/v913_paper_peak01_0242980_persistent_sites/T1200K_th0_seed12702/steps_1200K.csv,95ba19655a31bcbd559b331a349ebd44e6ed495345b8d7f10d2379b39961b6ce,/Volumes/Data/Data/Nanopillar_calculation/PF-fracture-fatigue_v10_2_21_persistent_sites_top1/runs/1_final_v10_2_30_theta0_rate_extremes_four_class_1000um_base3621_v1/rate1x/v913_paper_peak01_0242980_persistent_sites/T1200K_th0_seed12702/anisotropic_emission_audit_v10174.json,ffb8f3e5cf4ebbded383fce52ef696dd755d19d87eacf8e85b9a200311fbc5a9,ARCHIVED_SCALAR_STATE_ONLY
Peak,CONTROL,v913_zeroD_sobol_0242980,1200.0,12702,AUTHORITATIVE_TEMPERATURE_SWEEP_SEED_NOT_PAIRED,False,1,0,166,1220.3563823391505,2.9056104341408415e-05,6329427.971708624,5629.623896980704,50.04496456662237,2.2973400956249024,5.903692882580007,3.6063527869551044,3.606352786955105,,,7.6016220332524345,12914.742728121779,9860.44187825878,,-1.1206688545685675,0.031110961393324033,7.40737176030935e-10,False,False,PF_MODEL_NATIVE_DRIVING_TRAJECTORY_NOT_RESISTANCE,/Volumes/Data/Data/Nanopillar_calculation/PF-fracture-fatigue_v10_2_21_persistent_sites_top1/runs/1_final_v10_2_30_theta0_rate_extremes_four_class_1000um_base3621_v1/rate1x/v913_paper_peak01_0242980_persistent_sites/T1200K_th0_seed12702/steps_1200K.csv,95ba19655a31bcbd559b331a349ebd44e6ed495345b8d7f10d2379b39961b6ce,/Volumes/Data/Data/Nanopillar_calculation/PF-fracture-fatigue_v10_2_21_persistent_sites_top1/runs/1_final_v10_2_30_theta0_rate_extremes_four_class_1000um_base3621_v1/rate1x/v913_paper_peak01_0242980_persistent_sites/T1200K_th0_seed12702/anisotropic_emission_audit_v10174.json,ffb8f3e5cf4ebbded383fce52ef696dd755d19d87eacf8e85b9a200311fbc5a9,ARCHIVED_SCALAR_STATE_ONLY
Peak,CONTROL,v913_zeroD_sobol_0242980,1200.0,12702,AUTHORITATIVE_TEMPERATURE_SWEEP_SEED_NOT_PAIRED,False,2,0,167,1220.3874933005438,2.9056845078584446e-05,6329058.647614748,5974.902230322273,51.5568169683013,5.903692882580007,11.900006636282034,5.996313753702029,5.99631375370203,,,0.35855029484224077,0.8994926649106629,32.219852660320726,,-0.003850611872673656,7.560001904494129e-07,1.800000917089907e-14,False,False,PF_MODEL_NATIVE_DRIVING_TRAJECTORY_NOT_RESISTANCE,/Volumes/Data/Data/Nanopillar_calculation/PF-fracture-fatigue_v10_2_21_persistent_sites_top1/runs/1_final_v10_2_30_theta0_rate_extremes_four_class_1000um_base3621_v1/rate1x/v913_paper_peak01_0242980_persistent_sites/T1200K_th0_seed12702/steps_1200K.csv,95ba19655a31bcbd559b331a349ebd44e6ed495345b8d7f10d2379b39961b6ce,/Volumes/Data/Data/Nanopillar_calculation/PF-fracture-fatigue_v10_2_21_persistent_sites_top1/runs/1_final_v10_2_30_theta0_rate_extremes_four_class_1000um_base3621_v1/rate1x/v913_paper_peak01_0242980_persistent_sites/T1200K_th0_seed12702/anisotropic_emission_audit_v10174.json,ffb8f3e5cf4ebbded383fce52ef696dd755d19d87eacf8e85b9a200311fbc5a9,ARCHIVED_SCALAR_STATE_ONLY
Peak,CONTROL,v913_zeroD_sobol_0242980,1200.0,12702,AUTHORITATIVE_TEMPERATURE_SWEEP_SEED_NOT_PAIRED,False,3,0,176,1220.387494056544,2.9056845096584456e-05,6327622.540071565,6641.456037971332,54.35660783661669,11.900006636282034,15.186731897390391,3.286725261108355,3.2867252611083537,,,0.14515720909383542,1.099243771096714,7.280014124417756,,-0.0010119256159530452,2.5200006348313764e-07,6.000001927589094e-15,False,False,PF_MODEL_NATIVE_DRIVING_TRAJECTORY_NOT_RESISTANCE,/Volumes/Data/Data/Nanopillar_calculation/PF-fracture-fatigue_v10_2_21_persistent_sites_top1/runs/1_final_v10_2_30_theta0_rate_extremes_four_class_1000um_base3621_v1/rate1x/v913_paper_peak01_0242980_persistent_sites/T1200K_th0_seed12702/steps_1200K.csv,95ba19655a31bcbd559b331a349ebd44e6ed495345b8d7f10d2379b39961b6ce,/Volumes/Data/Data/Nanopillar_calculation/PF-fracture-fatigue_v10_2_21_persistent_sites_top1/runs/1_final_v10_2_30_theta0_rate_extremes_four_class_1000um_base3621_v1/rate1x/v913_paper_peak01_0242980_persistent_sites/T1200K_th0_seed12702/anisotropic_emission_audit_v10174.json,ffb8f3e5cf4ebbded383fce52ef696dd755d19d87eacf8e85b9a200311fbc5a9,ARCHIVED_SCALAR_STATE_ONLY
Peak,CONTROL,v913_zeroD_sobol_0242980,1200.0,12702,AUTHORITATIVE_TEMPERATURE_SWEEP_SEED_NOT_PAIRED,False,4,0,179,1220.387494308544,2.9056845102584458e-05,6326313.43838896,7110.449123874876,56.24309506991319,15.186731897390391,17.48407199301529,2.2973400956249024,2.2973400956249024,,,0.10260177917622124,0.4757117141328404,3.4825222913200915,,-0.00047468641912111904,3.360000846441835e-07,8.000002570118792e-15,False,False,PF_MODEL_NATIVE_DRIVING_TRAJECTORY_NOT_RESISTANCE,/Volumes/Data/Data/Nanopillar_calculation/PF-fracture-fatigue_v10_2_21_persistent_sites_top1/runs/1_final_v10_2_30_theta0_rate_extremes_four_class_1000um_base3621_v1/rate1x/v913_paper_peak01_0242980_persistent_sites/T1200K_th0_seed12702/steps_1200K.csv,95ba19655a31bcbd559b331a349ebd44e6ed495345b8d7f10d2379b39961b6ce,/Volumes/Data/Data/Nanopillar_calculation/PF-fracture-fatigue_v10_2_21_persistent_sites_top1/runs/1_final_v10_2_30_theta0_rate_extremes_four_class_1000um_base3621_v1/rate1x/v913_paper_peak01_0242980_persistent_sites/T1200K_th0_seed12702/anisotropic_emission_audit_v10174.json,ffb8f3e5cf4ebbded383fce52ef696dd755d19d87eacf8e85b9a200311fbc5a9,ARCHIVED_SCALAR_STATE_ONLY
Peak,CONTROL,v913_zeroD_sobol_0242980,1200.0,12702,AUTHORITATIVE_TEMPERATURE_SWEEP_SEED_NOT_PAIRED,False,5,0,183,1220.3874946445442,2.905684511058446e-05,6326313.440130737,7111.844767553864,56.24861451512355,17.48407199301529,19.78141208864019,2.297340095624899,2.2973400956249024,,,0.13153184763208442,0.927828141123162,6.170306257797773,,-0.0008650348097942184,1.1011775313818362e-06,2.621847847877369e-14,False,False,PF_MODEL_NATIVE_DRIVING_TRAJECTORY_NOT_RESISTANCE,/Volumes/Data/Data/Nanopillar_calculation/PF-fracture-fatigue_v10_2_21_persistent_sites_top1/runs/1_final_v10_2_30_theta0_rate_extremes_four_class_1000um_base3621_v1/rate1x/v913_paper_peak01_0242980_persistent_sites/T1200K_th0_seed12702/steps_1200K.csv,95ba19655a31bcbd559b331a349ebd44e6ed495345b8d7f10d2379b39961b6ce,/Volumes/Data/Data/Nanopillar_calculation/PF-fracture-fatigue_v10_2_21_persistent_sites_top1/runs/1_final_v10_2_30_theta0_rate_extremes_four_class_1000um_base3621_v1/rate1x/v913_paper_peak01_0242980_persistent_sites/T1200K_th0_seed12702/anisotropic_emission_audit_v10174.json,ffb8f3e5cf4ebbded383fce52ef696dd755d19d87eacf8e85b9a200311fbc5a9,ARCHIVED_SCALAR_STATE_ONLY
Peak,CONTROL,v913_zeroD_sobol_0242980,1200.0,12702,AUTHORITATIVE_TEMPERATURE_SWEEP_SEED_NOT_PAIRED,False,6,0,193,1220.3874957457217,2.905684513680294e-05,6324411.925227001,7680.4806933314,58.45408896545687,19.78141208864019,24.60003537186478,4.81862328322459,4.8186232832245866,,,0.12895937578921587,0.3806692389266416,6.28982507941132,,-0.0009027045561193996,1.6800004232209176e-07,4.000004673191185e-15,False,False,PF_MODEL_NATIVE_DRIVING_TRAJECTORY_NOT_RESISTANCE,/Volumes/Data/Data/Nanopillar_calculation/PF-fracture-fatigue_v10_2_21_persistent_sites_top1/runs/1_final_v10_2_30_theta0_rate_extremes_four_class_1000um_base3621_v1/rate1x/v913_paper_peak01_0242980_persistent_sites/T1200K_th0_seed12702/steps_1200K.csv,95ba19655a31bcbd559b331a349ebd44e6ed495345b8d7f10d2379b39961b6ce,/Volumes/Data/Data/Nanopillar_calculation/PF-fracture-fatigue_v10_2_21_persistent_sites_top1/runs/1_final_v10_2_30_theta0_rate_extremes_four_class_1000um_base3621_v1/rate1x/v913_paper_peak01_0242980_persistent_sites/T1200K_th0_seed12702/anisotropic_emission_audit_v10174.json,ffb8f3e5cf4ebbded383fce52ef696dd755d19d87eacf8e85b9a200311fbc5a9,ARCHIVED_SCALAR_STATE_ONLY
Peak,CONTROL,v913_zeroD_sobol_0242980,1200.0,12702,AUTHORITATIVE_TEMPERATURE_SWEEP_SEED_NOT_PAIRED,False,7,0,195,1220.3874959137218,2.9056845140802943e-05,6315991.213071068,8920.366074445914,62.99586360121146,24.60003537186478,26.897375467489685,2.2973400956249024,2.2973400956249024,,,0.09966665089402679,0.160701867572848,3.6523048487425886,,-0.0005219636346434778,1.694932734608301e-06,4.035553290734732e-14,False,False,PF_MODEL_NATIVE_DRIVING_TRAJECTORY_NOT_RESISTANCE,/Volumes/Data/Data/Nanopillar_calculation/PF-fracture-fatigue_v10_2_21_persistent_sites_top1/runs/1_final_v10_2_30_theta0_rate_extremes_four_class_1000um_base3621_v1/rate1x/v913_paper_peak01_0242980_persistent_sites/T1200K_th0_seed12702/steps_1200K.csv,95ba19655a31bcbd559b331a349ebd44e6ed495345b8d7f10d2379b39961b6ce,/Volumes/Data/Data/Nanopillar_calculation/PF-fracture-fatigue_v10_2_21_persistent_sites_top1/runs/1_final_v10_2_30_theta0_rate_extremes_four_class_1000um_base3621_v1/rate1x/v913_paper_peak01_0242980_persistent_sites/T1200K_th0_seed12702/anisotropic_emission_audit_v10174.json,ffb8f3e5cf4ebbded383fce52ef696dd755d19d87eacf8e85b9a200311fbc5a9,ARCHIVED_SCALAR_STATE_ONLY
Peak,CONTROL,v913_zeroD_sobol_0242980,1200.0,12702,AUTHORITATIVE_TEMPERATURE_SWEEP_SEED_NOT_PAIRED,False,8,0,205,1220.3874976086545,2.9056845181158476e-05,6314737.807564534,9137.464668526685,63.75783341455924,26.897375467489685,34.32146487684234,7.424089409352659,7.42408940935266,,,0.15479410718228023,0.10963280766087728,9.528627492964798,,-0.0013943881057852474,8.400002116104588e-07,2.000000303716519e-14,False,False,PF_MODEL_NATIVE_DRIVING_TRAJECTORY_NOT_RESISTANCE,/Volumes/Data/Data/Nanopillar_calculation/PF-fracture-fatigue_v10_2_21_persistent_sites_top1/runs/1_final_v10_2_30_theta0_rate_extremes_four_class_1000um_base3621_v1/rate1x/v913_paper_peak01_0242980_persistent_sites/T1200K_th0_seed12702/steps_1200K.csv,95ba19655a31bcbd559b331a349ebd44e6ed495345b8d7f10d2379b39961b6ce,/Volumes/Data/Data/Nanopillar_calculation/PF-fracture-fatigue_v10_2_21_persistent_sites_top1/runs/1_final_v10_2_30_theta0_rate_extremes_four_class_1000um_base3621_v1/rate1x/v913_paper_peak01_0242980_persistent_sites/T1200K_th0_seed12702/anisotropic_emission_audit_v10174.json,ffb8f3e5cf4ebbded383fce52ef696dd755d19d87eacf8e85b9a200311fbc5a9,ARCHIVED_SCALAR_STATE_ONLY
Peak,CONTROL,v913_zeroD_sobol_0242980,1200.0,12702,AUTHORITATIVE_TEMPERATURE_SWEEP_SEED_NOT_PAIRED,False,9,0,215,1220.3874984486547,2.905684520115848e-05,6309847.811640529,9919.680678615783,66.43080900632542,34.32146487684234,37.96037732393595,3.6389124470936114,3.638912447093611,,,0.17398045825378702,0.0755175144018454,11.900748022603395,,-0.0017521919980463512,3.015356469404651e-06,7.179421784180885e-14,False,False,PF_MODEL_NATIVE_DRIVING_TRAJECTORY_NOT_RESISTANCE,/Volumes/Data/Data/Nanopillar_calculation/PF-fracture-fatigue_v10_2_21_persistent_sites_top1/runs/1_final_v10_2_30_theta0_rate_extremes_four_class_1000um_base3621_v1/rate1x/v913_paper_peak01_0242980_persistent_sites/T1200K_th0_seed12702/steps_1200K.csv,95ba19655a31bcbd559b331a349ebd44e6ed495345b8d7f10d2379b39961b6ce,/Volumes/Data/Data/Nanopillar_calculation/PF-fracture-fatigue_v10_2_21_persistent_sites_top1/runs/1_final_v10_2_30_theta0_rate_extremes_four_class_1000um_base3621_v1/rate1x/v913_paper_peak01_0242980_persistent_sites/T1200K_th0_seed12702/anisotropic_emission_audit_v10174.json,ffb8f3e5cf4ebbded383fce52ef696dd755d19d87eacf8e85b9a200311fbc5a9,ARCHIVED_SCALAR_STATE_ONLY
Peak,CONTROL,v913_zeroD_sobol_0242980,1200.0,12702,AUTHORITATIVE_TEMPERATURE_SWEEP_SEED_NOT_PAIRED,False,10,0,225,1220.3875014640112,2.9056845272952697e-05,6307423.887424575,10269.929769793935,67.59342176436581,37.96037732393595,50.98766615442476,13.027288830488805,13.027288830488803,,,0.21055430055754187,0.041611695313367544,17.1247975934752,,-0.0024999307280952707,1.9044114196731243e-06,4.5343130563191975e-14,False,False,PF_MODEL_NATIVE_DRIVING_TRAJECTORY_NOT_RESISTANCE,/Volumes/Data/Data/Nanopillar_calculation/PF-fracture-fatigue_v10_2_21_persistent_sites_top1/runs/1_final_v10_2_30_theta0_rate_extremes_four_class_1000um_base3621_v1/rate1x/v913_paper_peak01_0242980_persistent_sites/T1200K_th0_seed12702/steps_1200K.csv,95ba19655a31bcbd559b331a349ebd44e6ed495345b8d7f10d2379b39961b6ce,/Volumes/Data/Data/Nanopillar_calculation/PF-fracture-fatigue_v10_2_21_persistent_sites_top1/runs/1_final_v10_2_30_theta0_rate_extremes_four_class_1000um_base3621_v1/rate1x/v913_paper_peak01_0242980_persistent_sites/T1200K_th0_seed12702/anisotropic_emission_audit_v10174.json,ffb8f3e5cf4ebbded383fce52ef696dd755d19d87eacf8e85b9a200311fbc5a9,ARCHIVED_SCALAR_STATE_ONLY
Peak,CONTROL,v913_zeroD_sobol_0242980,1200.0,12702,AUTHORITATIVE_TEMPERATURE_SWEEP_SEED_NOT_PAIRED,False,11,0,235,1220.3875033684226,2.9056845318295828e-05,6347913.7458330225,3349.155122121706,38.600090854358555,50.98766615442476,59.32115081138994,8.333484656965185,8.333484656965183,,,0.062434725866761076,0.9209230278907052,0.6528841822536087,,-7.318286736622792e-05,4.200001058052294e-07,1.000000321264849e-14,False,False,PF_MODEL_NATIVE_DRIVING_TRAJECTORY_NOT_RESISTANCE,/Volumes/Data/Data/Nanopillar_calculation/PF-fracture-fatigue_v10_2_21_persistent_sites_top1/runs/1_final_v10_2_30_theta0_rate_extremes_four_class_1000um_base3621_v1/rate1x/v913_paper_peak01_0242980_persistent_sites/T1200K_th0_seed12702/steps_1200K.csv,95ba19655a31bcbd559b331a349ebd44e6ed495345b8d7f10d2379b39961b6ce,/Volumes/Data/Data/Nanopillar_calculation/PF-fracture-fatigue_v10_2_21_persistent_sites_top1/runs/1_final_v10_2_30_theta0_rate_extremes_four_class_1000um_base3621_v1/rate1x/v913_paper_peak01_0242980_persistent_sites/T1200K_th0_seed12702/anisotropic_emission_audit_v10174.json,ffb8f3e5cf4ebbded383fce52ef696dd755d19d87eacf8e85b9a200311fbc5a9,ARCHIVED_SCALAR_STATE_ONLY
Peak,CONTROL,v913_zeroD_sobol_0242980,1200.0,12702,AUTHORITATIVE_TEMPERATURE_SWEEP_SEED_NOT_PAIRED,False,12,0,240,1220.3875037884227,2.905684532829583e-05,6344822.527577997,3591.2700441187462,39.970973600413835,59.32115081138994,61.618490907014845,2.2973400956249024,2.2973400956249024,,,0.06359041610733741,0.9447858695872886,0.6777496993799209,,-7.678836176532809e-05,1.6800004232209176e-07,4.000001285059396e-15,False,False,PF_MODEL_NATIVE_DRIVING_TRAJECTORY_NOT_RESISTANCE,/Volumes/Data/Data/Nanopillar_calculation/PF-fracture-fatigue_v10_2_21_persistent_sites_top1/runs/1_final_v10_2_30_theta0_rate_extremes_four_class_1000um_base3621_v1/rate1x/v913_paper_peak01_0242980_persistent_sites/T1200K_th0_seed12702/steps_1200K.csv,95ba19655a31bcbd559b331a349ebd44e6ed495345b8d7f10d2379b39961b6ce,/Volumes/Data/Data/Nanopillar_calculation/PF-fracture-fatigue_v10_2_21_persistent_sites_top1/runs/1_final_v10_2_30_theta0_rate_extremes_four_class_1000um_base3621_v1/rate1x/v913_paper_peak01_0242980_persistent_sites/T1200K_th0_seed12702/anisotropic_emission_audit_v10174.json,ffb8f3e5cf4ebbded383fce52ef696dd755d19d87eacf8e85b9a200311fbc5a9,ARCHIVED_SCALAR_STATE_ONLY
Peak,CONTROL,v913_zeroD_sobol_0242980,1200.0,12702,AUTHORITATIVE_TEMPERATURE_SWEEP_SEED_NOT_PAIRED,False,13,0,242,1220.3875039564227,2.9056845332295832e-05,6344822.528451435,3682.460666647092,40.47526992370013,61.618490907014845,63.91583100263975,2.2973400956249024,2.2973400956249024,,,0.05225957905964861,0.6242977245791389,0.44045365797705927,,-4.944207911232935e-05,6.72000169288367e-07,1.6000005140237583e-14,False,False,PF_MODEL_NATIVE_DRIVING_TRAJECTORY_NOT_RESISTANCE,/Volumes/Data/Data/Nanopillar_calculation/PF-fracture-fatigue_v10_2_21_persistent_sites_top1/runs/1_final_v10_2_30_theta0_rate_extremes_four_class_1000um_base3621_v1/rate1x/v913_paper_peak01_0242980_persistent_sites/T1200K_th0_seed12702/steps_1200K.csv,95ba19655a31bcbd559b331a349ebd44e6ed495345b8d7f10d2379b39961b6ce,/Volumes/Data/Data/Nanopillar_calculation/PF-fracture-fatigue_v10_2_21_persistent_sites_top1/runs/1_final_v10_2_30_theta0_rate_extremes_four_class_1000um_base3621_v1/rate1x/v913_paper_peak01_0242980_persistent_sites/T1200K_th0_seed12702/anisotropic_emission_audit_v10174.json,ffb8f3e5cf4ebbded383fce52ef696dd755d19d87eacf8e85b9a200311fbc5a9,ARCHIVED_SCALAR_STATE_ONLY
Peak,CONTROL,v913_zeroD_sobol_0242980,1200.0,12702,AUTHORITATIVE_TEMPERATURE_SWEEP_SEED_NOT_PAIRED,False,14,0,250,1220.387504628423,2.9056845348295837e-05,6343663.2319489205,3780.666819042384,41.011428631990185,63.91583100263975,66.90873871920328,2.9929077165635363,2.9929077165635363,,,0.08705585503803936,1.6711865592317163,1.4165066122190877,,-0.00016445281542527184,5.040001269662753e-07,1.2000003855178187e-14,False,False,PF_MODEL_NATIVE_DRIVING_TRAJECTORY_NOT_RESISTANCE,/Volumes/Data/Data/Nanopillar_calculation/PF-fracture-fatigue_v10_2_21_persistent_sites_top1/runs/1_final_v10_2_30_theta0_rate_extremes_four_class_1000um_base3621_v1/rate1x/v913_paper_peak01_0242980_persistent_sites/T1200K_th0_seed12702/steps_1200K.csv,95ba19655a31bcbd559b331a349ebd44e6ed495345b8d7f10d2379b39961b6ce,/Volumes/Data/Data/Nanopillar_calculation/PF-fracture-fatigue_v10_2_21_persistent_sites_top1/runs/1_final_v10_2_30_theta0_rate_extremes_four_class_1000um_base3621_v1/rate1x/v913_paper_peak01_0242980_persistent_sites/T1200K_th0_seed12702/anisotropic_emission_audit_v10174.json,ffb8f3e5cf4ebbded383fce52ef696dd755d19d87eacf8e85b9a200311fbc5a9,ARCHIVED_SCALAR_STATE_ONLY
Peak,CONTROL,v913_zeroD_sobol_0242980,1200.0,12702,AUTHORITATIVE_TEMPERATURE_SWEEP_SEED_NOT_PAIRED,False,15,0,256,1220.387505132423,2.905684536029584e-05,6342269.176270074,3922.538375296173,41.77383008098251,66.90873871920328,69.20607881482819,2.2973400956249024,2.2973400956249024,,,0.07272673996771056,1.0036103680774575,1.0377743660780232,,-0.00012165322747835791,1.5487171367567498e-06,3.687422410600036e-14,False,False,PF_MODEL_NATIVE_DRIVING_TRAJECTORY_NOT_RESISTANCE,/Volumes/Data/Data/Nanopillar_calculation/PF-fracture-fatigue_v10_2_21_persistent_sites_top1/runs/1_final_v10_2_30_theta0_rate_extremes_four_class_1000um_base3621_v1/rate1x/v913_paper_peak01_0242980_persistent_sites/T1200K_th0_seed12702/steps_1200K.csv,95ba19655a31bcbd559b331a349ebd44e6ed495345b8d7f10d2379b39961b6ce,/Volumes/Data/Data/Nanopillar_calculation/PF-fracture-fatigue_v10_2_21_persistent_sites_top1/runs/1_final_v10_2_30_theta0_rate_extremes_four_class_1000um_base3621_v1/rate1x/v913_paper_peak01_0242980_persistent_sites/T1200K_th0_seed12702/anisotropic_emission_audit_v10174.json,ffb8f3e5cf4ebbded383fce52ef696dd755d19d87eacf8e85b9a200311fbc5a9,ARCHIVED_SCALAR_STATE_ONLY
Peak,CONTROL,v913_zeroD_sobol_0242980,1200.0,12702,AUTHORITATIVE_TEMPERATURE_SWEEP_SEED_NOT_PAIRED,False,16,0,266,1220.3875066811402,2.9056845397170065e-05,6340579.238484611,4048.326551334392,42.438347413799015,69.20607881482819,75.98309185707616,6.7770130422479795,6.777013042247965,,,0.06703918684258829,0.8621906304747208,0.9482534410476331,,-0.00011282602642793098,2.1426399143820163e-06,5.101523587250356e-14,False,False,PF_MODEL_NATIVE_DRIVING_TRAJECTORY_NOT_RESISTANCE,/Volumes/Data/Data/Nanopillar_calculation/PF-fracture-fatigue_v10_2_21_persistent_sites_top1/runs/1_final_v10_2_30_theta0_rate_extremes_four_class_1000um_base3621_v1/rate1x/v913_paper_peak01_0242980_persistent_sites/T1200K_th0_seed12702/steps_1200K.csv,95ba19655a31bcbd559b331a349ebd44e6ed495345b8d7f10d2379b39961b6ce,/Volumes/Data/Data/Nanopillar_calculation/PF-fracture-fatigue_v10_2_21_persistent_sites_top1/runs/1_final_v10_2_30_theta0_rate_extremes_four_class_1000um_base3621_v1/rate1x/v913_paper_peak01_0242980_persistent_sites/T1200K_th0_seed12702/anisotropic_emission_audit_v10174.json,ffb8f3e5cf4ebbded383fce52ef696dd755d19d87eacf8e85b9a200311fbc5a9,ARCHIVED_SCALAR_STATE_ONLY
Peak,CONTROL,v913_zeroD_sobol_0242980,1200.0,12702,AUTHORITATIVE_TEMPERATURE_SWEEP_SEED_NOT_PAIRED,False,17,0,276,1220.38750882378,2.90568454481853e-05,6287782.890824513,7625.540239915683,58.24464517706986,75.98309185707616,85.35795482319814,9.374862966121977,9.374862966121992,,,0.11941812951050197,0.31501348984883365,5.459745977985612,,-0.0007809611568074789,8.400002116104588e-08,1.999997254397909e-15,False,False,PF_MODEL_NATIVE_DRIVING_TRAJECTORY_NOT_RESISTANCE,/Volumes/Data/Data/Nanopillar_calculation/PF-fracture-fatigue_v10_2_21_persistent_sites_top1/runs/1_final_v10_2_30_theta0_rate_extremes_four_class_1000um_base3621_v1/rate1x/v913_paper_peak01_0242980_persistent_sites/T1200K_th0_seed12702/steps_1200K.csv,95ba19655a31bcbd559b331a349ebd44e6ed495345b8d7f10d2379b39961b6ce,/Volumes/Data/Data/Nanopillar_calculation/PF-fracture-fatigue_v10_2_21_persistent_sites_top1/runs/1_final_v10_2_30_theta0_rate_extremes_four_class_1000um_base3621_v1/rate1x/v913_paper_peak01_0242980_persistent_sites/T1200K_th0_seed12702/anisotropic_emission_audit_v10174.json,ffb8f3e5cf4ebbded383fce52ef696dd755d19d87eacf8e85b9a200311fbc5a9,ARCHIVED_SCALAR_STATE_ONLY
Peak,CONTROL,v913_zeroD_sobol_0242980,1200.0,12702,AUTHORITATIVE_TEMPERATURE_SWEEP_SEED_NOT_PAIRED,False,18,0,277,1220.38750890778,2.90568454501853e-05,6283281.183777093,7452.903587163313,57.58156268699847,85.35795482319814,87.65502897683825,2.2970741536401054,2.2970741536401054,,,0.06622765018801892,0.18538364811028685,1.323896530550134,,-0.0001733614921130466,8.400002116104588e-08,2.000004030661487e-15,False,False,PF_MODEL_NATIVE_DRIVING_TRAJECTORY_NOT_RESISTANCE,/Volumes/Data/Data/Nanopillar_calculation/PF-fracture-fatigue_v10_2_21_persistent_sites_top1/runs/1_final_v10_2_30_theta0_rate_extremes_four_class_1000um_base3621_v1/rate1x/v913_paper_peak01_0242980_persistent_sites/T1200K_th0_seed12702/steps_1200K.csv,95ba19655a31bcbd559b331a349ebd44e6ed495345b8d7f10d2379b39961b6ce,/Volumes/Data/Data/Nanopillar_calculation/PF-fracture-fatigue_v10_2_21_persistent_sites_top1/runs/1_final_v10_2_30_theta0_rate_extremes_four_class_1000um_base3621_v1/rate1x/v913_paper_peak01_0242980_persistent_sites/T1200K_th0_seed12702/anisotropic_emission_audit_v10174.json,ffb8f3e5cf4ebbded383fce52ef696dd755d19d87eacf8e85b9a200311fbc5a9,ARCHIVED_SCALAR_STATE_ONLY
Peak,CONTROL,v913_zeroD_sobol_0242980,1200.0,12702,AUTHORITATIVE_TEMPERATURE_SWEEP_SEED_NOT_PAIRED,False,19,0,278,1220.3875089917801,2.9056845452185302e-05,6281554.992200523,7433.578533420518,57.50686099146803,87.65502897683825,89.95210313047835,2.2970741536401054,2.2970741536401054,,,0.04272086294297044,0.1469697486996427,0.5523311018861724,,-7.264353336385208e-05,2.7988451165583683e-06,6.663915838416024e-14,False,False,PF_MODEL_NATIVE_DRIVING_TRAJECTORY_NOT_RESISTANCE,/Volumes/Data/Data/Nanopillar_calculation/PF-fracture-fatigue_v10_2_21_persistent_sites_top1/runs/1_final_v10_2_30_theta0_rate_extremes_four_class_1000um_base3621_v1/rate1x/v913_paper_peak01_0242980_persistent_sites/T1200K_th0_seed12702/steps_1200K.csv,95ba19655a31bcbd559b331a349ebd44e6ed495345b8d7f10d2379b39961b6ce,/Volumes/Data/Data/Nanopillar_calculation/PF-fracture-fatigue_v10_2_21_persistent_sites_top1/runs/1_final_v10_2_30_theta0_rate_extremes_four_class_1000um_base3621_v1/rate1x/v913_paper_peak01_0242980_persistent_sites/T1200K_th0_seed12702/anisotropic_emission_audit_v10174.json,ffb8f3e5cf4ebbded383fce52ef696dd755d19d87eacf8e85b9a200311fbc5a9,ARCHIVED_SCALAR_STATE_ONLY
Peak,CONTROL,v913_zeroD_sobol_0242980,1200.0,12702,AUTHORITATIVE_TEMPERATURE_SWEEP_SEED_NOT_PAIRED,False,20,0,288,1220.3875117906252,2.905684551882446e-05,6279865.493824422,6459.893099392419,53.60846363007034,89.95210313047835,100.44855309804473,10.49644996756637,10.496449967566383,,,0.09421574497952585,0.4787602251928696,3.101559565199679,,-0.0004262894312256417,,,False,True,PF_MODEL_NATIVE_DRIVING_TRAJECTORY_NOT_RESISTANCE,/Volumes/Data/Data/Nanopillar_calculation/PF-fracture-fatigue_v10_2_21_persistent_sites_top1/runs/1_final_v10_2_30_theta0_rate_extremes_four_class_1000um_base3621_v1/rate1x/v913_paper_peak01_0242980_persistent_sites/T1200K_th0_seed12702/steps_1200K.csv,95ba19655a31bcbd559b331a349ebd44e6ed495345b8d7f10d2379b39961b6ce,/Volumes/Data/Data/Nanopillar_calculation/PF-fracture-fatigue_v10_2_21_persistent_sites_top1/runs/1_final_v10_2_30_theta0_rate_extremes_four_class_1000um_base3621_v1/rate1x/v913_paper_peak01_0242980_persistent_sites/T1200K_th0_seed12702/anisotropic_emission_audit_v10174.json,ffb8f3e5cf4ebbded383fce52ef696dd755d19d87eacf8e85b9a200311fbc5a9,ARCHIVED_SCALAR_STATE_ONLY
DBTT,R_FINALIST,oneD_v2_dbtt_R_9f5160f509e713e2,600.0,1008666,CANONICAL_FINALIST_SEED,True,0,0,99,714.8934287437253,1.7021272112945856e-05,3707911.5157435494,1878.5070253639303,28.908603139941167,0.0,2.931106565679095,2.931106565679095,2.931106565679095,1.0000000039057615,9.999983199924262,0.000220284510515656,1.6680701220931777e-05,1.649896191290467e-05,18807.39812813538,-2.2941188369861167e-09,1.4281331325580595,3.4003169822812855e-08,False,False,PF_MODEL_NATIVE_DRIVING_TRAJECTORY_NOT_RESISTANCE,/private/tmp/oneD-v2-peak-dbtt-R-pf-runs/DBTT_R/T600K_seed1008666/steps_0600K.csv,60b1a867c51cbd45a21031323f3a8ac1ff71980fa928f5abfc98bd14de03adf6,/private/tmp/oneD-v2-peak-dbtt-R-pf-runs/DBTT_R/T600K_seed1008666/anisotropic_emission_audit_v10174.json,e7d02b59a751dcc62a0b023f568ef7287c7898d173c521e8add9984572877cb7,FULL_PERSISTENT_SITE_OBSERVER
DBTT,R_FINALIST,oneD_v2_dbtt_R_9f5160f509e713e2,600.0,1008666,CANONICAL_FINALIST_SEED,True,1,0,110,716.3215618762833,1.705527528276867e-05,3715230.8916410697,1945.9444060160668,29.422929398307836,2.931106565679095,7.415929780049919,4.484823214370824,4.484823214370823,1.0000000001670295,9.999997757072332,8.048861518436405e-05,1.3010840462996453e-05,3.3471872594267754e-06,18807.425436073387,-5.505798638602579e-10,0.02547155152240066,6.064655124359724e-10,False,False,PF_MODEL_NATIVE_DRIVING_TRAJECTORY_NOT_RESISTANCE,/private/tmp/oneD-v2-peak-dbtt-R-pf-runs/DBTT_R/T600K_seed1008666/steps_0600K.csv,60b1a867c51cbd45a21031323f3a8ac1ff71980fa928f5abfc98bd14de03adf6,/private/tmp/oneD-v2-peak-dbtt-R-pf-runs/DBTT_R/T600K_seed1008666/anisotropic_emission_audit_v10174.json,e7d02b59a751dcc62a0b023f568ef7287c7898d173c521e8add9984572877cb7,FULL_PERSISTENT_SITE_OBSERVER
DBTT,R_FINALIST,oneD_v2_dbtt_R_9f5160f509e713e2,600.0,1008666,CANONICAL_FINALIST_SEED,True,2,0,120,716.3470334278057,1.7055881748281105e-05,3715051.4992149966,2067.435517198423,30.327504914008248,7.415929780049919,10.475434902500647,3.059505122450728,3.059505122450729,1.0000000000171154,9.999997938867443,7.71580549632198e-05,9.179315136315412e-06,3.21046833438622e-06,18807.42577516377,-5.32527860253923e-10,0.004509536457476315,1.073699156520962e-10,False,False,PF_MODEL_NATIVE_DRIVING_TRAJECTORY_NOT_RESISTANCE,/private/tmp/oneD-v2-peak-dbtt-R-pf-runs/DBTT_R/T600K_seed1008666/steps_0600K.csv,60b1a867c51cbd45a21031323f3a8ac1ff71980fa928f5abfc98bd14de03adf6,/private/tmp/oneD-v2-peak-dbtt-R-pf-runs/DBTT_R/T600K_seed1008666/anisotropic_emission_audit_v10174.json,e7d02b59a751dcc62a0b023f568ef7287c7898d173c521e8add9984572877cb7,FULL_PERSISTENT_SITE_OBSERVER
DBTT,R_FINALIST,oneD_v2_dbtt_R_9f5160f509e713e2,600.0,1008666,CANONICAL_FINALIST_SEED,True,3,0,130,716.3515429642632,1.7055989118196757e-05,3714745.8257589256,2164.6341542794016,31.03222736891218,10.475434902500647,17.738586165025698,7.263151262525049,7.263151262525049,1.0000000000002487,9.999998646229185,6.253193635510347e-05,1.7733013966428588e-06,1.8326925229196724e-06,18807.427105212166,-2.86960658478968e-10,2.635422447383462e-06,6.274815668688531e-14,False,False,PF_MODEL_NATIVE_DRIVING_TRAJECTORY_NOT_RESISTANCE,/private/tmp/oneD-v2-peak-dbtt-R-pf-runs/DBTT_R/T600K_seed1008666/steps_0600K.csv,60b1a867c51cbd45a21031323f3a8ac1ff71980fa928f5abfc98bd14de03adf6,/private/tmp/oneD-v2-peak-dbtt-R-pf-runs/DBTT_R/T600K_seed1008666/anisotropic_emission_audit_v10174.json,e7d02b59a751dcc62a0b023f568ef7287c7898d173c521e8add9984572877cb7,FULL_PERSISTENT_SITE_OBSERVER
DBTT,R_FINALIST,oneD_v2_dbtt_R_9f5160f509e713e2,600.0,1008666,CANONICAL_FINALIST_SEED,True,4,0,140,716.3515455996857,1.7055989180944914e-05,3712347.3269259175,2644.8528770598905,34.30215892912504,17.738586165025698,28.2064547972602,10.467868632234504,10.467868632234506,1.0,9.999999954265846,1.149345275419614e-05,1.9386895646941616e-08,4.8814740650345326e-08,18807.429565288236,-6.767252042458381e-12,1.1089980489487061e-06,2.6404693590029865e-14,False,False,PF_MODEL_NATIVE_DRIVING_TRAJECTORY_NOT_RESISTANCE,/private/tmp/oneD-v2-peak-dbtt-R-pf-runs/DBTT_R/T600K_seed1008666/steps_0600K.csv,60b1a867c51cbd45a21031323f3a8ac1ff71980fa928f5abfc98bd14de03adf6,/private/tmp/oneD-v2-peak-dbtt-R-pf-runs/DBTT_R/T600K_seed1008666/anisotropic_emission_audit_v10174.json,e7d02b59a751dcc62a0b023f568ef7287c7898d173c521e8add9984572877cb7,FULL_PERSISTENT_SITE_OBSERVER
DBTT,R_FINALIST,oneD_v2_dbtt_R_9f5160f509e713e2,600.0,1008666,CANONICAL_FINALIST_SEED,True,5,0,150,716.3515467086837,1.7055989207349607e-05,3707730.4445557855,2858.650880998288,35.661635360078876,28.2064547972602,33.059301215423474,4.852846418163278,4.852846418163273,1.0,9.999999996308649,3.2653000633113196e-06,8.747866256193955e-10,3.983803337020822e-09,18807.429644359938,-5.51234548381148e-13,8.400002116104588e-08,2.000000642529698e-15,False,False,PF_MODEL_NATIVE_DRIVING_TRAJECTORY_NOT_RESISTANCE,/private/tmp/oneD-v2-peak-dbtt-R-pf-runs/DBTT_R/T600K_seed1008666/steps_0600K.csv,60b1a867c51cbd45a21031323f3a8ac1ff71980fa928f5abfc98bd14de03adf6,/private/tmp/oneD-v2-peak-dbtt-R-pf-runs/DBTT_R/T600K_seed1008666/anisotropic_emission_audit_v10174.json,e7d02b59a751dcc62a0b023f568ef7287c7898d173c521e8add9984572877cb7,FULL_PERSISTENT_SITE_OBSERVER
DBTT,R_FINALIST,oneD_v2_dbtt_R_9f5160f509e713e2,600.0,1008666,CANONICAL_FINALIST_SEED,True,6,0,151,716.3515467926837,1.7055989209349608e-05,3706429.426828896,2881.605900054612,35.804530863604924,33.059301215423474,35.35664131104838,2.2973400956249024,2.2973400956249024,1.0,9.999999999012731,1.688681395621377e-06,2.466592642252365e-10,9.952212596571231e-10,18807.429649445625,-1.316558897921765e-13,1.198895915877074e-06,2.854514584774148e-14,False,False,PF_MODEL_NATIVE_DRIVING_TRAJECTORY_NOT_RESISTANCE,/private/tmp/oneD-v2-peak-dbtt-R-pf-runs/DBTT_R/T600K_seed1008666/steps_0600K.csv,60b1a867c51cbd45a21031323f3a8ac1ff71980fa928f5abfc98bd14de03adf6,/private/tmp/oneD-v2-peak-dbtt-R-pf-runs/DBTT_R/T600K_seed1008666/anisotropic_emission_audit_v10174.json,e7d02b59a751dcc62a0b023f568ef7287c7898d173c521e8add9984572877cb7,FULL_PERSISTENT_SITE_OBSERVER
DBTT,R_FINALIST,oneD_v2_dbtt_R_9f5160f509e713e2,600.0,1008666,CANONICAL_FINALIST_SEED,True,7,0,161,716.3515479915797,1.7055989237894754e-05,3705616.3486211663,2899.1588775076193,35.91341493307316,35.35664131104838,40.602872086987624,5.246230775939242,5.246230775939249,1.0,9.999999999965242,3.1684972498090215e-07,4.728492272625484e-12,3.5517630192341056e-11,18807.429651237053,-4.658511505823114e-15,1.1270390132267494e-06,2.6834274819559356e-14,False,False,PF_MODEL_NATIVE_DRIVING_TRAJECTORY_NOT_RESISTANCE,/private/tmp/oneD-v2-peak-dbtt-R-pf-runs/DBTT_R/T600K_seed1008666/steps_0600K.csv,60b1a867c51cbd45a21031323f3a8ac1ff71980fa928f5abfc98bd14de03adf6,/private/tmp/oneD-v2-peak-dbtt-R-pf-runs/DBTT_R/T600K_seed1008666/anisotropic_emission_audit_v10174.json,e7d02b59a751dcc62a0b023f568ef7287c7898d173c521e8add9984572877cb7,FULL_PERSISTENT_SITE_OBSERVER
DBTT,R_FINALIST,oneD_v2_dbtt_R_9f5160f509e713e2,600.0,1008666,CANONICAL_FINALIST_SEED,True,8,0,171,716.3515491186187,1.705598926472903e-05,3703400.900885646,2940.393907470056,36.16791325590694,40.602872086987624,45.534666691946185,4.931794604958564,4.931794604958557,1.0,9.999999999998558,6.452104400184271e-08,1.1701992107772794e-13,1.4839264866427777e-12,18807.42965129971,-1.8964330200688251e-16,8.400002116104588e-08,2.000000642529698e-15,False,False,PF_MODEL_NATIVE_DRIVING_TRAJECTORY_NOT_RESISTANCE,/private/tmp/oneD-v2-peak-dbtt-R-pf-runs/DBTT_R/T600K_seed1008666/steps_0600K.csv,60b1a867c51cbd45a21031323f3a8ac1ff71980fa928f5abfc98bd14de03adf6,/private/tmp/oneD-v2-peak-dbtt-R-pf-runs/DBTT_R/T600K_seed1008666/anisotropic_emission_audit_v10174.json,e7d02b59a751dcc62a0b023f568ef7287c7898d173c521e8add9984572877cb7,FULL_PERSISTENT_SITE_OBSERVER
DBTT,R_FINALIST,oneD_v2_dbtt_R_9f5160f509e713e2,600.0,1008666,CANONICAL_FINALIST_SEED,True,9,0,172,716.3515492026187,1.705598926672903e-05,3701904.5985516855,2948.443389410132,36.21738519709133,45.534666691946185,47.83200678757109,2.2973400956249024,2.2973400956249024,1.0,9.999999999999707,2.8985727055290504e-08,3.0421574926484574e-14,2.6766616450388236e-13,18807.429651301874,-3.186364644173712e-17,1.6800004232209176e-07,4.000001285059396e-15,False,False,PF_MODEL_NATIVE_DRIVING_TRAJECTORY_NOT_RESISTANCE,/private/tmp/oneD-v2-peak-dbtt-R-pf-runs/DBTT_R/T600K_seed1008666/steps_0600K.csv,60b1a867c51cbd45a21031323f3a8ac1ff71980fa928f5abfc98bd14de03adf6,/private/tmp/oneD-v2-peak-dbtt-R-pf-runs/DBTT_R/T600K_seed1008666/anisotropic_emission_audit_v10174.json,e7d02b59a751dcc62a0b023f568ef7287c7898d173c521e8add9984572877cb7,FULL_PERSISTENT_SITE_OBSERVER
DBTT,R_FINALIST,oneD_v2_dbtt_R_9f5160f509e713e2,600.0,1008666,CANONICAL_FINALIST_SEED,True,10,0,174,716.3515493706187,1.705598927072903e-05,3700050.0982836895,2982.836073717838,36.42800509724522,47.83200678757109,50.12934688319599,2.2973400956249024,2.2973400956249024,1.0,9.999999999999947,1.2207995647370729e-08,4.059419705147348e-15,4.863883660073689e-14,18807.429651302322,-5.801843957194646e-18,181.5405748517103,4.322394639326477e-06,True,False,PF_MODEL_NATIVE_DRIVING_TRAJECTORY_NOT_RESISTANCE,/private/tmp/oneD-v2-peak-dbtt-R-pf-runs/DBTT_R/T600K_seed1008666/steps_0600K.csv,60b1a867c51cbd45a21031323f3a8ac1ff71980fa928f5abfc98bd14de03adf6,/private/tmp/oneD-v2-peak-dbtt-R-pf-runs/DBTT_R/T600K_seed1008666/anisotropic_emission_audit_v10174.json,e7d02b59a751dcc62a0b023f568ef7287c7898d173c521e8add9984572877cb7,FULL_PERSISTENT_SITE_OBSERVER
DBTT,R_FINALIST,oneD_v2_dbtt_R_9f5160f509e713e2,600.0,1008666,CANONICAL_FINALIST_SEED,True,11,1,219,897.892124222329,2.1378383910055507e-05,4670541.0844941065,1821.2698801258432,28.464781077231823,50.12934688319599,52.42668697882088,2.2973400956248953,2.2973400956249024,1.0000000002812284,9.999998838969818,5.777853872295967e-05,8.738137657033031e-07,1.1442723413268822e-06,18807.427472992258,-1.3683914607415592e-10,10.2995212388455,2.4522669616298614e-07,False,False,PF_MODEL_NATIVE_DRIVING_TRAJECTORY_NOT_RESISTANCE,/private/tmp/oneD-v2-peak-dbtt-R-pf-runs/DBTT_R/T600K_seed1008666/steps_0600K.csv,60b1a867c51cbd45a21031323f3a8ac1ff71980fa928f5abfc98bd14de03adf6,/private/tmp/oneD-v2-peak-dbtt-R-pf-runs/DBTT_R/T600K_seed1008666/anisotropic_emission_audit_v10174.json,e7d02b59a751dcc62a0b023f568ef7287c7898d173c521e8add9984572877cb7,FULL_PERSISTENT_SITE_OBSERVER
DBTT,R_FINALIST,oneD_v2_dbtt_R_9f5160f509e713e2,600.0,1008666,CANONICAL_FINALIST_SEED,True,12,1,233,908.1916454611745,2.1623610606218494e-05,4723622.872407316,1895.046172981982,29.03558585988568,52.42668697882088,56.677418122201125,4.250731143380243,4.250731143380237,1.0000000000549476,9.999999646848822,3.18598240346421e-05,7.292524178258902e-07,4.180403359855807e-07,18807.428988149255,-5.298191080691399e-11,1.2387583049894602,2.9494245356886825e-08,False,False,PF_MODEL_NATIVE_DRIVING_TRAJECTORY_NOT_RESISTANCE,/private/tmp/oneD-v2-peak-dbtt-R-pf-runs/DBTT_R/T600K_seed1008666/steps_0600K.csv,60b1a867c51cbd45a21031323f3a8ac1ff71980fa928f5abfc98bd14de03adf6,/private/tmp/oneD-v2-peak-dbtt-R-pf-runs/DBTT_R/T600K_seed1008666/anisotropic_emission_audit_v10174.json,e7d02b59a751dcc62a0b023f568ef7287c7898d173c521e8add9984572877cb7,FULL_PERSISTENT_SITE_OBSERVER
DBTT,R_FINALIST,oneD_v2_dbtt_R_9f5160f509e713e2,600.0,1008666,CANONICAL_FINALIST_SEED,True,13,1,244,909.430403766164,2.165310485157538e-05,4728967.228114932,1969.5722302069628,29.601018305216943,56.677418122201125,64.60637726595918,7.9289591437580516,7.9289591437580516,1.0000000000064238,9.999999870558115,1.9292335901719906e-05,2.74736128310345e-07,1.8684062598367417e-07,18807.429407976324,-2.39314406119862e-11,0.018704519476614223,4.4534570182406e-10,False,False,PF_MODEL_NATIVE_DRIVING_TRAJECTORY_NOT_RESISTANCE,/private/tmp/oneD-v2-peak-dbtt-R-pf-runs/DBTT_R/T600K_seed1008666/steps_0600K.csv,60b1a867c51cbd45a21031323f3a8ac1ff71980fa928f5abfc98bd14de03adf6,/private/tmp/oneD-v2-peak-dbtt-R-pf-runs/DBTT_R/T600K_seed1008666/anisotropic_emission_audit_v10174.json,e7d02b59a751dcc62a0b023f568ef7287c7898d173c521e8add9984572877cb7,FULL_PERSISTENT_SITE_OBSERVER
DBTT,R_FINALIST,oneD_v2_dbtt_R_9f5160f509e713e2,600.0,1008666,CANONICAL_FINALIST_SEED,True,14,1,254,909.4491082856406,2.1653550197277204e-05,4726658.974179689,2116.4231417007973,30.684704558714692,64.60637726595918,73.04590364404542,8.439526378086239,8.439526378086251,1.0000000000000406,9.999999972183014,8.94588098690553e-06,1.995200533551792e-08,3.5874676047966825e-08,18807.429598986586,-4.019772163651375e-12,2.5200006348313764e-07,6.000001927589094e-15,False,False,PF_MODEL_NATIVE_DRIVING_TRAJECTORY_NOT_RESISTANCE,/private/tmp/oneD-v2-peak-dbtt-R-pf-runs/DBTT_R/T600K_seed1008666/steps_0600K.csv,60b1a867c51cbd45a21031323f3a8ac1ff71980fa928f5abfc98bd14de03adf6,/private/tmp/oneD-v2-peak-dbtt-R-pf-runs/DBTT_R/T600K_seed1008666/anisotropic_emission_audit_v10174.json,e7d02b59a751dcc62a0b023f568ef7287c7898d173c521e8add9984572877cb7,FULL_PERSISTENT_SITE_OBSERVER
DBTT,R_FINALIST,oneD_v2_dbtt_R_9f5160f509e713e2,600.0,1008666,CANONICAL_FINALIST_SEED,True,15,1,257,909.4491085376407,2.1653550203277206e-05,4685041.943308453,4649.0595865308005,45.47819836059799,73.04590364404542,75.34297779768553,2.297074153640119,2.2970741536401054,1.000000000000008,9.999999986595594,6.209746434378669e-06,2.9128356277787895e-09,2.0708601538465074e-08,18807.429626092337,-2.637301518701869e-12,5.040001269662753e-07,1.2000000467046398e-14,False,False,PF_MODEL_NATIVE_DRIVING_TRAJECTORY_NOT_RESISTANCE,/private/tmp/oneD-v2-peak-dbtt-R-pf-runs/DBTT_R/T600K_seed1008666/steps_0600K.csv,60b1a867c51cbd45a21031323f3a8ac1ff71980fa928f5abfc98bd14de03adf6,/private/tmp/oneD-v2-peak-dbtt-R-pf-runs/DBTT_R/T600K_seed1008666/anisotropic_emission_audit_v10174.json,e7d02b59a751dcc62a0b023f568ef7287c7898d173c521e8add9984572877cb7,FULL_PERSISTENT_SITE_OBSERVER
DBTT,R_FINALIST,oneD_v2_dbtt_R_9f5160f509e713e2,600.0,1008666,CANONICAL_FINALIST_SEED,True,16,1,263,909.4491090416408,2.1653550215277207e-05,4684207.3033307055,4727.376007692693,45.85965346491744,75.34297779768553,77.64005195132565,2.2970741536401054,2.2970741536401054,1.0000000000000013,9.999999994464508,3.990418297962792e-06,6.670638557280121e-10,8.131060368547995e-09,18807.429640891616,-9.948193653702717e-13,3.360000846441835e-07,8.00000595825058e-15,False,False,PF_MODEL_NATIVE_DRIVING_TRAJECTORY_NOT_RESISTANCE,/private/tmp/oneD-v2-peak-dbtt-R-pf-runs/DBTT_R/T600K_seed1008666/steps_0600K.csv,60b1a867c51cbd45a21031323f3a8ac1ff71980fa928f5abfc98bd14de03adf6,/private/tmp/oneD-v2-peak-dbtt-R-pf-runs/DBTT_R/T600K_seed1008666/anisotropic_emission_audit_v10174.json,e7d02b59a751dcc62a0b023f568ef7287c7898d173c521e8add9984572877cb7,FULL_PERSISTENT_SITE_OBSERVER
DBTT,R_FINALIST,oneD_v2_dbtt_R_9f5160f509e713e2,600.0,1008666,CANONICAL_FINALIST_SEED,True,17,1,267,909.4491093776409,2.1653550223277213e-05,4683357.862898232,4800.297657719153,46.21200155996284,77.64005195132565,79.93712610496574,2.2970741536401054,2.2970741536401054,1.0000000000000007,9.999999998007809,2.3938967555130663e-06,1.700897943817484e-10,2.7461821541667577e-09,18807.429647555637,-3.154438406494768e-13,3.360000846441835e-07,8.000002570118792e-15,False,False,PF_MODEL_NATIVE_DRIVING_TRAJECTORY_NOT_RESISTANCE,/private/tmp/oneD-v2-peak-dbtt-R-pf-runs/DBTT_R/T600K_seed1008666/steps_0600K.csv,60b1a867c51cbd45a21031323f3a8ac1ff71980fa928f5abfc98bd14de03adf6,/private/tmp/oneD-v2-peak-dbtt-R-pf-runs/DBTT_R/T600K_seed1008666/anisotropic_emission_audit_v10174.json,e7d02b59a751dcc62a0b023f568ef7287c7898d173c521e8add9984572877cb7,FULL_PERSISTENT_SITE_OBSERVER
DBTT,R_FINALIST,oneD_v2_dbtt_R_9f5160f509e713e2,600.0,1008666,CANONICAL_FINALIST_SEED,True,18,1,271,909.449109713641,2.1653550231277215e-05,4682321.732064626,4877.372787520315,46.581521595695854,79.93712610496574,82.23340249422276,2.2962763892570144,2.2962763892570144,1.0000000000000013,9.999999999358222,1.3587121531127148e-06,3.738228424941336e-11,8.396682678758033e-10,18807.429650095433,-9.092318151574064e-14,4.023631163363461e-06,9.580073754146372e-14,False,False,PF_MODEL_NATIVE_DRIVING_TRAJECTORY_NOT_RESISTANCE,/private/tmp/oneD-v2-peak-dbtt-R-pf-runs/DBTT_R/T600K_seed1008666/steps_0600K.csv,60b1a867c51cbd45a21031323f3a8ac1ff71980fa928f5abfc98bd14de03adf6,/private/tmp/oneD-v2-peak-dbtt-R-pf-runs/DBTT_R/T600K_seed1008666/anisotropic_emission_audit_v10174.json,e7d02b59a751dcc62a0b023f568ef7287c7898d173c521e8add9984572877cb7,FULL_PERSISTENT_SITE_OBSERVER
DBTT,R_FINALIST,oneD_v2_dbtt_R_9f5160f509e713e2,600.0,1008666,CANONICAL_FINALIST_SEED,True,19,1,281,909.4491137372721,2.1653550327077953e-05,4681070.457508937,4969.030883442511,47.01717630665354,82.23340249422276,100.16094124707362,17.927538752850865,17.927538752850865,1.0000000000000013,9.999999999992962,1.4185166939587854e-07,2.275478318123772e-17,7.989707791302516e-12,18807.42965128921,-5.40195963562624e-16,,,False,True,PF_MODEL_NATIVE_DRIVING_TRAJECTORY_NOT_RESISTANCE,/private/tmp/oneD-v2-peak-dbtt-R-pf-runs/DBTT_R/T600K_seed1008666/steps_0600K.csv,60b1a867c51cbd45a21031323f3a8ac1ff71980fa928f5abfc98bd14de03adf6,/private/tmp/oneD-v2-peak-dbtt-R-pf-runs/DBTT_R/T600K_seed1008666/anisotropic_emission_audit_v10174.json,e7d02b59a751dcc62a0b023f568ef7287c7898d173c521e8add9984572877cb7,FULL_PERSISTENT_SITE_OBSERVER
DBTT,CONTROL,v913_zeroD_sobol_0202500,600.0,1004630,AUTHORITATIVE_TEMPERATURE_SWEEP_SEED_NOT_PAIRED,False,0,0,84,575.9254184959932,1.3712509964190322e-05,2987131.236054823,1219.1656181547664,23.289064764188222,0.0,2.6931927694278173,2.6931927694278173,2.6931927694278173,,,5.2024403323950025e-06,0.0,8.759055328509477e-09,,-1.1866184763769883e-12,0.10105023592518592,2.4059579982144364e-09,False,False,PF_MODEL_NATIVE_DRIVING_TRAJECTORY_NOT_RESISTANCE,/Volumes/Data/Data/Nanopillar_calculation/PF-fracture-fatigue_v10_2_21_persistent_sites_top1/runs/1_final_v10_2_30_theta0_rate_extremes_four_class_1000um_base3621_v1/rate1x/v913_paper_dbtt01_0202500_persistent_sites/T600K_th0_seed1004630/steps_0600K.csv,955d63e5cd8019c49b933c89a0a6e594fc49ceea62bb8584d15785dc21a4cceb,/Volumes/Data/Data/Nanopillar_calculation/PF-fracture-fatigue_v10_2_21_persistent_sites_top1/runs/1_final_v10_2_30_theta0_rate_extremes_four_class_1000um_base3621_v1/rate1x/v913_paper_dbtt01_0202500_persistent_sites/T600K_th0_seed1004630/anisotropic_emission_audit_v10174.json,c49f48fa8a65b4339e7fd85c4eb0e11af455618ed7c1bd46833a59d3012022e5,ARCHIVED_SCALAR_STATE_ONLY
DBTT,CONTROL,v913_zeroD_sobol_0202500,600.0,1004630,AUTHORITATIVE_TEMPERATURE_SWEEP_SEED_NOT_PAIRED,False,1,0,94,576.0264687319184,1.3714915922188537e-05,2987584.68952154,1256.8473494684245,23.646232863779,2.6931927694278173,4.990532865052719,2.2973400956249024,2.2973400956249024,,,1.819805234727969e-06,0.0,9.210755419637918e-10,,-1.161464739465756e-13,0.023768494455794098,5.659165346591272e-10,False,False,PF_MODEL_NATIVE_DRIVING_TRAJECTORY_NOT_RESISTANCE,/Volumes/Data/Data/Nanopillar_calculation/PF-fracture-fatigue_v10_2_21_persistent_sites_top1/runs/1_final_v10_2_30_theta0_rate_extremes_four_class_1000um_base3621_v1/rate1x/v913_paper_dbtt01_0202500_persistent_sites/T600K_th0_seed1004630/steps_0600K.csv,955d63e5cd8019c49b933c89a0a6e594fc49ceea62bb8584d15785dc21a4cceb,/Volumes/Data/Data/Nanopillar_calculation/PF-fracture-fatigue_v10_2_21_persistent_sites_top1/runs/1_final_v10_2_30_theta0_rate_extremes_four_class_1000um_base3621_v1/rate1x/v913_paper_dbtt01_0202500_persistent_sites/T600K_th0_seed1004630/anisotropic_emission_audit_v10174.json,c49f48fa8a65b4339e7fd85c4eb0e11af455618ed7c1bd46833a59d3012022e5,ARCHIVED_SCALAR_STATE_ONLY
DBTT,CONTROL,v913_zeroD_sobol_0202500,600.0,1004630,AUTHORITATIVE_TEMPERATURE_SWEEP_SEED_NOT_PAIRED,False,2,0,104,576.0502372263742,1.3715481838723196e-05,2987617.973742251,1291.0710936008463,23.9660120932002,4.990532865052719,7.287872960677621,2.2973400956249015,2.2973400956249024,,,5.238820015498059e-07,0.0,7.551973726144629e-11,,-9.508917961868399e-15,0.004445865974389562,1.0585395177043454e-10,False,False,PF_MODEL_NATIVE_DRIVING_TRAJECTORY_NOT_RESISTANCE,/Volumes/Data/Data/Nanopillar_calculation/PF-fracture-fatigue_v10_2_21_persistent_sites_top1/runs/1_final_v10_2_30_theta0_rate_extremes_four_class_1000um_base3621_v1/rate1x/v913_paper_dbtt01_0202500_persistent_sites/T600K_th0_seed1004630/steps_0600K.csv,955d63e5cd8019c49b933c89a0a6e594fc49ceea62bb8584d15785dc21a4cceb,/Volumes/Data/Data/Nanopillar_calculation/PF-fracture-fatigue_v10_2_21_persistent_sites_top1/runs/1_final_v10_2_30_theta0_rate_extremes_four_class_1000um_base3621_v1/rate1x/v913_paper_dbtt01_0202500_persistent_sites/T600K_th0_seed1004630/anisotropic_emission_audit_v10174.json,c49f48fa8a65b4339e7fd85c4eb0e11af455618ed7c1bd46833a59d3012022e5,ARCHIVED_SCALAR_STATE_ONLY
DBTT,CONTROL,v913_zeroD_sobol_0202500,600.0,1004630,AUTHORITATIVE_TEMPERATURE_SWEEP_SEED_NOT_PAIRED,False,3,0,114,576.0546830923486,1.3715587692674966e-05,2987480.5285526826,1336.5204823770234,24.384199603300445,7.287872960677621,11.202485393724432,3.914612433046811,3.9146124330468117,,,8.014885065934427e-08,0.0,2.196368400518126e-12,,-3.052009179971129e-16,5.8523540928945295e-06,1.393417631577248e-13,False,False,PF_MODEL_NATIVE_DRIVING_TRAJECTORY_NOT_RESISTANCE,/Volumes/Data/Data/Nanopillar_calculation/PF-fracture-fatigue_v10_2_21_persistent_sites_top1/runs/1_final_v10_2_30_theta0_rate_extremes_four_class_1000um_base3621_v1/rate1x/v913_paper_dbtt01_0202500_persistent_sites/T600K_th0_seed1004630/steps_0600K.csv,955d63e5cd8019c49b933c89a0a6e594fc49ceea62bb8584d15785dc21a4cceb,/Volumes/Data/Data/Nanopillar_calculation/PF-fracture-fatigue_v10_2_21_persistent_sites_top1/runs/1_final_v10_2_30_theta0_rate_extremes_four_class_1000um_base3621_v1/rate1x/v913_paper_dbtt01_0202500_persistent_sites/T600K_th0_seed1004630/anisotropic_emission_audit_v10174.json,c49f48fa8a65b4339e7fd85c4eb0e11af455618ed7c1bd46833a59d3012022e5,ARCHIVED_SCALAR_STATE_ONLY
DBTT,CONTROL,v913_zeroD_sobol_0202500,600.0,1004630,AUTHORITATIVE_TEMPERATURE_SWEEP_SEED_NOT_PAIRED,False,4,0,124,576.0546889447027,1.371558783201673e-05,2986802.6768811853,1478.5959031611696,25.647523982489574,11.202485393724432,15.475424421580492,4.272939027856061,4.272939027856059,,,9.868604072301232e-09,0.0,2.5592035692857064e-14,,-3.1084018744982194e-18,1.6800004232209176e-07,4.00000297912529e-15,False,False,PF_MODEL_NATIVE_DRIVING_TRAJECTORY_NOT_RESISTANCE,/Volumes/Data/Data/Nanopillar_calculation/PF-fracture-fatigue_v10_2_21_persistent_sites_top1/runs/1_final_v10_2_30_theta0_rate_extremes_four_class_1000um_base3621_v1/rate1x/v913_paper_dbtt01_0202500_persistent_sites/T600K_th0_seed1004630/steps_0600K.csv,955d63e5cd8019c49b933c89a0a6e594fc49ceea62bb8584d15785dc21a4cceb,/Volumes/Data/Data/Nanopillar_calculation/PF-fracture-fatigue_v10_2_21_persistent_sites_top1/runs/1_final_v10_2_30_theta0_rate_extremes_four_class_1000um_base3621_v1/rate1x/v913_paper_dbtt01_0202500_persistent_sites/T600K_th0_seed1004630/anisotropic_emission_audit_v10174.json,c49f48fa8a65b4339e7fd85c4eb0e11af455618ed7c1bd46833a59d3012022e5,ARCHIVED_SCALAR_STATE_ONLY
DBTT,CONTROL,v913_zeroD_sobol_0202500,600.0,1004630,AUTHORITATIVE_TEMPERATURE_SWEEP_SEED_NOT_PAIRED,False,5,0,126,576.0546891127027,1.3715587836016732e-05,2986184.7470384575,1584.4644911859648,26.549842600836122,15.475424421580492,17.772764517205392,2.297340095624899,2.2973400956249024,,,2.4246359806659345e-09,7.816732427902254e-24,1.4775065930946465e-15,,-1.7481156908526294e-19,1.8078275161315105e-06,4.304350387403233e-14,False,False,PF_MODEL_NATIVE_DRIVING_TRAJECTORY_NOT_RESISTANCE,/Volumes/Data/Data/Nanopillar_calculation/PF-fracture-fatigue_v10_2_21_persistent_sites_top1/runs/1_final_v10_2_30_theta0_rate_extremes_four_class_1000um_base3621_v1/rate1x/v913_paper_dbtt01_0202500_persistent_sites/T600K_th0_seed1004630/steps_0600K.csv,955d63e5cd8019c49b933c89a0a6e594fc49ceea62bb8584d15785dc21a4cceb,/Volumes/Data/Data/Nanopillar_calculation/PF-fracture-fatigue_v10_2_21_persistent_sites_top1/runs/1_final_v10_2_30_theta0_rate_extremes_four_class_1000um_base3621_v1/rate1x/v913_paper_dbtt01_0202500_persistent_sites/T600K_th0_seed1004630/anisotropic_emission_audit_v10174.json,c49f48fa8a65b4339e7fd85c4eb0e11af455618ed7c1bd46833a59d3012022e5,ARCHIVED_SCALAR_STATE_ONLY
DBTT,CONTROL,v913_zeroD_sobol_0202500,600.0,1004630,AUTHORITATIVE_TEMPERATURE_SWEEP_SEED_NOT_PAIRED,False,6,0,136,576.0546909205302,1.3715587879060236e-05,2985287.1891436055,1710.3496245921947,27.584374706605672,17.772764517205392,25.74576188840846,7.9729973712030695,7.972997371203067,,,3.236166395721772e-10,9.504150972309749e-25,4.112198275051893e-17,,-5.871000434091969e-21,2.5200006348313764e-07,6.000003621654988e-15,False,False,PF_MODEL_NATIVE_DRIVING_TRAJECTORY_NOT_RESISTANCE,/Volumes/Data/Data/Nanopillar_calculation/PF-fracture-fatigue_v10_2_21_persistent_sites_top1/runs/1_final_v10_2_30_theta0_rate_extremes_four_class_1000um_base3621_v1/rate1x/v913_paper_dbtt01_0202500_persistent_sites/T600K_th0_seed1004630/steps_0600K.csv,955d63e5cd8019c49b933c89a0a6e594fc49ceea62bb8584d15785dc21a4cceb,/Volumes/Data/Data/Nanopillar_calculation/PF-fracture-fatigue_v10_2_21_persistent_sites_top1/runs/1_final_v10_2_30_theta0_rate_extremes_four_class_1000um_base3621_v1/rate1x/v913_paper_dbtt01_0202500_persistent_sites/T600K_th0_seed1004630/anisotropic_emission_audit_v10174.json,c49f48fa8a65b4339e7fd85c4eb0e11af455618ed7c1bd46833a59d3012022e5,ARCHIVED_SCALAR_STATE_ONLY
DBTT,CONTROL,v913_zeroD_sobol_0202500,600.0,1004630,AUTHORITATIVE_TEMPERATURE_SWEEP_SEED_NOT_PAIRED,False,7,0,139,576.0546911725303,1.371558788506024e-05,2982081.111225764,1798.226441698862,28.284133928628478,25.74576188840846,28.04310198403336,2.297340095624899,2.2973400956249024,,,4.3593293191280077e-10,7.164797337160548e-25,7.729821493997093e-17,,-1.1127529665434336e-20,8.635242920718156e-07,2.0560098491339412e-14,False,False,PF_MODEL_NATIVE_DRIVING_TRAJECTORY_NOT_RESISTANCE,/Volumes/Data/Data/Nanopillar_calculation/PF-fracture-fatigue_v10_2_21_persistent_sites_top1/runs/1_final_v10_2_30_theta0_rate_extremes_four_class_1000um_base3621_v1/rate1x/v913_paper_dbtt01_0202500_persistent_sites/T600K_th0_seed1004630/steps_0600K.csv,955d63e5cd8019c49b933c89a0a6e594fc49ceea62bb8584d15785dc21a4cceb,/Volumes/Data/Data/Nanopillar_calculation/PF-fracture-fatigue_v10_2_21_persistent_sites_top1/runs/1_final_v10_2_30_theta0_rate_extremes_four_class_1000um_base3621_v1/rate1x/v913_paper_dbtt01_0202500_persistent_sites/T600K_th0_seed1004630/anisotropic_emission_audit_v10174.json,c49f48fa8a65b4339e7fd85c4eb0e11af455618ed7c1bd46833a59d3012022e5,ARCHIVED_SCALAR_STATE_ONLY
DBTT,CONTROL,v913_zeroD_sobol_0202500,600.0,1004630,AUTHORITATIVE_TEMPERATURE_SWEEP_SEED_NOT_PAIRED,False,8,0,149,576.0546920360546,1.3715587905620338e-05,2981597.354989852,1816.8926641567805,28.430554560574993,28.04310198403336,31.821785778328277,3.778683794294916,3.778683794294913,,,7.287600966387448e-10,6.518619765594052e-25,2.126648083075554e-16,,-3.0012815851754456e-20,2.5200006348313764e-07,6.000001927589094e-15,False,False,PF_MODEL_NATIVE_DRIVING_TRAJECTORY_NOT_RESISTANCE,/Volumes/Data/Data/Nanopillar_calculation/PF-fracture-fatigue_v10_2_21_persistent_sites_top1/runs/1_final_v10_2_30_theta0_rate_extremes_four_class_1000um_base3621_v1/rate1x/v913_paper_dbtt01_0202500_persistent_sites/T600K_th0_seed1004630/steps_0600K.csv,955d63e5cd8019c49b933c89a0a6e594fc49ceea62bb8584d15785dc21a4cceb,/Volumes/Data/Data/Nanopillar_calculation/PF-fracture-fatigue_v10_2_21_persistent_sites_top1/runs/1_final_v10_2_30_theta0_rate_extremes_four_class_1000um_base3621_v1/rate1x/v913_paper_dbtt01_0202500_persistent_sites/T600K_th0_seed1004630/anisotropic_emission_audit_v10174.json,c49f48fa8a65b4339e7fd85c4eb0e11af455618ed7c1bd46833a59d3012022e5,ARCHIVED_SCALAR_STATE_ONLY
DBTT,CONTROL,v913_zeroD_sobol_0202500,600.0,1004630,AUTHORITATIVE_TEMPERATURE_SWEEP_SEED_NOT_PAIRED,False,9,0,152,576.0546922880546,1.371558791162034e-05,2980478.648964528,1863.252039399018,28.790983322088444,31.821785778328277,34.11912587395318,2.2973400956249024,2.2973400956249024,,,5.481809340159679e-10,6.415260103748721e-25,1.1246750022174516e-16,,-1.541127897708964e-20,1.463058652007021e-06,3.4834738175601454e-14,False,False,PF_MODEL_NATIVE_DRIVING_TRAJECTORY_NOT_RESISTANCE,/Volumes/Data/Data/Nanopillar_calculation/PF-fracture-fatigue_v10_2_21_persistent_sites_top1/runs/1_final_v10_2_30_theta0_rate_extremes_four_class_1000um_base3621_v1/rate1x/v913_paper_dbtt01_0202500_persistent_sites/T600K_th0_seed1004630/steps_0600K.csv,955d63e5cd8019c49b933c89a0a6e594fc49ceea62bb8584d15785dc21a4cceb,/Volumes/Data/Data/Nanopillar_calculation/PF-fracture-fatigue_v10_2_21_persistent_sites_top1/runs/1_final_v10_2_30_theta0_rate_extremes_four_class_1000um_base3621_v1/rate1x/v913_paper_dbtt01_0202500_persistent_sites/T600K_th0_seed1004630/anisotropic_emission_audit_v10174.json,c49f48fa8a65b4339e7fd85c4eb0e11af455618ed7c1bd46833a59d3012022e5,ARCHIVED_SCALAR_STATE_ONLY
DBTT,CONTROL,v913_zeroD_sobol_0202500,600.0,1004630,AUTHORITATIVE_TEMPERATURE_SWEEP_SEED_NOT_PAIRED,False,10,0,162,576.0546937511133,1.3715587946455078e-05,2979712.0535403644,1891.4924904998688,29.008348615413936,34.11912587395318,40.521304801162785,6.402178927209607,6.402178927209607,,,7.5272737674463e-10,3.797420774483978e-25,2.26138105485955e-16,,-3.069196644828077e-20,8.400002116104588e-07,2.000000642529698e-14,False,False,PF_MODEL_NATIVE_DRIVING_TRAJECTORY_NOT_RESISTANCE,/Volumes/Data/Data/Nanopillar_calculation/PF-fracture-fatigue_v10_2_21_persistent_sites_top1/runs/1_final_v10_2_30_theta0_rate_extremes_four_class_1000um_base3621_v1/rate1x/v913_paper_dbtt01_0202500_persistent_sites/T600K_th0_seed1004630/steps_0600K.csv,955d63e5cd8019c49b933c89a0a6e594fc49ceea62bb8584d15785dc21a4cceb,/Volumes/Data/Data/Nanopillar_calculation/PF-fracture-fatigue_v10_2_21_persistent_sites_top1/runs/1_final_v10_2_30_theta0_rate_extremes_four_class_1000um_base3621_v1/rate1x/v913_paper_dbtt01_0202500_persistent_sites/T600K_th0_seed1004630/anisotropic_emission_audit_v10174.json,c49f48fa8a65b4339e7fd85c4eb0e11af455618ed7c1bd46833a59d3012022e5,ARCHIVED_SCALAR_STATE_ONLY
DBTT,CONTROL,v913_zeroD_sobol_0202500,600.0,1004630,AUTHORITATIVE_TEMPERATURE_SWEEP_SEED_NOT_PAIRED,False,11,0,172,576.0546945911135,1.3715587966455085e-05,2977595.2555582593,1954.5856862909336,29.488185667221614,40.521304801162785,43.99987443171646,3.4785696305536735,3.4785696305536735,,,5.676793048198022e-10,4.124448312330624e-28,1.2469639756995524e-16,,-1.659124921363391e-20,2.0711207753265626e-06,4.9312401492924984e-14,False,False,PF_MODEL_NATIVE_DRIVING_TRAJECTORY_NOT_RESISTANCE,/Volumes/Data/Data/Nanopillar_calculation/PF-fracture-fatigue_v10_2_21_persistent_sites_top1/runs/1_final_v10_2_30_theta0_rate_extremes_four_class_1000um_base3621_v1/rate1x/v913_paper_dbtt01_0202500_persistent_sites/T600K_th0_seed1004630/steps_0600K.csv,955d63e5cd8019c49b933c89a0a6e594fc49ceea62bb8584d15785dc21a4cceb,/Volumes/Data/Data/Nanopillar_calculation/PF-fracture-fatigue_v10_2_21_persistent_sites_top1/runs/1_final_v10_2_30_theta0_rate_extremes_four_class_1000um_base3621_v1/rate1x/v913_paper_dbtt01_0202500_persistent_sites/T600K_th0_seed1004630/anisotropic_emission_audit_v10174.json,c49f48fa8a65b4339e7fd85c4eb0e11af455618ed7c1bd46833a59d3012022e5,ARCHIVED_SCALAR_STATE_ONLY
DBTT,CONTROL,v913_zeroD_sobol_0202500,600.0,1004630,AUTHORITATIVE_TEMPERATURE_SWEEP_SEED_NOT_PAIRED,False,12,0,182,576.0546966622343,1.3715588015767486e-05,2976137.062096746,1992.445551134428,29.772405559085207,43.99987443171646,53.25303077209447,9.253156340378009,9.253156340378009,,,4.2121732886903195e-10,0.0,7.147647785209835e-17,,-8.988935120398965e-21,164.58494742475887,3.9186892243990314e-06,True,False,PF_MODEL_NATIVE_DRIVING_TRAJECTORY_NOT_RESISTANCE,/Volumes/Data/Data/Nanopillar_calculation/PF-fracture-fatigue_v10_2_21_persistent_sites_top1/runs/1_final_v10_2_30_theta0_rate_extremes_four_class_1000um_base3621_v1/rate1x/v913_paper_dbtt01_0202500_persistent_sites/T600K_th0_seed1004630/steps_0600K.csv,955d63e5cd8019c49b933c89a0a6e594fc49ceea62bb8584d15785dc21a4cceb,/Volumes/Data/Data/Nanopillar_calculation/PF-fracture-fatigue_v10_2_21_persistent_sites_top1/runs/1_final_v10_2_30_theta0_rate_extremes_four_class_1000um_base3621_v1/rate1x/v913_paper_dbtt01_0202500_persistent_sites/T600K_th0_seed1004630/anisotropic_emission_audit_v10174.json,c49f48fa8a65b4339e7fd85c4eb0e11af455618ed7c1bd46833a59d3012022e5,ARCHIVED_SCALAR_STATE_ONLY
DBTT,CONTROL,v913_zeroD_sobol_0202500,600.0,1004630,AUTHORITATIVE_TEMPERATURE_SWEEP_SEED_NOT_PAIRED,False,13,1,228,740.6396440869931,1.7634277240166518e-05,3853637.827599211,1223.0186975386332,23.325837383901117,53.25303077209447,57.61562265391954,4.362591881825069,4.362591881825069,,,8.367494280545253e-07,0.0,2.2553798527355307e-10,,-2.52616768932337e-14,0.11928415750469412,2.840098988209387e-09,False,False,PF_MODEL_NATIVE_DRIVING_TRAJECTORY_NOT_RESISTANCE,/Volumes/Data/Data/Nanopillar_calculation/PF-fracture-fatigue_v10_2_21_persistent_sites_top1/runs/1_final_v10_2_30_theta0_rate_extremes_four_class_1000um_base3621_v1/rate1x/v913_paper_dbtt01_0202500_persistent_sites/T600K_th0_seed1004630/steps_0600K.csv,955d63e5cd8019c49b933c89a0a6e594fc49ceea62bb8584d15785dc21a4cceb,/Volumes/Data/Data/Nanopillar_calculation/PF-fracture-fatigue_v10_2_21_persistent_sites_top1/runs/1_final_v10_2_30_theta0_rate_extremes_four_class_1000um_base3621_v1/rate1x/v913_paper_dbtt01_0202500_persistent_sites/T600K_th0_seed1004630/anisotropic_emission_audit_v10174.json,c49f48fa8a65b4339e7fd85c4eb0e11af455618ed7c1bd46833a59d3012022e5,ARCHIVED_SCALAR_STATE_ONLY
DBTT,CONTROL,v913_zeroD_sobol_0202500,600.0,1004630,AUTHORITATIVE_TEMPERATURE_SWEEP_SEED_NOT_PAIRED,False,14,1,238,740.7589282444978,1.7637117339154727e-05,3853459.9860719703,1264.3542290840428,23.7167446708568,57.61562265391954,59.91296274954444,2.2973400956249024,2.2973400956249024,,,3.149342217002771e-07,0.0,2.9933567918711745e-11,,-3.1746754476328866e-15,0.005585996073136812,1.329999065049982e-10,False,False,PF_MODEL_NATIVE_DRIVING_TRAJECTORY_NOT_RESISTANCE,/Volumes/Data/Data/Nanopillar_calculation/PF-fracture-fatigue_v10_2_21_persistent_sites_top1/runs/1_final_v10_2_30_theta0_rate_extremes_four_class_1000um_base3621_v1/rate1x/v913_paper_dbtt01_0202500_persistent_sites/T600K_th0_seed1004630/steps_0600K.csv,955d63e5cd8019c49b933c89a0a6e594fc49ceea62bb8584d15785dc21a4cceb,/Volumes/Data/Data/Nanopillar_calculation/PF-fracture-fatigue_v10_2_21_persistent_sites_top1/runs/1_final_v10_2_30_theta0_rate_extremes_four_class_1000um_base3621_v1/rate1x/v913_paper_dbtt01_0202500_persistent_sites/T600K_th0_seed1004630/anisotropic_emission_audit_v10174.json,c49f48fa8a65b4339e7fd85c4eb0e11af455618ed7c1bd46833a59d3012022e5,ARCHIVED_SCALAR_STATE_ONLY
DBTT,CONTROL,v913_zeroD_sobol_0202500,600.0,1004630,AUTHORITATIVE_TEMPERATURE_SWEEP_SEED_NOT_PAIRED,False,15,1,248,740.764514240571,1.7637250339061232e-05,3853003.5966336126,1290.9204001581732,23.96461339940346,59.91296274954444,62.21030284516934,2.2973400956249024,2.2973400956249024,,,1.0559351117749737e-07,0.0,3.2537864091931467e-12,,-3.3197913727730553e-16,0.007770586049900885,1.8501395357292888e-10,False,False,PF_MODEL_NATIVE_DRIVING_TRAJECTORY_NOT_RESISTANCE,/Volumes/Data/Data/Nanopillar_calculation/PF-fracture-fatigue_v10_2_21_persistent_sites_top1/runs/1_final_v10_2_30_theta0_rate_extremes_four_class_1000um_base3621_v1/rate1x/v913_paper_dbtt01_0202500_persistent_sites/T600K_th0_seed1004630/steps_0600K.csv,955d63e5cd8019c49b933c89a0a6e594fc49ceea62bb8584d15785dc21a4cceb,/Volumes/Data/Data/Nanopillar_calculation/PF-fracture-fatigue_v10_2_21_persistent_sites_top1/runs/1_final_v10_2_30_theta0_rate_extremes_four_class_1000um_base3621_v1/rate1x/v913_paper_dbtt01_0202500_persistent_sites/T600K_th0_seed1004630/anisotropic_emission_audit_v10174.json,c49f48fa8a65b4339e7fd85c4eb0e11af455618ed7c1bd46833a59d3012022e5,ARCHIVED_SCALAR_STATE_ONLY
DBTT,CONTROL,v913_zeroD_sobol_0202500,600.0,1004630,AUTHORITATIVE_TEMPERATURE_SWEEP_SEED_NOT_PAIRED,False,16,1,258,740.7722848266209,1.7637435353014805e-05,3852460.8544929614,1320.9326712697748,24.241586348729662,62.21030284516934,65.005389691362,2.7950868461926617,2.7950868461926617,,,3.8747106268179906e-08,0.0,5.397229897611998e-13,,-5.949240777709609e-17,5.6918862583188456e-05,1.3552110144808213e-12,False,False,PF_MODEL_NATIVE_DRIVING_TRAJECTORY_NOT_RESISTANCE,/Volumes/Data/Data/Nanopillar_calculation/PF-fracture-fatigue_v10_2_21_persistent_sites_top1/runs/1_final_v10_2_30_theta0_rate_extremes_four_class_1000um_base3621_v1/rate1x/v913_paper_dbtt01_0202500_persistent_sites/T600K_th0_seed1004630/steps_0600K.csv,955d63e5cd8019c49b933c89a0a6e594fc49ceea62bb8584d15785dc21a4cceb,/Volumes/Data/Data/Nanopillar_calculation/PF-fracture-fatigue_v10_2_21_persistent_sites_top1/runs/1_final_v10_2_30_theta0_rate_extremes_four_class_1000um_base3621_v1/rate1x/v913_paper_dbtt01_0202500_persistent_sites/T600K_th0_seed1004630/anisotropic_emission_audit_v10174.json,c49f48fa8a65b4339e7fd85c4eb0e11af455618ed7c1bd46833a59d3012022e5,ARCHIVED_SCALAR_STATE_ONLY
DBTT,CONTROL,v913_zeroD_sobol_0202500,600.0,1004630,AUTHORITATIVE_TEMPERATURE_SWEEP_SEED_NOT_PAIRED,False,17,1,268,740.7723417454835,1.763743670822582e-05,3851760.0146102337,1362.5180521710704,24.62021424409349,65.005389691362,67.3027297869869,2.2973400956249024,2.2973400956249024,,,1.5730520635840167e-08,0.0,7.27006184077219e-14,,-7.02572362490225e-18,0.0006991595363388114,1.664665562852081e-11,False,False,PF_MODEL_NATIVE_DRIVING_TRAJECTORY_NOT_RESISTANCE,/Volumes/Data/Data/Nanopillar_calculation/PF-fracture-fatigue_v10_2_21_persistent_sites_top1/runs/1_final_v10_2_30_theta0_rate_extremes_four_class_1000um_base3621_v1/rate1x/v913_paper_dbtt01_0202500_persistent_sites/T600K_th0_seed1004630/steps_0600K.csv,955d63e5cd8019c49b933c89a0a6e594fc49ceea62bb8584d15785dc21a4cceb,/Volumes/Data/Data/Nanopillar_calculation/PF-fracture-fatigue_v10_2_21_persistent_sites_top1/runs/1_final_v10_2_30_theta0_rate_extremes_four_class_1000um_base3621_v1/rate1x/v913_paper_dbtt01_0202500_persistent_sites/T600K_th0_seed1004630/anisotropic_emission_audit_v10174.json,c49f48fa8a65b4339e7fd85c4eb0e11af455618ed7c1bd46833a59d3012022e5,ARCHIVED_SCALAR_STATE_ONLY
DBTT,CONTROL,v913_zeroD_sobol_0202500,600.0,1004630,AUTHORITATIVE_TEMPERATURE_SWEEP_SEED_NOT_PAIRED,False,18,1,278,740.7730409050198,1.7637453354881448e-05,3850920.105779341,1400.854141139385,24.964171328451158,67.3027297869869,85.6814505519859,18.378720764999002,18.378720764999002,,,3.9279751679698735e-09,0.0,5.916776625873791e-15,,-5.131551718135571e-19,8.400002116104588e-08,2.000000642529698e-15,False,False,PF_MODEL_NATIVE_DRIVING_TRAJECTORY_NOT_RESISTANCE,/Volumes/Data/Data/Nanopillar_calculation/PF-fracture-fatigue_v10_2_21_persistent_sites_top1/runs/1_final_v10_2_30_theta0_rate_extremes_four_class_1000um_base3621_v1/rate1x/v913_paper_dbtt01_0202500_persistent_sites/T600K_th0_seed1004630/steps_0600K.csv,955d63e5cd8019c49b933c89a0a6e594fc49ceea62bb8584d15785dc21a4cceb,/Volumes/Data/Data/Nanopillar_calculation/PF-fracture-fatigue_v10_2_21_persistent_sites_top1/runs/1_final_v10_2_30_theta0_rate_extremes_four_class_1000um_base3621_v1/rate1x/v913_paper_dbtt01_0202500_persistent_sites/T600K_th0_seed1004630/anisotropic_emission_audit_v10174.json,c49f48fa8a65b4339e7fd85c4eb0e11af455618ed7c1bd46833a59d3012022e5,ARCHIVED_SCALAR_STATE_ONLY
DBTT,CONTROL,v913_zeroD_sobol_0202500,600.0,1004630,AUTHORITATIVE_TEMPERATURE_SWEEP_SEED_NOT_PAIRED,False,19,1,279,740.7730409890198,1.763745335688145e-05,3813308.823603312,2957.2308498003663,36.27131569805004,85.6814505519859,87.97852470562601,2.2970741536401054,2.2970741536401054,,,1.7572495995411234e-09,0.0,9.282650496386635e-16,,-6.777197928406251e-20,1.131959379563341e-06,2.695143641682357e-14,False,False,PF_MODEL_NATIVE_DRIVING_TRAJECTORY_NOT_RESISTANCE,/Volumes/Data/Data/Nanopillar_calculation/PF-fracture-fatigue_v10_2_21_persistent_sites_top1/runs/1_final_v10_2_30_theta0_rate_extremes_four_class_1000um_base3621_v1/rate1x/v913_paper_dbtt01_0202500_persistent_sites/T600K_th0_seed1004630/steps_0600K.csv,955d63e5cd8019c49b933c89a0a6e594fc49ceea62bb8584d15785dc21a4cceb,/Volumes/Data/Data/Nanopillar_calculation/PF-fracture-fatigue_v10_2_21_persistent_sites_top1/runs/1_final_v10_2_30_theta0_rate_extremes_four_class_1000um_base3621_v1/rate1x/v913_paper_dbtt01_0202500_persistent_sites/T600K_th0_seed1004630/anisotropic_emission_audit_v10174.json,c49f48fa8a65b4339e7fd85c4eb0e11af455618ed7c1bd46833a59d3012022e5,ARCHIVED_SCALAR_STATE_ONLY
DBTT,CONTROL,v913_zeroD_sobol_0202500,600.0,1004630,AUTHORITATIVE_TEMPERATURE_SWEEP_SEED_NOT_PAIRED,False,20,1,289,740.7730421209792,1.7637453383832885e-05,3812680.865172892,2944.685369107048,36.19429690135552,87.97852470562601,92.93127845608097,4.952753750454958,4.9527537504549715,,,1.8005025829439977e-09,0.0,1.301834218906166e-15,,-1.016523971174948e-19,2.5200006348313764e-07,6.000001927589094e-15,False,False,PF_MODEL_NATIVE_DRIVING_TRAJECTORY_NOT_RESISTANCE,/Volumes/Data/Data/Nanopillar_calculation/PF-fracture-fatigue_v10_2_21_persistent_sites_top1/runs/1_final_v10_2_30_theta0_rate_extremes_four_class_1000um_base3621_v1/rate1x/v913_paper_dbtt01_0202500_persistent_sites/T600K_th0_seed1004630/steps_0600K.csv,955d63e5cd8019c49b933c89a0a6e594fc49ceea62bb8584d15785dc21a4cceb,/Volumes/Data/Data/Nanopillar_calculation/PF-fracture-fatigue_v10_2_21_persistent_sites_top1/runs/1_final_v10_2_30_theta0_rate_extremes_four_class_1000um_base3621_v1/rate1x/v913_paper_dbtt01_0202500_persistent_sites/T600K_th0_seed1004630/anisotropic_emission_audit_v10174.json,c49f48fa8a65b4339e7fd85c4eb0e11af455618ed7c1bd46833a59d3012022e5,ARCHIVED_SCALAR_STATE_ONLY
DBTT,CONTROL,v913_zeroD_sobol_0202500,600.0,1004630,AUTHORITATIVE_TEMPERATURE_SWEEP_SEED_NOT_PAIRED,False,21,1,292,740.7730423729793,1.7637453389832887e-05,3811261.0317790015,2915.29904365981,36.01324457216097,92.93127845608097,95.22835260972109,2.297074153640119,2.2970741536401054,,,1.5837962859267109e-09,0.0,9.757739352026151e-16,,-7.243773817974466e-20,2.9979059945617337e-06,7.137871429986273e-14,False,False,PF_MODEL_NATIVE_DRIVING_TRAJECTORY_NOT_RESISTANCE,/Volumes/Data/Data/Nanopillar_calculation/PF-fracture-fatigue_v10_2_21_persistent_sites_top1/runs/1_final_v10_2_30_theta0_rate_extremes_four_class_1000um_base3621_v1/rate1x/v913_paper_dbtt01_0202500_persistent_sites/T600K_th0_seed1004630/steps_0600K.csv,955d63e5cd8019c49b933c89a0a6e594fc49ceea62bb8584d15785dc21a4cceb,/Volumes/Data/Data/Nanopillar_calculation/PF-fracture-fatigue_v10_2_21_persistent_sites_top1/runs/1_final_v10_2_30_theta0_rate_extremes_four_class_1000um_base3621_v1/rate1x/v913_paper_dbtt01_0202500_persistent_sites/T600K_th0_seed1004630/anisotropic_emission_audit_v10174.json,c49f48fa8a65b4339e7fd85c4eb0e11af455618ed7c1bd46833a59d3012022e5,ARCHIVED_SCALAR_STATE_ONLY
DBTT,CONTROL,v913_zeroD_sobol_0202500,600.0,1004630,AUTHORITATIVE_TEMPERATURE_SWEEP_SEED_NOT_PAIRED,False,22,1,302,740.7730453708853,1.76374534612116e-05,3810315.8408364328,2910.4638160604486,35.98336693455785,95.22835260972109,108.16479939613328,12.936446786412187,12.936446786412187,,,1.9790097808914894e-09,0.0,1.511971215676609e-15,,-8.465792446813606e-20,,,False,True,PF_MODEL_NATIVE_DRIVING_TRAJECTORY_NOT_RESISTANCE,/Volumes/Data/Data/Nanopillar_calculation/PF-fracture-fatigue_v10_2_21_persistent_sites_top1/runs/1_final_v10_2_30_theta0_rate_extremes_four_class_1000um_base3621_v1/rate1x/v913_paper_dbtt01_0202500_persistent_sites/T600K_th0_seed1004630/steps_0600K.csv,955d63e5cd8019c49b933c89a0a6e594fc49ceea62bb8584d15785dc21a4cceb,/Volumes/Data/Data/Nanopillar_calculation/PF-fracture-fatigue_v10_2_21_persistent_sites_top1/runs/1_final_v10_2_30_theta0_rate_extremes_four_class_1000um_base3621_v1/rate1x/v913_paper_dbtt01_0202500_persistent_sites/T600K_th0_seed1004630/anisotropic_emission_audit_v10174.json,c49f48fa8a65b4339e7fd85c4eb0e11af455618ed7c1bd46833a59d3012022e5,ARCHIVED_SCALAR_STATE_ONLY
DBTT,R_FINALIST,oneD_v2_dbtt_R_9f5160f509e713e2,1100.0,1008666,CANONICAL_FINALIST_SEED,True,0,0,235,1951.7719887354272,4.6470761636557554e-05,10123184.158868594,14001.945249454438,78.92505312457187,0.0,2.931106565679095,2.931106565679095,2.931106565679095,8.301370172962207,0.11102502093525665,10.823732824340183,0.0,47052.6456408413,1733.405179910854,-6.9457791847759385,16.497351843806882,3.927940915192106e-07,False,False,PF_MODEL_NATIVE_DRIVING_TRAJECTORY_NOT_RESISTANCE,/private/tmp/oneD-v2-peak-dbtt-R-pf-runs/DBTT_R/T1100K_seed1008666/steps_1100K.csv,d073e7f498cdfedbcf2cb5fe0d34aa715423378ecd167cd67b84900d27a5776c,/private/tmp/oneD-v2-peak-dbtt-R-pf-runs/DBTT_R/T1100K_seed1008666/anisotropic_emission_audit_v10174.json,f0493f68834ff1bcc10828b8582bdfe38360f7517fffcdc3be66a89f81716f91,FULL_PERSISTENT_SITE_OBSERVER
DBTT,R_FINALIST,oneD_v2_dbtt_R_9f5160f509e713e2,1100.0,1008666,CANONICAL_FINALIST_SEED,True,1,0,253,1968.269340579234,4.6863555728076765e-05,10208508.924449887,14692.085123388171,80.84672153805477,2.931106565679095,7.415929780049919,4.484823214370824,4.484823214370823,8.432509565981709,0.1100413174494589,10.920499618033757,0.0,47662.08587209984,1745.1874041648884,-7.014304488328486,0.4940530988333194,1.1763169019831743e-08,False,False,PF_MODEL_NATIVE_DRIVING_TRAJECTORY_NOT_RESISTANCE,/private/tmp/oneD-v2-peak-dbtt-R-pf-runs/DBTT_R/T1100K_seed1008666/steps_1100K.csv,d073e7f498cdfedbcf2cb5fe0d34aa715423378ecd167cd67b84900d27a5776c,/private/tmp/oneD-v2-peak-dbtt-R-pf-runs/DBTT_R/T1100K_seed1008666/anisotropic_emission_audit_v10174.json,f0493f68834ff1bcc10828b8582bdfe38360f7517fffcdc3be66a89f81716f91,FULL_PERSISTENT_SITE_OBSERVER
DBTT,R_FINALIST,oneD_v2_dbtt_R_9f5160f509e713e2,1100.0,1008666,CANONICAL_FINALIST_SEED,True,2,0,266,1968.7633936780674,4.68753188970966e-05,10210215.23923207,15616.082361515999,83.35021813461336,7.415929780049919,10.475434902500647,3.059505122450728,3.059505122450729,8.531562212661788,0.10931539580132568,10.993031170806926,0.0,49632.350050321205,1754.0393805385636,-7.309453230116331,0.02100810044021273,5.001928676278051e-10,False,False,PF_MODEL_NATIVE_DRIVING_TRAJECTORY_NOT_RESISTANCE,/private/tmp/oneD-v2-peak-dbtt-R-pf-runs/DBTT_R/T1100K_seed1008666/steps_1100K.csv,d073e7f498cdfedbcf2cb5fe0d34aa715423378ecd167cd67b84900d27a5776c,/private/tmp/oneD-v2-peak-dbtt-R-pf-runs/DBTT_R/T1100K_seed1008666/anisotropic_emission_audit_v10174.json,f0493f68834ff1bcc10828b8582bdfe38360f7517fffcdc3be66a89f81716f91,FULL_PERSISTENT_SITE_OBSERVER
DBTT,R_FINALIST,oneD_v2_dbtt_R_9f5160f509e713e2,1100.0,1008666,CANONICAL_FINALIST_SEED,True,3,0,276,1968.7844017785076,4.6875819089964224e-05,10209419.816508727,16350.40162848628,85.28740643671087,10.475434902500647,17.738586165025698,7.263151262525049,7.263151262525049,8.575227309620583,0.10899992031618612,11.02484695092505,0.0,47967.44282427566,1757.928744504331,-6.99973139839687,2.4894172838685336e-06,5.927184876805894e-14,False,False,PF_MODEL_NATIVE_DRIVING_TRAJECTORY_NOT_RESISTANCE,/private/tmp/oneD-v2-peak-dbtt-R-pf-runs/DBTT_R/T1100K_seed1008666/steps_1100K.csv,d073e7f498cdfedbcf2cb5fe0d34aa715423378ecd167cd67b84900d27a5776c,/private/tmp/oneD-v2-peak-dbtt-R-pf-runs/DBTT_R/T1100K_seed1008666/anisotropic_emission_audit_v10174.json,f0493f68834ff1bcc10828b8582bdfe38360f7517fffcdc3be66a89f81716f91,FULL_PERSISTENT_SITE_OBSERVER
DBTT,R_FINALIST,oneD_v2_dbtt_R_9f5160f509e713e2,1100.0,1008666,CANONICAL_FINALIST_SEED,True,4,0,286,1968.7844042679249,4.687581914923607e-05,10202827.878816023,19977.697614105455,94.27432096324412,17.738586165025698,28.2064547972602,10.467868632234504,10.467868632234506,7.124738257358822,0.1212199605678267,9.912026261458493,1.8484342946982933e-08,39482.541703125346,1624.323391981564,-5.623503680679006,1.108996912080329e-06,2.6404727471347755e-14,False,False,PF_MODEL_NATIVE_DRIVING_TRAJECTORY_NOT_RESISTANCE,/private/tmp/oneD-v2-peak-dbtt-R-pf-runs/DBTT_R/T1100K_seed1008666/steps_1100K.csv,d073e7f498cdfedbcf2cb5fe0d34aa715423378ecd167cd67b84900d27a5776c,/private/tmp/oneD-v2-peak-dbtt-R-pf-runs/DBTT_R/T1100K_seed1008666/anisotropic_emission_audit_v10174.json,f0493f68834ff1bcc10828b8582bdfe38360f7517fffcdc3be66a89f81716f91,FULL_PERSISTENT_SITE_OBSERVER
DBTT,R_FINALIST,oneD_v2_dbtt_R_9f5160f509e713e2,1100.0,1008666,CANONICAL_FINALIST_SEED,True,5,0,296,1968.7844053769218,4.68758191756408e-05,10190139.062477931,21592.604740978615,98.0106372209919,28.2064547972602,33.059301215423474,4.852846418163278,4.852846418163273,7.8233698573193955,0.1148475449759825,10.463422273843097,2.0897459765219195e-08,44635.191168177706,1689.8378148403187,-6.269802182475842,8.400002116104588e-08,2.000000642529698e-15,False,False,PF_MODEL_NATIVE_DRIVING_TRAJECTORY_NOT_RESISTANCE,/private/tmp/oneD-v2-peak-dbtt-R-pf-runs/DBTT_R/T1100K_seed1008666/steps_1100K.csv,d073e7f498cdfedbcf2cb5fe0d34aa715423378ecd167cd67b84900d27a5776c,/private/tmp/oneD-v2-peak-dbtt-R-pf-runs/DBTT_R/T1100K_seed1008666/anisotropic_emission_audit_v10174.json,f0493f68834ff1bcc10828b8582bdfe38360f7517fffcdc3be66a89f81716f91,FULL_PERSISTENT_SITE_OBSERVER
DBTT,R_FINALIST,oneD_v2_dbtt_R_9f5160f509e713e2,1100.0,1008666,CANONICAL_FINALIST_SEED,True,6,0,297,1968.7844054609218,4.68758191776408e-05,10186563.410316756,21765.993750219575,98.40336399735591,33.059301215423474,35.35664131104838,2.2973400956249024,2.2973400956249024,8.319010437973322,0.11089116054166152,10.836772594220983,2.168636128097847e-08,46310.72015193802,1734.9942662480569,-6.455657710636947,1.1989084214292234e-06,2.8545444003338916e-14,False,False,PF_MODEL_NATIVE_DRIVING_TRAJECTORY_NOT_RESISTANCE,/private/tmp/oneD-v2-peak-dbtt-R-pf-runs/DBTT_R/T1100K_seed1008666/steps_1100K.csv,d073e7f498cdfedbcf2cb5fe0d34aa715423378ecd167cd67b84900d27a5776c,/private/tmp/oneD-v2-peak-dbtt-R-pf-runs/DBTT_R/T1100K_seed1008666/anisotropic_emission_audit_v10174.json,f0493f68834ff1bcc10828b8582bdfe38360f7517fffcdc3be66a89f81716f91,FULL_PERSISTENT_SITE_OBSERVER
DBTT,R_FINALIST,oneD_v2_dbtt_R_9f5160f509e713e2,1100.0,1008666,CANONICAL_FINALIST_SEED,True,7,0,307,1968.7844066598302,4.6875819206186245e-05,10184328.776399624,21898.578800509247,98.70261536863396,35.35664131104838,40.602872086987624,5.246230775939242,5.246230775939249,8.271208418174139,0.11125502605071029,10.801341785787473,2.2981112126792903e-08,49083.69787272252,1730.6850816543058,-6.85342740847068,1.127040832216153e-06,2.6834315477140824e-14,False,False,PF_MODEL_NATIVE_DRIVING_TRAJECTORY_NOT_RESISTANCE,/private/tmp/oneD-v2-peak-dbtt-R-pf-runs/DBTT_R/T1100K_seed1008666/steps_1100K.csv,d073e7f498cdfedbcf2cb5fe0d34aa715423378ecd167cd67b84900d27a5776c,/private/tmp/oneD-v2-peak-dbtt-R-pf-runs/DBTT_R/T1100K_seed1008666/anisotropic_emission_audit_v10174.json,f0493f68834ff1bcc10828b8582bdfe38360f7517fffcdc3be66a89f81716f91,FULL_PERSISTENT_SITE_OBSERVER
DBTT,R_FINALIST,oneD_v2_dbtt_R_9f5160f509e713e2,1100.0,1008666,CANONICAL_FINALIST_SEED,True,8,0,317,1968.784407786871,4.687581923302056e-05,10178239.94157392,22210.044457355172,99.40206560316442,40.602872086987624,45.534666691946185,4.931794604958564,4.931794604958557,8.104451615566067,0.11255298699793881,10.676785294146336,2.177876013104409e-08,46518.83147127899,1715.576564255815,-6.480346285345176,8.400002116104588e-08,2.000000642529698e-15,False,False,PF_MODEL_NATIVE_DRIVING_TRAJECTORY_NOT_RESISTANCE,/private/tmp/oneD-v2-peak-dbtt-R-pf-runs/DBTT_R/T1100K_seed1008666/steps_1100K.csv,d073e7f498cdfedbcf2cb5fe0d34aa715423378ecd167cd67b84900d27a5776c,/private/tmp/oneD-v2-peak-dbtt-R-pf-runs/DBTT_R/T1100K_seed1008666/anisotropic_emission_audit_v10174.json,f0493f68834ff1bcc10828b8582bdfe38360f7517fffcdc3be66a89f81716f91,FULL_PERSISTENT_SITE_OBSERVER
DBTT,R_FINALIST,oneD_v2_dbtt_R_9f5160f509e713e2,1100.0,1008666,CANONICAL_FINALIST_SEED,True,9,0,318,1968.784407870871,4.687581923502056e-05,10174127.579072956,22270.845611079378,99.53803177958652,45.534666691946185,47.83200678757109,2.2973400956249024,2.2973400956249024,8.255548205043842,0.11137501163718419,10.789719100886245,2.1957930586889172e-08,46900.21291148351,1729.2712695664197,-6.538112369370573,1.6800004232209176e-07,4.000001285059396e-15,False,False,PF_MODEL_NATIVE_DRIVING_TRAJECTORY_NOT_RESISTANCE,/private/tmp/oneD-v2-peak-dbtt-R-pf-runs/DBTT_R/T1100K_seed1008666/steps_1100K.csv,d073e7f498cdfedbcf2cb5fe0d34aa715423378ecd167cd67b84900d27a5776c,/private/tmp/oneD-v2-peak-dbtt-R-pf-runs/DBTT_R/T1100K_seed1008666/anisotropic_emission_audit_v10174.json,f0493f68834ff1bcc10828b8582bdfe38360f7517fffcdc3be66a89f81716f91,FULL_PERSISTENT_SITE_OBSERVER
DBTT,R_FINALIST,oneD_v2_dbtt_R_9f5160f509e713e2,1100.0,1008666,CANONICAL_FINALIST_SEED,True,10,0,320,1968.784408038871,4.687581923902056e-05,10169030.762708316,22530.6281611861,100.1168888577519,47.83200678757109,50.12934688319599,2.2973400956249024,2.2973400956249024,6.712307322624333,0.1255191007628231,9.57370816017233,1.724038156849236e-08,36823.44648362232,1584.5687899038612,-5.136751567026071,225.91619265600252,5.378956967999949e-06,True,False,PF_MODEL_NATIVE_DRIVING_TRAJECTORY_NOT_RESISTANCE,/private/tmp/oneD-v2-peak-dbtt-R-pf-runs/DBTT_R/T1100K_seed1008666/steps_1100K.csv,d073e7f498cdfedbcf2cb5fe0d34aa715423378ecd167cd67b84900d27a5776c,/private/tmp/oneD-v2-peak-dbtt-R-pf-runs/DBTT_R/T1100K_seed1008666/anisotropic_emission_audit_v10174.json,f0493f68834ff1bcc10828b8582bdfe38360f7517fffcdc3be66a89f81716f91,FULL_PERSISTENT_SITE_OBSERVER
DBTT,R_FINALIST,oneD_v2_dbtt_R_9f5160f509e713e2,1100.0,1008666,CANONICAL_FINALIST_SEED,True,11,1,359,2194.7006006948736,5.225477620702051e-05,11416114.527774924,10881.193814695056,69.57592169878478,50.12934688319599,52.42668697882088,2.2973400956248953,2.2973400956249024,5.724254017826401,0.13801993732764178,8.705690381177519,0.0,29912.930697618973,1485.9020077893385,-4.167191915716403,1.8801328432327864,4.476506769601925e-08,False,False,PF_MODEL_NATIVE_DRIVING_TRAJECTORY_NOT_RESISTANCE,/private/tmp/oneD-v2-peak-dbtt-R-pf-runs/DBTT_R/T1100K_seed1008666/steps_1100K.csv,d073e7f498cdfedbcf2cb5fe0d34aa715423378ecd167cd67b84900d27a5776c,/private/tmp/oneD-v2-peak-dbtt-R-pf-runs/DBTT_R/T1100K_seed1008666/anisotropic_emission_audit_v10174.json,f0493f68834ff1bcc10828b8582bdfe38360f7517fffcdc3be66a89f81716f91,FULL_PERSISTENT_SITE_OBSERVER
DBTT,R_FINALIST,oneD_v2_dbtt_R_9f5160f509e713e2,1100.0,1008666,CANONICAL_FINALIST_SEED,True,12,1,375,2196.5807335381064,5.229954127471653e-05,11424702.094414199,11085.598142640907,70.2263765644191,52.42668697882088,56.677418122201125,4.250731143380243,4.250731143380237,6.059328974752672,0.13337201918273375,9.00910513063081,0.0,32014.599790145134,1519.9129111905822,-4.463422396392124,3.938968057539114,9.378495375093855e-08,False,False,PF_MODEL_NATIVE_DRIVING_TRAJECTORY_NOT_RESISTANCE,/private/tmp/oneD-v2-peak-dbtt-R-pf-runs/DBTT_R/T1100K_seed1008666/steps_1100K.csv,d073e7f498cdfedbcf2cb5fe0d34aa715423378ecd167cd67b84900d27a5776c,/private/tmp/oneD-v2-peak-dbtt-R-pf-runs/DBTT_R/T1100K_seed1008666/anisotropic_emission_audit_v10174.json,f0493f68834ff1bcc10828b8582bdfe38360f7517fffcdc3be66a89f81716f91,FULL_PERSISTENT_SITE_OBSERVER
DBTT,R_FINALIST,oneD_v2_dbtt_R_9f5160f509e713e2,1100.0,1008666,CANONICAL_FINALIST_SEED,True,13,1,392,2200.5197015956455,5.239332622846747e-05,11442530.962867009,11531.438740224808,71.62463856296492,56.677418122201125,64.60637726595918,7.9289591437580516,7.9289591437580516,6.1953977176117885,0.13161421507279703,9.129456828348319,0.0,33028.443885223285,1533.562341970487,-4.592278149387457,0.0022018641284375917,5.242533639734752e-11,False,False,PF_MODEL_NATIVE_DRIVING_TRAJECTORY_NOT_RESISTANCE,/private/tmp/oneD-v2-peak-dbtt-R-pf-runs/DBTT_R/T1100K_seed1008666/steps_1100K.csv,d073e7f498cdfedbcf2cb5fe0d34aa715423378ecd167cd67b84900d27a5776c,/private/tmp/oneD-v2-peak-dbtt-R-pf-runs/DBTT_R/T1100K_seed1008666/anisotropic_emission_audit_v10174.json,f0493f68834ff1bcc10828b8582bdfe38360f7517fffcdc3be66a89f81716f91,FULL_PERSISTENT_SITE_OBSERVER
DBTT,R_FINALIST,oneD_v2_dbtt_R_9f5160f509e713e2,1100.0,1008666,CANONICAL_FINALIST_SEED,True,14,1,393,2200.521903459774,5.2393378653803867e-05,11436721.976091316,12390.735610594244,74.24534684510978,64.60637726595918,73.04590364404542,8.439526378086239,8.439526378086251,5.765817741383046,0.13741688269781055,8.742983962888742,0.0,29947.4728759882,1490.1515830744636,-4.1602134482785615,2.5200006348313764e-07,6.000008703852672e-15,False,False,PF_MODEL_NATIVE_DRIVING_TRAJECTORY_NOT_RESISTANCE,/private/tmp/oneD-v2-peak-dbtt-R-pf-runs/DBTT_R/T1100K_seed1008666/steps_1100K.csv,d073e7f498cdfedbcf2cb5fe0d34aa715423378ecd167cd67b84900d27a5776c,/private/tmp/oneD-v2-peak-dbtt-R-pf-runs/DBTT_R/T1100K_seed1008666/anisotropic_emission_audit_v10174.json,f0493f68834ff1bcc10828b8582bdfe38360f7517fffcdc3be66a89f81716f91,FULL_PERSISTENT_SITE_OBSERVER
DBTT,R_FINALIST,oneD_v2_dbtt_R_9f5160f509e713e2,1100.0,1008666,CANONICAL_FINALIST_SEED,True,15,1,396,2200.521903711774,5.2393378659803875e-05,11336024.544172551,27218.218805516823,110.03999090698107,73.04590364404542,75.34297779768553,2.297074153640119,2.2970741536401054,8.555507626896294,0.10914205421174256,11.008610566442382,2.2166204871995412e-08,47346.337396050294,1756.1732285185358,-6.580891765296475,5.040001269662753e-07,1.199999707891461e-14,False,False,PF_MODEL_NATIVE_DRIVING_TRAJECTORY_NOT_RESISTANCE,/private/tmp/oneD-v2-peak-dbtt-R-pf-runs/DBTT_R/T1100K_seed1008666/steps_1100K.csv,d073e7f498cdfedbcf2cb5fe0d34aa715423378ecd167cd67b84900d27a5776c,/private/tmp/oneD-v2-peak-dbtt-R-pf-runs/DBTT_R/T1100K_seed1008666/anisotropic_emission_audit_v10174.json,f0493f68834ff1bcc10828b8582bdfe38360f7517fffcdc3be66a89f81716f91,FULL_PERSISTENT_SITE_OBSERVER
DBTT,R_FINALIST,oneD_v2_dbtt_R_9f5160f509e713e2,1100.0,1008666,CANONICAL_FINALIST_SEED,True,16,1,402,2200.521904215774,5.239337867180387e-05,11334005.028306307,27676.727319744503,110.96296754376648,75.34297779768553,77.64005195132565,2.2970741536401054,2.2970741536401054,8.98067979827475,0.1061953211456986,11.31429179875027,2.3726443033665496e-08,50681.91629627243,1793.676179967546,-7.0570529057718545,3.360000846441835e-07,8.000002570118792e-15,False,False,PF_MODEL_NATIVE_DRIVING_TRAJECTORY_NOT_RESISTANCE,/private/tmp/oneD-v2-peak-dbtt-R-pf-runs/DBTT_R/T1100K_seed1008666/steps_1100K.csv,d073e7f498cdfedbcf2cb5fe0d34aa715423378ecd167cd67b84900d27a5776c,/private/tmp/oneD-v2-peak-dbtt-R-pf-runs/DBTT_R/T1100K_seed1008666/anisotropic_emission_audit_v10174.json,f0493f68834ff1bcc10828b8582bdfe38360f7517fffcdc3be66a89f81716f91,FULL_PERSISTENT_SITE_OBSERVER
DBTT,R_FINALIST,oneD_v2_dbtt_R_9f5160f509e713e2,1100.0,1008666,CANONICAL_FINALIST_SEED,True,17,1,406,2200.5219045517742,5.2393378679803875e-05,11331949.702182688,28103.651804407247,111.81551626947842,77.64005195132565,79.93712610496574,2.2970741536401054,2.2970741536401054,9.116090128854887,0.10530580290249252,11.410699278941488,2.4094788388643625e-08,51464.6276402065,1805.4703474372932,-7.182086915751997,3.360000846441835e-07,8.000002570118792e-15,False,False,PF_MODEL_NATIVE_DRIVING_TRAJECTORY_NOT_RESISTANCE,/private/tmp/oneD-v2-peak-dbtt-R-pf-runs/DBTT_R/T1100K_seed1008666/steps_1100K.csv,d073e7f498cdfedbcf2cb5fe0d34aa715423378ecd167cd67b84900d27a5776c,/private/tmp/oneD-v2-peak-dbtt-R-pf-runs/DBTT_R/T1100K_seed1008666/anisotropic_emission_audit_v10174.json,f0493f68834ff1bcc10828b8582bdfe38360f7517fffcdc3be66a89f81716f91,FULL_PERSISTENT_SITE_OBSERVER
DBTT,R_FINALIST,oneD_v2_dbtt_R_9f5160f509e713e2,1100.0,1008666,CANONICAL_FINALIST_SEED,True,18,1,410,2200.5219048877743,5.239337868780388e-05,11329442.65609814,28554.89310353869,112.70961457822115,79.93712610496574,82.23340249422276,2.2962763892570144,2.2962763892570144,9.9013925265045,0.10055389143557174,11.949865177547508,2.6302132029329755e-08,56180.27023898162,1872.5119860215787,-7.823514818809475,4.023632300231839e-06,9.580074092959551e-14,False,False,PF_MODEL_NATIVE_DRIVING_TRAJECTORY_NOT_RESISTANCE,/private/tmp/oneD-v2-peak-dbtt-R-pf-runs/DBTT_R/T1100K_seed1008666/steps_1100K.csv,d073e7f498cdfedbcf2cb5fe0d34aa715423378ecd167cd67b84900d27a5776c,/private/tmp/oneD-v2-peak-dbtt-R-pf-runs/DBTT_R/T1100K_seed1008666/anisotropic_emission_audit_v10174.json,f0493f68834ff1bcc10828b8582bdfe38360f7517fffcdc3be66a89f81716f91,FULL_PERSISTENT_SITE_OBSERVER
DBTT,R_FINALIST,oneD_v2_dbtt_R_9f5160f509e713e2,1100.0,1008666,CANONICAL_FINALIST_SEED,True,19,1,420,2200.5219089114066,5.239337878360462e-05,11326415.016862663,29091.51117817163,113.76373344603584,82.23340249422276,100.16094124707362,17.927538752850865,17.927538752850865,9.313185533767653,0.10405011598655618,11.547790154793722,2.454180503550643e-08,52419.71786221585,1822.5114672564202,-7.2967984585231465,,,False,True,PF_MODEL_NATIVE_DRIVING_TRAJECTORY_NOT_RESISTANCE,/private/tmp/oneD-v2-peak-dbtt-R-pf-runs/DBTT_R/T1100K_seed1008666/steps_1100K.csv,d073e7f498cdfedbcf2cb5fe0d34aa715423378ecd167cd67b84900d27a5776c,/private/tmp/oneD-v2-peak-dbtt-R-pf-runs/DBTT_R/T1100K_seed1008666/anisotropic_emission_audit_v10174.json,f0493f68834ff1bcc10828b8582bdfe38360f7517fffcdc3be66a89f81716f91,FULL_PERSISTENT_SITE_OBSERVER
DBTT,CONTROL,v913_zeroD_sobol_0202500,1100.0,1010684,AUTHORITATIVE_TEMPERATURE_SWEEP_SEED_NOT_PAIRED,False,0,0,175,1374.8073385965292,3.273350806182216e-05,7130662.778183433,6947.265507174391,55.59396428528807,0.0,3.0920308241624537,3.0920308241624537,3.0920308241624537,,,7.999001933134221,0.0,25229.343051396125,,-3.720420059864891,9.038753075234581,2.1520840655319496e-07,False,False,PF_MODEL_NATIVE_DRIVING_TRAJECTORY_NOT_RESISTANCE,/Volumes/Data/Data/Nanopillar_calculation/PF-fracture-fatigue_v10_2_21_persistent_sites_top1/runs/1_final_v10_2_30_theta0_rate_extremes_four_class_1000um_base3621_v1/rate1x/v913_paper_dbtt01_0202500_persistent_sites/T1100K_th0_seed1010684/steps_1100K.csv,43afde171dcea029a044b27f88e594dfa346a67eebb473dde38a0a0dca7ca131,/Volumes/Data/Data/Nanopillar_calculation/PF-fracture-fatigue_v10_2_21_persistent_sites_top1/runs/1_final_v10_2_30_theta0_rate_extremes_four_class_1000um_base3621_v1/rate1x/v913_paper_dbtt01_0202500_persistent_sites/T1100K_th0_seed1010684/anisotropic_emission_audit_v10174.json,46c5e5ce2bc87e84324a206de07547a18d934161b9c158d17cf90a5ae12692fe,ARCHIVED_SCALAR_STATE_ONLY
DBTT,CONTROL,v913_zeroD_sobol_0202500,1100.0,1010684,AUTHORITATIVE_TEMPERATURE_SWEEP_SEED_NOT_PAIRED,False,1,0,198,1383.8460916717638,3.2948716468375354e-05,7177373.993306727,7268.274500153114,56.863862472750235,3.0920308241624537,6.753011036120878,3.660980211958424,3.6609802119584236,,,8.186751481295625,0.0,26450.29882823651,,-3.9020668523113358,0.051252961208547276,1.2203086001953299e-09,False,False,PF_MODEL_NATIVE_DRIVING_TRAJECTORY_NOT_RESISTANCE,/Volumes/Data/Data/Nanopillar_calculation/PF-fracture-fatigue_v10_2_21_persistent_sites_top1/runs/1_final_v10_2_30_theta0_rate_extremes_four_class_1000um_base3621_v1/rate1x/v913_paper_dbtt01_0202500_persistent_sites/T1100K_th0_seed1010684/steps_1100K.csv,43afde171dcea029a044b27f88e594dfa346a67eebb473dde38a0a0dca7ca131,/Volumes/Data/Data/Nanopillar_calculation/PF-fracture-fatigue_v10_2_21_persistent_sites_top1/runs/1_final_v10_2_30_theta0_rate_extremes_four_class_1000um_base3621_v1/rate1x/v913_paper_dbtt01_0202500_persistent_sites/T1100K_th0_seed1010684/anisotropic_emission_audit_v10174.json,46c5e5ce2bc87e84324a206de07547a18d934161b9c158d17cf90a5ae12692fe,ARCHIVED_SCALAR_STATE_ONLY
DBTT,CONTROL,v913_zeroD_sobol_0202500,1100.0,1010684,AUTHORITATIVE_TEMPERATURE_SWEEP_SEED_NOT_PAIRED,False,2,0,211,1383.8973446329724,3.294993677697555e-05,7177038.034675572,7702.730384051426,58.53869596426358,6.753011036120878,9.53194111460423,2.7789300784833526,2.7789300784833526,,,8.11961183989525,0.0,26022.450791451065,,-3.8249165316387574,0.08451435295387455,2.0122464989039916e-09,False,False,PF_MODEL_NATIVE_DRIVING_TRAJECTORY_NOT_RESISTANCE,/Volumes/Data/Data/Nanopillar_calculation/PF-fracture-fatigue_v10_2_21_persistent_sites_top1/runs/1_final_v10_2_30_theta0_rate_extremes_four_class_1000um_base3621_v1/rate1x/v913_paper_dbtt01_0202500_persistent_sites/T1100K_th0_seed1010684/steps_1100K.csv,43afde171dcea029a044b27f88e594dfa346a67eebb473dde38a0a0dca7ca131,/Volumes/Data/Data/Nanopillar_calculation/PF-fracture-fatigue_v10_2_21_persistent_sites_top1/runs/1_final_v10_2_30_theta0_rate_extremes_four_class_1000um_base3621_v1/rate1x/v913_paper_dbtt01_0202500_persistent_sites/T1100K_th0_seed1010684/anisotropic_emission_audit_v10174.json,46c5e5ce2bc87e84324a206de07547a18d934161b9c158d17cf90a5ae12692fe,ARCHIVED_SCALAR_STATE_ONLY
DBTT,CONTROL,v913_zeroD_sobol_0202500,1100.0,1010684,AUTHORITATIVE_TEMPERATURE_SWEEP_SEED_NOT_PAIRED,False,3,0,240,1383.9818589859262,3.2951949023474454e-05,7176840.594661113,8069.168548405758,59.9149344981563,9.53194111460423,23.740988047048216,14.209046932443988,14.209046932443986,,,8.55055553197495,0.0,29714.231101865233,,-4.347853494145847,6.72000169288367e-07,1.6000005140237583e-14,False,False,PF_MODEL_NATIVE_DRIVING_TRAJECTORY_NOT_RESISTANCE,/Volumes/Data/Data/Nanopillar_calculation/PF-fracture-fatigue_v10_2_21_persistent_sites_top1/runs/1_final_v10_2_30_theta0_rate_extremes_four_class_1000um_base3621_v1/rate1x/v913_paper_dbtt01_0202500_persistent_sites/T1100K_th0_seed1010684/steps_1100K.csv,43afde171dcea029a044b27f88e594dfa346a67eebb473dde38a0a0dca7ca131,/Volumes/Data/Data/Nanopillar_calculation/PF-fracture-fatigue_v10_2_21_persistent_sites_top1/runs/1_final_v10_2_30_theta0_rate_extremes_four_class_1000um_base3621_v1/rate1x/v913_paper_dbtt01_0202500_persistent_sites/T1100K_th0_seed1010684/anisotropic_emission_audit_v10174.json,46c5e5ce2bc87e84324a206de07547a18d934161b9c158d17cf90a5ae12692fe,ARCHIVED_SCALAR_STATE_ONLY
DBTT,CONTROL,v913_zeroD_sobol_0202500,1100.0,1010684,AUTHORITATIVE_TEMPERATURE_SWEEP_SEED_NOT_PAIRED,False,4,0,248,1383.9818596579264,3.295194903947446e-05,7164419.4317574585,11474.851917374755,71.4486850122374,23.740988047048216,26.778559107462023,3.0375710604138053,3.0375710604138053,,,7.739333968466536,9.350515029334215e-09,23556.862076341433,,-3.3696266394833314,1.2788768799509853e-06,3.044947920107649e-14,False,False,PF_MODEL_NATIVE_DRIVING_TRAJECTORY_NOT_RESISTANCE,/Volumes/Data/Data/Nanopillar_calculation/PF-fracture-fatigue_v10_2_21_persistent_sites_top1/runs/1_final_v10_2_30_theta0_rate_extremes_four_class_1000um_base3621_v1/rate1x/v913_paper_dbtt01_0202500_persistent_sites/T1100K_th0_seed1010684/steps_1100K.csv,43afde171dcea029a044b27f88e594dfa346a67eebb473dde38a0a0dca7ca131,/Volumes/Data/Data/Nanopillar_calculation/PF-fracture-fatigue_v10_2_21_persistent_sites_top1/runs/1_final_v10_2_30_theta0_rate_extremes_four_class_1000um_base3621_v1/rate1x/v913_paper_dbtt01_0202500_persistent_sites/T1100K_th0_seed1010684/anisotropic_emission_audit_v10174.json,46c5e5ce2bc87e84324a206de07547a18d934161b9c158d17cf90a5ae12692fe,ARCHIVED_SCALAR_STATE_ONLY
DBTT,CONTROL,v913_zeroD_sobol_0202500,1100.0,1010684,AUTHORITATIVE_TEMPERATURE_SWEEP_SEED_NOT_PAIRED,False,5,0,258,1383.9818609368033,3.295194906992394e-05,7162971.837038049,11753.136412250955,72.30987049429403,26.778559107462023,32.37477869943929,5.59621959197727,5.59621959197727,,,7.956722453482995,1.0301391740442994e-08,25955.10036366161,,-3.653954402081962,8.400002116104588e-07,2.000000642529698e-14,False,False,PF_MODEL_NATIVE_DRIVING_TRAJECTORY_NOT_RESISTANCE,/Volumes/Data/Data/Nanopillar_calculation/PF-fracture-fatigue_v10_2_21_persistent_sites_top1/runs/1_final_v10_2_30_theta0_rate_extremes_four_class_1000um_base3621_v1/rate1x/v913_paper_dbtt01_0202500_persistent_sites/T1100K_th0_seed1010684/steps_1100K.csv,43afde171dcea029a044b27f88e594dfa346a67eebb473dde38a0a0dca7ca131,/Volumes/Data/Data/Nanopillar_calculation/PF-fracture-fatigue_v10_2_21_persistent_sites_top1/runs/1_final_v10_2_30_theta0_rate_extremes_four_class_1000um_base3621_v1/rate1x/v913_paper_dbtt01_0202500_persistent_sites/T1100K_th0_seed1010684/anisotropic_emission_audit_v10174.json,46c5e5ce2bc87e84324a206de07547a18d934161b9c158d17cf90a5ae12692fe,ARCHIVED_SCALAR_STATE_ONLY
DBTT,CONTROL,v913_zeroD_sobol_0202500,1100.0,1010684,AUTHORITATIVE_TEMPERATURE_SWEEP_SEED_NOT_PAIRED,False,6,0,268,1383.9818617768035,3.2951949089923944e-05,7157371.521560277,12640.439976137526,74.98973012887008,32.37477869943929,35.85297927983231,3.4782005803930165,3.4782005803930165,,,7.933011929297312,9.801624402136876e-09,24697.30231502586,,-3.4284924346365013,5.880001481273212e-07,1.4000004497707885e-14,False,False,PF_MODEL_NATIVE_DRIVING_TRAJECTORY_NOT_RESISTANCE,/Volumes/Data/Data/Nanopillar_calculation/PF-fracture-fatigue_v10_2_21_persistent_sites_top1/runs/1_final_v10_2_30_theta0_rate_extremes_four_class_1000um_base3621_v1/rate1x/v913_paper_dbtt01_0202500_persistent_sites/T1100K_th0_seed1010684/steps_1100K.csv,43afde171dcea029a044b27f88e594dfa346a67eebb473dde38a0a0dca7ca131,/Volumes/Data/Data/Nanopillar_calculation/PF-fracture-fatigue_v10_2_21_persistent_sites_top1/runs/1_final_v10_2_30_theta0_rate_extremes_four_class_1000um_base3621_v1/rate1x/v913_paper_dbtt01_0202500_persistent_sites/T1100K_th0_seed1010684/anisotropic_emission_audit_v10174.json,46c5e5ce2bc87e84324a206de07547a18d934161b9c158d17cf90a5ae12692fe,ARCHIVED_SCALAR_STATE_ONLY
DBTT,CONTROL,v913_zeroD_sobol_0202500,1100.0,1010684,AUTHORITATIVE_TEMPERATURE_SWEEP_SEED_NOT_PAIRED,False,7,0,275,1383.9818623648036,3.295194910392395e-05,7154620.392328696,13054.025694541708,76.20665986209701,35.85297927983231,38.39007304064213,2.5370937608098187,2.5370937608098187,,,7.874551293490005,9.747509467652012e-09,24556.811603633367,,-3.377564159169471,1.6800004232209176e-07,4.000001285059396e-15,False,False,PF_MODEL_NATIVE_DRIVING_TRAJECTORY_NOT_RESISTANCE,/Volumes/Data/Data/Nanopillar_calculation/PF-fracture-fatigue_v10_2_21_persistent_sites_top1/runs/1_final_v10_2_30_theta0_rate_extremes_four_class_1000um_base3621_v1/rate1x/v913_paper_dbtt01_0202500_persistent_sites/T1100K_th0_seed1010684/steps_1100K.csv,43afde171dcea029a044b27f88e594dfa346a67eebb473dde38a0a0dca7ca131,/Volumes/Data/Data/Nanopillar_calculation/PF-fracture-fatigue_v10_2_21_persistent_sites_top1/runs/1_final_v10_2_30_theta0_rate_extremes_four_class_1000um_base3621_v1/rate1x/v913_paper_dbtt01_0202500_persistent_sites/T1100K_th0_seed1010684/anisotropic_emission_audit_v10174.json,46c5e5ce2bc87e84324a206de07547a18d934161b9c158d17cf90a5ae12692fe,ARCHIVED_SCALAR_STATE_ONLY
DBTT,CONTROL,v913_zeroD_sobol_0202500,1100.0,1010684,AUTHORITATIVE_TEMPERATURE_SWEEP_SEED_NOT_PAIRED,False,8,0,277,1383.9818625328037,3.295194910792395e-05,7151265.430120608,13470.433240435015,77.41256848972374,38.39007304064213,40.68741313626703,2.2973400956249024,2.2973400956249024,,,7.869539934991852,9.738641894392143e-09,24535.974291657763,,-3.3406664710821867,2.5200006348313764e-07,6.000001927589094e-15,False,False,PF_MODEL_NATIVE_DRIVING_TRAJECTORY_NOT_RESISTANCE,/Volumes/Data/Data/Nanopillar_calculation/PF-fracture-fatigue_v10_2_21_persistent_sites_top1/runs/1_final_v10_2_30_theta0_rate_extremes_four_class_1000um_base3621_v1/rate1x/v913_paper_dbtt01_0202500_persistent_sites/T1100K_th0_seed1010684/steps_1100K.csv,43afde171dcea029a044b27f88e594dfa346a67eebb473dde38a0a0dca7ca131,/Volumes/Data/Data/Nanopillar_calculation/PF-fracture-fatigue_v10_2_21_persistent_sites_top1/runs/1_final_v10_2_30_theta0_rate_extremes_four_class_1000um_base3621_v1/rate1x/v913_paper_dbtt01_0202500_persistent_sites/T1100K_th0_seed1010684/anisotropic_emission_audit_v10174.json,46c5e5ce2bc87e84324a206de07547a18d934161b9c158d17cf90a5ae12692fe,ARCHIVED_SCALAR_STATE_ONLY
DBTT,CONTROL,v913_zeroD_sobol_0202500,1100.0,1010684,AUTHORITATIVE_TEMPERATURE_SWEEP_SEED_NOT_PAIRED,False,9,0,280,1383.9818627848038,3.295194911392395e-05,7151265.431422737,13540.220633873874,77.61283830108017,40.68741313626703,42.984753231891936,2.297340095624909,2.2973400956249024,,,8.257504253704958,1.0656776795923818e-08,26849.6587138615,,-3.61680953308884,3.6978901789552765e-06,8.804504299025559e-14,False,False,PF_MODEL_NATIVE_DRIVING_TRAJECTORY_NOT_RESISTANCE,/Volumes/Data/Data/Nanopillar_calculation/PF-fracture-fatigue_v10_2_21_persistent_sites_top1/runs/1_final_v10_2_30_theta0_rate_extremes_four_class_1000um_base3621_v1/rate1x/v913_paper_dbtt01_0202500_persistent_sites/T1100K_th0_seed1010684/steps_1100K.csv,43afde171dcea029a044b27f88e594dfa346a67eebb473dde38a0a0dca7ca131,/Volumes/Data/Data/Nanopillar_calculation/PF-fracture-fatigue_v10_2_21_persistent_sites_top1/runs/1_final_v10_2_30_theta0_rate_extremes_four_class_1000um_base3621_v1/rate1x/v913_paper_dbtt01_0202500_persistent_sites/T1100K_th0_seed1010684/anisotropic_emission_audit_v10174.json,46c5e5ce2bc87e84324a206de07547a18d934161b9c158d17cf90a5ae12692fe,ARCHIVED_SCALAR_STATE_ONLY
DBTT,CONTROL,v913_zeroD_sobol_0202500,1100.0,1010684,AUTHORITATIVE_TEMPERATURE_SWEEP_SEED_NOT_PAIRED,False,10,0,290,1383.981866482694,3.2951949201968995e-05,7147130.6857921155,13984.268418984102,78.8752177136971,42.984753231891936,59.330587828032904,16.345834596140964,16.345834596140968,,,8.143150993297231,1.0514895620970608e-08,26492.010255194135,,-3.224436297996375,1.4941738299967255e-06,3.557556674379722e-14,False,False,PF_MODEL_NATIVE_DRIVING_TRAJECTORY_NOT_RESISTANCE,/Volumes/Data/Data/Nanopillar_calculation/PF-fracture-fatigue_v10_2_21_persistent_sites_top1/runs/1_final_v10_2_30_theta0_rate_extremes_four_class_1000um_base3621_v1/rate1x/v913_paper_dbtt01_0202500_persistent_sites/T1100K_th0_seed1010684/steps_1100K.csv,43afde171dcea029a044b27f88e594dfa346a67eebb473dde38a0a0dca7ca131,/Volumes/Data/Data/Nanopillar_calculation/PF-fracture-fatigue_v10_2_21_persistent_sites_top1/runs/1_final_v10_2_30_theta0_rate_extremes_four_class_1000um_base3621_v1/rate1x/v913_paper_dbtt01_0202500_persistent_sites/T1100K_th0_seed1010684/anisotropic_emission_audit_v10174.json,46c5e5ce2bc87e84324a206de07547a18d934161b9c158d17cf90a5ae12692fe,ARCHIVED_SCALAR_STATE_ONLY
DBTT,CONTROL,v913_zeroD_sobol_0202500,1100.0,1010684,AUTHORITATIVE_TEMPERATURE_SWEEP_SEED_NOT_PAIRED,False,11,0,291,1383.9818679768678,3.295194923754456e-05,7141571.638256979,8515.61949516895,61.55010796933287,59.330587828032904,61.62686421728991,2.2962763892570144,2.2962763892570144,,,7.226397340476606,8.369511306607361e-09,21086.477200660716,,-2.502996986807565,3.360000846441835e-07,8.000002570118792e-15,False,False,PF_MODEL_NATIVE_DRIVING_TRAJECTORY_NOT_RESISTANCE,/Volumes/Data/Data/Nanopillar_calculation/PF-fracture-fatigue_v10_2_21_persistent_sites_top1/runs/1_final_v10_2_30_theta0_rate_extremes_four_class_1000um_base3621_v1/rate1x/v913_paper_dbtt01_0202500_persistent_sites/T1100K_th0_seed1010684/steps_1100K.csv,43afde171dcea029a044b27f88e594dfa346a67eebb473dde38a0a0dca7ca131,/Volumes/Data/Data/Nanopillar_calculation/PF-fracture-fatigue_v10_2_21_persistent_sites_top1/runs/1_final_v10_2_30_theta0_rate_extremes_four_class_1000um_base3621_v1/rate1x/v913_paper_dbtt01_0202500_persistent_sites/T1100K_th0_seed1010684/anisotropic_emission_audit_v10174.json,46c5e5ce2bc87e84324a206de07547a18d934161b9c158d17cf90a5ae12692fe,ARCHIVED_SCALAR_STATE_ONLY
DBTT,CONTROL,v913_zeroD_sobol_0202500,1100.0,1010684,AUTHORITATIVE_TEMPERATURE_SWEEP_SEED_NOT_PAIRED,False,12,0,295,1383.9818683128678,3.2951949245544564e-05,7140683.048555435,8515.650614541697,61.55022043320022,61.62686421728991,63.92314060654693,2.2962763892570144,2.2962763892570144,,,7.430238299769988,8.632810023004554e-09,21749.40694449159,,-2.5231661704365047,4.200001058052294e-07,1.000000321264849e-14,False,False,PF_MODEL_NATIVE_DRIVING_TRAJECTORY_NOT_RESISTANCE,/Volumes/Data/Data/Nanopillar_calculation/PF-fracture-fatigue_v10_2_21_persistent_sites_top1/runs/1_final_v10_2_30_theta0_rate_extremes_four_class_1000um_base3621_v1/rate1x/v913_paper_dbtt01_0202500_persistent_sites/T1100K_th0_seed1010684/steps_1100K.csv,43afde171dcea029a044b27f88e594dfa346a67eebb473dde38a0a0dca7ca131,/Volumes/Data/Data/Nanopillar_calculation/PF-fracture-fatigue_v10_2_21_persistent_sites_top1/runs/1_final_v10_2_30_theta0_rate_extremes_four_class_1000um_base3621_v1/rate1x/v913_paper_dbtt01_0202500_persistent_sites/T1100K_th0_seed1010684/anisotropic_emission_audit_v10174.json,46c5e5ce2bc87e84324a206de07547a18d934161b9c158d17cf90a5ae12692fe,ARCHIVED_SCALAR_STATE_ONLY
DBTT,CONTROL,v913_zeroD_sobol_0202500,1100.0,1010684,AUTHORITATIVE_TEMPERATURE_SWEEP_SEED_NOT_PAIRED,False,13,0,300,1383.981868732868,3.295194925554457e-05,7139778.636363237,8507.776234812089,61.52175626029975,63.92314060654693,66.21941699580394,2.2962763892570144,2.2962763892570144,,,7.463584755847693,8.738879842788133e-09,22016.67947780896,,-2.4960185390364873,2.392653277638601e-05,5.696793473693347e-13,False,False,PF_MODEL_NATIVE_DRIVING_TRAJECTORY_NOT_RESISTANCE,/Volumes/Data/Data/Nanopillar_calculation/PF-fracture-fatigue_v10_2_21_persistent_sites_top1/runs/1_final_v10_2_30_theta0_rate_extremes_four_class_1000um_base3621_v1/rate1x/v913_paper_dbtt01_0202500_persistent_sites/T1100K_th0_seed1010684/steps_1100K.csv,43afde171dcea029a044b27f88e594dfa346a67eebb473dde38a0a0dca7ca131,/Volumes/Data/Data/Nanopillar_calculation/PF-fracture-fatigue_v10_2_21_persistent_sites_top1/runs/1_final_v10_2_30_theta0_rate_extremes_four_class_1000um_base3621_v1/rate1x/v913_paper_dbtt01_0202500_persistent_sites/T1100K_th0_seed1010684/anisotropic_emission_audit_v10174.json,46c5e5ce2bc87e84324a206de07547a18d934161b9c158d17cf90a5ae12692fe,ARCHIVED_SCALAR_STATE_ONLY
DBTT,CONTROL,v913_zeroD_sobol_0202500,1100.0,1010684,AUTHORITATIVE_TEMPERATURE_SWEEP_SEED_NOT_PAIRED,False,14,0,315,1383.9818926594007,3.2951949825223915e-05,7138670.059795303,8512.325214352324,61.53820143959166,66.21941699580394,69.90096429020369,3.6815472943997487,3.6815472943997487,,,7.882385198280805,0.0,24535.0690060072,,-2.680528360879867,2.5365025067003444e-06,6.039291381440895e-14,False,False,PF_MODEL_NATIVE_DRIVING_TRAJECTORY_NOT_RESISTANCE,/Volumes/Data/Data/Nanopillar_calculation/PF-fracture-fatigue_v10_2_21_persistent_sites_top1/runs/1_final_v10_2_30_theta0_rate_extremes_four_class_1000um_base3621_v1/rate1x/v913_paper_dbtt01_0202500_persistent_sites/T1100K_th0_seed1010684/steps_1100K.csv,43afde171dcea029a044b27f88e594dfa346a67eebb473dde38a0a0dca7ca131,/Volumes/Data/Data/Nanopillar_calculation/PF-fracture-fatigue_v10_2_21_persistent_sites_top1/runs/1_final_v10_2_30_theta0_rate_extremes_four_class_1000um_base3621_v1/rate1x/v913_paper_dbtt01_0202500_persistent_sites/T1100K_th0_seed1010684/anisotropic_emission_audit_v10174.json,46c5e5ce2bc87e84324a206de07547a18d934161b9c158d17cf90a5ae12692fe,ARCHIVED_SCALAR_STATE_ONLY
DBTT,CONTROL,v913_zeroD_sobol_0202500,1100.0,1010684,AUTHORITATIVE_TEMPERATURE_SWEEP_SEED_NOT_PAIRED,False,15,0,316,1383.9818951959032,3.295194988561683e-05,7136008.931110296,8510.353856940876,61.531075254267684,69.90096429020369,78.11336459798547,8.212400307781778,8.212400307781778,,,6.99836038305773,8.292090569754179e-09,20891.715032916363,,-2.0637540992369985,2.5200006348313764e-07,6.000001927589094e-15,False,False,PF_MODEL_NATIVE_DRIVING_TRAJECTORY_NOT_RESISTANCE,/Volumes/Data/Data/Nanopillar_calculation/PF-fracture-fatigue_v10_2_21_persistent_sites_top1/runs/1_final_v10_2_30_theta0_rate_extremes_four_class_1000um_base3621_v1/rate1x/v913_paper_dbtt01_0202500_persistent_sites/T1100K_th0_seed1010684/steps_1100K.csv,43afde171dcea029a044b27f88e594dfa346a67eebb473dde38a0a0dca7ca131,/Volumes/Data/Data/Nanopillar_calculation/PF-fracture-fatigue_v10_2_21_persistent_sites_top1/runs/1_final_v10_2_30_theta0_rate_extremes_four_class_1000um_base3621_v1/rate1x/v913_paper_dbtt01_0202500_persistent_sites/T1100K_th0_seed1010684/anisotropic_emission_audit_v10174.json,46c5e5ce2bc87e84324a206de07547a18d934161b9c158d17cf90a5ae12692fe,ARCHIVED_SCALAR_STATE_ONLY
DBTT,CONTROL,v913_zeroD_sobol_0202500,1100.0,1010684,AUTHORITATIVE_TEMPERATURE_SWEEP_SEED_NOT_PAIRED,False,16,0,319,1383.9818954479033,3.295194989161683e-05,7131204.862736428,8418.028894581565,61.196403764796244,78.11336459798547,80.39370508497174,2.280340486986274,2.2803404869862733,,,6.973511678962317,7.652602108188431e-09,19280.435238315127,,-1.8444831277417495,9.903465070237871e-07,2.3579703185665213e-14,False,False,PF_MODEL_NATIVE_DRIVING_TRAJECTORY_NOT_RESISTANCE,/Volumes/Data/Data/Nanopillar_calculation/PF-fracture-fatigue_v10_2_21_persistent_sites_top1/runs/1_final_v10_2_30_theta0_rate_extremes_four_class_1000um_base3621_v1/rate1x/v913_paper_dbtt01_0202500_persistent_sites/T1100K_th0_seed1010684/steps_1100K.csv,43afde171dcea029a044b27f88e594dfa346a67eebb473dde38a0a0dca7ca131,/Volumes/Data/Data/Nanopillar_calculation/PF-fracture-fatigue_v10_2_21_persistent_sites_top1/runs/1_final_v10_2_30_theta0_rate_extremes_four_class_1000um_base3621_v1/rate1x/v913_paper_dbtt01_0202500_persistent_sites/T1100K_th0_seed1010684/anisotropic_emission_audit_v10174.json,46c5e5ce2bc87e84324a206de07547a18d934161b9c158d17cf90a5ae12692fe,ARCHIVED_SCALAR_STATE_ONLY
DBTT,CONTROL,v913_zeroD_sobol_0202500,1100.0,1010684,AUTHORITATIVE_TEMPERATURE_SWEEP_SEED_NOT_PAIRED,False,17,0,329,1383.9818964382498,3.2951949915196534e-05,7127720.514561683,9991.64647895411,66.67134632315182,80.39370508497174,84.72684924879795,4.333144163826195,4.333144163826195,,,7.374824927664141,8.772985893957964e-09,22106.334161391092,,-1.985183525346543,2.0015477275592275e-06,4.765589642742943e-14,False,False,PF_MODEL_NATIVE_DRIVING_TRAJECTORY_NOT_RESISTANCE,/Volumes/Data/Data/Nanopillar_calculation/PF-fracture-fatigue_v10_2_21_persistent_sites_top1/runs/1_final_v10_2_30_theta0_rate_extremes_four_class_1000um_base3621_v1/rate1x/v913_paper_dbtt01_0202500_persistent_sites/T1100K_th0_seed1010684/steps_1100K.csv,43afde171dcea029a044b27f88e594dfa346a67eebb473dde38a0a0dca7ca131,/Volumes/Data/Data/Nanopillar_calculation/PF-fracture-fatigue_v10_2_21_persistent_sites_top1/runs/1_final_v10_2_30_theta0_rate_extremes_four_class_1000um_base3621_v1/rate1x/v913_paper_dbtt01_0202500_persistent_sites/T1100K_th0_seed1010684/anisotropic_emission_audit_v10174.json,46c5e5ce2bc87e84324a206de07547a18d934161b9c158d17cf90a5ae12692fe,ARCHIVED_SCALAR_STATE_ONLY
DBTT,CONTROL,v913_zeroD_sobol_0202500,1100.0,1010684,AUTHORITATIVE_TEMPERATURE_SWEEP_SEED_NOT_PAIRED,False,18,0,339,1383.9818984397975,3.295194996285243e-05,7125486.081394576,9897.302592999298,66.35583513674261,84.72684924879795,93.49452116749963,8.767671918701687,8.767671918701687,,,7.48824493176035,9.441919246816127e-09,23788.92404327747,,-1.8437898381107374,5.040001269662753e-07,1.2000003855178187e-14,False,False,PF_MODEL_NATIVE_DRIVING_TRAJECTORY_NOT_RESISTANCE,/Volumes/Data/Data/Nanopillar_calculation/PF-fracture-fatigue_v10_2_21_persistent_sites_top1/runs/1_final_v10_2_30_theta0_rate_extremes_four_class_1000um_base3621_v1/rate1x/v913_paper_dbtt01_0202500_persistent_sites/T1100K_th0_seed1010684/steps_1100K.csv,43afde171dcea029a044b27f88e594dfa346a67eebb473dde38a0a0dca7ca131,/Volumes/Data/Data/Nanopillar_calculation/PF-fracture-fatigue_v10_2_21_persistent_sites_top1/runs/1_final_v10_2_30_theta0_rate_extremes_four_class_1000um_base3621_v1/rate1x/v913_paper_dbtt01_0202500_persistent_sites/T1100K_th0_seed1010684/anisotropic_emission_audit_v10174.json,46c5e5ce2bc87e84324a206de07547a18d934161b9c158d17cf90a5ae12692fe,ARCHIVED_SCALAR_STATE_ONLY
DBTT,CONTROL,v913_zeroD_sobol_0202500,1100.0,1010684,AUTHORITATIVE_TEMPERATURE_SWEEP_SEED_NOT_PAIRED,False,19,0,345,1383.9818989437977,3.2951949974852434e-05,7120431.734729502,9696.143488132997,65.67804428763128,93.49452116749963,95.79159532113974,2.2970741536401054,2.2970741536401054,,,8.037305451355904,1.0075154934064623e-08,25382.948111665595,,-1.881024246814251,1.6800004232209176e-07,4.000001285059396e-15,False,False,PF_MODEL_NATIVE_DRIVING_TRAJECTORY_NOT_RESISTANCE,/Volumes/Data/Data/Nanopillar_calculation/PF-fracture-fatigue_v10_2_21_persistent_sites_top1/runs/1_final_v10_2_30_theta0_rate_extremes_four_class_1000um_base3621_v1/rate1x/v913_paper_dbtt01_0202500_persistent_sites/T1100K_th0_seed1010684/steps_1100K.csv,43afde171dcea029a044b27f88e594dfa346a67eebb473dde38a0a0dca7ca131,/Volumes/Data/Data/Nanopillar_calculation/PF-fracture-fatigue_v10_2_21_persistent_sites_top1/runs/1_final_v10_2_30_theta0_rate_extremes_four_class_1000um_base3621_v1/rate1x/v913_paper_dbtt01_0202500_persistent_sites/T1100K_th0_seed1010684/anisotropic_emission_audit_v10174.json,46c5e5ce2bc87e84324a206de07547a18d934161b9c158d17cf90a5ae12692fe,ARCHIVED_SCALAR_STATE_ONLY
DBTT,CONTROL,v913_zeroD_sobol_0202500,1100.0,1010684,AUTHORITATIVE_TEMPERATURE_SWEEP_SEED_NOT_PAIRED,False,20,0,347,1383.9818991117977,3.2951949978852436e-05,7117988.637539981,9718.796185359799,65.75471997341353,95.79159532113974,98.08893541676464,2.2973400956249024,2.2973400956249024,,,7.355261130335583,8.532197172595501e-09,21497.577903229198,,-1.526163702462757,0.00045864000026085705,1.092000000488388e-11,False,False,PF_MODEL_NATIVE_DRIVING_TRAJECTORY_NOT_RESISTANCE,/Volumes/Data/Data/Nanopillar_calculation/PF-fracture-fatigue_v10_2_21_persistent_sites_top1/runs/1_final_v10_2_30_theta0_rate_extremes_four_class_1000um_base3621_v1/rate1x/v913_paper_dbtt01_0202500_persistent_sites/T1100K_th0_seed1010684/steps_1100K.csv,43afde171dcea029a044b27f88e594dfa346a67eebb473dde38a0a0dca7ca131,/Volumes/Data/Data/Nanopillar_calculation/PF-fracture-fatigue_v10_2_21_persistent_sites_top1/runs/1_final_v10_2_30_theta0_rate_extremes_four_class_1000um_base3621_v1/rate1x/v913_paper_dbtt01_0202500_persistent_sites/T1100K_th0_seed1010684/anisotropic_emission_audit_v10174.json,46c5e5ce2bc87e84324a206de07547a18d934161b9c158d17cf90a5ae12692fe,ARCHIVED_SCALAR_STATE_ONLY
DBTT,CONTROL,v913_zeroD_sobol_0202500,1100.0,1010684,AUTHORITATIVE_TEMPERATURE_SWEEP_SEED_NOT_PAIRED,False,21,0,353,1383.982357751798,3.295196089885244e-05,7115599.286801092,8444.876681824113,61.29391353401233,98.08893541676464,100.08563669366856,1.9967012769039238,1.9967012769039374,,,6.854694295092905,7.355197340666353e-09,18531.99559772456,,-1.261545385235398,,,False,True,PF_MODEL_NATIVE_DRIVING_TRAJECTORY_NOT_RESISTANCE,/Volumes/Data/Data/Nanopillar_calculation/PF-fracture-fatigue_v10_2_21_persistent_sites_top1/runs/1_final_v10_2_30_theta0_rate_extremes_four_class_1000um_base3621_v1/rate1x/v913_paper_dbtt01_0202500_persistent_sites/T1100K_th0_seed1010684/steps_1100K.csv,43afde171dcea029a044b27f88e594dfa346a67eebb473dde38a0a0dca7ca131,/Volumes/Data/Data/Nanopillar_calculation/PF-fracture-fatigue_v10_2_21_persistent_sites_top1/runs/1_final_v10_2_30_theta0_rate_extremes_four_class_1000um_base3621_v1/rate1x/v913_paper_dbtt01_0202500_persistent_sites/T1100K_th0_seed1010684/anisotropic_emission_audit_v10174.json,46c5e5ce2bc87e84324a206de07547a18d934161b9c158d17cf90a5ae12692fe,ARCHIVED_SCALAR_STATE_ONLY
DBTT,R_FINALIST,oneD_v2_dbtt_R_9f5160f509e713e2,1200.0,1008666,CANONICAL_FINALIST_SEED,True,0,0,238,1949.9624778644074,4.642767804439042e-05,10113798.835229084,13975.994546886282,78.85188077531744,0.0,2.931106565679095,2.931106565679095,2.931106565679095,8.235915954640785,0.11152598004821043,10.775108122192732,0.0,47494.874389267025,1727.497392349809,-7.0215374985500345,15.604566347342143,3.715372939843491e-07,False,False,PF_MODEL_NATIVE_DRIVING_TRAJECTORY_NOT_RESISTANCE,/private/tmp/oneD-v2-peak-dbtt-R-pf-runs/DBTT_R/T1200K_seed1008666/steps_1200K.csv,8150c663e767a80b12deef96b897ec0ccc3d0e51a1ad0761e731b7974339fab3,/private/tmp/oneD-v2-peak-dbtt-R-pf-runs/DBTT_R/T1200K_seed1008666/anisotropic_emission_audit_v10174.json,e47ebe01449218c6b35c8e22873f8a0dbb5a458ccf1240e767ab9f6ecbd55a70,FULL_PERSISTENT_SITE_OBSERVER
DBTT,R_FINALIST,oneD_v2_dbtt_R_9f5160f509e713e2,1200.0,1008666,CANONICAL_FINALIST_SEED,True,1,0,258,1965.5670442117496,4.679921533837477e-05,10194493.354519892,14651.770403088423,80.7357246346173,2.931106565679095,7.415929780049919,4.484823214370824,4.484823214370823,8.443250200181993,0.10996190340485613,10.9283873137058,0.0,47416.12433346966,1746.1492177904631,-6.974331851374468,0.448411605817455,1.067646680518754e-08,False,False,PF_MODEL_NATIVE_DRIVING_TRAJECTORY_NOT_RESISTANCE,/private/tmp/oneD-v2-peak-dbtt-R-pf-runs/DBTT_R/T1200K_seed1008666/steps_1200K.csv,8150c663e767a80b12deef96b897ec0ccc3d0e51a1ad0761e731b7974339fab3,/private/tmp/oneD-v2-peak-dbtt-R-pf-runs/DBTT_R/T1200K_seed1008666/anisotropic_emission_audit_v10174.json,e47ebe01449218c6b35c8e22873f8a0dbb5a458ccf1240e767ab9f6ecbd55a70,FULL_PERSISTENT_SITE_OBSERVER
DBTT,R_FINALIST,oneD_v2_dbtt_R_9f5160f509e713e2,1200.0,1008666,CANONICAL_FINALIST_SEED,True,2,0,271,1966.015455817567,4.6809891805179954e-05,10195964.142777389,15572.51991367012,83.23388052856656,7.415929780049919,10.475434902500647,3.059505122450728,3.059505122450729,8.765627804531535,0.10765553457498368,11.162544707972016,0.0,49126.36514611307,1774.797605378974,-7.226548374762979,0.020517081520438296,4.885019409586722e-10,False,False,PF_MODEL_NATIVE_DRIVING_TRAJECTORY_NOT_RESISTANCE,/private/tmp/oneD-v2-peak-dbtt-R-pf-runs/DBTT_R/T1200K_seed1008666/steps_1200K.csv,8150c663e767a80b12deef96b897ec0ccc3d0e51a1ad0761e731b7974339fab3,/private/tmp/oneD-v2-peak-dbtt-R-pf-runs/DBTT_R/T1200K_seed1008666/anisotropic_emission_audit_v10174.json,e47ebe01449218c6b35c8e22873f8a0dbb5a458ccf1240e767ab9f6ecbd55a70,FULL_PERSISTENT_SITE_OBSERVER
DBTT,R_FINALIST,oneD_v2_dbtt_R_9f5160f509e713e2,1200.0,1008666,CANONICAL_FINALIST_SEED,True,3,0,282,1966.0359728990875,4.681038030712091e-05,10195167.436085328,16304.783073957848,85.1683449637077,10.475434902500647,17.738586165025698,7.263151262525049,7.263151262525049,8.468265605820278,0.10977760915077937,10.946735186033745,0.0,47048.52285741527,1748.3874691645665,-6.849937745169739,2.437714783809497e-06,5.804083206889174e-14,False,False,PF_MODEL_NATIVE_DRIVING_TRAJECTORY_NOT_RESISTANCE,/private/tmp/oneD-v2-peak-dbtt-R-pf-runs/DBTT_R/T1200K_seed1008666/steps_1200K.csv,8150c663e767a80b12deef96b897ec0ccc3d0e51a1ad0761e731b7974339fab3,/private/tmp/oneD-v2-peak-dbtt-R-pf-runs/DBTT_R/T1200K_seed1008666/anisotropic_emission_audit_v10174.json,e47ebe01449218c6b35c8e22873f8a0dbb5a458ccf1240e767ab9f6ecbd55a70,FULL_PERSISTENT_SITE_OBSERVER
DBTT,R_FINALIST,oneD_v2_dbtt_R_9f5160f509e713e2,1200.0,1008666,CANONICAL_FINALIST_SEED,True,4,0,292,1966.0359753368023,4.6810380365161745e-05,10188584.700507317,19921.95869559753,94.14271372852836,17.738586165025698,28.2064547972602,10.467868632234504,10.467868632234506,7.077582832737192,0.12168924997480403,9.873795325929423,1.803277882744258e-08,39719.88892602619,1619.819493932194,-5.662865952820739,1.108996912080329e-06,2.6404727471347755e-14,False,False,PF_MODEL_NATIVE_DRIVING_TRAJECTORY_NOT_RESISTANCE,/private/tmp/oneD-v2-peak-dbtt-R-pf-runs/DBTT_R/T1200K_seed1008666/steps_1200K.csv,8150c663e767a80b12deef96b897ec0ccc3d0e51a1ad0761e731b7974339fab3,/private/tmp/oneD-v2-peak-dbtt-R-pf-runs/DBTT_R/T1200K_seed1008666/anisotropic_emission_audit_v10174.json,e47ebe01449218c6b35c8e22873f8a0dbb5a458ccf1240e767ab9f6ecbd55a70,FULL_PERSISTENT_SITE_OBSERVER
DBTT,R_FINALIST,oneD_v2_dbtt_R_9f5160f509e713e2,1200.0,1008666,CANONICAL_FINALIST_SEED,True,5,0,302,1966.0359764457992,4.681038039156647e-05,10175913.597802892,21532.36013929312,97.8738140776551,28.2064547972602,33.059301215423474,4.852846418163278,4.852846418163273,7.813669707197457,0.1149292553623885,10.45598219168395,2.0233528632807263e-08,44564.802753992706,1688.9433702426302,-6.2598422310858695,8.400002116104588e-08,2.000000642529698e-15,False,False,PF_MODEL_NATIVE_DRIVING_TRAJECTORY_NOT_RESISTANCE,/private/tmp/oneD-v2-peak-dbtt-R-pf-runs/DBTT_R/T1200K_seed1008666/steps_1200K.csv,8150c663e767a80b12deef96b897ec0ccc3d0e51a1ad0761e731b7974339fab3,/private/tmp/oneD-v2-peak-dbtt-R-pf-runs/DBTT_R/T1200K_seed1008666/anisotropic_emission_audit_v10174.json,e47ebe01449218c6b35c8e22873f8a0dbb5a458ccf1240e767ab9f6ecbd55a70,FULL_PERSISTENT_SITE_OBSERVER
DBTT,R_FINALIST,oneD_v2_dbtt_R_9f5160f509e713e2,1200.0,1008666,CANONICAL_FINALIST_SEED,True,6,0,303,1966.0359765297992,4.681038039356647e-05,10172342.937263444,21705.265383288253,98.26599260626824,33.059301215423474,35.35664131104838,2.2973400956249024,2.2973400956249024,8.308122806571683,0.11097372238412088,10.828709298087825,2.0996498990541774e-08,46241.81938370697,1734.013631527849,-6.446052459187295,1.198900008603232e-06,2.8545240715431575e-14,False,False,PF_MODEL_NATIVE_DRIVING_TRAJECTORY_NOT_RESISTANCE,/private/tmp/oneD-v2-peak-dbtt-R-pf-runs/DBTT_R/T1200K_seed1008666/steps_1200K.csv,8150c663e767a80b12deef96b897ec0ccc3d0e51a1ad0761e731b7974339fab3,/private/tmp/oneD-v2-peak-dbtt-R-pf-runs/DBTT_R/T1200K_seed1008666/anisotropic_emission_audit_v10174.json,e47ebe01449218c6b35c8e22873f8a0dbb5a458ccf1240e767ab9f6ecbd55a70,FULL_PERSISTENT_SITE_OBSERVER
DBTT,R_FINALIST,oneD_v2_dbtt_R_9f5160f509e713e2,1200.0,1008666,CANONICAL_FINALIST_SEED,True,7,0,313,1966.0359777286992,4.6810380422111714e-05,10170111.422910579,21837.480513744646,98.56482622181844,35.35664131104838,40.602872086987624,5.246230775939242,5.246230775939249,8.262532242867222,0.11132145332510564,10.794895655943524,2.2240783439503464e-08,48993.0468021557,1729.901920322747,-6.84044155723373,1.1270396953477757e-06,2.6834288372086512e-14,False,False,PF_MODEL_NATIVE_DRIVING_TRAJECTORY_NOT_RESISTANCE,/private/tmp/oneD-v2-peak-dbtt-R-pf-runs/DBTT_R/T1200K_seed1008666/steps_1200K.csv,8150c663e767a80b12deef96b897ec0ccc3d0e51a1ad0761e731b7974339fab3,/private/tmp/oneD-v2-peak-dbtt-R-pf-runs/DBTT_R/T1200K_seed1008666/anisotropic_emission_audit_v10174.json,e47ebe01449218c6b35c8e22873f8a0dbb5a458ccf1240e767ab9f6ecbd55a70,FULL_PERSISTENT_SITE_OBSERVER
DBTT,R_FINALIST,oneD_v2_dbtt_R_9f5160f509e713e2,1200.0,1008666,CANONICAL_FINALIST_SEED,True,8,0,323,1966.035978855739,4.6810380448946e-05,10164031.088124672,22148.077163637317,99.26330002180492,40.602872086987624,45.534666691946185,4.931794604958564,4.931794604958557,8.093841388074996,0.11263711738105125,10.668809629410577,2.10857251682262e-08,46449.96092884884,1714.611226248888,-6.470759189563842,8.400002116104588e-08,2.000000642529698e-15,False,False,PF_MODEL_NATIVE_DRIVING_TRAJECTORY_NOT_RESISTANCE,/private/tmp/oneD-v2-peak-dbtt-R-pf-runs/DBTT_R/T1200K_seed1008666/steps_1200K.csv,8150c663e767a80b12deef96b897ec0ccc3d0e51a1ad0761e731b7974339fab3,/private/tmp/oneD-v2-peak-dbtt-R-pf-runs/DBTT_R/T1200K_seed1008666/anisotropic_emission_audit_v10174.json,e47ebe01449218c6b35c8e22873f8a0dbb5a458ccf1240e767ab9f6ecbd55a70,FULL_PERSISTENT_SITE_OBSERVER
DBTT,R_FINALIST,oneD_v2_dbtt_R_9f5160f509e713e2,1200.0,1008666,CANONICAL_FINALIST_SEED,True,9,0,324,1966.035978939739,4.6810380450946e-05,10159924.466494683,22208.708678669485,99.39907638904342,45.534666691946185,47.83200678757109,2.2973400956249024,2.2973400956249024,8.244764380959332,0.11145786131789742,10.781697811827955,2.1261257645275394e-08,46830.535298386945,1728.2970965505529,-6.528399250400074,1.6800004232209176e-07,3.999994508795818e-15,False,False,PF_MODEL_NATIVE_DRIVING_TRAJECTORY_NOT_RESISTANCE,/private/tmp/oneD-v2-peak-dbtt-R-pf-runs/DBTT_R/T1200K_seed1008666/steps_1200K.csv,8150c663e767a80b12deef96b897ec0ccc3d0e51a1ad0761e731b7974339fab3,/private/tmp/oneD-v2-peak-dbtt-R-pf-runs/DBTT_R/T1200K_seed1008666/anisotropic_emission_audit_v10174.json,e47ebe01449218c6b35c8e22873f8a0dbb5a458ccf1240e767ab9f6ecbd55a70,FULL_PERSISTENT_SITE_OBSERVER
DBTT,R_FINALIST,oneD_v2_dbtt_R_9f5160f509e713e2,1200.0,1008666,CANONICAL_FINALIST_SEED,True,10,0,326,1966.035979107739,4.6810380454946e-05,10154834.76530217,22467.76642061583,99.97712538100559,47.83200678757109,50.12934688319599,2.2973400956249024,2.2973400956249024,6.703707798435652,0.12561367326221662,9.566499134199232,1.6692183636971685e-08,36767.78607622604,1583.7310728677885,-5.128985608221259,225.91619265600275,5.378956967999955e-06,True,False,PF_MODEL_NATIVE_DRIVING_TRAJECTORY_NOT_RESISTANCE,/private/tmp/oneD-v2-peak-dbtt-R-pf-runs/DBTT_R/T1200K_seed1008666/steps_1200K.csv,8150c663e767a80b12deef96b897ec0ccc3d0e51a1ad0761e731b7974339fab3,/private/tmp/oneD-v2-peak-dbtt-R-pf-runs/DBTT_R/T1200K_seed1008666/anisotropic_emission_audit_v10174.json,e47ebe01449218c6b35c8e22873f8a0dbb5a458ccf1240e767ab9f6ecbd55a70,FULL_PERSISTENT_SITE_OBSERVER
DBTT,R_FINALIST,oneD_v2_dbtt_R_9f5160f509e713e2,1200.0,1008666,CANONICAL_FINALIST_SEED,True,11,1,365,2191.9521717637417,5.218933742294595e-05,11401818.09962463,10853.957787985995,69.48879160183822,50.12934688319599,52.42668697882088,2.2973400956248953,2.2973400956249024,5.710985169013574,0.1382141354121859,8.693456050009507,0.0,29921.563059590077,1484.5435409375293,-4.1693031607044775,1.776998220119367,4.23094814314053e-08,False,False,PF_MODEL_NATIVE_DRIVING_TRAJECTORY_NOT_RESISTANCE,/private/tmp/oneD-v2-peak-dbtt-R-pf-runs/DBTT_R/T1200K_seed1008666/steps_1200K.csv,8150c663e767a80b12deef96b897ec0ccc3d0e51a1ad0761e731b7974339fab3,/private/tmp/oneD-v2-peak-dbtt-R-pf-runs/DBTT_R/T1200K_seed1008666/anisotropic_emission_audit_v10174.json,e47ebe01449218c6b35c8e22873f8a0dbb5a458ccf1240e767ab9f6ecbd55a70,FULL_PERSISTENT_SITE_OBSERVER
DBTT,R_FINALIST,oneD_v2_dbtt_R_9f5160f509e713e2,1200.0,1008666,CANONICAL_FINALIST_SEED,True,12,1,382,2193.729169983861,5.223164690437736e-05,11409870.741478646,11056.834556999249,70.13520988299454,52.42668697882088,56.677418122201125,4.250731143380243,4.250731143380237,5.879127169867347,0.13581217067639514,8.847208533808558,0.0,31875.79442595417,1501.692428255647,-4.4425689695553725,3.8989546622174203,9.28322538623348e-08,False,False,PF_MODEL_NATIVE_DRIVING_TRAJECTORY_NOT_RESISTANCE,/private/tmp/oneD-v2-peak-dbtt-R-pf-runs/DBTT_R/T1200K_seed1008666/steps_1200K.csv,8150c663e767a80b12deef96b897ec0ccc3d0e51a1ad0761e731b7974339fab3,/private/tmp/oneD-v2-peak-dbtt-R-pf-runs/DBTT_R/T1200K_seed1008666/anisotropic_emission_audit_v10174.json,e47ebe01449218c6b35c8e22873f8a0dbb5a458ccf1240e767ab9f6ecbd55a70,FULL_PERSISTENT_SITE_OBSERVER
DBTT,R_FINALIST,oneD_v2_dbtt_R_9f5160f509e713e2,1200.0,1008666,CANONICAL_FINALIST_SEED,True,13,1,396,2197.6281246460785,5.232447915823969e-05,11427494.988068447,11501.153044819428,71.53052072628317,56.677418122201125,64.60637726595918,7.9289591437580516,7.9289591437580516,6.298718054986318,0.13032493754542537,9.21978821860855,0.0,33460.1566626683,1543.8643550524916,-4.6603610994255655,0.0029128328797014547,6.935316380972216e-11,False,False,PF_MODEL_NATIVE_DRIVING_TRAJECTORY_NOT_RESISTANCE,/private/tmp/oneD-v2-peak-dbtt-R-pf-runs/DBTT_R/T1200K_seed1008666/steps_1200K.csv,8150c663e767a80b12deef96b897ec0ccc3d0e51a1ad0761e731b7974339fab3,/private/tmp/oneD-v2-peak-dbtt-R-pf-runs/DBTT_R/T1200K_seed1008666/anisotropic_emission_audit_v10174.json,e47ebe01449218c6b35c8e22873f8a0dbb5a458ccf1240e767ab9f6ecbd55a70,FULL_PERSISTENT_SITE_OBSERVER
DBTT,R_FINALIST,oneD_v2_dbtt_R_9f5160f509e713e2,1200.0,1008666,CANONICAL_FINALIST_SEED,True,14,1,397,2197.631037478958,5.23245485114035e-05,11421697.344688764,12358.20112199763,74.1478093713446,64.60637726595918,73.04590364404542,8.439526378086239,8.439526378086251,5.758946521676423,0.13751603306381954,8.736678997383194,0.0,29904.295677002563,1489.4496523035693,-4.154215414567851,2.5200006348313764e-07,6.000001927589094e-15,False,False,PF_MODEL_NATIVE_DRIVING_TRAJECTORY_NOT_RESISTANCE,/private/tmp/oneD-v2-peak-dbtt-R-pf-runs/DBTT_R/T1200K_seed1008666/steps_1200K.csv,8150c663e767a80b12deef96b897ec0ccc3d0e51a1ad0761e731b7974339fab3,/private/tmp/oneD-v2-peak-dbtt-R-pf-runs/DBTT_R/T1200K_seed1008666/anisotropic_emission_audit_v10174.json,e47ebe01449218c6b35c8e22873f8a0dbb5a458ccf1240e767ab9f6ecbd55a70,FULL_PERSISTENT_SITE_OBSERVER
DBTT,R_FINALIST,oneD_v2_dbtt_R_9f5160f509e713e2,1200.0,1008666,CANONICAL_FINALIST_SEED,True,15,1,400,2197.6310377309583,5.2324548517403504e-05,11321132.200834747,27146.751633826934,109.89542935287638,73.04590364404542,75.34297779768553,2.297074153640119,2.2970741536401054,8.547523484736987,0.10919975999361962,11.002792357554688,2.1472260414545408e-08,47303.04529677726,1755.4619989526566,-6.575305127620463,5.040001269662753e-07,1.199999707891461e-14,False,False,PF_MODEL_NATIVE_DRIVING_TRAJECTORY_NOT_RESISTANCE,/private/tmp/oneD-v2-peak-dbtt-R-pf-runs/DBTT_R/T1200K_seed1008666/steps_1200K.csv,8150c663e767a80b12deef96b897ec0ccc3d0e51a1ad0761e731b7974339fab3,/private/tmp/oneD-v2-peak-dbtt-R-pf-runs/DBTT_R/T1200K_seed1008666/anisotropic_emission_audit_v10174.json,e47ebe01449218c6b35c8e22873f8a0dbb5a458ccf1240e767ab9f6ecbd55a70,FULL_PERSISTENT_SITE_OBSERVER
DBTT,R_FINALIST,oneD_v2_dbtt_R_9f5160f509e713e2,1200.0,1008666,CANONICAL_FINALIST_SEED,True,16,1,406,2197.6310382349584,5.23245485294035e-05,11319115.33804694,27604.05623730312,110.81719345836058,75.34297779768553,77.64005195132565,2.2970741536401054,2.2970741536401054,8.969563918168609,0.10626934714738817,11.306409504200357,2.2974745662587725e-08,50611.51868655247,1792.7048260583579,-7.047252353006061,3.360000846441835e-07,8.00000934638237e-15,False,False,PF_MODEL_NATIVE_DRIVING_TRAJECTORY_NOT_RESISTANCE,/private/tmp/oneD-v2-peak-dbtt-R-pf-runs/DBTT_R/T1200K_seed1008666/steps_1200K.csv,8150c663e767a80b12deef96b897ec0ccc3d0e51a1ad0761e731b7974339fab3,/private/tmp/oneD-v2-peak-dbtt-R-pf-runs/DBTT_R/T1200K_seed1008666/anisotropic_emission_audit_v10174.json,e47ebe01449218c6b35c8e22873f8a0dbb5a458ccf1240e767ab9f6ecbd55a70,FULL_PERSISTENT_SITE_OBSERVER
DBTT,R_FINALIST,oneD_v2_dbtt_R_9f5160f509e713e2,1200.0,1008666,CANONICAL_FINALIST_SEED,True,17,1,410,2197.6310385709585,5.232454853740351e-05,11317062.712045224,28029.85974173757,111.66862217519916,77.64005195132565,79.93712610496574,2.2970741536401054,2.2970741536401054,9.104728173278822,0.10537958255397999,11.40270939326275,2.3330812839017503e-08,51392.41039836459,1804.4834535526281,-7.171997751308925,3.360000846441835e-07,8.000002570118792e-15,False,False,PF_MODEL_NATIVE_DRIVING_TRAJECTORY_NOT_RESISTANCE,/private/tmp/oneD-v2-peak-dbtt-R-pf-runs/DBTT_R/T1200K_seed1008666/steps_1200K.csv,8150c663e767a80b12deef96b897ec0ccc3d0e51a1ad0761e731b7974339fab3,/private/tmp/oneD-v2-peak-dbtt-R-pf-runs/DBTT_R/T1200K_seed1008666/anisotropic_emission_audit_v10174.json,e47ebe01449218c6b35c8e22873f8a0dbb5a458ccf1240e767ab9f6ecbd55a70,FULL_PERSISTENT_SITE_OBSERVER
DBTT,R_FINALIST,oneD_v2_dbtt_R_9f5160f509e713e2,1200.0,1008666,CANONICAL_FINALIST_SEED,True,18,1,414,2197.6310389069586,5.2324548545403513e-05,11314558.959515356,28479.91621171819,112.56154589061973,79.93712610496574,82.23340249422276,2.2962763892570144,2.2962763892570144,9.889031099858158,0.10062377711469993,11.941564863790923,2.5469489629862248e-08,56102.15754662313,1871.474026738649,-7.812630983148898,4.023632300231839e-06,9.580074092959551e-14,False,False,PF_MODEL_NATIVE_DRIVING_TRAJECTORY_NOT_RESISTANCE,/private/tmp/oneD-v2-peak-dbtt-R-pf-runs/DBTT_R/T1200K_seed1008666/steps_1200K.csv,8150c663e767a80b12deef96b897ec0ccc3d0e51a1ad0761e731b7974339fab3,/private/tmp/oneD-v2-peak-dbtt-R-pf-runs/DBTT_R/T1200K_seed1008666/anisotropic_emission_audit_v10174.json,e47ebe01449218c6b35c8e22873f8a0dbb5a458ccf1240e767ab9f6ecbd55a70,FULL_PERSISTENT_SITE_OBSERVER
DBTT,R_FINALIST,oneD_v2_dbtt_R_9f5160f509e713e2,1200.0,1008666,CANONICAL_FINALIST_SEED,True,19,1,424,2197.631042930591,5.2324548641204254e-05,11311535.297772272,29015.125282605277,113.61427994341999,82.23340249422276,100.16094124707362,17.927538752850865,17.927538752850865,9.30159226909522,0.10412273633183568,11.539735282532714,2.376418706540775e-08,52346.53681616632,1821.5131769935247,-7.286606604934501,,,False,True,PF_MODEL_NATIVE_DRIVING_TRAJECTORY_NOT_RESISTANCE,/private/tmp/oneD-v2-peak-dbtt-R-pf-runs/DBTT_R/T1200K_seed1008666/steps_1200K.csv,8150c663e767a80b12deef96b897ec0ccc3d0e51a1ad0761e731b7974339fab3,/private/tmp/oneD-v2-peak-dbtt-R-pf-runs/DBTT_R/T1200K_seed1008666/anisotropic_emission_audit_v10174.json,e47ebe01449218c6b35c8e22873f8a0dbb5a458ccf1240e767ab9f6ecbd55a70,FULL_PERSISTENT_SITE_OBSERVER
DBTT,CONTROL,v913_zeroD_sobol_0202500,1200.0,1012702,AUTHORITATIVE_TEMPERATURE_SWEEP_SEED_NOT_PAIRED,False,0,0,169,1336.9146077257244,3.1831300183945884e-05,6934125.941349265,6569.5791697941295,54.061671674125535,0.0,4.0619317719521035,4.0619317719521035,4.0619317719521035,,,7.827462073760661,0.0,24854.492857778583,,-3.669352722215461,0.6209095095252906,1.4783559750581753e-08,False,False,PF_MODEL_NATIVE_DRIVING_TRAJECTORY_NOT_RESISTANCE,/Volumes/Data/Data/Nanopillar_calculation/PF-fracture-fatigue_v10_2_21_persistent_sites_top1/runs/1_final_v10_2_30_theta0_rate_extremes_four_class_1000um_base3621_v1/rate1x/v913_paper_dbtt01_0202500_persistent_sites/T1200K_th0_seed1012702/steps_1200K.csv,b5337cd7621e08ab62f6f2bf070c007789321b59449c511514c8c1678df0aa01,/Volumes/Data/Data/Nanopillar_calculation/PF-fracture-fatigue_v10_2_21_persistent_sites_top1/runs/1_final_v10_2_30_theta0_rate_extremes_four_class_1000um_base3621_v1/rate1x/v913_paper_dbtt01_0202500_persistent_sites/T1200K_th0_seed1012702/anisotropic_emission_audit_v10174.json,5ffe1dde971358bca0ba18ab7b52efc3e108627675120c6a430419c911974fec,ARCHIVED_SCALAR_STATE_ONLY
DBTT,CONTROL,v913_zeroD_sobol_0202500,1200.0,1012702,AUTHORITATIVE_TEMPERATURE_SWEEP_SEED_NOT_PAIRED,False,1,0,189,1337.5355172352497,3.1846083743696466e-05,6936973.363731682,6934.963251424675,55.54471942688219,4.0619317719521035,9.319197747916386,5.257265975964283,5.257265975964283,,,7.74328403715418,0.0,25361.004712679165,,-3.7420106534654574,8.266715576610295e-05,1.9682656180364418e-12,False,False,PF_MODEL_NATIVE_DRIVING_TRAJECTORY_NOT_RESISTANCE,/Volumes/Data/Data/Nanopillar_calculation/PF-fracture-fatigue_v10_2_21_persistent_sites_top1/runs/1_final_v10_2_30_theta0_rate_extremes_four_class_1000um_base3621_v1/rate1x/v913_paper_dbtt01_0202500_persistent_sites/T1200K_th0_seed1012702/steps_1200K.csv,b5337cd7621e08ab62f6f2bf070c007789321b59449c511514c8c1678df0aa01,/Volumes/Data/Data/Nanopillar_calculation/PF-fracture-fatigue_v10_2_21_persistent_sites_top1/runs/1_final_v10_2_30_theta0_rate_extremes_four_class_1000um_base3621_v1/rate1x/v913_paper_dbtt01_0202500_persistent_sites/T1200K_th0_seed1012702/anisotropic_emission_audit_v10174.json,5ffe1dde971358bca0ba18ab7b52efc3e108627675120c6a430419c911974fec,ARCHIVED_SCALAR_STATE_ONLY
DBTT,CONTROL,v913_zeroD_sobol_0202500,1200.0,1012702,AUTHORITATIVE_TEMPERATURE_SWEEP_SEED_NOT_PAIRED,False,2,0,194,1337.5355999024055,3.1846085711962084e-05,6935986.716775028,7534.02082891019,57.89407289227425,9.319197747916386,11.616537843541181,2.297340095624794,2.2973400956247936,,,7.790649965915242,0.0,23969.252347625046,,-3.51857034609001,7.0285109359247144e-06,1.673455007921744e-13,False,False,PF_MODEL_NATIVE_DRIVING_TRAJECTORY_NOT_RESISTANCE,/Volumes/Data/Data/Nanopillar_calculation/PF-fracture-fatigue_v10_2_21_persistent_sites_top1/runs/1_final_v10_2_30_theta0_rate_extremes_four_class_1000um_base3621_v1/rate1x/v913_paper_dbtt01_0202500_persistent_sites/T1200K_th0_seed1012702/steps_1200K.csv,b5337cd7621e08ab62f6f2bf070c007789321b59449c511514c8c1678df0aa01,/Volumes/Data/Data/Nanopillar_calculation/PF-fracture-fatigue_v10_2_21_persistent_sites_top1/runs/1_final_v10_2_30_theta0_rate_extremes_four_class_1000um_base3621_v1/rate1x/v913_paper_dbtt01_0202500_persistent_sites/T1200K_th0_seed1012702/anisotropic_emission_audit_v10174.json,5ffe1dde971358bca0ba18ab7b52efc3e108627675120c6a430419c911974fec,ARCHIVED_SCALAR_STATE_ONLY
DBTT,CONTROL,v913_zeroD_sobol_0202500,1200.0,1012702,AUTHORITATIVE_TEMPERATURE_SWEEP_SEED_NOT_PAIRED,False,3,0,213,1337.5356069309164,3.1846085879307585e-05,6935027.190775383,7975.31944052532,59.56549276372262,11.616537843541181,18.550717390133507,6.934179546592327,6.934179546592327,,,7.830899806237777,0.0,24295.39528272159,,-3.5473462868065906,2.169833805965027e-06,5.166270785738475e-14,False,False,PF_MODEL_NATIVE_DRIVING_TRAJECTORY_NOT_RESISTANCE,/Volumes/Data/Data/Nanopillar_calculation/PF-fracture-fatigue_v10_2_21_persistent_sites_top1/runs/1_final_v10_2_30_theta0_rate_extremes_four_class_1000um_base3621_v1/rate1x/v913_paper_dbtt01_0202500_persistent_sites/T1200K_th0_seed1012702/steps_1200K.csv,b5337cd7621e08ab62f6f2bf070c007789321b59449c511514c8c1678df0aa01,/Volumes/Data/Data/Nanopillar_calculation/PF-fracture-fatigue_v10_2_21_persistent_sites_top1/runs/1_final_v10_2_30_theta0_rate_extremes_four_class_1000um_base3621_v1/rate1x/v913_paper_dbtt01_0202500_persistent_sites/T1200K_th0_seed1012702/anisotropic_emission_audit_v10174.json,5ffe1dde971358bca0ba18ab7b52efc3e108627675120c6a430419c911974fec,ARCHIVED_SCALAR_STATE_ONLY
DBTT,CONTROL,v913_zeroD_sobol_0202500,1200.0,1012702,AUTHORITATIVE_TEMPERATURE_SWEEP_SEED_NOT_PAIRED,False,4,0,223,1337.5356091007502,3.184608593097029e-05,6931508.3824614,9223.99508357802,64.05901061183725,18.550717390133507,28.045662871171345,9.494945481037837,9.494945481037837,,,7.179669687991976,8.47057890501626e-09,21741.642112366295,,-3.1001215121147667,3.3766650631150696e-06,8.039677593368183e-14,False,False,PF_MODEL_NATIVE_DRIVING_TRAJECTORY_NOT_RESISTANCE,/Volumes/Data/Data/Nanopillar_calculation/PF-fracture-fatigue_v10_2_21_persistent_sites_top1/runs/1_final_v10_2_30_theta0_rate_extremes_four_class_1000um_base3621_v1/rate1x/v913_paper_dbtt01_0202500_persistent_sites/T1200K_th0_seed1012702/steps_1200K.csv,b5337cd7621e08ab62f6f2bf070c007789321b59449c511514c8c1678df0aa01,/Volumes/Data/Data/Nanopillar_calculation/PF-fracture-fatigue_v10_2_21_persistent_sites_top1/runs/1_final_v10_2_30_theta0_rate_extremes_four_class_1000um_base3621_v1/rate1x/v913_paper_dbtt01_0202500_persistent_sites/T1200K_th0_seed1012702/anisotropic_emission_audit_v10174.json,5ffe1dde971358bca0ba18ab7b52efc3e108627675120c6a430419c911974fec,ARCHIVED_SCALAR_STATE_ONLY
DBTT,CONTROL,v913_zeroD_sobol_0202500,1200.0,1012702,AUTHORITATIVE_TEMPERATURE_SWEEP_SEED_NOT_PAIRED,False,5,0,233,1337.5356124774153,3.184608601136707e-05,6923003.0240247315,9955.59862011588,66.55096922040141,28.045662871171345,42.82156011260394,14.775897241432594,14.775897241432592,,,7.395879773628577,0.0,23927.429521861846,,-3.220707659510452,7.560001904494129e-07,1.800000578276728e-14,False,False,PF_MODEL_NATIVE_DRIVING_TRAJECTORY_NOT_RESISTANCE,/Volumes/Data/Data/Nanopillar_calculation/PF-fracture-fatigue_v10_2_21_persistent_sites_top1/runs/1_final_v10_2_30_theta0_rate_extremes_four_class_1000um_base3621_v1/rate1x/v913_paper_dbtt01_0202500_persistent_sites/T1200K_th0_seed1012702/steps_1200K.csv,b5337cd7621e08ab62f6f2bf070c007789321b59449c511514c8c1678df0aa01,/Volumes/Data/Data/Nanopillar_calculation/PF-fracture-fatigue_v10_2_21_persistent_sites_top1/runs/1_final_v10_2_30_theta0_rate_extremes_four_class_1000um_base3621_v1/rate1x/v913_paper_dbtt01_0202500_persistent_sites/T1200K_th0_seed1012702/anisotropic_emission_audit_v10174.json,5ffe1dde971358bca0ba18ab7b52efc3e108627675120c6a430419c911974fec,ARCHIVED_SCALAR_STATE_ONLY
DBTT,CONTROL,v913_zeroD_sobol_0202500,1200.0,1012702,AUTHORITATIVE_TEMPERATURE_SWEEP_SEED_NOT_PAIRED,False,6,0,242,1337.5356132334155,3.1846086029367074e-05,6912137.1772382,10331.021312310468,67.79416625282664,42.82156011260394,46.02857751955349,3.207017406949551,3.207017406949551,,,7.484794635191211,8.773213267551386e-09,22516.997126732454,,-2.984426621135472,2.727048467932036e-06,6.492974425264739e-14,False,False,PF_MODEL_NATIVE_DRIVING_TRAJECTORY_NOT_RESISTANCE,/Volumes/Data/Data/Nanopillar_calculation/PF-fracture-fatigue_v10_2_21_persistent_sites_top1/runs/1_final_v10_2_30_theta0_rate_extremes_four_class_1000um_base3621_v1/rate1x/v913_paper_dbtt01_0202500_persistent_sites/T1200K_th0_seed1012702/steps_1200K.csv,b5337cd7621e08ab62f6f2bf070c007789321b59449c511514c8c1678df0aa01,/Volumes/Data/Data/Nanopillar_calculation/PF-fracture-fatigue_v10_2_21_persistent_sites_top1/runs/1_final_v10_2_30_theta0_rate_extremes_four_class_1000um_base3621_v1/rate1x/v913_paper_dbtt01_0202500_persistent_sites/T1200K_th0_seed1012702/anisotropic_emission_audit_v10174.json,5ffe1dde971358bca0ba18ab7b52efc3e108627675120c6a430419c911974fec,ARCHIVED_SCALAR_STATE_ONLY
DBTT,CONTROL,v913_zeroD_sobol_0202500,1200.0,1012702,AUTHORITATIVE_TEMPERATURE_SWEEP_SEED_NOT_PAIRED,False,7,0,252,1337.535615960464,3.184608609429682e-05,6908674.333734932,10414.170855726565,68.0664412156007,46.02857751955349,57.65408713964432,11.62550962009083,11.625509620090835,,,7.445440910095147,8.453753253446371e-09,21702.927455888705,,-2.651819110797067,43.7429847729818,1.0414996374519416e-06,True,False,PF_MODEL_NATIVE_DRIVING_TRAJECTORY_NOT_RESISTANCE,/Volumes/Data/Data/Nanopillar_calculation/PF-fracture-fatigue_v10_2_21_persistent_sites_top1/runs/1_final_v10_2_30_theta0_rate_extremes_four_class_1000um_base3621_v1/rate1x/v913_paper_dbtt01_0202500_persistent_sites/T1200K_th0_seed1012702/steps_1200K.csv,b5337cd7621e08ab62f6f2bf070c007789321b59449c511514c8c1678df0aa01,/Volumes/Data/Data/Nanopillar_calculation/PF-fracture-fatigue_v10_2_21_persistent_sites_top1/runs/1_final_v10_2_30_theta0_rate_extremes_four_class_1000um_base3621_v1/rate1x/v913_paper_dbtt01_0202500_persistent_sites/T1200K_th0_seed1012702/anisotropic_emission_audit_v10174.json,5ffe1dde971358bca0ba18ab7b52efc3e108627675120c6a430419c911974fec,ARCHIVED_SCALAR_STATE_ONLY
DBTT,CONTROL,v913_zeroD_sobol_0202500,1200.0,1012702,AUTHORITATIVE_TEMPERATURE_SWEEP_SEED_NOT_PAIRED,False,8,1,269,1381.2786007334457,3.288758573174876e-05,7180774.633607805,5812.446762010487,50.85108096546452,57.65408713964432,63.09345173277712,5.4393645931328045,5.439364593132797,,,6.482454980277501,0.0,16493.46553496497,,-1.9250993291307728,0.005242278574769443,1.248161565423067e-10,False,False,PF_MODEL_NATIVE_DRIVING_TRAJECTORY_NOT_RESISTANCE,/Volumes/Data/Data/Nanopillar_calculation/PF-fracture-fatigue_v10_2_21_persistent_sites_top1/runs/1_final_v10_2_30_theta0_rate_extremes_four_class_1000um_base3621_v1/rate1x/v913_paper_dbtt01_0202500_persistent_sites/T1200K_th0_seed1012702/steps_1200K.csv,b5337cd7621e08ab62f6f2bf070c007789321b59449c511514c8c1678df0aa01,/Volumes/Data/Data/Nanopillar_calculation/PF-fracture-fatigue_v10_2_21_persistent_sites_top1/runs/1_final_v10_2_30_theta0_rate_extremes_four_class_1000um_base3621_v1/rate1x/v913_paper_dbtt01_0202500_persistent_sites/T1200K_th0_seed1012702/anisotropic_emission_audit_v10174.json,5ffe1dde971358bca0ba18ab7b52efc3e108627675120c6a430419c911974fec,ARCHIVED_SCALAR_STATE_ONLY
DBTT,CONTROL,v913_zeroD_sobol_0202500,1200.0,1012702,AUTHORITATIVE_TEMPERATURE_SWEEP_SEED_NOT_PAIRED,False,9,1,277,1381.2838430120205,3.28877105479053e-05,7179047.938428039,6009.381629551731,51.70536256864719,63.09345173277712,65.51793556228027,2.4244838295031568,2.4244838295031568,,,6.853320567202513,0.0,18461.317993637935,,-2.10683672156776,0.00033380137301719515,7.947651746247585e-12,False,False,PF_MODEL_NATIVE_DRIVING_TRAJECTORY_NOT_RESISTANCE,/Volumes/Data/Data/Nanopillar_calculation/PF-fracture-fatigue_v10_2_21_persistent_sites_top1/runs/1_final_v10_2_30_theta0_rate_extremes_four_class_1000um_base3621_v1/rate1x/v913_paper_dbtt01_0202500_persistent_sites/T1200K_th0_seed1012702/steps_1200K.csv,b5337cd7621e08ab62f6f2bf070c007789321b59449c511514c8c1678df0aa01,/Volumes/Data/Data/Nanopillar_calculation/PF-fracture-fatigue_v10_2_21_persistent_sites_top1/runs/1_final_v10_2_30_theta0_rate_extremes_four_class_1000um_base3621_v1/rate1x/v913_paper_dbtt01_0202500_persistent_sites/T1200K_th0_seed1012702/anisotropic_emission_audit_v10174.json,5ffe1dde971358bca0ba18ab7b52efc3e108627675120c6a430419c911974fec,ARCHIVED_SCALAR_STATE_ONLY
DBTT,CONTROL,v913_zeroD_sobol_0202500,1200.0,1012702,AUTHORITATIVE_TEMPERATURE_SWEEP_SEED_NOT_PAIRED,False,10,1,289,1381.2841768133935,3.288771849555705e-05,7177987.106796821,6099.712987212259,52.092523405427734,65.51793556228027,68.27147297490117,2.7535374126208936,2.7535374126208936,,,6.737385165902582,0.0,18291.450637894082,,-2.0327452421444816,0.028571901121040355,6.802833600326225e-10,False,False,PF_MODEL_NATIVE_DRIVING_TRAJECTORY_NOT_RESISTANCE,/Volumes/Data/Data/Nanopillar_calculation/PF-fracture-fatigue_v10_2_21_persistent_sites_top1/runs/1_final_v10_2_30_theta0_rate_extremes_four_class_1000um_base3621_v1/rate1x/v913_paper_dbtt01_0202500_persistent_sites/T1200K_th0_seed1012702/steps_1200K.csv,b5337cd7621e08ab62f6f2bf070c007789321b59449c511514c8c1678df0aa01,/Volumes/Data/Data/Nanopillar_calculation/PF-fracture-fatigue_v10_2_21_persistent_sites_top1/runs/1_final_v10_2_30_theta0_rate_extremes_four_class_1000um_base3621_v1/rate1x/v913_paper_dbtt01_0202500_persistent_sites/T1200K_th0_seed1012702/anisotropic_emission_audit_v10174.json,5ffe1dde971358bca0ba18ab7b52efc3e108627675120c6a430419c911974fec,ARCHIVED_SCALAR_STATE_ONLY
DBTT,CONTROL,v913_zeroD_sobol_0202500,1200.0,1012702,AUTHORITATIVE_TEMPERATURE_SWEEP_SEED_NOT_PAIRED,False,11,1,308,1381.3127487145146,3.288839877891708e-05,7176865.094303454,6203.451248857394,52.53362650813966,68.27147297490117,75.12853581421173,6.857062839310556,6.857062839310556,,,7.038825255151653,0.0,19476.79771284568,,-1.9966036660699131,0.0026277397353169363,6.256523179718572e-11,False,False,PF_MODEL_NATIVE_DRIVING_TRAJECTORY_NOT_RESISTANCE,/Volumes/Data/Data/Nanopillar_calculation/PF-fracture-fatigue_v10_2_21_persistent_sites_top1/runs/1_final_v10_2_30_theta0_rate_extremes_four_class_1000um_base3621_v1/rate1x/v913_paper_dbtt01_0202500_persistent_sites/T1200K_th0_seed1012702/steps_1200K.csv,b5337cd7621e08ab62f6f2bf070c007789321b59449c511514c8c1678df0aa01,/Volumes/Data/Data/Nanopillar_calculation/PF-fracture-fatigue_v10_2_21_persistent_sites_top1/runs/1_final_v10_2_30_theta0_rate_extremes_four_class_1000um_base3621_v1/rate1x/v913_paper_dbtt01_0202500_persistent_sites/T1200K_th0_seed1012702/anisotropic_emission_audit_v10174.json,5ffe1dde971358bca0ba18ab7b52efc3e108627675120c6a430419c911974fec,ARCHIVED_SCALAR_STATE_ONLY
DBTT,CONTROL,v913_zeroD_sobol_0202500,1200.0,1012702,AUTHORITATIVE_TEMPERATURE_SWEEP_SEED_NOT_PAIRED,False,12,1,322,1381.3153764542499,3.288846134414888e-05,7173542.485327144,6457.575813007211,53.598847580426785,75.12853581421173,78.14421313881023,3.015677324598505,3.0156773245985184,,,7.166349945337175,0.0,20292.71893785763,,-2.006135655272394,1.2232067092554644e-06,2.912397428257718e-14,False,False,PF_MODEL_NATIVE_DRIVING_TRAJECTORY_NOT_RESISTANCE,/Volumes/Data/Data/Nanopillar_calculation/PF-fracture-fatigue_v10_2_21_persistent_sites_top1/runs/1_final_v10_2_30_theta0_rate_extremes_four_class_1000um_base3621_v1/rate1x/v913_paper_dbtt01_0202500_persistent_sites/T1200K_th0_seed1012702/steps_1200K.csv,b5337cd7621e08ab62f6f2bf070c007789321b59449c511514c8c1678df0aa01,/Volumes/Data/Data/Nanopillar_calculation/PF-fracture-fatigue_v10_2_21_persistent_sites_top1/runs/1_final_v10_2_30_theta0_rate_extremes_four_class_1000um_base3621_v1/rate1x/v913_paper_dbtt01_0202500_persistent_sites/T1200K_th0_seed1012702/anisotropic_emission_audit_v10174.json,5ffe1dde971358bca0ba18ab7b52efc3e108627675120c6a430419c911974fec,ARCHIVED_SCALAR_STATE_ONLY
DBTT,CONTROL,v913_zeroD_sobol_0202500,1200.0,1012702,AUTHORITATIVE_TEMPERATURE_SWEEP_SEED_NOT_PAIRED,False,13,1,332,1381.3153776774566,3.288846137327285e-05,7115488.58815416,9871.722525300544,66.27002969108587,78.14421313881023,83.49620241129331,5.351989272483075,5.351989272483061,,,7.339765824614929,8.592678569050485e-09,22054.735859094402,,-2.017583694986019,3.360000846441835e-07,8.000002570118792e-15,False,False,PF_MODEL_NATIVE_DRIVING_TRAJECTORY_NOT_RESISTANCE,/Volumes/Data/Data/Nanopillar_calculation/PF-fracture-fatigue_v10_2_21_persistent_sites_top1/runs/1_final_v10_2_30_theta0_rate_extremes_four_class_1000um_base3621_v1/rate1x/v913_paper_dbtt01_0202500_persistent_sites/T1200K_th0_seed1012702/steps_1200K.csv,b5337cd7621e08ab62f6f2bf070c007789321b59449c511514c8c1678df0aa01,/Volumes/Data/Data/Nanopillar_calculation/PF-fracture-fatigue_v10_2_21_persistent_sites_top1/runs/1_final_v10_2_30_theta0_rate_extremes_four_class_1000um_base3621_v1/rate1x/v913_paper_dbtt01_0202500_persistent_sites/T1200K_th0_seed1012702/anisotropic_emission_audit_v10174.json,5ffe1dde971358bca0ba18ab7b52efc3e108627675120c6a430419c911974fec,ARCHIVED_SCALAR_STATE_ONLY
DBTT,CONTROL,v913_zeroD_sobol_0202500,1200.0,1012702,AUTHORITATIVE_TEMPERATURE_SWEEP_SEED_NOT_PAIRED,False,14,1,336,1381.3153780134567,3.2888461381272855e-05,7113295.3126315065,9702.962707541386,65.7011356474164,83.49620241129331,85.79327656493341,2.2970741536401054,2.2970741536401054,,,7.774418355281702,9.267296264449757e-09,23789.144652669584,,-2.099886990008546,6.72000169288367e-07,1.6000005140237583e-14,False,False,PF_MODEL_NATIVE_DRIVING_TRAJECTORY_NOT_RESISTANCE,/Volumes/Data/Data/Nanopillar_calculation/PF-fracture-fatigue_v10_2_21_persistent_sites_top1/runs/1_final_v10_2_30_theta0_rate_extremes_four_class_1000um_base3621_v1/rate1x/v913_paper_dbtt01_0202500_persistent_sites/T1200K_th0_seed1012702/steps_1200K.csv,b5337cd7621e08ab62f6f2bf070c007789321b59449c511514c8c1678df0aa01,/Volumes/Data/Data/Nanopillar_calculation/PF-fracture-fatigue_v10_2_21_persistent_sites_top1/runs/1_final_v10_2_30_theta0_rate_extremes_four_class_1000um_base3621_v1/rate1x/v913_paper_dbtt01_0202500_persistent_sites/T1200K_th0_seed1012702/anisotropic_emission_audit_v10174.json,5ffe1dde971358bca0ba18ab7b52efc3e108627675120c6a430419c911974fec,ARCHIVED_SCALAR_STATE_ONLY
DBTT,CONTROL,v913_zeroD_sobol_0202500,1200.0,1012702,AUTHORITATIVE_TEMPERATURE_SWEEP_SEED_NOT_PAIRED,False,15,1,344,1381.3153786854568,3.288846139727286e-05,7111944.480914351,9655.32938646022,65.5396687987569,85.79327656493341,88.51896018721196,2.7256836222785488,2.7256836222785488,,,7.629275649928974,8.927145246250301e-09,22911.82919027153,,-1.9332880122221892,1.6800004232209176e-07,4.000001285059396e-15,False,False,PF_MODEL_NATIVE_DRIVING_TRAJECTORY_NOT_RESISTANCE,/Volumes/Data/Data/Nanopillar_calculation/PF-fracture-fatigue_v10_2_21_persistent_sites_top1/runs/1_final_v10_2_30_theta0_rate_extremes_four_class_1000um_base3621_v1/rate1x/v913_paper_dbtt01_0202500_persistent_sites/T1200K_th0_seed1012702/steps_1200K.csv,b5337cd7621e08ab62f6f2bf070c007789321b59449c511514c8c1678df0aa01,/Volumes/Data/Data/Nanopillar_calculation/PF-fracture-fatigue_v10_2_21_persistent_sites_top1/runs/1_final_v10_2_30_theta0_rate_extremes_four_class_1000um_base3621_v1/rate1x/v913_paper_dbtt01_0202500_persistent_sites/T1200K_th0_seed1012702/anisotropic_emission_audit_v10174.json,5ffe1dde971358bca0ba18ab7b52efc3e108627675120c6a430419c911974fec,ARCHIVED_SCALAR_STATE_ONLY
DBTT,CONTROL,v913_zeroD_sobol_0202500,1200.0,1012702,AUTHORITATIVE_TEMPERATURE_SWEEP_SEED_NOT_PAIRED,False,16,1,346,1381.3153788534569,3.288846140127286e-05,7110310.409150747,9596.560088797405,65.33990351150622,88.51896018721196,90.81603434085207,2.2970741536401054,2.2970741536401054,,,7.503031162274991,8.820961739842955e-09,22644.291987818815,,-1.8417939190236094,4.200001058052294e-07,1.000000321264849e-14,False,False,PF_MODEL_NATIVE_DRIVING_TRAJECTORY_NOT_RESISTANCE,/Volumes/Data/Data/Nanopillar_calculation/PF-fracture-fatigue_v10_2_21_persistent_sites_top1/runs/1_final_v10_2_30_theta0_rate_extremes_four_class_1000um_base3621_v1/rate1x/v913_paper_dbtt01_0202500_persistent_sites/T1200K_th0_seed1012702/steps_1200K.csv,b5337cd7621e08ab62f6f2bf070c007789321b59449c511514c8c1678df0aa01,/Volumes/Data/Data/Nanopillar_calculation/PF-fracture-fatigue_v10_2_21_persistent_sites_top1/runs/1_final_v10_2_30_theta0_rate_extremes_four_class_1000um_base3621_v1/rate1x/v913_paper_dbtt01_0202500_persistent_sites/T1200K_th0_seed1012702/anisotropic_emission_audit_v10174.json,5ffe1dde971358bca0ba18ab7b52efc3e108627675120c6a430419c911974fec,ARCHIVED_SCALAR_STATE_ONLY
DBTT,CONTROL,v913_zeroD_sobol_0202500,1200.0,1012702,AUTHORITATIVE_TEMPERATURE_SWEEP_SEED_NOT_PAIRED,False,17,1,351,1381.315379273457,3.2888461411272865e-05,7108332.014178017,9588.541392357494,65.3125994389409,90.81603434085207,93.11310849449215,2.297074153640092,2.2970741536401054,,,7.896076813491454,9.591985873375795e-09,24621.715451123004,,-1.9238822346437519,5.884810434508836e-07,1.4011456383154763e-14,False,False,PF_MODEL_NATIVE_DRIVING_TRAJECTORY_NOT_RESISTANCE,/Volumes/Data/Data/Nanopillar_calculation/PF-fracture-fatigue_v10_2_21_persistent_sites_top1/runs/1_final_v10_2_30_theta0_rate_extremes_four_class_1000um_base3621_v1/rate1x/v913_paper_dbtt01_0202500_persistent_sites/T1200K_th0_seed1012702/steps_1200K.csv,b5337cd7621e08ab62f6f2bf070c007789321b59449c511514c8c1678df0aa01,/Volumes/Data/Data/Nanopillar_calculation/PF-fracture-fatigue_v10_2_21_persistent_sites_top1/runs/1_final_v10_2_30_theta0_rate_extremes_four_class_1000um_base3621_v1/rate1x/v913_paper_dbtt01_0202500_persistent_sites/T1200K_th0_seed1012702/anisotropic_emission_audit_v10174.json,5ffe1dde971358bca0ba18ab7b52efc3e108627675120c6a430419c911974fec,ARCHIVED_SCALAR_STATE_ONLY
DBTT,CONTROL,v913_zeroD_sobol_0202500,1200.0,1012702,AUTHORITATIVE_TEMPERATURE_SWEEP_SEED_NOT_PAIRED,False,18,1,358,1381.315379861938,3.288846142528432e-05,7105934.074754438,9375.38030350359,64.58254304318615,93.11310849449215,95.54284818432605,2.429739689833893,2.429739689833879,,,7.310737354264784,8.196934687891073e-09,21041.43367415903,,-1.5684858153976988,0.00018426212932354247,4.3871935503426475e-12,False,False,PF_MODEL_NATIVE_DRIVING_TRAJECTORY_NOT_RESISTANCE,/Volumes/Data/Data/Nanopillar_calculation/PF-fracture-fatigue_v10_2_21_persistent_sites_top1/runs/1_final_v10_2_30_theta0_rate_extremes_four_class_1000um_base3621_v1/rate1x/v913_paper_dbtt01_0202500_persistent_sites/T1200K_th0_seed1012702/steps_1200K.csv,b5337cd7621e08ab62f6f2bf070c007789321b59449c511514c8c1678df0aa01,/Volumes/Data/Data/Nanopillar_calculation/PF-fracture-fatigue_v10_2_21_persistent_sites_top1/runs/1_final_v10_2_30_theta0_rate_extremes_four_class_1000um_base3621_v1/rate1x/v913_paper_dbtt01_0202500_persistent_sites/T1200K_th0_seed1012702/anisotropic_emission_audit_v10174.json,5ffe1dde971358bca0ba18ab7b52efc3e108627675120c6a430419c911974fec,ARCHIVED_SCALAR_STATE_ONLY
DBTT,CONTROL,v913_zeroD_sobol_0202500,1200.0,1012702,AUTHORITATIVE_TEMPERATURE_SWEEP_SEED_NOT_PAIRED,False,19,1,364,1381.3155641240674,3.288846581247787e-05,7103586.526892842,8319.258208225823,60.836328634276455,95.54284818432605,105.46305518977178,9.92020700544573,9.92020700544573,,,6.53885311752944,0.0,16602.53823667354,,-0.9935058785410199,,,False,True,PF_MODEL_NATIVE_DRIVING_TRAJECTORY_NOT_RESISTANCE,/Volumes/Data/Data/Nanopillar_calculation/PF-fracture-fatigue_v10_2_21_persistent_sites_top1/runs/1_final_v10_2_30_theta0_rate_extremes_four_class_1000um_base3621_v1/rate1x/v913_paper_dbtt01_0202500_persistent_sites/T1200K_th0_seed1012702/steps_1200K.csv,b5337cd7621e08ab62f6f2bf070c007789321b59449c511514c8c1678df0aa01,/Volumes/Data/Data/Nanopillar_calculation/PF-fracture-fatigue_v10_2_21_persistent_sites_top1/runs/1_final_v10_2_30_theta0_rate_extremes_four_class_1000um_base3621_v1/rate1x/v913_paper_dbtt01_0202500_persistent_sites/T1200K_th0_seed1012702/anisotropic_emission_audit_v10174.json,5ffe1dde971358bca0ba18ab7b52efc3e108627675120c6a430419c911974fec,ARCHIVED_SCALAR_STATE_ONLY
