material_class,candidate_role,candidate_id,option_key,temperature_K,hazard_seed,target_um,event_transaction_index,physical_avalanche_index,pre_event_step,pre_event_time_s,pre_event_opening_m,pre_event_reaction_N_per_m,pre_event_native_J_J_per_m2,pre_event_native_KJ_MPa_sqrt_m,pre_event_K_app_or_common_reference_MPa_sqrt_m,pre_event_K_native_MPa_sqrt_m,pre_event_K_shield_MPa_sqrt_m,pre_event_K_effective_local_equivalent_MPa_sqrt_m,pre_event_source_opening_stress_Pa,pre_event_projected_extension_um,post_event_projected_extension_um,event_extension_um,pre_event_tip_radius_um,pre_event_front_width_um,pre_event_backstress_GPa,pre_event_mobile_count,pre_event_retained_count,pre_event_source_multiplicity,pre_event_resolved_shears_Pa_json,pre_event_opening_tensor_Pa_json,pre_event_channel_tensors_Pa_json,pre_event_peierls_rate_max_s,pre_event_encounter_rate_max_s,pre_event_taylor_completion_rate_max_s,reload_time_to_next_event_s,reload_opening_to_next_event_m,certified_reload_before_next_event,right_censored_at_target,source_steps_file,source_steps_sha256,source_tensor_audit_file,source_tensor_audit_sha256,source_process_zone_state_availability,in_avalanche_drive_interpretation
Peak,CONTROL,v913_zeroD_sobol_0242980,oneD_v2_Peak_control,600.0,8666,100.0,0,0,80,551.5428940556941,1.3131973667992724e-05,2860667.291192501,1118.1209908068388,22.303093017555742,22.303093017555742,22.303093017555742,-1.6300182825029198e-10,22.20526524434283,8858619153.496805,0.0,2.2973400956249024,2.2973400956249024,1.00883063252956,3.6761853637697066,0.30401767791094625,29.99967649330153,1.4819011785472676e-06,130753.22862008151,"[1289480604.3272665, -1286027823.1637573]","[[-82912507.12053162, -3789898.3857015325], [-3789898.3857015325, 2575576530.2238398]]","[[[-17446622.848475914, 23158577.395330336], [23158577.395330336, 2561514585.806057]], [[-16125278.29288296, -27890548.863279123], [-27890548.863279123, 2555930368.0346317]]]",1.4233624425535796e-07,6.51917528018367e-07,4.0,0.9756203581704312,2.3229056146914894e-08,False,False,/private/tmp/oneD-v2-taylor-peierls-pf-runs/oneD_v2_Peak_control/T600K_seed8666/steps_0600K.csv,ccddc240cd5786fa1254fad9f351d763af1e2fa7e2411cd38308e5aaeeeb938a,/private/tmp/oneD-v2-taylor-peierls-pf-runs/oneD_v2_Peak_control/T600K_seed8666/anisotropic_emission_audit_v10174.json,149619a96230df532fbdf07ce058f6099823530f2eab27a5bb716d2dcebce7c8,FULL_ACTIVE_AND_WAKE_SPATIAL_PROFILE_OBSERVER,PF_MODEL_NATIVE_DRIVING_TRAJECTORY_NOT_RESISTANCE
Peak,CONTROL,v913_zeroD_sobol_0242980,oneD_v2_Peak_control,600.0,8666,100.0,1,0,91,552.5185144138645,1.3155202724139638e-05,2865659.7290988006,1153.983764647088,22.65794638058456,22.65794638058456,22.65794638058456,-3.182097738737431e-11,22.64422248180527,9033737754.808783,2.2973400956249024,4.594680191249805,2.2973400956249024,1.001212499796466,7.295778149216882,0.11265321646881717,3.714707316394288,2.8947981649544904e-07,257534.04037998812,"[1415016668.5415127, -1411036850.4034126]","[[278544574.37757903, -5229914.131313975], [-5229914.131313975, 2921821994.984989]]","[[[-19082858.96547712, -51517178.856520936], [-51517178.856520936, 2810950478.1175485]], [[-17847440.114784773, 44075609.405956745], [44075609.405956745, 2804226260.6920404]]]",3.8054589811361666e-07,1.7429470792462592e-06,4.0,0.20477967024498867,4.8757064344062624e-09,False,False,/private/tmp/oneD-v2-taylor-peierls-pf-runs/oneD_v2_Peak_control/T600K_seed8666/steps_0600K.csv,ccddc240cd5786fa1254fad9f351d763af1e2fa7e2411cd38308e5aaeeeb938a,/private/tmp/oneD-v2-taylor-peierls-pf-runs/oneD_v2_Peak_control/T600K_seed8666/anisotropic_emission_audit_v10174.json,149619a96230df532fbdf07ce058f6099823530f2eab27a5bb716d2dcebce7c8,FULL_ACTIVE_AND_WAKE_SPATIAL_PROFILE_OBSERVER,PF_MODEL_NATIVE_DRIVING_TRAJECTORY_NOT_RESISTANCE
Peak,CONTROL,v913_zeroD_sobol_0242980,oneD_v2_Peak_control,600.0,8666,100.0,2,0,101,552.7232940841095,1.3160078430574045e-05,2866635.4793336852,1186.8343103238744,22.978186063260083,22.978186063260083,22.978186063260083,-3.0839822840729843e-12,22.97615021670455,9166157762.297985,4.594680191249805,6.892020286874707,2.2973400956249024,1.0001772217478915,9.413740676248796,0.04306859567203838,0.6058747989080551,2.8086228631131906e-08,331952.5040573382,"[1486722587.654915, -1482448381.185198]","[[506828390.88159674, -5315298.845074352], [-5315298.845074352, 3090500195.249579]]","[[[65643152.210886456, -69076228.94276828], [-69076228.94276828, 3039088327.5207167]], [[66744572.819235645, 60559238.983919166], [60559238.983919166, 3031641335.189632]]]",1.974985484168434e-06,9.04567674556143e-06,10.0,0.018501825915336667,4.405196646508182e-10,False,False,/private/tmp/oneD-v2-taylor-peierls-pf-runs/oneD_v2_Peak_control/T600K_seed8666/steps_0600K.csv,ccddc240cd5786fa1254fad9f351d763af1e2fa7e2411cd38308e5aaeeeb938a,/private/tmp/oneD-v2-taylor-peierls-pf-runs/oneD_v2_Peak_control/T600K_seed8666/anisotropic_emission_audit_v10174.json,149619a96230df532fbdf07ce058f6099823530f2eab27a5bb716d2dcebce7c8,FULL_ACTIVE_AND_WAKE_SPATIAL_PROFILE_OBSERVER,PF_MODEL_NATIVE_DRIVING_TRAJECTORY_NOT_RESISTANCE
Peak,CONTROL,v913_zeroD_sobol_0242980,oneD_v2_Peak_control,600.0,8666,100.0,3,0,111,552.7417959100248,1.3160518950238696e-05,2866577.429305815,1229.267975960198,23.385355654701428,23.385355654701428,23.385355654701428,-1.670692166459842e-13,23.38498657675982,9329259872.089457,6.892020286874707,9.18936038249961,2.2973400956249024,1.0000315656246301,9.887547828729199,0.018176444588344456,0.10607047569374307,1.5239310051022935e-09,348609.3771140165,"[1591785939.4207444, -1587305927.3585382]","[[623215441.6695743, -7234623.392654006], [-7234623.392654006, 3180806801.2484884]]","[[[149094329.88246846, -87140754.19261552], [-87140754.19261552, 3332666208.7239575]], [[150118525.61532235, 76028758.51119095], [76028758.51119095, 3324730380.332399]]]",3.827518552362809e-06,1.753050634541295e-05,8.0,0.008978524832173207,2.1377440076411505e-10,False,False,/private/tmp/oneD-v2-taylor-peierls-pf-runs/oneD_v2_Peak_control/T600K_seed8666/steps_0600K.csv,ccddc240cd5786fa1254fad9f351d763af1e2fa7e2411cd38308e5aaeeeb938a,/private/tmp/oneD-v2-taylor-peierls-pf-runs/oneD_v2_Peak_control/T600K_seed8666/anisotropic_emission_audit_v10174.json,149619a96230df532fbdf07ce058f6099823530f2eab27a5bb716d2dcebce7c8,FULL_ACTIVE_AND_WAKE_SPATIAL_PROFILE_OBSERVER,PF_MODEL_NATIVE_DRIVING_TRAJECTORY_NOT_RESISTANCE
Peak,CONTROL,v913_zeroD_sobol_0242980,oneD_v2_Peak_control,600.0,8666,100.0,4,0,121,552.750774434857,1.316073272463946e-05,2866370.083493119,1286.4049608196146,23.922664434141062,23.922664434141062,23.922664434141062,-2.2230940613862263e-15,23.92264431923853,9543754277.949398,9.18936038249961,14.507867693188759,5.31850731068915,1.0000016816628394,9.993912069470168,0.004195377349379682,0.006762162738218112,2.0393626169804967e-11,352348.9757251901,"[1553587613.813255, -1548965527.6470997]","[[844386614.290643, -8581171.865699789], [-8581171.865699789, 3477221578.386959]]","[[[338697229.1916742, -174773694.9107223], [-174773694.9107223, 3445872456.8181844]], [[337037014.1994287, 161634948.05353191], [161634948.05353191, 3434968069.493628]]]",1.1949966555118207e-05,5.4732318512904484e-05,8.0,8.040322882152395e-06,1.914362596124996e-13,False,False,/private/tmp/oneD-v2-taylor-peierls-pf-runs/oneD_v2_Peak_control/T600K_seed8666/steps_0600K.csv,ccddc240cd5786fa1254fad9f351d763af1e2fa7e2411cd38308e5aaeeeb938a,/private/tmp/oneD-v2-taylor-peierls-pf-runs/oneD_v2_Peak_control/T600K_seed8666/anisotropic_emission_audit_v10174.json,149619a96230df532fbdf07ce058f6099823530f2eab27a5bb716d2dcebce7c8,FULL_ACTIVE_AND_WAKE_SPATIAL_PROFILE_OBSERVER,PF_MODEL_NATIVE_DRIVING_TRAJECTORY_NOT_RESISTANCE
Peak,CONTROL,v913_zeroD_sobol_0242980,oneD_v2_Peak_control,600.0,8666,100.0,5,0,131,552.7507824751799,1.316073291607572e-05,2865380.6430833857,1458.0969633936836,25.469117562774795,25.469117562774795,25.469117562774795,-8.213092589081644e-17,25.469113533675436,10160706232.92747,14.507867693188759,16.80520778881366,2.2973400956249024,1.0000003163910416,9.998853756207586,0.0018197576095043723,0.0009658762072145584,7.559959297475297e-13,352522.72032955615,"[1499676687.7046793, -1478699175.433442]","[[1024812657.6117527, -22430466.85960751], [-22430466.85960751, 3721758011.9548817]]","[[[655270978.0079316, -425873270.0434792], [-425873270.0434792, 3654624353.41729]], [[645506745.4461185, 400268962.26302457], [400268962.26302457, 3602905096.313003]]]",0.00020318068460088102,0.0009305925580588709,6.0,1.1385843890820979e-05,2.710915174931666e-13,False,False,/private/tmp/oneD-v2-taylor-peierls-pf-runs/oneD_v2_Peak_control/T600K_seed8666/steps_0600K.csv,ccddc240cd5786fa1254fad9f351d763af1e2fa7e2411cd38308e5aaeeeb938a,/private/tmp/oneD-v2-taylor-peierls-pf-runs/oneD_v2_Peak_control/T600K_seed8666/anisotropic_emission_audit_v10174.json,149619a96230df532fbdf07ce058f6099823530f2eab27a5bb716d2dcebce7c8,FULL_ACTIVE_AND_WAKE_SPATIAL_PROFILE_OBSERVER,PF_MODEL_NATIVE_DRIVING_TRAJECTORY_NOT_RESISTANCE
Peak,CONTROL,v913_zeroD_sobol_0242980,oneD_v2_Peak_control,600.0,8666,100.0,6,0,141,552.7507938610238,1.3160733187167237e-05,2865380.7021059636,1459.1567779710558,25.478371967542657,25.478371967542657,25.478371967542657,-7.7184493628663e-18,25.47837156924136,10164399654.748177,16.80520778881366,19.102547884438565,2.2973400956249024,1.0000000312658368,9.999886710366804,0.0005720486933280472,9.225832767672021e-05,7.133235769892608e-14,352559.03796151816,"[1681356630.4490726, -1656441586.6934962]","[[1133132071.345917, -25892223.45887966], [-25892223.45887966, 3896515862.511663]]","[[[828579237.6781539, -281172212.5414082], [-281172212.5414082, 4191292498.576299]], [[825718828.1444976, 243701131.0393005], [243701131.0393005, 4138602001.5314903]]]",0.00020687417740994344,0.0009475092099941137,6.0,1.4827360246272292e-06,3.5303238874991386e-14,False,False,/private/tmp/oneD-v2-taylor-peierls-pf-runs/oneD_v2_Peak_control/T600K_seed8666/steps_0600K.csv,ccddc240cd5786fa1254fad9f351d763af1e2fa7e2411cd38308e5aaeeeb938a,/private/tmp/oneD-v2-taylor-peierls-pf-runs/oneD_v2_Peak_control/T600K_seed8666/anisotropic_emission_audit_v10174.json,149619a96230df532fbdf07ce058f6099823530f2eab27a5bb716d2dcebce7c8,FULL_ACTIVE_AND_WAKE_SPATIAL_PROFILE_OBSERVER,PF_MODEL_NATIVE_DRIVING_TRAJECTORY_NOT_RESISTANCE
Peak,CONTROL,v913_zeroD_sobol_0242980,oneD_v2_Peak_control,600.0,8666,100.0,7,0,151,552.7507953437598,1.3160733222470476e-05,2864519.4529911545,1575.5365958530047,26.47493746344428,26.47493746344428,26.47493746344428,-2.7831948888441286e-19,26.474937442932294,10561971916.968683,19.102547884438565,21.9809590141333,2.8784111296947366,1.0000000015495405,9.999994385254961,0.00012734918409140468,4.71458114161316e-06,2.5875296770518187e-15,352562.8237031622,"[1415656890.4048228, -1421709205.5252843]","[[1010967852.5100234, -2470176.909384869], [-2470176.909384869, 3812957376.0735383]]","[[[837449204.5874252, -539893453.7711551], [-539893453.7711551, 3668762985.397071]], [[841909157.5364293, 440164735.9156333], [440164735.9156333, 3685327568.586998]]]",0.0013748323017445424,0.006296901258579928,6.0,3.360000846441835e-07,8.000002570118792e-15,False,False,/private/tmp/oneD-v2-taylor-peierls-pf-runs/oneD_v2_Peak_control/T600K_seed8666/steps_0600K.csv,ccddc240cd5786fa1254fad9f351d763af1e2fa7e2411cd38308e5aaeeeb938a,/private/tmp/oneD-v2-taylor-peierls-pf-runs/oneD_v2_Peak_control/T600K_seed8666/anisotropic_emission_audit_v10174.json,149619a96230df532fbdf07ce058f6099823530f2eab27a5bb716d2dcebce7c8,FULL_ACTIVE_AND_WAKE_SPATIAL_PROFILE_OBSERVER,PF_MODEL_NATIVE_DRIVING_TRAJECTORY_NOT_RESISTANCE
Peak,CONTROL,v913_zeroD_sobol_0242980,oneD_v2_Peak_control,600.0,8666,100.0,8,0,155,552.7507956797599,1.3160733230470478e-05,2857409.855766052,1834.0725734537284,28.564653059730553,28.564653059730553,28.564653059730553,-2.3729225112805647e-19,28.56465305641899,11395647829.203545,21.9809590141333,24.278299109758198,2.297340095624899,1.0000000002318645,9.999999159840273,4.92625268970762e-05,8.051368047876673e-07,2.2183325070109716e-15,352562.991572821,"[1882301463.9064224, -1872311789.0156462]","[[2288303877.866516, 2954591.2783838753], [2954591.2783838753, 5096772248.985414]]","[[[1298863017.5440125, -229132480.4195617], [-229132480.4195617, 5063465945.356857]], [[1326627403.4496014, 259650349.8269692], [259650349.8269692, 5071250981.480894]]]",0.11030036960487692,0.505189276761578,12.0,3.0751347139812424e-06,7.321749746747562e-14,False,False,/private/tmp/oneD-v2-taylor-peierls-pf-runs/oneD_v2_Peak_control/T600K_seed8666/steps_0600K.csv,ccddc240cd5786fa1254fad9f351d763af1e2fa7e2411cd38308e5aaeeeb938a,/private/tmp/oneD-v2-taylor-peierls-pf-runs/oneD_v2_Peak_control/T600K_seed8666/anisotropic_emission_audit_v10174.json,149619a96230df532fbdf07ce058f6099823530f2eab27a5bb716d2dcebce7c8,FULL_ACTIVE_AND_WAKE_SPATIAL_PROFILE_OBSERVER,PF_MODEL_NATIVE_DRIVING_TRAJECTORY_NOT_RESISTANCE
Peak,CONTROL,v913_zeroD_sobol_0242980,oneD_v2_Peak_control,600.0,8666,100.0,9,0,165,552.7507987548946,1.3160733303687976e-05,2856841.503708155,1875.422400588064,28.884858530810746,28.884858530810746,28.884858530810746,-3.714578924817763e-19,28.884858527384228,11523391329.987432,24.278299109758198,37.596235373684394,13.317936263926194,1.0000000002372538,9.99999914031243,4.983078940313532e-05,9.90673415993093e-07,3.642399660177175e-15,352562.9908862414,"[1844293509.710519, -1831673347.9233174]","[[2346423107.5355797, 20604769.414013866], [20604769.414013866, 4853588296.214586]]","[[[1228213401.31197, -179948707.88159996], [-179948707.88159996, 4916800420.733008]], [[1257531967.4843128, 211007843.40404478], [211007843.40404478, 4920878663.330948]]]",0.18807532079876083,0.861408131553774,12.0,2.192880401707953e-06,5.2211453070065764e-14,False,False,/private/tmp/oneD-v2-taylor-peierls-pf-runs/oneD_v2_Peak_control/T600K_seed8666/steps_0600K.csv,ccddc240cd5786fa1254fad9f351d763af1e2fa7e2411cd38308e5aaeeeb938a,/private/tmp/oneD-v2-taylor-peierls-pf-runs/oneD_v2_Peak_control/T600K_seed8666/anisotropic_emission_audit_v10174.json,149619a96230df532fbdf07ce058f6099823530f2eab27a5bb716d2dcebce7c8,FULL_ACTIVE_AND_WAKE_SPATIAL_PROFILE_OBSERVER,PF_MODEL_NATIVE_DRIVING_TRAJECTORY_NOT_RESISTANCE
Peak,CONTROL,v913_zeroD_sobol_0242980,oneD_v2_Peak_control,600.0,8666,100.0,10,0,175,552.750800947775,1.3160733355899429e-05,2852181.421869611,2167.5914726135084,31.053418213430454,31.053418213430454,31.053418213430454,-8.604075635029655e-18,31.053418210394685,12388521475.114231,37.596235373684394,47.19203139289072,9.595796019206325,1.0000000001955196,9.999999291535898,4.520734375233812e-05,8.051098960177577e-07,8.907782825589536e-14,352562.99620310776,"[1721336387.6995795, -1662863841.7510755]","[[2105928316.1915812, 2942810.751835274], [2942810.751835274, 5042422935.695361]]","[[[1645691345.1109178, -526732540.9012648], [-526732540.9012648, 5088364120.5100765]], [[1703301118.03654, 557689882.7034866], [557689882.7034866, 5029028801.5386915]]]",5.652633303024705,25.88975667428042,12.0,0.012161607489815651,2.895620830870076e-10,False,False,/private/tmp/oneD-v2-taylor-peierls-pf-runs/oneD_v2_Peak_control/T600K_seed8666/steps_0600K.csv,ccddc240cd5786fa1254fad9f351d763af1e2fa7e2411cd38308e5aaeeeb938a,/private/tmp/oneD-v2-taylor-peierls-pf-runs/oneD_v2_Peak_control/T600K_seed8666/anisotropic_emission_audit_v10174.json,149619a96230df532fbdf07ce058f6099823530f2eab27a5bb716d2dcebce7c8,FULL_ACTIVE_AND_WAKE_SPATIAL_PROFILE_OBSERVER,PF_MODEL_NATIVE_DRIVING_TRAJECTORY_NOT_RESISTANCE
Peak,CONTROL,v913_zeroD_sobol_0242980,oneD_v2_Peak_control,600.0,8666,100.0,11,0,190,552.7629625552648,1.3161022917982516e-05,2870107.53388704,1301.2423100564015,24.060230482869592,24.060230482869592,24.060230482869592,-2.764732968297337e-16,24.060225704389463,9598641309.4823,47.19203139289072,59.93002512708252,12.7379937341918,1.0000003972099563,9.998561022937576,0.002038935744529375,0.0016250960741827358,3.178731477308369e-12,352512.4281233458,"[1625385200.0129635, -1638349562.142253]","[[2145412228.4709985, -17364899.097274512], [-17364899.097274512, 4550298187.097917]]","[[[1293133476.998065, -232603924.82712367], [-232603924.82712367, 4543903877.023993]], [[1261790874.136705, 210692940.05696246], [210692940.05696246, 4538489998.421211]]]",3.581930595438867e-05,0.00016405683257474053,18.0,0.0003627352116382099,8.636552656374132e-12,False,False,/private/tmp/oneD-v2-taylor-peierls-pf-runs/oneD_v2_Peak_control/T600K_seed8666/steps_0600K.csv,ccddc240cd5786fa1254fad9f351d763af1e2fa7e2411cd38308e5aaeeeb938a,/private/tmp/oneD-v2-taylor-peierls-pf-runs/oneD_v2_Peak_control/T600K_seed8666/anisotropic_emission_audit_v10174.json,149619a96230df532fbdf07ce058f6099823530f2eab27a5bb716d2dcebce7c8,FULL_ACTIVE_AND_WAKE_SPATIAL_PROFILE_OBSERVER,PF_MODEL_NATIVE_DRIVING_TRAJECTORY_NOT_RESISTANCE
Peak,CONTROL,v913_zeroD_sobol_0242980,oneD_v2_Peak_control,600.0,8666,100.0,12,0,200,552.7633252904765,1.3161031554535172e-05,2867162.7705827034,1347.9480731930416,24.488223280528302,24.488223280528302,24.488223280528302,-6.552853000380529e-17,24.488221234391748,9769386822.22303,59.93002512708252,62.22736522270742,2.2973400956249024,1.0000001671119045,9.999394526083368,0.0013225048268486644,0.0006286193439343401,7.713683509418721e-13,352541.7332545846,"[1603776717.4989128, -1614730203.206811]","[[1759725573.510619, -15867855.658862105], [-15867855.658862105, 3971128212.8839617]]","[[[1287115981.0896776, -361156345.74788666], [-361156345.74788666, 4494669416.087503]], [[1257311361.1833253, 341328417.99227154], [341328417.99227154, 4486771767.596948]]]",3.840781400683282e-05,0.00017591251824098294,8.0,8.010719852791226e-06,1.9073142316829855e-13,False,False,/private/tmp/oneD-v2-taylor-peierls-pf-runs/oneD_v2_Peak_control/T600K_seed8666/steps_0600K.csv,ccddc240cd5786fa1254fad9f351d763af1e2fa7e2411cd38308e5aaeeeb938a,/private/tmp/oneD-v2-taylor-peierls-pf-runs/oneD_v2_Peak_control/T600K_seed8666/anisotropic_emission_audit_v10174.json,149619a96230df532fbdf07ce058f6099823530f2eab27a5bb716d2dcebce7c8,FULL_ACTIVE_AND_WAKE_SPATIAL_PROFILE_OBSERVER,PF_MODEL_NATIVE_DRIVING_TRAJECTORY_NOT_RESISTANCE
Peak,CONTROL,v913_zeroD_sobol_0242980,oneD_v2_Peak_control,600.0,8666,100.0,13,0,210,552.7633333011963,1.3161031745266595e-05,2866217.901918807,1354.5490341029492,24.548110005493434,24.548110005493434,24.548110005493434,-1.7787737990492262e-18,24.54810966335667,9793278848.643955,62.22736522270742,64.52470531833232,2.2973400956249024,1.0000000278747956,9.99989899738749,0.0005401317540032774,8.524718650314903e-05,2.1471791709055247e-14,352559.46996090154,"[1429311635.6857498, -1437266629.1048136]","[[1545542469.3286872, -14418713.459965196], [-14418713.459965196, 4038305022.822721]]","[[[1225624000.0612197, -534542996.1627913], [-534542996.1627913, 4084247271.4327197]], [[1197563960.5586984, 514069908.6269958], [514069908.6269958, 4072097218.7683253]]]",3.253858375322729e-05,0.00014903072085818388,6.0,0.000854176339771584,2.033753189219624e-11,False,False,/private/tmp/oneD-v2-taylor-peierls-pf-runs/oneD_v2_Peak_control/T600K_seed8666/steps_0600K.csv,ccddc240cd5786fa1254fad9f351d763af1e2fa7e2411cd38308e5aaeeeb938a,/private/tmp/oneD-v2-taylor-peierls-pf-runs/oneD_v2_Peak_control/T600K_seed8666/anisotropic_emission_audit_v10174.json,149619a96230df532fbdf07ce058f6099823530f2eab27a5bb716d2dcebce7c8,FULL_ACTIVE_AND_WAKE_SPATIAL_PROFILE_OBSERVER,PF_MODEL_NATIVE_DRIVING_TRAJECTORY_NOT_RESISTANCE
Peak,CONTROL,v913_zeroD_sobol_0242980,oneD_v2_Peak_control,600.0,8666,100.0,14,0,222,552.7641874775361,1.3161052082798487e-05,2866222.331039497,1362.9322889247924,24.623956514727645,24.623956514727645,24.623956514727645,-1.2834245265948475e-17,24.623955749569607,9823537059.237268,64.52470531833232,72.91419034841714,8.389485030084812,1.0000000621474516,9.999774816714863,0.0008065147673151455,0.00025427272111199406,1.7230144547702234e-13,352555.103892468,"[1538724519.5199413, -1544835992.0659738]","[[1651152486.5400414, -16691763.686358644], [-16691763.686358644, 3986952116.1126084]]","[[[1332608641.972598, -264455888.13842958], [-264455888.13842958, 4410057681.012481]], [[1309850230.504624, 237998884.99578115], [237998884.99578115, 4399522214.636572]]]",0.00010119862304214842,0.0004635021565845238,16.0,9.429037686459196e-05,2.24500897642269e-12,False,False,/private/tmp/oneD-v2-taylor-peierls-pf-runs/oneD_v2_Peak_control/T600K_seed8666/steps_0600K.csv,ccddc240cd5786fa1254fad9f351d763af1e2fa7e2411cd38308e5aaeeeb938a,/private/tmp/oneD-v2-taylor-peierls-pf-runs/oneD_v2_Peak_control/T600K_seed8666/anisotropic_emission_audit_v10174.json,149619a96230df532fbdf07ce058f6099823530f2eab27a5bb716d2dcebce7c8,FULL_ACTIVE_AND_WAKE_SPATIAL_PROFILE_OBSERVER,PF_MODEL_NATIVE_DRIVING_TRAJECTORY_NOT_RESISTANCE
Peak,CONTROL,v913_zeroD_sobol_0242980,oneD_v2_Peak_control,600.0,8666,100.0,15,0,232,552.764281767913,1.3161054327807464e-05,2839574.0144656464,1430.6149692885228,25.22795675189173,25.22795675189173,25.22795675189173,-5.119285891684212e-19,25.227956663528435,10064498561.216553,72.91419034841714,80.57571727409683,7.661526925679691,1.0000000070051882,9.999974616842072,0.00027073997989275937,2.878166096008483e-05,7.744323384544976e-15,352562.1286654788,"[1546773341.0978, -1519650127.763545]","[[1769418765.6429899, -304565.5998150896], [-304565.5998150896, 4108979041.009004]]","[[[969839161.7344248, -180577505.85297868], [-180577505.85297868, 4063385843.930025]], [[1017766364.3860855, 193355985.47396785], [193355985.47396785, 4057066619.9131756]]]",0.00021122068832322638,0.0009674167652687121,10.0,0.00016753605916619563,3.988953796858459e-12,False,False,/private/tmp/oneD-v2-taylor-peierls-pf-runs/oneD_v2_Peak_control/T600K_seed8666/steps_0600K.csv,ccddc240cd5786fa1254fad9f351d763af1e2fa7e2411cd38308e5aaeeeb938a,/private/tmp/oneD-v2-taylor-peierls-pf-runs/oneD_v2_Peak_control/T600K_seed8666/anisotropic_emission_audit_v10174.json,149619a96230df532fbdf07ce058f6099823530f2eab27a5bb716d2dcebce7c8,FULL_ACTIVE_AND_WAKE_SPATIAL_PROFILE_OBSERVER,PF_MODEL_NATIVE_DRIVING_TRAJECTORY_NOT_RESISTANCE
Peak,CONTROL,v913_zeroD_sobol_0242980,oneD_v2_Peak_control,600.0,8666,100.0,16,0,242,552.7644493039721,1.316105831676126e-05,2838408.8815577645,1399.0360833810723,24.947966557584067,24.947966557584067,24.947966557584067,-2.1959924069267356e-18,24.947966275336377,9952798557.26073,80.57571727409683,85.8144981030469,5.238780828950074,1.0000000226269101,9.999918012544926,0.0004865812836669295,9.272819036384669e-05,3.6556338081936294e-14,352560.1385148602,"[1544246142.5807834, -1518792656.0399928]","[[1661102565.7214391, 6010896.726109852], [6010896.726109852, 3839707353.172362]]","[[[997439567.8763152, -54955646.7516153], [-54955646.7516153, 4085931853.0378823]], [[1037597168.2550175, 55486716.29417564], [55486716.29417564, 4075182480.335003]]]",9.702911436446043e-05,0.00044440529334754714,8.0,4.087123147655802e-05,9.731245553834013e-13,False,False,/private/tmp/oneD-v2-taylor-peierls-pf-runs/oneD_v2_Peak_control/T600K_seed8666/steps_0600K.csv,ccddc240cd5786fa1254fad9f351d763af1e2fa7e2411cd38308e5aaeeeb938a,/private/tmp/oneD-v2-taylor-peierls-pf-runs/oneD_v2_Peak_control/T600K_seed8666/anisotropic_emission_audit_v10174.json,149619a96230df532fbdf07ce058f6099823530f2eab27a5bb716d2dcebce7c8,FULL_ACTIVE_AND_WAKE_SPATIAL_PROFILE_OBSERVER,PF_MODEL_NATIVE_DRIVING_TRAJECTORY_NOT_RESISTANCE
Peak,CONTROL,v913_zeroD_sobol_0242980,oneD_v2_Peak_control,600.0,8666,100.0,17,0,252,552.7644901752036,1.3161059289885816e-05,2837180.230502486,1394.09233462631,24.903848456920546,24.903848456920546,24.903848456920546,-9.974750323233737e-19,24.90384822424335,9935198001.350811,85.8144981030469,88.1118381986718,2.2973400956249024,1.0000000186860438,9.9999322919281,0.0004421976843564196,7.646671711829497e-05,1.7385568866929747e-14,352560.6405637244,"[1675026236.3757772, -1653946933.5255954]","[[1539640833.3475735, -1596107.5985999985], [-1596107.5985999985, 3843430435.977945]]","[[[1077918067.5509233, -293791027.14696425], [-293791027.14696425, 4427970540.302478]], [[1112195858.707213, 299913361.31897795], [299913361.31897795, 4420089725.758404]]]",6.66366108039366e-05,0.00030520388407107404,6.0,0.0001706433977233246,4.062938043796383e-12,False,False,/private/tmp/oneD-v2-taylor-peierls-pf-runs/oneD_v2_Peak_control/T600K_seed8666/steps_0600K.csv,ccddc240cd5786fa1254fad9f351d763af1e2fa7e2411cd38308e5aaeeeb938a,/private/tmp/oneD-v2-taylor-peierls-pf-runs/oneD_v2_Peak_control/T600K_seed8666/anisotropic_emission_audit_v10174.json,149619a96230df532fbdf07ce058f6099823530f2eab27a5bb716d2dcebce7c8,FULL_ACTIVE_AND_WAKE_SPATIAL_PROFILE_OBSERVER,PF_MODEL_NATIVE_DRIVING_TRAJECTORY_NOT_RESISTANCE
Peak,CONTROL,v913_zeroD_sobol_0242980,oneD_v2_Peak_control,600.0,8666,100.0,18,0,262,552.7646608186013,1.316106335282386e-05,2836342.214728568,1404.3895103796751,24.99565281769261,24.99565281769261,24.99565281769261,-1.1454212837642085e-18,24.995652628806702,9971822659.858212,88.1118381986718,94.44861849005173,6.3367802913799185,1.0000000151135011,9.99994523677629,0.00039767450756299493,6.183303078355563e-05,2.29803017092916e-14,352561.0956916719,"[1486088916.1912563, -1460506681.0812101]","[[1382856742.0505176, -3672247.2540086056], [-3672247.2540086056, 3935710516.284646]]","[[[1042858121.6759605, -493071493.70297736], [-493071493.70297736, 4015035954.058473]], [[1071383805.6884778, 494610169.035387], [494610169.035387, 3992397167.8508983]]]",0.00013337296643090187,0.0006108646117156291,10.0,4.200001058052294e-07,1.000000321264849e-14,False,False,/private/tmp/oneD-v2-taylor-peierls-pf-runs/oneD_v2_Peak_control/T600K_seed8666/steps_0600K.csv,ccddc240cd5786fa1254fad9f351d763af1e2fa7e2411cd38308e5aaeeeb938a,/private/tmp/oneD-v2-taylor-peierls-pf-runs/oneD_v2_Peak_control/T600K_seed8666/anisotropic_emission_audit_v10174.json,149619a96230df532fbdf07ce058f6099823530f2eab27a5bb716d2dcebce7c8,FULL_ACTIVE_AND_WAKE_SPATIAL_PROFILE_OBSERVER,PF_MODEL_NATIVE_DRIVING_TRAJECTORY_NOT_RESISTANCE
Peak,CONTROL,v913_zeroD_sobol_0242980,oneD_v2_Peak_control,600.0,8666,100.0,19,0,267,552.7646612386014,1.3161063362823863e-05,2843113.5326781804,1696.570864840495,27.473038680986374,27.473038680986374,27.473038680986374,-3.186446265919155e-19,27.473038639343187,10960156684.336245,94.44861849005173,96.74569264369183,2.2970741536401054,1.0000000030315677,9.999989015152153,0.00017810545683734586,9.388046034267327e-06,6.764767623882895e-15,352562.63489570236,"[1747789044.4911184, -1708591737.1246705]","[[2193676100.4205976, 65307300.756139144], [65307300.756139144, 4781627739.097601]]","[[[1253800378.2786953, -185173604.6955141], [-185173604.6955141, 4749378467.260932]], [[1341186920.0953882, 276220715.4325473], [276220715.4325473, 4758370394.344729]]]",0.025185906801497276,0.11535455490504848,18.0,4.200001058052294e-07,1.000000321264849e-14,False,False,/private/tmp/oneD-v2-taylor-peierls-pf-runs/oneD_v2_Peak_control/T600K_seed8666/steps_0600K.csv,ccddc240cd5786fa1254fad9f351d763af1e2fa7e2411cd38308e5aaeeeb938a,/private/tmp/oneD-v2-taylor-peierls-pf-runs/oneD_v2_Peak_control/T600K_seed8666/anisotropic_emission_audit_v10174.json,149619a96230df532fbdf07ce058f6099823530f2eab27a5bb716d2dcebce7c8,FULL_ACTIVE_AND_WAKE_SPATIAL_PROFILE_OBSERVER,PF_MODEL_NATIVE_DRIVING_TRAJECTORY_NOT_RESISTANCE
Peak,CONTROL,v913_zeroD_sobol_0242980,oneD_v2_Peak_control,600.0,8666,100.0,20,0,272,552.7646616586015,1.3161063372823866e-05,2842616.971001691,1691.5095300512587,27.432028278611348,27.432028278611348,27.432028278611348,-3.921315555163422e-20,27.432028273355474,10943795915.409008,96.74569264369183,99.04276679733192,2.297074153640092,1.000000000383193,9.999998611503079,6.331927063775015e-05,1.23418749916456e-06,8.837743990190078e-16,352562.97229383193,"[1722805035.8946068, -1684888983.4075825]","[[2198831957.168144, 53600858.40968202], [53600858.40968202, 4543580774.164855]]","[[[1149328696.5337539, -145959790.3564421], [-145959790.3564421, 4594938768.322968]], [[1219676136.6899998, 221406802.90102744], [221406802.90102744, 4589454103.505165]]]",0.013011572417008383,0.059594604101750194,10.0,1.2497901025199099e-06,2.975690948801759e-14,False,False,/private/tmp/oneD-v2-taylor-peierls-pf-runs/oneD_v2_Peak_control/T600K_seed8666/steps_0600K.csv,ccddc240cd5786fa1254fad9f351d763af1e2fa7e2411cd38308e5aaeeeb938a,/private/tmp/oneD-v2-taylor-peierls-pf-runs/oneD_v2_Peak_control/T600K_seed8666/anisotropic_emission_audit_v10174.json,149619a96230df532fbdf07ce058f6099823530f2eab27a5bb716d2dcebce7c8,FULL_ACTIVE_AND_WAKE_SPATIAL_PROFILE_OBSERVER,PF_MODEL_NATIVE_DRIVING_TRAJECTORY_NOT_RESISTANCE
Peak,CONTROL,v913_zeroD_sobol_0242980,oneD_v2_Peak_control,600.0,8666,100.0,21,0,282,552.7646629083916,1.3161063402580776e-05,2842111.643098669,1685.6712110385447,27.38464593592203,27.38464593592203,27.38464593592203,-8.757301085242025e-21,27.384645933361714,10924893096.641142,99.04276679733192,104.28775434413835,5.244987546806435,1.0000000001869893,9.999999322445735,4.4234861854005023e-05,7.814834141866034e-07,2.2929609897376637e-16,352562.99728986685,"[1770457350.259389, -1745540128.6981869]","[[2260926994.3855386, 52200214.15583385], [52200214.15583385, 4696329430.783812]]","[[[1207097952.919519, -191975172.98740765], [-191975172.98740765, 4748012653.438297]], [[1198225858.6898088, 293653357.63493186], [293653357.63493186, 4689306116.086183]]]",0.007177045276616046,0.032871751251307195,6.0,,,False,True,/private/tmp/oneD-v2-taylor-peierls-pf-runs/oneD_v2_Peak_control/T600K_seed8666/steps_0600K.csv,ccddc240cd5786fa1254fad9f351d763af1e2fa7e2411cd38308e5aaeeeb938a,/private/tmp/oneD-v2-taylor-peierls-pf-runs/oneD_v2_Peak_control/T600K_seed8666/anisotropic_emission_audit_v10174.json,149619a96230df532fbdf07ce058f6099823530f2eab27a5bb716d2dcebce7c8,FULL_ACTIVE_AND_WAKE_SPATIAL_PROFILE_OBSERVER,PF_MODEL_NATIVE_DRIVING_TRAJECTORY_NOT_RESISTANCE
Peak,CONTROL,v913_zeroD_sobol_0242980,oneD_v2_Peak_control,1000.0,8666,100.0,0,0,164,1332.376758814189,3.1723256162242664e-05,6910589.646904157,6525.05700968286,53.87817177327579,53.87817177327579,53.87817177327579,-0.11215581292261999,24.739231123496257,9869525279.785694,0.0,2.2973400956249024,2.2973400956249024,4.7430019717402265,0.19109788862102023,6.287667586743905,12345.075003491253,1019.1617815471049,31955.524696820834,"[3115032405.754899, -3106691430.9637947]","[[-200293936.68746507, -9155357.782320037], [-9155357.782320037, 6221888354.291837]]","[[[-42146268.32044514, 55944788.014297485], [55944788.014297485, 6187918543.189353]], [[-38954261.32473967, -67375936.66151382], [-67375936.66151382, 6174428600.60285]]]",304.84241701493534,1396.2158126006614,44.0,3.360000846441835e-07,8.000002570118792e-15,False,False,/private/tmp/oneD-v2-taylor-peierls-pf-runs/oneD_v2_Peak_control/T1000K_seed8666/steps_1000K.csv,22b0de49a09e462cedf60fc01cf342fe126052ca4c669954c1946b16a853d489,/private/tmp/oneD-v2-taylor-peierls-pf-runs/oneD_v2_Peak_control/T1000K_seed8666/anisotropic_emission_audit_v10174.json,5b85e8ccdd306444ce946a5c8a7c9327a6d7003c6d8c903828ac7339af4c30a8,FULL_ACTIVE_AND_WAKE_SPATIAL_PROFILE_OBSERVER,PF_MODEL_NATIVE_DRIVING_TRAJECTORY_NOT_RESISTANCE
Peak,CONTROL,v913_zeroD_sobol_0242980,oneD_v2_Peak_control,1000.0,8666,100.0,1,0,168,1332.3767591501892,3.1723256170242667e-05,6910426.208494247,6710.581035442973,54.638750340498156,54.638750340498156,54.638750340498156,-0.1081171284932191,44.84373072183105,17890060195.875065,2.2973400956249024,4.594680191249805,2.2973400956249024,1.4845609878118755,0.5259979708937917,2.2815979657872973,457.4200881114051,977.5555923416337,27530.802538623033,"[3412257279.694755, -3402660104.1168942]","[[671699332.4319184, -12611733.107814346], [-12611733.107814346, 7045859313.188219]]","[[[-46017567.05060537, -124231659.238114], [-124231659.238114, 6778496992.338904]], [[-43038402.875042215, 106286605.94328956], [106286605.94328956, 6762281805.358747]]]",1320257357.5633762,6046941293.087957,22.0,4.200001058052294e-07,1.000000321264849e-14,False,False,/private/tmp/oneD-v2-taylor-peierls-pf-runs/oneD_v2_Peak_control/T1000K_seed8666/steps_1000K.csv,22b0de49a09e462cedf60fc01cf342fe126052ca4c669954c1946b16a853d489,/private/tmp/oneD-v2-taylor-peierls-pf-runs/oneD_v2_Peak_control/T1000K_seed8666/anisotropic_emission_audit_v10174.json,5b85e8ccdd306444ce946a5c8a7c9327a6d7003c6d8c903828ac7339af4c30a8,FULL_ACTIVE_AND_WAKE_SPATIAL_PROFILE_OBSERVER,PF_MODEL_NATIVE_DRIVING_TRAJECTORY_NOT_RESISTANCE
Peak,CONTROL,v913_zeroD_sobol_0242980,oneD_v2_Peak_control,1000.0,8666,100.0,2,0,173,1332.3767595701893,3.172325618024267e-05,6910218.063366699,6896.498633348554,55.390466469300904,55.390466469300904,55.390466469300904,-0.010853550140033249,54.484488610378236,21736166132.73018,4.594680191249805,6.892020286874707,2.2973400956249024,1.0335328554409426,1.9397224810383664,0.6077953051573544,2.885719890872787,91.45596332074336,70680.66800334335,"[3583845017.789374, -3573541754.9690633]","[[1221744001.6165454, -12812886.17133934], [-12812886.17133934, 7449859051.844257]]","[[[158237243.42148533, -166512906.3080324], [-166512906.3080324, 7325927279.000233]], [[160892292.04488194, 145982127.88034293], [145982127.88034293, 7307975801.983008]]]",65950870496.661415,302063109011.8462,18.0,2.5200006348313764e-07,6.000001927589094e-15,False,False,/private/tmp/oneD-v2-taylor-peierls-pf-runs/oneD_v2_Peak_control/T1000K_seed8666/steps_1000K.csv,22b0de49a09e462cedf60fc01cf342fe126052ca4c669954c1946b16a853d489,/private/tmp/oneD-v2-taylor-peierls-pf-runs/oneD_v2_Peak_control/T1000K_seed8666/anisotropic_emission_audit_v10174.json,5b85e8ccdd306444ce946a5c8a7c9327a6d7003c6d8c903828ac7339af4c30a8,FULL_ACTIVE_AND_WAKE_SPATIAL_PROFILE_OBSERVER,PF_MODEL_NATIVE_DRIVING_TRAJECTORY_NOT_RESISTANCE
Peak,CONTROL,v913_zeroD_sobol_0242980,oneD_v2_Peak_control,1000.0,8666,100.0,3,0,176,1332.3767598221893,3.172325618624267e-05,6909846.8313759,7142.595486035651,56.37008929857111,56.37008929857111,56.37008929857111,-0.0006409530755204314,56.31705509709221,22467254385.927094,6.892020286874707,9.18936038249961,2.2973400956249024,1.0018843021086237,6.331473407521899,0.14691914094319744,0.3309147945921662,5.369854204649786,223644.96135779293,"[3836978871.4895134, -3826179861.8984613]","[[1502252547.1875644, -17438963.627796944], [-17438963.627796944, 7667292560.155366]]","[[[359389902.5305487, -210051630.9400265], [-210051630.9400265, 8033347645.509576]], [[361858712.74548197, 183266312.89328727], [183266312.89328727, 8014218436.542405]]]",188947679501.9832,865403641849.3087,30.0,1.2154123396612704e-06,2.893837242317482e-14,False,False,/private/tmp/oneD-v2-taylor-peierls-pf-runs/oneD_v2_Peak_control/T1000K_seed8666/steps_1000K.csv,22b0de49a09e462cedf60fc01cf342fe126052ca4c669954c1946b16a853d489,/private/tmp/oneD-v2-taylor-peierls-pf-runs/oneD_v2_Peak_control/T1000K_seed8666/anisotropic_emission_audit_v10174.json,5b85e8ccdd306444ce946a5c8a7c9327a6d7003c6d8c903828ac7339af4c30a8,FULL_ACTIVE_AND_WAKE_SPATIAL_PROFILE_OBSERVER,PF_MODEL_NATIVE_DRIVING_TRAJECTORY_NOT_RESISTANCE
Peak,CONTROL,v913_zeroD_sobol_0242980,oneD_v2_Peak_control,1000.0,8666,100.0,4,0,186,1332.3767610376017,3.1723256215181044e-05,6909234.802401408,7474.344055678043,57.66432835257249,57.66432835257249,57.66432835257249,-0.00025119379849061595,57.64922908492469,22998714914.524452,9.18936038249961,14.507867693188759,5.31850731068915,1.0005239010220603,8.512691957355628,0.07407783595257714,0.3690448837089393,1.8467008626048484,300283.2757669151,"[3744841488.4574594, -3733700192.0900407]","[[2035349662.5352335, -20684464.87120329], [-20684464.87120329, 8381660303.883093]]","[[[816411913.0619094, -421282828.19288266], [-421282828.19288266, 8306094889.976829]], [[812410051.8682159, 389612567.7584678], [389612567.7584678, 8279810436.048298]]]",52583046238.78133,240836827604.93677,6.0,3.360000846441835e-07,8.000002570118792e-15,False,False,/private/tmp/oneD-v2-taylor-peierls-pf-runs/oneD_v2_Peak_control/T1000K_seed8666/steps_1000K.csv,22b0de49a09e462cedf60fc01cf342fe126052ca4c669954c1946b16a853d489,/private/tmp/oneD-v2-taylor-peierls-pf-runs/oneD_v2_Peak_control/T1000K_seed8666/anisotropic_emission_audit_v10174.json,5b85e8ccdd306444ce946a5c8a7c9327a6d7003c6d8c903828ac7339af4c30a8,FULL_ACTIVE_AND_WAKE_SPATIAL_PROFILE_OBSERVER,PF_MODEL_NATIVE_DRIVING_TRAJECTORY_NOT_RESISTANCE
Peak,CONTROL,v913_zeroD_sobol_0242980,oneD_v2_Peak_control,1000.0,8666,100.0,5,0,190,1332.3767613736018,3.172325622318105e-05,6906849.709444747,8471.918557001285,61.391971661039065,61.391971661039065,61.391971661039065,-0.00015298505474669542,61.38249710732562,24488073372.730827,14.507867693188759,16.80520778881366,2.2973400956249024,1.0003087292101633,9.036388330420035,0.05695291352405449,0.13385262561504524,1.1094945228474988,318687.99489839864,"[3614891975.9533315, -3564326783.1978035]","[[2470257144.9091244, -54067463.562285975], [-54067463.562285975, 8971102427.715456]]","[[[1579496314.0364716, -1026545174.2198048], [-1026545174.2198048, 8809280265.943134]], [[1555960143.721612, 964827333.6317325], [964827333.6317325, 8684613710.11722]]]",349779562714.1955,1602033474108.6165,18.0,5.040001269662753e-07,1.2000003855178187e-14,False,False,/private/tmp/oneD-v2-taylor-peierls-pf-runs/oneD_v2_Peak_control/T1000K_seed8666/steps_1000K.csv,22b0de49a09e462cedf60fc01cf342fe126052ca4c669954c1946b16a853d489,/private/tmp/oneD-v2-taylor-peierls-pf-runs/oneD_v2_Peak_control/T1000K_seed8666/anisotropic_emission_audit_v10174.json,5b85e8ccdd306444ce946a5c8a7c9327a6d7003c6d8c903828ac7339af4c30a8,FULL_ACTIVE_AND_WAKE_SPATIAL_PROFILE_OBSERVER,PF_MODEL_NATIVE_DRIVING_TRAJECTORY_NOT_RESISTANCE
Peak,CONTROL,v913_zeroD_sobol_0242980,oneD_v2_Peak_control,1000.0,8666,100.0,6,0,196,1332.376761877602,3.172325623518105e-05,6906849.71205741,8478.076009551432,61.4142776763931,61.4142776763931,61.4142776763931,-0.00027787441916178455,61.39849531298934,24494455733.380642,16.80520778881366,19.102547884438565,2.2973400956249024,1.000514162170788,8.53800527726324,0.07325635411230746,0.24374118822963536,1.9638458732626487,301173.26580426825,"[4052821864.2457886, -3992765459.642163]","[[2731355353.5648623, -62411844.963586494], [-62411844.963586494, 9392346867.98717]]","[[[1997246741.0588675, -677750853.0726308], [-677750853.0726308, 10102890469.550446]], [[1990351874.087308, 587428778.8389715], [587428778.8389715, 9975882793.371634]]]",116962298186.38794,535701730110.438,6.0,6.72000169288367e-07,1.6000005140237583e-14,False,False,/private/tmp/oneD-v2-taylor-peierls-pf-runs/oneD_v2_Peak_control/T1000K_seed8666/steps_1000K.csv,22b0de49a09e462cedf60fc01cf342fe126052ca4c669954c1946b16a853d489,/private/tmp/oneD-v2-taylor-peierls-pf-runs/oneD_v2_Peak_control/T1000K_seed8666/anisotropic_emission_audit_v10174.json,5b85e8ccdd306444ce946a5c8a7c9327a6d7003c6d8c903828ac7339af4c30a8,FULL_ACTIVE_AND_WAKE_SPATIAL_PROFILE_OBSERVER,PF_MODEL_NATIVE_DRIVING_TRAJECTORY_NOT_RESISTANCE
Peak,CONTROL,v913_zeroD_sobol_0242980,oneD_v2_Peak_control,1000.0,8666,100.0,7,0,204,1332.376762549602,3.1723256251181056e-05,6904773.701253805,9154.272631250087,63.81644633240119,63.81644633240119,63.81644633240119,-0.00019788512395898605,63.8049483363389,25454491590.194637,19.102547884438565,21.9809590141333,2.8784111296947366,1.0003604432685114,8.901119724828556,0.061531726054189835,0.09052585567290114,1.3874768272874456,313933.6806571042,"[3412366586.1857014, -3426955373.9252396]","[[2436884913.9897256, -5954231.710158236], [-5954231.710158236, 9190933504.33448]]","[[[2018627326.1063545, -1301384815.9367583], [-1301384815.9367583, 8843360498.477758]], [[2029377808.46002, 1060993979.1457838], [1060993979.1457838, 8883288556.3105]]]",241311933083.64368,1105238372139.3628,8.0,3.360000846441835e-07,8.000002570118792e-15,False,False,/private/tmp/oneD-v2-taylor-peierls-pf-runs/oneD_v2_Peak_control/T1000K_seed8666/steps_1000K.csv,22b0de49a09e462cedf60fc01cf342fe126052ca4c669954c1946b16a853d489,/private/tmp/oneD-v2-taylor-peierls-pf-runs/oneD_v2_Peak_control/T1000K_seed8666/anisotropic_emission_audit_v10174.json,5b85e8ccdd306444ce946a5c8a7c9327a6d7003c6d8c903828ac7339af4c30a8,FULL_ACTIVE_AND_WAKE_SPATIAL_PROFILE_OBSERVER,PF_MODEL_NATIVE_DRIVING_TRAJECTORY_NOT_RESISTANCE
Peak,CONTROL,v913_zeroD_sobol_0242980,oneD_v2_Peak_control,1000.0,8666,100.0,8,0,208,1332.3767628856021,3.172325625918106e-05,6887636.388078017,10656.433113100842,68.85359600409119,68.85359600409119,68.85359600409119,-0.00018134186560645393,68.84301942762745,27464391160.17783,21.9809590141333,24.278299109758198,2.297340095624899,1.0003072900929841,9.040974414454674,0.05680183489587131,0.036268458549441066,1.2451740327012095,318849.274460044,"[4537188821.538055, -4513109234.864856]","[[5515836317.414828, 7121887.103395858], [7121887.103395858, 12285501827.124777]]","[[[3130841088.376723, -552311810.1674103], [-552311810.1674103, 12205218731.452833]], [[3197765682.435248, 625873531.5959678], [625873531.5959678, 12223984152.164959]]]",768369751568.295,3519228090266.501,12.0,3.07513482766808e-06,7.321748730308025e-14,False,False,/private/tmp/oneD-v2-taylor-peierls-pf-runs/oneD_v2_Peak_control/T1000K_seed8666/steps_1000K.csv,22b0de49a09e462cedf60fc01cf342fe126052ca4c669954c1946b16a853d489,/private/tmp/oneD-v2-taylor-peierls-pf-runs/oneD_v2_Peak_control/T1000K_seed8666/anisotropic_emission_audit_v10174.json,5b85e8ccdd306444ce946a5c8a7c9327a6d7003c6d8c903828ac7339af4c30a8,FULL_ACTIVE_AND_WAKE_SPATIAL_PROFILE_OBSERVER,PF_MODEL_NATIVE_DRIVING_TRAJECTORY_NOT_RESISTANCE
Peak,CONTROL,v913_zeroD_sobol_0242980,oneD_v2_Peak_control,1000.0,8666,100.0,9,0,218,1332.376765960737,3.1723256332398546e-05,6886266.382874907,10896.686167072581,69.62543424850054,69.62543424850054,69.62543424850054,-0.0003683491000721353,69.6043572567873,27768121009.89873,24.278299109758198,37.596235373684394,13.317936263926194,1.0006057144615814,8.336117862111955,0.0796246964933451,0.03043095025509722,2.511891019959818,294078.7096792583,"[4445572629.629275, -4415152392.542672]","[[5655929649.73733, 49666714.362152226], [49666714.362152226, 11699319642.743467]]","[[[2960543889.2822394, -433756908.151327], [-433756908.151327, 11851689148.54079]], [[3031214753.019218, 508623322.8795343], [508623322.8795343, 11861519538.104563]]]",846808800788.4464,3878488595805.569,12.0,2.192880401707953e-06,5.2211449681933975e-14,False,False,/private/tmp/oneD-v2-taylor-peierls-pf-runs/oneD_v2_Peak_control/T1000K_seed8666/steps_1000K.csv,22b0de49a09e462cedf60fc01cf342fe126052ca4c669954c1946b16a853d489,/private/tmp/oneD-v2-taylor-peierls-pf-runs/oneD_v2_Peak_control/T1000K_seed8666/anisotropic_emission_audit_v10174.json,5b85e8ccdd306444ce946a5c8a7c9327a6d7003c6d8c903828ac7339af4c30a8,FULL_ACTIVE_AND_WAKE_SPATIAL_PROFILE_OBSERVER,PF_MODEL_NATIVE_DRIVING_TRAJECTORY_NOT_RESISTANCE
Peak,CONTROL,v913_zeroD_sobol_0242980,oneD_v2_Peak_control,1000.0,8666,100.0,10,0,228,1332.3767681536174,3.1723256384609995e-05,6875033.484424509,12594.263510143743,74.85263328138049,74.85263328138049,74.85263328138049,-0.00028303993761850124,74.83513750884768,29854900411.934486,37.596235373684394,47.19203139289072,9.595796019206325,1.0004676364149596,8.642222149332262,0.06985541769286432,0.004222411259765404,1.923653331552038,304835.2804552838,"[4149190935.9803534, -4008245935.6963234]","[[5076229575.930792, 7093490.723297082], [7093490.723297082, 12154495594.046604]]","[[[3966852534.6640472, -1269661119.1227894], [-1269661119.1227894, 12265234406.624754]], [[4105717865.9002786, 1344282165.2621117], [1344282165.2621117, 12122209737.292927]]]",1498251003351.2908,6862174111489.838,12.0,2.9109514798619784e-06,6.930836926512945e-14,False,False,/private/tmp/oneD-v2-taylor-peierls-pf-runs/oneD_v2_Peak_control/T1000K_seed8666/steps_1000K.csv,22b0de49a09e462cedf60fc01cf342fe126052ca4c669954c1946b16a853d489,/private/tmp/oneD-v2-taylor-peierls-pf-runs/oneD_v2_Peak_control/T1000K_seed8666/anisotropic_emission_audit_v10174.json,5b85e8ccdd306444ce946a5c8a7c9327a6d7003c6d8c903828ac7339af4c30a8,FULL_ACTIVE_AND_WAKE_SPATIAL_PROFILE_OBSERVER,PF_MODEL_NATIVE_DRIVING_TRAJECTORY_NOT_RESISTANCE
Peak,CONTROL,v913_zeroD_sobol_0242980,oneD_v2_Peak_control,1000.0,8666,100.0,11,0,238,1332.3767710645689,3.1723256453918364e-05,6918091.23920125,7560.219580548252,57.99464575854254,57.99464575854254,57.99464575854254,-7.940164484269426e-05,57.989794071924464,23134580687.063026,47.19203139289072,59.93002512708252,12.7379937341918,1.0001673359822252,9.443395001433421,0.04186307978077609,0.10999770599846909,0.581884139110061,332994.8998318309,"[3917819447.450575, -3949068673.8330483]","[[5171289705.009569, -41856256.21900335], [-41856256.21900335, 10968013446.270542]]","[[[3116961741.925543, -560667206.9081025], [-560667206.9081025, 10952600636.826693]], [[3041413706.2826805, 507853091.063658], [507853091.063658, 10939551053.948776]]]",151786138250.01233,695199206309.5153,16.0,5.040001269662753e-07,1.2000003855178187e-14,False,False,/private/tmp/oneD-v2-taylor-peierls-pf-runs/oneD_v2_Peak_control/T1000K_seed8666/steps_1000K.csv,22b0de49a09e462cedf60fc01cf342fe126052ca4c669954c1946b16a853d489,/private/tmp/oneD-v2-taylor-peierls-pf-runs/oneD_v2_Peak_control/T1000K_seed8666/anisotropic_emission_audit_v10174.json,5b85e8ccdd306444ce946a5c8a7c9327a6d7003c6d8c903828ac7339af4c30a8,FULL_ACTIVE_AND_WAKE_SPATIAL_PROFILE_OBSERVER,PF_MODEL_NATIVE_DRIVING_TRAJECTORY_NOT_RESISTANCE
Peak,CONTROL,v913_zeroD_sobol_0242980,oneD_v2_Peak_control,1000.0,8666,100.0,12,0,244,1332.376771568569,3.172325646591837e-05,6910988.665579609,7831.569854937456,59.02623850599144,59.02623850599144,59.02623850599144,-0.00015055729518575643,59.01736624516585,23544522673.133003,59.93002512708252,62.22736522270742,2.2973400956249024,1.0003006887052788,9.063936338107181,0.05600711694841469,0.20016947989985068,1.086923491927116,319656.9661996093,"[3865731946.046049, -3892134149.7690315]","[[4241629954.824942, -38247765.95545715], [-38247765.95545715, 9571979083.429174]]","[[[3102455168.5251307, -870528676.4931505], [-870528676.4931505, 10833919060.61723]], [[3030614325.5607643, 822735581.037626], [822735581.037626, 10814882625.098827]]]",95585034101.94461,437791227900.4464,8.0,8.400002116104588e-08,2.000000642529698e-15,False,False,/private/tmp/oneD-v2-taylor-peierls-pf-runs/oneD_v2_Peak_control/T1000K_seed8666/steps_1000K.csv,22b0de49a09e462cedf60fc01cf342fe126052ca4c669954c1946b16a853d489,/private/tmp/oneD-v2-taylor-peierls-pf-runs/oneD_v2_Peak_control/T1000K_seed8666/anisotropic_emission_audit_v10174.json,5b85e8ccdd306444ce946a5c8a7c9327a6d7003c6d8c903828ac7339af4c30a8,FULL_ACTIVE_AND_WAKE_SPATIAL_PROFILE_OBSERVER,PF_MODEL_NATIVE_DRIVING_TRAJECTORY_NOT_RESISTANCE
Peak,CONTROL,v913_zeroD_sobol_0242980,oneD_v2_Peak_control,1000.0,8666,100.0,13,0,245,1332.376771652569,3.172325646791837e-05,6908711.061213796,7869.921169330903,59.17058818637226,59.17058818637226,59.17058818637226,-2.3730960852973092e-05,59.16862749194654,23604867179.860054,62.22736522270742,64.52470531833232,2.2973400956249024,1.0000662758963657,9.762992772705882,0.026639498927178727,0.028312474494895268,0.19054353333707108,344229.83533294493,"[3445202509.1229267, -3464377168.170788]","[[3725364476.398856, -34754763.44720575], [-34754763.44720575, 9733901445.892542]]","[[[2954235293.989141, -1288458601.7734168], [-1288458601.7734168, 9844640312.234995]], [[2886599576.1466885, 1239110418.5033793], [1239110418.5033793, 9815353912.488264]]]",1233980023300.158,5651780476732.68,100.0,1.8934872514364542e-06,4.508304401453986e-14,False,False,/private/tmp/oneD-v2-taylor-peierls-pf-runs/oneD_v2_Peak_control/T1000K_seed8666/steps_1000K.csv,22b0de49a09e462cedf60fc01cf342fe126052ca4c669954c1946b16a853d489,/private/tmp/oneD-v2-taylor-peierls-pf-runs/oneD_v2_Peak_control/T1000K_seed8666/anisotropic_emission_audit_v10174.json,5b85e8ccdd306444ce946a5c8a7c9327a6d7003c6d8c903828ac7339af4c30a8,FULL_ACTIVE_AND_WAKE_SPATIAL_PROFILE_OBSERVER,PF_MODEL_NATIVE_DRIVING_TRAJECTORY_NOT_RESISTANCE
Peak,CONTROL,v913_zeroD_sobol_0242980,oneD_v2_Peak_control,1000.0,8666,100.0,14,0,255,1332.3767735460563,3.172325651300141e-05,6908711.07103201,7918.60337539104,59.3533164345321,59.3533164345321,59.3533164345321,-0.00014055936913221466,59.34506310075597,23675254803.982506,64.52470531833232,72.91419034841714,8.389485030084812,1.0002781666159046,9.122171638148187,0.0539750115271506,0.15374140116287113,1.0163991556222496,321703.50147367944,"[3708924813.0379376, -3723655839.860887]","[[3979919959.5183187, -40233645.28500184], [-40233645.28500184, 9610105931.409723]]","[[[3212105348.020942, -637441590.7641577], [-637441590.7641577, 10629954974.096819]], [[3157248721.0366454, 573669918.7139823], [573669918.7139823, 10604560400.758419]]]",153927454906.20218,705006700307.3434,12.0,1.7508523342257831e-06,4.168696366834562e-14,False,False,/private/tmp/oneD-v2-taylor-peierls-pf-runs/oneD_v2_Peak_control/T1000K_seed8666/steps_1000K.csv,22b0de49a09e462cedf60fc01cf342fe126052ca4c669954c1946b16a853d489,/private/tmp/oneD-v2-taylor-peierls-pf-runs/oneD_v2_Peak_control/T1000K_seed8666/anisotropic_emission_audit_v10174.json,5b85e8ccdd306444ce946a5c8a7c9327a6d7003c6d8c903828ac7339af4c30a8,FULL_ACTIVE_AND_WAKE_SPATIAL_PROFILE_OBSERVER,PF_MODEL_NATIVE_DRIVING_TRAJECTORY_NOT_RESISTANCE
Peak,CONTROL,v913_zeroD_sobol_0242980,oneD_v2_Peak_control,1000.0,8666,100.0,15,0,265,1332.3767752969086,3.172325655468838e-05,6844477.100637183,8311.8352846333,60.809181730972355,60.809181730972355,60.809181730972355,-0.00013780652304739595,60.80113905934286,24256145067.33886,72.91419034841714,80.57571727409683,7.661526925679691,1.0002645741079663,9.159884080293038,0.0526204673345702,0.11625429591994305,0.9838830295284868,323029.0829639744,"[3728324973.776819, -3662947487.007228]","[[4264986987.902189, -734121.4784181424], [-734121.4784181424, 9904236624.899754]]","[[[2337689350.577323, -435261978.52373207], [-435261978.52373207, 9794339298.130962]], [[2453212537.9905643, 466063081.33043975], [466063081.33043975, 9779107512.00502]]]",173385859867.90253,794128591419.3079,10.0,1.1971928870480042e-06,2.8504623791544836e-14,False,False,/private/tmp/oneD-v2-taylor-peierls-pf-runs/oneD_v2_Peak_control/T1000K_seed8666/steps_1000K.csv,22b0de49a09e462cedf60fc01cf342fe126052ca4c669954c1946b16a853d489,/private/tmp/oneD-v2-taylor-peierls-pf-runs/oneD_v2_Peak_control/T1000K_seed8666/anisotropic_emission_audit_v10174.json,5b85e8ccdd306444ce946a5c8a7c9327a6d7003c6d8c903828ac7339af4c30a8,FULL_ACTIVE_AND_WAKE_SPATIAL_PROFILE_OBSERVER,PF_MODEL_NATIVE_DRIVING_TRAJECTORY_NOT_RESISTANCE
Peak,CONTROL,v913_zeroD_sobol_0242980,oneD_v2_Peak_control,1000.0,8666,100.0,16,0,275,1332.3767764941015,3.1723256583193e-05,6841666.609971318,8128.357876794819,60.13427836021603,60.13427836021603,60.13427836021603,-0.00018400032906046014,60.123637046197096,23985860869.237926,80.57571727409683,85.8144981030469,5.238780828950074,1.0003540123734243,8.920576824850018,0.060862930537511364,0.17512626451437985,1.3207997426659053,314617.89075385005,"[3722232318.2252703, -3660879540.581089]","[[4003901634.283546, 14488593.131952515], [14488593.131952515, 9255184396.070276]]","[[[2404216330.9672318, -132464429.57984185], [-132464429.57984185, 9848680967.417772]], [[2501011727.6532645, 133744513.21420309], [133744513.21420309, 9822770808.815443]]]",90675859210.13956,415306602309.6956,6.0,2.5200006348313764e-07,6.000001927589094e-15,False,False,/private/tmp/oneD-v2-taylor-peierls-pf-runs/oneD_v2_Peak_control/T1000K_seed8666/steps_1000K.csv,22b0de49a09e462cedf60fc01cf342fe126052ca4c669954c1946b16a853d489,/private/tmp/oneD-v2-taylor-peierls-pf-runs/oneD_v2_Peak_control/T1000K_seed8666/anisotropic_emission_audit_v10174.json,5b85e8ccdd306444ce946a5c8a7c9327a6d7003c6d8c903828ac7339af4c30a8,FULL_ACTIVE_AND_WAKE_SPATIAL_PROFILE_OBSERVER,PF_MODEL_NATIVE_DRIVING_TRAJECTORY_NOT_RESISTANCE
Peak,CONTROL,v913_zeroD_sobol_0242980,oneD_v2_Peak_control,1000.0,8666,100.0,17,0,278,1332.3767767461015,3.1723256589193e-05,6838704.579895325,8099.633649418288,60.027932194211964,60.027932194211964,60.027932194211964,-0.00014637606240726255,60.01876693662396,23944023748.578873,85.8144981030469,88.1118381986718,2.2973400956249024,1.0003054363777588,9.047542288997906,0.05656289548958029,0.19722446210191968,1.071204185139102,319080.3132815166,"[4037462784.7026463, -3986653490.533482]","[[3711131462.57301, -3847238.2639621664], [-3847238.2639621664, 9264157786.823565]]","[[[2598200546.4654136, -708150304.0525066], [-708150304.0525066, 10673126115.870707]], [[2680823315.6673875, 722907503.5746495], [722907503.5746495, 10654130296.734352]]]",443642360982.4092,2031936649789.7253,30.0,1.4481133803201374e-06,3.447891657511887e-14,False,False,/private/tmp/oneD-v2-taylor-peierls-pf-runs/oneD_v2_Peak_control/T1000K_seed8666/steps_1000K.csv,22b0de49a09e462cedf60fc01cf342fe126052ca4c669954c1946b16a853d489,/private/tmp/oneD-v2-taylor-peierls-pf-runs/oneD_v2_Peak_control/T1000K_seed8666/anisotropic_emission_audit_v10174.json,5b85e8ccdd306444ce946a5c8a7c9327a6d7003c6d8c903828ac7339af4c30a8,FULL_ACTIVE_AND_WAKE_SPATIAL_PROFILE_OBSERVER,PF_MODEL_NATIVE_DRIVING_TRAJECTORY_NOT_RESISTANCE
Peak,CONTROL,v913_zeroD_sobol_0242980,oneD_v2_Peak_control,1000.0,8666,100.0,18,0,288,1332.376778194215,3.172325662367192e-05,6836682.533792566,8159.45490424355,60.24919777031051,60.24919777031051,60.24919777031051,-0.00013144396451278783,60.241531521333705,24032893959.995655,88.1118381986718,94.44861849005173,6.3367802913799185,1.0002545332623858,9.18787022106858,0.05161746681029916,0.12298987960310892,0.942766508128318,324012.77931573195,"[3582049473.518754, -3520386385.389255]","[[3333219978.1889896, -8851537.212567914], [-8851537.212567914, 9486585647.184301]]","[[[2513691707.8139176, -1188493141.414797], [-1188493141.414797, 9677790654.851427]], [[2582449647.049938, 1192201944.5047896], [1192201944.5047896, 9623222417.82845]]]",123871778689.18945,567348001745.9066,8.0,4.200001058052294e-07,1.000000321264849e-14,False,False,/private/tmp/oneD-v2-taylor-peierls-pf-runs/oneD_v2_Peak_control/T1000K_seed8666/steps_1000K.csv,22b0de49a09e462cedf60fc01cf342fe126052ca4c669954c1946b16a853d489,/private/tmp/oneD-v2-taylor-peierls-pf-runs/oneD_v2_Peak_control/T1000K_seed8666/anisotropic_emission_audit_v10174.json,5b85e8ccdd306444ce946a5c8a7c9327a6d7003c6d8c903828ac7339af4c30a8,FULL_ACTIVE_AND_WAKE_SPATIAL_PROFILE_OBSERVER,PF_MODEL_NATIVE_DRIVING_TRAJECTORY_NOT_RESISTANCE
Peak,CONTROL,v913_zeroD_sobol_0242980,oneD_v2_Peak_control,1000.0,8666,100.0,19,0,293,1332.376778614215,3.172325663367192e-05,6853004.027819193,9857.018547132286,66.2206565349085,66.2206565349085,66.2206565349085,-0.00016601795142434325,66.21124904282831,26414466681.373104,94.44861849005173,96.74569264369183,2.2970741536401054,1.00028418616288,9.105965461689363,0.05451567068768233,0.05355560455429599,1.142845345292633,321133.9052157903,"[4212848070.9643445, -4118367389.073001]","[[5287608454.296188, 157415871.7137939], [157415871.7137939, 11525573558.330696]]","[[[3022144189.3427577, -446340057.91136134], [-446340057.91136134, 11447840331.271446]], [[3232779577.681564, 665798834.1546165], [665798834.1546165, 11469514355.827566]]]",708993733263.7036,3247278614016.0376,16.0,4.200001058052294e-07,1.000000321264849e-14,False,False,/private/tmp/oneD-v2-taylor-peierls-pf-runs/oneD_v2_Peak_control/T1000K_seed8666/steps_1000K.csv,22b0de49a09e462cedf60fc01cf342fe126052ca4c669954c1946b16a853d489,/private/tmp/oneD-v2-taylor-peierls-pf-runs/oneD_v2_Peak_control/T1000K_seed8666/anisotropic_emission_audit_v10174.json,5b85e8ccdd306444ce946a5c8a7c9327a6d7003c6d8c903828ac7339af4c30a8,FULL_ACTIVE_AND_WAKE_SPATIAL_PROFILE_OBSERVER,PF_MODEL_NATIVE_DRIVING_TRAJECTORY_NOT_RESISTANCE
Peak,CONTROL,v913_zeroD_sobol_0242980,oneD_v2_Peak_control,1000.0,8666,100.0,20,0,298,1332.3767790342151,3.1723256643671925e-05,6851807.118940675,9827.612356827936,66.12180556289917,66.12180556289917,66.12180556289917,-0.00018306929751270371,66.1113537641793,26374614231.107533,96.74569264369183,99.04276679733192,2.297074153640092,1.0003162127019734,9.0201058783347,0.057483381291743865,0.06530649657750606,1.2635714662072843,318116.13848674274,"[4152626938.4544897, -4061234576.767018]","[[5300036062.252154, 129198814.67652458], [129198814.67652458, 10951788232.986742]]","[[[2770326999.820085, -351819587.67063165], [-351819587.67063165, 11075580876.729065]], [[2939891558.175611, 533676089.24271655], [533676089.24271655, 11062360711.709648]]]",261909862410.13907,1199579425179.4807,6.0,1.1987503967247903e-06,2.8541689953316685e-14,False,False,/private/tmp/oneD-v2-taylor-peierls-pf-runs/oneD_v2_Peak_control/T1000K_seed8666/steps_1000K.csv,22b0de49a09e462cedf60fc01cf342fe126052ca4c669954c1946b16a853d489,/private/tmp/oneD-v2-taylor-peierls-pf-runs/oneD_v2_Peak_control/T1000K_seed8666/anisotropic_emission_audit_v10174.json,5b85e8ccdd306444ce946a5c8a7c9327a6d7003c6d8c903828ac7339af4c30a8,FULL_ACTIVE_AND_WAKE_SPATIAL_PROFILE_OBSERVER,PF_MODEL_NATIVE_DRIVING_TRAJECTORY_NOT_RESISTANCE
Peak,CONTROL,v913_zeroD_sobol_0242980,oneD_v2_Peak_control,1000.0,8666,100.0,21,0,308,1332.3767802329655,3.1723256672213615e-05,6850589.073784568,9793.691896933911,66.00759568809575,66.00759568809575,66.00759568809575,-0.000246142650327257,65.9938121702436,26327721919.580803,99.04276679733192,104.28775434413835,5.244987546806435,1.0004177651454536,8.76084681484451,0.06612387044262359,0.060997667880569505,1.6972074543191855,309004.0992893277,"[4267487453.8232536, -4207427305.872788]","[[5449709128.060612, 125822719.74203032], [125822719.74203032, 11319971600.53278]]","[[[2909573263.013122, -462734469.1750318], [-462734469.1750318, 11444548170.65963]], [[2888188082.0547237, 707818247.8084238], [707818247.8084238, 11303042693.8003]]]",257293162717.31558,1178434372019.661,6.0,,,False,True,/private/tmp/oneD-v2-taylor-peierls-pf-runs/oneD_v2_Peak_control/T1000K_seed8666/steps_1000K.csv,22b0de49a09e462cedf60fc01cf342fe126052ca4c669954c1946b16a853d489,/private/tmp/oneD-v2-taylor-peierls-pf-runs/oneD_v2_Peak_control/T1000K_seed8666/anisotropic_emission_audit_v10174.json,5b85e8ccdd306444ce946a5c8a7c9327a6d7003c6d8c903828ac7339af4c30a8,FULL_ACTIVE_AND_WAKE_SPATIAL_PROFILE_OBSERVER,PF_MODEL_NATIVE_DRIVING_TRAJECTORY_NOT_RESISTANCE
Peak,CONTROL,v913_zeroD_sobol_0242980,oneD_v2_Peak_control,1200.0,8666,100.0,0,0,157,1231.749588184032,2.9327371147238935e-05,6388670.393244316,5576.671529523892,49.80904646888708,49.80904646888708,49.80904646888708,-1.1346175913762047,19.375179438672763,7729578268.451062,0.0,2.2973400956249024,2.2973400956249024,6.60883621439935,0.15515183795953416,7.744894260225831,13725.173108892635,10008.770404267449,36150.86327688085,"[2879770948.8593736, -2872059922.532901]","[[-185166824.9227925, -8463903.399281533], [-8463903.399281533, 5751982963.847829]]","[[[-38963189.88136849, 51719582.424256064], [51719582.424256064, 5720578707.8373785]], [[-36012257.8147229, -62287398.58100943], [-62287398.58100943, 5708107587.25108]]]",71.46745304888682,327.32973649222293,8.0,0.16704514375578583,3.977265327519998e-09,False,False,/private/tmp/oneD-v2-taylor-peierls-pf-runs/oneD_v2_Peak_control/T1200K_seed8666/steps_1200K.csv,8422e21ba818e3fe82d8cad4aa08b619fac77fcdaf946c98eea2a954eddd27da,/private/tmp/oneD-v2-taylor-peierls-pf-runs/oneD_v2_Peak_control/T1200K_seed8666/anisotropic_emission_audit_v10174.json,5c39981317e4ef6d2d81ccc5922fbede66d6e086f7d7903708d0e0127aea3362,FULL_ACTIVE_AND_WAKE_SPATIAL_PROFILE_OBSERVER,PF_MODEL_NATIVE_DRIVING_TRAJECTORY_NOT_RESISTANCE
Peak,CONTROL,v913_zeroD_sobol_0242980,oneD_v2_Peak_control,1200.0,8666,100.0,1,0,158,1231.9166333277878,2.9331348412566455e-05,6389385.68326433,5736.786217783345,50.51903292852066,50.51903292852066,50.51903292852066,-0.10063345197853904,34.70610393099197,13845732246.079063,2.2973400956249024,4.594680191249805,2.2973400956249024,2.118840818356143,0.3418611613217007,3.5133468569110895,2725.6115909372734,906.5015925420428,25537.880674729764,"[3154975851.3732505, -3146102295.0415764]","[[621053748.1499076, -11660818.67152717], [-11660818.67152717, 6514607241.828699]]","[[[-42547879.85875394, -114864693.00091551], [-114864693.00091551, 6267403822.887748]], [[-39793342.24310867, 98272682.15411353], [98272682.15411353, 6252411247.840044]]]",33692942.27097802,154317825.03376472,102.0,4.200001058052294e-07,1.0000006600780278e-14,False,False,/private/tmp/oneD-v2-taylor-peierls-pf-runs/oneD_v2_Peak_control/T1200K_seed8666/steps_1200K.csv,8422e21ba818e3fe82d8cad4aa08b619fac77fcdaf946c98eea2a954eddd27da,/private/tmp/oneD-v2-taylor-peierls-pf-runs/oneD_v2_Peak_control/T1200K_seed8666/anisotropic_emission_audit_v10174.json,5c39981317e4ef6d2d81ccc5922fbede66d6e086f7d7903708d0e0127aea3362,FULL_ACTIVE_AND_WAKE_SPATIAL_PROFILE_OBSERVER,PF_MODEL_NATIVE_DRIVING_TRAJECTORY_NOT_RESISTANCE
Peak,CONTROL,v913_zeroD_sobol_0242980,oneD_v2_Peak_control,1200.0,8666,100.0,2,0,163,1231.916633747788,2.933134842256646e-05,6389193.232274639,5895.724692664869,51.21407027288084,51.21407027288084,51.21407027288084,-0.03250378449459359,48.91280983475017,19513387896.316856,4.594680191249805,6.892020286874707,2.2973400956249024,1.09630996645147,1.1438983285868285,1.0437035588953816,13.613061350676919,272.7333684830063,44213.76989340872,"[3313626013.420633, -3304099608.2510414]","[[1129625495.9134328, -11846804.957691787], [-11846804.957691787, 6888145728.392972]]","[[[146306283.75130954, -153957968.3757955], [-153957968.3757955, 6773558310.592576]], [[148761143.86432138, 134975193.9711891], [134975193.9711891, 6756960360.366404]]]",26252721810.60798,120240699029.69339,18.0,2.5200006348313764e-07,6.000001927589094e-15,False,False,/private/tmp/oneD-v2-taylor-peierls-pf-runs/oneD_v2_Peak_control/T1200K_seed8666/steps_1200K.csv,8422e21ba818e3fe82d8cad4aa08b619fac77fcdaf946c98eea2a954eddd27da,/private/tmp/oneD-v2-taylor-peierls-pf-runs/oneD_v2_Peak_control/T1200K_seed8666/anisotropic_emission_audit_v10174.json,5c39981317e4ef6d2d81ccc5922fbede66d6e086f7d7903708d0e0127aea3362,FULL_ACTIVE_AND_WAKE_SPATIAL_PROFILE_OBSERVER,PF_MODEL_NATIVE_DRIVING_TRAJECTORY_NOT_RESISTANCE
Peak,CONTROL,v913_zeroD_sobol_0242980,oneD_v2_Peak_control,1200.0,8666,100.0,3,0,166,1231.916633999788,2.9331348428566463e-05,6388849.990973054,6106.1096096512,52.1198303370517,52.1198303370517,52.1198303370517,-0.0021296864178126057,51.96329676613864,20730356109.059742,6.892020286874707,9.18936038249961,2.2973400956249024,1.0060338489100338,4.122707795357755,0.2655765154293438,0.9785170546698051,17.781307155438906,146228.46012615773,"[3547673780.143453, -3537689007.106946]","[[1388983924.9341822, -16124079.930414954], [-16124079.930414954, 7089184926.836126]]","[[[332292195.6984822, -194213908.5256453], [-194213908.5256453, 7427639755.985389]], [[334574859.6278423, 169448181.7103889], [169448181.7103889, 7409952873.841735]]]",120684766506.68553,552751093455.5984,30.0,1.2154123396612704e-06,2.893840630449271e-14,False,False,/private/tmp/oneD-v2-taylor-peierls-pf-runs/oneD_v2_Peak_control/T1200K_seed8666/steps_1200K.csv,8422e21ba818e3fe82d8cad4aa08b619fac77fcdaf946c98eea2a954eddd27da,/private/tmp/oneD-v2-taylor-peierls-pf-runs/oneD_v2_Peak_control/T1200K_seed8666/anisotropic_emission_audit_v10174.json,5c39981317e4ef6d2d81ccc5922fbede66d6e086f7d7903708d0e0127aea3362,FULL_ACTIVE_AND_WAKE_SPATIAL_PROFILE_OBSERVER,PF_MODEL_NATIVE_DRIVING_TRAJECTORY_NOT_RESISTANCE
Peak,CONTROL,v913_zeroD_sobol_0242980,oneD_v2_Peak_control,1200.0,8666,100.0,4,0,176,1231.9166352152004,2.933134845750487e-05,6388284.108961507,6389.7170377677885,53.31648482124864,53.31648482124864,53.31648482124864,-0.0010723853357239824,53.25854725370486,21247086292.260475,9.18936038249961,14.507867693188759,5.31850731068915,1.0021768930759158,6.227611461408945,0.15098567946564556,1.334340227493645,7.862746845658531,220040.5153118568,"[3462483481.235537, -3452182229.5669065]","[[1881885950.7907925, -19124873.016785648], [-19124873.016785648, 7749689923.318237]]","[[[754855117.7863497, -389518445.0508989], [-389518445.0508989, 7679822080.257424]], [[751154993.6769376, 360236096.5353263], [360236096.5353263, 7655519452.81075]]]",34380622768.38084,157467486402.72003,6.0,3.360000846441835e-07,8.000002570118792e-15,False,False,/private/tmp/oneD-v2-taylor-peierls-pf-runs/oneD_v2_Peak_control/T1200K_seed8666/steps_1200K.csv,8422e21ba818e3fe82d8cad4aa08b619fac77fcdaf946c98eea2a954eddd27da,/private/tmp/oneD-v2-taylor-peierls-pf-runs/oneD_v2_Peak_control/T1200K_seed8666/anisotropic_emission_audit_v10174.json,5c39981317e4ef6d2d81ccc5922fbede66d6e086f7d7903708d0e0127aea3362,FULL_ACTIVE_AND_WAKE_SPATIAL_PROFILE_OBSERVER,PF_MODEL_NATIVE_DRIVING_TRAJECTORY_NOT_RESISTANCE
Peak,CONTROL,v913_zeroD_sobol_0242980,oneD_v2_Peak_control,1200.0,8666,100.0,5,0,180,1231.9166355512004,2.9331348465504872e-05,6386078.850208286,7242.530173247149,56.76306685246612,56.76306685246612,56.76306685246612,-0.0006915227000223577,56.724143305315195,22629659084.040104,14.507867693188759,16.80520778881366,2.2973400956249024,1.0013728511127353,7.074440563334216,0.12005252690606648,0.5484271729253654,5.024863561582171,249761.02839008765,"[3342332056.5171323, -3295579438.232821]","[[2284001762.208355, -49990820.71633452], [-49990820.71633452, 8294688589.842149]]","[[[1460403574.6220312, -949144501.7116914], [-949144501.7116914, 8145067687.656297]], [[1438642012.435861, 892080136.1846619], [892080136.1846619, 8029800888.901504]]]",228293473534.58667,1045612224124.6494,18.0,5.040001269662753e-07,1.2000003855178187e-14,False,False,/private/tmp/oneD-v2-taylor-peierls-pf-runs/oneD_v2_Peak_control/T1200K_seed8666/steps_1200K.csv,8422e21ba818e3fe82d8cad4aa08b619fac77fcdaf946c98eea2a954eddd27da,/private/tmp/oneD-v2-taylor-peierls-pf-runs/oneD_v2_Peak_control/T1200K_seed8666/anisotropic_emission_audit_v10174.json,5c39981317e4ef6d2d81ccc5922fbede66d6e086f7d7903708d0e0127aea3362,FULL_ACTIVE_AND_WAKE_SPATIAL_PROFILE_OBSERVER,PF_MODEL_NATIVE_DRIVING_TRAJECTORY_NOT_RESISTANCE
Peak,CONTROL,v913_zeroD_sobol_0242980,oneD_v2_Peak_control,1200.0,8666,100.0,6,0,186,1231.9166360552006,2.9331348477504876e-05,6386078.852820954,7247.794097749357,56.7836910141281,56.7836910141281,56.7836910141281,-0.001166249084140934,56.72287152383543,22629151716.636395,16.80520778881366,19.102547884438565,2.2973400956249024,1.0021455929378997,6.259188356706376,0.14971192392849006,0.8503513099693765,8.305724454747356,221149.31618953426,"[3747242386.978303, -3691714186.5099845]","[[2525413378.0397606, -57706042.537991576], [-57706042.537991576, 8684171541.665855]]","[[[1846655958.7471132, -626648989.1524247], [-626648989.1524247, 9341140732.70372]], [[1840280959.1458867, 543137125.9654261], [543137125.9654261, 9223709332.165855]]]",76094902217.66257,348524023575.74884,6.0,6.72000169288367e-07,1.6000005140237583e-14,False,False,/private/tmp/oneD-v2-taylor-peierls-pf-runs/oneD_v2_Peak_control/T1200K_seed8666/steps_1200K.csv,8422e21ba818e3fe82d8cad4aa08b619fac77fcdaf946c98eea2a954eddd27da,/private/tmp/oneD-v2-taylor-peierls-pf-runs/oneD_v2_Peak_control/T1200K_seed8666/anisotropic_emission_audit_v10174.json,5c39981317e4ef6d2d81ccc5922fbede66d6e086f7d7903708d0e0127aea3362,FULL_ACTIVE_AND_WAKE_SPATIAL_PROFILE_OBSERVER,PF_MODEL_NATIVE_DRIVING_TRAJECTORY_NOT_RESISTANCE
Peak,CONTROL,v913_zeroD_sobol_0242980,oneD_v2_Peak_control,1200.0,8666,100.0,7,0,194,1231.9166367272007,2.933134849350488e-05,6384159.371808588,7825.86557099422,59.004738106701204,59.004738106701204,59.004738106701204,-0.0009123335580664799,58.955871114672284,23519989665.540314,19.102547884438565,21.9809590141333,2.8784111296947366,1.0016584351446454,6.734771209449334,0.1319071870494945,0.35396081792524275,6.4760742520794246,237836.91243916695,"[3155076916.899982, -3168565721.892067]","[[2253145770.561817, -5505287.474869818], [-5505287.474869818, 8497944582.414306]]","[[[1866424465.121959, -1203261457.7192285], [-1203261457.7192285, 8176578298.921924]], [[1876364369.837033, 980995894.7917534], [980995894.7917534, 8213495813.621167]]]",158244200018.32892,724777924546.8582,8.0,3.360000846441835e-07,8.000002570118792e-15,False,False,/private/tmp/oneD-v2-taylor-peierls-pf-runs/oneD_v2_Peak_control/T1200K_seed8666/steps_1200K.csv,8422e21ba818e3fe82d8cad4aa08b619fac77fcdaf946c98eea2a954eddd27da,/private/tmp/oneD-v2-taylor-peierls-pf-runs/oneD_v2_Peak_control/T1200K_seed8666/anisotropic_emission_audit_v10174.json,5c39981317e4ef6d2d81ccc5922fbede66d6e086f7d7903708d0e0127aea3362,FULL_ACTIVE_AND_WAKE_SPATIAL_PROFILE_OBSERVER,PF_MODEL_NATIVE_DRIVING_TRAJECTORY_NOT_RESISTANCE
Peak,CONTROL,v913_zeroD_sobol_0242980,oneD_v2_Peak_control,1200.0,8666,100.0,8,0,198,1231.9166370632008,2.9331348501504884e-05,6368314.1982593555,9110.042531195671,63.66209078531584,63.66209078531584,63.66209078531584,-0.0008008402819472579,63.61793120060383,25379882547.590343,21.9809590141333,24.278299109758198,2.297340095624899,1.0013887566064406,7.055388009118843,0.12071037615214782,0.14708120518351964,5.630620935181936,249092.340049663,"[4195088469.303953, -4172824463.9095063]","[[5099946738.807076, 6584902.599890273], [6584902.599890273, 11359184967.116434]]","[[[2894778213.0477653, -510667948.24471605], [-510667948.24471605, 11284955151.655672]], [[2956656747.0675583, 578683175.6212295], [578683175.6212295, 11302305674.886572]]]",519034898442.33356,2377243756275.753,12.0,3.07513482766808e-06,7.321751779626635e-14,False,False,/private/tmp/oneD-v2-taylor-peierls-pf-runs/oneD_v2_Peak_control/T1200K_seed8666/steps_1200K.csv,8422e21ba818e3fe82d8cad4aa08b619fac77fcdaf946c98eea2a954eddd27da,/private/tmp/oneD-v2-taylor-peierls-pf-runs/oneD_v2_Peak_control/T1200K_seed8666/anisotropic_emission_audit_v10174.json,5c39981317e4ef6d2d81ccc5922fbede66d6e086f7d7903708d0e0127aea3362,FULL_ACTIVE_AND_WAKE_SPATIAL_PROFILE_OBSERVER,PF_MODEL_NATIVE_DRIVING_TRAJECTORY_NOT_RESISTANCE
Peak,CONTROL,v913_zeroD_sobol_0242980,oneD_v2_Peak_control,1200.0,8666,100.0,9,0,208,1231.9166401383357,2.93313485747224e-05,6367047.491534267,9315.431666009361,64.37573306506694,64.37573306506694,64.37573306506694,-0.0013718115359392842,64.29837890830143,25651341907.793156,24.278299109758198,37.596235373684394,13.317936263926194,1.002407547080783,6.035687567818366,0.15874776999643397,0.1034136905258947,9.99537425952156,213308.3407870193,"[4110380064.631994, -4082253488.7104125]","[[5229477148.63451, 45921884.44506118], [45921884.44506118, 10817200445.40143]]","[[[2737321284.972138, -401051989.6309297], [-401051989.6309297, 10958081414.236126]], [[2802663622.9914865, 470273537.50494474], [470273537.50494474, 10967170600.412312]]]",573367217186.2875,2626092467384.9126,12.0,2.192880401707953e-06,5.2211446293802186e-14,False,False,/private/tmp/oneD-v2-taylor-peierls-pf-runs/oneD_v2_Peak_control/T1200K_seed8666/steps_1200K.csv,8422e21ba818e3fe82d8cad4aa08b619fac77fcdaf946c98eea2a954eddd27da,/private/tmp/oneD-v2-taylor-peierls-pf-runs/oneD_v2_Peak_control/T1200K_seed8666/anisotropic_emission_audit_v10174.json,5c39981317e4ef6d2d81ccc5922fbede66d6e086f7d7903708d0e0127aea3362,FULL_ACTIVE_AND_WAKE_SPATIAL_PROFILE_OBSERVER,PF_MODEL_NATIVE_DRIVING_TRAJECTORY_NOT_RESISTANCE
Peak,CONTROL,v913_zeroD_sobol_0242980,oneD_v2_Peak_control,1200.0,8666,100.0,10,0,218,1231.916642331216,2.9331348626933848e-05,6356661.545355354,10766.667897481548,69.20880554637276,69.20880554637276,69.20880554637276,-0.0010875317684899818,69.13919765646634,27582549178.196068,37.596235373684394,47.19203139289072,9.595796019206325,1.0020145715353008,6.375767390079166,0.1450682122428601,0.018797365569156,8.287273167893689,225238.82873482,"[3836345310.4390326, -3706027448.6649284]","[[4693485990.114539, 6558647.285902716], [6558647.285902716, 11238056501.238194]]","[[[3667755076.4402013, -1173929702.2836635], [-1173929702.2836635, 11340445697.318268]], [[3796150074.5230775, 1242924382.170334], [1242924382.170334, 11208204971.852934]]]",1063065496895.0593,4868970896928.498,12.0,2.9109514798619784e-06,6.930836926512945e-14,False,False,/private/tmp/oneD-v2-taylor-peierls-pf-runs/oneD_v2_Peak_control/T1200K_seed8666/steps_1200K.csv,8422e21ba818e3fe82d8cad4aa08b619fac77fcdaf946c98eea2a954eddd27da,/private/tmp/oneD-v2-taylor-peierls-pf-runs/oneD_v2_Peak_control/T1200K_seed8666/anisotropic_emission_audit_v10174.json,5c39981317e4ef6d2d81ccc5922fbede66d6e086f7d7903708d0e0127aea3362,FULL_ACTIVE_AND_WAKE_SPATIAL_PROFILE_OBSERVER,PF_MODEL_NATIVE_DRIVING_TRAJECTORY_NOT_RESISTANCE
Peak,CONTROL,v913_zeroD_sobol_0242980,oneD_v2_Peak_control,1200.0,8666,100.0,11,0,228,1231.9166452421675,2.9331348696242217e-05,6396472.781544046,6463.130886474193,53.62189659595133,53.62189659595133,53.62189659595133,-0.00039240046509732903,53.59547044656709,21381499199.141064,47.19203139289072,59.93002512708252,12.7379937341918,1.0009863767998683,7.635373614458026,0.1016370666194275,0.5643962082646189,3.513158083488644,269460.5666242108,"[3622419044.810826, -3651312104.9178033]","[[4781378663.54474, -38700328.51331684], [-38700328.51331684, 10141034145.247671]]","[[[2881945359.4894757, -518393355.11655784], [-518393355.11655784, 10126783449.111128]], [[2812093584.3422513, 469561380.68898386], [469561380.68898386, 10114717794.177858]]]",99668832204.617,456495526148.22095,16.0,5.040001269662753e-07,1.2000003855178187e-14,False,False,/private/tmp/oneD-v2-taylor-peierls-pf-runs/oneD_v2_Peak_control/T1200K_seed8666/steps_1200K.csv,8422e21ba818e3fe82d8cad4aa08b619fac77fcdaf946c98eea2a954eddd27da,/private/tmp/oneD-v2-taylor-peierls-pf-runs/oneD_v2_Peak_control/T1200K_seed8666/anisotropic_emission_audit_v10174.json,5c39981317e4ef6d2d81ccc5922fbede66d6e086f7d7903708d0e0127aea3362,FULL_ACTIVE_AND_WAKE_SPATIAL_PROFILE_OBSERVER,PF_MODEL_NATIVE_DRIVING_TRAJECTORY_NOT_RESISTANCE
Peak,CONTROL,v913_zeroD_sobol_0242980,oneD_v2_Peak_control,1200.0,8666,100.0,12,0,234,1231.9166457461677,2.933134870824222e-05,6389905.736398893,6695.10461738185,54.57570809021888,54.57570809021888,54.57570809021888,-0.0006074547073486249,54.535132674286395,21756370191.074497,59.93002512708252,62.22736522270742,2.2973400956249024,1.0014886004112171,6.939804091954341,0.12467838531044512,0.843351515833856,5.47764736469003,245036.04824472655,"[3574258898.7951174, -3598670397.8130965]","[[3921814503.1850023, -35363915.48440286], [-35363915.48440286, 8850259639.192247]]","[[[2868532570.0236125, -804891521.7193166], [-804891521.7193166, 10017050367.613848]], [[2802108468.237412, 760701986.8221554], [760701986.8221554, 9999449263.863605]]]",62421678744.055176,285898976149.5639,8.0,8.400002116104588e-08,2.000000642529698e-15,False,False,/private/tmp/oneD-v2-taylor-peierls-pf-runs/oneD_v2_Peak_control/T1200K_seed8666/steps_1200K.csv,8422e21ba818e3fe82d8cad4aa08b619fac77fcdaf946c98eea2a954eddd27da,/private/tmp/oneD-v2-taylor-peierls-pf-runs/oneD_v2_Peak_control/T1200K_seed8666/anisotropic_emission_audit_v10174.json,5c39981317e4ef6d2d81ccc5922fbede66d6e086f7d7903708d0e0127aea3362,FULL_ACTIVE_AND_WAKE_SPATIAL_PROFILE_OBSERVER,PF_MODEL_NATIVE_DRIVING_TRAJECTORY_NOT_RESISTANCE
Peak,CONTROL,v913_zeroD_sobol_0242980,oneD_v2_Peak_control,1200.0,8666,100.0,13,0,235,1231.9166458301677,2.933134871024222e-05,6387799.861584213,6727.890644624918,54.70917392228578,54.70917392228578,54.70917392228578,-9.070156800692165e-05,54.70023744732309,21822237465.734917,62.22736522270742,64.52470531833232,2.2973400956249024,1.0003267702431895,8.971743471762926,0.059161300838496036,0.13568261555542033,0.9457938705010532,316413.8591631137,"[3185437039.6897936, -3203165945.0277925]","[[3444475022.307629, -32134282.52685514], [-32134282.52685514, 8999973187.158098]]","[[[2731488353.5910335, -1191309870.2696667], [-1191309870.2696667, 9102362432.970621]], [[2668952313.909522, 1145682499.9152327], [1145682499.9152327, 9075284203.965107]]]",808264510032.3553,3701950997245.278,100.0,1.8934872514364542e-06,4.508304401453986e-14,False,False,/private/tmp/oneD-v2-taylor-peierls-pf-runs/oneD_v2_Peak_control/T1200K_seed8666/steps_1200K.csv,8422e21ba818e3fe82d8cad4aa08b619fac77fcdaf946c98eea2a954eddd27da,/private/tmp/oneD-v2-taylor-peierls-pf-runs/oneD_v2_Peak_control/T1200K_seed8666/anisotropic_emission_audit_v10174.json,5c39981317e4ef6d2d81ccc5922fbede66d6e086f7d7903708d0e0127aea3362,FULL_ACTIVE_AND_WAKE_SPATIAL_PROFILE_OBSERVER,PF_MODEL_NATIVE_DRIVING_TRAJECTORY_NOT_RESISTANCE
Peak,CONTROL,v913_zeroD_sobol_0242980,oneD_v2_Peak_control,1200.0,8666,100.0,14,0,245,1231.916647723655,2.9331348755325266e-05,6387799.8714024285,6769.508414868468,54.87812461538897,54.87812461538897,54.87812461538897,-0.0005150157653215715,54.8397803812468,21877907042.008347,64.52470531833232,72.91419034841714,8.389485030084812,1.0013988983584747,7.045758545085767,0.12103853295392078,0.666862260650611,5.21183492831504,248754.8885608295,"[3429274896.601801, -3442895215.9750943]","[[3679837229.291663, -37200061.13082343], [-37200061.13082343, 8885511754.894218]]","[[[2969915215.451939, -589379012.9077723], [-589379012.9077723, 9828465008.65554]], [[2919194733.556969, 530415673.09909517], [530415673.09909517, 9804985165.507158]]]",100496348829.7232,460285654203.4863,12.0,1.7508523342257831e-06,4.168692978702773e-14,False,False,/private/tmp/oneD-v2-taylor-peierls-pf-runs/oneD_v2_Peak_control/T1200K_seed8666/steps_1200K.csv,8422e21ba818e3fe82d8cad4aa08b619fac77fcdaf946c98eea2a954eddd27da,/private/tmp/oneD-v2-taylor-peierls-pf-runs/oneD_v2_Peak_control/T1200K_seed8666/anisotropic_emission_audit_v10174.json,5c39981317e4ef6d2d81ccc5922fbede66d6e086f7d7903708d0e0127aea3362,FULL_ACTIVE_AND_WAKE_SPATIAL_PROFILE_OBSERVER,PF_MODEL_NATIVE_DRIVING_TRAJECTORY_NOT_RESISTANCE
Peak,CONTROL,v913_zeroD_sobol_0242980,oneD_v2_Peak_control,1200.0,8666,100.0,15,0,255,1231.9166494745073,2.9331348797012195e-05,6328409.090846696,7105.677131051674,56.224218857772065,56.224218857772065,56.224218857772065,-0.0004634998805138531,56.18614817631282,22415030080.431034,72.91419034841714,80.57571727409683,7.661526925679691,1.0013556216500203,7.101479706615386,0.11912061352199944,0.5066374913859173,5.123214417817634,250711.32356012627,"[3447212301.3580494, -3386764223.9481807]","[[3943410435.8491297, -678769.3156826473], [-678769.3156826473, 9157465234.134161]]","[[[2161429473.756557, -402443579.14983296], [-402443579.14983296, 9055854076.472656]], [[2268242306.7429504, 430922303.8418821], [430922303.8418821, 9041770754.639313]]]",113123001300.13039,518117277545.234,10.0,1.1971928870480042e-06,2.8504589910226946e-14,False,False,/private/tmp/oneD-v2-taylor-peierls-pf-runs/oneD_v2_Peak_control/T1200K_seed8666/steps_1200K.csv,8422e21ba818e3fe82d8cad4aa08b619fac77fcdaf946c98eea2a954eddd27da,/private/tmp/oneD-v2-taylor-peierls-pf-runs/oneD_v2_Peak_control/T1200K_seed8666/anisotropic_emission_audit_v10174.json,5c39981317e4ef6d2d81ccc5922fbede66d6e086f7d7903708d0e0127aea3362,FULL_ACTIVE_AND_WAKE_SPATIAL_PROFILE_OBSERVER,PF_MODEL_NATIVE_DRIVING_TRAJECTORY_NOT_RESISTANCE
Peak,CONTROL,v913_zeroD_sobol_0242980,oneD_v2_Peak_control,1200.0,8666,100.0,16,0,265,1231.9166506717002,2.9331348825516785e-05,6325810.509356013,6948.8247431213385,55.60020265664323,55.60020265664323,55.60020265664323,-0.0005207558748335579,55.55429192776343,22162955907.748848,80.57571727409683,85.8144981030469,5.238780828950074,1.0016535067903034,6.743740930237535,0.13155823800071154,0.6987816232058933,6.277746398446972,238152.50432489734,"[3441579027.3347917, -3384852199.249644]","[[3702010705.9389057, 13396164.987974402], [13396164.987974402, 8557351016.397243]]","[[[2222940374.0650296, -122476719.2734531], [-122476719.2734531, 9106098428.734613]], [[2312437476.528539, 123660285.64239715], [123660285.64239715, 9082141875.027826]]]",59081976094.222595,270602726714.39392,6.0,2.5200006348313764e-07,6.000001927589094e-15,False,False,/private/tmp/oneD-v2-taylor-peierls-pf-runs/oneD_v2_Peak_control/T1200K_seed8666/steps_1200K.csv,8422e21ba818e3fe82d8cad4aa08b619fac77fcdaf946c98eea2a954eddd27da,/private/tmp/oneD-v2-taylor-peierls-pf-runs/oneD_v2_Peak_control/T1200K_seed8666/anisotropic_emission_audit_v10174.json,5c39981317e4ef6d2d81ccc5922fbede66d6e086f7d7903708d0e0127aea3362,FULL_ACTIVE_AND_WAKE_SPATIAL_PROFILE_OBSERVER,PF_MODEL_NATIVE_DRIVING_TRAJECTORY_NOT_RESISTANCE
Peak,CONTROL,v913_zeroD_sobol_0242980,oneD_v2_Peak_control,1200.0,8666,100.0,17,0,268,1231.9166509237002,2.9331348831516787e-05,6323071.814037364,6924.268784438124,55.501874905960214,55.501874905960214,55.501874905960214,-0.00037362185805958295,55.46440665490787,22127096872.021343,85.8144981030469,88.1118381986718,2.2973400956249024,1.0013515300678457,7.105791400786784,0.11898182812823493,0.7852321781442224,4.807908782490546,250862.51898720587,"[3733041372.9567556, -3686063058.262966]","[[3431315167.2274466, -3557159.6264392314], [-3557159.6264392314, 8565647820.91456]]","[[[2402298337.446736, -654756346.8116547], [-654756346.8116547, 9868381083.360247]], [[2478691417.018353, 668400865.4865663], [668400865.4865663, 9850817533.544285]]]",289522572752.30646,1326049039172.2312,30.0,1.4481133803201374e-06,3.447887930566919e-14,False,False,/private/tmp/oneD-v2-taylor-peierls-pf-runs/oneD_v2_Peak_control/T1200K_seed8666/steps_1200K.csv,8422e21ba818e3fe82d8cad4aa08b619fac77fcdaf946c98eea2a954eddd27da,/private/tmp/oneD-v2-taylor-peierls-pf-runs/oneD_v2_Peak_control/T1200K_seed8666/anisotropic_emission_audit_v10174.json,5c39981317e4ef6d2d81ccc5922fbede66d6e086f7d7903708d0e0127aea3362,FULL_ACTIVE_AND_WAKE_SPATIAL_PROFILE_OBSERVER,PF_MODEL_NATIVE_DRIVING_TRAJECTORY_NOT_RESISTANCE
Peak,CONTROL,v913_zeroD_sobol_0242980,oneD_v2_Peak_control,1200.0,8666,100.0,18,0,278,1231.9166523718136,2.9331348865995666e-05,6321202.229127195,6975.409178606099,55.706457242434176,55.706457242434176,55.706457242434176,-0.00035364112672517806,55.66980843081352,22209040324.899647,88.1118381986718,94.44861849005173,6.3367802913799185,1.0013170828520364,7.151861594026677,0.11742274740118784,0.5445135894865925,4.963592674521121,252480.2930776863,"[3311965855.5053306, -3254952114.087265]","[[3081897901.8192387, -8184138.503246296], [-8184138.503246296, 8771304802.20232]]","[[[2324161396.7348204, -1098881724.824805], [-1098881724.824805, 8948093107.745481]], [[2387735043.254255, 1102310887.1771557], [1102310887.1771557, 8897639271.428785]]]",80830758936.36714,370214830588.81116,8.0,4.200001058052294e-07,1.0000006600780278e-14,False,False,/private/tmp/oneD-v2-taylor-peierls-pf-runs/oneD_v2_Peak_control/T1200K_seed8666/steps_1200K.csv,8422e21ba818e3fe82d8cad4aa08b619fac77fcdaf946c98eea2a954eddd27da,/private/tmp/oneD-v2-taylor-peierls-pf-runs/oneD_v2_Peak_control/T1200K_seed8666/anisotropic_emission_audit_v10174.json,5c39981317e4ef6d2d81ccc5922fbede66d6e086f7d7903708d0e0127aea3362,FULL_ACTIVE_AND_WAKE_SPATIAL_PROFILE_OBSERVER,PF_MODEL_NATIVE_DRIVING_TRAJECTORY_NOT_RESISTANCE
Peak,CONTROL,v913_zeroD_sobol_0242980,oneD_v2_Peak_control,1200.0,8666,100.0,19,0,283,1231.9166527918137,2.9331348875995673e-05,6336293.095936848,8426.633697691386,61.22767287269082,61.22767287269082,61.22767287269082,-0.00039995414812492265,61.185255162770765,24409385221.5793,94.44861849005173,96.74569264369183,2.2970741536401054,1.0013870143453198,7.061157455138347,0.12047240426743089,0.21966008185357655,5.595670636558945,249295.59813116482,"[3895202751.657646, -3807845836.3636613]","[[4888927075.917109, 145546842.97309563], [145546842.97309563, 10656554682.867016]]","[[[2794276974.6119576, -412686380.440346], [-412686380.440346, 10584682477.92725]], [[2989030625.9265146, 615598143.3851867], [615598143.3851867, 10604722298.653837]]]",470735912427.0973,2156028452095.3408,16.0,4.200001058052294e-07,1.000000321264849e-14,False,False,/private/tmp/oneD-v2-taylor-peierls-pf-runs/oneD_v2_Peak_control/T1200K_seed8666/steps_1200K.csv,8422e21ba818e3fe82d8cad4aa08b619fac77fcdaf946c98eea2a954eddd27da,/private/tmp/oneD-v2-taylor-peierls-pf-runs/oneD_v2_Peak_control/T1200K_seed8666/anisotropic_emission_audit_v10174.json,5c39981317e4ef6d2d81ccc5922fbede66d6e086f7d7903708d0e0127aea3362,FULL_ACTIVE_AND_WAKE_SPATIAL_PROFILE_OBSERVER,PF_MODEL_NATIVE_DRIVING_TRAJECTORY_NOT_RESISTANCE
Peak,CONTROL,v913_zeroD_sobol_0242980,oneD_v2_Peak_control,1200.0,8666,100.0,20,0,288,1231.9166532118138,2.9331348885995676e-05,6335186.433177479,8401.494738208172,61.1362751851721,61.1362751851721,61.1362751851721,-0.0004008390246267752,61.09145701868091,24371965176.078674,96.74569264369183,99.04276679733192,2.297074153640092,1.001467786447506,6.961067070538397,0.12389774911583445,0.2572676580225715,5.89136885060271,245781.70998286305,"[3839522243.6751122, -3755020791.750409]","[[4900417652.463397, 119457329.0977101], [119457329.0977101, 10126032304.799782]]","[[[2561446596.505898, -325292676.81453335], [-325292676.81453335, 10240491083.856123]], [[2718226125.029426, 493437346.03030974], [493437346.03030974, 10228267708.530245]]]",173752099977.4092,795806016224.9142,6.0,1.1987503967247903e-06,2.8541693341448474e-14,False,False,/private/tmp/oneD-v2-taylor-peierls-pf-runs/oneD_v2_Peak_control/T1200K_seed8666/steps_1200K.csv,8422e21ba818e3fe82d8cad4aa08b619fac77fcdaf946c98eea2a954eddd27da,/private/tmp/oneD-v2-taylor-peierls-pf-runs/oneD_v2_Peak_control/T1200K_seed8666/anisotropic_emission_audit_v10174.json,5c39981317e4ef6d2d81ccc5922fbede66d6e086f7d7903708d0e0127aea3362,FULL_ACTIVE_AND_WAKE_SPATIAL_PROFILE_OBSERVER,PF_MODEL_NATIVE_DRIVING_TRAJECTORY_NOT_RESISTANCE
Peak,CONTROL,v913_zeroD_sobol_0242980,oneD_v2_Peak_control,1200.0,8666,100.0,21,0,298,1231.9166544105642,2.933134891453737e-05,6334060.228100513,8372.496590652492,61.03067664654591,61.03067664654591,61.03067664654591,-0.00046159757382907996,60.97412530424856,24325156594.35962,99.04276679733192,104.28775434413835,5.244987546806435,1.0018557893761944,6.529505689581631,0.1393797460140455,0.224939568352612,7.580694963659125,230633.43949580198,"[3945722369.86431, -3890190708.2320776]","[[5038805491.174402, 116335788.98480913], [116335788.98480913, 10466454946.559944]]","[[[2690193804.8686414, -427844666.466553], [-427844666.466553, 10581638544.597261]], [[2670421049.165386, 654449327.4780995], [654449327.4780995, 10450802465.629541]]]",170314397305.32727,780060914618.7123,6.0,,,False,True,/private/tmp/oneD-v2-taylor-peierls-pf-runs/oneD_v2_Peak_control/T1200K_seed8666/steps_1200K.csv,8422e21ba818e3fe82d8cad4aa08b619fac77fcdaf946c98eea2a954eddd27da,/private/tmp/oneD-v2-taylor-peierls-pf-runs/oneD_v2_Peak_control/T1200K_seed8666/anisotropic_emission_audit_v10174.json,5c39981317e4ef6d2d81ccc5922fbede66d6e086f7d7903708d0e0127aea3362,FULL_ACTIVE_AND_WAKE_SPATIAL_PROFILE_OBSERVER,PF_MODEL_NATIVE_DRIVING_TRAJECTORY_NOT_RESISTANCE
Peak,CONTROL,v913_zeroD_sobol_0242980,oneD_v2_Peak_control,1000.0,8666,300.0,0,0,164,1332.376758814189,3.1723256162242664e-05,6910589.646904157,6525.05700968286,53.87817177327579,53.87817177327579,53.87817177327579,-0.11215581292261999,24.739231123496257,9869525279.785694,0.0,2.2973400956249024,2.2973400956249024,4.7430019717402265,0.19109788862102023,6.287667586743905,12345.075003491253,1019.1617815471049,31955.524696820834,"[3115032405.754899, -3106691430.9637947]","[[-200293936.68746507, -9155357.782320037], [-9155357.782320037, 6221888354.291837]]","[[[-42146268.32044514, 55944788.014297485], [55944788.014297485, 6187918543.189353]], [[-38954261.32473967, -67375936.66151382], [-67375936.66151382, 6174428600.60285]]]",304.84241701493534,1396.2158126006614,44.0,3.360000846441835e-07,8.000002570118792e-15,False,False,/private/tmp/oneD-v2-taylor-peierls-pf-runs-300um/oneD_v2_Peak_control/T1000K_seed8666/steps_1000K.csv,b0546199b82613490b74b8df7faa4b616a86badd157690cea1afa284a6bf078e,/private/tmp/oneD-v2-taylor-peierls-pf-runs-300um/oneD_v2_Peak_control/T1000K_seed8666/anisotropic_emission_audit_v10174.json,d04a70c07024cb860a27dbdad69973fb5203aaf2cdf0e1400bf107d2a9da7044,FULL_ACTIVE_AND_WAKE_SPATIAL_PROFILE_OBSERVER,PF_MODEL_NATIVE_DRIVING_TRAJECTORY_NOT_RESISTANCE
Peak,CONTROL,v913_zeroD_sobol_0242980,oneD_v2_Peak_control,1000.0,8666,300.0,1,0,168,1332.3767591501892,3.1723256170242667e-05,6910426.208494247,6710.581035442973,54.638750340498156,54.638750340498156,54.638750340498156,-0.1081171284932191,44.84373072183105,17890060195.875065,2.2973400956249024,4.594680191249805,2.2973400956249024,1.4845609878118755,0.5259979708937917,2.2815979657872973,457.4200881114051,977.5555923416337,27530.802538623033,"[3412257279.694755, -3402660104.1168942]","[[671699332.4319184, -12611733.107814346], [-12611733.107814346, 7045859313.188219]]","[[[-46017567.05060537, -124231659.238114], [-124231659.238114, 6778496992.338904]], [[-43038402.875042215, 106286605.94328956], [106286605.94328956, 6762281805.358747]]]",1320257357.5633762,6046941293.087957,22.0,4.200001058052294e-07,1.000000321264849e-14,False,False,/private/tmp/oneD-v2-taylor-peierls-pf-runs-300um/oneD_v2_Peak_control/T1000K_seed8666/steps_1000K.csv,b0546199b82613490b74b8df7faa4b616a86badd157690cea1afa284a6bf078e,/private/tmp/oneD-v2-taylor-peierls-pf-runs-300um/oneD_v2_Peak_control/T1000K_seed8666/anisotropic_emission_audit_v10174.json,d04a70c07024cb860a27dbdad69973fb5203aaf2cdf0e1400bf107d2a9da7044,FULL_ACTIVE_AND_WAKE_SPATIAL_PROFILE_OBSERVER,PF_MODEL_NATIVE_DRIVING_TRAJECTORY_NOT_RESISTANCE
Peak,CONTROL,v913_zeroD_sobol_0242980,oneD_v2_Peak_control,1000.0,8666,300.0,2,0,173,1332.3767595701893,3.172325618024267e-05,6910218.063366699,6896.498633348554,55.390466469300904,55.390466469300904,55.390466469300904,-0.010853550140033249,54.484488610378236,21736166132.73018,4.594680191249805,6.892020286874707,2.2973400956249024,1.0335328554409426,1.9397224810383664,0.6077953051573544,2.885719890872787,91.45596332074336,70680.66800334335,"[3583845017.789374, -3573541754.9690633]","[[1221744001.6165454, -12812886.17133934], [-12812886.17133934, 7449859051.844257]]","[[[158237243.42148533, -166512906.3080324], [-166512906.3080324, 7325927279.000233]], [[160892292.04488194, 145982127.88034293], [145982127.88034293, 7307975801.983008]]]",65950870496.661415,302063109011.8462,18.0,2.5200006348313764e-07,6.000001927589094e-15,False,False,/private/tmp/oneD-v2-taylor-peierls-pf-runs-300um/oneD_v2_Peak_control/T1000K_seed8666/steps_1000K.csv,b0546199b82613490b74b8df7faa4b616a86badd157690cea1afa284a6bf078e,/private/tmp/oneD-v2-taylor-peierls-pf-runs-300um/oneD_v2_Peak_control/T1000K_seed8666/anisotropic_emission_audit_v10174.json,d04a70c07024cb860a27dbdad69973fb5203aaf2cdf0e1400bf107d2a9da7044,FULL_ACTIVE_AND_WAKE_SPATIAL_PROFILE_OBSERVER,PF_MODEL_NATIVE_DRIVING_TRAJECTORY_NOT_RESISTANCE
Peak,CONTROL,v913_zeroD_sobol_0242980,oneD_v2_Peak_control,1000.0,8666,300.0,3,0,176,1332.3767598221893,3.172325618624267e-05,6909846.8313759,7142.595486035651,56.37008929857111,56.37008929857111,56.37008929857111,-0.0006409530755204314,56.31705509709221,22467254385.927094,6.892020286874707,9.18936038249961,2.2973400956249024,1.0018843021086237,6.331473407521899,0.14691914094319744,0.3309147945921662,5.369854204649786,223644.96135779293,"[3836978871.4895134, -3826179861.8984613]","[[1502252547.1875644, -17438963.627796944], [-17438963.627796944, 7667292560.155366]]","[[[359389902.5305487, -210051630.9400265], [-210051630.9400265, 8033347645.509576]], [[361858712.74548197, 183266312.89328727], [183266312.89328727, 8014218436.542405]]]",188947679501.9832,865403641849.3087,30.0,1.2154123396612704e-06,2.893837242317482e-14,False,False,/private/tmp/oneD-v2-taylor-peierls-pf-runs-300um/oneD_v2_Peak_control/T1000K_seed8666/steps_1000K.csv,b0546199b82613490b74b8df7faa4b616a86badd157690cea1afa284a6bf078e,/private/tmp/oneD-v2-taylor-peierls-pf-runs-300um/oneD_v2_Peak_control/T1000K_seed8666/anisotropic_emission_audit_v10174.json,d04a70c07024cb860a27dbdad69973fb5203aaf2cdf0e1400bf107d2a9da7044,FULL_ACTIVE_AND_WAKE_SPATIAL_PROFILE_OBSERVER,PF_MODEL_NATIVE_DRIVING_TRAJECTORY_NOT_RESISTANCE
Peak,CONTROL,v913_zeroD_sobol_0242980,oneD_v2_Peak_control,1000.0,8666,300.0,4,0,186,1332.3767610376017,3.1723256215181044e-05,6909234.802401408,7474.344055678043,57.66432835257249,57.66432835257249,57.66432835257249,-0.00025119379849061595,57.64922908492469,22998714914.524452,9.18936038249961,14.507867693188759,5.31850731068915,1.0005239010220603,8.512691957355628,0.07407783595257714,0.3690448837089393,1.8467008626048484,300283.2757669151,"[3744841488.4574594, -3733700192.0900407]","[[2035349662.5352335, -20684464.87120329], [-20684464.87120329, 8381660303.883093]]","[[[816411913.0619094, -421282828.19288266], [-421282828.19288266, 8306094889.976829]], [[812410051.8682159, 389612567.7584678], [389612567.7584678, 8279810436.048298]]]",52583046238.78133,240836827604.93677,6.0,3.360000846441835e-07,8.000002570118792e-15,False,False,/private/tmp/oneD-v2-taylor-peierls-pf-runs-300um/oneD_v2_Peak_control/T1000K_seed8666/steps_1000K.csv,b0546199b82613490b74b8df7faa4b616a86badd157690cea1afa284a6bf078e,/private/tmp/oneD-v2-taylor-peierls-pf-runs-300um/oneD_v2_Peak_control/T1000K_seed8666/anisotropic_emission_audit_v10174.json,d04a70c07024cb860a27dbdad69973fb5203aaf2cdf0e1400bf107d2a9da7044,FULL_ACTIVE_AND_WAKE_SPATIAL_PROFILE_OBSERVER,PF_MODEL_NATIVE_DRIVING_TRAJECTORY_NOT_RESISTANCE
Peak,CONTROL,v913_zeroD_sobol_0242980,oneD_v2_Peak_control,1000.0,8666,300.0,5,0,190,1332.3767613736018,3.172325622318105e-05,6906849.709444747,8471.918557001285,61.391971661039065,61.391971661039065,61.391971661039065,-0.00015298505474669542,61.38249710732562,24488073372.730827,14.507867693188759,16.80520778881366,2.2973400956249024,1.0003087292101633,9.036388330420035,0.05695291352405449,0.13385262561504524,1.1094945228474988,318687.99489839864,"[3614891975.9533315, -3564326783.1978035]","[[2470257144.9091244, -54067463.562285975], [-54067463.562285975, 8971102427.715456]]","[[[1579496314.0364716, -1026545174.2198048], [-1026545174.2198048, 8809280265.943134]], [[1555960143.721612, 964827333.6317325], [964827333.6317325, 8684613710.11722]]]",349779562714.1955,1602033474108.6165,18.0,5.040001269662753e-07,1.2000003855178187e-14,False,False,/private/tmp/oneD-v2-taylor-peierls-pf-runs-300um/oneD_v2_Peak_control/T1000K_seed8666/steps_1000K.csv,b0546199b82613490b74b8df7faa4b616a86badd157690cea1afa284a6bf078e,/private/tmp/oneD-v2-taylor-peierls-pf-runs-300um/oneD_v2_Peak_control/T1000K_seed8666/anisotropic_emission_audit_v10174.json,d04a70c07024cb860a27dbdad69973fb5203aaf2cdf0e1400bf107d2a9da7044,FULL_ACTIVE_AND_WAKE_SPATIAL_PROFILE_OBSERVER,PF_MODEL_NATIVE_DRIVING_TRAJECTORY_NOT_RESISTANCE
Peak,CONTROL,v913_zeroD_sobol_0242980,oneD_v2_Peak_control,1000.0,8666,300.0,6,0,196,1332.376761877602,3.172325623518105e-05,6906849.71205741,8478.076009551432,61.4142776763931,61.4142776763931,61.4142776763931,-0.00027787441916178455,61.39849531298934,24494455733.380642,16.80520778881366,19.102547884438565,2.2973400956249024,1.000514162170788,8.53800527726324,0.07325635411230746,0.24374118822963536,1.9638458732626487,301173.26580426825,"[4052821864.2457886, -3992765459.642163]","[[2731355353.5648623, -62411844.963586494], [-62411844.963586494, 9392346867.98717]]","[[[1997246741.0588675, -677750853.0726308], [-677750853.0726308, 10102890469.550446]], [[1990351874.087308, 587428778.8389715], [587428778.8389715, 9975882793.371634]]]",116962298186.38794,535701730110.438,6.0,6.72000169288367e-07,1.6000005140237583e-14,False,False,/private/tmp/oneD-v2-taylor-peierls-pf-runs-300um/oneD_v2_Peak_control/T1000K_seed8666/steps_1000K.csv,b0546199b82613490b74b8df7faa4b616a86badd157690cea1afa284a6bf078e,/private/tmp/oneD-v2-taylor-peierls-pf-runs-300um/oneD_v2_Peak_control/T1000K_seed8666/anisotropic_emission_audit_v10174.json,d04a70c07024cb860a27dbdad69973fb5203aaf2cdf0e1400bf107d2a9da7044,FULL_ACTIVE_AND_WAKE_SPATIAL_PROFILE_OBSERVER,PF_MODEL_NATIVE_DRIVING_TRAJECTORY_NOT_RESISTANCE
Peak,CONTROL,v913_zeroD_sobol_0242980,oneD_v2_Peak_control,1000.0,8666,300.0,7,0,204,1332.376762549602,3.1723256251181056e-05,6904773.701253805,9154.272631250087,63.81644633240119,63.81644633240119,63.81644633240119,-0.00019788512395898605,63.8049483363389,25454491590.194637,19.102547884438565,21.9809590141333,2.8784111296947366,1.0003604432685114,8.901119724828556,0.061531726054189835,0.09052585567290114,1.3874768272874456,313933.6806571042,"[3412366586.1857014, -3426955373.9252396]","[[2436884913.9897256, -5954231.710158236], [-5954231.710158236, 9190933504.33448]]","[[[2018627326.1063545, -1301384815.9367583], [-1301384815.9367583, 8843360498.477758]], [[2029377808.46002, 1060993979.1457838], [1060993979.1457838, 8883288556.3105]]]",241311933083.64368,1105238372139.3628,8.0,3.360000846441835e-07,8.000002570118792e-15,False,False,/private/tmp/oneD-v2-taylor-peierls-pf-runs-300um/oneD_v2_Peak_control/T1000K_seed8666/steps_1000K.csv,b0546199b82613490b74b8df7faa4b616a86badd157690cea1afa284a6bf078e,/private/tmp/oneD-v2-taylor-peierls-pf-runs-300um/oneD_v2_Peak_control/T1000K_seed8666/anisotropic_emission_audit_v10174.json,d04a70c07024cb860a27dbdad69973fb5203aaf2cdf0e1400bf107d2a9da7044,FULL_ACTIVE_AND_WAKE_SPATIAL_PROFILE_OBSERVER,PF_MODEL_NATIVE_DRIVING_TRAJECTORY_NOT_RESISTANCE
Peak,CONTROL,v913_zeroD_sobol_0242980,oneD_v2_Peak_control,1000.0,8666,300.0,8,0,208,1332.3767628856021,3.172325625918106e-05,6887636.388078017,10656.433113100842,68.85359600409119,68.85359600409119,68.85359600409119,-0.00018134186560645393,68.84301942762745,27464391160.17783,21.9809590141333,24.278299109758198,2.297340095624899,1.0003072900929841,9.040974414454674,0.05680183489587131,0.036268458549441066,1.2451740327012095,318849.274460044,"[4537188821.538055, -4513109234.864856]","[[5515836317.414828, 7121887.103395858], [7121887.103395858, 12285501827.124777]]","[[[3130841088.376723, -552311810.1674103], [-552311810.1674103, 12205218731.452833]], [[3197765682.435248, 625873531.5959678], [625873531.5959678, 12223984152.164959]]]",768369751568.295,3519228090266.501,12.0,3.07513482766808e-06,7.321748730308025e-14,False,False,/private/tmp/oneD-v2-taylor-peierls-pf-runs-300um/oneD_v2_Peak_control/T1000K_seed8666/steps_1000K.csv,b0546199b82613490b74b8df7faa4b616a86badd157690cea1afa284a6bf078e,/private/tmp/oneD-v2-taylor-peierls-pf-runs-300um/oneD_v2_Peak_control/T1000K_seed8666/anisotropic_emission_audit_v10174.json,d04a70c07024cb860a27dbdad69973fb5203aaf2cdf0e1400bf107d2a9da7044,FULL_ACTIVE_AND_WAKE_SPATIAL_PROFILE_OBSERVER,PF_MODEL_NATIVE_DRIVING_TRAJECTORY_NOT_RESISTANCE
Peak,CONTROL,v913_zeroD_sobol_0242980,oneD_v2_Peak_control,1000.0,8666,300.0,9,0,218,1332.376765960737,3.1723256332398546e-05,6886266.382874907,10896.686167072581,69.62543424850054,69.62543424850054,69.62543424850054,-0.0003683491000721353,69.6043572567873,27768121009.89873,24.278299109758198,37.596235373684394,13.317936263926194,1.0006057144615814,8.336117862111955,0.0796246964933451,0.03043095025509722,2.511891019959818,294078.7096792583,"[4445572629.629275, -4415152392.542672]","[[5655929649.73733, 49666714.362152226], [49666714.362152226, 11699319642.743467]]","[[[2960543889.2822394, -433756908.151327], [-433756908.151327, 11851689148.54079]], [[3031214753.019218, 508623322.8795343], [508623322.8795343, 11861519538.104563]]]",846808800788.4464,3878488595805.569,12.0,2.192880401707953e-06,5.2211449681933975e-14,False,False,/private/tmp/oneD-v2-taylor-peierls-pf-runs-300um/oneD_v2_Peak_control/T1000K_seed8666/steps_1000K.csv,b0546199b82613490b74b8df7faa4b616a86badd157690cea1afa284a6bf078e,/private/tmp/oneD-v2-taylor-peierls-pf-runs-300um/oneD_v2_Peak_control/T1000K_seed8666/anisotropic_emission_audit_v10174.json,d04a70c07024cb860a27dbdad69973fb5203aaf2cdf0e1400bf107d2a9da7044,FULL_ACTIVE_AND_WAKE_SPATIAL_PROFILE_OBSERVER,PF_MODEL_NATIVE_DRIVING_TRAJECTORY_NOT_RESISTANCE
Peak,CONTROL,v913_zeroD_sobol_0242980,oneD_v2_Peak_control,1000.0,8666,300.0,10,0,228,1332.3767681536174,3.1723256384609995e-05,6875033.484424509,12594.263510143743,74.85263328138049,74.85263328138049,74.85263328138049,-0.00028303993761850124,74.83513750884768,29854900411.934486,37.596235373684394,47.19203139289072,9.595796019206325,1.0004676364149596,8.642222149332262,0.06985541769286432,0.004222411259765404,1.923653331552038,304835.2804552838,"[4149190935.9803534, -4008245935.6963234]","[[5076229575.930792, 7093490.723297082], [7093490.723297082, 12154495594.046604]]","[[[3966852534.6640472, -1269661119.1227894], [-1269661119.1227894, 12265234406.624754]], [[4105717865.9002786, 1344282165.2621117], [1344282165.2621117, 12122209737.292927]]]",1498251003351.2908,6862174111489.838,12.0,2.9109514798619784e-06,6.930836926512945e-14,False,False,/private/tmp/oneD-v2-taylor-peierls-pf-runs-300um/oneD_v2_Peak_control/T1000K_seed8666/steps_1000K.csv,b0546199b82613490b74b8df7faa4b616a86badd157690cea1afa284a6bf078e,/private/tmp/oneD-v2-taylor-peierls-pf-runs-300um/oneD_v2_Peak_control/T1000K_seed8666/anisotropic_emission_audit_v10174.json,d04a70c07024cb860a27dbdad69973fb5203aaf2cdf0e1400bf107d2a9da7044,FULL_ACTIVE_AND_WAKE_SPATIAL_PROFILE_OBSERVER,PF_MODEL_NATIVE_DRIVING_TRAJECTORY_NOT_RESISTANCE
Peak,CONTROL,v913_zeroD_sobol_0242980,oneD_v2_Peak_control,1000.0,8666,300.0,11,0,238,1332.3767710645689,3.1723256453918364e-05,6918091.23920125,7560.219580548252,57.99464575854254,57.99464575854254,57.99464575854254,-7.940164484269426e-05,57.989794071924464,23134580687.063026,47.19203139289072,59.93002512708252,12.7379937341918,1.0001673359822252,9.443395001433421,0.04186307978077609,0.10999770599846909,0.581884139110061,332994.8998318309,"[3917819447.450575, -3949068673.8330483]","[[5171289705.009569, -41856256.21900335], [-41856256.21900335, 10968013446.270542]]","[[[3116961741.925543, -560667206.9081025], [-560667206.9081025, 10952600636.826693]], [[3041413706.2826805, 507853091.063658], [507853091.063658, 10939551053.948776]]]",151786138250.01233,695199206309.5153,16.0,5.040001269662753e-07,1.2000003855178187e-14,False,False,/private/tmp/oneD-v2-taylor-peierls-pf-runs-300um/oneD_v2_Peak_control/T1000K_seed8666/steps_1000K.csv,b0546199b82613490b74b8df7faa4b616a86badd157690cea1afa284a6bf078e,/private/tmp/oneD-v2-taylor-peierls-pf-runs-300um/oneD_v2_Peak_control/T1000K_seed8666/anisotropic_emission_audit_v10174.json,d04a70c07024cb860a27dbdad69973fb5203aaf2cdf0e1400bf107d2a9da7044,FULL_ACTIVE_AND_WAKE_SPATIAL_PROFILE_OBSERVER,PF_MODEL_NATIVE_DRIVING_TRAJECTORY_NOT_RESISTANCE
Peak,CONTROL,v913_zeroD_sobol_0242980,oneD_v2_Peak_control,1000.0,8666,300.0,12,0,244,1332.376771568569,3.172325646591837e-05,6910988.665579609,7831.569854937456,59.02623850599144,59.02623850599144,59.02623850599144,-0.00015055729518575643,59.01736624516585,23544522673.133003,59.93002512708252,62.22736522270742,2.2973400956249024,1.0003006887052788,9.063936338107181,0.05600711694841469,0.20016947989985068,1.086923491927116,319656.9661996093,"[3865731946.046049, -3892134149.7690315]","[[4241629954.824942, -38247765.95545715], [-38247765.95545715, 9571979083.429174]]","[[[3102455168.5251307, -870528676.4931505], [-870528676.4931505, 10833919060.61723]], [[3030614325.5607643, 822735581.037626], [822735581.037626, 10814882625.098827]]]",95585034101.94461,437791227900.4464,8.0,8.400002116104588e-08,2.000000642529698e-15,False,False,/private/tmp/oneD-v2-taylor-peierls-pf-runs-300um/oneD_v2_Peak_control/T1000K_seed8666/steps_1000K.csv,b0546199b82613490b74b8df7faa4b616a86badd157690cea1afa284a6bf078e,/private/tmp/oneD-v2-taylor-peierls-pf-runs-300um/oneD_v2_Peak_control/T1000K_seed8666/anisotropic_emission_audit_v10174.json,d04a70c07024cb860a27dbdad69973fb5203aaf2cdf0e1400bf107d2a9da7044,FULL_ACTIVE_AND_WAKE_SPATIAL_PROFILE_OBSERVER,PF_MODEL_NATIVE_DRIVING_TRAJECTORY_NOT_RESISTANCE
Peak,CONTROL,v913_zeroD_sobol_0242980,oneD_v2_Peak_control,1000.0,8666,300.0,13,0,245,1332.376771652569,3.172325646791837e-05,6908711.061213796,7869.921169330903,59.17058818637226,59.17058818637226,59.17058818637226,-2.3730960852973092e-05,59.16862749194654,23604867179.860054,62.22736522270742,64.52470531833232,2.2973400956249024,1.0000662758963657,9.762992772705882,0.026639498927178727,0.028312474494895268,0.19054353333707108,344229.83533294493,"[3445202509.1229267, -3464377168.170788]","[[3725364476.398856, -34754763.44720575], [-34754763.44720575, 9733901445.892542]]","[[[2954235293.989141, -1288458601.7734168], [-1288458601.7734168, 9844640312.234995]], [[2886599576.1466885, 1239110418.5033793], [1239110418.5033793, 9815353912.488264]]]",1233980023300.158,5651780476732.68,100.0,1.8934872514364542e-06,4.508304401453986e-14,False,False,/private/tmp/oneD-v2-taylor-peierls-pf-runs-300um/oneD_v2_Peak_control/T1000K_seed8666/steps_1000K.csv,b0546199b82613490b74b8df7faa4b616a86badd157690cea1afa284a6bf078e,/private/tmp/oneD-v2-taylor-peierls-pf-runs-300um/oneD_v2_Peak_control/T1000K_seed8666/anisotropic_emission_audit_v10174.json,d04a70c07024cb860a27dbdad69973fb5203aaf2cdf0e1400bf107d2a9da7044,FULL_ACTIVE_AND_WAKE_SPATIAL_PROFILE_OBSERVER,PF_MODEL_NATIVE_DRIVING_TRAJECTORY_NOT_RESISTANCE
Peak,CONTROL,v913_zeroD_sobol_0242980,oneD_v2_Peak_control,1000.0,8666,300.0,14,0,255,1332.3767735460563,3.172325651300141e-05,6908711.07103201,7918.60337539104,59.3533164345321,59.3533164345321,59.3533164345321,-0.00014055936913221466,59.34506310075597,23675254803.982506,64.52470531833232,72.91419034841714,8.389485030084812,1.0002781666159046,9.122171638148187,0.0539750115271506,0.15374140116287113,1.0163991556222496,321703.50147367944,"[3708924813.0379376, -3723655839.860887]","[[3979919959.5183187, -40233645.28500184], [-40233645.28500184, 9610105931.409723]]","[[[3212105348.020942, -637441590.7641577], [-637441590.7641577, 10629954974.096819]], [[3157248721.0366454, 573669918.7139823], [573669918.7139823, 10604560400.758419]]]",153927454906.20218,705006700307.3434,12.0,1.7508523342257831e-06,4.168696366834562e-14,False,False,/private/tmp/oneD-v2-taylor-peierls-pf-runs-300um/oneD_v2_Peak_control/T1000K_seed8666/steps_1000K.csv,b0546199b82613490b74b8df7faa4b616a86badd157690cea1afa284a6bf078e,/private/tmp/oneD-v2-taylor-peierls-pf-runs-300um/oneD_v2_Peak_control/T1000K_seed8666/anisotropic_emission_audit_v10174.json,d04a70c07024cb860a27dbdad69973fb5203aaf2cdf0e1400bf107d2a9da7044,FULL_ACTIVE_AND_WAKE_SPATIAL_PROFILE_OBSERVER,PF_MODEL_NATIVE_DRIVING_TRAJECTORY_NOT_RESISTANCE
Peak,CONTROL,v913_zeroD_sobol_0242980,oneD_v2_Peak_control,1000.0,8666,300.0,15,0,265,1332.3767752969086,3.172325655468838e-05,6844477.100637183,8311.8352846333,60.809181730972355,60.809181730972355,60.809181730972355,-0.00013780652304739595,60.80113905934286,24256145067.33886,72.91419034841714,80.57571727409683,7.661526925679691,1.0002645741079663,9.159884080293038,0.0526204673345702,0.11625429591994305,0.9838830295284868,323029.0829639744,"[3728324973.776819, -3662947487.007228]","[[4264986987.902189, -734121.4784181424], [-734121.4784181424, 9904236624.899754]]","[[[2337689350.577323, -435261978.52373207], [-435261978.52373207, 9794339298.130962]], [[2453212537.9905643, 466063081.33043975], [466063081.33043975, 9779107512.00502]]]",173385859867.90253,794128591419.3079,10.0,1.1971928870480042e-06,2.8504623791544836e-14,False,False,/private/tmp/oneD-v2-taylor-peierls-pf-runs-300um/oneD_v2_Peak_control/T1000K_seed8666/steps_1000K.csv,b0546199b82613490b74b8df7faa4b616a86badd157690cea1afa284a6bf078e,/private/tmp/oneD-v2-taylor-peierls-pf-runs-300um/oneD_v2_Peak_control/T1000K_seed8666/anisotropic_emission_audit_v10174.json,d04a70c07024cb860a27dbdad69973fb5203aaf2cdf0e1400bf107d2a9da7044,FULL_ACTIVE_AND_WAKE_SPATIAL_PROFILE_OBSERVER,PF_MODEL_NATIVE_DRIVING_TRAJECTORY_NOT_RESISTANCE
Peak,CONTROL,v913_zeroD_sobol_0242980,oneD_v2_Peak_control,1000.0,8666,300.0,16,0,275,1332.3767764941015,3.1723256583193e-05,6841666.609971318,8128.357876794819,60.13427836021603,60.13427836021603,60.13427836021603,-0.00018400032906046014,60.123637046197096,23985860869.237926,80.57571727409683,85.8144981030469,5.238780828950074,1.0003540123734243,8.920576824850018,0.060862930537511364,0.17512626451437985,1.3207997426659053,314617.89075385005,"[3722232318.2252703, -3660879540.581089]","[[4003901634.283546, 14488593.131952515], [14488593.131952515, 9255184396.070276]]","[[[2404216330.9672318, -132464429.57984185], [-132464429.57984185, 9848680967.417772]], [[2501011727.6532645, 133744513.21420309], [133744513.21420309, 9822770808.815443]]]",90675859210.13956,415306602309.6956,6.0,2.5200006348313764e-07,6.000001927589094e-15,False,False,/private/tmp/oneD-v2-taylor-peierls-pf-runs-300um/oneD_v2_Peak_control/T1000K_seed8666/steps_1000K.csv,b0546199b82613490b74b8df7faa4b616a86badd157690cea1afa284a6bf078e,/private/tmp/oneD-v2-taylor-peierls-pf-runs-300um/oneD_v2_Peak_control/T1000K_seed8666/anisotropic_emission_audit_v10174.json,d04a70c07024cb860a27dbdad69973fb5203aaf2cdf0e1400bf107d2a9da7044,FULL_ACTIVE_AND_WAKE_SPATIAL_PROFILE_OBSERVER,PF_MODEL_NATIVE_DRIVING_TRAJECTORY_NOT_RESISTANCE
Peak,CONTROL,v913_zeroD_sobol_0242980,oneD_v2_Peak_control,1000.0,8666,300.0,17,0,278,1332.3767767461015,3.1723256589193e-05,6838704.579895325,8099.633649418288,60.027932194211964,60.027932194211964,60.027932194211964,-0.00014637606240726255,60.01876693662396,23944023748.578873,85.8144981030469,88.1118381986718,2.2973400956249024,1.0003054363777588,9.047542288997906,0.05656289548958029,0.19722446210191968,1.071204185139102,319080.3132815166,"[4037462784.7026463, -3986653490.533482]","[[3711131462.57301, -3847238.2639621664], [-3847238.2639621664, 9264157786.823565]]","[[[2598200546.4654136, -708150304.0525066], [-708150304.0525066, 10673126115.870707]], [[2680823315.6673875, 722907503.5746495], [722907503.5746495, 10654130296.734352]]]",443642360982.4092,2031936649789.7253,30.0,1.4481133803201374e-06,3.447891657511887e-14,False,False,/private/tmp/oneD-v2-taylor-peierls-pf-runs-300um/oneD_v2_Peak_control/T1000K_seed8666/steps_1000K.csv,b0546199b82613490b74b8df7faa4b616a86badd157690cea1afa284a6bf078e,/private/tmp/oneD-v2-taylor-peierls-pf-runs-300um/oneD_v2_Peak_control/T1000K_seed8666/anisotropic_emission_audit_v10174.json,d04a70c07024cb860a27dbdad69973fb5203aaf2cdf0e1400bf107d2a9da7044,FULL_ACTIVE_AND_WAKE_SPATIAL_PROFILE_OBSERVER,PF_MODEL_NATIVE_DRIVING_TRAJECTORY_NOT_RESISTANCE
Peak,CONTROL,v913_zeroD_sobol_0242980,oneD_v2_Peak_control,1000.0,8666,300.0,18,0,288,1332.376778194215,3.172325662367192e-05,6836682.533792566,8159.45490424355,60.24919777031051,60.24919777031051,60.24919777031051,-0.00013144396451278783,60.241531521333705,24032893959.995655,88.1118381986718,94.44861849005173,6.3367802913799185,1.0002545332623858,9.18787022106858,0.05161746681029916,0.12298987960310892,0.942766508128318,324012.77931573195,"[3582049473.518754, -3520386385.389255]","[[3333219978.1889896, -8851537.212567914], [-8851537.212567914, 9486585647.184301]]","[[[2513691707.8139176, -1188493141.414797], [-1188493141.414797, 9677790654.851427]], [[2582449647.049938, 1192201944.5047896], [1192201944.5047896, 9623222417.82845]]]",123871778689.18945,567348001745.9066,8.0,4.200001058052294e-07,1.000000321264849e-14,False,False,/private/tmp/oneD-v2-taylor-peierls-pf-runs-300um/oneD_v2_Peak_control/T1000K_seed8666/steps_1000K.csv,b0546199b82613490b74b8df7faa4b616a86badd157690cea1afa284a6bf078e,/private/tmp/oneD-v2-taylor-peierls-pf-runs-300um/oneD_v2_Peak_control/T1000K_seed8666/anisotropic_emission_audit_v10174.json,d04a70c07024cb860a27dbdad69973fb5203aaf2cdf0e1400bf107d2a9da7044,FULL_ACTIVE_AND_WAKE_SPATIAL_PROFILE_OBSERVER,PF_MODEL_NATIVE_DRIVING_TRAJECTORY_NOT_RESISTANCE
Peak,CONTROL,v913_zeroD_sobol_0242980,oneD_v2_Peak_control,1000.0,8666,300.0,19,0,293,1332.376778614215,3.172325663367192e-05,6853004.027819193,9857.018547132286,66.2206565349085,66.2206565349085,66.2206565349085,-0.00016601795142434325,66.21124904282831,26414466681.373104,94.44861849005173,96.74569264369183,2.2970741536401054,1.00028418616288,9.105965461689363,0.05451567068768233,0.05355560455429599,1.142845345292633,321133.9052157903,"[4212848070.9643445, -4118367389.073001]","[[5287608454.296188, 157415871.7137939], [157415871.7137939, 11525573558.330696]]","[[[3022144189.3427577, -446340057.91136134], [-446340057.91136134, 11447840331.271446]], [[3232779577.681564, 665798834.1546165], [665798834.1546165, 11469514355.827566]]]",708993733263.7036,3247278614016.0376,16.0,4.200001058052294e-07,1.000000321264849e-14,False,False,/private/tmp/oneD-v2-taylor-peierls-pf-runs-300um/oneD_v2_Peak_control/T1000K_seed8666/steps_1000K.csv,b0546199b82613490b74b8df7faa4b616a86badd157690cea1afa284a6bf078e,/private/tmp/oneD-v2-taylor-peierls-pf-runs-300um/oneD_v2_Peak_control/T1000K_seed8666/anisotropic_emission_audit_v10174.json,d04a70c07024cb860a27dbdad69973fb5203aaf2cdf0e1400bf107d2a9da7044,FULL_ACTIVE_AND_WAKE_SPATIAL_PROFILE_OBSERVER,PF_MODEL_NATIVE_DRIVING_TRAJECTORY_NOT_RESISTANCE
Peak,CONTROL,v913_zeroD_sobol_0242980,oneD_v2_Peak_control,1000.0,8666,300.0,20,0,298,1332.3767790342151,3.1723256643671925e-05,6851807.118940675,9827.612356827936,66.12180556289917,66.12180556289917,66.12180556289917,-0.00018306929751270371,66.1113537641793,26374614231.107533,96.74569264369183,99.04276679733192,2.297074153640092,1.0003162127019734,9.0201058783347,0.057483381291743865,0.06530649657750606,1.2635714662072843,318116.13848674274,"[4152626938.4544897, -4061234576.767018]","[[5300036062.252154, 129198814.67652458], [129198814.67652458, 10951788232.986742]]","[[[2770326999.820085, -351819587.67063165], [-351819587.67063165, 11075580876.729065]], [[2939891558.175611, 533676089.24271655], [533676089.24271655, 11062360711.709648]]]",261909862410.13907,1199579425179.4807,6.0,1.1987503967247903e-06,2.8541689953316685e-14,False,False,/private/tmp/oneD-v2-taylor-peierls-pf-runs-300um/oneD_v2_Peak_control/T1000K_seed8666/steps_1000K.csv,b0546199b82613490b74b8df7faa4b616a86badd157690cea1afa284a6bf078e,/private/tmp/oneD-v2-taylor-peierls-pf-runs-300um/oneD_v2_Peak_control/T1000K_seed8666/anisotropic_emission_audit_v10174.json,d04a70c07024cb860a27dbdad69973fb5203aaf2cdf0e1400bf107d2a9da7044,FULL_ACTIVE_AND_WAKE_SPATIAL_PROFILE_OBSERVER,PF_MODEL_NATIVE_DRIVING_TRAJECTORY_NOT_RESISTANCE
Peak,CONTROL,v913_zeroD_sobol_0242980,oneD_v2_Peak_control,1000.0,8666,300.0,21,0,308,1332.3767802329655,3.1723256672213615e-05,6850589.073784568,9793.691896933911,66.00759568809575,66.00759568809575,66.00759568809575,-0.000246142650327257,65.9938121702436,26327721919.580803,99.04276679733192,104.28775434413835,5.244987546806435,1.0004177651454536,8.76084681484451,0.06612387044262359,0.060997667880569505,1.6972074543191855,309004.0992893277,"[4267487453.8232536, -4207427305.872788]","[[5449709128.060612, 125822719.74203032], [125822719.74203032, 11319971600.53278]]","[[[2909573263.013122, -462734469.1750318], [-462734469.1750318, 11444548170.65963]], [[2888188082.0547237, 707818247.8084238], [707818247.8084238, 11303042693.8003]]]",257293162717.31558,1178434372019.661,6.0,5.040001269662753e-07,1.2000003855178187e-14,False,False,/private/tmp/oneD-v2-taylor-peierls-pf-runs-300um/oneD_v2_Peak_control/T1000K_seed8666/steps_1000K.csv,b0546199b82613490b74b8df7faa4b616a86badd157690cea1afa284a6bf078e,/private/tmp/oneD-v2-taylor-peierls-pf-runs-300um/oneD_v2_Peak_control/T1000K_seed8666/anisotropic_emission_audit_v10174.json,d04a70c07024cb860a27dbdad69973fb5203aaf2cdf0e1400bf107d2a9da7044,FULL_ACTIVE_AND_WAKE_SPATIAL_PROFILE_OBSERVER,PF_MODEL_NATIVE_DRIVING_TRAJECTORY_NOT_RESISTANCE
Peak,CONTROL,v913_zeroD_sobol_0242980,oneD_v2_Peak_control,1000.0,8666,300.0,22,0,314,1332.3767807369657,3.172325668421362e-05,6847304.874115149,9728.825243551948,65.78863815939937,65.78863815939937,65.78863815939937,-0.000299961980403316,65.77189756575855,26239190801.213158,104.28775434413835,106.58403073339538,2.296276389257028,1.0005091148259502,8.549149433411577,0.0729000464108803,0.09063762401030549,2.060742219912616,301564.84822816803,"[4374058052.527039, -4302676114.569859]","[[4821453570.321796, 67907823.8518653], [67907823.8518653, 11138918839.789255]]","[[[3175954808.523912, -568889909.4722472], [-568889909.4722472, 11924070913.57799]], [[3296038383.55609, 663581716.4974356], [663581716.4974356, 11901390612.695808]]]",663299305807.6278,3037992508799.318,16.0,3.360000846441835e-07,8.000002570118792e-15,False,False,/private/tmp/oneD-v2-taylor-peierls-pf-runs-300um/oneD_v2_Peak_control/T1000K_seed8666/steps_1000K.csv,b0546199b82613490b74b8df7faa4b616a86badd157690cea1afa284a6bf078e,/private/tmp/oneD-v2-taylor-peierls-pf-runs-300um/oneD_v2_Peak_control/T1000K_seed8666/anisotropic_emission_audit_v10174.json,d04a70c07024cb860a27dbdad69973fb5203aaf2cdf0e1400bf107d2a9da7044,FULL_ACTIVE_AND_WAKE_SPATIAL_PROFILE_OBSERVER,PF_MODEL_NATIVE_DRIVING_TRAJECTORY_NOT_RESISTANCE
Peak,CONTROL,v913_zeroD_sobol_0242980,oneD_v2_Peak_control,1000.0,8666,300.0,23,0,318,1332.3767810729657,3.172325669221362e-05,6845127.230147028,9748.64512527396,65.85561744884406,65.85561744884406,65.85561744884406,-0.00015344794967872254,65.84617687110632,26268823956.675232,106.58403073339538,108.88137082902028,2.2973400956249024,1.0002867669756796,9.096370813943825,0.054873492090995735,0.06113780597341593,1.0847872230035172,320796.3649620724,"[4165404681.913716, -4133711114.309321]","[[4337017655.632278, 15686084.320165442], [15686084.320165442, 11050467727.465635]]","[[[2945257194.97436, -1109004354.2956526], [-1109004354.2956526, 11276066558.801792]], [[2816373009.7866626, 1206383824.6330435], [1206383824.6330435, 11083795238.405304]]]",167718213900.57346,768170074893.6385,4.0,8.748043001105543e-07,2.0828675698254806e-14,False,False,/private/tmp/oneD-v2-taylor-peierls-pf-runs-300um/oneD_v2_Peak_control/T1000K_seed8666/steps_1000K.csv,b0546199b82613490b74b8df7faa4b616a86badd157690cea1afa284a6bf078e,/private/tmp/oneD-v2-taylor-peierls-pf-runs-300um/oneD_v2_Peak_control/T1000K_seed8666/anisotropic_emission_audit_v10174.json,d04a70c07024cb860a27dbdad69973fb5203aaf2cdf0e1400bf107d2a9da7044,FULL_ACTIVE_AND_WAKE_SPATIAL_PROFILE_OBSERVER,PF_MODEL_NATIVE_DRIVING_TRAJECTORY_NOT_RESISTANCE
Peak,CONTROL,v913_zeroD_sobol_0242980,oneD_v2_Peak_control,1000.0,8666,300.0,24,0,328,1332.37678194777,3.17232567130423e-05,6842482.129437672,9785.064135597073,65.97851455770191,65.97851455770191,65.97851455770191,-0.00022276706645391249,65.96601065538961,26316630719.84634,108.88137082902028,112.70941139379968,3.8280405647793914,1.0003791372935753,8.856637317891238,0.06300231015781434,0.059164788556015806,1.534316010090002,312370.6674536201,"[3889706152.7689657, -3917679042.6160464]","[[3932792083.387056, -390008.3769866081], [-390008.3769866081, 10615399410.472462]]","[[[3070045651.193172, -1363455497.809332], [-1363455497.809332, 10849457956.731104]], [[3020087941.3308816, 1611178504.7201881], [1611178504.7201881, 10855446026.562975]]]",256213231351.8013,1173488153367.3513,6.0,5.880001481273212e-07,1.4000004497707885e-14,False,False,/private/tmp/oneD-v2-taylor-peierls-pf-runs-300um/oneD_v2_Peak_control/T1000K_seed8666/steps_1000K.csv,b0546199b82613490b74b8df7faa4b616a86badd157690cea1afa284a6bf078e,/private/tmp/oneD-v2-taylor-peierls-pf-runs-300um/oneD_v2_Peak_control/T1000K_seed8666/anisotropic_emission_audit_v10174.json,d04a70c07024cb860a27dbdad69973fb5203aaf2cdf0e1400bf107d2a9da7044,FULL_ACTIVE_AND_WAKE_SPATIAL_PROFILE_OBSERVER,PF_MODEL_NATIVE_DRIVING_TRAJECTORY_NOT_RESISTANCE
Peak,CONTROL,v913_zeroD_sobol_0242980,oneD_v2_Peak_control,1000.0,8666,300.0,25,0,335,1332.3767825357702,3.17232567270423e-05,6839237.28684766,9813.068695065773,66.0728613643497,66.0728613643497,66.0728613643497,-0.00018829533782419846,66.06204252440689,26354941892.663303,112.70941139379968,115.34848640842095,2.6390750146212776,1.000327562558424,8.989320028991525,0.05856231552322664,0.05072451729248904,1.2999095801565854,317033.9971778781,"[3676164490.7997994, -3711384777.9471855]","[[3295082385.2809854, -33633340.26349699], [-33633340.26349699, 10408439975.670208]]","[[[2608597934.3805757, -1952144361.098639], [-1952144361.098639, 9960926915.980175]], [[2764306906.895463, 2182611847.2021356], [2182611847.2021356, 10187076462.789835]]]",606594197925.997,2778276131220.2744,14.0,2.693844180612359e-06,6.413917790978885e-14,False,False,/private/tmp/oneD-v2-taylor-peierls-pf-runs-300um/oneD_v2_Peak_control/T1000K_seed8666/steps_1000K.csv,b0546199b82613490b74b8df7faa4b616a86badd157690cea1afa284a6bf078e,/private/tmp/oneD-v2-taylor-peierls-pf-runs-300um/oneD_v2_Peak_control/T1000K_seed8666/anisotropic_emission_audit_v10174.json,d04a70c07024cb860a27dbdad69973fb5203aaf2cdf0e1400bf107d2a9da7044,FULL_ACTIVE_AND_WAKE_SPATIAL_PROFILE_OBSERVER,PF_MODEL_NATIVE_DRIVING_TRAJECTORY_NOT_RESISTANCE
Peak,CONTROL,v913_zeroD_sobol_0242980,oneD_v2_Peak_control,1000.0,8666,300.0,26,0,345,1332.3767852296144,3.172325679118148e-05,6811061.11527555,14622.229476489929,80.65429380996143,80.65429380996143,80.65429380996143,-0.0003655918071698592,75.19884823893001,30000000000.0,115.34848640842095,126.81255124638102,11.464064837960072,1.000594807038402,8.3593208069993,0.07889500299422712,0.0022697351236269196,2.4856940263808407,294894.0405967984,"[4864563166.829518, -4906753214.055185]","[[6927105573.598679, -62134077.63846992], [-62134077.63846992, 13980873985.39022]]","[[[4265330623.03455, -661083619.9158316], [-661083619.9158316, 13994456956.693586]], [[4172526835.972903, 604485338.0944561], [604485338.0944561, 13986033264.083275]]]",775030662990.0457,3549735884898.3916,6.0,1.4795296010561287e-06,3.5226880548862305e-14,False,False,/private/tmp/oneD-v2-taylor-peierls-pf-runs-300um/oneD_v2_Peak_control/T1000K_seed8666/steps_1000K.csv,b0546199b82613490b74b8df7faa4b616a86badd157690cea1afa284a6bf078e,/private/tmp/oneD-v2-taylor-peierls-pf-runs-300um/oneD_v2_Peak_control/T1000K_seed8666/anisotropic_emission_audit_v10174.json,d04a70c07024cb860a27dbdad69973fb5203aaf2cdf0e1400bf107d2a9da7044,FULL_ACTIVE_AND_WAKE_SPATIAL_PROFILE_OBSERVER,PF_MODEL_NATIVE_DRIVING_TRAJECTORY_NOT_RESISTANCE
Peak,CONTROL,v913_zeroD_sobol_0242980,oneD_v2_Peak_control,1000.0,8666,300.0,27,0,355,1332.376786709144,3.172325682640836e-05,6798611.931853058,16026.872967038247,84.43939104514911,84.43939104514911,84.43939104514911,-0.0004686082887680854,75.19884823893001,30000000000.0,126.81255124638102,133.28680147609168,6.474250229710643,1.0007687662343676,8.013795878587755,0.08970174278982017,0.004486888104771429,3.185850688752735,282754.01331136026,"[4894696532.009547, -4898932716.905993]","[[5540740137.665812, -51765423.60981982], [-51765423.60981982, 13428179331.532951]]","[[[3926307709.466489, -1851728256.1734073], [-1851728256.1734073, 13715700773.485584]], [[3832433618.740161, 1801027294.432881], [1801027294.432881, 13630299052.552149]]]",1033374217320.0608,4732981179864.522,8.0,7.560001904494129e-07,1.800000578276728e-14,False,False,/private/tmp/oneD-v2-taylor-peierls-pf-runs-300um/oneD_v2_Peak_control/T1000K_seed8666/steps_1000K.csv,b0546199b82613490b74b8df7faa4b616a86badd157690cea1afa284a6bf078e,/private/tmp/oneD-v2-taylor-peierls-pf-runs-300um/oneD_v2_Peak_control/T1000K_seed8666/anisotropic_emission_audit_v10174.json,d04a70c07024cb860a27dbdad69973fb5203aaf2cdf0e1400bf107d2a9da7044,FULL_ACTIVE_AND_WAKE_SPATIAL_PROFILE_OBSERVER,PF_MODEL_NATIVE_DRIVING_TRAJECTORY_NOT_RESISTANCE
Peak,CONTROL,v913_zeroD_sobol_0242980,oneD_v2_Peak_control,1000.0,8666,300.0,28,0,364,1332.3767874651442,3.1723256844408366e-05,6789289.78050109,16966.739009689973,86.88001455584624,86.88001455584624,86.88001455584624,-0.0003233497775336094,75.19884823893001,30000000000.0,133.28680147609168,136.5937729785353,3.306971502443635,1.000538238214268,8.481910394851134,0.0750490793254886,0.005405273271970302,2.2010319895219213,299201.750544687,"[4393825990.385605, -4411716077.119509]","[[4281316522.2006965, -24426619.82531036], [-24426619.82531036, 12906806430.741957]]","[[[4002559975.6159945, -2748657542.552557], [-2748657542.552557, 12790211956.387205]], [[3882531128.0814347, 2582915716.7549715], [2582915716.7549715, 12705963282.320454]]]",1033374217320.0608,4732981179864.522,8.0,1.053726919053588e-06,2.5088709321857694e-14,False,False,/private/tmp/oneD-v2-taylor-peierls-pf-runs-300um/oneD_v2_Peak_control/T1000K_seed8666/steps_1000K.csv,b0546199b82613490b74b8df7faa4b616a86badd157690cea1afa284a6bf078e,/private/tmp/oneD-v2-taylor-peierls-pf-runs-300um/oneD_v2_Peak_control/T1000K_seed8666/anisotropic_emission_audit_v10174.json,d04a70c07024cb860a27dbdad69973fb5203aaf2cdf0e1400bf107d2a9da7044,FULL_ACTIVE_AND_WAKE_SPATIAL_PROFILE_OBSERVER,PF_MODEL_NATIVE_DRIVING_TRAJECTORY_NOT_RESISTANCE
Peak,CONTROL,v913_zeroD_sobol_0242980,oneD_v2_Peak_control,1000.0,8666,300.0,29,0,374,1332.376788518871,3.1723256869497075e-05,6796395.781187401,14807.113127982768,81.16258908141475,81.16258908141475,81.16258908141475,-0.00037244708982128597,75.19884823893001,30000000000.0,136.5937729785353,141.20475860020036,4.6109856216650655,1.0006079299463575,8.331586479615963,0.07977177500352836,0.0036635143360856863,2.530601726871235,293919.5038987414,"[4737936818.693477, -4737709639.519574]","[[6522635945.488483, -4494233.292348719], [-4494233.292348719, 13522948909.6219]]","[[[4010532150.9481525, -679932668.4541332], [-679932668.4541332, 13486405788.335106]], [[4002540147.399902, 670933653.7119339], [670933653.7119339, 13477959426.439049]]]",775030662990.0457,3549735884898.3916,6.0,5.040001269662753e-07,1.2000003855178187e-14,False,False,/private/tmp/oneD-v2-taylor-peierls-pf-runs-300um/oneD_v2_Peak_control/T1000K_seed8666/steps_1000K.csv,b0546199b82613490b74b8df7faa4b616a86badd157690cea1afa284a6bf078e,/private/tmp/oneD-v2-taylor-peierls-pf-runs-300um/oneD_v2_Peak_control/T1000K_seed8666/anisotropic_emission_audit_v10174.json,d04a70c07024cb860a27dbdad69973fb5203aaf2cdf0e1400bf107d2a9da7044,FULL_ACTIVE_AND_WAKE_SPATIAL_PROFILE_OBSERVER,PF_MODEL_NATIVE_DRIVING_TRAJECTORY_NOT_RESISTANCE
Peak,CONTROL,v913_zeroD_sobol_0242980,oneD_v2_Peak_control,1000.0,8666,300.0,30,0,380,1332.3767890228712,3.172325688149708e-05,6792976.362168388,14454.716019849784,80.19097193148899,80.19097193148899,80.19097193148899,-0.00040055899560269406,75.19884823893001,30000000000.0,141.20475860020036,143.50209869582528,2.2973400956249024,1.000652712636009,8.240622188473127,0.08261596680285331,0.007974101178980359,2.7123688549138887,290723.500586241,"[4756295093.821262, -4751310707.500652]","[[6743912623.575961, -7262075.870938565], [-7262075.870938565, 13228056136.391092]]","[[[3888920623.2226906, -651106029.4510754], [-651106029.4510754, 13401510810.865215]], [[3878730547.2153206, 639760102.4615813], [639760102.4615813, 13381351962.216625]]]",1033374217320.0608,4732981179864.522,8.0,2.576513907115441e-06,6.134557515831765e-14,False,False,/private/tmp/oneD-v2-taylor-peierls-pf-runs-300um/oneD_v2_Peak_control/T1000K_seed8666/steps_1000K.csv,b0546199b82613490b74b8df7faa4b616a86badd157690cea1afa284a6bf078e,/private/tmp/oneD-v2-taylor-peierls-pf-runs-300um/oneD_v2_Peak_control/T1000K_seed8666/anisotropic_emission_audit_v10174.json,d04a70c07024cb860a27dbdad69973fb5203aaf2cdf0e1400bf107d2a9da7044,FULL_ACTIVE_AND_WAKE_SPATIAL_PROFILE_OBSERVER,PF_MODEL_NATIVE_DRIVING_TRAJECTORY_NOT_RESISTANCE
Peak,CONTROL,v913_zeroD_sobol_0242980,oneD_v2_Peak_control,1000.0,8666,300.0,31,0,390,1332.3767915993851,3.1723256942842655e-05,6790876.774407716,14272.694562894292,79.68446869770061,79.68446869770061,79.68446869770061,-0.0007641226794166907,75.19884823893001,30000000000.0,143.50209869582528,154.3956934333259,10.89359473750064,1.0012398494228185,7.257566006095011,0.11391641615831301,0.0048001853822612905,5.193583801105787,256192.18609916462,"[4875104467.213868, -4861570540.78941]","[[6078586139.123787, -13635315.707403801], [-13635315.707403801, 12290216475.325287]]","[[[3905110943.9240956, -694893642.2313887], [-694893642.2313887, 13655319878.351831]], [[3899977659.0702934, 679810010.0006396], [679810010.0006396, 13623118740.649113]]]",516687108660.0305,2366490589932.2607,4.0,7.560001904494129e-07,1.800000578276728e-14,False,False,/private/tmp/oneD-v2-taylor-peierls-pf-runs-300um/oneD_v2_Peak_control/T1000K_seed8666/steps_1000K.csv,b0546199b82613490b74b8df7faa4b616a86badd157690cea1afa284a6bf078e,/private/tmp/oneD-v2-taylor-peierls-pf-runs-300um/oneD_v2_Peak_control/T1000K_seed8666/anisotropic_emission_audit_v10174.json,d04a70c07024cb860a27dbdad69973fb5203aaf2cdf0e1400bf107d2a9da7044,FULL_ACTIVE_AND_WAKE_SPATIAL_PROFILE_OBSERVER,PF_MODEL_NATIVE_DRIVING_TRAJECTORY_NOT_RESISTANCE
Peak,CONTROL,v913_zeroD_sobol_0242980,oneD_v2_Peak_control,1000.0,8666,300.0,32,0,399,1332.3767923553853,3.172325696084266e-05,6777169.761617356,13286.03552111035,76.88088959241921,76.88088959241921,76.88088959241921,-0.0003121254866197291,75.19884823893001,30000000000.0,154.3956934333259,157.79436232549634,3.398668892170436,1.0005277887099753,8.504735226364089,0.07432979207270773,0.0053017962329342,2.135537777510512,300003.769593755,"[4131205996.7542434, -4142112921.287996]","[[3891211692.3421073, -27798049.08994811], [-27798049.08994811, 12229210256.313831]]","[[[3666382760.2390246, -2464491207.348613], [-2464491207.348613, 11928794753.747513]], [[3642801179.113234, 2422963019.6525655], [2422963019.6525655, 11927027021.689226]]]",1291717771650.076,5916226474830.653,10.0,3.360000846441835e-07,8.000002570118792e-15,False,False,/private/tmp/oneD-v2-taylor-peierls-pf-runs-300um/oneD_v2_Peak_control/T1000K_seed8666/steps_1000K.csv,b0546199b82613490b74b8df7faa4b616a86badd157690cea1afa284a6bf078e,/private/tmp/oneD-v2-taylor-peierls-pf-runs-300um/oneD_v2_Peak_control/T1000K_seed8666/anisotropic_emission_audit_v10174.json,d04a70c07024cb860a27dbdad69973fb5203aaf2cdf0e1400bf107d2a9da7044,FULL_ACTIVE_AND_WAKE_SPATIAL_PROFILE_OBSERVER,PF_MODEL_NATIVE_DRIVING_TRAJECTORY_NOT_RESISTANCE
Peak,CONTROL,v913_zeroD_sobol_0242980,oneD_v2_Peak_control,1000.0,8666,300.0,33,0,403,1332.3767926913854,3.172325696884266e-05,6771673.638647095,16070.644477074424,84.5546199955234,84.5546199955234,84.5546199955234,-0.00024169916856653747,75.19884823893001,30000000000.0,157.79436232549634,160.09170242112128,2.2973400956249295,1.0004061975423775,8.790524957297452,0.0651740963910931,0.009299850217872779,1.6486089133962945,310047.29292299855,"[4886135371.263526, -4897282078.897472]","[[6736294552.147755, -75667664.751185], [-75667664.751185, 13885027319.340956]]","[[[4098614443.8982706, -746988271.358978], [-746988271.358978, 13870885186.425323]], [[4061758793.544204, 707326566.1933053], [707326566.1933053, 13856322951.33915]]]",1550061325980.091,7099471769796.784,12.0,2.756340109044686e-06,6.56271234187808e-14,False,False,/private/tmp/oneD-v2-taylor-peierls-pf-runs-300um/oneD_v2_Peak_control/T1000K_seed8666/steps_1000K.csv,b0546199b82613490b74b8df7faa4b616a86badd157690cea1afa284a6bf078e,/private/tmp/oneD-v2-taylor-peierls-pf-runs-300um/oneD_v2_Peak_control/T1000K_seed8666/anisotropic_emission_audit_v10174.json,d04a70c07024cb860a27dbdad69973fb5203aaf2cdf0e1400bf107d2a9da7044,FULL_ACTIVE_AND_WAKE_SPATIAL_PROFILE_OBSERVER,PF_MODEL_NATIVE_DRIVING_TRAJECTORY_NOT_RESISTANCE
Peak,CONTROL,v913_zeroD_sobol_0242980,oneD_v2_Peak_control,1000.0,8666,300.0,34,0,413,1332.3767954477255,3.1723257034469786e-05,6769865.6034288425,15882.065020708156,84.05705694435561,84.05705694435561,84.05705694435561,-0.00046935315861586175,75.19884823893001,30000000000.0,160.09170242112128,171.85962357623472,11.767921155113434,1.0007734712818155,8.005002358541727,0.0899763591096789,0.006169653262106267,3.1915431226179853,282445.075864106,"[4747139031.258538, -4757389367.851109]","[[6791093009.9206295, -31211672.32180267], [-31211672.32180267, 13026858566.45528]]","[[[3795616896.4232507, -607851024.2238626], [-607851024.2238626, 13289894958.940329]], [[3761353004.505629, 566307195.6837424], [566307195.6837424, 13276131740.207848]]]",1033374217320.0608,4732981179864.522,8.0,2.6847556000575423e-06,6.392273049857927e-14,False,False,/private/tmp/oneD-v2-taylor-peierls-pf-runs-300um/oneD_v2_Peak_control/T1000K_seed8666/steps_1000K.csv,b0546199b82613490b74b8df7faa4b616a86badd157690cea1afa284a6bf078e,/private/tmp/oneD-v2-taylor-peierls-pf-runs-300um/oneD_v2_Peak_control/T1000K_seed8666/anisotropic_emission_audit_v10174.json,d04a70c07024cb860a27dbdad69973fb5203aaf2cdf0e1400bf107d2a9da7044,FULL_ACTIVE_AND_WAKE_SPATIAL_PROFILE_OBSERVER,PF_MODEL_NATIVE_DRIVING_TRAJECTORY_NOT_RESISTANCE
Peak,CONTROL,v913_zeroD_sobol_0242980,oneD_v2_Peak_control,1000.0,8666,300.0,35,0,423,1332.376798132481,3.172325709839252e-05,6756190.628252349,14802.369721354831,81.14958796509579,81.14958796509579,81.14958796509579,-0.00035373521928137446,75.19884823893001,30000000000.0,171.85962357623472,183.60780859421396,11.748185017979246,1.0005821717903993,8.386177753982476,0.07799274670879823,0.004459492926322991,2.4063704530872814,295837.74463391997,"[4172115918.142111, -4279142790.1619306]","[[5084680863.381172, 21013157.416146692], [21013157.416146692, 12165910390.474308]]","[[[4093710424.0443993, -2037016544.2601824], [-2037016544.2601824, 12437942260.32862]], [[4075070549.0008597, 1979664211.2679863], [1979664211.2679863, 12633356129.324722]]]",1808404880310.1062,8282717064762.915,14.0,3.360000846441835e-07,8.000002570118792e-15,False,False,/private/tmp/oneD-v2-taylor-peierls-pf-runs-300um/oneD_v2_Peak_control/T1000K_seed8666/steps_1000K.csv,b0546199b82613490b74b8df7faa4b616a86badd157690cea1afa284a6bf078e,/private/tmp/oneD-v2-taylor-peierls-pf-runs-300um/oneD_v2_Peak_control/T1000K_seed8666/anisotropic_emission_audit_v10174.json,d04a70c07024cb860a27dbdad69973fb5203aaf2cdf0e1400bf107d2a9da7044,FULL_ACTIVE_AND_WAKE_SPATIAL_PROFILE_OBSERVER,PF_MODEL_NATIVE_DRIVING_TRAJECTORY_NOT_RESISTANCE
Peak,CONTROL,v913_zeroD_sobol_0242980,oneD_v2_Peak_control,1000.0,8666,300.0,36,0,427,1332.3767984684812,3.172325710639252e-05,6736580.6927852575,11498.272530436161,71.52156259852818,71.52156259852818,71.52156259852818,-0.0002227879070272624,71.50777352149885,28527474235.095936,183.60780859421396,185.9048827478541,2.2970741536401325,1.000385703703151,8.842683361067895,0.06346544329806815,0.02087346218172035,1.5334483248715467,311880.56315988704,"[4411272694.1254, -4356818342.367737]","[[5532478014.740209, 184901204.7139357], [184901204.7139357, 12047541044.531008]]","[[[3147891571.2640653, -468301827.64788824], [-468301827.64788824, 11970436959.514866]], [[3319887467.8393054, 731976276.355202], [731976276.355202, 12033524152.57478]]]",1061964393451.5013,4863927707551.315,12.0,7.560001904494129e-07,1.800000578276728e-14,False,False,/private/tmp/oneD-v2-taylor-peierls-pf-runs-300um/oneD_v2_Peak_control/T1000K_seed8666/steps_1000K.csv,b0546199b82613490b74b8df7faa4b616a86badd157690cea1afa284a6bf078e,/private/tmp/oneD-v2-taylor-peierls-pf-runs-300um/oneD_v2_Peak_control/T1000K_seed8666/anisotropic_emission_audit_v10174.json,d04a70c07024cb860a27dbdad69973fb5203aaf2cdf0e1400bf107d2a9da7044,FULL_ACTIVE_AND_WAKE_SPATIAL_PROFILE_OBSERVER,PF_MODEL_NATIVE_DRIVING_TRAJECTORY_NOT_RESISTANCE
Peak,CONTROL,v913_zeroD_sobol_0242980,oneD_v2_Peak_control,1000.0,8666,300.0,37,0,436,1332.3767992244814,3.1723257124392525e-05,6735260.711886625,11408.86014625848,71.24293839858426,71.24293839858426,71.24293839858426,-0.0004162432097231862,71.21891609344411,28412236794.036884,185.9048827478541,189.25925483957488,3.3543720917207795,1.000674718399201,8.1961277624253,0.0839894867652259,0.023323462887003873,2.821442828943213,289160.126641901,"[4334787860.375017, -4284307718.5488396]","[[5555162776.989488, 166084997.13616973], [166084997.13616973, 11423985759.317183]]","[[[2889524151.309912, -367770458.8939922], [-367770458.8939922, 11559099872.059946]], [[3023518686.945426, 610376967.6356356], [610376967.6356356, 11592134124.043104]]]",685080526450.9824,3137753181798.1343,8.0,6.72000169288367e-07,1.6000005140237583e-14,False,False,/private/tmp/oneD-v2-taylor-peierls-pf-runs-300um/oneD_v2_Peak_control/T1000K_seed8666/steps_1000K.csv,b0546199b82613490b74b8df7faa4b616a86badd157690cea1afa284a6bf078e,/private/tmp/oneD-v2-taylor-peierls-pf-runs-300um/oneD_v2_Peak_control/T1000K_seed8666/anisotropic_emission_audit_v10174.json,d04a70c07024cb860a27dbdad69973fb5203aaf2cdf0e1400bf107d2a9da7044,FULL_ACTIVE_AND_WAKE_SPATIAL_PROFILE_OBSERVER,PF_MODEL_NATIVE_DRIVING_TRAJECTORY_NOT_RESISTANCE
Peak,CONTROL,v913_zeroD_sobol_0242980,oneD_v2_Peak_control,1000.0,8666,300.0,38,0,444,1332.3767998964815,3.172325714039253e-05,6732283.39143236,11337.980422674693,71.02128841780458,71.02128841780458,71.02128841780458,-0.00026376948396951894,71.00545911305245,28327079779.511837,189.25925483957488,192.0994529035805,2.8401980640056195,1.000445911324841,8.692208673720298,0.06835111807872643,0.0176742561140713,1.8037898725470571,306591.78682953375,"[4441065826.785917, -4401860007.598954]","[[5341917372.220568, 139921518.04483968], [139921518.04483968, 12720445070.885338]]","[[[2974708079.069097, -955694676.9221667], [-955694676.9221667, 11856839732.640932]], [[3115161972.669911, 1143902216.8639443], [1143902216.8639443, 11918881987.86782]]]",501310275832.42395,2296062801857.843,6.0,4.200001058052294e-07,1.000000321264849e-14,False,False,/private/tmp/oneD-v2-taylor-peierls-pf-runs-300um/oneD_v2_Peak_control/T1000K_seed8666/steps_1000K.csv,b0546199b82613490b74b8df7faa4b616a86badd157690cea1afa284a6bf078e,/private/tmp/oneD-v2-taylor-peierls-pf-runs-300um/oneD_v2_Peak_control/T1000K_seed8666/anisotropic_emission_audit_v10174.json,d04a70c07024cb860a27dbdad69973fb5203aaf2cdf0e1400bf107d2a9da7044,FULL_ACTIVE_AND_WAKE_SPATIAL_PROFILE_OBSERVER,PF_MODEL_NATIVE_DRIVING_TRAJECTORY_NOT_RESISTANCE
Peak,CONTROL,v913_zeroD_sobol_0242980,oneD_v2_Peak_control,1000.0,8666,300.0,39,0,449,1332.3768003164816,3.1723257150392533e-05,6730308.54374024,11228.759783396112,70.67838069302093,70.67838069302093,70.67838069302093,-0.00030122975932863434,70.6608733134455,28189609934.82269,192.0994529035805,194.39679299920536,2.2973400956248753,1.000495593887345,8.578501178293104,0.07198893379371689,0.03276949592962614,2.0455758732298746,302596.1197056298,"[4382711797.244085, -4355985073.529362]","[[4800726843.319505, 115994448.9737302], [115994448.9737302, 11486188864.03091]]","[[[2934989711.300822, -1119753595.916755], [-1119753595.916755, 11700413305.788994]], [[3097227265.414443, 1344219956.6458857], [1344219956.6458857, 11809197412.473167]]]",320986363786.90533,1470157077013.6895,4.0,1.6800004232209176e-07,4.000001285059396e-15,False,False,/private/tmp/oneD-v2-taylor-peierls-pf-runs-300um/oneD_v2_Peak_control/T1000K_seed8666/steps_1000K.csv,b0546199b82613490b74b8df7faa4b616a86badd157690cea1afa284a6bf078e,/private/tmp/oneD-v2-taylor-peierls-pf-runs-300um/oneD_v2_Peak_control/T1000K_seed8666/anisotropic_emission_audit_v10174.json,d04a70c07024cb860a27dbdad69973fb5203aaf2cdf0e1400bf107d2a9da7044,FULL_ACTIVE_AND_WAKE_SPATIAL_PROFILE_OBSERVER,PF_MODEL_NATIVE_DRIVING_TRAJECTORY_NOT_RESISTANCE
Peak,CONTROL,v913_zeroD_sobol_0242980,oneD_v2_Peak_control,1000.0,8666,300.0,40,0,451,1332.3768004844817,3.1723257154392535e-05,6727922.331441371,11181.585210084457,70.52975645275524,70.52975645275524,70.52975645275524,-0.00012128190448849111,70.52178093105964,28134120102.607204,194.39679299920536,196.69413309483025,2.2973400956248753,1.0002261988446193,9.26679301798854,0.048741675834178246,0.02372300521622923,0.8548607872333922,326786.7563143144,"[4368098787.470498, -4353258516.19397]","[[4594835822.036287, 284259963.9935117], [284259963.9935117, 12026216768.462032]]","[[[2915887466.9143896, -1688311193.5238302], [-1688311193.5238302, 11652085041.855387]], [[3003897913.206858, 1804138802.2655463], [1804138802.2655463, 11710414945.594797]]]",3314671921227.4326,15181605615515.154,42.0,3.360000846441835e-07,8.000002570118792e-15,False,False,/private/tmp/oneD-v2-taylor-peierls-pf-runs-300um/oneD_v2_Peak_control/T1000K_seed8666/steps_1000K.csv,b0546199b82613490b74b8df7faa4b616a86badd157690cea1afa284a6bf078e,/private/tmp/oneD-v2-taylor-peierls-pf-runs-300um/oneD_v2_Peak_control/T1000K_seed8666/anisotropic_emission_audit_v10174.json,d04a70c07024cb860a27dbdad69973fb5203aaf2cdf0e1400bf107d2a9da7044,FULL_ACTIVE_AND_WAKE_SPATIAL_PROFILE_OBSERVER,PF_MODEL_NATIVE_DRIVING_TRAJECTORY_NOT_RESISTANCE
Peak,CONTROL,v913_zeroD_sobol_0242980,oneD_v2_Peak_control,1000.0,8666,300.0,41,0,455,1332.3768008204818,3.172325716239254e-05,6727922.333138027,11020.388156383779,70.01952189431093,70.01952189431093,70.01952189431093,-0.00048117290788870094,69.99273734556786,27923062248.179367,196.69413309483025,198.99147319045517,2.2973400956249295,1.000765498669221,8.023677527303196,0.08938780237605307,0.06984963832421855,3.2398456199773817,283101.7471887821,"[4559712297.29682, -4588102587.614213]","[[4693873847.233832, 117681157.32012248], [117681157.32012248, 10827436139.634739]]","[[[3404260770.8515687, -856311379.5766083], [-856311379.5766083, 12523685365.445208]], [[3633058921.892763, 1041338600.3040153], [1041338600.3040153, 12809264097.12119]]]",1629195708959.3916,7461916989586.134,22.0,9.661516742198728e-07,2.3003585256260728e-14,False,False,/private/tmp/oneD-v2-taylor-peierls-pf-runs-300um/oneD_v2_Peak_control/T1000K_seed8666/steps_1000K.csv,b0546199b82613490b74b8df7faa4b616a86badd157690cea1afa284a6bf078e,/private/tmp/oneD-v2-taylor-peierls-pf-runs-300um/oneD_v2_Peak_control/T1000K_seed8666/anisotropic_emission_audit_v10174.json,d04a70c07024cb860a27dbdad69973fb5203aaf2cdf0e1400bf107d2a9da7044,FULL_ACTIVE_AND_WAKE_SPATIAL_PROFILE_OBSERVER,PF_MODEL_NATIVE_DRIVING_TRAJECTORY_NOT_RESISTANCE
Peak,CONTROL,v913_zeroD_sobol_0242980,oneD_v2_Peak_control,1000.0,8666,300.0,42,0,465,1332.3768017866335,3.172325718539612e-05,6725036.494837678,11012.44115319182,69.99427116321094,69.99427116321094,69.99427116321094,-0.00025289191835721714,69.9796044345446,27917822974.707428,198.99147319045517,203.21924220364,4.2277690131848225,1.000419215448662,8.755573875640707,0.06627457428512873,0.02044865964501396,1.726451429070567,308818.56498026755,"[3915898658.5396037, -4002942284.9083376]","[[4344423957.931739, 100218182.76225072], [100218182.76225072, 11248734335.214968]]","[[[3314931256.378135, -1388227648.117957], [-1388227648.117957, 11146728573.457344]], [[3320420938.3547378, 1477663867.356297], [1477663867.356297, 11326305508.171413]]]",443552966764.8835,2031527213264.1704,6.0,6.72000169288367e-07,1.6000005140237583e-14,False,False,/private/tmp/oneD-v2-taylor-peierls-pf-runs-300um/oneD_v2_Peak_control/T1000K_seed8666/steps_1000K.csv,b0546199b82613490b74b8df7faa4b616a86badd157690cea1afa284a6bf078e,/private/tmp/oneD-v2-taylor-peierls-pf-runs-300um/oneD_v2_Peak_control/T1000K_seed8666/anisotropic_emission_audit_v10174.json,d04a70c07024cb860a27dbdad69973fb5203aaf2cdf0e1400bf107d2a9da7044,FULL_ACTIVE_AND_WAKE_SPATIAL_PROFILE_OBSERVER,PF_MODEL_NATIVE_DRIVING_TRAJECTORY_NOT_RESISTANCE
Peak,CONTROL,v913_zeroD_sobol_0242980,oneD_v2_Peak_control,1000.0,8666,300.0,43,0,473,1332.3768024586336,3.172325720139613e-05,6721518.217639506,10964.785608379992,69.84265938307547,69.84265938307547,69.84265938307547,-0.00024285834716077182,69.82849982186902,27857540955.94746,203.21924220364,206.22939395946068,3.0101517558206785,1.000405593614468,8.790959807857748,0.0651143858725762,0.022653075323002855,1.6546646556111526,310062.44319378625,"[3692139061.849631, -3782782305.5112247]","[[3817008049.308948, -61115441.74274172], [-61115441.74274172, 10677968006.61953]]","[[[3189086271.052471, -1539880589.6046073], [-1539880589.6046073, 10573364394.751734]], [[2785654916.014707, 1997560859.8730836], [1997560859.8730836, 10351219527.037157]]]",870772866112.925,3988246966270.7695,12.0,1.9817816792055964e-06,4.7185305250725673e-14,False,False,/private/tmp/oneD-v2-taylor-peierls-pf-runs-300um/oneD_v2_Peak_control/T1000K_seed8666/steps_1000K.csv,b0546199b82613490b74b8df7faa4b616a86badd157690cea1afa284a6bf078e,/private/tmp/oneD-v2-taylor-peierls-pf-runs-300um/oneD_v2_Peak_control/T1000K_seed8666/anisotropic_emission_audit_v10174.json,d04a70c07024cb860a27dbdad69973fb5203aaf2cdf0e1400bf107d2a9da7044,FULL_ACTIVE_AND_WAKE_SPATIAL_PROFILE_OBSERVER,PF_MODEL_NATIVE_DRIVING_TRAJECTORY_NOT_RESISTANCE
Peak,CONTROL,v913_zeroD_sobol_0242980,oneD_v2_Peak_control,1000.0,8666,300.0,44,0,483,1332.3768044404153,3.172325724858143e-05,6738416.501754527,14595.026976889016,80.57923618104421,80.57923618104421,80.57923618104421,-0.0003302677835147614,75.19884823893001,30000000000.0,206.22939395946068,215.04817562002884,8.818781660568177,1.0005442790191308,8.468340959158486,0.07547731943495682,0.003954019445884428,2.2458193240958098,298724.8884800147,"[4699733700.036262, -4713882786.924256]","[[6776190836.78913, -77684558.32635579], [-77684558.32635579, 13706672800.37624]]","[[[4249281679.638785, -735966113.7520486], [-735966113.7520486, 13648749079.711308]], [[4207095279.6526446, 692257269.90591], [692257269.90591, 13634860853.501158]]]",1808404880310.1062,8282717064762.915,14.0,1.4188594832376111e-06,3.378231667929693e-14,False,False,/private/tmp/oneD-v2-taylor-peierls-pf-runs-300um/oneD_v2_Peak_control/T1000K_seed8666/steps_1000K.csv,b0546199b82613490b74b8df7faa4b616a86badd157690cea1afa284a6bf078e,/private/tmp/oneD-v2-taylor-peierls-pf-runs-300um/oneD_v2_Peak_control/T1000K_seed8666/anisotropic_emission_audit_v10174.json,d04a70c07024cb860a27dbdad69973fb5203aaf2cdf0e1400bf107d2a9da7044,FULL_ACTIVE_AND_WAKE_SPATIAL_PROFILE_OBSERVER,PF_MODEL_NATIVE_DRIVING_TRAJECTORY_NOT_RESISTANCE
Peak,CONTROL,v913_zeroD_sobol_0242980,oneD_v2_Peak_control,1000.0,8666,300.0,45,0,493,1332.3768058592748,3.172325728236375e-05,6730198.635508151,13970.91855231534,78.83756021779942,78.83756021779942,78.83756021779942,-0.000404719283034993,75.19884823893001,30000000000.0,215.04817562002884,221.25693789202407,6.208762271995232,1.000666363625473,8.211867640641579,0.083513829119963,0.004732366598446099,2.7516777231995375,289713.01209009055,"[4568276180.179877, -4576125943.611958]","[[5780056354.771566, -37188094.059193075], [-37188094.059193075, 12857436787.043356]]","[[[3797839198.7293763, -1201745684.8937497], [-1201745684.8937497, 12934391559.08913]], [[3761064205.9300117, 1167991659.554728], [1167991659.554728, 12913316093.153927]]]",1033374217320.0608,4732981179864.522,8.0,1.6800004232209176e-07,4.000001285059396e-15,False,False,/private/tmp/oneD-v2-taylor-peierls-pf-runs-300um/oneD_v2_Peak_control/T1000K_seed8666/steps_1000K.csv,b0546199b82613490b74b8df7faa4b616a86badd157690cea1afa284a6bf078e,/private/tmp/oneD-v2-taylor-peierls-pf-runs-300um/oneD_v2_Peak_control/T1000K_seed8666/anisotropic_emission_audit_v10174.json,d04a70c07024cb860a27dbdad69973fb5203aaf2cdf0e1400bf107d2a9da7044,FULL_ACTIVE_AND_WAKE_SPATIAL_PROFILE_OBSERVER,PF_MODEL_NATIVE_DRIVING_TRAJECTORY_NOT_RESISTANCE
Peak,CONTROL,v913_zeroD_sobol_0242980,oneD_v2_Peak_control,1000.0,8666,300.0,46,0,495,1332.3768060272748,3.172325728636375e-05,6723470.31705403,13542.752396979007,77.62009402243635,77.62009402243635,77.62009402243635,-0.00013955040028019227,75.19884823893001,30000000000.0,221.25693789202407,223.55427798764902,2.2973400956249295,1.0002645365903746,9.160942963601535,0.05259443636624762,0.0075234706189574495,0.9840574262632659,323066.4130334936,"[4230829118.3303857, -4147812998.203533]","[[4869200156.464784, -79746189.07524733], [-79746189.07524733, 12288329129.577421]]","[[[4125168738.7473426, -1622986950.2421386], [-1622986950.2421386, 12586826975.408115]], [[4135060437.266405, 1593732470.6382396], [1593732470.6382396, 12430686433.673471]]]",5941901749590.355,27214641784221.01,46.0,1.3974226931168232e-06,3.327192850659938e-14,False,False,/private/tmp/oneD-v2-taylor-peierls-pf-runs-300um/oneD_v2_Peak_control/T1000K_seed8666/steps_1000K.csv,b0546199b82613490b74b8df7faa4b616a86badd157690cea1afa284a6bf078e,/private/tmp/oneD-v2-taylor-peierls-pf-runs-300um/oneD_v2_Peak_control/T1000K_seed8666/anisotropic_emission_audit_v10174.json,d04a70c07024cb860a27dbdad69973fb5203aaf2cdf0e1400bf107d2a9da7044,FULL_ACTIVE_AND_WAKE_SPATIAL_PROFILE_OBSERVER,PF_MODEL_NATIVE_DRIVING_TRAJECTORY_NOT_RESISTANCE
Peak,CONTROL,v913_zeroD_sobol_0242980,oneD_v2_Peak_control,1000.0,8666,300.0,47,0,505,1332.3768074246975,3.172325731963568e-05,6723470.32410573,13397.741443969,77.20341148434619,77.20341148434619,77.20341148434619,-0.0004926511334241566,75.19884823893001,30000000000.0,223.55427798764902,229.66923705616242,6.114959068513397,1.000811959225022,7.934386443171651,0.09209194494228083,0.006064202895708929,3.348022897761355,279964.2606471057,"[4612892828.908825, -4491946913.92325]","[[5414518858.902452, -5265445.165610018], [-5265445.165610018, 12387076152.127167]]","[[[4423978572.579037, -793589637.4417353], [-793589637.4417353, 13649764230.396688]], [[4465513593.709409, 764288721.3619951], [764288721.3619951, 13449407421.55591]]]",1033374217320.0608,4732981179864.522,8.0,8.628398973087315e-07,2.054380157743424e-14,False,False,/private/tmp/oneD-v2-taylor-peierls-pf-runs-300um/oneD_v2_Peak_control/T1000K_seed8666/steps_1000K.csv,b0546199b82613490b74b8df7faa4b616a86badd157690cea1afa284a6bf078e,/private/tmp/oneD-v2-taylor-peierls-pf-runs-300um/oneD_v2_Peak_control/T1000K_seed8666/anisotropic_emission_audit_v10174.json,d04a70c07024cb860a27dbdad69973fb5203aaf2cdf0e1400bf107d2a9da7044,FULL_ACTIVE_AND_WAKE_SPATIAL_PROFILE_OBSERVER,PF_MODEL_NATIVE_DRIVING_TRAJECTORY_NOT_RESISTANCE
Peak,CONTROL,v913_zeroD_sobol_0242980,oneD_v2_Peak_control,1000.0,8666,300.0,48,0,515,1332.3768082875374,3.172325734017948e-05,6661441.057556398,16581.504047865226,85.88803285650962,85.88803285650962,85.88803285650962,-0.00035516552835132846,75.19884823893001,30000000000.0,229.66923705616242,233.44492517924948,3.7756881230870727,1.0005829414489285,8.384614420747173,0.07810062765754974,0.004315528274080398,2.4137882737176257,295782.82271645183,"[4927129027.827332, -4885811332.743103]","[[6877830530.39198, 62902973.98262562], [62902973.98262562, 14135173711.043957]]","[[[4220804897.555946, -679239530.2245924], [-679239530.2245924, 14075062953.21061]], [[4316901424.489201, 761520600.4269572], [761520600.4269572, 14088524089.975407]]]",775030662990.0457,3549735884898.3916,6.0,2.5200006348313764e-07,6.000001927589094e-15,False,False,/private/tmp/oneD-v2-taylor-peierls-pf-runs-300um/oneD_v2_Peak_control/T1000K_seed8666/steps_1000K.csv,b0546199b82613490b74b8df7faa4b616a86badd157690cea1afa284a6bf078e,/private/tmp/oneD-v2-taylor-peierls-pf-runs-300um/oneD_v2_Peak_control/T1000K_seed8666/anisotropic_emission_audit_v10174.json,d04a70c07024cb860a27dbdad69973fb5203aaf2cdf0e1400bf107d2a9da7044,FULL_ACTIVE_AND_WAKE_SPATIAL_PROFILE_OBSERVER,PF_MODEL_NATIVE_DRIVING_TRAJECTORY_NOT_RESISTANCE
Peak,CONTROL,v913_zeroD_sobol_0242980,oneD_v2_Peak_control,1000.0,8666,300.0,49,0,518,1332.3768085395375,3.172325734617948e-05,6657701.752525048,16328.265471602506,85.22965327305623,85.22965327305623,85.22965327305623,-0.00018747156094637912,75.19884823893001,30000000000.0,233.44492517924948,235.7422652748744,2.2973400956249295,1.0003277887736575,8.989677604362427,0.058548915685071305,0.006980448242859445,1.294242298917187,317046.67978998006,"[4937769526.113828, -4890156273.201813]","[[6897428941.908972, 61312027.37330106], [61312027.37330106, 14435255975.332355]]","[[[3864399615.688523, -899088706.663399], [-899088706.663399, 13739938667.916178]], [[3966776811.1043053, 969794607.7825001], [969794607.7825001, 13747089357.50793]]]",4133496869280.246,18931924719458.082,32.0,8.400002116104588e-07,2.000000642529698e-14,False,False,/private/tmp/oneD-v2-taylor-peierls-pf-runs-300um/oneD_v2_Peak_control/T1000K_seed8666/steps_1000K.csv,b0546199b82613490b74b8df7faa4b616a86badd157690cea1afa284a6bf078e,/private/tmp/oneD-v2-taylor-peierls-pf-runs-300um/oneD_v2_Peak_control/T1000K_seed8666/anisotropic_emission_audit_v10174.json,d04a70c07024cb860a27dbdad69973fb5203aaf2cdf0e1400bf107d2a9da7044,FULL_ACTIVE_AND_WAKE_SPATIAL_PROFILE_OBSERVER,PF_MODEL_NATIVE_DRIVING_TRAJECTORY_NOT_RESISTANCE
Peak,CONTROL,v913_zeroD_sobol_0242980,oneD_v2_Peak_control,1000.0,8666,300.0,50,0,528,1332.3768093795377,3.172325736617949e-05,6655392.973280295,16148.029405808238,84.75795332271473,84.75795332271473,84.75795332271473,-0.00042355897911333467,75.19884823893001,30000000000.0,235.7422652748744,239.36788794932212,3.6256226744477225,1.000694808073731,8.15528071308427,0.08526838944707552,0.006485266600729066,2.8700142707090484,287724.81534176506,"[4954812758.571134, -4904518798.160421]","[[6382751400.602343, 61876377.08067618], [61876377.08067618, 13772991095.86655]]","[[[4050771467.2708163, -1183322726.2657075], [-1183322726.2657075, 13960396984.413084]], [[4167533796.220874, 1251621661.157393], [1251621661.157393, 13976571392.54172]]]",775030662990.0457,3549735884898.3916,6.0,3.360000846441835e-07,8.000002570118792e-15,False,False,/private/tmp/oneD-v2-taylor-peierls-pf-runs-300um/oneD_v2_Peak_control/T1000K_seed8666/steps_1000K.csv,b0546199b82613490b74b8df7faa4b616a86badd157690cea1afa284a6bf078e,/private/tmp/oneD-v2-taylor-peierls-pf-runs-300um/oneD_v2_Peak_control/T1000K_seed8666/anisotropic_emission_audit_v10174.json,d04a70c07024cb860a27dbdad69973fb5203aaf2cdf0e1400bf107d2a9da7044,FULL_ACTIVE_AND_WAKE_SPATIAL_PROFILE_OBSERVER,PF_MODEL_NATIVE_DRIVING_TRAJECTORY_NOT_RESISTANCE
Peak,CONTROL,v913_zeroD_sobol_0242980,oneD_v2_Peak_control,1000.0,8666,300.0,51,0,532,1332.3768097155378,3.172325737417949e-05,6652603.432555548,15789.7100860477,83.81230279566785,83.81230279566785,83.81230279566785,-0.00030840757910080015,75.19884823893001,30000000000.0,239.36788794932212,241.66522804494704,2.2973400956249024,1.0005187617595954,8.526111053923653,0.07364547870407816,0.010573086519984343,2.1068809516028972,300755.0864932823,"[5044635271.546781, -5001370161.474978]","[[6339725707.438147, 58139933.85989058], [58139933.85989058, 13661841928.448854]]","[[[4476370963.600992, -730141718.3449783], [-730141718.3449783, 14565641506.694553]], [[4585732971.2661295, 799734463.3047622], [799734463.3047622, 14588473294.216087]]]",1033374217320.0608,4732981179864.522,8.0,3.4923064049507957e-06,8.315015478455381e-14,False,False,/private/tmp/oneD-v2-taylor-peierls-pf-runs-300um/oneD_v2_Peak_control/T1000K_seed8666/steps_1000K.csv,b0546199b82613490b74b8df7faa4b616a86badd157690cea1afa284a6bf078e,/private/tmp/oneD-v2-taylor-peierls-pf-runs-300um/oneD_v2_Peak_control/T1000K_seed8666/anisotropic_emission_audit_v10174.json,d04a70c07024cb860a27dbdad69973fb5203aaf2cdf0e1400bf107d2a9da7044,FULL_ACTIVE_AND_WAKE_SPATIAL_PROFILE_OBSERVER,PF_MODEL_NATIVE_DRIVING_TRAJECTORY_NOT_RESISTANCE
Peak,CONTROL,v913_zeroD_sobol_0242980,oneD_v2_Peak_control,1000.0,8666,300.0,52,0,542,1332.3768132078442,3.172325745732965e-05,6649230.545967461,15629.132600722263,83.38503842757312,83.38503842757312,83.38503842757312,-0.0004045151797782572,75.19884823893001,30000000000.0,241.66522804494704,257.01148616599716,15.346258121050099,1.0006712565634661,8.202042385246575,0.08381086389182106,0.005378288553277618,2.7506925961188635,289367.79399666336,"[4816954426.5327635, -4772712018.786816]","[[5533952298.870842, 33869132.68274663], [33869132.68274663, 13482105953.617882]]","[[[4185153545.5709257, -1350450552.970872], [-1350450552.970872, 13819062398.636454]], [[4279525562.4850016, 1450510526.1034052], [1450510526.1034052, 13824949600.058634]]]",2583435543300.1523,11832452949661.303,20.0,5.040001269662753e-07,1.2000003855178187e-14,False,False,/private/tmp/oneD-v2-taylor-peierls-pf-runs-300um/oneD_v2_Peak_control/T1000K_seed8666/steps_1000K.csv,b0546199b82613490b74b8df7faa4b616a86badd157690cea1afa284a6bf078e,/private/tmp/oneD-v2-taylor-peierls-pf-runs-300um/oneD_v2_Peak_control/T1000K_seed8666/anisotropic_emission_audit_v10174.json,d04a70c07024cb860a27dbdad69973fb5203aaf2cdf0e1400bf107d2a9da7044,FULL_ACTIVE_AND_WAKE_SPATIAL_PROFILE_OBSERVER,PF_MODEL_NATIVE_DRIVING_TRAJECTORY_NOT_RESISTANCE
Peak,CONTROL,v913_zeroD_sobol_0242980,oneD_v2_Peak_control,1000.0,8666,300.0,53,0,548,1332.3768137118443,3.172325746932965e-05,6625110.713616329,18436.71578755738,90.5654346445919,90.5654346445919,90.5654346445919,-0.0003545253053944826,75.19884823893001,30000000000.0,257.01148616599716,259.308826261622,2.2973400956249024,1.0005903466922845,8.369969468810368,0.07856921040039457,0.007950960966999363,2.410849750881363,295268.3801224004,"[5233502164.045621, -5255091747.774572]","[[7202311642.711635, 40173458.01730315], [40173458.01730315, 14868269598.0257]]","[[[4375940288.370723, -800964605.3451897], [-800964605.3451897, 14842944616.461967]], [[4340484215.048766, 790063646.8772669], [790063646.8772669, 14850667710.597912]]]",775030662990.0457,3549735884898.3916,6.0,1.0912594916590024e-06,2.598236296252887e-14,False,False,/private/tmp/oneD-v2-taylor-peierls-pf-runs-300um/oneD_v2_Peak_control/T1000K_seed8666/steps_1000K.csv,b0546199b82613490b74b8df7faa4b616a86badd157690cea1afa284a6bf078e,/private/tmp/oneD-v2-taylor-peierls-pf-runs-300um/oneD_v2_Peak_control/T1000K_seed8666/anisotropic_emission_audit_v10174.json,d04a70c07024cb860a27dbdad69973fb5203aaf2cdf0e1400bf107d2a9da7044,FULL_ACTIVE_AND_WAKE_SPATIAL_PROFILE_OBSERVER,PF_MODEL_NATIVE_DRIVING_TRAJECTORY_NOT_RESISTANCE
Peak,CONTROL,v913_zeroD_sobol_0242980,oneD_v2_Peak_control,1000.0,8666,300.0,54,0,558,1332.3768148031038,3.1723257495312014e-05,6623041.371150058,18254.754301533903,90.11740788803485,90.11740788803485,90.11740788803485,-0.000471825347025583,75.19884823893001,30000000000.0,259.308826261622,264.0840580475399,4.775231785917873,1.000770090019288,8.011069358052751,0.08978415953475871,0.004518985499776362,3.206690691982934,282658.1862711647,"[5083308771.202007, -5107505808.625204]","[[7277621670.36292, -4194257.178652371], [-4194257.178652371, 13963160615.434793]]","[[[4064855758.741435, -652337290.9207286], [-652337290.9207286, 14231473301.145449]], [[4030669384.3431854, 650018800.9185929], [650018800.9185929, 14245681001.593596]]]",775030662990.0457,3549735884898.3916,6.0,8.400002116104588e-08,2.000000642529698e-15,False,False,/private/tmp/oneD-v2-taylor-peierls-pf-runs-300um/oneD_v2_Peak_control/T1000K_seed8666/steps_1000K.csv,b0546199b82613490b74b8df7faa4b616a86badd157690cea1afa284a6bf078e,/private/tmp/oneD-v2-taylor-peierls-pf-runs-300um/oneD_v2_Peak_control/T1000K_seed8666/anisotropic_emission_audit_v10174.json,d04a70c07024cb860a27dbdad69973fb5203aaf2cdf0e1400bf107d2a9da7044,FULL_ACTIVE_AND_WAKE_SPATIAL_PROFILE_OBSERVER,PF_MODEL_NATIVE_DRIVING_TRAJECTORY_NOT_RESISTANCE
Peak,CONTROL,v913_zeroD_sobol_0242980,oneD_v2_Peak_control,1000.0,8666,300.0,55,0,559,1332.3768148871038,3.1723257497312014e-05,6618377.688450725,17847.95085756841,89.10762655245809,89.10762655245809,89.10762655245809,-0.00016901305628587063,75.19884823893001,30000000000.0,264.0840580475399,266.3813981431648,2.2973400956249024,1.0003190738144832,9.013502008999875,0.05774266973413384,0.019675272601078996,1.1932557912122888,317884.1460633975,"[5298925605.4990425, -5321253302.791085]","[[6799585760.953489, -8950065.3296291], [-8950065.3296291, 13298985420.168669]]","[[[4317328310.427402, -842789341.3447864], [-842789341.3447864, 14915179521.425488]], [[4281839648.5329227, 859906038.877717], [859906038.877717, 14924346254.115093]]]",12917177716500.777,59162264748306.44,100.0,8.400002116104588e-08,2.000000642529698e-15,False,False,/private/tmp/oneD-v2-taylor-peierls-pf-runs-300um/oneD_v2_Peak_control/T1000K_seed8666/steps_1000K.csv,b0546199b82613490b74b8df7faa4b616a86badd157690cea1afa284a6bf078e,/private/tmp/oneD-v2-taylor-peierls-pf-runs-300um/oneD_v2_Peak_control/T1000K_seed8666/anisotropic_emission_audit_v10174.json,d04a70c07024cb860a27dbdad69973fb5203aaf2cdf0e1400bf107d2a9da7044,FULL_ACTIVE_AND_WAKE_SPATIAL_PROFILE_OBSERVER,PF_MODEL_NATIVE_DRIVING_TRAJECTORY_NOT_RESISTANCE
Peak,CONTROL,v913_zeroD_sobol_0242980,oneD_v2_Peak_control,1000.0,8666,300.0,56,0,560,1332.3768149711038,3.1723257499312015e-05,6615307.382213704,17662.698870989047,88.64397604488855,88.64397604488855,88.64397604488855,-4.3217497557602497e-05,75.19884823893001,30000000000.0,266.3813981431648,268.6787382387897,2.2973400956249024,1.0000880505464576,9.694144880193766,0.030425290029653468,0.010816512641673819,0.31276773961014703,341809.7944952599,"[5146935101.082121, -5155402455.655322]","[[6705512132.177908, -12837842.892705657], [-12837842.892705657, 14000882365.605135]]","[[[4387880613.212899, -1048796005.714689], [-1048796005.714689, 14681750815.377142]], [[4361657580.301781, 1075802615.0220392], [1075802615.0220392, 14672462491.612425]]]",12917177716500.777,59162264748306.44,100.0,8.400002116104588e-08,2.000000642529698e-15,False,False,/private/tmp/oneD-v2-taylor-peierls-pf-runs-300um/oneD_v2_Peak_control/T1000K_seed8666/steps_1000K.csv,b0546199b82613490b74b8df7faa4b616a86badd157690cea1afa284a6bf078e,/private/tmp/oneD-v2-taylor-peierls-pf-runs-300um/oneD_v2_Peak_control/T1000K_seed8666/anisotropic_emission_audit_v10174.json,d04a70c07024cb860a27dbdad69973fb5203aaf2cdf0e1400bf107d2a9da7044,FULL_ACTIVE_AND_WAKE_SPATIAL_PROFILE_OBSERVER,PF_MODEL_NATIVE_DRIVING_TRAJECTORY_NOT_RESISTANCE
Peak,CONTROL,v913_zeroD_sobol_0242980,oneD_v2_Peak_control,1000.0,8666,300.0,57,0,561,1332.3768150551039,3.1723257501312015e-05,6611632.883504412,17472.922320913567,88.16647314816213,88.16647314816213,88.16647314816213,-7.499940539075922e-05,75.19884823893001,30000000000.0,268.6787382387897,270.97607833441464,2.2973400956249024,1.0001200385219327,9.591432616165976,0.03544914518823749,0.011035087008491724,0.5065139155887403,338199.0380348005,"[4961520651.104609, -4953869063.430827]","[[5854919066.809609, -47578340.387095675], [-47578340.387095675, 13683524787.41572]]","[[[4351947474.931471, -1930828748.2159512], [-1930828748.2159512, 14274988777.14069]], [[4344834004.748942, 1961876520.0366666], [1961876520.0366666, 14252572131.610598]]]",12917177716500.777,59162264748306.44,100.0,7.560001904494129e-07,1.800000578276728e-14,False,False,/private/tmp/oneD-v2-taylor-peierls-pf-runs-300um/oneD_v2_Peak_control/T1000K_seed8666/steps_1000K.csv,b0546199b82613490b74b8df7faa4b616a86badd157690cea1afa284a6bf078e,/private/tmp/oneD-v2-taylor-peierls-pf-runs-300um/oneD_v2_Peak_control/T1000K_seed8666/anisotropic_emission_audit_v10174.json,d04a70c07024cb860a27dbdad69973fb5203aaf2cdf0e1400bf107d2a9da7044,FULL_ACTIVE_AND_WAKE_SPATIAL_PROFILE_OBSERVER,PF_MODEL_NATIVE_DRIVING_TRAJECTORY_NOT_RESISTANCE
Peak,CONTROL,v913_zeroD_sobol_0242980,oneD_v2_Peak_control,1000.0,8666,300.0,58,0,570,1332.376815811104,3.172325751931202e-05,6607246.696538186,17274.893933790143,87.6654345855052,87.6654345855052,87.6654345855052,-0.00034426807187406654,75.19884823893001,30000000000.0,270.97607833441464,274.43505387117506,3.458975536760442,1.000558556476918,8.436943647366894,0.07637163323249534,0.005739169334651676,2.3281842752012256,297621.57978606207,"[4604376372.969778, -4465216609.115725]","[[5417248038.917454, -82604825.70106846], [-82604825.70106846, 13134862320.77529]]","[[[4450221705.897939, -2145585110.9640732], [-2145585110.9640732, 13658974451.837496]], [[4524861339.566846, 2181023335.3495584], [2181023335.3495584, 13455294557.798296]]]",1550061325980.091,7099471769796.784,12.0,8.400002116104588e-07,2.000000642529698e-14,False,False,/private/tmp/oneD-v2-taylor-peierls-pf-runs-300um/oneD_v2_Peak_control/T1000K_seed8666/steps_1000K.csv,b0546199b82613490b74b8df7faa4b616a86badd157690cea1afa284a6bf078e,/private/tmp/oneD-v2-taylor-peierls-pf-runs-300um/oneD_v2_Peak_control/T1000K_seed8666/anisotropic_emission_audit_v10174.json,d04a70c07024cb860a27dbdad69973fb5203aaf2cdf0e1400bf107d2a9da7044,FULL_ACTIVE_AND_WAKE_SPATIAL_PROFILE_OBSERVER,PF_MODEL_NATIVE_DRIVING_TRAJECTORY_NOT_RESISTANCE
Peak,CONTROL,v913_zeroD_sobol_0242980,oneD_v2_Peak_control,1000.0,8666,300.0,59,0,580,1332.3768166511043,3.172325753931203e-05,6607246.700703742,16892.01325293682,86.68848279168382,86.68848279168382,86.68848279168382,-0.0006140307384584218,75.19884823893001,30000000000.0,274.43505387117506,278.0008664586248,3.5658125874497175,1.0010057934371548,7.605568412459734,0.10229030636258164,0.009779171567929415,4.16008170616872,268413.91537143016,"[5005862417.9285755, -4791257679.594258]","[[5983138514.60039, 90308758.28052758], [90308758.28052758, 12872284097.735388]]","[[[5206054842.113804, -1099528118.9718337], [-1099528118.9718337, 15217779677.970955]], [[5400268882.069276, 1045829384.1484269], [1045829384.1484269, 14982784241.257792]]]",516687108660.0305,2366490589932.2607,4.0,1.1634710972430184e-06,2.770170432018354e-14,False,False,/private/tmp/oneD-v2-taylor-peierls-pf-runs-300um/oneD_v2_Peak_control/T1000K_seed8666/steps_1000K.csv,b0546199b82613490b74b8df7faa4b616a86badd157690cea1afa284a6bf078e,/private/tmp/oneD-v2-taylor-peierls-pf-runs-300um/oneD_v2_Peak_control/T1000K_seed8666/anisotropic_emission_audit_v10174.json,d04a70c07024cb860a27dbdad69973fb5203aaf2cdf0e1400bf107d2a9da7044,FULL_ACTIVE_AND_WAKE_SPATIAL_PROFILE_OBSERVER,PF_MODEL_NATIVE_DRIVING_TRAJECTORY_NOT_RESISTANCE
Peak,CONTROL,v913_zeroD_sobol_0242980,oneD_v2_Peak_control,1000.0,8666,300.0,60,0,590,1332.3768178145754,3.172325756701373e-05,6632267.812621805,11306.551942142027,70.9227858598444,70.9227858598444,70.9227858598444,-0.00038753340258137673,70.90027101007138,28285115797.837467,278.0008664586248,283.0920848214966,5.09121836287182,1.0006352140639778,8.27535968395834,0.08153049376959941,0.022176673344008132,2.638073372707004,291943.91025047784,"[4715345397.300066, -4714044277.249205]","[[5592620873.521059, 13684877.830951136], [13684877.830951136, 12582793011.993189]]","[[[3122627173.475087, -666212924.6575496], [-666212924.6575496, 12553317968.07522]], [[3132887038.3382974, 683674445.8432413], [683674445.8432413, 12560975592.836706]]]",495203210925.524,2268091692472.581,6.0,8.932715900300536e-07,2.1268387441833458e-14,False,False,/private/tmp/oneD-v2-taylor-peierls-pf-runs-300um/oneD_v2_Peak_control/T1000K_seed8666/steps_1000K.csv,b0546199b82613490b74b8df7faa4b616a86badd157690cea1afa284a6bf078e,/private/tmp/oneD-v2-taylor-peierls-pf-runs-300um/oneD_v2_Peak_control/T1000K_seed8666/anisotropic_emission_audit_v10174.json,d04a70c07024cb860a27dbdad69973fb5203aaf2cdf0e1400bf107d2a9da7044,FULL_ACTIVE_AND_WAKE_SPATIAL_PROFILE_OBSERVER,PF_MODEL_NATIVE_DRIVING_TRAJECTORY_NOT_RESISTANCE
Peak,CONTROL,v913_zeroD_sobol_0242980,oneD_v2_Peak_control,1000.0,8666,300.0,61,0,600,1332.376818707847,3.172325758828212e-05,6629392.986091161,11170.292590337844,70.4941323931624,70.4941323931624,70.4941323931624,-0.0006903605835713091,70.45421114685215,28107163658.809235,283.0920848214966,287.00094243897195,3.908857617475358,1.0011335747256225,7.410290175607519,0.10889762501605045,0.047853207353640126,4.695397753333644,261555.586248605,"[4790127220.896423, -4789341287.326505]","[[5411151462.560684, 14433097.653825471], [14433097.653825471, 11526326235.337915]]","[[[3192668067.223295, -472009352.96154124], [-472009352.96154124, 12772922509.016142]], [[3203196706.026268, 493468861.1257893], [493468861.1257893, 12781879280.67928]]]",469784643828.948,2151671524762.943,6.0,2.5200006348313764e-07,6.000001927589094e-15,False,False,/private/tmp/oneD-v2-taylor-peierls-pf-runs-300um/oneD_v2_Peak_control/T1000K_seed8666/steps_1000K.csv,b0546199b82613490b74b8df7faa4b616a86badd157690cea1afa284a6bf078e,/private/tmp/oneD-v2-taylor-peierls-pf-runs-300um/oneD_v2_Peak_control/T1000K_seed8666/anisotropic_emission_audit_v10174.json,d04a70c07024cb860a27dbdad69973fb5203aaf2cdf0e1400bf107d2a9da7044,FULL_ACTIVE_AND_WAKE_SPATIAL_PROFILE_OBSERVER,PF_MODEL_NATIVE_DRIVING_TRAJECTORY_NOT_RESISTANCE
Peak,CONTROL,v913_zeroD_sobol_0242980,oneD_v2_Peak_control,1000.0,8666,300.0,62,0,603,1332.376818959847,3.172325759428212e-05,6625548.423692986,11134.953634654965,70.3825344901033,70.3825344901033,70.3825344901033,-0.00022441413084111695,70.36724033345513,28072467324.18426,287.00094243897195,289.29828253459686,2.2973400956249024,1.000434742606089,8.716150752922212,0.06758733880332518,0.03516496123547515,1.5963621727420176,307432.8402660573,"[4558364457.567397, -4552885816.150944]","[[4803563001.385316, 12148741.378668195], [12148741.378668195, 11824194416.252573]]","[[[2970199465.717365, -1103512348.018479], [-1103512348.018479, 12086928380.85216]], [[2980960706.8394823, 1128928057.7028565], [1128928057.7028565, 12086732339.14137]]]",464916689612.65497,2129375694942.543,6.0,9.543919077259488e-07,2.2723657807852127e-14,False,False,/private/tmp/oneD-v2-taylor-peierls-pf-runs-300um/oneD_v2_Peak_control/T1000K_seed8666/steps_1000K.csv,b0546199b82613490b74b8df7faa4b616a86badd157690cea1afa284a6bf078e,/private/tmp/oneD-v2-taylor-peierls-pf-runs-300um/oneD_v2_Peak_control/T1000K_seed8666/anisotropic_emission_audit_v10174.json,d04a70c07024cb860a27dbdad69973fb5203aaf2cdf0e1400bf107d2a9da7044,FULL_ACTIVE_AND_WAKE_SPATIAL_PROFILE_OBSERVER,PF_MODEL_NATIVE_DRIVING_TRAJECTORY_NOT_RESISTANCE
Peak,CONTROL,v913_zeroD_sobol_0242980,oneD_v2_Peak_control,1000.0,8666,300.0,63,0,613,1332.376819914239,3.172325761700578e-05,6623033.770946909,11116.982087595035,70.32571369599522,70.32571369599522,70.32571369599522,-0.00047249916238740694,70.29846719926968,28045030813.20196,289.29828253459686,293.4745956657493,4.176313131152459,1.0007753163888744,8.001662792080747,0.09008079989512668,0.03410717812282786,3.2143965722574936,282327.76455232006,"[4560924769.038189, -4550553657.888247]","[[4413834864.680078, 9430430.083733683], [9430430.083733683, 11660950466.249474]]","[[[2737690530.919237, -1688859361.0269222], [-1688859361.0269222, 11859540068.995615]], [[2752833337.6369925, 1714952921.1857462], [1714952921.1857462, 11853940653.413486]]]",461085780609.76074,2111829659916.1475,6.0,9.204472917190287e-07,2.1915385088264183e-14,False,False,/private/tmp/oneD-v2-taylor-peierls-pf-runs-300um/oneD_v2_Peak_control/T1000K_seed8666/steps_1000K.csv,b0546199b82613490b74b8df7faa4b616a86badd157690cea1afa284a6bf078e,/private/tmp/oneD-v2-taylor-peierls-pf-runs-300um/oneD_v2_Peak_control/T1000K_seed8666/anisotropic_emission_audit_v10174.json,d04a70c07024cb860a27dbdad69973fb5203aaf2cdf0e1400bf107d2a9da7044,FULL_ACTIVE_AND_WAKE_SPATIAL_PROFILE_OBSERVER,PF_MODEL_NATIVE_DRIVING_TRAJECTORY_NOT_RESISTANCE
Peak,CONTROL,v913_zeroD_sobol_0242980,oneD_v2_Peak_control,1000.0,8666,300.0,64,0,623,1332.3768208346862,3.1723257638921164e-05,6620020.379462829,11063.184038571711,70.15534486404479,70.15534486404479,70.15534486404479,-0.00028342020918855905,70.13889169598768,27981369398.026436,293.4745956657493,297.5023673561814,4.027771690432131,1.0004692146525207,8.637453887920993,0.07011455285988091,0.02205026988833533,1.9325894079556627,304667.5711877678,"[4173802432.081637, -4172766727.3034062]","[[4539190959.830272, 11586560.499244383], [11586560.499244383, 11645691304.334476]]","[[[3484234002.4103374, -1316697681.4692726], [-1316697681.4692726, 11831838866.573612]], [[3526884566.904625, 1307830592.0690975], [1307830592.0690975, 11872418021.511438]]]",452264315574.5334,2071426263652.94,6.0,3.360000846441835e-07,8.000002570118792e-15,False,False,/private/tmp/oneD-v2-taylor-peierls-pf-runs-300um/oneD_v2_Peak_control/T1000K_seed8666/steps_1000K.csv,b0546199b82613490b74b8df7faa4b616a86badd157690cea1afa284a6bf078e,/private/tmp/oneD-v2-taylor-peierls-pf-runs-300um/oneD_v2_Peak_control/T1000K_seed8666/anisotropic_emission_audit_v10174.json,d04a70c07024cb860a27dbdad69973fb5203aaf2cdf0e1400bf107d2a9da7044,FULL_ACTIVE_AND_WAKE_SPATIAL_PROFILE_OBSERVER,PF_MODEL_NATIVE_DRIVING_TRAJECTORY_NOT_RESISTANCE
Peak,CONTROL,v913_zeroD_sobol_0242980,oneD_v2_Peak_control,1000.0,8666,300.0,65,0,627,1332.3768211706863,3.172325764692117e-05,6616390.516540248,11088.83584861616,70.23663111977514,70.23663111977514,70.23663111977514,-0.00017962641686426002,70.22573916471039,28016016525.245766,297.5023673561814,299.79970745180634,2.2973400956249024,1.0003102224301517,9.034700506045441,0.057016086794773144,0.02123650948799775,1.237708827399063,318628.94571651705,"[3797170625.363348, -3766625836.862425]","[[3595263988.41519, 24259296.266558208], [24259296.266558208, 10800894514.279379]]","[[[3049413392.5817404, -1821221196.7896292], [-1821221196.7896292, 10643754643.308437]], [[3079112412.8003135, 1781099532.193838], [1781099532.193838, 10612364086.525164]]]",1675811711332.5676,7675424021419.141,22.0,1.3624708117276896e-06,3.2439803339216755e-14,False,False,/private/tmp/oneD-v2-taylor-peierls-pf-runs-300um/oneD_v2_Peak_control/T1000K_seed8666/steps_1000K.csv,b0546199b82613490b74b8df7faa4b616a86badd157690cea1afa284a6bf078e,/private/tmp/oneD-v2-taylor-peierls-pf-runs-300um/oneD_v2_Peak_control/T1000K_seed8666/anisotropic_emission_audit_v10174.json,d04a70c07024cb860a27dbdad69973fb5203aaf2cdf0e1400bf107d2a9da7044,FULL_ACTIVE_AND_WAKE_SPATIAL_PROFILE_OBSERVER,PF_MODEL_NATIVE_DRIVING_TRAJECTORY_NOT_RESISTANCE
Peak,CONTROL,v913_zeroD_sobol_0242980,oneD_v2_Peak_control,1000.0,8666,300.0,66,0,637,1332.376822533157,3.172325767936097e-05,6592890.808193852,16688.034564059937,86.16349181208142,86.16349181208142,86.16349181208142,-0.00031890128255560057,75.19884823893001,30000000000.0,299.79970745180634,305.76172687033863,5.962019418532302,1.0005268685360853,8.50670054399682,0.074267328633645,0.004199527132526965,2.1683981898210725,300072.82002257806,"[4958868741.792801, -4945715517.565869]","[[7292542392.9161825, 26369745.135782983], [26369745.135782983, 14511961802.845888]]","[[[4569163105.783887, -759757436.4859567], [-759757436.4859567, 14486900589.36949]], [[4603012036.421496, 794847892.2992448], [794847892.2992448, 14494443071.553236]]]",1033374217320.0608,4732981179864.522,8.0,,,False,True,/private/tmp/oneD-v2-taylor-peierls-pf-runs-300um/oneD_v2_Peak_control/T1000K_seed8666/steps_1000K.csv,b0546199b82613490b74b8df7faa4b616a86badd157690cea1afa284a6bf078e,/private/tmp/oneD-v2-taylor-peierls-pf-runs-300um/oneD_v2_Peak_control/T1000K_seed8666/anisotropic_emission_audit_v10174.json,d04a70c07024cb860a27dbdad69973fb5203aaf2cdf0e1400bf107d2a9da7044,FULL_ACTIVE_AND_WAKE_SPATIAL_PROFILE_OBSERVER,PF_MODEL_NATIVE_DRIVING_TRAJECTORY_NOT_RESISTANCE
Peak,KINETIC_FINALIST,oneD_v2_peak_TP_6962e84b2eb78fbb,oneD_v2_Peak_TP,600.0,8666,100.0,0,0,80,551.5550186403105,1.3132262348578824e-05,2860730.177330651,1118.1701507242992,22.303583307144127,22.303583307144127,22.303583307144127,-0.0013436893800911817,22.204497871512327,8858313016.029886,0.0,2.2973400956249024,2.2973400956249024,1.0089447206434103,3.5256655427566184,0.31897744175440146,24.0968664199642,12.150890082445986,125413.77555345463,"[1289508951.0195482, -1286056093.9534438]","[[-82914329.7887576, -3789981.6991559393], [-3789981.6991559393, 2575633149.2029123]]","[[[-17447006.378128793, 23159086.49105891], [23159086.49105891, 2561570895.660968]], [[-16125632.77537878, -27891161.982083406], [-27891161.982083406, 2555986555.131509]]]",3.624021072849546,16.5984628276407,4.0,0.972936668694274,2.316515877843437e-08,False,False,/private/tmp/oneD-v2-taylor-peierls-pf-runs/oneD_v2_Peak_TP/T600K_seed8666/steps_0600K.csv,e3f567f5dd85450027ba590f822d83e22d6d4a616d64850e9985fdc662ae9a24,/private/tmp/oneD-v2-taylor-peierls-pf-runs/oneD_v2_Peak_TP/T600K_seed8666/anisotropic_emission_audit_v10174.json,f8e4c847caa28f21a05fafc4a65ba39e4599555f94d4ec6ae168707c50aa7b5f,FULL_ACTIVE_AND_WAKE_SPATIAL_PROFILE_OBSERVER,PF_MODEL_NATIVE_DRIVING_TRAJECTORY_NOT_RESISTANCE
Peak,KINETIC_FINALIST,oneD_v2_peak_TP_6962e84b2eb78fbb,oneD_v2_Peak_TP,600.0,8666,100.0,1,0,91,552.5279553090048,1.3155427507357258e-05,2865708.694685118,1154.0232012723227,22.658333537377125,22.658333537377125,22.658333537377125,-0.00022404549660129847,22.64465348459597,9033909700.044964,2.2973400956249024,4.594680191249805,2.2973400956249024,1.0012086018429518,6.727413264343486,0.13217093928186957,3.350055666789283,2.032191019701301,237470.37514901976,"[1415040846.9602273, -1411060960.8188941]","[[278549333.87441045, -5230003.494963522], [-5230003.494963522, 2921871920.2170916]]","[[[-19083185.034677416, -51518059.1316081], [-51518059.1316081, 2810998508.885777]], [[-17847745.074359402, 44076362.52679468], [44076362.52679468, 2804274176.563429]]]",5.760875456413627,26.38551906729463,4.0,0.2042625458642533,4.8633939491464e-09,False,False,/private/tmp/oneD-v2-taylor-peierls-pf-runs/oneD_v2_Peak_TP/T600K_seed8666/steps_0600K.csv,e3f567f5dd85450027ba590f822d83e22d6d4a616d64850e9985fdc662ae9a24,/private/tmp/oneD-v2-taylor-peierls-pf-runs/oneD_v2_Peak_TP/T600K_seed8666/anisotropic_emission_audit_v10174.json,f8e4c847caa28f21a05fafc4a65ba39e4599555f94d4ec6ae168707c50aa7b5f,FULL_ACTIVE_AND_WAKE_SPATIAL_PROFILE_OBSERVER,PF_MODEL_NATIVE_DRIVING_TRAJECTORY_NOT_RESISTANCE
Peak,KINETIC_FINALIST,oneD_v2_peak_TP_6962e84b2eb78fbb,oneD_v2_Peak_TP,600.0,8666,100.0,2,0,101,552.7322178548691,1.3160290901306405e-05,2866681.761439291,1186.8726337414832,22.97855704828474,22.97855704828474,22.97855704828474,-2.284213387292789e-05,22.976595776241734,9166335514.835804,4.594680191249805,6.892020286874707,2.2973400956249024,1.0001707264007917,9.223146419138716,0.05035312971228188,0.6011791438055751,0.207634894787167,325229.55236188066,"[1486746590.9341266, -1482472315.4569352]","[[506836573.6747291, -5315384.661085522], [-5315384.661085522, 3090550091.67256]]","[[[65644212.025894016, -69077344.18513], [-69077344.18513, 3039137393.8941474]], [[66745650.41678526, 60560216.71865906], [60560216.71865906, 3031690281.3306556]]]",20.426170483271648,93.55437638530303,10.0,0.018467218546675213,4.3969567968181694e-10,False,False,/private/tmp/oneD-v2-taylor-peierls-pf-runs/oneD_v2_Peak_TP/T600K_seed8666/steps_0600K.csv,e3f567f5dd85450027ba590f822d83e22d6d4a616d64850e9985fdc662ae9a24,/private/tmp/oneD-v2-taylor-peierls-pf-runs/oneD_v2_Peak_TP/T600K_seed8666/anisotropic_emission_audit_v10174.json,f8e4c847caa28f21a05fafc4a65ba39e4599555f94d4ec6ae168707c50aa7b5f,FULL_ACTIVE_AND_WAKE_SPATIAL_PROFILE_OBSERVER,PF_MODEL_NATIVE_DRIVING_TRAJECTORY_NOT_RESISTANCE
Peak,KINETIC_FINALIST,oneD_v2_peak_TP_6962e84b2eb78fbb,oneD_v2_Peak_TP,600.0,8666,100.0,3,0,111,552.7506850734158,1.3160730596986087e-05,2866623.5294475616,1229.3075143191024,23.385731736714582,23.385731736714582,23.385731736714582,-1.1658951463429527e-06,23.385375492742025,9329415027.11828,6.892020286874707,9.18936038249961,2.2973400956249024,1.0000304674762324,9.866144996456837,0.01986323077499266,0.11328335499004687,0.010619353505634688,347854.3865903496,"[1591811538.4353352, -1587331454.3258185]","[[623225464.186289, -7234739.739472651], [-7234739.739472651, 3180857954.8098416]]","[[[149096727.6093426, -87142155.585468], [-87142155.585468, 3332719804.480013]], [[150120939.8132562, 76029981.2015346], [76029981.2015346, 3324783848.4648933]]]",25.125956950570846,115.07997720472001,8.0,0.008964057397633951,2.1342993803300328e-10,False,False,/private/tmp/oneD-v2-taylor-peierls-pf-runs/oneD_v2_Peak_TP/T600K_seed8666/steps_0600K.csv,e3f567f5dd85450027ba590f822d83e22d6d4a616d64850e9985fdc662ae9a24,/private/tmp/oneD-v2-taylor-peierls-pf-runs/oneD_v2_Peak_TP/T600K_seed8666/anisotropic_emission_audit_v10174.json,f8e4c847caa28f21a05fafc4a65ba39e4599555f94d4ec6ae168707c50aa7b5f,FULL_ACTIVE_AND_WAKE_SPATIAL_PROFILE_OBSERVER,PF_MODEL_NATIVE_DRIVING_TRAJECTORY_NOT_RESISTANCE
Peak,KINETIC_FINALIST,oneD_v2_peak_TP_6962e84b2eb78fbb,oneD_v2_Peak_TP,600.0,8666,100.0,4,0,121,552.7596491308134,1.316094402692412e-05,2866416.104528571,1286.446268928367,23.923048524735094,23.923048524735094,23.923048524735094,-8.224139025026187e-09,23.92302846158932,9543907528.57482,9.18936038249961,14.507867693188759,5.31850731068915,1.000001677308893,9.9938808613984,0.004206126759416664,0.006710686170619845,7.537159344331109e-05,352347.87390803196,"[1553612557.4557629, -1548990397.0796533]","[[844400171.3489369, -8581309.640796341], [-8581309.640796341, 3477277406.955106]]","[[[338702667.1486502, -174776500.9916454], [-174776500.9916454, 3445927782.060176]], [[337042425.5008053, 161637543.18516508], [161637543.18516508, 3435023219.660112]]]",44.21313539170943,202.50160513434778,8.0,8.030301501094073e-06,1.9119765720752163e-13,False,False,/private/tmp/oneD-v2-taylor-peierls-pf-runs/oneD_v2_Peak_TP/T600K_seed8666/steps_0600K.csv,e3f567f5dd85450027ba590f822d83e22d6d4a616d64850e9985fdc662ae9a24,/private/tmp/oneD-v2-taylor-peierls-pf-runs/oneD_v2_Peak_TP/T600K_seed8666/anisotropic_emission_audit_v10174.json,f8e4c847caa28f21a05fafc4a65ba39e4599555f94d4ec6ae168707c50aa7b5f,FULL_ACTIVE_AND_WAKE_SPATIAL_PROFILE_OBSERVER,PF_MODEL_NATIVE_DRIVING_TRAJECTORY_NOT_RESISTANCE
Peak,KINETIC_FINALIST,oneD_v2_peak_TP_6962e84b2eb78fbb,oneD_v2_Peak_TP,600.0,8666,100.0,5,0,131,552.7596571611149,1.3160944218121777e-05,2865426.6481802496,1458.1437846986987,25.469526481995814,25.469526481995814,25.469526481995814,-2.104386161800656e-10,25.469522460099856,10160869370.967745,14.507867693188759,16.80520778881366,2.2973400956249024,1.0000003158203128,9.998851698700925,0.0018213904015914432,0.0009656252043046032,1.93501555347463e-06,352522.647588262,"[1499700765.7521985, -1478722916.6766741]","[[1024829111.4834911, -22430826.99179557], [-22430826.99179557, 3721817766.612003]]","[[[655281498.7060769, -425880107.6484889], [-425880107.6484889, 3654683030.210474]], [[645517109.3747026, 400275388.7782678], [400275388.7782678, 3602962942.728051]]]",167.03974151901002,765.0625878292471,6.0,1.1371693403816607e-05,2.707545999740008e-13,False,False,/private/tmp/oneD-v2-taylor-peierls-pf-runs/oneD_v2_Peak_TP/T600K_seed8666/steps_0600K.csv,e3f567f5dd85450027ba590f822d83e22d6d4a616d64850e9985fdc662ae9a24,/private/tmp/oneD-v2-taylor-peierls-pf-runs/oneD_v2_Peak_TP/T600K_seed8666/anisotropic_emission_audit_v10174.json,f8e4c847caa28f21a05fafc4a65ba39e4599555f94d4ec6ae168707c50aa7b5f,FULL_ACTIVE_AND_WAKE_SPATIAL_PROFILE_OBSERVER,PF_MODEL_NATIVE_DRIVING_TRAJECTORY_NOT_RESISTANCE
Peak,KINETIC_FINALIST,oneD_v2_peak_TP_6962e84b2eb78fbb,oneD_v2_Peak_TP,600.0,8666,100.0,6,0,141,552.7596685328083,1.3160944488876377e-05,2865426.7071294743,1459.2036332323612,25.478781034687053,25.478781034687053,25.478781034687053,-9.513864126917051e-12,25.47878063701639,10164562849.179186,16.80520778881366,19.102547884438565,2.2973400956249024,1.0000000312158321,9.99988655028309,0.0005724527409171115,9.229316062053309e-05,8.785786217337346e-08,352559.03229992866,"[1681383625.4139142, -1656468181.6356912]","[[1133150264.309785, -25892639.170602623], [-25892639.170602623, 3896578422.8910666]]","[[[828592540.9042424, -281176726.8924118], [-281176726.8924118, 4191359791.732071]], [[825732085.4453759, 243705043.77461553], [243705043.77461553, 4138668448.7167583]]]",168.6554500764143,772.4627320037096,6.0,1.4817177316217567e-06,3.527899340390918e-14,False,False,/private/tmp/oneD-v2-taylor-peierls-pf-runs/oneD_v2_Peak_TP/T600K_seed8666/steps_0600K.csv,e3f567f5dd85450027ba590f822d83e22d6d4a616d64850e9985fdc662ae9a24,/private/tmp/oneD-v2-taylor-peierls-pf-runs/oneD_v2_Peak_TP/T600K_seed8666/anisotropic_emission_audit_v10174.json,f8e4c847caa28f21a05fafc4a65ba39e4599555f94d4ec6ae168707c50aa7b5f,FULL_ACTIVE_AND_WAKE_SPATIAL_PROFILE_OBSERVER,PF_MODEL_NATIVE_DRIVING_TRAJECTORY_NOT_RESISTANCE
Peak,KINETIC_FINALIST,oneD_v2_peak_TP_6962e84b2eb78fbb,oneD_v2_Peak_TP,600.0,8666,100.0,7,0,151,552.759670014526,1.316094452415537e-05,2864565.444181508,1575.5871882028744,26.47536253086257,26.47536253086257,26.47536253086257,-1.5163892930453465e-13,26.475362510376105,10562141494.344042,19.102547884438565,21.9809590141333,2.8784111296947366,1.0000000015475874,9.999994381329781,0.00012739369592343016,4.715694815629624e-06,1.408957173960222e-09,352562.82356408634,"[1415679619.433754, -1421732031.7269464]","[[1010984084.0684788, -2470216.5692225043], [-2470216.5692225043, 3813018594.875286]]","[[[837462650.2233906, -539902122.0113294], [-539902122.0113294, 3668821889.090899]], [[841922674.7790112, 440171802.9649199], [440171802.9649199, 3685386738.2329044]]]",472.9747778108107,2166.2827312787776,6.0,3.360000846441835e-07,8.000002570118792e-15,False,False,/private/tmp/oneD-v2-taylor-peierls-pf-runs/oneD_v2_Peak_TP/T600K_seed8666/steps_0600K.csv,e3f567f5dd85450027ba590f822d83e22d6d4a616d64850e9985fdc662ae9a24,/private/tmp/oneD-v2-taylor-peierls-pf-runs/oneD_v2_Peak_TP/T600K_seed8666/anisotropic_emission_audit_v10174.json,f8e4c847caa28f21a05fafc4a65ba39e4599555f94d4ec6ae168707c50aa7b5f,FULL_ACTIVE_AND_WAKE_SPATIAL_PROFILE_OBSERVER,PF_MODEL_NATIVE_DRIVING_TRAJECTORY_NOT_RESISTANCE
Peak,KINETIC_FINALIST,oneD_v2_peak_TP_6962e84b2eb78fbb,oneD_v2_Peak_TP,600.0,8666,100.0,8,0,155,552.7596703505261,1.3160944532155373e-05,2857455.7328084926,1834.1314677006203,28.565111678503097,28.565111678503097,28.565111678503097,-1.9907619700140474e-14,28.56511167519336,11395830791.623228,21.9809590141333,24.278299109758198,2.297340095624899,1.000000000231733,9.999999159722485,4.926598033430477e-05,8.050352898031941e-07,1.860543555708697e-10,352562.9915686219,"[1882331685.1307147, -1872341849.851068]","[[2288340617.648144, 2954638.715719249], [2954638.715719249, 5096854080.031213]]","[[[1298883871.3930538, -229136159.24796197], [-229136159.24796197, 5063547241.654483]], [[1326648703.0687537, 259654518.63393795], [259654518.63393795, 5071332402.77089]]]",7891.2241322343425,36142.778364277685,12.0,3.0751347139812424e-06,7.321749916154151e-14,False,False,/private/tmp/oneD-v2-taylor-peierls-pf-runs/oneD_v2_Peak_TP/T600K_seed8666/steps_0600K.csv,e3f567f5dd85450027ba590f822d83e22d6d4a616d64850e9985fdc662ae9a24,/private/tmp/oneD-v2-taylor-peierls-pf-runs/oneD_v2_Peak_TP/T600K_seed8666/anisotropic_emission_audit_v10174.json,f8e4c847caa28f21a05fafc4a65ba39e4599555f94d4ec6ae168707c50aa7b5f,FULL_ACTIVE_AND_WAKE_SPATIAL_PROFILE_OBSERVER,PF_MODEL_NATIVE_DRIVING_TRAJECTORY_NOT_RESISTANCE
Peak,KINETIC_FINALIST,oneD_v2_peak_TP_6962e84b2eb78fbb,oneD_v2_Peak_TP,600.0,8666,100.0,9,0,165,552.7596734256608,1.3160944605372872e-05,2856887.3716251836,1875.482622626642,28.885322290628284,28.885322290628284,28.885322290628284,-2.148149980026996e-14,28.885322287201465,11523576343.386478,24.278299109758198,37.596235373684394,13.317936263926194,1.0000000002372709,9.99999914024375,4.983277979995156e-05,9.905514693922918e-07,2.1057017683179703e-10,352562.99088382605,"[1844323120.6992877, -1831702756.289528]","[[2346460780.448226, 20605100.233155552], [20605100.233155552, 4853666222.828638]]","[[[1228233120.8484967, -179951597.04167113], [-179951597.04167113, 4916879362.247072]], [[1257552157.744036, 211011231.23296046], [211011231.23296046, 4920957670.3230915]]]",10856.817762692443,49725.562417556386,12.0,2.192880401707953e-06,5.221144798786808e-14,False,False,/private/tmp/oneD-v2-taylor-peierls-pf-runs/oneD_v2_Peak_TP/T600K_seed8666/steps_0600K.csv,e3f567f5dd85450027ba590f822d83e22d6d4a616d64850e9985fdc662ae9a24,/private/tmp/oneD-v2-taylor-peierls-pf-runs/oneD_v2_Peak_TP/T600K_seed8666/anisotropic_emission_audit_v10174.json,f8e4c847caa28f21a05fafc4a65ba39e4599555f94d4ec6ae168707c50aa7b5f,FULL_ACTIVE_AND_WAKE_SPATIAL_PROFILE_OBSERVER,PF_MODEL_NATIVE_DRIVING_TRAJECTORY_NOT_RESISTANCE
Peak,KINETIC_FINALIST,oneD_v2_peak_TP_6962e84b2eb78fbb,oneD_v2_Peak_TP,600.0,8666,100.0,10,0,175,552.7596756185412,1.316094465758432e-05,2852227.214966679,2167.6610765473883,31.053916790478777,31.053916790478777,31.053916790478777,-1.3588747837095565e-13,31.053916787442752,12388720378.578743,37.596235373684394,47.19203139289072,9.595796019206325,1.000000000195533,9.999999291442554,4.521032088168867e-05,8.038772494928768e-07,1.4065005836540877e-09,352562.9961998215,"[1721364024.554545, -1662890539.8021665]","[[2105962127.8485332, 2942858.0000279555], [2942858.0000279555, 5042503894.136919]]","[[[1645717767.4495995, -526740997.8367844], [-526740997.8367844, 5088445816.558689]], [[1703328465.3268764, 557698836.6735032], [557698836.6735032, 5029109544.93121]]]",89505.03997099042,409944.10600290046,12.0,0.012144318410378219,2.8915043834426015e-10,False,False,/private/tmp/oneD-v2-taylor-peierls-pf-runs/oneD_v2_Peak_TP/T600K_seed8666/steps_0600K.csv,e3f567f5dd85450027ba590f822d83e22d6d4a616d64850e9985fdc662ae9a24,/private/tmp/oneD-v2-taylor-peierls-pf-runs/oneD_v2_Peak_TP/T600K_seed8666/anisotropic_emission_audit_v10174.json,f8e4c847caa28f21a05fafc4a65ba39e4599555f94d4ec6ae168707c50aa7b5f,FULL_ACTIVE_AND_WAKE_SPATIAL_PROFILE_OBSERVER,PF_MODEL_NATIVE_DRIVING_TRAJECTORY_NOT_RESISTANCE
Peak,KINETIC_FINALIST,oneD_v2_peak_TP_6962e84b2eb78fbb,oneD_v2_Peak_TP,600.0,8666,100.0,11,0,190,552.7718199369516,1.3161233808022664e-05,2870153.524012336,1301.2840121707943,24.060616019997216,24.060616019997216,24.060616019997216,-8.770792733899913e-10,24.06061124870779,9598795119.411848,47.19203139289072,59.93002512708252,12.7379937341918,1.0000003966058761,9.998562900758287,0.0020376046473848234,0.0016133872722821267,1.0072768699752985e-05,352512.4941154408,"[1625411244.9148092, -1638375814.7828784]","[[2145446606.1993725, -17365177.349526793], [-17365177.349526793, 4550371100.318518]]","[[[1293154197.9536152, -232607652.03369004], [-232607652.03369004, 4543976687.783234]], [[1261811092.863605, 210696316.1655568], [210696316.1655568, 4538562722.429362]]]",114.93674188189686,526.424432779782,18.0,0.0003621882074185123,8.623528754010115e-12,False,False,/private/tmp/oneD-v2-taylor-peierls-pf-runs/oneD_v2_Peak_TP/T600K_seed8666/steps_0600K.csv,e3f567f5dd85450027ba590f822d83e22d6d4a616d64850e9985fdc662ae9a24,/private/tmp/oneD-v2-taylor-peierls-pf-runs/oneD_v2_Peak_TP/T600K_seed8666/anisotropic_emission_audit_v10174.json,f8e4c847caa28f21a05fafc4a65ba39e4599555f94d4ec6ae168707c50aa7b5f,FULL_ACTIVE_AND_WAKE_SPATIAL_PROFILE_OBSERVER,PF_MODEL_NATIVE_DRIVING_TRAJECTORY_NOT_RESISTANCE
Peak,KINETIC_FINALIST,oneD_v2_peak_TP_6962e84b2eb78fbb,oneD_v2_Peak_TP,600.0,8666,100.0,12,0,200,552.772182125159,1.3161242431551418e-05,2867208.710654167,1347.9912694339744,24.48861565125069,24.48861565125069,24.48861565125069,-1.4272595659150644e-10,24.488613608131615,9769543356.697582,59.93002512708252,62.22736522270742,2.2973400956249024,1.0000001668627878,9.999395143672048,0.001321830109110218,0.0006263621195475573,1.6785432459390527e-06,352541.7549406574,"[1603802414.5461009, -1614756075.759877]","[[1759753769.3003497, -15868109.9068699], [-15868109.9068699, 3971191841.6098094]]","[[[1287136604.334636, -361162132.4958536], [-361162132.4958536, 4494741433.426838]], [[1257331506.8738241, 341333887.0406548], [341333887.0406548, 4486843658.393579]]]",80.00958173480097,366.4537378740868,8.0,7.998728506208863e-06,1.9044591377276755e-13,False,False,/private/tmp/oneD-v2-taylor-peierls-pf-runs/oneD_v2_Peak_TP/T600K_seed8666/steps_0600K.csv,e3f567f5dd85450027ba590f822d83e22d6d4a616d64850e9985fdc662ae9a24,/private/tmp/oneD-v2-taylor-peierls-pf-runs/oneD_v2_Peak_TP/T600K_seed8666/anisotropic_emission_audit_v10174.json,f8e4c847caa28f21a05fafc4a65ba39e4599555f94d4ec6ae168707c50aa7b5f,FULL_ACTIVE_AND_WAKE_SPATIAL_PROFILE_OBSERVER,PF_MODEL_NATIVE_DRIVING_TRAJECTORY_NOT_RESISTANCE
Peak,KINETIC_FINALIST,oneD_v2_peak_TP_6962e84b2eb78fbb,oneD_v2_Peak_TP,600.0,8666,100.0,13,0,210,552.7721901238875,1.3161242621997332e-05,2866263.826787954,1354.5924418183752,24.548503335232645,24.548503335232645,24.548503335232645,-3.826361544077536e-12,24.54850299359424,9793435764.705883,62.22736522270742,64.52470531833232,2.2973400956249024,1.0000000278337466,9.99989907985576,0.0005399111971208203,8.513414818782864e-05,4.6142696797145156e-08,352559.47285395546,"[1429334537.2766564, -1437289658.1570802]","[[1545567233.2643316, -14418944.48829293], [-14418944.48829293, 4038369727.8228617]]","[[[1225643638.0035365, -534551561.0444549], [-534551561.0444549, 4084312712.5568495]], [[1197583148.9002922, 514078145.47223765], [514078145.47223765, 4072162465.2144527]]]",63.89022151787313,292.62508291109316,6.0,0.0008529095247240548,2.030736963678538e-11,False,False,/private/tmp/oneD-v2-taylor-peierls-pf-runs/oneD_v2_Peak_TP/T600K_seed8666/steps_0600K.csv,e3f567f5dd85450027ba590f822d83e22d6d4a616d64850e9985fdc662ae9a24,/private/tmp/oneD-v2-taylor-peierls-pf-runs/oneD_v2_Peak_TP/T600K_seed8666/anisotropic_emission_audit_v10174.json,f8e4c847caa28f21a05fafc4a65ba39e4599555f94d4ec6ae168707c50aa7b5f,FULL_ACTIVE_AND_WAKE_SPATIAL_PROFILE_OBSERVER,PF_MODEL_NATIVE_DRIVING_TRAJECTORY_NOT_RESISTANCE
Peak,KINETIC_FINALIST,oneD_v2_peak_TP_6962e84b2eb78fbb,oneD_v2_Peak_TP,600.0,8666,100.0,14,0,222,552.7730430334123,1.3161262929366969e-05,2866268.2493398874,1362.9759589743107,24.624351002698727,24.624351002698727,24.624351002698727,-2.3393560217526164e-11,24.624350238614902,9823694437.596592,64.52470531833232,72.91419034841714,8.389485030084812,1.0000000620592082,9.999775126862117,0.0008059591464525998,0.00025362430725117127,3.137353857668699e-07,352555.11479600327,"[1538749170.6483414, -1544860741.103189]","[[1651178938.82012, -16692031.096674288], [-16692031.096674288, 3987015989.058866]]","[[[1332629991.0226219, -264460124.85265073], [-264460124.85265073, 4410128332.319305]], [[1309871214.953632, 238002697.85571793], [238002697.85571793, 4399592697.16001]]]",184.44894651013524,844.7988907080704,16.0,9.416514228632877e-05,2.2420271951375907e-12,False,False,/private/tmp/oneD-v2-taylor-peierls-pf-runs/oneD_v2_Peak_TP/T600K_seed8666/steps_0600K.csv,e3f567f5dd85450027ba590f822d83e22d6d4a616d64850e9985fdc662ae9a24,/private/tmp/oneD-v2-taylor-peierls-pf-runs/oneD_v2_Peak_TP/T600K_seed8666/anisotropic_emission_audit_v10174.json,f8e4c847caa28f21a05fafc4a65ba39e4599555f94d4ec6ae168707c50aa7b5f,FULL_ACTIVE_AND_WAKE_SPATIAL_PROFILE_OBSERVER,PF_MODEL_NATIVE_DRIVING_TRAJECTORY_NOT_RESISTANCE
Peak,KINETIC_FINALIST,oneD_v2_peak_TP_6962e84b2eb78fbb,oneD_v2_Peak_TP,600.0,8666,100.0,15,0,232,552.7731371985545,1.3161265171394164e-05,2839619.50519572,1430.6608073194195,25.22836091046096,25.22836091046096,25.22836091046096,-5.259700774637172e-13,25.22836082220825,10064659797.201921,72.91419034841714,80.57571727409683,7.661526925679691,1.00000000699631,9.999974648686432,0.00027057009686300604,2.8737963774618353e-05,7.949247808014204e-09,352562.1297850631,"[1546798120.8176415, -1519674472.9623039]","[[1769447112.2016802, -304570.4790373569], [-304570.4790373569, 4109044867.9448357]]","[[[969854698.8154436, -180580398.75259545], [-180580398.75259545, 4063450940.450727]], [[1017782669.273623, 193359083.08822185], [193359083.08822185, 4057131615.1982307]]]",216.60012004246374,992.0552250432805,10.0,0.0001673001295330323,3.983336414959738e-12,False,False,/private/tmp/oneD-v2-taylor-peierls-pf-runs/oneD_v2_Peak_TP/T600K_seed8666/steps_0600K.csv,e3f567f5dd85450027ba590f822d83e22d6d4a616d64850e9985fdc662ae9a24,/private/tmp/oneD-v2-taylor-peierls-pf-runs/oneD_v2_Peak_TP/T600K_seed8666/anisotropic_emission_audit_v10174.json,f8e4c847caa28f21a05fafc4a65ba39e4599555f94d4ec6ae168707c50aa7b5f,FULL_ACTIVE_AND_WAKE_SPATIAL_PROFILE_OBSERVER,PF_MODEL_NATIVE_DRIVING_TRAJECTORY_NOT_RESISTANCE
Peak,KINETIC_FINALIST,oneD_v2_peak_TP_6962e84b2eb78fbb,oneD_v2_Peak_TP,600.0,8666,100.0,16,0,242,552.7733044986841,1.3161269154730579e-05,2838454.3523968323,1399.0809083917075,24.948366219866614,24.948366219866614,24.948366219866614,-2.933193001827059e-12,24.948365937993557,9952957999.592577,80.57571727409683,85.8144981030469,5.238780828950074,1.0000000225965149,9.999918121479249,0.0004862579168356229,9.255871146715792e-05,4.877532704386534e-08,352560.1423447656,"[1544270881.1476216, -1518816986.8462021]","[[1661129176.3087773, 6010993.019677422], [6010993.019677422, 3839768864.646717]]","[[[997455546.6926049, -54956527.13195313], [-54956527.13195313, 4085997308.9878483]], [[1037613790.3893976, 55487605.18215933], [55487605.18215933, 4075247764.081802]]]",129.39703718497987,592.6543661162912,8.0,4.081322163074219e-05,9.717433766833448e-13,False,False,/private/tmp/oneD-v2-taylor-peierls-pf-runs/oneD_v2_Peak_TP/T600K_seed8666/steps_0600K.csv,e3f567f5dd85450027ba590f822d83e22d6d4a616d64850e9985fdc662ae9a24,/private/tmp/oneD-v2-taylor-peierls-pf-runs/oneD_v2_Peak_TP/T600K_seed8666/anisotropic_emission_audit_v10174.json,f8e4c847caa28f21a05fafc4a65ba39e4599555f94d4ec6ae168707c50aa7b5f,FULL_ACTIVE_AND_WAKE_SPATIAL_PROFILE_OBSERVER,PF_MODEL_NATIVE_DRIVING_TRAJECTORY_NOT_RESISTANCE
Peak,KINETIC_FINALIST,oneD_v2_peak_TP_6962e84b2eb78fbb,oneD_v2_Peak_TP,600.0,8666,100.0,17,0,252,552.7733453119057,1.3161270126473956e-05,2837225.681357661,1394.1370009436982,24.904247409795445,24.904247409795445,24.904247409795445,-1.3876403324893966e-12,24.904247177428108,9935357160.644112,85.8144981030469,88.1118381986718,2.2973400956249024,1.000000018660861,9.99993238179237,0.00044190413272656673,7.634206275446134e-05,2.415946773843909e-08,352560.64372312784,"[1675053069.8402383, -1653973429.3053615]","[[1539665497.9747221, -1596133.167808843], [-1596133.167808843, 3843492006.687569]]","[[[1077935335.5050185, -293795733.5992663], [-293795733.5992663, 4428041475.185495]], [[1112213675.7821937, 299918165.84940726], [299918165.84940726, 4420160534.392917]]]",92.6782985615634,424.47802114835025,6.0,0.00017040483760411007,4.057258040751871e-12,False,False,/private/tmp/oneD-v2-taylor-peierls-pf-runs/oneD_v2_Peak_TP/T600K_seed8666/steps_0600K.csv,e3f567f5dd85450027ba590f822d83e22d6d4a616d64850e9985fdc662ae9a24,/private/tmp/oneD-v2-taylor-peierls-pf-runs/oneD_v2_Peak_TP/T600K_seed8666/anisotropic_emission_audit_v10174.json,f8e4c847caa28f21a05fafc4a65ba39e4599555f94d4ec6ae168707c50aa7b5f,FULL_ACTIVE_AND_WAKE_SPATIAL_PROFILE_OBSERVER,PF_MODEL_NATIVE_DRIVING_TRAJECTORY_NOT_RESISTANCE
Peak,KINETIC_FINALIST,oneD_v2_peak_TP_6962e84b2eb78fbb,oneD_v2_Peak_TP,600.0,8666,100.0,18,0,262,552.7735157167433,1.3161274183731996e-05,2836387.650920833,1404.4345053894965,24.996053230337214,24.996053230337214,24.996053230337214,-1.462581464176577e-12,24.996053041700453,9971982401.491146,88.1118381986718,94.44861849005173,6.3367802913799185,1.0000000150933237,9.999945308962465,0.0003974123197607196,6.172365301858335e-05,2.9308389894078628e-08,352561.0982295758,"[1486112722.2825563, -1460530077.3632326]","[[1382878894.435545, -3672306.0808069264], [-3672306.0808069264, 3935773563.5780206]]","[[[1042874827.5240333, -493079392.35888445], [-493079392.35888445, 4015100272.089146]], [[1071400968.497794, 494618092.3397826], [494618092.3397826, 3992461123.2242594]]]",170.00160584133098,778.6282911919773,10.0,4.200001058052294e-07,1.000000321264849e-14,False,False,/private/tmp/oneD-v2-taylor-peierls-pf-runs/oneD_v2_Peak_TP/T600K_seed8666/steps_0600K.csv,e3f567f5dd85450027ba590f822d83e22d6d4a616d64850e9985fdc662ae9a24,/private/tmp/oneD-v2-taylor-peierls-pf-runs/oneD_v2_Peak_TP/T600K_seed8666/anisotropic_emission_audit_v10174.json,f8e4c847caa28f21a05fafc4a65ba39e4599555f94d4ec6ae168707c50aa7b5f,FULL_ACTIVE_AND_WAKE_SPATIAL_PROFILE_OBSERVER,PF_MODEL_NATIVE_DRIVING_TRAJECTORY_NOT_RESISTANCE
Peak,KINETIC_FINALIST,oneD_v2_peak_TP_6962e84b2eb78fbb,oneD_v2_Peak_TP,600.0,8666,100.0,19,0,267,552.7735161367434,1.3161274193732e-05,2843159.077342128,1696.6252210017378,27.473478779596572,27.473478779596572,27.473478779596572,-7.690189340803805e-14,27.47347873800627,10960332258.300497,94.44861849005173,96.74569264369183,2.2970741536401054,1.000000003027669,9.999989028504748,0.00017799717434573855,9.375315051393767e-06,1.6312036017097009e-09,352562.635365091,"[1747817042.8329957, -1708619107.553461]","[[2193711241.5571203, 65308346.93281522], [65308346.93281522, 4781704337.385355]]","[[[1253820463.2722163, -185176571.04543298], [-185176571.04543298, 4749454548.938208]], [[1341208404.95938, 276225140.29265785], [276225140.29265785, 4758446620.066302]]]",3939.1080363742412,18041.599924916613,18.0,4.200001058052294e-07,1.0000004906714384e-14,False,False,/private/tmp/oneD-v2-taylor-peierls-pf-runs/oneD_v2_Peak_TP/T600K_seed8666/steps_0600K.csv,e3f567f5dd85450027ba590f822d83e22d6d4a616d64850e9985fdc662ae9a24,/private/tmp/oneD-v2-taylor-peierls-pf-runs/oneD_v2_Peak_TP/T600K_seed8666/anisotropic_emission_audit_v10174.json,f8e4c847caa28f21a05fafc4a65ba39e4599555f94d4ec6ae168707c50aa7b5f,FULL_ACTIVE_AND_WAKE_SPATIAL_PROFILE_OBSERVER,PF_MODEL_NATIVE_DRIVING_TRAJECTORY_NOT_RESISTANCE
Peak,KINETIC_FINALIST,oneD_v2_peak_TP_6962e84b2eb78fbb,oneD_v2_Peak_TP,600.0,8666,100.0,20,0,272,552.7735165567435,1.3161274203732004e-05,2842662.507711034,1691.563724053168,27.432467720263627,27.432467720263627,27.432467720263627,-6.869378067252879e-15,27.43246771501217,10943971227.265635,96.74569264369183,99.04276679733192,2.297074153640092,1.0000000003828649,9.999998612565847,6.329503079226904e-05,1.2332338533915935e-06,1.5473745373475863e-10,352562.9723311855,"[1722832634.010352, -1684915974.1350348]","[[2198867180.897812, 53601717.0574477], [53601717.0574477, 4543653559.108872]]","[[[1149347107.9649537, -145962128.5288431], [-145962128.5288431, 4595012375.985658]], [[1219695675.0373397, 221410349.68110213], [221410349.68110213, 4589527623.307409]]]",2099.0374424323318,9613.849991949399,10.0,1.2496730050770566e-06,2.9754115973357545e-14,False,False,/private/tmp/oneD-v2-taylor-peierls-pf-runs/oneD_v2_Peak_TP/T600K_seed8666/steps_0600K.csv,e3f567f5dd85450027ba590f822d83e22d6d4a616d64850e9985fdc662ae9a24,/private/tmp/oneD-v2-taylor-peierls-pf-runs/oneD_v2_Peak_TP/T600K_seed8666/anisotropic_emission_audit_v10174.json,f8e4c847caa28f21a05fafc4a65ba39e4599555f94d4ec6ae168707c50aa7b5f,FULL_ACTIVE_AND_WAKE_SPATIAL_PROFILE_OBSERVER,PF_MODEL_NATIVE_DRIVING_TRAJECTORY_NOT_RESISTANCE
Peak,KINETIC_FINALIST,oneD_v2_peak_TP_6962e84b2eb78fbb,oneD_v2_Peak_TP,600.0,8666,100.0,21,0,282,552.7735178064165,1.316127423348612e-05,2842157.171712312,1685.7252179866505,27.385084618535938,27.385084618535938,27.385084618535938,-1.4690301415598382e-15,27.385084615975657,10925068105.68352,99.04276679733192,104.28775434413835,5.244987546806435,1.0000000001869838,9.999999322463752,4.423427359530156e-05,7.814262272719297e-07,3.843319150109178e-11,352562.99729050015,"[1770485711.7309976, -1745568091.0135705]","[[2260963212.8331327, 52201050.36625782], [52201050.36625782, 4696404662.65189]]","[[[1207117289.7729678, -191978248.29358086], [-191978248.29358086, 4748088713.234963]], [[1198245053.4185996, 293658061.7535393], [293658061.7535393, 4689381235.445741]]]",1200.1628169932733,5496.893507110803,6.0,,,False,True,/private/tmp/oneD-v2-taylor-peierls-pf-runs/oneD_v2_Peak_TP/T600K_seed8666/steps_0600K.csv,e3f567f5dd85450027ba590f822d83e22d6d4a616d64850e9985fdc662ae9a24,/private/tmp/oneD-v2-taylor-peierls-pf-runs/oneD_v2_Peak_TP/T600K_seed8666/anisotropic_emission_audit_v10174.json,f8e4c847caa28f21a05fafc4a65ba39e4599555f94d4ec6ae168707c50aa7b5f,FULL_ACTIVE_AND_WAKE_SPATIAL_PROFILE_OBSERVER,PF_MODEL_NATIVE_DRIVING_TRAJECTORY_NOT_RESISTANCE
Peak,KINETIC_FINALIST,oneD_v2_peak_TP_6962e84b2eb78fbb,oneD_v2_Peak_TP,1000.0,8666,100.0,0,0,146,1176.527667674238,2.8012563516053372e-05,6102252.884358329,5087.852387891363,47.57600232488323,47.57600232488323,47.57600232488323,-3.693100345934032,18.823808223696513,7509612978.600729,0.0,2.2973400956249024,2.2973400956249024,6.387941263669079,0.16063485064861457,7.480470169775849,0.5675345561637115,22177.46631129314,36177.40793726599,"[2750664770.1767583, -2743299445.3523874]","[[-176865407.34163317, -8084448.837085949], [-8084448.837085949, 5494109489.360545]]","[[[-37216388.26269979, 49400884.94156239], [49400884.94156239, 5464113152.0908165]], [[-34397752.67707338, -59494923.70933271], [-59494923.70933271, 5452201138.027701]]]",882208.4275657742,4040623.2460640506,10.0,0.5936712632328636,1.4135030076970536e-08,False,False,/private/tmp/oneD-v2-taylor-peierls-pf-runs/oneD_v2_Peak_TP/T1000K_seed8666/steps_1000K.csv,953508f11e2bc3fe7e5cdef7cbb07b68960f57e7544078588b72401ad9f1a5a8,/private/tmp/oneD-v2-taylor-peierls-pf-runs/oneD_v2_Peak_TP/T1000K_seed8666/anisotropic_emission_audit_v10174.json,0a903609b8997f1c9fb2a604e0d85b9b00cce421f466204b6001c9528266686a,FULL_ACTIVE_AND_WAKE_SPATIAL_PROFILE_OBSERVER,PF_MODEL_NATIVE_DRIVING_TRAJECTORY_NOT_RESISTANCE
Peak,KINETIC_FINALIST,oneD_v2_peak_TP_6962e84b2eb78fbb,oneD_v2_Peak_TP,1000.0,8666,100.0,1,0,147,1177.121338937471,2.8026698546130342e-05,6105187.662054085,5237.794958726888,48.271961002756825,48.271961002756825,48.271961002756825,-0.8487287330273319,33.52660621325831,13375180736.838114,2.2973400956249024,4.594680191249805,2.2973400956249024,2.073054391651493,0.359373742808847,3.3419331799311722,0.12291647206107977,3485.610696984236,26265.99146217363,"[3014643440.9703326, -3006164577.8494873]","[[593429457.6407714, -11142148.840588935], [-11142148.840588935, 6224839402.028529]]","[[[-40655362.50857723, -109755544.78604369], [-109755544.78604369, 5988631519.432088]], [[-38023345.92680316, 93901541.76727223], [93901541.76727223, 5974305809.772172]]]",1334398545.1703768,6111709673.876905,102.0,4.200001058052294e-07,1.0000006600780278e-14,False,False,/private/tmp/oneD-v2-taylor-peierls-pf-runs/oneD_v2_Peak_TP/T1000K_seed8666/steps_1000K.csv,953508f11e2bc3fe7e5cdef7cbb07b68960f57e7544078588b72401ad9f1a5a8,/private/tmp/oneD-v2-taylor-peierls-pf-runs/oneD_v2_Peak_TP/T1000K_seed8666/anisotropic_emission_audit_v10174.json,0a903609b8997f1c9fb2a604e0d85b9b00cce421f466204b6001c9528266686a,FULL_ACTIVE_AND_WAKE_SPATIAL_PROFILE_OBSERVER,PF_MODEL_NATIVE_DRIVING_TRAJECTORY_NOT_RESISTANCE
Peak,KINETIC_FINALIST,oneD_v2_peak_TP_6962e84b2eb78fbb,oneD_v2_Peak_TP,1000.0,8666,100.0,2,0,152,1177.121339357471,2.802669855613035e-05,6105003.771325464,5382.908810256118,48.936083288492576,48.936083288492576,48.936083288492576,-0.42741618900766837,46.827708641706366,18681552871.496212,4.594680191249805,6.892020286874707,2.2973400956249024,1.0920753343268124,1.2141882271955908,0.9824570854904677,0.0965825019764249,469.5726515890518,46749.32825380683,"[3166236889.894952, -3157134216.46292]","[[1079380081.6510456, -11319862.510891661], [-11319862.510891661, 6581763005.202983]]","[[[139798622.70535448, -147109962.6181151], [-147109962.6181151, 6472272402.495257]], [[142144291.3528894, 128971536.51058662], [128971536.51058662, 6456412724.278729]]]",189235301973.0205,866720988188.6208,18.0,2.5200006348313764e-07,6.000001927589094e-15,False,False,/private/tmp/oneD-v2-taylor-peierls-pf-runs/oneD_v2_Peak_TP/T1000K_seed8666/steps_1000K.csv,953508f11e2bc3fe7e5cdef7cbb07b68960f57e7544078588b72401ad9f1a5a8,/private/tmp/oneD-v2-taylor-peierls-pf-runs/oneD_v2_Peak_TP/T1000K_seed8666/anisotropic_emission_audit_v10174.json,0a903609b8997f1c9fb2a604e0d85b9b00cce421f466204b6001c9528266686a,FULL_ACTIVE_AND_WAKE_SPATIAL_PROFILE_OBSERVER,PF_MODEL_NATIVE_DRIVING_TRAJECTORY_NOT_RESISTANCE
Peak,KINETIC_FINALIST,oneD_v2_peak_TP_6962e84b2eb78fbb,oneD_v2_Peak_TP,1000.0,8666,100.0,3,0,155,1177.121339609471,2.802669856213035e-05,6104675.797355504,5574.99424213283,49.801555408317704,49.801555408317704,49.801555408317704,-0.36786829778644997,49.67038668679166,19815617333.249626,6.892020286874707,9.18936038249961,2.2973400956249024,1.0052885400885159,4.4039889685922695,0.24499610195340288,0.10391746194184684,230.9052873462282,156089.50854688179,"[3389874279.902431, -3380333626.6731057]","[[1327202323.0224733, -15406885.534158273], [-15406885.534158273, 6773860038.501637]]","[[[317511935.26171386, -185575330.23337498], [-185575330.23337498, 7097260495.066576]], [[319693066.9619046, 161911175.76009408], [161911175.76009408, 7080360320.308117]]]",743758759648.5688,3406506716323.2383,30.0,1.2154123396612704e-06,2.893840630449271e-14,False,False,/private/tmp/oneD-v2-taylor-peierls-pf-runs/oneD_v2_Peak_TP/T1000K_seed8666/steps_1000K.csv,953508f11e2bc3fe7e5cdef7cbb07b68960f57e7544078588b72401ad9f1a5a8,/private/tmp/oneD-v2-taylor-peierls-pf-runs/oneD_v2_Peak_TP/T1000K_seed8666/anisotropic_emission_audit_v10174.json,0a903609b8997f1c9fb2a604e0d85b9b00cce421f466204b6001c9528266686a,FULL_ACTIVE_AND_WAKE_SPATIAL_PROFILE_OBSERVER,PF_MODEL_NATIVE_DRIVING_TRAJECTORY_NOT_RESISTANCE
Peak,KINETIC_FINALIST,oneD_v2_peak_TP_6962e84b2eb78fbb,oneD_v2_Peak_TP,1000.0,8666,100.0,4,0,165,1177.1213408248834,2.8026698591068757e-05,6104135.0858919555,5833.933220160524,50.94498305065458,50.94498305065458,50.94498305065458,-0.2962950658256785,50.939319106729236,20321848126.534832,9.18936038249961,14.507867693188759,5.31850731068915,1.000222392403813,7.853554472913215,0.09472838585210921,0.09580110285398709,211.77640150694967,276948.8667736117,"[3308473220.9205074, -3298630165.9363217]","[[1798180209.8868482, -18274204.215685997], [-18274204.215685997, 7404985964.752313]]","[[[721279381.2318089, -372192777.666519], [-372192777.666519, 7338225823.0728245]], [[717743837.5688852, 344212899.5141878], [344212899.5141878, 7315004169.441529]]]",203976296077.85892,934236556606.4506,6.0,3.360000846441835e-07,8.000002570118792e-15,False,False,/private/tmp/oneD-v2-taylor-peierls-pf-runs/oneD_v2_Peak_TP/T1000K_seed8666/steps_1000K.csv,953508f11e2bc3fe7e5cdef7cbb07b68960f57e7544078588b72401ad9f1a5a8,/private/tmp/oneD-v2-taylor-peierls-pf-runs/oneD_v2_Peak_TP/T1000K_seed8666/anisotropic_emission_audit_v10174.json,0a903609b8997f1c9fb2a604e0d85b9b00cce421f466204b6001c9528266686a,FULL_ACTIVE_AND_WAKE_SPATIAL_PROFILE_OBSERVER,PF_MODEL_NATIVE_DRIVING_TRAJECTORY_NOT_RESISTANCE
Peak,KINETIC_FINALIST,oneD_v2_peak_TP_6962e84b2eb78fbb,oneD_v2_Peak_TP,1000.0,8666,100.0,5,0,169,1177.1213411608835,2.802669859906876e-05,6102027.916485514,6612.5678378326065,54.23826211412727,54.23826211412727,54.23826211412727,-0.2666102003013871,54.23471347257545,21636520269.667553,14.507867693188759,16.80520778881366,2.2973400956249024,1.0001308666505457,8.085804041946226,0.08745022948976058,0.0902598350532963,208.08782328255083,285112.85699721356,"[3193666096.7421, -3148993021.34931]","[[2182410026.747935, -47767243.52051281], [-47767243.52051281, 7925743248.866999]]","[[[1395445247.4992883, -906926829.7610468], [-906926829.7610468, 7782777440.983489]], [[1374651633.2829475, 852400670.6499492], [852400670.6499492, 7672637675.981568]]]",1214913384525.3474,5564452923004.381,18.0,5.040001269662753e-07,1.2000003855178187e-14,False,False,/private/tmp/oneD-v2-taylor-peierls-pf-runs/oneD_v2_Peak_TP/T1000K_seed8666/steps_1000K.csv,953508f11e2bc3fe7e5cdef7cbb07b68960f57e7544078588b72401ad9f1a5a8,/private/tmp/oneD-v2-taylor-peierls-pf-runs/oneD_v2_Peak_TP/T1000K_seed8666/anisotropic_emission_audit_v10174.json,0a903609b8997f1c9fb2a604e0d85b9b00cce421f466204b6001c9528266686a,FULL_ACTIVE_AND_WAKE_SPATIAL_PROFILE_OBSERVER,PF_MODEL_NATIVE_DRIVING_TRAJECTORY_NOT_RESISTANCE
Peak,KINETIC_FINALIST,oneD_v2_peak_TP_6962e84b2eb78fbb,oneD_v2_Peak_TP,1000.0,8666,100.0,6,0,175,1177.1213416648836,2.8026698611068764e-05,6102027.919098177,6617.373901301724,54.257968920097966,54.257968920097966,54.257968920097966,-0.23752644858300767,54.25214384659208,21643473982.825996,16.80520778881366,19.102547884438565,2.2973400956249024,1.0002147522959666,8.064365856149863,0.0881183359887208,0.08893802085384778,205.5023571123416,284380.7772721001,"[3580566133.2961936, -3527507811.066851]","[[2413083724.021896, -55139294.51590528], [-55139294.51590528, 8297902112.197521]]","[[[1764517237.720339, -598775824.0087538], [-598775824.0087538, 8925649504.312727]], [[1758425796.2509391, 518978544.2558009], [518978544.2558009, 8813441418.384642]]]",406321691757.26636,1861003388535.5015,6.0,6.72000169288367e-07,1.6000005140237583e-14,False,False,/private/tmp/oneD-v2-taylor-peierls-pf-runs/oneD_v2_Peak_TP/T1000K_seed8666/steps_1000K.csv,953508f11e2bc3fe7e5cdef7cbb07b68960f57e7544078588b72401ad9f1a5a8,/private/tmp/oneD-v2-taylor-peierls-pf-runs/oneD_v2_Peak_TP/T1000K_seed8666/anisotropic_emission_audit_v10174.json,0a903609b8997f1c9fb2a604e0d85b9b00cce421f466204b6001c9528266686a,FULL_ACTIVE_AND_WAKE_SPATIAL_PROFILE_OBSERVER,PF_MODEL_NATIVE_DRIVING_TRAJECTORY_NOT_RESISTANCE
Peak,KINETIC_FINALIST,oneD_v2_peak_TP_6962e84b2eb78fbb,oneD_v2_Peak_TP,1000.0,8666,100.0,7,0,183,1177.1213423368838,2.802669862706877e-05,6100193.816198988,7145.1641546086585,56.38022448411576,56.38022448411576,56.38022448411576,-0.2016047968764131,56.37575671776399,22490672944.341152,19.102547884438565,21.9809590141333,2.8784111296947366,1.0001585058417535,8.01064462084278,0.08980040732716746,0.08058854646436948,201.79621145161036,282470.47298228997,"[3014740011.5190115, -3027628838.3806953]","[[2152926500.7496734, -5260413.8861104725], [-5260413.8861104725, 8119958474.244629]]","[[[1783406446.7150078, -1149740737.3729167], [-1149740737.3729167, 7812886469.753031]], [[1792904227.3537967, 937361482.1633034], [937361482.1633034, 7848161904.115188]]]",790712684363.0922,3621561474096.2236,8.0,3.360000846441835e-07,8.000002570118792e-15,False,False,/private/tmp/oneD-v2-taylor-peierls-pf-runs/oneD_v2_Peak_TP/T1000K_seed8666/steps_1000K.csv,953508f11e2bc3fe7e5cdef7cbb07b68960f57e7544078588b72401ad9f1a5a8,/private/tmp/oneD-v2-taylor-peierls-pf-runs/oneD_v2_Peak_TP/T1000K_seed8666/anisotropic_emission_audit_v10174.json,0a903609b8997f1c9fb2a604e0d85b9b00cce421f466204b6001c9528266686a,FULL_ACTIVE_AND_WAKE_SPATIAL_PROFILE_OBSERVER,PF_MODEL_NATIVE_DRIVING_TRAJECTORY_NOT_RESISTANCE
Peak,KINETIC_FINALIST,oneD_v2_peak_TP_6962e84b2eb78fbb,oneD_v2_Peak_TP,1000.0,8666,100.0,8,0,187,1177.1213426728839,2.802669863506877e-05,6085053.431446812,8317.642151147124,60.83041946833418,60.83041946833418,60.83041946833418,-0.17343374743435752,60.82667241991095,24266331404.430206,21.9809590141333,24.278299109758198,2.297340095624899,1.0001232079180764,7.291248678649073,0.1128029084854215,0.07228458858570638,197.8688781579947,257094.13831361284,"[4008492152.026409, -3987218443.12865]","[[4873102588.383015, 6292008.043849235], [6292008.043849235, 10853931717.35838]]","[[[2766019318.4875264, -487953586.15405], [-487953586.15405, 10783003622.540344]], [[2825145513.277499, 552943515.9617255], [552943515.9617255, 10799582399.5348]]]",2268461388312.7627,10389832529379.113,12.0,3.07513482766808e-06,7.321751102000278e-14,False,False,/private/tmp/oneD-v2-taylor-peierls-pf-runs/oneD_v2_Peak_TP/T1000K_seed8666/steps_1000K.csv,953508f11e2bc3fe7e5cdef7cbb07b68960f57e7544078588b72401ad9f1a5a8,/private/tmp/oneD-v2-taylor-peierls-pf-runs/oneD_v2_Peak_TP/T1000K_seed8666/anisotropic_emission_audit_v10174.json,0a903609b8997f1c9fb2a604e0d85b9b00cce421f466204b6001c9528266686a,FULL_ACTIVE_AND_WAKE_SPATIAL_PROFILE_OBSERVER,PF_MODEL_NATIVE_DRIVING_TRAJECTORY_NOT_RESISTANCE
Peak,KINETIC_FINALIST,oneD_v2_peak_TP_6962e84b2eb78fbb,oneD_v2_Peak_TP,1000.0,8666,100.0,9,0,197,1177.1213457480187,2.8026698708286282e-05,6083843.068176065,8505.166340773105,61.512319153800455,61.512319153800455,61.512319153800455,-0.04225746310298618,61.50763553579584,24537996382.75059,24.278299109758198,37.596235373684394,13.317936263926194,1.0001522996709398,4.956459873054863,0.21058868633145172,0.01631852297968157,92.44851633898573,174773.06051279008,"[3927551553.059727, -3900676039.066854]","[[4996871523.764728, 43879292.36119848], [43879292.36119848, 10336054511.03182]]","[[[2615566029.1667747, -383213313.6023461], [-383213313.6023461, 10470669135.28623]], [[2678001958.9672036, 449355907.12967455], [449355907.12967455, 10479354037.100912]]]",2466321633761.5737,11296056820886.232,12.0,2.192880401707953e-06,5.2211453070065764e-14,False,False,/private/tmp/oneD-v2-taylor-peierls-pf-runs/oneD_v2_Peak_TP/T1000K_seed8666/steps_1000K.csv,953508f11e2bc3fe7e5cdef7cbb07b68960f57e7544078588b72401ad9f1a5a8,/private/tmp/oneD-v2-taylor-peierls-pf-runs/oneD_v2_Peak_TP/T1000K_seed8666/anisotropic_emission_audit_v10174.json,0a903609b8997f1c9fb2a604e0d85b9b00cce421f466204b6001c9528266686a,FULL_ACTIVE_AND_WAKE_SPATIAL_PROFILE_OBSERVER,PF_MODEL_NATIVE_DRIVING_TRAJECTORY_NOT_RESISTANCE
Peak,KINETIC_FINALIST,oneD_v2_peak_TP_6962e84b2eb78fbb,oneD_v2_Peak_TP,1000.0,8666,100.0,10,0,207,1177.121347940899,2.8026698760497735e-05,6073919.086370289,9830.17263206945,66.13041798019847,66.13041798019847,66.13041798019847,-0.00717989784251723,66.12552110046201,26380266180.55137,37.596235373684394,47.19203139289072,9.595796019206325,1.0001481141009552,6.292733518802715,0.14842419520918004,0.0012016057393296124,24.986148644274888,221891.3744185296,"[3665705785.4541135, -3541184424.3155665]","[[4484721096.689219, 6266920.559853237], [6266920.559853237, 10738191012.61628]]","[[[3504614396.0896196, -1121713650.1419828], [-1121713650.1419828, 10836025966.997847]], [[3627298421.955347, 1187639466.7096217], [1187639466.7096217, 10709667270.586481]]]",3958891646746.951,18132211296861.47,12.0,2.9109514798619784e-06,6.930836926512945e-14,False,False,/private/tmp/oneD-v2-taylor-peierls-pf-runs/oneD_v2_Peak_TP/T1000K_seed8666/steps_1000K.csv,953508f11e2bc3fe7e5cdef7cbb07b68960f57e7544078588b72401ad9f1a5a8,/private/tmp/oneD-v2-taylor-peierls-pf-runs/oneD_v2_Peak_TP/T1000K_seed8666/anisotropic_emission_audit_v10174.json,0a903609b8997f1c9fb2a604e0d85b9b00cce421f466204b6001c9528266686a,FULL_ACTIVE_AND_WAKE_SPATIAL_PROFILE_OBSERVER,PF_MODEL_NATIVE_DRIVING_TRAJECTORY_NOT_RESISTANCE
Peak,KINETIC_FINALIST,oneD_v2_peak_TP_6962e84b2eb78fbb,oneD_v2_Peak_TP,1000.0,8666,100.0,11,0,217,1177.1213508518506,2.8026698829806105e-05,6111959.531010399,5900.961465203124,51.23681021767233,51.23681021767233,51.23681021767233,-0.00013381684420997998,51.23460390846005,20439649718.705208,47.19203139289072,59.93002512708252,12.7379937341918,1.0000861275992776,9.435652926141563,0.04218149120130766,0.0029985014778772935,0.8791480537051165,332694.8819242407,"[3461294898.3581448, -3488902803.547767]","[[4568704330.039806, -36978949.14720534], [-36978949.14720534, 9689963893.411057]]","[[[2753757267.3811917, -495335369.3240115], [-495335369.3240115, 9676347064.09748]], [[2687012478.893868, 448675426.928599], [448675426.928599, 9664818085.989403]]]",581399754492.1309,2662882477487.6533,16.0,5.040001269662753e-07,1.2000003855178187e-14,False,False,/private/tmp/oneD-v2-taylor-peierls-pf-runs/oneD_v2_Peak_TP/T1000K_seed8666/steps_1000K.csv,953508f11e2bc3fe7e5cdef7cbb07b68960f57e7544078588b72401ad9f1a5a8,/private/tmp/oneD-v2-taylor-peierls-pf-runs/oneD_v2_Peak_TP/T1000K_seed8666/anisotropic_emission_audit_v10174.json,0a903609b8997f1c9fb2a604e0d85b9b00cce421f466204b6001c9528266686a,FULL_ACTIVE_AND_WAKE_SPATIAL_PROFILE_OBSERVER,PF_MODEL_NATIVE_DRIVING_TRAJECTORY_NOT_RESISTANCE
Peak,KINETIC_FINALIST,oneD_v2_peak_TP_6962e84b2eb78fbb,oneD_v2_Peak_TP,1000.0,8666,100.0,12,0,223,1177.1213513558507,2.802669884180611e-05,6105684.5862412285,6112.757895226686,52.148196454841795,52.148196454841795,52.148196454841795,-0.00010679893054530017,52.144293140046024,20802563215.210743,59.93002512708252,62.22736522270742,2.2973400956249024,1.0001497176643517,9.396932022311107,0.04373977431141853,0.0065007504896255255,0.8271879648102314,331350.6759200502,"[3415276901.7071075, -3438602584.3430953]","[[3747373333.818326, -33790938.800912656], [-33790938.800912656, 8456602662.452119]]","[[[2740941074.945266, -769090180.7461488], [-769090180.7461488, 9571494878.359482]], [[2677471497.9027276, 726866183.5191067], [726866183.5191067, 9554676666.588919]]]",354585611784.76245,1624045770737.7021,8.0,8.400002116104588e-08,2.000000642529698e-15,False,False,/private/tmp/oneD-v2-taylor-peierls-pf-runs/oneD_v2_Peak_TP/T1000K_seed8666/steps_1000K.csv,953508f11e2bc3fe7e5cdef7cbb07b68960f57e7544078588b72401ad9f1a5a8,/private/tmp/oneD-v2-taylor-peierls-pf-runs/oneD_v2_Peak_TP/T1000K_seed8666/anisotropic_emission_audit_v10174.json,0a903609b8997f1c9fb2a604e0d85b9b00cce421f466204b6001c9528266686a,FULL_ACTIVE_AND_WAKE_SPATIAL_PROFILE_OBSERVER,PF_MODEL_NATIVE_DRIVING_TRAJECTORY_NOT_RESISTANCE
Peak,KINETIC_FINALIST,oneD_v2_peak_TP_6962e84b2eb78fbb,oneD_v2_Peak_TP,1000.0,8666,100.0,13,0,224,1177.1213514398507,2.802669884380611e-05,6103672.380145681,6142.692161918197,52.275725765651366,52.275725765651366,52.275725765651366,-2.067950214289359e-05,52.274859196633315,20854651535.5687,62.22736522270742,64.52470531833232,2.2973400956249024,1.0000331546067842,9.83833732919287,0.02187518875864725,0.002050801596128096,0.17160654083575133,346874.89326932735,"[3043749725.9072976, -3060690054.6881866]","[[3291265774.3391933, -30704958.978836726], [-30704958.978836726, 8599656995.340628]]","[[[2609992545.4408965, -1138320753.4552522], [-1138320753.4552522, 8697491997.255491]], [[2550238090.630368, 1094722875.2740839], [1094722875.2740839, 8671618200.006742]]]",4555584466005.963,20865137894389.01,100.0,1.8934872514364542e-06,4.508304401453986e-14,False,False,/private/tmp/oneD-v2-taylor-peierls-pf-runs/oneD_v2_Peak_TP/T1000K_seed8666/steps_1000K.csv,953508f11e2bc3fe7e5cdef7cbb07b68960f57e7544078588b72401ad9f1a5a8,/private/tmp/oneD-v2-taylor-peierls-pf-runs/oneD_v2_Peak_TP/T1000K_seed8666/anisotropic_emission_audit_v10174.json,0a903609b8997f1c9fb2a604e0d85b9b00cce421f466204b6001c9528266686a,FULL_ACTIVE_AND_WAKE_SPATIAL_PROFILE_OBSERVER,PF_MODEL_NATIVE_DRIVING_TRAJECTORY_NOT_RESISTANCE
Peak,KINETIC_FINALIST,oneD_v2_peak_TP_6962e84b2eb78fbb,oneD_v2_Peak_TP,1000.0,8666,100.0,14,0,234,1177.121353333338,2.8026698888889153e-05,6103672.389963894,6180.6899788455985,52.43716158477715,52.43716158477715,52.43716158477715,-6.313683568835853e-05,52.433372985977904,20917889388.1649,64.52470531833232,72.91419034841714,8.389485030084812,1.0001445161910065,9.513720468729495,0.038911835111697476,0.003362588078530259,0.6010686272553303,335467.07646593865,"[3276741746.0417886, -3289756237.568588]","[[3516159139.0084686, -35545413.22524586], [-35545413.22524586, 8490286774.926852]]","[[[2837814249.980227, -563163605.7376271], [-563163605.7376271, 9391297742.063805]], [[2789349800.3762307, 506822938.143847], [506822938.143847, 9368862275.513407]]]",565391041724.086,2589560601467.2593,12.0,1.7508523342257831e-06,4.168692978702773e-14,False,False,/private/tmp/oneD-v2-taylor-peierls-pf-runs/oneD_v2_Peak_TP/T1000K_seed8666/steps_1000K.csv,953508f11e2bc3fe7e5cdef7cbb07b68960f57e7544078588b72401ad9f1a5a8,/private/tmp/oneD-v2-taylor-peierls-pf-runs/oneD_v2_Peak_TP/T1000K_seed8666/anisotropic_emission_audit_v10174.json,0a903609b8997f1c9fb2a604e0d85b9b00cce421f466204b6001c9528266686a,FULL_ACTIVE_AND_WAKE_SPATIAL_PROFILE_OBSERVER,PF_MODEL_NATIVE_DRIVING_TRAJECTORY_NOT_RESISTANCE
Peak,KINETIC_FINALIST,oneD_v2_peak_TP_6962e84b2eb78fbb,oneD_v2_Peak_TP,1000.0,8666,100.0,15,0,244,1177.1213550841903,2.8026698930576083e-05,6046923.294463298,6487.6184134956675,53.72338195010353,53.72338195010353,53.72338195010353,-5.3949245500251084e-05,53.71967322522517,21431048938.891117,72.91419034841714,80.57571727409683,7.661526925679691,1.0001380817372132,9.53427915878122,0.03800854034247034,0.0023761274993253367,0.567224006271146,336189.8417027826,"[3293881300.466546, -3236121935.9646616]","[[3768008686.2044845, -648577.8538725298], [-648577.8538725298, 8750143843.042067]]","[[[2065289719.1969311, -384543005.75924385], [-384543005.75924385, 8653052320.130024]], [[2167351548.4277935, 411755005.0571453], [411755005.0571453, 8639595420.357117]]]",611300924551.6785,2799833518819.7935,10.0,1.1971928870480042e-06,2.8504589910226946e-14,False,False,/private/tmp/oneD-v2-taylor-peierls-pf-runs/oneD_v2_Peak_TP/T1000K_seed8666/steps_1000K.csv,953508f11e2bc3fe7e5cdef7cbb07b68960f57e7544078588b72401ad9f1a5a8,/private/tmp/oneD-v2-taylor-peierls-pf-runs/oneD_v2_Peak_TP/T1000K_seed8666/anisotropic_emission_audit_v10174.json,0a903609b8997f1c9fb2a604e0d85b9b00cce421f466204b6001c9528266686a,FULL_ACTIVE_AND_WAKE_SPATIAL_PROFILE_OBSERVER,PF_MODEL_NATIVE_DRIVING_TRAJECTORY_NOT_RESISTANCE
Peak,KINETIC_FINALIST,oneD_v2_peak_TP_6962e84b2eb78fbb,oneD_v2_Peak_TP,1000.0,8666,100.0,16,0,254,1177.1213562813832,2.8026698959080673e-05,6044440.297395225,6344.409199610624,53.12712181057229,53.12712181057229,53.12712181057229,-6.65062834844571e-05,53.12232040780048,21192739643.703487,80.57571727409683,85.8144981030469,5.238780828950074,1.0001807759796528,9.403016938914353,0.04348692932852638,0.002984097406049357,0.7554881183377131,331575.5360135315,"[3288498592.98274, -3234294957.715108]","[[3537346346.254004, 12800307.464807814], [12800307.464807814, 8176722531.597487]]","[[[2124064632.6399925, -117028990.41542453], [-117028990.41542453, 8701061818.605473]], [[2209580930.0109706, 118159912.0964517], [118159912.0964517, 8678170845.441187]]]",325756969362.42004,1492007038070.415,6.0,2.5200006348313764e-07,5.999998539457305e-15,False,False,/private/tmp/oneD-v2-taylor-peierls-pf-runs/oneD_v2_Peak_TP/T1000K_seed8666/steps_1000K.csv,953508f11e2bc3fe7e5cdef7cbb07b68960f57e7544078588b72401ad9f1a5a8,/private/tmp/oneD-v2-taylor-peierls-pf-runs/oneD_v2_Peak_TP/T1000K_seed8666/anisotropic_emission_audit_v10174.json,0a903609b8997f1c9fb2a604e0d85b9b00cce421f466204b6001c9528266686a,FULL_ACTIVE_AND_WAKE_SPATIAL_PROFILE_OBSERVER,PF_MODEL_NATIVE_DRIVING_TRAJECTORY_NOT_RESISTANCE
Peak,KINETIC_FINALIST,oneD_v2_peak_TP_6962e84b2eb78fbb,oneD_v2_Peak_TP,1000.0,8666,100.0,17,0,257,1177.1213565333833,2.802669896508067e-05,6041823.41850549,6321.989142248751,53.03316765015174,53.03316765015174,53.03316765015174,-5.105653420804628e-05,53.02920516870984,21155592037.880543,85.8144981030469,88.1118381986718,2.2973400956249024,1.000149450834604,9.499659840743096,0.03950734255049302,0.008461405404023618,0.6057438661445567,334972.9318024122,"[3566996778.2603354, -3522108045.3427796]","[[3278691266.419539, -3398938.2006810154], [-3398938.2006810154, 8184650296.740452]]","[[[2295444805.9882073, -625632974.9093661], [-625632974.9093661, 9429438362.508879]], [[2368439943.595671, 638670589.3614589], [638670589.3614589, 9412656034.28123]]]",1598360710843.2253,7320688900749.687,30.0,1.4481133803201374e-06,3.4478886081932766e-14,False,False,/private/tmp/oneD-v2-taylor-peierls-pf-runs/oneD_v2_Peak_TP/T1000K_seed8666/steps_1000K.csv,953508f11e2bc3fe7e5cdef7cbb07b68960f57e7544078588b72401ad9f1a5a8,/private/tmp/oneD-v2-taylor-peierls-pf-runs/oneD_v2_Peak_TP/T1000K_seed8666/anisotropic_emission_audit_v10174.json,0a903609b8997f1c9fb2a604e0d85b9b00cce421f466204b6001c9528266686a,FULL_ACTIVE_AND_WAKE_SPATIAL_PROFILE_OBSERVER,PF_MODEL_NATIVE_DRIVING_TRAJECTORY_NOT_RESISTANCE
Peak,KINETIC_FINALIST,oneD_v2_peak_TP_6962e84b2eb78fbb,oneD_v2_Peak_TP,1000.0,8666,100.0,18,0,267,1177.1213579814967,2.8026698999559558e-05,6040036.992518958,6368.681295825014,53.22865022670474,53.22865022670474,53.22865022670474,-4.177910946496408e-05,53.225106041064016,21233745178.63015,88.1118381986718,94.44861849005173,6.3367802913799185,1.000133181646991,9.549612256083503,0.037332722781200006,0.0025843571308249305,0.5509048385788954,336728.8548768968,"[3164650577.549077, -3110172790.7666445]","[[2944815979.526889, -7820110.403006815], [-7820110.403006815, 8381159715.764432]]","[[[2220783373.798365, -1050003785.318115], [-1050003785.318115, 8550084528.89652]], [[2281529283.0112295, 1053280419.5264173], [1053280419.5264173, 8501874864.544519]]]",443427322571.8351,2030951747386.3792,8.0,4.200001058052294e-07,1.000000321264849e-14,False,False,/private/tmp/oneD-v2-taylor-peierls-pf-runs/oneD_v2_Peak_TP/T1000K_seed8666/steps_1000K.csv,953508f11e2bc3fe7e5cdef7cbb07b68960f57e7544078588b72401ad9f1a5a8,/private/tmp/oneD-v2-taylor-peierls-pf-runs/oneD_v2_Peak_TP/T1000K_seed8666/anisotropic_emission_audit_v10174.json,0a903609b8997f1c9fb2a604e0d85b9b00cce421f466204b6001c9528266686a,FULL_ACTIVE_AND_WAKE_SPATIAL_PROFILE_OBSERVER,PF_MODEL_NATIVE_DRIVING_TRAJECTORY_NOT_RESISTANCE
Peak,KINETIC_FINALIST,oneD_v2_peak_TP_6962e84b2eb78fbb,oneD_v2_Peak_TP,1000.0,8666,100.0,19,0,272,1177.1213584014968,2.802669900955956e-05,6054456.622058235,7693.676893329387,58.50428379252061,58.50428379252061,58.50428379252061,-4.403505898551878e-05,58.500055273981445,23338145454.612015,94.44861849005173,96.74569264369183,2.2970741536401054,1.0001445698245204,9.513669813887775,0.03889731520554891,0.0008064947184110932,0.6026747757028565,335465.3082950264,"[3721945266.2560573, -3638473961.1449695]","[[4671469021.615654, 139072961.7326582], [139072961.7326582, 10182554230.230156]]","[[[2669988347.5486298, -394330210.2758664], [-394330210.2758664, 10113878880.060745]], [[2856079413.1004367, 588216517.0255796], [588216517.0255796, 10133027335.390375]]]",2205218469592.842,10100172173000.803,16.0,4.200001058052294e-07,1.000000321264849e-14,False,False,/private/tmp/oneD-v2-taylor-peierls-pf-runs/oneD_v2_Peak_TP/T1000K_seed8666/steps_1000K.csv,953508f11e2bc3fe7e5cdef7cbb07b68960f57e7544078588b72401ad9f1a5a8,/private/tmp/oneD-v2-taylor-peierls-pf-runs/oneD_v2_Peak_TP/T1000K_seed8666/anisotropic_emission_audit_v10174.json,0a903609b8997f1c9fb2a604e0d85b9b00cce421f466204b6001c9528266686a,FULL_ACTIVE_AND_WAKE_SPATIAL_PROFILE_OBSERVER,PF_MODEL_NATIVE_DRIVING_TRAJECTORY_NOT_RESISTANCE
Peak,KINETIC_FINALIST,oneD_v2_peak_TP_6962e84b2eb78fbb,oneD_v2_Peak_TP,1000.0,8666,100.0,20,0,277,1177.1213588214969,2.8026699019559564e-05,6053399.183432581,7670.7245452642655,58.41695144848511,58.41695144848511,58.41695144848511,-4.580147362866166e-05,58.41234586546064,23303154463.164062,96.74569264369183,99.04276679733192,2.297074153640092,1.0001576983263474,9.473323407404035,0.040606814667863894,0.0010878407631103463,0.6562972430278758,334047.022398866,"[3668741411.131101, -3587998559.2079086]","[[4682448500.733727, 114143901.8476411], [114143901.8476411, 9675629333.380613]]","[[[2447514196.976528, -310823753.1721782], [-310823753.1721782, 9784997019.238731]], [[2597320217.6759467, 471489396.41179216], [471489396.41179216, 9773317336.091764]]]",816381266658.9492,3739126742209.031,6.0,1.1987503967247903e-06,2.8541686565184896e-14,False,False,/private/tmp/oneD-v2-taylor-peierls-pf-runs/oneD_v2_Peak_TP/T1000K_seed8666/steps_1000K.csv,953508f11e2bc3fe7e5cdef7cbb07b68960f57e7544078588b72401ad9f1a5a8,/private/tmp/oneD-v2-taylor-peierls-pf-runs/oneD_v2_Peak_TP/T1000K_seed8666/anisotropic_emission_audit_v10174.json,0a903609b8997f1c9fb2a604e0d85b9b00cce421f466204b6001c9528266686a,FULL_ACTIVE_AND_WAKE_SPATIAL_PROFILE_OBSERVER,PF_MODEL_NATIVE_DRIVING_TRAJECTORY_NOT_RESISTANCE
Peak,KINETIC_FINALIST,oneD_v2_peak_TP_6962e84b2eb78fbb,oneD_v2_Peak_TP,1000.0,8666,100.0,21,0,287,1177.1213600202473,2.802669904810125e-05,6052323.071903998,7644.2486855112675,58.316049904781636,58.316049904781636,58.316049904781636,-5.472651884311754e-05,58.30989353927071,23262281898.521423,99.04276679733192,104.28775434413835,5.244987546806435,1.0002111713855792,9.31265188734204,0.047008093903917865,0.0002284839872518908,0.882883684581088,328399.00222756923,"[3770217786.7700734, -3717156157.2915816]","[[4814680888.851729, 111161206.93599135], [111161206.93599135, 10000910075.511711]]","[[[2570534767.078203, -408814260.17370313], [-408814260.17370313, 10110970340.618351]], [[2551641497.7962003, 625339611.7888783], [625339611.7888783, 9985953812.379364]]]",804121005982.5798,3682973238406.723,6.0,,,False,True,/private/tmp/oneD-v2-taylor-peierls-pf-runs/oneD_v2_Peak_TP/T1000K_seed8666/steps_1000K.csv,953508f11e2bc3fe7e5cdef7cbb07b68960f57e7544078588b72401ad9f1a5a8,/private/tmp/oneD-v2-taylor-peierls-pf-runs/oneD_v2_Peak_TP/T1000K_seed8666/anisotropic_emission_audit_v10174.json,0a903609b8997f1c9fb2a604e0d85b9b00cce421f466204b6001c9528266686a,FULL_ACTIVE_AND_WAKE_SPATIAL_PROFILE_OBSERVER,PF_MODEL_NATIVE_DRIVING_TRAJECTORY_NOT_RESISTANCE
Peak,KINETIC_FINALIST,oneD_v2_peak_TP_6962e84b2eb78fbb,oneD_v2_Peak_TP,1200.0,8666,100.0,0,0,139,1114.6492703111446,2.6539268340741633e-05,5781310.471219128,4566.744196802415,45.07378596593765,45.07378596593765,45.07378596593765,-3.1413792392085447,18.17733573055476,7251707767.969958,0.0,2.2973400956249024,2.2973400956249024,6.148761092135791,0.16369063317242494,7.340787890600423,0.004918317950036258,21269.099872206432,35485.27756388679,"[2605996070.6313214, -2599018118.334358]","[[-167563332.8932628, -7659254.639493481], [-7659254.639493481, 5205151822.252694]]","[[[-35259026.33691535, 46802690.54929184], [46802690.54929184, 5176733114.925728]], [[-32588634.313748468, -56365842.57378202], [-56365842.57378202, 5165447602.354968]]]",13823132.325611865,63311648.430293925,4.0,5.462738271870421,1.3006519694929713e-07,False,False,/private/tmp/oneD-v2-taylor-peierls-pf-runs/oneD_v2_Peak_TP/T1200K_seed8666/steps_1200K.csv,d3799f1f95280d76c1511b8d3b1edce9afc69ccb09a81af557d9369a42105573,/private/tmp/oneD-v2-taylor-peierls-pf-runs/oneD_v2_Peak_TP/T1200K_seed8666/anisotropic_emission_audit_v10174.json,44c7fd8fe88a6e01d07020ab30cde63f792a1536171889a340fbf5d53b261016,FULL_ACTIVE_AND_WAKE_SPATIAL_PROFILE_OBSERVER,PF_MODEL_NATIVE_DRIVING_TRAJECTORY_NOT_RESISTANCE
Peak,KINETIC_FINALIST,oneD_v2_peak_TP_6962e84b2eb78fbb,oneD_v2_Peak_TP,1200.0,8666,100.0,1,0,152,1120.112008583015,2.666933353769093e-05,5809506.453338463,4742.7358225837,45.93409481969401,45.93409481969401,45.93409481969401,-3.0507025575655757,18.724513995103226,7470000312.615022,2.2973400956249024,4.594680191249805,2.2973400956249024,6.017958891770088,0.1658069613587569,7.247065536257694,0.004911449779124254,20681.31417991074,35179.42494858163,"[2868640817.3306146, -2860572595.2309594]","[[564688991.4937173, -10602521.851339733], [-10602521.851339733, 5923363322.94054]]","[[[-38686376.88639487, -104439958.44505714], [-104439958.44505714, 5698595257.774835]], [[-36181831.87262726, 89353782.89286819], [89353782.89286819, 5684963358.589292]]]",32449944.84868228,148624743.75910032,8.0,1.437759944791651,3.423237963789486e-08,False,False,/private/tmp/oneD-v2-taylor-peierls-pf-runs/oneD_v2_Peak_TP/T1200K_seed8666/steps_1200K.csv,d3799f1f95280d76c1511b8d3b1edce9afc69ccb09a81af557d9369a42105573,/private/tmp/oneD-v2-taylor-peierls-pf-runs/oneD_v2_Peak_TP/T1200K_seed8666/anisotropic_emission_audit_v10174.json,44c7fd8fe88a6e01d07020ab30cde63f792a1536171889a340fbf5d53b261016,FULL_ACTIVE_AND_WAKE_SPATIAL_PROFILE_OBSERVER,PF_MODEL_NATIVE_DRIVING_TRAJECTORY_NOT_RESISTANCE
Peak,KINETIC_FINALIST,oneD_v2_peak_TP_6962e84b2eb78fbb,oneD_v2_Peak_TP,1200.0,8666,100.0,2,0,165,1121.5497685278067,2.6703565917328825e-05,5816788.242347998,4886.654756714451,46.62582441570958,46.62582441570958,46.62582441570958,-3.0470468156712833,18.9959774933361,7578298579.645794,4.594680191249805,6.892020286874707,2.2973400956249024,6.024621329589399,0.1656969156612369,7.251880158639286,0.005720715698960972,20683.82393466788,35194.99747789484,"[3016759727.5096927, -3008086788.7570467]","[[1028422848.3956022, -10785454.952152086], [-10785454.952152086, 6271039805.47971]]","[[[133198768.63440308, -140164942.2246832], [-140164942.2246832, 6166718223.653789]], [[135433698.9179069, 122882826.16563557], [122882826.16563557, 6151607276.432]]]",62293011.89992369,285309666.157559,14.0,0.010949505372309432,2.607025088632842e-10,False,False,/private/tmp/oneD-v2-taylor-peierls-pf-runs/oneD_v2_Peak_TP/T1200K_seed8666/steps_1200K.csv,d3799f1f95280d76c1511b8d3b1edce9afc69ccb09a81af557d9369a42105573,/private/tmp/oneD-v2-taylor-peierls-pf-runs/oneD_v2_Peak_TP/T1200K_seed8666/anisotropic_emission_audit_v10174.json,44c7fd8fe88a6e01d07020ab30cde63f792a1536171889a340fbf5d53b261016,FULL_ACTIVE_AND_WAKE_SPATIAL_PROFILE_OBSERVER,PF_MODEL_NATIVE_DRIVING_TRAJECTORY_NOT_RESISTANCE
Peak,KINETIC_FINALIST,oneD_v2_peak_TP_6962e84b2eb78fbb,oneD_v2_Peak_TP,1200.0,8666,100.0,3,0,166,1121.560718033179,2.670382661983769e-05,5816532.535985912,5061.1305192903255,47.450901078263435,47.450901078263435,47.450901078263435,-0.3920887966330454,33.58849408696959,13399870426.305687,6.892020286874707,9.18936038249961,2.2973400956249024,1.9957579220490518,0.37200452919761445,3.2283139614398224,0.0031131346572131112,3045.9439785263135,26175.371145628604,"[3229870790.271235, -3220780459.881051]","[[1264557816.0007153, -14679674.066632824], [-14679674.066632824, 6454130999.917717]]","[[[302525238.5742821, -176816096.71169513], [-176816096.71169513, 6762266819.116753]], [[304603419.94222844, 154268900.26760814], [154268900.26760814, 6746164339.70433]]]",13095996465.325594,59981276640.23253,102.0,1.2154123396612704e-06,2.893840630449271e-14,False,False,/private/tmp/oneD-v2-taylor-peierls-pf-runs/oneD_v2_Peak_TP/T1200K_seed8666/steps_1200K.csv,d3799f1f95280d76c1511b8d3b1edce9afc69ccb09a81af557d9369a42105573,/private/tmp/oneD-v2-taylor-peierls-pf-runs/oneD_v2_Peak_TP/T1200K_seed8666/anisotropic_emission_audit_v10174.json,44c7fd8fe88a6e01d07020ab30cde63f792a1536171889a340fbf5d53b261016,FULL_ACTIVE_AND_WAKE_SPATIAL_PROFILE_OBSERVER,PF_MODEL_NATIVE_DRIVING_TRAJECTORY_NOT_RESISTANCE
Peak,KINETIC_FINALIST,oneD_v2_peak_TP_6962e84b2eb78fbb,oneD_v2_Peak_TP,1200.0,8666,100.0,4,0,176,1121.5607192485913,2.6703826648776095e-05,5816017.346628015,5296.20232572308,48.54035845816823,48.54035845816823,48.54035845816823,-0.0014453690959841177,48.486551483343945,19343335417.5667,9.18936038249961,14.507867693188759,5.31850731068915,1.0022206912548346,6.1888597973138,0.15252783055102384,0.00038141979039576346,7.487437541204343,218680.85737704783,"[3152311895.6198854, -3142933436.964187]","[[1713305348.899716, -17411654.103117667], [-17411654.103117667, 7055467517.761078]]","[[[687234691.5625875, -354625122.27182007], [-354625122.27182007, 6991858482.802358]], [[683866027.0451759, 327965906.1174114], [327965906.1174114, 6969732900.973551]]]",222024599297.04474,1016900008077.5233,6.0,3.360000846441835e-07,8.000002570118792e-15,False,False,/private/tmp/oneD-v2-taylor-peierls-pf-runs/oneD_v2_Peak_TP/T1200K_seed8666/steps_1200K.csv,d3799f1f95280d76c1511b8d3b1edce9afc69ccb09a81af557d9369a42105573,/private/tmp/oneD-v2-taylor-peierls-pf-runs/oneD_v2_Peak_TP/T1200K_seed8666/anisotropic_emission_audit_v10174.json,44c7fd8fe88a6e01d07020ab30cde63f792a1536171889a340fbf5d53b261016,FULL_ACTIVE_AND_WAKE_SPATIAL_PROFILE_OBSERVER,PF_MODEL_NATIVE_DRIVING_TRAJECTORY_NOT_RESISTANCE
Peak,KINETIC_FINALIST,oneD_v2_peak_TP_6962e84b2eb78fbb,oneD_v2_Peak_TP,1200.0,8666,100.0,5,0,180,1121.5607195845914,2.6703826656776097e-05,5814009.636584595,6003.06788594977,51.678193367682844,51.678193367682844,51.678193367682844,-0.0009704049881815552,51.654948844511104,20607343086.04861,14.507867693188759,16.80520778881366,2.2973400956249024,1.0009001946053064,7.778114223948941,0.09709995084448908,0.0015399403219075016,3.8600285695673193,274474.403091542,"[3042923715.95481, -3000359228.478793]","[[2079399357.0910053, -45512609.56886902], [-45512609.56886902, 7551644839.499228]]","[[[1329579645.8695695, -864119502.5775596], [-864119502.5775596, 7415427077.779191]], [[1309767498.9754856, 812167001.0720519], [812167001.0720519, 7310485955.933072]]]",1206092469909.0132,5524052047727.492,18.0,5.040001269662753e-07,1.2000003855178187e-14,False,False,/private/tmp/oneD-v2-taylor-peierls-pf-runs/oneD_v2_Peak_TP/T1200K_seed8666/steps_1200K.csv,d3799f1f95280d76c1511b8d3b1edce9afc69ccb09a81af557d9369a42105573,/private/tmp/oneD-v2-taylor-peierls-pf-runs/oneD_v2_Peak_TP/T1200K_seed8666/anisotropic_emission_audit_v10174.json,44c7fd8fe88a6e01d07020ab30cde63f792a1536171889a340fbf5d53b261016,FULL_ACTIVE_AND_WAKE_SPATIAL_PROFILE_OBSERVER,PF_MODEL_NATIVE_DRIVING_TRAJECTORY_NOT_RESISTANCE
Peak,KINETIC_FINALIST,oneD_v2_peak_TP_6962e84b2eb78fbb,oneD_v2_Peak_TP,1200.0,8666,100.0,6,0,186,1121.5607200885916,2.67038266687761e-05,5814009.639197261,6007.430960577048,51.696970005233325,51.696970005233325,51.696970005233325,-0.0013204553945943022,51.65922882895802,20609050552.803944,16.80520778881366,19.102547884438565,2.2973400956249024,1.0014616928512872,6.967184671150103,0.12371560220455832,0.0008369549850699441,6.418036387182605,245996.21372252522,"[3411561908.3965044, -3361007961.2545147]","[[2299185159.0424676, -52536696.66286805], [-52536696.66286805, 7906237648.378656]]","[[[1681231283.2144413, -570513353.7015476], [-570513353.7015476, 8504355100.00745]], [[1675427360.3400705, 494482539.0582159], [494482539.0582159, 8397443282.8491]]]",402368157560.8411,1842895715020.9067,6.0,6.72000169288367e-07,1.6000001752105794e-14,False,False,/private/tmp/oneD-v2-taylor-peierls-pf-runs/oneD_v2_Peak_TP/T1200K_seed8666/steps_1200K.csv,d3799f1f95280d76c1511b8d3b1edce9afc69ccb09a81af557d9369a42105573,/private/tmp/oneD-v2-taylor-peierls-pf-runs/oneD_v2_Peak_TP/T1200K_seed8666/anisotropic_emission_audit_v10174.json,44c7fd8fe88a6e01d07020ab30cde63f792a1536171889a340fbf5d53b261016,FULL_ACTIVE_AND_WAKE_SPATIAL_PROFILE_OBSERVER,PF_MODEL_NATIVE_DRIVING_TRAJECTORY_NOT_RESISTANCE
Peak,KINETIC_FINALIST,oneD_v2_peak_TP_6962e84b2eb78fbb,oneD_v2_Peak_TP,1200.0,8666,100.0,7,0,194,1121.5607207605917,2.6703826684776103e-05,5812262.106889392,6486.573224279433,53.719054217056055,53.719054217056055,53.719054217056055,-0.001056689076547626,53.6877971827866,21418332237.8305,19.102547884438565,21.9809590141333,2.8784111296947366,1.0011647389102336,7.362043986101065,0.1104740706952417,0.0015074022530592725,4.957829070810229,259860.7647525408,"[2872443017.227514, -2884723486.049911]","[[2051307466.0015233, -5012120.142084769], [-5012120.142084769, 7736693025.07092]]","[[[1699228913.6614158, -1095472491.8467546], [-1095472491.8467546, 7444114948.116443]], [[1708278395.0663822, 893117626.6511152], [893117626.6511152, 7477725367.166205]]]",749160561875.1073,3431247635776.2715,8.0,3.360000846441835e-07,8.00000595825058e-15,False,False,/private/tmp/oneD-v2-taylor-peierls-pf-runs/oneD_v2_Peak_TP/T1200K_seed8666/steps_1200K.csv,d3799f1f95280d76c1511b8d3b1edce9afc69ccb09a81af557d9369a42105573,/private/tmp/oneD-v2-taylor-peierls-pf-runs/oneD_v2_Peak_TP/T1200K_seed8666/anisotropic_emission_audit_v10174.json,44c7fd8fe88a6e01d07020ab30cde63f792a1536171889a340fbf5d53b261016,FULL_ACTIVE_AND_WAKE_SPATIAL_PROFILE_OBSERVER,PF_MODEL_NATIVE_DRIVING_TRAJECTORY_NOT_RESISTANCE
Peak,KINETIC_FINALIST,oneD_v2_peak_TP_6962e84b2eb78fbb,oneD_v2_Peak_TP,1200.0,8666,100.0,8,0,198,1121.5607210965918,2.670382669277611e-05,5797836.354736239,7550.980453471424,57.959198130410925,57.959198130410925,57.959198130410925,-0.0009042576195633804,57.93160293400772,23111365781.803368,21.9809590141333,24.278299109758198,2.297340095624899,1.0009529088568834,7.68981005157165,0.0999059266254279,4.125746970522914e-06,4.123834709601844,271372.61354158993,"[3819289639.5270963, -3799020058.6208563]","[[4643090100.289988, 5995022.622544826], [5995022.622544826, 10341621583.388916]]","[[[2635462045.370522, -464921972.02535015], [-464921972.02535015, 10274041324.424715]], [[2691797458.942893, 526844349.8607573], [526844349.8607573, 10289837576.184607]]]",2031249054702.8262,9303370827712.873,12.0,3.07513482766808e-06,7.321751440813457e-14,False,False,/private/tmp/oneD-v2-taylor-peierls-pf-runs/oneD_v2_Peak_TP/T1200K_seed8666/steps_1200K.csv,d3799f1f95280d76c1511b8d3b1edce9afc69ccb09a81af557d9369a42105573,/private/tmp/oneD-v2-taylor-peierls-pf-runs/oneD_v2_Peak_TP/T1200K_seed8666/anisotropic_emission_audit_v10174.json,44c7fd8fe88a6e01d07020ab30cde63f792a1536171889a340fbf5d53b261016,FULL_ACTIVE_AND_WAKE_SPATIAL_PROFILE_OBSERVER,PF_MODEL_NATIVE_DRIVING_TRAJECTORY_NOT_RESISTANCE
Peak,KINETIC_FINALIST,oneD_v2_peak_TP_6962e84b2eb78fbb,oneD_v2_Peak_TP,1200.0,8666,100.0,9,0,208,1121.5607241717266,2.6703826765993623e-05,5796683.121870216,7721.219985457835,58.60891187201968,58.60891187201968,58.60891187201968,-0.0011307364387140913,58.56045307353556,23362240690.497364,24.278299109758198,37.596235373684394,13.317936263926194,1.001655685561752,6.741110090700961,0.13167549087744404,5.847410734864719e-08,7.100743011101804,238060.11510379353,"[3742169471.2980065, -3716562492.8456845]","[[4761017090.574735, 41808171.34489676], [41808171.34489676, 9848188399.900835]]","[[[2492110214.794474, -365125484.3594516], [-365125484.3594516, 9976449157.390488]], [[2551599142.5029473, 428146119.7111669], [428146119.7111669, 9984724128.194317]]]",2192171936788.6516,10040417446020.234,12.0,2.192880401707953e-06,5.2211449681933975e-14,False,False,/private/tmp/oneD-v2-taylor-peierls-pf-runs/oneD_v2_Peak_TP/T1200K_seed8666/steps_1200K.csv,d3799f1f95280d76c1511b8d3b1edce9afc69ccb09a81af557d9369a42105573,/private/tmp/oneD-v2-taylor-peierls-pf-runs/oneD_v2_Peak_TP/T1200K_seed8666/anisotropic_emission_audit_v10174.json,44c7fd8fe88a6e01d07020ab30cde63f792a1536171889a340fbf5d53b261016,FULL_ACTIVE_AND_WAKE_SPATIAL_PROFILE_OBSERVER,PF_MODEL_NATIVE_DRIVING_TRAJECTORY_NOT_RESISTANCE
Peak,KINETIC_FINALIST,oneD_v2_peak_TP_6962e84b2eb78fbb,oneD_v2_Peak_TP,1200.0,8666,100.0,10,0,218,1121.560726364607,2.6703826818205073e-05,5787227.55670501,8924.096526764139,63.00903450133536,63.00903450133536,63.00903450133536,-0.000833278414850957,62.965076407098046,25119431167.498142,37.596235373684394,47.19203139289072,9.595796019206325,1.001396756458606,7.045651327660779,0.12094237058165029,1.2731118560718623e-08,5.904158231999871,248750.57112727754,"[3492682934.1466336, -3374039033.5065184]","[[4273040379.009406, 5971119.279651812], [5971119.279651812, 10231343890.771488]]","[[[3339195125.9586573, -1068768295.1524413], [-1068768295.1524413, 10324560994.251925]], [[3456088414.3218293, 1131582385.5137465], [1131582385.5137465, 10204166481.334866]]]",3471864848371.838,15901568580830.602,12.0,2.9109514798619784e-06,6.930836587699767e-14,False,False,/private/tmp/oneD-v2-taylor-peierls-pf-runs/oneD_v2_Peak_TP/T1200K_seed8666/steps_1200K.csv,d3799f1f95280d76c1511b8d3b1edce9afc69ccb09a81af557d9369a42105573,/private/tmp/oneD-v2-taylor-peierls-pf-runs/oneD_v2_Peak_TP/T1200K_seed8666/anisotropic_emission_audit_v10174.json,44c7fd8fe88a6e01d07020ab30cde63f792a1536171889a340fbf5d53b261016,FULL_ACTIVE_AND_WAKE_SPATIAL_PROFILE_OBSERVER,PF_MODEL_NATIVE_DRIVING_TRAJECTORY_NOT_RESISTANCE
Peak,KINETIC_FINALIST,oneD_v2_peak_TP_6962e84b2eb78fbb,oneD_v2_Peak_TP,1200.0,8666,100.0,11,0,228,1121.5607292755585,2.670382688751344e-05,5823472.477108669,5357.0523835250915,48.818411280960966,48.818411280960966,48.818411280960966,-0.00035268205536348164,48.80112998421533,19468834082.069595,47.19203139289072,59.93002512708252,12.7379937341918,1.0007083588658463,8.123524693553012,0.08626999847747038,0.0006997612606838271,2.9230654168032246,286608.3186369176,"[3297920327.1022105, -3324225127.5850487]","[[4353059569.0373745, -35233527.23435843], [-35233527.23435843, 9232593532.58961]]","[[[2623778769.1276293, -471955332.092975], [-471955332.092975, 9219619423.33205]], [[2560184362.657121, 427497758.5530146], [427497758.5530146, 9208634617.827219]]]",631357462766.4432,2891694933893.5103,16.0,5.040001269662753e-07,1.2000010631441765e-14,False,False,/private/tmp/oneD-v2-taylor-peierls-pf-runs/oneD_v2_Peak_TP/T1200K_seed8666/steps_1200K.csv,d3799f1f95280d76c1511b8d3b1edce9afc69ccb09a81af557d9369a42105573,/private/tmp/oneD-v2-taylor-peierls-pf-runs/oneD_v2_Peak_TP/T1200K_seed8666/anisotropic_emission_audit_v10174.json,44c7fd8fe88a6e01d07020ab30cde63f792a1536171889a340fbf5d53b261016,FULL_ACTIVE_AND_WAKE_SPATIAL_PROFILE_OBSERVER,PF_MODEL_NATIVE_DRIVING_TRAJECTORY_NOT_RESISTANCE
Peak,KINETIC_FINALIST,oneD_v2_peak_TP_6962e84b2eb78fbb,oneD_v2_Peak_TP,1200.0,8666,100.0,12,0,234,1121.5607297795586,2.670382689951345e-05,5817493.712488404,5549.326910033952,49.686779706452796,49.686779706452796,49.686779706452796,-0.0005191262540782466,49.66108408547823,19811906132.267982,59.93002512708252,62.22736522270742,2.2973400956249024,1.001035107032299,7.557679260819361,0.10412582746876908,0.002809895438755274,4.369421000596405,266731.63357547054,"[3254074399.267209, -3276299099.8978558]","[[3570495740.471178, -32195992.314500388], [-32195992.314500388, 8057447469.312204]]","[[[2611567506.4066133, -732788801.5882064], [-732788801.5882064, 9119716304.941032]], [[2551093720.025426, 692557794.7428843], [692557794.7428843, 9103691919.821138]]]",373093978735.30597,1708816370757.2468,8.0,8.400002116104588e-08,1.999997254397909e-15,False,False,/private/tmp/oneD-v2-taylor-peierls-pf-runs/oneD_v2_Peak_TP/T1200K_seed8666/steps_1200K.csv,d3799f1f95280d76c1511b8d3b1edce9afc69ccb09a81af557d9369a42105573,/private/tmp/oneD-v2-taylor-peierls-pf-runs/oneD_v2_Peak_TP/T1200K_seed8666/anisotropic_emission_audit_v10174.json,44c7fd8fe88a6e01d07020ab30cde63f792a1536171889a340fbf5d53b261016,FULL_ACTIVE_AND_WAKE_SPATIAL_PROFILE_OBSERVER,PF_MODEL_NATIVE_DRIVING_TRAJECTORY_NOT_RESISTANCE
Peak,KINETIC_FINALIST,oneD_v2_peak_TP_6962e84b2eb78fbb,oneD_v2_Peak_TP,1200.0,8666,100.0,13,0,235,1121.5607298635587,2.6703826901513447e-05,5815576.483385229,5576.50204681699,49.80828958047081,49.80828958047081,49.80828958047081,-7.367892232813434e-05,49.8026275782121,19868373816.035217,62.22736522270742,64.52470531833232,2.2973400956249024,1.0002273905770538,9.26174868323627,0.04892936803795589,0.004447641071726883,0.7246505153509304,326609.26063845947,"[2900083462.0278606, -2916224200.184027]","[[3135916649.1437488, -29255672.034672458], [-29255672.034672458, 8193749577.707279]]","[[[2486799802.435425, -1084591536.3802202], [-1084591536.3802202, 8286966726.491146]], [[2429865782.9582314, 1043051496.3379914], [1043051496.3379914, 8262314183.326286]]]",4782666001247.589,21905199291876.418,100.0,1.8934872514364542e-06,4.508304062640807e-14,False,False,/private/tmp/oneD-v2-taylor-peierls-pf-runs/oneD_v2_Peak_TP/T1200K_seed8666/steps_1200K.csv,d3799f1f95280d76c1511b8d3b1edce9afc69ccb09a81af557d9369a42105573,/private/tmp/oneD-v2-taylor-peierls-pf-runs/oneD_v2_Peak_TP/T1200K_seed8666/anisotropic_emission_audit_v10174.json,44c7fd8fe88a6e01d07020ab30cde63f792a1536171889a340fbf5d53b261016,FULL_ACTIVE_AND_WAKE_SPATIAL_PROFILE_OBSERVER,PF_MODEL_NATIVE_DRIVING_TRAJECTORY_NOT_RESISTANCE
Peak,KINETIC_FINALIST,oneD_v2_peak_TP_6962e84b2eb78fbb,oneD_v2_Peak_TP,1200.0,8666,100.0,14,0,245,1121.560731757046,2.6703826946596488e-05,5815576.493203446,5610.997493402586,49.96210556519472,49.96210556519472,49.96210556519472,-0.0004310561910286646,49.937471319614694,19922168685.728226,64.52470531833232,72.91419034841714,8.389485030084812,1.0009868469903667,7.635616105796874,0.10163217701563215,0.0001920957960194695,4.105531913089434,269469.2509819603,"[3122078161.323426, -3134478363.391727]","[[3350194952.927523, -33867654.81283728], [-33867654.81283728, 8089541678.221162]]","[[[2703868227.1674805, -536582047.3491718], [-536582047.3491718, 8948024549.814333]], [[2657691319.9113708, 482900682.8957768], [482900682.8957768, 8926648046.694824]]]",589677284187.2078,2700794582904.9634,12.0,1.7508523342257831e-06,4.168693317515952e-14,False,False,/private/tmp/oneD-v2-taylor-peierls-pf-runs/oneD_v2_Peak_TP/T1200K_seed8666/steps_1200K.csv,d3799f1f95280d76c1511b8d3b1edce9afc69ccb09a81af557d9369a42105573,/private/tmp/oneD-v2-taylor-peierls-pf-runs/oneD_v2_Peak_TP/T1200K_seed8666/anisotropic_emission_audit_v10174.json,44c7fd8fe88a6e01d07020ab30cde63f792a1536171889a340fbf5d53b261016,FULL_ACTIVE_AND_WAKE_SPATIAL_PROFILE_OBSERVER,PF_MODEL_NATIVE_DRIVING_TRAJECTORY_NOT_RESISTANCE
Peak,KINETIC_FINALIST,oneD_v2_peak_TP_6962e84b2eb78fbb,oneD_v2_Peak_TP,1200.0,8666,100.0,15,0,255,1121.5607335078982,2.670382698828342e-05,5761505.979236262,5889.6354268265995,51.18761579359302,51.18761579359302,51.18761579359302,-0.000374378357706007,51.163108587666585,20411127212.38983,72.91419034841714,80.57571727409683,7.661526925679691,1.0009582324490185,7.682245956524914,0.100128940243286,0.0012502206330341176,3.9386268833396394,271107.1192798352,"[3138408721.822049, -3083375623.5455737]","[[3590157096.131672, -617964.7071941945], [-617964.7071941945, 8337133384.348444]]","[[[1967807178.3882983, -366392414.6324093], [-366392414.6324093, 8244624622.032396]], [[2065051646.4806614, 392319996.1523185], [392319996.1523185, 8231802893.57181]]]",614775108613.4657,2815745709683.688,10.0,1.1971928870480042e-06,2.850458652209516e-14,False,False,/private/tmp/oneD-v2-taylor-peierls-pf-runs/oneD_v2_Peak_TP/T1200K_seed8666/steps_1200K.csv,d3799f1f95280d76c1511b8d3b1edce9afc69ccb09a81af557d9369a42105573,/private/tmp/oneD-v2-taylor-peierls-pf-runs/oneD_v2_Peak_TP/T1200K_seed8666/anisotropic_emission_audit_v10174.json,44c7fd8fe88a6e01d07020ab30cde63f792a1536171889a340fbf5d53b261016,FULL_ACTIVE_AND_WAKE_SPATIAL_PROFILE_OBSERVER,PF_MODEL_NATIVE_DRIVING_TRAJECTORY_NOT_RESISTANCE
Peak,KINETIC_FINALIST,oneD_v2_peak_TP_6962e84b2eb78fbb,oneD_v2_Peak_TP,1200.0,8666,100.0,16,0,265,1121.5607347050911,2.6703827016788007e-05,5759140.1809611935,5759.6262305357905,50.61949938523492,50.61949938523492,50.61949938523492,-0.000424992179778789,50.59024641071536,20182588269.16118,80.57571727409683,85.8144981030469,5.238780828950074,1.0011568013251693,7.375438067675459,0.11001597486778404,3.4579938475534733e-05,4.833546317022444,260331.47654319357,"[3133280080.5465374, -3081634879.590792]","[[3370382115.523052, 12196127.585377574], [12196127.585377574, 7790777799.656162]]","[[[2023807891.3720305, -111505172.99827433], [-111505172.99827433, 8290368052.465106]], [[2105287783.650636, 112582714.70176777], [112582714.70176777, 8268557542.832221]]]",332723217189.8213,1523913311043.6938,6.0,2.5200006348313764e-07,6.000005315720883e-15,False,False,/private/tmp/oneD-v2-taylor-peierls-pf-runs/oneD_v2_Peak_TP/T1200K_seed8666/steps_1200K.csv,d3799f1f95280d76c1511b8d3b1edce9afc69ccb09a81af557d9369a42105573,/private/tmp/oneD-v2-taylor-peierls-pf-runs/oneD_v2_Peak_TP/T1200K_seed8666/anisotropic_emission_audit_v10174.json,44c7fd8fe88a6e01d07020ab30cde63f792a1536171889a340fbf5d53b261016,FULL_ACTIVE_AND_WAKE_SPATIAL_PROFILE_OBSERVER,PF_MODEL_NATIVE_DRIVING_TRAJECTORY_NOT_RESISTANCE
Peak,KINETIC_FINALIST,oneD_v2_peak_TP_6962e84b2eb78fbb,oneD_v2_Peak_TP,1200.0,8666,100.0,17,0,268,1121.5607349570912,2.6703827022788013e-05,5756646.819913346,5739.272696323778,50.52997990111649,50.52997990111649,50.52997990111649,-0.0003169373777944332,50.50675902061715,20149281619.370636,85.8144981030469,88.1118381986718,2.2973400956249024,1.0009197271391443,7.748408494765589,0.09803448375479006,0.004574869932854884,3.7501949991483743,273431.4820445626,"[3398633034.742482, -3355863068.839754]","[[3123935663.942403, -3238506.892489851], [-3238506.892489851, 7798331371.043022]]","[[[2187098848.7027416, -596102836.1758726], [-596102836.1758726, 8984364918.187706]], [[2256648585.2094574, 608525069.7593657], [608525069.7593657, 8968374722.888966]]]",1638355446867.1218,7503869717265.184,30.0,1.4481133803201374e-06,3.447888269380098e-14,False,False,/private/tmp/oneD-v2-taylor-peierls-pf-runs/oneD_v2_Peak_TP/T1200K_seed8666/steps_1200K.csv,d3799f1f95280d76c1511b8d3b1edce9afc69ccb09a81af557d9369a42105573,/private/tmp/oneD-v2-taylor-peierls-pf-runs/oneD_v2_Peak_TP/T1200K_seed8666/anisotropic_emission_audit_v10174.json,44c7fd8fe88a6e01d07020ab30cde63f792a1536171889a340fbf5d53b261016,FULL_ACTIVE_AND_WAKE_SPATIAL_PROFILE_OBSERVER,PF_MODEL_NATIVE_DRIVING_TRAJECTORY_NOT_RESISTANCE
Peak,KINETIC_FINALIST,oneD_v2_peak_TP_6962e84b2eb78fbb,oneD_v2_Peak_TP,1200.0,8666,100.0,18,0,278,1121.5607364052046,2.6703827057266895e-05,5754944.714333121,5781.661096648156,50.71623562118435,50.71623562118435,50.71623562118435,-0.00029242642642702784,50.69261593524836,20223427800.721985,88.1118381986718,94.44861849005173,6.3367802913799185,1.0009320958554226,7.725415638496663,0.09875897677321165,0.000331842556856831,3.858305407786819,272623.46224925155,"[3015277743.5858016, -2963371331.177989]","[[2805819430.7505813, -7450997.913592909], [-7450997.913592909, 7985565463.582521]]","[[[2115961467.545543, -1000443166.4624926], [-1000443166.4624926, 8146516954.717147]], [[2173840144.377313, 1003565142.1625139], [1003565142.1625139, 8100582806.733293]]]",451991271763.4324,2070175689371.5623,8.0,4.200001058052294e-07,9.9999998245167e-15,False,False,/private/tmp/oneD-v2-taylor-peierls-pf-runs/oneD_v2_Peak_TP/T1200K_seed8666/steps_1200K.csv,d3799f1f95280d76c1511b8d3b1edce9afc69ccb09a81af557d9369a42105573,/private/tmp/oneD-v2-taylor-peierls-pf-runs/oneD_v2_Peak_TP/T1200K_seed8666/anisotropic_emission_audit_v10174.json,44c7fd8fe88a6e01d07020ab30cde63f792a1536171889a340fbf5d53b261016,FULL_ACTIVE_AND_WAKE_SPATIAL_PROFILE_OBSERVER,PF_MODEL_NATIVE_DRIVING_TRAJECTORY_NOT_RESISTANCE
Peak,KINETIC_FINALIST,oneD_v2_peak_TP_6962e84b2eb78fbb,oneD_v2_Peak_TP,1200.0,8666,100.0,19,0,283,1121.5607368252047,2.6703827067266895e-05,5768683.73141503,6984.527929679262,55.742857071997584,55.742857071997584,55.742857071997584,-0.00029184645547087414,55.71596167525281,22227452805.484184,94.44861849005173,96.74569264369183,2.2970741536401054,1.000965679760491,7.670026242032745,0.10050600153683976,6.001606515869403e-05,4.006715042332933,270677.8983842753,"[3546267889.4162183, -3466736464.8982854]","[[4450973725.474041, 132508659.63825391], [132508659.63825391, 9701933401.946009]]","[[[2543963778.2614765, -375717659.0441147], [-375717659.0441147, 9636499557.093914]], [[2721271267.508208, 560452450.8363771], [560452450.8363771, 9654744197.30478]]]",2023019063253.2188,9265676453314.354,16.0,4.200001058052294e-07,1.0000006600780278e-14,False,False,/private/tmp/oneD-v2-taylor-peierls-pf-runs/oneD_v2_Peak_TP/T1200K_seed8666/steps_1200K.csv,d3799f1f95280d76c1511b8d3b1edce9afc69ccb09a81af557d9369a42105573,/private/tmp/oneD-v2-taylor-peierls-pf-runs/oneD_v2_Peak_TP/T1200K_seed8666/anisotropic_emission_audit_v10174.json,44c7fd8fe88a6e01d07020ab30cde63f792a1536171889a340fbf5d53b261016,FULL_ACTIVE_AND_WAKE_SPATIAL_PROFILE_OBSERVER,PF_MODEL_NATIVE_DRIVING_TRAJECTORY_NOT_RESISTANCE
Peak,KINETIC_FINALIST,oneD_v2_peak_TP_6962e84b2eb78fbb,oneD_v2_Peak_TP,1200.0,8666,100.0,20,0,288,1121.5607372452048,2.67038270772669e-05,5767676.204437742,6963.691167693907,55.65964685219488,55.65964685219488,55.65964685219488,-0.00029182670105949943,55.63153826421012,22193772737.363544,96.74569264369183,99.04276679733192,2.297074153640092,1.0010107823721708,7.597351787461573,0.10282171550996726,0.00012671616553175277,4.193478071134827,268125.2725009024,"[3495575278.6184754, -3418643523.1528196]","[[4461434968.653905, 108756261.83221544], [108756261.83221544, 9218935572.898142]]","[[[2331990500.9007382, -296152741.72760546], [-296152741.72760546, 9323141058.13769]], [[2474725614.6256523, 449234899.25654876], [449234899.25654876, 9312012660.931292]]]",749690610067.5934,3433675321775.6025,6.0,1.1987503967247903e-06,2.8541689953316685e-14,False,False,/private/tmp/oneD-v2-taylor-peierls-pf-runs/oneD_v2_Peak_TP/T1200K_seed8666/steps_1200K.csv,d3799f1f95280d76c1511b8d3b1edce9afc69ccb09a81af557d9369a42105573,/private/tmp/oneD-v2-taylor-peierls-pf-runs/oneD_v2_Peak_TP/T1200K_seed8666/anisotropic_emission_audit_v10174.json,44c7fd8fe88a6e01d07020ab30cde63f792a1536171889a340fbf5d53b261016,FULL_ACTIVE_AND_WAKE_SPATIAL_PROFILE_OBSERVER,PF_MODEL_NATIVE_DRIVING_TRAJECTORY_NOT_RESISTANCE
Peak,KINETIC_FINALIST,oneD_v2_peak_TP_6962e84b2eb78fbb,oneD_v2_Peak_TP,1200.0,8666,100.0,21,0,298,1121.5607384439552,2.670382710580859e-05,5766650.886115324,6939.655666971638,55.56350790645447,55.56350790645447,55.56350790645447,-0.0003343584647374183,55.52765889635134,22152330865.463303,99.04276679733192,104.28775434413835,5.244987546806435,1.001291629540682,7.186908464875634,0.11625558997271163,2.0553332384883968e-08,5.396784842550196,253711.0941051792,"[3592261926.970423, -3541704828.643778]","[[4587425932.853401, 105914351.3760614], [105914351.3760614, 9528862928.126268]]","[[[2449204448.647931, -389518055.74146706], [-389518055.74146706, 9633728302.588778]], [[2431202949.595037, 595823320.0051069], [595823320.0051069, 9514612606.882593]]]",738749939506.8296,3383565703216.0415,6.0,,,False,True,/private/tmp/oneD-v2-taylor-peierls-pf-runs/oneD_v2_Peak_TP/T1200K_seed8666/steps_1200K.csv,d3799f1f95280d76c1511b8d3b1edce9afc69ccb09a81af557d9369a42105573,/private/tmp/oneD-v2-taylor-peierls-pf-runs/oneD_v2_Peak_TP/T1200K_seed8666/anisotropic_emission_audit_v10174.json,44c7fd8fe88a6e01d07020ab30cde63f792a1536171889a340fbf5d53b261016,FULL_ACTIVE_AND_WAKE_SPATIAL_PROFILE_OBSERVER,PF_MODEL_NATIVE_DRIVING_TRAJECTORY_NOT_RESISTANCE
Peak,KINETIC_FINALIST,oneD_v2_peak_TP_6962e84b2eb78fbb,oneD_v2_Peak_TP,1000.0,8666,300.0,0,0,146,1176.527667674238,2.8012563516053372e-05,6102252.884358329,5087.852387891363,47.57600232488323,47.57600232488323,47.57600232488323,-3.693100345934032,18.823808223696513,7509612978.600729,0.0,2.2973400956249024,2.2973400956249024,6.387941263669079,0.16063485064861457,7.480470169775849,0.5675345561637115,22177.46631129314,36177.40793726599,"[2750664770.1767583, -2743299445.3523874]","[[-176865407.34163317, -8084448.837085949], [-8084448.837085949, 5494109489.360545]]","[[[-37216388.26269979, 49400884.94156239], [49400884.94156239, 5464113152.0908165]], [[-34397752.67707338, -59494923.70933271], [-59494923.70933271, 5452201138.027701]]]",882208.4275657742,4040623.2460640506,10.0,0.5936712632328636,1.4135030076970536e-08,False,False,/private/tmp/oneD-v2-taylor-peierls-pf-runs-300um/oneD_v2_Peak_TP/T1000K_seed8666/steps_1000K.csv,bb582732adeb79013a2c86b0cd9e58ab8ec478521dc905d87ecfe897d52b71b6,/private/tmp/oneD-v2-taylor-peierls-pf-runs-300um/oneD_v2_Peak_TP/T1000K_seed8666/anisotropic_emission_audit_v10174.json,0ece67b6ea0e8daaaf7ca3218ae932bfb1345a683e405faf8133ae5ddfdbd988,FULL_ACTIVE_AND_WAKE_SPATIAL_PROFILE_OBSERVER,PF_MODEL_NATIVE_DRIVING_TRAJECTORY_NOT_RESISTANCE
Peak,KINETIC_FINALIST,oneD_v2_peak_TP_6962e84b2eb78fbb,oneD_v2_Peak_TP,1000.0,8666,300.0,1,0,147,1177.121338937471,2.8026698546130342e-05,6105187.662054085,5237.794958726888,48.271961002756825,48.271961002756825,48.271961002756825,-0.8487287330273319,33.52660621325831,13375180736.838114,2.2973400956249024,4.594680191249805,2.2973400956249024,2.073054391651493,0.359373742808847,3.3419331799311722,0.12291647206107977,3485.610696984236,26265.99146217363,"[3014643440.9703326, -3006164577.8494873]","[[593429457.6407714, -11142148.840588935], [-11142148.840588935, 6224839402.028529]]","[[[-40655362.50857723, -109755544.78604369], [-109755544.78604369, 5988631519.432088]], [[-38023345.92680316, 93901541.76727223], [93901541.76727223, 5974305809.772172]]]",1334398545.1703768,6111709673.876905,102.0,4.200001058052294e-07,1.0000006600780278e-14,False,False,/private/tmp/oneD-v2-taylor-peierls-pf-runs-300um/oneD_v2_Peak_TP/T1000K_seed8666/steps_1000K.csv,bb582732adeb79013a2c86b0cd9e58ab8ec478521dc905d87ecfe897d52b71b6,/private/tmp/oneD-v2-taylor-peierls-pf-runs-300um/oneD_v2_Peak_TP/T1000K_seed8666/anisotropic_emission_audit_v10174.json,0ece67b6ea0e8daaaf7ca3218ae932bfb1345a683e405faf8133ae5ddfdbd988,FULL_ACTIVE_AND_WAKE_SPATIAL_PROFILE_OBSERVER,PF_MODEL_NATIVE_DRIVING_TRAJECTORY_NOT_RESISTANCE
Peak,KINETIC_FINALIST,oneD_v2_peak_TP_6962e84b2eb78fbb,oneD_v2_Peak_TP,1000.0,8666,300.0,2,0,152,1177.121339357471,2.802669855613035e-05,6105003.771325464,5382.908810256118,48.936083288492576,48.936083288492576,48.936083288492576,-0.42741618900766837,46.827708641706366,18681552871.496212,4.594680191249805,6.892020286874707,2.2973400956249024,1.0920753343268124,1.2141882271955908,0.9824570854904677,0.0965825019764249,469.5726515890518,46749.32825380683,"[3166236889.894952, -3157134216.46292]","[[1079380081.6510456, -11319862.510891661], [-11319862.510891661, 6581763005.202983]]","[[[139798622.70535448, -147109962.6181151], [-147109962.6181151, 6472272402.495257]], [[142144291.3528894, 128971536.51058662], [128971536.51058662, 6456412724.278729]]]",189235301973.0205,866720988188.6208,18.0,2.5200006348313764e-07,6.000001927589094e-15,False,False,/private/tmp/oneD-v2-taylor-peierls-pf-runs-300um/oneD_v2_Peak_TP/T1000K_seed8666/steps_1000K.csv,bb582732adeb79013a2c86b0cd9e58ab8ec478521dc905d87ecfe897d52b71b6,/private/tmp/oneD-v2-taylor-peierls-pf-runs-300um/oneD_v2_Peak_TP/T1000K_seed8666/anisotropic_emission_audit_v10174.json,0ece67b6ea0e8daaaf7ca3218ae932bfb1345a683e405faf8133ae5ddfdbd988,FULL_ACTIVE_AND_WAKE_SPATIAL_PROFILE_OBSERVER,PF_MODEL_NATIVE_DRIVING_TRAJECTORY_NOT_RESISTANCE
Peak,KINETIC_FINALIST,oneD_v2_peak_TP_6962e84b2eb78fbb,oneD_v2_Peak_TP,1000.0,8666,300.0,3,0,155,1177.121339609471,2.802669856213035e-05,6104675.797355504,5574.99424213283,49.801555408317704,49.801555408317704,49.801555408317704,-0.36786829778644997,49.67038668679166,19815617333.249626,6.892020286874707,9.18936038249961,2.2973400956249024,1.0052885400885159,4.4039889685922695,0.24499610195340288,0.10391746194184684,230.9052873462282,156089.50854688179,"[3389874279.902431, -3380333626.6731057]","[[1327202323.0224733, -15406885.534158273], [-15406885.534158273, 6773860038.501637]]","[[[317511935.26171386, -185575330.23337498], [-185575330.23337498, 7097260495.066576]], [[319693066.9619046, 161911175.76009408], [161911175.76009408, 7080360320.308117]]]",743758759648.5688,3406506716323.2383,30.0,1.2154123396612704e-06,2.893840630449271e-14,False,False,/private/tmp/oneD-v2-taylor-peierls-pf-runs-300um/oneD_v2_Peak_TP/T1000K_seed8666/steps_1000K.csv,bb582732adeb79013a2c86b0cd9e58ab8ec478521dc905d87ecfe897d52b71b6,/private/tmp/oneD-v2-taylor-peierls-pf-runs-300um/oneD_v2_Peak_TP/T1000K_seed8666/anisotropic_emission_audit_v10174.json,0ece67b6ea0e8daaaf7ca3218ae932bfb1345a683e405faf8133ae5ddfdbd988,FULL_ACTIVE_AND_WAKE_SPATIAL_PROFILE_OBSERVER,PF_MODEL_NATIVE_DRIVING_TRAJECTORY_NOT_RESISTANCE
Peak,KINETIC_FINALIST,oneD_v2_peak_TP_6962e84b2eb78fbb,oneD_v2_Peak_TP,1000.0,8666,300.0,4,0,165,1177.1213408248834,2.8026698591068757e-05,6104135.0858919555,5833.933220160524,50.94498305065458,50.94498305065458,50.94498305065458,-0.2962950658256785,50.939319106729236,20321848126.534832,9.18936038249961,14.507867693188759,5.31850731068915,1.000222392403813,7.853554472913215,0.09472838585210921,0.09580110285398709,211.77640150694967,276948.8667736117,"[3308473220.9205074, -3298630165.9363217]","[[1798180209.8868482, -18274204.215685997], [-18274204.215685997, 7404985964.752313]]","[[[721279381.2318089, -372192777.666519], [-372192777.666519, 7338225823.0728245]], [[717743837.5688852, 344212899.5141878], [344212899.5141878, 7315004169.441529]]]",203976296077.85892,934236556606.4506,6.0,3.360000846441835e-07,8.000002570118792e-15,False,False,/private/tmp/oneD-v2-taylor-peierls-pf-runs-300um/oneD_v2_Peak_TP/T1000K_seed8666/steps_1000K.csv,bb582732adeb79013a2c86b0cd9e58ab8ec478521dc905d87ecfe897d52b71b6,/private/tmp/oneD-v2-taylor-peierls-pf-runs-300um/oneD_v2_Peak_TP/T1000K_seed8666/anisotropic_emission_audit_v10174.json,0ece67b6ea0e8daaaf7ca3218ae932bfb1345a683e405faf8133ae5ddfdbd988,FULL_ACTIVE_AND_WAKE_SPATIAL_PROFILE_OBSERVER,PF_MODEL_NATIVE_DRIVING_TRAJECTORY_NOT_RESISTANCE
Peak,KINETIC_FINALIST,oneD_v2_peak_TP_6962e84b2eb78fbb,oneD_v2_Peak_TP,1000.0,8666,300.0,5,0,169,1177.1213411608835,2.802669859906876e-05,6102027.916485514,6612.5678378326065,54.23826211412727,54.23826211412727,54.23826211412727,-0.2666102003013871,54.23471347257545,21636520269.667553,14.507867693188759,16.80520778881366,2.2973400956249024,1.0001308666505457,8.085804041946226,0.08745022948976058,0.0902598350532963,208.08782328255083,285112.85699721356,"[3193666096.7421, -3148993021.34931]","[[2182410026.747935, -47767243.52051281], [-47767243.52051281, 7925743248.866999]]","[[[1395445247.4992883, -906926829.7610468], [-906926829.7610468, 7782777440.983489]], [[1374651633.2829475, 852400670.6499492], [852400670.6499492, 7672637675.981568]]]",1214913384525.3474,5564452923004.381,18.0,5.040001269662753e-07,1.2000003855178187e-14,False,False,/private/tmp/oneD-v2-taylor-peierls-pf-runs-300um/oneD_v2_Peak_TP/T1000K_seed8666/steps_1000K.csv,bb582732adeb79013a2c86b0cd9e58ab8ec478521dc905d87ecfe897d52b71b6,/private/tmp/oneD-v2-taylor-peierls-pf-runs-300um/oneD_v2_Peak_TP/T1000K_seed8666/anisotropic_emission_audit_v10174.json,0ece67b6ea0e8daaaf7ca3218ae932bfb1345a683e405faf8133ae5ddfdbd988,FULL_ACTIVE_AND_WAKE_SPATIAL_PROFILE_OBSERVER,PF_MODEL_NATIVE_DRIVING_TRAJECTORY_NOT_RESISTANCE
Peak,KINETIC_FINALIST,oneD_v2_peak_TP_6962e84b2eb78fbb,oneD_v2_Peak_TP,1000.0,8666,300.0,6,0,175,1177.1213416648836,2.8026698611068764e-05,6102027.919098177,6617.373901301724,54.257968920097966,54.257968920097966,54.257968920097966,-0.23752644858300767,54.25214384659208,21643473982.825996,16.80520778881366,19.102547884438565,2.2973400956249024,1.0002147522959666,8.064365856149863,0.0881183359887208,0.08893802085384778,205.5023571123416,284380.7772721001,"[3580566133.2961936, -3527507811.066851]","[[2413083724.021896, -55139294.51590528], [-55139294.51590528, 8297902112.197521]]","[[[1764517237.720339, -598775824.0087538], [-598775824.0087538, 8925649504.312727]], [[1758425796.2509391, 518978544.2558009], [518978544.2558009, 8813441418.384642]]]",406321691757.26636,1861003388535.5015,6.0,6.72000169288367e-07,1.6000005140237583e-14,False,False,/private/tmp/oneD-v2-taylor-peierls-pf-runs-300um/oneD_v2_Peak_TP/T1000K_seed8666/steps_1000K.csv,bb582732adeb79013a2c86b0cd9e58ab8ec478521dc905d87ecfe897d52b71b6,/private/tmp/oneD-v2-taylor-peierls-pf-runs-300um/oneD_v2_Peak_TP/T1000K_seed8666/anisotropic_emission_audit_v10174.json,0ece67b6ea0e8daaaf7ca3218ae932bfb1345a683e405faf8133ae5ddfdbd988,FULL_ACTIVE_AND_WAKE_SPATIAL_PROFILE_OBSERVER,PF_MODEL_NATIVE_DRIVING_TRAJECTORY_NOT_RESISTANCE
Peak,KINETIC_FINALIST,oneD_v2_peak_TP_6962e84b2eb78fbb,oneD_v2_Peak_TP,1000.0,8666,300.0,7,0,183,1177.1213423368838,2.802669862706877e-05,6100193.816198988,7145.1641546086585,56.38022448411576,56.38022448411576,56.38022448411576,-0.2016047968764131,56.37575671776399,22490672944.341152,19.102547884438565,21.9809590141333,2.8784111296947366,1.0001585058417535,8.01064462084278,0.08980040732716746,0.08058854646436948,201.79621145161036,282470.47298228997,"[3014740011.5190115, -3027628838.3806953]","[[2152926500.7496734, -5260413.8861104725], [-5260413.8861104725, 8119958474.244629]]","[[[1783406446.7150078, -1149740737.3729167], [-1149740737.3729167, 7812886469.753031]], [[1792904227.3537967, 937361482.1633034], [937361482.1633034, 7848161904.115188]]]",790712684363.0922,3621561474096.2236,8.0,3.360000846441835e-07,8.000002570118792e-15,False,False,/private/tmp/oneD-v2-taylor-peierls-pf-runs-300um/oneD_v2_Peak_TP/T1000K_seed8666/steps_1000K.csv,bb582732adeb79013a2c86b0cd9e58ab8ec478521dc905d87ecfe897d52b71b6,/private/tmp/oneD-v2-taylor-peierls-pf-runs-300um/oneD_v2_Peak_TP/T1000K_seed8666/anisotropic_emission_audit_v10174.json,0ece67b6ea0e8daaaf7ca3218ae932bfb1345a683e405faf8133ae5ddfdbd988,FULL_ACTIVE_AND_WAKE_SPATIAL_PROFILE_OBSERVER,PF_MODEL_NATIVE_DRIVING_TRAJECTORY_NOT_RESISTANCE
Peak,KINETIC_FINALIST,oneD_v2_peak_TP_6962e84b2eb78fbb,oneD_v2_Peak_TP,1000.0,8666,300.0,8,0,187,1177.1213426728839,2.802669863506877e-05,6085053.431446812,8317.642151147124,60.83041946833418,60.83041946833418,60.83041946833418,-0.17343374743435752,60.82667241991095,24266331404.430206,21.9809590141333,24.278299109758198,2.297340095624899,1.0001232079180764,7.291248678649073,0.1128029084854215,0.07228458858570638,197.8688781579947,257094.13831361284,"[4008492152.026409, -3987218443.12865]","[[4873102588.383015, 6292008.043849235], [6292008.043849235, 10853931717.35838]]","[[[2766019318.4875264, -487953586.15405], [-487953586.15405, 10783003622.540344]], [[2825145513.277499, 552943515.9617255], [552943515.9617255, 10799582399.5348]]]",2268461388312.7627,10389832529379.113,12.0,3.07513482766808e-06,7.321751102000278e-14,False,False,/private/tmp/oneD-v2-taylor-peierls-pf-runs-300um/oneD_v2_Peak_TP/T1000K_seed8666/steps_1000K.csv,bb582732adeb79013a2c86b0cd9e58ab8ec478521dc905d87ecfe897d52b71b6,/private/tmp/oneD-v2-taylor-peierls-pf-runs-300um/oneD_v2_Peak_TP/T1000K_seed8666/anisotropic_emission_audit_v10174.json,0ece67b6ea0e8daaaf7ca3218ae932bfb1345a683e405faf8133ae5ddfdbd988,FULL_ACTIVE_AND_WAKE_SPATIAL_PROFILE_OBSERVER,PF_MODEL_NATIVE_DRIVING_TRAJECTORY_NOT_RESISTANCE
Peak,KINETIC_FINALIST,oneD_v2_peak_TP_6962e84b2eb78fbb,oneD_v2_Peak_TP,1000.0,8666,300.0,9,0,197,1177.1213457480187,2.8026698708286282e-05,6083843.068176065,8505.166340773105,61.512319153800455,61.512319153800455,61.512319153800455,-0.04225746310298618,61.50763553579584,24537996382.75059,24.278299109758198,37.596235373684394,13.317936263926194,1.0001522996709398,4.956459873054863,0.21058868633145172,0.01631852297968157,92.44851633898573,174773.06051279008,"[3927551553.059727, -3900676039.066854]","[[4996871523.764728, 43879292.36119848], [43879292.36119848, 10336054511.03182]]","[[[2615566029.1667747, -383213313.6023461], [-383213313.6023461, 10470669135.28623]], [[2678001958.9672036, 449355907.12967455], [449355907.12967455, 10479354037.100912]]]",2466321633761.5737,11296056820886.232,12.0,2.192880401707953e-06,5.2211453070065764e-14,False,False,/private/tmp/oneD-v2-taylor-peierls-pf-runs-300um/oneD_v2_Peak_TP/T1000K_seed8666/steps_1000K.csv,bb582732adeb79013a2c86b0cd9e58ab8ec478521dc905d87ecfe897d52b71b6,/private/tmp/oneD-v2-taylor-peierls-pf-runs-300um/oneD_v2_Peak_TP/T1000K_seed8666/anisotropic_emission_audit_v10174.json,0ece67b6ea0e8daaaf7ca3218ae932bfb1345a683e405faf8133ae5ddfdbd988,FULL_ACTIVE_AND_WAKE_SPATIAL_PROFILE_OBSERVER,PF_MODEL_NATIVE_DRIVING_TRAJECTORY_NOT_RESISTANCE
Peak,KINETIC_FINALIST,oneD_v2_peak_TP_6962e84b2eb78fbb,oneD_v2_Peak_TP,1000.0,8666,300.0,10,0,207,1177.121347940899,2.8026698760497735e-05,6073919.086370289,9830.17263206945,66.13041798019847,66.13041798019847,66.13041798019847,-0.00717989784251723,66.12552110046201,26380266180.55137,37.596235373684394,47.19203139289072,9.595796019206325,1.0001481141009552,6.292733518802715,0.14842419520918004,0.0012016057393296124,24.986148644274888,221891.3744185296,"[3665705785.4541135, -3541184424.3155665]","[[4484721096.689219, 6266920.559853237], [6266920.559853237, 10738191012.61628]]","[[[3504614396.0896196, -1121713650.1419828], [-1121713650.1419828, 10836025966.997847]], [[3627298421.955347, 1187639466.7096217], [1187639466.7096217, 10709667270.586481]]]",3958891646746.951,18132211296861.47,12.0,2.9109514798619784e-06,6.930836926512945e-14,False,False,/private/tmp/oneD-v2-taylor-peierls-pf-runs-300um/oneD_v2_Peak_TP/T1000K_seed8666/steps_1000K.csv,bb582732adeb79013a2c86b0cd9e58ab8ec478521dc905d87ecfe897d52b71b6,/private/tmp/oneD-v2-taylor-peierls-pf-runs-300um/oneD_v2_Peak_TP/T1000K_seed8666/anisotropic_emission_audit_v10174.json,0ece67b6ea0e8daaaf7ca3218ae932bfb1345a683e405faf8133ae5ddfdbd988,FULL_ACTIVE_AND_WAKE_SPATIAL_PROFILE_OBSERVER,PF_MODEL_NATIVE_DRIVING_TRAJECTORY_NOT_RESISTANCE
Peak,KINETIC_FINALIST,oneD_v2_peak_TP_6962e84b2eb78fbb,oneD_v2_Peak_TP,1000.0,8666,300.0,11,0,217,1177.1213508518506,2.8026698829806105e-05,6111959.531010399,5900.961465203124,51.23681021767233,51.23681021767233,51.23681021767233,-0.00013381684420997998,51.23460390846005,20439649718.705208,47.19203139289072,59.93002512708252,12.7379937341918,1.0000861275992776,9.435652926141563,0.04218149120130766,0.0029985014778772935,0.8791480537051165,332694.8819242407,"[3461294898.3581448, -3488902803.547767]","[[4568704330.039806, -36978949.14720534], [-36978949.14720534, 9689963893.411057]]","[[[2753757267.3811917, -495335369.3240115], [-495335369.3240115, 9676347064.09748]], [[2687012478.893868, 448675426.928599], [448675426.928599, 9664818085.989403]]]",581399754492.1309,2662882477487.6533,16.0,5.040001269662753e-07,1.2000003855178187e-14,False,False,/private/tmp/oneD-v2-taylor-peierls-pf-runs-300um/oneD_v2_Peak_TP/T1000K_seed8666/steps_1000K.csv,bb582732adeb79013a2c86b0cd9e58ab8ec478521dc905d87ecfe897d52b71b6,/private/tmp/oneD-v2-taylor-peierls-pf-runs-300um/oneD_v2_Peak_TP/T1000K_seed8666/anisotropic_emission_audit_v10174.json,0ece67b6ea0e8daaaf7ca3218ae932bfb1345a683e405faf8133ae5ddfdbd988,FULL_ACTIVE_AND_WAKE_SPATIAL_PROFILE_OBSERVER,PF_MODEL_NATIVE_DRIVING_TRAJECTORY_NOT_RESISTANCE
Peak,KINETIC_FINALIST,oneD_v2_peak_TP_6962e84b2eb78fbb,oneD_v2_Peak_TP,1000.0,8666,300.0,12,0,223,1177.1213513558507,2.802669884180611e-05,6105684.5862412285,6112.757895226686,52.148196454841795,52.148196454841795,52.148196454841795,-0.00010679893054530017,52.144293140046024,20802563215.210743,59.93002512708252,62.22736522270742,2.2973400956249024,1.0001497176643517,9.396932022311107,0.04373977431141853,0.0065007504896255255,0.8271879648102314,331350.6759200502,"[3415276901.7071075, -3438602584.3430953]","[[3747373333.818326, -33790938.800912656], [-33790938.800912656, 8456602662.452119]]","[[[2740941074.945266, -769090180.7461488], [-769090180.7461488, 9571494878.359482]], [[2677471497.9027276, 726866183.5191067], [726866183.5191067, 9554676666.588919]]]",354585611784.76245,1624045770737.7021,8.0,8.400002116104588e-08,2.000000642529698e-15,False,False,/private/tmp/oneD-v2-taylor-peierls-pf-runs-300um/oneD_v2_Peak_TP/T1000K_seed8666/steps_1000K.csv,bb582732adeb79013a2c86b0cd9e58ab8ec478521dc905d87ecfe897d52b71b6,/private/tmp/oneD-v2-taylor-peierls-pf-runs-300um/oneD_v2_Peak_TP/T1000K_seed8666/anisotropic_emission_audit_v10174.json,0ece67b6ea0e8daaaf7ca3218ae932bfb1345a683e405faf8133ae5ddfdbd988,FULL_ACTIVE_AND_WAKE_SPATIAL_PROFILE_OBSERVER,PF_MODEL_NATIVE_DRIVING_TRAJECTORY_NOT_RESISTANCE
Peak,KINETIC_FINALIST,oneD_v2_peak_TP_6962e84b2eb78fbb,oneD_v2_Peak_TP,1000.0,8666,300.0,13,0,224,1177.1213514398507,2.802669884380611e-05,6103672.380145681,6142.692161918197,52.275725765651366,52.275725765651366,52.275725765651366,-2.067950214289359e-05,52.274859196633315,20854651535.5687,62.22736522270742,64.52470531833232,2.2973400956249024,1.0000331546067842,9.83833732919287,0.02187518875864725,0.002050801596128096,0.17160654083575133,346874.89326932735,"[3043749725.9072976, -3060690054.6881866]","[[3291265774.3391933, -30704958.978836726], [-30704958.978836726, 8599656995.340628]]","[[[2609992545.4408965, -1138320753.4552522], [-1138320753.4552522, 8697491997.255491]], [[2550238090.630368, 1094722875.2740839], [1094722875.2740839, 8671618200.006742]]]",4555584466005.963,20865137894389.01,100.0,1.8934872514364542e-06,4.508304401453986e-14,False,False,/private/tmp/oneD-v2-taylor-peierls-pf-runs-300um/oneD_v2_Peak_TP/T1000K_seed8666/steps_1000K.csv,bb582732adeb79013a2c86b0cd9e58ab8ec478521dc905d87ecfe897d52b71b6,/private/tmp/oneD-v2-taylor-peierls-pf-runs-300um/oneD_v2_Peak_TP/T1000K_seed8666/anisotropic_emission_audit_v10174.json,0ece67b6ea0e8daaaf7ca3218ae932bfb1345a683e405faf8133ae5ddfdbd988,FULL_ACTIVE_AND_WAKE_SPATIAL_PROFILE_OBSERVER,PF_MODEL_NATIVE_DRIVING_TRAJECTORY_NOT_RESISTANCE
Peak,KINETIC_FINALIST,oneD_v2_peak_TP_6962e84b2eb78fbb,oneD_v2_Peak_TP,1000.0,8666,300.0,14,0,234,1177.121353333338,2.8026698888889153e-05,6103672.389963894,6180.6899788455985,52.43716158477715,52.43716158477715,52.43716158477715,-6.313683568835853e-05,52.433372985977904,20917889388.1649,64.52470531833232,72.91419034841714,8.389485030084812,1.0001445161910065,9.513720468729495,0.038911835111697476,0.003362588078530259,0.6010686272553303,335467.07646593865,"[3276741746.0417886, -3289756237.568588]","[[3516159139.0084686, -35545413.22524586], [-35545413.22524586, 8490286774.926852]]","[[[2837814249.980227, -563163605.7376271], [-563163605.7376271, 9391297742.063805]], [[2789349800.3762307, 506822938.143847], [506822938.143847, 9368862275.513407]]]",565391041724.086,2589560601467.2593,12.0,1.7508523342257831e-06,4.168692978702773e-14,False,False,/private/tmp/oneD-v2-taylor-peierls-pf-runs-300um/oneD_v2_Peak_TP/T1000K_seed8666/steps_1000K.csv,bb582732adeb79013a2c86b0cd9e58ab8ec478521dc905d87ecfe897d52b71b6,/private/tmp/oneD-v2-taylor-peierls-pf-runs-300um/oneD_v2_Peak_TP/T1000K_seed8666/anisotropic_emission_audit_v10174.json,0ece67b6ea0e8daaaf7ca3218ae932bfb1345a683e405faf8133ae5ddfdbd988,FULL_ACTIVE_AND_WAKE_SPATIAL_PROFILE_OBSERVER,PF_MODEL_NATIVE_DRIVING_TRAJECTORY_NOT_RESISTANCE
Peak,KINETIC_FINALIST,oneD_v2_peak_TP_6962e84b2eb78fbb,oneD_v2_Peak_TP,1000.0,8666,300.0,15,0,244,1177.1213550841903,2.8026698930576083e-05,6046923.294463298,6487.6184134956675,53.72338195010353,53.72338195010353,53.72338195010353,-5.3949245500251084e-05,53.71967322522517,21431048938.891117,72.91419034841714,80.57571727409683,7.661526925679691,1.0001380817372132,9.53427915878122,0.03800854034247034,0.0023761274993253367,0.567224006271146,336189.8417027826,"[3293881300.466546, -3236121935.9646616]","[[3768008686.2044845, -648577.8538725298], [-648577.8538725298, 8750143843.042067]]","[[[2065289719.1969311, -384543005.75924385], [-384543005.75924385, 8653052320.130024]], [[2167351548.4277935, 411755005.0571453], [411755005.0571453, 8639595420.357117]]]",611300924551.6785,2799833518819.7935,10.0,1.1971928870480042e-06,2.8504589910226946e-14,False,False,/private/tmp/oneD-v2-taylor-peierls-pf-runs-300um/oneD_v2_Peak_TP/T1000K_seed8666/steps_1000K.csv,bb582732adeb79013a2c86b0cd9e58ab8ec478521dc905d87ecfe897d52b71b6,/private/tmp/oneD-v2-taylor-peierls-pf-runs-300um/oneD_v2_Peak_TP/T1000K_seed8666/anisotropic_emission_audit_v10174.json,0ece67b6ea0e8daaaf7ca3218ae932bfb1345a683e405faf8133ae5ddfdbd988,FULL_ACTIVE_AND_WAKE_SPATIAL_PROFILE_OBSERVER,PF_MODEL_NATIVE_DRIVING_TRAJECTORY_NOT_RESISTANCE
Peak,KINETIC_FINALIST,oneD_v2_peak_TP_6962e84b2eb78fbb,oneD_v2_Peak_TP,1000.0,8666,300.0,16,0,254,1177.1213562813832,2.8026698959080673e-05,6044440.297395225,6344.409199610624,53.12712181057229,53.12712181057229,53.12712181057229,-6.65062834844571e-05,53.12232040780048,21192739643.703487,80.57571727409683,85.8144981030469,5.238780828950074,1.0001807759796528,9.403016938914353,0.04348692932852638,0.002984097406049357,0.7554881183377131,331575.5360135315,"[3288498592.98274, -3234294957.715108]","[[3537346346.254004, 12800307.464807814], [12800307.464807814, 8176722531.597487]]","[[[2124064632.6399925, -117028990.41542453], [-117028990.41542453, 8701061818.605473]], [[2209580930.0109706, 118159912.0964517], [118159912.0964517, 8678170845.441187]]]",325756969362.42004,1492007038070.415,6.0,2.5200006348313764e-07,5.999998539457305e-15,False,False,/private/tmp/oneD-v2-taylor-peierls-pf-runs-300um/oneD_v2_Peak_TP/T1000K_seed8666/steps_1000K.csv,bb582732adeb79013a2c86b0cd9e58ab8ec478521dc905d87ecfe897d52b71b6,/private/tmp/oneD-v2-taylor-peierls-pf-runs-300um/oneD_v2_Peak_TP/T1000K_seed8666/anisotropic_emission_audit_v10174.json,0ece67b6ea0e8daaaf7ca3218ae932bfb1345a683e405faf8133ae5ddfdbd988,FULL_ACTIVE_AND_WAKE_SPATIAL_PROFILE_OBSERVER,PF_MODEL_NATIVE_DRIVING_TRAJECTORY_NOT_RESISTANCE
Peak,KINETIC_FINALIST,oneD_v2_peak_TP_6962e84b2eb78fbb,oneD_v2_Peak_TP,1000.0,8666,300.0,17,0,257,1177.1213565333833,2.802669896508067e-05,6041823.41850549,6321.989142248751,53.03316765015174,53.03316765015174,53.03316765015174,-5.105653420804628e-05,53.02920516870984,21155592037.880543,85.8144981030469,88.1118381986718,2.2973400956249024,1.000149450834604,9.499659840743096,0.03950734255049302,0.008461405404023618,0.6057438661445567,334972.9318024122,"[3566996778.2603354, -3522108045.3427796]","[[3278691266.419539, -3398938.2006810154], [-3398938.2006810154, 8184650296.740452]]","[[[2295444805.9882073, -625632974.9093661], [-625632974.9093661, 9429438362.508879]], [[2368439943.595671, 638670589.3614589], [638670589.3614589, 9412656034.28123]]]",1598360710843.2253,7320688900749.687,30.0,1.4481133803201374e-06,3.4478886081932766e-14,False,False,/private/tmp/oneD-v2-taylor-peierls-pf-runs-300um/oneD_v2_Peak_TP/T1000K_seed8666/steps_1000K.csv,bb582732adeb79013a2c86b0cd9e58ab8ec478521dc905d87ecfe897d52b71b6,/private/tmp/oneD-v2-taylor-peierls-pf-runs-300um/oneD_v2_Peak_TP/T1000K_seed8666/anisotropic_emission_audit_v10174.json,0ece67b6ea0e8daaaf7ca3218ae932bfb1345a683e405faf8133ae5ddfdbd988,FULL_ACTIVE_AND_WAKE_SPATIAL_PROFILE_OBSERVER,PF_MODEL_NATIVE_DRIVING_TRAJECTORY_NOT_RESISTANCE
Peak,KINETIC_FINALIST,oneD_v2_peak_TP_6962e84b2eb78fbb,oneD_v2_Peak_TP,1000.0,8666,300.0,18,0,267,1177.1213579814967,2.8026698999559558e-05,6040036.992518958,6368.681295825014,53.22865022670474,53.22865022670474,53.22865022670474,-4.177910946496408e-05,53.225106041064016,21233745178.63015,88.1118381986718,94.44861849005173,6.3367802913799185,1.000133181646991,9.549612256083503,0.037332722781200006,0.0025843571308249305,0.5509048385788954,336728.8548768968,"[3164650577.549077, -3110172790.7666445]","[[2944815979.526889, -7820110.403006815], [-7820110.403006815, 8381159715.764432]]","[[[2220783373.798365, -1050003785.318115], [-1050003785.318115, 8550084528.89652]], [[2281529283.0112295, 1053280419.5264173], [1053280419.5264173, 8501874864.544519]]]",443427322571.8351,2030951747386.3792,8.0,4.200001058052294e-07,1.000000321264849e-14,False,False,/private/tmp/oneD-v2-taylor-peierls-pf-runs-300um/oneD_v2_Peak_TP/T1000K_seed8666/steps_1000K.csv,bb582732adeb79013a2c86b0cd9e58ab8ec478521dc905d87ecfe897d52b71b6,/private/tmp/oneD-v2-taylor-peierls-pf-runs-300um/oneD_v2_Peak_TP/T1000K_seed8666/anisotropic_emission_audit_v10174.json,0ece67b6ea0e8daaaf7ca3218ae932bfb1345a683e405faf8133ae5ddfdbd988,FULL_ACTIVE_AND_WAKE_SPATIAL_PROFILE_OBSERVER,PF_MODEL_NATIVE_DRIVING_TRAJECTORY_NOT_RESISTANCE
Peak,KINETIC_FINALIST,oneD_v2_peak_TP_6962e84b2eb78fbb,oneD_v2_Peak_TP,1000.0,8666,300.0,19,0,272,1177.1213584014968,2.802669900955956e-05,6054456.622058235,7693.676893329387,58.50428379252061,58.50428379252061,58.50428379252061,-4.403505898551878e-05,58.500055273981445,23338145454.612015,94.44861849005173,96.74569264369183,2.2970741536401054,1.0001445698245204,9.513669813887775,0.03889731520554891,0.0008064947184110932,0.6026747757028565,335465.3082950264,"[3721945266.2560573, -3638473961.1449695]","[[4671469021.615654, 139072961.7326582], [139072961.7326582, 10182554230.230156]]","[[[2669988347.5486298, -394330210.2758664], [-394330210.2758664, 10113878880.060745]], [[2856079413.1004367, 588216517.0255796], [588216517.0255796, 10133027335.390375]]]",2205218469592.842,10100172173000.803,16.0,4.200001058052294e-07,1.000000321264849e-14,False,False,/private/tmp/oneD-v2-taylor-peierls-pf-runs-300um/oneD_v2_Peak_TP/T1000K_seed8666/steps_1000K.csv,bb582732adeb79013a2c86b0cd9e58ab8ec478521dc905d87ecfe897d52b71b6,/private/tmp/oneD-v2-taylor-peierls-pf-runs-300um/oneD_v2_Peak_TP/T1000K_seed8666/anisotropic_emission_audit_v10174.json,0ece67b6ea0e8daaaf7ca3218ae932bfb1345a683e405faf8133ae5ddfdbd988,FULL_ACTIVE_AND_WAKE_SPATIAL_PROFILE_OBSERVER,PF_MODEL_NATIVE_DRIVING_TRAJECTORY_NOT_RESISTANCE
Peak,KINETIC_FINALIST,oneD_v2_peak_TP_6962e84b2eb78fbb,oneD_v2_Peak_TP,1000.0,8666,300.0,20,0,277,1177.1213588214969,2.8026699019559564e-05,6053399.183432581,7670.7245452642655,58.41695144848511,58.41695144848511,58.41695144848511,-4.580147362866166e-05,58.41234586546064,23303154463.164062,96.74569264369183,99.04276679733192,2.297074153640092,1.0001576983263474,9.473323407404035,0.040606814667863894,0.0010878407631103463,0.6562972430278758,334047.022398866,"[3668741411.131101, -3587998559.2079086]","[[4682448500.733727, 114143901.8476411], [114143901.8476411, 9675629333.380613]]","[[[2447514196.976528, -310823753.1721782], [-310823753.1721782, 9784997019.238731]], [[2597320217.6759467, 471489396.41179216], [471489396.41179216, 9773317336.091764]]]",816381266658.9492,3739126742209.031,6.0,1.1987503967247903e-06,2.8541686565184896e-14,False,False,/private/tmp/oneD-v2-taylor-peierls-pf-runs-300um/oneD_v2_Peak_TP/T1000K_seed8666/steps_1000K.csv,bb582732adeb79013a2c86b0cd9e58ab8ec478521dc905d87ecfe897d52b71b6,/private/tmp/oneD-v2-taylor-peierls-pf-runs-300um/oneD_v2_Peak_TP/T1000K_seed8666/anisotropic_emission_audit_v10174.json,0ece67b6ea0e8daaaf7ca3218ae932bfb1345a683e405faf8133ae5ddfdbd988,FULL_ACTIVE_AND_WAKE_SPATIAL_PROFILE_OBSERVER,PF_MODEL_NATIVE_DRIVING_TRAJECTORY_NOT_RESISTANCE
Peak,KINETIC_FINALIST,oneD_v2_peak_TP_6962e84b2eb78fbb,oneD_v2_Peak_TP,1000.0,8666,300.0,21,0,287,1177.1213600202473,2.802669904810125e-05,6052323.071903998,7644.2486855112675,58.316049904781636,58.316049904781636,58.316049904781636,-5.472651884311754e-05,58.30989353927071,23262281898.521423,99.04276679733192,104.28775434413835,5.244987546806435,1.0002111713855792,9.31265188734204,0.047008093903917865,0.0002284839872518908,0.882883684581088,328399.00222756923,"[3770217786.7700734, -3717156157.2915816]","[[4814680888.851729, 111161206.93599135], [111161206.93599135, 10000910075.511711]]","[[[2570534767.078203, -408814260.17370313], [-408814260.17370313, 10110970340.618351]], [[2551641497.7962003, 625339611.7888783], [625339611.7888783, 9985953812.379364]]]",804121005982.5798,3682973238406.723,6.0,5.040001269662753e-07,1.2000003855178187e-14,False,False,/private/tmp/oneD-v2-taylor-peierls-pf-runs-300um/oneD_v2_Peak_TP/T1000K_seed8666/steps_1000K.csv,bb582732adeb79013a2c86b0cd9e58ab8ec478521dc905d87ecfe897d52b71b6,/private/tmp/oneD-v2-taylor-peierls-pf-runs-300um/oneD_v2_Peak_TP/T1000K_seed8666/anisotropic_emission_audit_v10174.json,0ece67b6ea0e8daaaf7ca3218ae932bfb1345a683e405faf8133ae5ddfdbd988,FULL_ACTIVE_AND_WAKE_SPATIAL_PROFILE_OBSERVER,PF_MODEL_NATIVE_DRIVING_TRAJECTORY_NOT_RESISTANCE
Peak,KINETIC_FINALIST,oneD_v2_peak_TP_6962e84b2eb78fbb,oneD_v2_Peak_TP,1000.0,8666,300.0,22,0,293,1177.1213605242474,2.8026699060101254e-05,6049421.564435035,7593.6184607047235,58.122606440495936,58.122606440495936,58.122606440495936,-6.33110905413957e-05,58.115227754269036,23184621486.33672,104.28775434413835,106.58403073339538,2.296276389257028,1.0002539490916575,9.190611415135926,0.051520956009391584,0.000820898840885688,1.065516086735176,324109.258994049,"[3864370229.384181, -3801306083.310924]","[[4259632911.9924154, 59994853.6768508], [59994853.6768508, 9840954517.542288]]","[[[2805876159.974325, -502599920.61411417], [-502599920.61411417, 10534616618.742687]], [[2911966976.9730325, 586257749.4861649], [586257749.4861649, 10514579143.594881]]]",2083034670928.0366,9540555327648.672,16.0,3.360000846441835e-07,8.00000595825058e-15,False,False,/private/tmp/oneD-v2-taylor-peierls-pf-runs-300um/oneD_v2_Peak_TP/T1000K_seed8666/steps_1000K.csv,bb582732adeb79013a2c86b0cd9e58ab8ec478521dc905d87ecfe897d52b71b6,/private/tmp/oneD-v2-taylor-peierls-pf-runs-300um/oneD_v2_Peak_TP/T1000K_seed8666/anisotropic_emission_audit_v10174.json,0ece67b6ea0e8daaaf7ca3218ae932bfb1345a683e405faf8133ae5ddfdbd988,FULL_ACTIVE_AND_WAKE_SPATIAL_PROFILE_OBSERVER,PF_MODEL_NATIVE_DRIVING_TRAJECTORY_NOT_RESISTANCE
Peak,KINETIC_FINALIST,oneD_v2_peak_TP_6962e84b2eb78fbb,oneD_v2_Peak_TP,1000.0,8666,300.0,23,0,297,1177.1213608602475,2.802669906810126e-05,6047497.670984215,7609.088429677323,58.18178095932296,58.18178095932296,58.18178095932296,-3.0697529702907575e-05,58.17760348447052,23209505802.385002,106.58403073339538,108.88137082902028,2.2973400956249024,1.0001436162572943,9.51709725253476,0.03876198062596749,0.001294709942352388,0.56549669768883,335585.84461936617,"[3680030226.7046204, -3652029757.198572]","[[3831645970.8653584, 13858260.80416441], [13858260.80416441, 9762810185.735474]]","[[[2602060623.301866, -979777442.2916406], [-979777442.2916406, 9962121076.711107]], [[2488194688.6678705, 1065809754.0759159], [1065809754.0759159, 9792254203.065016]]]",525637864879.6107,2407486155742.5767,4.0,8.748043001105543e-07,2.0828645205068705e-14,False,False,/private/tmp/oneD-v2-taylor-peierls-pf-runs-300um/oneD_v2_Peak_TP/T1000K_seed8666/steps_1000K.csv,bb582732adeb79013a2c86b0cd9e58ab8ec478521dc905d87ecfe897d52b71b6,/private/tmp/oneD-v2-taylor-peierls-pf-runs-300um/oneD_v2_Peak_TP/T1000K_seed8666/anisotropic_emission_audit_v10174.json,0ece67b6ea0e8daaaf7ca3218ae932bfb1345a683e405faf8133ae5ddfdbd988,FULL_ACTIVE_AND_WAKE_SPATIAL_PROFILE_OBSERVER,PF_MODEL_NATIVE_DRIVING_TRAJECTORY_NOT_RESISTANCE
Peak,KINETIC_FINALIST,oneD_v2_peak_TP_6962e84b2eb78fbb,oneD_v2_Peak_TP,1000.0,8666,300.0,24,0,307,1177.1213617350518,2.8026699088929906e-05,6045160.791586923,7637.514480621242,58.29035746771396,58.29035746771396,58.29035746771396,-4.082050952929826e-05,58.28474850451538,23252250481.015358,108.88137082902028,112.70941139379968,3.8280405647793914,1.0001924768735715,9.367669495124158,0.04489363705889142,0.0004325099528196568,0.8034762887329465,330332.9550167838,"[3436457513.619519, -3461170857.9486833]","[[3474522849.1972246, -344562.5877200788], [-344562.5877200788, 9378438275.657845]]","[[[2712308084.6833158, -1204578625.1995628], [-1204578625.1995628, 9585223111.922354]], [[2668171705.0502987, 1423435668.6266677], [1423435668.6266677, 9590513420.947666]]]",801133973481.9797,3669292261687.9023,6.0,5.880001481273212e-07,1.3999997721444307e-14,False,False,/private/tmp/oneD-v2-taylor-peierls-pf-runs-300um/oneD_v2_Peak_TP/T1000K_seed8666/steps_1000K.csv,bb582732adeb79013a2c86b0cd9e58ab8ec478521dc905d87ecfe897d52b71b6,/private/tmp/oneD-v2-taylor-peierls-pf-runs-300um/oneD_v2_Peak_TP/T1000K_seed8666/anisotropic_emission_audit_v10174.json,0ece67b6ea0e8daaaf7ca3218ae932bfb1345a683e405faf8133ae5ddfdbd988,FULL_ACTIVE_AND_WAKE_SPATIAL_PROFILE_OBSERVER,PF_MODEL_NATIVE_DRIVING_TRAJECTORY_NOT_RESISTANCE
Peak,KINETIC_FINALIST,oneD_v2_peak_TP_6962e84b2eb78fbb,oneD_v2_Peak_TP,1000.0,8666,300.0,25,0,314,1177.121362323052,2.8026699102929903e-05,6042294.055156717,7659.372818413054,58.37371050084118,58.37371050084118,58.37371050084118,-3.2576495588125606e-05,58.36877904668393,23285773817.131447,112.70941139379968,115.34848640842095,2.6390750146212776,1.000168982889889,9.438805922396025,0.04204997901344816,0.0008219800743194903,0.6905825454536192,332833.6268545647,"[3247798828.570257, -3278915066.0578494]","[[2911122377.0701723, -29714209.84617798], [-29714209.84617798, 9195594823.035488]]","[[[2304630637.9094543, -1724670423.492611], [-1724670423.492611, 8800228295.049969]], [[2442195597.202585, 1928282648.4797525], [1928282648.4797525, 9000025729.318285]]]",1892702527690.6426,8668810671388.438,14.0,2.693844180612359e-06,6.413914402847096e-14,False,False,/private/tmp/oneD-v2-taylor-peierls-pf-runs-300um/oneD_v2_Peak_TP/T1000K_seed8666/steps_1000K.csv,bb582732adeb79013a2c86b0cd9e58ab8ec478521dc905d87ecfe897d52b71b6,/private/tmp/oneD-v2-taylor-peierls-pf-runs-300um/oneD_v2_Peak_TP/T1000K_seed8666/anisotropic_emission_audit_v10174.json,0ece67b6ea0e8daaaf7ca3218ae932bfb1345a683e405faf8133ae5ddfdbd988,FULL_ACTIVE_AND_WAKE_SPATIAL_PROFILE_OBSERVER,PF_MODEL_NATIVE_DRIVING_TRAJECTORY_NOT_RESISTANCE
Peak,KINETIC_FINALIST,oneD_v2_peak_TP_6962e84b2eb78fbb,oneD_v2_Peak_TP,1000.0,8666,300.0,26,0,324,1177.121365016896,2.8026699167069047e-05,6017401.118141639,11413.056459379724,71.2560391899158,71.2560391899158,71.2560391899158,-6.123769344164904e-05,71.24050514662218,28420849580.143456,115.34848640842095,126.81255124638102,11.464064837960072,1.0004361489819953,8.71684162108451,0.0675587202861278,0.00011336030080305405,1.8227936966175045,307457.64052443934,"[4297719157.694902, -4334993002.849633]","[[6119923477.205726, -54893894.20069917], [-54893894.20069917, 12351750384.91501]]","[[[3768312282.902413, -584050744.2731587], [-584050744.2731587, 12363750598.29222]], [[3686322472.1253386, 534047586.38737375], [534047586.38737375, 12356308477.824606]]]",2851640453221.4604,13060864467704.479,6.0,1.4795296010561287e-06,3.5226883936994094e-14,False,False,/private/tmp/oneD-v2-taylor-peierls-pf-runs-300um/oneD_v2_Peak_TP/T1000K_seed8666/steps_1000K.csv,bb582732adeb79013a2c86b0cd9e58ab8ec478521dc905d87ecfe897d52b71b6,/private/tmp/oneD-v2-taylor-peierls-pf-runs-300um/oneD_v2_Peak_TP/T1000K_seed8666/anisotropic_emission_audit_v10174.json,0ece67b6ea0e8daaaf7ca3218ae932bfb1345a683e405faf8133ae5ddfdbd988,FULL_ACTIVE_AND_WAKE_SPATIAL_PROFILE_OBSERVER,PF_MODEL_NATIVE_DRIVING_TRAJECTORY_NOT_RESISTANCE
Peak,KINETIC_FINALIST,oneD_v2_peak_TP_6962e84b2eb78fbb,oneD_v2_Peak_TP,1000.0,8666,300.0,27,0,334,1177.1213664964257,2.802669920229593e-05,6006402.578708954,12509.41974257695,74.60007736902247,74.60007736902247,74.60007736902247,-8.169139329152442e-05,74.57278206181637,29750235731.620075,126.81255124638102,133.28680147609168,6.474250229710643,1.000732178733258,8.082906815259118,0.08754125512568871,5.990120510242776e-05,3.0357184466396063,285182.0560818558,"[4324341228.261088, -4328083791.028452]","[[4895104498.450357, -45733449.26502455], [-45733449.26502455, 11863458566.652178]]","[[[3468794069.632457, -1635955322.120685], [-1635955322.120685, 12117476526.154634]], [[3385858672.486044, 1591162298.1337552], [1591162298.1337552, 12042026254.54295]]]",4500515898193.0,20612917071871.508,8.0,7.560001904494129e-07,1.800000578276728e-14,False,False,/private/tmp/oneD-v2-taylor-peierls-pf-runs-300um/oneD_v2_Peak_TP/T1000K_seed8666/steps_1000K.csv,bb582732adeb79013a2c86b0cd9e58ab8ec478521dc905d87ecfe897d52b71b6,/private/tmp/oneD-v2-taylor-peierls-pf-runs-300um/oneD_v2_Peak_TP/T1000K_seed8666/anisotropic_emission_audit_v10174.json,0ece67b6ea0e8daaaf7ca3218ae932bfb1345a683e405faf8133ae5ddfdbd988,FULL_ACTIVE_AND_WAKE_SPATIAL_PROFILE_OBSERVER,PF_MODEL_NATIVE_DRIVING_TRAJECTORY_NOT_RESISTANCE
Peak,KINETIC_FINALIST,oneD_v2_peak_TP_6962e84b2eb78fbb,oneD_v2_Peak_TP,1000.0,8666,300.0,28,0,343,1177.121367252426,2.8026699220295937e-05,5998166.692997434,13243.01131001955,76.75630683678773,76.75630683678773,76.75630683678773,-5.2193967218782815e-05,75.19884823893001,30000000000.0,133.28680147609168,136.5937729785353,3.306971502443635,1.000536864555888,8.484736365376106,0.0749599402535191,3.850694739790918e-05,2.1999239977427,299301.0265249498,"[3881834707.6669116, -3897640149.1565833]","[[3782435423.421931, -21580304.00756865], [-21580304.00756865, 11402838728.166294]]","[[[3536161028.420931, -2428369778.757343], [-2428369778.757343, 11299830443.754755]], [[3430118561.718689, 2281941045.9625125], [2281941045.9625125, 11225398860.031857]]]",4622345402045.878,21170911203352.062,8.0,1.053726919053588e-06,2.5088709321857694e-14,False,False,/private/tmp/oneD-v2-taylor-peierls-pf-runs-300um/oneD_v2_Peak_TP/T1000K_seed8666/steps_1000K.csv,bb582732adeb79013a2c86b0cd9e58ab8ec478521dc905d87ecfe897d52b71b6,/private/tmp/oneD-v2-taylor-peierls-pf-runs-300um/oneD_v2_Peak_TP/T1000K_seed8666/anisotropic_emission_audit_v10174.json,0ece67b6ea0e8daaaf7ca3218ae932bfb1345a683e405faf8133ae5ddfdbd988,FULL_ACTIVE_AND_WAKE_SPATIAL_PROFILE_OBSERVER,PF_MODEL_NATIVE_DRIVING_TRAJECTORY_NOT_RESISTANCE
Peak,KINETIC_FINALIST,oneD_v2_peak_TP_6962e84b2eb78fbb,oneD_v2_Peak_TP,1000.0,8666,300.0,29,0,353,1177.1213683061528,2.8026699245384646e-05,6004444.666433143,11557.363294828345,71.70510529606956,71.70510529606956,71.70510529606956,-3.804913883248083e-05,71.68854337860445,28599590974.11749,136.5937729785353,141.20475860020036,4.6109856216650655,1.000462105374199,8.655204240820213,0.06954660508233901,2.1491028135425455e-05,1.9228364732015044,305291.50723242864,"[4185847966.6013465, -4185647259.517332]","[[5762584739.750241, -3970542.032976639], [-3970542.032976639, 11947185106.491997]]","[[[3543204245.1053514, -600703404.5800965], [-600703404.5800965, 11914900178.308044]], [[3536143511.0597787, 592753001.4823955], [592753001.4823955, 11907438030.094442]]]",2925233013579.9453,13397927457390.885,6.0,5.040001269662753e-07,1.2000000467046398e-14,False,False,/private/tmp/oneD-v2-taylor-peierls-pf-runs-300um/oneD_v2_Peak_TP/T1000K_seed8666/steps_1000K.csv,bb582732adeb79013a2c86b0cd9e58ab8ec478521dc905d87ecfe897d52b71b6,/private/tmp/oneD-v2-taylor-peierls-pf-runs-300um/oneD_v2_Peak_TP/T1000K_seed8666/anisotropic_emission_audit_v10174.json,0ece67b6ea0e8daaaf7ca3218ae932bfb1345a683e405faf8133ae5ddfdbd988,FULL_ACTIVE_AND_WAKE_SPATIAL_PROFILE_OBSERVER,PF_MODEL_NATIVE_DRIVING_TRAJECTORY_NOT_RESISTANCE
Peak,KINETIC_FINALIST,oneD_v2_peak_TP_6962e84b2eb78fbb,oneD_v2_Peak_TP,1000.0,8666,300.0,30,0,359,1177.121368810153,2.8026699257384647e-05,6001423.696066341,11282.307559732137,70.84670599480869,70.84670599480869,70.84670599480869,-3.485328652330927e-05,70.83023632629276,28257176001.383633,141.20475860020036,143.50209869582528,2.2973400956249024,1.000465100334538,8.648176584544231,0.0697715369975808,1.5421066631995244e-05,1.9283341236892368,305044.53673573537,"[4202067040.968079, -4197663461.0673046]","[[5958077117.525885, -6415861.3089247225], [-6415861.3089247225, 11686654761.815205]]","[[[3435763520.437109, -575235794.365699], [-575235794.365699, 11839897602.373266]], [[3426760844.679852, 565211953.3484095], [565211953.3484095, 11822087766.81446]]]",3711454049401.0796,16998916627998.848,8.0,2.576513907115441e-06,6.134557177018586e-14,False,False,/private/tmp/oneD-v2-taylor-peierls-pf-runs-300um/oneD_v2_Peak_TP/T1000K_seed8666/steps_1000K.csv,bb582732adeb79013a2c86b0cd9e58ab8ec478521dc905d87ecfe897d52b71b6,/private/tmp/oneD-v2-taylor-peierls-pf-runs-300um/oneD_v2_Peak_TP/T1000K_seed8666/anisotropic_emission_audit_v10174.json,0ece67b6ea0e8daaaf7ca3218ae932bfb1345a683e405faf8133ae5ddfdbd988,FULL_ACTIVE_AND_WAKE_SPATIAL_PROFILE_OBSERVER,PF_MODEL_NATIVE_DRIVING_TRAJECTORY_NOT_RESISTANCE
Peak,KINETIC_FINALIST,oneD_v2_peak_TP_6962e84b2eb78fbb,oneD_v2_Peak_TP,1000.0,8666,300.0,31,0,369,1177.1213713866669,2.802669931873022e-05,5999568.764638291,11140.23475976289,70.39922314997665,70.39922314997665,70.39922314997665,-3.679735837813686e-05,70.36976733714059,28073475452.79712,143.50209869582528,154.3956934333259,10.89359473750064,1.0008373475954,7.888884796767855,0.09361640880932799,1.3870168995654163e-06,3.5073759475153476,278365.79963510187,"[4307032134.064295, -4295075250.59601]","[[5370277910.341122, -12046458.348711643], [-12046458.348711643, 10858097021.269478]]","[[[3450067262.287727, -613921048.6617609], [-613921048.6617609, 12064131530.416317]], [[3445532134.278198, 600595039.1058295], [600595039.1058295, 12035682635.470219]]]",1804296023967.747,8263897996691.339,4.0,7.560001904494129e-07,1.800000917089907e-14,False,False,/private/tmp/oneD-v2-taylor-peierls-pf-runs-300um/oneD_v2_Peak_TP/T1000K_seed8666/steps_1000K.csv,bb582732adeb79013a2c86b0cd9e58ab8ec478521dc905d87ecfe897d52b71b6,/private/tmp/oneD-v2-taylor-peierls-pf-runs-300um/oneD_v2_Peak_TP/T1000K_seed8666/anisotropic_emission_audit_v10174.json,0ece67b6ea0e8daaaf7ca3218ae932bfb1345a683e405faf8133ae5ddfdbd988,FULL_ACTIVE_AND_WAKE_SPATIAL_PROFILE_OBSERVER,PF_MODEL_NATIVE_DRIVING_TRAJECTORY_NOT_RESISTANCE
Peak,KINETIC_FINALIST,oneD_v2_peak_TP_6962e84b2eb78fbb,oneD_v2_Peak_TP,1000.0,8666,300.0,32,0,378,1177.121372142667,2.8026699336730228e-05,5987458.964168852,10370.11995889424,67.92233155652154,67.92233155652154,67.92233155652154,-9.91568194046124e-06,67.91188988009871,27092924215.13756,154.3956934333259,157.79436232549634,3.398668892170436,1.000307530217825,9.042954102652239,0.056734469354410275,5.901356332678161e-07,1.2337347977979387,318919.1689498629,"[3649816552.9486847, -3659452546.345365]","[[3437787623.4920044, -24558876.944863807], [-24558876.944863807, 10804199562.561596]]","[[[3239156918.8947697, -2177315972.683156], [-2177315972.683156, 10538790024.79214]], [[3218323185.3057804, 2140626863.74352], [2140626863.74352, 10537228277.996511]]]",3810942434206.17,17454585682834.354,10.0,3.360000846441835e-07,8.000002570118792e-15,False,False,/private/tmp/oneD-v2-taylor-peierls-pf-runs-300um/oneD_v2_Peak_TP/T1000K_seed8666/steps_1000K.csv,bb582732adeb79013a2c86b0cd9e58ab8ec478521dc905d87ecfe897d52b71b6,/private/tmp/oneD-v2-taylor-peierls-pf-runs-300um/oneD_v2_Peak_TP/T1000K_seed8666/anisotropic_emission_audit_v10174.json,0ece67b6ea0e8daaaf7ca3218ae932bfb1345a683e405faf8133ae5ddfdbd988,FULL_ACTIVE_AND_WAKE_SPATIAL_PROFILE_OBSERVER,PF_MODEL_NATIVE_DRIVING_TRAJECTORY_NOT_RESISTANCE
Peak,KINETIC_FINALIST,oneD_v2_peak_TP_6962e84b2eb78fbb,oneD_v2_Peak_TP,1000.0,8666,300.0,33,0,382,1177.1213724786671,2.802669934473023e-05,5982603.278011441,12543.584637440563,74.70187929158607,74.70187929158607,74.70187929158607,-1.1769348960826161e-05,74.6884504960808,29796380760.55599,157.79436232549634,160.09170242112128,2.2973400956249295,1.0003596272957302,8.906510580067856,0.06135181828077393,2.3384304873399746e-07,1.5021241499357847,314123.55456036545,"[4316777660.709742, -4326625496.442596]","[[5951346745.260659, -66850477.93743872], [-66850477.93743872, 12267072276.177183]]","[[[3621022736.1562233, -659945342.8120575], [-659945342.8120575, 12254578057.575706]], [[3588461696.391528, 624905224.2243141], [624905224.2243141, 12241712689.276722]]]",6784949412882.94,31075903907095.07,12.0,2.756340109044686e-06,6.562712003064901e-14,False,False,/private/tmp/oneD-v2-taylor-peierls-pf-runs-300um/oneD_v2_Peak_TP/T1000K_seed8666/steps_1000K.csv,bb582732adeb79013a2c86b0cd9e58ab8ec478521dc905d87ecfe897d52b71b6,/private/tmp/oneD-v2-taylor-peierls-pf-runs-300um/oneD_v2_Peak_TP/T1000K_seed8666/anisotropic_emission_audit_v10174.json,0ece67b6ea0e8daaaf7ca3218ae932bfb1345a683e405faf8133ae5ddfdbd988,FULL_ACTIVE_AND_WAKE_SPATIAL_PROFILE_OBSERVER,PF_MODEL_NATIVE_DRIVING_TRAJECTORY_NOT_RESISTANCE
Peak,KINETIC_FINALIST,oneD_v2_peak_TP_6962e84b2eb78fbb,oneD_v2_Peak_TP,1000.0,8666,300.0,34,0,392,1177.1213752350072,2.802669941035735e-05,5981005.926019942,12396.39313765519,74.26229487530048,74.26229487530048,74.26229487530048,-8.512053089288715e-06,74.23567303357049,29615748687.147755,160.09170242112128,171.85962357623472,11.767921155113434,1.0007173536415792,8.111430531555262,0.08664979945832782,1.2256248947788728e-08,2.9624665055578094,286184.19348413806,"[4193977892.7394667, -4203033807.213278]","[[5999759805.558866, -27574727.188548904], [-27574727.188548904, 11508901778.482937]]","[[[3353332027.582763, -537021085.9398527], [-537021085.9398527, 11741287813.061697]], [[3323060741.1773186, 500318158.6967819], [500318158.6967819, 11729128355.603874]]]",4433587565712.457,20306377066594.79,8.0,2.6847556000575423e-06,6.392276099176537e-14,False,False,/private/tmp/oneD-v2-taylor-peierls-pf-runs-300um/oneD_v2_Peak_TP/T1000K_seed8666/steps_1000K.csv,bb582732adeb79013a2c86b0cd9e58ab8ec478521dc905d87ecfe897d52b71b6,/private/tmp/oneD-v2-taylor-peierls-pf-runs-300um/oneD_v2_Peak_TP/T1000K_seed8666/anisotropic_emission_audit_v10174.json,0ece67b6ea0e8daaaf7ca3218ae932bfb1345a683e405faf8133ae5ddfdbd988,FULL_ACTIVE_AND_WAKE_SPATIAL_PROFILE_OBSERVER,PF_MODEL_NATIVE_DRIVING_TRAJECTORY_NOT_RESISTANCE
Peak,KINETIC_FINALIST,oneD_v2_peak_TP_6962e84b2eb78fbb,oneD_v2_Peak_TP,1000.0,8666,300.0,35,0,402,1177.1213779197628,2.802669947428011e-05,5968924.431109924,11553.66095612368,71.6936192051555,71.6936192051555,71.6936192051555,-4.024176544529851e-07,71.67777282877196,28595294146.406136,171.85962357623472,183.60780859421396,11.748185017979246,1.0004422048119088,8.702349281509875,0.06797731250978319,1.0024508678101847e-08,1.829128778900548,306948.32937864424,"[3685959441.2691736, -3780514989.851972]","[[4492187609.822335, 18564595.87618759], [18564595.87618759, 10748275729.925695]]","[[[3616690159.953151, -1799652864.5543654], [-1799652864.5543654, 10988609042.491499]], [[3600222299.3402505, 1748983521.3675797], [1748983521.3675797, 11161252279.044195]]]",6821480412843.229,31243220385865.047,14.0,3.360000846441835e-07,8.00000595825058e-15,False,False,/private/tmp/oneD-v2-taylor-peierls-pf-runs-300um/oneD_v2_Peak_TP/T1000K_seed8666/steps_1000K.csv,bb582732adeb79013a2c86b0cd9e58ab8ec478521dc905d87ecfe897d52b71b6,/private/tmp/oneD-v2-taylor-peierls-pf-runs-300um/oneD_v2_Peak_TP/T1000K_seed8666/anisotropic_emission_audit_v10174.json,0ece67b6ea0e8daaaf7ca3218ae932bfb1345a683e405faf8133ae5ddfdbd988,FULL_ACTIVE_AND_WAKE_SPATIAL_PROFILE_OBSERVER,PF_MODEL_NATIVE_DRIVING_TRAJECTORY_NOT_RESISTANCE
Peak,KINETIC_FINALIST,oneD_v2_peak_TP_6962e84b2eb78fbb,oneD_v2_Peak_TP,1000.0,8666,300.0,36,0,406,1177.121378255763,2.8026699482280117e-05,5951599.546717957,8974.721271483517,63.187501041565696,63.187501041565696,63.187501041565696,1.0906618960303043e-06,63.18065038241272,25205432740.80538,183.60780859421396,185.9048827478541,2.2970741536401325,1.000216871162895,9.296221104737132,0.047639590691725714,9.647896129732236e-05,0.8408185566688351,327821.459367123,"[3897248435.682462, -3849139386.000205]","[[4887805126.422542, 163355562.16845167], [163355562.16845167, 10643699391.36753]]","[[[2781083000.8638167, -413732882.0452388], [-413732882.0452388, 10575579872.22874]], [[2933037047.9950023, 646682623.3120841], [646682623.3120841, 10631315819.995413]]]",2981149787302.6045,13654033167435.05,12.0,7.560001904494129e-07,1.800000578276728e-14,False,False,/private/tmp/oneD-v2-taylor-peierls-pf-runs-300um/oneD_v2_Peak_TP/T1000K_seed8666/steps_1000K.csv,bb582732adeb79013a2c86b0cd9e58ab8ec478521dc905d87ecfe897d52b71b6,/private/tmp/oneD-v2-taylor-peierls-pf-runs-300um/oneD_v2_Peak_TP/T1000K_seed8666/anisotropic_emission_audit_v10174.json,0ece67b6ea0e8daaaf7ca3218ae932bfb1345a683e405faf8133ae5ddfdbd988,FULL_ACTIVE_AND_WAKE_SPATIAL_PROFILE_OBSERVER,PF_MODEL_NATIVE_DRIVING_TRAJECTORY_NOT_RESISTANCE
Peak,KINETIC_FINALIST,oneD_v2_peak_TP_6962e84b2eb78fbb,oneD_v2_Peak_TP,1000.0,8666,300.0,37,0,415,1177.121379011763,2.8026699500280123e-05,5950433.377250634,8904.932422005142,62.94134357593409,62.94134357593409,62.94134357593409,3.095996851336063e-07,62.930929960316575,25105808706.151535,185.9048827478541,189.25925483957488,3.3543720917207795,1.0003309811957501,8.980714723516629,0.05885061824094598,7.832866200074232e-06,1.3907221873178428,316731.5889808498,"[3829676009.742944, -3785078074.5389276]","[[4907846543.478389, 146731916.20860404], [146731916.20860404, 10092803986.563946]]","[[[2552821886.164233, -324915947.1893097], [-324915947.1893097, 10212173905.650122]], [[2671202687.045135, 539252693.5912421], [539252693.5912421, 10241358836.12299]]]",1934684846972.8125,8861094864006.37,8.0,6.72000169288367e-07,1.6000005140237583e-14,False,False,/private/tmp/oneD-v2-taylor-peierls-pf-runs-300um/oneD_v2_Peak_TP/T1000K_seed8666/steps_1000K.csv,bb582732adeb79013a2c86b0cd9e58ab8ec478521dc905d87ecfe897d52b71b6,/private/tmp/oneD-v2-taylor-peierls-pf-runs-300um/oneD_v2_Peak_TP/T1000K_seed8666/anisotropic_emission_audit_v10174.json,0ece67b6ea0e8daaaf7ca3218ae932bfb1345a683e405faf8133ae5ddfdbd988,FULL_ACTIVE_AND_WAKE_SPATIAL_PROFILE_OBSERVER,PF_MODEL_NATIVE_DRIVING_TRAJECTORY_NOT_RESISTANCE
Peak,KINETIC_FINALIST,oneD_v2_peak_TP_6962e84b2eb78fbb,oneD_v2_Peak_TP,1000.0,8666,300.0,38,0,423,1177.1213796837633,2.8026699516280128e-05,5947802.989935456,8849.608829018667,62.74552139888641,62.74552139888641,62.74552139888641,8.361775744280531e-07,62.73841238757548,25029005306.664852,189.25925483957488,192.0994529035805,2.8401980640056195,1.0002266367224901,9.26782439263507,0.048700331752947336,5.15616058089153e-05,0.920185175726784,326823.2700718391,"[3923569919.334235, -3888932564.513452]","[[4719449594.013849, 123617140.72264053], [123617140.72264053, 11238193169.67648]]","[[[2628079743.2545347, -844332201.4781774], [-844332201.4781774, 10475219581.923006]], [[2752167224.386143, 1010608827.6550738], [1010608827.6550738, 10530032353.413048]]]",1420752228162.6436,6507220176813.904,6.0,4.200001058052294e-07,1.000000321264849e-14,False,False,/private/tmp/oneD-v2-taylor-peierls-pf-runs-300um/oneD_v2_Peak_TP/T1000K_seed8666/steps_1000K.csv,bb582732adeb79013a2c86b0cd9e58ab8ec478521dc905d87ecfe897d52b71b6,/private/tmp/oneD-v2-taylor-peierls-pf-runs-300um/oneD_v2_Peak_TP/T1000K_seed8666/anisotropic_emission_audit_v10174.json,0ece67b6ea0e8daaaf7ca3218ae932bfb1345a683e405faf8133ae5ddfdbd988,FULL_ACTIVE_AND_WAKE_SPATIAL_PROFILE_OBSERVER,PF_MODEL_NATIVE_DRIVING_TRAJECTORY_NOT_RESISTANCE
Peak,KINETIC_FINALIST,oneD_v2_peak_TP_6962e84b2eb78fbb,oneD_v2_Peak_TP,1000.0,8666,300.0,39,0,428,1177.1213801037634,2.802669952628013e-05,5946058.261934484,8764.359085292275,62.44257105430381,62.44257105430381,62.44257105430381,5.631148198713195e-07,62.43504475249012,24907979130.52391,192.0994529035805,194.39679299920536,2.2973400956248753,1.0002411067526815,9.226493150165872,0.05022834869239371,0.00020476505672114515,1.0030371807156615,325370.4600341741,"[3872015602.6009827, -3848403214.650933]","[[4241321378.432235, 102478177.21525651], [102478177.21525651, 10147758865.621902]]","[[[2592989564.7658625, -989274128.6763551], [-989274128.6763551, 10337020769.967829]], [[2736322361.8826485, 1187584510.7436383], [1187584510.7436383, 10433128791.184515]]]",915696733403.1333,4194003811029.971,4.0,1.6800004232209176e-07,4.000001285059396e-15,False,False,/private/tmp/oneD-v2-taylor-peierls-pf-runs-300um/oneD_v2_Peak_TP/T1000K_seed8666/steps_1000K.csv,bb582732adeb79013a2c86b0cd9e58ab8ec478521dc905d87ecfe897d52b71b6,/private/tmp/oneD-v2-taylor-peierls-pf-runs-300um/oneD_v2_Peak_TP/T1000K_seed8666/anisotropic_emission_audit_v10174.json,0ece67b6ea0e8daaaf7ca3218ae932bfb1345a683e405faf8133ae5ddfdbd988,FULL_ACTIVE_AND_WAKE_SPATIAL_PROFILE_OBSERVER,PF_MODEL_NATIVE_DRIVING_TRAJECTORY_NOT_RESISTANCE
Peak,KINETIC_FINALIST,oneD_v2_peak_TP_6962e84b2eb78fbb,oneD_v2_Peak_TP,1000.0,8666,300.0,40,0,430,1177.1213802717634,2.8026699530280133e-05,5943950.103505058,8727.53802001749,62.31126527849309,62.31126527849309,62.31126527849309,9.817004273630134e-07,62.30783429814583,24857229501.776897,194.39679299920536,196.69413309483025,2.2973400956248753,1.0001101330145516,9.623550856656356,0.033940721297478306,0.0004002488387935044,0.42167616174390377,339328.1835051914,"[3859105376.197643, -3845994369.9100223]","[[4059421841.4721475, 251136526.13162524], [251136526.13162524, 10624859932.109203]]","[[[2576113212.511147, -1491580461.1175995], [-1491580461.1175995, 10294323964.906433]], [[2653868227.4442005, 1593911239.187325], [1593911239.187325, 10345856967.264246]]]",9476908648501.002,43405408732738.086,42.0,3.360000846441835e-07,8.000002570118792e-15,False,False,/private/tmp/oneD-v2-taylor-peierls-pf-runs-300um/oneD_v2_Peak_TP/T1000K_seed8666/steps_1000K.csv,bb582732adeb79013a2c86b0cd9e58ab8ec478521dc905d87ecfe897d52b71b6,/private/tmp/oneD-v2-taylor-peierls-pf-runs-300um/oneD_v2_Peak_TP/T1000K_seed8666/anisotropic_emission_audit_v10174.json,0ece67b6ea0e8daaaf7ca3218ae932bfb1345a683e405faf8133ae5ddfdbd988,FULL_ACTIVE_AND_WAKE_SPATIAL_PROFILE_OBSERVER,PF_MODEL_NATIVE_DRIVING_TRAJECTORY_NOT_RESISTANCE
Peak,KINETIC_FINALIST,oneD_v2_peak_TP_6962e84b2eb78fbb,oneD_v2_Peak_TP,1000.0,8666,300.0,41,0,434,1177.1213806077635,2.8026699538280135e-05,5943950.105201715,8601.719240116721,61.860485885802916,61.860485885802916,61.860485885802916,-1.8791988172984053e-08,61.84960152642909,24674421074.87355,196.69413309483025,198.99147319045517,2.2973400956249295,1.0003519931196265,8.926262820563597,0.060690020400820624,0.0006797222411594393,1.5183963168405439,314817.79343105137,"[4028391091.216087, -4053473198.405049]","[[4146919445.0489416, 103968341.60642605], [103968341.60642605, 9565767408.499365]]","[[[3007578739.036867, -756529558.8580004], [-756529558.8580004, 11064360921.469042]], [[3209716148.8658733, 919996453.041795], [919996453.041795, 11316662545.675972]]]",4708978864039.478,21567703128571.164,22.0,9.661516742198728e-07,2.300361574944683e-14,False,False,/private/tmp/oneD-v2-taylor-peierls-pf-runs-300um/oneD_v2_Peak_TP/T1000K_seed8666/steps_1000K.csv,bb582732adeb79013a2c86b0cd9e58ab8ec478521dc905d87ecfe897d52b71b6,/private/tmp/oneD-v2-taylor-peierls-pf-runs-300um/oneD_v2_Peak_TP/T1000K_seed8666/anisotropic_emission_audit_v10174.json,0ece67b6ea0e8daaaf7ca3218ae932bfb1345a683e405faf8133ae5ddfdbd988,FULL_ACTIVE_AND_WAKE_SPATIAL_PROFILE_OBSERVER,PF_MODEL_NATIVE_DRIVING_TRAJECTORY_NOT_RESISTANCE
Peak,KINETIC_FINALIST,oneD_v2_peak_TP_6962e84b2eb78fbb,oneD_v2_Peak_TP,1000.0,8666,300.0,42,0,444,1177.1213815739152,2.802669956128375e-05,5941400.540239984,8595.516384902585,61.838177506104905,61.838177506104905,61.838177506104905,8.437092300123062e-07,61.83159732247682,24667238436.69202,198.99147319045517,203.21924220364,4.2277690131848225,1.0002128534292527,9.307686506081417,0.047184707884432145,6.527342900310909e-05,0.8807614728536745,328224.4562482586,"[3459597940.209215, -3536498794.075009]","[[3838189260.459946, 88540242.96560915], [88540242.96560915, 9937973765.282207]]","[[[2928658360.8315177, -1226464199.0917847], [-1226464199.0917847, 9847854241.249949]], [[2933508356.736605, 1305478848.5598712], [1305478848.5598712, 10006505944.886623]]]",1281487216005.9177,5869369270042.891,6.0,6.72000169288367e-07,1.6000008528369372e-14,False,False,/private/tmp/oneD-v2-taylor-peierls-pf-runs-300um/oneD_v2_Peak_TP/T1000K_seed8666/steps_1000K.csv,bb582732adeb79013a2c86b0cd9e58ab8ec478521dc905d87ecfe897d52b71b6,/private/tmp/oneD-v2-taylor-peierls-pf-runs-300um/oneD_v2_Peak_TP/T1000K_seed8666/anisotropic_emission_audit_v10174.json,0ece67b6ea0e8daaaf7ca3218ae932bfb1345a683e405faf8133ae5ddfdbd988,FULL_ACTIVE_AND_WAKE_SPATIAL_PROFILE_OBSERVER,PF_MODEL_NATIVE_DRIVING_TRAJECTORY_NOT_RESISTANCE
Peak,KINETIC_FINALIST,oneD_v2_peak_TP_6962e84b2eb78fbb,oneD_v2_Peak_TP,1000.0,8666,300.0,43,0,452,1177.1213822459154,2.802669957728376e-05,5938292.23125082,8558.319908842046,61.70423231703541,61.70423231703541,61.70423231703541,6.250462001979641e-07,61.69787733332921,24613891879.286217,203.21924220364,206.22939395946068,3.0101517558206785,1.0002060139268263,9.327880414858559,0.04640977799588235,0.0003594184930205758,0.8464874917224826,328934.32105687825,"[3261911966.5763645, -3341992991.758807]","[[3372230575.2811427, -53993955.10941977], [-53993955.10941977, 9433716075.164007]]","[[[2817477482.7628436, -1360445757.374484], [-1360445757.374484, 9341301415.915573]], [[2461056030.957998, 1764794760.8778229], [1764794760.8778229, 9145042014.475613]]]",2522907892805.323,11555228856151.027,12.0,1.9817816792055964e-06,4.718527136940778e-14,False,False,/private/tmp/oneD-v2-taylor-peierls-pf-runs-300um/oneD_v2_Peak_TP/T1000K_seed8666/steps_1000K.csv,bb582732adeb79013a2c86b0cd9e58ab8ec478521dc905d87ecfe897d52b71b6,/private/tmp/oneD-v2-taylor-peierls-pf-runs-300um/oneD_v2_Peak_TP/T1000K_seed8666/anisotropic_emission_audit_v10174.json,0ece67b6ea0e8daaaf7ca3218ae932bfb1345a683e405faf8133ae5ddfdbd988,FULL_ACTIVE_AND_WAKE_SPATIAL_PROFILE_OBSERVER,PF_MODEL_NATIVE_DRIVING_TRAJECTORY_NOT_RESISTANCE
Peak,KINETIC_FINALIST,oneD_v2_peak_TP_6962e84b2eb78fbb,oneD_v2_Peak_TP,1000.0,8666,300.0,44,0,462,1177.121384227697,2.802669962446903e-05,5953221.44127191,11391.82419580934,71.1897277987197,71.1897277987197,71.1897277987197,3.417225732979052e-07,71.17557150066312,28394944803.34977,206.22939395946068,215.04817562002884,8.818781660568177,1.0003978248590042,8.810301135338792,0.06452766048048143,1.646589165867624e-05,1.642794136823124,310742.2103342246,"[4152096479.0524716, -4164596841.3281035]","[[5986594115.875679, -68632352.74396805], [-68632352.74396805, 12109500560.3248]]","[[[3754133452.368632, -650207544.6505042], [-650207544.6505042, 12058326410.473576]], [[3716862829.3873806, 611591880.8235093], [611591880.8235093, 12046056512.043589]]]",6628857171681.604,30360982218953.14,14.0,1.4188594832376111e-06,3.378235394874661e-14,False,False,/private/tmp/oneD-v2-taylor-peierls-pf-runs-300um/oneD_v2_Peak_TP/T1000K_seed8666/steps_1000K.csv,bb582732adeb79013a2c86b0cd9e58ab8ec478521dc905d87ecfe897d52b71b6,/private/tmp/oneD-v2-taylor-peierls-pf-runs-300um/oneD_v2_Peak_TP/T1000K_seed8666/anisotropic_emission_audit_v10174.json,0ece67b6ea0e8daaaf7ca3218ae932bfb1345a683e405faf8133ae5ddfdbd988,FULL_ACTIVE_AND_WAKE_SPATIAL_PROFILE_OBSERVER,PF_MODEL_NATIVE_DRIVING_TRAJECTORY_NOT_RESISTANCE
Peak,KINETIC_FINALIST,oneD_v2_peak_TP_6962e84b2eb78fbb,oneD_v2_Peak_TP,1000.0,8666,300.0,45,0,472,1177.1213856465565,2.8026699658251385e-05,5945961.164039253,10904.690227614792,69.65100091540583,69.65100091540583,69.65100091540583,-7.339938809253747e-07,69.6360866045003,27780779188.23101,215.04817562002884,221.25693789202407,6.208762271995232,1.0004283959300222,8.735510224573078,0.06696156971013123,8.72723192903422e-06,1.7703673085847786,308113.7257173415,"[4035957068.287067, -4042892136.7808595]","[[5106534364.395489, -32854745.45639496], [-32854745.45639496, 11359221910.85185]]","[[[3355295379.213707, -1061712076.9260163], [-1061712076.9260163, 11427209515.787842]], [[3322805598.326821, 1031891244.7834185], [1031891244.7834185, 11408589871.88854]]]",3443157741202.225,15770086494588.416,8.0,1.6800004232209176e-07,3.999997896927607e-15,False,False,/private/tmp/oneD-v2-taylor-peierls-pf-runs-300um/oneD_v2_Peak_TP/T1000K_seed8666/steps_1000K.csv,bb582732adeb79013a2c86b0cd9e58ab8ec478521dc905d87ecfe897d52b71b6,/private/tmp/oneD-v2-taylor-peierls-pf-runs-300um/oneD_v2_Peak_TP/T1000K_seed8666/anisotropic_emission_audit_v10174.json,0ece67b6ea0e8daaaf7ca3218ae932bfb1345a683e405faf8133ae5ddfdbd988,FULL_ACTIVE_AND_WAKE_SPATIAL_PROFILE_OBSERVER,PF_MODEL_NATIVE_DRIVING_TRAJECTORY_NOT_RESISTANCE
Peak,KINETIC_FINALIST,oneD_v2_peak_TP_6962e84b2eb78fbb,oneD_v2_Peak_TP,1000.0,8666,300.0,46,0,474,1177.1213858145566,2.8026699662251383e-05,5940016.86406695,10570.494643588165,68.57540016414549,68.57540016414549,68.57540016414549,8.919929409695098e-07,68.56984189736863,27355409093.301945,221.25693789202407,223.55427798764902,2.2973400956249295,1.000162126436329,9.459702978492782,0.041190257222058,8.72661703577514e-05,0.599901291831128,333568.2175519304,"[3737831079.304821, -3664488425.840268]","[[4301815830.220134, -70453751.65121476], [-70453751.65121476, 10856429614.294443]]","[[[3644482792.3353624, -1433868136.54039], [-1433868136.54039, 11120144950.945005]], [[3653221859.103969, 1408022539.8466854], [1408022539.8466854, 10982198710.784506]]]",18397501024610.918,84262820425151.45,46.0,1.3974226931168232e-06,3.327196577604906e-14,False,False,/private/tmp/oneD-v2-taylor-peierls-pf-runs-300um/oneD_v2_Peak_TP/T1000K_seed8666/steps_1000K.csv,bb582732adeb79013a2c86b0cd9e58ab8ec478521dc905d87ecfe897d52b71b6,/private/tmp/oneD-v2-taylor-peierls-pf-runs-300um/oneD_v2_Peak_TP/T1000K_seed8666/anisotropic_emission_audit_v10174.json,0ece67b6ea0e8daaaf7ca3218ae932bfb1345a683e405faf8133ae5ddfdbd988,FULL_ACTIVE_AND_WAKE_SPATIAL_PROFILE_OBSERVER,PF_MODEL_NATIVE_DRIVING_TRAJECTORY_NOT_RESISTANCE
Peak,KINETIC_FINALIST,oneD_v2_peak_TP_6962e84b2eb78fbb,oneD_v2_Peak_TP,1000.0,8666,300.0,47,0,484,1177.1213872119793,2.802669969552335e-05,5940016.871118654,10457.309567324482,68.20727163482016,68.20727163482016,68.20727163482016,-2.7592546421880887e-06,68.1915627979531,27204497566.75291,223.55427798764902,229.66923705616242,6.114959068513397,1.000460779767836,8.65832711320941,0.06938407629885196,5.16699805622296e-06,1.9017464166806175,305401.2543876804,"[4075374755.524806, -3968522082.5931735]","[[4783591184.385647, -4651888.327004864], [-4651888.327004864, 10943670125.77742]]","[[[3908473763.0759373, -701116478.2341547], [-701116478.2341547, 12059223274.12555]], [[3945168909.237611, 675229856.0787945], [675229856.0787945, 11882213074.423958]]]",3113060694082.276,14258201365889.023,8.0,8.628398973087315e-07,2.054380496556603e-14,False,False,/private/tmp/oneD-v2-taylor-peierls-pf-runs-300um/oneD_v2_Peak_TP/T1000K_seed8666/steps_1000K.csv,bb582732adeb79013a2c86b0cd9e58ab8ec478521dc905d87ecfe897d52b71b6,/private/tmp/oneD-v2-taylor-peierls-pf-runs-300um/oneD_v2_Peak_TP/T1000K_seed8666/anisotropic_emission_audit_v10174.json,0ece67b6ea0e8daaaf7ca3218ae932bfb1345a683e405faf8133ae5ddfdbd988,FULL_ACTIVE_AND_WAKE_SPATIAL_PROFILE_OBSERVER,PF_MODEL_NATIVE_DRIVING_TRAJECTORY_NOT_RESISTANCE
Peak,KINETIC_FINALIST,oneD_v2_peak_TP_6962e84b2eb78fbb,oneD_v2_Peak_TP,1000.0,8666,300.0,48,0,494,1177.1213880748192,2.8026699716067154e-05,5885215.5752602685,12942.324769825083,75.87991612148505,75.87991612148505,75.87991612148505,-4.874174095981667e-06,75.19884823893001,30000000000.0,229.66923705616242,233.44492517924948,3.7756881230870727,1.000577958856256,8.395224870842192,0.07776873282561783,2.9491526225713016e-06,2.4063159509727243,296155.651249705,"[4352994531.565126, -4316491387.49426]","[[6076390230.2412195, 55573194.90094539], [55573194.90094539, 12488070338.606472]]","[[[3728974933.2921643, -600091035.5689048], [-600091035.5689048, 12434963996.422417]], [[3813873797.088985, 672784290.9351387], [672784290.9351387, 12446856572.077505]]]",3466759051534.4087,15878183402514.047,6.0,2.5200006348313764e-07,5.999998539457305e-15,False,False,/private/tmp/oneD-v2-taylor-peierls-pf-runs-300um/oneD_v2_Peak_TP/T1000K_seed8666/steps_1000K.csv,bb582732adeb79013a2c86b0cd9e58ab8ec478521dc905d87ecfe897d52b71b6,/private/tmp/oneD-v2-taylor-peierls-pf-runs-300um/oneD_v2_Peak_TP/T1000K_seed8666/anisotropic_emission_audit_v10174.json,0ece67b6ea0e8daaaf7ca3218ae932bfb1345a683e405faf8133ae5ddfdbd988,FULL_ACTIVE_AND_WAKE_SPATIAL_PROFILE_OBSERVER,PF_MODEL_NATIVE_DRIVING_TRAJECTORY_NOT_RESISTANCE
Peak,KINETIC_FINALIST,oneD_v2_peak_TP_6962e84b2eb78fbb,oneD_v2_Peak_TP,1000.0,8666,300.0,49,0,497,1177.1213883268192,2.8026699722067152e-05,5881911.9934911635,12744.66502326434,75.29825432593927,75.29825432593927,75.29825432593927,-1.7819193437187255e-06,75.19884823893001,30000000000.0,233.44492517924948,235.7422652748744,2.2973400956249295,1.0003280421902419,8.988490261018768,0.05858929110208702,2.4277422310716455e-06,1.2978448506033566,317004.8850406212,"[4362395144.199548, -4320330033.1804085]","[[6093704933.880607, 54167633.60051582], [54167633.60051582, 12753185469.47825]]","[[[3414099833.8563643, -794322251.658421], [-794322251.658421, 12138890122.25546]], [[3504547510.240734, 856789136.367594], [856789136.367594, 12145207576.601551]]]",18489381608183.504,84683644813408.22,32.0,8.400002116104588e-07,2.000000642529698e-14,False,False,/private/tmp/oneD-v2-taylor-peierls-pf-runs-300um/oneD_v2_Peak_TP/T1000K_seed8666/steps_1000K.csv,bb582732adeb79013a2c86b0cd9e58ab8ec478521dc905d87ecfe897d52b71b6,/private/tmp/oneD-v2-taylor-peierls-pf-runs-300um/oneD_v2_Peak_TP/T1000K_seed8666/anisotropic_emission_audit_v10174.json,0ece67b6ea0e8daaaf7ca3218ae932bfb1345a683e405faf8133ae5ddfdbd988,FULL_ACTIVE_AND_WAKE_SPATIAL_PROFILE_OBSERVER,PF_MODEL_NATIVE_DRIVING_TRAJECTORY_NOT_RESISTANCE
Peak,KINETIC_FINALIST,oneD_v2_peak_TP_6962e84b2eb78fbb,oneD_v2_Peak_TP,1000.0,8666,300.0,50,0,507,1177.1213891668194,2.802669974206716e-05,5879872.245605229,12603.985766583475,74.88151929380366,74.88151929380366,74.88151929380366,-8.142231276038588e-06,74.8561987508937,29863302631.864407,235.7422652748744,239.36788794932212,3.6256226744477225,1.0006766260040645,8.191356482348512,0.08414222980873855,1.2814282297410523e-06,2.7958527925857943,288992.3463609298,"[4377452411.639301, -4333018962.986796]","[[5639000275.666967, 54666222.37273409], [54666222.37273409, 12168091111.776789]]","[[[3578754675.992614, -1045435856.860351], [-1045435856.860351, 12333659499.271217]], [[3681911255.93943, 1105776247.4708374], [1105776247.4708374, 12347949181.913023]]]",3417085522337.452,15650672521280.377,6.0,3.360000846441835e-07,8.000002570118792e-15,False,False,/private/tmp/oneD-v2-taylor-peierls-pf-runs-300um/oneD_v2_Peak_TP/T1000K_seed8666/steps_1000K.csv,bb582732adeb79013a2c86b0cd9e58ab8ec478521dc905d87ecfe897d52b71b6,/private/tmp/oneD-v2-taylor-peierls-pf-runs-300um/oneD_v2_Peak_TP/T1000K_seed8666/anisotropic_emission_audit_v10174.json,0ece67b6ea0e8daaaf7ca3218ae932bfb1345a683e405faf8133ae5ddfdbd988,FULL_ACTIVE_AND_WAKE_SPATIAL_PROFILE_OBSERVER,PF_MODEL_NATIVE_DRIVING_TRAJECTORY_NOT_RESISTANCE
Peak,KINETIC_FINALIST,oneD_v2_peak_TP_6962e84b2eb78fbb,oneD_v2_Peak_TP,1000.0,8666,300.0,51,0,511,1177.1213895028195,2.802669975006716e-05,5877407.756753825,12324.307579269143,74.04606084770485,74.04606084770485,74.04606084770485,-5.167027990683135e-06,74.0283483277612,29533038096.228634,239.36788794932212,241.66522804494704,2.2973400956249024,1.000478590684571,8.616738855363442,0.0707675798895301,9.71853423828461e-07,1.938617712442679,303939.74144312926,"[4456808342.112977, -4418584705.891336]","[[5600988158.447155, 51365168.7958831], [51365168.7958831, 12069893619.220995]]","[[[3954761123.2659125, -645061838.1865352], [-645061838.1865352, 12868377807.491867]], [[4051379705.549029, 706545277.442634], [706545277.442634, 12888549117.331701]]]",4391907697030.7207,20115478134974.94,8.0,3.4923064049507957e-06,8.315011751510414e-14,False,False,/private/tmp/oneD-v2-taylor-peierls-pf-runs-300um/oneD_v2_Peak_TP/T1000K_seed8666/steps_1000K.csv,bb582732adeb79013a2c86b0cd9e58ab8ec478521dc905d87ecfe897d52b71b6,/private/tmp/oneD-v2-taylor-peierls-pf-runs-300um/oneD_v2_Peak_TP/T1000K_seed8666/anisotropic_emission_audit_v10174.json,0ece67b6ea0e8daaaf7ca3218ae932bfb1345a683e405faf8133ae5ddfdbd988,FULL_ACTIVE_AND_WAKE_SPATIAL_PROFILE_OBSERVER,PF_MODEL_NATIVE_DRIVING_TRAJECTORY_NOT_RESISTANCE
Peak,KINETIC_FINALIST,oneD_v2_peak_TP_6962e84b2eb78fbb,oneD_v2_Peak_TP,1000.0,8666,300.0,52,0,521,1177.121392995126,2.802669983321728e-05,5874427.898344089,12198.972397337859,73.66858355370168,73.66858355370168,73.66858355370168,-1.2199425451075465e-05,73.6466843819951,29380776211.3577,241.66522804494704,257.01148616599716,15.346258121050099,1.0005947973842628,8.35935479515003,0.07889283565457463,2.1426493359350202e-08,2.4396486478842254,294895.2367607967,"[4255658045.3413854, -4216570991.199412]","[[4889107626.491888, 29922526.6064692], [29922526.6064692, 11911101411.635645]]","[[[3697477862.5875397, -1193089087.3557484], [-1193089087.3557484, 12208793953.270311]], [[3780853165.2109756, 1281489556.1940255], [1281489556.1940255, 12213995147.6098]]]",10786169990516.402,49401986920409.07,20.0,5.040001269662753e-07,1.2000003855178187e-14,False,False,/private/tmp/oneD-v2-taylor-peierls-pf-runs-300um/oneD_v2_Peak_TP/T1000K_seed8666/steps_1000K.csv,bb582732adeb79013a2c86b0cd9e58ab8ec478521dc905d87ecfe897d52b71b6,/private/tmp/oneD-v2-taylor-peierls-pf-runs-300um/oneD_v2_Peak_TP/T1000K_seed8666/anisotropic_emission_audit_v10174.json,0ece67b6ea0e8daaaf7ca3218ae932bfb1345a683e405faf8133ae5ddfdbd988,FULL_ACTIVE_AND_WAKE_SPATIAL_PROFILE_OBSERVER,PF_MODEL_NATIVE_DRIVING_TRAJECTORY_NOT_RESISTANCE
Peak,KINETIC_FINALIST,oneD_v2_peak_TP_6962e84b2eb78fbb,oneD_v2_Peak_TP,1000.0,8666,300.0,53,0,527,1177.121393499126,2.8026699845217282e-05,5853118.633588475,14390.369111208674,80.01228296273248,80.01228296273248,80.01228296273248,-1.2794131002804553e-05,75.19884823893001,30000000000.0,257.01148616599716,259.308826261622,2.2973400956249024,1.000579595477472,8.391718686836278,0.07788698321687615,1.5175289395623766e-08,2.3858933905705366,296032.4489350426,"[4623667491.675829, -4642741345.72563]","[[6363061132.582306, 35492239.429823235], [35492239.429823235, 13135742117.42012]]","[[[3866033150.010909, -707632077.2655822], [-707632077.2655822, 13113368133.362568]], [[3834708601.2742305, 698001354.7175872], [698001354.7175872, 13120191292.72549]]]",3466759051534.4087,15878183402514.047,6.0,1.0912594916590024e-06,2.598239684384676e-14,False,False,/private/tmp/oneD-v2-taylor-peierls-pf-runs-300um/oneD_v2_Peak_TP/T1000K_seed8666/steps_1000K.csv,bb582732adeb79013a2c86b0cd9e58ab8ec478521dc905d87ecfe897d52b71b6,/private/tmp/oneD-v2-taylor-peierls-pf-runs-300um/oneD_v2_Peak_TP/T1000K_seed8666/anisotropic_emission_audit_v10174.json,0ece67b6ea0e8daaaf7ca3218ae932bfb1345a683e405faf8133ae5ddfdbd988,FULL_ACTIVE_AND_WAKE_SPATIAL_PROFILE_OBSERVER,PF_MODEL_NATIVE_DRIVING_TRAJECTORY_NOT_RESISTANCE
Peak,KINETIC_FINALIST,oneD_v2_peak_TP_6962e84b2eb78fbb,oneD_v2_Peak_TP,1000.0,8666,300.0,54,0,537,1177.1213945903855,2.802669987119968e-05,5851290.422214435,14248.343116919948,79.61646260386956,79.61646260386956,79.61646260386956,-1.843043560276813e-05,75.19884823893001,30000000000.0,259.308826261622,264.0840580475399,4.775231785917873,1.000770154130533,8.011211460016723,0.08977971241900833,1.0999954885051286e-08,3.2070826872912597,282663.2182270251,"[4490975408.31578, -4512352882.105546]","[[6429595647.973494, -3705520.69396205], [-3705520.69396205, 12336101104.370455]]","[[[3591197795.0814037, -576323584.3648326], [-576323584.3648326, 12573148611.712963]], [[3560994993.3960633, 574275256.7788706], [574275256.7788706, 12585700757.607157]]]",3466759051534.4087,15878183402514.045,6.0,8.400002116104588e-08,2.000004030661487e-15,False,False,/private/tmp/oneD-v2-taylor-peierls-pf-runs-300um/oneD_v2_Peak_TP/T1000K_seed8666/steps_1000K.csv,bb582732adeb79013a2c86b0cd9e58ab8ec478521dc905d87ecfe897d52b71b6,/private/tmp/oneD-v2-taylor-peierls-pf-runs-300um/oneD_v2_Peak_TP/T1000K_seed8666/anisotropic_emission_audit_v10174.json,0ece67b6ea0e8daaaf7ca3218ae932bfb1345a683e405faf8133ae5ddfdbd988,FULL_ACTIVE_AND_WAKE_SPATIAL_PROFILE_OBSERVER,PF_MODEL_NATIVE_DRIVING_TRAJECTORY_NOT_RESISTANCE
Peak,KINETIC_FINALIST,oneD_v2_peak_TP_6962e84b2eb78fbb,oneD_v2_Peak_TP,1000.0,8666,300.0,55,0,538,1177.1213946743856,2.8026699873199683e-05,5847170.17593186,13930.821722175757,78.72434619964586,78.72434619964586,78.72434619964586,-4.8771687961932476e-06,75.19884823893001,30000000000.0,264.0840580475399,266.3813981431648,2.2973400956249024,1.0003190675638038,9.012199269983938,0.0577871561472886,1.900917140601067e-08,1.207833823246676,317838.19966202474,"[4681467456.74899, -4701193415.563801]","[[6007262948.972793, -7907157.54396914], [-7907157.54396914, 11749319029.444181]]","[[[3814250942.566965, -744583179.3346993], [-744583179.3346993, 13177185856.064947]], [[3782897602.6427193, 759705350.9659214], [759705350.9659214, 13185284433.77032]]]",57779317525573.445,264636390041900.25,100.0,8.400002116104588e-08,2.000000642529698e-15,False,False,/private/tmp/oneD-v2-taylor-peierls-pf-runs-300um/oneD_v2_Peak_TP/T1000K_seed8666/steps_1000K.csv,bb582732adeb79013a2c86b0cd9e58ab8ec478521dc905d87ecfe897d52b71b6,/private/tmp/oneD-v2-taylor-peierls-pf-runs-300um/oneD_v2_Peak_TP/T1000K_seed8666/anisotropic_emission_audit_v10174.json,0ece67b6ea0e8daaaf7ca3218ae932bfb1345a683e405faf8133ae5ddfdbd988,FULL_ACTIVE_AND_WAKE_SPATIAL_PROFILE_OBSERVER,PF_MODEL_NATIVE_DRIVING_TRAJECTORY_NOT_RESISTANCE
Peak,KINETIC_FINALIST,oneD_v2_peak_TP_6962e84b2eb78fbb,oneD_v2_Peak_TP,1000.0,8666,300.0,56,0,539,1177.1213947583856,2.8026699875199684e-05,5844457.637665905,13786.227397862653,78.31472264184607,78.31472264184607,78.31472264184607,-9.871916795347042e-07,75.19884823893001,30000000000.0,266.3813981431648,268.6787382387897,2.2973400956249024,1.000088047449161,9.695484057982519,0.030355450386100363,1.2165542136660017e-05,0.3172418426162768,341857.01205048006,"[4547187670.064701, -4554668364.799949]","[[5924151264.797954, -11341911.208410863], [-11341911.208410863, 12369427321.809582]]","[[[3876582127.0842757, -926584884.389988], [-926584884.389988, 12970957467.213678]], [[3853414737.2525835, 950444544.2537379], [950444544.2537379, 12962751466.85248]]]",57779317525573.445,264636390041900.22,100.0,8.400002116104588e-08,2.000000642529698e-15,False,False,/private/tmp/oneD-v2-taylor-peierls-pf-runs-300um/oneD_v2_Peak_TP/T1000K_seed8666/steps_1000K.csv,bb582732adeb79013a2c86b0cd9e58ab8ec478521dc905d87ecfe897d52b71b6,/private/tmp/oneD-v2-taylor-peierls-pf-runs-300um/oneD_v2_Peak_TP/T1000K_seed8666/anisotropic_emission_audit_v10174.json,0ece67b6ea0e8daaaf7ca3218ae932bfb1345a683e405faf8133ae5ddfdbd988,FULL_ACTIVE_AND_WAKE_SPATIAL_PROFILE_OBSERVER,PF_MODEL_NATIVE_DRIVING_TRAJECTORY_NOT_RESISTANCE
Peak,KINETIC_FINALIST,oneD_v2_peak_TP_6962e84b2eb78fbb,oneD_v2_Peak_TP,1000.0,8666,300.0,57,0,540,1177.1213948423856,2.8026699877199685e-05,5841211.310551531,13638.101525977096,77.89286084673134,77.89286084673134,77.89286084673134,-3.5875805742009427e-06,75.19884823893001,30000000000.0,268.6787382387897,270.97607833441464,2.2973400956249024,1.0001200476515721,9.591462553916347,0.03544776072725426,2.1355320828352586e-06,0.5127639254555634,338200.0967431465,"[4383378668.388204, -4376618683.184662]","[[5172673691.659192, -42034266.708874956], [-42034266.708874956, 12089049885.97914]]","[[[3844836103.486441, -1705838621.3420718], [-1705838621.3420718, 12611593440.262848]], [[3838551531.547916, 1733268546.6150026], [1733268546.6150026, 12591788897.91724]]]",57779317525573.445,264636390041900.22,100.0,7.560001904494129e-07,1.8000002394635492e-14,False,False,/private/tmp/oneD-v2-taylor-peierls-pf-runs-300um/oneD_v2_Peak_TP/T1000K_seed8666/steps_1000K.csv,bb582732adeb79013a2c86b0cd9e58ab8ec478521dc905d87ecfe897d52b71b6,/private/tmp/oneD-v2-taylor-peierls-pf-runs-300um/oneD_v2_Peak_TP/T1000K_seed8666/anisotropic_emission_audit_v10174.json,0ece67b6ea0e8daaaf7ca3218ae932bfb1345a683e405faf8133ae5ddfdbd988,FULL_ACTIVE_AND_WAKE_SPATIAL_PROFILE_OBSERVER,PF_MODEL_NATIVE_DRIVING_TRAJECTORY_NOT_RESISTANCE
Peak,KINETIC_FINALIST,oneD_v2_peak_TP_6962e84b2eb78fbb,oneD_v2_Peak_TP,1000.0,8666,300.0,58,0,549,1177.1213955983858,2.8026699895199687e-05,5837336.225155774,13483.53486770729,77.45020588804579,77.45020588804579,77.45020588804579,-1.582103297991857e-05,75.19884823893001,30000000000.0,270.97607833441464,274.43505387117506,3.458975536760442,1.0005585647397306,8.437115991722777,0.07636611025833838,5.797145338890345e-07,2.329189577809938,297627.6618625237,"[4067850684.350867, -3944906534.096113]","[[4786002350.236924, -72979285.25813559], [-72979285.25813559, 11604320401.365847]]","[[[3931658914.3588533, -1895570464.918098], [-1895570464.918098, 12067360283.060587]], [[3997601152.8522673, 1926879244.5749767], [1926879244.5749767, 11887414221.044495]]]",6933518103068.815,31756366805028.094,12.0,8.400002116104588e-07,2.0000009813428768e-14,False,False,/private/tmp/oneD-v2-taylor-peierls-pf-runs-300um/oneD_v2_Peak_TP/T1000K_seed8666/steps_1000K.csv,bb582732adeb79013a2c86b0cd9e58ab8ec478521dc905d87ecfe897d52b71b6,/private/tmp/oneD-v2-taylor-peierls-pf-runs-300um/oneD_v2_Peak_TP/T1000K_seed8666/anisotropic_emission_audit_v10174.json,0ece67b6ea0e8daaaf7ca3218ae932bfb1345a683e405faf8133ae5ddfdbd988,FULL_ACTIVE_AND_WAKE_SPATIAL_PROFILE_OBSERVER,PF_MODEL_NATIVE_DRIVING_TRAJECTORY_NOT_RESISTANCE
Peak,KINETIC_FINALIST,oneD_v2_peak_TP_6962e84b2eb78fbb,oneD_v2_Peak_TP,1000.0,8666,300.0,59,0,559,1177.121396438386,2.8026699915199697e-05,5837336.229321329,13184.685856398446,76.58709356363174,76.58709356363174,76.58709356363174,-2.848339970300861e-05,75.19884823893001,30000000000.0,274.43505387117506,278.0008664586248,3.5658125874497175,1.0010057469092957,7.605357558596289,0.10229697235509715,1.6471596548349152e-07,4.1632927029670235,268406.4614910932,"[4422553504.481706, -4232955617.372468]","[[5285952348.745303, 79785515.87604716], [79785515.87604716, 11372339148.442022]]","[[[4599418474.637528, -971405430.2449756], [-971405430.2449756, 13444525483.60094]], [[4771001692.735635, 923963949.0270907], [923963949.0270907, 13236912927.48057]]]",2311172701022.939,10585455601676.03,4.0,1.1634710972430184e-06,2.770170432018354e-14,False,False,/private/tmp/oneD-v2-taylor-peierls-pf-runs-300um/oneD_v2_Peak_TP/T1000K_seed8666/steps_1000K.csv,bb582732adeb79013a2c86b0cd9e58ab8ec478521dc905d87ecfe897d52b71b6,/private/tmp/oneD-v2-taylor-peierls-pf-runs-300um/oneD_v2_Peak_TP/T1000K_seed8666/anisotropic_emission_audit_v10174.json,0ece67b6ea0e8daaaf7ca3218ae932bfb1345a683e405faf8133ae5ddfdbd988,FULL_ACTIVE_AND_WAKE_SPATIAL_PROFILE_OBSERVER,PF_MODEL_NATIVE_DRIVING_TRAJECTORY_NOT_RESISTANCE
Peak,KINETIC_FINALIST,oneD_v2_peak_TP_6962e84b2eb78fbb,oneD_v2_Peak_TP,1000.0,8666,300.0,60,0,569,1177.121397601857,2.80266999429014e-05,5859441.752873309,8825.078057798424,62.65849697842439,62.65849697842439,62.65849697842439,-8.900365394450158e-06,62.64860661171903,24993177985.651463,278.0008664586248,283.0920848214966,5.09121836287182,1.0003157659184736,9.020970243910458,0.05748904760662397,1.9877387827795165e-07,1.3129329995605756,318146.4803592593,"[4165889026.311322, -4164739519.480942]","[[4940939838.396825, 12090245.26920355], [12090245.26920355, 11116581058.732882]]","[[[2758762546.3640227, -588582357.8495003], [-588582357.8495003, 11090540598.986668]], [[2767826878.8452816, 604009172.5069891], [604009172.5069891, 11097305917.807165]]]",1406704423437.7185,6442879501125.369,6.0,8.932715900300536e-07,2.1268387441833458e-14,False,False,/private/tmp/oneD-v2-taylor-peierls-pf-runs-300um/oneD_v2_Peak_TP/T1000K_seed8666/steps_1000K.csv,bb582732adeb79013a2c86b0cd9e58ab8ec478521dc905d87ecfe897d52b71b6,/private/tmp/oneD-v2-taylor-peierls-pf-runs-300um/oneD_v2_Peak_TP/T1000K_seed8666/anisotropic_emission_audit_v10174.json,0ece67b6ea0e8daaaf7ca3218ae932bfb1345a683e405faf8133ae5ddfdbd988,FULL_ACTIVE_AND_WAKE_SPATIAL_PROFILE_OBSERVER,PF_MODEL_NATIVE_DRIVING_TRAJECTORY_NOT_RESISTANCE
Peak,KINETIC_FINALIST,oneD_v2_peak_TP_6962e84b2eb78fbb,oneD_v2_Peak_TP,1000.0,8666,300.0,61,0,579,1177.1213984951287,2.802669996416979e-05,5856901.916478434,8718.723847912299,62.279792430504116,62.279792430504116,62.279792430504116,-1.5965173874474487e-05,62.2627386873559,24839238955.972267,283.0920848214966,287.00094243897195,3.908857617475358,1.0005478743471634,8.460500666348683,0.07572521163382978,5.165698548904912e-06,2.284373001052491,298449.3907345121,"[4231956886.415603, -4231262533.8796287]","[[4780616179.7799, 12751278.6595637], [12751278.6595637, 10183219241.84357]]","[[[2820641914.0985365, -417008388.21235955], [-417008388.21235955, 11284555686.929743]], [[2829943701.5943747, 435967323.7827157], [435967323.7827157, 11292468769.353632]]]",1346992815910.6729,6169392984906.792,6.0,2.5200006348313764e-07,6.000001927589094e-15,False,False,/private/tmp/oneD-v2-taylor-peierls-pf-runs-300um/oneD_v2_Peak_TP/T1000K_seed8666/steps_1000K.csv,bb582732adeb79013a2c86b0cd9e58ab8ec478521dc905d87ecfe897d52b71b6,/private/tmp/oneD-v2-taylor-peierls-pf-runs-300um/oneD_v2_Peak_TP/T1000K_seed8666/anisotropic_emission_audit_v10174.json,0ece67b6ea0e8daaaf7ca3218ae932bfb1345a683e405faf8133ae5ddfdbd988,FULL_ACTIVE_AND_WAKE_SPATIAL_PROFILE_OBSERVER,PF_MODEL_NATIVE_DRIVING_TRAJECTORY_NOT_RESISTANCE
Peak,KINETIC_FINALIST,oneD_v2_peak_TP_6962e84b2eb78fbb,oneD_v2_Peak_TP,1000.0,8666,300.0,62,0,582,1177.1213987471288,2.802669997016979e-05,5853505.34246976,8691.140811180067,62.181198492357744,62.181198492357744,62.181198492357744,-3.623082769772e-06,62.17461482074906,24804082619.670345,287.00094243897195,289.29828253459686,2.2973400956249024,1.0002117912656234,9.311274098414048,0.04707002288538507,0.0005593357516666226,0.7842167354060554,328350.6197219698,"[4027200315.958544, -4022360074.1023326]","[[4243827060.5569897, 10733107.362103486], [10733107.362103486, 10446378285.973972]]","[[[2624096501.7483997, -974925396.5918689], [-974925396.5918689, 10678497133.665487]], [[2633603787.5414896, 997379536.6730363], [997379536.6730363, 10678323935.746155]]]",1333497938736.8435,6107584785497.715,6.0,9.543919077259488e-07,2.2723623926534237e-14,False,False,/private/tmp/oneD-v2-taylor-peierls-pf-runs-300um/oneD_v2_Peak_TP/T1000K_seed8666/steps_1000K.csv,bb582732adeb79013a2c86b0cd9e58ab8ec478521dc905d87ecfe897d52b71b6,/private/tmp/oneD-v2-taylor-peierls-pf-runs-300um/oneD_v2_Peak_TP/T1000K_seed8666/anisotropic_emission_audit_v10174.json,0ece67b6ea0e8daaaf7ca3218ae932bfb1345a683e405faf8133ae5ddfdbd988,FULL_ACTIVE_AND_WAKE_SPATIAL_PROFILE_OBSERVER,PF_MODEL_NATIVE_DRIVING_TRAJECTORY_NOT_RESISTANCE
Peak,KINETIC_FINALIST,oneD_v2_peak_TP_6962e84b2eb78fbb,oneD_v2_Peak_TP,1000.0,8666,300.0,63,0,592,1177.1213997015207,2.8026699992893414e-05,5851283.710586674,8677.113520814897,62.13099875616775,62.13099875616775,62.13099875616775,-1.0951281644347832e-05,62.11921916241966,24781982949.412075,289.29828253459686,293.4745956657493,4.176313131152459,1.0003792935836004,8.856464402022018,0.06301108849681164,1.5444684966104198e-05,1.5829731777504938,312364.6175690963,"[4029462287.1096897, -4020299671.3310237]","[[3899512057.180646, 8331547.722863297], [8331547.722863297, 10302156364.11717]]","[[[2418680707.6940036, -1492064756.1843553], [-1492064756.1843553, 10477605281.913383]], [[2432058996.4577923, 1515117760.1080737], [1515117760.1080737, 10472658339.11984]]]",1325043144052.7449,6068860784599.729,6.0,9.204472917190287e-07,2.1915418969582073e-14,False,False,/private/tmp/oneD-v2-taylor-peierls-pf-runs-300um/oneD_v2_Peak_TP/T1000K_seed8666/steps_1000K.csv,bb582732adeb79013a2c86b0cd9e58ab8ec478521dc905d87ecfe897d52b71b6,/private/tmp/oneD-v2-taylor-peierls-pf-runs-300um/oneD_v2_Peak_TP/T1000K_seed8666/anisotropic_emission_audit_v10174.json,0ece67b6ea0e8daaaf7ca3218ae932bfb1345a683e405faf8133ae5ddfdbd988,FULL_ACTIVE_AND_WAKE_SPATIAL_PROFILE_OBSERVER,PF_MODEL_NATIVE_DRIVING_TRAJECTORY_NOT_RESISTANCE
Peak,KINETIC_FINALIST,oneD_v2_peak_TP_6962e84b2eb78fbb,oneD_v2_Peak_TP,1000.0,8666,300.0,64,0,602,1177.121400621968,2.8026700014808833e-05,5848621.455556016,8635.122649785177,61.98048218502286,61.98048218502286,61.98048218502286,-6.509978046001226e-06,61.973140435091466,24723705968.813625,293.4745956657493,297.5023673561814,4.027771690432131,1.0002369473212456,9.238219301012581,0.04980055480994743,9.10105283152579e-06,0.9803754447560041,325782.6256800634,"[3687449442.1881747, -3686534423.073371]","[[4010261013.8314204, 10236434.700745849], [10236434.700745849, 10288675279.401413]]","[[[3078233083.072233, -1163269275.456055], [-1163269275.456055, 10453131967.448584]], [[3115913783.779254, 1155435425.0535593], [1155435425.0535593, 10488982629.925997]]]",1302847249049.182,5967200851962.204,6.0,3.360000846441835e-07,8.000002570118792e-15,False,False,/private/tmp/oneD-v2-taylor-peierls-pf-runs-300um/oneD_v2_Peak_TP/T1000K_seed8666/steps_1000K.csv,bb582732adeb79013a2c86b0cd9e58ab8ec478521dc905d87ecfe897d52b71b6,/private/tmp/oneD-v2-taylor-peierls-pf-runs-300um/oneD_v2_Peak_TP/T1000K_seed8666/anisotropic_emission_audit_v10174.json,0ece67b6ea0e8daaaf7ca3218ae932bfb1345a683e405faf8133ae5ddfdbd988,FULL_ACTIVE_AND_WAKE_SPATIAL_PROFILE_OBSERVER,PF_MODEL_NATIVE_DRIVING_TRAJECTORY_NOT_RESISTANCE
Peak,KINETIC_FINALIST,oneD_v2_peak_TP_6962e84b2eb78fbb,oneD_v2_Peak_TP,1000.0,8666,300.0,65,0,606,1177.121400957968,2.8026700022808836e-05,5845414.5631802045,8655.144601107719,62.052296548985325,62.052296548985325,62.052296548985325,-3.797499753731139e-06,62.04744731087438,24753350123.287968,297.5023673561814,299.79970745180634,2.2973400956249024,1.000156313525023,9.47766989701184,0.04044361252667785,8.613057057719483e-05,0.6285988790403357,334199.8249874453,"[3354704716.550718, -3327719164.36993]","[[3176325282.466672, 21432477.925017696], [21432477.925017696, 9542318569.514532]]","[[[2694080013.8071156, -1609003108.2466002], [-1609003108.2466002, 9403489446.908552]], [[2720318350.988674, 1573556626.9754324], [1573556626.9754324, 9375756679.728535]]]",4818368841782.835,22068722698488.266,22.0,1.3624708117276896e-06,3.2439803339216755e-14,False,False,/private/tmp/oneD-v2-taylor-peierls-pf-runs-300um/oneD_v2_Peak_TP/T1000K_seed8666/steps_1000K.csv,bb582732adeb79013a2c86b0cd9e58ab8ec478521dc905d87ecfe897d52b71b6,/private/tmp/oneD-v2-taylor-peierls-pf-runs-300um/oneD_v2_Peak_TP/T1000K_seed8666/anisotropic_emission_audit_v10174.json,0ece67b6ea0e8daaaf7ca3218ae932bfb1345a683e405faf8133ae5ddfdbd988,FULL_ACTIVE_AND_WAKE_SPATIAL_PROFILE_OBSERVER,PF_MODEL_NATIVE_DRIVING_TRAJECTORY_NOT_RESISTANCE
Peak,KINETIC_FINALIST,oneD_v2_peak_TP_6962e84b2eb78fbb,oneD_v2_Peak_TP,1000.0,8666,300.0,66,0,616,1177.1214023204388,2.802670005524864e-05,5824653.162858179,13025.474835323572,76.12327728564865,76.12327728564865,76.12327728564865,-1.3551234462024556e-05,75.19884823893001,30000000000.0,299.79970745180634,305.76172687033863,5.962019418532302,1.0005270371132986,8.50656932494319,0.07427147580389176,5.363583049479526e-06,2.170631714181731,300068.24184455146,"[4381035776.473715, -4369415233.7824955]","[[6442777735.888699, 23297006.408481553], [23297006.408481553, 12820953155.961634]]","[[[4036740651.4063015, -671226580.9002993], [-671226580.9002993, 12798812204.353731]], [[4066645330.0417576, 702228115.7937577], [702228115.7937577, 12805475797.606749]]]",4622345402045.878,21170911203352.062,8.0,,,False,True,/private/tmp/oneD-v2-taylor-peierls-pf-runs-300um/oneD_v2_Peak_TP/T1000K_seed8666/steps_1000K.csv,bb582732adeb79013a2c86b0cd9e58ab8ec478521dc905d87ecfe897d52b71b6,/private/tmp/oneD-v2-taylor-peierls-pf-runs-300um/oneD_v2_Peak_TP/T1000K_seed8666/anisotropic_emission_audit_v10174.json,0ece67b6ea0e8daaaf7ca3218ae932bfb1345a683e405faf8133ae5ddfdbd988,FULL_ACTIVE_AND_WAKE_SPATIAL_PROFILE_OBSERVER,PF_MODEL_NATIVE_DRIVING_TRAJECTORY_NOT_RESISTANCE
DBTT,CONTROL,v913_zeroD_sobol_0202500,oneD_v2_DBTT_control,600.0,1008666,100.0,0,0,85,576.3867951355245,1.3723495122274396e-05,2989524.2413420845,1221.119759529367,23.307721746661386,23.307721746661386,23.307721746661386,-9.81977178292526e-13,23.307721746633376,9298435664.563982,0.0,2.931106565679095,2.931106565679095,1.0000000000024036,9.99999999210651,4.774916875802673e-06,0.0,7.288775233137577e-09,13098.72148366762,"[1347564443.1792119, -1343956133.6703987]","[[-86647248.60189912, -3960611.9632159914], [-3960611.9632159914, 2691591747.2269845]]","[[[-18232494.948173165, 24201740.877554484], [24201740.877554484, 2676896391.4102507]], [[-16851631.26218267, -29146861.00960413], [-29146861.00960413, 2671060636.0786147]]]",1450165016298.9712,6641934368791.333,4.0,0.48475721477302613,1.1541838446979451e-08,False,False,/private/tmp/oneD-v2-taylor-peierls-pf-runs/oneD_v2_DBTT_control/T600K_seed1008666/steps_0600K.csv,dc7adc8b794040cf5ef9cff758357cb0cca0babe2f96fd10ad9d9067b6cedada,/private/tmp/oneD-v2-taylor-peierls-pf-runs/oneD_v2_DBTT_control/T600K_seed1008666/anisotropic_emission_audit_v10174.json,280b837869429b8d0146767ec18b4a963ec36cbc2f167862c0882b642c9b51c3,FULL_ACTIVE_AND_WAKE_SPATIAL_PROFILE_OBSERVER,PF_MODEL_NATIVE_DRIVING_TRAJECTORY_NOT_RESISTANCE
DBTT,CONTROL,v913_zeroD_sobol_0202500,oneD_v2_DBTT_control,600.0,1008666,100.0,1,0,96,576.8715523502975,1.3735036960721376e-05,2991967.7500520623,1262.0385656879491,23.695016121302377,23.695016121302377,23.695016121302377,-2.286194896731962e-14,23.695016121301794,9452943765.580847,2.931106565679095,7.415929780049919,4.484823214370824,1.0000000000000497,9.999999999835069,6.902093102383027e-07,0.0,1.6375465433814592e-10,13098.72149376021,"[1484467675.7804666, -1479967062.5972524]","[[277689627.05475324, -5529507.99897006], [-5529507.99897006, 2989285548.926376]]","[[[-6404303.807186353, -34338549.788618445], [-34338549.788618445, 2962531047.7537465]], [[-4754418.830772407, 26399732.6745047], [26399732.6745047, 2955179706.3637323]]]",753560924632.2878,3451401839128.009,2.0,0.0027248468344396315,6.487730557960109e-11,False,False,/private/tmp/oneD-v2-taylor-peierls-pf-runs/oneD_v2_DBTT_control/T600K_seed1008666/steps_0600K.csv,dc7adc8b794040cf5ef9cff758357cb0cca0babe2f96fd10ad9d9067b6cedada,/private/tmp/oneD-v2-taylor-peierls-pf-runs/oneD_v2_DBTT_control/T600K_seed1008666/anisotropic_emission_audit_v10174.json,280b837869429b8d0146767ec18b4a963ec36cbc2f167862c0882b642c9b51c3,FULL_ACTIVE_AND_WAKE_SPATIAL_PROFILE_OBSERVER,PF_MODEL_NATIVE_DRIVING_TRAJECTORY_NOT_RESISTANCE
DBTT,CONTROL,v913_zeroD_sobol_0202500,oneD_v2_DBTT_control,600.0,1008666,100.0,2,0,106,576.874277197132,1.3735101838026955e-05,2991731.030286673,1340.7487104141508,24.422740180474467,24.422740180474467,24.422740180474467,-1.2163175107885795e-15,24.42274018047443,9743263661.250166,7.415929780049919,10.475434902500647,3.059505122450728,1.0000000000000033,9.999999999988423,1.8285439336121109e-07,0.0,9.543556626109844e-12,13098.721493960478,"[1635859259.2698257, -1631743154.0284147]","[[650424773.5768267, -7550484.098203233], [-7550484.098203233, 3319679528.400689]]","[[[219910877.94190052, -54824111.46814229], [-54824111.46814229, 3491629396.481552]], [[219110309.86446187, 41359364.19201027], [41359364.19201027, 3482596617.9212914]]]",2393213418111.3335,10961212189612.748,6.0,0.00023193586048364523,5.522282389263658e-12,False,False,/private/tmp/oneD-v2-taylor-peierls-pf-runs/oneD_v2_DBTT_control/T600K_seed1008666/steps_0600K.csv,dc7adc8b794040cf5ef9cff758357cb0cca0babe2f96fd10ad9d9067b6cedada,/private/tmp/oneD-v2-taylor-peierls-pf-runs/oneD_v2_DBTT_control/T600K_seed1008666/anisotropic_emission_audit_v10174.json,280b837869429b8d0146767ec18b4a963ec36cbc2f167862c0882b642c9b51c3,FULL_ACTIVE_AND_WAKE_SPATIAL_PROFILE_OBSERVER,PF_MODEL_NATIVE_DRIVING_TRAJECTORY_NOT_RESISTANCE
DBTT,CONTROL,v913_zeroD_sobol_0202500,oneD_v2_DBTT_control,600.0,1008666,100.0,3,0,116,576.8745091329924,1.3735107360309345e-05,2991467.24235564,1403.7662701503357,24.990105914572837,24.990105914572837,24.990105914572837,-4.9912023996032376e-18,24.990105914572844,9969609841.03302,10.475434902500647,17.738586165025698,7.263151262525049,1.0,9.999999999999968,9.353098223758622e-09,0.0,3.450612728774913e-14,13098.721493975556,"[1688155158.5244453, -1682861442.7238748]","[[881238229.1737345, -8955680.456301011], [-8955680.456301011, 3628978165.122458]]","[[[357250132.73398316, -76609142.89989877], [-76609142.89989877, 3733560449.7828736]], [[355644529.2772726, 61115317.84318137], [61115317.84318137, 3721367414.725022]]]",3298771088329.3315,15108777842584.982,8.0,2.3921711544971913e-06,5.695645879575089e-14,False,False,/private/tmp/oneD-v2-taylor-peierls-pf-runs/oneD_v2_DBTT_control/T600K_seed1008666/steps_0600K.csv,dc7adc8b794040cf5ef9cff758357cb0cca0babe2f96fd10ad9d9067b6cedada,/private/tmp/oneD-v2-taylor-peierls-pf-runs/oneD_v2_DBTT_control/T600K_seed1008666/anisotropic_emission_audit_v10174.json,280b837869429b8d0146767ec18b4a963ec36cbc2f167862c0882b642c9b51c3,FULL_ACTIVE_AND_WAKE_SPATIAL_PROFILE_OBSERVER,PF_MODEL_NATIVE_DRIVING_TRAJECTORY_NOT_RESISTANCE
DBTT,CONTROL,v913_zeroD_sobol_0202500,oneD_v2_DBTT_control,600.0,1008666,100.0,4,0,126,576.8745115251636,1.3735107417265803e-05,2989535.7439891496,1715.1883400068464,27.62336634582424,27.62336634582424,27.62336634582424,-7.229851448076518e-21,27.62336634582424,11020128762.367313,17.738586165025698,28.2064547972602,10.467868632234504,1.0,10.0,3.567194017775529e-10,0.0,5.0852071124427716e-17,13098.721493975596,"[1552195349.9863777, -1502871943.1502302]","[[1143416644.7184381, -96190164.45479164], [-96190164.45479164, 4290528244.402019]]","[[[1011651419.7135137, -722351979.6144441], [-722351979.6144441, 4116042119.6862698]], [[1014136366.9326502, 678602722.7304944], [678602722.7304944, 4019880253.233111]]]",5346575740951.035,24487975347660.36,12.0,1.108996912080329e-06,2.640469528409576e-14,False,False,/private/tmp/oneD-v2-taylor-peierls-pf-runs/oneD_v2_DBTT_control/T600K_seed1008666/steps_0600K.csv,dc7adc8b794040cf5ef9cff758357cb0cca0babe2f96fd10ad9d9067b6cedada,/private/tmp/oneD-v2-taylor-peierls-pf-runs/oneD_v2_DBTT_control/T600K_seed1008666/anisotropic_emission_audit_v10174.json,280b837869429b8d0146767ec18b4a963ec36cbc2f167862c0882b642c9b51c3,FULL_ACTIVE_AND_WAKE_SPATIAL_PROFILE_OBSERVER,PF_MODEL_NATIVE_DRIVING_TRAJECTORY_NOT_RESISTANCE
DBTT,CONTROL,v913_zeroD_sobol_0202500,oneD_v2_DBTT_control,600.0,1008666,100.0,5,0,136,576.8745126341605,1.3735107443670499e-05,2985817.7915706756,1853.8364479311072,28.71814629647015,28.71814629647015,28.71814629647015,-1.9053268702314055e-20,28.71814629647015,11456882772.41576,28.2064547972602,33.059301215423474,4.852846418163278,1.0,10.0,5.838742330020602e-10,0.0,1.35958917311051e-16,13098.721493975596,"[1921231771.0181909, -1913111055.0410333]","[[2133529633.8462782, 3353108.179306346], [3353108.179306346, 5034684909.775021]]","[[[1161942092.012953, -248041316.128835], [-248041316.128835, 5004405634.0493355]], [[1176350560.797143, 253819496.78773916], [253819496.78773916, 5002572670.8792095]]]",2705872365778.345,12393228675239.734,6.0,8.400002116104588e-08,2.000000642529698e-15,False,False,/private/tmp/oneD-v2-taylor-peierls-pf-runs/oneD_v2_DBTT_control/T600K_seed1008666/steps_0600K.csv,dc7adc8b794040cf5ef9cff758357cb0cca0babe2f96fd10ad9d9067b6cedada,/private/tmp/oneD-v2-taylor-peierls-pf-runs/oneD_v2_DBTT_control/T600K_seed1008666/anisotropic_emission_audit_v10174.json,280b837869429b8d0146767ec18b4a963ec36cbc2f167862c0882b642c9b51c3,FULL_ACTIVE_AND_WAKE_SPATIAL_PROFILE_OBSERVER,PF_MODEL_NATIVE_DRIVING_TRAJECTORY_NOT_RESISTANCE
DBTT,CONTROL,v913_zeroD_sobol_0202500,oneD_v2_DBTT_control,600.0,1008666,100.0,6,0,137,576.8745127181605,1.37351074456705e-05,2984770.0882328977,1868.7227887485033,28.833219370463723,28.833219370463723,28.833219370463723,-5.525556507801157e-21,28.833219370463723,11502790286.96756,33.059301215423474,35.35664131104838,2.2973400956249024,1.0,10.0,3.46029658890592e-10,1.2611084183012489e-27,4.176872468165519e-17,13098.721493975596,"[1969451656.3242502, -1959148936.9479356]","[[2255291894.5782604, 2267217.6355231055], [2267217.6355231055, 4980758292.297146]]","[[[1142954246.2742167, -219791052.0528454], [-219791052.0528454, 5081857558.922717]], [[1159284839.9852836, 222091035.38220668], [222091035.38220668, 5077582713.881155]]]",45139294989893.766,206743530154622.94,100.0,1.198895915877074e-06,2.854512890708254e-14,False,False,/private/tmp/oneD-v2-taylor-peierls-pf-runs/oneD_v2_DBTT_control/T600K_seed1008666/steps_0600K.csv,dc7adc8b794040cf5ef9cff758357cb0cca0babe2f96fd10ad9d9067b6cedada,/private/tmp/oneD-v2-taylor-peierls-pf-runs/oneD_v2_DBTT_control/T600K_seed1008666/anisotropic_emission_audit_v10174.json,280b837869429b8d0146767ec18b4a963ec36cbc2f167862c0882b642c9b51c3,FULL_ACTIVE_AND_WAKE_SPATIAL_PROFILE_OBSERVER,PF_MODEL_NATIVE_DRIVING_TRAJECTORY_NOT_RESISTANCE
DBTT,CONTROL,v913_zeroD_sobol_0202500,oneD_v2_DBTT_control,600.0,1008666,100.0,7,0,147,576.8745139170564,1.3735107474215628e-05,2984115.321405099,1880.10590444823,28.920903208352744,28.920903208352744,28.920903208352744,-3.727154774793557e-20,28.920903208352744,11537771077.209354,35.35664131104838,40.602872086987624,5.246230775939242,1.0,10.0,8.279085118401774e-10,0.0,2.74226453508507e-16,13098.721493975596,"[1901878609.7986286, -1894332249.598968]","[[2044619823.0293045, 2485999.9729721206], [2485999.9729721206, 4667079954.108853]]","[[[1212616708.7175026, -190076713.89815977], [-190076713.89815977, 5016373928.31476]], [[1229378254.4640667, 188943168.2768051], [188943168.2768051, 5018042753.662003]]]",2710154257392.357,12412840266165.523,6.0,1.1270390132267494e-06,2.683425787890041e-14,False,False,/private/tmp/oneD-v2-taylor-peierls-pf-runs/oneD_v2_DBTT_control/T600K_seed1008666/steps_0600K.csv,dc7adc8b794040cf5ef9cff758357cb0cca0babe2f96fd10ad9d9067b6cedada,/private/tmp/oneD-v2-taylor-peierls-pf-runs/oneD_v2_DBTT_control/T600K_seed1008666/anisotropic_emission_audit_v10174.json,280b837869429b8d0146767ec18b4a963ec36cbc2f167862c0882b642c9b51c3,FULL_ACTIVE_AND_WAKE_SPATIAL_PROFILE_OBSERVER,PF_MODEL_NATIVE_DRIVING_TRAJECTORY_NOT_RESISTANCE
DBTT,CONTROL,v913_zeroD_sobol_0202500,oneD_v2_DBTT_control,600.0,1008666,100.0,8,0,157,576.8745150440955,1.3735107501049886e-05,2982331.2329551633,1906.8468423491397,29.125849515268282,29.125849515268282,29.125849515268282,-2.6128310731914296e-20,29.125849515268285,11619532824.250092,40.602872086987624,45.534666691946185,4.931794604958564,1.0,10.0,7.047054021002206e-10,0.0,1.973361871510447e-16,13098.721493975596,"[1945247440.021931, -1946942881.0974526]","[[1948577063.4033988, 5393388.256112471], [5393388.256112471, 4988412542.412106]]","[[[1244398120.9403327, -443364790.830854], [-443364790.830854, 5134893000.984195]], [[1250253557.481949, 448875539.9155843], [448875539.9155843, 5144139319.676854]]]",2714046028638.497,12430665057761.434,6.0,8.400002116104588e-08,2.000000642529698e-15,False,False,/private/tmp/oneD-v2-taylor-peierls-pf-runs/oneD_v2_DBTT_control/T600K_seed1008666/steps_0600K.csv,dc7adc8b794040cf5ef9cff758357cb0cca0babe2f96fd10ad9d9067b6cedada,/private/tmp/oneD-v2-taylor-peierls-pf-runs/oneD_v2_DBTT_control/T600K_seed1008666/anisotropic_emission_audit_v10174.json,280b837869429b8d0146767ec18b4a963ec36cbc2f167862c0882b642c9b51c3,FULL_ACTIVE_AND_WAKE_SPATIAL_PROFILE_OBSERVER,PF_MODEL_NATIVE_DRIVING_TRAJECTORY_NOT_RESISTANCE
DBTT,CONTROL,v913_zeroD_sobol_0202500,oneD_v2_DBTT_control,600.0,1008666,100.0,9,0,158,576.8745151280955,1.3735107503049887e-05,2981126.267845813,1912.0669353100775,29.165689036389555,29.165689036389555,29.165689036389555,-4.4617917836879495e-21,29.165689036389555,11635426493.656313,45.534666691946185,47.83200678757109,2.2973400956249024,1.0,10.0,3.4543774672218294e-10,3.1341103355350815e-27,3.762037339021213e-17,13098.721493975596,"[1889816584.3166673, -1885783586.3561425]","[[1815344327.7159142, -164923.40349372695], [-164923.40349372695, 4785144596.06855]]","[[[1459373780.2267396, -242794039.3711118], [-242794039.3711118, 5239006948.860074]], [[1452017265.2513032, 267205860.75673857], [267205860.75673857, 5223584437.963589]]]",45245919537046.164,207231883711859.34,100.0,1.6800004232209176e-07,4.000001285059396e-15,False,False,/private/tmp/oneD-v2-taylor-peierls-pf-runs/oneD_v2_DBTT_control/T600K_seed1008666/steps_0600K.csv,dc7adc8b794040cf5ef9cff758357cb0cca0babe2f96fd10ad9d9067b6cedada,/private/tmp/oneD-v2-taylor-peierls-pf-runs/oneD_v2_DBTT_control/T600K_seed1008666/anisotropic_emission_audit_v10174.json,280b837869429b8d0146767ec18b4a963ec36cbc2f167862c0882b642c9b51c3,FULL_ACTIVE_AND_WAKE_SPATIAL_PROFILE_OBSERVER,PF_MODEL_NATIVE_DRIVING_TRAJECTORY_NOT_RESISTANCE
DBTT,CONTROL,v913_zeroD_sobol_0202500,oneD_v2_DBTT_control,600.0,1008666,100.0,10,0,160,576.8745152960955,1.3735107507049888e-05,2979632.847718409,1934.3706076018104,29.335300247678823,29.335300247678823,29.335300247678823,-9.459714474003662e-22,29.335300247678823,11703091577.069702,47.83200678757109,50.12934688319599,2.2973400956249024,1.0,10.0,1.5231777492044786e-10,1.6479022741261314e-28,7.809074754233561e-18,13098.721493975596,"[1654700172.7013972, -1661325971.8880436]","[[1640564623.6561654, -7563447.74934493], [-7563447.74934493, 5293763771.285507]]","[[[1233183426.8826327, -645510256.4658762], [-645510256.4658762, 4542583772.285427]], [[1240575158.6132646, 676505726.2882583], [676505726.2882583, 4563227102.389352]]]",2717612872031.062,12447001639771.69,6.0,150.0657347147261,3.572993683683972e-06,True,False,/private/tmp/oneD-v2-taylor-peierls-pf-runs/oneD_v2_DBTT_control/T600K_seed1008666/steps_0600K.csv,dc7adc8b794040cf5ef9cff758357cb0cca0babe2f96fd10ad9d9067b6cedada,/private/tmp/oneD-v2-taylor-peierls-pf-runs/oneD_v2_DBTT_control/T600K_seed1008666/anisotropic_emission_audit_v10174.json,280b837869429b8d0146767ec18b4a963ec36cbc2f167862c0882b642c9b51c3,FULL_ACTIVE_AND_WAKE_SPATIAL_PROFILE_OBSERVER,PF_MODEL_NATIVE_DRIVING_TRAJECTORY_NOT_RESISTANCE
DBTT,CONTROL,v913_zeroD_sobol_0202500,oneD_v2_DBTT_control,600.0,1008666,100.0,11,1,205,726.9402500108216,1.730810119073386e-05,3781305.3618089873,1193.7775654261068,23.045301896046627,23.045301896046627,23.045301896046627,-1.1083990901131784e-13,23.045301896043256,9193745290.946957,50.12934688319599,52.42668697882088,2.2973400956248953,1.0000000000002929,9.999999999026626,1.674081297042802e-06,0.0,9.396410372252486e-10,13098.721492704437,"[1895419723.7570589, -1845503335.3825264]","[[2142731210.2575178, 43921389.811885014], [43921389.811885014, 4978343303.59398]]","[[[1146536933.2641642, -225651704.00301483], [-225651704.00301483, 4937376380.778282]], [[1254777748.8778563, 279172557.32740086], [279172557.32740086, 4945784419.642909]]]",2814715539769.91,12891743816632.354,8.0,4.928084528038994,1.1733534590568947e-07,False,False,/private/tmp/oneD-v2-taylor-peierls-pf-runs/oneD_v2_DBTT_control/T600K_seed1008666/steps_0600K.csv,dc7adc8b794040cf5ef9cff758357cb0cca0babe2f96fd10ad9d9067b6cedada,/private/tmp/oneD-v2-taylor-peierls-pf-runs/oneD_v2_DBTT_control/T600K_seed1008666/anisotropic_emission_audit_v10174.json,280b837869429b8d0146767ec18b4a963ec36cbc2f167862c0882b642c9b51c3,FULL_ACTIVE_AND_WAKE_SPATIAL_PROFILE_OBSERVER,PF_MODEL_NATIVE_DRIVING_TRAJECTORY_NOT_RESISTANCE
DBTT,CONTROL,v913_zeroD_sobol_0202500,oneD_v2_DBTT_control,600.0,1008666,100.0,12,1,218,731.8683345388606,1.742543653663955e-05,3806542.398727888,1230.639088468242,23.398393909298548,23.398393909298548,23.398393909298548,-1.3221434580428167e-14,23.39839390929819,9334608623.906412,52.42668697882088,56.677418122201125,4.250731143380243,1.000000000000031,9.999999999896497,5.457996094278566e-07,0.0,1.10262012402571e-10,13098.721493840429,"[1878639253.278525, -1828278441.1993399]","[[2150829141.5271044, 41055317.68150932], [41055317.68150932, 4756074439.811806]]","[[[1037508198.1927098, -187365952.86939025], [-187365952.86939025, 4794786704.749761]], [[1141545303.7623396, 236128785.74438348], [236128785.74438348, 4798102186.161019]]]",1464154946997.6003,6706009974311.994,4.0,0.3119610026864166,7.427642921103679e-09,False,False,/private/tmp/oneD-v2-taylor-peierls-pf-runs/oneD_v2_DBTT_control/T600K_seed1008666/steps_0600K.csv,dc7adc8b794040cf5ef9cff758357cb0cca0babe2f96fd10ad9d9067b6cedada,/private/tmp/oneD-v2-taylor-peierls-pf-runs/oneD_v2_DBTT_control/T600K_seed1008666/anisotropic_emission_audit_v10174.json,280b837869429b8d0146767ec18b4a963ec36cbc2f167862c0882b642c9b51c3,FULL_ACTIVE_AND_WAKE_SPATIAL_PROFILE_OBSERVER,PF_MODEL_NATIVE_DRIVING_TRAJECTORY_NOT_RESISTANCE
DBTT,CONTROL,v913_zeroD_sobol_0202500,oneD_v2_DBTT_control,600.0,1008666,100.0,13,1,228,732.180295541547,1.7432864179560653e-05,3807280.4783616546,1276.6417635345067,23.831710751356365,23.831710751356365,23.831710751356365,-7.632806910738939e-16,23.83171075135635,9507477033.013443,56.677418122201125,64.60637726595918,7.9289591437580516,1.0000000000000016,9.999999999994142,1.298385212061646e-07,0.0,6.650679520941866e-12,13098.721493967943,"[1958042173.3121889, -1905775943.3113022]","[[1953774703.7811034, 40433101.441085175], [40433101.441085175, 4832523713.329312]]","[[[1131091293.736547, -328755799.1613437], [-328755799.1613437, 5047175640.360925]], [[1168058958.8183343, 377304517.87396276], [377304517.87396276, 4979610845.440939]]]",6102067601994.963,27948221113356.89,16.0,0.0013941705841489238,3.3194537718458364e-11,False,False,/private/tmp/oneD-v2-taylor-peierls-pf-runs/oneD_v2_DBTT_control/T600K_seed1008666/steps_0600K.csv,dc7adc8b794040cf5ef9cff758357cb0cca0babe2f96fd10ad9d9067b6cedada,/private/tmp/oneD-v2-taylor-peierls-pf-runs/oneD_v2_DBTT_control/T600K_seed1008666/anisotropic_emission_audit_v10174.json,280b837869429b8d0146767ec18b4a963ec36cbc2f167862c0882b642c9b51c3,FULL_ACTIVE_AND_WAKE_SPATIAL_PROFILE_OBSERVER,PF_MODEL_NATIVE_DRIVING_TRAJECTORY_NOT_RESISTANCE
DBTT,CONTROL,v913_zeroD_sobol_0202500,oneD_v2_DBTT_control,600.0,1008666,100.0,14,1,238,732.1816897121312,1.743289737409837e-05,3805351.0887834374,1371.77671430268,24.703722976284283,24.703722976284283,24.703722976284283,-1.3350710557584982e-18,24.703722976284283,9855359578.56412,64.60637726595918,73.04590364404542,8.439526378086239,1.0,9.999999999999988,5.688624956915602e-09,0.0,1.2832427588888396e-14,13098.72149397558,"[1715216749.1322558, -1784173902.0664062]","[[1973223775.8096256, -14284824.412182966], [-14284824.412182966, 4953142364.249231]]","[[[993625144.9528172, -582194267.054203], [-582194267.054203, 4424058643.217329]], [[1345588868.7430172, 545838965.5509474], [545838965.5509474, 4913936672.87583]]]",4059191625736.834,18591597553014.684,10.0,2.5200006348313764e-07,6.000001927589094e-15,False,False,/private/tmp/oneD-v2-taylor-peierls-pf-runs/oneD_v2_DBTT_control/T600K_seed1008666/steps_0600K.csv,dc7adc8b794040cf5ef9cff758357cb0cca0babe2f96fd10ad9d9067b6cedada,/private/tmp/oneD-v2-taylor-peierls-pf-runs/oneD_v2_DBTT_control/T600K_seed1008666/anisotropic_emission_audit_v10174.json,280b837869429b8d0146767ec18b4a963ec36cbc2f167862c0882b642c9b51c3,FULL_ACTIVE_AND_WAKE_SPATIAL_PROFILE_OBSERVER,PF_MODEL_NATIVE_DRIVING_TRAJECTORY_NOT_RESISTANCE
DBTT,CONTROL,v913_zeroD_sobol_0202500,oneD_v2_DBTT_control,600.0,1008666,100.0,15,1,241,732.1816899641312,1.7432897380098373e-05,3771845.939923133,3013.325435451068,36.61370803444843,36.61370803444843,36.61370803444843,-1.9086510791398525e-19,36.61370803444843,14606756177.215115,73.04590364404542,75.34297779768553,2.297074153640119,1.0,9.999999999999998,2.6412467666080434e-09,0.0,2.1343192859110315e-15,13098.721493975592,"[2328022052.4441757, -2243198549.631321]","[[2878625111.047922, 175424621.10912266], [175424621.10912266, 6229823754.586451]]","[[[1593235817.0119545, -219367690.95635706], [-219367690.95635706, 6249279921.900306]], [[1822068378.6304202, 399357243.7556598], [399357243.7556598, 6308465477.893063]]]",1830613022844.36,8384433092599.337,4.0,5.040001269662753e-07,1.2000003855178187e-14,False,False,/private/tmp/oneD-v2-taylor-peierls-pf-runs/oneD_v2_DBTT_control/T600K_seed1008666/steps_0600K.csv,dc7adc8b794040cf5ef9cff758357cb0cca0babe2f96fd10ad9d9067b6cedada,/private/tmp/oneD-v2-taylor-peierls-pf-runs/oneD_v2_DBTT_control/T600K_seed1008666/anisotropic_emission_audit_v10174.json,280b837869429b8d0146767ec18b4a963ec36cbc2f167862c0882b642c9b51c3,FULL_ACTIVE_AND_WAKE_SPATIAL_PROFILE_OBSERVER,PF_MODEL_NATIVE_DRIVING_TRAJECTORY_NOT_RESISTANCE
DBTT,CONTROL,v913_zeroD_sobol_0202500,oneD_v2_DBTT_control,600.0,1008666,100.0,16,1,247,732.1816904681314,1.7432897392098377e-05,3771173.986271731,3064.0868557621693,36.920810922129895,36.920810922129895,36.920810922129895,-1.7678889654245457e-19,36.9208109221299,14729272503.544624,75.34297779768553,77.64005195132565,2.2970741536401054,1.0,9.999999999999998,2.1086132126953584e-09,0.0,1.7780767023807306e-15,13098.721493975592,"[2289060751.815215, -2209544803.3872337]","[[2915949474.228043, 135610563.89906985], [135610563.89906985, 5848225525.512473]]","[[[1464427263.0093393, -164927165.95349568], [-164927165.95349568, 6042548766.63977]], [[1655950117.953629, 330141635.11294883], [330141635.11294883, 6075039724.728097]]]",7322605152370.406,33538433408595.254,16.0,3.360000846441835e-07,8.000002570118792e-15,False,False,/private/tmp/oneD-v2-taylor-peierls-pf-runs/oneD_v2_DBTT_control/T600K_seed1008666/steps_0600K.csv,dc7adc8b794040cf5ef9cff758357cb0cca0babe2f96fd10ad9d9067b6cedada,/private/tmp/oneD-v2-taylor-peierls-pf-runs/oneD_v2_DBTT_control/T600K_seed1008666/anisotropic_emission_audit_v10174.json,280b837869429b8d0146767ec18b4a963ec36cbc2f167862c0882b642c9b51c3,FULL_ACTIVE_AND_WAKE_SPATIAL_PROFILE_OBSERVER,PF_MODEL_NATIVE_DRIVING_TRAJECTORY_NOT_RESISTANCE
DBTT,CONTROL,v913_zeroD_sobol_0202500,oneD_v2_DBTT_control,600.0,1008666,100.0,17,1,251,732.1816908041314,1.743289740009838e-05,3770490.1168623343,3111.351611435136,37.20448026033172,37.20448026033172,37.20448026033172,-1.1209116793937977e-19,37.20448026033172,14842440196.206823,77.64005195132565,79.93712610496574,2.2970741536401054,1.0,9.999999999999998,1.756017281335506e-09,1.7695318736717264e-25,1.1822333342293912e-15,13098.721493975592,"[2352312578.9689693, -2292144064.9667444]","[[2954877136.2593513, 189414315.588456], [189414315.588456, 6085306362.618382]]","[[[1546277811.824475, -226025407.47417906], [-226025407.47417906, 6250902969.762414]], [[1634425598.9097257, 426466678.0499451], [426466678.0499451, 6218713728.843215]]]",7322721202308.121,33538964931602.05,16.0,3.360000846441835e-07,8.000002570118792e-15,False,False,/private/tmp/oneD-v2-taylor-peierls-pf-runs/oneD_v2_DBTT_control/T600K_seed1008666/steps_0600K.csv,dc7adc8b794040cf5ef9cff758357cb0cca0babe2f96fd10ad9d9067b6cedada,/private/tmp/oneD-v2-taylor-peierls-pf-runs/oneD_v2_DBTT_control/T600K_seed1008666/anisotropic_emission_audit_v10174.json,280b837869429b8d0146767ec18b4a963ec36cbc2f167862c0882b642c9b51c3,FULL_ACTIVE_AND_WAKE_SPATIAL_PROFILE_OBSERVER,PF_MODEL_NATIVE_DRIVING_TRAJECTORY_NOT_RESISTANCE
DBTT,CONTROL,v913_zeroD_sobol_0202500,oneD_v2_DBTT_control,600.0,1008666,100.0,18,1,255,732.1816911401315,1.7432897408098382e-05,3769655.9462516154,3161.308478513485,37.50197442994485,37.50197442994485,37.50197442994485,-2.2948049973849126e-19,37.50197442994485,14961123198.638416,79.93712610496574,82.23340249422276,2.2962763892570144,1.0,9.999999999999998,2.437136189488581e-09,0.0,2.434369253857075e-15,13098.721493975592,"[2433616109.1051693, -2367447974.857007]","[[2727372782.3745847, 109604353.93710063], [109604353.93710063, 5761604552.929923]]","[[[1693924953.7811944, -263615829.16719073], [-263615829.16719073, 6561157171.991533]], [[1692052586.6702735, 461450562.98487175], [461450562.98487175, 6426948536.384288]]]",1830705329275.6821,8384855867422.731,4.0,4.023631163363461e-06,9.580073754146372e-14,False,False,/private/tmp/oneD-v2-taylor-peierls-pf-runs/oneD_v2_DBTT_control/T600K_seed1008666/steps_0600K.csv,dc7adc8b794040cf5ef9cff758357cb0cca0babe2f96fd10ad9d9067b6cedada,/private/tmp/oneD-v2-taylor-peierls-pf-runs/oneD_v2_DBTT_control/T600K_seed1008666/anisotropic_emission_audit_v10174.json,280b837869429b8d0146767ec18b4a963ec36cbc2f167862c0882b642c9b51c3,FULL_ACTIVE_AND_WAKE_SPATIAL_PROFILE_OBSERVER,PF_MODEL_NATIVE_DRIVING_TRAJECTORY_NOT_RESISTANCE
DBTT,CONTROL,v913_zeroD_sobol_0202500,oneD_v2_DBTT_control,600.0,1008666,100.0,19,1,265,732.1816951637627,1.743289750389912e-05,3768648.5708644367,3220.717418949049,37.85271251577028,37.85271251577028,37.85271251577028,-1.5799555502915837e-19,37.85271251577028,15101047450.421246,82.23340249422276,100.16094124707362,17.927538752850865,1.0,9.999999999999998,2.4291513092099762e-09,0.0,2.337271998483799e-15,13098.721493975592,"[2364892793.5687776, -2287473628.3058634]","[[2617365840.8963814, 99004301.33213475], [99004301.33213475, 6062084158.467073]]","[[[1601701077.2281966, -356953056.1826962], [-356953056.1826962, 6331486664.365752]], [[1660464658.814734, 522292356.4187461], [522292356.4187461, 6235411915.426461]]]",12815103231399.824,58694751035626.555,28.0,,,False,True,/private/tmp/oneD-v2-taylor-peierls-pf-runs/oneD_v2_DBTT_control/T600K_seed1008666/steps_0600K.csv,dc7adc8b794040cf5ef9cff758357cb0cca0babe2f96fd10ad9d9067b6cedada,/private/tmp/oneD-v2-taylor-peierls-pf-runs/oneD_v2_DBTT_control/T600K_seed1008666/anisotropic_emission_audit_v10174.json,280b837869429b8d0146767ec18b4a963ec36cbc2f167862c0882b642c9b51c3,FULL_ACTIVE_AND_WAKE_SPATIAL_PROFILE_OBSERVER,PF_MODEL_NATIVE_DRIVING_TRAJECTORY_NOT_RESISTANCE
DBTT,CONTROL,v913_zeroD_sobol_0202500,oneD_v2_DBTT_control,1100.0,1008666,100.0,0,0,175,1372.7231674048933,3.268388493821179e-05,7119852.883936919,6926.217735438456,55.50968532085477,55.50968532085477,55.50968532085477,-3.726714083983024,20.08995158829768,8014731099.789861,0.0,2.931106565679095,2.931106565679095,7.634485073185825,0.15055173032887342,7.981595613481321,0.0,25263.98741143706,1505.547319142136,"[3209360357.202898, -3200766804.922176]","[[-206359143.81027782, -9432596.036016915], [-9432596.036016915, 6410296661.54227]]","[[[-43422521.86583167, 57638881.866366], [57638881.866366, 6375298192.539965]], [[-40133856.0102214, -69416183.19969718], [-69416183.19969718, 6361399753.83413]]]",1100313261519.4668,5039570246132.836,2.0,7.052843248882937,1.679248392590969e-07,False,False,/private/tmp/oneD-v2-taylor-peierls-pf-runs/oneD_v2_DBTT_control/T1100K_seed1008666/steps_1100K.csv,05bb27effde5a6c801b859cbe933db75f1994f39b543e81de2e70bf90e4e5ad8,/private/tmp/oneD-v2-taylor-peierls-pf-runs/oneD_v2_DBTT_control/T1100K_seed1008666/anisotropic_emission_audit_v10174.json,722306de9eea968d909f5998722d272190f6cde353fc17e0864a2be4f2f5332b,FULL_ACTIVE_AND_WAKE_SPATIAL_PROFILE_OBSERVER,PF_MODEL_NATIVE_DRIVING_TRAJECTORY_NOT_RESISTANCE
DBTT,CONTROL,v913_zeroD_sobol_0202500,oneD_v2_DBTT_control,1100.0,1008666,100.0,1,0,198,1379.7760106537762,3.285180977747089e-05,7156264.35270077,7219.906285104084,56.67434055818139,56.67434055818139,56.67434055818139,-3.772315916361501,20.419225693363824,8146092462.142088,2.931106565679095,7.415929780049919,4.484823214370824,7.703612199569873,0.149773654992742,8.023067406061998,0.0,25633.957347649688,1511.3280702775858,"[3550587438.8985186, -3539822758.1335707]","[[664185093.2959166, -13225617.482112274], [-13225617.482112274, 7149848996.017133]]","[[[-15317976.284483047, -82131814.34574418], [-82131814.34574418, 7085856901.512555]], [[-11371739.550290523, 63143550.21243154], [63143550.21243154, 7068273776.716851]]]",1100313261519.4668,5039570246132.836,2.0,0.10812247816238596,2.574344718158457e-09,False,False,/private/tmp/oneD-v2-taylor-peierls-pf-runs/oneD_v2_DBTT_control/T1100K_seed1008666/steps_1100K.csv,05bb27effde5a6c801b859cbe933db75f1994f39b543e81de2e70bf90e4e5ad8,/private/tmp/oneD-v2-taylor-peierls-pf-runs/oneD_v2_DBTT_control/T1100K_seed1008666/anisotropic_emission_audit_v10174.json,722306de9eea968d909f5998722d272190f6cde353fc17e0864a2be4f2f5332b,FULL_ACTIVE_AND_WAKE_SPATIAL_PROFILE_OBSERVER,PF_MODEL_NATIVE_DRIVING_TRAJECTORY_NOT_RESISTANCE
DBTT,CONTROL,v913_zeroD_sobol_0202500,oneD_v2_DBTT_control,1100.0,1008666,100.0,2,0,212,1379.8841331319386,3.285438412218905e-05,7156225.095265132,7671.323214669366,58.41923100884651,58.41923100884651,58.41923100884651,-3.882596385232684,20.67765868307861,8249192308.389867,7.415929780049919,10.475434902500647,3.059505122450728,7.981948973882025,0.14675857160229225,8.187936969953599,0.0,26405.785254478953,1534.409686632357,"[3912977792.788684, -3903132062.9001517]","[[1555817030.3854544, -18060769.24628543], [-18060769.24628543, 7940678392.837525]]","[[[526027148.67011756, -131139356.56051886], [-131139356.56051886, 8351982734.247485]], [[524112188.632523, 98931660.95439786], [98931660.95439786, 8330376314.432826]]]",2200626523038.9336,10079140492265.672,4.0,0.0018097112922532688,4.3088364114500424e-11,False,False,/private/tmp/oneD-v2-taylor-peierls-pf-runs/oneD_v2_DBTT_control/T1100K_seed1008666/steps_1100K.csv,05bb27effde5a6c801b859cbe933db75f1994f39b543e81de2e70bf90e4e5ad8,/private/tmp/oneD-v2-taylor-peierls-pf-runs/oneD_v2_DBTT_control/T1100K_seed1008666/anisotropic_emission_audit_v10174.json,722306de9eea968d909f5998722d272190f6cde353fc17e0864a2be4f2f5332b,FULL_ACTIVE_AND_WAKE_SPATIAL_PROFILE_OBSERVER,PF_MODEL_NATIVE_DRIVING_TRAJECTORY_NOT_RESISTANCE
DBTT,CONTROL,v913_zeroD_sobol_0202500,oneD_v2_DBTT_control,1100.0,1008666,100.0,3,0,221,1379.8859428432309,3.285442721055316e-05,7155600.621713238,8031.903577129266,59.77642505561427,59.77642505561427,59.77642505561427,-3.637262203782466,21.59066004701531,8613427154.52839,10.475434902500647,17.738586165025698,7.263151262525049,7.66528025716441,0.15020361387824532,8.000095515328459,0.0,25030.11096974008,1508.1249616319228,"[4038073334.332647, -4025410746.7109566]","[[2107925078.1257207, -21422020.516764756], [-21422020.516764756, 8680529088.490307]]","[[[854543628.5257214, -183249350.95453826], [-183249350.95453826, 8930690297.191015]], [[850703019.1650748, 146188064.56008485], [146188064.56008485, 8901524512.586988]]]",5501566307597.334,25197851230664.18,10.0,2.3921711544971913e-06,5.695646048981678e-14,False,False,/private/tmp/oneD-v2-taylor-peierls-pf-runs/oneD_v2_DBTT_control/T1100K_seed1008666/steps_1100K.csv,05bb27effde5a6c801b859cbe933db75f1994f39b543e81de2e70bf90e4e5ad8,/private/tmp/oneD-v2-taylor-peierls-pf-runs/oneD_v2_DBTT_control/T1100K_seed1008666/anisotropic_emission_audit_v10174.json,722306de9eea968d909f5998722d272190f6cde353fc17e0864a2be4f2f5332b,FULL_ACTIVE_AND_WAKE_SPATIAL_PROFILE_OBSERVER,PF_MODEL_NATIVE_DRIVING_TRAJECTORY_NOT_RESISTANCE
DBTT,CONTROL,v913_zeroD_sobol_0202500,oneD_v2_DBTT_control,1100.0,1008666,100.0,4,0,231,1379.885945235402,3.285442726750962e-05,7150980.45327584,9813.76144305494,66.0751935111781,66.0751935111781,66.0751935111781,-3.030588191539187,25.919155490423417,10340246997.428833,17.738586165025698,28.2064547972602,10.467868632234504,6.49883024995101,0.1653651696625308,7.2654925831368,8.443521438293856e-09,21273.167565328826,1407.6936201206206,"[3712856964.408492, -3594875194.5355496]","[[2735056803.643112, -230087225.81645784], [-230087225.81645784, 10262959281.097694]]","[[[2419873902.643778, -1727868581.9341545], [-1727868581.9341545, 9845587831.460762]], [[2425817905.4967923, 1623220199.1705449], [1623220199.1705449, 9615568294.567892]]]",6601879569116.801,30237421476797.016,12.0,1.108996912080329e-06,2.6404727471347755e-14,False,False,/private/tmp/oneD-v2-taylor-peierls-pf-runs/oneD_v2_DBTT_control/T1100K_seed1008666/steps_1100K.csv,05bb27effde5a6c801b859cbe933db75f1994f39b543e81de2e70bf90e4e5ad8,/private/tmp/oneD-v2-taylor-peierls-pf-runs/oneD_v2_DBTT_control/T1100K_seed1008666/anisotropic_emission_audit_v10174.json,722306de9eea968d909f5998722d272190f6cde353fc17e0864a2be4f2f5332b,FULL_ACTIVE_AND_WAKE_SPATIAL_PROFILE_OBSERVER,PF_MODEL_NATIVE_DRIVING_TRAJECTORY_NOT_RESISTANCE
DBTT,CONTROL,v913_zeroD_sobol_0202500,oneD_v2_DBTT_control,1100.0,1008666,100.0,5,0,241,1379.885946344399,3.285442729391435e-05,7142087.089478183,10607.061737404916,68.69391108754465,68.69391108754465,68.69391108754465,-3.375747402252649,25.711278887875487,10257316231.566257,28.2064547972602,33.059301215423474,4.852846418163278,7.138206854369928,0.15651811999853465,7.677260661702566,9.538780433327525e-09,24031.82994004827,1463.4660770786409,"[4595593430.524147, -4576168648.174228]","[[5103410695.699822, 8020647.041709462], [8020647.041709462, 12042984737.785746]]","[[[2779369738.3394217, -593315736.3393644], [-593315736.3393644, 11970556599.387716]], [[2813834848.425248, 607137165.6312431], [607137165.6312431, 11966172144.773705]]]",3300939784558.4004,15118710738398.51,6.0,8.400002116104588e-08,2.000000642529698e-15,False,False,/private/tmp/oneD-v2-taylor-peierls-pf-runs/oneD_v2_DBTT_control/T1100K_seed1008666/steps_1100K.csv,05bb27effde5a6c801b859cbe933db75f1994f39b543e81de2e70bf90e4e5ad8,/private/tmp/oneD-v2-taylor-peierls-pf-runs/oneD_v2_DBTT_control/T1100K_seed1008666/anisotropic_emission_audit_v10174.json,722306de9eea968d909f5998722d272190f6cde353fc17e0864a2be4f2f5332b,FULL_ACTIVE_AND_WAKE_SPATIAL_PROFILE_OBSERVER,PF_MODEL_NATIVE_DRIVING_TRAJECTORY_NOT_RESISTANCE
DBTT,CONTROL,v913_zeroD_sobol_0202500,oneD_v2_DBTT_control,1100.0,1008666,100.0,6,0,242,1379.885946428399,3.285442729591435e-05,7139580.978653241,10692.236636685337,68.96916629601262,68.96916629601262,68.96916629601262,-3.4765299018961393,25.27278811547708,10082383722.890654,33.059301215423474,35.35664131104838,2.2973400956249024,7.447382156296164,0.1527201096499737,7.868223964178237,9.899167708928679e-09,24939.55710519998,1489.8027627614588,"[4710935572.325586, -4686291429.857956]","[[5394666468.724468, 5423192.884726427], [5423192.884726427, 11913992070.326374]]","[[[2733950741.5800743, -525741001.1917255], [-525741001.1917255, 12155821886.231247]], [[2773013581.5252, 531242569.73607063], [531242569.73607063, 12145596441.241112]]]",55015663075973.42,251978512306641.44,100.0,1.198895915877074e-06,2.854514584774148e-14,False,False,/private/tmp/oneD-v2-taylor-peierls-pf-runs/oneD_v2_DBTT_control/T1100K_seed1008666/steps_1100K.csv,05bb27effde5a6c801b859cbe933db75f1994f39b543e81de2e70bf90e4e5ad8,/private/tmp/oneD-v2-taylor-peierls-pf-runs/oneD_v2_DBTT_control/T1100K_seed1008666/anisotropic_emission_audit_v10174.json,722306de9eea968d909f5998722d272190f6cde353fc17e0864a2be4f2f5332b,FULL_ACTIVE_AND_WAKE_SPATIAL_PROFILE_OBSERVER,PF_MODEL_NATIVE_DRIVING_TRAJECTORY_NOT_RESISTANCE
DBTT,CONTROL,v913_zeroD_sobol_0202500,oneD_v2_DBTT_control,1100.0,1008666,100.0,7,0,252,1379.8859476272949,3.2854427324459496e-05,7138014.765371085,10757.367173344983,69.17890627359759,69.17890627359759,69.17890627359759,-3.6072967456081213,25.179099107707053,10045007216.48233,35.35664131104838,40.602872086987624,5.246230775939242,7.548610354145598,0.15153541453284874,7.929763177391659,1.048351805514085e-08,26413.173917756743,1498.3389109256104,"[4549300592.141268, -4531249670.937382]","[[4890738096.368748, 5946521.029700727], [5946521.029700727, 11163672323.464476]]","[[[2900583603.278982, -454664194.98809195], [-454664194.98809195, 11999184787.561518]], [[2940677282.022296, 451952749.7150448], [451952749.7150448, 12003176623.89706]]]",3300939784558.4004,15118710738398.51,6.0,1.1270390132267494e-06,2.6834274819559356e-14,False,False,/private/tmp/oneD-v2-taylor-peierls-pf-runs/oneD_v2_DBTT_control/T1100K_seed1008666/steps_1100K.csv,05bb27effde5a6c801b859cbe933db75f1994f39b543e81de2e70bf90e4e5ad8,/private/tmp/oneD-v2-taylor-peierls-pf-runs/oneD_v2_DBTT_control/T1100K_seed1008666/anisotropic_emission_audit_v10174.json,722306de9eea968d909f5998722d272190f6cde353fc17e0864a2be4f2f5332b,FULL_ACTIVE_AND_WAKE_SPATIAL_PROFILE_OBSERVER,PF_MODEL_NATIVE_DRIVING_TRAJECTORY_NOT_RESISTANCE
DBTT,CONTROL,v913_zeroD_sobol_0202500,oneD_v2_DBTT_control,1100.0,1008666,100.0,8,0,262,1379.8859487543339,3.285442735129377e-05,7133747.211161627,10910.370278242408,69.66913851027026,69.66913851027026,69.66913851027026,-3.32945644585399,25.62261009366453,10221942500.603294,40.602872086987624,45.534666691946185,4.931794604958564,7.393228771300935,0.15336539661158863,7.835136763697281,9.942596081458466e-09,25050.157056925986,1485.2187908210178,"[4653038987.3982115, -4657094488.648555]","[[4661003458.698141, 12901004.4241903], [12901004.4241903, 11932301036.627024]]","[[[2976604854.195392, -1060530200.3905252], [-1060530200.3905252, 12282682828.991816]], [[2990611079.807528, 1073711932.3457836], [1073711932.3457836, 12304800057.10464]]]",3300939784558.4004,15118710738398.51,6.0,8.400002116104588e-08,2.000000642529698e-15,False,False,/private/tmp/oneD-v2-taylor-peierls-pf-runs/oneD_v2_DBTT_control/T1100K_seed1008666/steps_1100K.csv,05bb27effde5a6c801b859cbe933db75f1994f39b543e81de2e70bf90e4e5ad8,/private/tmp/oneD-v2-taylor-peierls-pf-runs/oneD_v2_DBTT_control/T1100K_seed1008666/anisotropic_emission_audit_v10174.json,722306de9eea968d909f5998722d272190f6cde353fc17e0864a2be4f2f5332b,FULL_ACTIVE_AND_WAKE_SPATIAL_PROFILE_OBSERVER,PF_MODEL_NATIVE_DRIVING_TRAJECTORY_NOT_RESISTANCE
DBTT,CONTROL,v913_zeroD_sobol_0202500,oneD_v2_DBTT_control,1100.0,1008666,100.0,9,0,263,1379.885948838334,3.285442735329377e-05,7130864.929611051,10940.23798564832,69.7644347845143,69.7644347845143,69.7644347845143,-3.315919288363504,25.424066556685727,10142735089.202003,45.534666691946185,47.83200678757109,2.2973400956249024,7.529707857338943,0.1517545414084469,7.9183214471547805,1.002513272544192e-08,25260.0636934036,1496.74815459664,"[4520448177.540283, -4510801231.676873]","[[4342310267.5325165, -394497.384003009], [-394497.384003009, 11446083364.955914]]","[[[3490827416.757714, -580764229.6618124], [-580764229.6618124, 12531723771.83828]], [[3473230606.0461693, 639157395.648868], [639157395.648868, 12494833069.399916]]]",55015663075973.42,251978512306641.44,100.0,1.6800004232209176e-07,4.000001285059396e-15,False,False,/private/tmp/oneD-v2-taylor-peierls-pf-runs/oneD_v2_DBTT_control/T1100K_seed1008666/steps_1100K.csv,05bb27effde5a6c801b859cbe933db75f1994f39b543e81de2e70bf90e4e5ad8,/private/tmp/oneD-v2-taylor-peierls-pf-runs/oneD_v2_DBTT_control/T1100K_seed1008666/anisotropic_emission_audit_v10174.json,722306de9eea968d909f5998722d272190f6cde353fc17e0864a2be4f2f5332b,FULL_ACTIVE_AND_WAKE_SPATIAL_PROFILE_OBSERVER,PF_MODEL_NATIVE_DRIVING_TRAJECTORY_NOT_RESISTANCE
DBTT,CONTROL,v913_zeroD_sobol_0202500,oneD_v2_DBTT_control,1100.0,1008666,100.0,10,0,265,1379.885949006334,3.285442735729377e-05,7127292.661999495,11067.852490740363,70.17014541000673,70.17014541000673,70.17014541000673,-2.5636678587471033,28.33339902166725,11303390817.227654,47.83200678757109,50.12934688319599,2.2973400956249024,6.133486267582459,0.17114679436243538,7.020884598672421,7.85666998260293e-09,19795.074885907736,1375.007523814131,"[3958048860.863718, -3973897796.7348046]","[[3924236575.88352, -18091794.66007091], [-18091794.66007091, 12662702289.08675]]","[[[2949779264.2641106, -1544062892.7411551], [-1544062892.7411551, 10865876985.991547]], [[2967460313.5798135, 1618204169.8416042], [1618204169.8416042, 10915255907.049423]]]",3300939784558.4004,15118710738398.508,6.0,171.31619265600216,4.0789569679999644e-06,True,False,/private/tmp/oneD-v2-taylor-peierls-pf-runs/oneD_v2_DBTT_control/T1100K_seed1008666/steps_1100K.csv,05bb27effde5a6c801b859cbe933db75f1994f39b543e81de2e70bf90e4e5ad8,/private/tmp/oneD-v2-taylor-peierls-pf-runs/oneD_v2_DBTT_control/T1100K_seed1008666/anisotropic_emission_audit_v10174.json,722306de9eea968d909f5998722d272190f6cde353fc17e0864a2be4f2f5332b,FULL_ACTIVE_AND_WAKE_SPATIAL_PROFILE_OBSERVER,PF_MODEL_NATIVE_DRIVING_TRAJECTORY_NOT_RESISTANCE
DBTT,CONTROL,v913_zeroD_sobol_0202500,oneD_v2_DBTT_control,1100.0,1008666,100.0,11,1,298,1551.202141662336,3.693338432529374e-05,8068846.064625057,5435.791276092953,49.17587333466602,49.17587333466602,49.17587333466602,-2.066736866308218,21.413342552421785,8542687708.880182,50.12934688319599,52.42668697882088,2.2973400956248953,5.273940598008174,0.18756333191676322,6.405633233709817,0.0,16223.151184216587,1295.7227413267585,"[4044595322.3765144, -3938079816.391708]","[[4572327976.485977, 93722907.6804718], [93722907.6804718, 10623179545.155691]]","[[[2446570466.2080026, -481513310.77625895], [-481513310.77625895, 10535761110.961033]], [[2677543211.2069745, 595720306.8796494], [595720306.8796494, 10553702843.99039]]]",53915349814453.95,246938942060508.62,98.0,0.327413838839675,7.795567591427908e-09,False,False,/private/tmp/oneD-v2-taylor-peierls-pf-runs/oneD_v2_DBTT_control/T1100K_seed1008666/steps_1100K.csv,05bb27effde5a6c801b859cbe933db75f1994f39b543e81de2e70bf90e4e5ad8,/private/tmp/oneD-v2-taylor-peierls-pf-runs/oneD_v2_DBTT_control/T1100K_seed1008666/anisotropic_emission_audit_v10174.json,722306de9eea968d909f5998722d272190f6cde353fc17e0864a2be4f2f5332b,FULL_ACTIVE_AND_WAKE_SPATIAL_PROFILE_OBSERVER,PF_MODEL_NATIVE_DRIVING_TRAJECTORY_NOT_RESISTANCE
DBTT,CONTROL,v913_zeroD_sobol_0202500,oneD_v2_DBTT_control,1100.0,1008666,100.0,12,1,315,1551.5295555011758,3.6941179892885165e-05,8069707.018566283,5530.761067959729,49.60359396394651,49.60359396394651,49.60359396394651,-2.150355341010984,20.98615103197983,8372262949.546912,52.42668697882088,56.677418122201125,4.250731143380243,5.5867688070264885,0.18105643503286742,6.635900267972797,0.0,17389.880029567557,1324.9624575563957,"[3982634837.4845905, -3875872070.6146026]","[[4559665754.654034, 87035516.89182922], [87035516.89182922, 10082674318.98285]]","[[[2199472989.3390236, -397207803.44277006], [-397207803.44277006, 10164742664.308205]], [[2420027201.8146667, 500582922.77101254], [500582922.77101254, 10171771343.043873]]]",2200626523038.9336,10079140492265.672,4.0,1.1048920509344953,2.630695359368305e-08,False,False,/private/tmp/oneD-v2-taylor-peierls-pf-runs/oneD_v2_DBTT_control/T1100K_seed1008666/steps_1100K.csv,05bb27effde5a6c801b859cbe933db75f1994f39b543e81de2e70bf90e4e5ad8,/private/tmp/oneD-v2-taylor-peierls-pf-runs/oneD_v2_DBTT_control/T1100K_seed1008666/anisotropic_emission_audit_v10174.json,722306de9eea968d909f5998722d272190f6cde353fc17e0864a2be4f2f5332b,FULL_ACTIVE_AND_WAKE_SPATIAL_PROFILE_OBSERVER,PF_MODEL_NATIVE_DRIVING_TRAJECTORY_NOT_RESISTANCE
DBTT,CONTROL,v913_zeroD_sobol_0202500,oneD_v2_DBTT_control,1100.0,1008666,100.0,13,1,330,1552.6344475521103,3.696748684647885e-05,8073578.131223491,5740.78666963661,50.536644159873084,50.536644159873084,50.536644159873084,-2.1139303081405356,21.359270262999768,8521115986.431637,56.677418122201125,64.60637726595918,7.9289591437580516,5.598091301121413,0.1808334509022675,6.644090890814441,0.0,18322.793834101987,1326.0126146674527,"[4152151794.5190234, -4041317960.779975]","[[4143102356.507392, 85740939.08436179], [85740939.08436179, 10247671006.193817]]","[[[2398550352.5231013, -697147385.3074496], [-697147385.3074496, 10702853941.56115]], [[2476942615.4685273, 800098002.1387553], [800098002.1387553, 10559578537.028479]]]",5501566307597.334,25197851230664.18,10.0,0.00060848122166135,1.44876481349295e-11,False,False,/private/tmp/oneD-v2-taylor-peierls-pf-runs/oneD_v2_DBTT_control/T1100K_seed1008666/steps_1100K.csv,05bb27effde5a6c801b859cbe933db75f1994f39b543e81de2e70bf90e4e5ad8,/private/tmp/oneD-v2-taylor-peierls-pf-runs/oneD_v2_DBTT_control/T1100K_seed1008666/anisotropic_emission_audit_v10174.json,722306de9eea968d909f5998722d272190f6cde353fc17e0864a2be4f2f5332b,FULL_ACTIVE_AND_WAKE_SPATIAL_PROFILE_OBSERVER,PF_MODEL_NATIVE_DRIVING_TRAJECTORY_NOT_RESISTANCE
DBTT,CONTROL,v913_zeroD_sobol_0202500,oneD_v2_DBTT_control,1100.0,1008666,100.0,14,1,331,1552.635056033332,3.6967501334126983e-05,8069474.536139693,6168.56966635668,52.385721804372444,52.385721804372444,52.385721804372444,-1.6962850008587027,22.741689843214214,9072621606.233978,64.60637726595918,73.04590364404542,8.439526378086239,5.3061607173614584,0.18686055486605863,6.42905756501483,0.0,16193.30327326155,1298.7541325456903,"[3637219683.0616074, -3783447449.3581243]","[[4184339011.4344754, -30291824.369927272], [-30291824.369927272, 10503434571.384584]]","[[[2107041536.666257, -1234577757.33969], [-1234577757.33969, 9381480902.789473]], [[2853401659.6892076, 1157484166.5278115], [1157484166.5278115, 10420296558.405457]]]",94626940490674.3,433403041167424.56,172.0,2.5200006348313764e-07,6.000001927589094e-15,False,False,/private/tmp/oneD-v2-taylor-peierls-pf-runs/oneD_v2_DBTT_control/T1100K_seed1008666/steps_1100K.csv,05bb27effde5a6c801b859cbe933db75f1994f39b543e81de2e70bf90e4e5ad8,/private/tmp/oneD-v2-taylor-peierls-pf-runs/oneD_v2_DBTT_control/T1100K_seed1008666/anisotropic_emission_audit_v10174.json,722306de9eea968d909f5998722d272190f6cde353fc17e0864a2be4f2f5332b,FULL_ACTIVE_AND_WAKE_SPATIAL_PROFILE_OBSERVER,PF_MODEL_NATIVE_DRIVING_TRAJECTORY_NOT_RESISTANCE
DBTT,CONTROL,v913_zeroD_sobol_0202500,oneD_v2_DBTT_control,1100.0,1008666,100.0,15,1,334,1552.635056285332,3.6967501340126985e-05,7998424.86298592,13550.243035487105,77.64155729934396,77.64155729934396,77.64155729934396,-2.6217577804793306,27.7012278197993,11051190996.35034,73.04590364404542,75.34297779768553,2.297074153640119,7.855800345274023,0.14810232283500452,8.112243616843495,1.020976014874688e-08,25722.433325266844,1523.986835957409,"[4936709972.366598, -4756836662.409059]","[[6104296682.883744, 371998399.03527135], [371998399.03527135, 13210713800.18242]]","[[[3378551821.670588, -465182306.33695847], [-465182306.33695847, 13251971766.403784]], [[3863804952.223204, 846860915.9932687], [846860915.9932687, 13377478277.04132]]]",2200626523038.9336,10079140492265.674,4.0,5.040001269662753e-07,1.2000003855178187e-14,False,False,/private/tmp/oneD-v2-taylor-peierls-pf-runs/oneD_v2_DBTT_control/T1100K_seed1008666/steps_1100K.csv,05bb27effde5a6c801b859cbe933db75f1994f39b543e81de2e70bf90e4e5ad8,/private/tmp/oneD-v2-taylor-peierls-pf-runs/oneD_v2_DBTT_control/T1100K_seed1008666/anisotropic_emission_audit_v10174.json,722306de9eea968d909f5998722d272190f6cde353fc17e0864a2be4f2f5332b,FULL_ACTIVE_AND_WAKE_SPATIAL_PROFILE_OBSERVER,PF_MODEL_NATIVE_DRIVING_TRAJECTORY_NOT_RESISTANCE
DBTT,CONTROL,v913_zeroD_sobol_0202500,oneD_v2_DBTT_control,1100.0,1008666,100.0,16,1,340,1552.635056789332,3.696750135212699e-05,7996999.942178033,13778.505653173528,78.29278730821308,78.29278730821308,78.29278730821308,-2.7277007308856502,27.281628081628003,10883794919.948439,75.34297779768553,77.64005195132565,2.2970741536401054,8.23574594720645,0.14416233130607614,8.334130892580669,1.0921667126778629e-08,27516.79285947579,1555.1906848723445,"[4854090202.824517, -4685471879.380507]","[[6183445224.665773, 287570309.8312166], [287570309.8312166, 12401511932.257343]]","[[[3105405579.3345704, -349737917.5278016], [-349737917.5278016, 12813585984.983604]], [[3511541245.7055182, 700085078.6836584], [700085078.6836584, 12882485004.466534]]]",8802506092155.734,40316561969062.7,16.0,3.360000846441835e-07,8.000002570118792e-15,False,False,/private/tmp/oneD-v2-taylor-peierls-pf-runs/oneD_v2_DBTT_control/T1100K_seed1008666/steps_1100K.csv,05bb27effde5a6c801b859cbe933db75f1994f39b543e81de2e70bf90e4e5ad8,/private/tmp/oneD-v2-taylor-peierls-pf-runs/oneD_v2_DBTT_control/T1100K_seed1008666/anisotropic_emission_audit_v10174.json,722306de9eea968d909f5998722d272190f6cde353fc17e0864a2be4f2f5332b,FULL_ACTIVE_AND_WAKE_SPATIAL_PROFILE_OBSERVER,PF_MODEL_NATIVE_DRIVING_TRAJECTORY_NOT_RESISTANCE
DBTT,CONTROL,v913_zeroD_sobol_0202500,oneD_v2_DBTT_control,1100.0,1008666,100.0,17,1,344,1552.6350571253322,3.696750136012699e-05,7995549.7542632865,13991.044563818215,78.89432508326865,78.89432508326865,78.89432508326865,-2.6880490200131875,27.292318577167332,10888059810.61752,77.64005195132565,79.93712610496574,2.2970741536401054,8.35623541164078,0.1429770662677234,8.40384181087124,1.1076281226423573e-08,27908.971770948778,1564.9697821901486,"[4988219483.353838, -4860628551.556035]","[[6265993658.2348795, 401664382.4855107], [401664382.4855107, 12904256020.89616]]","[[[3278974561.7061286, -479300392.03797543], [-479300392.03797543, 13255413528.413805]], [[3465897215.1342263, 904348091.9454759], [904348091.9454759, 13187154318.246296]]]",8802506092155.734,40316561969062.69,16.0,3.360000846441835e-07,8.000002570118792e-15,False,False,/private/tmp/oneD-v2-taylor-peierls-pf-runs/oneD_v2_DBTT_control/T1100K_seed1008666/steps_1100K.csv,05bb27effde5a6c801b859cbe933db75f1994f39b543e81de2e70bf90e4e5ad8,/private/tmp/oneD-v2-taylor-peierls-pf-runs/oneD_v2_DBTT_control/T1100K_seed1008666/anisotropic_emission_audit_v10174.json,722306de9eea968d909f5998722d272190f6cde353fc17e0864a2be4f2f5332b,FULL_ACTIVE_AND_WAKE_SPATIAL_PROFILE_OBSERVER,PF_MODEL_NATIVE_DRIVING_TRAJECTORY_NOT_RESISTANCE
DBTT,CONTROL,v913_zeroD_sobol_0202500,oneD_v2_DBTT_control,1100.0,1008666,100.0,18,1,348,1552.6350574613323,3.6967501368126994e-05,7993780.843664452,14215.689290419308,79.52517923970714,79.52517923970714,79.52517923970714,-2.8352239896158657,26.399346067312244,10531815321.20014,79.93712610496574,82.23340249422276,2.2962763892570144,9.074505639555497,0.13647093553059167,8.804470249083327,1.2104237613376852e-08,30494.153254893474,1622.1538880929663,"[5160628479.40862, -5020314994.158084]","[[5783557070.4952, 232422586.40495384], [232422586.40495384, 12217826974.310024]]","[[[3592069154.110942, -559013128.8715637], [-559013128.8715637, 13913326112.92818]], [[3588098687.692524, 978533511.6204875], [978533511.6204875, 13628728676.00869]]]",2200626523038.9336,10079140492265.672,4.0,4.02363025386876e-06,9.580074092959551e-14,False,False,/private/tmp/oneD-v2-taylor-peierls-pf-runs/oneD_v2_DBTT_control/T1100K_seed1008666/steps_1100K.csv,05bb27effde5a6c801b859cbe933db75f1994f39b543e81de2e70bf90e4e5ad8,/private/tmp/oneD-v2-taylor-peierls-pf-runs/oneD_v2_DBTT_control/T1100K_seed1008666/anisotropic_emission_audit_v10174.json,722306de9eea968d909f5998722d272190f6cde353fc17e0864a2be4f2f5332b,FULL_ACTIVE_AND_WAKE_SPATIAL_PROFILE_OBSERVER,PF_MODEL_NATIVE_DRIVING_TRAJECTORY_NOT_RESISTANCE
DBTT,CONTROL,v913_zeroD_sobol_0202500,oneD_v2_DBTT_control,1100.0,1008666,100.0,19,1,358,1552.6350614849625,3.6967501463927735e-05,7991644.620712071,14482.837775970547,80.26894009027443,80.26894009027443,80.26894009027443,-1.927239254006639,27.47148386234845,10959536418.056448,82.23340249422276,100.16094124707362,17.927538752850865,8.537502033520635,0.14124774965390635,8.506288298980696,1.1289102987357142e-08,28440.082426306057,1579.578688950946,"[5014896564.884425, -4850724596.079313]","[[5550280757.018749, 209944540.40771174], [209944540.40771174, 12855011907.943676]]","[[[3396502899.4155793, -756940297.7351228], [-756940297.7351228, 13426296029.184431]], [[3521114587.624041, 1107552169.4652174], [1107552169.4652174, 13222563779.782667]]]",15404385661272.547,70553983445859.75,28.0,,,False,True,/private/tmp/oneD-v2-taylor-peierls-pf-runs/oneD_v2_DBTT_control/T1100K_seed1008666/steps_1100K.csv,05bb27effde5a6c801b859cbe933db75f1994f39b543e81de2e70bf90e4e5ad8,/private/tmp/oneD-v2-taylor-peierls-pf-runs/oneD_v2_DBTT_control/T1100K_seed1008666/anisotropic_emission_audit_v10174.json,722306de9eea968d909f5998722d272190f6cde353fc17e0864a2be4f2f5332b,FULL_ACTIVE_AND_WAKE_SPATIAL_PROFILE_OBSERVER,PF_MODEL_NATIVE_DRIVING_TRAJECTORY_NOT_RESISTANCE
DBTT,CONTROL,v913_zeroD_sobol_0202500,oneD_v2_DBTT_control,1200.0,1008666,100.0,0,0,169,1325.737578598484,3.156518044282111e-05,6876154.454486498,6460.190828793945,53.60969899353905,53.60969899353905,53.60969899353905,-3.594968126126936,19.730670448194154,7871398662.451733,0.0,2.931106565679095,2.931106565679095,7.382493136471924,0.15349429573592158,7.828549249998324,0.0,24370.398096570927,1484.308589491094,"[3099510323.5940146, -3091210911.5474153]","[[-199295879.9944279, -9109736.999869412], [-9109736.999869412, 6190884932.930075]]","[[[-41936255.147407554, 55666017.36830857], [55666017.36830857, 6157084392.040621]], [[-38760153.79517535, -67040205.058017515], [-67040205.058017515, 6143661669.299655]]]",2241488741653.9653,10266294485882.832,4.0,7.206555319472727,1.71584650463644e-07,False,False,/private/tmp/oneD-v2-taylor-peierls-pf-runs/oneD_v2_DBTT_control/T1200K_seed1008666/steps_1200K.csv,094173e51970ba6a20be012033ca75b7ba6a5cf65d48a19eb664585bfbbd80d6,/private/tmp/oneD-v2-taylor-peierls-pf-runs/oneD_v2_DBTT_control/T1200K_seed1008666/anisotropic_emission_audit_v10174.json,10832995a9758b36647b3717269fa9d9c7ba15bfcffadbf61cee6b9bf17c35de,FULL_ACTIVE_AND_WAKE_SPATIAL_PROFILE_OBSERVER,PF_MODEL_NATIVE_DRIVING_TRAJECTORY_NOT_RESISTANCE
DBTT,CONTROL,v913_zeroD_sobol_0202500,oneD_v2_DBTT_control,1200.0,1008666,100.0,1,0,192,1332.9441339179568,3.173676509328476e-05,6913368.920785117,6738.112786591879,54.75071983234573,54.75071983234573,54.75071983234573,-3.719231551584202,20.188185700871948,8053920840.6734495,2.931106565679095,7.415929780049919,4.484823214370824,7.355040779080174,0.15382539073732757,7.811693059781716,0.0,25205.421487541087,1481.9788993160173,"[3430074636.824617, -3419675327.1045275]","[[641641554.2150607, -12776718.180417037], [-12776718.180417037, 6907171311.903373]]","[[[-14798058.869149031, -79344124.91222082], [-79344124.91222082, 6845351214.780085]], [[-10985763.9275975, 61000353.82593318], [61000353.82593318, 6828364890.281458]]]",1120744370826.9827,5133147242941.415,2.0,0.10946361218293532,2.606276480534588e-09,False,False,/private/tmp/oneD-v2-taylor-peierls-pf-runs/oneD_v2_DBTT_control/T1200K_seed1008666/steps_1200K.csv,094173e51970ba6a20be012033ca75b7ba6a5cf65d48a19eb664585bfbbd80d6,/private/tmp/oneD-v2-taylor-peierls-pf-runs/oneD_v2_DBTT_control/T1200K_seed1008666/anisotropic_emission_audit_v10174.json,10832995a9758b36647b3717269fa9d9c7ba15bfcffadbf61cee6b9bf17c35de,FULL_ACTIVE_AND_WAKE_SPATIAL_PROFILE_OBSERVER,PF_MODEL_NATIVE_DRIVING_TRAJECTORY_NOT_RESISTANCE
DBTT,CONTROL,v913_zeroD_sobol_0202500,oneD_v2_DBTT_control,1200.0,1008666,100.0,2,0,206,1333.0535975301398,3.173937136976529e-05,6913356.983333413,7159.459917380832,56.436597966041695,56.436597966041695,56.436597966041695,-3.712259189655763,20.41907520262248,8146032425.022558,7.415929780049919,10.475434902500647,3.059505122450728,7.639228760612501,0.15049794876860698,7.984449382542565,0.0,25270.77491246265,1505.944630490205,"[3780179073.3640933, -3770667488.0555296]","[[1503015680.5605404, -17447822.49454311], [-17447822.49454311, 7671187489.036659]]","[[[508174828.6659763, -126688746.42685162], [-126688746.42685162, 8068532975.394163]], [[506324858.5808462, 95574116.24522421], [95574116.24522421, 8047659834.691905]]]",1120744370826.9827,5133147242941.415,2.0,0.001759520651148705,4.189334882958532e-11,False,False,/private/tmp/oneD-v2-taylor-peierls-pf-runs/oneD_v2_DBTT_control/T1200K_seed1008666/steps_1200K.csv,094173e51970ba6a20be012033ca75b7ba6a5cf65d48a19eb664585bfbbd80d6,/private/tmp/oneD-v2-taylor-peierls-pf-runs/oneD_v2_DBTT_control/T1200K_seed1008666/anisotropic_emission_audit_v10174.json,10832995a9758b36647b3717269fa9d9c7ba15bfcffadbf61cee6b9bf17c35de,FULL_ACTIVE_AND_WAKE_SPATIAL_PROFILE_OBSERVER,PF_MODEL_NATIVE_DRIVING_TRAJECTORY_NOT_RESISTANCE
DBTT,CONTROL,v913_zeroD_sobol_0202500,oneD_v2_DBTT_control,1200.0,1008666,100.0,3,0,219,1333.055357050791,3.173941326311412e-05,6912753.761398743,7495.980951421209,57.74773202018541,57.74773202018541,57.74773202018541,-3.5298726771195463,21.15257699747957,8438657303.741389,10.475434902500647,17.738586165025698,7.263151262525049,7.453208931100844,0.15265116261944237,7.871795946648375,0.0,24271.37044580405,1490.2952603640156,"[3901029152.746173, -3888796308.1761103]","[[2036386291.3678813, -20694999.725763336], [-20694999.725763336, 8385929187.454502]]","[[[825542116.5409005, -177030232.26882794], [-177030232.26882794, 8627600422.033247]], [[821831849.827112, 141226732.2596026], [141226732.2596026, 8599424466.179333]]]",5603721854134.913,25665736214707.074,10.0,2.3921711544971913e-06,5.695646048981678e-14,False,False,/private/tmp/oneD-v2-taylor-peierls-pf-runs/oneD_v2_DBTT_control/T1200K_seed1008666/steps_1200K.csv,094173e51970ba6a20be012033ca75b7ba6a5cf65d48a19eb664585bfbbd80d6,/private/tmp/oneD-v2-taylor-peierls-pf-runs/oneD_v2_DBTT_control/T1200K_seed1008666/anisotropic_emission_audit_v10174.json,10832995a9758b36647b3717269fa9d9c7ba15bfcffadbf61cee6b9bf17c35de,FULL_ACTIVE_AND_WAKE_SPATIAL_PROFILE_OBSERVER,PF_MODEL_NATIVE_DRIVING_TRAJECTORY_NOT_RESISTANCE
DBTT,CONTROL,v913_zeroD_sobol_0202500,oneD_v2_DBTT_control,1200.0,1008666,100.0,4,0,229,1333.055359442962,3.173941332007058e-05,6908290.392714304,9158.945714607911,63.8327327997246,63.8327327997246,63.8327327997246,-2.9193684157719417,25.43864765118894,10148552104.293865,17.738586165025698,28.2064547972602,10.467868632234504,6.2964946057339874,0.16849330992990275,7.130568796481608,7.983430805983465e-09,20492.23024101388,1389.6659154640834,"[3586849980.1304364, -3472872276.98131]","[[2642234412.97201, -222278522.78158244], [-222278522.78158244, 9914654845.67875]]","[[[2337748193.0545588, -1669228157.235485], [-1669228157.235485, 9511448153.315432]], [[2343490468.267316, 1568131332.5437396], [1568131332.5437396, 9289235022.229937]]]",6724466224961.8955,30798883457648.49,12.0,1.108996912080329e-06,2.6404727471347755e-14,False,False,/private/tmp/oneD-v2-taylor-peierls-pf-runs/oneD_v2_DBTT_control/T1200K_seed1008666/steps_1200K.csv,094173e51970ba6a20be012033ca75b7ba6a5cf65d48a19eb664585bfbbd80d6,/private/tmp/oneD-v2-taylor-peierls-pf-runs/oneD_v2_DBTT_control/T1200K_seed1008666/anisotropic_emission_audit_v10174.json,10832995a9758b36647b3717269fa9d9c7ba15bfcffadbf61cee6b9bf17c35de,FULL_ACTIVE_AND_WAKE_SPATIAL_PROFILE_OBSERVER,PF_MODEL_NATIVE_DRIVING_TRAJECTORY_NOT_RESISTANCE
DBTT,CONTROL,v913_zeroD_sobol_0202500,oneD_v2_DBTT_control,1200.0,1008666,100.0,5,0,239,1333.055360551959,3.173941334647531e-05,6899698.85219889,9899.313653953104,66.36257630938721,66.36257630938721,66.36257630938721,-3.252664749605142,25.23796459511044,10068491148.26398,28.2064547972602,33.059301215423474,4.852846418163278,6.914134473870045,0.1594548633257529,7.5358305410889495,9.020368453237156e-09,23155.47435890186,1444.1240471729636,"[4439628125.5759535, -4420862581.722335]","[[4930211082.317158, 7748442.226237171], [7748442.226237171, 11634269777.354404]]","[[[2685043454.833865, -573179779.7653773], [-573179779.7653773, 11564299705.985773]], [[2718338887.6003494, 586532137.2242247], [586532137.2242247, 11560064051.04502]]]",3362233112480.9478,15399441728824.246,6.0,8.400002116104588e-08,2.000000642529698e-15,False,False,/private/tmp/oneD-v2-taylor-peierls-pf-runs/oneD_v2_DBTT_control/T1200K_seed1008666/steps_1200K.csv,094173e51970ba6a20be012033ca75b7ba6a5cf65d48a19eb664585bfbbd80d6,/private/tmp/oneD-v2-taylor-peierls-pf-runs/oneD_v2_DBTT_control/T1200K_seed1008666/anisotropic_emission_audit_v10174.json,10832995a9758b36647b3717269fa9d9c7ba15bfcffadbf61cee6b9bf17c35de,FULL_ACTIVE_AND_WAKE_SPATIAL_PROFILE_OBSERVER,PF_MODEL_NATIVE_DRIVING_TRAJECTORY_NOT_RESISTANCE
DBTT,CONTROL,v913_zeroD_sobol_0202500,oneD_v2_DBTT_control,1200.0,1008666,100.0,6,0,240,1333.055360635959,3.173941334847531e-05,6897277.793807928,9978.805323252973,66.62848990343215,66.62848990343215,66.62848990343215,-3.350039934546788,24.808808061425708,9897282462.066618,33.059301215423474,35.35664131104838,2.2973400956249024,7.212870625341517,0.15557502051851665,7.723802530631715,9.362111087456764e-09,24032.18234604088,1469.8632025566574,"[4551055784.395667, -4527248015.130546]","[[5211582213.43576, 5239140.499589345], [5239140.499589345, 11509654864.614561]]","[[[2641165888.5367765, -507898396.79051507], [-507898396.79051507, 11743277457.32811]], [[2678903013.3515477, 513213253.0356487], [513213253.0356487, 11733399043.61264]]]",56037218541349.2,256657362147071.2,100.0,1.198895915877074e-06,2.854514584774148e-14,False,False,/private/tmp/oneD-v2-taylor-peierls-pf-runs/oneD_v2_DBTT_control/T1200K_seed1008666/steps_1200K.csv,094173e51970ba6a20be012033ca75b7ba6a5cf65d48a19eb664585bfbbd80d6,/private/tmp/oneD-v2-taylor-peierls-pf-runs/oneD_v2_DBTT_control/T1200K_seed1008666/anisotropic_emission_audit_v10174.json,10832995a9758b36647b3717269fa9d9c7ba15bfcffadbf61cee6b9bf17c35de,FULL_ACTIVE_AND_WAKE_SPATIAL_PROFILE_OBSERVER,PF_MODEL_NATIVE_DRIVING_TRAJECTORY_NOT_RESISTANCE
DBTT,CONTROL,v913_zeroD_sobol_0202500,oneD_v2_DBTT_control,1200.0,1008666,100.0,7,0,250,1333.055361834855,3.1739413377020455e-05,6895764.734901397,10039.590075270964,66.83111172518329,66.83111172518329,66.83111172518329,-3.476001137967359,24.716892087795497,9860613293.941263,35.35664131104838,40.602872086987624,5.246230775939242,7.310879877878877,0.1543625276055813,7.7844977775916036,9.914856492770923e-09,25451.98363065545,1478.2246423151219,"[4394906374.240724, -4377468065.416524]","[[4724756168.366527, 5744707.927881062], [5744707.927881062, 10784799478.64593]]","[[[2802143562.263224, -439233796.1013206], [-439233796.1013206, 11591956310.74467]], [[2840876541.257872, 436614371.8903761], [436614371.8903761, 11595812672.09092]]]",3362233112480.9478,15399441728824.246,6.0,1.1270390132267494e-06,2.6834274819559356e-14,False,False,/private/tmp/oneD-v2-taylor-peierls-pf-runs/oneD_v2_DBTT_control/T1200K_seed1008666/steps_1200K.csv,094173e51970ba6a20be012033ca75b7ba6a5cf65d48a19eb664585bfbbd80d6,/private/tmp/oneD-v2-taylor-peierls-pf-runs/oneD_v2_DBTT_control/T1200K_seed1008666/anisotropic_emission_audit_v10174.json,10832995a9758b36647b3717269fa9d9c7ba15bfcffadbf61cee6b9bf17c35de,FULL_ACTIVE_AND_WAKE_SPATIAL_PROFILE_OBSERVER,PF_MODEL_NATIVE_DRIVING_TRAJECTORY_NOT_RESISTANCE
DBTT,CONTROL,v913_zeroD_sobol_0202500,oneD_v2_DBTT_control,1200.0,1008666,100.0,8,0,260,1333.055362961894,3.173941340385473e-05,6891642.013195473,10182.384165585729,67.30470645627634,67.30470645627634,67.30470645627634,-3.2082644421620237,25.151891810945443,10034153075.468695,40.602872086987624,45.534666691946185,4.931794604958564,7.160602344251456,0.15623343725909047,7.691269821340976,9.403493096918112e-09,24138.29488747014,1465.387397653832,"[4495124094.72782, -4499041960.328344]","[[4502818267.70575, 12463169.982118512], [12463169.982118512, 11527342461.679996]]","[[[2875584803.1394143, -1024537913.7963355], [-1024537913.7963355, 11865832992.595055]], [[2889115685.2996163, 1037272283.9752227], [1037272283.9752227, 11887199605.956305]]]",3362233112480.9478,15399441728824.246,6.0,8.400002116104588e-08,2.000000642529698e-15,False,False,/private/tmp/oneD-v2-taylor-peierls-pf-runs/oneD_v2_DBTT_control/T1200K_seed1008666/steps_1200K.csv,094173e51970ba6a20be012033ca75b7ba6a5cf65d48a19eb664585bfbbd80d6,/private/tmp/oneD-v2-taylor-peierls-pf-runs/oneD_v2_DBTT_control/T1200K_seed1008666/anisotropic_emission_audit_v10174.json,10832995a9758b36647b3717269fa9d9c7ba15bfcffadbf61cee6b9bf17c35de,FULL_ACTIVE_AND_WAKE_SPATIAL_PROFILE_OBSERVER,PF_MODEL_NATIVE_DRIVING_TRAJECTORY_NOT_RESISTANCE
DBTT,CONTROL,v913_zeroD_sobol_0202500,oneD_v2_DBTT_control,1200.0,1008666,100.0,9,0,261,1333.055363045894,3.173941340585473e-05,6888857.550565282,10210.258973101234,67.39676856457224,67.39676856457224,67.39676856457224,-3.195403558363044,24.957761594303044,9956706324.146553,45.534666691946185,47.83200678757109,2.2973400956249024,7.292339588333821,0.15458971956674933,7.773065529332482,9.483301256825635e-09,24341.98725665148,1476.646030214576,"[4367033153.36615, -4357713605.6665325]","[[4194940889.873249, -381108.9270779488], [-381108.9270779488, 11057626051.17484]]","[[[3372355674.2454486, -561054246.3075691], [-561054246.3075691, 12106421980.977749]], [[3355356064.3057413, 617465664.3307801], [617465664.3307801, 12070783275.638807]]]",56037218541349.2,256657362147071.2,100.0,1.6800004232209176e-07,4.000001285059396e-15,False,False,/private/tmp/oneD-v2-taylor-peierls-pf-runs/oneD_v2_DBTT_control/T1200K_seed1008666/steps_1200K.csv,094173e51970ba6a20be012033ca75b7ba6a5cf65d48a19eb664585bfbbd80d6,/private/tmp/oneD-v2-taylor-peierls-pf-runs/oneD_v2_DBTT_control/T1200K_seed1008666/anisotropic_emission_audit_v10174.json,10832995a9758b36647b3717269fa9d9c7ba15bfcffadbf61cee6b9bf17c35de,FULL_ACTIVE_AND_WAKE_SPATIAL_PROFILE_OBSERVER,PF_MODEL_NATIVE_DRIVING_TRAJECTORY_NOT_RESISTANCE
DBTT,CONTROL,v913_zeroD_sobol_0202500,oneD_v2_DBTT_control,1200.0,1008666,100.0,10,0,263,1333.055363213894,3.173941340985473e-05,6885406.518643989,10329.35849802836,67.78871017830686,67.78871017830686,67.78871017830686,-2.4687368856772163,27.804206784114537,11092273659.207638,47.83200678757109,50.12934688319599,2.2973400956249024,5.94420422045899,0.17439110754118944,6.890231803798346,7.427047422839099e-09,19062.213414079124,1357.834896242681,"[3823720551.424214, -3839031605.9207106]","[[3791055788.1748815, -17477795.11715352], [-17477795.11715352, 12232955347.797709]]","[[[2849669620.417563, -1491660467.8744426], [-1491660467.8744426, 10497110723.265991]], [[2866750610.070745, 1563285537.428525], [1563285537.428525, 10544813821.912167]]]",3362233112480.9478,15399441728824.246,6.0,167.1161926560021,3.978956967999962e-06,True,False,/private/tmp/oneD-v2-taylor-peierls-pf-runs/oneD_v2_DBTT_control/T1200K_seed1008666/steps_1200K.csv,094173e51970ba6a20be012033ca75b7ba6a5cf65d48a19eb664585bfbbd80d6,/private/tmp/oneD-v2-taylor-peierls-pf-runs/oneD_v2_DBTT_control/T1200K_seed1008666/anisotropic_emission_audit_v10174.json,10832995a9758b36647b3717269fa9d9c7ba15bfcffadbf61cee6b9bf17c35de,FULL_ACTIVE_AND_WAKE_SPATIAL_PROFILE_OBSERVER,PF_MODEL_NATIVE_DRIVING_TRAJECTORY_NOT_RESISTANCE
DBTT,CONTROL,v913_zeroD_sobol_0202500,oneD_v2_DBTT_control,1200.0,1008666,100.0,11,1,295,1500.171555869896,3.5718370377854694e-05,7803401.652006092,5084.02683715868,47.55811278900719,47.55811278900719,47.55811278900719,-2.004492188573747,20.952798090448578,8358957050.994339,50.12934688319599,52.42668697882088,2.2973400956248953,5.1518732432598355,0.19029960679941743,6.313495584989807,0.0,15722.435416894816,1284.197938078719,"[3911538473.72296, -3808527055.6454573]","[[4421910072.327336, 90639663.5611837], [90639663.5611837, 10273704089.56703]]","[[[2366084550.981453, -465672753.53628725], [-465672753.53628725, 10189161498.427374]], [[2589458883.0058575, 576122631.3659066], [576122631.3659066, 10206512994.296772]]]",56037218541349.2,256657362147071.2,100.0,0.3312327811213436,7.886494788616354e-09,False,False,/private/tmp/oneD-v2-taylor-peierls-pf-runs/oneD_v2_DBTT_control/T1200K_seed1008666/steps_1200K.csv,094173e51970ba6a20be012033ca75b7ba6a5cf65d48a19eb664585bfbbd80d6,/private/tmp/oneD-v2-taylor-peierls-pf-runs/oneD_v2_DBTT_control/T1200K_seed1008666/anisotropic_emission_audit_v10174.json,10832995a9758b36647b3717269fa9d9c7ba15bfcffadbf61cee6b9bf17c35de,FULL_ACTIVE_AND_WAKE_SPATIAL_PROFILE_OBSERVER,PF_MODEL_NATIVE_DRIVING_TRAJECTORY_NOT_RESISTANCE
DBTT,CONTROL,v913_zeroD_sobol_0202500,oneD_v2_DBTT_control,1200.0,1008666,100.0,12,1,312,1500.5027886510175,3.572625687264331e-05,7804310.167358726,5172.951479546517,47.97222895697403,47.97222895697403,47.97222895697403,-2.0127809283702147,20.76706954905607,8284862083.155581,52.42668697882088,56.677418122201125,4.250731143380243,5.336166361990331,0.1862131334602199,6.452074793576357,0.0,16337.758052132684,1301.573138625799,"[3851653781.673507, -3748402233.003673]","[[4409707282.672347, 84173089.28780736], [84173089.28780736, 9751074917.68454]]","[[[2127136632.5984862, -384144417.1183051], [-384144417.1183051, 9830444195.945501]], [[2340437249.2029366, 484119731.33592796], [484119731.33592796, 9837241715.210283]]]",1120744370826.9827,5133147242941.416,2.0,1.1644176261661414,2.7724229194429082e-08,False,False,/private/tmp/oneD-v2-taylor-peierls-pf-runs/oneD_v2_DBTT_control/T1200K_seed1008666/steps_1200K.csv,094173e51970ba6a20be012033ca75b7ba6a5cf65d48a19eb664585bfbbd80d6,/private/tmp/oneD-v2-taylor-peierls-pf-runs/oneD_v2_DBTT_control/T1200K_seed1008666/anisotropic_emission_audit_v10174.json,10832995a9758b36647b3717269fa9d9c7ba15bfcffadbf61cee6b9bf17c35de,FULL_ACTIVE_AND_WAKE_SPATIAL_PROFILE_OBSERVER,PF_MODEL_NATIVE_DRIVING_TRAJECTORY_NOT_RESISTANCE
DBTT,CONTROL,v913_zeroD_sobol_0202500,oneD_v2_DBTT_control,1200.0,1008666,100.0,13,1,334,1501.6672062771836,3.575398110183774e-05,7808552.448446194,5370.075195770665,48.87771321177888,48.87771321177888,48.87771321177888,-2.0715116939955838,20.46495702745176,8164336624.84893,56.677418122201125,64.60637726595918,7.9289591437580516,5.704270129103604,0.1787816916060415,6.720365530957617,0.0,17914.07935079484,1335.832588125639,"[4015852021.7972383, -3908656452.528303]","[[4007099643.3357573, 82926381.45533231], [82926381.45533231, 9911277902.522697]]","[[[2319814823.551784, -674262617.3911074], [-674262617.3911074, 10351518867.146261]], [[2395633758.702038, 773833746.5808004], [773833746.5808004, 10212946663.758644]]]",2241488741653.9653,10266294485882.832,4.0,0.0009568547131948435,2.278225507280473e-11,False,False,/private/tmp/oneD-v2-taylor-peierls-pf-runs/oneD_v2_DBTT_control/T1200K_seed1008666/steps_1200K.csv,094173e51970ba6a20be012033ca75b7ba6a5cf65d48a19eb664585bfbbd80d6,/private/tmp/oneD-v2-taylor-peierls-pf-runs/oneD_v2_DBTT_control/T1200K_seed1008666/anisotropic_emission_audit_v10174.json,10832995a9758b36647b3717269fa9d9c7ba15bfcffadbf61cee6b9bf17c35de,FULL_ACTIVE_AND_WAKE_SPATIAL_PROFILE_OBSERVER,PF_MODEL_NATIVE_DRIVING_TRAJECTORY_NOT_RESISTANCE
DBTT,CONTROL,v913_zeroD_sobol_0202500,oneD_v2_DBTT_control,1200.0,1008666,100.0,14,1,335,1501.6681631318968,3.575400388409281e-05,7804585.473602987,5770.236923250768,50.66610491024604,50.66610491024604,50.66610491024604,-1.6346681822830182,22.326714145485052,8907070255.07073,64.60637726595918,73.04590364404542,8.439526378086239,5.149741293502038,0.19034846649112697,6.31121111924565,0.0,15605.088540638972,1283.9960940782657,"[3517824088.2466893, -3659251772.981805]","[[4046983644.228017, -29297463.098453697], [-29297463.098453697, 10158648188.50808]]","[[[2037875662.8694215, -1194051432.694167], [-1194051432.694167, 9073523839.3628]], [[2759735723.0423183, 1119488520.7891114], [1119488520.7891114, 10078239269.005928]]]",96384015891120.28,441450662892961.0,172.0,2.5200006348313764e-07,6.000001927589094e-15,False,False,/private/tmp/oneD-v2-taylor-peierls-pf-runs/oneD_v2_DBTT_control/T1200K_seed1008666/steps_1200K.csv,094173e51970ba6a20be012033ca75b7ba6a5cf65d48a19eb664585bfbbd80d6,/private/tmp/oneD-v2-taylor-peierls-pf-runs/oneD_v2_DBTT_control/T1200K_seed1008666/anisotropic_emission_audit_v10174.json,10832995a9758b36647b3717269fa9d9c7ba15bfcffadbf61cee6b9bf17c35de,FULL_ACTIVE_AND_WAKE_SPATIAL_PROFILE_OBSERVER,PF_MODEL_NATIVE_DRIVING_TRAJECTORY_NOT_RESISTANCE
DBTT,CONTROL,v913_zeroD_sobol_0202500,oneD_v2_DBTT_control,1200.0,1008666,100.0,15,1,338,1501.6681633838969,3.5754003890092814e-05,7735868.081389554,12675.24189759708,75.092890811648,75.092890811648,75.092890811648,-2.529748017721063,27.212159830985364,10856081097.621565,73.04590364404542,75.34297779768553,2.297074153640119,7.615030035774257,0.15077290651799524,7.968522668958013,9.668383427507679e-09,24819.663596957944,1503.916886929575,"[4774657230.205138, -4600688452.473194]","[[5903916668.265587, 359787156.93663067], [359787156.93663067, 12777058104.544388]]","[[[3267647273.843997, -449912203.62303346], [-449912203.62303346, 12816961734.254274]], [[3736971455.5848255, 819061807.9974045], [819061807.9974045, 12938348360.531216]]]",2241488741653.9653,10266294485882.83,4.0,5.040001269662753e-07,1.2000003855178187e-14,False,False,/private/tmp/oneD-v2-taylor-peierls-pf-runs/oneD_v2_DBTT_control/T1200K_seed1008666/steps_1200K.csv,094173e51970ba6a20be012033ca75b7ba6a5cf65d48a19eb664585bfbbd80d6,/private/tmp/oneD-v2-taylor-peierls-pf-runs/oneD_v2_DBTT_control/T1200K_seed1008666/anisotropic_emission_audit_v10174.json,10832995a9758b36647b3717269fa9d9c7ba15bfcffadbf61cee6b9bf17c35de,FULL_ACTIVE_AND_WAKE_SPATIAL_PROFILE_OBSERVER,PF_MODEL_NATIVE_DRIVING_TRAJECTORY_NOT_RESISTANCE
DBTT,CONTROL,v913_zeroD_sobol_0202500,oneD_v2_DBTT_control,1200.0,1008666,100.0,16,1,344,1501.668163887897,3.575400390209282e-05,7734489.93520408,12888.764554838388,75.72274350542531,75.72274350542531,75.72274350542531,-2.6328077717174865,26.80195711846848,10692433892.063227,75.34297779768553,77.64005195132565,2.2970741536401054,7.98214595947254,0.14675650180071803,8.18678007166507,1.034686647523027e-08,26558.87860824391,1534.4259131525203,"[4694749542.300689, -4531666294.207846]","[[5980467075.261414, 278130509.33288974], [278130509.33288974, 11994419146.542284]]","[[[3003467346.7245474, -338257399.3543481], [-338257399.3543481, 12392966431.325926]], [[3396271178.98492, 677104043.2683264], [677104043.2683264, 12459603767.40061]]]",8965954966615.861,41065177943531.33,16.0,3.360000846441835e-07,8.000002570118792e-15,False,False,/private/tmp/oneD-v2-taylor-peierls-pf-runs/oneD_v2_DBTT_control/T1200K_seed1008666/steps_1200K.csv,094173e51970ba6a20be012033ca75b7ba6a5cf65d48a19eb664585bfbbd80d6,/private/tmp/oneD-v2-taylor-peierls-pf-runs/oneD_v2_DBTT_control/T1200K_seed1008666/anisotropic_emission_audit_v10174.json,10832995a9758b36647b3717269fa9d9c7ba15bfcffadbf61cee6b9bf17c35de,FULL_ACTIVE_AND_WAKE_SPATIAL_PROFILE_OBSERVER,PF_MODEL_NATIVE_DRIVING_TRAJECTORY_NOT_RESISTANCE
DBTT,CONTROL,v913_zeroD_sobol_0202500,oneD_v2_DBTT_control,1200.0,1008666,100.0,17,1,348,1501.668164223897,3.575400391009282e-05,7733087.351302915,13087.578856595324,76.30453516541455,76.30453516541455,76.30453516541455,-2.593292460846595,26.814419113877822,10697405508.930182,77.64005195132565,79.93712610496574,2.2970741536401054,8.097741626944837,0.1455567940059479,8.254868369101569,1.0489657143723144e-08,26926.247189369977,1543.9218208620882,"[4824475886.936751, -4701073262.83321]","[[6060305768.96899, 388479323.0148298], [388479323.0148298, 12480660127.211128]]","[[[3171338743.1368766, -463566848.1916555], [-463566848.1916555, 12820290517.01038]], [[3352125462.164675, 874661906.4273274], [874661906.4273274, 12754271987.831095]]]",8965954966615.861,41065177943531.33,16.0,3.360000846441835e-07,8.000002570118792e-15,False,False,/private/tmp/oneD-v2-taylor-peierls-pf-runs/oneD_v2_DBTT_control/T1200K_seed1008666/steps_1200K.csv,094173e51970ba6a20be012033ca75b7ba6a5cf65d48a19eb664585bfbbd80d6,/private/tmp/oneD-v2-taylor-peierls-pf-runs/oneD_v2_DBTT_control/T1200K_seed1008666/anisotropic_emission_audit_v10174.json,10832995a9758b36647b3717269fa9d9c7ba15bfcffadbf61cee6b9bf17c35de,FULL_ACTIVE_AND_WAKE_SPATIAL_PROFILE_OBSERVER,PF_MODEL_NATIVE_DRIVING_TRAJECTORY_NOT_RESISTANCE
DBTT,CONTROL,v913_zeroD_sobol_0202500,oneD_v2_DBTT_control,1200.0,1008666,100.0,18,1,352,1501.6681645598971,3.575400391809282e-05,7731376.507127872,13297.717246436983,76.91468086547576,76.91468086547576,76.91468086547576,-2.736265336222905,25.938084949560565,10347798759.023771,79.93712610496574,82.23340249422276,2.2962763892570144,8.793113282836783,0.1389124544314133,8.649694201679768,1.1466227080033319e-08,29430.388838022816,1599.9733961058457,"[4991225374.82835, -4855517828.585196]","[[5593705674.067739, 224793068.43661317], [224793068.43661317, 11816763842.381197]]","[[[3474155673.4173756, -540662929.8774242], [-540662929.8774242, 13456606423.074076]], [[3470315541.7712803, 946412111.007023], [946412111.007023, 13181351198.941673]]]",2241488741653.9653,10266294485882.832,4.0,4.02363025386876e-06,9.580074092959551e-14,False,False,/private/tmp/oneD-v2-taylor-peierls-pf-runs/oneD_v2_DBTT_control/T1200K_seed1008666/steps_1200K.csv,094173e51970ba6a20be012033ca75b7ba6a5cf65d48a19eb664585bfbbd80d6,/private/tmp/oneD-v2-taylor-peierls-pf-runs/oneD_v2_DBTT_control/T1200K_seed1008666/anisotropic_emission_audit_v10174.json,10832995a9758b36647b3717269fa9d9c7ba15bfcffadbf61cee6b9bf17c35de,FULL_ACTIVE_AND_WAKE_SPATIAL_PROFILE_OBSERVER,PF_MODEL_NATIVE_DRIVING_TRAJECTORY_NOT_RESISTANCE
DBTT,CONTROL,v913_zeroD_sobol_0202500,oneD_v2_DBTT_control,1200.0,1008666,100.0,19,1,362,1501.6681685835274,3.5754004013893564e-05,7729310.408639973,13547.614735399879,77.63402698391963,77.63402698391963,77.63402698391963,-1.8596073408909874,26.990344669269415,10767589651.178993,82.23340249422276,100.16094124707362,17.927538752850865,8.27346372837653,0.1437881338174176,8.35597275902377,1.0690655473490333e-08,27442.752683164108,1558.2578473300205,"[4850277265.427291, -4691494415.648967]","[[5368086903.52859, 203052888.16332206], [203052888.16332206, 12433032505.693018]]","[[[3285009088.7912297, -732092929.5129032], [-732092929.5129032, 12985563619.645813]], [[3405530266.148348, 1071195594.6304986], [1071195594.6304986, 12788519097.446281]]]",15690421191577.768,71864061401179.86,28.0,,,False,True,/private/tmp/oneD-v2-taylor-peierls-pf-runs/oneD_v2_DBTT_control/T1200K_seed1008666/steps_1200K.csv,094173e51970ba6a20be012033ca75b7ba6a5cf65d48a19eb664585bfbbd80d6,/private/tmp/oneD-v2-taylor-peierls-pf-runs/oneD_v2_DBTT_control/T1200K_seed1008666/anisotropic_emission_audit_v10174.json,10832995a9758b36647b3717269fa9d9c7ba15bfcffadbf61cee6b9bf17c35de,FULL_ACTIVE_AND_WAKE_SPATIAL_PROFILE_OBSERVER,PF_MODEL_NATIVE_DRIVING_TRAJECTORY_NOT_RESISTANCE
DBTT,CONTROL,v913_zeroD_sobol_0202500,oneD_v2_DBTT_control,1100.0,1008666,300.0,0,0,175,1372.7231674048933,3.268388493821179e-05,7119852.883936919,6926.217735438456,55.50968532085477,55.50968532085477,55.50968532085477,-3.726714083983024,20.08995158829768,8014731099.789861,0.0,2.931106565679095,2.931106565679095,7.634485073185825,0.15055173032887342,7.981595613481321,0.0,25263.98741143706,1505.547319142136,"[3209360357.202898, -3200766804.922176]","[[-206359143.81027782, -9432596.036016915], [-9432596.036016915, 6410296661.54227]]","[[[-43422521.86583167, 57638881.866366], [57638881.866366, 6375298192.539965]], [[-40133856.0102214, -69416183.19969718], [-69416183.19969718, 6361399753.83413]]]",1100313261519.4668,5039570246132.836,2.0,7.052843248882937,1.679248392590969e-07,False,False,/private/tmp/oneD-v2-taylor-peierls-pf-runs-300um/oneD_v2_DBTT_control/T1100K_seed1008666/steps_1100K.csv,0991053a3c1df8f64f0040008d38dbcc608f5d82f2f0b519f03bce43cdd08e8e,/private/tmp/oneD-v2-taylor-peierls-pf-runs-300um/oneD_v2_DBTT_control/T1100K_seed1008666/anisotropic_emission_audit_v10174.json,d63211d73e7c4cd31b00243541bdd337022c214117540a1fba04553fb914bec1,FULL_ACTIVE_AND_WAKE_SPATIAL_PROFILE_OBSERVER,PF_MODEL_NATIVE_DRIVING_TRAJECTORY_NOT_RESISTANCE
DBTT,CONTROL,v913_zeroD_sobol_0202500,oneD_v2_DBTT_control,1100.0,1008666,300.0,1,0,198,1379.7760106537762,3.285180977747089e-05,7156264.35270077,7219.906285104084,56.67434055818139,56.67434055818139,56.67434055818139,-3.772315916361501,20.419225693363824,8146092462.142088,2.931106565679095,7.415929780049919,4.484823214370824,7.703612199569873,0.149773654992742,8.023067406061998,0.0,25633.957347649688,1511.3280702775858,"[3550587438.8985186, -3539822758.1335707]","[[664185093.2959166, -13225617.482112274], [-13225617.482112274, 7149848996.017133]]","[[[-15317976.284483047, -82131814.34574418], [-82131814.34574418, 7085856901.512555]], [[-11371739.550290523, 63143550.21243154], [63143550.21243154, 7068273776.716851]]]",1100313261519.4668,5039570246132.836,2.0,0.10812247816238596,2.574344718158457e-09,False,False,/private/tmp/oneD-v2-taylor-peierls-pf-runs-300um/oneD_v2_DBTT_control/T1100K_seed1008666/steps_1100K.csv,0991053a3c1df8f64f0040008d38dbcc608f5d82f2f0b519f03bce43cdd08e8e,/private/tmp/oneD-v2-taylor-peierls-pf-runs-300um/oneD_v2_DBTT_control/T1100K_seed1008666/anisotropic_emission_audit_v10174.json,d63211d73e7c4cd31b00243541bdd337022c214117540a1fba04553fb914bec1,FULL_ACTIVE_AND_WAKE_SPATIAL_PROFILE_OBSERVER,PF_MODEL_NATIVE_DRIVING_TRAJECTORY_NOT_RESISTANCE
DBTT,CONTROL,v913_zeroD_sobol_0202500,oneD_v2_DBTT_control,1100.0,1008666,300.0,2,0,212,1379.8841331319386,3.285438412218905e-05,7156225.095265132,7671.323214669366,58.41923100884651,58.41923100884651,58.41923100884651,-3.882596385232684,20.67765868307861,8249192308.389867,7.415929780049919,10.475434902500647,3.059505122450728,7.981948973882025,0.14675857160229225,8.187936969953599,0.0,26405.785254478953,1534.409686632357,"[3912977792.788684, -3903132062.9001517]","[[1555817030.3854544, -18060769.24628543], [-18060769.24628543, 7940678392.837525]]","[[[526027148.67011756, -131139356.56051886], [-131139356.56051886, 8351982734.247485]], [[524112188.632523, 98931660.95439786], [98931660.95439786, 8330376314.432826]]]",2200626523038.9336,10079140492265.672,4.0,0.0018097112922532688,4.3088364114500424e-11,False,False,/private/tmp/oneD-v2-taylor-peierls-pf-runs-300um/oneD_v2_DBTT_control/T1100K_seed1008666/steps_1100K.csv,0991053a3c1df8f64f0040008d38dbcc608f5d82f2f0b519f03bce43cdd08e8e,/private/tmp/oneD-v2-taylor-peierls-pf-runs-300um/oneD_v2_DBTT_control/T1100K_seed1008666/anisotropic_emission_audit_v10174.json,d63211d73e7c4cd31b00243541bdd337022c214117540a1fba04553fb914bec1,FULL_ACTIVE_AND_WAKE_SPATIAL_PROFILE_OBSERVER,PF_MODEL_NATIVE_DRIVING_TRAJECTORY_NOT_RESISTANCE
DBTT,CONTROL,v913_zeroD_sobol_0202500,oneD_v2_DBTT_control,1100.0,1008666,300.0,3,0,221,1379.8859428432309,3.285442721055316e-05,7155600.621713238,8031.903577129266,59.77642505561427,59.77642505561427,59.77642505561427,-3.637262203782466,21.59066004701531,8613427154.52839,10.475434902500647,17.738586165025698,7.263151262525049,7.66528025716441,0.15020361387824532,8.000095515328459,0.0,25030.11096974008,1508.1249616319228,"[4038073334.332647, -4025410746.7109566]","[[2107925078.1257207, -21422020.516764756], [-21422020.516764756, 8680529088.490307]]","[[[854543628.5257214, -183249350.95453826], [-183249350.95453826, 8930690297.191015]], [[850703019.1650748, 146188064.56008485], [146188064.56008485, 8901524512.586988]]]",5501566307597.334,25197851230664.18,10.0,2.3921711544971913e-06,5.695646048981678e-14,False,False,/private/tmp/oneD-v2-taylor-peierls-pf-runs-300um/oneD_v2_DBTT_control/T1100K_seed1008666/steps_1100K.csv,0991053a3c1df8f64f0040008d38dbcc608f5d82f2f0b519f03bce43cdd08e8e,/private/tmp/oneD-v2-taylor-peierls-pf-runs-300um/oneD_v2_DBTT_control/T1100K_seed1008666/anisotropic_emission_audit_v10174.json,d63211d73e7c4cd31b00243541bdd337022c214117540a1fba04553fb914bec1,FULL_ACTIVE_AND_WAKE_SPATIAL_PROFILE_OBSERVER,PF_MODEL_NATIVE_DRIVING_TRAJECTORY_NOT_RESISTANCE
DBTT,CONTROL,v913_zeroD_sobol_0202500,oneD_v2_DBTT_control,1100.0,1008666,300.0,4,0,231,1379.885945235402,3.285442726750962e-05,7150980.45327584,9813.76144305494,66.0751935111781,66.0751935111781,66.0751935111781,-3.030588191539187,25.919155490423417,10340246997.428833,17.738586165025698,28.2064547972602,10.467868632234504,6.49883024995101,0.1653651696625308,7.2654925831368,8.443521438293856e-09,21273.167565328826,1407.6936201206206,"[3712856964.408492, -3594875194.5355496]","[[2735056803.643112, -230087225.81645784], [-230087225.81645784, 10262959281.097694]]","[[[2419873902.643778, -1727868581.9341545], [-1727868581.9341545, 9845587831.460762]], [[2425817905.4967923, 1623220199.1705449], [1623220199.1705449, 9615568294.567892]]]",6601879569116.801,30237421476797.016,12.0,1.108996912080329e-06,2.6404727471347755e-14,False,False,/private/tmp/oneD-v2-taylor-peierls-pf-runs-300um/oneD_v2_DBTT_control/T1100K_seed1008666/steps_1100K.csv,0991053a3c1df8f64f0040008d38dbcc608f5d82f2f0b519f03bce43cdd08e8e,/private/tmp/oneD-v2-taylor-peierls-pf-runs-300um/oneD_v2_DBTT_control/T1100K_seed1008666/anisotropic_emission_audit_v10174.json,d63211d73e7c4cd31b00243541bdd337022c214117540a1fba04553fb914bec1,FULL_ACTIVE_AND_WAKE_SPATIAL_PROFILE_OBSERVER,PF_MODEL_NATIVE_DRIVING_TRAJECTORY_NOT_RESISTANCE
DBTT,CONTROL,v913_zeroD_sobol_0202500,oneD_v2_DBTT_control,1100.0,1008666,300.0,5,0,241,1379.885946344399,3.285442729391435e-05,7142087.089478183,10607.061737404916,68.69391108754465,68.69391108754465,68.69391108754465,-3.375747402252649,25.711278887875487,10257316231.566257,28.2064547972602,33.059301215423474,4.852846418163278,7.138206854369928,0.15651811999853465,7.677260661702566,9.538780433327525e-09,24031.82994004827,1463.4660770786409,"[4595593430.524147, -4576168648.174228]","[[5103410695.699822, 8020647.041709462], [8020647.041709462, 12042984737.785746]]","[[[2779369738.3394217, -593315736.3393644], [-593315736.3393644, 11970556599.387716]], [[2813834848.425248, 607137165.6312431], [607137165.6312431, 11966172144.773705]]]",3300939784558.4004,15118710738398.51,6.0,8.400002116104588e-08,2.000000642529698e-15,False,False,/private/tmp/oneD-v2-taylor-peierls-pf-runs-300um/oneD_v2_DBTT_control/T1100K_seed1008666/steps_1100K.csv,0991053a3c1df8f64f0040008d38dbcc608f5d82f2f0b519f03bce43cdd08e8e,/private/tmp/oneD-v2-taylor-peierls-pf-runs-300um/oneD_v2_DBTT_control/T1100K_seed1008666/anisotropic_emission_audit_v10174.json,d63211d73e7c4cd31b00243541bdd337022c214117540a1fba04553fb914bec1,FULL_ACTIVE_AND_WAKE_SPATIAL_PROFILE_OBSERVER,PF_MODEL_NATIVE_DRIVING_TRAJECTORY_NOT_RESISTANCE
DBTT,CONTROL,v913_zeroD_sobol_0202500,oneD_v2_DBTT_control,1100.0,1008666,300.0,6,0,242,1379.885946428399,3.285442729591435e-05,7139580.978653241,10692.236636685337,68.96916629601262,68.96916629601262,68.96916629601262,-3.4765299018961393,25.27278811547708,10082383722.890654,33.059301215423474,35.35664131104838,2.2973400956249024,7.447382156296164,0.1527201096499737,7.868223964178237,9.899167708928679e-09,24939.55710519998,1489.8027627614588,"[4710935572.325586, -4686291429.857956]","[[5394666468.724468, 5423192.884726427], [5423192.884726427, 11913992070.326374]]","[[[2733950741.5800743, -525741001.1917255], [-525741001.1917255, 12155821886.231247]], [[2773013581.5252, 531242569.73607063], [531242569.73607063, 12145596441.241112]]]",55015663075973.42,251978512306641.44,100.0,1.198895915877074e-06,2.854514584774148e-14,False,False,/private/tmp/oneD-v2-taylor-peierls-pf-runs-300um/oneD_v2_DBTT_control/T1100K_seed1008666/steps_1100K.csv,0991053a3c1df8f64f0040008d38dbcc608f5d82f2f0b519f03bce43cdd08e8e,/private/tmp/oneD-v2-taylor-peierls-pf-runs-300um/oneD_v2_DBTT_control/T1100K_seed1008666/anisotropic_emission_audit_v10174.json,d63211d73e7c4cd31b00243541bdd337022c214117540a1fba04553fb914bec1,FULL_ACTIVE_AND_WAKE_SPATIAL_PROFILE_OBSERVER,PF_MODEL_NATIVE_DRIVING_TRAJECTORY_NOT_RESISTANCE
DBTT,CONTROL,v913_zeroD_sobol_0202500,oneD_v2_DBTT_control,1100.0,1008666,300.0,7,0,252,1379.8859476272949,3.2854427324459496e-05,7138014.765371085,10757.367173344983,69.17890627359759,69.17890627359759,69.17890627359759,-3.6072967456081213,25.179099107707053,10045007216.48233,35.35664131104838,40.602872086987624,5.246230775939242,7.548610354145598,0.15153541453284874,7.929763177391659,1.048351805514085e-08,26413.173917756743,1498.3389109256104,"[4549300592.141268, -4531249670.937382]","[[4890738096.368748, 5946521.029700727], [5946521.029700727, 11163672323.464476]]","[[[2900583603.278982, -454664194.98809195], [-454664194.98809195, 11999184787.561518]], [[2940677282.022296, 451952749.7150448], [451952749.7150448, 12003176623.89706]]]",3300939784558.4004,15118710738398.51,6.0,1.1270390132267494e-06,2.6834274819559356e-14,False,False,/private/tmp/oneD-v2-taylor-peierls-pf-runs-300um/oneD_v2_DBTT_control/T1100K_seed1008666/steps_1100K.csv,0991053a3c1df8f64f0040008d38dbcc608f5d82f2f0b519f03bce43cdd08e8e,/private/tmp/oneD-v2-taylor-peierls-pf-runs-300um/oneD_v2_DBTT_control/T1100K_seed1008666/anisotropic_emission_audit_v10174.json,d63211d73e7c4cd31b00243541bdd337022c214117540a1fba04553fb914bec1,FULL_ACTIVE_AND_WAKE_SPATIAL_PROFILE_OBSERVER,PF_MODEL_NATIVE_DRIVING_TRAJECTORY_NOT_RESISTANCE
DBTT,CONTROL,v913_zeroD_sobol_0202500,oneD_v2_DBTT_control,1100.0,1008666,300.0,8,0,262,1379.8859487543339,3.285442735129377e-05,7133747.211161627,10910.370278242408,69.66913851027026,69.66913851027026,69.66913851027026,-3.32945644585399,25.62261009366453,10221942500.603294,40.602872086987624,45.534666691946185,4.931794604958564,7.393228771300935,0.15336539661158863,7.835136763697281,9.942596081458466e-09,25050.157056925986,1485.2187908210178,"[4653038987.3982115, -4657094488.648555]","[[4661003458.698141, 12901004.4241903], [12901004.4241903, 11932301036.627024]]","[[[2976604854.195392, -1060530200.3905252], [-1060530200.3905252, 12282682828.991816]], [[2990611079.807528, 1073711932.3457836], [1073711932.3457836, 12304800057.10464]]]",3300939784558.4004,15118710738398.51,6.0,8.400002116104588e-08,2.000000642529698e-15,False,False,/private/tmp/oneD-v2-taylor-peierls-pf-runs-300um/oneD_v2_DBTT_control/T1100K_seed1008666/steps_1100K.csv,0991053a3c1df8f64f0040008d38dbcc608f5d82f2f0b519f03bce43cdd08e8e,/private/tmp/oneD-v2-taylor-peierls-pf-runs-300um/oneD_v2_DBTT_control/T1100K_seed1008666/anisotropic_emission_audit_v10174.json,d63211d73e7c4cd31b00243541bdd337022c214117540a1fba04553fb914bec1,FULL_ACTIVE_AND_WAKE_SPATIAL_PROFILE_OBSERVER,PF_MODEL_NATIVE_DRIVING_TRAJECTORY_NOT_RESISTANCE
DBTT,CONTROL,v913_zeroD_sobol_0202500,oneD_v2_DBTT_control,1100.0,1008666,300.0,9,0,263,1379.885948838334,3.285442735329377e-05,7130864.929611051,10940.23798564832,69.7644347845143,69.7644347845143,69.7644347845143,-3.315919288363504,25.424066556685727,10142735089.202003,45.534666691946185,47.83200678757109,2.2973400956249024,7.529707857338943,0.1517545414084469,7.9183214471547805,1.002513272544192e-08,25260.0636934036,1496.74815459664,"[4520448177.540283, -4510801231.676873]","[[4342310267.5325165, -394497.384003009], [-394497.384003009, 11446083364.955914]]","[[[3490827416.757714, -580764229.6618124], [-580764229.6618124, 12531723771.83828]], [[3473230606.0461693, 639157395.648868], [639157395.648868, 12494833069.399916]]]",55015663075973.42,251978512306641.44,100.0,1.6800004232209176e-07,4.000001285059396e-15,False,False,/private/tmp/oneD-v2-taylor-peierls-pf-runs-300um/oneD_v2_DBTT_control/T1100K_seed1008666/steps_1100K.csv,0991053a3c1df8f64f0040008d38dbcc608f5d82f2f0b519f03bce43cdd08e8e,/private/tmp/oneD-v2-taylor-peierls-pf-runs-300um/oneD_v2_DBTT_control/T1100K_seed1008666/anisotropic_emission_audit_v10174.json,d63211d73e7c4cd31b00243541bdd337022c214117540a1fba04553fb914bec1,FULL_ACTIVE_AND_WAKE_SPATIAL_PROFILE_OBSERVER,PF_MODEL_NATIVE_DRIVING_TRAJECTORY_NOT_RESISTANCE
DBTT,CONTROL,v913_zeroD_sobol_0202500,oneD_v2_DBTT_control,1100.0,1008666,300.0,10,0,265,1379.885949006334,3.285442735729377e-05,7127292.661999495,11067.852490740363,70.17014541000673,70.17014541000673,70.17014541000673,-2.5636678587471033,28.33339902166725,11303390817.227654,47.83200678757109,50.12934688319599,2.2973400956249024,6.133486267582459,0.17114679436243538,7.020884598672421,7.85666998260293e-09,19795.074885907736,1375.007523814131,"[3958048860.863718, -3973897796.7348046]","[[3924236575.88352, -18091794.66007091], [-18091794.66007091, 12662702289.08675]]","[[[2949779264.2641106, -1544062892.7411551], [-1544062892.7411551, 10865876985.991547]], [[2967460313.5798135, 1618204169.8416042], [1618204169.8416042, 10915255907.049423]]]",3300939784558.4004,15118710738398.508,6.0,171.31619265600216,4.0789569679999644e-06,True,False,/private/tmp/oneD-v2-taylor-peierls-pf-runs-300um/oneD_v2_DBTT_control/T1100K_seed1008666/steps_1100K.csv,0991053a3c1df8f64f0040008d38dbcc608f5d82f2f0b519f03bce43cdd08e8e,/private/tmp/oneD-v2-taylor-peierls-pf-runs-300um/oneD_v2_DBTT_control/T1100K_seed1008666/anisotropic_emission_audit_v10174.json,d63211d73e7c4cd31b00243541bdd337022c214117540a1fba04553fb914bec1,FULL_ACTIVE_AND_WAKE_SPATIAL_PROFILE_OBSERVER,PF_MODEL_NATIVE_DRIVING_TRAJECTORY_NOT_RESISTANCE
DBTT,CONTROL,v913_zeroD_sobol_0202500,oneD_v2_DBTT_control,1100.0,1008666,300.0,11,1,298,1551.202141662336,3.693338432529374e-05,8068846.064625057,5435.791276092953,49.17587333466602,49.17587333466602,49.17587333466602,-2.066736866308218,21.413342552421785,8542687708.880182,50.12934688319599,52.42668697882088,2.2973400956248953,5.273940598008174,0.18756333191676322,6.405633233709817,0.0,16223.151184216587,1295.7227413267585,"[4044595322.3765144, -3938079816.391708]","[[4572327976.485977, 93722907.6804718], [93722907.6804718, 10623179545.155691]]","[[[2446570466.2080026, -481513310.77625895], [-481513310.77625895, 10535761110.961033]], [[2677543211.2069745, 595720306.8796494], [595720306.8796494, 10553702843.99039]]]",53915349814453.95,246938942060508.62,98.0,0.327413838839675,7.795567591427908e-09,False,False,/private/tmp/oneD-v2-taylor-peierls-pf-runs-300um/oneD_v2_DBTT_control/T1100K_seed1008666/steps_1100K.csv,0991053a3c1df8f64f0040008d38dbcc608f5d82f2f0b519f03bce43cdd08e8e,/private/tmp/oneD-v2-taylor-peierls-pf-runs-300um/oneD_v2_DBTT_control/T1100K_seed1008666/anisotropic_emission_audit_v10174.json,d63211d73e7c4cd31b00243541bdd337022c214117540a1fba04553fb914bec1,FULL_ACTIVE_AND_WAKE_SPATIAL_PROFILE_OBSERVER,PF_MODEL_NATIVE_DRIVING_TRAJECTORY_NOT_RESISTANCE
DBTT,CONTROL,v913_zeroD_sobol_0202500,oneD_v2_DBTT_control,1100.0,1008666,300.0,12,1,315,1551.5295555011758,3.6941179892885165e-05,8069707.018566283,5530.761067959729,49.60359396394651,49.60359396394651,49.60359396394651,-2.150355341010984,20.98615103197983,8372262949.546912,52.42668697882088,56.677418122201125,4.250731143380243,5.5867688070264885,0.18105643503286742,6.635900267972797,0.0,17389.880029567557,1324.9624575563957,"[3982634837.4845905, -3875872070.6146026]","[[4559665754.654034, 87035516.89182922], [87035516.89182922, 10082674318.98285]]","[[[2199472989.3390236, -397207803.44277006], [-397207803.44277006, 10164742664.308205]], [[2420027201.8146667, 500582922.77101254], [500582922.77101254, 10171771343.043873]]]",2200626523038.9336,10079140492265.672,4.0,1.1048920509344953,2.630695359368305e-08,False,False,/private/tmp/oneD-v2-taylor-peierls-pf-runs-300um/oneD_v2_DBTT_control/T1100K_seed1008666/steps_1100K.csv,0991053a3c1df8f64f0040008d38dbcc608f5d82f2f0b519f03bce43cdd08e8e,/private/tmp/oneD-v2-taylor-peierls-pf-runs-300um/oneD_v2_DBTT_control/T1100K_seed1008666/anisotropic_emission_audit_v10174.json,d63211d73e7c4cd31b00243541bdd337022c214117540a1fba04553fb914bec1,FULL_ACTIVE_AND_WAKE_SPATIAL_PROFILE_OBSERVER,PF_MODEL_NATIVE_DRIVING_TRAJECTORY_NOT_RESISTANCE
DBTT,CONTROL,v913_zeroD_sobol_0202500,oneD_v2_DBTT_control,1100.0,1008666,300.0,13,1,330,1552.6344475521103,3.696748684647885e-05,8073578.131223491,5740.78666963661,50.536644159873084,50.536644159873084,50.536644159873084,-2.1139303081405356,21.359270262999768,8521115986.431637,56.677418122201125,64.60637726595918,7.9289591437580516,5.598091301121413,0.1808334509022675,6.644090890814441,0.0,18322.793834101987,1326.0126146674527,"[4152151794.5190234, -4041317960.779975]","[[4143102356.507392, 85740939.08436179], [85740939.08436179, 10247671006.193817]]","[[[2398550352.5231013, -697147385.3074496], [-697147385.3074496, 10702853941.56115]], [[2476942615.4685273, 800098002.1387553], [800098002.1387553, 10559578537.028479]]]",5501566307597.334,25197851230664.18,10.0,0.00060848122166135,1.44876481349295e-11,False,False,/private/tmp/oneD-v2-taylor-peierls-pf-runs-300um/oneD_v2_DBTT_control/T1100K_seed1008666/steps_1100K.csv,0991053a3c1df8f64f0040008d38dbcc608f5d82f2f0b519f03bce43cdd08e8e,/private/tmp/oneD-v2-taylor-peierls-pf-runs-300um/oneD_v2_DBTT_control/T1100K_seed1008666/anisotropic_emission_audit_v10174.json,d63211d73e7c4cd31b00243541bdd337022c214117540a1fba04553fb914bec1,FULL_ACTIVE_AND_WAKE_SPATIAL_PROFILE_OBSERVER,PF_MODEL_NATIVE_DRIVING_TRAJECTORY_NOT_RESISTANCE
DBTT,CONTROL,v913_zeroD_sobol_0202500,oneD_v2_DBTT_control,1100.0,1008666,300.0,14,1,331,1552.635056033332,3.6967501334126983e-05,8069474.536139693,6168.56966635668,52.385721804372444,52.385721804372444,52.385721804372444,-1.6962850008587027,22.741689843214214,9072621606.233978,64.60637726595918,73.04590364404542,8.439526378086239,5.3061607173614584,0.18686055486605863,6.42905756501483,0.0,16193.30327326155,1298.7541325456903,"[3637219683.0616074, -3783447449.3581243]","[[4184339011.4344754, -30291824.369927272], [-30291824.369927272, 10503434571.384584]]","[[[2107041536.666257, -1234577757.33969], [-1234577757.33969, 9381480902.789473]], [[2853401659.6892076, 1157484166.5278115], [1157484166.5278115, 10420296558.405457]]]",94626940490674.3,433403041167424.56,172.0,2.5200006348313764e-07,6.000001927589094e-15,False,False,/private/tmp/oneD-v2-taylor-peierls-pf-runs-300um/oneD_v2_DBTT_control/T1100K_seed1008666/steps_1100K.csv,0991053a3c1df8f64f0040008d38dbcc608f5d82f2f0b519f03bce43cdd08e8e,/private/tmp/oneD-v2-taylor-peierls-pf-runs-300um/oneD_v2_DBTT_control/T1100K_seed1008666/anisotropic_emission_audit_v10174.json,d63211d73e7c4cd31b00243541bdd337022c214117540a1fba04553fb914bec1,FULL_ACTIVE_AND_WAKE_SPATIAL_PROFILE_OBSERVER,PF_MODEL_NATIVE_DRIVING_TRAJECTORY_NOT_RESISTANCE
DBTT,CONTROL,v913_zeroD_sobol_0202500,oneD_v2_DBTT_control,1100.0,1008666,300.0,15,1,334,1552.635056285332,3.6967501340126985e-05,7998424.86298592,13550.243035487105,77.64155729934396,77.64155729934396,77.64155729934396,-2.6217577804793306,27.7012278197993,11051190996.35034,73.04590364404542,75.34297779768553,2.297074153640119,7.855800345274023,0.14810232283500452,8.112243616843495,1.020976014874688e-08,25722.433325266844,1523.986835957409,"[4936709972.366598, -4756836662.409059]","[[6104296682.883744, 371998399.03527135], [371998399.03527135, 13210713800.18242]]","[[[3378551821.670588, -465182306.33695847], [-465182306.33695847, 13251971766.403784]], [[3863804952.223204, 846860915.9932687], [846860915.9932687, 13377478277.04132]]]",2200626523038.9336,10079140492265.674,4.0,5.040001269662753e-07,1.2000003855178187e-14,False,False,/private/tmp/oneD-v2-taylor-peierls-pf-runs-300um/oneD_v2_DBTT_control/T1100K_seed1008666/steps_1100K.csv,0991053a3c1df8f64f0040008d38dbcc608f5d82f2f0b519f03bce43cdd08e8e,/private/tmp/oneD-v2-taylor-peierls-pf-runs-300um/oneD_v2_DBTT_control/T1100K_seed1008666/anisotropic_emission_audit_v10174.json,d63211d73e7c4cd31b00243541bdd337022c214117540a1fba04553fb914bec1,FULL_ACTIVE_AND_WAKE_SPATIAL_PROFILE_OBSERVER,PF_MODEL_NATIVE_DRIVING_TRAJECTORY_NOT_RESISTANCE
DBTT,CONTROL,v913_zeroD_sobol_0202500,oneD_v2_DBTT_control,1100.0,1008666,300.0,16,1,340,1552.635056789332,3.696750135212699e-05,7996999.942178033,13778.505653173528,78.29278730821308,78.29278730821308,78.29278730821308,-2.7277007308856502,27.281628081628003,10883794919.948439,75.34297779768553,77.64005195132565,2.2970741536401054,8.23574594720645,0.14416233130607614,8.334130892580669,1.0921667126778629e-08,27516.79285947579,1555.1906848723445,"[4854090202.824517, -4685471879.380507]","[[6183445224.665773, 287570309.8312166], [287570309.8312166, 12401511932.257343]]","[[[3105405579.3345704, -349737917.5278016], [-349737917.5278016, 12813585984.983604]], [[3511541245.7055182, 700085078.6836584], [700085078.6836584, 12882485004.466534]]]",8802506092155.734,40316561969062.7,16.0,3.360000846441835e-07,8.000002570118792e-15,False,False,/private/tmp/oneD-v2-taylor-peierls-pf-runs-300um/oneD_v2_DBTT_control/T1100K_seed1008666/steps_1100K.csv,0991053a3c1df8f64f0040008d38dbcc608f5d82f2f0b519f03bce43cdd08e8e,/private/tmp/oneD-v2-taylor-peierls-pf-runs-300um/oneD_v2_DBTT_control/T1100K_seed1008666/anisotropic_emission_audit_v10174.json,d63211d73e7c4cd31b00243541bdd337022c214117540a1fba04553fb914bec1,FULL_ACTIVE_AND_WAKE_SPATIAL_PROFILE_OBSERVER,PF_MODEL_NATIVE_DRIVING_TRAJECTORY_NOT_RESISTANCE
DBTT,CONTROL,v913_zeroD_sobol_0202500,oneD_v2_DBTT_control,1100.0,1008666,300.0,17,1,344,1552.6350571253322,3.696750136012699e-05,7995549.7542632865,13991.044563818215,78.89432508326865,78.89432508326865,78.89432508326865,-2.6880490200131875,27.292318577167332,10888059810.61752,77.64005195132565,79.93712610496574,2.2970741536401054,8.35623541164078,0.1429770662677234,8.40384181087124,1.1076281226423573e-08,27908.971770948778,1564.9697821901486,"[4988219483.353838, -4860628551.556035]","[[6265993658.2348795, 401664382.4855107], [401664382.4855107, 12904256020.89616]]","[[[3278974561.7061286, -479300392.03797543], [-479300392.03797543, 13255413528.413805]], [[3465897215.1342263, 904348091.9454759], [904348091.9454759, 13187154318.246296]]]",8802506092155.734,40316561969062.69,16.0,3.360000846441835e-07,8.000002570118792e-15,False,False,/private/tmp/oneD-v2-taylor-peierls-pf-runs-300um/oneD_v2_DBTT_control/T1100K_seed1008666/steps_1100K.csv,0991053a3c1df8f64f0040008d38dbcc608f5d82f2f0b519f03bce43cdd08e8e,/private/tmp/oneD-v2-taylor-peierls-pf-runs-300um/oneD_v2_DBTT_control/T1100K_seed1008666/anisotropic_emission_audit_v10174.json,d63211d73e7c4cd31b00243541bdd337022c214117540a1fba04553fb914bec1,FULL_ACTIVE_AND_WAKE_SPATIAL_PROFILE_OBSERVER,PF_MODEL_NATIVE_DRIVING_TRAJECTORY_NOT_RESISTANCE
DBTT,CONTROL,v913_zeroD_sobol_0202500,oneD_v2_DBTT_control,1100.0,1008666,300.0,18,1,348,1552.6350574613323,3.6967501368126994e-05,7993780.843664452,14215.689290419308,79.52517923970714,79.52517923970714,79.52517923970714,-2.8352239896158657,26.399346067312244,10531815321.20014,79.93712610496574,82.23340249422276,2.2962763892570144,9.074505639555497,0.13647093553059167,8.804470249083327,1.2104237613376852e-08,30494.153254893474,1622.1538880929663,"[5160628479.40862, -5020314994.158084]","[[5783557070.4952, 232422586.40495384], [232422586.40495384, 12217826974.310024]]","[[[3592069154.110942, -559013128.8715637], [-559013128.8715637, 13913326112.92818]], [[3588098687.692524, 978533511.6204875], [978533511.6204875, 13628728676.00869]]]",2200626523038.9336,10079140492265.672,4.0,4.02363025386876e-06,9.580074092959551e-14,False,False,/private/tmp/oneD-v2-taylor-peierls-pf-runs-300um/oneD_v2_DBTT_control/T1100K_seed1008666/steps_1100K.csv,0991053a3c1df8f64f0040008d38dbcc608f5d82f2f0b519f03bce43cdd08e8e,/private/tmp/oneD-v2-taylor-peierls-pf-runs-300um/oneD_v2_DBTT_control/T1100K_seed1008666/anisotropic_emission_audit_v10174.json,d63211d73e7c4cd31b00243541bdd337022c214117540a1fba04553fb914bec1,FULL_ACTIVE_AND_WAKE_SPATIAL_PROFILE_OBSERVER,PF_MODEL_NATIVE_DRIVING_TRAJECTORY_NOT_RESISTANCE
DBTT,CONTROL,v913_zeroD_sobol_0202500,oneD_v2_DBTT_control,1100.0,1008666,300.0,19,1,358,1552.6350614849625,3.6967501463927735e-05,7991644.620712071,14482.837775970547,80.26894009027443,80.26894009027443,80.26894009027443,-1.927239254006639,27.47148386234845,10959536418.056448,82.23340249422276,100.16094124707362,17.927538752850865,8.537502033520635,0.14124774965390635,8.506288298980696,1.1289102987357142e-08,28440.082426306057,1579.578688950946,"[5014896564.884425, -4850724596.079313]","[[5550280757.018749, 209944540.40771174], [209944540.40771174, 12855011907.943676]]","[[[3396502899.4155793, -756940297.7351228], [-756940297.7351228, 13426296029.184431]], [[3521114587.624041, 1107552169.4652174], [1107552169.4652174, 13222563779.782667]]]",15404385661272.547,70553983445859.75,28.0,2.5200006348313764e-07,6.000001927589094e-15,False,False,/private/tmp/oneD-v2-taylor-peierls-pf-runs-300um/oneD_v2_DBTT_control/T1100K_seed1008666/steps_1100K.csv,0991053a3c1df8f64f0040008d38dbcc608f5d82f2f0b519f03bce43cdd08e8e,/private/tmp/oneD-v2-taylor-peierls-pf-runs-300um/oneD_v2_DBTT_control/T1100K_seed1008666/anisotropic_emission_audit_v10174.json,d63211d73e7c4cd31b00243541bdd337022c214117540a1fba04553fb914bec1,FULL_ACTIVE_AND_WAKE_SPATIAL_PROFILE_OBSERVER,PF_MODEL_NATIVE_DRIVING_TRAJECTORY_NOT_RESISTANCE
DBTT,CONTROL,v913_zeroD_sobol_0202500,oneD_v2_DBTT_control,1100.0,1008666,300.0,20,1,361,1552.6350617369626,3.696750146992774e-05,7959587.69510634,19469.033478539903,93.06639495315228,93.06639495315228,93.06639495315228,-1.8964266823270344,31.538956494085195,12582223225.231922,100.16094124707362,102.45801540071372,2.297074153640092,8.707453070192283,0.13968210439840467,8.601324881374575,1.165153662635208e-08,29357.157999069263,1593.1652315825643,"[5630835637.77695, -5423207884.441289]","[[8102535866.031069, 252985471.4672929], [252985471.4672929, 16095356288.128418]]","[[[4764656520.230463, -519270444.8834589], [-519270444.8834589, 16026327795.784363]], [[5259827141.807328, 956010170.3705524], [956010170.3705524, 16106242910.689907]]]",13203759138233.61,60474842953594.06,24.0,4.200001058052294e-07,1.0000009988912067e-14,False,False,/private/tmp/oneD-v2-taylor-peierls-pf-runs-300um/oneD_v2_DBTT_control/T1100K_seed1008666/steps_1100K.csv,0991053a3c1df8f64f0040008d38dbcc608f5d82f2f0b519f03bce43cdd08e8e,/private/tmp/oneD-v2-taylor-peierls-pf-runs-300um/oneD_v2_DBTT_control/T1100K_seed1008666/anisotropic_emission_audit_v10174.json,d63211d73e7c4cd31b00243541bdd337022c214117540a1fba04553fb914bec1,FULL_ACTIVE_AND_WAKE_SPATIAL_PROFILE_OBSERVER,PF_MODEL_NATIVE_DRIVING_TRAJECTORY_NOT_RESISTANCE
DBTT,CONTROL,v913_zeroD_sobol_0202500,oneD_v2_DBTT_control,1100.0,1008666,300.0,21,1,366,1552.6350621569627,3.696750147992775e-05,7957444.1604172755,19701.279593737592,93.61984387129057,93.61984387129057,93.61984387129057,-1.9420465568895873,30.775976361425172,12277838191.207544,102.45801540071372,104.75508955435383,2.297074153640119,9.253630320776434,0.1349822027484239,8.900833273570811,1.2546024665667063e-08,31609.645253019775,1636.1290843516804,"[5511595821.477391, -5306105747.784846]","[[8083733602.402284, 267089686.75917408], [267089686.75917408, 14814418059.926449]]","[[[4399670617.369923, -359028355.8644254], [-359028355.8644254, 15422862260.324705]], [[4832023494.0910635, 748554081.2283357], [748554081.2283357, 15444234989.660755]]]",7702192830636.268,35276991722929.85,14.0,7.560001904494129e-07,1.7999999006503703e-14,False,False,/private/tmp/oneD-v2-taylor-peierls-pf-runs-300um/oneD_v2_DBTT_control/T1100K_seed1008666/steps_1100K.csv,0991053a3c1df8f64f0040008d38dbcc608f5d82f2f0b519f03bce43cdd08e8e,/private/tmp/oneD-v2-taylor-peierls-pf-runs-300um/oneD_v2_DBTT_control/T1100K_seed1008666/anisotropic_emission_audit_v10174.json,d63211d73e7c4cd31b00243541bdd337022c214117540a1fba04553fb914bec1,FULL_ACTIVE_AND_WAKE_SPATIAL_PROFILE_OBSERVER,PF_MODEL_NATIVE_DRIVING_TRAJECTORY_NOT_RESISTANCE
DBTT,CONTROL,v913_zeroD_sobol_0202500,oneD_v2_DBTT_control,1100.0,1008666,300.0,22,1,375,1552.635062912963,3.6967501497927746e-05,7955255.23226798,19944.386687562182,94.19569140343887,94.19569140343887,94.19569140343887,-1.8200718161262035,31.077230336895997,12398021139.161873,104.75508955435383,107.969488677559,3.214399123205162,9.18707925742747,0.13552961310071307,8.865548017120323,1.265289029309878e-08,31877.86589926672,1630.9497099350287,"[5673268486.711169, -5511524787.815337]","[[8164189689.276586, 96407296.20791802], [96407296.20791802, 15422178772.246145]]","[[[4610796321.3291445, -519279702.2313576], [-519279702.2313576, 15957333294.751482]], [[4776890013.229495, 995401261.3317049], [995401261.3317049, 15799939588.86017]]]",2200626523038.9336,10079140492265.672,4.0,1.6998235423670849e-06,4.0471979608804054e-14,False,False,/private/tmp/oneD-v2-taylor-peierls-pf-runs-300um/oneD_v2_DBTT_control/T1100K_seed1008666/steps_1100K.csv,0991053a3c1df8f64f0040008d38dbcc608f5d82f2f0b519f03bce43cdd08e8e,/private/tmp/oneD-v2-taylor-peierls-pf-runs-300um/oneD_v2_DBTT_control/T1100K_seed1008666/anisotropic_emission_audit_v10174.json,d63211d73e7c4cd31b00243541bdd337022c214117540a1fba04553fb914bec1,FULL_ACTIVE_AND_WAKE_SPATIAL_PROFILE_OBSERVER,PF_MODEL_NATIVE_DRIVING_TRAJECTORY_NOT_RESISTANCE
DBTT,CONTROL,v913_zeroD_sobol_0202500,oneD_v2_DBTT_control,1100.0,1008666,300.0,23,1,385,1552.6350646127864,3.6967501538399726e-05,7952592.81239295,20236.954353166024,94.88406259782172,94.88406259782172,94.88406259782172,-1.5183695908911135,30.617836077390052,12214749345.671244,107.969488677559,115.41735671325131,7.447868035692315,9.603677232852261,0.13220825482985557,9.087648336887003,1.282910489124196e-08,32325.20065193356,1663.1255530008623,"[5394639781.310262, -5195153683.234329]","[[7420858511.786628, 267244860.39010543], [267244860.39010543, 14217920470.61866]]","[[[4842401551.358897, 8486330.437428616], [8486330.437428616, 15631681113.979422]], [[5217684571.862302, 306837125.9408683], [306837125.9408683, 15607991938.33096]]]",5501566307597.334,25197851230664.18,10.0,4.200001058052294e-07,1.0000009988912067e-14,False,False,/private/tmp/oneD-v2-taylor-peierls-pf-runs-300um/oneD_v2_DBTT_control/T1100K_seed1008666/steps_1100K.csv,0991053a3c1df8f64f0040008d38dbcc608f5d82f2f0b519f03bce43cdd08e8e,/private/tmp/oneD-v2-taylor-peierls-pf-runs-300um/oneD_v2_DBTT_control/T1100K_seed1008666/anisotropic_emission_audit_v10174.json,d63211d73e7c4cd31b00243541bdd337022c214117540a1fba04553fb914bec1,FULL_ACTIVE_AND_WAKE_SPATIAL_PROFILE_OBSERVER,PF_MODEL_NATIVE_DRIVING_TRAJECTORY_NOT_RESISTANCE
DBTT,CONTROL,v913_zeroD_sobol_0202500,oneD_v2_DBTT_control,1100.0,1008666,300.0,24,1,390,1552.6350650327865,3.6967501548399736e-05,7940958.653972107,21531.920548742663,97.87281500873932,97.87281500873932,97.87281500873932,-1.3369841897952446,32.682126902848466,13038282234.991379,115.41735671325131,117.7146968088762,2.2973400956248886,8.96816387003518,0.13737840556055028,8.746139602445698,1.1974407245393165e-08,30170.109433264304,1613.8044737449925,"[5089238733.981433, -4938259376.969505]","[[6209218203.692663, -585930.7225984633], [-585930.7225984633, 14928805513.749899]]","[[[4840583873.7283535, -1815869911.0812263], [-1815869911.0812263, 15019061341.691221]], [[4804199292.7711935, 2097064192.1350913], [2097064192.1350913, 14680718046.710205]]]",11003132615194.672,50395702461328.375,20.0,8.400002116104588e-08,2.000000642529698e-15,False,False,/private/tmp/oneD-v2-taylor-peierls-pf-runs-300um/oneD_v2_DBTT_control/T1100K_seed1008666/steps_1100K.csv,0991053a3c1df8f64f0040008d38dbcc608f5d82f2f0b519f03bce43cdd08e8e,/private/tmp/oneD-v2-taylor-peierls-pf-runs-300um/oneD_v2_DBTT_control/T1100K_seed1008666/anisotropic_emission_audit_v10174.json,d63211d73e7c4cd31b00243541bdd337022c214117540a1fba04553fb914bec1,FULL_ACTIVE_AND_WAKE_SPATIAL_PROFILE_OBSERVER,PF_MODEL_NATIVE_DRIVING_TRAJECTORY_NOT_RESISTANCE
DBTT,CONTROL,v913_zeroD_sobol_0202500,oneD_v2_DBTT_control,1100.0,1008666,300.0,25,1,391,1552.6350651167866,3.6967501550399736e-05,7936564.813466843,18424.041690382095,90.53430023684788,90.53430023684788,90.53430023684788,-1.1304927807287386,31.98831863150552,12761492781.06045,117.7146968088762,119.6574708597544,1.9427740508781928,8.010202064608087,0.14646259737737916,8.202670566639616,1.0773874238735408e-08,27143.077285669904,1536.7354561816735,"[5201803450.639283, -4986994180.679595]","[[6644591008.33814, -71863919.91884063], [-71863919.91884063, 15682995000.561466]]","[[[4515698656.17403, -3160571747.9014053], [-3160571747.9014053, 14919305557.452599]], [[5134191780.34144, 2725468782.5160685], [2725468782.5160685, 15108180141.700632]]]",55015663075973.42,251978512306641.44,100.0,1.0316648513253313e-06,2.4563413369288467e-14,False,False,/private/tmp/oneD-v2-taylor-peierls-pf-runs-300um/oneD_v2_DBTT_control/T1100K_seed1008666/steps_1100K.csv,0991053a3c1df8f64f0040008d38dbcc608f5d82f2f0b519f03bce43cdd08e8e,/private/tmp/oneD-v2-taylor-peierls-pf-runs-300um/oneD_v2_DBTT_control/T1100K_seed1008666/anisotropic_emission_audit_v10174.json,d63211d73e7c4cd31b00243541bdd337022c214117540a1fba04553fb914bec1,FULL_ACTIVE_AND_WAKE_SPATIAL_PROFILE_OBSERVER,PF_MODEL_NATIVE_DRIVING_TRAJECTORY_NOT_RESISTANCE
DBTT,CONTROL,v913_zeroD_sobol_0202500,oneD_v2_DBTT_control,1100.0,1008666,300.0,26,1,401,1552.6350661484514,3.696750157496315e-05,7935382.467907631,21530.582408402275,97.86977371949246,97.86977371949246,97.86977371949246,-0.9811861132901748,34.77577060668349,13873525228.547424,119.6574708597544,124.0548411523827,4.397370292628312,7.920336688202029,0.14741028398735626,8.146885271570028,1.0729536371850104e-08,27032.41996240316,1529.3269248583604,"[5010373107.241644, -4676060534.000359]","[[5818904523.643136, -138757655.63662532], [-138757655.63662532, 16228564194.9239]]","[[[4211384350.6656303, -2649893349.96137], [-2649893349.96137, 14232130565.14892]], [[5186039283.798559, 2316448361.604256], [2316448361.604256, 14538160351.799276]]]",3300939784558.4004,15118710738398.508,6.0,8.400002116104588e-08,2.000000642529698e-15,False,False,/private/tmp/oneD-v2-taylor-peierls-pf-runs-300um/oneD_v2_DBTT_control/T1100K_seed1008666/steps_1100K.csv,0991053a3c1df8f64f0040008d38dbcc608f5d82f2f0b519f03bce43cdd08e8e,/private/tmp/oneD-v2-taylor-peierls-pf-runs-300um/oneD_v2_DBTT_control/T1100K_seed1008666/anisotropic_emission_audit_v10174.json,d63211d73e7c4cd31b00243541bdd337022c214117540a1fba04553fb914bec1,FULL_ACTIVE_AND_WAKE_SPATIAL_PROFILE_OBSERVER,PF_MODEL_NATIVE_DRIVING_TRAJECTORY_NOT_RESISTANCE
DBTT,CONTROL,v913_zeroD_sobol_0202500,oneD_v2_DBTT_control,1100.0,1008666,300.0,27,1,402,1552.6350662324514,3.696750157696315e-05,7927254.891399194,21030.389318127327,96.72625016037284,96.72625016037284,96.72625016037284,-1.0705295392516856,31.877652090865197,12717343218.97326,124.0548411523827,126.35218124800764,2.2973400956249295,9.20695562929253,0.1353654245797297,8.877201472029144,1.2593318389228144e-08,31728.02491726039,1632.4981891302407,"[5842237201.432364, -5872787009.969502]","[[8188337970.8881445, 21912683.815739192], [21912683.815739192, 16604516590.75219]]","[[[5117818595.825022, -831906013.7741466], [-831906013.7741466, 16802292998.689749]], [[5052404458.588624, 759494834.3416132], [759494834.3416132, 16797978478.52763]]]",55015663075973.42,251978512306641.44,100.0,2.7460898763820296e-06,6.538311016733578e-14,False,False,/private/tmp/oneD-v2-taylor-peierls-pf-runs-300um/oneD_v2_DBTT_control/T1100K_seed1008666/steps_1100K.csv,0991053a3c1df8f64f0040008d38dbcc608f5d82f2f0b519f03bce43cdd08e8e,/private/tmp/oneD-v2-taylor-peierls-pf-runs-300um/oneD_v2_DBTT_control/T1100K_seed1008666/anisotropic_emission_audit_v10174.json,d63211d73e7c4cd31b00243541bdd337022c214117540a1fba04553fb914bec1,FULL_ACTIVE_AND_WAKE_SPATIAL_PROFILE_OBSERVER,PF_MODEL_NATIVE_DRIVING_TRAJECTORY_NOT_RESISTANCE
DBTT,CONTROL,v913_zeroD_sobol_0202500,oneD_v2_DBTT_control,1100.0,1008666,300.0,28,1,412,1552.6350689785413,3.696750164234626e-05,7924921.491141218,21306.892828777385,97.36004277663969,97.36004277663969,97.36004277663969,-0.7585312505809039,30.813301145925255,12292728625.8515,126.35218124800764,138.07027265511888,11.718091407111235,9.983551330864366,0.1293832944841003,9.287728849038025,1.3527369448422476e-08,34081.59567277079,1691.96809277627,"[5716126214.42245, -5740700991.488121]","[[8307745683.52366, -36194846.26315281], [-36194846.26315281, 15530077750.484236]]","[[[4725433165.703421, -636348654.0509464], [-636348654.0509464, 16157685594.54832]], [[4682108326.563188, 558471906.9581888], [558471906.9581888, 16163510309.53943]]]",4401253046077.867,20158280984531.348,8.0,8.400002116104588e-08,2.000014195056854e-15,False,False,/private/tmp/oneD-v2-taylor-peierls-pf-runs-300um/oneD_v2_DBTT_control/T1100K_seed1008666/steps_1100K.csv,0991053a3c1df8f64f0040008d38dbcc608f5d82f2f0b519f03bce43cdd08e8e,/private/tmp/oneD-v2-taylor-peierls-pf-runs-300um/oneD_v2_DBTT_control/T1100K_seed1008666/anisotropic_emission_audit_v10174.json,d63211d73e7c4cd31b00243541bdd337022c214117540a1fba04553fb914bec1,FULL_ACTIVE_AND_WAKE_SPATIAL_PROFILE_OBSERVER,PF_MODEL_NATIVE_DRIVING_TRAJECTORY_NOT_RESISTANCE
DBTT,CONTROL,v913_zeroD_sobol_0202500,oneD_v2_DBTT_control,1100.0,1008666,300.0,29,1,413,1552.6350690625413,3.6967501644346275e-05,7906771.211170829,23316.290602893325,101.84751219987918,101.84751219987918,101.84751219987918,-0.6200450756405775,34.122912831961024,13613072659.121838,138.07027265511888,140.36761275074375,2.2973400956248753,8.908583535115977,0.1378948155359398,8.713565813577848,1.2152440832890953e-08,30616.660618272377,1609.1091453215383,"[5315728553.2239275, -5461897757.017888]","[[6453664270.955047, -257246577.4366966], [-257246577.4366966, 16653338107.972296]]","[[[5166322101.090115, -2357871411.874177], [-2357871411.874177, 15797779207.537971]], [[5040164623.601309, 2275471688.6771812], [2275471688.6771812, 15963960137.637087]]]",55015663075973.42,251978512306641.44,100.0,3.360000846441835e-07,7.999995793855214e-15,False,False,/private/tmp/oneD-v2-taylor-peierls-pf-runs-300um/oneD_v2_DBTT_control/T1100K_seed1008666/steps_1100K.csv,0991053a3c1df8f64f0040008d38dbcc608f5d82f2f0b519f03bce43cdd08e8e,/private/tmp/oneD-v2-taylor-peierls-pf-runs-300um/oneD_v2_DBTT_control/T1100K_seed1008666/anisotropic_emission_audit_v10174.json,d63211d73e7c4cd31b00243541bdd337022c214117540a1fba04553fb914bec1,FULL_ACTIVE_AND_WAKE_SPATIAL_PROFILE_OBSERVER,PF_MODEL_NATIVE_DRIVING_TRAJECTORY_NOT_RESISTANCE
DBTT,CONTROL,v913_zeroD_sobol_0202500,oneD_v2_DBTT_control,1100.0,1008666,300.0,30,1,417,1552.6350693985414,3.696750165234627e-05,7906771.2128819,23328.631963860593,101.87446268381885,101.87446268381885,101.87446268381885,-0.6218608659352317,32.38491306524504,12919711068.851007,140.36761275074375,142.66495284636866,2.2973400956249295,9.895669707031212,0.130020714542221,9.241151674052318,1.3492126528971372e-08,33993.96692409765,1685.3365825377027,"[5624631529.265166, -5797491193.748826]","[[6753369278.068904, -123407752.52960739], [-123407752.52960739, 15876521055.28555]]","[[[5741135701.89945, -1510951388.20781], [-1510951388.20781, 16990398760.429783]], [[5566484496.85364, 1490095111.9136424], [1490095111.9136424, 17161466884.351294]]]",9902819353675.203,45356132215195.53,18.0,3.360000846441835e-07,8.000002570118792e-15,False,False,/private/tmp/oneD-v2-taylor-peierls-pf-runs-300um/oneD_v2_DBTT_control/T1100K_seed1008666/steps_1100K.csv,0991053a3c1df8f64f0040008d38dbcc608f5d82f2f0b519f03bce43cdd08e8e,/private/tmp/oneD-v2-taylor-peierls-pf-runs-300um/oneD_v2_DBTT_control/T1100K_seed1008666/anisotropic_emission_audit_v10174.json,d63211d73e7c4cd31b00243541bdd337022c214117540a1fba04553fb914bec1,FULL_ACTIVE_AND_WAKE_SPATIAL_PROFILE_OBSERVER,PF_MODEL_NATIVE_DRIVING_TRAJECTORY_NOT_RESISTANCE
DBTT,CONTROL,v913_zeroD_sobol_0202500,oneD_v2_DBTT_control,1100.0,1008666,300.0,31,1,421,1552.6350697345415,3.696750166034627e-05,7900536.588866116,23920.343307983887,103.15835296226346,103.15835296226346,103.15835296226346,-0.47137910164116165,35.31431404488353,14088372975.87818,142.66495284636866,144.96229294199355,2.2973400956248753,8.53310813909403,0.14128892876302263,8.502668266504909,1.1318661565488294e-08,28514.64708646974,1579.22601647314,"[4931850618.295465, -5167666601.162275]","[[5720880379.566929, -619196947.4270638], [-619196947.4270638, 16684723895.36694]]","[[[4588735266.779015, -2787669568.3548827], [-2787669568.3548827, 14452436503.369947]], [[4389348875.118634, 2753982808.536872], [2753982808.536872, 14724682077.443186]]]",4401253046077.867,20158280984531.344,8.0,9.296718417317607e-07,2.213507155346406e-14,False,False,/private/tmp/oneD-v2-taylor-peierls-pf-runs-300um/oneD_v2_DBTT_control/T1100K_seed1008666/steps_1100K.csv,0991053a3c1df8f64f0040008d38dbcc608f5d82f2f0b519f03bce43cdd08e8e,/private/tmp/oneD-v2-taylor-peierls-pf-runs-300um/oneD_v2_DBTT_control/T1100K_seed1008666/anisotropic_emission_audit_v10174.json,d63211d73e7c4cd31b00243541bdd337022c214117540a1fba04553fb914bec1,FULL_ACTIVE_AND_WAKE_SPATIAL_PROFILE_OBSERVER,PF_MODEL_NATIVE_DRIVING_TRAJECTORY_NOT_RESISTANCE
DBTT,CONTROL,v913_zeroD_sobol_0202500,oneD_v2_DBTT_control,1100.0,1008666,300.0,32,1,431,1552.6350706642133,3.6967501682481345e-05,7901238.990705535,22934.603276075282,101.01045127353477,101.01045127353477,101.01045127353477,-0.44895531250008097,32.9241363274719,13134830026.72929,144.96229294199355,149.03043363509101,4.068140693097474,9.412475096574854,0.13370198922888,8.98687679110177,1.3006228984193054e-08,32768.58266546622,1648.4304078943676,"[6091733056.189879, -5929378211.218609]","[[8816352491.508896, 102147343.5478806], [102147343.5478806, 17312271210.630657]]","[[[5232137603.403957, -804332212.231178], [-804332212.231178, 17415603715.78372]], [[5537054590.010057, 866369096.0076774], [866369096.0076774, 17395811012.447277]]]",3300939784558.4004,15118710738398.508,6.0,6.72000169288367e-07,1.6000005140237583e-14,False,False,/private/tmp/oneD-v2-taylor-peierls-pf-runs-300um/oneD_v2_DBTT_control/T1100K_seed1008666/steps_1100K.csv,0991053a3c1df8f64f0040008d38dbcc608f5d82f2f0b519f03bce43cdd08e8e,/private/tmp/oneD-v2-taylor-peierls-pf-runs-300um/oneD_v2_DBTT_control/T1100K_seed1008666/anisotropic_emission_audit_v10174.json,d63211d73e7c4cd31b00243541bdd337022c214117540a1fba04553fb914bec1,FULL_ACTIVE_AND_WAKE_SPATIAL_PROFILE_OBSERVER,PF_MODEL_NATIVE_DRIVING_TRAJECTORY_NOT_RESISTANCE
DBTT,CONTROL,v913_zeroD_sobol_0202500,oneD_v2_DBTT_control,1100.0,1008666,300.0,33,1,439,1552.6350713362135,3.696750169848135e-05,7896119.576073388,23452.06211818071,102.14361245617316,102.14361245617316,102.14361245617316,-0.40951101656615263,32.399670021290945,12925598242.547743,149.03043363509101,151.77625981260204,2.745826177511022,9.93896708359479,0.1297054969173028,9.26411166263318,1.3639464670418736e-08,34366.70911803425,1688.6068332384395,"[6087701977.730011, -5954951072.0469475]","[[8629538091.364317, 209098201.23344278], [209098201.23344278, 16656548081.333086]]","[[[4795521196.175829, -1064879448.7827733], [-1064879448.7827733, 16970925151.63585]], [[5030857854.40884, 1066890752.8091824], [1066890752.8091824, 16940759998.502735]]]",1100313261519.4668,5039570246132.836,2.0,2.1075675249448977e-06,5.018016303046449e-14,False,False,/private/tmp/oneD-v2-taylor-peierls-pf-runs-300um/oneD_v2_DBTT_control/T1100K_seed1008666/steps_1100K.csv,0991053a3c1df8f64f0040008d38dbcc608f5d82f2f0b519f03bce43cdd08e8e,/private/tmp/oneD-v2-taylor-peierls-pf-runs-300um/oneD_v2_DBTT_control/T1100K_seed1008666/anisotropic_emission_audit_v10174.json,d63211d73e7c4cd31b00243541bdd337022c214117540a1fba04553fb914bec1,FULL_ACTIVE_AND_WAKE_SPATIAL_PROFILE_OBSERVER,PF_MODEL_NATIVE_DRIVING_TRAJECTORY_NOT_RESISTANCE
DBTT,CONTROL,v913_zeroD_sobol_0202500,oneD_v2_DBTT_control,1100.0,1008666,300.0,34,1,449,1552.635073443781,3.696750174866151e-05,7892990.817291384,23766.794483198006,102.82672424668924,102.82672424668924,102.82672424668924,-0.26320787707271326,30.63896255246014,12223177589.812548,151.77625981260204,161.20661797683053,9.430358164228469,11.263254302209365,0.12104983999887672,9.926815416724883,1.5368186724865242e-08,38719.62320391217,1785.899508359432,"[6280036716.504018, -6163336519.775452]","[[8195632676.882066, 26873544.902659822], [26873544.902659822, 15503881137.399916]]","[[[5436294178.854664, -1108303501.3546927], [-1108303501.3546927, 17996367611.862698]], [[5645460935.06256, 1096752772.9482157], [1096752772.9482157, 17972133974.613464]]]",8802506092155.734,40316561969062.69,16.0,2.5200006348313764e-07,6.000001927589094e-15,False,False,/private/tmp/oneD-v2-taylor-peierls-pf-runs-300um/oneD_v2_DBTT_control/T1100K_seed1008666/steps_1100K.csv,0991053a3c1df8f64f0040008d38dbcc608f5d82f2f0b519f03bce43cdd08e8e,/private/tmp/oneD-v2-taylor-peierls-pf-runs-300um/oneD_v2_DBTT_control/T1100K_seed1008666/anisotropic_emission_audit_v10174.json,d63211d73e7c4cd31b00243541bdd337022c214117540a1fba04553fb914bec1,FULL_ACTIVE_AND_WAKE_SPATIAL_PROFILE_OBSERVER,PF_MODEL_NATIVE_DRIVING_TRAJECTORY_NOT_RESISTANCE
DBTT,CONTROL,v913_zeroD_sobol_0202500,oneD_v2_DBTT_control,1100.0,1008666,300.0,35,1,452,1552.635073695781,3.6967501754661515e-05,7879503.777765551,24948.624772963944,105.35229505350932,105.35229505350932,105.35229505350932,-0.19977611982434065,33.320839900253205,13293091854.698061,161.20661797683053,163.5039580724554,2.2973400956248753,9.996687638311927,0.12928881775191597,9.293784535719109,1.3513272280744836e-08,34047.66280562719,1692.9572615320367,"[5449829629.426762, -5590439855.4798565]","[[7226281880.861662, 57625873.17185778], [57625873.17185778, 15874423475.200851]]","[[[6036943364.618119, -1689274985.7823634], [-1689274985.7823634, 16936602623.471643]], [[5915681613.987195, 1649375488.558022], [1649375488.558022, 17096561324.94691]]]",8802506092155.734,40316561969062.69,16.0,1.051023446052568e-06,2.5024402580502147e-14,False,False,/private/tmp/oneD-v2-taylor-peierls-pf-runs-300um/oneD_v2_DBTT_control/T1100K_seed1008666/steps_1100K.csv,0991053a3c1df8f64f0040008d38dbcc608f5d82f2f0b519f03bce43cdd08e8e,/private/tmp/oneD-v2-taylor-peierls-pf-runs-300um/oneD_v2_DBTT_control/T1100K_seed1008666/anisotropic_emission_audit_v10174.json,d63211d73e7c4cd31b00243541bdd337022c214117540a1fba04553fb914bec1,FULL_ACTIVE_AND_WAKE_SPATIAL_PROFILE_OBSERVER,PF_MODEL_NATIVE_DRIVING_TRAJECTORY_NOT_RESISTANCE
DBTT,CONTROL,v913_zeroD_sobol_0202500,oneD_v2_DBTT_control,1100.0,1008666,300.0,36,1,462,1552.6350747468045,3.696750177968592e-05,7873170.125407207,25389.003009590582,106.27803569012771,106.27803569012771,106.27803569012771,-0.13139306134741427,34.95526697964535,13945133920.900614,163.5039580724554,168.10312112722474,4.599163054769354,9.244039460248167,0.1350606826703555,8.895108922155249,1.2787950255928053e-08,32215.635891204263,1635.3836046939316,"[4704470384.033845, -4916313780.154777]","[[5556413010.349866, -357121585.84268767], [-357121585.84268767, 14823331011.50412]]","[[[4869144749.277375, -2975500568.8338385], [-2975500568.8338385, 14278085517.345066]], [[4675879191.314519, 2898035812.3211575], [2898035812.3211575, 14508506751.624073]]]",3300939784558.4004,15118710738398.508,6.0,1.115949999075383e-06,2.6570203827923355e-14,False,False,/private/tmp/oneD-v2-taylor-peierls-pf-runs-300um/oneD_v2_DBTT_control/T1100K_seed1008666/steps_1100K.csv,0991053a3c1df8f64f0040008d38dbcc608f5d82f2f0b519f03bce43cdd08e8e,/private/tmp/oneD-v2-taylor-peierls-pf-runs-300um/oneD_v2_DBTT_control/T1100K_seed1008666/anisotropic_emission_audit_v10174.json,d63211d73e7c4cd31b00243541bdd337022c214117540a1fba04553fb914bec1,FULL_ACTIVE_AND_WAKE_SPATIAL_PROFILE_OBSERVER,PF_MODEL_NATIVE_DRIVING_TRAJECTORY_NOT_RESISTANCE
DBTT,CONTROL,v913_zeroD_sobol_0202500,oneD_v2_DBTT_control,1100.0,1008666,300.0,37,1,472,1552.6350758627545,3.696750180625612e-05,7906938.422817038,13349.986648392944,77.06569706636098,77.06569706636098,77.06569706636098,-0.07135472119950098,27.061161367580794,10795841426.293835,168.10312112722474,172.98639028131274,4.883269154088001,8.110158837633573,0.1454296648764603,8.262743312053741,1.1055590222704164e-08,27854.56370839039,1544.938768850829,"[5225071947.929208, -5256000525.462855]","[[5598907231.361794, -105367951.54935347], [-105367951.54935347, 13452876042.866253]]","[[[2952615485.5133467, -746954698.3185267], [-746954698.3185267, 13402759381.371763]], [[2867929785.3007617, 668076001.1152855], [668076001.1152855, 13379930836.226473]]]",3300939784558.4004,15118710738398.508,6.0,3.360000846441835e-07,7.999995793855214e-15,False,False,/private/tmp/oneD-v2-taylor-peierls-pf-runs-300um/oneD_v2_DBTT_control/T1100K_seed1008666/steps_1100K.csv,0991053a3c1df8f64f0040008d38dbcc608f5d82f2f0b519f03bce43cdd08e8e,/private/tmp/oneD-v2-taylor-peierls-pf-runs-300um/oneD_v2_DBTT_control/T1100K_seed1008666/anisotropic_emission_audit_v10174.json,d63211d73e7c4cd31b00243541bdd337022c214117540a1fba04553fb914bec1,FULL_ACTIVE_AND_WAKE_SPATIAL_PROFILE_OBSERVER,PF_MODEL_NATIVE_DRIVING_TRAJECTORY_NOT_RESISTANCE
DBTT,CONTROL,v913_zeroD_sobol_0202500,oneD_v2_DBTT_control,1100.0,1008666,300.0,38,1,476,1552.6350761987546,3.696750181425612e-05,7904185.666374169,13025.9720605548,76.12473020976148,76.12473020976148,76.12473020976148,-0.05716925901315296,25.833783497228463,10306188499.781221,172.98639028131274,175.28373037693768,2.2973400956249295,8.683113977339213,0.13990313346990652,8.589213983338249,1.153512130439004e-08,29063.239460308847,1591.2259461011017,"[5307414206.589779, -5337334701.617683]","[[5619666574.728014, 45359472.51417309], [45359472.51417309, 12858860564.467066]]","[[[2792180785.73359, -695981848.2034854], [-695981848.2034854, 13407009198.913149]], [[2709482202.0726585, 617968057.1959417], [617968057.1959417, 13384151605.308025]]]",4401253046077.867,20158280984531.344,8.0,7.560001904494129e-07,1.800001255903086e-14,False,False,/private/tmp/oneD-v2-taylor-peierls-pf-runs-300um/oneD_v2_DBTT_control/T1100K_seed1008666/steps_1100K.csv,0991053a3c1df8f64f0040008d38dbcc608f5d82f2f0b519f03bce43cdd08e8e,/private/tmp/oneD-v2-taylor-peierls-pf-runs-300um/oneD_v2_DBTT_control/T1100K_seed1008666/anisotropic_emission_audit_v10174.json,d63211d73e7c4cd31b00243541bdd337022c214117540a1fba04553fb914bec1,FULL_ACTIVE_AND_WAKE_SPATIAL_PROFILE_OBSERVER,PF_MODEL_NATIVE_DRIVING_TRAJECTORY_NOT_RESISTANCE
DBTT,CONTROL,v913_zeroD_sobol_0202500,oneD_v2_DBTT_control,1100.0,1008666,300.0,39,1,485,1552.6350769547548,3.696750183225613e-05,7902511.688921679,12919.913984494668,75.8141912485025,75.8141912485025,75.8141912485025,-0.03579051538573975,25.548261109212703,10192281547.200552,175.28373037693768,178.50972988901748,3.2259995120798024,8.805992692952817,0.13879783069268686,8.657628209145841,1.1708834792303727e-08,29501.376956239383,1600.9947488276885,"[5096027593.780461, -5124103293.758372]","[[5169576806.372665, -65128136.07671763], [-65128136.07671763, 12131753547.90502]]","[[[2935423643.244046, -626148673.6259613], [-626148673.6259613, 13127478830.80497]], [[2856272330.977775, 543783141.1020391], [543783141.1020391, 13104478918.49452]]]",3300939784558.4004,15118710738398.508,6.0,2.272751999043976e-06,5.411317417379144e-14,False,False,/private/tmp/oneD-v2-taylor-peierls-pf-runs-300um/oneD_v2_DBTT_control/T1100K_seed1008666/steps_1100K.csv,0991053a3c1df8f64f0040008d38dbcc608f5d82f2f0b519f03bce43cdd08e8e,/private/tmp/oneD-v2-taylor-peierls-pf-runs-300um/oneD_v2_DBTT_control/T1100K_seed1008666/anisotropic_emission_audit_v10174.json,d63211d73e7c4cd31b00243541bdd337022c214117540a1fba04553fb914bec1,FULL_ACTIVE_AND_WAKE_SPATIAL_PROFILE_OBSERVER,PF_MODEL_NATIVE_DRIVING_TRAJECTORY_NOT_RESISTANCE
DBTT,CONTROL,v913_zeroD_sobol_0202500,oneD_v2_DBTT_control,1100.0,1008666,300.0,40,1,495,1552.6350792275068,3.6967501886369304e-05,7900497.622100671,12768.420582363957,75.36839816111825,75.36839816111825,75.36839816111825,0.009662077426975153,26.23836187118917,10467591918.89021,178.50972988901748,188.74323545615385,10.233505567136367,8.25097241905087,0.14401091840341584,8.344176981126845,1.1110159904705163e-08,27991.31561332682,1556.429535747147,"[5129159526.259973, -5152507743.267693]","[[5127858737.932107, -67434754.5698392], [-67434754.5698392, 12747593221.265558]]","[[[3031597190.3023973, -593521087.377582], [-593521087.377582, 13289916242.822344]], [[2955728331.7246046, 506604005.29455507], [506604005.29455507, 13260743818.259989]]]",9902819353675.203,45356132215195.53,18.0,8.978486221167259e-07,2.1377349760168252e-14,False,False,/private/tmp/oneD-v2-taylor-peierls-pf-runs-300um/oneD_v2_DBTT_control/T1100K_seed1008666/steps_1100K.csv,0991053a3c1df8f64f0040008d38dbcc608f5d82f2f0b519f03bce43cdd08e8e,/private/tmp/oneD-v2-taylor-peierls-pf-runs-300um/oneD_v2_DBTT_control/T1100K_seed1008666/anisotropic_emission_audit_v10174.json,d63211d73e7c4cd31b00243541bdd337022c214117540a1fba04553fb914bec1,FULL_ACTIVE_AND_WAKE_SPATIAL_PROFILE_OBSERVER,PF_MODEL_NATIVE_DRIVING_TRAJECTORY_NOT_RESISTANCE
DBTT,CONTROL,v913_zeroD_sobol_0202500,oneD_v2_DBTT_control,1100.0,1008666,300.0,41,1,505,1552.6350801253554,3.6967501907746654e-05,7891381.214719257,13153.785056047072,76.49729276042204,76.49729276042204,76.49729276042204,0.01486106682219026,27.44903745497543,10950581597.112236,188.74323545615385,192.6721214745897,3.928886018435832,7.766724350747574,0.1490737172867127,8.059768479506289,1.0447593014507647e-08,26323.042737938937,1516.5889285628768,"[5166147712.1298275, -5330419330.186445]","[[6259074046.500431, -66260547.04967174], [-66260547.04967174, 14062133838.879059]]","[[[3672536550.958453, -785720313.2512857], [-785720313.2512857, 14004831975.21811]], [[3332653132.0477123, 688765060.2609912], [688765060.2609912, 13993491792.420603]]]",3300939784558.4004,15118710738398.508,6.0,3.080497663177084e-06,7.334518599020831e-14,False,False,/private/tmp/oneD-v2-taylor-peierls-pf-runs-300um/oneD_v2_DBTT_control/T1100K_seed1008666/steps_1100K.csv,0991053a3c1df8f64f0040008d38dbcc608f5d82f2f0b519f03bce43cdd08e8e,/private/tmp/oneD-v2-taylor-peierls-pf-runs-300um/oneD_v2_DBTT_control/T1100K_seed1008666/anisotropic_emission_audit_v10174.json,d63211d73e7c4cd31b00243541bdd337022c214117540a1fba04553fb914bec1,FULL_ACTIVE_AND_WAKE_SPATIAL_PROFILE_OBSERVER,PF_MODEL_NATIVE_DRIVING_TRAJECTORY_NOT_RESISTANCE
DBTT,CONTROL,v913_zeroD_sobol_0202500,oneD_v2_DBTT_control,1100.0,1008666,300.0,42,1,515,1552.635083205853,3.696750198109184e-05,7888302.803250592,13142.44194211422,76.46430207931691,76.46430207931691,76.46430207931691,0.01752602925667698,27.29089581175834,10887492209.34078,192.6721214745897,205.90209166553421,13.229970190944528,7.8502208505498245,0.14816261188280963,8.109554426206685,1.0520125217093086e-08,26505.941039531204,1523.5243806322733,"[5211473697.796943, -5358115781.149133]","[[6211401117.584999, -100767789.71230166], [-100767789.71230166, 14010295957.677376]]","[[[3238213001.672375, -991376777.0659353], [-991376777.0659353, 13661160397.266262]], [[2922147496.8095064, 925647090.7470158], [925647090.7470158, 13638379059.107773]]]",5501566307597.334,25197851230664.18,10.0,8.400002116104588e-08,2.000000642529698e-15,False,False,/private/tmp/oneD-v2-taylor-peierls-pf-runs-300um/oneD_v2_DBTT_control/T1100K_seed1008666/steps_1100K.csv,0991053a3c1df8f64f0040008d38dbcc608f5d82f2f0b519f03bce43cdd08e8e,/private/tmp/oneD-v2-taylor-peierls-pf-runs-300um/oneD_v2_DBTT_control/T1100K_seed1008666/anisotropic_emission_audit_v10174.json,d63211d73e7c4cd31b00243541bdd337022c214117540a1fba04553fb914bec1,FULL_ACTIVE_AND_WAKE_SPATIAL_PROFILE_OBSERVER,PF_MODEL_NATIVE_DRIVING_TRAJECTORY_NOT_RESISTANCE
DBTT,CONTROL,v913_zeroD_sobol_0202500,oneD_v2_DBTT_control,1100.0,1008666,300.0,43,1,516,1552.6350832898531,3.696750198309184e-05,7878250.920758227,13250.514294425668,76.77804735380295,76.77804735380295,76.77804735380295,0.012241742578068926,26.971422108639516,10760040641.690266,205.90209166553421,208.1994317611591,2.2973400956249024,8.103384265793023,0.14549898257081853,8.258840862919357,1.0905978344126735e-08,27479.76825593259,1544.3840173013489,"[5112083970.168335, -5117279201.57732]","[[5052752554.705654, -27019838.10804979], [-27019838.10804979, 13185714595.13359]]","[[[4174794414.4987025, -1255290937.266722], [-1255290937.266722, 14398962354.835373]], [[3877809849.1420965, 700025258.0915556], [700025258.0915556, 14112368252.296738]]]",55015663075973.42,251978512306641.44,100.0,3.360000846441835e-07,8.000002570118792e-15,False,False,/private/tmp/oneD-v2-taylor-peierls-pf-runs-300um/oneD_v2_DBTT_control/T1100K_seed1008666/steps_1100K.csv,0991053a3c1df8f64f0040008d38dbcc608f5d82f2f0b519f03bce43cdd08e8e,/private/tmp/oneD-v2-taylor-peierls-pf-runs-300um/oneD_v2_DBTT_control/T1100K_seed1008666/anisotropic_emission_audit_v10174.json,d63211d73e7c4cd31b00243541bdd337022c214117540a1fba04553fb914bec1,FULL_ACTIVE_AND_WAKE_SPATIAL_PROFILE_OBSERVER,PF_MODEL_NATIVE_DRIVING_TRAJECTORY_NOT_RESISTANCE
DBTT,CONTROL,v913_zeroD_sobol_0202500,oneD_v2_DBTT_control,1100.0,1008666,300.0,44,1,520,1552.6350836258532,3.696750199109184e-05,7874328.3688653475,13397.634893853983,77.20310449048597,77.20310449048597,77.20310449048597,0.008141243644769949,28.611629411807165,11414388683.547052,208.1994317611591,210.49677185678402,2.2973400956249024,7.280887933976366,0.15473054984520337,7.765739395010509,9.423956727715527e-09,23745.51459021026,1475.6702559410867,"[4291200599.8772407, -4361193397.889633]","[[4209031460.1484213, -32277156.9505982], [-32277156.9505982, 12748369925.417206]]","[[[3550652707.62647, -1794684250.1157444], [-1794684250.1157444, 12133053907.380953]], [[3309322974.939371, 1943936393.178899], [1943936393.178899, 12031709770.718637]]]",4401253046077.867,20158280984531.344,8.0,1.5383375284727663e-06,3.6627127654627334e-14,False,False,/private/tmp/oneD-v2-taylor-peierls-pf-runs-300um/oneD_v2_DBTT_control/T1100K_seed1008666/steps_1100K.csv,0991053a3c1df8f64f0040008d38dbcc608f5d82f2f0b519f03bce43cdd08e8e,/private/tmp/oneD-v2-taylor-peierls-pf-runs-300um/oneD_v2_DBTT_control/T1100K_seed1008666/anisotropic_emission_audit_v10174.json,d63211d73e7c4cd31b00243541bdd337022c214117540a1fba04553fb914bec1,FULL_ACTIVE_AND_WAKE_SPATIAL_PROFILE_OBSERVER,PF_MODEL_NATIVE_DRIVING_TRAJECTORY_NOT_RESISTANCE
DBTT,CONTROL,v913_zeroD_sobol_0202500,oneD_v2_DBTT_control,1100.0,1008666,300.0,45,1,530,1552.6350851641907,3.696750202771897e-05,7780313.298705797,22079.089993370853,99.10858602718423,99.10858602718423,99.10858602718423,-0.004117716398884491,32.89300410425228,13122410066.604088,210.49677185678402,217.22836324016038,6.731591383376352,9.078528929574391,0.13643695481914067,8.807486325410313,1.2284772312030213e-08,30948.85331859968,1622.4690004741872,"[5673852978.9690485, -5693744006.61423]","[[8689687905.929052, -25130082.99157056], [-25130082.99157056, 16792972842.374802]]","[[[5482738871.438453, -843483156.0903894], [-843483156.0903894, 16830444829.37655]], [[5421208189.450344, 795681828.9287372], [795681828.9287372, 16808696202.678806]]]",4401253046077.867,20158280984531.348,8.0,4.200001058052294e-07,1.000000321264849e-14,False,False,/private/tmp/oneD-v2-taylor-peierls-pf-runs-300um/oneD_v2_DBTT_control/T1100K_seed1008666/steps_1100K.csv,0991053a3c1df8f64f0040008d38dbcc608f5d82f2f0b519f03bce43cdd08e8e,/private/tmp/oneD-v2-taylor-peierls-pf-runs-300um/oneD_v2_DBTT_control/T1100K_seed1008666/anisotropic_emission_audit_v10174.json,d63211d73e7c4cd31b00243541bdd337022c214117540a1fba04553fb914bec1,FULL_ACTIVE_AND_WAKE_SPATIAL_PROFILE_OBSERVER,PF_MODEL_NATIVE_DRIVING_TRAJECTORY_NOT_RESISTANCE
DBTT,CONTROL,v913_zeroD_sobol_0202500,oneD_v2_DBTT_control,1100.0,1008666,300.0,46,1,535,1552.6350855841908,3.6967502037718974e-05,7772584.866401405,22966.46362153378,101.08058789053015,101.08058789053015,101.08058789053015,-0.015160902782761247,31.390149332926185,12522857757.019083,217.22836324016038,219.5257033357853,2.2973400956249295,10.369283650430098,0.12669239179296646,9.485050817208425,1.412490746777606e-08,35585.48616384178,1720.7912858455995,"[5836504022.365748, -5832039511.454894]","[[8213137200.362835, -61215892.346806265], [-61215892.346806265, 15356572512.330265]]","[[[5717030507.804979, -1277731516.8650784], [-1277731516.8650784, 17390038552.536476]], [[5683644415.617856, 1226947213.424267], [1226947213.424267, 17347723438.527645]]]",7702192830636.268,35276991722929.85,14.0,1.6306125871778931e-06,3.882412783189765e-14,False,False,/private/tmp/oneD-v2-taylor-peierls-pf-runs-300um/oneD_v2_DBTT_control/T1100K_seed1008666/steps_1100K.csv,0991053a3c1df8f64f0040008d38dbcc608f5d82f2f0b519f03bce43cdd08e8e,/private/tmp/oneD-v2-taylor-peierls-pf-runs-300um/oneD_v2_DBTT_control/T1100K_seed1008666/anisotropic_emission_audit_v10174.json,d63211d73e7c4cd31b00243541bdd337022c214117540a1fba04553fb914bec1,FULL_ACTIVE_AND_WAKE_SPATIAL_PROFILE_OBSERVER,PF_MODEL_NATIVE_DRIVING_TRAJECTORY_NOT_RESISTANCE
DBTT,CONTROL,v913_zeroD_sobol_0202500,oneD_v2_DBTT_control,1100.0,1008666,300.0,47,1,545,1552.6350872148034,3.69675020765431e-05,7769007.432215648,23406.71513063608,102.04481205361763,102.04481205361763,102.04481205361763,-0.03935012166158871,33.13278835257189,13218070141.433058,219.5257033357853,226.66107911389597,7.13537577811066,9.485623606574752,0.13312456975252618,9.02664508710602,1.2916416382515248e-08,32541.573731349312,1654.066679662991,"[5604487234.851546, -5570444880.899343]","[[7881020190.556425, -48320424.18332477], [-48320424.18332477, 16218197162.93818]]","[[[5517268271.07596, -1329077200.570403], [-1329077200.570403, 16726242740.779053]], [[5510709417.007443, 1277923761.3673663], [1277923761.3673663, 16651599178.80613]]]",4401253046077.867,20158280984531.344,8.0,2.5200006348313764e-07,6.000001927589094e-15,False,False,/private/tmp/oneD-v2-taylor-peierls-pf-runs-300um/oneD_v2_DBTT_control/T1100K_seed1008666/steps_1100K.csv,0991053a3c1df8f64f0040008d38dbcc608f5d82f2f0b519f03bce43cdd08e8e,/private/tmp/oneD-v2-taylor-peierls-pf-runs-300um/oneD_v2_DBTT_control/T1100K_seed1008666/anisotropic_emission_audit_v10174.json,d63211d73e7c4cd31b00243541bdd337022c214117540a1fba04553fb914bec1,FULL_ACTIVE_AND_WAKE_SPATIAL_PROFILE_OBSERVER,PF_MODEL_NATIVE_DRIVING_TRAJECTORY_NOT_RESISTANCE
DBTT,CONTROL,v913_zeroD_sobol_0202500,oneD_v2_DBTT_control,1100.0,1008666,300.0,48,1,548,1552.6350874668035,3.69675020825431e-05,7759455.03887458,24598.530428016507,104.61049964381122,104.61049964381122,104.61049964381122,-0.05595370541174455,33.54336884564248,13381868059.626984,226.66107911389597,228.95841920952083,2.2973400956248753,9.726065662981904,0.13127799079598124,9.153658320945876,1.314128894768598e-08,33113.20176486091,1672.4688077513706,"[5507568884.155176, -5531742919.593362]","[[7386745358.092377, -58205367.5661978], [-58205367.5661978, 16360715343.518442]]","[[[6151852983.91934, -1677562925.3581185], [-1677562925.3581185, 17166990752.229694]], [[6151912600.050701, 1555038365.529813], [1555038365.529813, 17215398439.237427]]]",2200626523038.9336,10079140492265.672,4.0,2.6104794415005017e-06,6.215431544009248e-14,False,False,/private/tmp/oneD-v2-taylor-peierls-pf-runs-300um/oneD_v2_DBTT_control/T1100K_seed1008666/steps_1100K.csv,0991053a3c1df8f64f0040008d38dbcc608f5d82f2f0b519f03bce43cdd08e8e,/private/tmp/oneD-v2-taylor-peierls-pf-runs-300um/oneD_v2_DBTT_control/T1100K_seed1008666/anisotropic_emission_audit_v10174.json,d63211d73e7c4cd31b00243541bdd337022c214117540a1fba04553fb914bec1,FULL_ACTIVE_AND_WAKE_SPATIAL_PROFILE_OBSERVER,PF_MODEL_NATIVE_DRIVING_TRAJECTORY_NOT_RESISTANCE
DBTT,CONTROL,v913_zeroD_sobol_0202500,oneD_v2_DBTT_control,1100.0,1008666,300.0,49,1,558,1552.635090077283,3.696750214469742e-05,7753049.755727797,25411.30188019883,106.32469683775514,106.32469683775514,106.32469683775514,-0.08906699536226707,35.73611658760832,14256647844.15193,228.95841920952083,240.01715839650478,11.058739186983964,8.852248430408766,0.13838849279507298,8.683265684764908,1.1885276764384672e-08,29944.284039118334,1604.6579834593415,"[4807534993.989144, -4794080583.039324]","[[5404223414.392313, -144746539.70437098], [-144746539.70437098, 15659909937.672476]]","[[[4946638406.997831, -2875276369.9143443], [-2875276369.9143443, 14561708394.97612]], [[4992031382.658938, 2758976784.1098604], [2758976784.1098604, 14580192548.737587]]]",3300939784558.4004,15118710738398.508,6.0,3.360000846441835e-07,8.000002570118792e-15,False,False,/private/tmp/oneD-v2-taylor-peierls-pf-runs-300um/oneD_v2_DBTT_control/T1100K_seed1008666/steps_1100K.csv,0991053a3c1df8f64f0040008d38dbcc608f5d82f2f0b519f03bce43cdd08e8e,/private/tmp/oneD-v2-taylor-peierls-pf-runs-300um/oneD_v2_DBTT_control/T1100K_seed1008666/anisotropic_emission_audit_v10174.json,d63211d73e7c4cd31b00243541bdd337022c214117540a1fba04553fb914bec1,FULL_ACTIVE_AND_WAKE_SPATIAL_PROFILE_OBSERVER,PF_MODEL_NATIVE_DRIVING_TRAJECTORY_NOT_RESISTANCE
DBTT,CONTROL,v913_zeroD_sobol_0202500,oneD_v2_DBTT_control,1100.0,1008666,300.0,50,1,562,1552.635090413283,3.696750215269742e-05,7748705.919078878,23754.21260058013,102.79950296858416,102.79950296858416,102.79950296858416,-0.10890754838562904,33.15553090461506,13227143107.007307,240.01715839650478,242.31449849212973,2.2973400956249295,9.613246019659083,0.13213480963091614,9.094304556752297,1.2919372240601005e-08,32552.057920173527,1663.8578053771155,"[5836537044.501233, -5820093279.951369]","[[8318476943.788037, 56503539.14546339], [56503539.14546339, 16937521511.41116]]","[[[5187377719.559176, -825809584.1160856], [-825809584.1160856, 16860451808.561642]], [[5236522311.272091, 891408025.2419919], [891408025.2419919, 16876708871.17483]]]",1100313261519.4668,5039570246132.836,2.0,2.5200006348313764e-07,6.000001927589094e-15,False,False,/private/tmp/oneD-v2-taylor-peierls-pf-runs-300um/oneD_v2_DBTT_control/T1100K_seed1008666/steps_1100K.csv,0991053a3c1df8f64f0040008d38dbcc608f5d82f2f0b519f03bce43cdd08e8e,/private/tmp/oneD-v2-taylor-peierls-pf-runs-300um/oneD_v2_DBTT_control/T1100K_seed1008666/anisotropic_emission_audit_v10174.json,d63211d73e7c4cd31b00243541bdd337022c214117540a1fba04553fb914bec1,FULL_ACTIVE_AND_WAKE_SPATIAL_PROFILE_OBSERVER,PF_MODEL_NATIVE_DRIVING_TRAJECTORY_NOT_RESISTANCE
DBTT,CONTROL,v913_zeroD_sobol_0202500,oneD_v2_DBTT_control,1100.0,1008666,300.0,51,1,565,1552.635090665283,3.696750215869742e-05,7746422.404285416,23485.959301119234,102.2174040589723,102.2174040589723,102.2174040589723,-0.1257278310196003,32.6385840210305,13020911138.42367,242.31449849212973,244.61183858775462,2.2973400956249024,9.808149481868078,0.13066496911572065,9.196622979025534,1.3410272005906046e-08,33789.36086976847,1678.7079783880367,"[5710238059.064428, -5693718588.061654]","[[8375951086.445586, 55018064.88210092], [55018064.88210092, 16030761346.13051]]","[[[4816382513.206213, -632237053.2935114], [-632237053.2935114, 16236858631.33507]], [[4854406208.578768, 695297925.1501564], [695297925.1501564, 16241843384.702076]]]",15404385661272.547,70553983445859.75,28.0,2.9728842037002323e-06,7.078296553487268e-14,False,False,/private/tmp/oneD-v2-taylor-peierls-pf-runs-300um/oneD_v2_DBTT_control/T1100K_seed1008666/steps_1100K.csv,0991053a3c1df8f64f0040008d38dbcc608f5d82f2f0b519f03bce43cdd08e8e,/private/tmp/oneD-v2-taylor-peierls-pf-runs-300um/oneD_v2_DBTT_control/T1100K_seed1008666/anisotropic_emission_audit_v10174.json,d63211d73e7c4cd31b00243541bdd337022c214117540a1fba04553fb914bec1,FULL_ACTIVE_AND_WAKE_SPATIAL_PROFILE_OBSERVER,PF_MODEL_NATIVE_DRIVING_TRAJECTORY_NOT_RESISTANCE
DBTT,CONTROL,v913_zeroD_sobol_0202500,oneD_v2_DBTT_control,1100.0,1008666,300.0,52,1,575,1552.6350936381673,3.696750222948039e-05,7744091.807518915,23197.614862720693,101.58798875520027,101.58798875520027,101.58798875520027,-0.18648064592462196,32.102996154643236,12807242493.651796,244.61183858775462,257.4326195078266,12.820780920071964,10.013677281165478,0.129166934086165,9.303299050111107,1.3595354177425648e-08,34252.68558836603,1694.2357846997563,"[5872162622.844616, -5853995465.639159]","[[8591391804.879232, 63936471.24125595], [63936471.24125595, 16599652850.373041]]","[[[5039690453.393588, -774666191.9266468], [-774666191.9266468, 16784015699.082819]], [[5082240734.889723, 839403972.5546896], [839403972.5546896, 16790231666.168041]]]",6601879569116.801,30237421476797.016,12.0,8.400002116104588e-08,2.000014195056854e-15,False,False,/private/tmp/oneD-v2-taylor-peierls-pf-runs-300um/oneD_v2_DBTT_control/T1100K_seed1008666/steps_1100K.csv,0991053a3c1df8f64f0040008d38dbcc608f5d82f2f0b519f03bce43cdd08e8e,/private/tmp/oneD-v2-taylor-peierls-pf-runs-300um/oneD_v2_DBTT_control/T1100K_seed1008666/anisotropic_emission_audit_v10174.json,d63211d73e7c4cd31b00243541bdd337022c214117540a1fba04553fb914bec1,FULL_ACTIVE_AND_WAKE_SPATIAL_PROFILE_OBSERVER,PF_MODEL_NATIVE_DRIVING_TRAJECTORY_NOT_RESISTANCE
DBTT,CONTROL,v913_zeroD_sobol_0202500,oneD_v2_DBTT_control,1100.0,1008666,300.0,53,1,576,1552.6350937221673,3.69675022314804e-05,7728695.977956746,21462.57862776887,97.71509192479498,97.71509192479498,97.71509192479498,-0.1916023494989316,31.13608444517417,12421500531.32936,257.4326195078266,259.7299596034515,2.2973400956249024,9.849071651585717,0.13036254307374096,9.217967256150537,1.3586259230247113e-08,34229.24660945517,1681.810382130719,"[5798136392.174242, -5809138582.368043]","[[6569883954.077781, 59112895.20122182], [59112895.20122182, 15475812826.802094]]","[[[6093601831.633705, -1003896211.8223621], [-1003896211.8223621, 17689874615.98219]], [[6099191203.993295, 1061953401.2450808], [1061953401.2450808, 17717468368.72938]]]",55015663075973.42,251978512306641.44,100.0,4.200001058052294e-07,9.999996436384911e-15,False,False,/private/tmp/oneD-v2-taylor-peierls-pf-runs-300um/oneD_v2_DBTT_control/T1100K_seed1008666/steps_1100K.csv,0991053a3c1df8f64f0040008d38dbcc608f5d82f2f0b519f03bce43cdd08e8e,/private/tmp/oneD-v2-taylor-peierls-pf-runs-300um/oneD_v2_DBTT_control/T1100K_seed1008666/anisotropic_emission_audit_v10174.json,d63211d73e7c4cd31b00243541bdd337022c214117540a1fba04553fb914bec1,FULL_ACTIVE_AND_WAKE_SPATIAL_PROFILE_OBSERVER,PF_MODEL_NATIVE_DRIVING_TRAJECTORY_NOT_RESISTANCE
DBTT,CONTROL,v913_zeroD_sobol_0202500,oneD_v2_DBTT_control,1100.0,1008666,300.0,54,1,581,1552.6350941421674,3.69675022414804e-05,7722566.579866435,21213.57745421917,97.14661048230556,97.14661048230556,97.14661048230556,-0.17346795324938744,32.843644586720586,13102718468.120481,259.7299596034515,262.02729969907637,2.2973400956249024,8.748883168219916,0.13930826515914782,8.62585678507229,1.1817746782959379e-08,29773.741926664665,1596.4613512229407,"[5028413197.582686, -5070732151.510806]","[[5930103105.59963, 67523186.17656675], [67523186.17656675, 15227981028.763819]]","[[[5036820401.102285, -2068178178.1396203], [-2068178178.1396203, 15093646796.26766]], [[5014979177.9266815, 2100769147.216695], [2100769147.216695, 15156443480.948296]]]",11003132615194.672,50395702461328.375,20.0,3.879869154843618e-06,9.237781980336868e-14,False,False,/private/tmp/oneD-v2-taylor-peierls-pf-runs-300um/oneD_v2_DBTT_control/T1100K_seed1008666/steps_1100K.csv,0991053a3c1df8f64f0040008d38dbcc608f5d82f2f0b519f03bce43cdd08e8e,/private/tmp/oneD-v2-taylor-peierls-pf-runs-300um/oneD_v2_DBTT_control/T1100K_seed1008666/anisotropic_emission_audit_v10174.json,d63211d73e7c4cd31b00243541bdd337022c214117540a1fba04553fb914bec1,FULL_ACTIVE_AND_WAKE_SPATIAL_PROFILE_OBSERVER,PF_MODEL_NATIVE_DRIVING_TRAJECTORY_NOT_RESISTANCE
DBTT,CONTROL,v913_zeroD_sobol_0202500,oneD_v2_DBTT_control,1100.0,1008666,300.0,55,1,591,1552.6350980220366,3.696750233385822e-05,7742750.785594821,15088.416461577532,81.92991922173024,81.92991922173024,81.92991922173024,-0.20737802738867184,27.35938526836763,10914815549.343946,262.02729969907637,279.2579249532601,17.23062525418374,8.96752060299948,0.13738395010471574,8.7467543046405,1.1938482204474613e-08,30076.555215806333,1613.753846943206,"[5537780413.732293, -5563552659.822782]","[[5712404698.008209, -34480021.663185954], [-34480021.663185954, 14035620859.01746]]","[[[2927860085.483307, -780874011.8937691], [-780874011.8937691, 14003420912.947893]], [[2866550697.5953274, 736355272.0147802], [736355272.0147802, 13993656017.24089]]]",14304072399753.078,65514413199726.91,26.0,3.413645117689157e-06,8.127728362301162e-14,False,False,/private/tmp/oneD-v2-taylor-peierls-pf-runs-300um/oneD_v2_DBTT_control/T1100K_seed1008666/steps_1100K.csv,0991053a3c1df8f64f0040008d38dbcc608f5d82f2f0b519f03bce43cdd08e8e,/private/tmp/oneD-v2-taylor-peierls-pf-runs-300um/oneD_v2_DBTT_control/T1100K_seed1008666/anisotropic_emission_audit_v10174.json,d63211d73e7c4cd31b00243541bdd337022c214117540a1fba04553fb914bec1,FULL_ACTIVE_AND_WAKE_SPATIAL_PROFILE_OBSERVER,PF_MODEL_NATIVE_DRIVING_TRAJECTORY_NOT_RESISTANCE
DBTT,CONTROL,v913_zeroD_sobol_0202500,oneD_v2_DBTT_control,1100.0,1008666,300.0,56,1,601,1552.6351014356817,3.69675024151355e-05,7729895.264517395,13993.38371356912,78.90091994211446,78.90091994211446,78.90091994211446,-0.18950891297710845,27.21921930933814,10858897422.014067,279.2579249532601,294.1956478027983,14.93772284953817,8.40258286641673,0.14252886610921425,8.430972128138002,1.1043994165471565e-08,27826.92660621363,1568.71678168644,"[5098569960.385425, -5113839025.829947]","[[4866806735.054818, -30003664.59043247], [-30003664.59043247, 13193906186.373615]]","[[[3689570798.2436433, -824754057.5866168], [-824754057.5866168, 13886710719.014492]], [[3641809466.3252215, 768359889.1854782], [768359889.1854782, 13869487517.985117]]]",9902819353675.203,45356132215195.53,18.0,2.5200006348313764e-07,6.000001927589094e-15,False,False,/private/tmp/oneD-v2-taylor-peierls-pf-runs-300um/oneD_v2_DBTT_control/T1100K_seed1008666/steps_1100K.csv,0991053a3c1df8f64f0040008d38dbcc608f5d82f2f0b519f03bce43cdd08e8e,/private/tmp/oneD-v2-taylor-peierls-pf-runs-300um/oneD_v2_DBTT_control/T1100K_seed1008666/anisotropic_emission_audit_v10174.json,d63211d73e7c4cd31b00243541bdd337022c214117540a1fba04553fb914bec1,FULL_ACTIVE_AND_WAKE_SPATIAL_PROFILE_OBSERVER,PF_MODEL_NATIVE_DRIVING_TRAJECTORY_NOT_RESISTANCE
DBTT,CONTROL,v913_zeroD_sobol_0202500,oneD_v2_DBTT_control,1100.0,1008666,300.0,57,1,604,1552.6351016876818,3.6967502421135505e-05,7699102.797279636,19890.59271758176,94.06857339086328,94.06857339086328,94.06857339086328,-0.20847588927089805,31.354644160487812,12508693242.560472,294.1956478027983,296.4929878984232,2.2973400956249024,9.000888102673839,0.1370972266218203,8.763612918588795,1.2005330065401793e-08,30246.4737223482,1616.378035539218,"[5534496398.578051, -5740424072.885112]","[[7921040794.763775, -167821287.51162827], [-167821287.51162827, 16182337327.77478]]","[[[5093073427.513833, -961982481.3823686], [-961982481.3823686, 16162066224.669935]], [[4656936704.697267, 763598282.4203598], [763598282.4203598, 16137784850.46749]]]",6601879569116.801,30237421476797.016,12.0,9.493919606029522e-07,2.2604524317886704e-14,False,False,/private/tmp/oneD-v2-taylor-peierls-pf-runs-300um/oneD_v2_DBTT_control/T1100K_seed1008666/steps_1100K.csv,0991053a3c1df8f64f0040008d38dbcc608f5d82f2f0b519f03bce43cdd08e8e,/private/tmp/oneD-v2-taylor-peierls-pf-runs-300um/oneD_v2_DBTT_control/T1100K_seed1008666/anisotropic_emission_audit_v10174.json,d63211d73e7c4cd31b00243541bdd337022c214117540a1fba04553fb914bec1,FULL_ACTIVE_AND_WAKE_SPATIAL_PROFILE_OBSERVER,PF_MODEL_NATIVE_DRIVING_TRAJECTORY_NOT_RESISTANCE
DBTT,CONTROL,v913_zeroD_sobol_0202500,oneD_v2_DBTT_control,1100.0,1008666,300.0,58,1,614,1552.6351026370737,3.696750244374003e-05,7697011.25161397,19713.28253373835,93.64835832033862,93.64835832033862,93.64835832033862,-0.21148161024185497,31.091309593154772,12403637949.760105,296.4929878984232,300.64693596292,4.153948064496821,9.072402433101837,0.13648870932034113,8.80252835059695,1.2488271751843212e-08,31464.3552898747,1621.9891381649911,"[5390200267.722257, -5601820590.235477]","[[7954649716.726626, -158754408.3421021], [-158754408.3421021, 15254466222.470678]]","[[[4705323215.632692, -777991934.9999479], [-777991934.9999479, 15485723751.077206]], [[4278999741.774153, 597683213.8869088], [597683213.8869088, 15482640922.245108]]]",3300939784558.4004,15118710738398.508,6.0,,,False,True,/private/tmp/oneD-v2-taylor-peierls-pf-runs-300um/oneD_v2_DBTT_control/T1100K_seed1008666/steps_1100K.csv,0991053a3c1df8f64f0040008d38dbcc608f5d82f2f0b519f03bce43cdd08e8e,/private/tmp/oneD-v2-taylor-peierls-pf-runs-300um/oneD_v2_DBTT_control/T1100K_seed1008666/anisotropic_emission_audit_v10174.json,d63211d73e7c4cd31b00243541bdd337022c214117540a1fba04553fb914bec1,FULL_ACTIVE_AND_WAKE_SPATIAL_PROFILE_OBSERVER,PF_MODEL_NATIVE_DRIVING_TRAJECTORY_NOT_RESISTANCE
DBTT,KINETIC_FINALIST,oneD_v2_dbtt_TP_6ca03f05fbae34e9,oneD_v2_DBTT_TP,600.0,1008666,100.0,0,0,85,576.3867951357249,1.3723495122279167e-05,2989524.241343125,1221.119759530215,23.30772174666948,23.30772174666948,23.30772174666948,-3.29849480798439e-41,23.307721746641477,9298435664.567213,0.0,2.931106565679095,2.931106565679095,1.0000000000024036,9.999999992009334,4.804219275008643e-06,7.377289485834806e-09,2.9991676716898183e-37,13098.721483540332,"[1347564443.17968, -1343956133.6708648]","[[-86647248.60192947, -3960611.963217585], [-3960611.963217585, 2691591747.2279186]]","[[[-18232494.948179707, 24201740.87756335], [24201740.87756335, 2676896391.4111805]], [[-16851631.26218765, -29146861.009614028], [-29146861.009614028, 2671060636.079542]]]",1.1733130946489723e-28,5.373918472113577e-28,4.0,0.4847572147499477,1.1541838446425492e-08,False,False,/private/tmp/oneD-v2-taylor-peierls-pf-runs/oneD_v2_DBTT_TP/T600K_seed1008666/steps_0600K.csv,07d9a1cdafa40005ec904aa6565f12597fb8303e4916425375f57a28bff79739,/private/tmp/oneD-v2-taylor-peierls-pf-runs/oneD_v2_DBTT_TP/T600K_seed1008666/anisotropic_emission_audit_v10174.json,04d24fe7f3e932c67e6f24823ca471a42065c25feee4bcef4df1adb68d7dbe7f,FULL_ACTIVE_AND_WAKE_SPATIAL_PROFILE_OBSERVER,PF_MODEL_NATIVE_DRIVING_TRAJECTORY_NOT_RESISTANCE
DBTT,KINETIC_FINALIST,oneD_v2_dbtt_TP_6ca03f05fbae34e9,oneD_v2_DBTT_TP,600.0,1008666,100.0,1,0,96,576.8715523504749,1.3735036960725592e-05,2991967.7500529806,1262.0385656887252,23.695016121309664,23.695016121309664,23.695016121309664,-3.022382177714259e-43,23.69501612130908,9452943765.583754,2.931106565679095,7.415929780049919,4.484823214370824,1.0000000000000497,9.99999999983444,6.915197919097075e-07,1.6420298641722832e-10,2.7534001509748828e-39,13098.721493759387,"[1484467675.780922, -1479967062.5977063]","[[277689627.05483824, -5529507.998971975], [-5529507.998971975, 2989285548.927293]]","[[[-6404303.8071880285, -34338549.788628824], [-34338549.788628824, 2962531047.754656]], [[-4754418.830773304, 26399732.674512938], [26399732.674512938, 2955179706.3646393]]]",1.5714952529533977e-28,7.197641795016048e-28,2.0,0.002724846834212258,6.487730557960109e-11,False,False,/private/tmp/oneD-v2-taylor-peierls-pf-runs/oneD_v2_DBTT_TP/T600K_seed1008666/steps_0600K.csv,07d9a1cdafa40005ec904aa6565f12597fb8303e4916425375f57a28bff79739,/private/tmp/oneD-v2-taylor-peierls-pf-runs/oneD_v2_DBTT_TP/T600K_seed1008666/anisotropic_emission_audit_v10174.json,04d24fe7f3e932c67e6f24823ca471a42065c25feee4bcef4df1adb68d7dbe7f,FULL_ACTIVE_AND_WAKE_SPATIAL_PROFILE_OBSERVER,PF_MODEL_NATIVE_DRIVING_TRAJECTORY_NOT_RESISTANCE
DBTT,KINETIC_FINALIST,oneD_v2_dbtt_TP_6ca03f05fbae34e9,oneD_v2_DBTT_TP,600.0,1008666,100.0,2,0,106,576.8742771973091,1.3735101838031172e-05,2991731.030287592,1340.7487104149743,24.422740180481966,24.422740180481966,24.422740180481966,-3.278534891079484e-45,24.42274018048193,9743263661.253159,7.415929780049919,10.475434902500647,3.059505122450728,1.0000000000000033,9.999999999988413,1.8293133672594947e-07,9.550232360177923e-12,2.993853416509612e-41,13098.721493960464,"[1635859259.2703288, -1631743154.028916]","[[650424773.5770274, -7550484.0982050635], [-7550484.0982050635, 3319679528.4017105]]","[[[219910877.9419683, -54824111.468158975], [-54824111.468158975, 3491629396.482626]], [[219110309.86452904, 41359364.192022696], [41359364.192022696, 3482596617.9223614]]]",2.9389516055878637e-27,1.346076029829155e-26,6.0,0.00023193586048364523,5.5222823909577235e-12,False,False,/private/tmp/oneD-v2-taylor-peierls-pf-runs/oneD_v2_DBTT_TP/T600K_seed1008666/steps_0600K.csv,07d9a1cdafa40005ec904aa6565f12597fb8303e4916425375f57a28bff79739,/private/tmp/oneD-v2-taylor-peierls-pf-runs/oneD_v2_DBTT_TP/T600K_seed1008666/anisotropic_emission_audit_v10174.json,04d24fe7f3e932c67e6f24823ca471a42065c25feee4bcef4df1adb68d7dbe7f,FULL_ACTIVE_AND_WAKE_SPATIAL_PROFILE_OBSERVER,PF_MODEL_NATIVE_DRIVING_TRAJECTORY_NOT_RESISTANCE
DBTT,KINETIC_FINALIST,oneD_v2_dbtt_TP_6ca03f05fbae34e9,oneD_v2_DBTT_TP,600.0,1008666,100.0,3,0,116,576.8745091331696,1.3735107360313563e-05,2991467.2423565574,1403.7662701511983,24.990105914580518,24.990105914580518,24.990105914580518,-2.985921658990984e-49,24.99010591458052,9969609841.036083,10.475434902500647,17.738586165025698,7.263151262525049,1.0,9.999999999999968,9.3531226308803e-09,3.450623096631353e-14,2.752752340150517e-45,13098.721493975556,"[1688155158.5249639, -1682861442.7243922]","[[881238229.1740057, -8955680.456303565], [-8955680.456303565, 3628978165.123574]]","[[[357250132.7340924, -76609142.899922], [-76609142.899922, 3733560449.7840204]], [[355644529.2773815, 61115317.843199745], [61115317.843199745, 3721367414.726166]]]",1.6007081087882632e-26,7.331440272430245e-26,8.0,2.3921711544971913e-06,5.695646048981678e-14,False,False,/private/tmp/oneD-v2-taylor-peierls-pf-runs/oneD_v2_DBTT_TP/T600K_seed1008666/steps_0600K.csv,07d9a1cdafa40005ec904aa6565f12597fb8303e4916425375f57a28bff79739,/private/tmp/oneD-v2-taylor-peierls-pf-runs/oneD_v2_DBTT_TP/T600K_seed1008666/anisotropic_emission_audit_v10174.json,04d24fe7f3e932c67e6f24823ca471a42065c25feee4bcef4df1adb68d7dbe7f,FULL_ACTIVE_AND_WAKE_SPATIAL_PROFILE_OBSERVER,PF_MODEL_NATIVE_DRIVING_TRAJECTORY_NOT_RESISTANCE
DBTT,KINETIC_FINALIST,oneD_v2_dbtt_TP_6ca03f05fbae34e9,oneD_v2_DBTT_TP,600.0,1008666,100.0,4,0,126,576.8745115253407,1.3735107417270023e-05,2989535.743990068,1715.1883400079,27.62336634583272,27.62336634583272,27.62336634583272,-1.4084984457702356e-51,27.623366345832725,11020128762.370697,17.738586165025698,28.2064547972602,10.467868632234504,1.0,10.0,3.5671940184386143e-10,5.0852071141423675e-17,1.3315507508817928e-47,13098.721493975596,"[1552195349.986854, -1502871943.1506913]","[[1143416644.7187893, -96190164.45482129], [-96190164.45482129, 4290528244.403336]]","[[[1011651419.7138249, -722351979.614666], [-722351979.614666, 4116042119.6875334]], [[1014136366.932961, 678602722.7307032], [678602722.7307032, 4019880253.2343435]]]",1.318844342335526e-23,6.04046950932542e-23,12.0,1.108996912080329e-06,2.6404693590029865e-14,False,False,/private/tmp/oneD-v2-taylor-peierls-pf-runs/oneD_v2_DBTT_TP/T600K_seed1008666/steps_0600K.csv,07d9a1cdafa40005ec904aa6565f12597fb8303e4916425375f57a28bff79739,/private/tmp/oneD-v2-taylor-peierls-pf-runs/oneD_v2_DBTT_TP/T600K_seed1008666/anisotropic_emission_audit_v10174.json,04d24fe7f3e932c67e6f24823ca471a42065c25feee4bcef4df1adb68d7dbe7f,FULL_ACTIVE_AND_WAKE_SPATIAL_PROFILE_OBSERVER,PF_MODEL_NATIVE_DRIVING_TRAJECTORY_NOT_RESISTANCE
DBTT,KINETIC_FINALIST,oneD_v2_dbtt_TP_6ca03f05fbae34e9,oneD_v2_DBTT_TP,600.0,1008666,100.0,5,0,136,576.8745126343376,1.3735107443674717e-05,2985817.791571595,1853.8364479322468,28.718146296478974,28.718146296478974,28.718146296478974,-4.452774181906788e-50,28.718146296478977,11456882772.419281,28.2064547972602,33.059301215423474,4.852846418163278,1.0,10.0,5.838742330313952e-10,1.3595891732795226e-16,4.28185417388282e-46,13098.721493975596,"[1921231771.0187805, -1913111055.0416214]","[[2133529633.8469343, 3353108.179307114], [3353108.179307114, 5034684909.776567]]","[[[1161942092.0133104, -248041316.12891155], [-248041316.12891155, 5004405634.050872]], [[1176350560.7975032, 253819496.7878169], [253819496.7878169, 5002572670.880746]]]",8.157319195146833e-23,3.7361526523183623e-22,6.0,8.400002116104588e-08,1.9999989484638034e-15,False,False,/private/tmp/oneD-v2-taylor-peierls-pf-runs/oneD_v2_DBTT_TP/T600K_seed1008666/steps_0600K.csv,07d9a1cdafa40005ec904aa6565f12597fb8303e4916425375f57a28bff79739,/private/tmp/oneD-v2-taylor-peierls-pf-runs/oneD_v2_DBTT_TP/T600K_seed1008666/anisotropic_emission_audit_v10174.json,04d24fe7f3e932c67e6f24823ca471a42065c25feee4bcef4df1adb68d7dbe7f,FULL_ACTIVE_AND_WAKE_SPATIAL_PROFILE_OBSERVER,PF_MODEL_NATIVE_DRIVING_TRAJECTORY_NOT_RESISTANCE
DBTT,KINETIC_FINALIST,oneD_v2_dbtt_TP_6ca03f05fbae34e9,oneD_v2_DBTT_TP,600.0,1008666,100.0,6,0,137,576.8745127183377,1.3735107445674716e-05,2984770.088233814,1868.7227887496504,28.833219370472577,28.833219370472577,28.833219370472577,-4.6467675899481364e-51,28.833219370472577,11502790286.97109,33.059301215423474,35.35664131104838,2.2973400956249024,1.0,10.0,3.460296589187043e-10,4.17687246864682e-17,4.510736084083857e-47,13098.721493975596,"[1969451656.324855, -1959148936.948538]","[[2255291894.5789537, 2267217.6355239544], [2267217.6355239544, 4980758292.298676]]","[[[1142954246.274568, -219791052.0529127], [-219791052.0529127, 5081857558.924278]], [[1159284839.9856398, 222091035.38227502], [222091035.38227502, 5077582713.882716]]]",1.7645544505821973e-21,8.081876696237559e-21,100.0,1.198895915877074e-06,2.854513060114843e-14,False,False,/private/tmp/oneD-v2-taylor-peierls-pf-runs/oneD_v2_DBTT_TP/T600K_seed1008666/steps_0600K.csv,07d9a1cdafa40005ec904aa6565f12597fb8303e4916425375f57a28bff79739,/private/tmp/oneD-v2-taylor-peierls-pf-runs/oneD_v2_DBTT_TP/T600K_seed1008666/anisotropic_emission_audit_v10174.json,04d24fe7f3e932c67e6f24823ca471a42065c25feee4bcef4df1adb68d7dbe7f,FULL_ACTIVE_AND_WAKE_SPATIAL_PROFILE_OBSERVER,PF_MODEL_NATIVE_DRIVING_TRAJECTORY_NOT_RESISTANCE
DBTT,KINETIC_FINALIST,oneD_v2_dbtt_TP_6ca03f05fbae34e9,oneD_v2_DBTT_TP,600.0,1008666,100.0,7,0,147,576.8745139172336,1.3735107474219846e-05,2984115.3214060143,1880.1059044493843,28.92090320836162,28.92090320836162,28.92090320836162,-1.3721950556536153e-49,28.920903208361622,11537771077.212896,35.35664131104838,40.602872086987624,5.246230775939242,1.0,10.0,8.279085118745003e-10,2.742264535363438e-16,1.3658886553928034e-45,13098.721493975596,"[1901878609.7992132, -1894332249.5995498]","[[2044619823.0299323, 2485999.972972971], [2485999.972972971, 4667079954.110286]]","[[[1212616708.717875, -190076713.89821845], [-190076713.89821845, 5016373928.316301]], [[1229378254.464444, 188943168.27686334], [188943168.27686334, 5018042753.663544]]]",1.290835842114021e-22,5.912187128942054e-22,6.0,1.1270390132267494e-06,2.683425787890041e-14,False,False,/private/tmp/oneD-v2-taylor-peierls-pf-runs/oneD_v2_DBTT_TP/T600K_seed1008666/steps_0600K.csv,07d9a1cdafa40005ec904aa6565f12597fb8303e4916425375f57a28bff79739,/private/tmp/oneD-v2-taylor-peierls-pf-runs/oneD_v2_DBTT_TP/T600K_seed1008666/anisotropic_emission_audit_v10174.json,04d24fe7f3e932c67e6f24823ca471a42065c25feee4bcef4df1adb68d7dbe7f,FULL_ACTIVE_AND_WAKE_SPATIAL_PROFILE_OBSERVER,PF_MODEL_NATIVE_DRIVING_TRAJECTORY_NOT_RESISTANCE
DBTT,KINETIC_FINALIST,oneD_v2_dbtt_TP_6ca03f05fbae34e9,oneD_v2_DBTT_TP,600.0,1008666,100.0,8,0,157,576.8745150442726,1.3735107501054104e-05,2982331.23295608,1906.8468423503111,29.12584951527723,29.12584951527723,29.12584951527723,-1.5633253816139605e-49,29.12584951527723,11619532824.253662,40.602872086987624,45.534666691946185,4.931794604958564,1.0,10.0,7.047054021295332e-10,1.973361871706443e-16,1.601190848187327e-45,13098.721493975596,"[1945247440.0225291, -1946942881.0980513]","[[1948577063.4039965, 5393388.256114407], [5393388.256114407, 4988412542.413637]]","[[[1244398120.9407146, -443364790.83099], [-443364790.83099, 5134893000.985773]], [[1250253557.4823327, 448875539.9157223], [448875539.9157223, 5144139319.678435]]]",2.0483329538749892e-22,9.381617189878018e-22,6.0,8.400002116104588e-08,1.9999989484638034e-15,False,False,/private/tmp/oneD-v2-taylor-peierls-pf-runs/oneD_v2_DBTT_TP/T600K_seed1008666/steps_0600K.csv,07d9a1cdafa40005ec904aa6565f12597fb8303e4916425375f57a28bff79739,/private/tmp/oneD-v2-taylor-peierls-pf-runs/oneD_v2_DBTT_TP/T600K_seed1008666/anisotropic_emission_audit_v10174.json,04d24fe7f3e932c67e6f24823ca471a42065c25feee4bcef4df1adb68d7dbe7f,FULL_ACTIVE_AND_WAKE_SPATIAL_PROFILE_OBSERVER,PF_MODEL_NATIVE_DRIVING_TRAJECTORY_NOT_RESISTANCE
DBTT,KINETIC_FINALIST,oneD_v2_dbtt_TP_6ca03f05fbae34e9,oneD_v2_DBTT_TP,600.0,1008666,100.0,9,0,158,576.8745151282726,1.3735107503054103e-05,2981126.2678467277,1912.0669353112523,29.165689036398515,29.165689036398515,29.165689036398515,-6.610929960404325e-51,29.165689036398515,11635426493.659887,45.534666691946185,47.83200678757109,2.2973400956249024,1.0,10.0,3.454377467478852e-10,3.76203733933913e-17,6.873879783401089e-47,13098.721493975596,"[1889816584.317248, -1885783586.3567224]","[[1815344327.7164717, -164923.40349330602], [-164923.40349330602, 4785144596.070021]]","[[[1459373780.2271879, -242794039.37118608], [-242794039.37118608, 5239006948.861684]], [[1452017265.251749, 267205860.7568211], [267205860.7568211, 5223584437.965194]]]",3.733532325757996e-21,1.7100037852749465e-20,100.0,1.6800004232209176e-07,4.00000297912529e-15,False,False,/private/tmp/oneD-v2-taylor-peierls-pf-runs/oneD_v2_DBTT_TP/T600K_seed1008666/steps_0600K.csv,07d9a1cdafa40005ec904aa6565f12597fb8303e4916425375f57a28bff79739,/private/tmp/oneD-v2-taylor-peierls-pf-runs/oneD_v2_DBTT_TP/T600K_seed1008666/anisotropic_emission_audit_v10174.json,04d24fe7f3e932c67e6f24823ca471a42065c25feee4bcef4df1adb68d7dbe7f,FULL_ACTIVE_AND_WAKE_SPATIAL_PROFILE_OBSERVER,PF_MODEL_NATIVE_DRIVING_TRAJECTORY_NOT_RESISTANCE
DBTT,KINETIC_FINALIST,oneD_v2_dbtt_TP_6ca03f05fbae34e9,oneD_v2_DBTT_TP,600.0,1008666,100.0,10,0,160,576.8745152962726,1.3735107507054106e-05,2979632.847719324,1934.370607603,29.335300247687837,29.335300247687837,29.335300247687837,-3.45313945281169e-51,29.33530024768784,11703091577.0733,47.83200678757109,50.12934688319599,2.2973400956249024,1.0,10.0,1.5231777491861188e-10,7.80907475348335e-18,3.6493992016942366e-47,13098.721493975596,"[1654700172.7019055, -1661325971.8885546]","[[1640564623.656669, -7563447.749347365], [-7563447.749347365, 5293763771.287133]]","[[[1233183426.883012, -645510256.4660745], [-645510256.4660745, 4542583772.286823]], [[1240575158.6136456, 676505726.2884656], [676505726.2884656, 4563227102.390755]]]",3.276090512920719e-22,1.5004898014001825e-21,6.0,150.0657347145542,3.572993683679889e-06,True,False,/private/tmp/oneD-v2-taylor-peierls-pf-runs/oneD_v2_DBTT_TP/T600K_seed1008666/steps_0600K.csv,07d9a1cdafa40005ec904aa6565f12597fb8303e4916425375f57a28bff79739,/private/tmp/oneD-v2-taylor-peierls-pf-runs/oneD_v2_DBTT_TP/T600K_seed1008666/anisotropic_emission_audit_v10174.json,04d24fe7f3e932c67e6f24823ca471a42065c25feee4bcef4df1adb68d7dbe7f,FULL_ACTIVE_AND_WAKE_SPATIAL_PROFILE_OBSERVER,PF_MODEL_NATIVE_DRIVING_TRAJECTORY_NOT_RESISTANCE
DBTT,KINETIC_FINALIST,oneD_v2_dbtt_TP_6ca03f05fbae34e9,oneD_v2_DBTT_TP,600.0,1008666,100.0,11,1,205,726.9402500108268,1.7308101190733995e-05,3781305.3618090143,1193.7775654261247,23.04530189604681,23.04530189604681,23.04530189604681,-1.9522122463880237e-42,23.045301896043433,9193745290.947027,50.12934688319599,52.42668697882088,2.2973400956248953,1.0000000000002929,9.999999999026617,1.6740897176853865e-06,9.396513852906055e-10,2.0996599863850173e-38,13098.721492704424,"[1895419723.7570753, -1845503335.3825407]","[[2142731210.257533, 43921389.8118859], [43921389.8118859, 4978343303.594018]]","[[[1146536933.2641723, -225651704.00301644], [-225651704.00301644, 4937376380.778323]], [[1254777748.8778665, 279172557.32740337], [279172557.32740337, 4945784419.642948]]]",1.1982181451254413e-28,5.487986670461317e-28,8.0,4.928084528036493,1.1733534590563187e-07,False,False,/private/tmp/oneD-v2-taylor-peierls-pf-runs/oneD_v2_DBTT_TP/T600K_seed1008666/steps_0600K.csv,07d9a1cdafa40005ec904aa6565f12597fb8303e4916425375f57a28bff79739,/private/tmp/oneD-v2-taylor-peierls-pf-runs/oneD_v2_DBTT_TP/T600K_seed1008666/anisotropic_emission_audit_v10174.json,04d24fe7f3e932c67e6f24823ca471a42065c25feee4bcef4df1adb68d7dbe7f,FULL_ACTIVE_AND_WAKE_SPATIAL_PROFILE_OBSERVER,PF_MODEL_NATIVE_DRIVING_TRAJECTORY_NOT_RESISTANCE
DBTT,KINETIC_FINALIST,oneD_v2_dbtt_TP_6ca03f05fbae34e9,oneD_v2_DBTT_TP,600.0,1008666,100.0,12,1,218,731.8683345388633,1.7425436536639627e-05,3806542.398727902,1230.639088468253,23.398393909298655,23.398393909298655,23.398393909298655,-2.6156259386628864e-43,23.398393909298292,9334608623.906454,52.42668697882088,56.677418122201125,4.250731143380243,1.000000000000031,9.999999999896497,5.45800017592916e-07,1.1026212842992104e-10,2.9161519573855295e-39,13098.721493840429,"[1878639253.2785344, -1828278441.1993482]","[[2150829141.5271144, 41055317.68150939], [41055317.68150939, 4756074439.811829]]","[[[1037508198.1927139, -187365952.8693911], [-187365952.8693911, 4794786704.749783]], [[1141545303.7623456, 236128785.74438444], [236128785.74438444, 4798102186.161042]]]",1.4787948514045236e-28,6.773062539463736e-28,4.0,0.3119610026863029,7.427642921103679e-09,False,False,/private/tmp/oneD-v2-taylor-peierls-pf-runs/oneD_v2_DBTT_TP/T600K_seed1008666/steps_0600K.csv,07d9a1cdafa40005ec904aa6565f12597fb8303e4916425375f57a28bff79739,/private/tmp/oneD-v2-taylor-peierls-pf-runs/oneD_v2_DBTT_TP/T600K_seed1008666/anisotropic_emission_audit_v10174.json,04d24fe7f3e932c67e6f24823ca471a42065c25feee4bcef4df1adb68d7dbe7f,FULL_ACTIVE_AND_WAKE_SPATIAL_PROFILE_OBSERVER,PF_MODEL_NATIVE_DRIVING_TRAJECTORY_NOT_RESISTANCE
DBTT,KINETIC_FINALIST,oneD_v2_dbtt_TP_6ca03f05fbae34e9,oneD_v2_DBTT_TP,600.0,1008666,100.0,13,1,228,732.1802955415496,1.743286417956073e-05,3807280.478361672,1276.6417635345188,23.831710751356486,23.831710751356486,23.831710751356486,-2.472851543180941e-45,23.831710751356464,9507477033.013489,56.677418122201125,64.60637726595918,7.9289591437580516,1.0000000000000016,9.999999999994142,1.2983852199426687e-07,6.650679628387086e-12,2.988531709514207e-41,13098.721493967943,"[1958042173.312197, -1905775943.31131]","[[1953774703.7811117, 40433101.44108545], [40433101.44108545, 4832523713.329334]]","[[[1131091293.7365522, -328755799.1613452], [-328755799.1613452, 5047175640.360947]], [[1168058958.81834, 377304517.8739637], [377304517.8739637, 4979610845.440961]]]",1.7767139051941682e-27,8.137568495850211e-27,16.0,0.0013941705841489238,3.3194537718458364e-11,False,False,/private/tmp/oneD-v2-taylor-peierls-pf-runs/oneD_v2_DBTT_TP/T600K_seed1008666/steps_0600K.csv,07d9a1cdafa40005ec904aa6565f12597fb8303e4916425375f57a28bff79739,/private/tmp/oneD-v2-taylor-peierls-pf-runs/oneD_v2_DBTT_TP/T600K_seed1008666/anisotropic_emission_audit_v10174.json,04d24fe7f3e932c67e6f24823ca471a42065c25feee4bcef4df1adb68d7dbe7f,FULL_ACTIVE_AND_WAKE_SPATIAL_PROFILE_OBSERVER,PF_MODEL_NATIVE_DRIVING_TRAJECTORY_NOT_RESISTANCE
DBTT,KINETIC_FINALIST,oneD_v2_dbtt_TP_6ca03f05fbae34e9,oneD_v2_DBTT_TP,600.0,1008666,100.0,14,1,238,732.1816897121338,1.743289737409845e-05,3805351.0887834546,1371.7767143026927,24.7037229762844,24.7037229762844,24.7037229762844,-1.833562214100454e-49,24.7037229762844,9855359578.564165,64.60637726595918,73.04590364404542,8.439526378086239,1.0,9.999999999999988,5.6886249715850085e-09,1.2832427659194534e-14,2.4705041830318282e-45,13098.72149397558,"[1715216749.1322634, -1784173902.0664139]","[[1973223775.809635, -14284824.412183287], [-14284824.412183287, 4953142364.249254]]","[[[993625144.9528217, -582194267.0542058], [-582194267.0542058, 4424058643.217349]], [[1345588868.7430234, 545838965.550949], [545838965.550949, 4913936672.875852]]]",9.854815989095819e-27,4.513627089359839e-26,10.0,2.5200006348313764e-07,6.000001927589094e-15,False,False,/private/tmp/oneD-v2-taylor-peierls-pf-runs/oneD_v2_DBTT_TP/T600K_seed1008666/steps_0600K.csv,07d9a1cdafa40005ec904aa6565f12597fb8303e4916425375f57a28bff79739,/private/tmp/oneD-v2-taylor-peierls-pf-runs/oneD_v2_DBTT_TP/T600K_seed1008666/anisotropic_emission_audit_v10174.json,04d24fe7f3e932c67e6f24823ca471a42065c25feee4bcef4df1adb68d7dbe7f,FULL_ACTIVE_AND_WAKE_SPATIAL_PROFILE_OBSERVER,PF_MODEL_NATIVE_DRIVING_TRAJECTORY_NOT_RESISTANCE
DBTT,KINETIC_FINALIST,oneD_v2_dbtt_TP_6ca03f05fbae34e9,oneD_v2_DBTT_TP,600.0,1008666,100.0,15,1,241,732.1816899641339,1.743289738009845e-05,3771845.939923152,3013.325435451095,36.6137080344486,36.6137080344486,36.6137080344486,-4.87194727783805e-42,36.6137080344486,14606756177.215181,73.04590364404542,75.34297779768553,2.297074153640119,1.0,9.999999999999998,2.6412467743083794e-09,2.1343192984800256e-15,6.788980027069441e-38,13098.721493975592,"[2328022052.444185, -2243198549.631331]","[[2878625111.047934, 175424621.10912386], [175424621.10912386, 6229823754.586478]]","[[[1593235817.0119615, -219367690.9563581], [-219367690.9563581, 6249279921.9003315]], [[1822068378.6304274, 399357243.7556615], [399357243.7556615, 6308465477.893089]]]",6.690945234797931e-16,3.0645353194441496e-15,4.0,5.040001269662753e-07,1.2000003855178187e-14,False,False,/private/tmp/oneD-v2-taylor-peierls-pf-runs/oneD_v2_DBTT_TP/T600K_seed1008666/steps_0600K.csv,07d9a1cdafa40005ec904aa6565f12597fb8303e4916425375f57a28bff79739,/private/tmp/oneD-v2-taylor-peierls-pf-runs/oneD_v2_DBTT_TP/T600K_seed1008666/anisotropic_emission_audit_v10174.json,04d24fe7f3e932c67e6f24823ca471a42065c25feee4bcef4df1adb68d7dbe7f,FULL_ACTIVE_AND_WAKE_SPATIAL_PROFILE_OBSERVER,PF_MODEL_NATIVE_DRIVING_TRAJECTORY_NOT_RESISTANCE
DBTT,KINETIC_FINALIST,oneD_v2_dbtt_TP_6ca03f05fbae34e9,oneD_v2_DBTT_TP,600.0,1008666,100.0,16,1,247,732.181690468134,1.7432897392098455e-05,3771173.9862717474,3064.0868557621975,36.920810922130066,36.920810922130066,36.920810922130066,-9.063001177503125e-42,36.92081092213007,14729272503.544693,75.34297779768553,77.64005195132565,2.2970741536401054,1.0,9.999999999999998,2.10861321371506e-09,1.7780767035180673e-15,1.3086861531599206e-37,13098.721493975592,"[2289060751.8152266, -2209544803.3872437]","[[2915949474.2280555, 135610563.8990698], [135610563.8990698, 5848225525.512501]]","[[[1464427263.0093448, -164927165.95349655], [-164927165.95349655, 6042548766.639798]], [[1655950117.9536355, 330141635.1129496], [330141635.1129496, 6075039724.728124]]]",4.745780834477928e-15,2.1736260685502326e-14,16.0,3.360000846441835e-07,7.999999181987003e-15,False,False,/private/tmp/oneD-v2-taylor-peierls-pf-runs/oneD_v2_DBTT_TP/T600K_seed1008666/steps_0600K.csv,07d9a1cdafa40005ec904aa6565f12597fb8303e4916425375f57a28bff79739,/private/tmp/oneD-v2-taylor-peierls-pf-runs/oneD_v2_DBTT_TP/T600K_seed1008666/anisotropic_emission_audit_v10174.json,04d24fe7f3e932c67e6f24823ca471a42065c25feee4bcef4df1adb68d7dbe7f,FULL_ACTIVE_AND_WAKE_SPATIAL_PROFILE_OBSERVER,PF_MODEL_NATIVE_DRIVING_TRAJECTORY_NOT_RESISTANCE
DBTT,KINETIC_FINALIST,oneD_v2_dbtt_TP_6ca03f05fbae34e9,oneD_v2_DBTT_TP,600.0,1008666,100.0,17,1,251,732.1816908041341,1.7432897400098454e-05,3770490.1168623534,3111.351611435166,37.2044802603319,37.2044802603319,37.2044802603319,-6.411318309852474e-42,37.2044802603319,14842440196.206896,77.64005195132565,79.93712610496574,2.2970741536401054,1.0,9.999999999999998,1.7560172814501636e-09,1.1822333345113696e-15,9.613863803652803e-38,13098.721493975592,"[2352312578.9689794, -2292144064.966755]","[[2954877136.259365, 189414315.58845702], [189414315.58845702, 6085306362.61841]]","[[[1546277811.824484, -226025407.47417998], [-226025407.47417998, 6250902969.762443]], [[1634425598.9097338, 426466678.04994756], [426466678.04994756, 6218713728.843244]]]",8.023388847188557e-15,3.674810903542865e-14,16.0,3.360000846441835e-07,8.00000595825058e-15,False,False,/private/tmp/oneD-v2-taylor-peierls-pf-runs/oneD_v2_DBTT_TP/T600K_seed1008666/steps_0600K.csv,07d9a1cdafa40005ec904aa6565f12597fb8303e4916425375f57a28bff79739,/private/tmp/oneD-v2-taylor-peierls-pf-runs/oneD_v2_DBTT_TP/T600K_seed1008666/anisotropic_emission_audit_v10174.json,04d24fe7f3e932c67e6f24823ca471a42065c25feee4bcef4df1adb68d7dbe7f,FULL_ACTIVE_AND_WAKE_SPATIAL_PROFILE_OBSERVER,PF_MODEL_NATIVE_DRIVING_TRAJECTORY_NOT_RESISTANCE
DBTT,KINETIC_FINALIST,oneD_v2_dbtt_TP_6ca03f05fbae34e9,oneD_v2_DBTT_TP,600.0,1008666,100.0,18,1,255,732.1816911401341,1.743289740809846e-05,3769655.946251629,3161.3084785135134,37.501974429945015,37.501974429945015,37.501974429945015,-1.4536311858580822e-41,37.501974429945015,14961123198.638481,79.93712610496574,82.23340249422276,2.2962763892570144,1.0,9.999999999999998,2.4371361895224896e-09,2.434369253866206e-15,2.2685871536607547e-37,13098.721493975592,"[2433616109.1051793, -2367447974.8570166]","[[2727372782.374599, 109604353.93710117], [109604353.93710117, 5761604552.92995]]","[[[1693924953.7812014, -263615829.16719154], [-263615829.16719154, 6561157171.991561]], [[1692052586.6702826, 461450562.98487383], [461450562.98487383, 6426948536.384316]]]",3.4648725437569352e-15,1.5869542964561566e-14,4.0,4.023631163363461e-06,9.580073415333193e-14,False,False,/private/tmp/oneD-v2-taylor-peierls-pf-runs/oneD_v2_DBTT_TP/T600K_seed1008666/steps_0600K.csv,07d9a1cdafa40005ec904aa6565f12597fb8303e4916425375f57a28bff79739,/private/tmp/oneD-v2-taylor-peierls-pf-runs/oneD_v2_DBTT_TP/T600K_seed1008666/anisotropic_emission_audit_v10174.json,04d24fe7f3e932c67e6f24823ca471a42065c25feee4bcef4df1adb68d7dbe7f,FULL_ACTIVE_AND_WAKE_SPATIAL_PROFILE_OBSERVER,PF_MODEL_NATIVE_DRIVING_TRAJECTORY_NOT_RESISTANCE
DBTT,KINETIC_FINALIST,oneD_v2_dbtt_TP_6ca03f05fbae34e9,oneD_v2_DBTT_TP,600.0,1008666,100.0,19,1,265,732.1816951637653,1.7432897503899194e-05,3768648.570864452,3220.7174189490765,37.852712515770435,37.852712515770435,37.852712515770435,-3.8640010158551026e-41,37.852712515770435,15101047450.421309,82.23340249422276,100.16094124707362,17.927538752850865,1.0,9.999999999999998,2.4291513092286626e-09,2.3372719985171173e-15,9.006838756800337e-37,13098.721493975592,"[2364892793.5687885, -2287473628.3058743]","[[2617365840.8963933, 99004301.332135], [99004301.332135, 6062084158.467105]]","[[[1601701077.228204, -356953056.18269783], [-356953056.18269783, 6331486664.365782]], [[1660464658.8147411, 522292356.4187482], [522292356.4187482, 6235411915.42649]]]",4.5955624734182456e-14,2.1048242091803108e-13,28.0,,,False,True,/private/tmp/oneD-v2-taylor-peierls-pf-runs/oneD_v2_DBTT_TP/T600K_seed1008666/steps_0600K.csv,07d9a1cdafa40005ec904aa6565f12597fb8303e4916425375f57a28bff79739,/private/tmp/oneD-v2-taylor-peierls-pf-runs/oneD_v2_DBTT_TP/T600K_seed1008666/anisotropic_emission_audit_v10174.json,04d24fe7f3e932c67e6f24823ca471a42065c25feee4bcef4df1adb68d7dbe7f,FULL_ACTIVE_AND_WAKE_SPATIAL_PROFILE_OBSERVER,PF_MODEL_NATIVE_DRIVING_TRAJECTORY_NOT_RESISTANCE
DBTT,KINETIC_FINALIST,oneD_v2_dbtt_TP_6ca03f05fbae34e9,oneD_v2_DBTT_TP,1100.0,1008666,100.0,0,0,175,1372.8036289810386,3.268580069002478e-05,7120270.211041588,6927.029713762617,55.512938997108144,55.512938997108144,55.512938997108144,-3.731605190665128,20.09810905948321,8017985459.946926,0.0,2.931106565679095,2.931106565679095,7.629183206725246,0.150611908532214,7.978405779403845,0.0,25293.1914633844,1505.1031485286173,"[3209548472.4754395, -3200954416.4873576]","[[-206371239.46245372, -9433148.923564296], [-9433148.923564296, 6410672398.315125]]","[[[-43425067.05821644, 57642260.34455506], [57642260.34455506, 6375671877.892662]], [[-40136208.43887391, -69420251.9993236], [-69420251.9993236, 6361772624.535841]]]",645480332669.2217,2956379417341.2163,2.0,7.216155174268579,1.7181321843496336e-07,False,False,/private/tmp/oneD-v2-taylor-peierls-pf-runs/oneD_v2_DBTT_TP/T1100K_seed1008666/steps_1100K.csv,b48131487d6c5c241831e000cf41cf27ed2bc5f05896cf95229e8a5a66c80801,/private/tmp/oneD-v2-taylor-peierls-pf-runs/oneD_v2_DBTT_TP/T1100K_seed1008666/anisotropic_emission_audit_v10174.json,0faf9caee18166adf4b4b6836b84c8d35bc8bbec373e4cd0c5471db9ec942c73,FULL_ACTIVE_AND_WAKE_SPATIAL_PROFILE_OBSERVER,PF_MODEL_NATIVE_DRIVING_TRAJECTORY_NOT_RESISTANCE
DBTT,KINETIC_FINALIST,oneD_v2_dbtt_TP_6ca03f05fbae34e9,oneD_v2_DBTT_TP,1100.0,1008666,100.0,1,0,194,1380.0197841553072,3.285761390845974e-05,7157528.693873307,7222.45768083671,56.684353561986484,56.684353561986484,56.684353561986484,-3.8417114105937102,20.53995373172458,8194255981.07412,2.931106565679095,7.415929780049919,4.484823214370824,7.616009454748332,0.1507617486034692,7.970472326051149,0.0,26053.3053903963,1503.9990042068769,"[3551214742.9868574, -3540448160.359648]","[[664302438.9553609, -13227954.133176383], [-13227954.133176383, 7151112203.749201]]","[[[-15320682.605424501, -82146325.07778765], [-82146325.07778765, 7087108803.368291]], [[-11373748.665357152, 63154706.171235904], [63154706.171235904, 7069522572.05394]]]",1290960665338.4434,5912758834682.433,4.0,0.10379865749359851,2.4713966069884455e-09,False,False,/private/tmp/oneD-v2-taylor-peierls-pf-runs/oneD_v2_DBTT_TP/T1100K_seed1008666/steps_1100K.csv,b48131487d6c5c241831e000cf41cf27ed2bc5f05896cf95229e8a5a66c80801,/private/tmp/oneD-v2-taylor-peierls-pf-runs/oneD_v2_DBTT_TP/T1100K_seed1008666/anisotropic_emission_audit_v10174.json,0faf9caee18166adf4b4b6836b84c8d35bc8bbec373e4cd0c5471db9ec942c73,FULL_ACTIVE_AND_WAKE_SPATIAL_PROFILE_OBSERVER,PF_MODEL_NATIVE_DRIVING_TRAJECTORY_NOT_RESISTANCE
DBTT,KINETIC_FINALIST,oneD_v2_dbtt_TP_6ca03f05fbae34e9,oneD_v2_DBTT_TP,1100.0,1008666,100.0,2,0,207,1380.1235828128008,3.286008530506673e-05,7157466.906641977,7673.985837173149,58.42936842972514,58.42936842972514,58.42936842972514,-3.8401947660948066,20.74271653466312,8275146636.059009,7.415929780049919,10.475434902500647,3.059505122450728,7.934711105102629,0.14725746031393502,8.160191341231991,0.0,26151.602853421376,1530.5140949684362,"[3913656807.2517176, -3903809368.845185]","[[1556087009.4963539, -18063903.31046407], [-18063903.31046407, 7942056329.478252]]","[[[526118429.54642373, -131162113.01979229], [-131162113.01979229, 8353432044.049858]], [[524203137.20805097, 98948828.44989571], [98948828.44989571, 8331821874.89842]]]",2581921330676.8867,11825517669364.863,8.0,0.0017312536051576899,4.1220323934222126e-11,False,False,/private/tmp/oneD-v2-taylor-peierls-pf-runs/oneD_v2_DBTT_TP/T1100K_seed1008666/steps_1100K.csv,b48131487d6c5c241831e000cf41cf27ed2bc5f05896cf95229e8a5a66c80801,/private/tmp/oneD-v2-taylor-peierls-pf-runs/oneD_v2_DBTT_TP/T1100K_seed1008666/anisotropic_emission_audit_v10174.json,0faf9caee18166adf4b4b6836b84c8d35bc8bbec373e4cd0c5471db9ec942c73,FULL_ACTIVE_AND_WAKE_SPATIAL_PROFILE_OBSERVER,PF_MODEL_NATIVE_DRIVING_TRAJECTORY_NOT_RESISTANCE
DBTT,KINETIC_FINALIST,oneD_v2_dbtt_TP_6ca03f05fbae34e9,oneD_v2_DBTT_TP,1100.0,1008666,100.0,3,0,221,1380.125314066406,3.286012652539066e-05,7156841.916243592,8034.690435496237,59.78679457641183,59.78679457641183,59.78679457641183,-3.8046569143141973,21.333629178491343,8510886673.705878,10.475434902500647,17.738586165025698,7.263151262525049,7.853822025260812,0.14812369108591922,8.112456406427876,0.0,26039.89699224518,1523.8228774926758,"[4038773825.96264, -4026109041.7397757]","[[2108290743.5685265, -21425736.632057227], [-21425736.632057227, 8682034915.023647]]","[[[854691867.7006162, -183281139.53932065], [-183281139.53932065, 8932239519.625896]], [[850850592.102758, 146213424.0588251], [146213424.0588251, 8903068675.58231]]]",1290960665338.4434,5912758834682.432,4.0,2.392171609244542e-06,5.695646726608036e-14,False,False,/private/tmp/oneD-v2-taylor-peierls-pf-runs/oneD_v2_DBTT_TP/T1100K_seed1008666/steps_1100K.csv,b48131487d6c5c241831e000cf41cf27ed2bc5f05896cf95229e8a5a66c80801,/private/tmp/oneD-v2-taylor-peierls-pf-runs/oneD_v2_DBTT_TP/T1100K_seed1008666/anisotropic_emission_audit_v10174.json,0faf9caee18166adf4b4b6836b84c8d35bc8bbec373e4cd0c5471db9ec942c73,FULL_ACTIVE_AND_WAKE_SPATIAL_PROFILE_OBSERVER,PF_MODEL_NATIVE_DRIVING_TRAJECTORY_NOT_RESISTANCE
DBTT,KINETIC_FINALIST,oneD_v2_dbtt_TP_6ca03f05fbae34e9,oneD_v2_DBTT_TP,1100.0,1008666,100.0,4,0,231,1380.1253164585776,3.286012658234713e-05,7152220.946335365,9817.166559025143,66.08665569031463,66.08665569031463,66.08665569031463,-3.031153551188951,25.92158035896016,10341214380.012554,17.738586165025698,28.2064547972602,10.467868632234504,6.499868924027632,0.16534955823101125,7.266178740178214,1.4392639970748332e-08,21277.13989483774,1407.7856887499925,"[3713501040.1859984, -3595498803.809527]","[[2735531258.720217, -230127139.4490812], [-230127139.4490812, 10264739614.555685]]","[[[2420293682.39297, -1728168318.3126361], [-1728168318.3126361, 9847295762.764967]], [[2426238716.362533, 1623501782.011432], [1623501782.011432, 9617236323.981586]]]",3872881996015.33,17738276504047.293,12.0,1.108996912080329e-06,2.6404727471347755e-14,False,False,/private/tmp/oneD-v2-taylor-peierls-pf-runs/oneD_v2_DBTT_TP/T1100K_seed1008666/steps_1100K.csv,b48131487d6c5c241831e000cf41cf27ed2bc5f05896cf95229e8a5a66c80801,/private/tmp/oneD-v2-taylor-peierls-pf-runs/oneD_v2_DBTT_TP/T1100K_seed1008666/anisotropic_emission_audit_v10174.json,0faf9caee18166adf4b4b6836b84c8d35bc8bbec373e4cd0c5471db9ec942c73,FULL_ACTIVE_AND_WAKE_SPATIAL_PROFILE_OBSERVER,PF_MODEL_NATIVE_DRIVING_TRAJECTORY_NOT_RESISTANCE
DBTT,KINETIC_FINALIST,oneD_v2_dbtt_TP_6ca03f05fbae34e9,oneD_v2_DBTT_TP,1100.0,1008666,100.0,5,0,241,1380.1253175675745,3.286012660875186e-05,7143326.039789369,10610.742107617674,68.70582754017997,68.70582754017997,68.70582754017997,-3.3763765858631842,25.713676045229533,10258272558.987562,28.2064547972602,33.059301215423474,4.852846418163278,7.139352305226376,0.15650352169431336,7.677976955157191,1.625949153370492e-08,24036.309776241633,1463.5643978867952,"[4596390636.136391, -4576962484.135579]","[[5104295993.259255, 8022038.397349118], [8022038.397349118, 12045073855.36463]]","[[[2779851880.458257, -593418659.8555527], [-593418659.8555527, 11972633152.73104]], [[2814322969.2668767, 607242486.774891], [607242486.774891, 11968247937.538036]]]",1936440998007.665,8869138252023.648,6.0,8.400002116104588e-08,2.000000642529698e-15,False,False,/private/tmp/oneD-v2-taylor-peierls-pf-runs/oneD_v2_DBTT_TP/T1100K_seed1008666/steps_1100K.csv,b48131487d6c5c241831e000cf41cf27ed2bc5f05896cf95229e8a5a66c80801,/private/tmp/oneD-v2-taylor-peierls-pf-runs/oneD_v2_DBTT_TP/T1100K_seed1008666/anisotropic_emission_audit_v10174.json,0faf9caee18166adf4b4b6836b84c8d35bc8bbec373e4cd0c5471db9ec942c73,FULL_ACTIVE_AND_WAKE_SPATIAL_PROFILE_OBSERVER,PF_MODEL_NATIVE_DRIVING_TRAJECTORY_NOT_RESISTANCE
DBTT,KINETIC_FINALIST,oneD_v2_dbtt_TP_6ca03f05fbae34e9,oneD_v2_DBTT_TP,1100.0,1008666,100.0,6,0,242,1380.1253176515745,3.286012661075186e-05,7140819.494224936,10695.946560337816,68.98113049764856,68.98113049764856,68.98113049764856,-3.477176518359146,25.275138083372877,10083321224.441872,33.059301215423474,35.35664131104838,2.2973400956249024,7.4485809373157235,0.15270591708544765,7.868955411450585,1.68740825780337e-08,24944.1955985155,1489.9040990596452,"[4711752786.540403, -4687104369.010372]","[[5395602290.931067, 5424133.65546054], [5424133.65546054, 11916058811.322002]]","[[[2734425004.786251, -525832202.4006762], [-525832202.4006762, 12157930577.867058]], [[2773494621.0303926, 531334725.3117204], [531334725.3117204, 12147703359.051138]]]",32274016633461.035,147818970867060.84,100.0,1.198895915877074e-06,2.854514584774148e-14,False,False,/private/tmp/oneD-v2-taylor-peierls-pf-runs/oneD_v2_DBTT_TP/T1100K_seed1008666/steps_1100K.csv,b48131487d6c5c241831e000cf41cf27ed2bc5f05896cf95229e8a5a66c80801,/private/tmp/oneD-v2-taylor-peierls-pf-runs/oneD_v2_DBTT_TP/T1100K_seed1008666/anisotropic_emission_audit_v10174.json,0faf9caee18166adf4b4b6836b84c8d35bc8bbec373e4cd0c5471db9ec942c73,FULL_ACTIVE_AND_WAKE_SPATIAL_PROFILE_OBSERVER,PF_MODEL_NATIVE_DRIVING_TRAJECTORY_NOT_RESISTANCE
DBTT,KINETIC_FINALIST,oneD_v2_dbtt_TP_6ca03f05fbae34e9,oneD_v2_DBTT_TP,1100.0,1008666,100.0,7,0,252,1380.1253188504704,3.2860126639297004e-05,7139253.009247954,10761.09969556986,69.19090685918303,69.19090685918303,69.19090685918303,-3.6079679600760146,25.18144016379015,10045941162.734669,35.35664131104838,40.602872086987624,5.246230775939242,7.549825549599044,0.1515213598516396,7.9304988881233545,1.787020665026374e-08,26418.087717315782,1498.4411264785144,"[4550089767.253317, -4532035714.724631]","[[4891586501.240449, 5947552.583080409], [5947552.583080409, 11165608905.182547]]","[[[2901086772.5780344, -454743066.3793657], [-454743066.3793657, 12001266307.08467]], [[2941187406.4417615, 452031150.747176], [452031150.747176, 12005258835.891026]]]",1936440998007.665,8869138252023.648,6.0,1.1270390132267494e-06,2.6834274819559356e-14,False,False,/private/tmp/oneD-v2-taylor-peierls-pf-runs/oneD_v2_DBTT_TP/T1100K_seed1008666/steps_1100K.csv,b48131487d6c5c241831e000cf41cf27ed2bc5f05896cf95229e8a5a66c80801,/private/tmp/oneD-v2-taylor-peierls-pf-runs/oneD_v2_DBTT_TP/T1100K_seed1008666/anisotropic_emission_audit_v10174.json,0faf9caee18166adf4b4b6836b84c8d35bc8bbec373e4cd0c5471db9ec942c73,FULL_ACTIVE_AND_WAKE_SPATIAL_PROFILE_OBSERVER,PF_MODEL_NATIVE_DRIVING_TRAJECTORY_NOT_RESISTANCE
DBTT,KINETIC_FINALIST,oneD_v2_dbtt_TP_6ca03f05fbae34e9,oneD_v2_DBTT_TP,1100.0,1008666,100.0,8,0,262,1380.1253199775094,3.286012666613128e-05,7134984.714737414,10914.155888499616,69.68122413728736,69.68122413728736,69.68122413728736,-3.3300760121885196,25.624994256111595,10222893643.806774,40.602872086987624,45.534666691946185,4.931794604958564,7.394417873547008,0.15335113943149808,7.835865374099391,1.694820639639328e-08,25054.818710255877,1485.3195770870166,"[4653846158.190044, -4657902362.955265]","[[4661812011.100708, 12903242.383936996], [12903242.383936996, 11934370953.707499]]","[[[2977121211.0330734, -1060714172.4148163], [-1060714172.4148163, 12284813527.413162]], [[2991129866.3296046, 1073898191.028115], [1073898191.028115, 12306934592.240135]]]",1936440998007.665,8869138252023.648,6.0,8.400002116104588e-08,2.000000642529698e-15,False,False,/private/tmp/oneD-v2-taylor-peierls-pf-runs/oneD_v2_DBTT_TP/T1100K_seed1008666/steps_1100K.csv,b48131487d6c5c241831e000cf41cf27ed2bc5f05896cf95229e8a5a66c80801,/private/tmp/oneD-v2-taylor-peierls-pf-runs/oneD_v2_DBTT_TP/T1100K_seed1008666/anisotropic_emission_audit_v10174.json,0faf9caee18166adf4b4b6836b84c8d35bc8bbec373e4cd0c5471db9ec942c73,FULL_ACTIVE_AND_WAKE_SPATIAL_PROFILE_OBSERVER,PF_MODEL_NATIVE_DRIVING_TRAJECTORY_NOT_RESISTANCE
DBTT,KINETIC_FINALIST,oneD_v2_dbtt_TP_6ca03f05fbae34e9,oneD_v2_DBTT_TP,1100.0,1008666,100.0,9,0,263,1380.1253200615095,3.286012666813128e-05,7132101.933192352,10944.033959210752,69.7765369427417,69.7765369427417,69.7765369427417,-3.3165353396722774,25.426428260497644,10143677272.706364,45.534666691946185,47.83200678757109,2.2973400956249024,7.530921270618047,0.15174044637296683,7.9190571424296285,1.7089860195755407e-08,25264.756726502543,1496.850314634163,"[4521232347.572936, -4511583728.236997]","[[4343063535.671106, -394565.8181509972], [-394565.8181509972, 11448068937.008404]]","[[[3491432976.680508, -580864975.8460504], [-580864975.8460504, 12533897671.826382]], [[3473833113.4195046, 639268271.3974974], [639268271.3974974, 12497000569.893497]]]",32274016633461.035,147818970867060.84,100.0,1.6800004232209176e-07,4.000001285059396e-15,False,False,/private/tmp/oneD-v2-taylor-peierls-pf-runs/oneD_v2_DBTT_TP/T1100K_seed1008666/steps_1100K.csv,b48131487d6c5c241831e000cf41cf27ed2bc5f05896cf95229e8a5a66c80801,/private/tmp/oneD-v2-taylor-peierls-pf-runs/oneD_v2_DBTT_TP/T1100K_seed1008666/anisotropic_emission_audit_v10174.json,0faf9caee18166adf4b4b6836b84c8d35bc8bbec373e4cd0c5471db9ec942c73,FULL_ACTIVE_AND_WAKE_SPATIAL_PROFILE_OBSERVER,PF_MODEL_NATIVE_DRIVING_TRAJECTORY_NOT_RESISTANCE
DBTT,KINETIC_FINALIST,oneD_v2_dbtt_TP_6ca03f05fbae34e9,oneD_v2_DBTT_TP,1100.0,1008666,100.0,10,0,265,1380.1253202295095,3.286012667213128e-05,7128529.045893152,11071.692743164254,70.18231794756268,70.18231794756268,70.18231794756268,-2.56415318146008,28.336079018680042,11304459981.347406,47.83200678757109,50.12934688319599,2.2973400956249024,6.134453880048767,0.1711306716078537,7.02154625191623,1.3392764232682605e-08,19798.82153566261,1375.0948916019477,"[3958735470.505546, -3974587155.719192]","[[3924917320.049277, -18094933.07525635], [-18094933.07525635, 12664898910.1465]]","[[[2950290967.619805, -1544330744.0252135], [-1544330744.0252135, 10867761908.630898]], [[2967975084.0979843, 1618484882.5423613], [1618484882.5423613, 10917149395.53637]]]",1936440998007.665,8869138252023.648,6.0,171.31619265600216,4.0789569679999644e-06,True,False,/private/tmp/oneD-v2-taylor-peierls-pf-runs/oneD_v2_DBTT_TP/T1100K_seed1008666/steps_1100K.csv,b48131487d6c5c241831e000cf41cf27ed2bc5f05896cf95229e8a5a66c80801,/private/tmp/oneD-v2-taylor-peierls-pf-runs/oneD_v2_DBTT_TP/T1100K_seed1008666/anisotropic_emission_audit_v10174.json,0faf9caee18166adf4b4b6836b84c8d35bc8bbec373e4cd0c5471db9ec942c73,FULL_ACTIVE_AND_WAKE_SPATIAL_PROFILE_OBSERVER,PF_MODEL_NATIVE_DRIVING_TRAJECTORY_NOT_RESISTANCE
DBTT,KINETIC_FINALIST,oneD_v2_dbtt_TP_6ca03f05fbae34e9,oneD_v2_DBTT_TP,1100.0,1008666,100.0,11,1,298,1551.4415128855117,3.6939083640131245e-05,8070091.195417638,5437.469036026174,49.18346182918566,49.18346182918566,49.18346182918566,-2.063607018276279,21.403821015757508,8538889165.330409,50.12934688319599,52.42668697882088,2.2973400956248953,5.280263142962405,0.18742480083638946,6.410369516546452,0.0,16201.860420027677,1296.3179433541666,"[4045219457.493123, -3938687514.742099]","[[4573033547.804564, 93737370.37778662], [93737370.37778662, 10624818843.744473]]","[[[2446948004.7307725, -481587614.71581674], [-481587614.71581674, 10537386919.717018]], [[2677956391.911383, 595812234.4851484], [595812234.4851484, 10555331421.39558]]]",31628536300791.816,144862591449719.66,98.0,0.3401338750099967,8.09842559545027e-09,False,False,/private/tmp/oneD-v2-taylor-peierls-pf-runs/oneD_v2_DBTT_TP/T1100K_seed1008666/steps_1100K.csv,b48131487d6c5c241831e000cf41cf27ed2bc5f05896cf95229e8a5a66c80801,/private/tmp/oneD-v2-taylor-peierls-pf-runs/oneD_v2_DBTT_TP/T1100K_seed1008666/anisotropic_emission_audit_v10174.json,0faf9caee18166adf4b4b6836b84c8d35bc8bbec373e4cd0c5471db9ec942c73,FULL_ACTIVE_AND_WAKE_SPATIAL_PROFILE_OBSERVER,PF_MODEL_NATIVE_DRIVING_TRAJECTORY_NOT_RESISTANCE
DBTT,KINETIC_FINALIST,oneD_v2_dbtt_TP_6ca03f05fbae34e9,oneD_v2_DBTT_TP,1100.0,1008666,100.0,12,1,318,1551.7816467605217,3.6947182065726696e-05,8071018.177994492,5532.55848108234,49.61165351552002,49.61165351552002,49.61165351552002,-2.1871072768631104,21.459863813080702,8561247006.694599,52.42668697882088,56.677418122201125,4.250731143380243,5.344578752619157,0.18603282668238033,6.45833044335982,0.0,17651.63254428449,1302.362773890197,"[3983281932.751405, -3876501819.1539536]","[[4560406605.434609, 87049658.35177211], [87049658.35177211, 10084312543.699625]]","[[[2199830357.9201193, -397272341.4433755], [-397272341.4433755, 10166394223.42293]], [[2420420405.864689, 500664257.0768653], [500664257.0768653, 10173424044.172596]]]",645480332669.2217,2956379417341.2163,2.0,1.166631993653482,2.7776952229846e-08,False,False,/private/tmp/oneD-v2-taylor-peierls-pf-runs/oneD_v2_DBTT_TP/T1100K_seed1008666/steps_1100K.csv,b48131487d6c5c241831e000cf41cf27ed2bc5f05896cf95229e8a5a66c80801,/private/tmp/oneD-v2-taylor-peierls-pf-runs/oneD_v2_DBTT_TP/T1100K_seed1008666/anisotropic_emission_audit_v10174.json,0faf9caee18166adf4b4b6836b84c8d35bc8bbec373e4cd0c5471db9ec942c73,FULL_ACTIVE_AND_WAKE_SPATIAL_PROFILE_OBSERVER,PF_MODEL_NATIVE_DRIVING_TRAJECTORY_NOT_RESISTANCE
DBTT,KINETIC_FINALIST,oneD_v2_dbtt_TP_6ca03f05fbae34e9,oneD_v2_DBTT_TP,1100.0,1008666,100.0,13,1,333,1552.9482787541751,3.697495901795654e-05,8075210.029017501,5743.10765390317,50.546859040658425,50.546859040658425,50.546859040658425,-2.0824070210922696,21.007267910738943,8380687365.3140335,56.677418122201125,64.60637726595918,7.9289591437580516,5.789608530652716,0.177182324686855,6.781047382453995,0.0,18084.885659262687,1343.6881997873877,"[4152991061.4764714, -4042134825.094401]","[[4143939794.3182454, 85758269.7458207], [85758269.7458207, 10249742349.461575]]","[[[2399035167.182166, -697288298.4517452], [-697288298.4517452, 10705017290.135109]], [[2477443275.4143887, 800259724.5056502], [800259724.5056502, 10561712925.603191]]]",5809322994022.996,26607414756070.95,18.0,0.00034311551803511975,8.169417087798038e-12,False,False,/private/tmp/oneD-v2-taylor-peierls-pf-runs/oneD_v2_DBTT_TP/T1100K_seed1008666/steps_1100K.csv,b48131487d6c5c241831e000cf41cf27ed2bc5f05896cf95229e8a5a66c80801,/private/tmp/oneD-v2-taylor-peierls-pf-runs/oneD_v2_DBTT_TP/T1100K_seed1008666/anisotropic_emission_audit_v10174.json,0faf9caee18166adf4b4b6836b84c8d35bc8bbec373e4cd0c5471db9ec942c73,FULL_ACTIVE_AND_WAKE_SPATIAL_PROFILE_OBSERVER,PF_MODEL_NATIVE_DRIVING_TRAJECTORY_NOT_RESISTANCE
DBTT,KINETIC_FINALIST,oneD_v2_dbtt_TP_6ca03f05fbae34e9,oneD_v2_DBTT_TP,1100.0,1008666,100.0,14,1,334,1552.9486218696932,3.697496718737363e-05,8071104.224663126,6171.061492130148,52.39630147833192,52.39630147833192,52.39630147833192,-1.6966641539142042,22.74421992767522,9073630963.89846,64.60637726595918,73.04590364404542,8.439526378086239,5.307123234595518,0.18683968203033993,6.42977603943606,0.0,16196.922802338242,1298.8446208623843,"[3637954245.782904, -3784211543.830402]","[[4185184068.8461523, -30297942.02211229], [-30297942.02211229, 10505555815.673914]]","[[[2107467068.8859003, -1234827089.2129629], [-1234827089.2129629, 9383375560.45171]], [[2853977924.7132473, 1157717928.7949572], [1157717928.7949572, 10422401012.374052]]]",55511308609552.914,254248629891343.6,172.0,2.5200006348313764e-07,6.000008703852672e-15,False,False,/private/tmp/oneD-v2-taylor-peierls-pf-runs/oneD_v2_DBTT_TP/T1100K_seed1008666/steps_1100K.csv,b48131487d6c5c241831e000cf41cf27ed2bc5f05896cf95229e8a5a66c80801,/private/tmp/oneD-v2-taylor-peierls-pf-runs/oneD_v2_DBTT_TP/T1100K_seed1008666/anisotropic_emission_audit_v10174.json,0faf9caee18166adf4b4b6836b84c8d35bc8bbec373e4cd0c5471db9ec942c73,FULL_ACTIVE_AND_WAKE_SPATIAL_PROFILE_OBSERVER,PF_MODEL_NATIVE_DRIVING_TRAJECTORY_NOT_RESISTANCE
DBTT,KINETIC_FINALIST,oneD_v2_dbtt_TP_6ca03f05fbae34e9,oneD_v2_DBTT_TP,1100.0,1008666,100.0,15,1,337,1552.9486221216932,3.697496719337364e-05,8000040.202515687,13555.716726578128,77.65723757124832,77.65723757124832,77.65723757124832,-2.6223239552423525,27.70421006235749,11052380738.997213,73.04590364404542,75.34297779768553,2.297074153640119,7.857281856285961,0.14808632677713304,8.113120081341403,1.7404772734532072e-08,25727.98837938156,1524.1096098638354,"[4937706976.514534, -4757797339.846065]","[[6105529489.580341, 372073526.79220563], [372073526.79220563, 13213381799.01762]]","[[[3379234144.5534534, -465276253.255365], [-465276253.255365, 13254648097.582523]], [[3864585275.472037, 847031945.6568906], [847031945.6568906, 13380179955.164165]]]",1290960665338.4434,5912758834682.433,4.0,5.040001269662753e-07,1.2000003855178187e-14,False,False,/private/tmp/oneD-v2-taylor-peierls-pf-runs/oneD_v2_DBTT_TP/T1100K_seed1008666/steps_1100K.csv,b48131487d6c5c241831e000cf41cf27ed2bc5f05896cf95229e8a5a66c80801,/private/tmp/oneD-v2-taylor-peierls-pf-runs/oneD_v2_DBTT_TP/T1100K_seed1008666/anisotropic_emission_audit_v10174.json,0faf9caee18166adf4b4b6836b84c8d35bc8bbec373e4cd0c5471db9ec942c73,FULL_ACTIVE_AND_WAKE_SPATIAL_PROFILE_OBSERVER,PF_MODEL_NATIVE_DRIVING_TRAJECTORY_NOT_RESISTANCE
DBTT,KINETIC_FINALIST,oneD_v2_dbtt_TP_6ca03f05fbae34e9,oneD_v2_DBTT_TP,1100.0,1008666,100.0,16,1,343,1552.9486226256934,3.697496720537364e-05,7998614.993934253,13784.071552133384,78.30859910070473,78.30859910070473,78.30859910070473,-2.7282845502552036,27.284553181402764,10884961865.922983,75.34297779768553,77.64005195132565,2.2970741536401054,8.237306338887326,0.14414679271586817,8.335029473531733,1.861803866761386e-08,27522.686382466767,1555.3176816598225,"[4855070521.3144, -4686418144.185086]","[[6184694015.980239, 287628386.7272147], [287628386.7272147, 12404016506.944197]]","[[[3106032738.365572, -349808549.6200861], [-349808549.6200861, 12816173780.994371]], [[3512250426.760528, 700226465.9093709], [700226465.9093709, 12885086715.130701]]]",5163842661353.773,23651035338729.73,16.0,3.360000846441835e-07,8.00000934638237e-15,False,False,/private/tmp/oneD-v2-taylor-peierls-pf-runs/oneD_v2_DBTT_TP/T1100K_seed1008666/steps_1100K.csv,b48131487d6c5c241831e000cf41cf27ed2bc5f05896cf95229e8a5a66c80801,/private/tmp/oneD-v2-taylor-peierls-pf-runs/oneD_v2_DBTT_TP/T1100K_seed1008666/anisotropic_emission_audit_v10174.json,0faf9caee18166adf4b4b6836b84c8d35bc8bbec373e4cd0c5471db9ec942c73,FULL_ACTIVE_AND_WAKE_SPATIAL_PROFILE_OBSERVER,PF_MODEL_NATIVE_DRIVING_TRAJECTORY_NOT_RESISTANCE
DBTT,KINETIC_FINALIST,oneD_v2_dbtt_TP_6ca03f05fbae34e9,oneD_v2_DBTT_TP,1100.0,1008666,100.0,17,1,347,1552.9486229616934,3.697496721337365e-05,7997164.513143261,13996.69631897429,78.91025836064462,78.91025836064462,78.91025836064462,-2.6886322190838126,27.29523250715,10889222300.489737,77.64005195132565,79.93712610496574,2.2970741536401054,8.357826174290748,0.14296161276476935,8.404750413845722,1.8883838546188447e-08,27915.019900960742,1565.0985228241711,"[4989226890.2181, -4861610190.5123415]","[[6267259120.799987, 401745501.5015037], [401745501.5015037, 12906862128.373394]]","[[[3279636774.2435355, -479397190.2054575], [-479397190.2054575, 13258090554.679735]], [[3466597178.048249, 904530731.5583775], [904530731.5583775, 13189817559.072933]]]",5163842661353.773,23651035338729.73,16.0,3.360000846441835e-07,7.999995793855214e-15,False,False,/private/tmp/oneD-v2-taylor-peierls-pf-runs/oneD_v2_DBTT_TP/T1100K_seed1008666/steps_1100K.csv,b48131487d6c5c241831e000cf41cf27ed2bc5f05896cf95229e8a5a66c80801,/private/tmp/oneD-v2-taylor-peierls-pf-runs/oneD_v2_DBTT_TP/T1100K_seed1008666/anisotropic_emission_audit_v10174.json,0faf9caee18166adf4b4b6836b84c8d35bc8bbec373e4cd0c5471db9ec942c73,FULL_ACTIVE_AND_WAKE_SPATIAL_PROFILE_OBSERVER,PF_MODEL_NATIVE_DRIVING_TRAJECTORY_NOT_RESISTANCE
DBTT,KINETIC_FINALIST,oneD_v2_dbtt_TP_6ca03f05fbae34e9,oneD_v2_DBTT_TP,1100.0,1008666,100.0,18,1,351,1552.9486232976935,3.697496722137365e-05,7995395.245299837,14221.431791978806,79.54123992262173,79.54123992262173,79.54123992262173,-2.835832966120388,26.402158803565765,10532937440.615288,79.93712610496574,82.23340249422276,2.2962763892570144,9.076237162526613,0.136456307972736,8.805414228067654,2.0633251553155668e-08,30500.69933691801,1622.2895114373714,"[5161670705.5116, -5021328882.941776]","[[5784725101.515255, 232469525.82084838], [232469525.82084838, 12220294452.495113]]","[[[3592794598.3569355, -559126025.6005466], [-559126025.6005466, 13916136009.380136]], [[3588823330.074221, 978731133.5133482], [978731133.5133482, 13631481095.957775]]]",1290960665338.4434,5912758834682.433,4.0,4.02363025386876e-06,9.580073415333193e-14,False,False,/private/tmp/oneD-v2-taylor-peierls-pf-runs/oneD_v2_DBTT_TP/T1100K_seed1008666/steps_1100K.csv,b48131487d6c5c241831e000cf41cf27ed2bc5f05896cf95229e8a5a66c80801,/private/tmp/oneD-v2-taylor-peierls-pf-runs/oneD_v2_DBTT_TP/T1100K_seed1008666/anisotropic_emission_audit_v10174.json,0faf9caee18166adf4b4b6836b84c8d35bc8bbec373e4cd0c5471db9ec942c73,FULL_ACTIVE_AND_WAKE_SPATIAL_PROFILE_OBSERVER,PF_MODEL_NATIVE_DRIVING_TRAJECTORY_NOT_RESISTANCE
DBTT,KINETIC_FINALIST,oneD_v2_dbtt_TP_6ca03f05fbae34e9,oneD_v2_DBTT_TP,1100.0,1008666,100.0,19,1,361,1552.9486273213238,3.697496731717438e-05,7993258.590917648,14488.688193533835,80.28515098100944,80.28515098100944,80.28515098100944,-1.9276554086022089,27.474417932121344,10960706942.542503,82.23340249422276,100.16094124707362,17.927538752850865,8.539126675281178,0.14123253279898645,8.50720497717388,1.924354365049666e-08,28446.21916205251,1579.7090714515014,"[5015909359.374662, -4851704234.857703]","[[5551401676.203671, 209986940.22015557], [209986940.22015557, 12857608070.210205]]","[[[3397188847.6456375, -757093167.2814978], [-757093167.2814978, 13429007566.394962]], [[3521825702.0822783, 1107775847.6050103], [1107775847.6050103, 13225234171.797686]]]",9036724657369.11,41389311842777.04,28.0,,,False,True,/private/tmp/oneD-v2-taylor-peierls-pf-runs/oneD_v2_DBTT_TP/T1100K_seed1008666/steps_1100K.csv,b48131487d6c5c241831e000cf41cf27ed2bc5f05896cf95229e8a5a66c80801,/private/tmp/oneD-v2-taylor-peierls-pf-runs/oneD_v2_DBTT_TP/T1100K_seed1008666/anisotropic_emission_audit_v10174.json,0faf9caee18166adf4b4b6836b84c8d35bc8bbec373e4cd0c5471db9ec942c73,FULL_ACTIVE_AND_WAKE_SPATIAL_PROFILE_OBSERVER,PF_MODEL_NATIVE_DRIVING_TRAJECTORY_NOT_RESISTANCE
DBTT,KINETIC_FINALIST,oneD_v2_dbtt_TP_6ca03f05fbae34e9,oneD_v2_DBTT_TP,1200.0,1008666,100.0,0,0,169,1325.729064912646,3.1564977736015473e-05,6876110.296864554,6460.107856327227,53.609354720175766,53.609354720175766,53.609354720175766,-3.5950583565567347,19.730834975481972,7871464299.343124,0.0,2.931106565679095,2.931106565679095,7.382275201241104,0.15349691577876565,7.828415592797177,0.0,24370.948186602356,1484.2901072769894,"[3099490419.0083942, -3091191060.2593613]","[[-199294600.14648834, -9109678.498519538], [-9109678.498519538, 6190845176.005157]]","[[[-41935985.83913427, 55665659.88957977], [55665659.88957977, 6157044852.177654]], [[-38759904.883339055, -67039774.535978615], [-67039774.535978615, 6143622215.635384]]]",1363119985358.0618,6243257407107.039,4.0,7.125909995693519,1.6966452370698748e-07,False,False,/private/tmp/oneD-v2-taylor-peierls-pf-runs/oneD_v2_DBTT_TP/T1200K_seed1008666/steps_1200K.csv,e08fbd278985839d9a750a25fcac149f34dd2dfe95dfa0ef18676fa067d16755,/private/tmp/oneD-v2-taylor-peierls-pf-runs/oneD_v2_DBTT_TP/T1200K_seed1008666/anisotropic_emission_audit_v10174.json,51775bb2f86fe375e17005e188b52719e96e3ddb86a84cba5fb795a47c268fa5,FULL_ACTIVE_AND_WAKE_SPATIAL_PROFILE_OBSERVER,PF_MODEL_NATIVE_DRIVING_TRAJECTORY_NOT_RESISTANCE
DBTT,KINETIC_FINALIST,oneD_v2_dbtt_TP_6ca03f05fbae34e9,oneD_v2_DBTT_TP,1200.0,1008666,100.0,1,0,190,1332.8549749083395,3.173464225972246e-05,6912906.493958361,6737.211408424129,54.74705762338148,54.74705762338148,54.74705762338148,-3.6363203510523037,20.04908573660748,7998427983.726026,2.931106565679095,7.415929780049919,4.484823214370824,7.456455321713489,0.15261278922984706,7.8737763486451815,0.0,24710.963317742535,1490.5695945330406,"[3429845203.309926, -3419446589.1869984]","[[641598635.5930063, -12775863.561300516], [-12775863.561300516, 6906709299.627126]]","[[[-14797069.04501542, -79338817.68034549], [-79338817.68034549, 6844893337.574837]], [[-10985029.103227062, 60996273.58656287], [60996273.58656287, 6827908149.270769]]]",1363119985358.0618,6243257407107.039,4.0,0.10431974825905854,2.4838035299980287e-09,False,False,/private/tmp/oneD-v2-taylor-peierls-pf-runs/oneD_v2_DBTT_TP/T1200K_seed1008666/steps_1200K.csv,e08fbd278985839d9a750a25fcac149f34dd2dfe95dfa0ef18676fa067d16755,/private/tmp/oneD-v2-taylor-peierls-pf-runs/oneD_v2_DBTT_TP/T1200K_seed1008666/anisotropic_emission_audit_v10174.json,51775bb2f86fe375e17005e188b52719e96e3ddb86a84cba5fb795a47c268fa5,FULL_ACTIVE_AND_WAKE_SPATIAL_PROFILE_OBSERVER,PF_MODEL_NATIVE_DRIVING_TRAJECTORY_NOT_RESISTANCE
DBTT,KINETIC_FINALIST,oneD_v2_dbtt_TP_6ca03f05fbae34e9,oneD_v2_DBTT_TP,1200.0,1008666,100.0,2,0,204,1332.9592946565986,3.173712606325246e-05,6912867.91865474,7158.447004226488,56.43260552840019,56.43260552840019,56.43260552840019,-3.714866003234223,20.42435333191568,8148138093.959042,7.415929780049919,10.475434902500647,3.059505122450728,7.634200729156239,0.15055495591119122,7.981425411538021,0.0,25287.183263119194,1505.5235007638964,"[3779911655.94759, -3770400743.507566]","[[1502909354.2298427, -17446588.200736605], [-17446588.200736605, 7670644813.914663]]","[[[508138879.3637956, -126679784.21193723], [-126679784.21193723, 8067962191.258976]], [[506289040.14923936, 95567355.14138335], [95567355.14138335, 8047090527.1643715]]]",1363119985358.0618,6243257407107.039,4.0,0.0017585154496373434,4.186941545965099e-11,False,False,/private/tmp/oneD-v2-taylor-peierls-pf-runs/oneD_v2_DBTT_TP/T1200K_seed1008666/steps_1200K.csv,e08fbd278985839d9a750a25fcac149f34dd2dfe95dfa0ef18676fa067d16755,/private/tmp/oneD-v2-taylor-peierls-pf-runs/oneD_v2_DBTT_TP/T1200K_seed1008666/anisotropic_emission_audit_v10174.json,51775bb2f86fe375e17005e188b52719e96e3ddb86a84cba5fb795a47c268fa5,FULL_ACTIVE_AND_WAKE_SPATIAL_PROFILE_OBSERVER,PF_MODEL_NATIVE_DRIVING_TRAJECTORY_NOT_RESISTANCE
DBTT,KINETIC_FINALIST,oneD_v2_dbtt_TP_6ca03f05fbae34e9,oneD_v2_DBTT_TP,1200.0,1008666,100.0,3,0,216,1332.9610531720482,3.173716793266792e-05,6912264.734826046,7494.92041770676,57.74364679214955,57.74364679214955,57.74364679214955,-3.5762328273402395,21.328429042013475,8508812119.400999,10.475434902500647,17.738586165025698,7.263151262525049,7.32977561067508,0.15413200765179438,7.7961488422431735,0.0,24553.04757790208,1479.8320303632051,"[3900753183.5763736, -3888521204.3902464]","[[2036242231.9896455, -20693535.706482377], [-20693535.706482377, 8385335944.536991]]","[[[825483715.4975804, -177017708.67971405], [-177017708.67971405, 8626990082.650328]], [[821773711.2579213, 141216741.50523204], [141216741.50523204, 8598816120.038414]]]",4770919948753.217,21851400924874.633,14.0,2.3921711544971913e-06,5.695646048981678e-14,False,False,/private/tmp/oneD-v2-taylor-peierls-pf-runs/oneD_v2_DBTT_TP/T1200K_seed1008666/steps_1200K.csv,e08fbd278985839d9a750a25fcac149f34dd2dfe95dfa0ef18676fa067d16755,/private/tmp/oneD-v2-taylor-peierls-pf-runs/oneD_v2_DBTT_TP/T1200K_seed1008666/anisotropic_emission_audit_v10174.json,51775bb2f86fe375e17005e188b52719e96e3ddb86a84cba5fb795a47c268fa5,FULL_ACTIVE_AND_WAKE_SPATIAL_PROFILE_OBSERVER,PF_MODEL_NATIVE_DRIVING_TRAJECTORY_NOT_RESISTANCE
DBTT,KINETIC_FINALIST,oneD_v2_dbtt_TP_6ca03f05fbae34e9,oneD_v2_DBTT_TP,1200.0,1008666,100.0,4,0,226,1332.9610555642194,3.173716798962438e-05,6907801.681893045,9157.64990412431,63.828217102569944,63.828217102569944,63.828217102569944,-2.9191444702797753,25.43767098585919,10148162471.200026,17.738586165025698,28.2064547972602,10.467868632234504,6.29608721746318,0.16849978842933,7.130294561688097,1.3128897082374644e-08,20490.65780073821,1389.6294315941334,"[3586596236.8307366, -3472626596.7672286]","[[2642047494.287861, -222262798.20817193], [-222262798.20817193, 9913953456.646627]]","[[[2337582814.5347834, -1669110071.5996444], [-1669110071.5996444, 9510775288.196257]], [[2343324683.523731, 1568020398.7659438], [1568020398.7659438, 9288577877.05819]]]",4089359956074.186,18729772221321.117,12.0,1.108996912080329e-06,2.6404727471347755e-14,False,False,/private/tmp/oneD-v2-taylor-peierls-pf-runs/oneD_v2_DBTT_TP/T1200K_seed1008666/steps_1200K.csv,e08fbd278985839d9a750a25fcac149f34dd2dfe95dfa0ef18676fa067d16755,/private/tmp/oneD-v2-taylor-peierls-pf-runs/oneD_v2_DBTT_TP/T1200K_seed1008666/anisotropic_emission_audit_v10174.json,51775bb2f86fe375e17005e188b52719e96e3ddb86a84cba5fb795a47c268fa5,FULL_ACTIVE_AND_WAKE_SPATIAL_PROFILE_OBSERVER,PF_MODEL_NATIVE_DRIVING_TRAJECTORY_NOT_RESISTANCE
DBTT,KINETIC_FINALIST,oneD_v2_dbtt_TP_6ca03f05fbae34e9,oneD_v2_DBTT_TP,1200.0,1008666,100.0,5,0,236,1332.9610566732163,3.1737168016029107e-05,6899210.749166443,9897.913095984719,66.35788164438348,66.35788164438348,66.35788164438348,-3.2524169091766284,25.23700258833131,10068107363.085752,28.2064547972602,33.059301215423474,4.852846418163278,6.9136833138487415,0.15946094413786774,7.535543100021678,1.483499545681276e-08,23153.709735578286,1444.0848835016802,"[4439314054.484237, -4420549838.155058]","[[4929862306.083379, 7747894.080843279], [7747894.080843279, 11633446738.192804]]","[[[2684853507.724487, -573139231.504557], [-573139231.504557, 11563481616.69296]], [[2718146585.083576, 586490644.3821537], [586490644.3821537, 11559246261.393692]]]",2044679978037.0925,9364886110660.559,6.0,8.400002116104588e-08,2.000000642529698e-15,False,False,/private/tmp/oneD-v2-taylor-peierls-pf-runs/oneD_v2_DBTT_TP/T1200K_seed1008666/steps_1200K.csv,e08fbd278985839d9a750a25fcac149f34dd2dfe95dfa0ef18676fa067d16755,/private/tmp/oneD-v2-taylor-peierls-pf-runs/oneD_v2_DBTT_TP/T1200K_seed1008666/anisotropic_emission_audit_v10174.json,51775bb2f86fe375e17005e188b52719e96e3ddb86a84cba5fb795a47c268fa5,FULL_ACTIVE_AND_WAKE_SPATIAL_PROFILE_OBSERVER,PF_MODEL_NATIVE_DRIVING_TRAJECTORY_NOT_RESISTANCE
DBTT,KINETIC_FINALIST,oneD_v2_dbtt_TP_6ca03f05fbae34e9,oneD_v2_DBTT_TP,1200.0,1008666,100.0,6,0,237,1332.9610567572163,3.173716801802911e-05,6896789.862047616,9977.393518778648,66.6237764269945,66.6237764269945,66.6237764269945,-3.3497852470381417,24.80786507951043,9896906266.71096,33.059301215423474,35.35664131104838,2.2973400956249024,7.212398421763425,0.1555809315920365,7.723509004828702,1.5396608434862354e-08,24030.3553492458,1469.8228191144274,"[4550733830.61527, -4526927745.575015]","[[5211213532.260457, 5238769.86886793], [5238769.86886793, 11508840641.04309]]","[[[2640979045.443053, -507862466.70821065], [-507862466.70821065, 11742446706.673592]], [[2678713500.63333, 513176946.9662893], [513176946.9662893, 11732568991.783361]]]",34077999633951.56,156081435177676.1,100.0,1.198895915877074e-06,2.854514584774148e-14,False,False,/private/tmp/oneD-v2-taylor-peierls-pf-runs/oneD_v2_DBTT_TP/T1200K_seed1008666/steps_1200K.csv,e08fbd278985839d9a750a25fcac149f34dd2dfe95dfa0ef18676fa067d16755,/private/tmp/oneD-v2-taylor-peierls-pf-runs/oneD_v2_DBTT_TP/T1200K_seed1008666/anisotropic_emission_audit_v10174.json,51775bb2f86fe375e17005e188b52719e96e3ddb86a84cba5fb795a47c268fa5,FULL_ACTIVE_AND_WAKE_SPATIAL_PROFILE_OBSERVER,PF_MODEL_NATIVE_DRIVING_TRAJECTORY_NOT_RESISTANCE
DBTT,KINETIC_FINALIST,oneD_v2_dbtt_TP_6ca03f05fbae34e9,oneD_v2_DBTT_TP,1200.0,1008666,100.0,7,0,247,1332.9610579561122,3.173716804657425e-05,6895276.910179329,10038.169670952315,66.82638391474367,66.82638391474367,66.82638391474367,-3.475736785332213,24.715952734047573,9860238546.014963,35.35664131104838,40.602872086987624,5.246230775939242,7.310401178418247,0.15436838097654992,7.784202533105219,1.6305648389432587e-08,25450.04834757727,1478.1839016646593,"[4394595466.884842, -4377158391.692948]","[[4724421926.55967, 5744301.531975937], [5744301.531975937, 10784036533.271421]]","[[[2801945331.1812487, -439202723.53537], [-439202723.53537, 11591136264.950932]], [[2840675570.102035, 436583484.62945396], [436583484.62945396, 11594992353.487932]]]",2044679978037.0925,9364886110660.559,6.0,1.1270390132267494e-06,2.6834274819559356e-14,False,False,/private/tmp/oneD-v2-taylor-peierls-pf-runs/oneD_v2_DBTT_TP/T1200K_seed1008666/steps_1200K.csv,e08fbd278985839d9a750a25fcac149f34dd2dfe95dfa0ef18676fa067d16755,/private/tmp/oneD-v2-taylor-peierls-pf-runs/oneD_v2_DBTT_TP/T1200K_seed1008666/anisotropic_emission_audit_v10174.json,51775bb2f86fe375e17005e188b52719e96e3ddb86a84cba5fb795a47c268fa5,FULL_ACTIVE_AND_WAKE_SPATIAL_PROFILE_OBSERVER,PF_MODEL_NATIVE_DRIVING_TRAJECTORY_NOT_RESISTANCE
DBTT,KINETIC_FINALIST,oneD_v2_dbtt_TP_6ca03f05fbae34e9,oneD_v2_DBTT_TP,1200.0,1008666,100.0,8,0,257,1332.9610590831512,3.173716807340853e-05,6891154.480126113,10180.943558716112,67.299945142491,67.299945142491,67.299945142491,-3.208020433901669,25.150935158895205,10033771426.518223,40.602872086987624,45.534666691946185,4.931794604958564,7.160133920952017,0.15623937577576447,7.690977411790062,1.54655026586558e-08,24136.458935292583,1465.3472332962838,"[4494806097.704343, -4498723686.144643]","[[4502499726.37603, 12462288.30435496], [12462288.30435496, 11526526986.842333]]","[[[2875381376.629071, -1024465435.2617809], [-1024465435.2617809, 11864993572.037758]], [[2888911301.578711, 1037198904.5774823], [1037198904.5774823, 11886358673.867998]]]",2044679978037.0925,9364886110660.559,6.0,8.400002116104588e-08,2.000000642529698e-15,False,False,/private/tmp/oneD-v2-taylor-peierls-pf-runs/oneD_v2_DBTT_TP/T1200K_seed1008666/steps_1200K.csv,e08fbd278985839d9a750a25fcac149f34dd2dfe95dfa0ef18676fa067d16755,/private/tmp/oneD-v2-taylor-peierls-pf-runs/oneD_v2_DBTT_TP/T1200K_seed1008666/anisotropic_emission_audit_v10174.json,51775bb2f86fe375e17005e188b52719e96e3ddb86a84cba5fb795a47c268fa5,FULL_ACTIVE_AND_WAKE_SPATIAL_PROFILE_OBSERVER,PF_MODEL_NATIVE_DRIVING_TRAJECTORY_NOT_RESISTANCE
DBTT,KINETIC_FINALIST,oneD_v2_dbtt_TP_6ca03f05fbae34e9,oneD_v2_DBTT_TP,1200.0,1008666,100.0,9,0,258,1332.9610591671512,3.173716807540853e-05,6888370.214476233,10208.814422495285,67.39200073806896,67.39200073806896,67.39200073806896,-3.1951608903473865,24.956813872725714,9956328237.939306,45.534666691946185,47.83200678757109,2.2973400956249024,7.291861643367216,0.15459558955504388,7.772770315796709,1.55946509059088e-08,24340.138648278895,1476.6053164594773,"[4366724217.836264, -4357405329.426215]","[[4194644128.607386, -381081.9664193608], [-381081.9664193608, 11056843805.324297]]","[[[3372117104.843609, -561014555.8392826], [-561014555.8392826, 12105565540.516136]], [[3355118697.501487, 617421983.1688803], [617421983.1688803, 12069929356.353916]]]",34077999633951.56,156081435177676.1,100.0,1.6800004232209176e-07,4.000001285059396e-15,False,False,/private/tmp/oneD-v2-taylor-peierls-pf-runs/oneD_v2_DBTT_TP/T1200K_seed1008666/steps_1200K.csv,e08fbd278985839d9a750a25fcac149f34dd2dfe95dfa0ef18676fa067d16755,/private/tmp/oneD-v2-taylor-peierls-pf-runs/oneD_v2_DBTT_TP/T1200K_seed1008666/anisotropic_emission_audit_v10174.json,51775bb2f86fe375e17005e188b52719e96e3ddb86a84cba5fb795a47c268fa5,FULL_ACTIVE_AND_WAKE_SPATIAL_PROFILE_OBSERVER,PF_MODEL_NATIVE_DRIVING_TRAJECTORY_NOT_RESISTANCE
DBTT,KINETIC_FINALIST,oneD_v2_dbtt_TP_6ca03f05fbae34e9,oneD_v2_DBTT_TP,1200.0,1008666,100.0,10,0,260,1332.9610593351513,3.173716807940853e-05,6884919.426690173,10327.89709718488,67.78391462481295,67.78391462481295,67.78391462481295,-2.468545756649904,27.803131163390166,11091844548.62301,47.83200678757109,50.12934688319599,2.2973400956249024,5.943823103707519,0.17439782722647124,6.889966236987867,1.2212240109727915e-08,19060.73790871656,1357.80015482882,"[3823450051.27158, -3838760022.6233935]","[[3790787598.8144026, -17476558.691482723], [-17476558.691482723, 12232089956.0296]]","[[[2849468027.2161465, -1491554943.8491347], [-1491554943.8491347, 10496368129.759308]], [[2866547808.514731, 1563174946.4554675], [1563174946.4554675, 10544067853.761518]]]",2044679978037.0925,9364886110660.559,6.0,167.1161926560021,3.978956967999962e-06,True,False,/private/tmp/oneD-v2-taylor-peierls-pf-runs/oneD_v2_DBTT_TP/T1200K_seed1008666/steps_1200K.csv,e08fbd278985839d9a750a25fcac149f34dd2dfe95dfa0ef18676fa067d16755,/private/tmp/oneD-v2-taylor-peierls-pf-runs/oneD_v2_DBTT_TP/T1200K_seed1008666/anisotropic_emission_audit_v10174.json,51775bb2f86fe375e17005e188b52719e96e3ddb86a84cba5fb795a47c268fa5,FULL_ACTIVE_AND_WAKE_SPATIAL_PROFILE_OBSERVER,PF_MODEL_NATIVE_DRIVING_TRAJECTORY_NOT_RESISTANCE
DBTT,KINETIC_FINALIST,oneD_v2_dbtt_TP_6ca03f05fbae34e9,oneD_v2_DBTT_TP,1200.0,1008666,100.0,11,1,292,1500.0772519911534,3.571612504740849e-05,7802911.11408043,5083.387672419033,47.55512318792853,47.55512318792853,47.55512318792853,-2.0039618625702533,20.953106059960767,8359079913.053827,50.12934688319599,52.42668697882088,2.2973400956248953,5.151074124171441,0.19031791647767757,6.312887968459665,0.0,15718.641288380724,1284.1222830877516,"[3911292586.345301, -3808287643.7780414]","[[4421632101.93813, 90633965.7649509], [90633965.7649509, 10273058263.334097]]","[[[2365935814.0255265, -465643480.3863519], [-465643480.3863519, 10188520986.71613]], [[2589296104.2786164, 576086415.108803], [576086415.108803, 10205871391.8347]]]",34077999633951.56,156081435177676.1,100.0,0.35283884521822984,8.400924886155876e-09,False,False,/private/tmp/oneD-v2-taylor-peierls-pf-runs/oneD_v2_DBTT_TP/T1200K_seed1008666/steps_1200K.csv,e08fbd278985839d9a750a25fcac149f34dd2dfe95dfa0ef18676fa067d16755,/private/tmp/oneD-v2-taylor-peierls-pf-runs/oneD_v2_DBTT_TP/T1200K_seed1008666/anisotropic_emission_audit_v10174.json,51775bb2f86fe375e17005e188b52719e96e3ddb86a84cba5fb795a47c268fa5,FULL_ACTIVE_AND_WAKE_SPATIAL_PROFILE_OBSERVER,PF_MODEL_NATIVE_DRIVING_TRAJECTORY_NOT_RESISTANCE
DBTT,KINETIC_FINALIST,oneD_v2_dbtt_TP_6ca03f05fbae34e9,oneD_v2_DBTT_TP,1200.0,1008666,100.0,12,1,317,1500.4300908363716,3.572452597229465e-05,7803932.056569293,5172.4502433465495,47.96990475189078,47.96990475189078,47.96990475189078,-2.07196423494601,20.95506105092554,8359859841.607477,52.42668697882088,56.677418122201125,4.250731143380243,5.240344656259444,0.18830462886208862,6.3803867421943306,0.0,16758.03022290957,1292.557153279116,"[3851467173.014856, -3748220626.7762103]","[[4409493636.896349, 84169011.18832628], [84169011.18832628, 9750602488.148056]]","[[[2127033575.0195146, -384125805.7169515], [-384125805.7169515, 9829967921.049227]], [[2340323857.4287815, 484096276.2335713], [484096276.2335713, 9836765110.981203]]]",681559992679.0309,3121628703553.5195,2.0,1.1448982823048937,2.7259482912016383e-08,False,False,/private/tmp/oneD-v2-taylor-peierls-pf-runs/oneD_v2_DBTT_TP/T1200K_seed1008666/steps_1200K.csv,e08fbd278985839d9a750a25fcac149f34dd2dfe95dfa0ef18676fa067d16755,/private/tmp/oneD-v2-taylor-peierls-pf-runs/oneD_v2_DBTT_TP/T1200K_seed1008666/anisotropic_emission_audit_v10174.json,51775bb2f86fe375e17005e188b52719e96e3ddb86a84cba5fb795a47c268fa5,FULL_ACTIVE_AND_WAKE_SPATIAL_PROFILE_OBSERVER,PF_MODEL_NATIVE_DRIVING_TRAJECTORY_NOT_RESISTANCE
DBTT,KINETIC_FINALIST,oneD_v2_dbtt_TP_6ca03f05fbae34e9,oneD_v2_DBTT_TP,1200.0,1008666,100.0,13,1,334,1501.5749891186765,3.5751785455206664e-05,7808072.926408408,5369.415664993185,48.874711638722076,48.874711638722076,48.874711638722076,-1.9672120027900863,20.742428790903677,8275031842.907445,56.677418122201125,64.60637726595918,7.9289591437580516,5.551996715049022,0.18174642476860092,6.610704426106867,0.0,17126.76914721354,1321.7337664458175,"[4015605408.925305, -3908416422.520243]","[[4006853567.946076, 82921288.95865193], [82921288.95865193, 9910669252.42932]]","[[[2319672364.0704885, -674221211.0246353], [-674221211.0246353, 10350883181.921099]], [[2395486643.1912746, 773786225.5661795], [773786225.5661795, 10212319488.231762]]]",681559992679.0309,3121628703553.5195,2.0,0.00017647910249252163,4.2018833955347924e-12,False,False,/private/tmp/oneD-v2-taylor-peierls-pf-runs/oneD_v2_DBTT_TP/T1200K_seed1008666/steps_1200K.csv,e08fbd278985839d9a750a25fcac149f34dd2dfe95dfa0ef18676fa067d16755,/private/tmp/oneD-v2-taylor-peierls-pf-runs/oneD_v2_DBTT_TP/T1200K_seed1008666/anisotropic_emission_audit_v10174.json,51775bb2f86fe375e17005e188b52719e96e3ddb86a84cba5fb795a47c268fa5,FULL_ACTIVE_AND_WAKE_SPATIAL_PROFILE_OBSERVER,PF_MODEL_NATIVE_DRIVING_TRAJECTORY_NOT_RESISTANCE
DBTT,KINETIC_FINALIST,oneD_v2_dbtt_TP_6ca03f05fbae34e9,oneD_v2_DBTT_TP,1200.0,1008666,100.0,14,1,335,1501.575165597779,3.575178965709006e-05,7804102.139653677,5769.52224979352,50.662967184525016,50.662967184525016,50.662967184525016,-1.6345557622044118,22.32595009347617,8906765442.419962,64.60637726595918,73.04590364404542,8.439526378086239,5.149455909037142,0.19035500974505445,6.310994099353192,0.0,15604.01534537234,1283.9690736456816,"[3517606231.2169595, -3659025157.4085703]","[[4046733016.620159, -29295648.72168874], [-29295648.72168874, 10158019068.670103]]","[[[2037749458.2816615, -1193977485.7053616], [-1193977485.7053616, 9072961920.71558]], [[2759564814.033687, 1119419191.4429474], [1119419191.4429474, 10077615128.850828]]]",58614159370396.68,268460068505602.1,172.0,2.5200006348313764e-07,6.000001927589094e-15,False,False,/private/tmp/oneD-v2-taylor-peierls-pf-runs/oneD_v2_DBTT_TP/T1200K_seed1008666/steps_1200K.csv,e08fbd278985839d9a750a25fcac149f34dd2dfe95dfa0ef18676fa067d16755,/private/tmp/oneD-v2-taylor-peierls-pf-runs/oneD_v2_DBTT_TP/T1200K_seed1008666/anisotropic_emission_audit_v10174.json,51775bb2f86fe375e17005e188b52719e96e3ddb86a84cba5fb795a47c268fa5,FULL_ACTIVE_AND_WAKE_SPATIAL_PROFILE_OBSERVER,PF_MODEL_NATIVE_DRIVING_TRAJECTORY_NOT_RESISTANCE
DBTT,KINETIC_FINALIST,oneD_v2_dbtt_TP_6ca03f05fbae34e9,oneD_v2_DBTT_TP,1200.0,1008666,100.0,15,1,338,1501.575165849779,3.575178966309006e-05,7735389.003072943,12673.672003835807,75.08824034768709,75.08824034768709,75.08824034768709,-2.5295801480079794,27.211259461710867,10855721902.249994,73.04590364404542,75.34297779768553,2.297074153640119,7.614590755118213,0.15077791177580677,7.9682580838752175,1.5901150618833857e-08,24818.016511614846,1503.880055117385,"[4774361538.14781, -4600403534.212461]","[[5903551041.754246, 359764875.503744], [359764875.503744, 12776266827.93219]]","[[[3267444910.135268, -449884340.7925327], [-449884340.7925327, 12816167986.430887]], [[3736740026.871811, 819011083.9224802], [819011083.9224802, 12937547095.296734]]]",1363119985358.0618,6243257407107.039,4.0,5.040001269662753e-07,1.2000003855178187e-14,False,False,/private/tmp/oneD-v2-taylor-peierls-pf-runs/oneD_v2_DBTT_TP/T1200K_seed1008666/steps_1200K.csv,e08fbd278985839d9a750a25fcac149f34dd2dfe95dfa0ef18676fa067d16755,/private/tmp/oneD-v2-taylor-peierls-pf-runs/oneD_v2_DBTT_TP/T1200K_seed1008666/anisotropic_emission_audit_v10174.json,51775bb2f86fe375e17005e188b52719e96e3ddb86a84cba5fb795a47c268fa5,FULL_ACTIVE_AND_WAKE_SPATIAL_PROFILE_OBSERVER,PF_MODEL_NATIVE_DRIVING_TRAJECTORY_NOT_RESISTANCE
DBTT,KINETIC_FINALIST,oneD_v2_dbtt_TP_6ca03f05fbae34e9,oneD_v2_DBTT_TP,1200.0,1008666,100.0,16,1,344,1501.5751663537792,3.5751789675090065e-05,7734010.942235515,12887.168215200689,75.71805403501376,75.71805403501376,75.71805403501376,-2.6326346255866424,26.801074064238993,10692081604.395197,75.34297779768553,77.64005195132565,2.2970741536401054,7.981683272147127,0.14676136356737593,8.186508809613356,1.7015963750289943e-08,26557.130769133073,1534.3877994205013,"[4694458798.885318, -4531385650.453834]","[[5980096708.023011, 278113284.8540399], [278113284.8540399, 11993676338.356958]]","[[[3003281343.542381, -338236451.2482402], [-338236451.2482402, 12392198941.313017]], [[3396060849.664215, 677062110.5644988], [677062110.5644988, 12458832150.571882]]]",5452479941432.248,24973029628428.15,16.0,3.360000846441835e-07,8.000002570118792e-15,False,False,/private/tmp/oneD-v2-taylor-peierls-pf-runs/oneD_v2_DBTT_TP/T1200K_seed1008666/steps_1200K.csv,e08fbd278985839d9a750a25fcac149f34dd2dfe95dfa0ef18676fa067d16755,/private/tmp/oneD-v2-taylor-peierls-pf-runs/oneD_v2_DBTT_TP/T1200K_seed1008666/anisotropic_emission_audit_v10174.json,51775bb2f86fe375e17005e188b52719e96e3ddb86a84cba5fb795a47c268fa5,FULL_ACTIVE_AND_WAKE_SPATIAL_PROFILE_OBSERVER,PF_MODEL_NATIVE_DRIVING_TRAJECTORY_NOT_RESISTANCE
DBTT,KINETIC_FINALIST,oneD_v2_dbtt_TP_6ca03f05fbae34e9,oneD_v2_DBTT_TP,1200.0,1008666,100.0,17,1,348,1501.5751666897793,3.575178968309007e-05,7732608.445195757,13085.957892786393,76.29980966494702,76.29980966494702,76.29980966494702,-2.5931196283194864,26.81353921174039,10697054478.764944,77.64005195132565,79.93712610496574,2.2970741536401054,8.097270087335279,0.14556162826743427,8.25459415776257,1.7250840781538327e-08,26924.45466146586,1543.88319080311,"[4824177109.6359, -4700782127.793154]","[[6059930457.361591, 388455264.69092476], [388455264.69092476, 12479887206.373081]]","[[[3171142343.7658415, -463538139.73608136], [-463538139.73608136, 12819496563.03764]], [[3351917866.765472, 874607739.0670391], [874607739.0670391, 12753482122.35178]]]",5452479941432.248,24973029628428.15,16.0,3.360000846441835e-07,8.000002570118792e-15,False,False,/private/tmp/oneD-v2-taylor-peierls-pf-runs/oneD_v2_DBTT_TP/T1200K_seed1008666/steps_1200K.csv,e08fbd278985839d9a750a25fcac149f34dd2dfe95dfa0ef18676fa067d16755,/private/tmp/oneD-v2-taylor-peierls-pf-runs/oneD_v2_DBTT_TP/T1200K_seed1008666/anisotropic_emission_audit_v10174.json,51775bb2f86fe375e17005e188b52719e96e3ddb86a84cba5fb795a47c268fa5,FULL_ACTIVE_AND_WAKE_SPATIAL_PROFILE_OBSERVER,PF_MODEL_NATIVE_DRIVING_TRAJECTORY_NOT_RESISTANCE
DBTT,KINETIC_FINALIST,oneD_v2_dbtt_TP_6ca03f05fbae34e9,oneD_v2_DBTT_TP,1200.0,1008666,100.0,18,1,352,1501.5751670257794,3.575178969109007e-05,7730897.706972509,13296.07025591035,76.909917579001,76.909917579001,76.909917579001,-2.736084813605653,25.937235759768225,10347459981.311522,79.93712610496574,82.23340249422276,2.2962763892570144,8.792599924980909,0.13891702908166062,8.64940930526971,1.8854962037539816e-08,29428.44824923601,1599.932673843813,"[4990916270.817871, -4855217128.872988]","[[5593359258.763389, 224779147.1179467], [224779147.1179467, 11816032036.29747]]","[[[3473940520.7502346, -540629446.901323], [-540629446.901323, 13455773062.385977]], [[3470100626.9215136, 946353500.1936225], [946353500.1936225, 13180534884.66749]]]",1363119985358.0618,6243257407107.039,4.0,4.02363025386876e-06,9.580074092959551e-14,False,False,/private/tmp/oneD-v2-taylor-peierls-pf-runs/oneD_v2_DBTT_TP/T1200K_seed1008666/steps_1200K.csv,e08fbd278985839d9a750a25fcac149f34dd2dfe95dfa0ef18676fa067d16755,/private/tmp/oneD-v2-taylor-peierls-pf-runs/oneD_v2_DBTT_TP/T1200K_seed1008666/anisotropic_emission_audit_v10174.json,51775bb2f86fe375e17005e188b52719e96e3ddb86a84cba5fb795a47c268fa5,FULL_ACTIVE_AND_WAKE_SPATIAL_PROFILE_OBSERVER,PF_MODEL_NATIVE_DRIVING_TRAJECTORY_NOT_RESISTANCE
DBTT,KINETIC_FINALIST,oneD_v2_dbtt_TP_6ca03f05fbae34e9,oneD_v2_DBTT_TP,1200.0,1008666,100.0,19,1,362,1501.5751710494096,3.575178978689081e-05,7728831.736438315,13545.936793791247,77.62921914872412,77.62921914872412,77.62921914872412,-1.8594839532033884,26.989458916079506,10767236286.781538,82.23340249422276,100.16094124707362,17.927538752850865,8.272982004200351,0.14379289463896325,8.355696044921332,1.75814420828123e-08,27440.933142463826,1558.2187083117713,"[4849976890.261259, -4691203873.822814]","[[5367754460.679108, 203040313.2028279], [203040313.2028279, 12432262534.411213]]","[[[3284805649.874968, -732047591.3758817], [-732047591.3758817, 12984759430.397486]], [[3405319363.4178147, 1071129256.0405637], [1071129256.0405637, 12787727111.063444]]]",9541839897506.436,43702801849749.24,28.0,,,False,True,/private/tmp/oneD-v2-taylor-peierls-pf-runs/oneD_v2_DBTT_TP/T1200K_seed1008666/steps_1200K.csv,e08fbd278985839d9a750a25fcac149f34dd2dfe95dfa0ef18676fa067d16755,/private/tmp/oneD-v2-taylor-peierls-pf-runs/oneD_v2_DBTT_TP/T1200K_seed1008666/anisotropic_emission_audit_v10174.json,51775bb2f86fe375e17005e188b52719e96e3ddb86a84cba5fb795a47c268fa5,FULL_ACTIVE_AND_WAKE_SPATIAL_PROFILE_OBSERVER,PF_MODEL_NATIVE_DRIVING_TRAJECTORY_NOT_RESISTANCE
DBTT,KINETIC_FINALIST,oneD_v2_dbtt_TP_6ca03f05fbae34e9,oneD_v2_DBTT_TP,1100.0,1008666,300.0,0,0,175,1372.8036289810386,3.268580069002478e-05,7120270.211041588,6927.029713762617,55.512938997108144,55.512938997108144,55.512938997108144,-3.731605190665128,20.09810905948321,8017985459.946926,0.0,2.931106565679095,2.931106565679095,7.629183206725246,0.150611908532214,7.978405779403845,0.0,25293.1914633844,1505.1031485286173,"[3209548472.4754395, -3200954416.4873576]","[[-206371239.46245372, -9433148.923564296], [-9433148.923564296, 6410672398.315125]]","[[[-43425067.05821644, 57642260.34455506], [57642260.34455506, 6375671877.892662]], [[-40136208.43887391, -69420251.9993236], [-69420251.9993236, 6361772624.535841]]]",645480332669.2217,2956379417341.2163,2.0,7.216155174268579,1.7181321843496336e-07,False,False,/private/tmp/oneD-v2-taylor-peierls-pf-runs-300um/oneD_v2_DBTT_TP/T1100K_seed1008666/steps_1100K.csv,6749ec06b97a22d1cfe02387c2bc74ef5532d0ebbcabc7237d49c4379470a665,/private/tmp/oneD-v2-taylor-peierls-pf-runs-300um/oneD_v2_DBTT_TP/T1100K_seed1008666/anisotropic_emission_audit_v10174.json,60ebe9e2545b2b2b13db6188cfdef684ff70aa036a166171b51881ccc28a3f2e,FULL_ACTIVE_AND_WAKE_SPATIAL_PROFILE_OBSERVER,PF_MODEL_NATIVE_DRIVING_TRAJECTORY_NOT_RESISTANCE
DBTT,KINETIC_FINALIST,oneD_v2_dbtt_TP_6ca03f05fbae34e9,oneD_v2_DBTT_TP,1100.0,1008666,300.0,1,0,194,1380.0197841553072,3.285761390845974e-05,7157528.693873307,7222.45768083671,56.684353561986484,56.684353561986484,56.684353561986484,-3.8417114105937102,20.53995373172458,8194255981.07412,2.931106565679095,7.415929780049919,4.484823214370824,7.616009454748332,0.1507617486034692,7.970472326051149,0.0,26053.3053903963,1503.9990042068769,"[3551214742.9868574, -3540448160.359648]","[[664302438.9553609, -13227954.133176383], [-13227954.133176383, 7151112203.749201]]","[[[-15320682.605424501, -82146325.07778765], [-82146325.07778765, 7087108803.368291]], [[-11373748.665357152, 63154706.171235904], [63154706.171235904, 7069522572.05394]]]",1290960665338.4434,5912758834682.433,4.0,0.10379865749359851,2.4713966069884455e-09,False,False,/private/tmp/oneD-v2-taylor-peierls-pf-runs-300um/oneD_v2_DBTT_TP/T1100K_seed1008666/steps_1100K.csv,6749ec06b97a22d1cfe02387c2bc74ef5532d0ebbcabc7237d49c4379470a665,/private/tmp/oneD-v2-taylor-peierls-pf-runs-300um/oneD_v2_DBTT_TP/T1100K_seed1008666/anisotropic_emission_audit_v10174.json,60ebe9e2545b2b2b13db6188cfdef684ff70aa036a166171b51881ccc28a3f2e,FULL_ACTIVE_AND_WAKE_SPATIAL_PROFILE_OBSERVER,PF_MODEL_NATIVE_DRIVING_TRAJECTORY_NOT_RESISTANCE
DBTT,KINETIC_FINALIST,oneD_v2_dbtt_TP_6ca03f05fbae34e9,oneD_v2_DBTT_TP,1100.0,1008666,300.0,2,0,207,1380.1235828128008,3.286008530506673e-05,7157466.906641977,7673.985837173149,58.42936842972514,58.42936842972514,58.42936842972514,-3.8401947660948066,20.74271653466312,8275146636.059009,7.415929780049919,10.475434902500647,3.059505122450728,7.934711105102629,0.14725746031393502,8.160191341231991,0.0,26151.602853421376,1530.5140949684362,"[3913656807.2517176, -3903809368.845185]","[[1556087009.4963539, -18063903.31046407], [-18063903.31046407, 7942056329.478252]]","[[[526118429.54642373, -131162113.01979229], [-131162113.01979229, 8353432044.049858]], [[524203137.20805097, 98948828.44989571], [98948828.44989571, 8331821874.89842]]]",2581921330676.8867,11825517669364.863,8.0,0.0017312536051576899,4.1220323934222126e-11,False,False,/private/tmp/oneD-v2-taylor-peierls-pf-runs-300um/oneD_v2_DBTT_TP/T1100K_seed1008666/steps_1100K.csv,6749ec06b97a22d1cfe02387c2bc74ef5532d0ebbcabc7237d49c4379470a665,/private/tmp/oneD-v2-taylor-peierls-pf-runs-300um/oneD_v2_DBTT_TP/T1100K_seed1008666/anisotropic_emission_audit_v10174.json,60ebe9e2545b2b2b13db6188cfdef684ff70aa036a166171b51881ccc28a3f2e,FULL_ACTIVE_AND_WAKE_SPATIAL_PROFILE_OBSERVER,PF_MODEL_NATIVE_DRIVING_TRAJECTORY_NOT_RESISTANCE
DBTT,KINETIC_FINALIST,oneD_v2_dbtt_TP_6ca03f05fbae34e9,oneD_v2_DBTT_TP,1100.0,1008666,300.0,3,0,221,1380.125314066406,3.286012652539066e-05,7156841.916243592,8034.690435496237,59.78679457641183,59.78679457641183,59.78679457641183,-3.8046569143141973,21.333629178491343,8510886673.705878,10.475434902500647,17.738586165025698,7.263151262525049,7.853822025260812,0.14812369108591922,8.112456406427876,0.0,26039.89699224518,1523.8228774926758,"[4038773825.96264, -4026109041.7397757]","[[2108290743.5685265, -21425736.632057227], [-21425736.632057227, 8682034915.023647]]","[[[854691867.7006162, -183281139.53932065], [-183281139.53932065, 8932239519.625896]], [[850850592.102758, 146213424.0588251], [146213424.0588251, 8903068675.58231]]]",1290960665338.4434,5912758834682.432,4.0,2.392171609244542e-06,5.695646726608036e-14,False,False,/private/tmp/oneD-v2-taylor-peierls-pf-runs-300um/oneD_v2_DBTT_TP/T1100K_seed1008666/steps_1100K.csv,6749ec06b97a22d1cfe02387c2bc74ef5532d0ebbcabc7237d49c4379470a665,/private/tmp/oneD-v2-taylor-peierls-pf-runs-300um/oneD_v2_DBTT_TP/T1100K_seed1008666/anisotropic_emission_audit_v10174.json,60ebe9e2545b2b2b13db6188cfdef684ff70aa036a166171b51881ccc28a3f2e,FULL_ACTIVE_AND_WAKE_SPATIAL_PROFILE_OBSERVER,PF_MODEL_NATIVE_DRIVING_TRAJECTORY_NOT_RESISTANCE
DBTT,KINETIC_FINALIST,oneD_v2_dbtt_TP_6ca03f05fbae34e9,oneD_v2_DBTT_TP,1100.0,1008666,300.0,4,0,231,1380.1253164585776,3.286012658234713e-05,7152220.946335365,9817.166559025143,66.08665569031463,66.08665569031463,66.08665569031463,-3.031153551188951,25.92158035896016,10341214380.012554,17.738586165025698,28.2064547972602,10.467868632234504,6.499868924027632,0.16534955823101125,7.266178740178214,1.4392639970748332e-08,21277.13989483774,1407.7856887499925,"[3713501040.1859984, -3595498803.809527]","[[2735531258.720217, -230127139.4490812], [-230127139.4490812, 10264739614.555685]]","[[[2420293682.39297, -1728168318.3126361], [-1728168318.3126361, 9847295762.764967]], [[2426238716.362533, 1623501782.011432], [1623501782.011432, 9617236323.981586]]]",3872881996015.33,17738276504047.293,12.0,1.108996912080329e-06,2.6404727471347755e-14,False,False,/private/tmp/oneD-v2-taylor-peierls-pf-runs-300um/oneD_v2_DBTT_TP/T1100K_seed1008666/steps_1100K.csv,6749ec06b97a22d1cfe02387c2bc74ef5532d0ebbcabc7237d49c4379470a665,/private/tmp/oneD-v2-taylor-peierls-pf-runs-300um/oneD_v2_DBTT_TP/T1100K_seed1008666/anisotropic_emission_audit_v10174.json,60ebe9e2545b2b2b13db6188cfdef684ff70aa036a166171b51881ccc28a3f2e,FULL_ACTIVE_AND_WAKE_SPATIAL_PROFILE_OBSERVER,PF_MODEL_NATIVE_DRIVING_TRAJECTORY_NOT_RESISTANCE
DBTT,KINETIC_FINALIST,oneD_v2_dbtt_TP_6ca03f05fbae34e9,oneD_v2_DBTT_TP,1100.0,1008666,300.0,5,0,241,1380.1253175675745,3.286012660875186e-05,7143326.039789369,10610.742107617674,68.70582754017997,68.70582754017997,68.70582754017997,-3.3763765858631842,25.713676045229533,10258272558.987562,28.2064547972602,33.059301215423474,4.852846418163278,7.139352305226376,0.15650352169431336,7.677976955157191,1.625949153370492e-08,24036.309776241633,1463.5643978867952,"[4596390636.136391, -4576962484.135579]","[[5104295993.259255, 8022038.397349118], [8022038.397349118, 12045073855.36463]]","[[[2779851880.458257, -593418659.8555527], [-593418659.8555527, 11972633152.73104]], [[2814322969.2668767, 607242486.774891], [607242486.774891, 11968247937.538036]]]",1936440998007.665,8869138252023.648,6.0,8.400002116104588e-08,2.000000642529698e-15,False,False,/private/tmp/oneD-v2-taylor-peierls-pf-runs-300um/oneD_v2_DBTT_TP/T1100K_seed1008666/steps_1100K.csv,6749ec06b97a22d1cfe02387c2bc74ef5532d0ebbcabc7237d49c4379470a665,/private/tmp/oneD-v2-taylor-peierls-pf-runs-300um/oneD_v2_DBTT_TP/T1100K_seed1008666/anisotropic_emission_audit_v10174.json,60ebe9e2545b2b2b13db6188cfdef684ff70aa036a166171b51881ccc28a3f2e,FULL_ACTIVE_AND_WAKE_SPATIAL_PROFILE_OBSERVER,PF_MODEL_NATIVE_DRIVING_TRAJECTORY_NOT_RESISTANCE
DBTT,KINETIC_FINALIST,oneD_v2_dbtt_TP_6ca03f05fbae34e9,oneD_v2_DBTT_TP,1100.0,1008666,300.0,6,0,242,1380.1253176515745,3.286012661075186e-05,7140819.494224936,10695.946560337816,68.98113049764856,68.98113049764856,68.98113049764856,-3.477176518359146,25.275138083372877,10083321224.441872,33.059301215423474,35.35664131104838,2.2973400956249024,7.4485809373157235,0.15270591708544765,7.868955411450585,1.68740825780337e-08,24944.1955985155,1489.9040990596452,"[4711752786.540403, -4687104369.010372]","[[5395602290.931067, 5424133.65546054], [5424133.65546054, 11916058811.322002]]","[[[2734425004.786251, -525832202.4006762], [-525832202.4006762, 12157930577.867058]], [[2773494621.0303926, 531334725.3117204], [531334725.3117204, 12147703359.051138]]]",32274016633461.035,147818970867060.84,100.0,1.198895915877074e-06,2.854514584774148e-14,False,False,/private/tmp/oneD-v2-taylor-peierls-pf-runs-300um/oneD_v2_DBTT_TP/T1100K_seed1008666/steps_1100K.csv,6749ec06b97a22d1cfe02387c2bc74ef5532d0ebbcabc7237d49c4379470a665,/private/tmp/oneD-v2-taylor-peierls-pf-runs-300um/oneD_v2_DBTT_TP/T1100K_seed1008666/anisotropic_emission_audit_v10174.json,60ebe9e2545b2b2b13db6188cfdef684ff70aa036a166171b51881ccc28a3f2e,FULL_ACTIVE_AND_WAKE_SPATIAL_PROFILE_OBSERVER,PF_MODEL_NATIVE_DRIVING_TRAJECTORY_NOT_RESISTANCE
DBTT,KINETIC_FINALIST,oneD_v2_dbtt_TP_6ca03f05fbae34e9,oneD_v2_DBTT_TP,1100.0,1008666,300.0,7,0,252,1380.1253188504704,3.2860126639297004e-05,7139253.009247954,10761.09969556986,69.19090685918303,69.19090685918303,69.19090685918303,-3.6079679600760146,25.18144016379015,10045941162.734669,35.35664131104838,40.602872086987624,5.246230775939242,7.549825549599044,0.1515213598516396,7.9304988881233545,1.787020665026374e-08,26418.087717315782,1498.4411264785144,"[4550089767.253317, -4532035714.724631]","[[4891586501.240449, 5947552.583080409], [5947552.583080409, 11165608905.182547]]","[[[2901086772.5780344, -454743066.3793657], [-454743066.3793657, 12001266307.08467]], [[2941187406.4417615, 452031150.747176], [452031150.747176, 12005258835.891026]]]",1936440998007.665,8869138252023.648,6.0,1.1270390132267494e-06,2.6834274819559356e-14,False,False,/private/tmp/oneD-v2-taylor-peierls-pf-runs-300um/oneD_v2_DBTT_TP/T1100K_seed1008666/steps_1100K.csv,6749ec06b97a22d1cfe02387c2bc74ef5532d0ebbcabc7237d49c4379470a665,/private/tmp/oneD-v2-taylor-peierls-pf-runs-300um/oneD_v2_DBTT_TP/T1100K_seed1008666/anisotropic_emission_audit_v10174.json,60ebe9e2545b2b2b13db6188cfdef684ff70aa036a166171b51881ccc28a3f2e,FULL_ACTIVE_AND_WAKE_SPATIAL_PROFILE_OBSERVER,PF_MODEL_NATIVE_DRIVING_TRAJECTORY_NOT_RESISTANCE
DBTT,KINETIC_FINALIST,oneD_v2_dbtt_TP_6ca03f05fbae34e9,oneD_v2_DBTT_TP,1100.0,1008666,300.0,8,0,262,1380.1253199775094,3.286012666613128e-05,7134984.714737414,10914.155888499616,69.68122413728736,69.68122413728736,69.68122413728736,-3.3300760121885196,25.624994256111595,10222893643.806774,40.602872086987624,45.534666691946185,4.931794604958564,7.394417873547008,0.15335113943149808,7.835865374099391,1.694820639639328e-08,25054.818710255877,1485.3195770870166,"[4653846158.190044, -4657902362.955265]","[[4661812011.100708, 12903242.383936996], [12903242.383936996, 11934370953.707499]]","[[[2977121211.0330734, -1060714172.4148163], [-1060714172.4148163, 12284813527.413162]], [[2991129866.3296046, 1073898191.028115], [1073898191.028115, 12306934592.240135]]]",1936440998007.665,8869138252023.648,6.0,8.400002116104588e-08,2.000000642529698e-15,False,False,/private/tmp/oneD-v2-taylor-peierls-pf-runs-300um/oneD_v2_DBTT_TP/T1100K_seed1008666/steps_1100K.csv,6749ec06b97a22d1cfe02387c2bc74ef5532d0ebbcabc7237d49c4379470a665,/private/tmp/oneD-v2-taylor-peierls-pf-runs-300um/oneD_v2_DBTT_TP/T1100K_seed1008666/anisotropic_emission_audit_v10174.json,60ebe9e2545b2b2b13db6188cfdef684ff70aa036a166171b51881ccc28a3f2e,FULL_ACTIVE_AND_WAKE_SPATIAL_PROFILE_OBSERVER,PF_MODEL_NATIVE_DRIVING_TRAJECTORY_NOT_RESISTANCE
DBTT,KINETIC_FINALIST,oneD_v2_dbtt_TP_6ca03f05fbae34e9,oneD_v2_DBTT_TP,1100.0,1008666,300.0,9,0,263,1380.1253200615095,3.286012666813128e-05,7132101.933192352,10944.033959210752,69.7765369427417,69.7765369427417,69.7765369427417,-3.3165353396722774,25.426428260497644,10143677272.706364,45.534666691946185,47.83200678757109,2.2973400956249024,7.530921270618047,0.15174044637296683,7.9190571424296285,1.7089860195755407e-08,25264.756726502543,1496.850314634163,"[4521232347.572936, -4511583728.236997]","[[4343063535.671106, -394565.8181509972], [-394565.8181509972, 11448068937.008404]]","[[[3491432976.680508, -580864975.8460504], [-580864975.8460504, 12533897671.826382]], [[3473833113.4195046, 639268271.3974974], [639268271.3974974, 12497000569.893497]]]",32274016633461.035,147818970867060.84,100.0,1.6800004232209176e-07,4.000001285059396e-15,False,False,/private/tmp/oneD-v2-taylor-peierls-pf-runs-300um/oneD_v2_DBTT_TP/T1100K_seed1008666/steps_1100K.csv,6749ec06b97a22d1cfe02387c2bc74ef5532d0ebbcabc7237d49c4379470a665,/private/tmp/oneD-v2-taylor-peierls-pf-runs-300um/oneD_v2_DBTT_TP/T1100K_seed1008666/anisotropic_emission_audit_v10174.json,60ebe9e2545b2b2b13db6188cfdef684ff70aa036a166171b51881ccc28a3f2e,FULL_ACTIVE_AND_WAKE_SPATIAL_PROFILE_OBSERVER,PF_MODEL_NATIVE_DRIVING_TRAJECTORY_NOT_RESISTANCE
DBTT,KINETIC_FINALIST,oneD_v2_dbtt_TP_6ca03f05fbae34e9,oneD_v2_DBTT_TP,1100.0,1008666,300.0,10,0,265,1380.1253202295095,3.286012667213128e-05,7128529.045893152,11071.692743164254,70.18231794756268,70.18231794756268,70.18231794756268,-2.56415318146008,28.336079018680042,11304459981.347406,47.83200678757109,50.12934688319599,2.2973400956249024,6.134453880048767,0.1711306716078537,7.02154625191623,1.3392764232682605e-08,19798.82153566261,1375.0948916019477,"[3958735470.505546, -3974587155.719192]","[[3924917320.049277, -18094933.07525635], [-18094933.07525635, 12664898910.1465]]","[[[2950290967.619805, -1544330744.0252135], [-1544330744.0252135, 10867761908.630898]], [[2967975084.0979843, 1618484882.5423613], [1618484882.5423613, 10917149395.53637]]]",1936440998007.665,8869138252023.648,6.0,171.31619265600216,4.0789569679999644e-06,True,False,/private/tmp/oneD-v2-taylor-peierls-pf-runs-300um/oneD_v2_DBTT_TP/T1100K_seed1008666/steps_1100K.csv,6749ec06b97a22d1cfe02387c2bc74ef5532d0ebbcabc7237d49c4379470a665,/private/tmp/oneD-v2-taylor-peierls-pf-runs-300um/oneD_v2_DBTT_TP/T1100K_seed1008666/anisotropic_emission_audit_v10174.json,60ebe9e2545b2b2b13db6188cfdef684ff70aa036a166171b51881ccc28a3f2e,FULL_ACTIVE_AND_WAKE_SPATIAL_PROFILE_OBSERVER,PF_MODEL_NATIVE_DRIVING_TRAJECTORY_NOT_RESISTANCE
DBTT,KINETIC_FINALIST,oneD_v2_dbtt_TP_6ca03f05fbae34e9,oneD_v2_DBTT_TP,1100.0,1008666,300.0,11,1,298,1551.4415128855117,3.6939083640131245e-05,8070091.195417638,5437.469036026174,49.18346182918566,49.18346182918566,49.18346182918566,-2.063607018276279,21.403821015757508,8538889165.330409,50.12934688319599,52.42668697882088,2.2973400956248953,5.280263142962405,0.18742480083638946,6.410369516546452,0.0,16201.860420027677,1296.3179433541666,"[4045219457.493123, -3938687514.742099]","[[4573033547.804564, 93737370.37778662], [93737370.37778662, 10624818843.744473]]","[[[2446948004.7307725, -481587614.71581674], [-481587614.71581674, 10537386919.717018]], [[2677956391.911383, 595812234.4851484], [595812234.4851484, 10555331421.39558]]]",31628536300791.816,144862591449719.66,98.0,0.3401338750099967,8.09842559545027e-09,False,False,/private/tmp/oneD-v2-taylor-peierls-pf-runs-300um/oneD_v2_DBTT_TP/T1100K_seed1008666/steps_1100K.csv,6749ec06b97a22d1cfe02387c2bc74ef5532d0ebbcabc7237d49c4379470a665,/private/tmp/oneD-v2-taylor-peierls-pf-runs-300um/oneD_v2_DBTT_TP/T1100K_seed1008666/anisotropic_emission_audit_v10174.json,60ebe9e2545b2b2b13db6188cfdef684ff70aa036a166171b51881ccc28a3f2e,FULL_ACTIVE_AND_WAKE_SPATIAL_PROFILE_OBSERVER,PF_MODEL_NATIVE_DRIVING_TRAJECTORY_NOT_RESISTANCE
DBTT,KINETIC_FINALIST,oneD_v2_dbtt_TP_6ca03f05fbae34e9,oneD_v2_DBTT_TP,1100.0,1008666,300.0,12,1,318,1551.7816467605217,3.6947182065726696e-05,8071018.177994492,5532.55848108234,49.61165351552002,49.61165351552002,49.61165351552002,-2.1871072768631104,21.459863813080702,8561247006.694599,52.42668697882088,56.677418122201125,4.250731143380243,5.344578752619157,0.18603282668238033,6.45833044335982,0.0,17651.63254428449,1302.362773890197,"[3983281932.751405, -3876501819.1539536]","[[4560406605.434609, 87049658.35177211], [87049658.35177211, 10084312543.699625]]","[[[2199830357.9201193, -397272341.4433755], [-397272341.4433755, 10166394223.42293]], [[2420420405.864689, 500664257.0768653], [500664257.0768653, 10173424044.172596]]]",645480332669.2217,2956379417341.2163,2.0,1.166631993653482,2.7776952229846e-08,False,False,/private/tmp/oneD-v2-taylor-peierls-pf-runs-300um/oneD_v2_DBTT_TP/T1100K_seed1008666/steps_1100K.csv,6749ec06b97a22d1cfe02387c2bc74ef5532d0ebbcabc7237d49c4379470a665,/private/tmp/oneD-v2-taylor-peierls-pf-runs-300um/oneD_v2_DBTT_TP/T1100K_seed1008666/anisotropic_emission_audit_v10174.json,60ebe9e2545b2b2b13db6188cfdef684ff70aa036a166171b51881ccc28a3f2e,FULL_ACTIVE_AND_WAKE_SPATIAL_PROFILE_OBSERVER,PF_MODEL_NATIVE_DRIVING_TRAJECTORY_NOT_RESISTANCE
DBTT,KINETIC_FINALIST,oneD_v2_dbtt_TP_6ca03f05fbae34e9,oneD_v2_DBTT_TP,1100.0,1008666,300.0,13,1,333,1552.9482787541751,3.697495901795654e-05,8075210.029017501,5743.10765390317,50.546859040658425,50.546859040658425,50.546859040658425,-2.0824070210922696,21.007267910738943,8380687365.3140335,56.677418122201125,64.60637726595918,7.9289591437580516,5.789608530652716,0.177182324686855,6.781047382453995,0.0,18084.885659262687,1343.6881997873877,"[4152991061.4764714, -4042134825.094401]","[[4143939794.3182454, 85758269.7458207], [85758269.7458207, 10249742349.461575]]","[[[2399035167.182166, -697288298.4517452], [-697288298.4517452, 10705017290.135109]], [[2477443275.4143887, 800259724.5056502], [800259724.5056502, 10561712925.603191]]]",5809322994022.996,26607414756070.95,18.0,0.00034311551803511975,8.169417087798038e-12,False,False,/private/tmp/oneD-v2-taylor-peierls-pf-runs-300um/oneD_v2_DBTT_TP/T1100K_seed1008666/steps_1100K.csv,6749ec06b97a22d1cfe02387c2bc74ef5532d0ebbcabc7237d49c4379470a665,/private/tmp/oneD-v2-taylor-peierls-pf-runs-300um/oneD_v2_DBTT_TP/T1100K_seed1008666/anisotropic_emission_audit_v10174.json,60ebe9e2545b2b2b13db6188cfdef684ff70aa036a166171b51881ccc28a3f2e,FULL_ACTIVE_AND_WAKE_SPATIAL_PROFILE_OBSERVER,PF_MODEL_NATIVE_DRIVING_TRAJECTORY_NOT_RESISTANCE
DBTT,KINETIC_FINALIST,oneD_v2_dbtt_TP_6ca03f05fbae34e9,oneD_v2_DBTT_TP,1100.0,1008666,300.0,14,1,334,1552.9486218696932,3.697496718737363e-05,8071104.224663126,6171.061492130148,52.39630147833192,52.39630147833192,52.39630147833192,-1.6966641539142042,22.74421992767522,9073630963.89846,64.60637726595918,73.04590364404542,8.439526378086239,5.307123234595518,0.18683968203033993,6.42977603943606,0.0,16196.922802338242,1298.8446208623843,"[3637954245.782904, -3784211543.830402]","[[4185184068.8461523, -30297942.02211229], [-30297942.02211229, 10505555815.673914]]","[[[2107467068.8859003, -1234827089.2129629], [-1234827089.2129629, 9383375560.45171]], [[2853977924.7132473, 1157717928.7949572], [1157717928.7949572, 10422401012.374052]]]",55511308609552.914,254248629891343.6,172.0,2.5200006348313764e-07,6.000008703852672e-15,False,False,/private/tmp/oneD-v2-taylor-peierls-pf-runs-300um/oneD_v2_DBTT_TP/T1100K_seed1008666/steps_1100K.csv,6749ec06b97a22d1cfe02387c2bc74ef5532d0ebbcabc7237d49c4379470a665,/private/tmp/oneD-v2-taylor-peierls-pf-runs-300um/oneD_v2_DBTT_TP/T1100K_seed1008666/anisotropic_emission_audit_v10174.json,60ebe9e2545b2b2b13db6188cfdef684ff70aa036a166171b51881ccc28a3f2e,FULL_ACTIVE_AND_WAKE_SPATIAL_PROFILE_OBSERVER,PF_MODEL_NATIVE_DRIVING_TRAJECTORY_NOT_RESISTANCE
DBTT,KINETIC_FINALIST,oneD_v2_dbtt_TP_6ca03f05fbae34e9,oneD_v2_DBTT_TP,1100.0,1008666,300.0,15,1,337,1552.9486221216932,3.697496719337364e-05,8000040.202515687,13555.716726578128,77.65723757124832,77.65723757124832,77.65723757124832,-2.6223239552423525,27.70421006235749,11052380738.997213,73.04590364404542,75.34297779768553,2.297074153640119,7.857281856285961,0.14808632677713304,8.113120081341403,1.7404772734532072e-08,25727.98837938156,1524.1096098638354,"[4937706976.514534, -4757797339.846065]","[[6105529489.580341, 372073526.79220563], [372073526.79220563, 13213381799.01762]]","[[[3379234144.5534534, -465276253.255365], [-465276253.255365, 13254648097.582523]], [[3864585275.472037, 847031945.6568906], [847031945.6568906, 13380179955.164165]]]",1290960665338.4434,5912758834682.433,4.0,5.040001269662753e-07,1.2000003855178187e-14,False,False,/private/tmp/oneD-v2-taylor-peierls-pf-runs-300um/oneD_v2_DBTT_TP/T1100K_seed1008666/steps_1100K.csv,6749ec06b97a22d1cfe02387c2bc74ef5532d0ebbcabc7237d49c4379470a665,/private/tmp/oneD-v2-taylor-peierls-pf-runs-300um/oneD_v2_DBTT_TP/T1100K_seed1008666/anisotropic_emission_audit_v10174.json,60ebe9e2545b2b2b13db6188cfdef684ff70aa036a166171b51881ccc28a3f2e,FULL_ACTIVE_AND_WAKE_SPATIAL_PROFILE_OBSERVER,PF_MODEL_NATIVE_DRIVING_TRAJECTORY_NOT_RESISTANCE
DBTT,KINETIC_FINALIST,oneD_v2_dbtt_TP_6ca03f05fbae34e9,oneD_v2_DBTT_TP,1100.0,1008666,300.0,16,1,343,1552.9486226256934,3.697496720537364e-05,7998614.993934253,13784.071552133384,78.30859910070473,78.30859910070473,78.30859910070473,-2.7282845502552036,27.284553181402764,10884961865.922983,75.34297779768553,77.64005195132565,2.2970741536401054,8.237306338887326,0.14414679271586817,8.335029473531733,1.861803866761386e-08,27522.686382466767,1555.3176816598225,"[4855070521.3144, -4686418144.185086]","[[6184694015.980239, 287628386.7272147], [287628386.7272147, 12404016506.944197]]","[[[3106032738.365572, -349808549.6200861], [-349808549.6200861, 12816173780.994371]], [[3512250426.760528, 700226465.9093709], [700226465.9093709, 12885086715.130701]]]",5163842661353.773,23651035338729.73,16.0,3.360000846441835e-07,8.00000934638237e-15,False,False,/private/tmp/oneD-v2-taylor-peierls-pf-runs-300um/oneD_v2_DBTT_TP/T1100K_seed1008666/steps_1100K.csv,6749ec06b97a22d1cfe02387c2bc74ef5532d0ebbcabc7237d49c4379470a665,/private/tmp/oneD-v2-taylor-peierls-pf-runs-300um/oneD_v2_DBTT_TP/T1100K_seed1008666/anisotropic_emission_audit_v10174.json,60ebe9e2545b2b2b13db6188cfdef684ff70aa036a166171b51881ccc28a3f2e,FULL_ACTIVE_AND_WAKE_SPATIAL_PROFILE_OBSERVER,PF_MODEL_NATIVE_DRIVING_TRAJECTORY_NOT_RESISTANCE
DBTT,KINETIC_FINALIST,oneD_v2_dbtt_TP_6ca03f05fbae34e9,oneD_v2_DBTT_TP,1100.0,1008666,300.0,17,1,347,1552.9486229616934,3.697496721337365e-05,7997164.513143261,13996.69631897429,78.91025836064462,78.91025836064462,78.91025836064462,-2.6886322190838126,27.29523250715,10889222300.489737,77.64005195132565,79.93712610496574,2.2970741536401054,8.357826174290748,0.14296161276476935,8.404750413845722,1.8883838546188447e-08,27915.019900960742,1565.0985228241711,"[4989226890.2181, -4861610190.5123415]","[[6267259120.799987, 401745501.5015037], [401745501.5015037, 12906862128.373394]]","[[[3279636774.2435355, -479397190.2054575], [-479397190.2054575, 13258090554.679735]], [[3466597178.048249, 904530731.5583775], [904530731.5583775, 13189817559.072933]]]",5163842661353.773,23651035338729.73,16.0,3.360000846441835e-07,7.999995793855214e-15,False,False,/private/tmp/oneD-v2-taylor-peierls-pf-runs-300um/oneD_v2_DBTT_TP/T1100K_seed1008666/steps_1100K.csv,6749ec06b97a22d1cfe02387c2bc74ef5532d0ebbcabc7237d49c4379470a665,/private/tmp/oneD-v2-taylor-peierls-pf-runs-300um/oneD_v2_DBTT_TP/T1100K_seed1008666/anisotropic_emission_audit_v10174.json,60ebe9e2545b2b2b13db6188cfdef684ff70aa036a166171b51881ccc28a3f2e,FULL_ACTIVE_AND_WAKE_SPATIAL_PROFILE_OBSERVER,PF_MODEL_NATIVE_DRIVING_TRAJECTORY_NOT_RESISTANCE
DBTT,KINETIC_FINALIST,oneD_v2_dbtt_TP_6ca03f05fbae34e9,oneD_v2_DBTT_TP,1100.0,1008666,300.0,18,1,351,1552.9486232976935,3.697496722137365e-05,7995395.245299837,14221.431791978806,79.54123992262173,79.54123992262173,79.54123992262173,-2.835832966120388,26.402158803565765,10532937440.615288,79.93712610496574,82.23340249422276,2.2962763892570144,9.076237162526613,0.136456307972736,8.805414228067654,2.0633251553155668e-08,30500.69933691801,1622.2895114373714,"[5161670705.5116, -5021328882.941776]","[[5784725101.515255, 232469525.82084838], [232469525.82084838, 12220294452.495113]]","[[[3592794598.3569355, -559126025.6005466], [-559126025.6005466, 13916136009.380136]], [[3588823330.074221, 978731133.5133482], [978731133.5133482, 13631481095.957775]]]",1290960665338.4434,5912758834682.433,4.0,4.02363025386876e-06,9.580073415333193e-14,False,False,/private/tmp/oneD-v2-taylor-peierls-pf-runs-300um/oneD_v2_DBTT_TP/T1100K_seed1008666/steps_1100K.csv,6749ec06b97a22d1cfe02387c2bc74ef5532d0ebbcabc7237d49c4379470a665,/private/tmp/oneD-v2-taylor-peierls-pf-runs-300um/oneD_v2_DBTT_TP/T1100K_seed1008666/anisotropic_emission_audit_v10174.json,60ebe9e2545b2b2b13db6188cfdef684ff70aa036a166171b51881ccc28a3f2e,FULL_ACTIVE_AND_WAKE_SPATIAL_PROFILE_OBSERVER,PF_MODEL_NATIVE_DRIVING_TRAJECTORY_NOT_RESISTANCE
DBTT,KINETIC_FINALIST,oneD_v2_dbtt_TP_6ca03f05fbae34e9,oneD_v2_DBTT_TP,1100.0,1008666,300.0,19,1,361,1552.9486273213238,3.697496731717438e-05,7993258.590917648,14488.688193533835,80.28515098100944,80.28515098100944,80.28515098100944,-1.9276554086022089,27.474417932121344,10960706942.542503,82.23340249422276,100.16094124707362,17.927538752850865,8.539126675281178,0.14123253279898645,8.50720497717388,1.924354365049666e-08,28446.21916205251,1579.7090714515014,"[5015909359.374662, -4851704234.857703]","[[5551401676.203671, 209986940.22015557], [209986940.22015557, 12857608070.210205]]","[[[3397188847.6456375, -757093167.2814978], [-757093167.2814978, 13429007566.394962]], [[3521825702.0822783, 1107775847.6050103], [1107775847.6050103, 13225234171.797686]]]",9036724657369.11,41389311842777.04,28.0,2.5200006348313764e-07,6.000008703852672e-15,False,False,/private/tmp/oneD-v2-taylor-peierls-pf-runs-300um/oneD_v2_DBTT_TP/T1100K_seed1008666/steps_1100K.csv,6749ec06b97a22d1cfe02387c2bc74ef5532d0ebbcabc7237d49c4379470a665,/private/tmp/oneD-v2-taylor-peierls-pf-runs-300um/oneD_v2_DBTT_TP/T1100K_seed1008666/anisotropic_emission_audit_v10174.json,60ebe9e2545b2b2b13db6188cfdef684ff70aa036a166171b51881ccc28a3f2e,FULL_ACTIVE_AND_WAKE_SPATIAL_PROFILE_OBSERVER,PF_MODEL_NATIVE_DRIVING_TRAJECTORY_NOT_RESISTANCE
DBTT,KINETIC_FINALIST,oneD_v2_dbtt_TP_6ca03f05fbae34e9,oneD_v2_DBTT_TP,1100.0,1008666,300.0,20,1,364,1552.9486275733238,3.697496732317439e-05,7961195.191184581,19476.89809576111,93.08519038209093,93.08519038209093,93.08519038209093,-1.8968323980318476,31.54233251482292,12583570062.643711,100.16094124707362,102.45801540071372,2.297074153640092,8.709105895751431,0.13966713265523892,8.602247088008907,1.986222742140312e-08,29363.44048078166,1593.2968470850562,"[5631972825.600204, -5424303140.343945]","[[8104172231.522278, 253036563.70583764], [253036563.70583764, 16098606861.28651]]","[[[4765618776.940717, -519375315.2907809], [-519375315.2907809, 16029564428.141125]], [[5260889401.7919655, 956203243.5118363], [956203243.5118363, 16109495682.479855]]]",7745763992030.664,35476553008094.6,24.0,4.200001058052294e-07,1.000000321264849e-14,False,False,/private/tmp/oneD-v2-taylor-peierls-pf-runs-300um/oneD_v2_DBTT_TP/T1100K_seed1008666/steps_1100K.csv,6749ec06b97a22d1cfe02387c2bc74ef5532d0ebbcabc7237d49c4379470a665,/private/tmp/oneD-v2-taylor-peierls-pf-runs-300um/oneD_v2_DBTT_TP/T1100K_seed1008666/anisotropic_emission_audit_v10174.json,60ebe9e2545b2b2b13db6188cfdef684ff70aa036a166171b51881ccc28a3f2e,FULL_ACTIVE_AND_WAKE_SPATIAL_PROFILE_OBSERVER,PF_MODEL_NATIVE_DRIVING_TRAJECTORY_NOT_RESISTANCE
DBTT,KINETIC_FINALIST,oneD_v2_dbtt_TP_6ca03f05fbae34e9,oneD_v2_DBTT_TP,1100.0,1008666,300.0,21,1,369,1552.948627993324,3.697496733317439e-05,7959051.223592814,19709.23802798148,93.63875107322033,93.63875107322033,93.63875107322033,-1.9424610733489047,30.779261178939905,12279148643.797575,102.45801540071372,104.75508955435383,2.297074153640119,9.255392552609614,0.1349677976604475,8.901783430964223,2.1387677410072736e-08,31616.39256460916,1636.2660251852258,"[5512708927.9604025, -5307177354.067079]","[[8085366170.640453, 267143627.44559374], [267143627.44559374, 14817409938.380297]]","[[[4400559162.547387, -359100864.2274185], [-359100864.2274185, 15425977018.468193]], [[4832999356.046755, 748705257.1178027], [748705257.1178027, 15447354064.180914]]]",4518362328684.552,20694655921388.51,14.0,7.560001904494129e-07,1.800000578276728e-14,False,False,/private/tmp/oneD-v2-taylor-peierls-pf-runs-300um/oneD_v2_DBTT_TP/T1100K_seed1008666/steps_1100K.csv,6749ec06b97a22d1cfe02387c2bc74ef5532d0ebbcabc7237d49c4379470a665,/private/tmp/oneD-v2-taylor-peierls-pf-runs-300um/oneD_v2_DBTT_TP/T1100K_seed1008666/anisotropic_emission_audit_v10174.json,60ebe9e2545b2b2b13db6188cfdef684ff70aa036a166171b51881ccc28a3f2e,FULL_ACTIVE_AND_WAKE_SPATIAL_PROFILE_OBSERVER,PF_MODEL_NATIVE_DRIVING_TRAJECTORY_NOT_RESISTANCE
DBTT,KINETIC_FINALIST,oneD_v2_dbtt_TP_6ca03f05fbae34e9,oneD_v2_DBTT_TP,1100.0,1008666,300.0,22,1,378,1552.9486287493241,3.69749673511744e-05,7956861.8533729315,19952.443326175686,94.21471490191703,94.21471490191703,94.21471490191703,-1.8204600647678146,31.0805465719343,12399344125.5304,104.75508955435383,107.969488677559,3.214399123205162,9.188829250835678,0.1355151333104227,8.866495474836922,2.1568212107867022e-08,31884.667479654167,1631.0860985505228,"[5674414244.153097, -5512637879.952045]","[[8165838506.20032, 96426766.35591933], [96426766.35591933, 15425293392.352781]]","[[[4611727504.863069, -519384574.5081878], [-519384574.5081878, 15960555993.169264]], [[4777854740.581065, 995602289.7874418], [995602289.7874418, 15803130500.485159]]]",1290960665338.4434,5912758834682.433,4.0,1.6998235423670849e-06,4.047198638506763e-14,False,False,/private/tmp/oneD-v2-taylor-peierls-pf-runs-300um/oneD_v2_DBTT_TP/T1100K_seed1008666/steps_1100K.csv,6749ec06b97a22d1cfe02387c2bc74ef5532d0ebbcabc7237d49c4379470a665,/private/tmp/oneD-v2-taylor-peierls-pf-runs-300um/oneD_v2_DBTT_TP/T1100K_seed1008666/anisotropic_emission_audit_v10174.json,60ebe9e2545b2b2b13db6188cfdef684ff70aa036a166171b51881ccc28a3f2e,FULL_ACTIVE_AND_WAKE_SPATIAL_PROFILE_OBSERVER,PF_MODEL_NATIVE_DRIVING_TRAJECTORY_NOT_RESISTANCE
DBTT,KINETIC_FINALIST,oneD_v2_dbtt_TP_6ca03f05fbae34e9,oneD_v2_DBTT_TP,1100.0,1008666,300.0,23,1,388,1552.9486304491477,3.6974967391646385e-05,7954198.8958012685,20245.129175998933,94.90322511780062,94.90322511780062,94.90322511780062,-1.518702991415823,30.62115744712137,12216074380.485912,107.969488677559,115.41735671325131,7.447868035692315,9.60547260512192,0.13219446512063218,9.088596469886998,2.187221071176572e-08,32332.26083288693,1663.2629669205967,"[5395729267.676658, -5196202881.946139]","[[7422357207.622361, 267298832.41487297], [267298832.41487297, 14220791882.082483]]","[[[4843379509.236471, 8488044.312995074], [8488044.312995074, 15634838044.589787]], [[5218738320.849378, 306899093.9088852], [306899093.9088852, 15611144084.741655]]]",3227401663346.1084,14781897086706.078,10.0,4.200001058052294e-07,9.999996436384911e-15,False,False,/private/tmp/oneD-v2-taylor-peierls-pf-runs-300um/oneD_v2_DBTT_TP/T1100K_seed1008666/steps_1100K.csv,6749ec06b97a22d1cfe02387c2bc74ef5532d0ebbcabc7237d49c4379470a665,/private/tmp/oneD-v2-taylor-peierls-pf-runs-300um/oneD_v2_DBTT_TP/T1100K_seed1008666/anisotropic_emission_audit_v10174.json,60ebe9e2545b2b2b13db6188cfdef684ff70aa036a166171b51881ccc28a3f2e,FULL_ACTIVE_AND_WAKE_SPATIAL_PROFILE_OBSERVER,PF_MODEL_NATIVE_DRIVING_TRAJECTORY_NOT_RESISTANCE
DBTT,KINETIC_FINALIST,oneD_v2_dbtt_TP_6ca03f05fbae34e9,oneD_v2_DBTT_TP,1100.0,1008666,300.0,24,1,393,1552.9486308691478,3.697496740164638e-05,7942562.387777891,21540.618479894692,97.89258112879298,97.89258112879298,97.89258112879298,-1.3372688036637244,32.68561314564928,13039673044.64437,115.41735671325131,117.7146968088762,2.2973400956248886,8.969872849540884,0.13736367852869877,8.747077470376217,2.04133812110308e-08,30176.538537200366,1613.9389678498167,"[5090266542.405958, -4939256694.025246]","[[6210472200.039278, -586049.0555248247], [-586049.0555248247, 14931820493.568525]]","[[[4841561464.512573, -1816236639.0910532], [-1816236639.0910532, 15022094549.324492]], [[4805169535.427182, 2097487709.3556657], [2097487709.3556657, 14683682923.477674]]]",6454803326692.219,29563794173412.168,20.0,8.400002116104588e-08,2.000007418793276e-15,False,False,/private/tmp/oneD-v2-taylor-peierls-pf-runs-300um/oneD_v2_DBTT_TP/T1100K_seed1008666/steps_1100K.csv,6749ec06b97a22d1cfe02387c2bc74ef5532d0ebbcabc7237d49c4379470a665,/private/tmp/oneD-v2-taylor-peierls-pf-runs-300um/oneD_v2_DBTT_TP/T1100K_seed1008666/anisotropic_emission_audit_v10174.json,60ebe9e2545b2b2b13db6188cfdef684ff70aa036a166171b51881ccc28a3f2e,FULL_ACTIVE_AND_WAKE_SPATIAL_PROFILE_OBSERVER,PF_MODEL_NATIVE_DRIVING_TRAJECTORY_NOT_RESISTANCE
DBTT,KINETIC_FINALIST,oneD_v2_dbtt_TP_6ca03f05fbae34e9,oneD_v2_DBTT_TP,1100.0,1008666,300.0,25,1,394,1552.9486309531478,3.697496740364639e-05,7938167.65990479,18431.484177725204,90.55258429097675,90.55258429097675,90.55258429097675,-1.1307363319048649,31.99176417844994,12762867355.415686,117.7146968088762,119.6574708597544,1.9427740508781928,8.0117118087804,0.14644683193046193,8.203553798531567,1.836588126253131e-08,27148.924954095604,1536.8596488744504,"[5202853992.319181, -4988001340.079972]","[[6645932931.358948, -71878433.35516693], [-71878433.35516693, 15686162294.379868]]","[[[4516610634.04809, -3161210048.134198], [-3161210048.134198, 14922318618.686453]], [[5135228667.357453, 2726019210.570581], [2726019210.570581, 15111231347.517397]]]",32274016633461.035,147818970867060.84,100.0,1.0316648513253313e-06,2.4563413369288467e-14,False,False,/private/tmp/oneD-v2-taylor-peierls-pf-runs-300um/oneD_v2_DBTT_TP/T1100K_seed1008666/steps_1100K.csv,6749ec06b97a22d1cfe02387c2bc74ef5532d0ebbcabc7237d49c4379470a665,/private/tmp/oneD-v2-taylor-peierls-pf-runs-300um/oneD_v2_DBTT_TP/T1100K_seed1008666/anisotropic_emission_audit_v10174.json,60ebe9e2545b2b2b13db6188cfdef684ff70aa036a166171b51881ccc28a3f2e,FULL_ACTIVE_AND_WAKE_SPATIAL_PROFILE_OBSERVER,PF_MODEL_NATIVE_DRIVING_TRAJECTORY_NOT_RESISTANCE
DBTT,KINETIC_FINALIST,oneD_v2_dbtt_TP_6ca03f05fbae34e9,oneD_v2_DBTT_TP,1100.0,1008666,300.0,26,1,404,1552.9486319848127,3.69749674282098e-05,7936985.075561309,21539.279798999367,97.88953922532178,97.88953922532178,97.88953922532178,-0.9813975447564479,34.77951854939775,13875020441.360666,119.6574708597544,124.0548411523827,4.397370292628312,7.921828514468182,0.14739440129050352,8.147763341765934,1.8291075322847867e-08,27038.24605542975,1529.450171426717,"[5011384988.183985, -4677004898.110239]","[[5820079693.329453, -138785678.7447524], [-138785678.7447524, 16231841670.369127]]","[[[4212234870.072887, -2650428515.012487], [-2650428515.012487, 14235004846.440859]], [[5187086641.790702, 2316916185.0379305], [2316916185.0379305, 14541096438.01118]]]",1936440998007.665,8869138252023.648,6.0,8.400002116104588e-08,2.000000642529698e-15,False,False,/private/tmp/oneD-v2-taylor-peierls-pf-runs-300um/oneD_v2_DBTT_TP/T1100K_seed1008666/steps_1100K.csv,6749ec06b97a22d1cfe02387c2bc74ef5532d0ebbcabc7237d49c4379470a665,/private/tmp/oneD-v2-taylor-peierls-pf-runs-300um/oneD_v2_DBTT_TP/T1100K_seed1008666/anisotropic_emission_audit_v10174.json,60ebe9e2545b2b2b13db6188cfdef684ff70aa036a166171b51881ccc28a3f2e,FULL_ACTIVE_AND_WAKE_SPATIAL_PROFILE_OBSERVER,PF_MODEL_NATIVE_DRIVING_TRAJECTORY_NOT_RESISTANCE
DBTT,KINETIC_FINALIST,oneD_v2_dbtt_TP_6ca03f05fbae34e9,oneD_v2_DBTT_TP,1100.0,1008666,300.0,27,1,405,1552.9486320688127,3.69749674302098e-05,7928855.857630163,21038.88465312704,96.74578472338067,96.74578472338067,96.74578472338067,-1.0707581668484827,31.881055582842126,12718701015.823864,124.0548411523827,126.35218124800764,2.2973400956249295,9.208708343361522,0.13535097492004547,8.878149348819905,2.146748556839297e-08,31734.800585707148,1632.6346701879258,"[5843417083.320978, -5873973061.612019]","[[8189991664.727779, 21917109.2400875], [21917109.2400875, 16607869992.491821]]","[[[5118852176.157735, -832074023.1864381], [-832074023.1864381, 16805686342.799692]], [[5053424828.0651, 759648219.7945899], [759648219.7945899, 16801370951.289137]]]",32274016633461.035,147818970867060.84,100.0,2.7460898763820296e-06,6.538311694359936e-14,False,False,/private/tmp/oneD-v2-taylor-peierls-pf-runs-300um/oneD_v2_DBTT_TP/T1100K_seed1008666/steps_1100K.csv,6749ec06b97a22d1cfe02387c2bc74ef5532d0ebbcabc7237d49c4379470a665,/private/tmp/oneD-v2-taylor-peierls-pf-runs-300um/oneD_v2_DBTT_TP/T1100K_seed1008666/anisotropic_emission_audit_v10174.json,60ebe9e2545b2b2b13db6188cfdef684ff70aa036a166171b51881ccc28a3f2e,FULL_ACTIVE_AND_WAKE_SPATIAL_PROFILE_OBSERVER,PF_MODEL_NATIVE_DRIVING_TRAJECTORY_NOT_RESISTANCE
DBTT,KINETIC_FINALIST,oneD_v2_dbtt_TP_6ca03f05fbae34e9,oneD_v2_DBTT_TP,1100.0,1008666,300.0,28,1,415,1552.9486348149026,3.697496749559292e-05,7926521.986122363,21315.499858791176,97.37970533859716,97.37970533859716,97.37970533859716,-0.7586929557056971,30.81656791003832,12294031876.176298,126.35218124800764,138.07027265511888,11.718091407111235,9.985466847880135,0.12936950512657686,9.288718983886811,2.3058873924525637e-08,34088.86217883983,1692.1123656704106,"[5717280627.28673, -5741860367.405651]","[[8309423492.608073, -36202156.07307925], [-36202156.07307925, 15533214161.554586]]","[[[4726387500.970198, -636477169.2454776], [-636477169.2454776, 16160948755.54366]], [[4683053912.066614, 558584694.3826733], [558584694.3826733, 16166774646.877918]]]",2581921330676.8867,11825517669364.863,8.0,8.400002116104588e-08,2.000000642529698e-15,False,False,/private/tmp/oneD-v2-taylor-peierls-pf-runs-300um/oneD_v2_DBTT_TP/T1100K_seed1008666/steps_1100K.csv,6749ec06b97a22d1cfe02387c2bc74ef5532d0ebbcabc7237d49c4379470a665,/private/tmp/oneD-v2-taylor-peierls-pf-runs-300um/oneD_v2_DBTT_TP/T1100K_seed1008666/anisotropic_emission_audit_v10174.json,60ebe9e2545b2b2b13db6188cfdef684ff70aa036a166171b51881ccc28a3f2e,FULL_ACTIVE_AND_WAKE_SPATIAL_PROFILE_OBSERVER,PF_MODEL_NATIVE_DRIVING_TRAJECTORY_NOT_RESISTANCE
DBTT,KINETIC_FINALIST,oneD_v2_dbtt_TP_6ca03f05fbae34e9,oneD_v2_DBTT_TP,1100.0,1008666,300.0,29,1,416,1552.9486348989026,3.697496749759292e-05,7908368.040572106,23325.70933957313,101.8680810386105,101.8680810386105,101.8680810386105,-0.6201777270790599,34.12656311691241,13614528912.12446,138.07027265511888,140.36761275074375,2.2973400956248753,8.910275755365658,0.13788006784976192,8.714497995980572,2.071578819845017e-08,30623.211126028677,1609.2426768957716,"[5316802102.896263, -5463000826.61384]","[[6454967634.942523, -257298530.23604447], [-257298530.23604447, 16656701369.562904]]","[[[5167365477.053221, -2358347600.99036], [-2358347600.99036, 15800969682.845749]], [[5041182521.153077, 2275931236.5757117], [2275931236.5757117, 15967184174.380758]]]",32274016633461.035,147818970867060.84,100.0,3.360000846441835e-07,8.000002570118792e-15,False,False,/private/tmp/oneD-v2-taylor-peierls-pf-runs-300um/oneD_v2_DBTT_TP/T1100K_seed1008666/steps_1100K.csv,6749ec06b97a22d1cfe02387c2bc74ef5532d0ebbcabc7237d49c4379470a665,/private/tmp/oneD-v2-taylor-peierls-pf-runs-300um/oneD_v2_DBTT_TP/T1100K_seed1008666/anisotropic_emission_audit_v10174.json,60ebe9e2545b2b2b13db6188cfdef684ff70aa036a166171b51881ccc28a3f2e,FULL_ACTIVE_AND_WAKE_SPATIAL_PROFILE_OBSERVER,PF_MODEL_NATIVE_DRIVING_TRAJECTORY_NOT_RESISTANCE
DBTT,KINETIC_FINALIST,oneD_v2_dbtt_TP_6ca03f05fbae34e9,oneD_v2_DBTT_TP,1100.0,1008666,300.0,30,1,420,1552.9486352349027,3.697496750559292e-05,7908368.042283175,23338.055685895193,101.89503696539002,101.89503696539002,101.89503696539002,-0.621993813535644,32.38836584165345,12921088527.345097,140.36761275074375,142.66495284636866,2.2973400956249295,9.897556509715574,0.13000693014083745,9.242131662434495,2.300112101070081e-08,34001.222945988135,1685.4792165353163,"[5625767464.118401, -5798662038.856464]","[[6754733169.64115, -123432675.61417589], [-123432675.61417589, 15879727433.075989]]","[[[5742295165.609566, -1511256535.7244942], [-1511256535.7244942, 16993830093.846369]], [[5567608688.494834, 1490396047.3550928], [1490396047.3550928, 17164932766.207764]]]",5809322994022.996,26607414756070.95,18.0,3.360000846441835e-07,8.000002570118792e-15,False,False,/private/tmp/oneD-v2-taylor-peierls-pf-runs-300um/oneD_v2_DBTT_TP/T1100K_seed1008666/steps_1100K.csv,6749ec06b97a22d1cfe02387c2bc74ef5532d0ebbcabc7237d49c4379470a665,/private/tmp/oneD-v2-taylor-peierls-pf-runs-300um/oneD_v2_DBTT_TP/T1100K_seed1008666/anisotropic_emission_audit_v10174.json,60ebe9e2545b2b2b13db6188cfdef684ff70aa036a166171b51881ccc28a3f2e,FULL_ACTIVE_AND_WAKE_SPATIAL_PROFILE_OBSERVER,PF_MODEL_NATIVE_DRIVING_TRAJECTORY_NOT_RESISTANCE
DBTT,KINETIC_FINALIST,oneD_v2_dbtt_TP_6ca03f05fbae34e9,oneD_v2_DBTT_TP,1100.0,1008666,300.0,31,1,424,1552.9486355709028,3.6974967513592926e-05,7902132.159139826,23930.0060548868,103.17918653472009,103.17918653472009,103.17918653472009,-0.4714799536043084,35.31809877911323,14089882866.382484,142.66495284636866,144.96229294199355,2.2973400956248753,8.534725653368689,0.14127376540107625,8.503581067114075,1.9293111110893767e-08,28520.75532232198,1579.3558532600266,"[4932846641.053208, -5168710248.656398]","[[5722035752.568545, -619321998.7108316], [-619321998.7108316, 16688093495.541931]]","[[[4589661994.919969, -2788232558.3045063], [-2788232558.3045063, 14455355277.026386]], [[4390235335.7415695, 2754538995.2026978], [2754538995.2026978, 14727655833.054367]]]",2581921330676.8867,11825517669364.863,8.0,9.296718417317607e-07,2.213507155346406e-14,False,False,/private/tmp/oneD-v2-taylor-peierls-pf-runs-300um/oneD_v2_DBTT_TP/T1100K_seed1008666/steps_1100K.csv,6749ec06b97a22d1cfe02387c2bc74ef5532d0ebbcabc7237d49c4379470a665,/private/tmp/oneD-v2-taylor-peierls-pf-runs-300um/oneD_v2_DBTT_TP/T1100K_seed1008666/anisotropic_emission_audit_v10174.json,60ebe9e2545b2b2b13db6188cfdef684ff70aa036a166171b51881ccc28a3f2e,FULL_ACTIVE_AND_WAKE_SPATIAL_PROFILE_OBSERVER,PF_MODEL_NATIVE_DRIVING_TRAJECTORY_NOT_RESISTANCE
DBTT,KINETIC_FINALIST,oneD_v2_dbtt_TP_6ca03f05fbae34e9,oneD_v2_DBTT_TP,1100.0,1008666,300.0,32,1,434,1552.9486365005746,3.6974967535728e-05,7902834.702833395,22943.86782816761,101.03085106176131,101.03085106176131,101.03085106176131,-0.4490511365413395,32.92764897033584,13136231368.483665,144.96229294199355,149.03043363509101,4.068140693097474,9.414268410026944,0.13368774321968593,8.987834620260832,2.2170752346911893e-08,32775.575630644846,1648.5688008926682,"[6092963325.560148, -5930575691.858475]","[[8818133017.399925, 102167972.93968919], [102167972.93968919, 17315767548.504253]]","[[[5233194271.280747, -804494652.9151511], [-804494652.9151511, 17419120922.401043]], [[5538172838.068646, 866544065.4871875], [866544065.4871875, 17399324221.785595]]]",1936440998007.665,8869138252023.648,6.0,6.72000169288367e-07,1.6000005140237583e-14,False,False,/private/tmp/oneD-v2-taylor-peierls-pf-runs-300um/oneD_v2_DBTT_TP/T1100K_seed1008666/steps_1100K.csv,6749ec06b97a22d1cfe02387c2bc74ef5532d0ebbcabc7237d49c4379470a665,/private/tmp/oneD-v2-taylor-peierls-pf-runs-300um/oneD_v2_DBTT_TP/T1100K_seed1008666/anisotropic_emission_audit_v10174.json,60ebe9e2545b2b2b13db6188cfdef684ff70aa036a166171b51881ccc28a3f2e,FULL_ACTIVE_AND_WAKE_SPATIAL_PROFILE_OBSERVER,PF_MODEL_NATIVE_DRIVING_TRAJECTORY_NOT_RESISTANCE
DBTT,KINETIC_FINALIST,oneD_v2_dbtt_TP_6ca03f05fbae34e9,oneD_v2_DBTT_TP,1100.0,1008666,300.0,33,1,442,1552.9486371725748,3.6974967551728e-05,7897714.254297893,23461.53570045533,102.16424109445384,102.16424109445384,102.16424109445384,-0.4095980119148897,32.40311373206452,12926972084.376795,149.03043363509101,151.77625981260204,2.745826177511022,9.940868669569097,0.12969170531818597,9.265096987109144,2.3251686801141514e-08,34374.01356051042,1688.7503240713547,"[6088931432.994418, -5956153717.309737]","[[8631280888.740843, 209140430.12132466], [209140430.12132466, 16659911991.19601]]","[[[4796489686.22376, -1065094508.8578304], [-1065094508.8578304, 16974352552.212597]], [[5031873872.390052, 1067106219.0815771], [1067106219.0815771, 16944181307.009525]]]",645480332669.2217,2956379417341.2163,2.0,2.1075675249448977e-06,5.018016303046449e-14,False,False,/private/tmp/oneD-v2-taylor-peierls-pf-runs-300um/oneD_v2_DBTT_TP/T1100K_seed1008666/steps_1100K.csv,6749ec06b97a22d1cfe02387c2bc74ef5532d0ebbcabc7237d49c4379470a665,/private/tmp/oneD-v2-taylor-peierls-pf-runs-300um/oneD_v2_DBTT_TP/T1100K_seed1008666/anisotropic_emission_audit_v10174.json,60ebe9e2545b2b2b13db6188cfdef684ff70aa036a166171b51881ccc28a3f2e,FULL_ACTIVE_AND_WAKE_SPATIAL_PROFILE_OBSERVER,PF_MODEL_NATIVE_DRIVING_TRAJECTORY_NOT_RESISTANCE
DBTT,KINETIC_FINALIST,oneD_v2_dbtt_TP_6ca03f05fbae34e9,oneD_v2_DBTT_TP,1100.0,1008666,300.0,34,1,452,1552.9486392801423,3.6974967601908166e-05,7894584.863638355,23776.395203232794,102.84749084428836,102.84749084428836,102.84749084428836,-0.2632660036244972,30.64215318798938,12224450469.226513,151.77625981260204,161.20661797683053,9.430358164228469,11.265457738533124,0.12103684979211936,9.927880962317072,2.6197994887709175e-08,38727.98371595968,1786.0571973039891,"[6281305015.152591, -6164581249.978731]","[[8197287843.932441, 26878972.20861783], [26878972.20861783, 15507012257.866545]]","[[[5437392077.62047, -1108527331.2296503], [-1108527331.2296503, 18000002107.92565]], [[5646601076.56136, 1096974270.0703738], [1096974270.0703738, 17975763576.518826]]]",5163842661353.773,23651035338729.73,16.0,2.5200006348313764e-07,6.000001927589094e-15,False,False,/private/tmp/oneD-v2-taylor-peierls-pf-runs-300um/oneD_v2_DBTT_TP/T1100K_seed1008666/steps_1100K.csv,6749ec06b97a22d1cfe02387c2bc74ef5532d0ebbcabc7237d49c4379470a665,/private/tmp/oneD-v2-taylor-peierls-pf-runs-300um/oneD_v2_DBTT_TP/T1100K_seed1008666/anisotropic_emission_audit_v10174.json,60ebe9e2545b2b2b13db6188cfdef684ff70aa036a166171b51881ccc28a3f2e,FULL_ACTIVE_AND_WAKE_SPATIAL_PROFILE_OBSERVER,PF_MODEL_NATIVE_DRIVING_TRAJECTORY_NOT_RESISTANCE
DBTT,KINETIC_FINALIST,oneD_v2_dbtt_TP_6ca03f05fbae34e9,oneD_v2_DBTT_TP,1100.0,1008666,300.0,35,1,455,1552.9486395321424,3.697496760790817e-05,7881095.100307485,24958.702899479045,105.3735717083206,105.3735717083206,105.3735717083206,-0.19981875626207807,33.32437570286536,13294502435.855204,161.20661797683053,163.5039580724554,2.2973400956248753,9.998603758920353,0.12927505424147712,9.294774181281678,2.303659130424984e-08,34054.916924365316,1693.1015008295112,"[5450930261.774129, -5591568885.075156]","[[7227741280.53652, 57637511.132006355], [57637511.132006355, 15877629429.361008]]","[[[6038162568.813135, -1689616147.0331516], [-1689616147.0331516, 16940023092.361393]], [[5916876328.498258, 1649708591.8179576], [1649708591.8179576, 17100014098.648571]]]",5163842661353.773,23651035338729.73,16.0,1.051023446052568e-06,2.5024402580502147e-14,False,False,/private/tmp/oneD-v2-taylor-peierls-pf-runs-300um/oneD_v2_DBTT_TP/T1100K_seed1008666/steps_1100K.csv,6749ec06b97a22d1cfe02387c2bc74ef5532d0ebbcabc7237d49c4379470a665,/private/tmp/oneD-v2-taylor-peierls-pf-runs-300um/oneD_v2_DBTT_TP/T1100K_seed1008666/anisotropic_emission_audit_v10174.json,60ebe9e2545b2b2b13db6188cfdef684ff70aa036a166171b51881ccc28a3f2e,FULL_ACTIVE_AND_WAKE_SPATIAL_PROFILE_OBSERVER,PF_MODEL_NATIVE_DRIVING_TRAJECTORY_NOT_RESISTANCE
DBTT,KINETIC_FINALIST,oneD_v2_dbtt_TP_6ca03f05fbae34e9,oneD_v2_DBTT_TP,1100.0,1008666,300.0,36,1,465,1552.9486405831658,3.697496763293257e-05,7874760.168821357,25399.259029173914,106.29949930491382,106.29949930491382,106.29949930491382,-0.13142106962124456,34.95899788779079,13946622337.904123,163.5039580724554,168.10312112722474,4.599163054769354,9.2457998541226,0.13504626749309218,8.89605858161076,2.1797177398857584e-08,32222.511880053564,1635.5204603386214,"[4705420485.712333, -4917306665.132934]","[[5557535167.9779415, -357193709.1191529], [-357193709.1191529, 14826324689.968466]]","[[[4870128108.130017, -2976101492.6050673], [-2976101492.6050673, 14280969079.554684]], [[4676823518.795713, 2898621091.5268598], [2898621091.5268598, 14511436849.061583]]]",1936440998007.665,8869138252023.648,6.0,1.115949999075383e-06,2.6570203827923355e-14,False,False,/private/tmp/oneD-v2-taylor-peierls-pf-runs-300um/oneD_v2_DBTT_TP/T1100K_seed1008666/steps_1100K.csv,6749ec06b97a22d1cfe02387c2bc74ef5532d0ebbcabc7237d49c4379470a665,/private/tmp/oneD-v2-taylor-peierls-pf-runs-300um/oneD_v2_DBTT_TP/T1100K_seed1008666/anisotropic_emission_audit_v10174.json,60ebe9e2545b2b2b13db6188cfdef684ff70aa036a166171b51881ccc28a3f2e,FULL_ACTIVE_AND_WAKE_SPATIAL_PROFILE_OBSERVER,PF_MODEL_NATIVE_DRIVING_TRAJECTORY_NOT_RESISTANCE
DBTT,KINETIC_FINALIST,oneD_v2_dbtt_TP_6ca03f05fbae34e9,oneD_v2_DBTT_TP,1100.0,1008666,300.0,37,1,475,1552.9486416991158,3.6974967659502774e-05,7908535.285980923,13355.379444807704,77.08126103894591,77.08126103894591,77.08126103894591,-0.07137012224612646,27.06407577439288,10797004106.393465,168.10312112722474,172.98639028131274,4.883269154088001,8.111687674911947,0.14541403544830714,8.263631598181666,1.8846321839044724e-08,27860.56479536803,1545.063936635637,"[5226127188.842452, -5257062012.625093]","[[5600037971.003064, -105389231.3660765], [-105389231.3660765, 13455592948.07688]]","[[[2953211787.476739, -747105551.1997619], [-747105551.1997619, 13405466165.161644]], [[2868508984.3770523, 668210923.8755001], [668210923.8755001, 13382633009.62724]]]",1936440998007.665,8869138252023.648,6.0,3.360000846441835e-07,8.000002570118792e-15,False,False,/private/tmp/oneD-v2-taylor-peierls-pf-runs-300um/oneD_v2_DBTT_TP/T1100K_seed1008666/steps_1100K.csv,6749ec06b97a22d1cfe02387c2bc74ef5532d0ebbcabc7237d49c4379470a665,/private/tmp/oneD-v2-taylor-peierls-pf-runs-300um/oneD_v2_DBTT_TP/T1100K_seed1008666/anisotropic_emission_audit_v10174.json,60ebe9e2545b2b2b13db6188cfdef684ff70aa036a166171b51881ccc28a3f2e,FULL_ACTIVE_AND_WAKE_SPATIAL_PROFILE_OBSERVER,PF_MODEL_NATIVE_DRIVING_TRAJECTORY_NOT_RESISTANCE
DBTT,KINETIC_FINALIST,oneD_v2_dbtt_TP_6ca03f05fbae34e9,oneD_v2_DBTT_TP,1100.0,1008666,300.0,38,1,479,1552.9486420351159,3.6974967667502776e-05,7905781.973598714,13031.233969593519,76.14010414730917,76.14010414730917,76.14010414730917,-0.05718155329341533,25.83654776260306,10307291282.113398,172.98639028131274,175.28373037693768,2.2973400956249295,8.68476289363318,0.13988812612450255,8.590135623636533,1.9663957576228745e-08,29069.477838033126,1591.3573961198852,"[5308486077.114995, -5338412614.802367]","[[5620801506.867946, 45368633.18634568], [45368633.18634568, 12861457503.972895]]","[[[2792744686.7537117, -696122406.7504804], [-696122406.7504804, 13409716840.983702]], [[2710029401.518183, 618092860.2959521], [618092860.2959521, 13386854631.12292]]]",2581921330676.8867,11825517669364.863,8.0,7.560001904494129e-07,1.800000578276728e-14,False,False,/private/tmp/oneD-v2-taylor-peierls-pf-runs-300um/oneD_v2_DBTT_TP/T1100K_seed1008666/steps_1100K.csv,6749ec06b97a22d1cfe02387c2bc74ef5532d0ebbcabc7237d49c4379470a665,/private/tmp/oneD-v2-taylor-peierls-pf-runs-300um/oneD_v2_DBTT_TP/T1100K_seed1008666/anisotropic_emission_audit_v10174.json,60ebe9e2545b2b2b13db6188cfdef684ff70aa036a166171b51881ccc28a3f2e,FULL_ACTIVE_AND_WAKE_SPATIAL_PROFILE_OBSERVER,PF_MODEL_NATIVE_DRIVING_TRAJECTORY_NOT_RESISTANCE
DBTT,KINETIC_FINALIST,oneD_v2_dbtt_TP_6ca03f05fbae34e9,oneD_v2_DBTT_TP,1100.0,1008666,300.0,39,1,488,1552.948642791116,3.697496768550278e-05,7904107.658073645,12925.133050820416,75.82950247046287,75.82950247046287,75.82950247046287,-0.03579807753687487,25.55099635036978,10193372750.545202,175.28373037693768,178.50972988901748,3.2259995120798024,8.807663890908236,0.138782978209854,8.658554922577034,1.9960225475165476e-08,29507.689224759022,1601.1272331926125,"[5097056773.256228, -5125138143.323958]","[[5170620839.641642, -65141289.17287263], [-65141289.17287263, 12134203642.910746]]","[[[2936016473.1906495, -626275128.8603203], [-626275128.8603203, 13130130019.703108]], [[2856849175.746795, 543892962.0238832], [543892962.0238832, 13107125462.39471]]]",1936440998007.665,8869138252023.648,6.0,2.272751999043976e-06,5.411316739752786e-14,False,False,/private/tmp/oneD-v2-taylor-peierls-pf-runs-300um/oneD_v2_DBTT_TP/T1100K_seed1008666/steps_1100K.csv,6749ec06b97a22d1cfe02387c2bc74ef5532d0ebbcabc7237d49c4379470a665,/private/tmp/oneD-v2-taylor-peierls-pf-runs-300um/oneD_v2_DBTT_TP/T1100K_seed1008666/anisotropic_emission_audit_v10174.json,60ebe9e2545b2b2b13db6188cfdef684ff70aa036a166171b51881ccc28a3f2e,FULL_ACTIVE_AND_WAKE_SPATIAL_PROFILE_OBSERVER,PF_MODEL_NATIVE_DRIVING_TRAJECTORY_NOT_RESISTANCE
DBTT,KINETIC_FINALIST,oneD_v2_dbtt_TP_6ca03f05fbae34e9,oneD_v2_DBTT_TP,1100.0,1008666,300.0,40,1,498,1552.948645063868,3.697496773961595e-05,7902093.184494992,12773.578452135904,75.38361935193161,75.38361935193161,75.38361935193161,0.009664083916614403,26.241187555168462,10468719203.700602,178.50972988901748,188.74323545615385,10.233505567136367,8.252527869979174,0.14399547775484617,8.345071913597634,1.893840817762003e-08,27997.347858565703,1556.5560399692754,"[5130195396.966613, -5153548329.314911]","[[5128894345.935177, -67448373.50419267], [-67448373.50419267, 12750167689.525017]]","[[[3032209443.1886063, -593640953.2357285], [-593640953.2357285, 13292600237.121832]], [[2956325262.3484154, 506706317.6219966], [506706317.6219966, 13263421920.978237]]]",5809322994022.996,26607414756070.95,18.0,8.978486221167259e-07,2.137735653643183e-14,False,False,/private/tmp/oneD-v2-taylor-peierls-pf-runs-300um/oneD_v2_DBTT_TP/T1100K_seed1008666/steps_1100K.csv,6749ec06b97a22d1cfe02387c2bc74ef5532d0ebbcabc7237d49c4379470a665,/private/tmp/oneD-v2-taylor-peierls-pf-runs-300um/oneD_v2_DBTT_TP/T1100K_seed1008666/anisotropic_emission_audit_v10174.json,60ebe9e2545b2b2b13db6188cfdef684ff70aa036a166171b51881ccc28a3f2e,FULL_ACTIVE_AND_WAKE_SPATIAL_PROFILE_OBSERVER,PF_MODEL_NATIVE_DRIVING_TRAJECTORY_NOT_RESISTANCE
DBTT,KINETIC_FINALIST,oneD_v2_dbtt_TP_6ca03f05fbae34e9,oneD_v2_DBTT_TP,1100.0,1008666,300.0,41,1,508,1552.9486459617167,3.6974967760993306e-05,7892974.935988531,13159.09859579544,76.51274193962118,76.51274193962118,76.51274193962118,0.014864304576696687,27.45199926411901,10951763188.00609,188.74323545615385,192.6721214745897,3.928886018435832,7.768185261709279,0.14905763123326918,8.060638469739674,1.7809725253242384e-08,26328.722414801552,1516.7105161148481,"[5167191052.866395, -5331495846.759343]","[[6260338111.581367, -66273928.8443508], [-66273928.8443508, 14064973788.081953]]","[[[3673278246.164166, -785878995.1272278], [-785878995.1272278, 14007660351.896955]], [[3333326185.3491755, 688904161.3253284], [688904161.3253284, 13996317878.86786]]]",1936440998007.665,8869138252023.648,6.0,3.080497663177084e-06,7.334519276647189e-14,False,False,/private/tmp/oneD-v2-taylor-peierls-pf-runs-300um/oneD_v2_DBTT_TP/T1100K_seed1008666/steps_1100K.csv,6749ec06b97a22d1cfe02387c2bc74ef5532d0ebbcabc7237d49c4379470a665,/private/tmp/oneD-v2-taylor-peierls-pf-runs-300um/oneD_v2_DBTT_TP/T1100K_seed1008666/anisotropic_emission_audit_v10174.json,60ebe9e2545b2b2b13db6188cfdef684ff70aa036a166171b51881ccc28a3f2e,FULL_ACTIVE_AND_WAKE_SPATIAL_PROFILE_OBSERVER,PF_MODEL_NATIVE_DRIVING_TRAJECTORY_NOT_RESISTANCE
DBTT,KINETIC_FINALIST,oneD_v2_dbtt_TP_6ca03f05fbae34e9,oneD_v2_DBTT_TP,1100.0,1008666,300.0,42,1,518,1552.9486490422144,3.69749678343385e-05,7889895.90280934,13147.750899742286,76.4797445957797,76.4797445957797,76.4797445957797,0.017529621699373055,27.29385116425407,10888671224.404818,192.6721214745897,205.90209166553421,13.229970190944528,7.851691364304222,0.1481467151496264,8.110424804785328,1.793387127973984e-08,26511.690395235895,1523.6462759146023,"[5212526192.440657, -5359197891.217623]","[[6212655554.772117, -100788140.49311225], [-100788140.49311225, 14013125437.841215]]","[[[3238866982.108066, -991576992.7454658], [-991576992.7454658, 13663919366.98938]], [[2922737645.540338, 925834031.8430424], [925834031.8430424, 13641133427.975586]]]",3227401663346.1084,14781897086706.078,10.0,8.400002116104588e-08,1.99999386626612e-15,False,False,/private/tmp/oneD-v2-taylor-peierls-pf-runs-300um/oneD_v2_DBTT_TP/T1100K_seed1008666/steps_1100K.csv,6749ec06b97a22d1cfe02387c2bc74ef5532d0ebbcabc7237d49c4379470a665,/private/tmp/oneD-v2-taylor-peierls-pf-runs-300um/oneD_v2_DBTT_TP/T1100K_seed1008666/anisotropic_emission_audit_v10174.json,60ebe9e2545b2b2b13db6188cfdef684ff70aa036a166171b51881ccc28a3f2e,FULL_ACTIVE_AND_WAKE_SPATIAL_PROFILE_OBSERVER,PF_MODEL_NATIVE_DRIVING_TRAJECTORY_NOT_RESISTANCE
DBTT,KINETIC_FINALIST,oneD_v2_dbtt_TP_6ca03f05fbae34e9,oneD_v2_DBTT_TP,1100.0,1008666,300.0,43,1,519,1552.9486491262144,3.697496783633849e-05,7879841.990266833,13255.866908441047,76.79355323338258,76.79355323338258,76.79355323338258,0.012244364461642012,26.974325164624016,10761198793.464855,205.90209166553421,208.1994317611591,2.2973400956249024,8.104912839270964,0.14548333348549533,8.259729422916614,1.8592800190753106e-08,27485.68469344155,1544.5092036338647,"[5113116392.340747, -5118312672.964123]","[[5053772994.471425, -27025294.958937306], [-27025294.958937306, 13188377545.152893]]","[[[4175637544.295448, -1255544452.311472], [-1255544452.311472, 14401870328.976942]], [[3878593000.7671494, 700166633.2336534], [700166633.2336534, 14115218346.695396]]]",32274016633461.035,147818970867060.84,100.0,3.360000846441835e-07,8.000002570118792e-15,False,False,/private/tmp/oneD-v2-taylor-peierls-pf-runs-300um/oneD_v2_DBTT_TP/T1100K_seed1008666/steps_1100K.csv,6749ec06b97a22d1cfe02387c2bc74ef5532d0ebbcabc7237d49c4379470a665,/private/tmp/oneD-v2-taylor-peierls-pf-runs-300um/oneD_v2_DBTT_TP/T1100K_seed1008666/anisotropic_emission_audit_v10174.json,60ebe9e2545b2b2b13db6188cfdef684ff70aa036a166171b51881ccc28a3f2e,FULL_ACTIVE_AND_WAKE_SPATIAL_PROFILE_OBSERVER,PF_MODEL_NATIVE_DRIVING_TRAJECTORY_NOT_RESISTANCE
DBTT,KINETIC_FINALIST,oneD_v2_dbtt_TP_6ca03f05fbae34e9,oneD_v2_DBTT_TP,1100.0,1008666,300.0,44,1,523,1552.9486494622145,3.6974967844338495e-05,7875918.646186013,13403.046937997817,77.21869621341196,77.21869621341196,77.21869621341196,0.008142976942541045,28.61472621188587,11415624128.032398,208.1994317611591,210.49677185678402,2.2973400956249024,7.282252601541397,0.154713747219218,7.766582992058392,1.6066451283092646e-08,23750.67539291276,1475.7865657712453,"[4292067238.741246, -4362074172.303244]","[[4209881504.3629203, -32283675.554887958], [-32283675.554887958, 12750944550.530367]]","[[[3551369787.510617, -1795046699.5243804], [-1795046699.5243804, 12135504264.993109]], [[3309991316.546081, 1944328985.132659], [1944328985.132659, 12034139661.152569]]]",2581921330676.8867,11825517669364.863,8.0,1.5383375284727663e-06,3.6627127654627334e-14,False,False,/private/tmp/oneD-v2-taylor-peierls-pf-runs-300um/oneD_v2_DBTT_TP/T1100K_seed1008666/steps_1100K.csv,6749ec06b97a22d1cfe02387c2bc74ef5532d0ebbcabc7237d49c4379470a665,/private/tmp/oneD-v2-taylor-peierls-pf-runs-300um/oneD_v2_DBTT_TP/T1100K_seed1008666/anisotropic_emission_audit_v10174.json,60ebe9e2545b2b2b13db6188cfdef684ff70aa036a166171b51881ccc28a3f2e,FULL_ACTIVE_AND_WAKE_SPATIAL_PROFILE_OBSERVER,PF_MODEL_NATIVE_DRIVING_TRAJECTORY_NOT_RESISTANCE
DBTT,KINETIC_FINALIST,oneD_v2_dbtt_TP_6ca03f05fbae34e9,oneD_v2_DBTT_TP,1100.0,1008666,300.0,45,1,533,1552.948651000552,3.697496788096562e-05,7781884.589004432,22088.008956346675,99.12860171983802,99.12860171983802,99.12860171983802,-0.004118475763401135,32.896515806189434,13123811032.982988,210.49677185678402,217.22836324016038,6.731591383376352,9.080257303664766,0.13642236476316916,8.808428441041448,2.093997864221404e-08,30955.457237451097,1622.6043530153993,"[5674998854.43697, -5694893899.218429]","[[8691442850.978258, -25135158.192797724], [-25135158.192797724, 16796364304.170685]]","[[[5483846150.036105, -843653503.5878938], [-843653503.5878938, 16833843858.910046]], [[5422303041.483666, 795842522.6039909], [795842522.6039909, 16812090839.920527]]]",2581921330676.8867,11825517669364.863,8.0,4.200001058052294e-07,1.000000321264849e-14,False,False,/private/tmp/oneD-v2-taylor-peierls-pf-runs-300um/oneD_v2_DBTT_TP/T1100K_seed1008666/steps_1100K.csv,6749ec06b97a22d1cfe02387c2bc74ef5532d0ebbcabc7237d49c4379470a665,/private/tmp/oneD-v2-taylor-peierls-pf-runs-300um/oneD_v2_DBTT_TP/T1100K_seed1008666/anisotropic_emission_audit_v10174.json,60ebe9e2545b2b2b13db6188cfdef684ff70aa036a166171b51881ccc28a3f2e,FULL_ACTIVE_AND_WAKE_SPATIAL_PROFILE_OBSERVER,PF_MODEL_NATIVE_DRIVING_TRAJECTORY_NOT_RESISTANCE
DBTT,KINETIC_FINALIST,oneD_v2_dbtt_TP_6ca03f05fbae34e9,oneD_v2_DBTT_TP,1100.0,1008666,300.0,46,1,538,1552.948651420552,3.6974967890965626e-05,7774154.595887064,22975.741043688948,101.10100184315556,101.10100184315556,101.10100184315556,-0.015164063241090337,31.393477903322218,12524185664.483353,217.22836324016038,219.5257033357853,2.2973400956249295,10.371272747345595,0.12667894770875915,9.48605760084723,2.407682586973671e-08,35593.03125468226,1720.9387397011756,"[5837682746.382859, -5833217333.831879]","[[8214795902.564835, -61228255.337093525], [-61228255.337093525, 15359673882.734781]]","[[[5718185103.285476, -1277989563.9461029], [-1277989563.9461029, 17393550596.051197]], [[5684792268.536614, 1227195004.2495065], [1227195004.2495065, 17351226936.20037]]]",4518362328684.552,20694655921388.51,14.0,1.6306125871778931e-06,3.882412783189765e-14,False,False,/private/tmp/oneD-v2-taylor-peierls-pf-runs-300um/oneD_v2_DBTT_TP/T1100K_seed1008666/steps_1100K.csv,6749ec06b97a22d1cfe02387c2bc74ef5532d0ebbcabc7237d49c4379470a665,/private/tmp/oneD-v2-taylor-peierls-pf-runs-300um/oneD_v2_DBTT_TP/T1100K_seed1008666/anisotropic_emission_audit_v10174.json,60ebe9e2545b2b2b13db6188cfdef684ff70aa036a166171b51881ccc28a3f2e,FULL_ACTIVE_AND_WAKE_SPATIAL_PROFILE_OBSERVER,PF_MODEL_NATIVE_DRIVING_TRAJECTORY_NOT_RESISTANCE
DBTT,KINETIC_FINALIST,oneD_v2_dbtt_TP_6ca03f05fbae34e9,oneD_v2_DBTT_TP,1100.0,1008666,300.0,47,1,548,1552.9486530511647,3.6974967929789754e-05,7770576.439211056,23416.170394662895,102.06542073823464,102.06542073823464,102.06542073823464,-0.03935839645375059,33.13631888157681,13219478618.725306,219.5257033357853,226.66107911389597,7.13537577811066,9.487433361723545,0.13311037859410607,9.027607606005134,2.201704774322247e-08,32548.504988507328,1654.205899693836,"[5605619101.40643, -5571569872.355712]","[[7882611819.334978, -48330182.84094623], [-48330182.84094623, 16221472544.64217]]","[[[5518382523.133059, -1329345617.2817175], [-1329345617.2817175, 16729620725.94592]], [[5511822344.456718, 1278181847.273281], [1278181847.273281, 16654962089.168142]]]",2581921330676.8867,11825517669364.863,8.0,2.5200006348313764e-07,6.000008703852672e-15,False,False,/private/tmp/oneD-v2-taylor-peierls-pf-runs-300um/oneD_v2_DBTT_TP/T1100K_seed1008666/steps_1100K.csv,6749ec06b97a22d1cfe02387c2bc74ef5532d0ebbcabc7237d49c4379470a665,/private/tmp/oneD-v2-taylor-peierls-pf-runs-300um/oneD_v2_DBTT_TP/T1100K_seed1008666/anisotropic_emission_audit_v10174.json,60ebe9e2545b2b2b13db6188cfdef684ff70aa036a166171b51881ccc28a3f2e,FULL_ACTIVE_AND_WAKE_SPATIAL_PROFILE_OBSERVER,PF_MODEL_NATIVE_DRIVING_TRAJECTORY_NOT_RESISTANCE
DBTT,KINETIC_FINALIST,oneD_v2_dbtt_TP_6ca03f05fbae34e9,oneD_v2_DBTT_TP,1100.0,1008666,300.0,48,1,551,1552.9486533031647,3.697496793578976e-05,7761022.116695107,24608.467132015034,104.63162648750911,104.63162648750911,104.63162648750911,-0.055965934130444456,33.54692461762521,13383286607.41036,226.66107911389597,228.95841920952083,2.2973400956248753,9.727932025330988,0.13126395636106844,9.154637177350176,2.2405401980716918e-08,33120.29374155751,1672.6109108956107,"[5508681177.351055, -5532860094.909773]","[[7388237164.50902, -58217122.55931139], [-58217122.55931139, 16364019507.79474]]","[[[6153095394.928617, -1677901721.2709386], [-1677901721.2709386, 17170457749.630726]], [[6153155023.099883, 1555352416.7254853], [1555352416.7254853, 17218875212.91943]]]",1290960665338.4434,5912758834682.433,4.0,2.6104794415005017e-06,6.21543086638289e-14,False,False,/private/tmp/oneD-v2-taylor-peierls-pf-runs-300um/oneD_v2_DBTT_TP/T1100K_seed1008666/steps_1100K.csv,6749ec06b97a22d1cfe02387c2bc74ef5532d0ebbcabc7237d49c4379470a665,/private/tmp/oneD-v2-taylor-peierls-pf-runs-300um/oneD_v2_DBTT_TP/T1100K_seed1008666/anisotropic_emission_audit_v10174.json,60ebe9e2545b2b2b13db6188cfdef684ff70aa036a166171b51881ccc28a3f2e,FULL_ACTIVE_AND_WAKE_SPATIAL_PROFILE_OBSERVER,PF_MODEL_NATIVE_DRIVING_TRAJECTORY_NOT_RESISTANCE
DBTT,KINETIC_FINALIST,oneD_v2_dbtt_TP_6ca03f05fbae34e9,oneD_v2_DBTT_TP,1100.0,1008666,300.0,49,1,561,1552.9486559136442,3.697496799794407e-05,7754615.539952646,25421.566907425356,106.34616987588409,106.34616987588409,106.34616987588409,-0.08908564537819007,35.739928900494824,14258168736.948473,228.95841920952083,240.01715839650478,11.058739186983964,8.85393517365964,0.1383736344036068,8.684198261795876,2.0260131353275124e-08,29950.661094148854,1604.7914209491478,"[4808505910.298361, -4795048782.133365]","[[5405314836.224555, -144775772.31032887], [-144775772.31032887, 15663072569.245277]]","[[[4947637416.242929, -2875857052.68099], [-2875857052.68099, 14564649236.839653]], [[4993039559.34234, 2759533979.3377237], [2759533979.3377237, 14583137123.60907]]]",1936440998007.665,8869138252023.648,6.0,3.360000846441835e-07,8.000002570118792e-15,False,False,/private/tmp/oneD-v2-taylor-peierls-pf-runs-300um/oneD_v2_DBTT_TP/T1100K_seed1008666/steps_1100K.csv,6749ec06b97a22d1cfe02387c2bc74ef5532d0ebbcabc7237d49c4379470a665,/private/tmp/oneD-v2-taylor-peierls-pf-runs-300um/oneD_v2_DBTT_TP/T1100K_seed1008666/anisotropic_emission_audit_v10174.json,60ebe9e2545b2b2b13db6188cfdef684ff70aa036a166171b51881ccc28a3f2e,FULL_ACTIVE_AND_WAKE_SPATIAL_PROFILE_OBSERVER,PF_MODEL_NATIVE_DRIVING_TRAJECTORY_NOT_RESISTANCE
DBTT,KINETIC_FINALIST,oneD_v2_dbtt_TP_6ca03f05fbae34e9,oneD_v2_DBTT_TP,1100.0,1008666,300.0,50,1,565,1552.9486562496443,3.6974968005944074e-05,7750270.826034301,23763.80823799322,102.82026406842319,102.82026406842319,102.82026406842319,-0.10893053494335722,33.159056407891924,13228549579.324142,240.01715839650478,242.31449849212973,2.2973400956249295,9.615084443797565,0.13212071282317597,9.095275055973614,2.2025460569710143e-08,32558.974985054894,1663.9984566018375,"[5837715775.183739, -5821268689.697214]","[[8320156920.10456, 56514950.44205004], [56514950.44205004, 16940942165.840117]]","[[[5188425347.84169, -825976362.307892], [-825976362.307892, 16863856898.20917]], [[5237579864.658788, 891588051.5113301], [891588051.5113301, 16880117244.053217]]]",645480332669.2217,2956379417341.2163,2.0,2.5200006348313764e-07,5.999995151325516e-15,False,False,/private/tmp/oneD-v2-taylor-peierls-pf-runs-300um/oneD_v2_DBTT_TP/T1100K_seed1008666/steps_1100K.csv,6749ec06b97a22d1cfe02387c2bc74ef5532d0ebbcabc7237d49c4379470a665,/private/tmp/oneD-v2-taylor-peierls-pf-runs-300um/oneD_v2_DBTT_TP/T1100K_seed1008666/anisotropic_emission_audit_v10174.json,60ebe9e2545b2b2b13db6188cfdef684ff70aa036a166171b51881ccc28a3f2e,FULL_ACTIVE_AND_WAKE_SPATIAL_PROFILE_OBSERVER,PF_MODEL_NATIVE_DRIVING_TRAJECTORY_NOT_RESISTANCE
DBTT,KINETIC_FINALIST,oneD_v2_dbtt_TP_6ca03f05fbae34e9,oneD_v2_DBTT_TP,1100.0,1008666,300.0,51,1,568,1552.9486565016443,3.697496801194407e-05,7747986.85006833,23495.446576218834,102.23804759974185,102.23804759974185,102.23804759974185,-0.12575448814565818,32.64205410212624,13022295500.489182,242.31449849212973,244.61183858775462,2.2973400956249024,9.810025451987618,0.13065105912141053,9.19760228082221,2.2862195694741845e-08,33796.54349493443,1678.850317190162,"[5711391282.757208, -5694868475.528321]","[[8377642670.078797, 55029176.176460214], [55029176.176460214, 16033998873.814383]]","[[[4817355216.33528, -632364738.1188675], [-632364738.1188675, 16240137781.849697]], [[4855386590.866897, 695438345.5726548], [695438345.5726548, 16245123541.923538]]]",9036724657369.11,41389311842777.04,28.0,2.9728842037002323e-06,7.078297908739983e-14,False,False,/private/tmp/oneD-v2-taylor-peierls-pf-runs-300um/oneD_v2_DBTT_TP/T1100K_seed1008666/steps_1100K.csv,6749ec06b97a22d1cfe02387c2bc74ef5532d0ebbcabc7237d49c4379470a665,/private/tmp/oneD-v2-taylor-peierls-pf-runs-300um/oneD_v2_DBTT_TP/T1100K_seed1008666/anisotropic_emission_audit_v10174.json,60ebe9e2545b2b2b13db6188cfdef684ff70aa036a166171b51881ccc28a3f2e,FULL_ACTIVE_AND_WAKE_SPATIAL_PROFILE_OBSERVER,PF_MODEL_NATIVE_DRIVING_TRAJECTORY_NOT_RESISTANCE
DBTT,KINETIC_FINALIST,oneD_v2_dbtt_TP_6ca03f05fbae34e9,oneD_v2_DBTT_TP,1100.0,1008666,300.0,52,1,578,1552.9486594745285,3.697496808272705e-05,7745655.782618038,23206.985659570582,101.60850518097772,101.60850518097772,101.60850518097772,-0.18652054470235335,32.10639581739871,12808598762.864061,244.61183858775462,257.4326195078266,12.820780920071964,10.015600969228567,0.12915315526594975,9.304291746528603,2.3175289246398146e-08,34259.99886854455,1694.3804911542538,"[5873348548.366722, -5855177722.173065]","[[8593126898.31352, 63949383.671975955], [63949383.671975955, 16603005269.7861]]","[[[5040708255.167171, -774822641.3418125], [-774822641.3418125, 16787405351.900614]], [[5083267129.999014, 839573496.2307789], [839573496.2307789, 16793622574.345146]]]",3872881996015.33,17738276504047.293,12.0,8.400002116104588e-08,2.000000642529698e-15,False,False,/private/tmp/oneD-v2-taylor-peierls-pf-runs-300um/oneD_v2_DBTT_TP/T1100K_seed1008666/steps_1100K.csv,6749ec06b97a22d1cfe02387c2bc74ef5532d0ebbcabc7237d49c4379470a665,/private/tmp/oneD-v2-taylor-peierls-pf-runs-300um/oneD_v2_DBTT_TP/T1100K_seed1008666/anisotropic_emission_audit_v10174.json,60ebe9e2545b2b2b13db6188cfdef684ff70aa036a166171b51881ccc28a3f2e,FULL_ACTIVE_AND_WAKE_SPATIAL_PROFILE_OBSERVER,PF_MODEL_NATIVE_DRIVING_TRAJECTORY_NOT_RESISTANCE
DBTT,KINETIC_FINALIST,oneD_v2_dbtt_TP_6ca03f05fbae34e9,oneD_v2_DBTT_TP,1100.0,1008666,300.0,53,1,579,1552.9486595585286,3.697496808472705e-05,7730256.843757142,21471.24854773153,97.73482619117102,97.73482619117102,97.73482619117102,-0.1916430991015365,31.13939607063332,12422821678.741869,257.4326195078266,259.7299596034515,2.2973400956249024,9.85095463402612,0.1303486778045694,9.21894794366019,2.315982783579311e-08,34236.52792878894,1681.9530065666875,"[5799307367.566008, -5810311779.73134]","[[6571210789.44635, 59124833.4760303], [59124833.4760303, 15478938278.630402]]","[[[6094832478.398353, -1004098955.8905274], [-1004098955.8905274, 17693447213.53037]], [[6100422979.571921, 1062167870.3806735], [1062167870.3806735, 17721046539.034603]]]",32274016633461.035,147818970867060.84,100.0,4.200001058052294e-07,1.0000009988912067e-14,False,False,/private/tmp/oneD-v2-taylor-peierls-pf-runs-300um/oneD_v2_DBTT_TP/T1100K_seed1008666/steps_1100K.csv,6749ec06b97a22d1cfe02387c2bc74ef5532d0ebbcabc7237d49c4379470a665,/private/tmp/oneD-v2-taylor-peierls-pf-runs-300um/oneD_v2_DBTT_TP/T1100K_seed1008666/anisotropic_emission_audit_v10174.json,60ebe9e2545b2b2b13db6188cfdef684ff70aa036a166171b51881ccc28a3f2e,FULL_ACTIVE_AND_WAKE_SPATIAL_PROFILE_OBSERVER,PF_MODEL_NATIVE_DRIVING_TRAJECTORY_NOT_RESISTANCE
DBTT,KINETIC_FINALIST,oneD_v2_dbtt_TP_6ca03f05fbae34e9,oneD_v2_DBTT_TP,1100.0,1008666,300.0,54,1,584,1552.9486599785287,3.697496809472706e-05,7724126.207790339,21222.146788863894,97.16622993975584,97.16622993975584,97.16622993975584,-0.17350497503219806,32.8471588787518,13104120467.79741,259.7299596034515,262.02729969907637,2.2973400956249024,8.75054459647002,0.13929333600281435,8.626781465054135,2.014417077893235e-08,29780.110800496037,1596.5934026290008,"[5029428721.83292, -5071756222.378485]","[[5931300732.619021, 67536822.97018878], [67536822.97018878, 15231056429.17526]]","[[[5037837623.247796, -2068595861.6137438], [-2068595861.6137438, 15096695066.913635]], [[5015991989.079907, 2101193412.6716833], [2101193412.6716833, 15159504433.836878]]]",6454803326692.219,29563794173412.168,20.0,3.879869154843618e-06,9.23778130271051e-14,False,False,/private/tmp/oneD-v2-taylor-peierls-pf-runs-300um/oneD_v2_DBTT_TP/T1100K_seed1008666/steps_1100K.csv,6749ec06b97a22d1cfe02387c2bc74ef5532d0ebbcabc7237d49c4379470a665,/private/tmp/oneD-v2-taylor-peierls-pf-runs-300um/oneD_v2_DBTT_TP/T1100K_seed1008666/anisotropic_emission_audit_v10174.json,60ebe9e2545b2b2b13db6188cfdef684ff70aa036a166171b51881ccc28a3f2e,FULL_ACTIVE_AND_WAKE_SPATIAL_PROFILE_OBSERVER,PF_MODEL_NATIVE_DRIVING_TRAJECTORY_NOT_RESISTANCE
DBTT,KINETIC_FINALIST,oneD_v2_dbtt_TP_6ca03f05fbae34e9,oneD_v2_DBTT_TP,1100.0,1008666,300.0,55,1,594,1552.9486638583978,3.697496818710487e-05,7744314.489860497,15094.511505653656,81.94646555877777,81.94646555877777,81.94646555877777,-0.2074218775623367,27.36231683869647,10915985076.696089,262.02729969907637,279.2579249532601,17.23062525418374,8.969220864445271,0.13736929641254247,8.747687529483292,2.0348579713209528e-08,30082.961797828855,1613.8876588084331,"[5538898808.356516, -5564676259.337651]","[[5713558359.263849, -34486985.151801184], [-34486985.151801184, 14038455453.700449]]","[[[2928451387.9069157, -781031715.0224336], [-781031715.0224336, 14006249004.61995]], [[2867129618.1466465, 736503984.2634075], [736503984.2634075, 13996482136.821949]]]",8391244324699.887,38432932425435.82,26.0,3.413645117689157e-06,8.127727684674804e-14,False,False,/private/tmp/oneD-v2-taylor-peierls-pf-runs-300um/oneD_v2_DBTT_TP/T1100K_seed1008666/steps_1100K.csv,6749ec06b97a22d1cfe02387c2bc74ef5532d0ebbcabc7237d49c4379470a665,/private/tmp/oneD-v2-taylor-peierls-pf-runs-300um/oneD_v2_DBTT_TP/T1100K_seed1008666/anisotropic_emission_audit_v10174.json,60ebe9e2545b2b2b13db6188cfdef684ff70aa036a166171b51881ccc28a3f2e,FULL_ACTIVE_AND_WAKE_SPATIAL_PROFILE_OBSERVER,PF_MODEL_NATIVE_DRIVING_TRAJECTORY_NOT_RESISTANCE
DBTT,KINETIC_FINALIST,oneD_v2_dbtt_TP_6ca03f05fbae34e9,oneD_v2_DBTT_TP,1100.0,1008666,300.0,56,1,604,1552.948667272043,3.697496826838215e-05,7731456.372514604,13999.036413475524,78.91685455091483,78.91685455091483,78.91685455091483,-0.18954775645766064,27.222176254608993,10860077072.503443,279.2579249532601,294.1956478027983,14.93772284953817,8.404151073275301,0.14251377449508776,8.431865114306744,1.8826995077067295e-08,27832.783872590997,1568.843423453336,"[5099599653.2942, -5114871802.43641]","[[4867789621.7117605, -30009724.046499163], [-30009724.046499163, 13196570790.712624]]","[[[3690315933.6280537, -824920622.6060599], [-824920622.6060599, 13889515240.216454]], [[3642544955.9648213, 768515064.9966239], [768515064.9966239, 13872288560.837643]]]",5809322994022.996,26607414756070.95,18.0,2.5200006348313764e-07,6.000008703852672e-15,False,False,/private/tmp/oneD-v2-taylor-peierls-pf-runs-300um/oneD_v2_DBTT_TP/T1100K_seed1008666/steps_1100K.csv,6749ec06b97a22d1cfe02387c2bc74ef5532d0ebbcabc7237d49c4379470a665,/private/tmp/oneD-v2-taylor-peierls-pf-runs-300um/oneD_v2_DBTT_TP/T1100K_seed1008666/anisotropic_emission_audit_v10174.json,60ebe9e2545b2b2b13db6188cfdef684ff70aa036a166171b51881ccc28a3f2e,FULL_ACTIVE_AND_WAKE_SPATIAL_PROFILE_OBSERVER,PF_MODEL_NATIVE_DRIVING_TRAJECTORY_NOT_RESISTANCE
DBTT,KINETIC_FINALIST,oneD_v2_dbtt_TP_6ca03f05fbae34e9,oneD_v2_DBTT_TP,1100.0,1008666,300.0,57,1,607,1552.948667524043,3.697496827438216e-05,7700657.686516144,19898.627625640926,94.08757121646853,94.08757121646853,94.08757121646853,-0.20852097781826145,31.357983419939018,12510025414.340788,294.1956478027983,296.4929878984232,2.2973400956249024,9.002606406647546,0.1370825099731344,8.764553923074084,2.0464995034811608e-08,30252.978786484116,1616.5130656922881,"[5535614129.969131, -5741583392.852513]","[[7922640505.976627, -167855180.2288023], [-167855180.2288023, 16185605467.296362]]","[[[5094102010.358056, -962176760.6698903], [-962176760.6698903, 16165330270.296318]], [[4657877206.590528, 763752496.5907128], [763752496.5907128, 16141043992.295555]]]",3872881996015.33,17738276504047.293,12.0,9.493919606029522e-07,2.2604531094150282e-14,False,False,/private/tmp/oneD-v2-taylor-peierls-pf-runs-300um/oneD_v2_DBTT_TP/T1100K_seed1008666/steps_1100K.csv,6749ec06b97a22d1cfe02387c2bc74ef5532d0ebbcabc7237d49c4379470a665,/private/tmp/oneD-v2-taylor-peierls-pf-runs-300um/oneD_v2_DBTT_TP/T1100K_seed1008666/anisotropic_emission_audit_v10174.json,60ebe9e2545b2b2b13db6188cfdef684ff70aa036a166171b51881ccc28a3f2e,FULL_ACTIVE_AND_WAKE_SPATIAL_PROFILE_OBSERVER,PF_MODEL_NATIVE_DRIVING_TRAJECTORY_NOT_RESISTANCE
DBTT,KINETIC_FINALIST,oneD_v2_dbtt_TP_6ca03f05fbae34e9,oneD_v2_DBTT_TP,1100.0,1008666,300.0,58,1,617,1552.948668473435,3.697496829698669e-05,7698565.718446826,19721.245816424565,93.66727128047367,93.66727128047367,93.66727128047367,-0.2115268856509181,31.094634556292906,12404964418.136683,296.4929878984232,300.64693596292,4.153948064496821,9.074126365036998,0.1364741401914631,8.803468228759922,2.1288997234508293e-08,31471.086541566798,1622.124179602314,"[5391288857.470244, -5602951918.231041]","[[7956256215.502256, -158786469.93773577], [-158786469.93773577, 15257546971.740837]]","[[[4706273489.529596, -778149056.0719627], [-778149056.0719627, 15488851204.470085]], [[4279863916.5764246, 597803920.3146608], [597803920.3146608, 15485767753.038506]]]",1936440998007.665,8869138252023.648,6.0,,,False,True,/private/tmp/oneD-v2-taylor-peierls-pf-runs-300um/oneD_v2_DBTT_TP/T1100K_seed1008666/steps_1100K.csv,6749ec06b97a22d1cfe02387c2bc74ef5532d0ebbcabc7237d49c4379470a665,/private/tmp/oneD-v2-taylor-peierls-pf-runs-300um/oneD_v2_DBTT_TP/T1100K_seed1008666/anisotropic_emission_audit_v10174.json,60ebe9e2545b2b2b13db6188cfdef684ff70aa036a166171b51881ccc28a3f2e,FULL_ACTIVE_AND_WAKE_SPATIAL_PROFILE_OBSERVER,PF_MODEL_NATIVE_DRIVING_TRAJECTORY_NOT_RESISTANCE
