candidate_id,original_1d_selection_role,channel,temperature_K,effective_stress_Pa,effective_barrier_eV,rate_s,observed_stress_min_Pa,observed_stress_max_Pa,stress_free_barrier_eV
v913_zeroD_sobol_0202500,CONTROL,PEIERLS,1100.0,0.0,5.463073386917381,9.338833968041705e-14,0.0,64013903.032715835,5.463073386917381
v913_zeroD_sobol_0202500,CONTROL,PEIERLS,1100.0,400086.89395447396,0.056642376445463626,550156630759.7334,0.0,64013903.032715835,5.463073386917381
v913_zeroD_sobol_0202500,CONTROL,PEIERLS,1100.0,800173.7879089479,0.056642376445463626,550156630759.7334,0.0,64013903.032715835,5.463073386917381
v913_zeroD_sobol_0202500,CONTROL,PEIERLS,1100.0,1200260.6818634218,0.056642376445463626,550156630759.7334,0.0,64013903.032715835,5.463073386917381
v913_zeroD_sobol_0202500,CONTROL,PEIERLS,1100.0,1600347.5758178958,0.056642376445463626,550156630759.7334,0.0,64013903.032715835,5.463073386917381
v913_zeroD_sobol_0202500,CONTROL,PEIERLS,1100.0,2000434.4697723698,0.056642376445463626,550156630759.7334,0.0,64013903.032715835,5.463073386917381
v913_zeroD_sobol_0202500,CONTROL,PEIERLS,1100.0,2400521.3637268436,0.056642376445463626,550156630759.7334,0.0,64013903.032715835,5.463073386917381
v913_zeroD_sobol_0202500,CONTROL,PEIERLS,1100.0,2800608.2576813176,0.056642376445463626,550156630759.7334,0.0,64013903.032715835,5.463073386917381
v913_zeroD_sobol_0202500,CONTROL,PEIERLS,1100.0,3200695.1516357916,0.056642376445463626,550156630759.7334,0.0,64013903.032715835,5.463073386917381
v913_zeroD_sobol_0202500,CONTROL,PEIERLS,1100.0,3600782.0455902657,0.056642376445463626,550156630759.7334,0.0,64013903.032715835,5.463073386917381
v913_zeroD_sobol_0202500,CONTROL,PEIERLS,1100.0,4000868.9395447397,0.056642376445463626,550156630759.7334,0.0,64013903.032715835,5.463073386917381
v913_zeroD_sobol_0202500,CONTROL,PEIERLS,1100.0,4400955.833499214,0.056642376445463626,550156630759.7334,0.0,64013903.032715835,5.463073386917381
v913_zeroD_sobol_0202500,CONTROL,PEIERLS,1100.0,4801042.727453687,0.056642376445463626,550156630759.7334,0.0,64013903.032715835,5.463073386917381
v913_zeroD_sobol_0202500,CONTROL,PEIERLS,1100.0,5201129.621408162,0.056642376445463626,550156630759.7334,0.0,64013903.032715835,5.463073386917381
v913_zeroD_sobol_0202500,CONTROL,PEIERLS,1100.0,5601216.515362635,0.056642376445463626,550156630759.7334,0.0,64013903.032715835,5.463073386917381
v913_zeroD_sobol_0202500,CONTROL,PEIERLS,1100.0,6001303.40931711,0.056642376445463626,550156630759.7334,0.0,64013903.032715835,5.463073386917381
v913_zeroD_sobol_0202500,CONTROL,PEIERLS,1100.0,6401390.303271583,0.056642376445463626,550156630759.7334,0.0,64013903.032715835,5.463073386917381
v913_zeroD_sobol_0202500,CONTROL,PEIERLS,1100.0,6801477.197226057,0.056642376445463626,550156630759.7334,0.0,64013903.032715835,5.463073386917381
v913_zeroD_sobol_0202500,CONTROL,PEIERLS,1100.0,7201564.091180531,0.056642376445463626,550156630759.7334,0.0,64013903.032715835,5.463073386917381
v913_zeroD_sobol_0202500,CONTROL,PEIERLS,1100.0,7601650.985135005,0.056642376445463626,550156630759.7334,0.0,64013903.032715835,5.463073386917381
v913_zeroD_sobol_0202500,CONTROL,PEIERLS,1100.0,8001737.879089479,0.056642376445463626,550156630759.7334,0.0,64013903.032715835,5.463073386917381
v913_zeroD_sobol_0202500,CONTROL,PEIERLS,1100.0,8401824.773043953,0.056642376445463626,550156630759.7334,0.0,64013903.032715835,5.463073386917381
v913_zeroD_sobol_0202500,CONTROL,PEIERLS,1100.0,8801911.666998427,0.056642376445463626,550156630759.7334,0.0,64013903.032715835,5.463073386917381
v913_zeroD_sobol_0202500,CONTROL,PEIERLS,1100.0,9201998.560952902,0.056642376445463626,550156630759.7334,0.0,64013903.032715835,5.463073386917381
v913_zeroD_sobol_0202500,CONTROL,PEIERLS,1100.0,9602085.454907374,0.056642376445463626,550156630759.7334,0.0,64013903.032715835,5.463073386917381
v913_zeroD_sobol_0202500,CONTROL,PEIERLS,1100.0,10002172.348861849,0.056642376445463626,550156630759.7334,0.0,64013903.032715835,5.463073386917381
v913_zeroD_sobol_0202500,CONTROL,PEIERLS,1100.0,10402259.242816323,0.056642376445463626,550156630759.7334,0.0,64013903.032715835,5.463073386917381
v913_zeroD_sobol_0202500,CONTROL,PEIERLS,1100.0,10802346.136770796,0.056642376445463626,550156630759.7334,0.0,64013903.032715835,5.463073386917381
v913_zeroD_sobol_0202500,CONTROL,PEIERLS,1100.0,11202433.03072527,0.056642376445463626,550156630759.7334,0.0,64013903.032715835,5.463073386917381
v913_zeroD_sobol_0202500,CONTROL,PEIERLS,1100.0,11602519.924679745,0.056642376445463626,550156630759.7334,0.0,64013903.032715835,5.463073386917381
v913_zeroD_sobol_0202500,CONTROL,PEIERLS,1100.0,12002606.81863422,0.056642376445463626,550156630759.7334,0.0,64013903.032715835,5.463073386917381
v913_zeroD_sobol_0202500,CONTROL,PEIERLS,1100.0,12402693.712588692,0.056642376445463626,550156630759.7334,0.0,64013903.032715835,5.463073386917381
v913_zeroD_sobol_0202500,CONTROL,PEIERLS,1100.0,12802780.606543167,0.056642376445463626,550156630759.7334,0.0,64013903.032715835,5.463073386917381
v913_zeroD_sobol_0202500,CONTROL,PEIERLS,1100.0,13202867.500497641,0.056642376445463626,550156630759.7334,0.0,64013903.032715835,5.463073386917381
v913_zeroD_sobol_0202500,CONTROL,PEIERLS,1100.0,13602954.394452114,0.056642376445463626,550156630759.7334,0.0,64013903.032715835,5.463073386917381
v913_zeroD_sobol_0202500,CONTROL,PEIERLS,1100.0,14003041.288406588,0.056642376445463626,550156630759.7334,0.0,64013903.032715835,5.463073386917381
v913_zeroD_sobol_0202500,CONTROL,PEIERLS,1100.0,14403128.182361063,0.056642376445463626,550156630759.7334,0.0,64013903.032715835,5.463073386917381
v913_zeroD_sobol_0202500,CONTROL,PEIERLS,1100.0,14803215.076315537,0.056642376445463626,550156630759.7334,0.0,64013903.032715835,5.463073386917381
v913_zeroD_sobol_0202500,CONTROL,PEIERLS,1100.0,15203301.97027001,0.056642376445463626,550156630759.7334,0.0,64013903.032715835,5.463073386917381
v913_zeroD_sobol_0202500,CONTROL,PEIERLS,1100.0,15603388.864224484,0.056642376445463626,550156630759.7334,0.0,64013903.032715835,5.463073386917381
v913_zeroD_sobol_0202500,CONTROL,PEIERLS,1100.0,16003475.758178959,0.056642376445463626,550156630759.7334,0.0,64013903.032715835,5.463073386917381
v913_zeroD_sobol_0202500,CONTROL,PEIERLS,1100.0,16403562.652133431,0.056642376445463626,550156630759.7334,0.0,64013903.032715835,5.463073386917381
v913_zeroD_sobol_0202500,CONTROL,PEIERLS,1100.0,16803649.546087906,0.056642376445463626,550156630759.7334,0.0,64013903.032715835,5.463073386917381
v913_zeroD_sobol_0202500,CONTROL,PEIERLS,1100.0,17203736.44004238,0.056642376445463626,550156630759.7334,0.0,64013903.032715835,5.463073386917381
v913_zeroD_sobol_0202500,CONTROL,PEIERLS,1100.0,17603823.333996855,0.056642376445463626,550156630759.7334,0.0,64013903.032715835,5.463073386917381
v913_zeroD_sobol_0202500,CONTROL,PEIERLS,1100.0,18003910.22795133,0.056642376445463626,550156630759.7334,0.0,64013903.032715835,5.463073386917381
v913_zeroD_sobol_0202500,CONTROL,PEIERLS,1100.0,18403997.121905804,0.056642376445463626,550156630759.7334,0.0,64013903.032715835,5.463073386917381
v913_zeroD_sobol_0202500,CONTROL,PEIERLS,1100.0,18804084.015860274,0.056642376445463626,550156630759.7334,0.0,64013903.032715835,5.463073386917381
v913_zeroD_sobol_0202500,CONTROL,PEIERLS,1100.0,19204170.90981475,0.056642376445463626,550156630759.7334,0.0,64013903.032715835,5.463073386917381
v913_zeroD_sobol_0202500,CONTROL,PEIERLS,1100.0,19604257.803769223,0.056642376445463626,550156630759.7334,0.0,64013903.032715835,5.463073386917381
v913_zeroD_sobol_0202500,CONTROL,PEIERLS,1100.0,20004344.697723698,0.056642376445463626,550156630759.7334,0.0,64013903.032715835,5.463073386917381
v913_zeroD_sobol_0202500,CONTROL,PEIERLS,1100.0,20404431.591678172,0.056642376445463626,550156630759.7334,0.0,64013903.032715835,5.463073386917381
v913_zeroD_sobol_0202500,CONTROL,PEIERLS,1100.0,20804518.485632647,0.056642376445463626,550156630759.7334,0.0,64013903.032715835,5.463073386917381
v913_zeroD_sobol_0202500,CONTROL,PEIERLS,1100.0,21204605.37958712,0.056642376445463626,550156630759.7334,0.0,64013903.032715835,5.463073386917381
v913_zeroD_sobol_0202500,CONTROL,PEIERLS,1100.0,21604692.273541592,0.056642376445463626,550156630759.7334,0.0,64013903.032715835,5.463073386917381
v913_zeroD_sobol_0202500,CONTROL,PEIERLS,1100.0,22004779.167496067,0.056642376445463626,550156630759.7334,0.0,64013903.032715835,5.463073386917381
v913_zeroD_sobol_0202500,CONTROL,PEIERLS,1100.0,22404866.06145054,0.056642376445463626,550156630759.7334,0.0,64013903.032715835,5.463073386917381
v913_zeroD_sobol_0202500,CONTROL,PEIERLS,1100.0,22804952.955405015,0.056642376445463626,550156630759.7334,0.0,64013903.032715835,5.463073386917381
v913_zeroD_sobol_0202500,CONTROL,PEIERLS,1100.0,23205039.84935949,0.056642376445463626,550156630759.7334,0.0,64013903.032715835,5.463073386917381
v913_zeroD_sobol_0202500,CONTROL,PEIERLS,1100.0,23605126.743313964,0.056642376445463626,550156630759.7334,0.0,64013903.032715835,5.463073386917381
v913_zeroD_sobol_0202500,CONTROL,PEIERLS,1100.0,24005213.63726844,0.056642376445463626,550156630759.7334,0.0,64013903.032715835,5.463073386917381
v913_zeroD_sobol_0202500,CONTROL,PEIERLS,1100.0,24405300.53122291,0.056642376445463626,550156630759.7334,0.0,64013903.032715835,5.463073386917381
v913_zeroD_sobol_0202500,CONTROL,PEIERLS,1100.0,24805387.425177384,0.056642376445463626,550156630759.7334,0.0,64013903.032715835,5.463073386917381
v913_zeroD_sobol_0202500,CONTROL,PEIERLS,1100.0,25205474.31913186,0.056642376445463626,550156630759.7334,0.0,64013903.032715835,5.463073386917381
v913_zeroD_sobol_0202500,CONTROL,PEIERLS,1100.0,25605561.213086333,0.056642376445463626,550156630759.7334,0.0,64013903.032715835,5.463073386917381
v913_zeroD_sobol_0202500,CONTROL,PEIERLS,1100.0,26005648.107040808,0.056642376445463626,550156630759.7334,0.0,64013903.032715835,5.463073386917381
v913_zeroD_sobol_0202500,CONTROL,PEIERLS,1100.0,26405735.000995282,0.056642376445463626,550156630759.7334,0.0,64013903.032715835,5.463073386917381
v913_zeroD_sobol_0202500,CONTROL,PEIERLS,1100.0,26805821.894949757,0.056642376445463626,550156630759.7334,0.0,64013903.032715835,5.463073386917381
v913_zeroD_sobol_0202500,CONTROL,PEIERLS,1100.0,27205908.788904227,0.056642376445463626,550156630759.7334,0.0,64013903.032715835,5.463073386917381
v913_zeroD_sobol_0202500,CONTROL,PEIERLS,1100.0,27605995.6828587,0.056642376445463626,550156630759.7334,0.0,64013903.032715835,5.463073386917381
v913_zeroD_sobol_0202500,CONTROL,PEIERLS,1100.0,28006082.576813176,0.056642376445463626,550156630759.7334,0.0,64013903.032715835,5.463073386917381
v913_zeroD_sobol_0202500,CONTROL,PEIERLS,1100.0,28406169.47076765,0.056642376445463626,550156630759.7334,0.0,64013903.032715835,5.463073386917381
v913_zeroD_sobol_0202500,CONTROL,PEIERLS,1100.0,28806256.364722125,0.056642376445463626,550156630759.7334,0.0,64013903.032715835,5.463073386917381
v913_zeroD_sobol_0202500,CONTROL,PEIERLS,1100.0,29206343.2586766,0.056642376445463626,550156630759.7334,0.0,64013903.032715835,5.463073386917381
v913_zeroD_sobol_0202500,CONTROL,PEIERLS,1100.0,29606430.152631074,0.056642376445463626,550156630759.7334,0.0,64013903.032715835,5.463073386917381
v913_zeroD_sobol_0202500,CONTROL,PEIERLS,1100.0,30006517.046585545,0.056642376445463626,550156630759.7334,0.0,64013903.032715835,5.463073386917381
v913_zeroD_sobol_0202500,CONTROL,PEIERLS,1100.0,30406603.94054002,0.056642376445463626,550156630759.7334,0.0,64013903.032715835,5.463073386917381
v913_zeroD_sobol_0202500,CONTROL,PEIERLS,1100.0,30806690.834494494,0.056642376445463626,550156630759.7334,0.0,64013903.032715835,5.463073386917381
v913_zeroD_sobol_0202500,CONTROL,PEIERLS,1100.0,31206777.72844897,0.056642376445463626,550156630759.7334,0.0,64013903.032715835,5.463073386917381
v913_zeroD_sobol_0202500,CONTROL,PEIERLS,1100.0,31606864.622403443,0.056642376445463626,550156630759.7334,0.0,64013903.032715835,5.463073386917381
v913_zeroD_sobol_0202500,CONTROL,PEIERLS,1100.0,32006951.516357917,0.056642376445463626,550156630759.7334,0.0,64013903.032715835,5.463073386917381
v913_zeroD_sobol_0202500,CONTROL,PEIERLS,1100.0,32407038.41031239,0.056642376445463626,550156630759.7334,0.0,64013903.032715835,5.463073386917381
v913_zeroD_sobol_0202500,CONTROL,PEIERLS,1100.0,32807125.304266863,0.056642376445463626,550156630759.7334,0.0,64013903.032715835,5.463073386917381
v913_zeroD_sobol_0202500,CONTROL,PEIERLS,1100.0,33207212.198221337,0.056642376445463626,550156630759.7334,0.0,64013903.032715835,5.463073386917381
v913_zeroD_sobol_0202500,CONTROL,PEIERLS,1100.0,33607299.09217581,0.056642376445463626,550156630759.7334,0.0,64013903.032715835,5.463073386917381
v913_zeroD_sobol_0202500,CONTROL,PEIERLS,1100.0,34007385.98613029,0.056642376445463626,550156630759.7334,0.0,64013903.032715835,5.463073386917381
v913_zeroD_sobol_0202500,CONTROL,PEIERLS,1100.0,34407472.88008476,0.056642376445463626,550156630759.7334,0.0,64013903.032715835,5.463073386917381
v913_zeroD_sobol_0202500,CONTROL,PEIERLS,1100.0,34807559.77403923,0.056642376445463626,550156630759.7334,0.0,64013903.032715835,5.463073386917381
v913_zeroD_sobol_0202500,CONTROL,PEIERLS,1100.0,35207646.66799371,0.056642376445463626,550156630759.7334,0.0,64013903.032715835,5.463073386917381
v913_zeroD_sobol_0202500,CONTROL,PEIERLS,1100.0,35607733.56194818,0.056642376445463626,550156630759.7334,0.0,64013903.032715835,5.463073386917381
v913_zeroD_sobol_0202500,CONTROL,PEIERLS,1100.0,36007820.45590266,0.056642376445463626,550156630759.7334,0.0,64013903.032715835,5.463073386917381
v913_zeroD_sobol_0202500,CONTROL,PEIERLS,1100.0,36407907.34985713,0.056642376445463626,550156630759.7334,0.0,64013903.032715835,5.463073386917381
v913_zeroD_sobol_0202500,CONTROL,PEIERLS,1100.0,36807994.24381161,0.056642376445463626,550156630759.7334,0.0,64013903.032715835,5.463073386917381
v913_zeroD_sobol_0202500,CONTROL,PEIERLS,1100.0,37208081.13776608,0.056642376445463626,550156630759.7334,0.0,64013903.032715835,5.463073386917381
v913_zeroD_sobol_0202500,CONTROL,PEIERLS,1100.0,37608168.03172055,0.056642376445463626,550156630759.7334,0.0,64013903.032715835,5.463073386917381
v913_zeroD_sobol_0202500,CONTROL,PEIERLS,1100.0,38008254.92567503,0.056642376445463626,550156630759.7334,0.0,64013903.032715835,5.463073386917381
v913_zeroD_sobol_0202500,CONTROL,PEIERLS,1100.0,38408341.8196295,0.056642376445463626,550156630759.7334,0.0,64013903.032715835,5.463073386917381
v913_zeroD_sobol_0202500,CONTROL,PEIERLS,1100.0,38808428.713583976,0.056642376445463626,550156630759.7334,0.0,64013903.032715835,5.463073386917381
v913_zeroD_sobol_0202500,CONTROL,PEIERLS,1100.0,39208515.60753845,0.056642376445463626,550156630759.7334,0.0,64013903.032715835,5.463073386917381
v913_zeroD_sobol_0202500,CONTROL,PEIERLS,1100.0,39608602.501492925,0.056642376445463626,550156630759.7334,0.0,64013903.032715835,5.463073386917381
v913_zeroD_sobol_0202500,CONTROL,PEIERLS,1100.0,40008689.395447396,0.056642376445463626,550156630759.7334,0.0,64013903.032715835,5.463073386917381
v913_zeroD_sobol_0202500,CONTROL,PEIERLS,1100.0,40408776.28940187,0.056642376445463626,550156630759.7334,0.0,64013903.032715835,5.463073386917381
v913_zeroD_sobol_0202500,CONTROL,PEIERLS,1100.0,40808863.183356345,0.056642376445463626,550156630759.7334,0.0,64013903.032715835,5.463073386917381
v913_zeroD_sobol_0202500,CONTROL,PEIERLS,1100.0,41208950.077310815,0.056642376445463626,550156630759.7334,0.0,64013903.032715835,5.463073386917381
v913_zeroD_sobol_0202500,CONTROL,PEIERLS,1100.0,41609036.97126529,0.056642376445463626,550156630759.7334,0.0,64013903.032715835,5.463073386917381
v913_zeroD_sobol_0202500,CONTROL,PEIERLS,1100.0,42009123.865219764,0.056642376445463626,550156630759.7334,0.0,64013903.032715835,5.463073386917381
v913_zeroD_sobol_0202500,CONTROL,PEIERLS,1100.0,42409210.75917424,0.056642376445463626,550156630759.7334,0.0,64013903.032715835,5.463073386917381
v913_zeroD_sobol_0202500,CONTROL,PEIERLS,1100.0,42809297.65312871,0.056642376445463626,550156630759.7334,0.0,64013903.032715835,5.463073386917381
v913_zeroD_sobol_0202500,CONTROL,PEIERLS,1100.0,43209384.547083184,0.056642376445463626,550156630759.7334,0.0,64013903.032715835,5.463073386917381
v913_zeroD_sobol_0202500,CONTROL,PEIERLS,1100.0,43609471.44103766,0.056642376445463626,550156630759.7334,0.0,64013903.032715835,5.463073386917381
v913_zeroD_sobol_0202500,CONTROL,PEIERLS,1100.0,44009558.33499213,0.056642376445463626,550156630759.7334,0.0,64013903.032715835,5.463073386917381
v913_zeroD_sobol_0202500,CONTROL,PEIERLS,1100.0,44409645.22894661,0.056642376445463626,550156630759.7334,0.0,64013903.032715835,5.463073386917381
v913_zeroD_sobol_0202500,CONTROL,PEIERLS,1100.0,44809732.12290108,0.056642376445463626,550156630759.7334,0.0,64013903.032715835,5.463073386917381
v913_zeroD_sobol_0202500,CONTROL,PEIERLS,1100.0,45209819.01685556,0.056642376445463626,550156630759.7334,0.0,64013903.032715835,5.463073386917381
v913_zeroD_sobol_0202500,CONTROL,PEIERLS,1100.0,45609905.91081003,0.056642376445463626,550156630759.7334,0.0,64013903.032715835,5.463073386917381
v913_zeroD_sobol_0202500,CONTROL,PEIERLS,1100.0,46009992.8047645,0.056642376445463626,550156630759.7334,0.0,64013903.032715835,5.463073386917381
v913_zeroD_sobol_0202500,CONTROL,PEIERLS,1100.0,46410079.69871898,0.056642376445463626,550156630759.7334,0.0,64013903.032715835,5.463073386917381
v913_zeroD_sobol_0202500,CONTROL,PEIERLS,1100.0,46810166.59267345,0.056642376445463626,550156630759.7334,0.0,64013903.032715835,5.463073386917381
v913_zeroD_sobol_0202500,CONTROL,PEIERLS,1100.0,47210253.48662793,0.056642376445463626,550156630759.7334,0.0,64013903.032715835,5.463073386917381
v913_zeroD_sobol_0202500,CONTROL,PEIERLS,1100.0,47610340.3805824,0.056642376445463626,550156630759.7334,0.0,64013903.032715835,5.463073386917381
v913_zeroD_sobol_0202500,CONTROL,PEIERLS,1100.0,48010427.27453688,0.056642376445463626,550156630759.7334,0.0,64013903.032715835,5.463073386917381
v913_zeroD_sobol_0202500,CONTROL,PEIERLS,1100.0,48410514.16849135,0.056642376445463626,550156630759.7334,0.0,64013903.032715835,5.463073386917381
v913_zeroD_sobol_0202500,CONTROL,PEIERLS,1100.0,48810601.06244582,0.056642376445463626,550156630759.7334,0.0,64013903.032715835,5.463073386917381
v913_zeroD_sobol_0202500,CONTROL,PEIERLS,1100.0,49210687.9564003,0.056642376445463626,550156630759.7334,0.0,64013903.032715835,5.463073386917381
v913_zeroD_sobol_0202500,CONTROL,PEIERLS,1100.0,49610774.85035477,0.056642376445463626,550156630759.7334,0.0,64013903.032715835,5.463073386917381
v913_zeroD_sobol_0202500,CONTROL,PEIERLS,1100.0,50010861.74430925,0.056642376445463626,550156630759.7334,0.0,64013903.032715835,5.463073386917381
v913_zeroD_sobol_0202500,CONTROL,PEIERLS,1100.0,50410948.63826372,0.056642376445463626,550156630759.7334,0.0,64013903.032715835,5.463073386917381
v913_zeroD_sobol_0202500,CONTROL,PEIERLS,1100.0,50811035.532218195,0.056642376445463626,550156630759.7334,0.0,64013903.032715835,5.463073386917381
v913_zeroD_sobol_0202500,CONTROL,PEIERLS,1100.0,51211122.426172666,0.056642376445463626,550156630759.7334,0.0,64013903.032715835,5.463073386917381
v913_zeroD_sobol_0202500,CONTROL,PEIERLS,1100.0,51611209.32012714,0.056642376445463626,550156630759.7334,0.0,64013903.032715835,5.463073386917381
v913_zeroD_sobol_0202500,CONTROL,PEIERLS,1100.0,52011296.214081615,0.056642376445463626,550156630759.7334,0.0,64013903.032715835,5.463073386917381
v913_zeroD_sobol_0202500,CONTROL,PEIERLS,1100.0,52411383.108036086,0.056642376445463626,550156630759.7334,0.0,64013903.032715835,5.463073386917381
v913_zeroD_sobol_0202500,CONTROL,PEIERLS,1100.0,52811470.001990564,0.056642376445463626,550156630759.7334,0.0,64013903.032715835,5.463073386917381
v913_zeroD_sobol_0202500,CONTROL,PEIERLS,1100.0,53211556.895945035,0.056642376445463626,550156630759.7334,0.0,64013903.032715835,5.463073386917381
v913_zeroD_sobol_0202500,CONTROL,PEIERLS,1100.0,53611643.78989951,0.056642376445463626,550156630759.7334,0.0,64013903.032715835,5.463073386917381
v913_zeroD_sobol_0202500,CONTROL,PEIERLS,1100.0,54011730.683853984,0.056642376445463626,550156630759.7334,0.0,64013903.032715835,5.463073386917381
v913_zeroD_sobol_0202500,CONTROL,PEIERLS,1100.0,54411817.577808455,0.056642376445463626,550156630759.7334,0.0,64013903.032715835,5.463073386917381
v913_zeroD_sobol_0202500,CONTROL,PEIERLS,1100.0,54811904.47176293,0.056642376445463626,550156630759.7334,0.0,64013903.032715835,5.463073386917381
v913_zeroD_sobol_0202500,CONTROL,PEIERLS,1100.0,55211991.3657174,0.056642376445463626,550156630759.7334,0.0,64013903.032715835,5.463073386917381
v913_zeroD_sobol_0202500,CONTROL,PEIERLS,1100.0,55612078.25967188,0.056642376445463626,550156630759.7334,0.0,64013903.032715835,5.463073386917381
v913_zeroD_sobol_0202500,CONTROL,PEIERLS,1100.0,56012165.15362635,0.056642376445463626,550156630759.7334,0.0,64013903.032715835,5.463073386917381
v913_zeroD_sobol_0202500,CONTROL,PEIERLS,1100.0,56412252.04758083,0.056642376445463626,550156630759.7334,0.0,64013903.032715835,5.463073386917381
v913_zeroD_sobol_0202500,CONTROL,PEIERLS,1100.0,56812338.9415353,0.056642376445463626,550156630759.7334,0.0,64013903.032715835,5.463073386917381
v913_zeroD_sobol_0202500,CONTROL,PEIERLS,1100.0,57212425.83548977,0.056642376445463626,550156630759.7334,0.0,64013903.032715835,5.463073386917381
v913_zeroD_sobol_0202500,CONTROL,PEIERLS,1100.0,57612512.72944425,0.056642376445463626,550156630759.7334,0.0,64013903.032715835,5.463073386917381
v913_zeroD_sobol_0202500,CONTROL,PEIERLS,1100.0,58012599.62339872,0.056642376445463626,550156630759.7334,0.0,64013903.032715835,5.463073386917381
v913_zeroD_sobol_0202500,CONTROL,PEIERLS,1100.0,58412686.5173532,0.056642376445463626,550156630759.7334,0.0,64013903.032715835,5.463073386917381
v913_zeroD_sobol_0202500,CONTROL,PEIERLS,1100.0,58812773.41130767,0.056642376445463626,550156630759.7334,0.0,64013903.032715835,5.463073386917381
v913_zeroD_sobol_0202500,CONTROL,PEIERLS,1100.0,59212860.30526215,0.056642376445463626,550156630759.7334,0.0,64013903.032715835,5.463073386917381
v913_zeroD_sobol_0202500,CONTROL,PEIERLS,1100.0,59612947.19921662,0.056642376445463626,550156630759.7334,0.0,64013903.032715835,5.463073386917381
v913_zeroD_sobol_0202500,CONTROL,PEIERLS,1100.0,60013034.09317109,0.056642376445463626,550156630759.7334,0.0,64013903.032715835,5.463073386917381
v913_zeroD_sobol_0202500,CONTROL,PEIERLS,1100.0,60413120.98712557,0.056642376445463626,550156630759.7334,0.0,64013903.032715835,5.463073386917381
v913_zeroD_sobol_0202500,CONTROL,PEIERLS,1100.0,60813207.88108004,0.056642376445463626,550156630759.7334,0.0,64013903.032715835,5.463073386917381
v913_zeroD_sobol_0202500,CONTROL,PEIERLS,1100.0,61213294.77503452,0.056642376445463626,550156630759.7334,0.0,64013903.032715835,5.463073386917381
v913_zeroD_sobol_0202500,CONTROL,PEIERLS,1100.0,61613381.66898899,0.056642376445463626,550156630759.7334,0.0,64013903.032715835,5.463073386917381
v913_zeroD_sobol_0202500,CONTROL,PEIERLS,1100.0,62013468.562943466,0.056642376445463626,550156630759.7334,0.0,64013903.032715835,5.463073386917381
v913_zeroD_sobol_0202500,CONTROL,PEIERLS,1100.0,62413555.45689794,0.056642376445463626,550156630759.7334,0.0,64013903.032715835,5.463073386917381
v913_zeroD_sobol_0202500,CONTROL,PEIERLS,1100.0,62813642.35085241,0.056642376445463626,550156630759.7334,0.0,64013903.032715835,5.463073386917381
v913_zeroD_sobol_0202500,CONTROL,PEIERLS,1100.0,63213729.244806886,0.056642376445463626,550156630759.7334,0.0,64013903.032715835,5.463073386917381
v913_zeroD_sobol_0202500,CONTROL,PEIERLS,1100.0,63613816.13876136,0.056642376445463626,550156630759.7334,0.0,64013903.032715835,5.463073386917381
v913_zeroD_sobol_0202500,CONTROL,PEIERLS,1100.0,64013903.032715835,0.056642376445463626,550156630759.7334,0.0,64013903.032715835,5.463073386917381
v913_zeroD_sobol_0202500,CONTROL,TAYLOR_COMPLETION_SINGLE_HIT,1100.0,0.0,1e-12,99999999998.94504,0.0,27281799321.851845,1e-12
v913_zeroD_sobol_0202500,CONTROL,TAYLOR_COMPLETION_SINGLE_HIT,1100.0,170511245.76157403,9.5e-13,99999999998.99779,0.0,27281799321.851845,1e-12
v913_zeroD_sobol_0202500,CONTROL,TAYLOR_COMPLETION_SINGLE_HIT,1100.0,341022491.52314806,9.5e-13,99999999998.99779,0.0,27281799321.851845,1e-12
v913_zeroD_sobol_0202500,CONTROL,TAYLOR_COMPLETION_SINGLE_HIT,1100.0,511533737.2847221,9.5e-13,99999999998.99779,0.0,27281799321.851845,1e-12
v913_zeroD_sobol_0202500,CONTROL,TAYLOR_COMPLETION_SINGLE_HIT,1100.0,682044983.0462961,9.5e-13,99999999998.99779,0.0,27281799321.851845,1e-12
v913_zeroD_sobol_0202500,CONTROL,TAYLOR_COMPLETION_SINGLE_HIT,1100.0,852556228.8078701,9.5e-13,99999999998.99779,0.0,27281799321.851845,1e-12
v913_zeroD_sobol_0202500,CONTROL,TAYLOR_COMPLETION_SINGLE_HIT,1100.0,1023067474.5694442,9.5e-13,99999999998.99779,0.0,27281799321.851845,1e-12
v913_zeroD_sobol_0202500,CONTROL,TAYLOR_COMPLETION_SINGLE_HIT,1100.0,1193578720.3310182,9.5e-13,99999999998.99779,0.0,27281799321.851845,1e-12
v913_zeroD_sobol_0202500,CONTROL,TAYLOR_COMPLETION_SINGLE_HIT,1100.0,1364089966.0925922,9.5e-13,99999999998.99779,0.0,27281799321.851845,1e-12
v913_zeroD_sobol_0202500,CONTROL,TAYLOR_COMPLETION_SINGLE_HIT,1100.0,1534601211.8541663,9.5e-13,99999999998.99779,0.0,27281799321.851845,1e-12
v913_zeroD_sobol_0202500,CONTROL,TAYLOR_COMPLETION_SINGLE_HIT,1100.0,1705112457.6157403,9.5e-13,99999999998.99779,0.0,27281799321.851845,1e-12
v913_zeroD_sobol_0202500,CONTROL,TAYLOR_COMPLETION_SINGLE_HIT,1100.0,1875623703.3773143,9.5e-13,99999999998.99779,0.0,27281799321.851845,1e-12
v913_zeroD_sobol_0202500,CONTROL,TAYLOR_COMPLETION_SINGLE_HIT,1100.0,2046134949.1388884,9.5e-13,99999999998.99779,0.0,27281799321.851845,1e-12
v913_zeroD_sobol_0202500,CONTROL,TAYLOR_COMPLETION_SINGLE_HIT,1100.0,2216646194.900462,9.5e-13,99999999998.99779,0.0,27281799321.851845,1e-12
v913_zeroD_sobol_0202500,CONTROL,TAYLOR_COMPLETION_SINGLE_HIT,1100.0,2387157440.6620364,9.5e-13,99999999998.99779,0.0,27281799321.851845,1e-12
v913_zeroD_sobol_0202500,CONTROL,TAYLOR_COMPLETION_SINGLE_HIT,1100.0,2557668686.4236107,9.5e-13,99999999998.99779,0.0,27281799321.851845,1e-12
v913_zeroD_sobol_0202500,CONTROL,TAYLOR_COMPLETION_SINGLE_HIT,1100.0,2728179932.1851845,9.5e-13,99999999998.99779,0.0,27281799321.851845,1e-12
v913_zeroD_sobol_0202500,CONTROL,TAYLOR_COMPLETION_SINGLE_HIT,1100.0,2898691177.9467583,9.5e-13,99999999998.99779,0.0,27281799321.851845,1e-12
v913_zeroD_sobol_0202500,CONTROL,TAYLOR_COMPLETION_SINGLE_HIT,1100.0,3069202423.7083325,9.5e-13,99999999998.99779,0.0,27281799321.851845,1e-12
v913_zeroD_sobol_0202500,CONTROL,TAYLOR_COMPLETION_SINGLE_HIT,1100.0,3239713669.469907,9.5e-13,99999999998.99779,0.0,27281799321.851845,1e-12
v913_zeroD_sobol_0202500,CONTROL,TAYLOR_COMPLETION_SINGLE_HIT,1100.0,3410224915.2314806,9.5e-13,99999999998.99779,0.0,27281799321.851845,1e-12
v913_zeroD_sobol_0202500,CONTROL,TAYLOR_COMPLETION_SINGLE_HIT,1100.0,3580736160.9930544,9.5e-13,99999999998.99779,0.0,27281799321.851845,1e-12
v913_zeroD_sobol_0202500,CONTROL,TAYLOR_COMPLETION_SINGLE_HIT,1100.0,3751247406.7546287,9.5e-13,99999999998.99779,0.0,27281799321.851845,1e-12
v913_zeroD_sobol_0202500,CONTROL,TAYLOR_COMPLETION_SINGLE_HIT,1100.0,3921758652.516203,9.5e-13,99999999998.99779,0.0,27281799321.851845,1e-12
v913_zeroD_sobol_0202500,CONTROL,TAYLOR_COMPLETION_SINGLE_HIT,1100.0,4092269898.2777767,9.5e-13,99999999998.99779,0.0,27281799321.851845,1e-12
v913_zeroD_sobol_0202500,CONTROL,TAYLOR_COMPLETION_SINGLE_HIT,1100.0,4262781144.0393505,9.5e-13,99999999998.99779,0.0,27281799321.851845,1e-12
v913_zeroD_sobol_0202500,CONTROL,TAYLOR_COMPLETION_SINGLE_HIT,1100.0,4433292389.800924,9.5e-13,99999999998.99779,0.0,27281799321.851845,1e-12
v913_zeroD_sobol_0202500,CONTROL,TAYLOR_COMPLETION_SINGLE_HIT,1100.0,4603803635.562499,9.5e-13,99999999998.99779,0.0,27281799321.851845,1e-12
v913_zeroD_sobol_0202500,CONTROL,TAYLOR_COMPLETION_SINGLE_HIT,1100.0,4774314881.324073,9.5e-13,99999999998.99779,0.0,27281799321.851845,1e-12
v913_zeroD_sobol_0202500,CONTROL,TAYLOR_COMPLETION_SINGLE_HIT,1100.0,4944826127.085647,9.5e-13,99999999998.99779,0.0,27281799321.851845,1e-12
v913_zeroD_sobol_0202500,CONTROL,TAYLOR_COMPLETION_SINGLE_HIT,1100.0,5115337372.847221,9.5e-13,99999999998.99779,0.0,27281799321.851845,1e-12
v913_zeroD_sobol_0202500,CONTROL,TAYLOR_COMPLETION_SINGLE_HIT,1100.0,5285848618.608795,9.5e-13,99999999998.99779,0.0,27281799321.851845,1e-12
v913_zeroD_sobol_0202500,CONTROL,TAYLOR_COMPLETION_SINGLE_HIT,1100.0,5456359864.370369,9.5e-13,99999999998.99779,0.0,27281799321.851845,1e-12
v913_zeroD_sobol_0202500,CONTROL,TAYLOR_COMPLETION_SINGLE_HIT,1100.0,5626871110.131943,9.5e-13,99999999998.99779,0.0,27281799321.851845,1e-12
v913_zeroD_sobol_0202500,CONTROL,TAYLOR_COMPLETION_SINGLE_HIT,1100.0,5797382355.893517,9.5e-13,99999999998.99779,0.0,27281799321.851845,1e-12
v913_zeroD_sobol_0202500,CONTROL,TAYLOR_COMPLETION_SINGLE_HIT,1100.0,5967893601.655091,9.5e-13,99999999998.99779,0.0,27281799321.851845,1e-12
v913_zeroD_sobol_0202500,CONTROL,TAYLOR_COMPLETION_SINGLE_HIT,1100.0,6138404847.416665,9.5e-13,99999999998.99779,0.0,27281799321.851845,1e-12
v913_zeroD_sobol_0202500,CONTROL,TAYLOR_COMPLETION_SINGLE_HIT,1100.0,6308916093.178239,9.5e-13,99999999998.99779,0.0,27281799321.851845,1e-12
v913_zeroD_sobol_0202500,CONTROL,TAYLOR_COMPLETION_SINGLE_HIT,1100.0,6479427338.939814,9.5e-13,99999999998.99779,0.0,27281799321.851845,1e-12
v913_zeroD_sobol_0202500,CONTROL,TAYLOR_COMPLETION_SINGLE_HIT,1100.0,6649938584.701387,9.5e-13,99999999998.99779,0.0,27281799321.851845,1e-12
v913_zeroD_sobol_0202500,CONTROL,TAYLOR_COMPLETION_SINGLE_HIT,1100.0,6820449830.462961,9.5e-13,99999999998.99779,0.0,27281799321.851845,1e-12
v913_zeroD_sobol_0202500,CONTROL,TAYLOR_COMPLETION_SINGLE_HIT,1100.0,6990961076.224535,9.5e-13,99999999998.99779,0.0,27281799321.851845,1e-12
v913_zeroD_sobol_0202500,CONTROL,TAYLOR_COMPLETION_SINGLE_HIT,1100.0,7161472321.986109,9.5e-13,99999999998.99779,0.0,27281799321.851845,1e-12
v913_zeroD_sobol_0202500,CONTROL,TAYLOR_COMPLETION_SINGLE_HIT,1100.0,7331983567.747684,9.5e-13,99999999998.99779,0.0,27281799321.851845,1e-12
v913_zeroD_sobol_0202500,CONTROL,TAYLOR_COMPLETION_SINGLE_HIT,1100.0,7502494813.509257,9.5e-13,99999999998.99779,0.0,27281799321.851845,1e-12
v913_zeroD_sobol_0202500,CONTROL,TAYLOR_COMPLETION_SINGLE_HIT,1100.0,7673006059.270831,9.5e-13,99999999998.99779,0.0,27281799321.851845,1e-12
v913_zeroD_sobol_0202500,CONTROL,TAYLOR_COMPLETION_SINGLE_HIT,1100.0,7843517305.032406,9.5e-13,99999999998.99779,0.0,27281799321.851845,1e-12
v913_zeroD_sobol_0202500,CONTROL,TAYLOR_COMPLETION_SINGLE_HIT,1100.0,8014028550.79398,9.5e-13,99999999998.99779,0.0,27281799321.851845,1e-12
v913_zeroD_sobol_0202500,CONTROL,TAYLOR_COMPLETION_SINGLE_HIT,1100.0,8184539796.555553,9.5e-13,99999999998.99779,0.0,27281799321.851845,1e-12
v913_zeroD_sobol_0202500,CONTROL,TAYLOR_COMPLETION_SINGLE_HIT,1100.0,8355051042.317127,9.5e-13,99999999998.99779,0.0,27281799321.851845,1e-12
v913_zeroD_sobol_0202500,CONTROL,TAYLOR_COMPLETION_SINGLE_HIT,1100.0,8525562288.078701,9.5e-13,99999999998.99779,0.0,27281799321.851845,1e-12
v913_zeroD_sobol_0202500,CONTROL,TAYLOR_COMPLETION_SINGLE_HIT,1100.0,8696073533.840275,9.5e-13,99999999998.99779,0.0,27281799321.851845,1e-12
v913_zeroD_sobol_0202500,CONTROL,TAYLOR_COMPLETION_SINGLE_HIT,1100.0,8866584779.601849,9.5e-13,99999999998.99779,0.0,27281799321.851845,1e-12
v913_zeroD_sobol_0202500,CONTROL,TAYLOR_COMPLETION_SINGLE_HIT,1100.0,9037096025.363424,9.5e-13,99999999998.99779,0.0,27281799321.851845,1e-12
v913_zeroD_sobol_0202500,CONTROL,TAYLOR_COMPLETION_SINGLE_HIT,1100.0,9207607271.124998,9.5e-13,99999999998.99779,0.0,27281799321.851845,1e-12
v913_zeroD_sobol_0202500,CONTROL,TAYLOR_COMPLETION_SINGLE_HIT,1100.0,9378118516.886572,9.5e-13,99999999998.99779,0.0,27281799321.851845,1e-12
v913_zeroD_sobol_0202500,CONTROL,TAYLOR_COMPLETION_SINGLE_HIT,1100.0,9548629762.648146,9.5e-13,99999999998.99779,0.0,27281799321.851845,1e-12
v913_zeroD_sobol_0202500,CONTROL,TAYLOR_COMPLETION_SINGLE_HIT,1100.0,9719141008.40972,9.5e-13,99999999998.99779,0.0,27281799321.851845,1e-12
v913_zeroD_sobol_0202500,CONTROL,TAYLOR_COMPLETION_SINGLE_HIT,1100.0,9889652254.171293,9.5e-13,99999999998.99779,0.0,27281799321.851845,1e-12
v913_zeroD_sobol_0202500,CONTROL,TAYLOR_COMPLETION_SINGLE_HIT,1100.0,10060163499.932867,9.5e-13,99999999998.99779,0.0,27281799321.851845,1e-12
v913_zeroD_sobol_0202500,CONTROL,TAYLOR_COMPLETION_SINGLE_HIT,1100.0,10230674745.694443,9.5e-13,99999999998.99779,0.0,27281799321.851845,1e-12
v913_zeroD_sobol_0202500,CONTROL,TAYLOR_COMPLETION_SINGLE_HIT,1100.0,10401185991.456017,9.5e-13,99999999998.99779,0.0,27281799321.851845,1e-12
v913_zeroD_sobol_0202500,CONTROL,TAYLOR_COMPLETION_SINGLE_HIT,1100.0,10571697237.21759,9.5e-13,99999999998.99779,0.0,27281799321.851845,1e-12
v913_zeroD_sobol_0202500,CONTROL,TAYLOR_COMPLETION_SINGLE_HIT,1100.0,10742208482.979164,9.5e-13,99999999998.99779,0.0,27281799321.851845,1e-12
v913_zeroD_sobol_0202500,CONTROL,TAYLOR_COMPLETION_SINGLE_HIT,1100.0,10912719728.740738,9.5e-13,99999999998.99779,0.0,27281799321.851845,1e-12
v913_zeroD_sobol_0202500,CONTROL,TAYLOR_COMPLETION_SINGLE_HIT,1100.0,11083230974.502312,9.5e-13,99999999998.99779,0.0,27281799321.851845,1e-12
v913_zeroD_sobol_0202500,CONTROL,TAYLOR_COMPLETION_SINGLE_HIT,1100.0,11253742220.263885,9.5e-13,99999999998.99779,0.0,27281799321.851845,1e-12
v913_zeroD_sobol_0202500,CONTROL,TAYLOR_COMPLETION_SINGLE_HIT,1100.0,11424253466.02546,9.5e-13,99999999998.99779,0.0,27281799321.851845,1e-12
v913_zeroD_sobol_0202500,CONTROL,TAYLOR_COMPLETION_SINGLE_HIT,1100.0,11594764711.787033,9.5e-13,99999999998.99779,0.0,27281799321.851845,1e-12
v913_zeroD_sobol_0202500,CONTROL,TAYLOR_COMPLETION_SINGLE_HIT,1100.0,11765275957.548609,9.5e-13,99999999998.99779,0.0,27281799321.851845,1e-12
v913_zeroD_sobol_0202500,CONTROL,TAYLOR_COMPLETION_SINGLE_HIT,1100.0,11935787203.310183,9.5e-13,99999999998.99779,0.0,27281799321.851845,1e-12
v913_zeroD_sobol_0202500,CONTROL,TAYLOR_COMPLETION_SINGLE_HIT,1100.0,12106298449.071756,9.5e-13,99999999998.99779,0.0,27281799321.851845,1e-12
v913_zeroD_sobol_0202500,CONTROL,TAYLOR_COMPLETION_SINGLE_HIT,1100.0,12276809694.83333,9.5e-13,99999999998.99779,0.0,27281799321.851845,1e-12
v913_zeroD_sobol_0202500,CONTROL,TAYLOR_COMPLETION_SINGLE_HIT,1100.0,12447320940.594904,9.5e-13,99999999998.99779,0.0,27281799321.851845,1e-12
v913_zeroD_sobol_0202500,CONTROL,TAYLOR_COMPLETION_SINGLE_HIT,1100.0,12617832186.356478,9.5e-13,99999999998.99779,0.0,27281799321.851845,1e-12
v913_zeroD_sobol_0202500,CONTROL,TAYLOR_COMPLETION_SINGLE_HIT,1100.0,12788343432.118052,9.5e-13,99999999998.99779,0.0,27281799321.851845,1e-12
v913_zeroD_sobol_0202500,CONTROL,TAYLOR_COMPLETION_SINGLE_HIT,1100.0,12958854677.879627,9.5e-13,99999999998.99779,0.0,27281799321.851845,1e-12
v913_zeroD_sobol_0202500,CONTROL,TAYLOR_COMPLETION_SINGLE_HIT,1100.0,13129365923.641201,9.5e-13,99999999998.99779,0.0,27281799321.851845,1e-12
v913_zeroD_sobol_0202500,CONTROL,TAYLOR_COMPLETION_SINGLE_HIT,1100.0,13299877169.402775,9.5e-13,99999999998.99779,0.0,27281799321.851845,1e-12
v913_zeroD_sobol_0202500,CONTROL,TAYLOR_COMPLETION_SINGLE_HIT,1100.0,13470388415.164349,9.5e-13,99999999998.99779,0.0,27281799321.851845,1e-12
v913_zeroD_sobol_0202500,CONTROL,TAYLOR_COMPLETION_SINGLE_HIT,1100.0,13640899660.925922,9.5e-13,99999999998.99779,0.0,27281799321.851845,1e-12
v913_zeroD_sobol_0202500,CONTROL,TAYLOR_COMPLETION_SINGLE_HIT,1100.0,13811410906.687496,9.5e-13,99999999998.99779,0.0,27281799321.851845,1e-12
v913_zeroD_sobol_0202500,CONTROL,TAYLOR_COMPLETION_SINGLE_HIT,1100.0,13981922152.44907,9.5e-13,99999999998.99779,0.0,27281799321.851845,1e-12
v913_zeroD_sobol_0202500,CONTROL,TAYLOR_COMPLETION_SINGLE_HIT,1100.0,14152433398.210644,9.5e-13,99999999998.99779,0.0,27281799321.851845,1e-12
v913_zeroD_sobol_0202500,CONTROL,TAYLOR_COMPLETION_SINGLE_HIT,1100.0,14322944643.972218,9.5e-13,99999999998.99779,0.0,27281799321.851845,1e-12
v913_zeroD_sobol_0202500,CONTROL,TAYLOR_COMPLETION_SINGLE_HIT,1100.0,14493455889.733793,9.5e-13,99999999998.99779,0.0,27281799321.851845,1e-12
v913_zeroD_sobol_0202500,CONTROL,TAYLOR_COMPLETION_SINGLE_HIT,1100.0,14663967135.495367,9.5e-13,99999999998.99779,0.0,27281799321.851845,1e-12
v913_zeroD_sobol_0202500,CONTROL,TAYLOR_COMPLETION_SINGLE_HIT,1100.0,14834478381.25694,9.5e-13,99999999998.99779,0.0,27281799321.851845,1e-12
v913_zeroD_sobol_0202500,CONTROL,TAYLOR_COMPLETION_SINGLE_HIT,1100.0,15004989627.018515,9.5e-13,99999999998.99779,0.0,27281799321.851845,1e-12
v913_zeroD_sobol_0202500,CONTROL,TAYLOR_COMPLETION_SINGLE_HIT,1100.0,15175500872.780088,9.5e-13,99999999998.99779,0.0,27281799321.851845,1e-12
v913_zeroD_sobol_0202500,CONTROL,TAYLOR_COMPLETION_SINGLE_HIT,1100.0,15346012118.541662,9.5e-13,99999999998.99779,0.0,27281799321.851845,1e-12
v913_zeroD_sobol_0202500,CONTROL,TAYLOR_COMPLETION_SINGLE_HIT,1100.0,15516523364.303236,9.5e-13,99999999998.99779,0.0,27281799321.851845,1e-12
v913_zeroD_sobol_0202500,CONTROL,TAYLOR_COMPLETION_SINGLE_HIT,1100.0,15687034610.064812,9.5e-13,99999999998.99779,0.0,27281799321.851845,1e-12
v913_zeroD_sobol_0202500,CONTROL,TAYLOR_COMPLETION_SINGLE_HIT,1100.0,15857545855.826385,9.5e-13,99999999998.99779,0.0,27281799321.851845,1e-12
v913_zeroD_sobol_0202500,CONTROL,TAYLOR_COMPLETION_SINGLE_HIT,1100.0,16028057101.58796,9.5e-13,99999999998.99779,0.0,27281799321.851845,1e-12
v913_zeroD_sobol_0202500,CONTROL,TAYLOR_COMPLETION_SINGLE_HIT,1100.0,16198568347.349533,9.5e-13,99999999998.99779,0.0,27281799321.851845,1e-12
v913_zeroD_sobol_0202500,CONTROL,TAYLOR_COMPLETION_SINGLE_HIT,1100.0,16369079593.111107,9.5e-13,99999999998.99779,0.0,27281799321.851845,1e-12
v913_zeroD_sobol_0202500,CONTROL,TAYLOR_COMPLETION_SINGLE_HIT,1100.0,16539590838.87268,9.5e-13,99999999998.99779,0.0,27281799321.851845,1e-12
v913_zeroD_sobol_0202500,CONTROL,TAYLOR_COMPLETION_SINGLE_HIT,1100.0,16710102084.634254,9.5e-13,99999999998.99779,0.0,27281799321.851845,1e-12
v913_zeroD_sobol_0202500,CONTROL,TAYLOR_COMPLETION_SINGLE_HIT,1100.0,16880613330.395828,9.5e-13,99999999998.99779,0.0,27281799321.851845,1e-12
v913_zeroD_sobol_0202500,CONTROL,TAYLOR_COMPLETION_SINGLE_HIT,1100.0,17051124576.157402,9.5e-13,99999999998.99779,0.0,27281799321.851845,1e-12
v913_zeroD_sobol_0202500,CONTROL,TAYLOR_COMPLETION_SINGLE_HIT,1100.0,17221635821.918976,9.5e-13,99999999998.99779,0.0,27281799321.851845,1e-12
v913_zeroD_sobol_0202500,CONTROL,TAYLOR_COMPLETION_SINGLE_HIT,1100.0,17392147067.68055,9.5e-13,99999999998.99779,0.0,27281799321.851845,1e-12
v913_zeroD_sobol_0202500,CONTROL,TAYLOR_COMPLETION_SINGLE_HIT,1100.0,17562658313.442123,9.5e-13,99999999998.99779,0.0,27281799321.851845,1e-12
v913_zeroD_sobol_0202500,CONTROL,TAYLOR_COMPLETION_SINGLE_HIT,1100.0,17733169559.203697,9.5e-13,99999999998.99779,0.0,27281799321.851845,1e-12
v913_zeroD_sobol_0202500,CONTROL,TAYLOR_COMPLETION_SINGLE_HIT,1100.0,17903680804.965275,9.5e-13,99999999998.99779,0.0,27281799321.851845,1e-12
v913_zeroD_sobol_0202500,CONTROL,TAYLOR_COMPLETION_SINGLE_HIT,1100.0,18074192050.72685,9.5e-13,99999999998.99779,0.0,27281799321.851845,1e-12
v913_zeroD_sobol_0202500,CONTROL,TAYLOR_COMPLETION_SINGLE_HIT,1100.0,18244703296.488422,9.5e-13,99999999998.99779,0.0,27281799321.851845,1e-12
v913_zeroD_sobol_0202500,CONTROL,TAYLOR_COMPLETION_SINGLE_HIT,1100.0,18415214542.249996,9.5e-13,99999999998.99779,0.0,27281799321.851845,1e-12
v913_zeroD_sobol_0202500,CONTROL,TAYLOR_COMPLETION_SINGLE_HIT,1100.0,18585725788.01157,9.5e-13,99999999998.99779,0.0,27281799321.851845,1e-12
v913_zeroD_sobol_0202500,CONTROL,TAYLOR_COMPLETION_SINGLE_HIT,1100.0,18756237033.773144,9.5e-13,99999999998.99779,0.0,27281799321.851845,1e-12
v913_zeroD_sobol_0202500,CONTROL,TAYLOR_COMPLETION_SINGLE_HIT,1100.0,18926748279.534718,9.5e-13,99999999998.99779,0.0,27281799321.851845,1e-12
v913_zeroD_sobol_0202500,CONTROL,TAYLOR_COMPLETION_SINGLE_HIT,1100.0,19097259525.29629,9.5e-13,99999999998.99779,0.0,27281799321.851845,1e-12
v913_zeroD_sobol_0202500,CONTROL,TAYLOR_COMPLETION_SINGLE_HIT,1100.0,19267770771.057865,9.5e-13,99999999998.99779,0.0,27281799321.851845,1e-12
v913_zeroD_sobol_0202500,CONTROL,TAYLOR_COMPLETION_SINGLE_HIT,1100.0,19438282016.81944,9.5e-13,99999999998.99779,0.0,27281799321.851845,1e-12
v913_zeroD_sobol_0202500,CONTROL,TAYLOR_COMPLETION_SINGLE_HIT,1100.0,19608793262.581013,9.5e-13,99999999998.99779,0.0,27281799321.851845,1e-12
v913_zeroD_sobol_0202500,CONTROL,TAYLOR_COMPLETION_SINGLE_HIT,1100.0,19779304508.342587,9.5e-13,99999999998.99779,0.0,27281799321.851845,1e-12
v913_zeroD_sobol_0202500,CONTROL,TAYLOR_COMPLETION_SINGLE_HIT,1100.0,19949815754.10416,9.5e-13,99999999998.99779,0.0,27281799321.851845,1e-12
v913_zeroD_sobol_0202500,CONTROL,TAYLOR_COMPLETION_SINGLE_HIT,1100.0,20120326999.865734,9.5e-13,99999999998.99779,0.0,27281799321.851845,1e-12
v913_zeroD_sobol_0202500,CONTROL,TAYLOR_COMPLETION_SINGLE_HIT,1100.0,20290838245.627308,9.5e-13,99999999998.99779,0.0,27281799321.851845,1e-12
v913_zeroD_sobol_0202500,CONTROL,TAYLOR_COMPLETION_SINGLE_HIT,1100.0,20461349491.388885,9.5e-13,99999999998.99779,0.0,27281799321.851845,1e-12
v913_zeroD_sobol_0202500,CONTROL,TAYLOR_COMPLETION_SINGLE_HIT,1100.0,20631860737.15046,9.5e-13,99999999998.99779,0.0,27281799321.851845,1e-12
v913_zeroD_sobol_0202500,CONTROL,TAYLOR_COMPLETION_SINGLE_HIT,1100.0,20802371982.912033,9.5e-13,99999999998.99779,0.0,27281799321.851845,1e-12
v913_zeroD_sobol_0202500,CONTROL,TAYLOR_COMPLETION_SINGLE_HIT,1100.0,20972883228.673607,9.5e-13,99999999998.99779,0.0,27281799321.851845,1e-12
v913_zeroD_sobol_0202500,CONTROL,TAYLOR_COMPLETION_SINGLE_HIT,1100.0,21143394474.43518,9.5e-13,99999999998.99779,0.0,27281799321.851845,1e-12
v913_zeroD_sobol_0202500,CONTROL,TAYLOR_COMPLETION_SINGLE_HIT,1100.0,21313905720.196754,9.5e-13,99999999998.99779,0.0,27281799321.851845,1e-12
v913_zeroD_sobol_0202500,CONTROL,TAYLOR_COMPLETION_SINGLE_HIT,1100.0,21484416965.95833,9.5e-13,99999999998.99779,0.0,27281799321.851845,1e-12
v913_zeroD_sobol_0202500,CONTROL,TAYLOR_COMPLETION_SINGLE_HIT,1100.0,21654928211.719902,9.5e-13,99999999998.99779,0.0,27281799321.851845,1e-12
v913_zeroD_sobol_0202500,CONTROL,TAYLOR_COMPLETION_SINGLE_HIT,1100.0,21825439457.481476,9.5e-13,99999999998.99779,0.0,27281799321.851845,1e-12
v913_zeroD_sobol_0202500,CONTROL,TAYLOR_COMPLETION_SINGLE_HIT,1100.0,21995950703.24305,9.5e-13,99999999998.99779,0.0,27281799321.851845,1e-12
v913_zeroD_sobol_0202500,CONTROL,TAYLOR_COMPLETION_SINGLE_HIT,1100.0,22166461949.004623,9.5e-13,99999999998.99779,0.0,27281799321.851845,1e-12
v913_zeroD_sobol_0202500,CONTROL,TAYLOR_COMPLETION_SINGLE_HIT,1100.0,22336973194.766197,9.5e-13,99999999998.99779,0.0,27281799321.851845,1e-12
v913_zeroD_sobol_0202500,CONTROL,TAYLOR_COMPLETION_SINGLE_HIT,1100.0,22507484440.52777,9.5e-13,99999999998.99779,0.0,27281799321.851845,1e-12
v913_zeroD_sobol_0202500,CONTROL,TAYLOR_COMPLETION_SINGLE_HIT,1100.0,22677995686.289345,9.5e-13,99999999998.99779,0.0,27281799321.851845,1e-12
v913_zeroD_sobol_0202500,CONTROL,TAYLOR_COMPLETION_SINGLE_HIT,1100.0,22848506932.05092,9.5e-13,99999999998.99779,0.0,27281799321.851845,1e-12
v913_zeroD_sobol_0202500,CONTROL,TAYLOR_COMPLETION_SINGLE_HIT,1100.0,23019018177.812492,9.5e-13,99999999998.99779,0.0,27281799321.851845,1e-12
v913_zeroD_sobol_0202500,CONTROL,TAYLOR_COMPLETION_SINGLE_HIT,1100.0,23189529423.574066,9.5e-13,99999999998.99779,0.0,27281799321.851845,1e-12
v913_zeroD_sobol_0202500,CONTROL,TAYLOR_COMPLETION_SINGLE_HIT,1100.0,23360040669.335644,9.5e-13,99999999998.99779,0.0,27281799321.851845,1e-12
v913_zeroD_sobol_0202500,CONTROL,TAYLOR_COMPLETION_SINGLE_HIT,1100.0,23530551915.097218,9.5e-13,99999999998.99779,0.0,27281799321.851845,1e-12
v913_zeroD_sobol_0202500,CONTROL,TAYLOR_COMPLETION_SINGLE_HIT,1100.0,23701063160.85879,9.5e-13,99999999998.99779,0.0,27281799321.851845,1e-12
v913_zeroD_sobol_0202500,CONTROL,TAYLOR_COMPLETION_SINGLE_HIT,1100.0,23871574406.620365,9.5e-13,99999999998.99779,0.0,27281799321.851845,1e-12
v913_zeroD_sobol_0202500,CONTROL,TAYLOR_COMPLETION_SINGLE_HIT,1100.0,24042085652.38194,9.5e-13,99999999998.99779,0.0,27281799321.851845,1e-12
v913_zeroD_sobol_0202500,CONTROL,TAYLOR_COMPLETION_SINGLE_HIT,1100.0,24212596898.143513,9.5e-13,99999999998.99779,0.0,27281799321.851845,1e-12
v913_zeroD_sobol_0202500,CONTROL,TAYLOR_COMPLETION_SINGLE_HIT,1100.0,24383108143.905087,9.5e-13,99999999998.99779,0.0,27281799321.851845,1e-12
v913_zeroD_sobol_0202500,CONTROL,TAYLOR_COMPLETION_SINGLE_HIT,1100.0,24553619389.66666,9.5e-13,99999999998.99779,0.0,27281799321.851845,1e-12
v913_zeroD_sobol_0202500,CONTROL,TAYLOR_COMPLETION_SINGLE_HIT,1100.0,24724130635.428234,9.5e-13,99999999998.99779,0.0,27281799321.851845,1e-12
v913_zeroD_sobol_0202500,CONTROL,TAYLOR_COMPLETION_SINGLE_HIT,1100.0,24894641881.189808,9.5e-13,99999999998.99779,0.0,27281799321.851845,1e-12
v913_zeroD_sobol_0202500,CONTROL,TAYLOR_COMPLETION_SINGLE_HIT,1100.0,25065153126.95138,9.5e-13,99999999998.99779,0.0,27281799321.851845,1e-12
v913_zeroD_sobol_0202500,CONTROL,TAYLOR_COMPLETION_SINGLE_HIT,1100.0,25235664372.712955,9.5e-13,99999999998.99779,0.0,27281799321.851845,1e-12
v913_zeroD_sobol_0202500,CONTROL,TAYLOR_COMPLETION_SINGLE_HIT,1100.0,25406175618.47453,9.5e-13,99999999998.99779,0.0,27281799321.851845,1e-12
v913_zeroD_sobol_0202500,CONTROL,TAYLOR_COMPLETION_SINGLE_HIT,1100.0,25576686864.236103,9.5e-13,99999999998.99779,0.0,27281799321.851845,1e-12
v913_zeroD_sobol_0202500,CONTROL,TAYLOR_COMPLETION_SINGLE_HIT,1100.0,25747198109.997677,9.5e-13,99999999998.99779,0.0,27281799321.851845,1e-12
v913_zeroD_sobol_0202500,CONTROL,TAYLOR_COMPLETION_SINGLE_HIT,1100.0,25917709355.759254,9.5e-13,99999999998.99779,0.0,27281799321.851845,1e-12
v913_zeroD_sobol_0202500,CONTROL,TAYLOR_COMPLETION_SINGLE_HIT,1100.0,26088220601.52083,9.5e-13,99999999998.99779,0.0,27281799321.851845,1e-12
v913_zeroD_sobol_0202500,CONTROL,TAYLOR_COMPLETION_SINGLE_HIT,1100.0,26258731847.282402,9.5e-13,99999999998.99779,0.0,27281799321.851845,1e-12
v913_zeroD_sobol_0202500,CONTROL,TAYLOR_COMPLETION_SINGLE_HIT,1100.0,26429243093.043976,9.5e-13,99999999998.99779,0.0,27281799321.851845,1e-12
v913_zeroD_sobol_0202500,CONTROL,TAYLOR_COMPLETION_SINGLE_HIT,1100.0,26599754338.80555,9.5e-13,99999999998.99779,0.0,27281799321.851845,1e-12
v913_zeroD_sobol_0202500,CONTROL,TAYLOR_COMPLETION_SINGLE_HIT,1100.0,26770265584.567123,9.5e-13,99999999998.99779,0.0,27281799321.851845,1e-12
v913_zeroD_sobol_0202500,CONTROL,TAYLOR_COMPLETION_SINGLE_HIT,1100.0,26940776830.328697,9.5e-13,99999999998.99779,0.0,27281799321.851845,1e-12
v913_zeroD_sobol_0202500,CONTROL,TAYLOR_COMPLETION_SINGLE_HIT,1100.0,27111288076.09027,9.5e-13,99999999998.99779,0.0,27281799321.851845,1e-12
v913_zeroD_sobol_0202500,CONTROL,TAYLOR_COMPLETION_SINGLE_HIT,1100.0,27281799321.851845,9.5e-13,99999999998.99779,0.0,27281799321.851845,1e-12
v913_zeroD_sobol_0202500,CONTROL,EMISSION,1100.0,0.0,7.160118789714014,1.5670446861826083e-22,0.0,135793994.7739544,7.160118789714014
v913_zeroD_sobol_0202500,CONTROL,EMISSION,1100.0,848712.467337215,0.07423772575569687,45695265852.441086,0.0,135793994.7739544,7.160118789714014
v913_zeroD_sobol_0202500,CONTROL,EMISSION,1100.0,1697424.93467443,0.07423772575569687,45695265852.441086,0.0,135793994.7739544,7.160118789714014
v913_zeroD_sobol_0202500,CONTROL,EMISSION,1100.0,2546137.402011645,0.07423772575569687,45695265852.441086,0.0,135793994.7739544,7.160118789714014
v913_zeroD_sobol_0202500,CONTROL,EMISSION,1100.0,3394849.86934886,0.07423772575569687,45695265852.441086,0.0,135793994.7739544,7.160118789714014
v913_zeroD_sobol_0202500,CONTROL,EMISSION,1100.0,4243562.336686075,0.07423772575569687,45695265852.441086,0.0,135793994.7739544,7.160118789714014
v913_zeroD_sobol_0202500,CONTROL,EMISSION,1100.0,5092274.80402329,0.07423772575569687,45695265852.441086,0.0,135793994.7739544,7.160118789714014
v913_zeroD_sobol_0202500,CONTROL,EMISSION,1100.0,5940987.271360504,0.07423772575569687,45695265852.441086,0.0,135793994.7739544,7.160118789714014
v913_zeroD_sobol_0202500,CONTROL,EMISSION,1100.0,6789699.73869772,0.07423772575569687,45695265852.441086,0.0,135793994.7739544,7.160118789714014
v913_zeroD_sobol_0202500,CONTROL,EMISSION,1100.0,7638412.206034935,0.07423772575569687,45695265852.441086,0.0,135793994.7739544,7.160118789714014
v913_zeroD_sobol_0202500,CONTROL,EMISSION,1100.0,8487124.67337215,0.07423772575569687,45695265852.441086,0.0,135793994.7739544,7.160118789714014
v913_zeroD_sobol_0202500,CONTROL,EMISSION,1100.0,9335837.140709365,0.07423772575569687,45695265852.441086,0.0,135793994.7739544,7.160118789714014
v913_zeroD_sobol_0202500,CONTROL,EMISSION,1100.0,10184549.60804658,0.07423772575569687,45695265852.441086,0.0,135793994.7739544,7.160118789714014
v913_zeroD_sobol_0202500,CONTROL,EMISSION,1100.0,11033262.075383795,0.07423772575569687,45695265852.441086,0.0,135793994.7739544,7.160118789714014
v913_zeroD_sobol_0202500,CONTROL,EMISSION,1100.0,11881974.542721009,0.07423772575569687,45695265852.441086,0.0,135793994.7739544,7.160118789714014
v913_zeroD_sobol_0202500,CONTROL,EMISSION,1100.0,12730687.010058224,0.07423772575569687,45695265852.441086,0.0,135793994.7739544,7.160118789714014
v913_zeroD_sobol_0202500,CONTROL,EMISSION,1100.0,13579399.47739544,0.07423772575569687,45695265852.441086,0.0,135793994.7739544,7.160118789714014
v913_zeroD_sobol_0202500,CONTROL,EMISSION,1100.0,14428111.944732655,0.07423772575569687,45695265852.441086,0.0,135793994.7739544,7.160118789714014
v913_zeroD_sobol_0202500,CONTROL,EMISSION,1100.0,15276824.41206987,0.07423772575569687,45695265852.441086,0.0,135793994.7739544,7.160118789714014
v913_zeroD_sobol_0202500,CONTROL,EMISSION,1100.0,16125536.879407084,0.07423772575569687,45695265852.441086,0.0,135793994.7739544,7.160118789714014
v913_zeroD_sobol_0202500,CONTROL,EMISSION,1100.0,16974249.3467443,0.07423772575569687,45695265852.441086,0.0,135793994.7739544,7.160118789714014
v913_zeroD_sobol_0202500,CONTROL,EMISSION,1100.0,17822961.814081516,0.07423772575569687,45695265852.441086,0.0,135793994.7739544,7.160118789714014
v913_zeroD_sobol_0202500,CONTROL,EMISSION,1100.0,18671674.28141873,0.07423772575569687,45695265852.441086,0.0,135793994.7739544,7.160118789714014
v913_zeroD_sobol_0202500,CONTROL,EMISSION,1100.0,19520386.748755943,0.07423772575569687,45695265852.441086,0.0,135793994.7739544,7.160118789714014
v913_zeroD_sobol_0202500,CONTROL,EMISSION,1100.0,20369099.21609316,0.07423772575569687,45695265852.441086,0.0,135793994.7739544,7.160118789714014
v913_zeroD_sobol_0202500,CONTROL,EMISSION,1100.0,21217811.683430374,0.07423772575569687,45695265852.441086,0.0,135793994.7739544,7.160118789714014
v913_zeroD_sobol_0202500,CONTROL,EMISSION,1100.0,22066524.15076759,0.07423772575569687,45695265852.441086,0.0,135793994.7739544,7.160118789714014
v913_zeroD_sobol_0202500,CONTROL,EMISSION,1100.0,22915236.618104804,0.07423772575569687,45695265852.441086,0.0,135793994.7739544,7.160118789714014
v913_zeroD_sobol_0202500,CONTROL,EMISSION,1100.0,23763949.085442018,0.07423772575569687,45695265852.441086,0.0,135793994.7739544,7.160118789714014
v913_zeroD_sobol_0202500,CONTROL,EMISSION,1100.0,24612661.552779235,0.07423772575569687,45695265852.441086,0.0,135793994.7739544,7.160118789714014
v913_zeroD_sobol_0202500,CONTROL,EMISSION,1100.0,25461374.02011645,0.07423772575569687,45695265852.441086,0.0,135793994.7739544,7.160118789714014
v913_zeroD_sobol_0202500,CONTROL,EMISSION,1100.0,26310086.487453666,0.07423772575569687,45695265852.441086,0.0,135793994.7739544,7.160118789714014
v913_zeroD_sobol_0202500,CONTROL,EMISSION,1100.0,27158798.95479088,0.07423772575569687,45695265852.441086,0.0,135793994.7739544,7.160118789714014
v913_zeroD_sobol_0202500,CONTROL,EMISSION,1100.0,28007511.422128092,0.07423772575569687,45695265852.441086,0.0,135793994.7739544,7.160118789714014
v913_zeroD_sobol_0202500,CONTROL,EMISSION,1100.0,28856223.88946531,0.07423772575569687,45695265852.441086,0.0,135793994.7739544,7.160118789714014
v913_zeroD_sobol_0202500,CONTROL,EMISSION,1100.0,29704936.356802523,0.07423772575569687,45695265852.441086,0.0,135793994.7739544,7.160118789714014
v913_zeroD_sobol_0202500,CONTROL,EMISSION,1100.0,30553648.82413974,0.07423772575569687,45695265852.441086,0.0,135793994.7739544,7.160118789714014
v913_zeroD_sobol_0202500,CONTROL,EMISSION,1100.0,31402361.291476954,0.07423772575569687,45695265852.441086,0.0,135793994.7739544,7.160118789714014
v913_zeroD_sobol_0202500,CONTROL,EMISSION,1100.0,32251073.758814167,0.07423772575569687,45695265852.441086,0.0,135793994.7739544,7.160118789714014
v913_zeroD_sobol_0202500,CONTROL,EMISSION,1100.0,33099786.226151384,0.07423772575569687,45695265852.441086,0.0,135793994.7739544,7.160118789714014
v913_zeroD_sobol_0202500,CONTROL,EMISSION,1100.0,33948498.6934886,0.07423772575569687,45695265852.441086,0.0,135793994.7739544,7.160118789714014
v913_zeroD_sobol_0202500,CONTROL,EMISSION,1100.0,34797211.16082581,0.07423772575569687,45695265852.441086,0.0,135793994.7739544,7.160118789714014
v913_zeroD_sobol_0202500,CONTROL,EMISSION,1100.0,35645923.62816303,0.07423772575569687,45695265852.441086,0.0,135793994.7739544,7.160118789714014
v913_zeroD_sobol_0202500,CONTROL,EMISSION,1100.0,36494636.095500246,0.07423772575569687,45695265852.441086,0.0,135793994.7739544,7.160118789714014
v913_zeroD_sobol_0202500,CONTROL,EMISSION,1100.0,37343348.56283746,0.07423772575569687,45695265852.441086,0.0,135793994.7739544,7.160118789714014
v913_zeroD_sobol_0202500,CONTROL,EMISSION,1100.0,38192061.03017467,0.07423772575569687,45695265852.441086,0.0,135793994.7739544,7.160118789714014
v913_zeroD_sobol_0202500,CONTROL,EMISSION,1100.0,39040773.497511886,0.07423772575569687,45695265852.441086,0.0,135793994.7739544,7.160118789714014
v913_zeroD_sobol_0202500,CONTROL,EMISSION,1100.0,39889485.96484911,0.07423772575569687,45695265852.441086,0.0,135793994.7739544,7.160118789714014
v913_zeroD_sobol_0202500,CONTROL,EMISSION,1100.0,40738198.43218632,0.07423772575569687,45695265852.441086,0.0,135793994.7739544,7.160118789714014
v913_zeroD_sobol_0202500,CONTROL,EMISSION,1100.0,41586910.899523534,0.07423772575569687,45695265852.441086,0.0,135793994.7739544,7.160118789714014
v913_zeroD_sobol_0202500,CONTROL,EMISSION,1100.0,42435623.36686075,0.07423772575569687,45695265852.441086,0.0,135793994.7739544,7.160118789714014
v913_zeroD_sobol_0202500,CONTROL,EMISSION,1100.0,43284335.83419796,0.07423772575569687,45695265852.441086,0.0,135793994.7739544,7.160118789714014
v913_zeroD_sobol_0202500,CONTROL,EMISSION,1100.0,44133048.30153518,0.07423772575569687,45695265852.441086,0.0,135793994.7739544,7.160118789714014
v913_zeroD_sobol_0202500,CONTROL,EMISSION,1100.0,44981760.768872395,0.07423772575569687,45695265852.441086,0.0,135793994.7739544,7.160118789714014
v913_zeroD_sobol_0202500,CONTROL,EMISSION,1100.0,45830473.23620961,0.07423772575569687,45695265852.441086,0.0,135793994.7739544,7.160118789714014
v913_zeroD_sobol_0202500,CONTROL,EMISSION,1100.0,46679185.70354682,0.07423772575569687,45695265852.441086,0.0,135793994.7739544,7.160118789714014
v913_zeroD_sobol_0202500,CONTROL,EMISSION,1100.0,47527898.170884036,0.07423772575569687,45695265852.441086,0.0,135793994.7739544,7.160118789714014
v913_zeroD_sobol_0202500,CONTROL,EMISSION,1100.0,48376610.63822126,0.07423772575569687,45695265852.441086,0.0,135793994.7739544,7.160118789714014
v913_zeroD_sobol_0202500,CONTROL,EMISSION,1100.0,49225323.10555847,0.07423772575569687,45695265852.441086,0.0,135793994.7739544,7.160118789714014
v913_zeroD_sobol_0202500,CONTROL,EMISSION,1100.0,50074035.57289568,0.07423772575569687,45695265852.441086,0.0,135793994.7739544,7.160118789714014
v913_zeroD_sobol_0202500,CONTROL,EMISSION,1100.0,50922748.0402329,0.07423772575569687,45695265852.441086,0.0,135793994.7739544,7.160118789714014
v913_zeroD_sobol_0202500,CONTROL,EMISSION,1100.0,51771460.50757011,0.07423772575569687,45695265852.441086,0.0,135793994.7739544,7.160118789714014
v913_zeroD_sobol_0202500,CONTROL,EMISSION,1100.0,52620172.97490733,0.07423772575569687,45695265852.441086,0.0,135793994.7739544,7.160118789714014
v913_zeroD_sobol_0202500,CONTROL,EMISSION,1100.0,53468885.442244545,0.07423772575569687,45695265852.441086,0.0,135793994.7739544,7.160118789714014
v913_zeroD_sobol_0202500,CONTROL,EMISSION,1100.0,54317597.90958176,0.07423772575569687,45695265852.441086,0.0,135793994.7739544,7.160118789714014
v913_zeroD_sobol_0202500,CONTROL,EMISSION,1100.0,55166310.37691897,0.07423772575569687,45695265852.441086,0.0,135793994.7739544,7.160118789714014
v913_zeroD_sobol_0202500,CONTROL,EMISSION,1100.0,56015022.844256185,0.07423772575569687,45695265852.441086,0.0,135793994.7739544,7.160118789714014
v913_zeroD_sobol_0202500,CONTROL,EMISSION,1100.0,56863735.311593406,0.07423772575569687,45695265852.441086,0.0,135793994.7739544,7.160118789714014
v913_zeroD_sobol_0202500,CONTROL,EMISSION,1100.0,57712447.77893062,0.07423772575569687,45695265852.441086,0.0,135793994.7739544,7.160118789714014
v913_zeroD_sobol_0202500,CONTROL,EMISSION,1100.0,58561160.24626783,0.07423772575569687,45695265852.441086,0.0,135793994.7739544,7.160118789714014
v913_zeroD_sobol_0202500,CONTROL,EMISSION,1100.0,59409872.713605046,0.07423772575569687,45695265852.441086,0.0,135793994.7739544,7.160118789714014
v913_zeroD_sobol_0202500,CONTROL,EMISSION,1100.0,60258585.18094226,0.07423772575569687,45695265852.441086,0.0,135793994.7739544,7.160118789714014
v913_zeroD_sobol_0202500,CONTROL,EMISSION,1100.0,61107297.64827948,0.07423772575569687,45695265852.441086,0.0,135793994.7739544,7.160118789714014
v913_zeroD_sobol_0202500,CONTROL,EMISSION,1100.0,61956010.115616694,0.07423772575569687,45695265852.441086,0.0,135793994.7739544,7.160118789714014
v913_zeroD_sobol_0202500,CONTROL,EMISSION,1100.0,62804722.58295391,0.07423772575569687,45695265852.441086,0.0,135793994.7739544,7.160118789714014
v913_zeroD_sobol_0202500,CONTROL,EMISSION,1100.0,63653435.05029112,0.07423772575569687,45695265852.441086,0.0,135793994.7739544,7.160118789714014
v913_zeroD_sobol_0202500,CONTROL,EMISSION,1100.0,64502147.517628334,0.07423772575569687,45695265852.441086,0.0,135793994.7739544,7.160118789714014
v913_zeroD_sobol_0202500,CONTROL,EMISSION,1100.0,65350859.984965555,0.07423772575569687,45695265852.441086,0.0,135793994.7739544,7.160118789714014
v913_zeroD_sobol_0202500,CONTROL,EMISSION,1100.0,66199572.45230277,0.07423772575569687,45695265852.441086,0.0,135793994.7739544,7.160118789714014
v913_zeroD_sobol_0202500,CONTROL,EMISSION,1100.0,67048284.91963998,0.07423772575569687,45695265852.441086,0.0,135793994.7739544,7.160118789714014
v913_zeroD_sobol_0202500,CONTROL,EMISSION,1100.0,67896997.3869772,0.07423772575569687,45695265852.441086,0.0,135793994.7739544,7.160118789714014
v913_zeroD_sobol_0202500,CONTROL,EMISSION,1100.0,68745709.85431442,0.07423772575569687,45695265852.441086,0.0,135793994.7739544,7.160118789714014
v913_zeroD_sobol_0202500,CONTROL,EMISSION,1100.0,69594422.32165162,0.07423772575569687,45695265852.441086,0.0,135793994.7739544,7.160118789714014
v913_zeroD_sobol_0202500,CONTROL,EMISSION,1100.0,70443134.78898884,0.07423772575569687,45695265852.441086,0.0,135793994.7739544,7.160118789714014
v913_zeroD_sobol_0202500,CONTROL,EMISSION,1100.0,71291847.25632606,0.07423772575569687,45695265852.441086,0.0,135793994.7739544,7.160118789714014
v913_zeroD_sobol_0202500,CONTROL,EMISSION,1100.0,72140559.72366327,0.07423772575569687,45695265852.441086,0.0,135793994.7739544,7.160118789714014
v913_zeroD_sobol_0202500,CONTROL,EMISSION,1100.0,72989272.19100049,0.07423772575569687,45695265852.441086,0.0,135793994.7739544,7.160118789714014
v913_zeroD_sobol_0202500,CONTROL,EMISSION,1100.0,73837984.6583377,0.07423772575569687,45695265852.441086,0.0,135793994.7739544,7.160118789714014
v913_zeroD_sobol_0202500,CONTROL,EMISSION,1100.0,74686697.12567492,0.07423772575569687,45695265852.441086,0.0,135793994.7739544,7.160118789714014
v913_zeroD_sobol_0202500,CONTROL,EMISSION,1100.0,75535409.59301214,0.07423772575569687,45695265852.441086,0.0,135793994.7739544,7.160118789714014
v913_zeroD_sobol_0202500,CONTROL,EMISSION,1100.0,76384122.06034935,0.07423772575569687,45695265852.441086,0.0,135793994.7739544,7.160118789714014
v913_zeroD_sobol_0202500,CONTROL,EMISSION,1100.0,77232834.52768657,0.07423772575569687,45695265852.441086,0.0,135793994.7739544,7.160118789714014
v913_zeroD_sobol_0202500,CONTROL,EMISSION,1100.0,78081546.99502377,0.07423772575569687,45695265852.441086,0.0,135793994.7739544,7.160118789714014
v913_zeroD_sobol_0202500,CONTROL,EMISSION,1100.0,78930259.462361,0.07423772575569687,45695265852.441086,0.0,135793994.7739544,7.160118789714014
v913_zeroD_sobol_0202500,CONTROL,EMISSION,1100.0,79778971.92969821,0.07423772575569687,45695265852.441086,0.0,135793994.7739544,7.160118789714014
v913_zeroD_sobol_0202500,CONTROL,EMISSION,1100.0,80627684.39703542,0.07423772575569687,45695265852.441086,0.0,135793994.7739544,7.160118789714014
v913_zeroD_sobol_0202500,CONTROL,EMISSION,1100.0,81476396.86437264,0.07423772575569687,45695265852.441086,0.0,135793994.7739544,7.160118789714014
v913_zeroD_sobol_0202500,CONTROL,EMISSION,1100.0,82325109.33170985,0.07423772575569687,45695265852.441086,0.0,135793994.7739544,7.160118789714014
v913_zeroD_sobol_0202500,CONTROL,EMISSION,1100.0,83173821.79904707,0.07423772575569687,45695265852.441086,0.0,135793994.7739544,7.160118789714014
v913_zeroD_sobol_0202500,CONTROL,EMISSION,1100.0,84022534.26638429,0.07423772575569687,45695265852.441086,0.0,135793994.7739544,7.160118789714014
v913_zeroD_sobol_0202500,CONTROL,EMISSION,1100.0,84871246.7337215,0.07423772575569687,45695265852.441086,0.0,135793994.7739544,7.160118789714014
v913_zeroD_sobol_0202500,CONTROL,EMISSION,1100.0,85719959.20105872,0.07423772575569687,45695265852.441086,0.0,135793994.7739544,7.160118789714014
v913_zeroD_sobol_0202500,CONTROL,EMISSION,1100.0,86568671.66839592,0.07423772575569687,45695265852.441086,0.0,135793994.7739544,7.160118789714014
v913_zeroD_sobol_0202500,CONTROL,EMISSION,1100.0,87417384.13573314,0.07423772575569687,45695265852.441086,0.0,135793994.7739544,7.160118789714014
v913_zeroD_sobol_0202500,CONTROL,EMISSION,1100.0,88266096.60307036,0.07423772575569687,45695265852.441086,0.0,135793994.7739544,7.160118789714014
v913_zeroD_sobol_0202500,CONTROL,EMISSION,1100.0,89114809.07040757,0.07423772575569687,45695265852.441086,0.0,135793994.7739544,7.160118789714014
v913_zeroD_sobol_0202500,CONTROL,EMISSION,1100.0,89963521.53774479,0.07423772575569687,45695265852.441086,0.0,135793994.7739544,7.160118789714014
v913_zeroD_sobol_0202500,CONTROL,EMISSION,1100.0,90812234.005082,0.07423772575569687,45695265852.441086,0.0,135793994.7739544,7.160118789714014
v913_zeroD_sobol_0202500,CONTROL,EMISSION,1100.0,91660946.47241922,0.07423772575569687,45695265852.441086,0.0,135793994.7739544,7.160118789714014
v913_zeroD_sobol_0202500,CONTROL,EMISSION,1100.0,92509658.93975644,0.07423772575569687,45695265852.441086,0.0,135793994.7739544,7.160118789714014
v913_zeroD_sobol_0202500,CONTROL,EMISSION,1100.0,93358371.40709364,0.07423772575569687,45695265852.441086,0.0,135793994.7739544,7.160118789714014
v913_zeroD_sobol_0202500,CONTROL,EMISSION,1100.0,94207083.87443087,0.07423772575569687,45695265852.441086,0.0,135793994.7739544,7.160118789714014
v913_zeroD_sobol_0202500,CONTROL,EMISSION,1100.0,95055796.34176807,0.07423772575569687,45695265852.441086,0.0,135793994.7739544,7.160118789714014
v913_zeroD_sobol_0202500,CONTROL,EMISSION,1100.0,95904508.80910529,0.07423772575569687,45695265852.441086,0.0,135793994.7739544,7.160118789714014
v913_zeroD_sobol_0202500,CONTROL,EMISSION,1100.0,96753221.27644251,0.07423772575569687,45695265852.441086,0.0,135793994.7739544,7.160118789714014
v913_zeroD_sobol_0202500,CONTROL,EMISSION,1100.0,97601933.74377972,0.07423772575569687,45695265852.441086,0.0,135793994.7739544,7.160118789714014
v913_zeroD_sobol_0202500,CONTROL,EMISSION,1100.0,98450646.21111694,0.07423772575569687,45695265852.441086,0.0,135793994.7739544,7.160118789714014
v913_zeroD_sobol_0202500,CONTROL,EMISSION,1100.0,99299358.67845415,0.07423772575569687,45695265852.441086,0.0,135793994.7739544,7.160118789714014
v913_zeroD_sobol_0202500,CONTROL,EMISSION,1100.0,100148071.14579137,0.07423772575569687,45695265852.441086,0.0,135793994.7739544,7.160118789714014
v913_zeroD_sobol_0202500,CONTROL,EMISSION,1100.0,100996783.61312859,0.07423772575569687,45695265852.441086,0.0,135793994.7739544,7.160118789714014
v913_zeroD_sobol_0202500,CONTROL,EMISSION,1100.0,101845496.0804658,0.07423772575569687,45695265852.441086,0.0,135793994.7739544,7.160118789714014
v913_zeroD_sobol_0202500,CONTROL,EMISSION,1100.0,102694208.54780301,0.07423772575569687,45695265852.441086,0.0,135793994.7739544,7.160118789714014
v913_zeroD_sobol_0202500,CONTROL,EMISSION,1100.0,103542921.01514022,0.07423772575569687,45695265852.441086,0.0,135793994.7739544,7.160118789714014
v913_zeroD_sobol_0202500,CONTROL,EMISSION,1100.0,104391633.48247744,0.07423772575569687,45695265852.441086,0.0,135793994.7739544,7.160118789714014
v913_zeroD_sobol_0202500,CONTROL,EMISSION,1100.0,105240345.94981466,0.07423772575569687,45695265852.441086,0.0,135793994.7739544,7.160118789714014
v913_zeroD_sobol_0202500,CONTROL,EMISSION,1100.0,106089058.41715187,0.07423772575569687,45695265852.441086,0.0,135793994.7739544,7.160118789714014
v913_zeroD_sobol_0202500,CONTROL,EMISSION,1100.0,106937770.88448909,0.07423772575569687,45695265852.441086,0.0,135793994.7739544,7.160118789714014
v913_zeroD_sobol_0202500,CONTROL,EMISSION,1100.0,107786483.3518263,0.07423772575569687,45695265852.441086,0.0,135793994.7739544,7.160118789714014
v913_zeroD_sobol_0202500,CONTROL,EMISSION,1100.0,108635195.81916352,0.07423772575569687,45695265852.441086,0.0,135793994.7739544,7.160118789714014
v913_zeroD_sobol_0202500,CONTROL,EMISSION,1100.0,109483908.28650074,0.07423772575569687,45695265852.441086,0.0,135793994.7739544,7.160118789714014
v913_zeroD_sobol_0202500,CONTROL,EMISSION,1100.0,110332620.75383794,0.07423772575569687,45695265852.441086,0.0,135793994.7739544,7.160118789714014
v913_zeroD_sobol_0202500,CONTROL,EMISSION,1100.0,111181333.22117516,0.07423772575569687,45695265852.441086,0.0,135793994.7739544,7.160118789714014
v913_zeroD_sobol_0202500,CONTROL,EMISSION,1100.0,112030045.68851237,0.07423772575569687,45695265852.441086,0.0,135793994.7739544,7.160118789714014
v913_zeroD_sobol_0202500,CONTROL,EMISSION,1100.0,112878758.15584959,0.07423772575569687,45695265852.441086,0.0,135793994.7739544,7.160118789714014
v913_zeroD_sobol_0202500,CONTROL,EMISSION,1100.0,113727470.62318681,0.07423772575569687,45695265852.441086,0.0,135793994.7739544,7.160118789714014
v913_zeroD_sobol_0202500,CONTROL,EMISSION,1100.0,114576183.09052402,0.07423772575569687,45695265852.441086,0.0,135793994.7739544,7.160118789714014
v913_zeroD_sobol_0202500,CONTROL,EMISSION,1100.0,115424895.55786124,0.07423772575569687,45695265852.441086,0.0,135793994.7739544,7.160118789714014
v913_zeroD_sobol_0202500,CONTROL,EMISSION,1100.0,116273608.02519844,0.07423772575569687,45695265852.441086,0.0,135793994.7739544,7.160118789714014
v913_zeroD_sobol_0202500,CONTROL,EMISSION,1100.0,117122320.49253567,0.07423772575569687,45695265852.441086,0.0,135793994.7739544,7.160118789714014
v913_zeroD_sobol_0202500,CONTROL,EMISSION,1100.0,117971032.95987289,0.07423772575569687,45695265852.441086,0.0,135793994.7739544,7.160118789714014
v913_zeroD_sobol_0202500,CONTROL,EMISSION,1100.0,118819745.42721009,0.07423772575569687,45695265852.441086,0.0,135793994.7739544,7.160118789714014
v913_zeroD_sobol_0202500,CONTROL,EMISSION,1100.0,119668457.89454731,0.07423772575569687,45695265852.441086,0.0,135793994.7739544,7.160118789714014
v913_zeroD_sobol_0202500,CONTROL,EMISSION,1100.0,120517170.36188452,0.07423772575569687,45695265852.441086,0.0,135793994.7739544,7.160118789714014
v913_zeroD_sobol_0202500,CONTROL,EMISSION,1100.0,121365882.82922174,0.07423772575569687,45695265852.441086,0.0,135793994.7739544,7.160118789714014
v913_zeroD_sobol_0202500,CONTROL,EMISSION,1100.0,122214595.29655896,0.07423772575569687,45695265852.441086,0.0,135793994.7739544,7.160118789714014
v913_zeroD_sobol_0202500,CONTROL,EMISSION,1100.0,123063307.76389617,0.07423772575569687,45695265852.441086,0.0,135793994.7739544,7.160118789714014
v913_zeroD_sobol_0202500,CONTROL,EMISSION,1100.0,123912020.23123339,0.07423772575569687,45695265852.441086,0.0,135793994.7739544,7.160118789714014
v913_zeroD_sobol_0202500,CONTROL,EMISSION,1100.0,124760732.6985706,0.07423772575569687,45695265852.441086,0.0,135793994.7739544,7.160118789714014
v913_zeroD_sobol_0202500,CONTROL,EMISSION,1100.0,125609445.16590782,0.07423772575569687,45695265852.441086,0.0,135793994.7739544,7.160118789714014
v913_zeroD_sobol_0202500,CONTROL,EMISSION,1100.0,126458157.63324504,0.07423772575569687,45695265852.441086,0.0,135793994.7739544,7.160118789714014
v913_zeroD_sobol_0202500,CONTROL,EMISSION,1100.0,127306870.10058224,0.07423772575569687,45695265852.441086,0.0,135793994.7739544,7.160118789714014
v913_zeroD_sobol_0202500,CONTROL,EMISSION,1100.0,128155582.56791946,0.07423772575569687,45695265852.441086,0.0,135793994.7739544,7.160118789714014
v913_zeroD_sobol_0202500,CONTROL,EMISSION,1100.0,129004295.03525667,0.07423772575569687,45695265852.441086,0.0,135793994.7739544,7.160118789714014
v913_zeroD_sobol_0202500,CONTROL,EMISSION,1100.0,129853007.50259389,0.07423772575569687,45695265852.441086,0.0,135793994.7739544,7.160118789714014
v913_zeroD_sobol_0202500,CONTROL,EMISSION,1100.0,130701719.96993111,0.07423772575569687,45695265852.441086,0.0,135793994.7739544,7.160118789714014
v913_zeroD_sobol_0202500,CONTROL,EMISSION,1100.0,131550432.43726832,0.07423772575569687,45695265852.441086,0.0,135793994.7739544,7.160118789714014
v913_zeroD_sobol_0202500,CONTROL,EMISSION,1100.0,132399144.90460554,0.07423772575569687,45695265852.441086,0.0,135793994.7739544,7.160118789714014
v913_zeroD_sobol_0202500,CONTROL,EMISSION,1100.0,133247857.37194274,0.07423772575569687,45695265852.441086,0.0,135793994.7739544,7.160118789714014
v913_zeroD_sobol_0202500,CONTROL,EMISSION,1100.0,134096569.83927996,0.07423772575569687,45695265852.441086,0.0,135793994.7739544,7.160118789714014
v913_zeroD_sobol_0202500,CONTROL,EMISSION,1100.0,134945282.30661717,0.07423772575569687,45695265852.441086,0.0,135793994.7739544,7.160118789714014
v913_zeroD_sobol_0202500,CONTROL,EMISSION,1100.0,135793994.7739544,0.07423772575569687,45695265852.441086,0.0,135793994.7739544,7.160118789714014
v913_zeroD_sobol_0202500,CONTROL,CLEAVAGE_MULTIHIT,1100.0,0.0,5.827539788423184,1.3279778793523964e-57,136053595.90100658,12431775965.944017,5.827539788423184
v913_zeroD_sobol_0202500,CONTROL,CLEAVAGE_MULTIHIT,1100.0,77698599.78715011,5.827507758720302,1.3293247304106262e-57,136053595.90100658,12431775965.944017,5.827539788423184
v913_zeroD_sobol_0202500,CONTROL,CLEAVAGE_MULTIHIT,1100.0,155397199.57430023,5.827343051807426,1.3362722698327636e-57,136053595.90100658,12431775965.944017,5.827539788423184
v913_zeroD_sobol_0202500,CONTROL,CLEAVAGE_MULTIHIT,1100.0,233095799.36145034,5.8269709099923395,1.3521036630156455e-57,136053595.90100658,12431775965.944017,5.827539788423184
v913_zeroD_sobol_0202500,CONTROL,CLEAVAGE_MULTIHIT,1100.0,310794399.14860046,5.826331459776406,1.3797459768370548e-57,136053595.90100658,12431775965.944017,5.827539788423184
v913_zeroD_sobol_0202500,CONTROL,CLEAVAGE_MULTIHIT,1100.0,388492998.9357506,5.825372400230476,1.4222674326821553e-57,136053595.90100658,12431775965.944017,5.827539788423184
v913_zeroD_sobol_0202500,CONTROL,CLEAVAGE_MULTIHIT,1100.0,466191598.7229007,5.82404640613889,1.4832243783990213e-57,136053595.90100658,12431775965.944017,5.827539788423184
v913_zeroD_sobol_0202500,CONTROL,CLEAVAGE_MULTIHIT,1100.0,543890198.5100508,5.82230980701119,1.5670258068261066e-57,136053595.90100658,12431775965.944017,5.827539788423184
v913_zeroD_sobol_0202500,CONTROL,CLEAVAGE_MULTIHIT,1100.0,621588798.2972009,5.820121804467977,1.6793836265987411e-57,136053595.90100658,12431775965.944017,5.827539788423184
v913_zeroD_sobol_0202500,CONTROL,CLEAVAGE_MULTIHIT,1100.0,699287398.0843511,5.817443965548827,1.8279167304121758e-57,136053595.90100658,12431775965.944017,5.827539788423184
v913_zeroD_sobol_0202500,CONTROL,CLEAVAGE_MULTIHIT,1100.0,776985997.8715012,5.814239875212961,2.023001233601082e-57,136053595.90100658,12431775965.944017,5.827539788423184
v913_zeroD_sobol_0202500,CONTROL,CLEAVAGE_MULTIHIT,1100.0,854684597.6586512,5.810474888463435,2.2790052424677196e-57,136053595.90100658,12431775965.944017,5.827539788423184
v913_zeroD_sobol_0202500,CONTROL,CLEAVAGE_MULTIHIT,1100.0,932383197.4458014,5.8061159486496,2.616123827448117e-57,136053595.90100658,12431775965.944017,5.827539788423184
v913_zeroD_sobol_0202500,CONTROL,CLEAVAGE_MULTIHIT,1100.0,1010081797.2329515,5.801131451788549,3.0631584047898837e-57,136053595.90100658,12431775965.944017,5.827539788423184
v913_zeroD_sobol_0202500,CONTROL,CLEAVAGE_MULTIHIT,1100.0,1087780397.0201015,5.795491144064048,3.661800143528067e-57,136053595.90100658,12431775965.944017,5.827539788423184
v913_zeroD_sobol_0202500,CONTROL,CLEAVAGE_MULTIHIT,1100.0,1165478996.8072517,5.7891660439506865,4.4733428712508504e-57,136053595.90100658,12431775965.944017,5.827539788423184
v913_zeroD_sobol_0202500,CONTROL,CLEAVAGE_MULTIHIT,1100.0,1243177596.5944018,5.782128383053802,5.58938181524874e-57,136053595.90100658,12431775965.944017,5.827539788423184
v913_zeroD_sobol_0202500,CONTROL,CLEAVAGE_MULTIHIT,1100.0,1320876196.381552,5.77435156145262,7.149160067365414e-57,136053595.90100658,12431775965.944017,5.827539788423184
v913_zeroD_sobol_0202500,CONTROL,CLEAVAGE_MULTIHIT,1100.0,1398574796.1687021,5.765810114461681,9.368195066167565e-57,136053595.90100658,12431775965.944017,5.827539788423184
v913_zeroD_sobol_0202500,CONTROL,CLEAVAGE_MULTIHIT,1100.0,1476273395.9558523,5.756479688497424,1.258639121888337e-56,136053595.90100658,12431775965.944017,5.827539788423184
v913_zeroD_sobol_0202500,CONTROL,CLEAVAGE_MULTIHIT,1100.0,1553971995.7430024,5.746337024278471,1.735044511619361e-56,136053595.90100658,12431775965.944017,5.827539788423184
v913_zeroD_sobol_0202500,CONTROL,CLEAVAGE_MULTIHIT,1100.0,1631670595.5301523,5.735359945976881,2.455776906878764e-56,136053595.90100658,12431775965.944017,5.827539788423184
v913_zeroD_sobol_0202500,CONTROL,CLEAVAGE_MULTIHIT,1100.0,1709369195.3173025,5.7235273552220605,3.571298006739971e-56,136053595.90100658,12431775965.944017,5.827539788423184
v913_zeroD_sobol_0202500,CONTROL,CLEAVAGE_MULTIHIT,1100.0,1787067795.1044526,5.710819229070686,5.339460449918133e-56,136053595.90100658,12431775965.944017,5.827539788423184
v913_zeroD_sobol_0202500,CONTROL,CLEAVAGE_MULTIHIT,1100.0,1864766394.8916028,5.697216621216086,8.212269121754363e-56,136053595.90100658,12431775965.944017,5.827539788423184
v913_zeroD_sobol_0202500,CONTROL,CLEAVAGE_MULTIHIT,1100.0,1942464994.678753,5.682701665833205,1.3000769298241039e-55,136053595.90100658,12431775965.944017,5.827539788423184
v913_zeroD_sobol_0202500,CONTROL,CLEAVAGE_MULTIHIT,1100.0,2020163594.465903,5.66725758355062,2.1195596332028612e-55,136053595.90100658,12431775965.944017,5.827539788423184
v913_zeroD_sobol_0202500,CONTROL,CLEAVAGE_MULTIHIT,1100.0,2097862194.2530532,5.650868689115936,3.560479822076015e-55,136053595.90100658,12431775965.944017,5.827539788423184
v913_zeroD_sobol_0202500,CONTROL,CLEAVAGE_MULTIHIT,1100.0,2175560794.040203,5.633520400380506,6.1653558525942374e-55,136053595.90100658,12431775965.944017,5.827539788423184
v913_zeroD_sobol_0202500,CONTROL,CLEAVAGE_MULTIHIT,1100.0,2253259393.8273535,5.615199248277184,1.1009805034430874e-54,136053595.90100658,12431775965.944017,5.827539788423184
v913_zeroD_sobol_0202500,CONTROL,CLEAVAGE_MULTIHIT,1100.0,2330957993.6145034,5.595892887503739,2.0283488654744874e-54,136053595.90100658,12431775965.944017,5.827539788423184
v913_zeroD_sobol_0202500,CONTROL,CLEAVAGE_MULTIHIT,1100.0,2408656593.401654,5.575590107656383,3.856570801788075e-54,136053595.90100658,12431775965.944017,5.827539788423184
v913_zeroD_sobol_0202500,CONTROL,CLEAVAGE_MULTIHIT,1100.0,2486355193.1888037,5.554280844584322,7.569965928664078e-54,136053595.90100658,12431775965.944017,5.827539788423184
v913_zeroD_sobol_0202500,CONTROL,CLEAVAGE_MULTIHIT,1100.0,2564053792.9759536,5.531956191758343,1.5344152996295554e-53,136053595.90100658,12431775965.944017,5.827539788423184
v913_zeroD_sobol_0202500,CONTROL,CLEAVAGE_MULTIHIT,1100.0,2641752392.763104,5.508608411465237,3.2125851589043745e-53,136053595.90100658,12431775965.944017,5.827539788423184
v913_zeroD_sobol_0202500,CONTROL,CLEAVAGE_MULTIHIT,1100.0,2719450992.550254,5.484230945655903,6.9489510083734325e-53,136053595.90100658,12431775965.944017,5.827539788423184
v913_zeroD_sobol_0202500,CONTROL,CLEAVAGE_MULTIHIT,1100.0,2797149592.3374043,5.458818426288929,1.5531396480853148e-52,136053595.90100658,12431775965.944017,5.827539788423184
v913_zeroD_sobol_0202500,CONTROL,CLEAVAGE_MULTIHIT,1100.0,2874848192.124554,5.432366685023652,3.5874488007635274e-52,136053595.90100658,12431775965.944017,5.827539788423184
v913_zeroD_sobol_0202500,CONTROL,CLEAVAGE_MULTIHIT,1100.0,2952546791.9117045,5.404872762127592,8.564175267954217e-52,136053595.90100658,12431775965.944017,5.827539788423184
v913_zeroD_sobol_0202500,CONTROL,CLEAVAGE_MULTIHIT,1100.0,3030245391.6988544,5.376334914472966,2.1131677323420222e-51,136053595.90100658,12431775965.944017,5.827539788423184
v913_zeroD_sobol_0202500,CONTROL,CLEAVAGE_MULTIHIT,1100.0,3107943991.486005,5.3467526225058535,5.389371535678368e-51,136053595.90100658,12431775965.944017,5.827539788423184
v913_zeroD_sobol_0202500,CONTROL,CLEAVAGE_MULTIHIT,1100.0,3185642591.2731547,5.316126596079932,1.4206537800640493e-50,136053595.90100658,12431775965.944017,5.827539788423184
v913_zeroD_sobol_0202500,CONTROL,CLEAVAGE_MULTIHIT,1100.0,3263341191.0603046,5.284458779054349,3.870415883583528e-50,136053595.90100658,12431775965.944017,5.827539788423184
v913_zeroD_sobol_0202500,CONTROL,CLEAVAGE_MULTIHIT,1100.0,3341039790.847455,5.251752352562656,1.0896889482657423e-49,136053595.90100658,12431775965.944017,5.827539788423184
v913_zeroD_sobol_0202500,CONTROL,CLEAVAGE_MULTIHIT,1100.0,3418738390.634605,5.218011736866696,3.1700216938174893e-49,136053595.90100658,12431775965.944017,5.827539788423184
v913_zeroD_sobol_0202500,CONTROL,CLEAVAGE_MULTIHIT,1100.0,3496436990.4217553,5.1832425917160965,9.527060101625889e-49,136053595.90100658,12431775965.944017,5.827539788423184
v913_zeroD_sobol_0202500,CONTROL,CLEAVAGE_MULTIHIT,1100.0,3574135590.208905,5.147451815140603,2.9573160884763817e-48,136053595.90100658,12431775965.944017,5.827539788423184
v913_zeroD_sobol_0202500,CONTROL,CLEAVAGE_MULTIHIT,1100.0,3651834189.9960556,5.110647540608936,9.479096922414169e-48,136053595.90100658,12431775965.944017,5.827539788423184
v913_zeroD_sobol_0202500,CONTROL,CLEAVAGE_MULTIHIT,1100.0,3729532789.7832055,5.072839132494219,3.136446232461142e-47,136053595.90100658,12431775965.944017,5.827539788423184
v913_zeroD_sobol_0202500,CONTROL,CLEAVAGE_MULTIHIT,1100.0,3807231389.5703554,5.034037179792368,1.07093928712294e-46,136053595.90100658,12431775965.944017,5.827539788423184
v913_zeroD_sobol_0202500,CONTROL,CLEAVAGE_MULTIHIT,1100.0,3884929989.357506,4.994253488046084,3.772121824544431e-46,136053595.90100658,12431775965.944017,5.827539788423184
v913_zeroD_sobol_0202500,CONTROL,CLEAVAGE_MULTIHIT,1100.0,3962628589.1446557,4.9535010694334245,1.3700031786477332e-45,136053595.90100658,12431775965.944017,5.827539788423184
v913_zeroD_sobol_0202500,CONTROL,CLEAVAGE_MULTIHIT,1100.0,4040327188.931806,4.911794130986194,5.128344256318838e-45,136053595.90100658,12431775965.944017,5.827539788423184
v913_zeroD_sobol_0202500,CONTROL,CLEAVAGE_MULTIHIT,1100.0,4118025788.718956,4.8691480609096995,1.977611550439779e-44,136053595.90100658,12431775965.944017,5.827539788423184
v913_zeroD_sobol_0202500,CONTROL,CLEAVAGE_MULTIHIT,1100.0,4195724388.5061064,4.825579412981767,7.852094231467085e-44,136053595.90100658,12431775965.944017,5.827539788423184
v913_zeroD_sobol_0202500,CONTROL,CLEAVAGE_MULTIHIT,1100.0,4273422988.2932563,4.781105889015235,3.2082440742768985e-43,136053595.90100658,12431775965.944017,5.827539788423184
v913_zeroD_sobol_0202500,CONTROL,CLEAVAGE_MULTIHIT,1100.0,4351121588.080406,4.735746319374543,1.348117862920242e-42,136053595.90100658,12431775965.944017,5.827539788423184
v913_zeroD_sobol_0202500,CONTROL,CLEAVAGE_MULTIHIT,1100.0,4428820187.867557,4.689520641543377,5.822276852409454e-42,136053595.90100658,12431775965.944017,5.827539788423184
v913_zeroD_sobol_0202500,CONTROL,CLEAVAGE_MULTIHIT,1100.0,4506518787.654707,4.642449876746768,2.582696863072669e-41,136053595.90100658,12431775965.944017,5.827539788423184
v913_zeroD_sobol_0202500,CONTROL,CLEAVAGE_MULTIHIT,1100.0,4584217387.441856,4.594556104637374,1.1758884627306367e-40,136053595.90100658,12431775965.944017,5.827539788423184
v913_zeroD_sobol_0202500,CONTROL,CLEAVAGE_MULTIHIT,1100.0,4661915987.229007,4.545862436062122,5.491023219142821e-40,136053595.90100658,12431775965.944017,5.827539788423184
v913_zeroD_sobol_0202500,CONTROL,CLEAVAGE_MULTIHIT,1100.0,4739614587.016157,4.4963929839316625,2.6278674726131943e-39,136053595.90100658,12431775965.944017,5.827539788423184
v913_zeroD_sobol_0202500,CONTROL,CLEAVAGE_MULTIHIT,1100.0,4817313186.803308,4.446172832221463,1.2878695982603413e-38,136053595.90100658,12431775965.944017,5.827539788423184
v913_zeroD_sobol_0202500,CONTROL,CLEAVAGE_MULTIHIT,1100.0,4895011786.590457,4.395228003139573,6.45804258852227e-38,136053595.90100658,12431775965.944017,5.827539788423184
v913_zeroD_sobol_0202500,CONTROL,CLEAVAGE_MULTIHIT,1100.0,4972710386.377607,4.343585422502333,3.3107044177626416e-37,136053595.90100658,12431775965.944017,5.827539788423184
v913_zeroD_sobol_0202500,CONTROL,CLEAVAGE_MULTIHIT,1100.0,5050408986.164758,4.291272883365336,1.7335979740539578e-36,136053595.90100658,12431775965.944017,5.827539788423184
v913_zeroD_sobol_0202500,CONTROL,CLEAVAGE_MULTIHIT,1100.0,5128107585.951907,4.238319007963006,9.263848493477352e-36,136053595.90100658,12431775965.944017,5.827539788423184
v913_zeroD_sobol_0202500,CONTROL,CLEAVAGE_MULTIHIT,1100.0,5205806185.739058,4.184753208015963,5.047139487965361e-35,136053595.90100658,12431775965.944017,5.827539788423184
v913_zeroD_sobol_0202500,CONTROL,CLEAVAGE_MULTIHIT,1100.0,5283504785.526208,4.130605643471111,2.8008860348429e-34,136053595.90100658,12431775965.944017,5.827539788423184
v913_zeroD_sobol_0202500,CONTROL,CLEAVAGE_MULTIHIT,1100.0,5361203385.313358,4.075907179744933,1.581676256658591e-33,136053595.90100658,12431775965.944017,5.827539788423184
v913_zeroD_sobol_0202500,CONTROL,CLEAVAGE_MULTIHIT,1100.0,5438901985.100508,4.020689343545839,9.079845292935854e-33,136053595.90100658,12431775965.944017,5.827539788423184
v913_zeroD_sobol_0202500,CONTROL,CLEAVAGE_MULTIHIT,1100.0,5516600584.887658,3.9649842773566193,5.293418189394172e-32,136053595.90100658,12431775965.944017,5.827539788423184
v913_zeroD_sobol_0202500,CONTROL,CLEAVAGE_MULTIHIT,1100.0,5594299184.6748085,3.9088246926629835,3.1306985376292265e-31,136053595.90100658,12431775965.944017,5.827539788423184
v913_zeroD_sobol_0202500,CONTROL,CLEAVAGE_MULTIHIT,1100.0,5671997784.461958,3.8522438220188793,1.876449182332352e-30,136053595.90100658,12431775965.944017,5.827539788423184
v913_zeroD_sobol_0202500,CONTROL,CLEAVAGE_MULTIHIT,1100.0,5749696384.249108,3.795275370043781,1.1385696725200726e-29,136053595.90100658,12431775965.944017,5.827539788423184
v913_zeroD_sobol_0202500,CONTROL,CLEAVAGE_MULTIHIT,1100.0,5827394984.036259,3.73795346345127,6.9861932733902e-29,136053595.90100658,12431775965.944017,5.827539788423184
v913_zeroD_sobol_0202500,CONTROL,CLEAVAGE_MULTIHIT,1100.0,5905093583.823409,3.680312600212137,4.330176433326435e-28,136053595.90100658,12431775965.944017,5.827539788423184
v913_zeroD_sobol_0202500,CONTROL,CLEAVAGE_MULTIHIT,1100.0,5982792183.6105585,3.6223875979588254,2.708170705051783e-27,136053595.90100658,12431775965.944017,5.827539788423184
v913_zeroD_sobol_0202500,CONTROL,CLEAVAGE_MULTIHIT,1100.0,6060490783.397709,3.564213541741256,1.7071421643444736e-26,136053595.90100658,12431775965.944017,5.827539788423184
v913_zeroD_sobol_0202500,CONTROL,CLEAVAGE_MULTIHIT,1100.0,6138189383.184859,3.5058257312470102,1.0834312612005042e-25,136053595.90100658,12431775965.944017,5.827539788423184
v913_zeroD_sobol_0202500,CONTROL,CLEAVAGE_MULTIHIT,1100.0,6215887982.97201,3.4472596276013885,6.9148640895242545e-25,136053595.90100658,12431775965.944017,5.827539788423184
v913_zeroD_sobol_0202500,CONTROL,CLEAVAGE_MULTIHIT,1100.0,6293586582.759159,3.388550799865043,4.433305459803787e-24,136053595.90100658,12431775965.944017,5.827539788423184
v913_zeroD_sobol_0202500,CONTROL,CLEAVAGE_MULTIHIT,1100.0,6371285182.546309,3.3297348713487205,2.8519620811056005e-23,136053595.90100658,12431775965.944017,5.827539788423184
v913_zeroD_sobol_0202500,CONTROL,CLEAVAGE_MULTIHIT,1100.0,6448983782.33346,3.2708474658660287,1.8388329543371194e-22,136053595.90100658,12431775965.944017,5.827539788423184
v913_zeroD_sobol_0202500,CONTROL,CLEAVAGE_MULTIHIT,1100.0,6526682382.120609,3.2119241540462147,1.1869552253197312e-21,136053595.90100658,12431775965.944017,5.827539788423184
v913_zeroD_sobol_0202500,CONTROL,CLEAVAGE_MULTIHIT,1100.0,6604380981.90776,3.153000399829513,7.661829361927974e-21,136053595.90100658,12431775965.944017,5.827539788423184
v913_zeroD_sobol_0202500,CONTROL,CLEAVAGE_MULTIHIT,1100.0,6682079581.69491,3.0941115072678858,4.9402786525004256e-20,136053595.90100658,12431775965.944017,5.827539788423184
v913_zeroD_sobol_0202500,CONTROL,CLEAVAGE_MULTIHIT,1100.0,6759778181.48206,3.0352925677537197,3.178402698900611e-19,136053595.90100658,12431775965.944017,5.827539788423184
v913_zeroD_sobol_0202500,CONTROL,CLEAVAGE_MULTIHIT,1100.0,6837476781.26921,2.9765784077984896,2.0381034076818225e-18,136053595.90100658,12431775965.944017,5.827539788423184
v913_zeroD_sobol_0202500,CONTROL,CLEAVAGE_MULTIHIT,1100.0,6915175381.05636,2.9180035374823072,1.3011548693205314e-17,136053595.90100658,12431775965.944017,5.827539788423184
v913_zeroD_sobol_0202500,CONTROL,CLEAVAGE_MULTIHIT,1100.0,6992873980.843511,2.8596020996938862,8.261291719745343e-17,136053595.90100658,12431775965.944017,5.827539788423184
v913_zeroD_sobol_0202500,CONTROL,CLEAVAGE_MULTIHIT,1100.0,7070572580.63066,2.8014078202785537,5.210981773874349e-16,136053595.90100658,12431775965.944017,5.827539788423184
v913_zeroD_sobol_0202500,CONTROL,CLEAVAGE_MULTIHIT,1100.0,7148271180.41781,2.743453959209693,3.2620199886496426e-15,136053595.90100658,12431775965.944017,5.827539788423184
v913_zeroD_sobol_0202500,CONTROL,CLEAVAGE_MULTIHIT,1100.0,7225969780.204961,2.685773262896373,2.0244126379338722e-14,136053595.90100658,12431775965.944017,5.827539788423184
v913_zeroD_sobol_0202500,CONTROL,CLEAVAGE_MULTIHIT,1100.0,7303668379.992111,2.6283979177367978,1.2442693274179451e-13,136053595.90100658,12431775965.944017,5.827539788423184
v913_zeroD_sobol_0202500,CONTROL,CLEAVAGE_MULTIHIT,1100.0,7381366979.779261,2.5713595050238593,7.566561312108853e-13,136053595.90100658,12431775965.944017,5.827539788423184
v913_zeroD_sobol_0202500,CONTROL,CLEAVAGE_MULTIHIT,1100.0,7459065579.566411,2.514688957305203,4.548060876720504e-12,136053595.90100658,12431775965.944017,5.827539788423184
v913_zeroD_sobol_0202500,CONTROL,CLEAVAGE_MULTIHIT,1100.0,7536764179.353561,2.458416516296121,2.6994899339500472e-11,136053595.90100658,12431775965.944017,5.827539788423184
v913_zeroD_sobol_0202500,CONTROL,CLEAVAGE_MULTIHIT,1100.0,7614462779.140711,2.402571692439045,1.5807347194736724e-10,136053595.90100658,12431775965.944017,5.827539788423184
v913_zeroD_sobol_0202500,CONTROL,CLEAVAGE_MULTIHIT,1100.0,7692161378.927861,2.3471832261985925,9.123523391597603e-10,136053595.90100658,12431775965.944017,5.827539788423184
v913_zeroD_sobol_0202500,CONTROL,CLEAVAGE_MULTIHIT,1100.0,7769859978.715012,2.2922790511760547,5.185703879703443e-09,136053595.90100658,12431775965.944017,5.827539788423184
v913_zeroD_sobol_0202500,CONTROL,CLEAVAGE_MULTIHIT,1100.0,7847558578.502162,2.2378862591216913,2.900150391258052e-08,136053595.90100658,12431775965.944017,5.827539788423184
v913_zeroD_sobol_0202500,CONTROL,CLEAVAGE_MULTIHIT,1100.0,7925257178.289311,2.1840310669176306,1.5945499379403044e-07,136053595.90100658,12431775965.944017,5.827539788423184
v913_zeroD_sobol_0202500,CONTROL,CLEAVAGE_MULTIHIT,1100.0,8002955778.076462,2.13073878559817,8.612084819887433e-07,136053595.90100658,12431775965.944017,5.827539788423184
v913_zeroD_sobol_0202500,CONTROL,CLEAVAGE_MULTIHIT,1100.0,8080654377.863612,2.0780337914681746,4.565503025821773e-06,136053595.90100658,12431775965.944017,5.827539788423184
v913_zeroD_sobol_0202500,CONTROL,CLEAVAGE_MULTIHIT,1100.0,8158352977.650762,2.0259394993739126,2.3738043250233807e-05,136053595.90100658,12431775965.944017,5.827539788423184
v913_zeroD_sobol_0202500,CONTROL,CLEAVAGE_MULTIHIT,1100.0,8236051577.437912,1.974478338174161,0.00012096178463039162,136053595.90100658,12431775965.944017,5.827539788423184
v913_zeroD_sobol_0202500,CONTROL,CLEAVAGE_MULTIHIT,1100.0,8313750177.225062,1.9236717284527556,0.0006036285687958453,136053595.90100658,12431775965.944017,5.827539788423184
v913_zeroD_sobol_0202500,CONTROL,CLEAVAGE_MULTIHIT,1100.0,8391448777.012213,1.873540062506998,0.0029476318857454406,136053595.90100658,12431775965.944017,5.827539788423184
v913_zeroD_sobol_0202500,CONTROL,CLEAVAGE_MULTIHIT,1100.0,8469147376.799362,1.8241026866394465,0.014073472504972082,136053595.90100658,12431775965.944017,5.827539788423184
v913_zeroD_sobol_0202500,CONTROL,CLEAVAGE_MULTIHIT,1100.0,8546845976.586513,1.7753778857736995,0.06563798825649865,136053595.90100658,12431775965.944017,5.827539788423184
v913_zeroD_sobol_0202500,CONTROL,CLEAVAGE_MULTIHIT,1100.0,8624544576.373663,1.7273828704078193,0.29871951046489287,136053595.90100658,12431775965.944017,5.827539788423184
v913_zeroD_sobol_0202500,CONTROL,CLEAVAGE_MULTIHIT,1100.0,8702243176.160812,1.6801337659120459,1.3247473228936757,136053595.90100658,12431775965.944017,5.827539788423184
v913_zeroD_sobol_0202500,CONTROL,CLEAVAGE_MULTIHIT,1100.0,8779941775.947964,1.6336456041705134,5.714467507988864,136053595.90100658,12431775965.944017,5.827539788423184
v913_zeroD_sobol_0202500,CONTROL,CLEAVAGE_MULTIHIT,1100.0,8857640375.735113,1.5879323175597653,23.91666760846123,136053595.90100658,12431775965.944017,5.827539788423184
v913_zeroD_sobol_0202500,CONTROL,CLEAVAGE_MULTIHIT,1100.0,8935338975.522263,1.5430067352500263,96.77321294530171,136053595.90100658,12431775965.944017,5.827539788423184
v913_zeroD_sobol_0202500,CONTROL,CLEAVAGE_MULTIHIT,1100.0,9013037575.309414,1.4988805818084452,376.61603281349954,136053595.90100658,12431775965.944017,5.827539788423184
v913_zeroD_sobol_0202500,CONTROL,CLEAVAGE_MULTIHIT,1100.0,9090736175.096563,1.4555644780769423,1399.2269840038193,136053595.90100658,12431775965.944017,5.827539788423184
v913_zeroD_sobol_0202500,CONTROL,CLEAVAGE_MULTIHIT,1100.0,9168434774.883713,1.4130679442907883,4909.691170360504,136053595.90100658,12431775965.944017,5.827539788423184
v913_zeroD_sobol_0202500,CONTROL,CLEAVAGE_MULTIHIT,1100.0,9246133374.670864,1.3713994053978245,16023.90341511147,136053595.90100658,12431775965.944017,5.827539788423184
v913_zeroD_sobol_0202500,CONTROL,CLEAVAGE_MULTIHIT,1100.0,9323831974.458014,1.330566198532115,47625.85353273278,136053595.90100658,12431775965.944017,5.827539788423184
v913_zeroD_sobol_0202500,CONTROL,CLEAVAGE_MULTIHIT,1100.0,9401530574.245163,1.290574582589965,125325.21901328933,136053595.90100658,12431775965.944017,5.827539788423184
v913_zeroD_sobol_0202500,CONTROL,CLEAVAGE_MULTIHIT,1100.0,9479229174.032314,1.2514297498506797,281951.2417671368,136053595.90100658,12431775965.944017,5.827539788423184
v913_zeroD_sobol_0202500,CONTROL,CLEAVAGE_MULTIHIT,1100.0,9556927773.819464,1.2131358395790446,522440.17731736985,136053595.90100658,12431775965.944017,5.827539788423184
v913_zeroD_sobol_0202500,CONTROL,CLEAVAGE_MULTIHIT,1100.0,9634626373.606615,1.1756959535414728,777011.3540829765,136053595.90100658,12431775965.944017,5.827539788423184
v913_zeroD_sobol_0202500,CONTROL,CLEAVAGE_MULTIHIT,1100.0,9712324973.393764,1.1391121733630447,939784.9722286967,136053595.90100658,12431775965.944017,5.827539788423184
v913_zeroD_sobol_0202500,CONTROL,CLEAVAGE_MULTIHIT,1100.0,9790023573.180914,1.1033855796481629,992713.320106411,136053595.90100658,12431775965.944017,5.827539788423184
v913_zeroD_sobol_0202500,CONTROL,CLEAVAGE_MULTIHIT,1100.0,9867722172.968065,1.06851627278352,999716.8873022676,136053595.90100658,12431775965.944017,5.827539788423184
v913_zeroD_sobol_0202500,CONTROL,CLEAVAGE_MULTIHIT,1100.0,9945420772.755215,1.034503395338274,999997.7153227316,136053595.90100658,12431775965.944017,5.827539788423184
v913_zeroD_sobol_0202500,CONTROL,CLEAVAGE_MULTIHIT,1100.0,10023119372.542364,1.0013451559729385,999999.9978288459,136053595.90100658,12431775965.944017,5.827539788423184
v913_zeroD_sobol_0202500,CONTROL,CLEAVAGE_MULTIHIT,1100.0,10100817972.329515,0.9690388547654845,999999.9999998835,136053595.90100658,12431775965.944017,5.827539788423184
v913_zeroD_sobol_0202500,CONTROL,CLEAVAGE_MULTIHIT,1100.0,10178516572.116665,0.9375809098604693,1000000.0,136053595.90100658,12431775965.944017,5.827539788423184
v913_zeroD_sobol_0202500,CONTROL,CLEAVAGE_MULTIHIT,1100.0,10256215171.903814,0.9069668853447368,1000000.0,136053595.90100658,12431775965.944017,5.827539788423184
v913_zeroD_sobol_0202500,CONTROL,CLEAVAGE_MULTIHIT,1100.0,10333913771.690966,0.8771915202513423,1000000.0,136053595.90100658,12431775965.944017,5.827539788423184
v913_zeroD_sobol_0202500,CONTROL,CLEAVAGE_MULTIHIT,1100.0,10411612371.478115,0.8482487585918541,1000000.0,136053595.90100658,12431775965.944017,5.827539788423184
v913_zeroD_sobol_0202500,CONTROL,CLEAVAGE_MULTIHIT,1100.0,10489310971.265266,0.8201317803160204,1000000.0,136053595.90100658,12431775965.944017,5.827539788423184
v913_zeroD_sobol_0202500,CONTROL,CLEAVAGE_MULTIHIT,1100.0,10567009571.052416,0.7928330330971047,1000000.0,136053595.90100658,12431775965.944017,5.827539788423184
v913_zeroD_sobol_0202500,CONTROL,CLEAVAGE_MULTIHIT,1100.0,10644708170.839565,0.7663442648407746,1000000.0,136053595.90100658,12431775965.944017,5.827539788423184
v913_zeroD_sobol_0202500,CONTROL,CLEAVAGE_MULTIHIT,1100.0,10722406770.626717,0.7406565568154886,1000000.0,136053595.90100658,12431775965.944017,5.827539788423184
v913_zeroD_sobol_0202500,CONTROL,CLEAVAGE_MULTIHIT,1100.0,10800105370.413866,0.7157603573026676,1000000.0,136053595.90100658,12431775965.944017,5.827539788423184
v913_zeroD_sobol_0202500,CONTROL,CLEAVAGE_MULTIHIT,1100.0,10877803970.201015,0.6916455156657033,1000000.0,136053595.90100658,12431775965.944017,5.827539788423184
v913_zeroD_sobol_0202500,CONTROL,CLEAVAGE_MULTIHIT,1100.0,10955502569.988167,0.6683013167379361,1000000.0,136053595.90100658,12431775965.944017,5.827539788423184
v913_zeroD_sobol_0202500,CONTROL,CLEAVAGE_MULTIHIT,1100.0,11033201169.775316,0.6457165154311622,1000000.0,136053595.90100658,12431775965.944017,5.827539788423184
v913_zeroD_sobol_0202500,CONTROL,CLEAVAGE_MULTIHIT,1100.0,11110899769.562466,0.623879371467979,1000000.0,136053595.90100658,12431775965.944017,5.827539788423184
v913_zeroD_sobol_0202500,CONTROL,CLEAVAGE_MULTIHIT,1100.0,11188598369.349617,0.6027776841433546,1000000.0,136053595.90100658,12431775965.944017,5.827539788423184
v913_zeroD_sobol_0202500,CONTROL,CLEAVAGE_MULTIHIT,1100.0,11266296969.136766,0.5823988270231569,1000000.0,136053595.90100658,12431775965.944017,5.827539788423184
v913_zeroD_sobol_0202500,CONTROL,CLEAVAGE_MULTIHIT,1100.0,11343995568.923916,0.5627297824900093,1000000.0,136053595.90100658,12431775965.944017,5.827539788423184
v913_zeroD_sobol_0202500,CONTROL,CLEAVAGE_MULTIHIT,1100.0,11421694168.711067,0.5437571760497707,1000000.0,136053595.90100658,12431775965.944017,5.827539788423184
v913_zeroD_sobol_0202500,CONTROL,CLEAVAGE_MULTIHIT,1100.0,11499392768.498217,0.5254673103150485,1000000.0,136053595.90100658,12431775965.944017,5.827539788423184
v913_zeroD_sobol_0202500,CONTROL,CLEAVAGE_MULTIHIT,1100.0,11577091368.285368,0.507846198585547,1000000.0,136053595.90100658,12431775965.944017,5.827539788423184
v913_zeroD_sobol_0202500,CONTROL,CLEAVAGE_MULTIHIT,1100.0,11654789968.072517,0.49087959794862396,1000000.0,136053595.90100658,12431775965.944017,5.827539788423184
v913_zeroD_sobol_0202500,CONTROL,CLEAVAGE_MULTIHIT,1100.0,11732488567.859667,0.4745530418271792,1000000.0,136053595.90100658,12431775965.944017,5.827539788423184
v913_zeroD_sobol_0202500,CONTROL,CLEAVAGE_MULTIHIT,1100.0,11810187167.646818,0.45885187190594473,1000000.0,136053595.90100658,12431775965.944017,5.827539788423184
v913_zeroD_sobol_0202500,CONTROL,CLEAVAGE_MULTIHIT,1100.0,11887885767.433968,0.4437612693712946,1000000.0,136053595.90100658,12431775965.944017,5.827539788423184
v913_zeroD_sobol_0202500,CONTROL,CLEAVAGE_MULTIHIT,1100.0,11965584367.221117,0.42926628540389183,1000000.0,136053595.90100658,12431775965.944017,5.827539788423184
v913_zeroD_sobol_0202500,CONTROL,CLEAVAGE_MULTIHIT,1100.0,12043282967.008268,0.415351870867792,1000000.0,136053595.90100658,12431775965.944017,5.827539788423184
v913_zeroD_sobol_0202500,CONTROL,CLEAVAGE_MULTIHIT,1100.0,12120981566.795418,0.4020029051439806,1000000.0,136053595.90100658,12431775965.944017,5.827539788423184
v913_zeroD_sobol_0202500,CONTROL,CLEAVAGE_MULTIHIT,1100.0,12198680166.582567,0.3892042240607646,1000000.0,136053595.90100658,12431775965.944017,5.827539788423184
v913_zeroD_sobol_0202500,CONTROL,CLEAVAGE_MULTIHIT,1100.0,12276378766.369719,0.37694064687791295,1000000.0,136053595.90100658,12431775965.944017,5.827539788423184
v913_zeroD_sobol_0202500,CONTROL,CLEAVAGE_MULTIHIT,1100.0,12354077366.156868,0.3651970022859171,1000000.0,136053595.90100658,12431775965.944017,5.827539788423184
v913_zeroD_sobol_0202500,CONTROL,CLEAVAGE_MULTIHIT,1100.0,12431775965.944017,0.3539581533862559,1000000.0,136053595.90100658,12431775965.944017,5.827539788423184
oneD_v2_dbtt_TP_f07fe99faea93479,TRANSPORT_EXTREME,PEIERLS,1100.0,0.0,1.2357133694246407,2179893.1048332164,0.0,64016790.06298296,1.2357133694246407
oneD_v2_dbtt_TP_f07fe99faea93479,TRANSPORT_EXTREME,PEIERLS,1100.0,400104.9378936435,0.012812154787680373,873573839233.2717,0.0,64016790.06298296,1.2357133694246407
oneD_v2_dbtt_TP_f07fe99faea93479,TRANSPORT_EXTREME,PEIERLS,1100.0,800209.875787287,0.012812154787680373,873573839233.2717,0.0,64016790.06298296,1.2357133694246407
oneD_v2_dbtt_TP_f07fe99faea93479,TRANSPORT_EXTREME,PEIERLS,1100.0,1200314.8136809305,0.012812154787680373,873573839233.2717,0.0,64016790.06298296,1.2357133694246407
oneD_v2_dbtt_TP_f07fe99faea93479,TRANSPORT_EXTREME,PEIERLS,1100.0,1600419.751574574,0.012812154787680373,873573839233.2717,0.0,64016790.06298296,1.2357133694246407
oneD_v2_dbtt_TP_f07fe99faea93479,TRANSPORT_EXTREME,PEIERLS,1100.0,2000524.6894682175,0.012812154787680373,873573839233.2717,0.0,64016790.06298296,1.2357133694246407
oneD_v2_dbtt_TP_f07fe99faea93479,TRANSPORT_EXTREME,PEIERLS,1100.0,2400629.627361861,0.012812154787680373,873573839233.2717,0.0,64016790.06298296,1.2357133694246407
oneD_v2_dbtt_TP_f07fe99faea93479,TRANSPORT_EXTREME,PEIERLS,1100.0,2800734.5652555046,0.012812154787680373,873573839233.2717,0.0,64016790.06298296,1.2357133694246407
oneD_v2_dbtt_TP_f07fe99faea93479,TRANSPORT_EXTREME,PEIERLS,1100.0,3200839.503149148,0.012812154787680373,873573839233.2717,0.0,64016790.06298296,1.2357133694246407
oneD_v2_dbtt_TP_f07fe99faea93479,TRANSPORT_EXTREME,PEIERLS,1100.0,3600944.4410427916,0.012812154787680373,873573839233.2717,0.0,64016790.06298296,1.2357133694246407
oneD_v2_dbtt_TP_f07fe99faea93479,TRANSPORT_EXTREME,PEIERLS,1100.0,4001049.378936435,0.012812154787680373,873573839233.2717,0.0,64016790.06298296,1.2357133694246407
oneD_v2_dbtt_TP_f07fe99faea93479,TRANSPORT_EXTREME,PEIERLS,1100.0,4401154.316830078,0.012812154787680373,873573839233.2717,0.0,64016790.06298296,1.2357133694246407
oneD_v2_dbtt_TP_f07fe99faea93479,TRANSPORT_EXTREME,PEIERLS,1100.0,4801259.254723722,0.012812154787680373,873573839233.2717,0.0,64016790.06298296,1.2357133694246407
oneD_v2_dbtt_TP_f07fe99faea93479,TRANSPORT_EXTREME,PEIERLS,1100.0,5201364.192617366,0.012812154787680373,873573839233.2717,0.0,64016790.06298296,1.2357133694246407
oneD_v2_dbtt_TP_f07fe99faea93479,TRANSPORT_EXTREME,PEIERLS,1100.0,5601469.130511009,0.012812154787680373,873573839233.2717,0.0,64016790.06298296,1.2357133694246407
oneD_v2_dbtt_TP_f07fe99faea93479,TRANSPORT_EXTREME,PEIERLS,1100.0,6001574.068404652,0.012812154787680373,873573839233.2717,0.0,64016790.06298296,1.2357133694246407
oneD_v2_dbtt_TP_f07fe99faea93479,TRANSPORT_EXTREME,PEIERLS,1100.0,6401679.006298296,0.012812154787680373,873573839233.2717,0.0,64016790.06298296,1.2357133694246407
oneD_v2_dbtt_TP_f07fe99faea93479,TRANSPORT_EXTREME,PEIERLS,1100.0,6801783.94419194,0.012812154787680373,873573839233.2717,0.0,64016790.06298296,1.2357133694246407
oneD_v2_dbtt_TP_f07fe99faea93479,TRANSPORT_EXTREME,PEIERLS,1100.0,7201888.882085583,0.012812154787680373,873573839233.2717,0.0,64016790.06298296,1.2357133694246407
oneD_v2_dbtt_TP_f07fe99faea93479,TRANSPORT_EXTREME,PEIERLS,1100.0,7601993.819979226,0.012812154787680373,873573839233.2717,0.0,64016790.06298296,1.2357133694246407
oneD_v2_dbtt_TP_f07fe99faea93479,TRANSPORT_EXTREME,PEIERLS,1100.0,8002098.75787287,0.012812154787680373,873573839233.2717,0.0,64016790.06298296,1.2357133694246407
oneD_v2_dbtt_TP_f07fe99faea93479,TRANSPORT_EXTREME,PEIERLS,1100.0,8402203.695766514,0.012812154787680373,873573839233.2717,0.0,64016790.06298296,1.2357133694246407
oneD_v2_dbtt_TP_f07fe99faea93479,TRANSPORT_EXTREME,PEIERLS,1100.0,8802308.633660156,0.012812154787680373,873573839233.2717,0.0,64016790.06298296,1.2357133694246407
oneD_v2_dbtt_TP_f07fe99faea93479,TRANSPORT_EXTREME,PEIERLS,1100.0,9202413.5715538,0.012812154787680373,873573839233.2717,0.0,64016790.06298296,1.2357133694246407
oneD_v2_dbtt_TP_f07fe99faea93479,TRANSPORT_EXTREME,PEIERLS,1100.0,9602518.509447444,0.012812154787680373,873573839233.2717,0.0,64016790.06298296,1.2357133694246407
oneD_v2_dbtt_TP_f07fe99faea93479,TRANSPORT_EXTREME,PEIERLS,1100.0,10002623.447341088,0.012812154787680373,873573839233.2717,0.0,64016790.06298296,1.2357133694246407
oneD_v2_dbtt_TP_f07fe99faea93479,TRANSPORT_EXTREME,PEIERLS,1100.0,10402728.385234732,0.012812154787680373,873573839233.2717,0.0,64016790.06298296,1.2357133694246407
oneD_v2_dbtt_TP_f07fe99faea93479,TRANSPORT_EXTREME,PEIERLS,1100.0,10802833.323128374,0.012812154787680373,873573839233.2717,0.0,64016790.06298296,1.2357133694246407
oneD_v2_dbtt_TP_f07fe99faea93479,TRANSPORT_EXTREME,PEIERLS,1100.0,11202938.261022018,0.012812154787680373,873573839233.2717,0.0,64016790.06298296,1.2357133694246407
oneD_v2_dbtt_TP_f07fe99faea93479,TRANSPORT_EXTREME,PEIERLS,1100.0,11603043.198915662,0.012812154787680373,873573839233.2717,0.0,64016790.06298296,1.2357133694246407
oneD_v2_dbtt_TP_f07fe99faea93479,TRANSPORT_EXTREME,PEIERLS,1100.0,12003148.136809304,0.012812154787680373,873573839233.2717,0.0,64016790.06298296,1.2357133694246407
oneD_v2_dbtt_TP_f07fe99faea93479,TRANSPORT_EXTREME,PEIERLS,1100.0,12403253.074702948,0.012812154787680373,873573839233.2717,0.0,64016790.06298296,1.2357133694246407
oneD_v2_dbtt_TP_f07fe99faea93479,TRANSPORT_EXTREME,PEIERLS,1100.0,12803358.012596592,0.012812154787680373,873573839233.2717,0.0,64016790.06298296,1.2357133694246407
oneD_v2_dbtt_TP_f07fe99faea93479,TRANSPORT_EXTREME,PEIERLS,1100.0,13203462.950490236,0.012812154787680373,873573839233.2717,0.0,64016790.06298296,1.2357133694246407
oneD_v2_dbtt_TP_f07fe99faea93479,TRANSPORT_EXTREME,PEIERLS,1100.0,13603567.88838388,0.012812154787680373,873573839233.2717,0.0,64016790.06298296,1.2357133694246407
oneD_v2_dbtt_TP_f07fe99faea93479,TRANSPORT_EXTREME,PEIERLS,1100.0,14003672.826277522,0.012812154787680373,873573839233.2717,0.0,64016790.06298296,1.2357133694246407
oneD_v2_dbtt_TP_f07fe99faea93479,TRANSPORT_EXTREME,PEIERLS,1100.0,14403777.764171166,0.012812154787680373,873573839233.2717,0.0,64016790.06298296,1.2357133694246407
oneD_v2_dbtt_TP_f07fe99faea93479,TRANSPORT_EXTREME,PEIERLS,1100.0,14803882.70206481,0.012812154787680373,873573839233.2717,0.0,64016790.06298296,1.2357133694246407
oneD_v2_dbtt_TP_f07fe99faea93479,TRANSPORT_EXTREME,PEIERLS,1100.0,15203987.639958452,0.012812154787680373,873573839233.2717,0.0,64016790.06298296,1.2357133694246407
oneD_v2_dbtt_TP_f07fe99faea93479,TRANSPORT_EXTREME,PEIERLS,1100.0,15604092.577852096,0.012812154787680373,873573839233.2717,0.0,64016790.06298296,1.2357133694246407
oneD_v2_dbtt_TP_f07fe99faea93479,TRANSPORT_EXTREME,PEIERLS,1100.0,16004197.51574574,0.012812154787680373,873573839233.2717,0.0,64016790.06298296,1.2357133694246407
oneD_v2_dbtt_TP_f07fe99faea93479,TRANSPORT_EXTREME,PEIERLS,1100.0,16404302.453639384,0.012812154787680373,873573839233.2717,0.0,64016790.06298296,1.2357133694246407
oneD_v2_dbtt_TP_f07fe99faea93479,TRANSPORT_EXTREME,PEIERLS,1100.0,16804407.39153303,0.012812154787680373,873573839233.2717,0.0,64016790.06298296,1.2357133694246407
oneD_v2_dbtt_TP_f07fe99faea93479,TRANSPORT_EXTREME,PEIERLS,1100.0,17204512.329426672,0.012812154787680373,873573839233.2717,0.0,64016790.06298296,1.2357133694246407
oneD_v2_dbtt_TP_f07fe99faea93479,TRANSPORT_EXTREME,PEIERLS,1100.0,17604617.267320313,0.012812154787680373,873573839233.2717,0.0,64016790.06298296,1.2357133694246407
oneD_v2_dbtt_TP_f07fe99faea93479,TRANSPORT_EXTREME,PEIERLS,1100.0,18004722.205213957,0.012812154787680373,873573839233.2717,0.0,64016790.06298296,1.2357133694246407
oneD_v2_dbtt_TP_f07fe99faea93479,TRANSPORT_EXTREME,PEIERLS,1100.0,18404827.1431076,0.012812154787680373,873573839233.2717,0.0,64016790.06298296,1.2357133694246407
oneD_v2_dbtt_TP_f07fe99faea93479,TRANSPORT_EXTREME,PEIERLS,1100.0,18804932.081001244,0.012812154787680373,873573839233.2717,0.0,64016790.06298296,1.2357133694246407
oneD_v2_dbtt_TP_f07fe99faea93479,TRANSPORT_EXTREME,PEIERLS,1100.0,19205037.01889489,0.012812154787680373,873573839233.2717,0.0,64016790.06298296,1.2357133694246407
oneD_v2_dbtt_TP_f07fe99faea93479,TRANSPORT_EXTREME,PEIERLS,1100.0,19605141.956788532,0.012812154787680373,873573839233.2717,0.0,64016790.06298296,1.2357133694246407
oneD_v2_dbtt_TP_f07fe99faea93479,TRANSPORT_EXTREME,PEIERLS,1100.0,20005246.894682176,0.012812154787680373,873573839233.2717,0.0,64016790.06298296,1.2357133694246407
oneD_v2_dbtt_TP_f07fe99faea93479,TRANSPORT_EXTREME,PEIERLS,1100.0,20405351.83257582,0.012812154787680373,873573839233.2717,0.0,64016790.06298296,1.2357133694246407
oneD_v2_dbtt_TP_f07fe99faea93479,TRANSPORT_EXTREME,PEIERLS,1100.0,20805456.770469464,0.012812154787680373,873573839233.2717,0.0,64016790.06298296,1.2357133694246407
oneD_v2_dbtt_TP_f07fe99faea93479,TRANSPORT_EXTREME,PEIERLS,1100.0,21205561.708363105,0.012812154787680373,873573839233.2717,0.0,64016790.06298296,1.2357133694246407
oneD_v2_dbtt_TP_f07fe99faea93479,TRANSPORT_EXTREME,PEIERLS,1100.0,21605666.64625675,0.012812154787680373,873573839233.2717,0.0,64016790.06298296,1.2357133694246407
oneD_v2_dbtt_TP_f07fe99faea93479,TRANSPORT_EXTREME,PEIERLS,1100.0,22005771.584150393,0.012812154787680373,873573839233.2717,0.0,64016790.06298296,1.2357133694246407
oneD_v2_dbtt_TP_f07fe99faea93479,TRANSPORT_EXTREME,PEIERLS,1100.0,22405876.522044037,0.012812154787680373,873573839233.2717,0.0,64016790.06298296,1.2357133694246407
oneD_v2_dbtt_TP_f07fe99faea93479,TRANSPORT_EXTREME,PEIERLS,1100.0,22805981.45993768,0.012812154787680373,873573839233.2717,0.0,64016790.06298296,1.2357133694246407
oneD_v2_dbtt_TP_f07fe99faea93479,TRANSPORT_EXTREME,PEIERLS,1100.0,23206086.397831324,0.012812154787680373,873573839233.2717,0.0,64016790.06298296,1.2357133694246407
oneD_v2_dbtt_TP_f07fe99faea93479,TRANSPORT_EXTREME,PEIERLS,1100.0,23606191.33572497,0.012812154787680373,873573839233.2717,0.0,64016790.06298296,1.2357133694246407
oneD_v2_dbtt_TP_f07fe99faea93479,TRANSPORT_EXTREME,PEIERLS,1100.0,24006296.27361861,0.012812154787680373,873573839233.2717,0.0,64016790.06298296,1.2357133694246407
oneD_v2_dbtt_TP_f07fe99faea93479,TRANSPORT_EXTREME,PEIERLS,1100.0,24406401.211512253,0.012812154787680373,873573839233.2717,0.0,64016790.06298296,1.2357133694246407
oneD_v2_dbtt_TP_f07fe99faea93479,TRANSPORT_EXTREME,PEIERLS,1100.0,24806506.149405897,0.012812154787680373,873573839233.2717,0.0,64016790.06298296,1.2357133694246407
oneD_v2_dbtt_TP_f07fe99faea93479,TRANSPORT_EXTREME,PEIERLS,1100.0,25206611.08729954,0.012812154787680373,873573839233.2717,0.0,64016790.06298296,1.2357133694246407
oneD_v2_dbtt_TP_f07fe99faea93479,TRANSPORT_EXTREME,PEIERLS,1100.0,25606716.025193185,0.012812154787680373,873573839233.2717,0.0,64016790.06298296,1.2357133694246407
oneD_v2_dbtt_TP_f07fe99faea93479,TRANSPORT_EXTREME,PEIERLS,1100.0,26006820.96308683,0.012812154787680373,873573839233.2717,0.0,64016790.06298296,1.2357133694246407
oneD_v2_dbtt_TP_f07fe99faea93479,TRANSPORT_EXTREME,PEIERLS,1100.0,26406925.900980473,0.012812154787680373,873573839233.2717,0.0,64016790.06298296,1.2357133694246407
oneD_v2_dbtt_TP_f07fe99faea93479,TRANSPORT_EXTREME,PEIERLS,1100.0,26807030.838874117,0.012812154787680373,873573839233.2717,0.0,64016790.06298296,1.2357133694246407
oneD_v2_dbtt_TP_f07fe99faea93479,TRANSPORT_EXTREME,PEIERLS,1100.0,27207135.77676776,0.012812154787680373,873573839233.2717,0.0,64016790.06298296,1.2357133694246407
oneD_v2_dbtt_TP_f07fe99faea93479,TRANSPORT_EXTREME,PEIERLS,1100.0,27607240.7146614,0.012812154787680373,873573839233.2717,0.0,64016790.06298296,1.2357133694246407
oneD_v2_dbtt_TP_f07fe99faea93479,TRANSPORT_EXTREME,PEIERLS,1100.0,28007345.652555045,0.012812154787680373,873573839233.2717,0.0,64016790.06298296,1.2357133694246407
oneD_v2_dbtt_TP_f07fe99faea93479,TRANSPORT_EXTREME,PEIERLS,1100.0,28407450.59044869,0.012812154787680373,873573839233.2717,0.0,64016790.06298296,1.2357133694246407
oneD_v2_dbtt_TP_f07fe99faea93479,TRANSPORT_EXTREME,PEIERLS,1100.0,28807555.528342333,0.012812154787680373,873573839233.2717,0.0,64016790.06298296,1.2357133694246407
oneD_v2_dbtt_TP_f07fe99faea93479,TRANSPORT_EXTREME,PEIERLS,1100.0,29207660.466235977,0.012812154787680373,873573839233.2717,0.0,64016790.06298296,1.2357133694246407
oneD_v2_dbtt_TP_f07fe99faea93479,TRANSPORT_EXTREME,PEIERLS,1100.0,29607765.40412962,0.012812154787680373,873573839233.2717,0.0,64016790.06298296,1.2357133694246407
oneD_v2_dbtt_TP_f07fe99faea93479,TRANSPORT_EXTREME,PEIERLS,1100.0,30007870.342023265,0.012812154787680373,873573839233.2717,0.0,64016790.06298296,1.2357133694246407
oneD_v2_dbtt_TP_f07fe99faea93479,TRANSPORT_EXTREME,PEIERLS,1100.0,30407975.279916905,0.012812154787680373,873573839233.2717,0.0,64016790.06298296,1.2357133694246407
oneD_v2_dbtt_TP_f07fe99faea93479,TRANSPORT_EXTREME,PEIERLS,1100.0,30808080.21781055,0.012812154787680373,873573839233.2717,0.0,64016790.06298296,1.2357133694246407
oneD_v2_dbtt_TP_f07fe99faea93479,TRANSPORT_EXTREME,PEIERLS,1100.0,31208185.155704193,0.012812154787680373,873573839233.2717,0.0,64016790.06298296,1.2357133694246407
oneD_v2_dbtt_TP_f07fe99faea93479,TRANSPORT_EXTREME,PEIERLS,1100.0,31608290.093597837,0.012812154787680373,873573839233.2717,0.0,64016790.06298296,1.2357133694246407
oneD_v2_dbtt_TP_f07fe99faea93479,TRANSPORT_EXTREME,PEIERLS,1100.0,32008395.03149148,0.012812154787680373,873573839233.2717,0.0,64016790.06298296,1.2357133694246407
oneD_v2_dbtt_TP_f07fe99faea93479,TRANSPORT_EXTREME,PEIERLS,1100.0,32408499.969385125,0.012812154787680373,873573839233.2717,0.0,64016790.06298296,1.2357133694246407
oneD_v2_dbtt_TP_f07fe99faea93479,TRANSPORT_EXTREME,PEIERLS,1100.0,32808604.90727877,0.012812154787680373,873573839233.2717,0.0,64016790.06298296,1.2357133694246407
oneD_v2_dbtt_TP_f07fe99faea93479,TRANSPORT_EXTREME,PEIERLS,1100.0,33208709.845172413,0.012812154787680373,873573839233.2717,0.0,64016790.06298296,1.2357133694246407
oneD_v2_dbtt_TP_f07fe99faea93479,TRANSPORT_EXTREME,PEIERLS,1100.0,33608814.78306606,0.012812154787680373,873573839233.2717,0.0,64016790.06298296,1.2357133694246407
oneD_v2_dbtt_TP_f07fe99faea93479,TRANSPORT_EXTREME,PEIERLS,1100.0,34008919.7209597,0.012812154787680373,873573839233.2717,0.0,64016790.06298296,1.2357133694246407
oneD_v2_dbtt_TP_f07fe99faea93479,TRANSPORT_EXTREME,PEIERLS,1100.0,34409024.658853345,0.012812154787680373,873573839233.2717,0.0,64016790.06298296,1.2357133694246407
oneD_v2_dbtt_TP_f07fe99faea93479,TRANSPORT_EXTREME,PEIERLS,1100.0,34809129.59674699,0.012812154787680373,873573839233.2717,0.0,64016790.06298296,1.2357133694246407
oneD_v2_dbtt_TP_f07fe99faea93479,TRANSPORT_EXTREME,PEIERLS,1100.0,35209234.534640625,0.012812154787680373,873573839233.2717,0.0,64016790.06298296,1.2357133694246407
oneD_v2_dbtt_TP_f07fe99faea93479,TRANSPORT_EXTREME,PEIERLS,1100.0,35609339.47253427,0.012812154787680373,873573839233.2717,0.0,64016790.06298296,1.2357133694246407
oneD_v2_dbtt_TP_f07fe99faea93479,TRANSPORT_EXTREME,PEIERLS,1100.0,36009444.41042791,0.012812154787680373,873573839233.2717,0.0,64016790.06298296,1.2357133694246407
oneD_v2_dbtt_TP_f07fe99faea93479,TRANSPORT_EXTREME,PEIERLS,1100.0,36409549.34832156,0.012812154787680373,873573839233.2717,0.0,64016790.06298296,1.2357133694246407
oneD_v2_dbtt_TP_f07fe99faea93479,TRANSPORT_EXTREME,PEIERLS,1100.0,36809654.2862152,0.012812154787680373,873573839233.2717,0.0,64016790.06298296,1.2357133694246407
oneD_v2_dbtt_TP_f07fe99faea93479,TRANSPORT_EXTREME,PEIERLS,1100.0,37209759.224108845,0.012812154787680373,873573839233.2717,0.0,64016790.06298296,1.2357133694246407
oneD_v2_dbtt_TP_f07fe99faea93479,TRANSPORT_EXTREME,PEIERLS,1100.0,37609864.16200249,0.012812154787680373,873573839233.2717,0.0,64016790.06298296,1.2357133694246407
oneD_v2_dbtt_TP_f07fe99faea93479,TRANSPORT_EXTREME,PEIERLS,1100.0,38009969.09989613,0.012812154787680373,873573839233.2717,0.0,64016790.06298296,1.2357133694246407
oneD_v2_dbtt_TP_f07fe99faea93479,TRANSPORT_EXTREME,PEIERLS,1100.0,38410074.03778978,0.012812154787680373,873573839233.2717,0.0,64016790.06298296,1.2357133694246407
oneD_v2_dbtt_TP_f07fe99faea93479,TRANSPORT_EXTREME,PEIERLS,1100.0,38810178.97568342,0.012812154787680373,873573839233.2717,0.0,64016790.06298296,1.2357133694246407
oneD_v2_dbtt_TP_f07fe99faea93479,TRANSPORT_EXTREME,PEIERLS,1100.0,39210283.913577065,0.012812154787680373,873573839233.2717,0.0,64016790.06298296,1.2357133694246407
oneD_v2_dbtt_TP_f07fe99faea93479,TRANSPORT_EXTREME,PEIERLS,1100.0,39610388.85147071,0.012812154787680373,873573839233.2717,0.0,64016790.06298296,1.2357133694246407
oneD_v2_dbtt_TP_f07fe99faea93479,TRANSPORT_EXTREME,PEIERLS,1100.0,40010493.78936435,0.012812154787680373,873573839233.2717,0.0,64016790.06298296,1.2357133694246407
oneD_v2_dbtt_TP_f07fe99faea93479,TRANSPORT_EXTREME,PEIERLS,1100.0,40410598.727258,0.012812154787680373,873573839233.2717,0.0,64016790.06298296,1.2357133694246407
oneD_v2_dbtt_TP_f07fe99faea93479,TRANSPORT_EXTREME,PEIERLS,1100.0,40810703.66515164,0.012812154787680373,873573839233.2717,0.0,64016790.06298296,1.2357133694246407
oneD_v2_dbtt_TP_f07fe99faea93479,TRANSPORT_EXTREME,PEIERLS,1100.0,41210808.603045285,0.012812154787680373,873573839233.2717,0.0,64016790.06298296,1.2357133694246407
oneD_v2_dbtt_TP_f07fe99faea93479,TRANSPORT_EXTREME,PEIERLS,1100.0,41610913.54093893,0.012812154787680373,873573839233.2717,0.0,64016790.06298296,1.2357133694246407
oneD_v2_dbtt_TP_f07fe99faea93479,TRANSPORT_EXTREME,PEIERLS,1100.0,42011018.478832565,0.012812154787680373,873573839233.2717,0.0,64016790.06298296,1.2357133694246407
oneD_v2_dbtt_TP_f07fe99faea93479,TRANSPORT_EXTREME,PEIERLS,1100.0,42411123.41672621,0.012812154787680373,873573839233.2717,0.0,64016790.06298296,1.2357133694246407
oneD_v2_dbtt_TP_f07fe99faea93479,TRANSPORT_EXTREME,PEIERLS,1100.0,42811228.35461985,0.012812154787680373,873573839233.2717,0.0,64016790.06298296,1.2357133694246407
oneD_v2_dbtt_TP_f07fe99faea93479,TRANSPORT_EXTREME,PEIERLS,1100.0,43211333.2925135,0.012812154787680373,873573839233.2717,0.0,64016790.06298296,1.2357133694246407
oneD_v2_dbtt_TP_f07fe99faea93479,TRANSPORT_EXTREME,PEIERLS,1100.0,43611438.23040714,0.012812154787680373,873573839233.2717,0.0,64016790.06298296,1.2357133694246407
oneD_v2_dbtt_TP_f07fe99faea93479,TRANSPORT_EXTREME,PEIERLS,1100.0,44011543.168300785,0.012812154787680373,873573839233.2717,0.0,64016790.06298296,1.2357133694246407
oneD_v2_dbtt_TP_f07fe99faea93479,TRANSPORT_EXTREME,PEIERLS,1100.0,44411648.10619443,0.012812154787680373,873573839233.2717,0.0,64016790.06298296,1.2357133694246407
oneD_v2_dbtt_TP_f07fe99faea93479,TRANSPORT_EXTREME,PEIERLS,1100.0,44811753.04408807,0.012812154787680373,873573839233.2717,0.0,64016790.06298296,1.2357133694246407
oneD_v2_dbtt_TP_f07fe99faea93479,TRANSPORT_EXTREME,PEIERLS,1100.0,45211857.98198172,0.012812154787680373,873573839233.2717,0.0,64016790.06298296,1.2357133694246407
oneD_v2_dbtt_TP_f07fe99faea93479,TRANSPORT_EXTREME,PEIERLS,1100.0,45611962.91987536,0.012812154787680373,873573839233.2717,0.0,64016790.06298296,1.2357133694246407
oneD_v2_dbtt_TP_f07fe99faea93479,TRANSPORT_EXTREME,PEIERLS,1100.0,46012067.857769005,0.012812154787680373,873573839233.2717,0.0,64016790.06298296,1.2357133694246407
oneD_v2_dbtt_TP_f07fe99faea93479,TRANSPORT_EXTREME,PEIERLS,1100.0,46412172.79566265,0.012812154787680373,873573839233.2717,0.0,64016790.06298296,1.2357133694246407
oneD_v2_dbtt_TP_f07fe99faea93479,TRANSPORT_EXTREME,PEIERLS,1100.0,46812277.73355629,0.012812154787680373,873573839233.2717,0.0,64016790.06298296,1.2357133694246407
oneD_v2_dbtt_TP_f07fe99faea93479,TRANSPORT_EXTREME,PEIERLS,1100.0,47212382.67144994,0.012812154787680373,873573839233.2717,0.0,64016790.06298296,1.2357133694246407
oneD_v2_dbtt_TP_f07fe99faea93479,TRANSPORT_EXTREME,PEIERLS,1100.0,47612487.60934358,0.012812154787680373,873573839233.2717,0.0,64016790.06298296,1.2357133694246407
oneD_v2_dbtt_TP_f07fe99faea93479,TRANSPORT_EXTREME,PEIERLS,1100.0,48012592.54723722,0.012812154787680373,873573839233.2717,0.0,64016790.06298296,1.2357133694246407
oneD_v2_dbtt_TP_f07fe99faea93479,TRANSPORT_EXTREME,PEIERLS,1100.0,48412697.48513086,0.012812154787680373,873573839233.2717,0.0,64016790.06298296,1.2357133694246407
oneD_v2_dbtt_TP_f07fe99faea93479,TRANSPORT_EXTREME,PEIERLS,1100.0,48812802.423024505,0.012812154787680373,873573839233.2717,0.0,64016790.06298296,1.2357133694246407
oneD_v2_dbtt_TP_f07fe99faea93479,TRANSPORT_EXTREME,PEIERLS,1100.0,49212907.36091815,0.012812154787680373,873573839233.2717,0.0,64016790.06298296,1.2357133694246407
oneD_v2_dbtt_TP_f07fe99faea93479,TRANSPORT_EXTREME,PEIERLS,1100.0,49613012.29881179,0.012812154787680373,873573839233.2717,0.0,64016790.06298296,1.2357133694246407
oneD_v2_dbtt_TP_f07fe99faea93479,TRANSPORT_EXTREME,PEIERLS,1100.0,50013117.23670544,0.012812154787680373,873573839233.2717,0.0,64016790.06298296,1.2357133694246407
oneD_v2_dbtt_TP_f07fe99faea93479,TRANSPORT_EXTREME,PEIERLS,1100.0,50413222.17459908,0.012812154787680373,873573839233.2717,0.0,64016790.06298296,1.2357133694246407
oneD_v2_dbtt_TP_f07fe99faea93479,TRANSPORT_EXTREME,PEIERLS,1100.0,50813327.112492725,0.012812154787680373,873573839233.2717,0.0,64016790.06298296,1.2357133694246407
oneD_v2_dbtt_TP_f07fe99faea93479,TRANSPORT_EXTREME,PEIERLS,1100.0,51213432.05038637,0.012812154787680373,873573839233.2717,0.0,64016790.06298296,1.2357133694246407
oneD_v2_dbtt_TP_f07fe99faea93479,TRANSPORT_EXTREME,PEIERLS,1100.0,51613536.98828001,0.012812154787680373,873573839233.2717,0.0,64016790.06298296,1.2357133694246407
oneD_v2_dbtt_TP_f07fe99faea93479,TRANSPORT_EXTREME,PEIERLS,1100.0,52013641.92617366,0.012812154787680373,873573839233.2717,0.0,64016790.06298296,1.2357133694246407
oneD_v2_dbtt_TP_f07fe99faea93479,TRANSPORT_EXTREME,PEIERLS,1100.0,52413746.8640673,0.012812154787680373,873573839233.2717,0.0,64016790.06298296,1.2357133694246407
oneD_v2_dbtt_TP_f07fe99faea93479,TRANSPORT_EXTREME,PEIERLS,1100.0,52813851.801960945,0.012812154787680373,873573839233.2717,0.0,64016790.06298296,1.2357133694246407
oneD_v2_dbtt_TP_f07fe99faea93479,TRANSPORT_EXTREME,PEIERLS,1100.0,53213956.73985459,0.012812154787680373,873573839233.2717,0.0,64016790.06298296,1.2357133694246407
oneD_v2_dbtt_TP_f07fe99faea93479,TRANSPORT_EXTREME,PEIERLS,1100.0,53614061.67774823,0.012812154787680373,873573839233.2717,0.0,64016790.06298296,1.2357133694246407
oneD_v2_dbtt_TP_f07fe99faea93479,TRANSPORT_EXTREME,PEIERLS,1100.0,54014166.61564188,0.012812154787680373,873573839233.2717,0.0,64016790.06298296,1.2357133694246407
oneD_v2_dbtt_TP_f07fe99faea93479,TRANSPORT_EXTREME,PEIERLS,1100.0,54414271.55353552,0.012812154787680373,873573839233.2717,0.0,64016790.06298296,1.2357133694246407
oneD_v2_dbtt_TP_f07fe99faea93479,TRANSPORT_EXTREME,PEIERLS,1100.0,54814376.49142916,0.012812154787680373,873573839233.2717,0.0,64016790.06298296,1.2357133694246407
oneD_v2_dbtt_TP_f07fe99faea93479,TRANSPORT_EXTREME,PEIERLS,1100.0,55214481.4293228,0.012812154787680373,873573839233.2717,0.0,64016790.06298296,1.2357133694246407
oneD_v2_dbtt_TP_f07fe99faea93479,TRANSPORT_EXTREME,PEIERLS,1100.0,55614586.367216446,0.012812154787680373,873573839233.2717,0.0,64016790.06298296,1.2357133694246407
oneD_v2_dbtt_TP_f07fe99faea93479,TRANSPORT_EXTREME,PEIERLS,1100.0,56014691.30511009,0.012812154787680373,873573839233.2717,0.0,64016790.06298296,1.2357133694246407
oneD_v2_dbtt_TP_f07fe99faea93479,TRANSPORT_EXTREME,PEIERLS,1100.0,56414796.24300373,0.012812154787680373,873573839233.2717,0.0,64016790.06298296,1.2357133694246407
oneD_v2_dbtt_TP_f07fe99faea93479,TRANSPORT_EXTREME,PEIERLS,1100.0,56814901.18089738,0.012812154787680373,873573839233.2717,0.0,64016790.06298296,1.2357133694246407
oneD_v2_dbtt_TP_f07fe99faea93479,TRANSPORT_EXTREME,PEIERLS,1100.0,57215006.11879102,0.012812154787680373,873573839233.2717,0.0,64016790.06298296,1.2357133694246407
oneD_v2_dbtt_TP_f07fe99faea93479,TRANSPORT_EXTREME,PEIERLS,1100.0,57615111.056684665,0.012812154787680373,873573839233.2717,0.0,64016790.06298296,1.2357133694246407
oneD_v2_dbtt_TP_f07fe99faea93479,TRANSPORT_EXTREME,PEIERLS,1100.0,58015215.99457831,0.012812154787680373,873573839233.2717,0.0,64016790.06298296,1.2357133694246407
oneD_v2_dbtt_TP_f07fe99faea93479,TRANSPORT_EXTREME,PEIERLS,1100.0,58415320.93247195,0.012812154787680373,873573839233.2717,0.0,64016790.06298296,1.2357133694246407
oneD_v2_dbtt_TP_f07fe99faea93479,TRANSPORT_EXTREME,PEIERLS,1100.0,58815425.8703656,0.012812154787680373,873573839233.2717,0.0,64016790.06298296,1.2357133694246407
oneD_v2_dbtt_TP_f07fe99faea93479,TRANSPORT_EXTREME,PEIERLS,1100.0,59215530.80825924,0.012812154787680373,873573839233.2717,0.0,64016790.06298296,1.2357133694246407
oneD_v2_dbtt_TP_f07fe99faea93479,TRANSPORT_EXTREME,PEIERLS,1100.0,59615635.746152885,0.012812154787680373,873573839233.2717,0.0,64016790.06298296,1.2357133694246407
oneD_v2_dbtt_TP_f07fe99faea93479,TRANSPORT_EXTREME,PEIERLS,1100.0,60015740.68404653,0.012812154787680373,873573839233.2717,0.0,64016790.06298296,1.2357133694246407
oneD_v2_dbtt_TP_f07fe99faea93479,TRANSPORT_EXTREME,PEIERLS,1100.0,60415845.62194017,0.012812154787680373,873573839233.2717,0.0,64016790.06298296,1.2357133694246407
oneD_v2_dbtt_TP_f07fe99faea93479,TRANSPORT_EXTREME,PEIERLS,1100.0,60815950.55983381,0.012812154787680373,873573839233.2717,0.0,64016790.06298296,1.2357133694246407
oneD_v2_dbtt_TP_f07fe99faea93479,TRANSPORT_EXTREME,PEIERLS,1100.0,61216055.49772745,0.012812154787680373,873573839233.2717,0.0,64016790.06298296,1.2357133694246407
oneD_v2_dbtt_TP_f07fe99faea93479,TRANSPORT_EXTREME,PEIERLS,1100.0,61616160.4356211,0.012812154787680373,873573839233.2717,0.0,64016790.06298296,1.2357133694246407
oneD_v2_dbtt_TP_f07fe99faea93479,TRANSPORT_EXTREME,PEIERLS,1100.0,62016265.37351474,0.012812154787680373,873573839233.2717,0.0,64016790.06298296,1.2357133694246407
oneD_v2_dbtt_TP_f07fe99faea93479,TRANSPORT_EXTREME,PEIERLS,1100.0,62416370.311408386,0.012812154787680373,873573839233.2717,0.0,64016790.06298296,1.2357133694246407
oneD_v2_dbtt_TP_f07fe99faea93479,TRANSPORT_EXTREME,PEIERLS,1100.0,62816475.24930203,0.012812154787680373,873573839233.2717,0.0,64016790.06298296,1.2357133694246407
oneD_v2_dbtt_TP_f07fe99faea93479,TRANSPORT_EXTREME,PEIERLS,1100.0,63216580.18719567,0.012812154787680373,873573839233.2717,0.0,64016790.06298296,1.2357133694246407
oneD_v2_dbtt_TP_f07fe99faea93479,TRANSPORT_EXTREME,PEIERLS,1100.0,63616685.12508932,0.012812154787680373,873573839233.2717,0.0,64016790.06298296,1.2357133694246407
oneD_v2_dbtt_TP_f07fe99faea93479,TRANSPORT_EXTREME,PEIERLS,1100.0,64016790.06298296,0.012812154787680373,873573839233.2717,0.0,64016790.06298296,1.2357133694246407
oneD_v2_dbtt_TP_f07fe99faea93479,TRANSPORT_EXTREME,TAYLOR_COMPLETION_SINGLE_HIT,1100.0,0.0,1e-12,99999999998.94504,0.0,27283029871.853485,1e-12
oneD_v2_dbtt_TP_f07fe99faea93479,TRANSPORT_EXTREME,TAYLOR_COMPLETION_SINGLE_HIT,1100.0,170518936.69908428,9.5e-13,99999999998.99779,0.0,27283029871.853485,1e-12
oneD_v2_dbtt_TP_f07fe99faea93479,TRANSPORT_EXTREME,TAYLOR_COMPLETION_SINGLE_HIT,1100.0,341037873.39816856,9.5e-13,99999999998.99779,0.0,27283029871.853485,1e-12
oneD_v2_dbtt_TP_f07fe99faea93479,TRANSPORT_EXTREME,TAYLOR_COMPLETION_SINGLE_HIT,1100.0,511556810.09725285,9.5e-13,99999999998.99779,0.0,27283029871.853485,1e-12
oneD_v2_dbtt_TP_f07fe99faea93479,TRANSPORT_EXTREME,TAYLOR_COMPLETION_SINGLE_HIT,1100.0,682075746.7963371,9.5e-13,99999999998.99779,0.0,27283029871.853485,1e-12
oneD_v2_dbtt_TP_f07fe99faea93479,TRANSPORT_EXTREME,TAYLOR_COMPLETION_SINGLE_HIT,1100.0,852594683.4954214,9.5e-13,99999999998.99779,0.0,27283029871.853485,1e-12
oneD_v2_dbtt_TP_f07fe99faea93479,TRANSPORT_EXTREME,TAYLOR_COMPLETION_SINGLE_HIT,1100.0,1023113620.1945057,9.5e-13,99999999998.99779,0.0,27283029871.853485,1e-12
oneD_v2_dbtt_TP_f07fe99faea93479,TRANSPORT_EXTREME,TAYLOR_COMPLETION_SINGLE_HIT,1100.0,1193632556.89359,9.5e-13,99999999998.99779,0.0,27283029871.853485,1e-12
oneD_v2_dbtt_TP_f07fe99faea93479,TRANSPORT_EXTREME,TAYLOR_COMPLETION_SINGLE_HIT,1100.0,1364151493.5926743,9.5e-13,99999999998.99779,0.0,27283029871.853485,1e-12
oneD_v2_dbtt_TP_f07fe99faea93479,TRANSPORT_EXTREME,TAYLOR_COMPLETION_SINGLE_HIT,1100.0,1534670430.2917585,9.5e-13,99999999998.99779,0.0,27283029871.853485,1e-12
oneD_v2_dbtt_TP_f07fe99faea93479,TRANSPORT_EXTREME,TAYLOR_COMPLETION_SINGLE_HIT,1100.0,1705189366.9908428,9.5e-13,99999999998.99779,0.0,27283029871.853485,1e-12
oneD_v2_dbtt_TP_f07fe99faea93479,TRANSPORT_EXTREME,TAYLOR_COMPLETION_SINGLE_HIT,1100.0,1875708303.689927,9.5e-13,99999999998.99779,0.0,27283029871.853485,1e-12
oneD_v2_dbtt_TP_f07fe99faea93479,TRANSPORT_EXTREME,TAYLOR_COMPLETION_SINGLE_HIT,1100.0,2046227240.3890114,9.5e-13,99999999998.99779,0.0,27283029871.853485,1e-12
oneD_v2_dbtt_TP_f07fe99faea93479,TRANSPORT_EXTREME,TAYLOR_COMPLETION_SINGLE_HIT,1100.0,2216746177.0880957,9.5e-13,99999999998.99779,0.0,27283029871.853485,1e-12
oneD_v2_dbtt_TP_f07fe99faea93479,TRANSPORT_EXTREME,TAYLOR_COMPLETION_SINGLE_HIT,1100.0,2387265113.78718,9.5e-13,99999999998.99779,0.0,27283029871.853485,1e-12
oneD_v2_dbtt_TP_f07fe99faea93479,TRANSPORT_EXTREME,TAYLOR_COMPLETION_SINGLE_HIT,1100.0,2557784050.486264,9.5e-13,99999999998.99779,0.0,27283029871.853485,1e-12
oneD_v2_dbtt_TP_f07fe99faea93479,TRANSPORT_EXTREME,TAYLOR_COMPLETION_SINGLE_HIT,1100.0,2728302987.1853485,9.5e-13,99999999998.99779,0.0,27283029871.853485,1e-12
oneD_v2_dbtt_TP_f07fe99faea93479,TRANSPORT_EXTREME,TAYLOR_COMPLETION_SINGLE_HIT,1100.0,2898821923.884433,9.5e-13,99999999998.99779,0.0,27283029871.853485,1e-12
oneD_v2_dbtt_TP_f07fe99faea93479,TRANSPORT_EXTREME,TAYLOR_COMPLETION_SINGLE_HIT,1100.0,3069340860.583517,9.5e-13,99999999998.99779,0.0,27283029871.853485,1e-12
oneD_v2_dbtt_TP_f07fe99faea93479,TRANSPORT_EXTREME,TAYLOR_COMPLETION_SINGLE_HIT,1100.0,3239859797.2826014,9.5e-13,99999999998.99779,0.0,27283029871.853485,1e-12
oneD_v2_dbtt_TP_f07fe99faea93479,TRANSPORT_EXTREME,TAYLOR_COMPLETION_SINGLE_HIT,1100.0,3410378733.9816856,9.5e-13,99999999998.99779,0.0,27283029871.853485,1e-12
oneD_v2_dbtt_TP_f07fe99faea93479,TRANSPORT_EXTREME,TAYLOR_COMPLETION_SINGLE_HIT,1100.0,3580897670.68077,9.5e-13,99999999998.99779,0.0,27283029871.853485,1e-12
oneD_v2_dbtt_TP_f07fe99faea93479,TRANSPORT_EXTREME,TAYLOR_COMPLETION_SINGLE_HIT,1100.0,3751416607.379854,9.5e-13,99999999998.99779,0.0,27283029871.853485,1e-12
oneD_v2_dbtt_TP_f07fe99faea93479,TRANSPORT_EXTREME,TAYLOR_COMPLETION_SINGLE_HIT,1100.0,3921935544.0789385,9.5e-13,99999999998.99779,0.0,27283029871.853485,1e-12
oneD_v2_dbtt_TP_f07fe99faea93479,TRANSPORT_EXTREME,TAYLOR_COMPLETION_SINGLE_HIT,1100.0,4092454480.778023,9.5e-13,99999999998.99779,0.0,27283029871.853485,1e-12
oneD_v2_dbtt_TP_f07fe99faea93479,TRANSPORT_EXTREME,TAYLOR_COMPLETION_SINGLE_HIT,1100.0,4262973417.477107,9.5e-13,99999999998.99779,0.0,27283029871.853485,1e-12
oneD_v2_dbtt_TP_f07fe99faea93479,TRANSPORT_EXTREME,TAYLOR_COMPLETION_SINGLE_HIT,1100.0,4433492354.176191,9.5e-13,99999999998.99779,0.0,27283029871.853485,1e-12
oneD_v2_dbtt_TP_f07fe99faea93479,TRANSPORT_EXTREME,TAYLOR_COMPLETION_SINGLE_HIT,1100.0,4604011290.875276,9.5e-13,99999999998.99779,0.0,27283029871.853485,1e-12
oneD_v2_dbtt_TP_f07fe99faea93479,TRANSPORT_EXTREME,TAYLOR_COMPLETION_SINGLE_HIT,1100.0,4774530227.57436,9.5e-13,99999999998.99779,0.0,27283029871.853485,1e-12
oneD_v2_dbtt_TP_f07fe99faea93479,TRANSPORT_EXTREME,TAYLOR_COMPLETION_SINGLE_HIT,1100.0,4945049164.273444,9.5e-13,99999999998.99779,0.0,27283029871.853485,1e-12
oneD_v2_dbtt_TP_f07fe99faea93479,TRANSPORT_EXTREME,TAYLOR_COMPLETION_SINGLE_HIT,1100.0,5115568100.972528,9.5e-13,99999999998.99779,0.0,27283029871.853485,1e-12
oneD_v2_dbtt_TP_f07fe99faea93479,TRANSPORT_EXTREME,TAYLOR_COMPLETION_SINGLE_HIT,1100.0,5286087037.671613,9.5e-13,99999999998.99779,0.0,27283029871.853485,1e-12
oneD_v2_dbtt_TP_f07fe99faea93479,TRANSPORT_EXTREME,TAYLOR_COMPLETION_SINGLE_HIT,1100.0,5456605974.370697,9.5e-13,99999999998.99779,0.0,27283029871.853485,1e-12
oneD_v2_dbtt_TP_f07fe99faea93479,TRANSPORT_EXTREME,TAYLOR_COMPLETION_SINGLE_HIT,1100.0,5627124911.069781,9.5e-13,99999999998.99779,0.0,27283029871.853485,1e-12
oneD_v2_dbtt_TP_f07fe99faea93479,TRANSPORT_EXTREME,TAYLOR_COMPLETION_SINGLE_HIT,1100.0,5797643847.768866,9.5e-13,99999999998.99779,0.0,27283029871.853485,1e-12
oneD_v2_dbtt_TP_f07fe99faea93479,TRANSPORT_EXTREME,TAYLOR_COMPLETION_SINGLE_HIT,1100.0,5968162784.46795,9.5e-13,99999999998.99779,0.0,27283029871.853485,1e-12
oneD_v2_dbtt_TP_f07fe99faea93479,TRANSPORT_EXTREME,TAYLOR_COMPLETION_SINGLE_HIT,1100.0,6138681721.167034,9.5e-13,99999999998.99779,0.0,27283029871.853485,1e-12
oneD_v2_dbtt_TP_f07fe99faea93479,TRANSPORT_EXTREME,TAYLOR_COMPLETION_SINGLE_HIT,1100.0,6309200657.866118,9.5e-13,99999999998.99779,0.0,27283029871.853485,1e-12
oneD_v2_dbtt_TP_f07fe99faea93479,TRANSPORT_EXTREME,TAYLOR_COMPLETION_SINGLE_HIT,1100.0,6479719594.565203,9.5e-13,99999999998.99779,0.0,27283029871.853485,1e-12
oneD_v2_dbtt_TP_f07fe99faea93479,TRANSPORT_EXTREME,TAYLOR_COMPLETION_SINGLE_HIT,1100.0,6650238531.264287,9.5e-13,99999999998.99779,0.0,27283029871.853485,1e-12
oneD_v2_dbtt_TP_f07fe99faea93479,TRANSPORT_EXTREME,TAYLOR_COMPLETION_SINGLE_HIT,1100.0,6820757467.963371,9.5e-13,99999999998.99779,0.0,27283029871.853485,1e-12
oneD_v2_dbtt_TP_f07fe99faea93479,TRANSPORT_EXTREME,TAYLOR_COMPLETION_SINGLE_HIT,1100.0,6991276404.662456,9.5e-13,99999999998.99779,0.0,27283029871.853485,1e-12
oneD_v2_dbtt_TP_f07fe99faea93479,TRANSPORT_EXTREME,TAYLOR_COMPLETION_SINGLE_HIT,1100.0,7161795341.36154,9.5e-13,99999999998.99779,0.0,27283029871.853485,1e-12
oneD_v2_dbtt_TP_f07fe99faea93479,TRANSPORT_EXTREME,TAYLOR_COMPLETION_SINGLE_HIT,1100.0,7332314278.060624,9.5e-13,99999999998.99779,0.0,27283029871.853485,1e-12
oneD_v2_dbtt_TP_f07fe99faea93479,TRANSPORT_EXTREME,TAYLOR_COMPLETION_SINGLE_HIT,1100.0,7502833214.759708,9.5e-13,99999999998.99779,0.0,27283029871.853485,1e-12
oneD_v2_dbtt_TP_f07fe99faea93479,TRANSPORT_EXTREME,TAYLOR_COMPLETION_SINGLE_HIT,1100.0,7673352151.458793,9.5e-13,99999999998.99779,0.0,27283029871.853485,1e-12
oneD_v2_dbtt_TP_f07fe99faea93479,TRANSPORT_EXTREME,TAYLOR_COMPLETION_SINGLE_HIT,1100.0,7843871088.157877,9.5e-13,99999999998.99779,0.0,27283029871.853485,1e-12
oneD_v2_dbtt_TP_f07fe99faea93479,TRANSPORT_EXTREME,TAYLOR_COMPLETION_SINGLE_HIT,1100.0,8014390024.856961,9.5e-13,99999999998.99779,0.0,27283029871.853485,1e-12
oneD_v2_dbtt_TP_f07fe99faea93479,TRANSPORT_EXTREME,TAYLOR_COMPLETION_SINGLE_HIT,1100.0,8184908961.556046,9.5e-13,99999999998.99779,0.0,27283029871.853485,1e-12
oneD_v2_dbtt_TP_f07fe99faea93479,TRANSPORT_EXTREME,TAYLOR_COMPLETION_SINGLE_HIT,1100.0,8355427898.25513,9.5e-13,99999999998.99779,0.0,27283029871.853485,1e-12
oneD_v2_dbtt_TP_f07fe99faea93479,TRANSPORT_EXTREME,TAYLOR_COMPLETION_SINGLE_HIT,1100.0,8525946834.954214,9.5e-13,99999999998.99779,0.0,27283029871.853485,1e-12
oneD_v2_dbtt_TP_f07fe99faea93479,TRANSPORT_EXTREME,TAYLOR_COMPLETION_SINGLE_HIT,1100.0,8696465771.653297,9.5e-13,99999999998.99779,0.0,27283029871.853485,1e-12
oneD_v2_dbtt_TP_f07fe99faea93479,TRANSPORT_EXTREME,TAYLOR_COMPLETION_SINGLE_HIT,1100.0,8866984708.352383,9.5e-13,99999999998.99779,0.0,27283029871.853485,1e-12
oneD_v2_dbtt_TP_f07fe99faea93479,TRANSPORT_EXTREME,TAYLOR_COMPLETION_SINGLE_HIT,1100.0,9037503645.051468,9.5e-13,99999999998.99779,0.0,27283029871.853485,1e-12
oneD_v2_dbtt_TP_f07fe99faea93479,TRANSPORT_EXTREME,TAYLOR_COMPLETION_SINGLE_HIT,1100.0,9208022581.750551,9.5e-13,99999999998.99779,0.0,27283029871.853485,1e-12
oneD_v2_dbtt_TP_f07fe99faea93479,TRANSPORT_EXTREME,TAYLOR_COMPLETION_SINGLE_HIT,1100.0,9378541518.449635,9.5e-13,99999999998.99779,0.0,27283029871.853485,1e-12
oneD_v2_dbtt_TP_f07fe99faea93479,TRANSPORT_EXTREME,TAYLOR_COMPLETION_SINGLE_HIT,1100.0,9549060455.14872,9.5e-13,99999999998.99779,0.0,27283029871.853485,1e-12
oneD_v2_dbtt_TP_f07fe99faea93479,TRANSPORT_EXTREME,TAYLOR_COMPLETION_SINGLE_HIT,1100.0,9719579391.847805,9.5e-13,99999999998.99779,0.0,27283029871.853485,1e-12
oneD_v2_dbtt_TP_f07fe99faea93479,TRANSPORT_EXTREME,TAYLOR_COMPLETION_SINGLE_HIT,1100.0,9890098328.546888,9.5e-13,99999999998.99779,0.0,27283029871.853485,1e-12
oneD_v2_dbtt_TP_f07fe99faea93479,TRANSPORT_EXTREME,TAYLOR_COMPLETION_SINGLE_HIT,1100.0,10060617265.245972,9.5e-13,99999999998.99779,0.0,27283029871.853485,1e-12
oneD_v2_dbtt_TP_f07fe99faea93479,TRANSPORT_EXTREME,TAYLOR_COMPLETION_SINGLE_HIT,1100.0,10231136201.945057,9.5e-13,99999999998.99779,0.0,27283029871.853485,1e-12
oneD_v2_dbtt_TP_f07fe99faea93479,TRANSPORT_EXTREME,TAYLOR_COMPLETION_SINGLE_HIT,1100.0,10401655138.644142,9.5e-13,99999999998.99779,0.0,27283029871.853485,1e-12
oneD_v2_dbtt_TP_f07fe99faea93479,TRANSPORT_EXTREME,TAYLOR_COMPLETION_SINGLE_HIT,1100.0,10572174075.343225,9.5e-13,99999999998.99779,0.0,27283029871.853485,1e-12
oneD_v2_dbtt_TP_f07fe99faea93479,TRANSPORT_EXTREME,TAYLOR_COMPLETION_SINGLE_HIT,1100.0,10742693012.042309,9.5e-13,99999999998.99779,0.0,27283029871.853485,1e-12
oneD_v2_dbtt_TP_f07fe99faea93479,TRANSPORT_EXTREME,TAYLOR_COMPLETION_SINGLE_HIT,1100.0,10913211948.741394,9.5e-13,99999999998.99779,0.0,27283029871.853485,1e-12
oneD_v2_dbtt_TP_f07fe99faea93479,TRANSPORT_EXTREME,TAYLOR_COMPLETION_SINGLE_HIT,1100.0,11083730885.44048,9.5e-13,99999999998.99779,0.0,27283029871.853485,1e-12
oneD_v2_dbtt_TP_f07fe99faea93479,TRANSPORT_EXTREME,TAYLOR_COMPLETION_SINGLE_HIT,1100.0,11254249822.139563,9.5e-13,99999999998.99779,0.0,27283029871.853485,1e-12
oneD_v2_dbtt_TP_f07fe99faea93479,TRANSPORT_EXTREME,TAYLOR_COMPLETION_SINGLE_HIT,1100.0,11424768758.838646,9.5e-13,99999999998.99779,0.0,27283029871.853485,1e-12
oneD_v2_dbtt_TP_f07fe99faea93479,TRANSPORT_EXTREME,TAYLOR_COMPLETION_SINGLE_HIT,1100.0,11595287695.537731,9.5e-13,99999999998.99779,0.0,27283029871.853485,1e-12
oneD_v2_dbtt_TP_f07fe99faea93479,TRANSPORT_EXTREME,TAYLOR_COMPLETION_SINGLE_HIT,1100.0,11765806632.236816,9.5e-13,99999999998.99779,0.0,27283029871.853485,1e-12
oneD_v2_dbtt_TP_f07fe99faea93479,TRANSPORT_EXTREME,TAYLOR_COMPLETION_SINGLE_HIT,1100.0,11936325568.9359,9.5e-13,99999999998.99779,0.0,27283029871.853485,1e-12
oneD_v2_dbtt_TP_f07fe99faea93479,TRANSPORT_EXTREME,TAYLOR_COMPLETION_SINGLE_HIT,1100.0,12106844505.634983,9.5e-13,99999999998.99779,0.0,27283029871.853485,1e-12
oneD_v2_dbtt_TP_f07fe99faea93479,TRANSPORT_EXTREME,TAYLOR_COMPLETION_SINGLE_HIT,1100.0,12277363442.334068,9.5e-13,99999999998.99779,0.0,27283029871.853485,1e-12
oneD_v2_dbtt_TP_f07fe99faea93479,TRANSPORT_EXTREME,TAYLOR_COMPLETION_SINGLE_HIT,1100.0,12447882379.033154,9.5e-13,99999999998.99779,0.0,27283029871.853485,1e-12
oneD_v2_dbtt_TP_f07fe99faea93479,TRANSPORT_EXTREME,TAYLOR_COMPLETION_SINGLE_HIT,1100.0,12618401315.732237,9.5e-13,99999999998.99779,0.0,27283029871.853485,1e-12
oneD_v2_dbtt_TP_f07fe99faea93479,TRANSPORT_EXTREME,TAYLOR_COMPLETION_SINGLE_HIT,1100.0,12788920252.43132,9.5e-13,99999999998.99779,0.0,27283029871.853485,1e-12
oneD_v2_dbtt_TP_f07fe99faea93479,TRANSPORT_EXTREME,TAYLOR_COMPLETION_SINGLE_HIT,1100.0,12959439189.130405,9.5e-13,99999999998.99779,0.0,27283029871.853485,1e-12
oneD_v2_dbtt_TP_f07fe99faea93479,TRANSPORT_EXTREME,TAYLOR_COMPLETION_SINGLE_HIT,1100.0,13129958125.82949,9.5e-13,99999999998.99779,0.0,27283029871.853485,1e-12
oneD_v2_dbtt_TP_f07fe99faea93479,TRANSPORT_EXTREME,TAYLOR_COMPLETION_SINGLE_HIT,1100.0,13300477062.528574,9.5e-13,99999999998.99779,0.0,27283029871.853485,1e-12
oneD_v2_dbtt_TP_f07fe99faea93479,TRANSPORT_EXTREME,TAYLOR_COMPLETION_SINGLE_HIT,1100.0,13470995999.227657,9.5e-13,99999999998.99779,0.0,27283029871.853485,1e-12
oneD_v2_dbtt_TP_f07fe99faea93479,TRANSPORT_EXTREME,TAYLOR_COMPLETION_SINGLE_HIT,1100.0,13641514935.926743,9.5e-13,99999999998.99779,0.0,27283029871.853485,1e-12
oneD_v2_dbtt_TP_f07fe99faea93479,TRANSPORT_EXTREME,TAYLOR_COMPLETION_SINGLE_HIT,1100.0,13812033872.625828,9.5e-13,99999999998.99779,0.0,27283029871.853485,1e-12
oneD_v2_dbtt_TP_f07fe99faea93479,TRANSPORT_EXTREME,TAYLOR_COMPLETION_SINGLE_HIT,1100.0,13982552809.324911,9.5e-13,99999999998.99779,0.0,27283029871.853485,1e-12
oneD_v2_dbtt_TP_f07fe99faea93479,TRANSPORT_EXTREME,TAYLOR_COMPLETION_SINGLE_HIT,1100.0,14153071746.023994,9.5e-13,99999999998.99779,0.0,27283029871.853485,1e-12
oneD_v2_dbtt_TP_f07fe99faea93479,TRANSPORT_EXTREME,TAYLOR_COMPLETION_SINGLE_HIT,1100.0,14323590682.72308,9.5e-13,99999999998.99779,0.0,27283029871.853485,1e-12
oneD_v2_dbtt_TP_f07fe99faea93479,TRANSPORT_EXTREME,TAYLOR_COMPLETION_SINGLE_HIT,1100.0,14494109619.422165,9.5e-13,99999999998.99779,0.0,27283029871.853485,1e-12
oneD_v2_dbtt_TP_f07fe99faea93479,TRANSPORT_EXTREME,TAYLOR_COMPLETION_SINGLE_HIT,1100.0,14664628556.121248,9.5e-13,99999999998.99779,0.0,27283029871.853485,1e-12
oneD_v2_dbtt_TP_f07fe99faea93479,TRANSPORT_EXTREME,TAYLOR_COMPLETION_SINGLE_HIT,1100.0,14835147492.820332,9.5e-13,99999999998.99779,0.0,27283029871.853485,1e-12
oneD_v2_dbtt_TP_f07fe99faea93479,TRANSPORT_EXTREME,TAYLOR_COMPLETION_SINGLE_HIT,1100.0,15005666429.519417,9.5e-13,99999999998.99779,0.0,27283029871.853485,1e-12
oneD_v2_dbtt_TP_f07fe99faea93479,TRANSPORT_EXTREME,TAYLOR_COMPLETION_SINGLE_HIT,1100.0,15176185366.218502,9.5e-13,99999999998.99779,0.0,27283029871.853485,1e-12
oneD_v2_dbtt_TP_f07fe99faea93479,TRANSPORT_EXTREME,TAYLOR_COMPLETION_SINGLE_HIT,1100.0,15346704302.917585,9.5e-13,99999999998.99779,0.0,27283029871.853485,1e-12
oneD_v2_dbtt_TP_f07fe99faea93479,TRANSPORT_EXTREME,TAYLOR_COMPLETION_SINGLE_HIT,1100.0,15517223239.616669,9.5e-13,99999999998.99779,0.0,27283029871.853485,1e-12
oneD_v2_dbtt_TP_f07fe99faea93479,TRANSPORT_EXTREME,TAYLOR_COMPLETION_SINGLE_HIT,1100.0,15687742176.315754,9.5e-13,99999999998.99779,0.0,27283029871.853485,1e-12
oneD_v2_dbtt_TP_f07fe99faea93479,TRANSPORT_EXTREME,TAYLOR_COMPLETION_SINGLE_HIT,1100.0,15858261113.01484,9.5e-13,99999999998.99779,0.0,27283029871.853485,1e-12
oneD_v2_dbtt_TP_f07fe99faea93479,TRANSPORT_EXTREME,TAYLOR_COMPLETION_SINGLE_HIT,1100.0,16028780049.713923,9.5e-13,99999999998.99779,0.0,27283029871.853485,1e-12
oneD_v2_dbtt_TP_f07fe99faea93479,TRANSPORT_EXTREME,TAYLOR_COMPLETION_SINGLE_HIT,1100.0,16199298986.413006,9.5e-13,99999999998.99779,0.0,27283029871.853485,1e-12
oneD_v2_dbtt_TP_f07fe99faea93479,TRANSPORT_EXTREME,TAYLOR_COMPLETION_SINGLE_HIT,1100.0,16369817923.112091,9.5e-13,99999999998.99779,0.0,27283029871.853485,1e-12
oneD_v2_dbtt_TP_f07fe99faea93479,TRANSPORT_EXTREME,TAYLOR_COMPLETION_SINGLE_HIT,1100.0,16540336859.811176,9.5e-13,99999999998.99779,0.0,27283029871.853485,1e-12
oneD_v2_dbtt_TP_f07fe99faea93479,TRANSPORT_EXTREME,TAYLOR_COMPLETION_SINGLE_HIT,1100.0,16710855796.51026,9.5e-13,99999999998.99779,0.0,27283029871.853485,1e-12
oneD_v2_dbtt_TP_f07fe99faea93479,TRANSPORT_EXTREME,TAYLOR_COMPLETION_SINGLE_HIT,1100.0,16881374733.209343,9.5e-13,99999999998.99779,0.0,27283029871.853485,1e-12
oneD_v2_dbtt_TP_f07fe99faea93479,TRANSPORT_EXTREME,TAYLOR_COMPLETION_SINGLE_HIT,1100.0,17051893669.908428,9.5e-13,99999999998.99779,0.0,27283029871.853485,1e-12
oneD_v2_dbtt_TP_f07fe99faea93479,TRANSPORT_EXTREME,TAYLOR_COMPLETION_SINGLE_HIT,1100.0,17222412606.607513,9.5e-13,99999999998.99779,0.0,27283029871.853485,1e-12
oneD_v2_dbtt_TP_f07fe99faea93479,TRANSPORT_EXTREME,TAYLOR_COMPLETION_SINGLE_HIT,1100.0,17392931543.306595,9.5e-13,99999999998.99779,0.0,27283029871.853485,1e-12
oneD_v2_dbtt_TP_f07fe99faea93479,TRANSPORT_EXTREME,TAYLOR_COMPLETION_SINGLE_HIT,1100.0,17563450480.00568,9.5e-13,99999999998.99779,0.0,27283029871.853485,1e-12
oneD_v2_dbtt_TP_f07fe99faea93479,TRANSPORT_EXTREME,TAYLOR_COMPLETION_SINGLE_HIT,1100.0,17733969416.704765,9.5e-13,99999999998.99779,0.0,27283029871.853485,1e-12
oneD_v2_dbtt_TP_f07fe99faea93479,TRANSPORT_EXTREME,TAYLOR_COMPLETION_SINGLE_HIT,1100.0,17904488353.40385,9.5e-13,99999999998.99779,0.0,27283029871.853485,1e-12
oneD_v2_dbtt_TP_f07fe99faea93479,TRANSPORT_EXTREME,TAYLOR_COMPLETION_SINGLE_HIT,1100.0,18075007290.102936,9.5e-13,99999999998.99779,0.0,27283029871.853485,1e-12
oneD_v2_dbtt_TP_f07fe99faea93479,TRANSPORT_EXTREME,TAYLOR_COMPLETION_SINGLE_HIT,1100.0,18245526226.802017,9.5e-13,99999999998.99779,0.0,27283029871.853485,1e-12
oneD_v2_dbtt_TP_f07fe99faea93479,TRANSPORT_EXTREME,TAYLOR_COMPLETION_SINGLE_HIT,1100.0,18416045163.501102,9.5e-13,99999999998.99779,0.0,27283029871.853485,1e-12
oneD_v2_dbtt_TP_f07fe99faea93479,TRANSPORT_EXTREME,TAYLOR_COMPLETION_SINGLE_HIT,1100.0,18586564100.200188,9.5e-13,99999999998.99779,0.0,27283029871.853485,1e-12
oneD_v2_dbtt_TP_f07fe99faea93479,TRANSPORT_EXTREME,TAYLOR_COMPLETION_SINGLE_HIT,1100.0,18757083036.89927,9.5e-13,99999999998.99779,0.0,27283029871.853485,1e-12
oneD_v2_dbtt_TP_f07fe99faea93479,TRANSPORT_EXTREME,TAYLOR_COMPLETION_SINGLE_HIT,1100.0,18927601973.598354,9.5e-13,99999999998.99779,0.0,27283029871.853485,1e-12
oneD_v2_dbtt_TP_f07fe99faea93479,TRANSPORT_EXTREME,TAYLOR_COMPLETION_SINGLE_HIT,1100.0,19098120910.29744,9.5e-13,99999999998.99779,0.0,27283029871.853485,1e-12
oneD_v2_dbtt_TP_f07fe99faea93479,TRANSPORT_EXTREME,TAYLOR_COMPLETION_SINGLE_HIT,1100.0,19268639846.996525,9.5e-13,99999999998.99779,0.0,27283029871.853485,1e-12
oneD_v2_dbtt_TP_f07fe99faea93479,TRANSPORT_EXTREME,TAYLOR_COMPLETION_SINGLE_HIT,1100.0,19439158783.69561,9.5e-13,99999999998.99779,0.0,27283029871.853485,1e-12
oneD_v2_dbtt_TP_f07fe99faea93479,TRANSPORT_EXTREME,TAYLOR_COMPLETION_SINGLE_HIT,1100.0,19609677720.39469,9.5e-13,99999999998.99779,0.0,27283029871.853485,1e-12
oneD_v2_dbtt_TP_f07fe99faea93479,TRANSPORT_EXTREME,TAYLOR_COMPLETION_SINGLE_HIT,1100.0,19780196657.093777,9.5e-13,99999999998.99779,0.0,27283029871.853485,1e-12
oneD_v2_dbtt_TP_f07fe99faea93479,TRANSPORT_EXTREME,TAYLOR_COMPLETION_SINGLE_HIT,1100.0,19950715593.792862,9.5e-13,99999999998.99779,0.0,27283029871.853485,1e-12
oneD_v2_dbtt_TP_f07fe99faea93479,TRANSPORT_EXTREME,TAYLOR_COMPLETION_SINGLE_HIT,1100.0,20121234530.491943,9.5e-13,99999999998.99779,0.0,27283029871.853485,1e-12
oneD_v2_dbtt_TP_f07fe99faea93479,TRANSPORT_EXTREME,TAYLOR_COMPLETION_SINGLE_HIT,1100.0,20291753467.19103,9.5e-13,99999999998.99779,0.0,27283029871.853485,1e-12
oneD_v2_dbtt_TP_f07fe99faea93479,TRANSPORT_EXTREME,TAYLOR_COMPLETION_SINGLE_HIT,1100.0,20462272403.890114,9.5e-13,99999999998.99779,0.0,27283029871.853485,1e-12
oneD_v2_dbtt_TP_f07fe99faea93479,TRANSPORT_EXTREME,TAYLOR_COMPLETION_SINGLE_HIT,1100.0,20632791340.5892,9.5e-13,99999999998.99779,0.0,27283029871.853485,1e-12
oneD_v2_dbtt_TP_f07fe99faea93479,TRANSPORT_EXTREME,TAYLOR_COMPLETION_SINGLE_HIT,1100.0,20803310277.288284,9.5e-13,99999999998.99779,0.0,27283029871.853485,1e-12
oneD_v2_dbtt_TP_f07fe99faea93479,TRANSPORT_EXTREME,TAYLOR_COMPLETION_SINGLE_HIT,1100.0,20973829213.987366,9.5e-13,99999999998.99779,0.0,27283029871.853485,1e-12
oneD_v2_dbtt_TP_f07fe99faea93479,TRANSPORT_EXTREME,TAYLOR_COMPLETION_SINGLE_HIT,1100.0,21144348150.68645,9.5e-13,99999999998.99779,0.0,27283029871.853485,1e-12
oneD_v2_dbtt_TP_f07fe99faea93479,TRANSPORT_EXTREME,TAYLOR_COMPLETION_SINGLE_HIT,1100.0,21314867087.385536,9.5e-13,99999999998.99779,0.0,27283029871.853485,1e-12
oneD_v2_dbtt_TP_f07fe99faea93479,TRANSPORT_EXTREME,TAYLOR_COMPLETION_SINGLE_HIT,1100.0,21485386024.084618,9.5e-13,99999999998.99779,0.0,27283029871.853485,1e-12
oneD_v2_dbtt_TP_f07fe99faea93479,TRANSPORT_EXTREME,TAYLOR_COMPLETION_SINGLE_HIT,1100.0,21655904960.783703,9.5e-13,99999999998.99779,0.0,27283029871.853485,1e-12
oneD_v2_dbtt_TP_f07fe99faea93479,TRANSPORT_EXTREME,TAYLOR_COMPLETION_SINGLE_HIT,1100.0,21826423897.482788,9.5e-13,99999999998.99779,0.0,27283029871.853485,1e-12
oneD_v2_dbtt_TP_f07fe99faea93479,TRANSPORT_EXTREME,TAYLOR_COMPLETION_SINGLE_HIT,1100.0,21996942834.181873,9.5e-13,99999999998.99779,0.0,27283029871.853485,1e-12
oneD_v2_dbtt_TP_f07fe99faea93479,TRANSPORT_EXTREME,TAYLOR_COMPLETION_SINGLE_HIT,1100.0,22167461770.88096,9.5e-13,99999999998.99779,0.0,27283029871.853485,1e-12
oneD_v2_dbtt_TP_f07fe99faea93479,TRANSPORT_EXTREME,TAYLOR_COMPLETION_SINGLE_HIT,1100.0,22337980707.58004,9.5e-13,99999999998.99779,0.0,27283029871.853485,1e-12
oneD_v2_dbtt_TP_f07fe99faea93479,TRANSPORT_EXTREME,TAYLOR_COMPLETION_SINGLE_HIT,1100.0,22508499644.279125,9.5e-13,99999999998.99779,0.0,27283029871.853485,1e-12
oneD_v2_dbtt_TP_f07fe99faea93479,TRANSPORT_EXTREME,TAYLOR_COMPLETION_SINGLE_HIT,1100.0,22679018580.97821,9.5e-13,99999999998.99779,0.0,27283029871.853485,1e-12
oneD_v2_dbtt_TP_f07fe99faea93479,TRANSPORT_EXTREME,TAYLOR_COMPLETION_SINGLE_HIT,1100.0,22849537517.67729,9.5e-13,99999999998.99779,0.0,27283029871.853485,1e-12
oneD_v2_dbtt_TP_f07fe99faea93479,TRANSPORT_EXTREME,TAYLOR_COMPLETION_SINGLE_HIT,1100.0,23020056454.376377,9.5e-13,99999999998.99779,0.0,27283029871.853485,1e-12
oneD_v2_dbtt_TP_f07fe99faea93479,TRANSPORT_EXTREME,TAYLOR_COMPLETION_SINGLE_HIT,1100.0,23190575391.075462,9.5e-13,99999999998.99779,0.0,27283029871.853485,1e-12
oneD_v2_dbtt_TP_f07fe99faea93479,TRANSPORT_EXTREME,TAYLOR_COMPLETION_SINGLE_HIT,1100.0,23361094327.774548,9.5e-13,99999999998.99779,0.0,27283029871.853485,1e-12
oneD_v2_dbtt_TP_f07fe99faea93479,TRANSPORT_EXTREME,TAYLOR_COMPLETION_SINGLE_HIT,1100.0,23531613264.473633,9.5e-13,99999999998.99779,0.0,27283029871.853485,1e-12
oneD_v2_dbtt_TP_f07fe99faea93479,TRANSPORT_EXTREME,TAYLOR_COMPLETION_SINGLE_HIT,1100.0,23702132201.172714,9.5e-13,99999999998.99779,0.0,27283029871.853485,1e-12
oneD_v2_dbtt_TP_f07fe99faea93479,TRANSPORT_EXTREME,TAYLOR_COMPLETION_SINGLE_HIT,1100.0,23872651137.8718,9.5e-13,99999999998.99779,0.0,27283029871.853485,1e-12
oneD_v2_dbtt_TP_f07fe99faea93479,TRANSPORT_EXTREME,TAYLOR_COMPLETION_SINGLE_HIT,1100.0,24043170074.570885,9.5e-13,99999999998.99779,0.0,27283029871.853485,1e-12
oneD_v2_dbtt_TP_f07fe99faea93479,TRANSPORT_EXTREME,TAYLOR_COMPLETION_SINGLE_HIT,1100.0,24213689011.269966,9.5e-13,99999999998.99779,0.0,27283029871.853485,1e-12
oneD_v2_dbtt_TP_f07fe99faea93479,TRANSPORT_EXTREME,TAYLOR_COMPLETION_SINGLE_HIT,1100.0,24384207947.96905,9.5e-13,99999999998.99779,0.0,27283029871.853485,1e-12
oneD_v2_dbtt_TP_f07fe99faea93479,TRANSPORT_EXTREME,TAYLOR_COMPLETION_SINGLE_HIT,1100.0,24554726884.668137,9.5e-13,99999999998.99779,0.0,27283029871.853485,1e-12
oneD_v2_dbtt_TP_f07fe99faea93479,TRANSPORT_EXTREME,TAYLOR_COMPLETION_SINGLE_HIT,1100.0,24725245821.36722,9.5e-13,99999999998.99779,0.0,27283029871.853485,1e-12
oneD_v2_dbtt_TP_f07fe99faea93479,TRANSPORT_EXTREME,TAYLOR_COMPLETION_SINGLE_HIT,1100.0,24895764758.066307,9.5e-13,99999999998.99779,0.0,27283029871.853485,1e-12
oneD_v2_dbtt_TP_f07fe99faea93479,TRANSPORT_EXTREME,TAYLOR_COMPLETION_SINGLE_HIT,1100.0,25066283694.76539,9.5e-13,99999999998.99779,0.0,27283029871.853485,1e-12
oneD_v2_dbtt_TP_f07fe99faea93479,TRANSPORT_EXTREME,TAYLOR_COMPLETION_SINGLE_HIT,1100.0,25236802631.464474,9.5e-13,99999999998.99779,0.0,27283029871.853485,1e-12
oneD_v2_dbtt_TP_f07fe99faea93479,TRANSPORT_EXTREME,TAYLOR_COMPLETION_SINGLE_HIT,1100.0,25407321568.16356,9.5e-13,99999999998.99779,0.0,27283029871.853485,1e-12
oneD_v2_dbtt_TP_f07fe99faea93479,TRANSPORT_EXTREME,TAYLOR_COMPLETION_SINGLE_HIT,1100.0,25577840504.86264,9.5e-13,99999999998.99779,0.0,27283029871.853485,1e-12
oneD_v2_dbtt_TP_f07fe99faea93479,TRANSPORT_EXTREME,TAYLOR_COMPLETION_SINGLE_HIT,1100.0,25748359441.561726,9.5e-13,99999999998.99779,0.0,27283029871.853485,1e-12
oneD_v2_dbtt_TP_f07fe99faea93479,TRANSPORT_EXTREME,TAYLOR_COMPLETION_SINGLE_HIT,1100.0,25918878378.26081,9.5e-13,99999999998.99779,0.0,27283029871.853485,1e-12
oneD_v2_dbtt_TP_f07fe99faea93479,TRANSPORT_EXTREME,TAYLOR_COMPLETION_SINGLE_HIT,1100.0,26089397314.959896,9.5e-13,99999999998.99779,0.0,27283029871.853485,1e-12
oneD_v2_dbtt_TP_f07fe99faea93479,TRANSPORT_EXTREME,TAYLOR_COMPLETION_SINGLE_HIT,1100.0,26259916251.65898,9.5e-13,99999999998.99779,0.0,27283029871.853485,1e-12
oneD_v2_dbtt_TP_f07fe99faea93479,TRANSPORT_EXTREME,TAYLOR_COMPLETION_SINGLE_HIT,1100.0,26430435188.358063,9.5e-13,99999999998.99779,0.0,27283029871.853485,1e-12
oneD_v2_dbtt_TP_f07fe99faea93479,TRANSPORT_EXTREME,TAYLOR_COMPLETION_SINGLE_HIT,1100.0,26600954125.057148,9.5e-13,99999999998.99779,0.0,27283029871.853485,1e-12
oneD_v2_dbtt_TP_f07fe99faea93479,TRANSPORT_EXTREME,TAYLOR_COMPLETION_SINGLE_HIT,1100.0,26771473061.756233,9.5e-13,99999999998.99779,0.0,27283029871.853485,1e-12
oneD_v2_dbtt_TP_f07fe99faea93479,TRANSPORT_EXTREME,TAYLOR_COMPLETION_SINGLE_HIT,1100.0,26941991998.455315,9.5e-13,99999999998.99779,0.0,27283029871.853485,1e-12
oneD_v2_dbtt_TP_f07fe99faea93479,TRANSPORT_EXTREME,TAYLOR_COMPLETION_SINGLE_HIT,1100.0,27112510935.1544,9.5e-13,99999999998.99779,0.0,27283029871.853485,1e-12
oneD_v2_dbtt_TP_f07fe99faea93479,TRANSPORT_EXTREME,TAYLOR_COMPLETION_SINGLE_HIT,1100.0,27283029871.853485,9.5e-13,99999999998.99779,0.0,27283029871.853485,1e-12
oneD_v2_dbtt_TP_f07fe99faea93479,TRANSPORT_EXTREME,EMISSION,1100.0,0.0,7.160118789714014,1.5670446861826083e-22,0.0,135800119.08999252,7.160118789714014
oneD_v2_dbtt_TP_f07fe99faea93479,TRANSPORT_EXTREME,EMISSION,1100.0,848750.7443124533,0.07423772575569687,45695265852.441086,0.0,135800119.08999252,7.160118789714014
oneD_v2_dbtt_TP_f07fe99faea93479,TRANSPORT_EXTREME,EMISSION,1100.0,1697501.4886249066,0.07423772575569687,45695265852.441086,0.0,135800119.08999252,7.160118789714014
oneD_v2_dbtt_TP_f07fe99faea93479,TRANSPORT_EXTREME,EMISSION,1100.0,2546252.23293736,0.07423772575569687,45695265852.441086,0.0,135800119.08999252,7.160118789714014
oneD_v2_dbtt_TP_f07fe99faea93479,TRANSPORT_EXTREME,EMISSION,1100.0,3395002.9772498133,0.07423772575569687,45695265852.441086,0.0,135800119.08999252,7.160118789714014
oneD_v2_dbtt_TP_f07fe99faea93479,TRANSPORT_EXTREME,EMISSION,1100.0,4243753.721562266,0.07423772575569687,45695265852.441086,0.0,135800119.08999252,7.160118789714014
oneD_v2_dbtt_TP_f07fe99faea93479,TRANSPORT_EXTREME,EMISSION,1100.0,5092504.46587472,0.07423772575569687,45695265852.441086,0.0,135800119.08999252,7.160118789714014
oneD_v2_dbtt_TP_f07fe99faea93479,TRANSPORT_EXTREME,EMISSION,1100.0,5941255.210187173,0.07423772575569687,45695265852.441086,0.0,135800119.08999252,7.160118789714014
oneD_v2_dbtt_TP_f07fe99faea93479,TRANSPORT_EXTREME,EMISSION,1100.0,6790005.9544996265,0.07423772575569687,45695265852.441086,0.0,135800119.08999252,7.160118789714014
oneD_v2_dbtt_TP_f07fe99faea93479,TRANSPORT_EXTREME,EMISSION,1100.0,7638756.69881208,0.07423772575569687,45695265852.441086,0.0,135800119.08999252,7.160118789714014
oneD_v2_dbtt_TP_f07fe99faea93479,TRANSPORT_EXTREME,EMISSION,1100.0,8487507.443124533,0.07423772575569687,45695265852.441086,0.0,135800119.08999252,7.160118789714014
oneD_v2_dbtt_TP_f07fe99faea93479,TRANSPORT_EXTREME,EMISSION,1100.0,9336258.187436987,0.07423772575569687,45695265852.441086,0.0,135800119.08999252,7.160118789714014
oneD_v2_dbtt_TP_f07fe99faea93479,TRANSPORT_EXTREME,EMISSION,1100.0,10185008.93174944,0.07423772575569687,45695265852.441086,0.0,135800119.08999252,7.160118789714014
oneD_v2_dbtt_TP_f07fe99faea93479,TRANSPORT_EXTREME,EMISSION,1100.0,11033759.676061893,0.07423772575569687,45695265852.441086,0.0,135800119.08999252,7.160118789714014
oneD_v2_dbtt_TP_f07fe99faea93479,TRANSPORT_EXTREME,EMISSION,1100.0,11882510.420374347,0.07423772575569687,45695265852.441086,0.0,135800119.08999252,7.160118789714014
oneD_v2_dbtt_TP_f07fe99faea93479,TRANSPORT_EXTREME,EMISSION,1100.0,12731261.164686799,0.07423772575569687,45695265852.441086,0.0,135800119.08999252,7.160118789714014
oneD_v2_dbtt_TP_f07fe99faea93479,TRANSPORT_EXTREME,EMISSION,1100.0,13580011.908999253,0.07423772575569687,45695265852.441086,0.0,135800119.08999252,7.160118789714014
oneD_v2_dbtt_TP_f07fe99faea93479,TRANSPORT_EXTREME,EMISSION,1100.0,14428762.653311707,0.07423772575569687,45695265852.441086,0.0,135800119.08999252,7.160118789714014
oneD_v2_dbtt_TP_f07fe99faea93479,TRANSPORT_EXTREME,EMISSION,1100.0,15277513.39762416,0.07423772575569687,45695265852.441086,0.0,135800119.08999252,7.160118789714014
oneD_v2_dbtt_TP_f07fe99faea93479,TRANSPORT_EXTREME,EMISSION,1100.0,16126264.141936613,0.07423772575569687,45695265852.441086,0.0,135800119.08999252,7.160118789714014
oneD_v2_dbtt_TP_f07fe99faea93479,TRANSPORT_EXTREME,EMISSION,1100.0,16975014.886249065,0.07423772575569687,45695265852.441086,0.0,135800119.08999252,7.160118789714014
oneD_v2_dbtt_TP_f07fe99faea93479,TRANSPORT_EXTREME,EMISSION,1100.0,17823765.63056152,0.07423772575569687,45695265852.441086,0.0,135800119.08999252,7.160118789714014
oneD_v2_dbtt_TP_f07fe99faea93479,TRANSPORT_EXTREME,EMISSION,1100.0,18672516.374873973,0.07423772575569687,45695265852.441086,0.0,135800119.08999252,7.160118789714014
oneD_v2_dbtt_TP_f07fe99faea93479,TRANSPORT_EXTREME,EMISSION,1100.0,19521267.119186427,0.07423772575569687,45695265852.441086,0.0,135800119.08999252,7.160118789714014
oneD_v2_dbtt_TP_f07fe99faea93479,TRANSPORT_EXTREME,EMISSION,1100.0,20370017.86349888,0.07423772575569687,45695265852.441086,0.0,135800119.08999252,7.160118789714014
oneD_v2_dbtt_TP_f07fe99faea93479,TRANSPORT_EXTREME,EMISSION,1100.0,21218768.60781133,0.07423772575569687,45695265852.441086,0.0,135800119.08999252,7.160118789714014
oneD_v2_dbtt_TP_f07fe99faea93479,TRANSPORT_EXTREME,EMISSION,1100.0,22067519.352123786,0.07423772575569687,45695265852.441086,0.0,135800119.08999252,7.160118789714014
oneD_v2_dbtt_TP_f07fe99faea93479,TRANSPORT_EXTREME,EMISSION,1100.0,22916270.09643624,0.07423772575569687,45695265852.441086,0.0,135800119.08999252,7.160118789714014
oneD_v2_dbtt_TP_f07fe99faea93479,TRANSPORT_EXTREME,EMISSION,1100.0,23765020.840748694,0.07423772575569687,45695265852.441086,0.0,135800119.08999252,7.160118789714014
oneD_v2_dbtt_TP_f07fe99faea93479,TRANSPORT_EXTREME,EMISSION,1100.0,24613771.585061148,0.07423772575569687,45695265852.441086,0.0,135800119.08999252,7.160118789714014
oneD_v2_dbtt_TP_f07fe99faea93479,TRANSPORT_EXTREME,EMISSION,1100.0,25462522.329373598,0.07423772575569687,45695265852.441086,0.0,135800119.08999252,7.160118789714014
oneD_v2_dbtt_TP_f07fe99faea93479,TRANSPORT_EXTREME,EMISSION,1100.0,26311273.073686052,0.07423772575569687,45695265852.441086,0.0,135800119.08999252,7.160118789714014
oneD_v2_dbtt_TP_f07fe99faea93479,TRANSPORT_EXTREME,EMISSION,1100.0,27160023.817998506,0.07423772575569687,45695265852.441086,0.0,135800119.08999252,7.160118789714014
oneD_v2_dbtt_TP_f07fe99faea93479,TRANSPORT_EXTREME,EMISSION,1100.0,28008774.56231096,0.07423772575569687,45695265852.441086,0.0,135800119.08999252,7.160118789714014
oneD_v2_dbtt_TP_f07fe99faea93479,TRANSPORT_EXTREME,EMISSION,1100.0,28857525.306623414,0.07423772575569687,45695265852.441086,0.0,135800119.08999252,7.160118789714014
oneD_v2_dbtt_TP_f07fe99faea93479,TRANSPORT_EXTREME,EMISSION,1100.0,29706276.050935864,0.07423772575569687,45695265852.441086,0.0,135800119.08999252,7.160118789714014
oneD_v2_dbtt_TP_f07fe99faea93479,TRANSPORT_EXTREME,EMISSION,1100.0,30555026.79524832,0.07423772575569687,45695265852.441086,0.0,135800119.08999252,7.160118789714014
oneD_v2_dbtt_TP_f07fe99faea93479,TRANSPORT_EXTREME,EMISSION,1100.0,31403777.539560772,0.07423772575569687,45695265852.441086,0.0,135800119.08999252,7.160118789714014
oneD_v2_dbtt_TP_f07fe99faea93479,TRANSPORT_EXTREME,EMISSION,1100.0,32252528.283873226,0.07423772575569687,45695265852.441086,0.0,135800119.08999252,7.160118789714014
oneD_v2_dbtt_TP_f07fe99faea93479,TRANSPORT_EXTREME,EMISSION,1100.0,33101279.02818568,0.07423772575569687,45695265852.441086,0.0,135800119.08999252,7.160118789714014
oneD_v2_dbtt_TP_f07fe99faea93479,TRANSPORT_EXTREME,EMISSION,1100.0,33950029.77249813,0.07423772575569687,45695265852.441086,0.0,135800119.08999252,7.160118789714014
oneD_v2_dbtt_TP_f07fe99faea93479,TRANSPORT_EXTREME,EMISSION,1100.0,34798780.51681059,0.07423772575569687,45695265852.441086,0.0,135800119.08999252,7.160118789714014
oneD_v2_dbtt_TP_f07fe99faea93479,TRANSPORT_EXTREME,EMISSION,1100.0,35647531.26112304,0.07423772575569687,45695265852.441086,0.0,135800119.08999252,7.160118789714014
oneD_v2_dbtt_TP_f07fe99faea93479,TRANSPORT_EXTREME,EMISSION,1100.0,36496282.00543549,0.07423772575569687,45695265852.441086,0.0,135800119.08999252,7.160118789714014
oneD_v2_dbtt_TP_f07fe99faea93479,TRANSPORT_EXTREME,EMISSION,1100.0,37345032.74974795,0.07423772575569687,45695265852.441086,0.0,135800119.08999252,7.160118789714014
oneD_v2_dbtt_TP_f07fe99faea93479,TRANSPORT_EXTREME,EMISSION,1100.0,38193783.4940604,0.07423772575569687,45695265852.441086,0.0,135800119.08999252,7.160118789714014
oneD_v2_dbtt_TP_f07fe99faea93479,TRANSPORT_EXTREME,EMISSION,1100.0,39042534.238372855,0.07423772575569687,45695265852.441086,0.0,135800119.08999252,7.160118789714014
oneD_v2_dbtt_TP_f07fe99faea93479,TRANSPORT_EXTREME,EMISSION,1100.0,39891284.982685305,0.07423772575569687,45695265852.441086,0.0,135800119.08999252,7.160118789714014
oneD_v2_dbtt_TP_f07fe99faea93479,TRANSPORT_EXTREME,EMISSION,1100.0,40740035.72699776,0.07423772575569687,45695265852.441086,0.0,135800119.08999252,7.160118789714014
oneD_v2_dbtt_TP_f07fe99faea93479,TRANSPORT_EXTREME,EMISSION,1100.0,41588786.47131021,0.07423772575569687,45695265852.441086,0.0,135800119.08999252,7.160118789714014
oneD_v2_dbtt_TP_f07fe99faea93479,TRANSPORT_EXTREME,EMISSION,1100.0,42437537.21562266,0.07423772575569687,45695265852.441086,0.0,135800119.08999252,7.160118789714014
oneD_v2_dbtt_TP_f07fe99faea93479,TRANSPORT_EXTREME,EMISSION,1100.0,43286287.95993512,0.07423772575569687,45695265852.441086,0.0,135800119.08999252,7.160118789714014
oneD_v2_dbtt_TP_f07fe99faea93479,TRANSPORT_EXTREME,EMISSION,1100.0,44135038.70424757,0.07423772575569687,45695265852.441086,0.0,135800119.08999252,7.160118789714014
oneD_v2_dbtt_TP_f07fe99faea93479,TRANSPORT_EXTREME,EMISSION,1100.0,44983789.44856003,0.07423772575569687,45695265852.441086,0.0,135800119.08999252,7.160118789714014
oneD_v2_dbtt_TP_f07fe99faea93479,TRANSPORT_EXTREME,EMISSION,1100.0,45832540.19287248,0.07423772575569687,45695265852.441086,0.0,135800119.08999252,7.160118789714014
oneD_v2_dbtt_TP_f07fe99faea93479,TRANSPORT_EXTREME,EMISSION,1100.0,46681290.93718493,0.07423772575569687,45695265852.441086,0.0,135800119.08999252,7.160118789714014
oneD_v2_dbtt_TP_f07fe99faea93479,TRANSPORT_EXTREME,EMISSION,1100.0,47530041.68149739,0.07423772575569687,45695265852.441086,0.0,135800119.08999252,7.160118789714014
oneD_v2_dbtt_TP_f07fe99faea93479,TRANSPORT_EXTREME,EMISSION,1100.0,48378792.42580984,0.07423772575569687,45695265852.441086,0.0,135800119.08999252,7.160118789714014
oneD_v2_dbtt_TP_f07fe99faea93479,TRANSPORT_EXTREME,EMISSION,1100.0,49227543.170122296,0.07423772575569687,45695265852.441086,0.0,135800119.08999252,7.160118789714014
oneD_v2_dbtt_TP_f07fe99faea93479,TRANSPORT_EXTREME,EMISSION,1100.0,50076293.914434746,0.07423772575569687,45695265852.441086,0.0,135800119.08999252,7.160118789714014
oneD_v2_dbtt_TP_f07fe99faea93479,TRANSPORT_EXTREME,EMISSION,1100.0,50925044.658747196,0.07423772575569687,45695265852.441086,0.0,135800119.08999252,7.160118789714014
oneD_v2_dbtt_TP_f07fe99faea93479,TRANSPORT_EXTREME,EMISSION,1100.0,51773795.403059654,0.07423772575569687,45695265852.441086,0.0,135800119.08999252,7.160118789714014
oneD_v2_dbtt_TP_f07fe99faea93479,TRANSPORT_EXTREME,EMISSION,1100.0,52622546.147372104,0.07423772575569687,45695265852.441086,0.0,135800119.08999252,7.160118789714014
oneD_v2_dbtt_TP_f07fe99faea93479,TRANSPORT_EXTREME,EMISSION,1100.0,53471296.89168456,0.07423772575569687,45695265852.441086,0.0,135800119.08999252,7.160118789714014
oneD_v2_dbtt_TP_f07fe99faea93479,TRANSPORT_EXTREME,EMISSION,1100.0,54320047.63599701,0.07423772575569687,45695265852.441086,0.0,135800119.08999252,7.160118789714014
oneD_v2_dbtt_TP_f07fe99faea93479,TRANSPORT_EXTREME,EMISSION,1100.0,55168798.38030946,0.07423772575569687,45695265852.441086,0.0,135800119.08999252,7.160118789714014
oneD_v2_dbtt_TP_f07fe99faea93479,TRANSPORT_EXTREME,EMISSION,1100.0,56017549.12462192,0.07423772575569687,45695265852.441086,0.0,135800119.08999252,7.160118789714014
oneD_v2_dbtt_TP_f07fe99faea93479,TRANSPORT_EXTREME,EMISSION,1100.0,56866299.86893437,0.07423772575569687,45695265852.441086,0.0,135800119.08999252,7.160118789714014
oneD_v2_dbtt_TP_f07fe99faea93479,TRANSPORT_EXTREME,EMISSION,1100.0,57715050.61324683,0.07423772575569687,45695265852.441086,0.0,135800119.08999252,7.160118789714014
oneD_v2_dbtt_TP_f07fe99faea93479,TRANSPORT_EXTREME,EMISSION,1100.0,58563801.35755928,0.07423772575569687,45695265852.441086,0.0,135800119.08999252,7.160118789714014
oneD_v2_dbtt_TP_f07fe99faea93479,TRANSPORT_EXTREME,EMISSION,1100.0,59412552.10187173,0.07423772575569687,45695265852.441086,0.0,135800119.08999252,7.160118789714014
oneD_v2_dbtt_TP_f07fe99faea93479,TRANSPORT_EXTREME,EMISSION,1100.0,60261302.84618419,0.07423772575569687,45695265852.441086,0.0,135800119.08999252,7.160118789714014
oneD_v2_dbtt_TP_f07fe99faea93479,TRANSPORT_EXTREME,EMISSION,1100.0,61110053.59049664,0.07423772575569687,45695265852.441086,0.0,135800119.08999252,7.160118789714014
oneD_v2_dbtt_TP_f07fe99faea93479,TRANSPORT_EXTREME,EMISSION,1100.0,61958804.334809095,0.07423772575569687,45695265852.441086,0.0,135800119.08999252,7.160118789714014
oneD_v2_dbtt_TP_f07fe99faea93479,TRANSPORT_EXTREME,EMISSION,1100.0,62807555.079121545,0.07423772575569687,45695265852.441086,0.0,135800119.08999252,7.160118789714014
oneD_v2_dbtt_TP_f07fe99faea93479,TRANSPORT_EXTREME,EMISSION,1100.0,63656305.823433995,0.07423772575569687,45695265852.441086,0.0,135800119.08999252,7.160118789714014
oneD_v2_dbtt_TP_f07fe99faea93479,TRANSPORT_EXTREME,EMISSION,1100.0,64505056.56774645,0.07423772575569687,45695265852.441086,0.0,135800119.08999252,7.160118789714014
oneD_v2_dbtt_TP_f07fe99faea93479,TRANSPORT_EXTREME,EMISSION,1100.0,65353807.3120589,0.07423772575569687,45695265852.441086,0.0,135800119.08999252,7.160118789714014
oneD_v2_dbtt_TP_f07fe99faea93479,TRANSPORT_EXTREME,EMISSION,1100.0,66202558.05637136,0.07423772575569687,45695265852.441086,0.0,135800119.08999252,7.160118789714014
oneD_v2_dbtt_TP_f07fe99faea93479,TRANSPORT_EXTREME,EMISSION,1100.0,67051308.80068381,0.07423772575569687,45695265852.441086,0.0,135800119.08999252,7.160118789714014
oneD_v2_dbtt_TP_f07fe99faea93479,TRANSPORT_EXTREME,EMISSION,1100.0,67900059.54499626,0.07423772575569687,45695265852.441086,0.0,135800119.08999252,7.160118789714014
oneD_v2_dbtt_TP_f07fe99faea93479,TRANSPORT_EXTREME,EMISSION,1100.0,68748810.28930871,0.07423772575569687,45695265852.441086,0.0,135800119.08999252,7.160118789714014
oneD_v2_dbtt_TP_f07fe99faea93479,TRANSPORT_EXTREME,EMISSION,1100.0,69597561.03362118,0.07423772575569687,45695265852.441086,0.0,135800119.08999252,7.160118789714014
oneD_v2_dbtt_TP_f07fe99faea93479,TRANSPORT_EXTREME,EMISSION,1100.0,70446311.77793363,0.07423772575569687,45695265852.441086,0.0,135800119.08999252,7.160118789714014
oneD_v2_dbtt_TP_f07fe99faea93479,TRANSPORT_EXTREME,EMISSION,1100.0,71295062.52224608,0.07423772575569687,45695265852.441086,0.0,135800119.08999252,7.160118789714014
oneD_v2_dbtt_TP_f07fe99faea93479,TRANSPORT_EXTREME,EMISSION,1100.0,72143813.26655853,0.07423772575569687,45695265852.441086,0.0,135800119.08999252,7.160118789714014
oneD_v2_dbtt_TP_f07fe99faea93479,TRANSPORT_EXTREME,EMISSION,1100.0,72992564.01087098,0.07423772575569687,45695265852.441086,0.0,135800119.08999252,7.160118789714014
oneD_v2_dbtt_TP_f07fe99faea93479,TRANSPORT_EXTREME,EMISSION,1100.0,73841314.75518344,0.07423772575569687,45695265852.441086,0.0,135800119.08999252,7.160118789714014
oneD_v2_dbtt_TP_f07fe99faea93479,TRANSPORT_EXTREME,EMISSION,1100.0,74690065.4994959,0.07423772575569687,45695265852.441086,0.0,135800119.08999252,7.160118789714014
oneD_v2_dbtt_TP_f07fe99faea93479,TRANSPORT_EXTREME,EMISSION,1100.0,75538816.24380834,0.07423772575569687,45695265852.441086,0.0,135800119.08999252,7.160118789714014
oneD_v2_dbtt_TP_f07fe99faea93479,TRANSPORT_EXTREME,EMISSION,1100.0,76387566.9881208,0.07423772575569687,45695265852.441086,0.0,135800119.08999252,7.160118789714014
oneD_v2_dbtt_TP_f07fe99faea93479,TRANSPORT_EXTREME,EMISSION,1100.0,77236317.73243324,0.07423772575569687,45695265852.441086,0.0,135800119.08999252,7.160118789714014
oneD_v2_dbtt_TP_f07fe99faea93479,TRANSPORT_EXTREME,EMISSION,1100.0,78085068.47674571,0.07423772575569687,45695265852.441086,0.0,135800119.08999252,7.160118789714014
oneD_v2_dbtt_TP_f07fe99faea93479,TRANSPORT_EXTREME,EMISSION,1100.0,78933819.22105816,0.07423772575569687,45695265852.441086,0.0,135800119.08999252,7.160118789714014
oneD_v2_dbtt_TP_f07fe99faea93479,TRANSPORT_EXTREME,EMISSION,1100.0,79782569.96537061,0.07423772575569687,45695265852.441086,0.0,135800119.08999252,7.160118789714014
oneD_v2_dbtt_TP_f07fe99faea93479,TRANSPORT_EXTREME,EMISSION,1100.0,80631320.70968306,0.07423772575569687,45695265852.441086,0.0,135800119.08999252,7.160118789714014
oneD_v2_dbtt_TP_f07fe99faea93479,TRANSPORT_EXTREME,EMISSION,1100.0,81480071.45399553,0.07423772575569687,45695265852.441086,0.0,135800119.08999252,7.160118789714014
oneD_v2_dbtt_TP_f07fe99faea93479,TRANSPORT_EXTREME,EMISSION,1100.0,82328822.19830798,0.07423772575569687,45695265852.441086,0.0,135800119.08999252,7.160118789714014
oneD_v2_dbtt_TP_f07fe99faea93479,TRANSPORT_EXTREME,EMISSION,1100.0,83177572.94262043,0.07423772575569687,45695265852.441086,0.0,135800119.08999252,7.160118789714014
oneD_v2_dbtt_TP_f07fe99faea93479,TRANSPORT_EXTREME,EMISSION,1100.0,84026323.68693288,0.07423772575569687,45695265852.441086,0.0,135800119.08999252,7.160118789714014
oneD_v2_dbtt_TP_f07fe99faea93479,TRANSPORT_EXTREME,EMISSION,1100.0,84875074.43124533,0.07423772575569687,45695265852.441086,0.0,135800119.08999252,7.160118789714014
oneD_v2_dbtt_TP_f07fe99faea93479,TRANSPORT_EXTREME,EMISSION,1100.0,85723825.17555779,0.07423772575569687,45695265852.441086,0.0,135800119.08999252,7.160118789714014
oneD_v2_dbtt_TP_f07fe99faea93479,TRANSPORT_EXTREME,EMISSION,1100.0,86572575.91987024,0.07423772575569687,45695265852.441086,0.0,135800119.08999252,7.160118789714014
oneD_v2_dbtt_TP_f07fe99faea93479,TRANSPORT_EXTREME,EMISSION,1100.0,87421326.6641827,0.07423772575569687,45695265852.441086,0.0,135800119.08999252,7.160118789714014
oneD_v2_dbtt_TP_f07fe99faea93479,TRANSPORT_EXTREME,EMISSION,1100.0,88270077.40849514,0.07423772575569687,45695265852.441086,0.0,135800119.08999252,7.160118789714014
oneD_v2_dbtt_TP_f07fe99faea93479,TRANSPORT_EXTREME,EMISSION,1100.0,89118828.1528076,0.07423772575569687,45695265852.441086,0.0,135800119.08999252,7.160118789714014
oneD_v2_dbtt_TP_f07fe99faea93479,TRANSPORT_EXTREME,EMISSION,1100.0,89967578.89712006,0.07423772575569687,45695265852.441086,0.0,135800119.08999252,7.160118789714014
oneD_v2_dbtt_TP_f07fe99faea93479,TRANSPORT_EXTREME,EMISSION,1100.0,90816329.64143251,0.07423772575569687,45695265852.441086,0.0,135800119.08999252,7.160118789714014
oneD_v2_dbtt_TP_f07fe99faea93479,TRANSPORT_EXTREME,EMISSION,1100.0,91665080.38574496,0.07423772575569687,45695265852.441086,0.0,135800119.08999252,7.160118789714014
oneD_v2_dbtt_TP_f07fe99faea93479,TRANSPORT_EXTREME,EMISSION,1100.0,92513831.13005741,0.07423772575569687,45695265852.441086,0.0,135800119.08999252,7.160118789714014
oneD_v2_dbtt_TP_f07fe99faea93479,TRANSPORT_EXTREME,EMISSION,1100.0,93362581.87436986,0.07423772575569687,45695265852.441086,0.0,135800119.08999252,7.160118789714014
oneD_v2_dbtt_TP_f07fe99faea93479,TRANSPORT_EXTREME,EMISSION,1100.0,94211332.61868232,0.07423772575569687,45695265852.441086,0.0,135800119.08999252,7.160118789714014
oneD_v2_dbtt_TP_f07fe99faea93479,TRANSPORT_EXTREME,EMISSION,1100.0,95060083.36299478,0.07423772575569687,45695265852.441086,0.0,135800119.08999252,7.160118789714014
oneD_v2_dbtt_TP_f07fe99faea93479,TRANSPORT_EXTREME,EMISSION,1100.0,95908834.10730723,0.07423772575569687,45695265852.441086,0.0,135800119.08999252,7.160118789714014
oneD_v2_dbtt_TP_f07fe99faea93479,TRANSPORT_EXTREME,EMISSION,1100.0,96757584.85161968,0.07423772575569687,45695265852.441086,0.0,135800119.08999252,7.160118789714014
oneD_v2_dbtt_TP_f07fe99faea93479,TRANSPORT_EXTREME,EMISSION,1100.0,97606335.59593213,0.07423772575569687,45695265852.441086,0.0,135800119.08999252,7.160118789714014
oneD_v2_dbtt_TP_f07fe99faea93479,TRANSPORT_EXTREME,EMISSION,1100.0,98455086.34024459,0.07423772575569687,45695265852.441086,0.0,135800119.08999252,7.160118789714014
oneD_v2_dbtt_TP_f07fe99faea93479,TRANSPORT_EXTREME,EMISSION,1100.0,99303837.08455704,0.07423772575569687,45695265852.441086,0.0,135800119.08999252,7.160118789714014
oneD_v2_dbtt_TP_f07fe99faea93479,TRANSPORT_EXTREME,EMISSION,1100.0,100152587.82886949,0.07423772575569687,45695265852.441086,0.0,135800119.08999252,7.160118789714014
oneD_v2_dbtt_TP_f07fe99faea93479,TRANSPORT_EXTREME,EMISSION,1100.0,101001338.57318194,0.07423772575569687,45695265852.441086,0.0,135800119.08999252,7.160118789714014
oneD_v2_dbtt_TP_f07fe99faea93479,TRANSPORT_EXTREME,EMISSION,1100.0,101850089.31749439,0.07423772575569687,45695265852.441086,0.0,135800119.08999252,7.160118789714014
oneD_v2_dbtt_TP_f07fe99faea93479,TRANSPORT_EXTREME,EMISSION,1100.0,102698840.06180686,0.07423772575569687,45695265852.441086,0.0,135800119.08999252,7.160118789714014
oneD_v2_dbtt_TP_f07fe99faea93479,TRANSPORT_EXTREME,EMISSION,1100.0,103547590.80611931,0.07423772575569687,45695265852.441086,0.0,135800119.08999252,7.160118789714014
oneD_v2_dbtt_TP_f07fe99faea93479,TRANSPORT_EXTREME,EMISSION,1100.0,104396341.55043176,0.07423772575569687,45695265852.441086,0.0,135800119.08999252,7.160118789714014
oneD_v2_dbtt_TP_f07fe99faea93479,TRANSPORT_EXTREME,EMISSION,1100.0,105245092.29474421,0.07423772575569687,45695265852.441086,0.0,135800119.08999252,7.160118789714014
oneD_v2_dbtt_TP_f07fe99faea93479,TRANSPORT_EXTREME,EMISSION,1100.0,106093843.03905666,0.07423772575569687,45695265852.441086,0.0,135800119.08999252,7.160118789714014
oneD_v2_dbtt_TP_f07fe99faea93479,TRANSPORT_EXTREME,EMISSION,1100.0,106942593.78336912,0.07423772575569687,45695265852.441086,0.0,135800119.08999252,7.160118789714014
oneD_v2_dbtt_TP_f07fe99faea93479,TRANSPORT_EXTREME,EMISSION,1100.0,107791344.52768157,0.07423772575569687,45695265852.441086,0.0,135800119.08999252,7.160118789714014
oneD_v2_dbtt_TP_f07fe99faea93479,TRANSPORT_EXTREME,EMISSION,1100.0,108640095.27199402,0.07423772575569687,45695265852.441086,0.0,135800119.08999252,7.160118789714014
oneD_v2_dbtt_TP_f07fe99faea93479,TRANSPORT_EXTREME,EMISSION,1100.0,109488846.01630647,0.07423772575569687,45695265852.441086,0.0,135800119.08999252,7.160118789714014
oneD_v2_dbtt_TP_f07fe99faea93479,TRANSPORT_EXTREME,EMISSION,1100.0,110337596.76061893,0.07423772575569687,45695265852.441086,0.0,135800119.08999252,7.160118789714014
oneD_v2_dbtt_TP_f07fe99faea93479,TRANSPORT_EXTREME,EMISSION,1100.0,111186347.50493139,0.07423772575569687,45695265852.441086,0.0,135800119.08999252,7.160118789714014
oneD_v2_dbtt_TP_f07fe99faea93479,TRANSPORT_EXTREME,EMISSION,1100.0,112035098.24924384,0.07423772575569687,45695265852.441086,0.0,135800119.08999252,7.160118789714014
oneD_v2_dbtt_TP_f07fe99faea93479,TRANSPORT_EXTREME,EMISSION,1100.0,112883848.99355629,0.07423772575569687,45695265852.441086,0.0,135800119.08999252,7.160118789714014
oneD_v2_dbtt_TP_f07fe99faea93479,TRANSPORT_EXTREME,EMISSION,1100.0,113732599.73786874,0.07423772575569687,45695265852.441086,0.0,135800119.08999252,7.160118789714014
oneD_v2_dbtt_TP_f07fe99faea93479,TRANSPORT_EXTREME,EMISSION,1100.0,114581350.48218119,0.07423772575569687,45695265852.441086,0.0,135800119.08999252,7.160118789714014
oneD_v2_dbtt_TP_f07fe99faea93479,TRANSPORT_EXTREME,EMISSION,1100.0,115430101.22649366,0.07423772575569687,45695265852.441086,0.0,135800119.08999252,7.160118789714014
oneD_v2_dbtt_TP_f07fe99faea93479,TRANSPORT_EXTREME,EMISSION,1100.0,116278851.9708061,0.07423772575569687,45695265852.441086,0.0,135800119.08999252,7.160118789714014
oneD_v2_dbtt_TP_f07fe99faea93479,TRANSPORT_EXTREME,EMISSION,1100.0,117127602.71511856,0.07423772575569687,45695265852.441086,0.0,135800119.08999252,7.160118789714014
oneD_v2_dbtt_TP_f07fe99faea93479,TRANSPORT_EXTREME,EMISSION,1100.0,117976353.45943101,0.07423772575569687,45695265852.441086,0.0,135800119.08999252,7.160118789714014
oneD_v2_dbtt_TP_f07fe99faea93479,TRANSPORT_EXTREME,EMISSION,1100.0,118825104.20374346,0.07423772575569687,45695265852.441086,0.0,135800119.08999252,7.160118789714014
oneD_v2_dbtt_TP_f07fe99faea93479,TRANSPORT_EXTREME,EMISSION,1100.0,119673854.94805592,0.07423772575569687,45695265852.441086,0.0,135800119.08999252,7.160118789714014
oneD_v2_dbtt_TP_f07fe99faea93479,TRANSPORT_EXTREME,EMISSION,1100.0,120522605.69236837,0.07423772575569687,45695265852.441086,0.0,135800119.08999252,7.160118789714014
oneD_v2_dbtt_TP_f07fe99faea93479,TRANSPORT_EXTREME,EMISSION,1100.0,121371356.43668082,0.07423772575569687,45695265852.441086,0.0,135800119.08999252,7.160118789714014
oneD_v2_dbtt_TP_f07fe99faea93479,TRANSPORT_EXTREME,EMISSION,1100.0,122220107.18099327,0.07423772575569687,45695265852.441086,0.0,135800119.08999252,7.160118789714014
oneD_v2_dbtt_TP_f07fe99faea93479,TRANSPORT_EXTREME,EMISSION,1100.0,123068857.92530572,0.07423772575569687,45695265852.441086,0.0,135800119.08999252,7.160118789714014
oneD_v2_dbtt_TP_f07fe99faea93479,TRANSPORT_EXTREME,EMISSION,1100.0,123917608.66961819,0.07423772575569687,45695265852.441086,0.0,135800119.08999252,7.160118789714014
oneD_v2_dbtt_TP_f07fe99faea93479,TRANSPORT_EXTREME,EMISSION,1100.0,124766359.41393064,0.07423772575569687,45695265852.441086,0.0,135800119.08999252,7.160118789714014
oneD_v2_dbtt_TP_f07fe99faea93479,TRANSPORT_EXTREME,EMISSION,1100.0,125615110.15824309,0.07423772575569687,45695265852.441086,0.0,135800119.08999252,7.160118789714014
oneD_v2_dbtt_TP_f07fe99faea93479,TRANSPORT_EXTREME,EMISSION,1100.0,126463860.90255554,0.07423772575569687,45695265852.441086,0.0,135800119.08999252,7.160118789714014
oneD_v2_dbtt_TP_f07fe99faea93479,TRANSPORT_EXTREME,EMISSION,1100.0,127312611.64686799,0.07423772575569687,45695265852.441086,0.0,135800119.08999252,7.160118789714014
oneD_v2_dbtt_TP_f07fe99faea93479,TRANSPORT_EXTREME,EMISSION,1100.0,128161362.39118046,0.07423772575569687,45695265852.441086,0.0,135800119.08999252,7.160118789714014
oneD_v2_dbtt_TP_f07fe99faea93479,TRANSPORT_EXTREME,EMISSION,1100.0,129010113.1354929,0.07423772575569687,45695265852.441086,0.0,135800119.08999252,7.160118789714014
oneD_v2_dbtt_TP_f07fe99faea93479,TRANSPORT_EXTREME,EMISSION,1100.0,129858863.87980536,0.07423772575569687,45695265852.441086,0.0,135800119.08999252,7.160118789714014
oneD_v2_dbtt_TP_f07fe99faea93479,TRANSPORT_EXTREME,EMISSION,1100.0,130707614.6241178,0.07423772575569687,45695265852.441086,0.0,135800119.08999252,7.160118789714014
oneD_v2_dbtt_TP_f07fe99faea93479,TRANSPORT_EXTREME,EMISSION,1100.0,131556365.36843026,0.07423772575569687,45695265852.441086,0.0,135800119.08999252,7.160118789714014
oneD_v2_dbtt_TP_f07fe99faea93479,TRANSPORT_EXTREME,EMISSION,1100.0,132405116.11274272,0.07423772575569687,45695265852.441086,0.0,135800119.08999252,7.160118789714014
oneD_v2_dbtt_TP_f07fe99faea93479,TRANSPORT_EXTREME,EMISSION,1100.0,133253866.85705517,0.07423772575569687,45695265852.441086,0.0,135800119.08999252,7.160118789714014
oneD_v2_dbtt_TP_f07fe99faea93479,TRANSPORT_EXTREME,EMISSION,1100.0,134102617.60136762,0.07423772575569687,45695265852.441086,0.0,135800119.08999252,7.160118789714014
oneD_v2_dbtt_TP_f07fe99faea93479,TRANSPORT_EXTREME,EMISSION,1100.0,134951368.3456801,0.07423772575569687,45695265852.441086,0.0,135800119.08999252,7.160118789714014
oneD_v2_dbtt_TP_f07fe99faea93479,TRANSPORT_EXTREME,EMISSION,1100.0,135800119.08999252,0.07423772575569687,45695265852.441086,0.0,135800119.08999252,7.160118789714014
oneD_v2_dbtt_TP_f07fe99faea93479,TRANSPORT_EXTREME,CLEAVAGE_MULTIHIT,1100.0,0.0,5.827539788423184,1.3279778793523964e-57,136053595.90100676,12432284000.73985,5.827539788423184
oneD_v2_dbtt_TP_f07fe99faea93479,TRANSPORT_EXTREME,CLEAVAGE_MULTIHIT,1100.0,77701775.00462405,5.827507755292393,1.329324874627505e-57,136053595.90100676,12432284000.73985,5.827539788423184
oneD_v2_dbtt_TP_f07fe99faea93479,TRANSPORT_EXTREME,CLEAVAGE_MULTIHIT,1100.0,155403550.0092481,5.827343030752422,1.3362731602756966e-57,136053595.90100676,12432284000.73985,5.827539788423184
oneD_v2_dbtt_TP_f07fe99faea93479,TRANSPORT_EXTREME,CLEAVAGE_MULTIHIT,1100.0,233105325.01387215,5.82697084911224,1.3521062682178624e-57,136053595.90100676,12432284000.73985,5.827539788423184
oneD_v2_dbtt_TP_f07fe99faea93479,TRANSPORT_EXTREME,CLEAVAGE_MULTIHIT,1100.0,310807100.0184962,5.826331330471058,1.379751623244209e-57,136053595.90100676,12432284000.73985,5.827539788423184
oneD_v2_dbtt_TP_f07fe99faea93479,TRANSPORT_EXTREME,CLEAVAGE_MULTIHIT,1100.0,388508875.0231203,5.825372168314108,1.4222778719476377e-57,136053595.90100676,12432284000.73985,5.827539788423184
oneD_v2_dbtt_TP_f07fe99faea93479,TRANSPORT_EXTREME,CLEAVAGE_MULTIHIT,1100.0,466210650.0277443,5.824046032381288,1.4832419234703586e-57,136053595.90100676,12432284000.73985,5.827539788423184
oneD_v2_dbtt_TP_f07fe99faea93479,TRANSPORT_EXTREME,CLEAVAGE_MULTIHIT,1100.0,543912425.0323684,5.822309247540233,1.567053553646343e-57,136053595.90100676,12432284000.73985,5.827539788423184
oneD_v2_dbtt_TP_f07fe99faea93479,TRANSPORT_EXTREME,CLEAVAGE_MULTIHIT,1100.0,621614200.0369924,5.8201210110912704,1.679425795326039e-57,136053595.90100676,12432284000.73985,5.827539788423184
oneD_v2_dbtt_TP_f07fe99faea93479,TRANSPORT_EXTREME,CLEAVAGE_MULTIHIT,1100.0,699315975.0416164,5.8174428860240575,1.8279791832416233e-57,136053595.90100676,12432284000.73985,5.827539788423184
oneD_v2_dbtt_TP_f07fe99faea93479,TRANSPORT_EXTREME,CLEAVAGE_MULTIHIT,1100.0,777017750.0462406,5.814238453484104,2.0230922623088014e-57,136053595.90100676,12432284000.73985,5.827539788423184
oneD_v2_dbtt_TP_f07fe99faea93479,TRANSPORT_EXTREME,CLEAVAGE_MULTIHIT,1100.0,854719525.0508646,5.81047306487353,2.2791367772822626e-57,136053595.90100676,12432284000.73985,5.827539788423184
oneD_v2_dbtt_TP_f07fe99faea93479,TRANSPORT_EXTREME,CLEAVAGE_MULTIHIT,1100.0,932421300.0554886,5.806113660137234,2.616313315996256e-57,136053595.90100676,12432284000.73985,5.827539788423184
oneD_v2_dbtt_TP_f07fe99faea93479,TRANSPORT_EXTREME,CLEAVAGE_MULTIHIT,1100.0,1010123075.0601127,5.801128632073005,3.0634317741356134e-57,136053595.90100676,12432284000.73985,5.827539788423184
oneD_v2_dbtt_TP_f07fe99faea93479,TRANSPORT_EXTREME,CLEAVAGE_MULTIHIT,1100.0,1087824850.0647368,5.7954877238226965,3.662196540726959e-57,136053595.90100676,12432284000.73985,5.827539788423184
oneD_v2_dbtt_TP_f07fe99faea93479,TRANSPORT_EXTREME,CLEAVAGE_MULTIHIT,1100.0,1165526625.0693607,5.78916195099125,4.473922371246651e-57,136053595.90100676,12432284000.73985,5.827539788423184
oneD_v2_dbtt_TP_f07fe99faea93479,TRANSPORT_EXTREME,CLEAVAGE_MULTIHIT,1100.0,1243228400.0739849,5.78212354248351,5.590238161214775e-57,136053595.90100676,12432284000.73985,5.827539788423184
oneD_v2_dbtt_TP_f07fe99faea93479,TRANSPORT_EXTREME,CLEAVAGE_MULTIHIT,1100.0,1320930175.078609,5.774345895845766,7.150442091123176e-57,136053595.90100676,12432284000.73985,5.827539788423184
oneD_v2_dbtt_TP_f07fe99faea93479,TRANSPORT_EXTREME,CLEAVAGE_MULTIHIT,1100.0,1398631950.0832329,5.765803544026793,9.370143343946497e-57,136053595.90100676,12432284000.73985,5.827539788423184
oneD_v2_dbtt_TP_f07fe99faea93479,TRANSPORT_EXTREME,CLEAVAGE_MULTIHIT,1100.0,1476333725.087857,5.7564721312449585,1.2589401955579498e-56,136053595.90100676,12432284000.73985,5.827539788423184
oneD_v2_dbtt_TP_f07fe99faea93479,TRANSPORT_EXTREME,CLEAVAGE_MULTIHIT,1100.0,1554035500.0924811,5.746328396189761,1.7355183608724562e-56,136053595.90100676,12432284000.73985,5.827539788423184
oneD_v2_dbtt_TP_f07fe99faea93479,TRANSPORT_EXTREME,CLEAVAGE_MULTIHIT,1100.0,1631737275.097105,5.735350161174908,2.456537520116343e-56,136053595.90100676,12432284000.73985,5.827539788423184
oneD_v2_dbtt_TP_f07fe99faea93479,TRANSPORT_EXTREME,CLEAVAGE_MULTIHIT,1100.0,1709439050.1017292,5.723516326144473,3.572544806651059e-56,136053595.90100676,12432284000.73985,5.827539788423184
oneD_v2_dbtt_TP_f07fe99faea93479,TRANSPORT_EXTREME,CLEAVAGE_MULTIHIT,1100.0,1787140825.1063533,5.710806866645393,5.341549946655525e-56,136053595.90100676,12432284000.73985,5.827539788423184
oneD_v2_dbtt_TP_f07fe99faea93479,TRANSPORT_EXTREME,CLEAVAGE_MULTIHIT,1100.0,1864842600.1109772,5.697202835039643,8.215853034552598e-56,136053595.90100676,12432284000.73985,5.827539788423184
oneD_v2_dbtt_TP_f07fe99faea93479,TRANSPORT_EXTREME,CLEAVAGE_MULTIHIT,1100.0,1942544375.1156013,5.682686364352168,1.3007066728451056e-55,136053595.90100676,12432284000.73985,5.827539788423184
oneD_v2_dbtt_TP_f07fe99faea93479,TRANSPORT_EXTREME,CLEAVAGE_MULTIHIT,1100.0,2020246150.1202254,5.667240674245928,2.1206942345199477e-55,136053595.90100676,12432284000.73985,5.827539788423184
oneD_v2_dbtt_TP_f07fe99faea93479,TRANSPORT_EXTREME,CLEAVAGE_MULTIHIT,1100.0,2097947925.1248496,5.650850078690355,3.5625775464247495e-55,136053595.90100676,12432284000.73985,5.827539788423184
oneD_v2_dbtt_TP_f07fe99faea93479,TRANSPORT_EXTREME,CLEAVAGE_MULTIHIT,1100.0,2175649700.1294737,5.633499994949098,6.169338756718476e-55,136053595.90100676,12432284000.73985,5.827539788423184
oneD_v2_dbtt_TP_f07fe99faea93479,TRANSPORT_EXTREME,CLEAVAGE_MULTIHIT,1100.0,2253351475.1340976,5.615176953560731,1.1017576277447634e-54,136053595.90100676,12432284000.73985,5.827539788423184
oneD_v2_dbtt_TP_f07fe99faea93479,TRANSPORT_EXTREME,CLEAVAGE_MULTIHIT,1100.0,2331053250.1387215,5.595868609024979,2.029908011055138e-54,136053595.90100676,12432284000.73985,5.827539788423184
oneD_v2_dbtt_TP_f07fe99faea93479,TRANSPORT_EXTREME,CLEAVAGE_MULTIHIT,1100.0,2408755025.143346,5.575563750938916,3.8597891235195346e-54,136053595.90100676,12432284000.73985,5.827539788423184
oneD_v2_dbtt_TP_f07fe99faea93479,TRANSPORT_EXTREME,CLEAVAGE_MULTIHIT,1100.0,2486456800.1479697,5.554252315353959,7.576804033283146e-54,136053595.90100676,12432284000.73985,5.827539788423184
oneD_v2_dbtt_TP_f07fe99faea93479,TRANSPORT_EXTREME,CLEAVAGE_MULTIHIT,1100.0,2564158575.1525936,5.531925396146675,1.5359115321610687e-53,136053595.90100676,12432284000.73985,5.827539788423184
oneD_v2_dbtt_TP_f07fe99faea93479,TRANSPORT_EXTREME,CLEAVAGE_MULTIHIT,1100.0,2641860350.157218,5.508575256215155,3.215957958322386e-53,136053595.90100676,12432284000.73985,5.827539788423184
oneD_v2_dbtt_TP_f07fe99faea93479,TRANSPORT_EXTREME,CLEAVAGE_MULTIHIT,1100.0,2719562125.161842,5.484195338328762,6.956786369845342e-53,136053595.90100676,12432284000.73985,5.827539788423184
oneD_v2_dbtt_TP_f07fe99faea93479,TRANSPORT_EXTREME,CLEAVAGE_MULTIHIT,1100.0,2797263900.1664658,5.458780275473017,1.5550160775006339e-52,136053595.90100676,12432284000.73985,5.827539788423184
oneD_v2_dbtt_TP_f07fe99faea93479,TRANSPORT_EXTREME,CLEAVAGE_MULTIHIT,1100.0,2874965675.17109,5.432325900543641,3.592082380492593e-52,136053595.90100676,12432284000.73985,5.827539788423184
oneD_v2_dbtt_TP_f07fe99faea93479,TRANSPORT_EXTREME,CLEAVAGE_MULTIHIT,1100.0,2952667450.175714,5.404829255254568,8.575975706013202e-52,136053595.90100676,12432284000.73985,5.827539788423184
oneD_v2_dbtt_TP_f07fe99faea93479,TRANSPORT_EXTREME,CLEAVAGE_MULTIHIT,1100.0,3030369225.180338,5.376288598134633,2.1162675932924243e-51,136053595.90100676,12432284000.73985,5.827539788423184
oneD_v2_dbtt_TP_f07fe99faea93479,TRANSPORT_EXTREME,CLEAVAGE_MULTIHIT,1100.0,3108071000.1849623,5.346703411496513,5.397771826474377e-51,136053595.90100676,12432284000.73985,5.827539788423184
oneD_v2_dbtt_TP_f07fe99faea93479,TRANSPORT_EXTREME,CLEAVAGE_MULTIHIT,1100.0,3185772775.189586,5.316074407269778,1.4230022231545007e-50,136053595.90100676,12432284000.73985,5.827539788423184
oneD_v2_dbtt_TP_f07fe99faea93479,TRANSPORT_EXTREME,CLEAVAGE_MULTIHIT,1100.0,3263474550.19421,5.284403531597632,3.877189262062862e-50,136053595.90100676,12432284000.73985,5.827539788423184
oneD_v2_dbtt_TP_f07fe99faea93479,TRANSPORT_EXTREME,CLEAVAGE_MULTIHIT,1100.0,3341176325.1988344,5.251693968104237,1.0917043275372466e-49,136053595.90100676,12432284000.73985,5.827539788423184
oneD_v2_dbtt_TP_f07fe99faea93479,TRANSPORT_EXTREME,CLEAVAGE_MULTIHIT,1100.0,3418878100.2034583,5.217950139746508,3.1762075769900613e-49,136053595.90100676,12432284000.73985,5.827539788423184
oneD_v2_dbtt_TP_f07fe99faea93479,TRANSPORT_EXTREME,CLEAVAGE_MULTIHIT,1100.0,3496579875.208082,5.183177709171023,9.546643517171729e-49,136053595.90100676,12432284000.73985,5.827539788423184
oneD_v2_dbtt_TP_f07fe99faea93479,TRANSPORT_EXTREME,CLEAVAGE_MULTIHIT,1100.0,3574281650.2127066,5.147383577503255,2.9637097030252135e-48,136053595.90100676,12432284000.73985,5.827539788423184
oneD_v2_dbtt_TP_f07fe99faea93479,TRANSPORT_EXTREME,CLEAVAGE_MULTIHIT,1100.0,3651983425.2173305,5.11057588150282,9.500619119091892e-48,136053595.90100676,12432284000.73985,5.827539788423184
oneD_v2_dbtt_TP_f07fe99faea93479,TRANSPORT_EXTREME,CLEAVAGE_MULTIHIT,1100.0,3729685200.2219543,5.072763989024784,3.1439141805535274e-47,136053595.90100676,12432284000.73985,5.827539788423184
oneD_v2_dbtt_TP_f07fe99faea93479,TRANSPORT_EXTREME,CLEAVAGE_MULTIHIT,1100.0,3807386975.2265787,5.033958492733385,1.0736096158504968e-46,136053595.90100676,12432284000.73985,5.827539788423184
oneD_v2_dbtt_TP_f07fe99faea93479,TRANSPORT_EXTREME,CLEAVAGE_MULTIHIT,1100.0,3885088750.2312026,4.994171202020867,3.7819581548186245e-46,136053595.90100676,12432284000.73985,5.827539788423184
oneD_v2_dbtt_TP_f07fe99faea93479,TRANSPORT_EXTREME,CLEAVAGE_MULTIHIT,1100.0,3962790525.235827,4.9534151330903375,1.3737343470355279e-45,136053595.90100676,12432284000.73985,5.827539788423184
oneD_v2_dbtt_TP_f07fe99faea93479,TRANSPORT_EXTREME,CLEAVAGE_MULTIHIT,1100.0,4040492300.240451,4.91170449716794,5.142912959521812e-45,136053595.90100676,12432284000.73985,5.827539788423184
oneD_v2_dbtt_TP_f07fe99faea93479,TRANSPORT_EXTREME,CLEAVAGE_MULTIHIT,1100.0,4118194075.2450747,4.86905468681587,1.9834643673040846e-44,136053595.90100676,12432284000.73985,5.827539788423184
oneD_v2_dbtt_TP_f07fe99faea93479,TRANSPORT_EXTREME,CLEAVAGE_MULTIHIT,1100.0,4195895850.249699,4.825482260324136,7.87627464446021e-44,136053595.90100676,12432284000.73985,5.827539788423184
oneD_v2_dbtt_TP_f07fe99faea93479,TRANSPORT_EXTREME,CLEAVAGE_MULTIHIT,1100.0,4273597625.254323,4.78100492416531,3.218512109353209e-43,136053595.90100676,12432284000.73985,5.827539788423184
oneD_v2_dbtt_TP_f07fe99faea93479,TRANSPORT_EXTREME,CLEAVAGE_MULTIHIT,1100.0,4351299400.258947,4.735641513502864,1.3525969512581952e-42,136053595.90100676,12432284000.73985,5.827539788423184
oneD_v2_dbtt_TP_f07fe99faea93479,TRANSPORT_EXTREME,CLEAVAGE_MULTIHIT,1100.0,4429001175.263571,4.6894119707501085,5.842335812595505e-42,136053595.90100676,12432284000.73985,5.827539788423184
oneD_v2_dbtt_TP_f07fe99faea93479,TRANSPORT_EXTREME,CLEAVAGE_MULTIHIT,1100.0,4506702950.268195,4.642337322183088,2.5919133619988314e-41,136053595.90100676,12432284000.73985,5.827539788423184
oneD_v2_dbtt_TP_f07fe99faea93479,TRANSPORT_EXTREME,CLEAVAGE_MULTIHIT,1100.0,4584404725.2728195,4.594439652617264,1.1802302584903815e-40,136053595.90100676,12432284000.73985,5.827539788423184
oneD_v2_dbtt_TP_f07fe99faea93479,TRANSPORT_EXTREME,CLEAVAGE_MULTIHIT,1100.0,4662106500.277443,4.545742078164081,5.511979343571976e-40,136053595.90100676,12432284000.73985,5.827539788423184
oneD_v2_dbtt_TP_f07fe99faea93479,TRANSPORT_EXTREME,CLEAVAGE_MULTIHIT,1100.0,4739808275.282067,4.496268717089977,2.6382229159104647e-39,136053595.90100676,12432284000.73985,5.827539788423184
oneD_v2_dbtt_TP_f07fe99faea93479,TRANSPORT_EXTREME,CLEAVAGE_MULTIHIT,1100.0,4817510050.286692,4.446044658806634,1.2931044777316627e-38,136053595.90100676,12432284000.73985,5.827539788423184
oneD_v2_dbtt_TP_f07fe99faea93479,TRANSPORT_EXTREME,CLEAVAGE_MULTIHIT,1100.0,4895211825.291315,4.395095931027553,6.485093112379971e-38,136053595.90100676,12432284000.73985,5.827539788423184
oneD_v2_dbtt_TP_f07fe99faea93479,TRANSPORT_EXTREME,CLEAVAGE_MULTIHIT,1100.0,4972913600.295939,4.343449465132236,3.3249806477574774e-37,136053595.90100676,12432284000.73985,5.827539788423184
oneD_v2_dbtt_TP_f07fe99faea93479,TRANSPORT_EXTREME,CLEAVAGE_MULTIHIT,1100.0,5050615375.300564,4.291133059785337,1.7412865475513374e-36,136053595.90100676,12432284000.73985,5.827539788423184
oneD_v2_dbtt_TP_f07fe99faea93479,TRANSPORT_EXTREME,CLEAVAGE_MULTIHIT,1100.0,5128317150.305187,4.238175342864132,9.306065370376434e-36,136053595.90100676,12432284000.73985,5.827539788423184
oneD_v2_dbtt_TP_f07fe99faea93479,TRANSPORT_EXTREME,CLEAVAGE_MULTIHIT,1100.0,5206018925.309812,4.184605731753561,5.070751719019461e-35,136053595.90100676,12432284000.73985,5.827539788423184
oneD_v2_dbtt_TP_f07fe99faea93479,TRANSPORT_EXTREME,CLEAVAGE_MULTIHIT,1100.0,5283720700.314436,4.130454392073791,2.8143257601662266e-34,136053595.90100676,12432284000.73985,5.827539788423184
oneD_v2_dbtt_TP_f07fe99faea93479,TRANSPORT_EXTREME,CLEAVAGE_MULTIHIT,1100.0,5361422475.319059,4.075752194910792,1.5894535420470916e-33,136053595.90100676,12432284000.73985,5.827539788423184
oneD_v2_dbtt_TP_f07fe99faea93479,TRANSPORT_EXTREME,CLEAVAGE_MULTIHIT,1100.0,5439124250.323684,4.0205306726258625,9.12555646737143e-33,136053595.90100676,12432284000.73985,5.827539788423184
oneD_v2_dbtt_TP_f07fe99faea93479,TRANSPORT_EXTREME,CLEAVAGE_MULTIHIT,1100.0,5516826025.328308,3.9648219733251397,5.320678895023908e-32,136053595.90100676,12432284000.73985,5.827539788423184
oneD_v2_dbtt_TP_f07fe99faea93479,TRANSPORT_EXTREME,CLEAVAGE_MULTIHIT,1100.0,5594527800.3329315,3.908658814075152,3.147177419757803e-31,136053595.90100676,12432284000.73985,5.827539788423184
oneD_v2_dbtt_TP_f07fe99faea93479,TRANSPORT_EXTREME,CLEAVAGE_MULTIHIT,1100.0,5672229575.337556,3.8520744329551264,1.8865357286997953e-30,136053595.90100676,12432284000.73985,5.827539788423184
oneD_v2_dbtt_TP_f07fe99faea93479,TRANSPORT_EXTREME,CLEAVAGE_MULTIHIT,1100.0,5749931350.34218,3.7951025400412908,1.1448145328703865e-29,136053595.90100676,12432284000.73985,5.827539788423184
oneD_v2_dbtt_TP_f07fe99faea93479,TRANSPORT_EXTREME,CLEAVAGE_MULTIHIT,1100.0,5827633125.346804,3.737777267422519,7.025259714475619e-29,136053595.90100676,12432284000.73985,5.827539788423184
oneD_v2_dbtt_TP_f07fe99faea93479,TRANSPORT_EXTREME,CLEAVAGE_MULTIHIT,1100.0,5905334900.351428,3.6801331183506125,4.3548434085391965e-28,136053595.90100676,12432284000.73985,5.827539788423184
oneD_v2_dbtt_TP_f07fe99faea93479,TRANSPORT_EXTREME,CLEAVAGE_MULTIHIT,1100.0,5983036675.356052,3.622204915632053,2.7238737663654485e-27,136053595.90100676,12432284000.73985,5.827539788423184
oneD_v2_dbtt_TP_f07fe99faea93479,TRANSPORT_EXTREME,CLEAVAGE_MULTIHIT,1100.0,6060738450.360676,3.5640277493713297,1.717209874731516e-26,136053595.90100676,12432284000.73985,5.827539788423184
oneD_v2_dbtt_TP_f07fe99faea93479,TRANSPORT_EXTREME,CLEAVAGE_MULTIHIT,1100.0,6138440225.3653,3.505636924178842,1.0899246812871419e-25,136053595.90100676,12432284000.73985,5.827539788423184
oneD_v2_dbtt_TP_f07fe99faea93479,TRANSPORT_EXTREME,CLEAVAGE_MULTIHIT,1100.0,6216142000.369925,3.4470679059589417,6.956949224928929e-25,136053595.90100676,12432284000.73985,5.827539788423184
oneD_v2_dbtt_TP_f07fe99faea93479,TRANSPORT_EXTREME,CLEAVAGE_MULTIHIT,1100.0,6293843775.374548,3.388356268395861,4.4606840317555656e-24,136053595.90100676,12432284000.73985,5.827539788423184
oneD_v2_dbtt_TP_f07fe99faea93479,TRANSPORT_EXTREME,CLEAVAGE_MULTIHIT,1100.0,6371545550.379172,3.329537639257085,2.869820095789474e-23,136053595.90100676,12432284000.73985,5.827539788423184
oneD_v2_dbtt_TP_f07fe99faea93479,TRANSPORT_EXTREME,CLEAVAGE_MULTIHIT,1100.0,6449247325.383797,3.2706476466351337,1.8504986114780406e-22,136053595.90100676,12432284000.73985,5.827539788423184
oneD_v2_dbtt_TP_f07fe99faea93479,TRANSPORT_EXTREME,CLEAVAGE_MULTIHIT,1100.0,6526949100.38842,3.211721865249782,1.1945786972189175e-21,136053595.90100676,12432284000.73985,5.827539788423184
oneD_v2_dbtt_TP_f07fe99faea93479,TRANSPORT_EXTREME,CLEAVAGE_MULTIHIT,1100.0,6604650875.393044,3.152795762933293,7.711612148974332e-21,136053595.90100676,12432284000.73985,5.827539788423184
oneD_v2_dbtt_TP_f07fe99faea93479,TRANSPORT_EXTREME,CLEAVAGE_MULTIHIT,1100.0,6682352650.397669,3.0939046474215433,4.9727279820167535e-20,136053595.90100676,12432284000.73985,5.827539788423184
oneD_v2_dbtt_TP_f07fe99faea93479,TRANSPORT_EXTREME,CLEAVAGE_MULTIHIT,1100.0,6760054425.402292,3.035083613573633,3.199491528462617e-19,136053595.90100676,12432284000.73985,5.827539788423184
oneD_v2_dbtt_TP_f07fe99faea93479,TRANSPORT_EXTREME,CLEAVAGE_MULTIHIT,1100.0,6837756200.406917,2.9763674911420086,2.0517537356659532e-18,136053595.90100676,12432284000.73985,5.827539788423184
oneD_v2_dbtt_TP_f07fe99faea93479,TRANSPORT_EXTREME,CLEAVAGE_MULTIHIT,1100.0,6915457975.411541,2.917790793214069,1.309945204287961e-17,136053595.90100676,12432284000.73985,5.827539788423184
oneD_v2_dbtt_TP_f07fe99faea93479,TRANSPORT_EXTREME,CLEAVAGE_MULTIHIT,1100.0,6993159750.416164,2.859387665444799,8.317548166518881e-17,136053595.90100676,12432284000.73985,5.827539788423184
oneD_v2_dbtt_TP_f07fe99faea93479,TRANSPORT_EXTREME,CLEAVAGE_MULTIHIT,1100.0,7070861525.420789,2.8011918361980834,5.246724044641969e-16,136053595.90100676,12432284000.73985,5.827539788423184
oneD_v2_dbtt_TP_f07fe99faea93479,TRANSPORT_EXTREME,CLEAVAGE_MULTIHIT,1100.0,7148563300.425413,2.743236567712143,3.284540574639479e-15,136053595.90100676,12432284000.73985,5.827539788423184
oneD_v2_dbtt_TP_f07fe99faea93479,TRANSPORT_EXTREME,CLEAVAGE_MULTIHIT,1100.0,7226265075.430037,2.685554608401811,2.0384704142455373e-14,136053595.90100676,12432284000.73985,5.827539788423184
oneD_v2_dbtt_TP_f07fe99faea93479,TRANSPORT_EXTREME,CLEAVAGE_MULTIHIT,1100.0,7303966850.434661,2.628178146407367,1.2529539760008265e-13,136053595.90100676,12432284000.73985,5.827539788423184
oneD_v2_dbtt_TP_f07fe99faea93479,TRANSPORT_EXTREME,CLEAVAGE_MULTIHIT,1100.0,7381668625.439285,2.571138764496176,7.619607482722296e-13,136053595.90100676,12432284000.73985,5.827539788423184
oneD_v2_dbtt_TP_f07fe99faea93479,TRANSPORT_EXTREME,CLEAVAGE_MULTIHIT,1100.0,7459370400.443909,2.5144673964195974,4.580064434743913e-12,136053595.90100676,12432284000.73985,5.827539788423184
oneD_v2_dbtt_TP_f07fe99faea93479,TRANSPORT_EXTREME,CLEAVAGE_MULTIHIT,1100.0,7537072175.448533,2.4581942848234553,2.7185432480428757e-11,136053595.90100676,12432284000.73985,5.827539788423184
oneD_v2_dbtt_TP_f07fe99faea93479,TRANSPORT_EXTREME,CLEAVAGE_MULTIHIT,1100.0,7614773950.453157,2.402348940805872,1.5919179233194018e-10,136053595.90100676,12432284000.73985,5.827539788423184
oneD_v2_dbtt_TP_f07fe99faea93479,TRANSPORT_EXTREME,CLEAVAGE_MULTIHIT,1100.0,7692475725.457782,2.3469601052114357,9.188176744949769e-10,136053595.90100676,12432284000.73985,5.827539788423184
oneD_v2_dbtt_TP_f07fe99faea93479,TRANSPORT_EXTREME,CLEAVAGE_MULTIHIT,1100.0,7770177500.462405,2.2920557117455456,5.222488066134474e-09,136053595.90100676,12432284000.73985,5.827539788423184
oneD_v2_dbtt_TP_f07fe99faea93479,TRANSPORT_EXTREME,CLEAVAGE_MULTIHIT,1100.0,7847879275.46703,2.2376628519873623,2.9207284025405184e-08,136053595.90100676,12432284000.73985,5.827539788423184
oneD_v2_dbtt_TP_f07fe99faea93479,TRANSPORT_EXTREME,CLEAVAGE_MULTIHIT,1100.0,7925581050.471654,2.1838077423741127,1.6058597450061753e-07,136053595.90100676,12432284000.73985,5.827539788423184
oneD_v2_dbtt_TP_f07fe99faea93479,TRANSPORT_EXTREME,CLEAVAGE_MULTIHIT,1100.0,8003282825.476277,2.1305156932235603,8.673103657862619e-07,136053595.90100676,12432284000.73985,5.827539788423184
oneD_v2_dbtt_TP_f07fe99faea93479,TRANSPORT_EXTREME,CLEAVAGE_MULTIHIT,1100.0,8080984600.480902,2.0778110798553233,4.597794342947893e-06,136053595.90100676,12432284000.73985,5.827539788423184
oneD_v2_dbtt_TP_f07fe99faea93479,TRANSPORT_EXTREME,CLEAVAGE_MULTIHIT,1100.0,8158686375.485526,2.025717315865377,2.3905531087733736e-05,136053595.90100676,12432284000.73985,5.827539788423184
oneD_v2_dbtt_TP_f07fe99faea93479,TRANSPORT_EXTREME,CLEAVAGE_MULTIHIT,1100.0,8236388150.4901495,1.9742568286015412,0.00012181257292353264,136053595.90100676,12432284000.73985,5.827539788423184
oneD_v2_dbtt_TP_f07fe99faea93479,TRANSPORT_EXTREME,CLEAVAGE_MULTIHIT,1100.0,8314089925.494774,1.923451036881135,0.0006078577976342306,136053595.90100676,12432284000.73985,5.827539788423184
oneD_v2_dbtt_TP_f07fe99faea93479,TRANSPORT_EXTREME,CLEAVAGE_MULTIHIT,1100.0,8391791700.499398,1.8733203309851705,0.002968188321765777,136053595.90100676,12432284000.73985,5.827539788423184
oneD_v2_dbtt_TP_f07fe99faea93479,TRANSPORT_EXTREME,CLEAVAGE_MULTIHIT,1100.0,8469493475.504022,1.8238840549566024,0.014171082486036154,136053595.90100676,12432284000.73985,5.827539788423184
oneD_v2_dbtt_TP_f07fe99faea93479,TRANSPORT_EXTREME,CLEAVAGE_MULTIHIT,1100.0,8547195250.508646,1.775160491223218,0.06609031584084687,136053595.90100676,12432284000.73985,5.827539788423184
oneD_v2_dbtt_TP_f07fe99faea93479,TRANSPORT_EXTREME,CLEAVAGE_MULTIHIT,1100.0,8624897025.51327,1.727166847558777,0.30076253828850835,136053595.90100676,12432284000.73985,5.827539788423184
oneD_v2_dbtt_TP_f07fe99faea93479,TRANSPORT_EXTREME,CLEAVAGE_MULTIHIT,1100.0,8702598800.517895,1.6799192463890384,1.333726567745837,136053595.90100676,12432284000.73985,5.827539788423184
oneD_v2_dbtt_TP_f07fe99faea93479,TRANSPORT_EXTREME,CLEAVAGE_MULTIHIT,1100.0,8780300575.522518,1.6334327164423443,5.75278216951292,136053595.90100676,12432284000.73985,5.827539788423184
oneD_v2_dbtt_TP_f07fe99faea93479,TRANSPORT_EXTREME,CLEAVAGE_MULTIHIT,1100.0,8858002350.527142,1.587721186737529,24.074883833557315,136053595.90100676,12432284000.73985,5.827539788423184
oneD_v2_dbtt_TP_f07fe99faea93479,TRANSPORT_EXTREME,CLEAVAGE_MULTIHIT,1100.0,8935704125.531767,1.5427974828950657,97.40252669018824,136053595.90100676,12432284000.73985,5.827539788423184
oneD_v2_dbtt_TP_f07fe99faea93479,TRANSPORT_EXTREME,CLEAVAGE_MULTIHIT,1100.0,9013405900.53639,1.4986733257506564,379.0106355112233,136053595.90100676,12432284000.73985,5.827539788423184
oneD_v2_dbtt_TP_f07fe99faea93479,TRANSPORT_EXTREME,CLEAVAGE_MULTIHIT,1100.0,9091107675.541014,1.4553593322438139,1407.8560298124771,136053595.90100676,12432284000.73985,5.827539788423184
oneD_v2_dbtt_TP_f07fe99faea93479,TRANSPORT_EXTREME,CLEAVAGE_MULTIHIT,1100.0,9168809450.545639,1.4128650185475775,4938.705379288678,136053595.90100676,12432284000.73985,5.827539788423184
oneD_v2_dbtt_TP_f07fe99faea93479,TRANSPORT_EXTREME,CLEAVAGE_MULTIHIT,1100.0,9246511225.550262,1.3711988053991901,16112.979724827841,136053595.90100676,12432284000.73985,5.827539788423184
oneD_v2_dbtt_TP_f07fe99faea93479,TRANSPORT_EXTREME,CLEAVAGE_MULTIHIT,1100.0,9324213000.554886,1.330368025585496,47867.82596644411,136053595.90100676,12432284000.73985,5.827539788423184
oneD_v2_dbtt_TP_f07fe99faea93479,TRANSPORT_EXTREME,CLEAVAGE_MULTIHIT,1100.0,9401914775.559511,1.2903789335309692,125881.1286040835,136053595.90100676,12432284000.73985,5.827539788423184
oneD_v2_dbtt_TP_f07fe99faea93479,TRANSPORT_EXTREME,CLEAVAGE_MULTIHIT,1100.0,9479616550.564135,1.2512367169306844,282964.12667691725,136053595.90100676,12432284000.73985,5.827539788423184
oneD_v2_dbtt_TP_f07fe99faea93479,TRANSPORT_EXTREME,CLEAVAGE_MULTIHIT,1100.0,9557318325.568758,1.2129455103651614,523777.126142872,136053595.90100676,12432284000.73985,5.827539788423184
oneD_v2_dbtt_TP_f07fe99faea93479,TRANSPORT_EXTREME,CLEAVAGE_MULTIHIT,1100.0,9635020100.573383,1.1755084108290224,778138.239614781,136053595.90100676,12432284000.73985,5.827539788423184
oneD_v2_dbtt_TP_f07fe99faea93479,TRANSPORT_EXTREME,CLEAVAGE_MULTIHIT,1100.0,9712721875.578007,1.13892749510059,940294.7044517837,136053595.90100676,12432284000.73985,5.827539788423184
oneD_v2_dbtt_TP_f07fe99faea93479,TRANSPORT_EXTREME,CLEAVAGE_MULTIHIT,1100.0,9790423650.58263,1.1032038388751597,992810.9483227648,136053595.90100676,12432284000.73985,5.827539788423184
oneD_v2_dbtt_TP_f07fe99faea93479,TRANSPORT_EXTREME,CLEAVAGE_MULTIHIT,1100.0,9868125425.587255,1.0683375375805533,999722.6398107945,136053595.90100676,12432284000.73985,5.827539788423184
oneD_v2_dbtt_TP_f07fe99faea93479,TRANSPORT_EXTREME,CLEAVAGE_MULTIHIT,1100.0,9945827200.591879,1.034327728789845,999997.7834512199,136053595.90100676,12432284000.73985,5.827539788423184
oneD_v2_dbtt_TP_f07fe99faea93479,TRANSPORT_EXTREME,CLEAVAGE_MULTIHIT,1100.0,10023528975.596502,1.0011726161426973,999999.9979214107,136053595.90100676,12432284000.73985,5.827539788423184
oneD_v2_dbtt_TP_f07fe99faea93479,TRANSPORT_EXTREME,CLEAVAGE_MULTIHIT,1100.0,10101230750.601128,0.9688694946837815,999999.9999998905,136053595.90100676,12432284000.73985,5.827539788423184
oneD_v2_dbtt_TP_f07fe99faea93479,TRANSPORT_EXTREME,CLEAVAGE_MULTIHIT,1100.0,10178932525.605751,0.9374147775240436,1000000.0,136053595.90100676,12432284000.73985,5.827539788423184
oneD_v2_dbtt_TP_f07fe99faea93479,TRANSPORT_EXTREME,CLEAVAGE_MULTIHIT,1100.0,10256634300.610374,0.906804023728331,1000000.0,136053595.90100676,12432284000.73985,5.827539788423184
oneD_v2_dbtt_TP_f07fe99faea93479,TRANSPORT_EXTREME,CLEAVAGE_MULTIHIT,1100.0,10334336075.615,0.8770319673309974,1000000.0,136053595.90100676,12432284000.73985,5.827539788423184
oneD_v2_dbtt_TP_f07fe99faea93479,TRANSPORT_EXTREME,CLEAVAGE_MULTIHIT,1100.0,10412037850.619623,0.848092547379593,1000000.0,136053595.90100676,12432284000.73985,5.827539788423184
oneD_v2_dbtt_TP_f07fe99faea93479,TRANSPORT_EXTREME,CLEAVAGE_MULTIHIT,1100.0,10489739625.624247,0.8199789389056005,1000000.0,136053595.90100676,12432284000.73985,5.827539788423184
oneD_v2_dbtt_TP_f07fe99faea93479,TRANSPORT_EXTREME,CLEAVAGE_MULTIHIT,1100.0,10567441400.628872,0.7926835847204914,1000000.0,136053595.90100676,12432284000.73985,5.827539788423184
oneD_v2_dbtt_TP_f07fe99faea93479,TRANSPORT_EXTREME,CLEAVAGE_MULTIHIT,1100.0,10645143175.633495,0.7661982279349557,1000000.0,136053595.90100676,12432284000.73985,5.827539788423184
oneD_v2_dbtt_TP_f07fe99faea93479,TRANSPORT_EXTREME,CLEAVAGE_MULTIHIT,1100.0,10722844950.638119,0.740513945099206,1000000.0,136053595.90100676,12432284000.73985,5.827539788423184
oneD_v2_dbtt_TP_f07fe99faea93479,TRANSPORT_EXTREME,CLEAVAGE_MULTIHIT,1100.0,10800546725.642744,0.7156211798626455,1000000.0,136053595.90100676,12432284000.73985,5.827539788423184
oneD_v2_dbtt_TP_f07fe99faea93479,TRANSPORT_EXTREME,CLEAVAGE_MULTIHIT,1100.0,10878248500.647367,0.6915097770519094,1000000.0,136053595.90100676,12432284000.73985,5.827539788423184
oneD_v2_dbtt_TP_f07fe99faea93479,TRANSPORT_EXTREME,CLEAVAGE_MULTIHIT,1100.0,10955950275.65199,0.6681690170673864,1000000.0,136053595.90100676,12432284000.73985,5.827539788423184
oneD_v2_dbtt_TP_f07fe99faea93479,TRANSPORT_EXTREME,CLEAVAGE_MULTIHIT,1100.0,11033652050.656616,0.6455876504997775,1000000.0,136053595.90100676,12432284000.73985,5.827539788423184
oneD_v2_dbtt_TP_f07fe99faea93479,TRANSPORT_EXTREME,CLEAVAGE_MULTIHIT,1100.0,11111353825.66124,0.6237539328699748,1000000.0,136053595.90100676,12432284000.73985,5.827539788423184
oneD_v2_dbtt_TP_f07fe99faea93479,TRANSPORT_EXTREME,CLEAVAGE_MULTIHIT,1100.0,11189055600.665863,0.6026556593976283,1000000.0,136053595.90100676,12432284000.73985,5.827539788423184
oneD_v2_dbtt_TP_f07fe99faea93479,TRANSPORT_EXTREME,CLEAVAGE_MULTIHIT,1100.0,11266757375.670488,0.5822801997061292,1000000.0,136053595.90100676,12432284000.73985,5.827539788423184
oneD_v2_dbtt_TP_f07fe99faea93479,TRANSPORT_EXTREME,CLEAVAGE_MULTIHIT,1100.0,11344459150.675112,0.562614532374378,1000000.0,136053595.90100676,12432284000.73985,5.827539788423184
oneD_v2_dbtt_TP_f07fe99faea93479,TRANSPORT_EXTREME,CLEAVAGE_MULTIHIT,1100.0,11422160925.679735,0.5436452792485982,1000000.0,136053595.90100676,12432284000.73985,5.827539788423184
oneD_v2_dbtt_TP_f07fe99faea93479,TRANSPORT_EXTREME,CLEAVAGE_MULTIHIT,1100.0,11499862700.68436,0.5253587394306338,1000000.0,136053595.90100676,12432284000.73985,5.827539788423184
oneD_v2_dbtt_TP_f07fe99faea93479,TRANSPORT_EXTREME,CLEAVAGE_MULTIHIT,1100.0,11577564475.688984,0.5077409228625103,1000000.0,136053595.90100676,12432284000.73985,5.827539788423184
oneD_v2_dbtt_TP_f07fe99faea93479,TRANSPORT_EXTREME,CLEAVAGE_MULTIHIT,1100.0,11655266250.693607,0.49077758343063077,1000000.0,136053595.90100676,12432284000.73985,5.827539788423184
oneD_v2_dbtt_TP_f07fe99faea93479,TRANSPORT_EXTREME,CLEAVAGE_MULTIHIT,1100.0,11732968025.698233,0.47445425151675197,1000000.0,136053595.90100676,12432284000.73985,5.827539788423184
oneD_v2_dbtt_TP_f07fe99faea93479,TRANSPORT_EXTREME,CLEAVAGE_MULTIHIT,1100.0,11810669800.702856,0.45875626592679314,1000000.0,136053595.90100676,12432284000.73985,5.827539788423184
oneD_v2_dbtt_TP_f07fe99faea93479,TRANSPORT_EXTREME,CLEAVAGE_MULTIHIT,1100.0,11888371575.70748,0.4436688051326096,1000000.0,136053595.90100676,12432284000.73985,5.827539788423184
oneD_v2_dbtt_TP_f07fe99faea93479,TRANSPORT_EXTREME,CLEAVAGE_MULTIHIT,1100.0,11966073350.712105,0.4291769177660686,1000000.0,136053595.90100676,12432284000.73985,5.827539788423184
oneD_v2_dbtt_TP_f07fe99faea93479,TRANSPORT_EXTREME,CLEAVAGE_MULTIHIT,1100.0,12043775125.716728,0.41526555230903983,1000000.0,136053595.90100676,12432284000.73985,5.827539788423184
oneD_v2_dbtt_TP_f07fe99faea93479,TRANSPORT_EXTREME,CLEAVAGE_MULTIHIT,1100.0,12121476900.721352,0.4019195859272988,1000000.0,136053595.90100676,12432284000.73985,5.827539788423184
oneD_v2_dbtt_TP_f07fe99faea93479,TRANSPORT_EXTREME,CLEAVAGE_MULTIHIT,1100.0,12199178675.725977,0.3891238524007848,1000000.0,136053595.90100676,12432284000.73985,5.827539788423184
oneD_v2_dbtt_TP_f07fe99faea93479,TRANSPORT_EXTREME,CLEAVAGE_MULTIHIT,1100.0,12276880450.7306,0.37686316910710926,1000000.0,136053595.90100676,12432284000.73985,5.827539788423184
oneD_v2_dbtt_TP_f07fe99faea93479,TRANSPORT_EXTREME,CLEAVAGE_MULTIHIT,1100.0,12354582225.735224,0.3651223630197141,1000000.0,136053595.90100676,12432284000.73985,5.827539788423184
oneD_v2_dbtt_TP_f07fe99faea93479,TRANSPORT_EXTREME,CLEAVAGE_MULTIHIT,1100.0,12432284000.73985,0.3538862956865795,1000000.0,136053595.90100676,12432284000.73985,5.827539788423184
oneD_v2_dbtt_TP_4895f9e5b44deea5,RETENTION_EXTREME,PEIERLS,1100.0,0.0,1.4905372538859185,148227.87269884962,0.0,64018192.134986416,1.4905372538859185
oneD_v2_dbtt_TP_4895f9e5b44deea5,RETENTION_EXTREME,PEIERLS,1100.0,400113.7008436651,0.015454226268088497,849561183868.6537,0.0,64018192.134986416,1.4905372538859185
oneD_v2_dbtt_TP_4895f9e5b44deea5,RETENTION_EXTREME,PEIERLS,1100.0,800227.4016873302,0.015454226268088497,849561183868.6537,0.0,64018192.134986416,1.4905372538859185
oneD_v2_dbtt_TP_4895f9e5b44deea5,RETENTION_EXTREME,PEIERLS,1100.0,1200341.1025309954,0.015454226268088497,849561183868.6537,0.0,64018192.134986416,1.4905372538859185
oneD_v2_dbtt_TP_4895f9e5b44deea5,RETENTION_EXTREME,PEIERLS,1100.0,1600454.8033746604,0.015454226268088497,849561183868.6537,0.0,64018192.134986416,1.4905372538859185
oneD_v2_dbtt_TP_4895f9e5b44deea5,RETENTION_EXTREME,PEIERLS,1100.0,2000568.5042183255,0.015454226268088497,849561183868.6537,0.0,64018192.134986416,1.4905372538859185
oneD_v2_dbtt_TP_4895f9e5b44deea5,RETENTION_EXTREME,PEIERLS,1100.0,2400682.205061991,0.015454226268088497,849561183868.6537,0.0,64018192.134986416,1.4905372538859185
oneD_v2_dbtt_TP_4895f9e5b44deea5,RETENTION_EXTREME,PEIERLS,1100.0,2800795.9059056556,0.015454226268088497,849561183868.6537,0.0,64018192.134986416,1.4905372538859185
oneD_v2_dbtt_TP_4895f9e5b44deea5,RETENTION_EXTREME,PEIERLS,1100.0,3200909.606749321,0.015454226268088497,849561183868.6537,0.0,64018192.134986416,1.4905372538859185
oneD_v2_dbtt_TP_4895f9e5b44deea5,RETENTION_EXTREME,PEIERLS,1100.0,3601023.307592986,0.015454226268088497,849561183868.6537,0.0,64018192.134986416,1.4905372538859185
oneD_v2_dbtt_TP_4895f9e5b44deea5,RETENTION_EXTREME,PEIERLS,1100.0,4001137.008436651,0.015454226268088497,849561183868.6537,0.0,64018192.134986416,1.4905372538859185
oneD_v2_dbtt_TP_4895f9e5b44deea5,RETENTION_EXTREME,PEIERLS,1100.0,4401250.709280316,0.015454226268088497,849561183868.6537,0.0,64018192.134986416,1.4905372538859185
oneD_v2_dbtt_TP_4895f9e5b44deea5,RETENTION_EXTREME,PEIERLS,1100.0,4801364.410123982,0.015454226268088497,849561183868.6537,0.0,64018192.134986416,1.4905372538859185
oneD_v2_dbtt_TP_4895f9e5b44deea5,RETENTION_EXTREME,PEIERLS,1100.0,5201478.110967646,0.015454226268088497,849561183868.6537,0.0,64018192.134986416,1.4905372538859185
oneD_v2_dbtt_TP_4895f9e5b44deea5,RETENTION_EXTREME,PEIERLS,1100.0,5601591.811811311,0.015454226268088497,849561183868.6537,0.0,64018192.134986416,1.4905372538859185
oneD_v2_dbtt_TP_4895f9e5b44deea5,RETENTION_EXTREME,PEIERLS,1100.0,6001705.512654977,0.015454226268088497,849561183868.6537,0.0,64018192.134986416,1.4905372538859185
oneD_v2_dbtt_TP_4895f9e5b44deea5,RETENTION_EXTREME,PEIERLS,1100.0,6401819.213498642,0.015454226268088497,849561183868.6537,0.0,64018192.134986416,1.4905372538859185
oneD_v2_dbtt_TP_4895f9e5b44deea5,RETENTION_EXTREME,PEIERLS,1100.0,6801932.914342307,0.015454226268088497,849561183868.6537,0.0,64018192.134986416,1.4905372538859185
oneD_v2_dbtt_TP_4895f9e5b44deea5,RETENTION_EXTREME,PEIERLS,1100.0,7202046.615185972,0.015454226268088497,849561183868.6537,0.0,64018192.134986416,1.4905372538859185
oneD_v2_dbtt_TP_4895f9e5b44deea5,RETENTION_EXTREME,PEIERLS,1100.0,7602160.316029637,0.015454226268088497,849561183868.6537,0.0,64018192.134986416,1.4905372538859185
oneD_v2_dbtt_TP_4895f9e5b44deea5,RETENTION_EXTREME,PEIERLS,1100.0,8002274.016873302,0.015454226268088497,849561183868.6537,0.0,64018192.134986416,1.4905372538859185
oneD_v2_dbtt_TP_4895f9e5b44deea5,RETENTION_EXTREME,PEIERLS,1100.0,8402387.717716968,0.015454226268088497,849561183868.6537,0.0,64018192.134986416,1.4905372538859185
oneD_v2_dbtt_TP_4895f9e5b44deea5,RETENTION_EXTREME,PEIERLS,1100.0,8802501.418560632,0.015454226268088497,849561183868.6537,0.0,64018192.134986416,1.4905372538859185
oneD_v2_dbtt_TP_4895f9e5b44deea5,RETENTION_EXTREME,PEIERLS,1100.0,9202615.119404297,0.015454226268088497,849561183868.6537,0.0,64018192.134986416,1.4905372538859185
oneD_v2_dbtt_TP_4895f9e5b44deea5,RETENTION_EXTREME,PEIERLS,1100.0,9602728.820247963,0.015454226268088497,849561183868.6537,0.0,64018192.134986416,1.4905372538859185
oneD_v2_dbtt_TP_4895f9e5b44deea5,RETENTION_EXTREME,PEIERLS,1100.0,10002842.521091627,0.015454226268088497,849561183868.6537,0.0,64018192.134986416,1.4905372538859185
oneD_v2_dbtt_TP_4895f9e5b44deea5,RETENTION_EXTREME,PEIERLS,1100.0,10402956.221935293,0.015454226268088497,849561183868.6537,0.0,64018192.134986416,1.4905372538859185
oneD_v2_dbtt_TP_4895f9e5b44deea5,RETENTION_EXTREME,PEIERLS,1100.0,10803069.922778958,0.015454226268088497,849561183868.6537,0.0,64018192.134986416,1.4905372538859185
oneD_v2_dbtt_TP_4895f9e5b44deea5,RETENTION_EXTREME,PEIERLS,1100.0,11203183.623622622,0.015454226268088497,849561183868.6537,0.0,64018192.134986416,1.4905372538859185
oneD_v2_dbtt_TP_4895f9e5b44deea5,RETENTION_EXTREME,PEIERLS,1100.0,11603297.324466288,0.015454226268088497,849561183868.6537,0.0,64018192.134986416,1.4905372538859185
oneD_v2_dbtt_TP_4895f9e5b44deea5,RETENTION_EXTREME,PEIERLS,1100.0,12003411.025309954,0.015454226268088497,849561183868.6537,0.0,64018192.134986416,1.4905372538859185
oneD_v2_dbtt_TP_4895f9e5b44deea5,RETENTION_EXTREME,PEIERLS,1100.0,12403524.726153618,0.015454226268088497,849561183868.6537,0.0,64018192.134986416,1.4905372538859185
oneD_v2_dbtt_TP_4895f9e5b44deea5,RETENTION_EXTREME,PEIERLS,1100.0,12803638.426997283,0.015454226268088497,849561183868.6537,0.0,64018192.134986416,1.4905372538859185
oneD_v2_dbtt_TP_4895f9e5b44deea5,RETENTION_EXTREME,PEIERLS,1100.0,13203752.12784095,0.015454226268088497,849561183868.6537,0.0,64018192.134986416,1.4905372538859185
oneD_v2_dbtt_TP_4895f9e5b44deea5,RETENTION_EXTREME,PEIERLS,1100.0,13603865.828684613,0.015454226268088497,849561183868.6537,0.0,64018192.134986416,1.4905372538859185
oneD_v2_dbtt_TP_4895f9e5b44deea5,RETENTION_EXTREME,PEIERLS,1100.0,14003979.529528279,0.015454226268088497,849561183868.6537,0.0,64018192.134986416,1.4905372538859185
oneD_v2_dbtt_TP_4895f9e5b44deea5,RETENTION_EXTREME,PEIERLS,1100.0,14404093.230371945,0.015454226268088497,849561183868.6537,0.0,64018192.134986416,1.4905372538859185
oneD_v2_dbtt_TP_4895f9e5b44deea5,RETENTION_EXTREME,PEIERLS,1100.0,14804206.931215608,0.015454226268088497,849561183868.6537,0.0,64018192.134986416,1.4905372538859185
oneD_v2_dbtt_TP_4895f9e5b44deea5,RETENTION_EXTREME,PEIERLS,1100.0,15204320.632059274,0.015454226268088497,849561183868.6537,0.0,64018192.134986416,1.4905372538859185
oneD_v2_dbtt_TP_4895f9e5b44deea5,RETENTION_EXTREME,PEIERLS,1100.0,15604434.33290294,0.015454226268088497,849561183868.6537,0.0,64018192.134986416,1.4905372538859185
oneD_v2_dbtt_TP_4895f9e5b44deea5,RETENTION_EXTREME,PEIERLS,1100.0,16004548.033746604,0.015454226268088497,849561183868.6537,0.0,64018192.134986416,1.4905372538859185
oneD_v2_dbtt_TP_4895f9e5b44deea5,RETENTION_EXTREME,PEIERLS,1100.0,16404661.73459027,0.015454226268088497,849561183868.6537,0.0,64018192.134986416,1.4905372538859185
oneD_v2_dbtt_TP_4895f9e5b44deea5,RETENTION_EXTREME,PEIERLS,1100.0,16804775.435433935,0.015454226268088497,849561183868.6537,0.0,64018192.134986416,1.4905372538859185
oneD_v2_dbtt_TP_4895f9e5b44deea5,RETENTION_EXTREME,PEIERLS,1100.0,17204889.1362776,0.015454226268088497,849561183868.6537,0.0,64018192.134986416,1.4905372538859185
oneD_v2_dbtt_TP_4895f9e5b44deea5,RETENTION_EXTREME,PEIERLS,1100.0,17605002.837121263,0.015454226268088497,849561183868.6537,0.0,64018192.134986416,1.4905372538859185
oneD_v2_dbtt_TP_4895f9e5b44deea5,RETENTION_EXTREME,PEIERLS,1100.0,18005116.53796493,0.015454226268088497,849561183868.6537,0.0,64018192.134986416,1.4905372538859185
oneD_v2_dbtt_TP_4895f9e5b44deea5,RETENTION_EXTREME,PEIERLS,1100.0,18405230.238808595,0.015454226268088497,849561183868.6537,0.0,64018192.134986416,1.4905372538859185
oneD_v2_dbtt_TP_4895f9e5b44deea5,RETENTION_EXTREME,PEIERLS,1100.0,18805343.93965226,0.015454226268088497,849561183868.6537,0.0,64018192.134986416,1.4905372538859185
oneD_v2_dbtt_TP_4895f9e5b44deea5,RETENTION_EXTREME,PEIERLS,1100.0,19205457.640495926,0.015454226268088497,849561183868.6537,0.0,64018192.134986416,1.4905372538859185
oneD_v2_dbtt_TP_4895f9e5b44deea5,RETENTION_EXTREME,PEIERLS,1100.0,19605571.341339592,0.015454226268088497,849561183868.6537,0.0,64018192.134986416,1.4905372538859185
oneD_v2_dbtt_TP_4895f9e5b44deea5,RETENTION_EXTREME,PEIERLS,1100.0,20005685.042183254,0.015454226268088497,849561183868.6537,0.0,64018192.134986416,1.4905372538859185
oneD_v2_dbtt_TP_4895f9e5b44deea5,RETENTION_EXTREME,PEIERLS,1100.0,20405798.74302692,0.015454226268088497,849561183868.6537,0.0,64018192.134986416,1.4905372538859185
oneD_v2_dbtt_TP_4895f9e5b44deea5,RETENTION_EXTREME,PEIERLS,1100.0,20805912.443870585,0.015454226268088497,849561183868.6537,0.0,64018192.134986416,1.4905372538859185
oneD_v2_dbtt_TP_4895f9e5b44deea5,RETENTION_EXTREME,PEIERLS,1100.0,21206026.14471425,0.015454226268088497,849561183868.6537,0.0,64018192.134986416,1.4905372538859185
oneD_v2_dbtt_TP_4895f9e5b44deea5,RETENTION_EXTREME,PEIERLS,1100.0,21606139.845557917,0.015454226268088497,849561183868.6537,0.0,64018192.134986416,1.4905372538859185
oneD_v2_dbtt_TP_4895f9e5b44deea5,RETENTION_EXTREME,PEIERLS,1100.0,22006253.546401583,0.015454226268088497,849561183868.6537,0.0,64018192.134986416,1.4905372538859185
oneD_v2_dbtt_TP_4895f9e5b44deea5,RETENTION_EXTREME,PEIERLS,1100.0,22406367.247245245,0.015454226268088497,849561183868.6537,0.0,64018192.134986416,1.4905372538859185
oneD_v2_dbtt_TP_4895f9e5b44deea5,RETENTION_EXTREME,PEIERLS,1100.0,22806480.94808891,0.015454226268088497,849561183868.6537,0.0,64018192.134986416,1.4905372538859185
oneD_v2_dbtt_TP_4895f9e5b44deea5,RETENTION_EXTREME,PEIERLS,1100.0,23206594.648932576,0.015454226268088497,849561183868.6537,0.0,64018192.134986416,1.4905372538859185
oneD_v2_dbtt_TP_4895f9e5b44deea5,RETENTION_EXTREME,PEIERLS,1100.0,23606708.349776242,0.015454226268088497,849561183868.6537,0.0,64018192.134986416,1.4905372538859185
oneD_v2_dbtt_TP_4895f9e5b44deea5,RETENTION_EXTREME,PEIERLS,1100.0,24006822.050619908,0.015454226268088497,849561183868.6537,0.0,64018192.134986416,1.4905372538859185
oneD_v2_dbtt_TP_4895f9e5b44deea5,RETENTION_EXTREME,PEIERLS,1100.0,24406935.751463573,0.015454226268088497,849561183868.6537,0.0,64018192.134986416,1.4905372538859185
oneD_v2_dbtt_TP_4895f9e5b44deea5,RETENTION_EXTREME,PEIERLS,1100.0,24807049.452307235,0.015454226268088497,849561183868.6537,0.0,64018192.134986416,1.4905372538859185
oneD_v2_dbtt_TP_4895f9e5b44deea5,RETENTION_EXTREME,PEIERLS,1100.0,25207163.1531509,0.015454226268088497,849561183868.6537,0.0,64018192.134986416,1.4905372538859185
oneD_v2_dbtt_TP_4895f9e5b44deea5,RETENTION_EXTREME,PEIERLS,1100.0,25607276.853994567,0.015454226268088497,849561183868.6537,0.0,64018192.134986416,1.4905372538859185
oneD_v2_dbtt_TP_4895f9e5b44deea5,RETENTION_EXTREME,PEIERLS,1100.0,26007390.554838233,0.015454226268088497,849561183868.6537,0.0,64018192.134986416,1.4905372538859185
oneD_v2_dbtt_TP_4895f9e5b44deea5,RETENTION_EXTREME,PEIERLS,1100.0,26407504.2556819,0.015454226268088497,849561183868.6537,0.0,64018192.134986416,1.4905372538859185
oneD_v2_dbtt_TP_4895f9e5b44deea5,RETENTION_EXTREME,PEIERLS,1100.0,26807617.95652556,0.015454226268088497,849561183868.6537,0.0,64018192.134986416,1.4905372538859185
oneD_v2_dbtt_TP_4895f9e5b44deea5,RETENTION_EXTREME,PEIERLS,1100.0,27207731.657369226,0.015454226268088497,849561183868.6537,0.0,64018192.134986416,1.4905372538859185
oneD_v2_dbtt_TP_4895f9e5b44deea5,RETENTION_EXTREME,PEIERLS,1100.0,27607845.358212892,0.015454226268088497,849561183868.6537,0.0,64018192.134986416,1.4905372538859185
oneD_v2_dbtt_TP_4895f9e5b44deea5,RETENTION_EXTREME,PEIERLS,1100.0,28007959.059056558,0.015454226268088497,849561183868.6537,0.0,64018192.134986416,1.4905372538859185
oneD_v2_dbtt_TP_4895f9e5b44deea5,RETENTION_EXTREME,PEIERLS,1100.0,28408072.759900223,0.015454226268088497,849561183868.6537,0.0,64018192.134986416,1.4905372538859185
oneD_v2_dbtt_TP_4895f9e5b44deea5,RETENTION_EXTREME,PEIERLS,1100.0,28808186.46074389,0.015454226268088497,849561183868.6537,0.0,64018192.134986416,1.4905372538859185
oneD_v2_dbtt_TP_4895f9e5b44deea5,RETENTION_EXTREME,PEIERLS,1100.0,29208300.16158755,0.015454226268088497,849561183868.6537,0.0,64018192.134986416,1.4905372538859185
oneD_v2_dbtt_TP_4895f9e5b44deea5,RETENTION_EXTREME,PEIERLS,1100.0,29608413.862431217,0.015454226268088497,849561183868.6537,0.0,64018192.134986416,1.4905372538859185
oneD_v2_dbtt_TP_4895f9e5b44deea5,RETENTION_EXTREME,PEIERLS,1100.0,30008527.563274883,0.015454226268088497,849561183868.6537,0.0,64018192.134986416,1.4905372538859185
oneD_v2_dbtt_TP_4895f9e5b44deea5,RETENTION_EXTREME,PEIERLS,1100.0,30408641.26411855,0.015454226268088497,849561183868.6537,0.0,64018192.134986416,1.4905372538859185
oneD_v2_dbtt_TP_4895f9e5b44deea5,RETENTION_EXTREME,PEIERLS,1100.0,30808754.964962214,0.015454226268088497,849561183868.6537,0.0,64018192.134986416,1.4905372538859185
oneD_v2_dbtt_TP_4895f9e5b44deea5,RETENTION_EXTREME,PEIERLS,1100.0,31208868.66580588,0.015454226268088497,849561183868.6537,0.0,64018192.134986416,1.4905372538859185
oneD_v2_dbtt_TP_4895f9e5b44deea5,RETENTION_EXTREME,PEIERLS,1100.0,31608982.366649542,0.015454226268088497,849561183868.6537,0.0,64018192.134986416,1.4905372538859185
oneD_v2_dbtt_TP_4895f9e5b44deea5,RETENTION_EXTREME,PEIERLS,1100.0,32009096.067493208,0.015454226268088497,849561183868.6537,0.0,64018192.134986416,1.4905372538859185
oneD_v2_dbtt_TP_4895f9e5b44deea5,RETENTION_EXTREME,PEIERLS,1100.0,32409209.768336874,0.015454226268088497,849561183868.6537,0.0,64018192.134986416,1.4905372538859185
oneD_v2_dbtt_TP_4895f9e5b44deea5,RETENTION_EXTREME,PEIERLS,1100.0,32809323.46918054,0.015454226268088497,849561183868.6537,0.0,64018192.134986416,1.4905372538859185
oneD_v2_dbtt_TP_4895f9e5b44deea5,RETENTION_EXTREME,PEIERLS,1100.0,33209437.170024205,0.015454226268088497,849561183868.6537,0.0,64018192.134986416,1.4905372538859185
oneD_v2_dbtt_TP_4895f9e5b44deea5,RETENTION_EXTREME,PEIERLS,1100.0,33609550.87086787,0.015454226268088497,849561183868.6537,0.0,64018192.134986416,1.4905372538859185
oneD_v2_dbtt_TP_4895f9e5b44deea5,RETENTION_EXTREME,PEIERLS,1100.0,34009664.57171153,0.015454226268088497,849561183868.6537,0.0,64018192.134986416,1.4905372538859185
oneD_v2_dbtt_TP_4895f9e5b44deea5,RETENTION_EXTREME,PEIERLS,1100.0,34409778.2725552,0.015454226268088497,849561183868.6537,0.0,64018192.134986416,1.4905372538859185
oneD_v2_dbtt_TP_4895f9e5b44deea5,RETENTION_EXTREME,PEIERLS,1100.0,34809891.973398864,0.015454226268088497,849561183868.6537,0.0,64018192.134986416,1.4905372538859185
oneD_v2_dbtt_TP_4895f9e5b44deea5,RETENTION_EXTREME,PEIERLS,1100.0,35210005.67424253,0.015454226268088497,849561183868.6537,0.0,64018192.134986416,1.4905372538859185
oneD_v2_dbtt_TP_4895f9e5b44deea5,RETENTION_EXTREME,PEIERLS,1100.0,35610119.375086196,0.015454226268088497,849561183868.6537,0.0,64018192.134986416,1.4905372538859185
oneD_v2_dbtt_TP_4895f9e5b44deea5,RETENTION_EXTREME,PEIERLS,1100.0,36010233.07592986,0.015454226268088497,849561183868.6537,0.0,64018192.134986416,1.4905372538859185
oneD_v2_dbtt_TP_4895f9e5b44deea5,RETENTION_EXTREME,PEIERLS,1100.0,36410346.77677353,0.015454226268088497,849561183868.6537,0.0,64018192.134986416,1.4905372538859185
oneD_v2_dbtt_TP_4895f9e5b44deea5,RETENTION_EXTREME,PEIERLS,1100.0,36810460.47761719,0.015454226268088497,849561183868.6537,0.0,64018192.134986416,1.4905372538859185
oneD_v2_dbtt_TP_4895f9e5b44deea5,RETENTION_EXTREME,PEIERLS,1100.0,37210574.17846086,0.015454226268088497,849561183868.6537,0.0,64018192.134986416,1.4905372538859185
oneD_v2_dbtt_TP_4895f9e5b44deea5,RETENTION_EXTREME,PEIERLS,1100.0,37610687.87930452,0.015454226268088497,849561183868.6537,0.0,64018192.134986416,1.4905372538859185
oneD_v2_dbtt_TP_4895f9e5b44deea5,RETENTION_EXTREME,PEIERLS,1100.0,38010801.58014818,0.015454226268088497,849561183868.6537,0.0,64018192.134986416,1.4905372538859185
oneD_v2_dbtt_TP_4895f9e5b44deea5,RETENTION_EXTREME,PEIERLS,1100.0,38410915.28099185,0.015454226268088497,849561183868.6537,0.0,64018192.134986416,1.4905372538859185
oneD_v2_dbtt_TP_4895f9e5b44deea5,RETENTION_EXTREME,PEIERLS,1100.0,38811028.981835514,0.015454226268088497,849561183868.6537,0.0,64018192.134986416,1.4905372538859185
oneD_v2_dbtt_TP_4895f9e5b44deea5,RETENTION_EXTREME,PEIERLS,1100.0,39211142.682679184,0.015454226268088497,849561183868.6537,0.0,64018192.134986416,1.4905372538859185
oneD_v2_dbtt_TP_4895f9e5b44deea5,RETENTION_EXTREME,PEIERLS,1100.0,39611256.383522846,0.015454226268088497,849561183868.6537,0.0,64018192.134986416,1.4905372538859185
oneD_v2_dbtt_TP_4895f9e5b44deea5,RETENTION_EXTREME,PEIERLS,1100.0,40011370.08436651,0.015454226268088497,849561183868.6537,0.0,64018192.134986416,1.4905372538859185
oneD_v2_dbtt_TP_4895f9e5b44deea5,RETENTION_EXTREME,PEIERLS,1100.0,40411483.78521018,0.015454226268088497,849561183868.6537,0.0,64018192.134986416,1.4905372538859185
oneD_v2_dbtt_TP_4895f9e5b44deea5,RETENTION_EXTREME,PEIERLS,1100.0,40811597.48605384,0.015454226268088497,849561183868.6537,0.0,64018192.134986416,1.4905372538859185
oneD_v2_dbtt_TP_4895f9e5b44deea5,RETENTION_EXTREME,PEIERLS,1100.0,41211711.18689751,0.015454226268088497,849561183868.6537,0.0,64018192.134986416,1.4905372538859185
oneD_v2_dbtt_TP_4895f9e5b44deea5,RETENTION_EXTREME,PEIERLS,1100.0,41611824.88774117,0.015454226268088497,849561183868.6537,0.0,64018192.134986416,1.4905372538859185
oneD_v2_dbtt_TP_4895f9e5b44deea5,RETENTION_EXTREME,PEIERLS,1100.0,42011938.58858483,0.015454226268088497,849561183868.6537,0.0,64018192.134986416,1.4905372538859185
oneD_v2_dbtt_TP_4895f9e5b44deea5,RETENTION_EXTREME,PEIERLS,1100.0,42412052.2894285,0.015454226268088497,849561183868.6537,0.0,64018192.134986416,1.4905372538859185
oneD_v2_dbtt_TP_4895f9e5b44deea5,RETENTION_EXTREME,PEIERLS,1100.0,42812165.990272164,0.015454226268088497,849561183868.6537,0.0,64018192.134986416,1.4905372538859185
oneD_v2_dbtt_TP_4895f9e5b44deea5,RETENTION_EXTREME,PEIERLS,1100.0,43212279.691115834,0.015454226268088497,849561183868.6537,0.0,64018192.134986416,1.4905372538859185
oneD_v2_dbtt_TP_4895f9e5b44deea5,RETENTION_EXTREME,PEIERLS,1100.0,43612393.391959496,0.015454226268088497,849561183868.6537,0.0,64018192.134986416,1.4905372538859185
oneD_v2_dbtt_TP_4895f9e5b44deea5,RETENTION_EXTREME,PEIERLS,1100.0,44012507.092803165,0.015454226268088497,849561183868.6537,0.0,64018192.134986416,1.4905372538859185
oneD_v2_dbtt_TP_4895f9e5b44deea5,RETENTION_EXTREME,PEIERLS,1100.0,44412620.79364683,0.015454226268088497,849561183868.6537,0.0,64018192.134986416,1.4905372538859185
oneD_v2_dbtt_TP_4895f9e5b44deea5,RETENTION_EXTREME,PEIERLS,1100.0,44812734.49449049,0.015454226268088497,849561183868.6537,0.0,64018192.134986416,1.4905372538859185
oneD_v2_dbtt_TP_4895f9e5b44deea5,RETENTION_EXTREME,PEIERLS,1100.0,45212848.19533416,0.015454226268088497,849561183868.6537,0.0,64018192.134986416,1.4905372538859185
oneD_v2_dbtt_TP_4895f9e5b44deea5,RETENTION_EXTREME,PEIERLS,1100.0,45612961.89617782,0.015454226268088497,849561183868.6537,0.0,64018192.134986416,1.4905372538859185
oneD_v2_dbtt_TP_4895f9e5b44deea5,RETENTION_EXTREME,PEIERLS,1100.0,46013075.59702149,0.015454226268088497,849561183868.6537,0.0,64018192.134986416,1.4905372538859185
oneD_v2_dbtt_TP_4895f9e5b44deea5,RETENTION_EXTREME,PEIERLS,1100.0,46413189.29786515,0.015454226268088497,849561183868.6537,0.0,64018192.134986416,1.4905372538859185
oneD_v2_dbtt_TP_4895f9e5b44deea5,RETENTION_EXTREME,PEIERLS,1100.0,46813302.998708814,0.015454226268088497,849561183868.6537,0.0,64018192.134986416,1.4905372538859185
oneD_v2_dbtt_TP_4895f9e5b44deea5,RETENTION_EXTREME,PEIERLS,1100.0,47213416.699552484,0.015454226268088497,849561183868.6537,0.0,64018192.134986416,1.4905372538859185
oneD_v2_dbtt_TP_4895f9e5b44deea5,RETENTION_EXTREME,PEIERLS,1100.0,47613530.400396146,0.015454226268088497,849561183868.6537,0.0,64018192.134986416,1.4905372538859185
oneD_v2_dbtt_TP_4895f9e5b44deea5,RETENTION_EXTREME,PEIERLS,1100.0,48013644.101239815,0.015454226268088497,849561183868.6537,0.0,64018192.134986416,1.4905372538859185
oneD_v2_dbtt_TP_4895f9e5b44deea5,RETENTION_EXTREME,PEIERLS,1100.0,48413757.80208348,0.015454226268088497,849561183868.6537,0.0,64018192.134986416,1.4905372538859185
oneD_v2_dbtt_TP_4895f9e5b44deea5,RETENTION_EXTREME,PEIERLS,1100.0,48813871.50292715,0.015454226268088497,849561183868.6537,0.0,64018192.134986416,1.4905372538859185
oneD_v2_dbtt_TP_4895f9e5b44deea5,RETENTION_EXTREME,PEIERLS,1100.0,49213985.20377081,0.015454226268088497,849561183868.6537,0.0,64018192.134986416,1.4905372538859185
oneD_v2_dbtt_TP_4895f9e5b44deea5,RETENTION_EXTREME,PEIERLS,1100.0,49614098.90461447,0.015454226268088497,849561183868.6537,0.0,64018192.134986416,1.4905372538859185
oneD_v2_dbtt_TP_4895f9e5b44deea5,RETENTION_EXTREME,PEIERLS,1100.0,50014212.60545814,0.015454226268088497,849561183868.6537,0.0,64018192.134986416,1.4905372538859185
oneD_v2_dbtt_TP_4895f9e5b44deea5,RETENTION_EXTREME,PEIERLS,1100.0,50414326.3063018,0.015454226268088497,849561183868.6537,0.0,64018192.134986416,1.4905372538859185
oneD_v2_dbtt_TP_4895f9e5b44deea5,RETENTION_EXTREME,PEIERLS,1100.0,50814440.00714547,0.015454226268088497,849561183868.6537,0.0,64018192.134986416,1.4905372538859185
oneD_v2_dbtt_TP_4895f9e5b44deea5,RETENTION_EXTREME,PEIERLS,1100.0,51214553.707989134,0.015454226268088497,849561183868.6537,0.0,64018192.134986416,1.4905372538859185
oneD_v2_dbtt_TP_4895f9e5b44deea5,RETENTION_EXTREME,PEIERLS,1100.0,51614667.408832796,0.015454226268088497,849561183868.6537,0.0,64018192.134986416,1.4905372538859185
oneD_v2_dbtt_TP_4895f9e5b44deea5,RETENTION_EXTREME,PEIERLS,1100.0,52014781.109676465,0.015454226268088497,849561183868.6537,0.0,64018192.134986416,1.4905372538859185
oneD_v2_dbtt_TP_4895f9e5b44deea5,RETENTION_EXTREME,PEIERLS,1100.0,52414894.81052013,0.015454226268088497,849561183868.6537,0.0,64018192.134986416,1.4905372538859185
oneD_v2_dbtt_TP_4895f9e5b44deea5,RETENTION_EXTREME,PEIERLS,1100.0,52815008.5113638,0.015454226268088497,849561183868.6537,0.0,64018192.134986416,1.4905372538859185
oneD_v2_dbtt_TP_4895f9e5b44deea5,RETENTION_EXTREME,PEIERLS,1100.0,53215122.21220746,0.015454226268088497,849561183868.6537,0.0,64018192.134986416,1.4905372538859185
oneD_v2_dbtt_TP_4895f9e5b44deea5,RETENTION_EXTREME,PEIERLS,1100.0,53615235.91305112,0.015454226268088497,849561183868.6537,0.0,64018192.134986416,1.4905372538859185
oneD_v2_dbtt_TP_4895f9e5b44deea5,RETENTION_EXTREME,PEIERLS,1100.0,54015349.61389479,0.015454226268088497,849561183868.6537,0.0,64018192.134986416,1.4905372538859185
oneD_v2_dbtt_TP_4895f9e5b44deea5,RETENTION_EXTREME,PEIERLS,1100.0,54415463.31473845,0.015454226268088497,849561183868.6537,0.0,64018192.134986416,1.4905372538859185
oneD_v2_dbtt_TP_4895f9e5b44deea5,RETENTION_EXTREME,PEIERLS,1100.0,54815577.01558212,0.015454226268088497,849561183868.6537,0.0,64018192.134986416,1.4905372538859185
oneD_v2_dbtt_TP_4895f9e5b44deea5,RETENTION_EXTREME,PEIERLS,1100.0,55215690.716425784,0.015454226268088497,849561183868.6537,0.0,64018192.134986416,1.4905372538859185
oneD_v2_dbtt_TP_4895f9e5b44deea5,RETENTION_EXTREME,PEIERLS,1100.0,55615804.41726945,0.015454226268088497,849561183868.6537,0.0,64018192.134986416,1.4905372538859185
oneD_v2_dbtt_TP_4895f9e5b44deea5,RETENTION_EXTREME,PEIERLS,1100.0,56015918.118113115,0.015454226268088497,849561183868.6537,0.0,64018192.134986416,1.4905372538859185
oneD_v2_dbtt_TP_4895f9e5b44deea5,RETENTION_EXTREME,PEIERLS,1100.0,56416031.81895678,0.015454226268088497,849561183868.6537,0.0,64018192.134986416,1.4905372538859185
oneD_v2_dbtt_TP_4895f9e5b44deea5,RETENTION_EXTREME,PEIERLS,1100.0,56816145.51980045,0.015454226268088497,849561183868.6537,0.0,64018192.134986416,1.4905372538859185
oneD_v2_dbtt_TP_4895f9e5b44deea5,RETENTION_EXTREME,PEIERLS,1100.0,57216259.22064411,0.015454226268088497,849561183868.6537,0.0,64018192.134986416,1.4905372538859185
oneD_v2_dbtt_TP_4895f9e5b44deea5,RETENTION_EXTREME,PEIERLS,1100.0,57616372.92148778,0.015454226268088497,849561183868.6537,0.0,64018192.134986416,1.4905372538859185
oneD_v2_dbtt_TP_4895f9e5b44deea5,RETENTION_EXTREME,PEIERLS,1100.0,58016486.62233144,0.015454226268088497,849561183868.6537,0.0,64018192.134986416,1.4905372538859185
oneD_v2_dbtt_TP_4895f9e5b44deea5,RETENTION_EXTREME,PEIERLS,1100.0,58416600.3231751,0.015454226268088497,849561183868.6537,0.0,64018192.134986416,1.4905372538859185
oneD_v2_dbtt_TP_4895f9e5b44deea5,RETENTION_EXTREME,PEIERLS,1100.0,58816714.02401877,0.015454226268088497,849561183868.6537,0.0,64018192.134986416,1.4905372538859185
oneD_v2_dbtt_TP_4895f9e5b44deea5,RETENTION_EXTREME,PEIERLS,1100.0,59216827.724862434,0.015454226268088497,849561183868.6537,0.0,64018192.134986416,1.4905372538859185
oneD_v2_dbtt_TP_4895f9e5b44deea5,RETENTION_EXTREME,PEIERLS,1100.0,59616941.4257061,0.015454226268088497,849561183868.6537,0.0,64018192.134986416,1.4905372538859185
oneD_v2_dbtt_TP_4895f9e5b44deea5,RETENTION_EXTREME,PEIERLS,1100.0,60017055.126549765,0.015454226268088497,849561183868.6537,0.0,64018192.134986416,1.4905372538859185
oneD_v2_dbtt_TP_4895f9e5b44deea5,RETENTION_EXTREME,PEIERLS,1100.0,60417168.827393435,0.015454226268088497,849561183868.6537,0.0,64018192.134986416,1.4905372538859185
oneD_v2_dbtt_TP_4895f9e5b44deea5,RETENTION_EXTREME,PEIERLS,1100.0,60817282.5282371,0.015454226268088497,849561183868.6537,0.0,64018192.134986416,1.4905372538859185
oneD_v2_dbtt_TP_4895f9e5b44deea5,RETENTION_EXTREME,PEIERLS,1100.0,61217396.22908076,0.015454226268088497,849561183868.6537,0.0,64018192.134986416,1.4905372538859185
oneD_v2_dbtt_TP_4895f9e5b44deea5,RETENTION_EXTREME,PEIERLS,1100.0,61617509.92992443,0.015454226268088497,849561183868.6537,0.0,64018192.134986416,1.4905372538859185
oneD_v2_dbtt_TP_4895f9e5b44deea5,RETENTION_EXTREME,PEIERLS,1100.0,62017623.63076809,0.015454226268088497,849561183868.6537,0.0,64018192.134986416,1.4905372538859185
oneD_v2_dbtt_TP_4895f9e5b44deea5,RETENTION_EXTREME,PEIERLS,1100.0,62417737.33161176,0.015454226268088497,849561183868.6537,0.0,64018192.134986416,1.4905372538859185
oneD_v2_dbtt_TP_4895f9e5b44deea5,RETENTION_EXTREME,PEIERLS,1100.0,62817851.03245542,0.015454226268088497,849561183868.6537,0.0,64018192.134986416,1.4905372538859185
oneD_v2_dbtt_TP_4895f9e5b44deea5,RETENTION_EXTREME,PEIERLS,1100.0,63217964.733299084,0.015454226268088497,849561183868.6537,0.0,64018192.134986416,1.4905372538859185
oneD_v2_dbtt_TP_4895f9e5b44deea5,RETENTION_EXTREME,PEIERLS,1100.0,63618078.43414275,0.015454226268088497,849561183868.6537,0.0,64018192.134986416,1.4905372538859185
oneD_v2_dbtt_TP_4895f9e5b44deea5,RETENTION_EXTREME,PEIERLS,1100.0,64018192.134986416,0.015454226268088497,849561183868.6537,0.0,64018192.134986416,1.4905372538859185
oneD_v2_dbtt_TP_4895f9e5b44deea5,RETENTION_EXTREME,TAYLOR_COMPLETION_SINGLE_HIT,1100.0,0.0,1e-12,99999999998.94504,0.0,27283627383.80741,1e-12
oneD_v2_dbtt_TP_4895f9e5b44deea5,RETENTION_EXTREME,TAYLOR_COMPLETION_SINGLE_HIT,1100.0,170522671.14879632,9.5e-13,99999999998.99779,0.0,27283627383.80741,1e-12
oneD_v2_dbtt_TP_4895f9e5b44deea5,RETENTION_EXTREME,TAYLOR_COMPLETION_SINGLE_HIT,1100.0,341045342.29759264,9.5e-13,99999999998.99779,0.0,27283627383.80741,1e-12
oneD_v2_dbtt_TP_4895f9e5b44deea5,RETENTION_EXTREME,TAYLOR_COMPLETION_SINGLE_HIT,1100.0,511568013.44638896,9.5e-13,99999999998.99779,0.0,27283627383.80741,1e-12
oneD_v2_dbtt_TP_4895f9e5b44deea5,RETENTION_EXTREME,TAYLOR_COMPLETION_SINGLE_HIT,1100.0,682090684.5951853,9.5e-13,99999999998.99779,0.0,27283627383.80741,1e-12
oneD_v2_dbtt_TP_4895f9e5b44deea5,RETENTION_EXTREME,TAYLOR_COMPLETION_SINGLE_HIT,1100.0,852613355.7439816,9.5e-13,99999999998.99779,0.0,27283627383.80741,1e-12
oneD_v2_dbtt_TP_4895f9e5b44deea5,RETENTION_EXTREME,TAYLOR_COMPLETION_SINGLE_HIT,1100.0,1023136026.8927779,9.5e-13,99999999998.99779,0.0,27283627383.80741,1e-12
oneD_v2_dbtt_TP_4895f9e5b44deea5,RETENTION_EXTREME,TAYLOR_COMPLETION_SINGLE_HIT,1100.0,1193658698.0415742,9.5e-13,99999999998.99779,0.0,27283627383.80741,1e-12
oneD_v2_dbtt_TP_4895f9e5b44deea5,RETENTION_EXTREME,TAYLOR_COMPLETION_SINGLE_HIT,1100.0,1364181369.1903706,9.5e-13,99999999998.99779,0.0,27283627383.80741,1e-12
oneD_v2_dbtt_TP_4895f9e5b44deea5,RETENTION_EXTREME,TAYLOR_COMPLETION_SINGLE_HIT,1100.0,1534704040.3391669,9.5e-13,99999999998.99779,0.0,27283627383.80741,1e-12
oneD_v2_dbtt_TP_4895f9e5b44deea5,RETENTION_EXTREME,TAYLOR_COMPLETION_SINGLE_HIT,1100.0,1705226711.4879632,9.5e-13,99999999998.99779,0.0,27283627383.80741,1e-12
oneD_v2_dbtt_TP_4895f9e5b44deea5,RETENTION_EXTREME,TAYLOR_COMPLETION_SINGLE_HIT,1100.0,1875749382.6367595,9.5e-13,99999999998.99779,0.0,27283627383.80741,1e-12
oneD_v2_dbtt_TP_4895f9e5b44deea5,RETENTION_EXTREME,TAYLOR_COMPLETION_SINGLE_HIT,1100.0,2046272053.7855558,9.5e-13,99999999998.99779,0.0,27283627383.80741,1e-12
oneD_v2_dbtt_TP_4895f9e5b44deea5,RETENTION_EXTREME,TAYLOR_COMPLETION_SINGLE_HIT,1100.0,2216794724.934352,9.5e-13,99999999998.99779,0.0,27283627383.80741,1e-12
oneD_v2_dbtt_TP_4895f9e5b44deea5,RETENTION_EXTREME,TAYLOR_COMPLETION_SINGLE_HIT,1100.0,2387317396.0831485,9.5e-13,99999999998.99779,0.0,27283627383.80741,1e-12
oneD_v2_dbtt_TP_4895f9e5b44deea5,RETENTION_EXTREME,TAYLOR_COMPLETION_SINGLE_HIT,1100.0,2557840067.231945,9.5e-13,99999999998.99779,0.0,27283627383.80741,1e-12
oneD_v2_dbtt_TP_4895f9e5b44deea5,RETENTION_EXTREME,TAYLOR_COMPLETION_SINGLE_HIT,1100.0,2728362738.380741,9.5e-13,99999999998.99779,0.0,27283627383.80741,1e-12
oneD_v2_dbtt_TP_4895f9e5b44deea5,RETENTION_EXTREME,TAYLOR_COMPLETION_SINGLE_HIT,1100.0,2898885409.529537,9.5e-13,99999999998.99779,0.0,27283627383.80741,1e-12
oneD_v2_dbtt_TP_4895f9e5b44deea5,RETENTION_EXTREME,TAYLOR_COMPLETION_SINGLE_HIT,1100.0,3069408080.6783338,9.5e-13,99999999998.99779,0.0,27283627383.80741,1e-12
oneD_v2_dbtt_TP_4895f9e5b44deea5,RETENTION_EXTREME,TAYLOR_COMPLETION_SINGLE_HIT,1100.0,3239930751.8271303,9.5e-13,99999999998.99779,0.0,27283627383.80741,1e-12
oneD_v2_dbtt_TP_4895f9e5b44deea5,RETENTION_EXTREME,TAYLOR_COMPLETION_SINGLE_HIT,1100.0,3410453422.9759264,9.5e-13,99999999998.99779,0.0,27283627383.80741,1e-12
oneD_v2_dbtt_TP_4895f9e5b44deea5,RETENTION_EXTREME,TAYLOR_COMPLETION_SINGLE_HIT,1100.0,3580976094.1247225,9.5e-13,99999999998.99779,0.0,27283627383.80741,1e-12
oneD_v2_dbtt_TP_4895f9e5b44deea5,RETENTION_EXTREME,TAYLOR_COMPLETION_SINGLE_HIT,1100.0,3751498765.273519,9.5e-13,99999999998.99779,0.0,27283627383.80741,1e-12
oneD_v2_dbtt_TP_4895f9e5b44deea5,RETENTION_EXTREME,TAYLOR_COMPLETION_SINGLE_HIT,1100.0,3922021436.4223156,9.5e-13,99999999998.99779,0.0,27283627383.80741,1e-12
oneD_v2_dbtt_TP_4895f9e5b44deea5,RETENTION_EXTREME,TAYLOR_COMPLETION_SINGLE_HIT,1100.0,4092544107.5711117,9.5e-13,99999999998.99779,0.0,27283627383.80741,1e-12
oneD_v2_dbtt_TP_4895f9e5b44deea5,RETENTION_EXTREME,TAYLOR_COMPLETION_SINGLE_HIT,1100.0,4263066778.7199078,9.5e-13,99999999998.99779,0.0,27283627383.80741,1e-12
oneD_v2_dbtt_TP_4895f9e5b44deea5,RETENTION_EXTREME,TAYLOR_COMPLETION_SINGLE_HIT,1100.0,4433589449.868704,9.5e-13,99999999998.99779,0.0,27283627383.80741,1e-12
oneD_v2_dbtt_TP_4895f9e5b44deea5,RETENTION_EXTREME,TAYLOR_COMPLETION_SINGLE_HIT,1100.0,4604112121.017501,9.5e-13,99999999998.99779,0.0,27283627383.80741,1e-12
oneD_v2_dbtt_TP_4895f9e5b44deea5,RETENTION_EXTREME,TAYLOR_COMPLETION_SINGLE_HIT,1100.0,4774634792.166297,9.5e-13,99999999998.99779,0.0,27283627383.80741,1e-12
oneD_v2_dbtt_TP_4895f9e5b44deea5,RETENTION_EXTREME,TAYLOR_COMPLETION_SINGLE_HIT,1100.0,4945157463.315093,9.5e-13,99999999998.99779,0.0,27283627383.80741,1e-12
oneD_v2_dbtt_TP_4895f9e5b44deea5,RETENTION_EXTREME,TAYLOR_COMPLETION_SINGLE_HIT,1100.0,5115680134.46389,9.5e-13,99999999998.99779,0.0,27283627383.80741,1e-12
oneD_v2_dbtt_TP_4895f9e5b44deea5,RETENTION_EXTREME,TAYLOR_COMPLETION_SINGLE_HIT,1100.0,5286202805.612686,9.5e-13,99999999998.99779,0.0,27283627383.80741,1e-12
oneD_v2_dbtt_TP_4895f9e5b44deea5,RETENTION_EXTREME,TAYLOR_COMPLETION_SINGLE_HIT,1100.0,5456725476.761482,9.5e-13,99999999998.99779,0.0,27283627383.80741,1e-12
oneD_v2_dbtt_TP_4895f9e5b44deea5,RETENTION_EXTREME,TAYLOR_COMPLETION_SINGLE_HIT,1100.0,5627248147.910278,9.5e-13,99999999998.99779,0.0,27283627383.80741,1e-12
oneD_v2_dbtt_TP_4895f9e5b44deea5,RETENTION_EXTREME,TAYLOR_COMPLETION_SINGLE_HIT,1100.0,5797770819.059074,9.5e-13,99999999998.99779,0.0,27283627383.80741,1e-12
oneD_v2_dbtt_TP_4895f9e5b44deea5,RETENTION_EXTREME,TAYLOR_COMPLETION_SINGLE_HIT,1100.0,5968293490.207871,9.5e-13,99999999998.99779,0.0,27283627383.80741,1e-12
oneD_v2_dbtt_TP_4895f9e5b44deea5,RETENTION_EXTREME,TAYLOR_COMPLETION_SINGLE_HIT,1100.0,6138816161.3566675,9.5e-13,99999999998.99779,0.0,27283627383.80741,1e-12
oneD_v2_dbtt_TP_4895f9e5b44deea5,RETENTION_EXTREME,TAYLOR_COMPLETION_SINGLE_HIT,1100.0,6309338832.505464,9.5e-13,99999999998.99779,0.0,27283627383.80741,1e-12
oneD_v2_dbtt_TP_4895f9e5b44deea5,RETENTION_EXTREME,TAYLOR_COMPLETION_SINGLE_HIT,1100.0,6479861503.654261,9.5e-13,99999999998.99779,0.0,27283627383.80741,1e-12
oneD_v2_dbtt_TP_4895f9e5b44deea5,RETENTION_EXTREME,TAYLOR_COMPLETION_SINGLE_HIT,1100.0,6650384174.803057,9.5e-13,99999999998.99779,0.0,27283627383.80741,1e-12
oneD_v2_dbtt_TP_4895f9e5b44deea5,RETENTION_EXTREME,TAYLOR_COMPLETION_SINGLE_HIT,1100.0,6820906845.951853,9.5e-13,99999999998.99779,0.0,27283627383.80741,1e-12
oneD_v2_dbtt_TP_4895f9e5b44deea5,RETENTION_EXTREME,TAYLOR_COMPLETION_SINGLE_HIT,1100.0,6991429517.100649,9.5e-13,99999999998.99779,0.0,27283627383.80741,1e-12
oneD_v2_dbtt_TP_4895f9e5b44deea5,RETENTION_EXTREME,TAYLOR_COMPLETION_SINGLE_HIT,1100.0,7161952188.249445,9.5e-13,99999999998.99779,0.0,27283627383.80741,1e-12
oneD_v2_dbtt_TP_4895f9e5b44deea5,RETENTION_EXTREME,TAYLOR_COMPLETION_SINGLE_HIT,1100.0,7332474859.398242,9.5e-13,99999999998.99779,0.0,27283627383.80741,1e-12
oneD_v2_dbtt_TP_4895f9e5b44deea5,RETENTION_EXTREME,TAYLOR_COMPLETION_SINGLE_HIT,1100.0,7502997530.547038,9.5e-13,99999999998.99779,0.0,27283627383.80741,1e-12
oneD_v2_dbtt_TP_4895f9e5b44deea5,RETENTION_EXTREME,TAYLOR_COMPLETION_SINGLE_HIT,1100.0,7673520201.695834,9.5e-13,99999999998.99779,0.0,27283627383.80741,1e-12
oneD_v2_dbtt_TP_4895f9e5b44deea5,RETENTION_EXTREME,TAYLOR_COMPLETION_SINGLE_HIT,1100.0,7844042872.844631,9.5e-13,99999999998.99779,0.0,27283627383.80741,1e-12
oneD_v2_dbtt_TP_4895f9e5b44deea5,RETENTION_EXTREME,TAYLOR_COMPLETION_SINGLE_HIT,1100.0,8014565543.993427,9.5e-13,99999999998.99779,0.0,27283627383.80741,1e-12
oneD_v2_dbtt_TP_4895f9e5b44deea5,RETENTION_EXTREME,TAYLOR_COMPLETION_SINGLE_HIT,1100.0,8185088215.142223,9.5e-13,99999999998.99779,0.0,27283627383.80741,1e-12
oneD_v2_dbtt_TP_4895f9e5b44deea5,RETENTION_EXTREME,TAYLOR_COMPLETION_SINGLE_HIT,1100.0,8355610886.291019,9.5e-13,99999999998.99779,0.0,27283627383.80741,1e-12
oneD_v2_dbtt_TP_4895f9e5b44deea5,RETENTION_EXTREME,TAYLOR_COMPLETION_SINGLE_HIT,1100.0,8526133557.4398155,9.5e-13,99999999998.99779,0.0,27283627383.80741,1e-12
oneD_v2_dbtt_TP_4895f9e5b44deea5,RETENTION_EXTREME,TAYLOR_COMPLETION_SINGLE_HIT,1100.0,8696656228.588612,9.5e-13,99999999998.99779,0.0,27283627383.80741,1e-12
oneD_v2_dbtt_TP_4895f9e5b44deea5,RETENTION_EXTREME,TAYLOR_COMPLETION_SINGLE_HIT,1100.0,8867178899.737408,9.5e-13,99999999998.99779,0.0,27283627383.80741,1e-12
oneD_v2_dbtt_TP_4895f9e5b44deea5,RETENTION_EXTREME,TAYLOR_COMPLETION_SINGLE_HIT,1100.0,9037701570.886206,9.5e-13,99999999998.99779,0.0,27283627383.80741,1e-12
oneD_v2_dbtt_TP_4895f9e5b44deea5,RETENTION_EXTREME,TAYLOR_COMPLETION_SINGLE_HIT,1100.0,9208224242.035002,9.5e-13,99999999998.99779,0.0,27283627383.80741,1e-12
oneD_v2_dbtt_TP_4895f9e5b44deea5,RETENTION_EXTREME,TAYLOR_COMPLETION_SINGLE_HIT,1100.0,9378746913.183798,9.5e-13,99999999998.99779,0.0,27283627383.80741,1e-12
oneD_v2_dbtt_TP_4895f9e5b44deea5,RETENTION_EXTREME,TAYLOR_COMPLETION_SINGLE_HIT,1100.0,9549269584.332594,9.5e-13,99999999998.99779,0.0,27283627383.80741,1e-12
oneD_v2_dbtt_TP_4895f9e5b44deea5,RETENTION_EXTREME,TAYLOR_COMPLETION_SINGLE_HIT,1100.0,9719792255.48139,9.5e-13,99999999998.99779,0.0,27283627383.80741,1e-12
oneD_v2_dbtt_TP_4895f9e5b44deea5,RETENTION_EXTREME,TAYLOR_COMPLETION_SINGLE_HIT,1100.0,9890314926.630186,9.5e-13,99999999998.99779,0.0,27283627383.80741,1e-12
oneD_v2_dbtt_TP_4895f9e5b44deea5,RETENTION_EXTREME,TAYLOR_COMPLETION_SINGLE_HIT,1100.0,10060837597.778982,9.5e-13,99999999998.99779,0.0,27283627383.80741,1e-12
oneD_v2_dbtt_TP_4895f9e5b44deea5,RETENTION_EXTREME,TAYLOR_COMPLETION_SINGLE_HIT,1100.0,10231360268.92778,9.5e-13,99999999998.99779,0.0,27283627383.80741,1e-12
oneD_v2_dbtt_TP_4895f9e5b44deea5,RETENTION_EXTREME,TAYLOR_COMPLETION_SINGLE_HIT,1100.0,10401882940.076576,9.5e-13,99999999998.99779,0.0,27283627383.80741,1e-12
oneD_v2_dbtt_TP_4895f9e5b44deea5,RETENTION_EXTREME,TAYLOR_COMPLETION_SINGLE_HIT,1100.0,10572405611.225372,9.5e-13,99999999998.99779,0.0,27283627383.80741,1e-12
oneD_v2_dbtt_TP_4895f9e5b44deea5,RETENTION_EXTREME,TAYLOR_COMPLETION_SINGLE_HIT,1100.0,10742928282.374168,9.5e-13,99999999998.99779,0.0,27283627383.80741,1e-12
oneD_v2_dbtt_TP_4895f9e5b44deea5,RETENTION_EXTREME,TAYLOR_COMPLETION_SINGLE_HIT,1100.0,10913450953.522964,9.5e-13,99999999998.99779,0.0,27283627383.80741,1e-12
oneD_v2_dbtt_TP_4895f9e5b44deea5,RETENTION_EXTREME,TAYLOR_COMPLETION_SINGLE_HIT,1100.0,11083973624.67176,9.5e-13,99999999998.99779,0.0,27283627383.80741,1e-12
oneD_v2_dbtt_TP_4895f9e5b44deea5,RETENTION_EXTREME,TAYLOR_COMPLETION_SINGLE_HIT,1100.0,11254496295.820557,9.5e-13,99999999998.99779,0.0,27283627383.80741,1e-12
oneD_v2_dbtt_TP_4895f9e5b44deea5,RETENTION_EXTREME,TAYLOR_COMPLETION_SINGLE_HIT,1100.0,11425018966.969353,9.5e-13,99999999998.99779,0.0,27283627383.80741,1e-12
oneD_v2_dbtt_TP_4895f9e5b44deea5,RETENTION_EXTREME,TAYLOR_COMPLETION_SINGLE_HIT,1100.0,11595541638.118149,9.5e-13,99999999998.99779,0.0,27283627383.80741,1e-12
oneD_v2_dbtt_TP_4895f9e5b44deea5,RETENTION_EXTREME,TAYLOR_COMPLETION_SINGLE_HIT,1100.0,11766064309.266947,9.5e-13,99999999998.99779,0.0,27283627383.80741,1e-12
oneD_v2_dbtt_TP_4895f9e5b44deea5,RETENTION_EXTREME,TAYLOR_COMPLETION_SINGLE_HIT,1100.0,11936586980.415743,9.5e-13,99999999998.99779,0.0,27283627383.80741,1e-12
oneD_v2_dbtt_TP_4895f9e5b44deea5,RETENTION_EXTREME,TAYLOR_COMPLETION_SINGLE_HIT,1100.0,12107109651.564539,9.5e-13,99999999998.99779,0.0,27283627383.80741,1e-12
oneD_v2_dbtt_TP_4895f9e5b44deea5,RETENTION_EXTREME,TAYLOR_COMPLETION_SINGLE_HIT,1100.0,12277632322.713335,9.5e-13,99999999998.99779,0.0,27283627383.80741,1e-12
oneD_v2_dbtt_TP_4895f9e5b44deea5,RETENTION_EXTREME,TAYLOR_COMPLETION_SINGLE_HIT,1100.0,12448154993.862131,9.5e-13,99999999998.99779,0.0,27283627383.80741,1e-12
oneD_v2_dbtt_TP_4895f9e5b44deea5,RETENTION_EXTREME,TAYLOR_COMPLETION_SINGLE_HIT,1100.0,12618677665.010927,9.5e-13,99999999998.99779,0.0,27283627383.80741,1e-12
oneD_v2_dbtt_TP_4895f9e5b44deea5,RETENTION_EXTREME,TAYLOR_COMPLETION_SINGLE_HIT,1100.0,12789200336.159723,9.5e-13,99999999998.99779,0.0,27283627383.80741,1e-12
oneD_v2_dbtt_TP_4895f9e5b44deea5,RETENTION_EXTREME,TAYLOR_COMPLETION_SINGLE_HIT,1100.0,12959723007.308521,9.5e-13,99999999998.99779,0.0,27283627383.80741,1e-12
oneD_v2_dbtt_TP_4895f9e5b44deea5,RETENTION_EXTREME,TAYLOR_COMPLETION_SINGLE_HIT,1100.0,13130245678.457317,9.5e-13,99999999998.99779,0.0,27283627383.80741,1e-12
oneD_v2_dbtt_TP_4895f9e5b44deea5,RETENTION_EXTREME,TAYLOR_COMPLETION_SINGLE_HIT,1100.0,13300768349.606113,9.5e-13,99999999998.99779,0.0,27283627383.80741,1e-12
oneD_v2_dbtt_TP_4895f9e5b44deea5,RETENTION_EXTREME,TAYLOR_COMPLETION_SINGLE_HIT,1100.0,13471291020.75491,9.5e-13,99999999998.99779,0.0,27283627383.80741,1e-12
oneD_v2_dbtt_TP_4895f9e5b44deea5,RETENTION_EXTREME,TAYLOR_COMPLETION_SINGLE_HIT,1100.0,13641813691.903706,9.5e-13,99999999998.99779,0.0,27283627383.80741,1e-12
oneD_v2_dbtt_TP_4895f9e5b44deea5,RETENTION_EXTREME,TAYLOR_COMPLETION_SINGLE_HIT,1100.0,13812336363.052502,9.5e-13,99999999998.99779,0.0,27283627383.80741,1e-12
oneD_v2_dbtt_TP_4895f9e5b44deea5,RETENTION_EXTREME,TAYLOR_COMPLETION_SINGLE_HIT,1100.0,13982859034.201298,9.5e-13,99999999998.99779,0.0,27283627383.80741,1e-12
oneD_v2_dbtt_TP_4895f9e5b44deea5,RETENTION_EXTREME,TAYLOR_COMPLETION_SINGLE_HIT,1100.0,14153381705.350094,9.5e-13,99999999998.99779,0.0,27283627383.80741,1e-12
oneD_v2_dbtt_TP_4895f9e5b44deea5,RETENTION_EXTREME,TAYLOR_COMPLETION_SINGLE_HIT,1100.0,14323904376.49889,9.5e-13,99999999998.99779,0.0,27283627383.80741,1e-12
oneD_v2_dbtt_TP_4895f9e5b44deea5,RETENTION_EXTREME,TAYLOR_COMPLETION_SINGLE_HIT,1100.0,14494427047.647688,9.5e-13,99999999998.99779,0.0,27283627383.80741,1e-12
oneD_v2_dbtt_TP_4895f9e5b44deea5,RETENTION_EXTREME,TAYLOR_COMPLETION_SINGLE_HIT,1100.0,14664949718.796484,9.5e-13,99999999998.99779,0.0,27283627383.80741,1e-12
oneD_v2_dbtt_TP_4895f9e5b44deea5,RETENTION_EXTREME,TAYLOR_COMPLETION_SINGLE_HIT,1100.0,14835472389.94528,9.5e-13,99999999998.99779,0.0,27283627383.80741,1e-12
oneD_v2_dbtt_TP_4895f9e5b44deea5,RETENTION_EXTREME,TAYLOR_COMPLETION_SINGLE_HIT,1100.0,15005995061.094076,9.5e-13,99999999998.99779,0.0,27283627383.80741,1e-12
oneD_v2_dbtt_TP_4895f9e5b44deea5,RETENTION_EXTREME,TAYLOR_COMPLETION_SINGLE_HIT,1100.0,15176517732.242872,9.5e-13,99999999998.99779,0.0,27283627383.80741,1e-12
oneD_v2_dbtt_TP_4895f9e5b44deea5,RETENTION_EXTREME,TAYLOR_COMPLETION_SINGLE_HIT,1100.0,15347040403.391668,9.5e-13,99999999998.99779,0.0,27283627383.80741,1e-12
oneD_v2_dbtt_TP_4895f9e5b44deea5,RETENTION_EXTREME,TAYLOR_COMPLETION_SINGLE_HIT,1100.0,15517563074.540464,9.5e-13,99999999998.99779,0.0,27283627383.80741,1e-12
oneD_v2_dbtt_TP_4895f9e5b44deea5,RETENTION_EXTREME,TAYLOR_COMPLETION_SINGLE_HIT,1100.0,15688085745.689262,9.5e-13,99999999998.99779,0.0,27283627383.80741,1e-12
oneD_v2_dbtt_TP_4895f9e5b44deea5,RETENTION_EXTREME,TAYLOR_COMPLETION_SINGLE_HIT,1100.0,15858608416.838058,9.5e-13,99999999998.99779,0.0,27283627383.80741,1e-12
oneD_v2_dbtt_TP_4895f9e5b44deea5,RETENTION_EXTREME,TAYLOR_COMPLETION_SINGLE_HIT,1100.0,16029131087.986855,9.5e-13,99999999998.99779,0.0,27283627383.80741,1e-12
oneD_v2_dbtt_TP_4895f9e5b44deea5,RETENTION_EXTREME,TAYLOR_COMPLETION_SINGLE_HIT,1100.0,16199653759.13565,9.5e-13,99999999998.99779,0.0,27283627383.80741,1e-12
oneD_v2_dbtt_TP_4895f9e5b44deea5,RETENTION_EXTREME,TAYLOR_COMPLETION_SINGLE_HIT,1100.0,16370176430.284447,9.5e-13,99999999998.99779,0.0,27283627383.80741,1e-12
oneD_v2_dbtt_TP_4895f9e5b44deea5,RETENTION_EXTREME,TAYLOR_COMPLETION_SINGLE_HIT,1100.0,16540699101.433243,9.5e-13,99999999998.99779,0.0,27283627383.80741,1e-12
oneD_v2_dbtt_TP_4895f9e5b44deea5,RETENTION_EXTREME,TAYLOR_COMPLETION_SINGLE_HIT,1100.0,16711221772.582039,9.5e-13,99999999998.99779,0.0,27283627383.80741,1e-12
oneD_v2_dbtt_TP_4895f9e5b44deea5,RETENTION_EXTREME,TAYLOR_COMPLETION_SINGLE_HIT,1100.0,16881744443.730835,9.5e-13,99999999998.99779,0.0,27283627383.80741,1e-12
oneD_v2_dbtt_TP_4895f9e5b44deea5,RETENTION_EXTREME,TAYLOR_COMPLETION_SINGLE_HIT,1100.0,17052267114.879631,9.5e-13,99999999998.99779,0.0,27283627383.80741,1e-12
oneD_v2_dbtt_TP_4895f9e5b44deea5,RETENTION_EXTREME,TAYLOR_COMPLETION_SINGLE_HIT,1100.0,17222789786.028427,9.5e-13,99999999998.99779,0.0,27283627383.80741,1e-12
oneD_v2_dbtt_TP_4895f9e5b44deea5,RETENTION_EXTREME,TAYLOR_COMPLETION_SINGLE_HIT,1100.0,17393312457.177223,9.5e-13,99999999998.99779,0.0,27283627383.80741,1e-12
oneD_v2_dbtt_TP_4895f9e5b44deea5,RETENTION_EXTREME,TAYLOR_COMPLETION_SINGLE_HIT,1100.0,17563835128.32602,9.5e-13,99999999998.99779,0.0,27283627383.80741,1e-12
oneD_v2_dbtt_TP_4895f9e5b44deea5,RETENTION_EXTREME,TAYLOR_COMPLETION_SINGLE_HIT,1100.0,17734357799.474815,9.5e-13,99999999998.99779,0.0,27283627383.80741,1e-12
oneD_v2_dbtt_TP_4895f9e5b44deea5,RETENTION_EXTREME,TAYLOR_COMPLETION_SINGLE_HIT,1100.0,17904880470.623615,9.5e-13,99999999998.99779,0.0,27283627383.80741,1e-12
oneD_v2_dbtt_TP_4895f9e5b44deea5,RETENTION_EXTREME,TAYLOR_COMPLETION_SINGLE_HIT,1100.0,18075403141.77241,9.5e-13,99999999998.99779,0.0,27283627383.80741,1e-12
oneD_v2_dbtt_TP_4895f9e5b44deea5,RETENTION_EXTREME,TAYLOR_COMPLETION_SINGLE_HIT,1100.0,18245925812.921207,9.5e-13,99999999998.99779,0.0,27283627383.80741,1e-12
oneD_v2_dbtt_TP_4895f9e5b44deea5,RETENTION_EXTREME,TAYLOR_COMPLETION_SINGLE_HIT,1100.0,18416448484.070004,9.5e-13,99999999998.99779,0.0,27283627383.80741,1e-12
oneD_v2_dbtt_TP_4895f9e5b44deea5,RETENTION_EXTREME,TAYLOR_COMPLETION_SINGLE_HIT,1100.0,18586971155.2188,9.5e-13,99999999998.99779,0.0,27283627383.80741,1e-12
oneD_v2_dbtt_TP_4895f9e5b44deea5,RETENTION_EXTREME,TAYLOR_COMPLETION_SINGLE_HIT,1100.0,18757493826.367596,9.5e-13,99999999998.99779,0.0,27283627383.80741,1e-12
oneD_v2_dbtt_TP_4895f9e5b44deea5,RETENTION_EXTREME,TAYLOR_COMPLETION_SINGLE_HIT,1100.0,18928016497.51639,9.5e-13,99999999998.99779,0.0,27283627383.80741,1e-12
oneD_v2_dbtt_TP_4895f9e5b44deea5,RETENTION_EXTREME,TAYLOR_COMPLETION_SINGLE_HIT,1100.0,19098539168.665188,9.5e-13,99999999998.99779,0.0,27283627383.80741,1e-12
oneD_v2_dbtt_TP_4895f9e5b44deea5,RETENTION_EXTREME,TAYLOR_COMPLETION_SINGLE_HIT,1100.0,19269061839.813984,9.5e-13,99999999998.99779,0.0,27283627383.80741,1e-12
oneD_v2_dbtt_TP_4895f9e5b44deea5,RETENTION_EXTREME,TAYLOR_COMPLETION_SINGLE_HIT,1100.0,19439584510.96278,9.5e-13,99999999998.99779,0.0,27283627383.80741,1e-12
oneD_v2_dbtt_TP_4895f9e5b44deea5,RETENTION_EXTREME,TAYLOR_COMPLETION_SINGLE_HIT,1100.0,19610107182.111576,9.5e-13,99999999998.99779,0.0,27283627383.80741,1e-12
oneD_v2_dbtt_TP_4895f9e5b44deea5,RETENTION_EXTREME,TAYLOR_COMPLETION_SINGLE_HIT,1100.0,19780629853.260372,9.5e-13,99999999998.99779,0.0,27283627383.80741,1e-12
oneD_v2_dbtt_TP_4895f9e5b44deea5,RETENTION_EXTREME,TAYLOR_COMPLETION_SINGLE_HIT,1100.0,19951152524.40917,9.5e-13,99999999998.99779,0.0,27283627383.80741,1e-12
oneD_v2_dbtt_TP_4895f9e5b44deea5,RETENTION_EXTREME,TAYLOR_COMPLETION_SINGLE_HIT,1100.0,20121675195.557964,9.5e-13,99999999998.99779,0.0,27283627383.80741,1e-12
oneD_v2_dbtt_TP_4895f9e5b44deea5,RETENTION_EXTREME,TAYLOR_COMPLETION_SINGLE_HIT,1100.0,20292197866.70676,9.5e-13,99999999998.99779,0.0,27283627383.80741,1e-12
oneD_v2_dbtt_TP_4895f9e5b44deea5,RETENTION_EXTREME,TAYLOR_COMPLETION_SINGLE_HIT,1100.0,20462720537.85556,9.5e-13,99999999998.99779,0.0,27283627383.80741,1e-12
oneD_v2_dbtt_TP_4895f9e5b44deea5,RETENTION_EXTREME,TAYLOR_COMPLETION_SINGLE_HIT,1100.0,20633243209.004356,9.5e-13,99999999998.99779,0.0,27283627383.80741,1e-12
oneD_v2_dbtt_TP_4895f9e5b44deea5,RETENTION_EXTREME,TAYLOR_COMPLETION_SINGLE_HIT,1100.0,20803765880.153152,9.5e-13,99999999998.99779,0.0,27283627383.80741,1e-12
oneD_v2_dbtt_TP_4895f9e5b44deea5,RETENTION_EXTREME,TAYLOR_COMPLETION_SINGLE_HIT,1100.0,20974288551.30195,9.5e-13,99999999998.99779,0.0,27283627383.80741,1e-12
oneD_v2_dbtt_TP_4895f9e5b44deea5,RETENTION_EXTREME,TAYLOR_COMPLETION_SINGLE_HIT,1100.0,21144811222.450745,9.5e-13,99999999998.99779,0.0,27283627383.80741,1e-12
oneD_v2_dbtt_TP_4895f9e5b44deea5,RETENTION_EXTREME,TAYLOR_COMPLETION_SINGLE_HIT,1100.0,21315333893.59954,9.5e-13,99999999998.99779,0.0,27283627383.80741,1e-12
oneD_v2_dbtt_TP_4895f9e5b44deea5,RETENTION_EXTREME,TAYLOR_COMPLETION_SINGLE_HIT,1100.0,21485856564.748337,9.5e-13,99999999998.99779,0.0,27283627383.80741,1e-12
oneD_v2_dbtt_TP_4895f9e5b44deea5,RETENTION_EXTREME,TAYLOR_COMPLETION_SINGLE_HIT,1100.0,21656379235.897133,9.5e-13,99999999998.99779,0.0,27283627383.80741,1e-12
oneD_v2_dbtt_TP_4895f9e5b44deea5,RETENTION_EXTREME,TAYLOR_COMPLETION_SINGLE_HIT,1100.0,21826901907.04593,9.5e-13,99999999998.99779,0.0,27283627383.80741,1e-12
oneD_v2_dbtt_TP_4895f9e5b44deea5,RETENTION_EXTREME,TAYLOR_COMPLETION_SINGLE_HIT,1100.0,21997424578.194725,9.5e-13,99999999998.99779,0.0,27283627383.80741,1e-12
oneD_v2_dbtt_TP_4895f9e5b44deea5,RETENTION_EXTREME,TAYLOR_COMPLETION_SINGLE_HIT,1100.0,22167947249.34352,9.5e-13,99999999998.99779,0.0,27283627383.80741,1e-12
oneD_v2_dbtt_TP_4895f9e5b44deea5,RETENTION_EXTREME,TAYLOR_COMPLETION_SINGLE_HIT,1100.0,22338469920.492317,9.5e-13,99999999998.99779,0.0,27283627383.80741,1e-12
oneD_v2_dbtt_TP_4895f9e5b44deea5,RETENTION_EXTREME,TAYLOR_COMPLETION_SINGLE_HIT,1100.0,22508992591.641113,9.5e-13,99999999998.99779,0.0,27283627383.80741,1e-12
oneD_v2_dbtt_TP_4895f9e5b44deea5,RETENTION_EXTREME,TAYLOR_COMPLETION_SINGLE_HIT,1100.0,22679515262.78991,9.5e-13,99999999998.99779,0.0,27283627383.80741,1e-12
oneD_v2_dbtt_TP_4895f9e5b44deea5,RETENTION_EXTREME,TAYLOR_COMPLETION_SINGLE_HIT,1100.0,22850037933.938705,9.5e-13,99999999998.99779,0.0,27283627383.80741,1e-12
oneD_v2_dbtt_TP_4895f9e5b44deea5,RETENTION_EXTREME,TAYLOR_COMPLETION_SINGLE_HIT,1100.0,23020560605.0875,9.5e-13,99999999998.99779,0.0,27283627383.80741,1e-12
oneD_v2_dbtt_TP_4895f9e5b44deea5,RETENTION_EXTREME,TAYLOR_COMPLETION_SINGLE_HIT,1100.0,23191083276.236298,9.5e-13,99999999998.99779,0.0,27283627383.80741,1e-12
oneD_v2_dbtt_TP_4895f9e5b44deea5,RETENTION_EXTREME,TAYLOR_COMPLETION_SINGLE_HIT,1100.0,23361605947.385098,9.5e-13,99999999998.99779,0.0,27283627383.80741,1e-12
oneD_v2_dbtt_TP_4895f9e5b44deea5,RETENTION_EXTREME,TAYLOR_COMPLETION_SINGLE_HIT,1100.0,23532128618.533894,9.5e-13,99999999998.99779,0.0,27283627383.80741,1e-12
oneD_v2_dbtt_TP_4895f9e5b44deea5,RETENTION_EXTREME,TAYLOR_COMPLETION_SINGLE_HIT,1100.0,23702651289.68269,9.5e-13,99999999998.99779,0.0,27283627383.80741,1e-12
oneD_v2_dbtt_TP_4895f9e5b44deea5,RETENTION_EXTREME,TAYLOR_COMPLETION_SINGLE_HIT,1100.0,23873173960.831486,9.5e-13,99999999998.99779,0.0,27283627383.80741,1e-12
oneD_v2_dbtt_TP_4895f9e5b44deea5,RETENTION_EXTREME,TAYLOR_COMPLETION_SINGLE_HIT,1100.0,24043696631.98028,9.5e-13,99999999998.99779,0.0,27283627383.80741,1e-12
oneD_v2_dbtt_TP_4895f9e5b44deea5,RETENTION_EXTREME,TAYLOR_COMPLETION_SINGLE_HIT,1100.0,24214219303.129078,9.5e-13,99999999998.99779,0.0,27283627383.80741,1e-12
oneD_v2_dbtt_TP_4895f9e5b44deea5,RETENTION_EXTREME,TAYLOR_COMPLETION_SINGLE_HIT,1100.0,24384741974.277874,9.5e-13,99999999998.99779,0.0,27283627383.80741,1e-12
oneD_v2_dbtt_TP_4895f9e5b44deea5,RETENTION_EXTREME,TAYLOR_COMPLETION_SINGLE_HIT,1100.0,24555264645.42667,9.5e-13,99999999998.99779,0.0,27283627383.80741,1e-12
oneD_v2_dbtt_TP_4895f9e5b44deea5,RETENTION_EXTREME,TAYLOR_COMPLETION_SINGLE_HIT,1100.0,24725787316.575466,9.5e-13,99999999998.99779,0.0,27283627383.80741,1e-12
oneD_v2_dbtt_TP_4895f9e5b44deea5,RETENTION_EXTREME,TAYLOR_COMPLETION_SINGLE_HIT,1100.0,24896309987.724262,9.5e-13,99999999998.99779,0.0,27283627383.80741,1e-12
oneD_v2_dbtt_TP_4895f9e5b44deea5,RETENTION_EXTREME,TAYLOR_COMPLETION_SINGLE_HIT,1100.0,25066832658.87306,9.5e-13,99999999998.99779,0.0,27283627383.80741,1e-12
oneD_v2_dbtt_TP_4895f9e5b44deea5,RETENTION_EXTREME,TAYLOR_COMPLETION_SINGLE_HIT,1100.0,25237355330.021854,9.5e-13,99999999998.99779,0.0,27283627383.80741,1e-12
oneD_v2_dbtt_TP_4895f9e5b44deea5,RETENTION_EXTREME,TAYLOR_COMPLETION_SINGLE_HIT,1100.0,25407878001.17065,9.5e-13,99999999998.99779,0.0,27283627383.80741,1e-12
oneD_v2_dbtt_TP_4895f9e5b44deea5,RETENTION_EXTREME,TAYLOR_COMPLETION_SINGLE_HIT,1100.0,25578400672.319447,9.5e-13,99999999998.99779,0.0,27283627383.80741,1e-12
oneD_v2_dbtt_TP_4895f9e5b44deea5,RETENTION_EXTREME,TAYLOR_COMPLETION_SINGLE_HIT,1100.0,25748923343.468243,9.5e-13,99999999998.99779,0.0,27283627383.80741,1e-12
oneD_v2_dbtt_TP_4895f9e5b44deea5,RETENTION_EXTREME,TAYLOR_COMPLETION_SINGLE_HIT,1100.0,25919446014.617043,9.5e-13,99999999998.99779,0.0,27283627383.80741,1e-12
oneD_v2_dbtt_TP_4895f9e5b44deea5,RETENTION_EXTREME,TAYLOR_COMPLETION_SINGLE_HIT,1100.0,26089968685.76584,9.5e-13,99999999998.99779,0.0,27283627383.80741,1e-12
oneD_v2_dbtt_TP_4895f9e5b44deea5,RETENTION_EXTREME,TAYLOR_COMPLETION_SINGLE_HIT,1100.0,26260491356.914635,9.5e-13,99999999998.99779,0.0,27283627383.80741,1e-12
oneD_v2_dbtt_TP_4895f9e5b44deea5,RETENTION_EXTREME,TAYLOR_COMPLETION_SINGLE_HIT,1100.0,26431014028.06343,9.5e-13,99999999998.99779,0.0,27283627383.80741,1e-12
oneD_v2_dbtt_TP_4895f9e5b44deea5,RETENTION_EXTREME,TAYLOR_COMPLETION_SINGLE_HIT,1100.0,26601536699.212227,9.5e-13,99999999998.99779,0.0,27283627383.80741,1e-12
oneD_v2_dbtt_TP_4895f9e5b44deea5,RETENTION_EXTREME,TAYLOR_COMPLETION_SINGLE_HIT,1100.0,26772059370.361023,9.5e-13,99999999998.99779,0.0,27283627383.80741,1e-12
oneD_v2_dbtt_TP_4895f9e5b44deea5,RETENTION_EXTREME,TAYLOR_COMPLETION_SINGLE_HIT,1100.0,26942582041.50982,9.5e-13,99999999998.99779,0.0,27283627383.80741,1e-12
oneD_v2_dbtt_TP_4895f9e5b44deea5,RETENTION_EXTREME,TAYLOR_COMPLETION_SINGLE_HIT,1100.0,27113104712.658615,9.5e-13,99999999998.99779,0.0,27283627383.80741,1e-12
oneD_v2_dbtt_TP_4895f9e5b44deea5,RETENTION_EXTREME,TAYLOR_COMPLETION_SINGLE_HIT,1100.0,27283627383.80741,9.5e-13,99999999998.99779,0.0,27283627383.80741,1e-12
oneD_v2_dbtt_TP_4895f9e5b44deea5,RETENTION_EXTREME,EMISSION,1100.0,0.0,7.160118789714014,1.5670446861826083e-22,0.0,135803093.33385658,7.160118789714014
oneD_v2_dbtt_TP_4895f9e5b44deea5,RETENTION_EXTREME,EMISSION,1100.0,848769.3333366036,0.07423772575569687,45695265852.441086,0.0,135803093.33385658,7.160118789714014
oneD_v2_dbtt_TP_4895f9e5b44deea5,RETENTION_EXTREME,EMISSION,1100.0,1697538.6666732072,0.07423772575569687,45695265852.441086,0.0,135803093.33385658,7.160118789714014
oneD_v2_dbtt_TP_4895f9e5b44deea5,RETENTION_EXTREME,EMISSION,1100.0,2546308.0000098106,0.07423772575569687,45695265852.441086,0.0,135803093.33385658,7.160118789714014
oneD_v2_dbtt_TP_4895f9e5b44deea5,RETENTION_EXTREME,EMISSION,1100.0,3395077.3333464144,0.07423772575569687,45695265852.441086,0.0,135803093.33385658,7.160118789714014
oneD_v2_dbtt_TP_4895f9e5b44deea5,RETENTION_EXTREME,EMISSION,1100.0,4243846.666683018,0.07423772575569687,45695265852.441086,0.0,135803093.33385658,7.160118789714014
oneD_v2_dbtt_TP_4895f9e5b44deea5,RETENTION_EXTREME,EMISSION,1100.0,5092616.000019621,0.07423772575569687,45695265852.441086,0.0,135803093.33385658,7.160118789714014
oneD_v2_dbtt_TP_4895f9e5b44deea5,RETENTION_EXTREME,EMISSION,1100.0,5941385.333356225,0.07423772575569687,45695265852.441086,0.0,135803093.33385658,7.160118789714014
oneD_v2_dbtt_TP_4895f9e5b44deea5,RETENTION_EXTREME,EMISSION,1100.0,6790154.666692829,0.07423772575569687,45695265852.441086,0.0,135803093.33385658,7.160118789714014
oneD_v2_dbtt_TP_4895f9e5b44deea5,RETENTION_EXTREME,EMISSION,1100.0,7638924.000029433,0.07423772575569687,45695265852.441086,0.0,135803093.33385658,7.160118789714014
oneD_v2_dbtt_TP_4895f9e5b44deea5,RETENTION_EXTREME,EMISSION,1100.0,8487693.333366036,0.07423772575569687,45695265852.441086,0.0,135803093.33385658,7.160118789714014
oneD_v2_dbtt_TP_4895f9e5b44deea5,RETENTION_EXTREME,EMISSION,1100.0,9336462.66670264,0.07423772575569687,45695265852.441086,0.0,135803093.33385658,7.160118789714014
oneD_v2_dbtt_TP_4895f9e5b44deea5,RETENTION_EXTREME,EMISSION,1100.0,10185232.000039242,0.07423772575569687,45695265852.441086,0.0,135803093.33385658,7.160118789714014
oneD_v2_dbtt_TP_4895f9e5b44deea5,RETENTION_EXTREME,EMISSION,1100.0,11034001.333375847,0.07423772575569687,45695265852.441086,0.0,135803093.33385658,7.160118789714014
oneD_v2_dbtt_TP_4895f9e5b44deea5,RETENTION_EXTREME,EMISSION,1100.0,11882770.66671245,0.07423772575569687,45695265852.441086,0.0,135803093.33385658,7.160118789714014
oneD_v2_dbtt_TP_4895f9e5b44deea5,RETENTION_EXTREME,EMISSION,1100.0,12731540.000049055,0.07423772575569687,45695265852.441086,0.0,135803093.33385658,7.160118789714014
oneD_v2_dbtt_TP_4895f9e5b44deea5,RETENTION_EXTREME,EMISSION,1100.0,13580309.333385658,0.07423772575569687,45695265852.441086,0.0,135803093.33385658,7.160118789714014
oneD_v2_dbtt_TP_4895f9e5b44deea5,RETENTION_EXTREME,EMISSION,1100.0,14429078.66672226,0.07423772575569687,45695265852.441086,0.0,135803093.33385658,7.160118789714014
oneD_v2_dbtt_TP_4895f9e5b44deea5,RETENTION_EXTREME,EMISSION,1100.0,15277848.000058865,0.07423772575569687,45695265852.441086,0.0,135803093.33385658,7.160118789714014
oneD_v2_dbtt_TP_4895f9e5b44deea5,RETENTION_EXTREME,EMISSION,1100.0,16126617.333395468,0.07423772575569687,45695265852.441086,0.0,135803093.33385658,7.160118789714014
oneD_v2_dbtt_TP_4895f9e5b44deea5,RETENTION_EXTREME,EMISSION,1100.0,16975386.666732073,0.07423772575569687,45695265852.441086,0.0,135803093.33385658,7.160118789714014
oneD_v2_dbtt_TP_4895f9e5b44deea5,RETENTION_EXTREME,EMISSION,1100.0,17824156.000068676,0.07423772575569687,45695265852.441086,0.0,135803093.33385658,7.160118789714014
oneD_v2_dbtt_TP_4895f9e5b44deea5,RETENTION_EXTREME,EMISSION,1100.0,18672925.33340528,0.07423772575569687,45695265852.441086,0.0,135803093.33385658,7.160118789714014
oneD_v2_dbtt_TP_4895f9e5b44deea5,RETENTION_EXTREME,EMISSION,1100.0,19521694.66674188,0.07423772575569687,45695265852.441086,0.0,135803093.33385658,7.160118789714014
oneD_v2_dbtt_TP_4895f9e5b44deea5,RETENTION_EXTREME,EMISSION,1100.0,20370464.000078484,0.07423772575569687,45695265852.441086,0.0,135803093.33385658,7.160118789714014
oneD_v2_dbtt_TP_4895f9e5b44deea5,RETENTION_EXTREME,EMISSION,1100.0,21219233.33341509,0.07423772575569687,45695265852.441086,0.0,135803093.33385658,7.160118789714014
oneD_v2_dbtt_TP_4895f9e5b44deea5,RETENTION_EXTREME,EMISSION,1100.0,22068002.666751694,0.07423772575569687,45695265852.441086,0.0,135803093.33385658,7.160118789714014
oneD_v2_dbtt_TP_4895f9e5b44deea5,RETENTION_EXTREME,EMISSION,1100.0,22916772.000088297,0.07423772575569687,45695265852.441086,0.0,135803093.33385658,7.160118789714014
oneD_v2_dbtt_TP_4895f9e5b44deea5,RETENTION_EXTREME,EMISSION,1100.0,23765541.3334249,0.07423772575569687,45695265852.441086,0.0,135803093.33385658,7.160118789714014
oneD_v2_dbtt_TP_4895f9e5b44deea5,RETENTION_EXTREME,EMISSION,1100.0,24614310.666761503,0.07423772575569687,45695265852.441086,0.0,135803093.33385658,7.160118789714014
oneD_v2_dbtt_TP_4895f9e5b44deea5,RETENTION_EXTREME,EMISSION,1100.0,25463080.00009811,0.07423772575569687,45695265852.441086,0.0,135803093.33385658,7.160118789714014
oneD_v2_dbtt_TP_4895f9e5b44deea5,RETENTION_EXTREME,EMISSION,1100.0,26311849.333434712,0.07423772575569687,45695265852.441086,0.0,135803093.33385658,7.160118789714014
oneD_v2_dbtt_TP_4895f9e5b44deea5,RETENTION_EXTREME,EMISSION,1100.0,27160618.666771315,0.07423772575569687,45695265852.441086,0.0,135803093.33385658,7.160118789714014
oneD_v2_dbtt_TP_4895f9e5b44deea5,RETENTION_EXTREME,EMISSION,1100.0,28009388.000107918,0.07423772575569687,45695265852.441086,0.0,135803093.33385658,7.160118789714014
oneD_v2_dbtt_TP_4895f9e5b44deea5,RETENTION_EXTREME,EMISSION,1100.0,28858157.33344452,0.07423772575569687,45695265852.441086,0.0,135803093.33385658,7.160118789714014
oneD_v2_dbtt_TP_4895f9e5b44deea5,RETENTION_EXTREME,EMISSION,1100.0,29706926.666781127,0.07423772575569687,45695265852.441086,0.0,135803093.33385658,7.160118789714014
oneD_v2_dbtt_TP_4895f9e5b44deea5,RETENTION_EXTREME,EMISSION,1100.0,30555696.00011773,0.07423772575569687,45695265852.441086,0.0,135803093.33385658,7.160118789714014
oneD_v2_dbtt_TP_4895f9e5b44deea5,RETENTION_EXTREME,EMISSION,1100.0,31404465.333454333,0.07423772575569687,45695265852.441086,0.0,135803093.33385658,7.160118789714014
oneD_v2_dbtt_TP_4895f9e5b44deea5,RETENTION_EXTREME,EMISSION,1100.0,32253234.666790936,0.07423772575569687,45695265852.441086,0.0,135803093.33385658,7.160118789714014
oneD_v2_dbtt_TP_4895f9e5b44deea5,RETENTION_EXTREME,EMISSION,1100.0,33102004.00012754,0.07423772575569687,45695265852.441086,0.0,135803093.33385658,7.160118789714014
oneD_v2_dbtt_TP_4895f9e5b44deea5,RETENTION_EXTREME,EMISSION,1100.0,33950773.333464146,0.07423772575569687,45695265852.441086,0.0,135803093.33385658,7.160118789714014
oneD_v2_dbtt_TP_4895f9e5b44deea5,RETENTION_EXTREME,EMISSION,1100.0,34799542.666800745,0.07423772575569687,45695265852.441086,0.0,135803093.33385658,7.160118789714014
oneD_v2_dbtt_TP_4895f9e5b44deea5,RETENTION_EXTREME,EMISSION,1100.0,35648312.00013735,0.07423772575569687,45695265852.441086,0.0,135803093.33385658,7.160118789714014
oneD_v2_dbtt_TP_4895f9e5b44deea5,RETENTION_EXTREME,EMISSION,1100.0,36497081.33347396,0.07423772575569687,45695265852.441086,0.0,135803093.33385658,7.160118789714014
oneD_v2_dbtt_TP_4895f9e5b44deea5,RETENTION_EXTREME,EMISSION,1100.0,37345850.66681056,0.07423772575569687,45695265852.441086,0.0,135803093.33385658,7.160118789714014
oneD_v2_dbtt_TP_4895f9e5b44deea5,RETENTION_EXTREME,EMISSION,1100.0,38194620.000147164,0.07423772575569687,45695265852.441086,0.0,135803093.33385658,7.160118789714014
oneD_v2_dbtt_TP_4895f9e5b44deea5,RETENTION_EXTREME,EMISSION,1100.0,39043389.33348376,0.07423772575569687,45695265852.441086,0.0,135803093.33385658,7.160118789714014
oneD_v2_dbtt_TP_4895f9e5b44deea5,RETENTION_EXTREME,EMISSION,1100.0,39892158.66682037,0.07423772575569687,45695265852.441086,0.0,135803093.33385658,7.160118789714014
oneD_v2_dbtt_TP_4895f9e5b44deea5,RETENTION_EXTREME,EMISSION,1100.0,40740928.00015697,0.07423772575569687,45695265852.441086,0.0,135803093.33385658,7.160118789714014
oneD_v2_dbtt_TP_4895f9e5b44deea5,RETENTION_EXTREME,EMISSION,1100.0,41589697.333493575,0.07423772575569687,45695265852.441086,0.0,135803093.33385658,7.160118789714014
oneD_v2_dbtt_TP_4895f9e5b44deea5,RETENTION_EXTREME,EMISSION,1100.0,42438466.66683018,0.07423772575569687,45695265852.441086,0.0,135803093.33385658,7.160118789714014
oneD_v2_dbtt_TP_4895f9e5b44deea5,RETENTION_EXTREME,EMISSION,1100.0,43287236.00016678,0.07423772575569687,45695265852.441086,0.0,135803093.33385658,7.160118789714014
oneD_v2_dbtt_TP_4895f9e5b44deea5,RETENTION_EXTREME,EMISSION,1100.0,44136005.33350339,0.07423772575569687,45695265852.441086,0.0,135803093.33385658,7.160118789714014
oneD_v2_dbtt_TP_4895f9e5b44deea5,RETENTION_EXTREME,EMISSION,1100.0,44984774.66683999,0.07423772575569687,45695265852.441086,0.0,135803093.33385658,7.160118789714014
oneD_v2_dbtt_TP_4895f9e5b44deea5,RETENTION_EXTREME,EMISSION,1100.0,45833544.00017659,0.07423772575569687,45695265852.441086,0.0,135803093.33385658,7.160118789714014
oneD_v2_dbtt_TP_4895f9e5b44deea5,RETENTION_EXTREME,EMISSION,1100.0,46682313.3335132,0.07423772575569687,45695265852.441086,0.0,135803093.33385658,7.160118789714014
oneD_v2_dbtt_TP_4895f9e5b44deea5,RETENTION_EXTREME,EMISSION,1100.0,47531082.6668498,0.07423772575569687,45695265852.441086,0.0,135803093.33385658,7.160118789714014
oneD_v2_dbtt_TP_4895f9e5b44deea5,RETENTION_EXTREME,EMISSION,1100.0,48379852.000186406,0.07423772575569687,45695265852.441086,0.0,135803093.33385658,7.160118789714014
oneD_v2_dbtt_TP_4895f9e5b44deea5,RETENTION_EXTREME,EMISSION,1100.0,49228621.333523005,0.07423772575569687,45695265852.441086,0.0,135803093.33385658,7.160118789714014
oneD_v2_dbtt_TP_4895f9e5b44deea5,RETENTION_EXTREME,EMISSION,1100.0,50077390.66685961,0.07423772575569687,45695265852.441086,0.0,135803093.33385658,7.160118789714014
oneD_v2_dbtt_TP_4895f9e5b44deea5,RETENTION_EXTREME,EMISSION,1100.0,50926160.00019622,0.07423772575569687,45695265852.441086,0.0,135803093.33385658,7.160118789714014
oneD_v2_dbtt_TP_4895f9e5b44deea5,RETENTION_EXTREME,EMISSION,1100.0,51774929.33353282,0.07423772575569687,45695265852.441086,0.0,135803093.33385658,7.160118789714014
oneD_v2_dbtt_TP_4895f9e5b44deea5,RETENTION_EXTREME,EMISSION,1100.0,52623698.666869424,0.07423772575569687,45695265852.441086,0.0,135803093.33385658,7.160118789714014
oneD_v2_dbtt_TP_4895f9e5b44deea5,RETENTION_EXTREME,EMISSION,1100.0,53472468.00020602,0.07423772575569687,45695265852.441086,0.0,135803093.33385658,7.160118789714014
oneD_v2_dbtt_TP_4895f9e5b44deea5,RETENTION_EXTREME,EMISSION,1100.0,54321237.33354263,0.07423772575569687,45695265852.441086,0.0,135803093.33385658,7.160118789714014
oneD_v2_dbtt_TP_4895f9e5b44deea5,RETENTION_EXTREME,EMISSION,1100.0,55170006.66687924,0.07423772575569687,45695265852.441086,0.0,135803093.33385658,7.160118789714014
oneD_v2_dbtt_TP_4895f9e5b44deea5,RETENTION_EXTREME,EMISSION,1100.0,56018776.000215836,0.07423772575569687,45695265852.441086,0.0,135803093.33385658,7.160118789714014
oneD_v2_dbtt_TP_4895f9e5b44deea5,RETENTION_EXTREME,EMISSION,1100.0,56867545.33355244,0.07423772575569687,45695265852.441086,0.0,135803093.33385658,7.160118789714014
oneD_v2_dbtt_TP_4895f9e5b44deea5,RETENTION_EXTREME,EMISSION,1100.0,57716314.66688904,0.07423772575569687,45695265852.441086,0.0,135803093.33385658,7.160118789714014
oneD_v2_dbtt_TP_4895f9e5b44deea5,RETENTION_EXTREME,EMISSION,1100.0,58565084.00022565,0.07423772575569687,45695265852.441086,0.0,135803093.33385658,7.160118789714014
oneD_v2_dbtt_TP_4895f9e5b44deea5,RETENTION_EXTREME,EMISSION,1100.0,59413853.333562255,0.07423772575569687,45695265852.441086,0.0,135803093.33385658,7.160118789714014
oneD_v2_dbtt_TP_4895f9e5b44deea5,RETENTION_EXTREME,EMISSION,1100.0,60262622.666898854,0.07423772575569687,45695265852.441086,0.0,135803093.33385658,7.160118789714014
oneD_v2_dbtt_TP_4895f9e5b44deea5,RETENTION_EXTREME,EMISSION,1100.0,61111392.00023546,0.07423772575569687,45695265852.441086,0.0,135803093.33385658,7.160118789714014
oneD_v2_dbtt_TP_4895f9e5b44deea5,RETENTION_EXTREME,EMISSION,1100.0,61960161.33357206,0.07423772575569687,45695265852.441086,0.0,135803093.33385658,7.160118789714014
oneD_v2_dbtt_TP_4895f9e5b44deea5,RETENTION_EXTREME,EMISSION,1100.0,62808930.66690867,0.07423772575569687,45695265852.441086,0.0,135803093.33385658,7.160118789714014
oneD_v2_dbtt_TP_4895f9e5b44deea5,RETENTION_EXTREME,EMISSION,1100.0,63657700.00024527,0.07423772575569687,45695265852.441086,0.0,135803093.33385658,7.160118789714014
oneD_v2_dbtt_TP_4895f9e5b44deea5,RETENTION_EXTREME,EMISSION,1100.0,64506469.33358187,0.07423772575569687,45695265852.441086,0.0,135803093.33385658,7.160118789714014
oneD_v2_dbtt_TP_4895f9e5b44deea5,RETENTION_EXTREME,EMISSION,1100.0,65355238.66691848,0.07423772575569687,45695265852.441086,0.0,135803093.33385658,7.160118789714014
oneD_v2_dbtt_TP_4895f9e5b44deea5,RETENTION_EXTREME,EMISSION,1100.0,66204008.00025508,0.07423772575569687,45695265852.441086,0.0,135803093.33385658,7.160118789714014
oneD_v2_dbtt_TP_4895f9e5b44deea5,RETENTION_EXTREME,EMISSION,1100.0,67052777.333591685,0.07423772575569687,45695265852.441086,0.0,135803093.33385658,7.160118789714014
oneD_v2_dbtt_TP_4895f9e5b44deea5,RETENTION_EXTREME,EMISSION,1100.0,67901546.66692829,0.07423772575569687,45695265852.441086,0.0,135803093.33385658,7.160118789714014
oneD_v2_dbtt_TP_4895f9e5b44deea5,RETENTION_EXTREME,EMISSION,1100.0,68750316.0002649,0.07423772575569687,45695265852.441086,0.0,135803093.33385658,7.160118789714014
oneD_v2_dbtt_TP_4895f9e5b44deea5,RETENTION_EXTREME,EMISSION,1100.0,69599085.33360149,0.07423772575569687,45695265852.441086,0.0,135803093.33385658,7.160118789714014
oneD_v2_dbtt_TP_4895f9e5b44deea5,RETENTION_EXTREME,EMISSION,1100.0,70447854.6669381,0.07423772575569687,45695265852.441086,0.0,135803093.33385658,7.160118789714014
oneD_v2_dbtt_TP_4895f9e5b44deea5,RETENTION_EXTREME,EMISSION,1100.0,71296624.0002747,0.07423772575569687,45695265852.441086,0.0,135803093.33385658,7.160118789714014
oneD_v2_dbtt_TP_4895f9e5b44deea5,RETENTION_EXTREME,EMISSION,1100.0,72145393.33361131,0.07423772575569687,45695265852.441086,0.0,135803093.33385658,7.160118789714014
oneD_v2_dbtt_TP_4895f9e5b44deea5,RETENTION_EXTREME,EMISSION,1100.0,72994162.66694792,0.07423772575569687,45695265852.441086,0.0,135803093.33385658,7.160118789714014
oneD_v2_dbtt_TP_4895f9e5b44deea5,RETENTION_EXTREME,EMISSION,1100.0,73842932.00028451,0.07423772575569687,45695265852.441086,0.0,135803093.33385658,7.160118789714014
oneD_v2_dbtt_TP_4895f9e5b44deea5,RETENTION_EXTREME,EMISSION,1100.0,74691701.33362111,0.07423772575569687,45695265852.441086,0.0,135803093.33385658,7.160118789714014
oneD_v2_dbtt_TP_4895f9e5b44deea5,RETENTION_EXTREME,EMISSION,1100.0,75540470.66695772,0.07423772575569687,45695265852.441086,0.0,135803093.33385658,7.160118789714014
oneD_v2_dbtt_TP_4895f9e5b44deea5,RETENTION_EXTREME,EMISSION,1100.0,76389240.00029433,0.07423772575569687,45695265852.441086,0.0,135803093.33385658,7.160118789714014
oneD_v2_dbtt_TP_4895f9e5b44deea5,RETENTION_EXTREME,EMISSION,1100.0,77238009.33363093,0.07423772575569687,45695265852.441086,0.0,135803093.33385658,7.160118789714014
oneD_v2_dbtt_TP_4895f9e5b44deea5,RETENTION_EXTREME,EMISSION,1100.0,78086778.66696753,0.07423772575569687,45695265852.441086,0.0,135803093.33385658,7.160118789714014
oneD_v2_dbtt_TP_4895f9e5b44deea5,RETENTION_EXTREME,EMISSION,1100.0,78935548.00030413,0.07423772575569687,45695265852.441086,0.0,135803093.33385658,7.160118789714014
oneD_v2_dbtt_TP_4895f9e5b44deea5,RETENTION_EXTREME,EMISSION,1100.0,79784317.33364074,0.07423772575569687,45695265852.441086,0.0,135803093.33385658,7.160118789714014
oneD_v2_dbtt_TP_4895f9e5b44deea5,RETENTION_EXTREME,EMISSION,1100.0,80633086.66697735,0.07423772575569687,45695265852.441086,0.0,135803093.33385658,7.160118789714014
oneD_v2_dbtt_TP_4895f9e5b44deea5,RETENTION_EXTREME,EMISSION,1100.0,81481856.00031394,0.07423772575569687,45695265852.441086,0.0,135803093.33385658,7.160118789714014
oneD_v2_dbtt_TP_4895f9e5b44deea5,RETENTION_EXTREME,EMISSION,1100.0,82330625.33365054,0.07423772575569687,45695265852.441086,0.0,135803093.33385658,7.160118789714014
oneD_v2_dbtt_TP_4895f9e5b44deea5,RETENTION_EXTREME,EMISSION,1100.0,83179394.66698715,0.07423772575569687,45695265852.441086,0.0,135803093.33385658,7.160118789714014
oneD_v2_dbtt_TP_4895f9e5b44deea5,RETENTION_EXTREME,EMISSION,1100.0,84028164.00032376,0.07423772575569687,45695265852.441086,0.0,135803093.33385658,7.160118789714014
oneD_v2_dbtt_TP_4895f9e5b44deea5,RETENTION_EXTREME,EMISSION,1100.0,84876933.33366036,0.07423772575569687,45695265852.441086,0.0,135803093.33385658,7.160118789714014
oneD_v2_dbtt_TP_4895f9e5b44deea5,RETENTION_EXTREME,EMISSION,1100.0,85725702.66699696,0.07423772575569687,45695265852.441086,0.0,135803093.33385658,7.160118789714014
oneD_v2_dbtt_TP_4895f9e5b44deea5,RETENTION_EXTREME,EMISSION,1100.0,86574472.00033356,0.07423772575569687,45695265852.441086,0.0,135803093.33385658,7.160118789714014
oneD_v2_dbtt_TP_4895f9e5b44deea5,RETENTION_EXTREME,EMISSION,1100.0,87423241.33367017,0.07423772575569687,45695265852.441086,0.0,135803093.33385658,7.160118789714014
oneD_v2_dbtt_TP_4895f9e5b44deea5,RETENTION_EXTREME,EMISSION,1100.0,88272010.66700678,0.07423772575569687,45695265852.441086,0.0,135803093.33385658,7.160118789714014
oneD_v2_dbtt_TP_4895f9e5b44deea5,RETENTION_EXTREME,EMISSION,1100.0,89120780.00034338,0.07423772575569687,45695265852.441086,0.0,135803093.33385658,7.160118789714014
oneD_v2_dbtt_TP_4895f9e5b44deea5,RETENTION_EXTREME,EMISSION,1100.0,89969549.33367997,0.07423772575569687,45695265852.441086,0.0,135803093.33385658,7.160118789714014
oneD_v2_dbtt_TP_4895f9e5b44deea5,RETENTION_EXTREME,EMISSION,1100.0,90818318.66701658,0.07423772575569687,45695265852.441086,0.0,135803093.33385658,7.160118789714014
oneD_v2_dbtt_TP_4895f9e5b44deea5,RETENTION_EXTREME,EMISSION,1100.0,91667088.00035319,0.07423772575569687,45695265852.441086,0.0,135803093.33385658,7.160118789714014
oneD_v2_dbtt_TP_4895f9e5b44deea5,RETENTION_EXTREME,EMISSION,1100.0,92515857.3336898,0.07423772575569687,45695265852.441086,0.0,135803093.33385658,7.160118789714014
oneD_v2_dbtt_TP_4895f9e5b44deea5,RETENTION_EXTREME,EMISSION,1100.0,93364626.6670264,0.07423772575569687,45695265852.441086,0.0,135803093.33385658,7.160118789714014
oneD_v2_dbtt_TP_4895f9e5b44deea5,RETENTION_EXTREME,EMISSION,1100.0,94213396.00036299,0.07423772575569687,45695265852.441086,0.0,135803093.33385658,7.160118789714014
oneD_v2_dbtt_TP_4895f9e5b44deea5,RETENTION_EXTREME,EMISSION,1100.0,95062165.3336996,0.07423772575569687,45695265852.441086,0.0,135803093.33385658,7.160118789714014
oneD_v2_dbtt_TP_4895f9e5b44deea5,RETENTION_EXTREME,EMISSION,1100.0,95910934.6670362,0.07423772575569687,45695265852.441086,0.0,135803093.33385658,7.160118789714014
oneD_v2_dbtt_TP_4895f9e5b44deea5,RETENTION_EXTREME,EMISSION,1100.0,96759704.00037281,0.07423772575569687,45695265852.441086,0.0,135803093.33385658,7.160118789714014
oneD_v2_dbtt_TP_4895f9e5b44deea5,RETENTION_EXTREME,EMISSION,1100.0,97608473.33370942,0.07423772575569687,45695265852.441086,0.0,135803093.33385658,7.160118789714014
oneD_v2_dbtt_TP_4895f9e5b44deea5,RETENTION_EXTREME,EMISSION,1100.0,98457242.66704601,0.07423772575569687,45695265852.441086,0.0,135803093.33385658,7.160118789714014
oneD_v2_dbtt_TP_4895f9e5b44deea5,RETENTION_EXTREME,EMISSION,1100.0,99306012.00038262,0.07423772575569687,45695265852.441086,0.0,135803093.33385658,7.160118789714014
oneD_v2_dbtt_TP_4895f9e5b44deea5,RETENTION_EXTREME,EMISSION,1100.0,100154781.33371922,0.07423772575569687,45695265852.441086,0.0,135803093.33385658,7.160118789714014
oneD_v2_dbtt_TP_4895f9e5b44deea5,RETENTION_EXTREME,EMISSION,1100.0,101003550.66705583,0.07423772575569687,45695265852.441086,0.0,135803093.33385658,7.160118789714014
oneD_v2_dbtt_TP_4895f9e5b44deea5,RETENTION_EXTREME,EMISSION,1100.0,101852320.00039244,0.07423772575569687,45695265852.441086,0.0,135803093.33385658,7.160118789714014
oneD_v2_dbtt_TP_4895f9e5b44deea5,RETENTION_EXTREME,EMISSION,1100.0,102701089.33372903,0.07423772575569687,45695265852.441086,0.0,135803093.33385658,7.160118789714014
oneD_v2_dbtt_TP_4895f9e5b44deea5,RETENTION_EXTREME,EMISSION,1100.0,103549858.66706564,0.07423772575569687,45695265852.441086,0.0,135803093.33385658,7.160118789714014
oneD_v2_dbtt_TP_4895f9e5b44deea5,RETENTION_EXTREME,EMISSION,1100.0,104398628.00040224,0.07423772575569687,45695265852.441086,0.0,135803093.33385658,7.160118789714014
oneD_v2_dbtt_TP_4895f9e5b44deea5,RETENTION_EXTREME,EMISSION,1100.0,105247397.33373885,0.07423772575569687,45695265852.441086,0.0,135803093.33385658,7.160118789714014
oneD_v2_dbtt_TP_4895f9e5b44deea5,RETENTION_EXTREME,EMISSION,1100.0,106096166.66707546,0.07423772575569687,45695265852.441086,0.0,135803093.33385658,7.160118789714014
oneD_v2_dbtt_TP_4895f9e5b44deea5,RETENTION_EXTREME,EMISSION,1100.0,106944936.00041205,0.07423772575569687,45695265852.441086,0.0,135803093.33385658,7.160118789714014
oneD_v2_dbtt_TP_4895f9e5b44deea5,RETENTION_EXTREME,EMISSION,1100.0,107793705.33374865,0.07423772575569687,45695265852.441086,0.0,135803093.33385658,7.160118789714014
oneD_v2_dbtt_TP_4895f9e5b44deea5,RETENTION_EXTREME,EMISSION,1100.0,108642474.66708526,0.07423772575569687,45695265852.441086,0.0,135803093.33385658,7.160118789714014
oneD_v2_dbtt_TP_4895f9e5b44deea5,RETENTION_EXTREME,EMISSION,1100.0,109491244.00042187,0.07423772575569687,45695265852.441086,0.0,135803093.33385658,7.160118789714014
oneD_v2_dbtt_TP_4895f9e5b44deea5,RETENTION_EXTREME,EMISSION,1100.0,110340013.33375847,0.07423772575569687,45695265852.441086,0.0,135803093.33385658,7.160118789714014
oneD_v2_dbtt_TP_4895f9e5b44deea5,RETENTION_EXTREME,EMISSION,1100.0,111188782.66709507,0.07423772575569687,45695265852.441086,0.0,135803093.33385658,7.160118789714014
oneD_v2_dbtt_TP_4895f9e5b44deea5,RETENTION_EXTREME,EMISSION,1100.0,112037552.00043167,0.07423772575569687,45695265852.441086,0.0,135803093.33385658,7.160118789714014
oneD_v2_dbtt_TP_4895f9e5b44deea5,RETENTION_EXTREME,EMISSION,1100.0,112886321.33376828,0.07423772575569687,45695265852.441086,0.0,135803093.33385658,7.160118789714014
oneD_v2_dbtt_TP_4895f9e5b44deea5,RETENTION_EXTREME,EMISSION,1100.0,113735090.66710488,0.07423772575569687,45695265852.441086,0.0,135803093.33385658,7.160118789714014
oneD_v2_dbtt_TP_4895f9e5b44deea5,RETENTION_EXTREME,EMISSION,1100.0,114583860.00044149,0.07423772575569687,45695265852.441086,0.0,135803093.33385658,7.160118789714014
oneD_v2_dbtt_TP_4895f9e5b44deea5,RETENTION_EXTREME,EMISSION,1100.0,115432629.33377808,0.07423772575569687,45695265852.441086,0.0,135803093.33385658,7.160118789714014
oneD_v2_dbtt_TP_4895f9e5b44deea5,RETENTION_EXTREME,EMISSION,1100.0,116281398.66711469,0.07423772575569687,45695265852.441086,0.0,135803093.33385658,7.160118789714014
oneD_v2_dbtt_TP_4895f9e5b44deea5,RETENTION_EXTREME,EMISSION,1100.0,117130168.0004513,0.07423772575569687,45695265852.441086,0.0,135803093.33385658,7.160118789714014
oneD_v2_dbtt_TP_4895f9e5b44deea5,RETENTION_EXTREME,EMISSION,1100.0,117978937.3337879,0.07423772575569687,45695265852.441086,0.0,135803093.33385658,7.160118789714014
oneD_v2_dbtt_TP_4895f9e5b44deea5,RETENTION_EXTREME,EMISSION,1100.0,118827706.66712451,0.07423772575569687,45695265852.441086,0.0,135803093.33385658,7.160118789714014
oneD_v2_dbtt_TP_4895f9e5b44deea5,RETENTION_EXTREME,EMISSION,1100.0,119676476.0004611,0.07423772575569687,45695265852.441086,0.0,135803093.33385658,7.160118789714014
oneD_v2_dbtt_TP_4895f9e5b44deea5,RETENTION_EXTREME,EMISSION,1100.0,120525245.33379771,0.07423772575569687,45695265852.441086,0.0,135803093.33385658,7.160118789714014
oneD_v2_dbtt_TP_4895f9e5b44deea5,RETENTION_EXTREME,EMISSION,1100.0,121374014.66713431,0.07423772575569687,45695265852.441086,0.0,135803093.33385658,7.160118789714014
oneD_v2_dbtt_TP_4895f9e5b44deea5,RETENTION_EXTREME,EMISSION,1100.0,122222784.00047092,0.07423772575569687,45695265852.441086,0.0,135803093.33385658,7.160118789714014
oneD_v2_dbtt_TP_4895f9e5b44deea5,RETENTION_EXTREME,EMISSION,1100.0,123071553.33380753,0.07423772575569687,45695265852.441086,0.0,135803093.33385658,7.160118789714014
oneD_v2_dbtt_TP_4895f9e5b44deea5,RETENTION_EXTREME,EMISSION,1100.0,123920322.66714412,0.07423772575569687,45695265852.441086,0.0,135803093.33385658,7.160118789714014
oneD_v2_dbtt_TP_4895f9e5b44deea5,RETENTION_EXTREME,EMISSION,1100.0,124769092.00048073,0.07423772575569687,45695265852.441086,0.0,135803093.33385658,7.160118789714014
oneD_v2_dbtt_TP_4895f9e5b44deea5,RETENTION_EXTREME,EMISSION,1100.0,125617861.33381733,0.07423772575569687,45695265852.441086,0.0,135803093.33385658,7.160118789714014
oneD_v2_dbtt_TP_4895f9e5b44deea5,RETENTION_EXTREME,EMISSION,1100.0,126466630.66715394,0.07423772575569687,45695265852.441086,0.0,135803093.33385658,7.160118789714014
oneD_v2_dbtt_TP_4895f9e5b44deea5,RETENTION_EXTREME,EMISSION,1100.0,127315400.00049055,0.07423772575569687,45695265852.441086,0.0,135803093.33385658,7.160118789714014
oneD_v2_dbtt_TP_4895f9e5b44deea5,RETENTION_EXTREME,EMISSION,1100.0,128164169.33382714,0.07423772575569687,45695265852.441086,0.0,135803093.33385658,7.160118789714014
oneD_v2_dbtt_TP_4895f9e5b44deea5,RETENTION_EXTREME,EMISSION,1100.0,129012938.66716374,0.07423772575569687,45695265852.441086,0.0,135803093.33385658,7.160118789714014
oneD_v2_dbtt_TP_4895f9e5b44deea5,RETENTION_EXTREME,EMISSION,1100.0,129861708.00050035,0.07423772575569687,45695265852.441086,0.0,135803093.33385658,7.160118789714014
oneD_v2_dbtt_TP_4895f9e5b44deea5,RETENTION_EXTREME,EMISSION,1100.0,130710477.33383696,0.07423772575569687,45695265852.441086,0.0,135803093.33385658,7.160118789714014
oneD_v2_dbtt_TP_4895f9e5b44deea5,RETENTION_EXTREME,EMISSION,1100.0,131559246.66717356,0.07423772575569687,45695265852.441086,0.0,135803093.33385658,7.160118789714014
oneD_v2_dbtt_TP_4895f9e5b44deea5,RETENTION_EXTREME,EMISSION,1100.0,132408016.00051016,0.07423772575569687,45695265852.441086,0.0,135803093.33385658,7.160118789714014
oneD_v2_dbtt_TP_4895f9e5b44deea5,RETENTION_EXTREME,EMISSION,1100.0,133256785.33384676,0.07423772575569687,45695265852.441086,0.0,135803093.33385658,7.160118789714014
oneD_v2_dbtt_TP_4895f9e5b44deea5,RETENTION_EXTREME,EMISSION,1100.0,134105554.66718337,0.07423772575569687,45695265852.441086,0.0,135803093.33385658,7.160118789714014
oneD_v2_dbtt_TP_4895f9e5b44deea5,RETENTION_EXTREME,EMISSION,1100.0,134954324.00051996,0.07423772575569687,45695265852.441086,0.0,135803093.33385658,7.160118789714014
oneD_v2_dbtt_TP_4895f9e5b44deea5,RETENTION_EXTREME,EMISSION,1100.0,135803093.33385658,0.07423772575569687,45695265852.441086,0.0,135803093.33385658,7.160118789714014
oneD_v2_dbtt_TP_4895f9e5b44deea5,RETENTION_EXTREME,CLEAVAGE_MULTIHIT,1100.0,0.0,5.827539788423184,1.3279778793523964e-57,136053595.90100676,12432530718.945333,5.827539788423184
oneD_v2_dbtt_TP_4895f9e5b44deea5,RETENTION_EXTREME,CLEAVAGE_MULTIHIT,1100.0,77703316.99340834,5.827507753627607,1.329324944667346e-57,136053595.90100676,12432530718.945333,5.827539788423184
oneD_v2_dbtt_TP_4895f9e5b44deea5,RETENTION_EXTREME,CLEAVAGE_MULTIHIT,1100.0,155406633.98681667,5.827343020526925,1.336273592725215e-57,136053595.90100676,12432530718.945333,5.827539788423184
oneD_v2_dbtt_TP_4895f9e5b44deea5,RETENTION_EXTREME,CLEAVAGE_MULTIHIT,1100.0,233109950.98022503,5.826970819545432,1.3521075334527718e-57,136053595.90100676,12432530718.945333,5.827539788423184
oneD_v2_dbtt_TP_4895f9e5b44deea5,RETENTION_EXTREME,CLEAVAGE_MULTIHIT,1100.0,310813267.97363335,5.826331267673096,1.3797543654660497e-57,136053595.90100676,12432530718.945333,5.827539788423184
oneD_v2_dbtt_TP_4895f9e5b44deea5,RETENTION_EXTREME,CLEAVAGE_MULTIHIT,1100.0,388516584.9670417,5.825372055682453,1.42228294187076e-57,136053595.90100676,12432530718.945333,5.827539788423184
oneD_v2_dbtt_TP_4895f9e5b44deea5,RETENTION_EXTREME,CLEAVAGE_MULTIHIT,1100.0,466219901.96045005,5.824045850863541,1.4832504444202634e-57,136053595.90100676,12432530718.945333,5.827539788423184
oneD_v2_dbtt_TP_4895f9e5b44deea5,RETENTION_EXTREME,CLEAVAGE_MULTIHIT,1100.0,543923218.9538584,5.8223089758296265,1.5670670292422127e-57,136053595.90100676,12432530718.945333,5.827539788423184
oneD_v2_dbtt_TP_4895f9e5b44deea5,RETENTION_EXTREME,CLEAVAGE_MULTIHIT,1100.0,621626535.9472667,5.820120625782868,1.6794462752163876e-57,136053595.90100676,12432530718.945333,5.827539788423184
oneD_v2_dbtt_TP_4895f9e5b44deea5,RETENTION_EXTREME,CLEAVAGE_MULTIHIT,1100.0,699329852.940675,5.817442361746062,1.8280095146208218e-57,136053595.90100676,12432530718.945333,5.827539788423184
oneD_v2_dbtt_TP_4895f9e5b44deea5,RETENTION_EXTREME,CLEAVAGE_MULTIHIT,1100.0,777033169.9340833,5.814237763012573,2.0231364724489738e-57,136053595.90100676,12432530718.945333,5.827539788423184
oneD_v2_dbtt_TP_4895f9e5b44deea5,RETENTION_EXTREME,CLEAVAGE_MULTIHIT,1100.0,854736486.9274917,5.810472179235708,2.2792006607248455e-57,136053595.90100676,12432530718.945333,5.827539788423184
oneD_v2_dbtt_TP_4895f9e5b44deea5,RETENTION_EXTREME,CLEAVAGE_MULTIHIT,1100.0,932439803.9209001,5.8061125487069845,2.616405347238227e-57,136053595.90100676,12432530718.945333,5.827539788423184
oneD_v2_dbtt_TP_4895f9e5b44deea5,RETENTION_EXTREME,CLEAVAGE_MULTIHIT,1100.0,1010143120.9143084,5.801127262660729,3.0635645464486605e-57,136053595.90100676,12432530718.945333,5.827539788423184
oneD_v2_dbtt_TP_4895f9e5b44deea5,RETENTION_EXTREME,CLEAVAGE_MULTIHIT,1100.0,1087846437.9077168,5.7954860627614835,3.6623890689407715e-57,136053595.90100676,12432530718.945333,5.827539788423184
oneD_v2_dbtt_TP_4895f9e5b44deea5,RETENTION_EXTREME,CLEAVAGE_MULTIHIT,1100.0,1165549754.901125,5.789159963220547,4.474203836034635e-57,136053595.90100676,12432530718.945333,5.827539788423184
oneD_v2_dbtt_TP_4895f9e5b44deea5,RETENTION_EXTREME,CLEAVAGE_MULTIHIT,1100.0,1243253071.8945334,5.782121191631269,5.59065409814324e-57,136053595.90100676,12432530718.945333,5.827539788423184
oneD_v2_dbtt_TP_4895f9e5b44deea5,RETENTION_EXTREME,CLEAVAGE_MULTIHIT,1100.0,1320956388.8879418,5.774343144309832,7.151064796582441e-57,136053595.90100676,12432530718.945333,5.827539788423184
oneD_v2_dbtt_TP_4895f9e5b44deea5,RETENTION_EXTREME,CLEAVAGE_MULTIHIT,1100.0,1398659705.88135,5.765800353056085,9.371089682781897e-57,136053595.90100676,12432530718.945333,5.827539788423184
oneD_v2_dbtt_TP_4895f9e5b44deea5,RETENTION_EXTREME,CLEAVAGE_MULTIHIT,1100.0,1476363022.8747585,5.756468461020921,1.2590864397337752e-56,136053595.90100676,12432530718.945333,5.827539788423184
oneD_v2_dbtt_TP_4895f9e5b44deea5,RETENTION_EXTREME,CLEAVAGE_MULTIHIT,1100.0,1554066339.8681667,5.746324205908415,1.735748535195495e-56,136053595.90100676,12432530718.945333,5.827539788423184
oneD_v2_dbtt_TP_4895f9e5b44deea5,RETENTION_EXTREME,CLEAVAGE_MULTIHIT,1100.0,1631769656.8615751,5.735345409129797,2.4569070012738473e-56,136053595.90100676,12432530718.945333,5.827539788423184
oneD_v2_dbtt_TP_4895f9e5b44deea5,RETENTION_EXTREME,CLEAVAGE_MULTIHIT,1100.0,1709472973.8549833,5.72351096981069,3.5731504790863993e-56,136053595.90100676,12432530718.945333,5.827539788423184
oneD_v2_dbtt_TP_4895f9e5b44deea5,RETENTION_EXTREME,CLEAVAGE_MULTIHIT,1100.0,1787176290.8483918,5.7108008627648585,5.342565017322987e-56,136053595.90100676,12432530718.945333,5.827539788423184
oneD_v2_dbtt_TP_4895f9e5b44deea5,RETENTION_EXTREME,CLEAVAGE_MULTIHIT,1100.0,1864879607.8418002,5.697196139707756,8.217594145580733e-56,136053595.90100676,12432530718.945333,5.827539788423184
oneD_v2_dbtt_TP_4895f9e5b44deea5,RETENTION_EXTREME,CLEAVAGE_MULTIHIT,1100.0,1942582924.8352084,5.682678933105879,1.3010126209558148e-55,136053595.90100676,12432530718.945333,5.827539788423184
oneD_v2_dbtt_TP_4895f9e5b44deea5,RETENTION_EXTREME,CLEAVAGE_MULTIHIT,1100.0,2020286241.8286169,5.6672324621532875,2.1212454786965008e-55,136053595.90100676,12432530718.945333,5.827539788423184
oneD_v2_dbtt_TP_4895f9e5b44deea5,RETENTION_EXTREME,CLEAVAGE_MULTIHIT,1100.0,2097989558.822025,5.6508410404415566,3.563596762852969e-55,136053595.90100676,12432530718.945333,5.827539788423184
oneD_v2_dbtt_TP_4895f9e5b44deea5,RETENTION_EXTREME,CLEAVAGE_MULTIHIT,1100.0,2175692875.8154335,5.633490084948989,6.17127400221385e-55,136053595.90100676,12432530718.945333,5.827539788423184
oneD_v2_dbtt_TP_4895f9e5b44deea5,RETENTION_EXTREME,CLEAVAGE_MULTIHIT,1100.0,2253396192.8088417,5.615166126022745,1.1021352398221199e-54,136053595.90100676,12432530718.945333,5.827539788423184
oneD_v2_dbtt_TP_4895f9e5b44deea5,RETENTION_EXTREME,CLEAVAGE_MULTIHIT,1100.0,2331099509.80225,5.595856818066455,2.030665649815507e-54,136053595.90100676,12432530718.945333,5.827539788423184
oneD_v2_dbtt_TP_4895f9e5b44deea5,RETENTION_EXTREME,CLEAVAGE_MULTIHIT,1100.0,2408802826.7956586,5.5755509506776955,3.861353085038116e-54,136053595.90100676,12432530718.945333,5.827539788423184
oneD_v2_dbtt_TP_4895f9e5b44deea5,RETENTION_EXTREME,CLEAVAGE_MULTIHIT,1100.0,2486506143.789067,5.554238460006181,7.580127217296896e-54,136053595.90100676,12432530718.945333,5.827539788423184
oneD_v2_dbtt_TP_4895f9e5b44deea5,RETENTION_EXTREME,CLEAVAGE_MULTIHIT,1100.0,2564209460.782475,5.53191044012565,1.536638710170738e-53,136053595.90100676,12432530718.945333,5.827539788423184
oneD_v2_dbtt_TP_4895f9e5b44deea5,RETENTION_EXTREME,CLEAVAGE_MULTIHIT,1100.0,2641912777.7758837,5.508559154231173,3.217597249486318e-53,136053595.90100676,12432530718.945333,5.827539788423184
oneD_v2_dbtt_TP_4895f9e5b44deea5,RETENTION_EXTREME,CLEAVAGE_MULTIHIT,1100.0,2719616094.769292,5.48417804548971,6.960594830702868e-53,136053595.90100676,12432530718.945333,5.827539788423184
oneD_v2_dbtt_TP_4895f9e5b44deea5,RETENTION_EXTREME,CLEAVAGE_MULTIHIT,1100.0,2797319411.7627,5.458761747385637,1.5559281901813454e-52,136053595.90100676,12432530718.945333,5.827539788423184
oneD_v2_dbtt_TP_4895f9e5b44deea5,RETENTION_EXTREME,CLEAVAGE_MULTIHIT,1100.0,2875022728.7561083,5.432306093415246,3.5943348536058805e-52,136053595.90100676,12432530718.945333,5.827539788423184
oneD_v2_dbtt_TP_4895f9e5b44deea5,RETENTION_EXTREME,CLEAVAGE_MULTIHIT,1100.0,2952726045.749517,5.404808125995051,8.581712492907381e-52,136053595.90100676,12432530718.945333,5.827539788423184
oneD_v2_dbtt_TP_4895f9e5b44deea5,RETENTION_EXTREME,CLEAVAGE_MULTIHIT,1100.0,3030429362.742925,5.376266104458564,2.1177746906002754e-51,136053595.90100676,12432530718.945333,5.827539788423184
oneD_v2_dbtt_TP_4895f9e5b44deea5,RETENTION_EXTREME,CLEAVAGE_MULTIHIT,1100.0,3108132679.7363334,5.346679512025114,5.401856174640205e-51,136053595.90100676,12432530718.945333,5.827539788423184
oneD_v2_dbtt_TP_4895f9e5b44deea5,RETENTION_EXTREME,CLEAVAGE_MULTIHIT,1100.0,3185835996.729742,5.316049061632574,1.4241441510203466e-50,136053595.90100676,12432530718.945333,5.827539788423184
oneD_v2_dbtt_TP_4895f9e5b44deea5,RETENTION_EXTREME,CLEAVAGE_MULTIHIT,1100.0,3263539313.7231503,5.284376700533552,3.8804830450794653e-50,136053595.90100676,12432530718.945333,5.827539788423184
oneD_v2_dbtt_TP_4895f9e5b44deea5,RETENTION_EXTREME,CLEAVAGE_MULTIHIT,1100.0,3341242630.7165585,5.251665613561929,1.0926844452388294e-49,136053595.90100676,12432530718.945333,5.827539788423184
oneD_v2_dbtt_TP_4895f9e5b44deea5,RETENTION_EXTREME,CLEAVAGE_MULTIHIT,1100.0,3418945947.7099667,5.217920224983645,3.179216116544704e-49,136053595.90100676,12432530718.945333,5.827539788423184
oneD_v2_dbtt_TP_4895f9e5b44deea5,RETENTION_EXTREME,CLEAVAGE_MULTIHIT,1100.0,3496649264.7033753,5.183146198852342,9.556168753335682e-49,136053595.90100676,12432530718.945333,5.827539788423184
oneD_v2_dbtt_TP_4895f9e5b44deea5,RETENTION_EXTREME,CLEAVAGE_MULTIHIT,1100.0,3574352581.6967835,5.1473504377971,2.966819755852011e-48,136053595.90100676,12432530718.945333,5.827539788423184
oneD_v2_dbtt_TP_4895f9e5b44deea5,RETENTION_EXTREME,CLEAVAGE_MULTIHIT,1100.0,3652055898.6901917,5.110541080175929,9.511089020268414e-48,136053595.90100676,12432530718.945333,5.827539788423184
oneD_v2_dbtt_TP_4895f9e5b44deea5,RETENTION_EXTREME,CLEAVAGE_MULTIHIT,1100.0,3729759215.6836004,5.0727274955350685,3.1475474079569946e-47,136053595.90100676,12432530718.945333,5.827539788423184
oneD_v2_dbtt_TP_4895f9e5b44deea5,RETENTION_EXTREME,CLEAVAGE_MULTIHIT,1100.0,3807462532.6770086,5.033920278320454,1.074908863433316e-46,136053595.90100676,12432530718.945333,5.827539788423184
oneD_v2_dbtt_TP_4895f9e5b44deea5,RETENTION_EXTREME,CLEAVAGE_MULTIHIT,1100.0,3885165849.670417,4.994131239794029,3.786744419890539e-46,136053595.90100676,12432530718.945333,5.827539788423184
oneD_v2_dbtt_TP_4895f9e5b44deea5,RETENTION_EXTREME,CLEAVAGE_MULTIHIT,1100.0,3962869166.663825,4.953373398113845,1.3755500527600012e-45,136053595.90100676,12432530718.945333,5.827539788423184
oneD_v2_dbtt_TP_4895f9e5b44deea5,RETENTION_EXTREME,CLEAVAGE_MULTIHIT,1100.0,4040572483.6572337,4.911660966543197,5.150003167102571e-45,136053595.90100676,12432530718.945333,5.827539788423184
oneD_v2_dbtt_TP_4895f9e5b44deea5,RETENTION_EXTREME,CLEAVAGE_MULTIHIT,1100.0,4118275800.650642,4.869009339760376,1.9863130288780571e-44,136053595.90100676,12432530718.945333,5.827539788423184
oneD_v2_dbtt_TP_4895f9e5b44deea5,RETENTION_EXTREME,CLEAVAGE_MULTIHIT,1100.0,4195979117.64405,4.825435078246906,7.888044682999928e-44,136053595.90100676,12432530718.945333,5.827539788423184
oneD_v2_dbtt_TP_4895f9e5b44deea5,RETENTION_EXTREME,CLEAVAGE_MULTIHIT,1100.0,4273682434.6374583,4.780955890738525,3.223510613950876e-43,136053595.90100676,12432530718.945333,5.827539788423184
oneD_v2_dbtt_TP_4895f9e5b44deea5,RETENTION_EXTREME,CLEAVAGE_MULTIHIT,1100.0,4351385751.630867,4.735590614729524,1.3547775775583417e-42,136053595.90100676,12432530718.945333,5.827539788423184
oneD_v2_dbtt_TP_4895f9e5b44deea5,RETENTION_EXTREME,CLEAVAGE_MULTIHIT,1100.0,4429089068.624275,4.689359195027443,5.852102316620938e-42,136053595.90100676,12432530718.945333,5.827539788423184
oneD_v2_dbtt_TP_4895f9e5b44deea5,RETENTION_EXTREME,CLEAVAGE_MULTIHIT,1100.0,4506792385.617683,4.642282660361515,2.5964011876323764e-41,136053595.90100676,12432530718.945333,5.827539788423184
oneD_v2_dbtt_TP_4895f9e5b44deea5,RETENTION_EXTREME,CLEAVAGE_MULTIHIT,1100.0,4584495702.611092,4.594383098054663,1.1823446178288113e-40,136053595.90100676,12432530718.945333,5.827539788423184
oneD_v2_dbtt_TP_4895f9e5b44deea5,RETENTION_EXTREME,CLEAVAGE_MULTIHIT,1100.0,4662199019.6045,4.545683626775196,5.5221854445701575e-40,136053595.90100676,12432530718.945333,5.827539788423184
oneD_v2_dbtt_TP_4895f9e5b44deea5,RETENTION_EXTREME,CLEAVAGE_MULTIHIT,1100.0,4739902336.597909,4.496208367390725,2.64326670704458e-39,136053595.90100676,12432530718.945333,5.827539788423184
oneD_v2_dbtt_TP_4895f9e5b44deea5,RETENTION_EXTREME,CLEAVAGE_MULTIHIT,1100.0,4817605653.591317,4.445982411953165,1.2956544447093162e-38,136053595.90100676,12432530718.945333,5.827539788423184
oneD_v2_dbtt_TP_4895f9e5b44deea5,RETENTION_EXTREME,CLEAVAGE_MULTIHIT,1100.0,4895308970.584725,4.3950317908498615,6.498270912882104e-38,136053595.90100676,12432530718.945333,5.827539788423184
oneD_v2_dbtt_TP_4895f9e5b44deea5,RETENTION_EXTREME,CLEAVAGE_MULTIHIT,1100.0,4973012287.578134,4.343383438162183,3.3319360141911214e-37,136053595.90100676,12432530718.945333,5.827539788423184
oneD_v2_dbtt_TP_4895f9e5b44deea5,RETENTION_EXTREME,CLEAVAGE_MULTIHIT,1100.0,5050715604.571542,4.291065155278924,1.745032750267527e-36,136053595.90100676,12432530718.945333,5.827539788423184
oneD_v2_dbtt_TP_4895f9e5b44deea5,RETENTION_EXTREME,CLEAVAGE_MULTIHIT,1100.0,5128418921.56495,4.238105572817906,9.326637079165811e-36,136053595.90100676,12432530718.945333,5.827539788423184
oneD_v2_dbtt_TP_4895f9e5b44deea5,RETENTION_EXTREME,CLEAVAGE_MULTIHIT,1100.0,5206122238.558358,4.184534110915033,5.082258655886814e-35,136053595.90100676,12432530718.945333,5.827539788423184
oneD_v2_dbtt_TP_4895f9e5b44deea5,RETENTION_EXTREME,CLEAVAGE_MULTIHIT,1100.0,5283825555.551767,4.130380937945757,2.8208759088746698e-34,136053595.90100676,12432530718.945333,5.827539788423184
oneD_v2_dbtt_TP_4895f9e5b44deea5,RETENTION_EXTREME,CLEAVAGE_MULTIHIT,1100.0,5361528872.545176,4.075676927749496,1.5932443032454936e-33,136053595.90100676,12432530718.945333,5.827539788423184
oneD_v2_dbtt_TP_4895f9e5b44deea5,RETENTION_EXTREME,CLEAVAGE_MULTIHIT,1100.0,5439232189.538584,4.020453615432917,9.147838658708432e-33,136053595.90100676,12432530718.945333,5.827539788423184
oneD_v2_dbtt_TP_4895f9e5b44deea5,RETENTION_EXTREME,CLEAVAGE_MULTIHIT,1100.0,5516935506.531992,3.964743151833166,5.333968411779108e-32,136053595.90100676,12432530718.945333,5.827539788423184
oneD_v2_dbtt_TP_4895f9e5b44deea5,RETENTION_EXTREME,CLEAVAGE_MULTIHIT,1100.0,5594638823.5254,3.9085782567271115,3.155211493430927e-31,136053595.90100676,12432530718.945333,5.827539788423184
oneD_v2_dbtt_TP_4895f9e5b44deea5,RETENTION_EXTREME,CLEAVAGE_MULTIHIT,1100.0,5672342140.518808,3.8519921708773337,1.8914536984446692e-30,136053595.90100676,12432530718.945333,5.827539788423184
oneD_v2_dbtt_TP_4895f9e5b44deea5,RETENTION_EXTREME,CLEAVAGE_MULTIHIT,1100.0,5750045457.512217,3.795018607010117,1.1478596266581889e-29,136053595.90100676,12432530718.945333,5.827539788423184
oneD_v2_dbtt_TP_4895f9e5b44deea5,RETENTION_EXTREME,CLEAVAGE_MULTIHIT,1100.0,5827748774.505626,3.7376916998248153,7.04431061870463e-29,136053595.90100676,12432530718.945333,5.827539788423184
oneD_v2_dbtt_TP_4895f9e5b44deea5,RETENTION_EXTREME,CLEAVAGE_MULTIHIT,1100.0,5905452091.499034,3.6800459551379068,4.366873269656851e-28,136053595.90100676,12432530718.945333,5.827539788423184
oneD_v2_dbtt_TP_4895f9e5b44deea5,RETENTION_EXTREME,CLEAVAGE_MULTIHIT,1100.0,5983155408.492442,3.62211619826858,2.731532573453525e-27,136053595.90100676,12432530718.945333,5.827539788423184
oneD_v2_dbtt_TP_4895f9e5b44deea5,RETENTION_EXTREME,CLEAVAGE_MULTIHIT,1100.0,6060858725.48585,3.563937521775995,1.7221205212189826e-26,136053595.90100676,12432530718.945333,5.827539788423184
oneD_v2_dbtt_TP_4895f9e5b44deea5,RETENTION_EXTREME,CLEAVAGE_MULTIHIT,1100.0,6138562042.479259,3.5055452326612166,1.0930921448256203e-25,136053595.90100676,12432530718.945333,5.827539788423184
oneD_v2_dbtt_TP_4895f9e5b44deea5,RETENTION_EXTREME,CLEAVAGE_MULTIHIT,1100.0,6216265359.472667,3.44697479914943,6.977479557563072e-25,136053595.90100676,12432530718.945333,5.827539788423184
oneD_v2_dbtt_TP_4895f9e5b44deea5,RETENTION_EXTREME,CLEAVAGE_MULTIHIT,1100.0,6293968676.466075,3.388261797170174,4.474040944849078e-24,136053595.90100676,12432530718.945333,5.827539788423184
oneD_v2_dbtt_TP_4895f9e5b44deea5,RETENTION_EXTREME,CLEAVAGE_MULTIHIT,1100.0,6371671993.459484,3.329441856655195,2.878532848908958e-23,136053595.90100676,12432530718.945333,5.827539788423184
oneD_v2_dbtt_TP_4895f9e5b44deea5,RETENTION_EXTREME,CLEAVAGE_MULTIHIT,1100.0,6449375310.452892,3.2705506077749034,1.8561905105928357e-22,136053595.90100676,12432530718.945333,5.827539788423184
oneD_v2_dbtt_TP_4895f9e5b44deea5,RETENTION_EXTREME,CLEAVAGE_MULTIHIT,1100.0,6527078627.4463005,3.2116236272354475,1.198298546382748e-21,136053595.90100676,12432530718.945333,5.827539788423184
oneD_v2_dbtt_TP_4895f9e5b44deea5,RETENTION_EXTREME,CLEAVAGE_MULTIHIT,1100.0,6604781944.439709,3.1526963847590515,7.735904806121201e-21,136053595.90100676,12432530718.945333,5.827539788423184
oneD_v2_dbtt_TP_4895f9e5b44deea5,RETENTION_EXTREME,CLEAVAGE_MULTIHIT,1100.0,6682485261.433117,3.0938041898704673,4.9885631815363196e-20,136053595.90100676,12432530718.945333,5.827539788423184
oneD_v2_dbtt_TP_4895f9e5b44deea5,RETENTION_EXTREME,CLEAVAGE_MULTIHIT,1100.0,6760188578.426525,3.034982139112163,3.2097833195350956e-19,136053595.90100676,12432530718.945333,5.827539788423184
oneD_v2_dbtt_TP_4895f9e5b44deea5,RETENTION_EXTREME,CLEAVAGE_MULTIHIT,1100.0,6837891895.419933,2.9762650638103096,2.058415678234959e-18,136053595.90100676,12432530718.945333,5.827539788423184
oneD_v2_dbtt_TP_4895f9e5b44deea5,RETENTION_EXTREME,CLEAVAGE_MULTIHIT,1100.0,6915595212.413342,2.917687478512525,1.3142354399309768e-17,136053595.90100676,12432530718.945333,5.827539788423184
oneD_v2_dbtt_TP_4895f9e5b44deea5,RETENTION_EXTREME,CLEAVAGE_MULTIHIT,1100.0,6993298529.406751,2.8592835302169455,8.345005889947044e-17,136053595.90100676,12432530718.945333,5.827539788423184
oneD_v2_dbtt_TP_4895f9e5b44deea5,RETENTION_EXTREME,CLEAVAGE_MULTIHIT,1100.0,7071001846.400159,2.8010869485102976,5.264169786066916e-16,136053595.90100676,12432530718.945333,5.827539788423184
oneD_v2_dbtt_TP_4895f9e5b44deea5,RETENTION_EXTREME,CLEAVAGE_MULTIHIT,1100.0,7148705163.393567,2.7431309967304003,3.295533178390008e-15,136053595.90100676,12432530718.945333,5.827539788423184
oneD_v2_dbtt_TP_4895f9e5b44deea5,RETENTION_EXTREME,CLEAVAGE_MULTIHIT,1100.0,7226408480.386975,2.6854484242658616,2.045332397019542e-14,136053595.90100676,12432530718.945333,5.827539788423184
oneD_v2_dbtt_TP_4895f9e5b44deea5,RETENTION_EXTREME,CLEAVAGE_MULTIHIT,1100.0,7304111797.3803835,2.6280714201026547,1.2571932925640908e-13,136053595.90100676,12432530718.945333,5.827539788423184
oneD_v2_dbtt_TP_4895f9e5b44deea5,RETENTION_EXTREME,CLEAVAGE_MULTIHIT,1100.0,7381815114.373792,2.571031567723872,7.645501934368352e-13,136053595.90100676,12432530718.945333,5.827539788423184
oneD_v2_dbtt_TP_4895f9e5b44deea5,RETENTION_EXTREME,CLEAVAGE_MULTIHIT,1100.0,7459518431.367201,2.514359801465089,4.595687221126255e-12,136053595.90100676,12432530718.945333,5.827539788423184
oneD_v2_dbtt_TP_4895f9e5b44deea5,RETENTION_EXTREME,CLEAVAGE_MULTIHIT,1100.0,7537221748.360609,2.458086364423669,2.7278444005171793e-11,136053595.90100676,12432530718.945333,5.827539788423184
oneD_v2_dbtt_TP_4895f9e5b44deea5,RETENTION_EXTREME,CLEAVAGE_MULTIHIT,1100.0,7614925065.354017,2.402240768015789,1.5973772229928082e-10,136053595.90100676,12432530718.945333,5.827539788423184
oneD_v2_dbtt_TP_4895f9e5b44deea5,RETENTION_EXTREME,CLEAVAGE_MULTIHIT,1100.0,7692628382.347425,2.346851753270175,9.219738754649941e-10,136053595.90100676,12432530718.945333,5.827539788423184
oneD_v2_dbtt_TP_4895f9e5b44deea5,RETENTION_EXTREME,CLEAVAGE_MULTIHIT,1100.0,7770331699.340834,2.2919472539423884,5.240445161570243e-09,136053595.90100676,12432530718.945333,5.827539788423184
oneD_v2_dbtt_TP_4895f9e5b44deea5,RETENTION_EXTREME,CLEAVAGE_MULTIHIT,1100.0,7848035016.334242,2.2375543615280895,2.9307740542854426e-08,136053595.90100676,12432530718.945333,5.827539788423184
oneD_v2_dbtt_TP_4895f9e5b44deea5,RETENTION_EXTREME,CLEAVAGE_MULTIHIT,1100.0,7925738333.32765,2.183699292248031,1.611380877042955e-07,136053595.90100676,12432530718.945333,5.827539788423184
oneD_v2_dbtt_TP_4895f9e5b44deea5,RETENTION_EXTREME,CLEAVAGE_MULTIHIT,1100.0,8003441650.321058,2.1304073560715757,8.70289112147311e-07,136053595.90100676,12432530718.945333,5.827539788423184
oneD_v2_dbtt_TP_4895f9e5b44deea5,RETENTION_EXTREME,CLEAVAGE_MULTIHIT,1100.0,8081144967.314467,2.0777029278394448,4.613557762514715e-06,136053595.90100676,12432530718.945333,5.827539788423184
oneD_v2_dbtt_TP_4895f9e5b44deea5,RETENTION_EXTREME,CLEAVAGE_MULTIHIT,1100.0,8158848284.307876,2.02560942053999,2.398729119387384e-05,136053595.90100676,12432530718.945333,5.827539788423184
oneD_v2_dbtt_TP_4895f9e5b44deea5,RETENTION_EXTREME,CLEAVAGE_MULTIHIT,1100.0,8236551601.301284,1.974149260786822,0.00012222788212519711,136053595.90100676,12432530718.945333,5.827539788423184
oneD_v2_dbtt_TP_4895f9e5b44deea5,RETENTION_EXTREME,CLEAVAGE_MULTIHIT,1100.0,8314254918.294692,1.923343866538934,0.0006099222336698707,136053595.90100676,12432530718.945333,5.827539788423184
oneD_v2_dbtt_TP_4895f9e5b44deea5,RETENTION_EXTREME,CLEAVAGE_MULTIHIT,1100.0,8391958235.2881,1.8732136270977167,0.0029782223768572815,136053595.90100676,12432530718.945333,5.827539788423184
oneD_v2_dbtt_TP_4895f9e5b44deea5,RETENTION_EXTREME,CLEAVAGE_MULTIHIT,1100.0,8469661552.281508,1.823777885408341,0.014218726609142826,136053595.90100676,12432530718.945333,5.827539788423184
oneD_v2_dbtt_TP_4895f9e5b44deea5,RETENTION_EXTREME,CLEAVAGE_MULTIHIT,1100.0,8547364869.274917,1.775054922686102,0.06631109209890815,136053595.90100676,12432530718.945333,5.827539788423184
oneD_v2_dbtt_TP_4895f9e5b44deea5,RETENTION_EXTREME,CLEAVAGE_MULTIHIT,1100.0,8625068186.268326,1.7270619453813068,0.3017596757033929,136053595.90100676,12432530718.945333,5.827539788423184
oneD_v2_dbtt_TP_4895f9e5b44deea5,RETENTION_EXTREME,CLEAVAGE_MULTIHIT,1100.0,8702771503.261734,1.6798150744893399,1.3381088309601146,136053595.90100676,12432530718.945333,5.827539788423184
oneD_v2_dbtt_TP_4895f9e5b44deea5,RETENTION_EXTREME,CLEAVAGE_MULTIHIT,1100.0,8780474820.255142,1.6333293372055584,5.7714802411657455,136053595.90100676,12432530718.945333,5.827539788423184
oneD_v2_dbtt_TP_4895f9e5b44deea5,RETENTION_EXTREME,CLEAVAGE_MULTIHIT,1100.0,8858178137.24855,1.5876186609177527,24.152089544402557,136053595.90100676,12432530718.945333,5.827539788423184
oneD_v2_dbtt_TP_4895f9e5b44deea5,RETENTION_EXTREME,CLEAVAGE_MULTIHIT,1100.0,8935881454.241959,1.5426958695221102,97.70958634770369,136053595.90100676,12432530718.945333,5.827539788423184
oneD_v2_dbtt_TP_4895f9e5b44deea5,RETENTION_EXTREME,CLEAVAGE_MULTIHIT,1100.0,9013584771.235367,1.4985726820418077,380.1788764658579,136053595.90100676,12432530718.945333,5.827539788423184
oneD_v2_dbtt_TP_4895f9e5b44deea5,RETENTION_EXTREME,CLEAVAGE_MULTIHIT,1100.0,9091288088.228775,1.4552597135208296,1412.0650894742448,136053595.90100676,12432530718.945333,5.827539788423184
oneD_v2_dbtt_TP_4895f9e5b44deea5,RETENTION_EXTREME,CLEAVAGE_MULTIHIT,1100.0,9168991405.222183,1.4127664781590774,4952.854420529861,136053595.90100676,12432530718.945333,5.827539788423184
oneD_v2_dbtt_TP_4895f9e5b44deea5,RETENTION_EXTREME,CLEAVAGE_MULTIHIT,1100.0,9246694722.215591,1.3711013946486197,16156.403702789066,136053595.90100676,12432530718.945333,5.827539788423184
oneD_v2_dbtt_TP_4895f9e5b44deea5,RETENTION_EXTREME,CLEAVAGE_MULTIHIT,1100.0,9324398039.209,1.3302717936647916,47985.7282545173,136053595.90100676,12432530718.945333,5.827539788423184
oneD_v2_dbtt_TP_4895f9e5b44deea5,RETENTION_EXTREME,CLEAVAGE_MULTIHIT,1100.0,9402101356.20241,1.2902839274600637,126151.81100284179,136053595.90100676,12432530718.945333,5.827539788423184
oneD_v2_dbtt_TP_4895f9e5b44deea5,RETENTION_EXTREME,CLEAVAGE_MULTIHIT,1100.0,9479804673.195818,1.2511429815029325,283456.83274324326,136053595.90100676,12432530718.945333,5.827539788423184
oneD_v2_dbtt_TP_4895f9e5b44deea5,RETENTION_EXTREME,CLEAVAGE_MULTIHIT,1100.0,9557507990.189226,1.2128530880987818,524426.5592506006,136053595.90100676,12432530718.945333,5.827539788423184
oneD_v2_dbtt_TP_4895f9e5b44deea5,RETENTION_EXTREME,CLEAVAGE_MULTIHIT,1100.0,9635211307.182634,1.1754173419246092,778684.5500520706,136053595.90100676,12432530718.945333,5.827539788423184
oneD_v2_dbtt_TP_4895f9e5b44deea5,RETENTION_EXTREME,CLEAVAGE_MULTIHIT,1100.0,9712914624.176043,1.138837817404727,940541.1344682283,136053595.90100676,12432530718.945333,5.827539788423184
oneD_v2_dbtt_TP_4895f9e5b44deea5,RETENTION_EXTREME,CLEAVAGE_MULTIHIT,1100.0,9790617941.16945,1.1031155878501595,992857.9639481184,136053595.90100676,12432530718.945333,5.827539788423184
oneD_v2_dbtt_TP_4895f9e5b44deea5,RETENTION_EXTREME,CLEAVAGE_MULTIHIT,1100.0,9868321258.162859,1.0682507462803148,999725.3952737025,136053595.90100676,12432530718.945333,5.827539788423184
oneD_v2_dbtt_TP_4895f9e5b44deea5,RETENTION_EXTREME,CLEAVAGE_MULTIHIT,1100.0,9946024575.156267,1.0342424278418008,999997.8158458531,136053595.90100676,12432530718.945333,5.827539788423184
oneD_v2_dbtt_TP_4895f9e5b44deea5,RETENTION_EXTREME,CLEAVAGE_MULTIHIT,1100.0,10023727892.149675,1.001088833735809,999999.9979649873,136053595.90100676,12432530718.945333,5.827539788423184
oneD_v2_dbtt_TP_4895f9e5b44deea5,RETENTION_EXTREME,CLEAVAGE_MULTIHIT,1100.0,10101431209.143084,0.9687872565625173,999999.9999998937,136053595.90100676,12432530718.945333,5.827539788423184
oneD_v2_dbtt_TP_4895f9e5b44deea5,RETENTION_EXTREME,CLEAVAGE_MULTIHIT,1100.0,10179134526.136492,0.9373341069882459,1000000.0,136053595.90100676,12432530718.945333,5.827539788423184
oneD_v2_dbtt_TP_4895f9e5b44deea5,RETENTION_EXTREME,CLEAVAGE_MULTIHIT,1100.0,10256837843.1299,0.9067249416388861,1000000.0,136053595.90100676,12432530718.945333,5.827539788423184
oneD_v2_dbtt_TP_4895f9e5b44deea5,RETENTION_EXTREME,CLEAVAGE_MULTIHIT,1100.0,10334541160.123308,0.8769544921211687,1000000.0,136053595.90100676,12432530718.945333,5.827539788423184
oneD_v2_dbtt_TP_4895f9e5b44deea5,RETENTION_EXTREME,CLEAVAGE_MULTIHIT,1100.0,10412244477.116716,0.8480166950718859,1000000.0,136053595.90100676,12432530718.945333,5.827539788423184
oneD_v2_dbtt_TP_4895f9e5b44deea5,RETENTION_EXTREME,CLEAVAGE_MULTIHIT,1100.0,10489947794.110125,0.819904723134008,1000000.0,136053595.90100676,12432530718.945333,5.827539788423184
oneD_v2_dbtt_TP_4895f9e5b44deea5,RETENTION_EXTREME,CLEAVAGE_MULTIHIT,1100.0,10567651111.103535,0.7926110167579419,1000000.0,136053595.90100676,12432530718.945333,5.827539788423184
oneD_v2_dbtt_TP_4895f9e5b44deea5,RETENTION_EXTREME,CLEAVAGE_MULTIHIT,1100.0,10645354428.096943,0.7661273167257809,1000000.0,136053595.90100676,12432530718.945333,5.827539788423184
oneD_v2_dbtt_TP_4895f9e5b44deea5,RETENTION_EXTREME,CLEAVAGE_MULTIHIT,1100.0,10723057745.090351,0.7404446972964303,1000000.0,136053595.90100676,12432530718.945333,5.827539788423184
oneD_v2_dbtt_TP_4895f9e5b44deea5,RETENTION_EXTREME,CLEAVAGE_MULTIHIT,1100.0,10800761062.08376,0.7155535998698836,1000000.0,136053595.90100676,12432530718.945333,5.827539788423184
oneD_v2_dbtt_TP_4895f9e5b44deea5,RETENTION_EXTREME,CLEAVAGE_MULTIHIT,1100.0,10878464379.077168,0.6914438670696481,1000000.0,136053595.90100676,12432530718.945333,5.827539788423184
oneD_v2_dbtt_TP_4895f9e5b44deea5,RETENTION_EXTREME,CLEAVAGE_MULTIHIT,1100.0,10956167696.070576,0.6681047771434185,1000000.0,136053595.90100676,12432530718.945333,5.827539788423184
oneD_v2_dbtt_TP_4895f9e5b44deea5,RETENTION_EXTREME,CLEAVAGE_MULTIHIT,1100.0,11033871013.063984,0.645525078583545,1000000.0,136053595.90100676,12432530718.945333,5.827539788423184
oneD_v2_dbtt_TP_4895f9e5b44deea5,RETENTION_EXTREME,CLEAVAGE_MULTIHIT,1100.0,11111574330.057392,0.6236930248705655,1000000.0,136053595.90100676,12432530718.945333,5.827539788423184
oneD_v2_dbtt_TP_4895f9e5b44deea5,RETENTION_EXTREME,CLEAVAGE_MULTIHIT,1100.0,11189277647.0508,0.6025964092451768,1000000.0,136053595.90100676,12432530718.945333,5.827539788423184
oneD_v2_dbtt_TP_4895f9e5b44deea5,RETENTION_EXTREME,CLEAVAGE_MULTIHIT,1100.0,11266980964.044209,0.5822225994163477,1000000.0,136053595.90100676,12432530718.945333,5.827539788423184
oneD_v2_dbtt_TP_4895f9e5b44deea5,RETENTION_EXTREME,CLEAVAGE_MULTIHIT,1100.0,11344684281.037617,0.5625585721159545,1000000.0,136053595.90100676,12432530718.945333,5.827539788423184
oneD_v2_dbtt_TP_4895f9e5b44deea5,RETENTION_EXTREME,CLEAVAGE_MULTIHIT,1100.0,11422387598.031025,0.5435909474131904,1000000.0,136053595.90100676,12432530718.945333,5.827539788423184
oneD_v2_dbtt_TP_4895f9e5b44deea5,RETENTION_EXTREME,CLEAVAGE_MULTIHIT,1100.0,11500090915.024433,0.5253060227051826,1000000.0,136053595.90100676,12432530718.945333,5.827539788423184
oneD_v2_dbtt_TP_4895f9e5b44deea5,RETENTION_EXTREME,CLEAVAGE_MULTIHIT,1100.0,11577794232.017841,0.5076898063035936,1000000.0,136053595.90100676,12432530718.945333,5.827539788423184
oneD_v2_dbtt_TP_4895f9e5b44deea5,RETENTION_EXTREME,CLEAVAGE_MULTIHIT,1100.0,11655497549.011251,0.4907280505405937,1000000.0,136053595.90100676,12432530718.945333,5.827539788423184
oneD_v2_dbtt_TP_4895f9e5b44deea5,RETENTION_EXTREME,CLEAVAGE_MULTIHIT,1100.0,11733200866.00466,0.4744062843213282,1000000.0,136053595.90100676,12432530718.945333,5.827539788423184
oneD_v2_dbtt_TP_4895f9e5b44deea5,RETENTION_EXTREME,CLEAVAGE_MULTIHIT,1100.0,11810904182.998068,0.45870984505394596,1000000.0,136053595.90100676,12432530718.945333,5.827539788423184
oneD_v2_dbtt_TP_4895f9e5b44deea5,RETENTION_EXTREME,CLEAVAGE_MULTIHIT,1100.0,11888607499.991476,0.44362390989233513,1000000.0,136053595.90100676,12432530718.945333,5.827539788423184
oneD_v2_dbtt_TP_4895f9e5b44deea5,RETENTION_EXTREME,CLEAVAGE_MULTIHIT,1100.0,11966310816.984884,0.4291335262308825,1000000.0,136053595.90100676,12432530718.945333,5.827539788423184
oneD_v2_dbtt_TP_4895f9e5b44deea5,RETENTION_EXTREME,CLEAVAGE_MULTIHIT,1100.0,12044014133.978292,0.4152236413948971,1000000.0,136053595.90100676,12432530718.945333,5.827539788423184
oneD_v2_dbtt_TP_4895f9e5b44deea5,RETENTION_EXTREME,CLEAVAGE_MULTIHIT,1100.0,12121717450.9717,0.40187913147469406,1000000.0,136053595.90100676,12432530718.945333,5.827539788423184
oneD_v2_dbtt_TP_4895f9e5b44deea5,RETENTION_EXTREME,CLEAVAGE_MULTIHIT,1100.0,12199420767.965109,0.38908482925577903,1000000.0,136053595.90100676,12432530718.945333,5.827539788423184
oneD_v2_dbtt_TP_4895f9e5b44deea5,RETENTION_EXTREME,CLEAVAGE_MULTIHIT,1100.0,12277124084.958517,0.3768255512020525,1000000.0,136053595.90100676,12432530718.945333,5.827539788423184
oneD_v2_dbtt_TP_4895f9e5b44deea5,RETENTION_EXTREME,CLEAVAGE_MULTIHIT,1100.0,12354827401.951925,0.3650861234534335,1000000.0,136053595.90100676,12432530718.945333,5.827539788423184
oneD_v2_dbtt_TP_4895f9e5b44deea5,RETENTION_EXTREME,CLEAVAGE_MULTIHIT,1100.0,12432530718.945333,0.35385140680380733,1000000.0,136053595.90100676,12432530718.945333,5.827539788423184
oneD_v2_dbtt_TP_7e668ee637fc3ac5,NEAR_TIP_RETENTION_EXTREME,PEIERLS,1100.0,0.0,4.0691445222911335,2.273736769925754e-07,0.0,64014108.37583923,4.0691445222911335
oneD_v2_dbtt_TP_7e668ee637fc3ac5,NEAR_TIP_RETENTION_EXTREME,PEIERLS,1100.0,400088.17734899523,0.04218980773616621,640770455800.007,0.0,64014108.37583923,4.0691445222911335
oneD_v2_dbtt_TP_7e668ee637fc3ac5,NEAR_TIP_RETENTION_EXTREME,PEIERLS,1100.0,800176.3546979905,0.04218980773616621,640770455800.007,0.0,64014108.37583923,4.0691445222911335
oneD_v2_dbtt_TP_7e668ee637fc3ac5,NEAR_TIP_RETENTION_EXTREME,PEIERLS,1100.0,1200264.5320469858,0.04218980773616621,640770455800.007,0.0,64014108.37583923,4.0691445222911335
oneD_v2_dbtt_TP_7e668ee637fc3ac5,NEAR_TIP_RETENTION_EXTREME,PEIERLS,1100.0,1600352.709395981,0.04218980773616621,640770455800.007,0.0,64014108.37583923,4.0691445222911335
oneD_v2_dbtt_TP_7e668ee637fc3ac5,NEAR_TIP_RETENTION_EXTREME,PEIERLS,1100.0,2000440.886744976,0.04218980773616621,640770455800.007,0.0,64014108.37583923,4.0691445222911335
oneD_v2_dbtt_TP_7e668ee637fc3ac5,NEAR_TIP_RETENTION_EXTREME,PEIERLS,1100.0,2400529.0640939716,0.04218980773616621,640770455800.007,0.0,64014108.37583923,4.0691445222911335
oneD_v2_dbtt_TP_7e668ee637fc3ac5,NEAR_TIP_RETENTION_EXTREME,PEIERLS,1100.0,2800617.2414429667,0.04218980773616621,640770455800.007,0.0,64014108.37583923,4.0691445222911335
oneD_v2_dbtt_TP_7e668ee637fc3ac5,NEAR_TIP_RETENTION_EXTREME,PEIERLS,1100.0,3200705.418791962,0.04218980773616621,640770455800.007,0.0,64014108.37583923,4.0691445222911335
oneD_v2_dbtt_TP_7e668ee637fc3ac5,NEAR_TIP_RETENTION_EXTREME,PEIERLS,1100.0,3600793.596140957,0.04218980773616621,640770455800.007,0.0,64014108.37583923,4.0691445222911335
oneD_v2_dbtt_TP_7e668ee637fc3ac5,NEAR_TIP_RETENTION_EXTREME,PEIERLS,1100.0,4000881.773489952,0.04218980773616621,640770455800.007,0.0,64014108.37583923,4.0691445222911335
oneD_v2_dbtt_TP_7e668ee637fc3ac5,NEAR_TIP_RETENTION_EXTREME,PEIERLS,1100.0,4400969.950838948,0.04218980773616621,640770455800.007,0.0,64014108.37583923,4.0691445222911335
oneD_v2_dbtt_TP_7e668ee637fc3ac5,NEAR_TIP_RETENTION_EXTREME,PEIERLS,1100.0,4801058.128187943,0.04218980773616621,640770455800.007,0.0,64014108.37583923,4.0691445222911335
oneD_v2_dbtt_TP_7e668ee637fc3ac5,NEAR_TIP_RETENTION_EXTREME,PEIERLS,1100.0,5201146.305536938,0.04218980773616621,640770455800.007,0.0,64014108.37583923,4.0691445222911335
oneD_v2_dbtt_TP_7e668ee637fc3ac5,NEAR_TIP_RETENTION_EXTREME,PEIERLS,1100.0,5601234.4828859335,0.04218980773616621,640770455800.007,0.0,64014108.37583923,4.0691445222911335
oneD_v2_dbtt_TP_7e668ee637fc3ac5,NEAR_TIP_RETENTION_EXTREME,PEIERLS,1100.0,6001322.660234928,0.04218980773616621,640770455800.007,0.0,64014108.37583923,4.0691445222911335
oneD_v2_dbtt_TP_7e668ee637fc3ac5,NEAR_TIP_RETENTION_EXTREME,PEIERLS,1100.0,6401410.837583924,0.04218980773616621,640770455800.007,0.0,64014108.37583923,4.0691445222911335
oneD_v2_dbtt_TP_7e668ee637fc3ac5,NEAR_TIP_RETENTION_EXTREME,PEIERLS,1100.0,6801499.014932919,0.04218980773616621,640770455800.007,0.0,64014108.37583923,4.0691445222911335
oneD_v2_dbtt_TP_7e668ee637fc3ac5,NEAR_TIP_RETENTION_EXTREME,PEIERLS,1100.0,7201587.192281914,0.04218980773616621,640770455800.007,0.0,64014108.37583923,4.0691445222911335
oneD_v2_dbtt_TP_7e668ee637fc3ac5,NEAR_TIP_RETENTION_EXTREME,PEIERLS,1100.0,7601675.3696309095,0.04218980773616621,640770455800.007,0.0,64014108.37583923,4.0691445222911335
oneD_v2_dbtt_TP_7e668ee637fc3ac5,NEAR_TIP_RETENTION_EXTREME,PEIERLS,1100.0,8001763.546979904,0.04218980773616621,640770455800.007,0.0,64014108.37583923,4.0691445222911335
oneD_v2_dbtt_TP_7e668ee637fc3ac5,NEAR_TIP_RETENTION_EXTREME,PEIERLS,1100.0,8401851.7243289,0.04218980773616621,640770455800.007,0.0,64014108.37583923,4.0691445222911335
oneD_v2_dbtt_TP_7e668ee637fc3ac5,NEAR_TIP_RETENTION_EXTREME,PEIERLS,1100.0,8801939.901677895,0.04218980773616621,640770455800.007,0.0,64014108.37583923,4.0691445222911335
oneD_v2_dbtt_TP_7e668ee637fc3ac5,NEAR_TIP_RETENTION_EXTREME,PEIERLS,1100.0,9202028.07902689,0.04218980773616621,640770455800.007,0.0,64014108.37583923,4.0691445222911335
oneD_v2_dbtt_TP_7e668ee637fc3ac5,NEAR_TIP_RETENTION_EXTREME,PEIERLS,1100.0,9602116.256375886,0.04218980773616621,640770455800.007,0.0,64014108.37583923,4.0691445222911335
oneD_v2_dbtt_TP_7e668ee637fc3ac5,NEAR_TIP_RETENTION_EXTREME,PEIERLS,1100.0,10002204.43372488,0.04218980773616621,640770455800.007,0.0,64014108.37583923,4.0691445222911335
oneD_v2_dbtt_TP_7e668ee637fc3ac5,NEAR_TIP_RETENTION_EXTREME,PEIERLS,1100.0,10402292.611073876,0.04218980773616621,640770455800.007,0.0,64014108.37583923,4.0691445222911335
oneD_v2_dbtt_TP_7e668ee637fc3ac5,NEAR_TIP_RETENTION_EXTREME,PEIERLS,1100.0,10802380.788422871,0.04218980773616621,640770455800.007,0.0,64014108.37583923,4.0691445222911335
oneD_v2_dbtt_TP_7e668ee637fc3ac5,NEAR_TIP_RETENTION_EXTREME,PEIERLS,1100.0,11202468.965771867,0.04218980773616621,640770455800.007,0.0,64014108.37583923,4.0691445222911335
oneD_v2_dbtt_TP_7e668ee637fc3ac5,NEAR_TIP_RETENTION_EXTREME,PEIERLS,1100.0,11602557.143120863,0.04218980773616621,640770455800.007,0.0,64014108.37583923,4.0691445222911335
oneD_v2_dbtt_TP_7e668ee637fc3ac5,NEAR_TIP_RETENTION_EXTREME,PEIERLS,1100.0,12002645.320469856,0.04218980773616621,640770455800.007,0.0,64014108.37583923,4.0691445222911335
oneD_v2_dbtt_TP_7e668ee637fc3ac5,NEAR_TIP_RETENTION_EXTREME,PEIERLS,1100.0,12402733.497818852,0.04218980773616621,640770455800.007,0.0,64014108.37583923,4.0691445222911335
oneD_v2_dbtt_TP_7e668ee637fc3ac5,NEAR_TIP_RETENTION_EXTREME,PEIERLS,1100.0,12802821.675167847,0.04218980773616621,640770455800.007,0.0,64014108.37583923,4.0691445222911335
oneD_v2_dbtt_TP_7e668ee637fc3ac5,NEAR_TIP_RETENTION_EXTREME,PEIERLS,1100.0,13202909.852516843,0.04218980773616621,640770455800.007,0.0,64014108.37583923,4.0691445222911335
oneD_v2_dbtt_TP_7e668ee637fc3ac5,NEAR_TIP_RETENTION_EXTREME,PEIERLS,1100.0,13602998.029865839,0.04218980773616621,640770455800.007,0.0,64014108.37583923,4.0691445222911335
oneD_v2_dbtt_TP_7e668ee637fc3ac5,NEAR_TIP_RETENTION_EXTREME,PEIERLS,1100.0,14003086.207214832,0.04218980773616621,640770455800.007,0.0,64014108.37583923,4.0691445222911335
oneD_v2_dbtt_TP_7e668ee637fc3ac5,NEAR_TIP_RETENTION_EXTREME,PEIERLS,1100.0,14403174.384563828,0.04218980773616621,640770455800.007,0.0,64014108.37583923,4.0691445222911335
oneD_v2_dbtt_TP_7e668ee637fc3ac5,NEAR_TIP_RETENTION_EXTREME,PEIERLS,1100.0,14803262.561912823,0.04218980773616621,640770455800.007,0.0,64014108.37583923,4.0691445222911335
oneD_v2_dbtt_TP_7e668ee637fc3ac5,NEAR_TIP_RETENTION_EXTREME,PEIERLS,1100.0,15203350.739261819,0.04218980773616621,640770455800.007,0.0,64014108.37583923,4.0691445222911335
oneD_v2_dbtt_TP_7e668ee637fc3ac5,NEAR_TIP_RETENTION_EXTREME,PEIERLS,1100.0,15603438.916610815,0.04218980773616621,640770455800.007,0.0,64014108.37583923,4.0691445222911335
oneD_v2_dbtt_TP_7e668ee637fc3ac5,NEAR_TIP_RETENTION_EXTREME,PEIERLS,1100.0,16003527.093959808,0.04218980773616621,640770455800.007,0.0,64014108.37583923,4.0691445222911335
oneD_v2_dbtt_TP_7e668ee637fc3ac5,NEAR_TIP_RETENTION_EXTREME,PEIERLS,1100.0,16403615.271308804,0.04218980773616621,640770455800.007,0.0,64014108.37583923,4.0691445222911335
oneD_v2_dbtt_TP_7e668ee637fc3ac5,NEAR_TIP_RETENTION_EXTREME,PEIERLS,1100.0,16803703.4486578,0.04218980773616621,640770455800.007,0.0,64014108.37583923,4.0691445222911335
oneD_v2_dbtt_TP_7e668ee637fc3ac5,NEAR_TIP_RETENTION_EXTREME,PEIERLS,1100.0,17203791.626006793,0.04218980773616621,640770455800.007,0.0,64014108.37583923,4.0691445222911335
oneD_v2_dbtt_TP_7e668ee637fc3ac5,NEAR_TIP_RETENTION_EXTREME,PEIERLS,1100.0,17603879.80335579,0.04218980773616621,640770455800.007,0.0,64014108.37583923,4.0691445222911335
oneD_v2_dbtt_TP_7e668ee637fc3ac5,NEAR_TIP_RETENTION_EXTREME,PEIERLS,1100.0,18003967.980704784,0.04218980773616621,640770455800.007,0.0,64014108.37583923,4.0691445222911335
oneD_v2_dbtt_TP_7e668ee637fc3ac5,NEAR_TIP_RETENTION_EXTREME,PEIERLS,1100.0,18404056.15805378,0.04218980773616621,640770455800.007,0.0,64014108.37583923,4.0691445222911335
oneD_v2_dbtt_TP_7e668ee637fc3ac5,NEAR_TIP_RETENTION_EXTREME,PEIERLS,1100.0,18804144.335402776,0.04218980773616621,640770455800.007,0.0,64014108.37583923,4.0691445222911335
oneD_v2_dbtt_TP_7e668ee637fc3ac5,NEAR_TIP_RETENTION_EXTREME,PEIERLS,1100.0,19204232.512751773,0.04218980773616621,640770455800.007,0.0,64014108.37583923,4.0691445222911335
oneD_v2_dbtt_TP_7e668ee637fc3ac5,NEAR_TIP_RETENTION_EXTREME,PEIERLS,1100.0,19604320.690100767,0.04218980773616621,640770455800.007,0.0,64014108.37583923,4.0691445222911335
oneD_v2_dbtt_TP_7e668ee637fc3ac5,NEAR_TIP_RETENTION_EXTREME,PEIERLS,1100.0,20004408.86744976,0.04218980773616621,640770455800.007,0.0,64014108.37583923,4.0691445222911335
oneD_v2_dbtt_TP_7e668ee637fc3ac5,NEAR_TIP_RETENTION_EXTREME,PEIERLS,1100.0,20404497.044798758,0.04218980773616621,640770455800.007,0.0,64014108.37583923,4.0691445222911335
oneD_v2_dbtt_TP_7e668ee637fc3ac5,NEAR_TIP_RETENTION_EXTREME,PEIERLS,1100.0,20804585.22214775,0.04218980773616621,640770455800.007,0.0,64014108.37583923,4.0691445222911335
oneD_v2_dbtt_TP_7e668ee637fc3ac5,NEAR_TIP_RETENTION_EXTREME,PEIERLS,1100.0,21204673.39949675,0.04218980773616621,640770455800.007,0.0,64014108.37583923,4.0691445222911335
oneD_v2_dbtt_TP_7e668ee637fc3ac5,NEAR_TIP_RETENTION_EXTREME,PEIERLS,1100.0,21604761.576845743,0.04218980773616621,640770455800.007,0.0,64014108.37583923,4.0691445222911335
oneD_v2_dbtt_TP_7e668ee637fc3ac5,NEAR_TIP_RETENTION_EXTREME,PEIERLS,1100.0,22004849.754194736,0.04218980773616621,640770455800.007,0.0,64014108.37583923,4.0691445222911335
oneD_v2_dbtt_TP_7e668ee637fc3ac5,NEAR_TIP_RETENTION_EXTREME,PEIERLS,1100.0,22404937.931543734,0.04218980773616621,640770455800.007,0.0,64014108.37583923,4.0691445222911335
oneD_v2_dbtt_TP_7e668ee637fc3ac5,NEAR_TIP_RETENTION_EXTREME,PEIERLS,1100.0,22805026.108892728,0.04218980773616621,640770455800.007,0.0,64014108.37583923,4.0691445222911335
oneD_v2_dbtt_TP_7e668ee637fc3ac5,NEAR_TIP_RETENTION_EXTREME,PEIERLS,1100.0,23205114.286241725,0.04218980773616621,640770455800.007,0.0,64014108.37583923,4.0691445222911335
oneD_v2_dbtt_TP_7e668ee637fc3ac5,NEAR_TIP_RETENTION_EXTREME,PEIERLS,1100.0,23605202.46359072,0.04218980773616621,640770455800.007,0.0,64014108.37583923,4.0691445222911335
oneD_v2_dbtt_TP_7e668ee637fc3ac5,NEAR_TIP_RETENTION_EXTREME,PEIERLS,1100.0,24005290.640939713,0.04218980773616621,640770455800.007,0.0,64014108.37583923,4.0691445222911335
oneD_v2_dbtt_TP_7e668ee637fc3ac5,NEAR_TIP_RETENTION_EXTREME,PEIERLS,1100.0,24405378.81828871,0.04218980773616621,640770455800.007,0.0,64014108.37583923,4.0691445222911335
oneD_v2_dbtt_TP_7e668ee637fc3ac5,NEAR_TIP_RETENTION_EXTREME,PEIERLS,1100.0,24805466.995637704,0.04218980773616621,640770455800.007,0.0,64014108.37583923,4.0691445222911335
oneD_v2_dbtt_TP_7e668ee637fc3ac5,NEAR_TIP_RETENTION_EXTREME,PEIERLS,1100.0,25205555.1729867,0.04218980773616621,640770455800.007,0.0,64014108.37583923,4.0691445222911335
oneD_v2_dbtt_TP_7e668ee637fc3ac5,NEAR_TIP_RETENTION_EXTREME,PEIERLS,1100.0,25605643.350335695,0.04218980773616621,640770455800.007,0.0,64014108.37583923,4.0691445222911335
oneD_v2_dbtt_TP_7e668ee637fc3ac5,NEAR_TIP_RETENTION_EXTREME,PEIERLS,1100.0,26005731.52768469,0.04218980773616621,640770455800.007,0.0,64014108.37583923,4.0691445222911335
oneD_v2_dbtt_TP_7e668ee637fc3ac5,NEAR_TIP_RETENTION_EXTREME,PEIERLS,1100.0,26405819.705033686,0.04218980773616621,640770455800.007,0.0,64014108.37583923,4.0691445222911335
oneD_v2_dbtt_TP_7e668ee637fc3ac5,NEAR_TIP_RETENTION_EXTREME,PEIERLS,1100.0,26805907.88238268,0.04218980773616621,640770455800.007,0.0,64014108.37583923,4.0691445222911335
oneD_v2_dbtt_TP_7e668ee637fc3ac5,NEAR_TIP_RETENTION_EXTREME,PEIERLS,1100.0,27205996.059731677,0.04218980773616621,640770455800.007,0.0,64014108.37583923,4.0691445222911335
oneD_v2_dbtt_TP_7e668ee637fc3ac5,NEAR_TIP_RETENTION_EXTREME,PEIERLS,1100.0,27606084.23708067,0.04218980773616621,640770455800.007,0.0,64014108.37583923,4.0691445222911335
oneD_v2_dbtt_TP_7e668ee637fc3ac5,NEAR_TIP_RETENTION_EXTREME,PEIERLS,1100.0,28006172.414429665,0.04218980773616621,640770455800.007,0.0,64014108.37583923,4.0691445222911335
oneD_v2_dbtt_TP_7e668ee637fc3ac5,NEAR_TIP_RETENTION_EXTREME,PEIERLS,1100.0,28406260.591778662,0.04218980773616621,640770455800.007,0.0,64014108.37583923,4.0691445222911335
oneD_v2_dbtt_TP_7e668ee637fc3ac5,NEAR_TIP_RETENTION_EXTREME,PEIERLS,1100.0,28806348.769127656,0.04218980773616621,640770455800.007,0.0,64014108.37583923,4.0691445222911335
oneD_v2_dbtt_TP_7e668ee637fc3ac5,NEAR_TIP_RETENTION_EXTREME,PEIERLS,1100.0,29206436.946476653,0.04218980773616621,640770455800.007,0.0,64014108.37583923,4.0691445222911335
oneD_v2_dbtt_TP_7e668ee637fc3ac5,NEAR_TIP_RETENTION_EXTREME,PEIERLS,1100.0,29606525.123825647,0.04218980773616621,640770455800.007,0.0,64014108.37583923,4.0691445222911335
oneD_v2_dbtt_TP_7e668ee637fc3ac5,NEAR_TIP_RETENTION_EXTREME,PEIERLS,1100.0,30006613.30117464,0.04218980773616621,640770455800.007,0.0,64014108.37583923,4.0691445222911335
oneD_v2_dbtt_TP_7e668ee637fc3ac5,NEAR_TIP_RETENTION_EXTREME,PEIERLS,1100.0,30406701.478523638,0.04218980773616621,640770455800.007,0.0,64014108.37583923,4.0691445222911335
oneD_v2_dbtt_TP_7e668ee637fc3ac5,NEAR_TIP_RETENTION_EXTREME,PEIERLS,1100.0,30806789.65587263,0.04218980773616621,640770455800.007,0.0,64014108.37583923,4.0691445222911335
oneD_v2_dbtt_TP_7e668ee637fc3ac5,NEAR_TIP_RETENTION_EXTREME,PEIERLS,1100.0,31206877.83322163,0.04218980773616621,640770455800.007,0.0,64014108.37583923,4.0691445222911335
oneD_v2_dbtt_TP_7e668ee637fc3ac5,NEAR_TIP_RETENTION_EXTREME,PEIERLS,1100.0,31606966.010570623,0.04218980773616621,640770455800.007,0.0,64014108.37583923,4.0691445222911335
oneD_v2_dbtt_TP_7e668ee637fc3ac5,NEAR_TIP_RETENTION_EXTREME,PEIERLS,1100.0,32007054.187919617,0.04218980773616621,640770455800.007,0.0,64014108.37583923,4.0691445222911335
oneD_v2_dbtt_TP_7e668ee637fc3ac5,NEAR_TIP_RETENTION_EXTREME,PEIERLS,1100.0,32407142.365268614,0.04218980773616621,640770455800.007,0.0,64014108.37583923,4.0691445222911335
oneD_v2_dbtt_TP_7e668ee637fc3ac5,NEAR_TIP_RETENTION_EXTREME,PEIERLS,1100.0,32807230.542617608,0.04218980773616621,640770455800.007,0.0,64014108.37583923,4.0691445222911335
oneD_v2_dbtt_TP_7e668ee637fc3ac5,NEAR_TIP_RETENTION_EXTREME,PEIERLS,1100.0,33207318.719966605,0.04218980773616621,640770455800.007,0.0,64014108.37583923,4.0691445222911335
oneD_v2_dbtt_TP_7e668ee637fc3ac5,NEAR_TIP_RETENTION_EXTREME,PEIERLS,1100.0,33607406.8973156,0.04218980773616621,640770455800.007,0.0,64014108.37583923,4.0691445222911335
oneD_v2_dbtt_TP_7e668ee637fc3ac5,NEAR_TIP_RETENTION_EXTREME,PEIERLS,1100.0,34007495.07466459,0.04218980773616621,640770455800.007,0.0,64014108.37583923,4.0691445222911335
oneD_v2_dbtt_TP_7e668ee637fc3ac5,NEAR_TIP_RETENTION_EXTREME,PEIERLS,1100.0,34407583.25201359,0.04218980773616621,640770455800.007,0.0,64014108.37583923,4.0691445222911335
oneD_v2_dbtt_TP_7e668ee637fc3ac5,NEAR_TIP_RETENTION_EXTREME,PEIERLS,1100.0,34807671.42936259,0.04218980773616621,640770455800.007,0.0,64014108.37583923,4.0691445222911335
oneD_v2_dbtt_TP_7e668ee637fc3ac5,NEAR_TIP_RETENTION_EXTREME,PEIERLS,1100.0,35207759.60671158,0.04218980773616621,640770455800.007,0.0,64014108.37583923,4.0691445222911335
oneD_v2_dbtt_TP_7e668ee637fc3ac5,NEAR_TIP_RETENTION_EXTREME,PEIERLS,1100.0,35607847.784060575,0.04218980773616621,640770455800.007,0.0,64014108.37583923,4.0691445222911335
oneD_v2_dbtt_TP_7e668ee637fc3ac5,NEAR_TIP_RETENTION_EXTREME,PEIERLS,1100.0,36007935.96140957,0.04218980773616621,640770455800.007,0.0,64014108.37583923,4.0691445222911335
oneD_v2_dbtt_TP_7e668ee637fc3ac5,NEAR_TIP_RETENTION_EXTREME,PEIERLS,1100.0,36408024.13875856,0.04218980773616621,640770455800.007,0.0,64014108.37583923,4.0691445222911335
oneD_v2_dbtt_TP_7e668ee637fc3ac5,NEAR_TIP_RETENTION_EXTREME,PEIERLS,1100.0,36808112.31610756,0.04218980773616621,640770455800.007,0.0,64014108.37583923,4.0691445222911335
oneD_v2_dbtt_TP_7e668ee637fc3ac5,NEAR_TIP_RETENTION_EXTREME,PEIERLS,1100.0,37208200.49345656,0.04218980773616621,640770455800.007,0.0,64014108.37583923,4.0691445222911335
oneD_v2_dbtt_TP_7e668ee637fc3ac5,NEAR_TIP_RETENTION_EXTREME,PEIERLS,1100.0,37608288.67080555,0.04218980773616621,640770455800.007,0.0,64014108.37583923,4.0691445222911335
oneD_v2_dbtt_TP_7e668ee637fc3ac5,NEAR_TIP_RETENTION_EXTREME,PEIERLS,1100.0,38008376.848154545,0.04218980773616621,640770455800.007,0.0,64014108.37583923,4.0691445222911335
oneD_v2_dbtt_TP_7e668ee637fc3ac5,NEAR_TIP_RETENTION_EXTREME,PEIERLS,1100.0,38408465.025503546,0.04218980773616621,640770455800.007,0.0,64014108.37583923,4.0691445222911335
oneD_v2_dbtt_TP_7e668ee637fc3ac5,NEAR_TIP_RETENTION_EXTREME,PEIERLS,1100.0,38808553.20285254,0.04218980773616621,640770455800.007,0.0,64014108.37583923,4.0691445222911335
oneD_v2_dbtt_TP_7e668ee637fc3ac5,NEAR_TIP_RETENTION_EXTREME,PEIERLS,1100.0,39208641.38020153,0.04218980773616621,640770455800.007,0.0,64014108.37583923,4.0691445222911335
oneD_v2_dbtt_TP_7e668ee637fc3ac5,NEAR_TIP_RETENTION_EXTREME,PEIERLS,1100.0,39608729.55755053,0.04218980773616621,640770455800.007,0.0,64014108.37583923,4.0691445222911335
oneD_v2_dbtt_TP_7e668ee637fc3ac5,NEAR_TIP_RETENTION_EXTREME,PEIERLS,1100.0,40008817.73489952,0.04218980773616621,640770455800.007,0.0,64014108.37583923,4.0691445222911335
oneD_v2_dbtt_TP_7e668ee637fc3ac5,NEAR_TIP_RETENTION_EXTREME,PEIERLS,1100.0,40408905.91224852,0.04218980773616621,640770455800.007,0.0,64014108.37583923,4.0691445222911335
oneD_v2_dbtt_TP_7e668ee637fc3ac5,NEAR_TIP_RETENTION_EXTREME,PEIERLS,1100.0,40808994.089597516,0.04218980773616621,640770455800.007,0.0,64014108.37583923,4.0691445222911335
oneD_v2_dbtt_TP_7e668ee637fc3ac5,NEAR_TIP_RETENTION_EXTREME,PEIERLS,1100.0,41209082.26694651,0.04218980773616621,640770455800.007,0.0,64014108.37583923,4.0691445222911335
oneD_v2_dbtt_TP_7e668ee637fc3ac5,NEAR_TIP_RETENTION_EXTREME,PEIERLS,1100.0,41609170.4442955,0.04218980773616621,640770455800.007,0.0,64014108.37583923,4.0691445222911335
oneD_v2_dbtt_TP_7e668ee637fc3ac5,NEAR_TIP_RETENTION_EXTREME,PEIERLS,1100.0,42009258.6216445,0.04218980773616621,640770455800.007,0.0,64014108.37583923,4.0691445222911335
oneD_v2_dbtt_TP_7e668ee637fc3ac5,NEAR_TIP_RETENTION_EXTREME,PEIERLS,1100.0,42409346.7989935,0.04218980773616621,640770455800.007,0.0,64014108.37583923,4.0691445222911335
oneD_v2_dbtt_TP_7e668ee637fc3ac5,NEAR_TIP_RETENTION_EXTREME,PEIERLS,1100.0,42809434.97634249,0.04218980773616621,640770455800.007,0.0,64014108.37583923,4.0691445222911335
oneD_v2_dbtt_TP_7e668ee637fc3ac5,NEAR_TIP_RETENTION_EXTREME,PEIERLS,1100.0,43209523.153691486,0.04218980773616621,640770455800.007,0.0,64014108.37583923,4.0691445222911335
oneD_v2_dbtt_TP_7e668ee637fc3ac5,NEAR_TIP_RETENTION_EXTREME,PEIERLS,1100.0,43609611.33104048,0.04218980773616621,640770455800.007,0.0,64014108.37583923,4.0691445222911335
oneD_v2_dbtt_TP_7e668ee637fc3ac5,NEAR_TIP_RETENTION_EXTREME,PEIERLS,1100.0,44009699.50838947,0.04218980773616621,640770455800.007,0.0,64014108.37583923,4.0691445222911335
oneD_v2_dbtt_TP_7e668ee637fc3ac5,NEAR_TIP_RETENTION_EXTREME,PEIERLS,1100.0,44409787.685738474,0.04218980773616621,640770455800.007,0.0,64014108.37583923,4.0691445222911335
oneD_v2_dbtt_TP_7e668ee637fc3ac5,NEAR_TIP_RETENTION_EXTREME,PEIERLS,1100.0,44809875.86308747,0.04218980773616621,640770455800.007,0.0,64014108.37583923,4.0691445222911335
oneD_v2_dbtt_TP_7e668ee637fc3ac5,NEAR_TIP_RETENTION_EXTREME,PEIERLS,1100.0,45209964.04043646,0.04218980773616621,640770455800.007,0.0,64014108.37583923,4.0691445222911335
oneD_v2_dbtt_TP_7e668ee637fc3ac5,NEAR_TIP_RETENTION_EXTREME,PEIERLS,1100.0,45610052.217785455,0.04218980773616621,640770455800.007,0.0,64014108.37583923,4.0691445222911335
oneD_v2_dbtt_TP_7e668ee637fc3ac5,NEAR_TIP_RETENTION_EXTREME,PEIERLS,1100.0,46010140.39513445,0.04218980773616621,640770455800.007,0.0,64014108.37583923,4.0691445222911335
oneD_v2_dbtt_TP_7e668ee637fc3ac5,NEAR_TIP_RETENTION_EXTREME,PEIERLS,1100.0,46410228.57248345,0.04218980773616621,640770455800.007,0.0,64014108.37583923,4.0691445222911335
oneD_v2_dbtt_TP_7e668ee637fc3ac5,NEAR_TIP_RETENTION_EXTREME,PEIERLS,1100.0,46810316.749832444,0.04218980773616621,640770455800.007,0.0,64014108.37583923,4.0691445222911335
oneD_v2_dbtt_TP_7e668ee637fc3ac5,NEAR_TIP_RETENTION_EXTREME,PEIERLS,1100.0,47210404.92718144,0.04218980773616621,640770455800.007,0.0,64014108.37583923,4.0691445222911335
oneD_v2_dbtt_TP_7e668ee637fc3ac5,NEAR_TIP_RETENTION_EXTREME,PEIERLS,1100.0,47610493.10453043,0.04218980773616621,640770455800.007,0.0,64014108.37583923,4.0691445222911335
oneD_v2_dbtt_TP_7e668ee637fc3ac5,NEAR_TIP_RETENTION_EXTREME,PEIERLS,1100.0,48010581.281879425,0.04218980773616621,640770455800.007,0.0,64014108.37583923,4.0691445222911335
oneD_v2_dbtt_TP_7e668ee637fc3ac5,NEAR_TIP_RETENTION_EXTREME,PEIERLS,1100.0,48410669.459228426,0.04218980773616621,640770455800.007,0.0,64014108.37583923,4.0691445222911335
oneD_v2_dbtt_TP_7e668ee637fc3ac5,NEAR_TIP_RETENTION_EXTREME,PEIERLS,1100.0,48810757.63657742,0.04218980773616621,640770455800.007,0.0,64014108.37583923,4.0691445222911335
oneD_v2_dbtt_TP_7e668ee637fc3ac5,NEAR_TIP_RETENTION_EXTREME,PEIERLS,1100.0,49210845.81392641,0.04218980773616621,640770455800.007,0.0,64014108.37583923,4.0691445222911335
oneD_v2_dbtt_TP_7e668ee637fc3ac5,NEAR_TIP_RETENTION_EXTREME,PEIERLS,1100.0,49610933.99127541,0.04218980773616621,640770455800.007,0.0,64014108.37583923,4.0691445222911335
oneD_v2_dbtt_TP_7e668ee637fc3ac5,NEAR_TIP_RETENTION_EXTREME,PEIERLS,1100.0,50011022.1686244,0.04218980773616621,640770455800.007,0.0,64014108.37583923,4.0691445222911335
oneD_v2_dbtt_TP_7e668ee637fc3ac5,NEAR_TIP_RETENTION_EXTREME,PEIERLS,1100.0,50411110.3459734,0.04218980773616621,640770455800.007,0.0,64014108.37583923,4.0691445222911335
oneD_v2_dbtt_TP_7e668ee637fc3ac5,NEAR_TIP_RETENTION_EXTREME,PEIERLS,1100.0,50811198.523322396,0.04218980773616621,640770455800.007,0.0,64014108.37583923,4.0691445222911335
oneD_v2_dbtt_TP_7e668ee637fc3ac5,NEAR_TIP_RETENTION_EXTREME,PEIERLS,1100.0,51211286.70067139,0.04218980773616621,640770455800.007,0.0,64014108.37583923,4.0691445222911335
oneD_v2_dbtt_TP_7e668ee637fc3ac5,NEAR_TIP_RETENTION_EXTREME,PEIERLS,1100.0,51611374.87802038,0.04218980773616621,640770455800.007,0.0,64014108.37583923,4.0691445222911335
oneD_v2_dbtt_TP_7e668ee637fc3ac5,NEAR_TIP_RETENTION_EXTREME,PEIERLS,1100.0,52011463.05536938,0.04218980773616621,640770455800.007,0.0,64014108.37583923,4.0691445222911335
oneD_v2_dbtt_TP_7e668ee637fc3ac5,NEAR_TIP_RETENTION_EXTREME,PEIERLS,1100.0,52411551.23271838,0.04218980773616621,640770455800.007,0.0,64014108.37583923,4.0691445222911335
oneD_v2_dbtt_TP_7e668ee637fc3ac5,NEAR_TIP_RETENTION_EXTREME,PEIERLS,1100.0,52811639.41006737,0.04218980773616621,640770455800.007,0.0,64014108.37583923,4.0691445222911335
oneD_v2_dbtt_TP_7e668ee637fc3ac5,NEAR_TIP_RETENTION_EXTREME,PEIERLS,1100.0,53211727.587416366,0.04218980773616621,640770455800.007,0.0,64014108.37583923,4.0691445222911335
oneD_v2_dbtt_TP_7e668ee637fc3ac5,NEAR_TIP_RETENTION_EXTREME,PEIERLS,1100.0,53611815.76476536,0.04218980773616621,640770455800.007,0.0,64014108.37583923,4.0691445222911335
oneD_v2_dbtt_TP_7e668ee637fc3ac5,NEAR_TIP_RETENTION_EXTREME,PEIERLS,1100.0,54011903.94211435,0.04218980773616621,640770455800.007,0.0,64014108.37583923,4.0691445222911335
oneD_v2_dbtt_TP_7e668ee637fc3ac5,NEAR_TIP_RETENTION_EXTREME,PEIERLS,1100.0,54411992.119463354,0.04218980773616621,640770455800.007,0.0,64014108.37583923,4.0691445222911335
oneD_v2_dbtt_TP_7e668ee637fc3ac5,NEAR_TIP_RETENTION_EXTREME,PEIERLS,1100.0,54812080.29681235,0.04218980773616621,640770455800.007,0.0,64014108.37583923,4.0691445222911335
oneD_v2_dbtt_TP_7e668ee637fc3ac5,NEAR_TIP_RETENTION_EXTREME,PEIERLS,1100.0,55212168.47416134,0.04218980773616621,640770455800.007,0.0,64014108.37583923,4.0691445222911335
oneD_v2_dbtt_TP_7e668ee637fc3ac5,NEAR_TIP_RETENTION_EXTREME,PEIERLS,1100.0,55612256.651510336,0.04218980773616621,640770455800.007,0.0,64014108.37583923,4.0691445222911335
oneD_v2_dbtt_TP_7e668ee637fc3ac5,NEAR_TIP_RETENTION_EXTREME,PEIERLS,1100.0,56012344.82885933,0.04218980773616621,640770455800.007,0.0,64014108.37583923,4.0691445222911335
oneD_v2_dbtt_TP_7e668ee637fc3ac5,NEAR_TIP_RETENTION_EXTREME,PEIERLS,1100.0,56412433.00620833,0.04218980773616621,640770455800.007,0.0,64014108.37583923,4.0691445222911335
oneD_v2_dbtt_TP_7e668ee637fc3ac5,NEAR_TIP_RETENTION_EXTREME,PEIERLS,1100.0,56812521.183557324,0.04218980773616621,640770455800.007,0.0,64014108.37583923,4.0691445222911335
oneD_v2_dbtt_TP_7e668ee637fc3ac5,NEAR_TIP_RETENTION_EXTREME,PEIERLS,1100.0,57212609.36090632,0.04218980773616621,640770455800.007,0.0,64014108.37583923,4.0691445222911335
oneD_v2_dbtt_TP_7e668ee637fc3ac5,NEAR_TIP_RETENTION_EXTREME,PEIERLS,1100.0,57612697.53825531,0.04218980773616621,640770455800.007,0.0,64014108.37583923,4.0691445222911335
oneD_v2_dbtt_TP_7e668ee637fc3ac5,NEAR_TIP_RETENTION_EXTREME,PEIERLS,1100.0,58012785.715604305,0.04218980773616621,640770455800.007,0.0,64014108.37583923,4.0691445222911335
oneD_v2_dbtt_TP_7e668ee637fc3ac5,NEAR_TIP_RETENTION_EXTREME,PEIERLS,1100.0,58412873.89295331,0.04218980773616621,640770455800.007,0.0,64014108.37583923,4.0691445222911335
oneD_v2_dbtt_TP_7e668ee637fc3ac5,NEAR_TIP_RETENTION_EXTREME,PEIERLS,1100.0,58812962.0703023,0.04218980773616621,640770455800.007,0.0,64014108.37583923,4.0691445222911335
oneD_v2_dbtt_TP_7e668ee637fc3ac5,NEAR_TIP_RETENTION_EXTREME,PEIERLS,1100.0,59213050.247651294,0.04218980773616621,640770455800.007,0.0,64014108.37583923,4.0691445222911335
oneD_v2_dbtt_TP_7e668ee637fc3ac5,NEAR_TIP_RETENTION_EXTREME,PEIERLS,1100.0,59613138.42500029,0.04218980773616621,640770455800.007,0.0,64014108.37583923,4.0691445222911335
oneD_v2_dbtt_TP_7e668ee637fc3ac5,NEAR_TIP_RETENTION_EXTREME,PEIERLS,1100.0,60013226.60234928,0.04218980773616621,640770455800.007,0.0,64014108.37583923,4.0691445222911335
oneD_v2_dbtt_TP_7e668ee637fc3ac5,NEAR_TIP_RETENTION_EXTREME,PEIERLS,1100.0,60413314.77969828,0.04218980773616621,640770455800.007,0.0,64014108.37583923,4.0691445222911335
oneD_v2_dbtt_TP_7e668ee637fc3ac5,NEAR_TIP_RETENTION_EXTREME,PEIERLS,1100.0,60813402.957047276,0.04218980773616621,640770455800.007,0.0,64014108.37583923,4.0691445222911335
oneD_v2_dbtt_TP_7e668ee637fc3ac5,NEAR_TIP_RETENTION_EXTREME,PEIERLS,1100.0,61213491.13439627,0.04218980773616621,640770455800.007,0.0,64014108.37583923,4.0691445222911335
oneD_v2_dbtt_TP_7e668ee637fc3ac5,NEAR_TIP_RETENTION_EXTREME,PEIERLS,1100.0,61613579.31174526,0.04218980773616621,640770455800.007,0.0,64014108.37583923,4.0691445222911335
oneD_v2_dbtt_TP_7e668ee637fc3ac5,NEAR_TIP_RETENTION_EXTREME,PEIERLS,1100.0,62013667.48909426,0.04218980773616621,640770455800.007,0.0,64014108.37583923,4.0691445222911335
oneD_v2_dbtt_TP_7e668ee637fc3ac5,NEAR_TIP_RETENTION_EXTREME,PEIERLS,1100.0,62413755.66644326,0.04218980773616621,640770455800.007,0.0,64014108.37583923,4.0691445222911335
oneD_v2_dbtt_TP_7e668ee637fc3ac5,NEAR_TIP_RETENTION_EXTREME,PEIERLS,1100.0,62813843.84379225,0.04218980773616621,640770455800.007,0.0,64014108.37583923,4.0691445222911335
oneD_v2_dbtt_TP_7e668ee637fc3ac5,NEAR_TIP_RETENTION_EXTREME,PEIERLS,1100.0,63213932.021141246,0.04218980773616621,640770455800.007,0.0,64014108.37583923,4.0691445222911335
oneD_v2_dbtt_TP_7e668ee637fc3ac5,NEAR_TIP_RETENTION_EXTREME,PEIERLS,1100.0,63614020.19849024,0.04218980773616621,640770455800.007,0.0,64014108.37583923,4.0691445222911335
oneD_v2_dbtt_TP_7e668ee637fc3ac5,NEAR_TIP_RETENTION_EXTREME,PEIERLS,1100.0,64014108.37583923,0.04218980773616621,640770455800.007,0.0,64014108.37583923,4.0691445222911335
oneD_v2_dbtt_TP_7e668ee637fc3ac5,NEAR_TIP_RETENTION_EXTREME,TAYLOR_COMPLETION_SINGLE_HIT,1100.0,0.0,1e-12,99999999998.94504,0.0,27281886887.92859,1e-12
oneD_v2_dbtt_TP_7e668ee637fc3ac5,NEAR_TIP_RETENTION_EXTREME,TAYLOR_COMPLETION_SINGLE_HIT,1100.0,170511793.0495537,9.5e-13,99999999998.99779,0.0,27281886887.92859,1e-12
oneD_v2_dbtt_TP_7e668ee637fc3ac5,NEAR_TIP_RETENTION_EXTREME,TAYLOR_COMPLETION_SINGLE_HIT,1100.0,341023586.0991074,9.5e-13,99999999998.99779,0.0,27281886887.92859,1e-12
oneD_v2_dbtt_TP_7e668ee637fc3ac5,NEAR_TIP_RETENTION_EXTREME,TAYLOR_COMPLETION_SINGLE_HIT,1100.0,511535379.1486611,9.5e-13,99999999998.99779,0.0,27281886887.92859,1e-12
oneD_v2_dbtt_TP_7e668ee637fc3ac5,NEAR_TIP_RETENTION_EXTREME,TAYLOR_COMPLETION_SINGLE_HIT,1100.0,682047172.1982148,9.5e-13,99999999998.99779,0.0,27281886887.92859,1e-12
oneD_v2_dbtt_TP_7e668ee637fc3ac5,NEAR_TIP_RETENTION_EXTREME,TAYLOR_COMPLETION_SINGLE_HIT,1100.0,852558965.2477684,9.5e-13,99999999998.99779,0.0,27281886887.92859,1e-12
oneD_v2_dbtt_TP_7e668ee637fc3ac5,NEAR_TIP_RETENTION_EXTREME,TAYLOR_COMPLETION_SINGLE_HIT,1100.0,1023070758.2973222,9.5e-13,99999999998.99779,0.0,27281886887.92859,1e-12
oneD_v2_dbtt_TP_7e668ee637fc3ac5,NEAR_TIP_RETENTION_EXTREME,TAYLOR_COMPLETION_SINGLE_HIT,1100.0,1193582551.346876,9.5e-13,99999999998.99779,0.0,27281886887.92859,1e-12
oneD_v2_dbtt_TP_7e668ee637fc3ac5,NEAR_TIP_RETENTION_EXTREME,TAYLOR_COMPLETION_SINGLE_HIT,1100.0,1364094344.3964295,9.5e-13,99999999998.99779,0.0,27281886887.92859,1e-12
oneD_v2_dbtt_TP_7e668ee637fc3ac5,NEAR_TIP_RETENTION_EXTREME,TAYLOR_COMPLETION_SINGLE_HIT,1100.0,1534606137.4459832,9.5e-13,99999999998.99779,0.0,27281886887.92859,1e-12
oneD_v2_dbtt_TP_7e668ee637fc3ac5,NEAR_TIP_RETENTION_EXTREME,TAYLOR_COMPLETION_SINGLE_HIT,1100.0,1705117930.4955368,9.5e-13,99999999998.99779,0.0,27281886887.92859,1e-12
oneD_v2_dbtt_TP_7e668ee637fc3ac5,NEAR_TIP_RETENTION_EXTREME,TAYLOR_COMPLETION_SINGLE_HIT,1100.0,1875629723.5450907,9.5e-13,99999999998.99779,0.0,27281886887.92859,1e-12
oneD_v2_dbtt_TP_7e668ee637fc3ac5,NEAR_TIP_RETENTION_EXTREME,TAYLOR_COMPLETION_SINGLE_HIT,1100.0,2046141516.5946443,9.5e-13,99999999998.99779,0.0,27281886887.92859,1e-12
oneD_v2_dbtt_TP_7e668ee637fc3ac5,NEAR_TIP_RETENTION_EXTREME,TAYLOR_COMPLETION_SINGLE_HIT,1100.0,2216653309.644198,9.5e-13,99999999998.99779,0.0,27281886887.92859,1e-12
oneD_v2_dbtt_TP_7e668ee637fc3ac5,NEAR_TIP_RETENTION_EXTREME,TAYLOR_COMPLETION_SINGLE_HIT,1100.0,2387165102.693752,9.5e-13,99999999998.99779,0.0,27281886887.92859,1e-12
oneD_v2_dbtt_TP_7e668ee637fc3ac5,NEAR_TIP_RETENTION_EXTREME,TAYLOR_COMPLETION_SINGLE_HIT,1100.0,2557676895.743305,9.5e-13,99999999998.99779,0.0,27281886887.92859,1e-12
oneD_v2_dbtt_TP_7e668ee637fc3ac5,NEAR_TIP_RETENTION_EXTREME,TAYLOR_COMPLETION_SINGLE_HIT,1100.0,2728188688.792859,9.5e-13,99999999998.99779,0.0,27281886887.92859,1e-12
oneD_v2_dbtt_TP_7e668ee637fc3ac5,NEAR_TIP_RETENTION_EXTREME,TAYLOR_COMPLETION_SINGLE_HIT,1100.0,2898700481.842413,9.5e-13,99999999998.99779,0.0,27281886887.92859,1e-12
oneD_v2_dbtt_TP_7e668ee637fc3ac5,NEAR_TIP_RETENTION_EXTREME,TAYLOR_COMPLETION_SINGLE_HIT,1100.0,3069212274.8919663,9.5e-13,99999999998.99779,0.0,27281886887.92859,1e-12
oneD_v2_dbtt_TP_7e668ee637fc3ac5,NEAR_TIP_RETENTION_EXTREME,TAYLOR_COMPLETION_SINGLE_HIT,1100.0,3239724067.94152,9.5e-13,99999999998.99779,0.0,27281886887.92859,1e-12
oneD_v2_dbtt_TP_7e668ee637fc3ac5,NEAR_TIP_RETENTION_EXTREME,TAYLOR_COMPLETION_SINGLE_HIT,1100.0,3410235860.9910736,9.5e-13,99999999998.99779,0.0,27281886887.92859,1e-12
oneD_v2_dbtt_TP_7e668ee637fc3ac5,NEAR_TIP_RETENTION_EXTREME,TAYLOR_COMPLETION_SINGLE_HIT,1100.0,3580747654.0406275,9.5e-13,99999999998.99779,0.0,27281886887.92859,1e-12
oneD_v2_dbtt_TP_7e668ee637fc3ac5,NEAR_TIP_RETENTION_EXTREME,TAYLOR_COMPLETION_SINGLE_HIT,1100.0,3751259447.0901814,9.5e-13,99999999998.99779,0.0,27281886887.92859,1e-12
oneD_v2_dbtt_TP_7e668ee637fc3ac5,NEAR_TIP_RETENTION_EXTREME,TAYLOR_COMPLETION_SINGLE_HIT,1100.0,3921771240.1397347,9.5e-13,99999999998.99779,0.0,27281886887.92859,1e-12
oneD_v2_dbtt_TP_7e668ee637fc3ac5,NEAR_TIP_RETENTION_EXTREME,TAYLOR_COMPLETION_SINGLE_HIT,1100.0,4092283033.1892886,9.5e-13,99999999998.99779,0.0,27281886887.92859,1e-12
oneD_v2_dbtt_TP_7e668ee637fc3ac5,NEAR_TIP_RETENTION_EXTREME,TAYLOR_COMPLETION_SINGLE_HIT,1100.0,4262794826.2388425,9.5e-13,99999999998.99779,0.0,27281886887.92859,1e-12
oneD_v2_dbtt_TP_7e668ee637fc3ac5,NEAR_TIP_RETENTION_EXTREME,TAYLOR_COMPLETION_SINGLE_HIT,1100.0,4433306619.288396,9.5e-13,99999999998.99779,0.0,27281886887.92859,1e-12
oneD_v2_dbtt_TP_7e668ee637fc3ac5,NEAR_TIP_RETENTION_EXTREME,TAYLOR_COMPLETION_SINGLE_HIT,1100.0,4603818412.33795,9.5e-13,99999999998.99779,0.0,27281886887.92859,1e-12
oneD_v2_dbtt_TP_7e668ee637fc3ac5,NEAR_TIP_RETENTION_EXTREME,TAYLOR_COMPLETION_SINGLE_HIT,1100.0,4774330205.387504,9.5e-13,99999999998.99779,0.0,27281886887.92859,1e-12
oneD_v2_dbtt_TP_7e668ee637fc3ac5,NEAR_TIP_RETENTION_EXTREME,TAYLOR_COMPLETION_SINGLE_HIT,1100.0,4944841998.4370575,9.5e-13,99999999998.99779,0.0,27281886887.92859,1e-12
oneD_v2_dbtt_TP_7e668ee637fc3ac5,NEAR_TIP_RETENTION_EXTREME,TAYLOR_COMPLETION_SINGLE_HIT,1100.0,5115353791.48661,9.5e-13,99999999998.99779,0.0,27281886887.92859,1e-12
oneD_v2_dbtt_TP_7e668ee637fc3ac5,NEAR_TIP_RETENTION_EXTREME,TAYLOR_COMPLETION_SINGLE_HIT,1100.0,5285865584.536164,9.5e-13,99999999998.99779,0.0,27281886887.92859,1e-12
oneD_v2_dbtt_TP_7e668ee637fc3ac5,NEAR_TIP_RETENTION_EXTREME,TAYLOR_COMPLETION_SINGLE_HIT,1100.0,5456377377.585718,9.5e-13,99999999998.99779,0.0,27281886887.92859,1e-12
oneD_v2_dbtt_TP_7e668ee637fc3ac5,NEAR_TIP_RETENTION_EXTREME,TAYLOR_COMPLETION_SINGLE_HIT,1100.0,5626889170.635272,9.5e-13,99999999998.99779,0.0,27281886887.92859,1e-12
oneD_v2_dbtt_TP_7e668ee637fc3ac5,NEAR_TIP_RETENTION_EXTREME,TAYLOR_COMPLETION_SINGLE_HIT,1100.0,5797400963.684826,9.5e-13,99999999998.99779,0.0,27281886887.92859,1e-12
oneD_v2_dbtt_TP_7e668ee637fc3ac5,NEAR_TIP_RETENTION_EXTREME,TAYLOR_COMPLETION_SINGLE_HIT,1100.0,5967912756.734379,9.5e-13,99999999998.99779,0.0,27281886887.92859,1e-12
oneD_v2_dbtt_TP_7e668ee637fc3ac5,NEAR_TIP_RETENTION_EXTREME,TAYLOR_COMPLETION_SINGLE_HIT,1100.0,6138424549.783933,9.5e-13,99999999998.99779,0.0,27281886887.92859,1e-12
oneD_v2_dbtt_TP_7e668ee637fc3ac5,NEAR_TIP_RETENTION_EXTREME,TAYLOR_COMPLETION_SINGLE_HIT,1100.0,6308936342.833487,9.5e-13,99999999998.99779,0.0,27281886887.92859,1e-12
oneD_v2_dbtt_TP_7e668ee637fc3ac5,NEAR_TIP_RETENTION_EXTREME,TAYLOR_COMPLETION_SINGLE_HIT,1100.0,6479448135.88304,9.5e-13,99999999998.99779,0.0,27281886887.92859,1e-12
oneD_v2_dbtt_TP_7e668ee637fc3ac5,NEAR_TIP_RETENTION_EXTREME,TAYLOR_COMPLETION_SINGLE_HIT,1100.0,6649959928.932594,9.5e-13,99999999998.99779,0.0,27281886887.92859,1e-12
oneD_v2_dbtt_TP_7e668ee637fc3ac5,NEAR_TIP_RETENTION_EXTREME,TAYLOR_COMPLETION_SINGLE_HIT,1100.0,6820471721.982147,9.5e-13,99999999998.99779,0.0,27281886887.92859,1e-12
oneD_v2_dbtt_TP_7e668ee637fc3ac5,NEAR_TIP_RETENTION_EXTREME,TAYLOR_COMPLETION_SINGLE_HIT,1100.0,6990983515.031701,9.5e-13,99999999998.99779,0.0,27281886887.92859,1e-12
oneD_v2_dbtt_TP_7e668ee637fc3ac5,NEAR_TIP_RETENTION_EXTREME,TAYLOR_COMPLETION_SINGLE_HIT,1100.0,7161495308.081255,9.5e-13,99999999998.99779,0.0,27281886887.92859,1e-12
oneD_v2_dbtt_TP_7e668ee637fc3ac5,NEAR_TIP_RETENTION_EXTREME,TAYLOR_COMPLETION_SINGLE_HIT,1100.0,7332007101.130809,9.5e-13,99999999998.99779,0.0,27281886887.92859,1e-12
oneD_v2_dbtt_TP_7e668ee637fc3ac5,NEAR_TIP_RETENTION_EXTREME,TAYLOR_COMPLETION_SINGLE_HIT,1100.0,7502518894.180363,9.5e-13,99999999998.99779,0.0,27281886887.92859,1e-12
oneD_v2_dbtt_TP_7e668ee637fc3ac5,NEAR_TIP_RETENTION_EXTREME,TAYLOR_COMPLETION_SINGLE_HIT,1100.0,7673030687.229917,9.5e-13,99999999998.99779,0.0,27281886887.92859,1e-12
oneD_v2_dbtt_TP_7e668ee637fc3ac5,NEAR_TIP_RETENTION_EXTREME,TAYLOR_COMPLETION_SINGLE_HIT,1100.0,7843542480.2794695,9.5e-13,99999999998.99779,0.0,27281886887.92859,1e-12
oneD_v2_dbtt_TP_7e668ee637fc3ac5,NEAR_TIP_RETENTION_EXTREME,TAYLOR_COMPLETION_SINGLE_HIT,1100.0,8014054273.329023,9.5e-13,99999999998.99779,0.0,27281886887.92859,1e-12
oneD_v2_dbtt_TP_7e668ee637fc3ac5,NEAR_TIP_RETENTION_EXTREME,TAYLOR_COMPLETION_SINGLE_HIT,1100.0,8184566066.378577,9.5e-13,99999999998.99779,0.0,27281886887.92859,1e-12
oneD_v2_dbtt_TP_7e668ee637fc3ac5,NEAR_TIP_RETENTION_EXTREME,TAYLOR_COMPLETION_SINGLE_HIT,1100.0,8355077859.428131,9.5e-13,99999999998.99779,0.0,27281886887.92859,1e-12
oneD_v2_dbtt_TP_7e668ee637fc3ac5,NEAR_TIP_RETENTION_EXTREME,TAYLOR_COMPLETION_SINGLE_HIT,1100.0,8525589652.477685,9.5e-13,99999999998.99779,0.0,27281886887.92859,1e-12
oneD_v2_dbtt_TP_7e668ee637fc3ac5,NEAR_TIP_RETENTION_EXTREME,TAYLOR_COMPLETION_SINGLE_HIT,1100.0,8696101445.527239,9.5e-13,99999999998.99779,0.0,27281886887.92859,1e-12
oneD_v2_dbtt_TP_7e668ee637fc3ac5,NEAR_TIP_RETENTION_EXTREME,TAYLOR_COMPLETION_SINGLE_HIT,1100.0,8866613238.576792,9.5e-13,99999999998.99779,0.0,27281886887.92859,1e-12
oneD_v2_dbtt_TP_7e668ee637fc3ac5,NEAR_TIP_RETENTION_EXTREME,TAYLOR_COMPLETION_SINGLE_HIT,1100.0,9037125031.626347,9.5e-13,99999999998.99779,0.0,27281886887.92859,1e-12
oneD_v2_dbtt_TP_7e668ee637fc3ac5,NEAR_TIP_RETENTION_EXTREME,TAYLOR_COMPLETION_SINGLE_HIT,1100.0,9207636824.6759,9.5e-13,99999999998.99779,0.0,27281886887.92859,1e-12
oneD_v2_dbtt_TP_7e668ee637fc3ac5,NEAR_TIP_RETENTION_EXTREME,TAYLOR_COMPLETION_SINGLE_HIT,1100.0,9378148617.725452,9.5e-13,99999999998.99779,0.0,27281886887.92859,1e-12
oneD_v2_dbtt_TP_7e668ee637fc3ac5,NEAR_TIP_RETENTION_EXTREME,TAYLOR_COMPLETION_SINGLE_HIT,1100.0,9548660410.775007,9.5e-13,99999999998.99779,0.0,27281886887.92859,1e-12
oneD_v2_dbtt_TP_7e668ee637fc3ac5,NEAR_TIP_RETENTION_EXTREME,TAYLOR_COMPLETION_SINGLE_HIT,1100.0,9719172203.82456,9.5e-13,99999999998.99779,0.0,27281886887.92859,1e-12
oneD_v2_dbtt_TP_7e668ee637fc3ac5,NEAR_TIP_RETENTION_EXTREME,TAYLOR_COMPLETION_SINGLE_HIT,1100.0,9889683996.874115,9.5e-13,99999999998.99779,0.0,27281886887.92859,1e-12
oneD_v2_dbtt_TP_7e668ee637fc3ac5,NEAR_TIP_RETENTION_EXTREME,TAYLOR_COMPLETION_SINGLE_HIT,1100.0,10060195789.923668,9.5e-13,99999999998.99779,0.0,27281886887.92859,1e-12
oneD_v2_dbtt_TP_7e668ee637fc3ac5,NEAR_TIP_RETENTION_EXTREME,TAYLOR_COMPLETION_SINGLE_HIT,1100.0,10230707582.97322,9.5e-13,99999999998.99779,0.0,27281886887.92859,1e-12
oneD_v2_dbtt_TP_7e668ee637fc3ac5,NEAR_TIP_RETENTION_EXTREME,TAYLOR_COMPLETION_SINGLE_HIT,1100.0,10401219376.022776,9.5e-13,99999999998.99779,0.0,27281886887.92859,1e-12
oneD_v2_dbtt_TP_7e668ee637fc3ac5,NEAR_TIP_RETENTION_EXTREME,TAYLOR_COMPLETION_SINGLE_HIT,1100.0,10571731169.072329,9.5e-13,99999999998.99779,0.0,27281886887.92859,1e-12
oneD_v2_dbtt_TP_7e668ee637fc3ac5,NEAR_TIP_RETENTION_EXTREME,TAYLOR_COMPLETION_SINGLE_HIT,1100.0,10742242962.121883,9.5e-13,99999999998.99779,0.0,27281886887.92859,1e-12
oneD_v2_dbtt_TP_7e668ee637fc3ac5,NEAR_TIP_RETENTION_EXTREME,TAYLOR_COMPLETION_SINGLE_HIT,1100.0,10912754755.171436,9.5e-13,99999999998.99779,0.0,27281886887.92859,1e-12
oneD_v2_dbtt_TP_7e668ee637fc3ac5,NEAR_TIP_RETENTION_EXTREME,TAYLOR_COMPLETION_SINGLE_HIT,1100.0,11083266548.22099,9.5e-13,99999999998.99779,0.0,27281886887.92859,1e-12
oneD_v2_dbtt_TP_7e668ee637fc3ac5,NEAR_TIP_RETENTION_EXTREME,TAYLOR_COMPLETION_SINGLE_HIT,1100.0,11253778341.270544,9.5e-13,99999999998.99779,0.0,27281886887.92859,1e-12
oneD_v2_dbtt_TP_7e668ee637fc3ac5,NEAR_TIP_RETENTION_EXTREME,TAYLOR_COMPLETION_SINGLE_HIT,1100.0,11424290134.320097,9.5e-13,99999999998.99779,0.0,27281886887.92859,1e-12
oneD_v2_dbtt_TP_7e668ee637fc3ac5,NEAR_TIP_RETENTION_EXTREME,TAYLOR_COMPLETION_SINGLE_HIT,1100.0,11594801927.369652,9.5e-13,99999999998.99779,0.0,27281886887.92859,1e-12
oneD_v2_dbtt_TP_7e668ee637fc3ac5,NEAR_TIP_RETENTION_EXTREME,TAYLOR_COMPLETION_SINGLE_HIT,1100.0,11765313720.419205,9.5e-13,99999999998.99779,0.0,27281886887.92859,1e-12
oneD_v2_dbtt_TP_7e668ee637fc3ac5,NEAR_TIP_RETENTION_EXTREME,TAYLOR_COMPLETION_SINGLE_HIT,1100.0,11935825513.468758,9.5e-13,99999999998.99779,0.0,27281886887.92859,1e-12
oneD_v2_dbtt_TP_7e668ee637fc3ac5,NEAR_TIP_RETENTION_EXTREME,TAYLOR_COMPLETION_SINGLE_HIT,1100.0,12106337306.518312,9.5e-13,99999999998.99779,0.0,27281886887.92859,1e-12
oneD_v2_dbtt_TP_7e668ee637fc3ac5,NEAR_TIP_RETENTION_EXTREME,TAYLOR_COMPLETION_SINGLE_HIT,1100.0,12276849099.567865,9.5e-13,99999999998.99779,0.0,27281886887.92859,1e-12
oneD_v2_dbtt_TP_7e668ee637fc3ac5,NEAR_TIP_RETENTION_EXTREME,TAYLOR_COMPLETION_SINGLE_HIT,1100.0,12447360892.61742,9.5e-13,99999999998.99779,0.0,27281886887.92859,1e-12
oneD_v2_dbtt_TP_7e668ee637fc3ac5,NEAR_TIP_RETENTION_EXTREME,TAYLOR_COMPLETION_SINGLE_HIT,1100.0,12617872685.666973,9.5e-13,99999999998.99779,0.0,27281886887.92859,1e-12
oneD_v2_dbtt_TP_7e668ee637fc3ac5,NEAR_TIP_RETENTION_EXTREME,TAYLOR_COMPLETION_SINGLE_HIT,1100.0,12788384478.716526,9.5e-13,99999999998.99779,0.0,27281886887.92859,1e-12
oneD_v2_dbtt_TP_7e668ee637fc3ac5,NEAR_TIP_RETENTION_EXTREME,TAYLOR_COMPLETION_SINGLE_HIT,1100.0,12958896271.76608,9.5e-13,99999999998.99779,0.0,27281886887.92859,1e-12
oneD_v2_dbtt_TP_7e668ee637fc3ac5,NEAR_TIP_RETENTION_EXTREME,TAYLOR_COMPLETION_SINGLE_HIT,1100.0,13129408064.815634,9.5e-13,99999999998.99779,0.0,27281886887.92859,1e-12
oneD_v2_dbtt_TP_7e668ee637fc3ac5,NEAR_TIP_RETENTION_EXTREME,TAYLOR_COMPLETION_SINGLE_HIT,1100.0,13299919857.865189,9.5e-13,99999999998.99779,0.0,27281886887.92859,1e-12
oneD_v2_dbtt_TP_7e668ee637fc3ac5,NEAR_TIP_RETENTION_EXTREME,TAYLOR_COMPLETION_SINGLE_HIT,1100.0,13470431650.914742,9.5e-13,99999999998.99779,0.0,27281886887.92859,1e-12
oneD_v2_dbtt_TP_7e668ee637fc3ac5,NEAR_TIP_RETENTION_EXTREME,TAYLOR_COMPLETION_SINGLE_HIT,1100.0,13640943443.964294,9.5e-13,99999999998.99779,0.0,27281886887.92859,1e-12
oneD_v2_dbtt_TP_7e668ee637fc3ac5,NEAR_TIP_RETENTION_EXTREME,TAYLOR_COMPLETION_SINGLE_HIT,1100.0,13811455237.01385,9.5e-13,99999999998.99779,0.0,27281886887.92859,1e-12
oneD_v2_dbtt_TP_7e668ee637fc3ac5,NEAR_TIP_RETENTION_EXTREME,TAYLOR_COMPLETION_SINGLE_HIT,1100.0,13981967030.063402,9.5e-13,99999999998.99779,0.0,27281886887.92859,1e-12
oneD_v2_dbtt_TP_7e668ee637fc3ac5,NEAR_TIP_RETENTION_EXTREME,TAYLOR_COMPLETION_SINGLE_HIT,1100.0,14152478823.112957,9.5e-13,99999999998.99779,0.0,27281886887.92859,1e-12
oneD_v2_dbtt_TP_7e668ee637fc3ac5,NEAR_TIP_RETENTION_EXTREME,TAYLOR_COMPLETION_SINGLE_HIT,1100.0,14322990616.16251,9.5e-13,99999999998.99779,0.0,27281886887.92859,1e-12
oneD_v2_dbtt_TP_7e668ee637fc3ac5,NEAR_TIP_RETENTION_EXTREME,TAYLOR_COMPLETION_SINGLE_HIT,1100.0,14493502409.212065,9.5e-13,99999999998.99779,0.0,27281886887.92859,1e-12
oneD_v2_dbtt_TP_7e668ee637fc3ac5,NEAR_TIP_RETENTION_EXTREME,TAYLOR_COMPLETION_SINGLE_HIT,1100.0,14664014202.261618,9.5e-13,99999999998.99779,0.0,27281886887.92859,1e-12
oneD_v2_dbtt_TP_7e668ee637fc3ac5,NEAR_TIP_RETENTION_EXTREME,TAYLOR_COMPLETION_SINGLE_HIT,1100.0,14834525995.31117,9.5e-13,99999999998.99779,0.0,27281886887.92859,1e-12
oneD_v2_dbtt_TP_7e668ee637fc3ac5,NEAR_TIP_RETENTION_EXTREME,TAYLOR_COMPLETION_SINGLE_HIT,1100.0,15005037788.360725,9.5e-13,99999999998.99779,0.0,27281886887.92859,1e-12
oneD_v2_dbtt_TP_7e668ee637fc3ac5,NEAR_TIP_RETENTION_EXTREME,TAYLOR_COMPLETION_SINGLE_HIT,1100.0,15175549581.410278,9.5e-13,99999999998.99779,0.0,27281886887.92859,1e-12
oneD_v2_dbtt_TP_7e668ee637fc3ac5,NEAR_TIP_RETENTION_EXTREME,TAYLOR_COMPLETION_SINGLE_HIT,1100.0,15346061374.459833,9.5e-13,99999999998.99779,0.0,27281886887.92859,1e-12
oneD_v2_dbtt_TP_7e668ee637fc3ac5,NEAR_TIP_RETENTION_EXTREME,TAYLOR_COMPLETION_SINGLE_HIT,1100.0,15516573167.509386,9.5e-13,99999999998.99779,0.0,27281886887.92859,1e-12
oneD_v2_dbtt_TP_7e668ee637fc3ac5,NEAR_TIP_RETENTION_EXTREME,TAYLOR_COMPLETION_SINGLE_HIT,1100.0,15687084960.558939,9.5e-13,99999999998.99779,0.0,27281886887.92859,1e-12
oneD_v2_dbtt_TP_7e668ee637fc3ac5,NEAR_TIP_RETENTION_EXTREME,TAYLOR_COMPLETION_SINGLE_HIT,1100.0,15857596753.608494,9.5e-13,99999999998.99779,0.0,27281886887.92859,1e-12
oneD_v2_dbtt_TP_7e668ee637fc3ac5,NEAR_TIP_RETENTION_EXTREME,TAYLOR_COMPLETION_SINGLE_HIT,1100.0,16028108546.658047,9.5e-13,99999999998.99779,0.0,27281886887.92859,1e-12
oneD_v2_dbtt_TP_7e668ee637fc3ac5,NEAR_TIP_RETENTION_EXTREME,TAYLOR_COMPLETION_SINGLE_HIT,1100.0,16198620339.707602,9.5e-13,99999999998.99779,0.0,27281886887.92859,1e-12
oneD_v2_dbtt_TP_7e668ee637fc3ac5,NEAR_TIP_RETENTION_EXTREME,TAYLOR_COMPLETION_SINGLE_HIT,1100.0,16369132132.757154,9.5e-13,99999999998.99779,0.0,27281886887.92859,1e-12
oneD_v2_dbtt_TP_7e668ee637fc3ac5,NEAR_TIP_RETENTION_EXTREME,TAYLOR_COMPLETION_SINGLE_HIT,1100.0,16539643925.806707,9.5e-13,99999999998.99779,0.0,27281886887.92859,1e-12
oneD_v2_dbtt_TP_7e668ee637fc3ac5,NEAR_TIP_RETENTION_EXTREME,TAYLOR_COMPLETION_SINGLE_HIT,1100.0,16710155718.856262,9.5e-13,99999999998.99779,0.0,27281886887.92859,1e-12
oneD_v2_dbtt_TP_7e668ee637fc3ac5,NEAR_TIP_RETENTION_EXTREME,TAYLOR_COMPLETION_SINGLE_HIT,1100.0,16880667511.905815,9.5e-13,99999999998.99779,0.0,27281886887.92859,1e-12
oneD_v2_dbtt_TP_7e668ee637fc3ac5,NEAR_TIP_RETENTION_EXTREME,TAYLOR_COMPLETION_SINGLE_HIT,1100.0,17051179304.95537,9.5e-13,99999999998.99779,0.0,27281886887.92859,1e-12
oneD_v2_dbtt_TP_7e668ee637fc3ac5,NEAR_TIP_RETENTION_EXTREME,TAYLOR_COMPLETION_SINGLE_HIT,1100.0,17221691098.004925,9.5e-13,99999999998.99779,0.0,27281886887.92859,1e-12
oneD_v2_dbtt_TP_7e668ee637fc3ac5,NEAR_TIP_RETENTION_EXTREME,TAYLOR_COMPLETION_SINGLE_HIT,1100.0,17392202891.054478,9.5e-13,99999999998.99779,0.0,27281886887.92859,1e-12
oneD_v2_dbtt_TP_7e668ee637fc3ac5,NEAR_TIP_RETENTION_EXTREME,TAYLOR_COMPLETION_SINGLE_HIT,1100.0,17562714684.10403,9.5e-13,99999999998.99779,0.0,27281886887.92859,1e-12
oneD_v2_dbtt_TP_7e668ee637fc3ac5,NEAR_TIP_RETENTION_EXTREME,TAYLOR_COMPLETION_SINGLE_HIT,1100.0,17733226477.153584,9.5e-13,99999999998.99779,0.0,27281886887.92859,1e-12
oneD_v2_dbtt_TP_7e668ee637fc3ac5,NEAR_TIP_RETENTION_EXTREME,TAYLOR_COMPLETION_SINGLE_HIT,1100.0,17903738270.203136,9.5e-13,99999999998.99779,0.0,27281886887.92859,1e-12
oneD_v2_dbtt_TP_7e668ee637fc3ac5,NEAR_TIP_RETENTION_EXTREME,TAYLOR_COMPLETION_SINGLE_HIT,1100.0,18074250063.252693,9.5e-13,99999999998.99779,0.0,27281886887.92859,1e-12
oneD_v2_dbtt_TP_7e668ee637fc3ac5,NEAR_TIP_RETENTION_EXTREME,TAYLOR_COMPLETION_SINGLE_HIT,1100.0,18244761856.302246,9.5e-13,99999999998.99779,0.0,27281886887.92859,1e-12
oneD_v2_dbtt_TP_7e668ee637fc3ac5,NEAR_TIP_RETENTION_EXTREME,TAYLOR_COMPLETION_SINGLE_HIT,1100.0,18415273649.3518,9.5e-13,99999999998.99779,0.0,27281886887.92859,1e-12
oneD_v2_dbtt_TP_7e668ee637fc3ac5,NEAR_TIP_RETENTION_EXTREME,TAYLOR_COMPLETION_SINGLE_HIT,1100.0,18585785442.401352,9.5e-13,99999999998.99779,0.0,27281886887.92859,1e-12
oneD_v2_dbtt_TP_7e668ee637fc3ac5,NEAR_TIP_RETENTION_EXTREME,TAYLOR_COMPLETION_SINGLE_HIT,1100.0,18756297235.450905,9.5e-13,99999999998.99779,0.0,27281886887.92859,1e-12
oneD_v2_dbtt_TP_7e668ee637fc3ac5,NEAR_TIP_RETENTION_EXTREME,TAYLOR_COMPLETION_SINGLE_HIT,1100.0,18926809028.50046,9.5e-13,99999999998.99779,0.0,27281886887.92859,1e-12
oneD_v2_dbtt_TP_7e668ee637fc3ac5,NEAR_TIP_RETENTION_EXTREME,TAYLOR_COMPLETION_SINGLE_HIT,1100.0,19097320821.550014,9.5e-13,99999999998.99779,0.0,27281886887.92859,1e-12
oneD_v2_dbtt_TP_7e668ee637fc3ac5,NEAR_TIP_RETENTION_EXTREME,TAYLOR_COMPLETION_SINGLE_HIT,1100.0,19267832614.599567,9.5e-13,99999999998.99779,0.0,27281886887.92859,1e-12
oneD_v2_dbtt_TP_7e668ee637fc3ac5,NEAR_TIP_RETENTION_EXTREME,TAYLOR_COMPLETION_SINGLE_HIT,1100.0,19438344407.64912,9.5e-13,99999999998.99779,0.0,27281886887.92859,1e-12
oneD_v2_dbtt_TP_7e668ee637fc3ac5,NEAR_TIP_RETENTION_EXTREME,TAYLOR_COMPLETION_SINGLE_HIT,1100.0,19608856200.698673,9.5e-13,99999999998.99779,0.0,27281886887.92859,1e-12
oneD_v2_dbtt_TP_7e668ee637fc3ac5,NEAR_TIP_RETENTION_EXTREME,TAYLOR_COMPLETION_SINGLE_HIT,1100.0,19779367993.74823,9.5e-13,99999999998.99779,0.0,27281886887.92859,1e-12
oneD_v2_dbtt_TP_7e668ee637fc3ac5,NEAR_TIP_RETENTION_EXTREME,TAYLOR_COMPLETION_SINGLE_HIT,1100.0,19949879786.797783,9.5e-13,99999999998.99779,0.0,27281886887.92859,1e-12
oneD_v2_dbtt_TP_7e668ee637fc3ac5,NEAR_TIP_RETENTION_EXTREME,TAYLOR_COMPLETION_SINGLE_HIT,1100.0,20120391579.847336,9.5e-13,99999999998.99779,0.0,27281886887.92859,1e-12
oneD_v2_dbtt_TP_7e668ee637fc3ac5,NEAR_TIP_RETENTION_EXTREME,TAYLOR_COMPLETION_SINGLE_HIT,1100.0,20290903372.89689,9.5e-13,99999999998.99779,0.0,27281886887.92859,1e-12
oneD_v2_dbtt_TP_7e668ee637fc3ac5,NEAR_TIP_RETENTION_EXTREME,TAYLOR_COMPLETION_SINGLE_HIT,1100.0,20461415165.94644,9.5e-13,99999999998.99779,0.0,27281886887.92859,1e-12
oneD_v2_dbtt_TP_7e668ee637fc3ac5,NEAR_TIP_RETENTION_EXTREME,TAYLOR_COMPLETION_SINGLE_HIT,1100.0,20631926958.996,9.5e-13,99999999998.99779,0.0,27281886887.92859,1e-12
oneD_v2_dbtt_TP_7e668ee637fc3ac5,NEAR_TIP_RETENTION_EXTREME,TAYLOR_COMPLETION_SINGLE_HIT,1100.0,20802438752.04555,9.5e-13,99999999998.99779,0.0,27281886887.92859,1e-12
oneD_v2_dbtt_TP_7e668ee637fc3ac5,NEAR_TIP_RETENTION_EXTREME,TAYLOR_COMPLETION_SINGLE_HIT,1100.0,20972950545.095104,9.5e-13,99999999998.99779,0.0,27281886887.92859,1e-12
oneD_v2_dbtt_TP_7e668ee637fc3ac5,NEAR_TIP_RETENTION_EXTREME,TAYLOR_COMPLETION_SINGLE_HIT,1100.0,21143462338.144657,9.5e-13,99999999998.99779,0.0,27281886887.92859,1e-12
oneD_v2_dbtt_TP_7e668ee637fc3ac5,NEAR_TIP_RETENTION_EXTREME,TAYLOR_COMPLETION_SINGLE_HIT,1100.0,21313974131.19421,9.5e-13,99999999998.99779,0.0,27281886887.92859,1e-12
oneD_v2_dbtt_TP_7e668ee637fc3ac5,NEAR_TIP_RETENTION_EXTREME,TAYLOR_COMPLETION_SINGLE_HIT,1100.0,21484485924.243767,9.5e-13,99999999998.99779,0.0,27281886887.92859,1e-12
oneD_v2_dbtt_TP_7e668ee637fc3ac5,NEAR_TIP_RETENTION_EXTREME,TAYLOR_COMPLETION_SINGLE_HIT,1100.0,21654997717.29332,9.5e-13,99999999998.99779,0.0,27281886887.92859,1e-12
oneD_v2_dbtt_TP_7e668ee637fc3ac5,NEAR_TIP_RETENTION_EXTREME,TAYLOR_COMPLETION_SINGLE_HIT,1100.0,21825509510.342873,9.5e-13,99999999998.99779,0.0,27281886887.92859,1e-12
oneD_v2_dbtt_TP_7e668ee637fc3ac5,NEAR_TIP_RETENTION_EXTREME,TAYLOR_COMPLETION_SINGLE_HIT,1100.0,21996021303.392426,9.5e-13,99999999998.99779,0.0,27281886887.92859,1e-12
oneD_v2_dbtt_TP_7e668ee637fc3ac5,NEAR_TIP_RETENTION_EXTREME,TAYLOR_COMPLETION_SINGLE_HIT,1100.0,22166533096.44198,9.5e-13,99999999998.99779,0.0,27281886887.92859,1e-12
oneD_v2_dbtt_TP_7e668ee637fc3ac5,NEAR_TIP_RETENTION_EXTREME,TAYLOR_COMPLETION_SINGLE_HIT,1100.0,22337044889.491535,9.5e-13,99999999998.99779,0.0,27281886887.92859,1e-12
oneD_v2_dbtt_TP_7e668ee637fc3ac5,NEAR_TIP_RETENTION_EXTREME,TAYLOR_COMPLETION_SINGLE_HIT,1100.0,22507556682.54109,9.5e-13,99999999998.99779,0.0,27281886887.92859,1e-12
oneD_v2_dbtt_TP_7e668ee637fc3ac5,NEAR_TIP_RETENTION_EXTREME,TAYLOR_COMPLETION_SINGLE_HIT,1100.0,22678068475.59064,9.5e-13,99999999998.99779,0.0,27281886887.92859,1e-12
oneD_v2_dbtt_TP_7e668ee637fc3ac5,NEAR_TIP_RETENTION_EXTREME,TAYLOR_COMPLETION_SINGLE_HIT,1100.0,22848580268.640194,9.5e-13,99999999998.99779,0.0,27281886887.92859,1e-12
oneD_v2_dbtt_TP_7e668ee637fc3ac5,NEAR_TIP_RETENTION_EXTREME,TAYLOR_COMPLETION_SINGLE_HIT,1100.0,23019092061.689747,9.5e-13,99999999998.99779,0.0,27281886887.92859,1e-12
oneD_v2_dbtt_TP_7e668ee637fc3ac5,NEAR_TIP_RETENTION_EXTREME,TAYLOR_COMPLETION_SINGLE_HIT,1100.0,23189603854.739304,9.5e-13,99999999998.99779,0.0,27281886887.92859,1e-12
oneD_v2_dbtt_TP_7e668ee637fc3ac5,NEAR_TIP_RETENTION_EXTREME,TAYLOR_COMPLETION_SINGLE_HIT,1100.0,23360115647.788857,9.5e-13,99999999998.99779,0.0,27281886887.92859,1e-12
oneD_v2_dbtt_TP_7e668ee637fc3ac5,NEAR_TIP_RETENTION_EXTREME,TAYLOR_COMPLETION_SINGLE_HIT,1100.0,23530627440.83841,9.5e-13,99999999998.99779,0.0,27281886887.92859,1e-12
oneD_v2_dbtt_TP_7e668ee637fc3ac5,NEAR_TIP_RETENTION_EXTREME,TAYLOR_COMPLETION_SINGLE_HIT,1100.0,23701139233.887962,9.5e-13,99999999998.99779,0.0,27281886887.92859,1e-12
oneD_v2_dbtt_TP_7e668ee637fc3ac5,NEAR_TIP_RETENTION_EXTREME,TAYLOR_COMPLETION_SINGLE_HIT,1100.0,23871651026.937515,9.5e-13,99999999998.99779,0.0,27281886887.92859,1e-12
oneD_v2_dbtt_TP_7e668ee637fc3ac5,NEAR_TIP_RETENTION_EXTREME,TAYLOR_COMPLETION_SINGLE_HIT,1100.0,24042162819.987072,9.5e-13,99999999998.99779,0.0,27281886887.92859,1e-12
oneD_v2_dbtt_TP_7e668ee637fc3ac5,NEAR_TIP_RETENTION_EXTREME,TAYLOR_COMPLETION_SINGLE_HIT,1100.0,24212674613.036625,9.5e-13,99999999998.99779,0.0,27281886887.92859,1e-12
oneD_v2_dbtt_TP_7e668ee637fc3ac5,NEAR_TIP_RETENTION_EXTREME,TAYLOR_COMPLETION_SINGLE_HIT,1100.0,24383186406.086178,9.5e-13,99999999998.99779,0.0,27281886887.92859,1e-12
oneD_v2_dbtt_TP_7e668ee637fc3ac5,NEAR_TIP_RETENTION_EXTREME,TAYLOR_COMPLETION_SINGLE_HIT,1100.0,24553698199.13573,9.5e-13,99999999998.99779,0.0,27281886887.92859,1e-12
oneD_v2_dbtt_TP_7e668ee637fc3ac5,NEAR_TIP_RETENTION_EXTREME,TAYLOR_COMPLETION_SINGLE_HIT,1100.0,24724209992.185284,9.5e-13,99999999998.99779,0.0,27281886887.92859,1e-12
oneD_v2_dbtt_TP_7e668ee637fc3ac5,NEAR_TIP_RETENTION_EXTREME,TAYLOR_COMPLETION_SINGLE_HIT,1100.0,24894721785.23484,9.5e-13,99999999998.99779,0.0,27281886887.92859,1e-12
oneD_v2_dbtt_TP_7e668ee637fc3ac5,NEAR_TIP_RETENTION_EXTREME,TAYLOR_COMPLETION_SINGLE_HIT,1100.0,25065233578.284393,9.5e-13,99999999998.99779,0.0,27281886887.92859,1e-12
oneD_v2_dbtt_TP_7e668ee637fc3ac5,NEAR_TIP_RETENTION_EXTREME,TAYLOR_COMPLETION_SINGLE_HIT,1100.0,25235745371.333946,9.5e-13,99999999998.99779,0.0,27281886887.92859,1e-12
oneD_v2_dbtt_TP_7e668ee637fc3ac5,NEAR_TIP_RETENTION_EXTREME,TAYLOR_COMPLETION_SINGLE_HIT,1100.0,25406257164.3835,9.5e-13,99999999998.99779,0.0,27281886887.92859,1e-12
oneD_v2_dbtt_TP_7e668ee637fc3ac5,NEAR_TIP_RETENTION_EXTREME,TAYLOR_COMPLETION_SINGLE_HIT,1100.0,25576768957.433052,9.5e-13,99999999998.99779,0.0,27281886887.92859,1e-12
oneD_v2_dbtt_TP_7e668ee637fc3ac5,NEAR_TIP_RETENTION_EXTREME,TAYLOR_COMPLETION_SINGLE_HIT,1100.0,25747280750.48261,9.5e-13,99999999998.99779,0.0,27281886887.92859,1e-12
oneD_v2_dbtt_TP_7e668ee637fc3ac5,NEAR_TIP_RETENTION_EXTREME,TAYLOR_COMPLETION_SINGLE_HIT,1100.0,25917792543.53216,9.5e-13,99999999998.99779,0.0,27281886887.92859,1e-12
oneD_v2_dbtt_TP_7e668ee637fc3ac5,NEAR_TIP_RETENTION_EXTREME,TAYLOR_COMPLETION_SINGLE_HIT,1100.0,26088304336.581715,9.5e-13,99999999998.99779,0.0,27281886887.92859,1e-12
oneD_v2_dbtt_TP_7e668ee637fc3ac5,NEAR_TIP_RETENTION_EXTREME,TAYLOR_COMPLETION_SINGLE_HIT,1100.0,26258816129.631268,9.5e-13,99999999998.99779,0.0,27281886887.92859,1e-12
oneD_v2_dbtt_TP_7e668ee637fc3ac5,NEAR_TIP_RETENTION_EXTREME,TAYLOR_COMPLETION_SINGLE_HIT,1100.0,26429327922.68082,9.5e-13,99999999998.99779,0.0,27281886887.92859,1e-12
oneD_v2_dbtt_TP_7e668ee637fc3ac5,NEAR_TIP_RETENTION_EXTREME,TAYLOR_COMPLETION_SINGLE_HIT,1100.0,26599839715.730377,9.5e-13,99999999998.99779,0.0,27281886887.92859,1e-12
oneD_v2_dbtt_TP_7e668ee637fc3ac5,NEAR_TIP_RETENTION_EXTREME,TAYLOR_COMPLETION_SINGLE_HIT,1100.0,26770351508.77993,9.5e-13,99999999998.99779,0.0,27281886887.92859,1e-12
oneD_v2_dbtt_TP_7e668ee637fc3ac5,NEAR_TIP_RETENTION_EXTREME,TAYLOR_COMPLETION_SINGLE_HIT,1100.0,26940863301.829483,9.5e-13,99999999998.99779,0.0,27281886887.92859,1e-12
oneD_v2_dbtt_TP_7e668ee637fc3ac5,NEAR_TIP_RETENTION_EXTREME,TAYLOR_COMPLETION_SINGLE_HIT,1100.0,27111375094.879036,9.5e-13,99999999998.99779,0.0,27281886887.92859,1e-12
oneD_v2_dbtt_TP_7e668ee637fc3ac5,NEAR_TIP_RETENTION_EXTREME,TAYLOR_COMPLETION_SINGLE_HIT,1100.0,27281886887.92859,9.5e-13,99999999998.99779,0.0,27281886887.92859,1e-12
oneD_v2_dbtt_TP_7e668ee637fc3ac5,NEAR_TIP_RETENTION_EXTREME,EMISSION,1100.0,0.0,7.160118789714014,1.5670446861826083e-22,0.0,135794430.37249947,7.160118789714014
oneD_v2_dbtt_TP_7e668ee637fc3ac5,NEAR_TIP_RETENTION_EXTREME,EMISSION,1100.0,848715.1898281217,0.07423772575569687,45695265852.441086,0.0,135794430.37249947,7.160118789714014
oneD_v2_dbtt_TP_7e668ee637fc3ac5,NEAR_TIP_RETENTION_EXTREME,EMISSION,1100.0,1697430.3796562434,0.07423772575569687,45695265852.441086,0.0,135794430.37249947,7.160118789714014
oneD_v2_dbtt_TP_7e668ee637fc3ac5,NEAR_TIP_RETENTION_EXTREME,EMISSION,1100.0,2546145.569484365,0.07423772575569687,45695265852.441086,0.0,135794430.37249947,7.160118789714014
oneD_v2_dbtt_TP_7e668ee637fc3ac5,NEAR_TIP_RETENTION_EXTREME,EMISSION,1100.0,3394860.7593124867,0.07423772575569687,45695265852.441086,0.0,135794430.37249947,7.160118789714014
oneD_v2_dbtt_TP_7e668ee637fc3ac5,NEAR_TIP_RETENTION_EXTREME,EMISSION,1100.0,4243575.949140608,0.07423772575569687,45695265852.441086,0.0,135794430.37249947,7.160118789714014
oneD_v2_dbtt_TP_7e668ee637fc3ac5,NEAR_TIP_RETENTION_EXTREME,EMISSION,1100.0,5092291.13896873,0.07423772575569687,45695265852.441086,0.0,135794430.37249947,7.160118789714014
oneD_v2_dbtt_TP_7e668ee637fc3ac5,NEAR_TIP_RETENTION_EXTREME,EMISSION,1100.0,5941006.328796851,0.07423772575569687,45695265852.441086,0.0,135794430.37249947,7.160118789714014
oneD_v2_dbtt_TP_7e668ee637fc3ac5,NEAR_TIP_RETENTION_EXTREME,EMISSION,1100.0,6789721.5186249735,0.07423772575569687,45695265852.441086,0.0,135794430.37249947,7.160118789714014
oneD_v2_dbtt_TP_7e668ee637fc3ac5,NEAR_TIP_RETENTION_EXTREME,EMISSION,1100.0,7638436.7084530955,0.07423772575569687,45695265852.441086,0.0,135794430.37249947,7.160118789714014
oneD_v2_dbtt_TP_7e668ee637fc3ac5,NEAR_TIP_RETENTION_EXTREME,EMISSION,1100.0,8487151.898281217,0.07423772575569687,45695265852.441086,0.0,135794430.37249947,7.160118789714014
oneD_v2_dbtt_TP_7e668ee637fc3ac5,NEAR_TIP_RETENTION_EXTREME,EMISSION,1100.0,9335867.088109339,0.07423772575569687,45695265852.441086,0.0,135794430.37249947,7.160118789714014
oneD_v2_dbtt_TP_7e668ee637fc3ac5,NEAR_TIP_RETENTION_EXTREME,EMISSION,1100.0,10184582.27793746,0.07423772575569687,45695265852.441086,0.0,135794430.37249947,7.160118789714014
oneD_v2_dbtt_TP_7e668ee637fc3ac5,NEAR_TIP_RETENTION_EXTREME,EMISSION,1100.0,11033297.467765583,0.07423772575569687,45695265852.441086,0.0,135794430.37249947,7.160118789714014
oneD_v2_dbtt_TP_7e668ee637fc3ac5,NEAR_TIP_RETENTION_EXTREME,EMISSION,1100.0,11882012.657593703,0.07423772575569687,45695265852.441086,0.0,135794430.37249947,7.160118789714014
oneD_v2_dbtt_TP_7e668ee637fc3ac5,NEAR_TIP_RETENTION_EXTREME,EMISSION,1100.0,12730727.847421825,0.07423772575569687,45695265852.441086,0.0,135794430.37249947,7.160118789714014
oneD_v2_dbtt_TP_7e668ee637fc3ac5,NEAR_TIP_RETENTION_EXTREME,EMISSION,1100.0,13579443.037249947,0.07423772575569687,45695265852.441086,0.0,135794430.37249947,7.160118789714014
oneD_v2_dbtt_TP_7e668ee637fc3ac5,NEAR_TIP_RETENTION_EXTREME,EMISSION,1100.0,14428158.227078069,0.07423772575569687,45695265852.441086,0.0,135794430.37249947,7.160118789714014
oneD_v2_dbtt_TP_7e668ee637fc3ac5,NEAR_TIP_RETENTION_EXTREME,EMISSION,1100.0,15276873.416906191,0.07423772575569687,45695265852.441086,0.0,135794430.37249947,7.160118789714014
oneD_v2_dbtt_TP_7e668ee637fc3ac5,NEAR_TIP_RETENTION_EXTREME,EMISSION,1100.0,16125588.606734311,0.07423772575569687,45695265852.441086,0.0,135794430.37249947,7.160118789714014
oneD_v2_dbtt_TP_7e668ee637fc3ac5,NEAR_TIP_RETENTION_EXTREME,EMISSION,1100.0,16974303.796562433,0.07423772575569687,45695265852.441086,0.0,135794430.37249947,7.160118789714014
oneD_v2_dbtt_TP_7e668ee637fc3ac5,NEAR_TIP_RETENTION_EXTREME,EMISSION,1100.0,17823018.986390557,0.07423772575569687,45695265852.441086,0.0,135794430.37249947,7.160118789714014
oneD_v2_dbtt_TP_7e668ee637fc3ac5,NEAR_TIP_RETENTION_EXTREME,EMISSION,1100.0,18671734.176218677,0.07423772575569687,45695265852.441086,0.0,135794430.37249947,7.160118789714014
oneD_v2_dbtt_TP_7e668ee637fc3ac5,NEAR_TIP_RETENTION_EXTREME,EMISSION,1100.0,19520449.366046797,0.07423772575569687,45695265852.441086,0.0,135794430.37249947,7.160118789714014
oneD_v2_dbtt_TP_7e668ee637fc3ac5,NEAR_TIP_RETENTION_EXTREME,EMISSION,1100.0,20369164.55587492,0.07423772575569687,45695265852.441086,0.0,135794430.37249947,7.160118789714014
oneD_v2_dbtt_TP_7e668ee637fc3ac5,NEAR_TIP_RETENTION_EXTREME,EMISSION,1100.0,21217879.74570304,0.07423772575569687,45695265852.441086,0.0,135794430.37249947,7.160118789714014
oneD_v2_dbtt_TP_7e668ee637fc3ac5,NEAR_TIP_RETENTION_EXTREME,EMISSION,1100.0,22066594.935531165,0.07423772575569687,45695265852.441086,0.0,135794430.37249947,7.160118789714014
oneD_v2_dbtt_TP_7e668ee637fc3ac5,NEAR_TIP_RETENTION_EXTREME,EMISSION,1100.0,22915310.125359286,0.07423772575569687,45695265852.441086,0.0,135794430.37249947,7.160118789714014
oneD_v2_dbtt_TP_7e668ee637fc3ac5,NEAR_TIP_RETENTION_EXTREME,EMISSION,1100.0,23764025.315187406,0.07423772575569687,45695265852.441086,0.0,135794430.37249947,7.160118789714014
oneD_v2_dbtt_TP_7e668ee637fc3ac5,NEAR_TIP_RETENTION_EXTREME,EMISSION,1100.0,24612740.50501553,0.07423772575569687,45695265852.441086,0.0,135794430.37249947,7.160118789714014
oneD_v2_dbtt_TP_7e668ee637fc3ac5,NEAR_TIP_RETENTION_EXTREME,EMISSION,1100.0,25461455.69484365,0.07423772575569687,45695265852.441086,0.0,135794430.37249947,7.160118789714014
oneD_v2_dbtt_TP_7e668ee637fc3ac5,NEAR_TIP_RETENTION_EXTREME,EMISSION,1100.0,26310170.884671774,0.07423772575569687,45695265852.441086,0.0,135794430.37249947,7.160118789714014
oneD_v2_dbtt_TP_7e668ee637fc3ac5,NEAR_TIP_RETENTION_EXTREME,EMISSION,1100.0,27158886.074499894,0.07423772575569687,45695265852.441086,0.0,135794430.37249947,7.160118789714014
oneD_v2_dbtt_TP_7e668ee637fc3ac5,NEAR_TIP_RETENTION_EXTREME,EMISSION,1100.0,28007601.264328014,0.07423772575569687,45695265852.441086,0.0,135794430.37249947,7.160118789714014
oneD_v2_dbtt_TP_7e668ee637fc3ac5,NEAR_TIP_RETENTION_EXTREME,EMISSION,1100.0,28856316.454156138,0.07423772575569687,45695265852.441086,0.0,135794430.37249947,7.160118789714014
oneD_v2_dbtt_TP_7e668ee637fc3ac5,NEAR_TIP_RETENTION_EXTREME,EMISSION,1100.0,29705031.64398426,0.07423772575569687,45695265852.441086,0.0,135794430.37249947,7.160118789714014
oneD_v2_dbtt_TP_7e668ee637fc3ac5,NEAR_TIP_RETENTION_EXTREME,EMISSION,1100.0,30553746.833812382,0.07423772575569687,45695265852.441086,0.0,135794430.37249947,7.160118789714014
oneD_v2_dbtt_TP_7e668ee637fc3ac5,NEAR_TIP_RETENTION_EXTREME,EMISSION,1100.0,31402462.023640502,0.07423772575569687,45695265852.441086,0.0,135794430.37249947,7.160118789714014
oneD_v2_dbtt_TP_7e668ee637fc3ac5,NEAR_TIP_RETENTION_EXTREME,EMISSION,1100.0,32251177.213468622,0.07423772575569687,45695265852.441086,0.0,135794430.37249947,7.160118789714014
oneD_v2_dbtt_TP_7e668ee637fc3ac5,NEAR_TIP_RETENTION_EXTREME,EMISSION,1100.0,33099892.403296746,0.07423772575569687,45695265852.441086,0.0,135794430.37249947,7.160118789714014
oneD_v2_dbtt_TP_7e668ee637fc3ac5,NEAR_TIP_RETENTION_EXTREME,EMISSION,1100.0,33948607.59312487,0.07423772575569687,45695265852.441086,0.0,135794430.37249947,7.160118789714014
oneD_v2_dbtt_TP_7e668ee637fc3ac5,NEAR_TIP_RETENTION_EXTREME,EMISSION,1100.0,34797322.78295299,0.07423772575569687,45695265852.441086,0.0,135794430.37249947,7.160118789714014
oneD_v2_dbtt_TP_7e668ee637fc3ac5,NEAR_TIP_RETENTION_EXTREME,EMISSION,1100.0,35646037.972781114,0.07423772575569687,45695265852.441086,0.0,135794430.37249947,7.160118789714014
oneD_v2_dbtt_TP_7e668ee637fc3ac5,NEAR_TIP_RETENTION_EXTREME,EMISSION,1100.0,36494753.162609234,0.07423772575569687,45695265852.441086,0.0,135794430.37249947,7.160118789714014
oneD_v2_dbtt_TP_7e668ee637fc3ac5,NEAR_TIP_RETENTION_EXTREME,EMISSION,1100.0,37343468.352437355,0.07423772575569687,45695265852.441086,0.0,135794430.37249947,7.160118789714014
oneD_v2_dbtt_TP_7e668ee637fc3ac5,NEAR_TIP_RETENTION_EXTREME,EMISSION,1100.0,38192183.542265475,0.07423772575569687,45695265852.441086,0.0,135794430.37249947,7.160118789714014
oneD_v2_dbtt_TP_7e668ee637fc3ac5,NEAR_TIP_RETENTION_EXTREME,EMISSION,1100.0,39040898.732093595,0.07423772575569687,45695265852.441086,0.0,135794430.37249947,7.160118789714014
oneD_v2_dbtt_TP_7e668ee637fc3ac5,NEAR_TIP_RETENTION_EXTREME,EMISSION,1100.0,39889613.92192172,0.07423772575569687,45695265852.441086,0.0,135794430.37249947,7.160118789714014
oneD_v2_dbtt_TP_7e668ee637fc3ac5,NEAR_TIP_RETENTION_EXTREME,EMISSION,1100.0,40738329.11174984,0.07423772575569687,45695265852.441086,0.0,135794430.37249947,7.160118789714014
oneD_v2_dbtt_TP_7e668ee637fc3ac5,NEAR_TIP_RETENTION_EXTREME,EMISSION,1100.0,41587044.30157796,0.07423772575569687,45695265852.441086,0.0,135794430.37249947,7.160118789714014
oneD_v2_dbtt_TP_7e668ee637fc3ac5,NEAR_TIP_RETENTION_EXTREME,EMISSION,1100.0,42435759.49140608,0.07423772575569687,45695265852.441086,0.0,135794430.37249947,7.160118789714014
oneD_v2_dbtt_TP_7e668ee637fc3ac5,NEAR_TIP_RETENTION_EXTREME,EMISSION,1100.0,43284474.6812342,0.07423772575569687,45695265852.441086,0.0,135794430.37249947,7.160118789714014
oneD_v2_dbtt_TP_7e668ee637fc3ac5,NEAR_TIP_RETENTION_EXTREME,EMISSION,1100.0,44133189.87106233,0.07423772575569687,45695265852.441086,0.0,135794430.37249947,7.160118789714014
oneD_v2_dbtt_TP_7e668ee637fc3ac5,NEAR_TIP_RETENTION_EXTREME,EMISSION,1100.0,44981905.06089045,0.07423772575569687,45695265852.441086,0.0,135794430.37249947,7.160118789714014
oneD_v2_dbtt_TP_7e668ee637fc3ac5,NEAR_TIP_RETENTION_EXTREME,EMISSION,1100.0,45830620.25071857,0.07423772575569687,45695265852.441086,0.0,135794430.37249947,7.160118789714014
oneD_v2_dbtt_TP_7e668ee637fc3ac5,NEAR_TIP_RETENTION_EXTREME,EMISSION,1100.0,46679335.44054669,0.07423772575569687,45695265852.441086,0.0,135794430.37249947,7.160118789714014
oneD_v2_dbtt_TP_7e668ee637fc3ac5,NEAR_TIP_RETENTION_EXTREME,EMISSION,1100.0,47528050.63037481,0.07423772575569687,45695265852.441086,0.0,135794430.37249947,7.160118789714014
oneD_v2_dbtt_TP_7e668ee637fc3ac5,NEAR_TIP_RETENTION_EXTREME,EMISSION,1100.0,48376765.82020294,0.07423772575569687,45695265852.441086,0.0,135794430.37249947,7.160118789714014
oneD_v2_dbtt_TP_7e668ee637fc3ac5,NEAR_TIP_RETENTION_EXTREME,EMISSION,1100.0,49225481.01003106,0.07423772575569687,45695265852.441086,0.0,135794430.37249947,7.160118789714014
oneD_v2_dbtt_TP_7e668ee637fc3ac5,NEAR_TIP_RETENTION_EXTREME,EMISSION,1100.0,50074196.19985918,0.07423772575569687,45695265852.441086,0.0,135794430.37249947,7.160118789714014
oneD_v2_dbtt_TP_7e668ee637fc3ac5,NEAR_TIP_RETENTION_EXTREME,EMISSION,1100.0,50922911.3896873,0.07423772575569687,45695265852.441086,0.0,135794430.37249947,7.160118789714014
oneD_v2_dbtt_TP_7e668ee637fc3ac5,NEAR_TIP_RETENTION_EXTREME,EMISSION,1100.0,51771626.57951542,0.07423772575569687,45695265852.441086,0.0,135794430.37249947,7.160118789714014
oneD_v2_dbtt_TP_7e668ee637fc3ac5,NEAR_TIP_RETENTION_EXTREME,EMISSION,1100.0,52620341.76934355,0.07423772575569687,45695265852.441086,0.0,135794430.37249947,7.160118789714014
oneD_v2_dbtt_TP_7e668ee637fc3ac5,NEAR_TIP_RETENTION_EXTREME,EMISSION,1100.0,53469056.95917167,0.07423772575569687,45695265852.441086,0.0,135794430.37249947,7.160118789714014
oneD_v2_dbtt_TP_7e668ee637fc3ac5,NEAR_TIP_RETENTION_EXTREME,EMISSION,1100.0,54317772.14899979,0.07423772575569687,45695265852.441086,0.0,135794430.37249947,7.160118789714014
oneD_v2_dbtt_TP_7e668ee637fc3ac5,NEAR_TIP_RETENTION_EXTREME,EMISSION,1100.0,55166487.33882791,0.07423772575569687,45695265852.441086,0.0,135794430.37249947,7.160118789714014
oneD_v2_dbtt_TP_7e668ee637fc3ac5,NEAR_TIP_RETENTION_EXTREME,EMISSION,1100.0,56015202.52865603,0.07423772575569687,45695265852.441086,0.0,135794430.37249947,7.160118789714014
oneD_v2_dbtt_TP_7e668ee637fc3ac5,NEAR_TIP_RETENTION_EXTREME,EMISSION,1100.0,56863917.718484156,0.07423772575569687,45695265852.441086,0.0,135794430.37249947,7.160118789714014
oneD_v2_dbtt_TP_7e668ee637fc3ac5,NEAR_TIP_RETENTION_EXTREME,EMISSION,1100.0,57712632.908312276,0.07423772575569687,45695265852.441086,0.0,135794430.37249947,7.160118789714014
oneD_v2_dbtt_TP_7e668ee637fc3ac5,NEAR_TIP_RETENTION_EXTREME,EMISSION,1100.0,58561348.098140396,0.07423772575569687,45695265852.441086,0.0,135794430.37249947,7.160118789714014
oneD_v2_dbtt_TP_7e668ee637fc3ac5,NEAR_TIP_RETENTION_EXTREME,EMISSION,1100.0,59410063.28796852,0.07423772575569687,45695265852.441086,0.0,135794430.37249947,7.160118789714014
oneD_v2_dbtt_TP_7e668ee637fc3ac5,NEAR_TIP_RETENTION_EXTREME,EMISSION,1100.0,60258778.47779664,0.07423772575569687,45695265852.441086,0.0,135794430.37249947,7.160118789714014
oneD_v2_dbtt_TP_7e668ee637fc3ac5,NEAR_TIP_RETENTION_EXTREME,EMISSION,1100.0,61107493.667624764,0.07423772575569687,45695265852.441086,0.0,135794430.37249947,7.160118789714014
oneD_v2_dbtt_TP_7e668ee637fc3ac5,NEAR_TIP_RETENTION_EXTREME,EMISSION,1100.0,61956208.857452884,0.07423772575569687,45695265852.441086,0.0,135794430.37249947,7.160118789714014
oneD_v2_dbtt_TP_7e668ee637fc3ac5,NEAR_TIP_RETENTION_EXTREME,EMISSION,1100.0,62804924.047281004,0.07423772575569687,45695265852.441086,0.0,135794430.37249947,7.160118789714014
oneD_v2_dbtt_TP_7e668ee637fc3ac5,NEAR_TIP_RETENTION_EXTREME,EMISSION,1100.0,63653639.237109125,0.07423772575569687,45695265852.441086,0.0,135794430.37249947,7.160118789714014
oneD_v2_dbtt_TP_7e668ee637fc3ac5,NEAR_TIP_RETENTION_EXTREME,EMISSION,1100.0,64502354.426937245,0.07423772575569687,45695265852.441086,0.0,135794430.37249947,7.160118789714014
oneD_v2_dbtt_TP_7e668ee637fc3ac5,NEAR_TIP_RETENTION_EXTREME,EMISSION,1100.0,65351069.61676537,0.07423772575569687,45695265852.441086,0.0,135794430.37249947,7.160118789714014
oneD_v2_dbtt_TP_7e668ee637fc3ac5,NEAR_TIP_RETENTION_EXTREME,EMISSION,1100.0,66199784.80659349,0.07423772575569687,45695265852.441086,0.0,135794430.37249947,7.160118789714014
oneD_v2_dbtt_TP_7e668ee637fc3ac5,NEAR_TIP_RETENTION_EXTREME,EMISSION,1100.0,67048499.99642161,0.07423772575569687,45695265852.441086,0.0,135794430.37249947,7.160118789714014
oneD_v2_dbtt_TP_7e668ee637fc3ac5,NEAR_TIP_RETENTION_EXTREME,EMISSION,1100.0,67897215.18624973,0.07423772575569687,45695265852.441086,0.0,135794430.37249947,7.160118789714014
oneD_v2_dbtt_TP_7e668ee637fc3ac5,NEAR_TIP_RETENTION_EXTREME,EMISSION,1100.0,68745930.37607786,0.07423772575569687,45695265852.441086,0.0,135794430.37249947,7.160118789714014
oneD_v2_dbtt_TP_7e668ee637fc3ac5,NEAR_TIP_RETENTION_EXTREME,EMISSION,1100.0,69594645.56590597,0.07423772575569687,45695265852.441086,0.0,135794430.37249947,7.160118789714014
oneD_v2_dbtt_TP_7e668ee637fc3ac5,NEAR_TIP_RETENTION_EXTREME,EMISSION,1100.0,70443360.7557341,0.07423772575569687,45695265852.441086,0.0,135794430.37249947,7.160118789714014
oneD_v2_dbtt_TP_7e668ee637fc3ac5,NEAR_TIP_RETENTION_EXTREME,EMISSION,1100.0,71292075.94556223,0.07423772575569687,45695265852.441086,0.0,135794430.37249947,7.160118789714014
oneD_v2_dbtt_TP_7e668ee637fc3ac5,NEAR_TIP_RETENTION_EXTREME,EMISSION,1100.0,72140791.13539034,0.07423772575569687,45695265852.441086,0.0,135794430.37249947,7.160118789714014
oneD_v2_dbtt_TP_7e668ee637fc3ac5,NEAR_TIP_RETENTION_EXTREME,EMISSION,1100.0,72989506.32521847,0.07423772575569687,45695265852.441086,0.0,135794430.37249947,7.160118789714014
oneD_v2_dbtt_TP_7e668ee637fc3ac5,NEAR_TIP_RETENTION_EXTREME,EMISSION,1100.0,73838221.51504658,0.07423772575569687,45695265852.441086,0.0,135794430.37249947,7.160118789714014
oneD_v2_dbtt_TP_7e668ee637fc3ac5,NEAR_TIP_RETENTION_EXTREME,EMISSION,1100.0,74686936.70487471,0.07423772575569687,45695265852.441086,0.0,135794430.37249947,7.160118789714014
oneD_v2_dbtt_TP_7e668ee637fc3ac5,NEAR_TIP_RETENTION_EXTREME,EMISSION,1100.0,75535651.89470284,0.07423772575569687,45695265852.441086,0.0,135794430.37249947,7.160118789714014
oneD_v2_dbtt_TP_7e668ee637fc3ac5,NEAR_TIP_RETENTION_EXTREME,EMISSION,1100.0,76384367.08453095,0.07423772575569687,45695265852.441086,0.0,135794430.37249947,7.160118789714014
oneD_v2_dbtt_TP_7e668ee637fc3ac5,NEAR_TIP_RETENTION_EXTREME,EMISSION,1100.0,77233082.27435908,0.07423772575569687,45695265852.441086,0.0,135794430.37249947,7.160118789714014
oneD_v2_dbtt_TP_7e668ee637fc3ac5,NEAR_TIP_RETENTION_EXTREME,EMISSION,1100.0,78081797.46418719,0.07423772575569687,45695265852.441086,0.0,135794430.37249947,7.160118789714014
oneD_v2_dbtt_TP_7e668ee637fc3ac5,NEAR_TIP_RETENTION_EXTREME,EMISSION,1100.0,78930512.65401532,0.07423772575569687,45695265852.441086,0.0,135794430.37249947,7.160118789714014
oneD_v2_dbtt_TP_7e668ee637fc3ac5,NEAR_TIP_RETENTION_EXTREME,EMISSION,1100.0,79779227.84384345,0.07423772575569687,45695265852.441086,0.0,135794430.37249947,7.160118789714014
oneD_v2_dbtt_TP_7e668ee637fc3ac5,NEAR_TIP_RETENTION_EXTREME,EMISSION,1100.0,80627943.03367156,0.07423772575569687,45695265852.441086,0.0,135794430.37249947,7.160118789714014
oneD_v2_dbtt_TP_7e668ee637fc3ac5,NEAR_TIP_RETENTION_EXTREME,EMISSION,1100.0,81476658.22349969,0.07423772575569687,45695265852.441086,0.0,135794430.37249947,7.160118789714014
oneD_v2_dbtt_TP_7e668ee637fc3ac5,NEAR_TIP_RETENTION_EXTREME,EMISSION,1100.0,82325373.4133278,0.07423772575569687,45695265852.441086,0.0,135794430.37249947,7.160118789714014
oneD_v2_dbtt_TP_7e668ee637fc3ac5,NEAR_TIP_RETENTION_EXTREME,EMISSION,1100.0,83174088.60315593,0.07423772575569687,45695265852.441086,0.0,135794430.37249947,7.160118789714014
oneD_v2_dbtt_TP_7e668ee637fc3ac5,NEAR_TIP_RETENTION_EXTREME,EMISSION,1100.0,84022803.79298405,0.07423772575569687,45695265852.441086,0.0,135794430.37249947,7.160118789714014
oneD_v2_dbtt_TP_7e668ee637fc3ac5,NEAR_TIP_RETENTION_EXTREME,EMISSION,1100.0,84871518.98281217,0.07423772575569687,45695265852.441086,0.0,135794430.37249947,7.160118789714014
oneD_v2_dbtt_TP_7e668ee637fc3ac5,NEAR_TIP_RETENTION_EXTREME,EMISSION,1100.0,85720234.1726403,0.07423772575569687,45695265852.441086,0.0,135794430.37249947,7.160118789714014
oneD_v2_dbtt_TP_7e668ee637fc3ac5,NEAR_TIP_RETENTION_EXTREME,EMISSION,1100.0,86568949.3624684,0.07423772575569687,45695265852.441086,0.0,135794430.37249947,7.160118789714014
oneD_v2_dbtt_TP_7e668ee637fc3ac5,NEAR_TIP_RETENTION_EXTREME,EMISSION,1100.0,87417664.55229653,0.07423772575569687,45695265852.441086,0.0,135794430.37249947,7.160118789714014
oneD_v2_dbtt_TP_7e668ee637fc3ac5,NEAR_TIP_RETENTION_EXTREME,EMISSION,1100.0,88266379.74212466,0.07423772575569687,45695265852.441086,0.0,135794430.37249947,7.160118789714014
oneD_v2_dbtt_TP_7e668ee637fc3ac5,NEAR_TIP_RETENTION_EXTREME,EMISSION,1100.0,89115094.93195277,0.07423772575569687,45695265852.441086,0.0,135794430.37249947,7.160118789714014
oneD_v2_dbtt_TP_7e668ee637fc3ac5,NEAR_TIP_RETENTION_EXTREME,EMISSION,1100.0,89963810.1217809,0.07423772575569687,45695265852.441086,0.0,135794430.37249947,7.160118789714014
oneD_v2_dbtt_TP_7e668ee637fc3ac5,NEAR_TIP_RETENTION_EXTREME,EMISSION,1100.0,90812525.31160901,0.07423772575569687,45695265852.441086,0.0,135794430.37249947,7.160118789714014
oneD_v2_dbtt_TP_7e668ee637fc3ac5,NEAR_TIP_RETENTION_EXTREME,EMISSION,1100.0,91661240.50143714,0.07423772575569687,45695265852.441086,0.0,135794430.37249947,7.160118789714014
oneD_v2_dbtt_TP_7e668ee637fc3ac5,NEAR_TIP_RETENTION_EXTREME,EMISSION,1100.0,92509955.69126527,0.07423772575569687,45695265852.441086,0.0,135794430.37249947,7.160118789714014
oneD_v2_dbtt_TP_7e668ee637fc3ac5,NEAR_TIP_RETENTION_EXTREME,EMISSION,1100.0,93358670.88109338,0.07423772575569687,45695265852.441086,0.0,135794430.37249947,7.160118789714014
oneD_v2_dbtt_TP_7e668ee637fc3ac5,NEAR_TIP_RETENTION_EXTREME,EMISSION,1100.0,94207386.07092151,0.07423772575569687,45695265852.441086,0.0,135794430.37249947,7.160118789714014
oneD_v2_dbtt_TP_7e668ee637fc3ac5,NEAR_TIP_RETENTION_EXTREME,EMISSION,1100.0,95056101.26074962,0.07423772575569687,45695265852.441086,0.0,135794430.37249947,7.160118789714014
oneD_v2_dbtt_TP_7e668ee637fc3ac5,NEAR_TIP_RETENTION_EXTREME,EMISSION,1100.0,95904816.45057775,0.07423772575569687,45695265852.441086,0.0,135794430.37249947,7.160118789714014
oneD_v2_dbtt_TP_7e668ee637fc3ac5,NEAR_TIP_RETENTION_EXTREME,EMISSION,1100.0,96753531.64040588,0.07423772575569687,45695265852.441086,0.0,135794430.37249947,7.160118789714014
oneD_v2_dbtt_TP_7e668ee637fc3ac5,NEAR_TIP_RETENTION_EXTREME,EMISSION,1100.0,97602246.83023399,0.07423772575569687,45695265852.441086,0.0,135794430.37249947,7.160118789714014
oneD_v2_dbtt_TP_7e668ee637fc3ac5,NEAR_TIP_RETENTION_EXTREME,EMISSION,1100.0,98450962.02006212,0.07423772575569687,45695265852.441086,0.0,135794430.37249947,7.160118789714014
oneD_v2_dbtt_TP_7e668ee637fc3ac5,NEAR_TIP_RETENTION_EXTREME,EMISSION,1100.0,99299677.20989023,0.07423772575569687,45695265852.441086,0.0,135794430.37249947,7.160118789714014
oneD_v2_dbtt_TP_7e668ee637fc3ac5,NEAR_TIP_RETENTION_EXTREME,EMISSION,1100.0,100148392.39971836,0.07423772575569687,45695265852.441086,0.0,135794430.37249947,7.160118789714014
oneD_v2_dbtt_TP_7e668ee637fc3ac5,NEAR_TIP_RETENTION_EXTREME,EMISSION,1100.0,100997107.58954649,0.07423772575569687,45695265852.441086,0.0,135794430.37249947,7.160118789714014
oneD_v2_dbtt_TP_7e668ee637fc3ac5,NEAR_TIP_RETENTION_EXTREME,EMISSION,1100.0,101845822.7793746,0.07423772575569687,45695265852.441086,0.0,135794430.37249947,7.160118789714014
oneD_v2_dbtt_TP_7e668ee637fc3ac5,NEAR_TIP_RETENTION_EXTREME,EMISSION,1100.0,102694537.96920273,0.07423772575569687,45695265852.441086,0.0,135794430.37249947,7.160118789714014
oneD_v2_dbtt_TP_7e668ee637fc3ac5,NEAR_TIP_RETENTION_EXTREME,EMISSION,1100.0,103543253.15903084,0.07423772575569687,45695265852.441086,0.0,135794430.37249947,7.160118789714014
oneD_v2_dbtt_TP_7e668ee637fc3ac5,NEAR_TIP_RETENTION_EXTREME,EMISSION,1100.0,104391968.34885897,0.07423772575569687,45695265852.441086,0.0,135794430.37249947,7.160118789714014
oneD_v2_dbtt_TP_7e668ee637fc3ac5,NEAR_TIP_RETENTION_EXTREME,EMISSION,1100.0,105240683.5386871,0.07423772575569687,45695265852.441086,0.0,135794430.37249947,7.160118789714014
oneD_v2_dbtt_TP_7e668ee637fc3ac5,NEAR_TIP_RETENTION_EXTREME,EMISSION,1100.0,106089398.72851521,0.07423772575569687,45695265852.441086,0.0,135794430.37249947,7.160118789714014
oneD_v2_dbtt_TP_7e668ee637fc3ac5,NEAR_TIP_RETENTION_EXTREME,EMISSION,1100.0,106938113.91834334,0.07423772575569687,45695265852.441086,0.0,135794430.37249947,7.160118789714014
oneD_v2_dbtt_TP_7e668ee637fc3ac5,NEAR_TIP_RETENTION_EXTREME,EMISSION,1100.0,107786829.10817145,0.07423772575569687,45695265852.441086,0.0,135794430.37249947,7.160118789714014
oneD_v2_dbtt_TP_7e668ee637fc3ac5,NEAR_TIP_RETENTION_EXTREME,EMISSION,1100.0,108635544.29799958,0.07423772575569687,45695265852.441086,0.0,135794430.37249947,7.160118789714014
oneD_v2_dbtt_TP_7e668ee637fc3ac5,NEAR_TIP_RETENTION_EXTREME,EMISSION,1100.0,109484259.4878277,0.07423772575569687,45695265852.441086,0.0,135794430.37249947,7.160118789714014
oneD_v2_dbtt_TP_7e668ee637fc3ac5,NEAR_TIP_RETENTION_EXTREME,EMISSION,1100.0,110332974.67765582,0.07423772575569687,45695265852.441086,0.0,135794430.37249947,7.160118789714014
oneD_v2_dbtt_TP_7e668ee637fc3ac5,NEAR_TIP_RETENTION_EXTREME,EMISSION,1100.0,111181689.86748394,0.07423772575569687,45695265852.441086,0.0,135794430.37249947,7.160118789714014
oneD_v2_dbtt_TP_7e668ee637fc3ac5,NEAR_TIP_RETENTION_EXTREME,EMISSION,1100.0,112030405.05731206,0.07423772575569687,45695265852.441086,0.0,135794430.37249947,7.160118789714014
oneD_v2_dbtt_TP_7e668ee637fc3ac5,NEAR_TIP_RETENTION_EXTREME,EMISSION,1100.0,112879120.24714018,0.07423772575569687,45695265852.441086,0.0,135794430.37249947,7.160118789714014
oneD_v2_dbtt_TP_7e668ee637fc3ac5,NEAR_TIP_RETENTION_EXTREME,EMISSION,1100.0,113727835.43696831,0.07423772575569687,45695265852.441086,0.0,135794430.37249947,7.160118789714014
oneD_v2_dbtt_TP_7e668ee637fc3ac5,NEAR_TIP_RETENTION_EXTREME,EMISSION,1100.0,114576550.62679642,0.07423772575569687,45695265852.441086,0.0,135794430.37249947,7.160118789714014
oneD_v2_dbtt_TP_7e668ee637fc3ac5,NEAR_TIP_RETENTION_EXTREME,EMISSION,1100.0,115425265.81662455,0.07423772575569687,45695265852.441086,0.0,135794430.37249947,7.160118789714014
oneD_v2_dbtt_TP_7e668ee637fc3ac5,NEAR_TIP_RETENTION_EXTREME,EMISSION,1100.0,116273981.00645266,0.07423772575569687,45695265852.441086,0.0,135794430.37249947,7.160118789714014
oneD_v2_dbtt_TP_7e668ee637fc3ac5,NEAR_TIP_RETENTION_EXTREME,EMISSION,1100.0,117122696.19628079,0.07423772575569687,45695265852.441086,0.0,135794430.37249947,7.160118789714014
oneD_v2_dbtt_TP_7e668ee637fc3ac5,NEAR_TIP_RETENTION_EXTREME,EMISSION,1100.0,117971411.38610892,0.07423772575569687,45695265852.441086,0.0,135794430.37249947,7.160118789714014
oneD_v2_dbtt_TP_7e668ee637fc3ac5,NEAR_TIP_RETENTION_EXTREME,EMISSION,1100.0,118820126.57593703,0.07423772575569687,45695265852.441086,0.0,135794430.37249947,7.160118789714014
oneD_v2_dbtt_TP_7e668ee637fc3ac5,NEAR_TIP_RETENTION_EXTREME,EMISSION,1100.0,119668841.76576516,0.07423772575569687,45695265852.441086,0.0,135794430.37249947,7.160118789714014
oneD_v2_dbtt_TP_7e668ee637fc3ac5,NEAR_TIP_RETENTION_EXTREME,EMISSION,1100.0,120517556.95559327,0.07423772575569687,45695265852.441086,0.0,135794430.37249947,7.160118789714014
oneD_v2_dbtt_TP_7e668ee637fc3ac5,NEAR_TIP_RETENTION_EXTREME,EMISSION,1100.0,121366272.1454214,0.07423772575569687,45695265852.441086,0.0,135794430.37249947,7.160118789714014
oneD_v2_dbtt_TP_7e668ee637fc3ac5,NEAR_TIP_RETENTION_EXTREME,EMISSION,1100.0,122214987.33524953,0.07423772575569687,45695265852.441086,0.0,135794430.37249947,7.160118789714014
oneD_v2_dbtt_TP_7e668ee637fc3ac5,NEAR_TIP_RETENTION_EXTREME,EMISSION,1100.0,123063702.52507764,0.07423772575569687,45695265852.441086,0.0,135794430.37249947,7.160118789714014
oneD_v2_dbtt_TP_7e668ee637fc3ac5,NEAR_TIP_RETENTION_EXTREME,EMISSION,1100.0,123912417.71490577,0.07423772575569687,45695265852.441086,0.0,135794430.37249947,7.160118789714014
oneD_v2_dbtt_TP_7e668ee637fc3ac5,NEAR_TIP_RETENTION_EXTREME,EMISSION,1100.0,124761132.90473388,0.07423772575569687,45695265852.441086,0.0,135794430.37249947,7.160118789714014
oneD_v2_dbtt_TP_7e668ee637fc3ac5,NEAR_TIP_RETENTION_EXTREME,EMISSION,1100.0,125609848.09456201,0.07423772575569687,45695265852.441086,0.0,135794430.37249947,7.160118789714014
oneD_v2_dbtt_TP_7e668ee637fc3ac5,NEAR_TIP_RETENTION_EXTREME,EMISSION,1100.0,126458563.28439014,0.07423772575569687,45695265852.441086,0.0,135794430.37249947,7.160118789714014
oneD_v2_dbtt_TP_7e668ee637fc3ac5,NEAR_TIP_RETENTION_EXTREME,EMISSION,1100.0,127307278.47421825,0.07423772575569687,45695265852.441086,0.0,135794430.37249947,7.160118789714014
oneD_v2_dbtt_TP_7e668ee637fc3ac5,NEAR_TIP_RETENTION_EXTREME,EMISSION,1100.0,128155993.66404638,0.07423772575569687,45695265852.441086,0.0,135794430.37249947,7.160118789714014
oneD_v2_dbtt_TP_7e668ee637fc3ac5,NEAR_TIP_RETENTION_EXTREME,EMISSION,1100.0,129004708.85387449,0.07423772575569687,45695265852.441086,0.0,135794430.37249947,7.160118789714014
oneD_v2_dbtt_TP_7e668ee637fc3ac5,NEAR_TIP_RETENTION_EXTREME,EMISSION,1100.0,129853424.04370262,0.07423772575569687,45695265852.441086,0.0,135794430.37249947,7.160118789714014
oneD_v2_dbtt_TP_7e668ee637fc3ac5,NEAR_TIP_RETENTION_EXTREME,EMISSION,1100.0,130702139.23353074,0.07423772575569687,45695265852.441086,0.0,135794430.37249947,7.160118789714014
oneD_v2_dbtt_TP_7e668ee637fc3ac5,NEAR_TIP_RETENTION_EXTREME,EMISSION,1100.0,131550854.42335886,0.07423772575569687,45695265852.441086,0.0,135794430.37249947,7.160118789714014
oneD_v2_dbtt_TP_7e668ee637fc3ac5,NEAR_TIP_RETENTION_EXTREME,EMISSION,1100.0,132399569.61318699,0.07423772575569687,45695265852.441086,0.0,135794430.37249947,7.160118789714014
oneD_v2_dbtt_TP_7e668ee637fc3ac5,NEAR_TIP_RETENTION_EXTREME,EMISSION,1100.0,133248284.8030151,0.07423772575569687,45695265852.441086,0.0,135794430.37249947,7.160118789714014
oneD_v2_dbtt_TP_7e668ee637fc3ac5,NEAR_TIP_RETENTION_EXTREME,EMISSION,1100.0,134096999.99284323,0.07423772575569687,45695265852.441086,0.0,135794430.37249947,7.160118789714014
oneD_v2_dbtt_TP_7e668ee637fc3ac5,NEAR_TIP_RETENTION_EXTREME,EMISSION,1100.0,134945715.18267134,0.07423772575569687,45695265852.441086,0.0,135794430.37249947,7.160118789714014
oneD_v2_dbtt_TP_7e668ee637fc3ac5,NEAR_TIP_RETENTION_EXTREME,EMISSION,1100.0,135794430.37249947,0.07423772575569687,45695265852.441086,0.0,135794430.37249947,7.160118789714014
oneD_v2_dbtt_TP_7e668ee637fc3ac5,NEAR_TIP_RETENTION_EXTREME,CLEAVAGE_MULTIHIT,1100.0,0.0,5.827539788423184,1.3279778793523964e-57,136053595.90100664,12431812100.266346,5.827539788423184
oneD_v2_dbtt_TP_7e668ee637fc3ac5,NEAR_TIP_RETENTION_EXTREME,CLEAVAGE_MULTIHIT,1100.0,77698825.62666467,5.827507758476497,1.3293247406678236e-57,136053595.90100664,12431812100.266346,5.827539788423184
oneD_v2_dbtt_TP_7e668ee637fc3ac5,NEAR_TIP_RETENTION_EXTREME,CLEAVAGE_MULTIHIT,1100.0,155397651.25332934,5.827343050309921,1.3362723331641239e-57,136053595.90100664,12431812100.266346,5.827539788423184
oneD_v2_dbtt_TP_7e668ee637fc3ac5,NEAR_TIP_RETENTION_EXTREME,CLEAVAGE_MULTIHIT,1100.0,233096476.879994,5.826970905662334,1.3521038483065858e-57,136053595.90100664,12431812100.266346,5.827539788423184
oneD_v2_dbtt_TP_7e668ee637fc3ac5,NEAR_TIP_RETENTION_EXTREME,CLEAVAGE_MULTIHIT,1100.0,310795302.5066587,5.826331450579757,1.379746378428552e-57,136053595.90100664,12431812100.266346,5.827539788423184
oneD_v2_dbtt_TP_7e668ee637fc3ac5,NEAR_TIP_RETENTION_EXTREME,CLEAVAGE_MULTIHIT,1100.0,388494128.1333233,5.825372383735772,1.422268175156792e-57,136053595.90100664,12431812100.266346,5.827539788423184
oneD_v2_dbtt_TP_7e668ee637fc3ac5,NEAR_TIP_RETENTION_EXTREME,CLEAVAGE_MULTIHIT,1100.0,466192953.759988,5.8240463795559405,1.4832256262590543e-57,136053595.90100664,12431812100.266346,5.827539788423184
oneD_v2_dbtt_TP_7e668ee637fc3ac5,NEAR_TIP_RETENTION_EXTREME,CLEAVAGE_MULTIHIT,1100.0,543891779.3866527,5.822309767219656,1.5670277802608985e-57,136053595.90100664,12431812100.266346,5.827539788423184
oneD_v2_dbtt_TP_7e668ee637fc3ac5,NEAR_TIP_RETENTION_EXTREME,CLEAVAGE_MULTIHIT,1100.0,621590605.0133173,5.820121748040246,1.6793866257513937e-57,136053595.90100664,12431812100.266346,5.827539788423184
oneD_v2_dbtt_TP_7e668ee637fc3ac5,NEAR_TIP_RETENTION_EXTREME,CLEAVAGE_MULTIHIT,1100.0,699289430.639982,5.817443888769241,1.827921172205811e-57,136053595.90100664,12431812100.266346,5.827539788423184
oneD_v2_dbtt_TP_7e668ee637fc3ac5,NEAR_TIP_RETENTION_EXTREME,CLEAVAGE_MULTIHIT,1100.0,776988256.2666466,5.814239774094619,2.0230077077466808e-57,136053595.90100664,12431812100.266346,5.827539788423184
oneD_v2_dbtt_TP_7e668ee637fc3ac5,NEAR_TIP_RETENTION_EXTREME,CLEAVAGE_MULTIHIT,1100.0,854687081.8933114,5.810474758763321,2.279014597434594e-57,136053595.90100664,12431812100.266346,5.827539788423184
oneD_v2_dbtt_TP_7e668ee637fc3ac5,NEAR_TIP_RETENTION_EXTREME,CLEAVAGE_MULTIHIT,1100.0,932385907.519976,5.806115785882563,2.6161373040858293e-57,136053595.90100664,12431812100.266346,5.827539788423184
oneD_v2_dbtt_TP_7e668ee637fc3ac5,NEAR_TIP_RETENTION_EXTREME,CLEAVAGE_MULTIHIT,1100.0,1010084733.1466407,5.801131251240467,3.063177846972836e-57,136053595.90100664,12431812100.266346,5.827539788423184
oneD_v2_dbtt_TP_7e668ee637fc3ac5,NEAR_TIP_RETENTION_EXTREME,CLEAVAGE_MULTIHIT,1100.0,1087783558.7733054,5.795490900804448,3.6618283352743366e-57,136053595.90100664,12431812100.266346,5.827539788423184
oneD_v2_dbtt_TP_7e668ee637fc3ac5,NEAR_TIP_RETENTION_EXTREME,CLEAVAGE_MULTIHIT,1100.0,1165482384.39997,5.789165752844993,4.4733840848522976e-57,136053595.90100664,12431812100.266346,5.827539788423184
oneD_v2_dbtt_TP_7e668ee637fc3ac5,NEAR_TIP_RETENTION_EXTREME,CLEAVAGE_MULTIHIT,1100.0,1243181210.0266347,5.78212803877537,5.589442717260754e-57,136053595.90100664,12431812100.266346,5.827539788423184
oneD_v2_dbtt_TP_7e668ee637fc3ac5,NEAR_TIP_RETENTION_EXTREME,CLEAVAGE_MULTIHIT,1100.0,1320880035.6532993,5.77435115849465,7.149251241830009e-57,136053595.90100664,12431812100.266346,5.827539788423184
oneD_v2_dbtt_TP_7e668ee637fc3ac5,NEAR_TIP_RETENTION_EXTREME,CLEAVAGE_MULTIHIT,1100.0,1398578861.279964,5.765809647149109,9.368333621192924e-57,136053595.90100664,12431812100.266346,5.827539788423184
oneD_v2_dbtt_TP_7e668ee637fc3ac5,NEAR_TIP_RETENTION_EXTREME,CLEAVAGE_MULTIHIT,1100.0,1476277686.9066286,5.756479150998851,1.2586605329359626e-56,136053595.90100664,12431812100.266346,5.827539788423184
oneD_v2_dbtt_TP_7e668ee637fc3ac5,NEAR_TIP_RETENTION_EXTREME,CLEAVAGE_MULTIHIT,1100.0,1553976512.5332932,5.7463364106181745,1.7350782091862825e-56,136053595.90100664,12431812100.266346,5.827539788423184
oneD_v2_dbtt_TP_7e668ee637fc3ac5,NEAR_TIP_RETENTION_EXTREME,CLEAVAGE_MULTIHIT,1100.0,1631675338.1599581,5.7353592500469635,2.455830996617163e-56,136053595.90100664,12431812100.266346,5.827539788423184
oneD_v2_dbtt_TP_7e668ee637fc3ac5,NEAR_TIP_RETENTION_EXTREME,CLEAVAGE_MULTIHIT,1100.0,1709374163.7866228,5.723526570794753,3.57138666921824e-56,136053595.90100664,12431812100.266346,5.827539788423184
oneD_v2_dbtt_TP_7e668ee637fc3ac5,NEAR_TIP_RETENTION_EXTREME,CLEAVAGE_MULTIHIT,1100.0,1787072989.4132874,5.710818349810838,5.339609035386795e-56,136053595.90100664,12431812100.266346,5.827539788423184
oneD_v2_dbtt_TP_7e668ee637fc3ac5,NEAR_TIP_RETENTION_EXTREME,CLEAVAGE_MULTIHIT,1100.0,1864771815.039952,5.697215640693851,8.212523970815897e-56,136053595.90100664,12431812100.266346,5.827539788423184
oneD_v2_dbtt_TP_7e668ee637fc3ac5,NEAR_TIP_RETENTION_EXTREME,CLEAVAGE_MULTIHIT,1100.0,1942470640.6666167,5.682700577536941,1.3001217093354518e-55,136053595.90100664,12431812100.266346,5.827539788423184
oneD_v2_dbtt_TP_7e668ee637fc3ac5,NEAR_TIP_RETENTION_EXTREME,CLEAVAGE_MULTIHIT,1100.0,2020169466.2932813,5.667256380899996,2.1196403100776266e-55,136053595.90100664,12431812100.266346,5.827539788423184
oneD_v2_dbtt_TP_7e668ee637fc3ac5,NEAR_TIP_RETENTION_EXTREME,CLEAVAGE_MULTIHIT,1100.0,2097868291.919946,5.650867365475275,3.560628978995695e-55,136053595.90100664,12431812100.266346,5.827539788423184
oneD_v2_dbtt_TP_7e668ee637fc3ac5,NEAR_TIP_RETENTION_EXTREME,CLEAVAGE_MULTIHIT,1100.0,2175567117.546611,5.633518949072322,6.165639046202744e-55,136053595.90100664,12431812100.266346,5.827539788423184
oneD_v2_dbtt_TP_7e668ee637fc3ac5,NEAR_TIP_RETENTION_EXTREME,CLEAVAGE_MULTIHIT,1100.0,2253265943.1732755,5.615197662595942,1.1010357572359616e-54,136053595.90100664,12431812100.266346,5.827539788423184
oneD_v2_dbtt_TP_7e668ee637fc3ac5,NEAR_TIP_RETENTION_EXTREME,CLEAVAGE_MULTIHIT,1100.0,2330964768.79994,5.595891160729809,2.028459718023667e-54,136053595.90100664,12431812100.266346,5.827539788423184
oneD_v2_dbtt_TP_7e668ee637fc3ac5,NEAR_TIP_RETENTION_EXTREME,CLEAVAGE_MULTIHIT,1100.0,2408663594.4266047,5.5755882330701905,3.8567996119385037e-54,136053595.90100664,12431812100.266346,5.827539788423184
oneD_v2_dbtt_TP_7e668ee637fc3ac5,NEAR_TIP_RETENTION_EXTREME,CLEAVAGE_MULTIHIT,1100.0,2486362420.0532694,5.554278815480665,7.570452075858765e-54,136053595.90100664,12431812100.266346,5.827539788423184
oneD_v2_dbtt_TP_7e668ee637fc3ac5,NEAR_TIP_RETENTION_EXTREME,CLEAVAGE_MULTIHIT,1100.0,2564061245.679934,5.531954001460871,1.5345216690407927e-53,136053595.90100664,12431812100.266346,5.827539788423184
oneD_v2_dbtt_TP_7e668ee637fc3ac5,NEAR_TIP_RETENTION_EXTREME,CLEAVAGE_MULTIHIT,1100.0,2641760071.3065987,5.50860605334107,3.2128249279996437e-53,136053595.90100664,12431812100.266346,5.827539788423184
oneD_v2_dbtt_TP_7e668ee637fc3ac5,NEAR_TIP_RETENTION_EXTREME,CLEAVAGE_MULTIHIT,1100.0,2719458896.9332633,5.484228413130361,6.9495079967977215e-53,136053595.90100664,12431812100.266346,5.827539788423184
oneD_v2_dbtt_TP_7e668ee637fc3ac5,NEAR_TIP_RETENTION_EXTREME,CLEAVAGE_MULTIHIT,1100.0,2797157722.559928,5.458815712860361,1.5532730319289838e-52,136053595.90100664,12431812100.266346,5.827539788423184
oneD_v2_dbtt_TP_7e668ee637fc3ac5,NEAR_TIP_RETENTION_EXTREME,CLEAVAGE_MULTIHIT,1100.0,2874856548.1865926,5.432363784278332,3.587778160819524e-52,136053595.90100664,12431812100.266346,5.827539788423184
oneD_v2_dbtt_TP_7e668ee637fc3ac5,NEAR_TIP_RETENTION_EXTREME,CLEAVAGE_MULTIHIT,1100.0,2952555373.813257,5.404869667754658,8.565014023002081e-52,136053595.90100664,12431812100.266346,5.827539788423184
oneD_v2_dbtt_TP_7e668ee637fc3ac5,NEAR_TIP_RETENTION_EXTREME,CLEAVAGE_MULTIHIT,1100.0,3030254199.439922,5.37633162027937,2.1133880561398044e-51,136053595.90100664,12431812100.266346,5.827539788423184
oneD_v2_dbtt_TP_7e668ee637fc3ac5,NEAR_TIP_RETENTION_EXTREME,CLEAVAGE_MULTIHIT,1100.0,3107953025.0665865,5.346749122431292,5.389968564304815e-51,136053595.90100664,12431812100.266346,5.827539788423184
oneD_v2_dbtt_TP_7e668ee637fc3ac5,NEAR_TIP_RETENTION_EXTREME,CLEAVAGE_MULTIHIT,1100.0,3185651850.6932516,5.316122884211734,1.4208206822360466e-50,136053595.90100664,12431812100.266346,5.827539788423184
oneD_v2_dbtt_TP_7e668ee637fc3ac5,NEAR_TIP_RETENTION_EXTREME,CLEAVAGE_MULTIHIT,1100.0,3263350676.3199162,5.284454849642283,3.870897241250057e-50,136053595.90100664,12431812100.266346,5.827539788423184
oneD_v2_dbtt_TP_7e668ee637fc3ac5,NEAR_TIP_RETENTION_EXTREME,CLEAVAGE_MULTIHIT,1100.0,3341049501.946581,5.251748200033618,1.089832166872057e-49,136053595.90100664,12431812100.266346,5.827539788423184
oneD_v2_dbtt_TP_7e668ee637fc3ac5,NEAR_TIP_RETENTION_EXTREME,CLEAVAGE_MULTIHIT,1100.0,3418748327.5732455,5.218007355839252,3.1704612597208584e-49,136053595.90100664,12431812100.266346,5.827539788423184
oneD_v2_dbtt_TP_7e668ee637fc3ac5,NEAR_TIP_RETENTION_EXTREME,CLEAVAGE_MULTIHIT,1100.0,3496447153.19991,5.183237977014841,9.528451623031247e-49,136053595.90100664,12431812100.266346,5.827539788423184
oneD_v2_dbtt_TP_7e668ee637fc3ac5,NEAR_TIP_RETENTION_EXTREME,CLEAVAGE_MULTIHIT,1100.0,3574145978.826575,5.147446961810294,2.9577703716287765e-48,136053595.90100664,12431812100.266346,5.827539788423184
oneD_v2_dbtt_TP_7e668ee637fc3ac5,NEAR_TIP_RETENTION_EXTREME,CLEAVAGE_MULTIHIT,1100.0,3651844804.4532394,5.110642443928379,9.480626054797918e-48,136053595.90100664,12431812100.266346,5.827539788423184
oneD_v2_dbtt_TP_7e668ee637fc3ac5,NEAR_TIP_RETENTION_EXTREME,CLEAVAGE_MULTIHIT,1100.0,3729543630.079904,5.072833787989856,3.1369767963572083e-47,136053595.90100664,12431812100.266346,5.827539788423184
oneD_v2_dbtt_TP_7e668ee637fc3ac5,NEAR_TIP_RETENTION_EXTREME,CLEAVAGE_MULTIHIT,1100.0,3807242455.7065687,5.034031583251527,1.0711289920764881e-46,136053595.90100664,12431812100.266346,5.827539788423184
oneD_v2_dbtt_TP_7e668ee637fc3ac5,NEAR_TIP_RETENTION_EXTREME,CLEAVAGE_MULTIHIT,1100.0,3884941281.3332334,4.9942476355298755,3.772820578432869e-46,136053595.90100664,12431812100.266346,5.827539788423184
oneD_v2_dbtt_TP_7e668ee637fc3ac5,NEAR_TIP_RETENTION_EXTREME,CLEAVAGE_MULTIHIT,1100.0,3962640106.959898,4.9534949572892195,1.370268219520762e-45,136053595.90100664,12431812100.266346,5.827539788423184
oneD_v2_dbtt_TP_7e668ee637fc3ac5,NEAR_TIP_RETENTION_EXTREME,CLEAVAGE_MULTIHIT,1100.0,4040338932.5865626,4.911787755859668,5.129379077890572e-45,136053595.90100664,12431812100.266346,5.827539788423184
oneD_v2_dbtt_TP_7e668ee637fc3ac5,NEAR_TIP_RETENTION_EXTREME,CLEAVAGE_MULTIHIT,1100.0,4118037758.2132273,4.86914141975639,1.97802725598544e-44,136053595.90100664,12431812100.266346,5.827539788423184
oneD_v2_dbtt_TP_7e668ee637fc3ac5,NEAR_TIP_RETENTION_EXTREME,CLEAVAGE_MULTIHIT,1100.0,4195736583.839892,4.825572503078121,7.853811588779562e-44,136053595.90100664,12431812100.266346,5.827539788423184
oneD_v2_dbtt_TP_7e668ee637fc3ac5,NEAR_TIP_RETENTION_EXTREME,CLEAVAGE_MULTIHIT,1100.0,4273435409.4665565,4.781098707969103,3.208973296927971e-43,136053595.90100664,12431812100.266346,5.827539788423184
oneD_v2_dbtt_TP_7e668ee637fc3ac5,NEAR_TIP_RETENTION_EXTREME,CLEAVAGE_MULTIHIT,1100.0,4351134235.093222,4.735738865135088,1.3484359442022981e-42,136053595.90100664,12431812100.266346,5.827539788423184
oneD_v2_dbtt_TP_7e668ee637fc3ac5,NEAR_TIP_RETENTION_EXTREME,CLEAVAGE_MULTIHIT,1100.0,4428833060.719886,4.689512912410362,5.823701253946214e-42,136053595.90100664,12431812100.266346,5.827539788423184
oneD_v2_dbtt_TP_7e668ee637fc3ac5,NEAR_TIP_RETENTION_EXTREME,CLEAVAGE_MULTIHIT,1100.0,4506531886.346551,4.642441871379189,2.583351296404883e-41,136053595.90100664,12431812100.266346,5.827539788423184
oneD_v2_dbtt_TP_7e668ee637fc3ac5,NEAR_TIP_RETENTION_EXTREME,CLEAVAGE_MULTIHIT,1100.0,4584230711.973215,4.594547822061415,1.1761967418857168e-40,136053595.90100664,12431812100.266346,5.827539788423184
oneD_v2_dbtt_TP_7e668ee637fc3ac5,NEAR_TIP_RETENTION_EXTREME,CLEAVAGE_MULTIHIT,1100.0,4661929537.59988,4.545853875678385,5.492511075572058e-40,136053595.90100664,12431812100.266346,5.827539788423184
oneD_v2_dbtt_TP_7e668ee637fc3ac5,NEAR_TIP_RETENTION_EXTREME,CLEAVAGE_MULTIHIT,1100.0,4739628363.226544,4.496384145521665,2.6286026531930535e-39,136053595.90100664,12431812100.266346,5.827539788423184
oneD_v2_dbtt_TP_7e668ee637fc3ac5,NEAR_TIP_RETENTION_EXTREME,CLEAVAGE_MULTIHIT,1100.0,4817327188.8532095,4.446163715953354,1.288241225306592e-38,136053595.90100664,12431812100.266346,5.827539788423184
oneD_v2_dbtt_TP_7e668ee637fc3ac5,NEAR_TIP_RETENTION_EXTREME,CLEAVAGE_MULTIHIT,1100.0,4895026014.479874,4.39521860957306,6.459962811482751e-38,136053595.90100664,12431812100.266346,5.827539788423184
oneD_v2_dbtt_TP_7e668ee637fc3ac5,NEAR_TIP_RETENTION_EXTREME,CLEAVAGE_MULTIHIT,1100.0,4972724840.106539,4.343575752592789,3.3117177805634854e-37,136053595.90100664,12431812100.266346,5.827539788423184
oneD_v2_dbtt_TP_7e668ee637fc3ac5,NEAR_TIP_RETENTION_EXTREME,CLEAVAGE_MULTIHIT,1100.0,5050423665.733204,4.291262938467064,1.7341436976896286e-36,136053595.90100664,12431812100.266346,5.827539788423184
oneD_v2_dbtt_TP_7e668ee637fc3ac5,NEAR_TIP_RETENTION_EXTREME,CLEAVAGE_MULTIHIT,1100.0,5128122491.359868,4.238308789831644,9.266844817879235e-36,136053595.90100664,12431812100.266346,5.827539788423184
oneD_v2_dbtt_TP_7e668ee637fc3ac5,NEAR_TIP_RETENTION_EXTREME,CLEAVAGE_MULTIHIT,1100.0,5205821316.986533,4.184742718810008,5.048815262896447e-35,136053595.90100664,12431812100.266346,5.827539788423184
oneD_v2_dbtt_TP_7e668ee637fc3ac5,NEAR_TIP_RETENTION_EXTREME,CLEAVAGE_MULTIHIT,1100.0,5283520142.613197,4.130594885752561,2.8018398082960293e-34,136053595.90100664,12431812100.266346,5.827539788423184
oneD_v2_dbtt_TP_7e668ee637fc3ac5,NEAR_TIP_RETENTION_EXTREME,CLEAVAGE_MULTIHIT,1100.0,5361218968.239862,4.0758961564790175,1.5822281552920263e-33,136053595.90100664,12431812100.266346,5.827539788423184
oneD_v2_dbtt_TP_7e668ee637fc3ac5,NEAR_TIP_RETENTION_EXTREME,CLEAVAGE_MULTIHIT,1100.0,5438917793.866527,4.02067805809984,9.083088916278501e-33,136053595.90100664,12431812100.266346,5.827539788423184
oneD_v2_dbtt_TP_7e668ee637fc3ac5,NEAR_TIP_RETENTION_EXTREME,CLEAVAGE_MULTIHIT,1100.0,5516616619.493192,3.9649727334977722,5.295352482262074e-32,136053595.90100664,12431812100.266346,5.827539788423184
oneD_v2_dbtt_TP_7e668ee637fc3ac5,NEAR_TIP_RETENTION_EXTREME,CLEAVAGE_MULTIHIT,1100.0,5594315445.119856,3.9088128945554512,3.1318677418252703e-31,136053595.90100664,12431812100.266346,5.827539788423184
oneD_v2_dbtt_TP_7e668ee637fc3ac5,NEAR_TIP_RETENTION_EXTREME,CLEAVAGE_MULTIHIT,1100.0,5672014270.746521,3.8522317742198053,1.8771648032132953e-30,136053595.90100664,12431812100.266346,5.827539788423184
oneD_v2_dbtt_TP_7e668ee637fc3ac5,NEAR_TIP_RETENTION_EXTREME,CLEAVAGE_MULTIHIT,1100.0,5749713096.373185,3.7952630774984186,1.1390127111487197e-29,136053595.90100664,12431812100.266346,5.827539788423184
oneD_v2_dbtt_TP_7e668ee637fc3ac5,NEAR_TIP_RETENTION_EXTREME,CLEAVAGE_MULTIHIT,1100.0,5827411921.99985,3.7379409314871856,6.988964688281932e-29,136053595.90100664,12431812100.266346,5.827539788423184
oneD_v2_dbtt_TP_7e668ee637fc3ac5,NEAR_TIP_RETENTION_EXTREME,CLEAVAGE_MULTIHIT,1100.0,5905110747.626514,3.6802998345325113,4.331926251600641e-28,136053595.90100664,12431812100.266346,5.827539788423184
oneD_v2_dbtt_TP_7e668ee637fc3ac5,NEAR_TIP_RETENTION_EXTREME,CLEAVAGE_MULTIHIT,1100.0,5982809573.25318,3.62237460463484,2.709284592429957e-27,136053595.90100664,12431812100.266346,5.827539788423184
oneD_v2_dbtt_TP_7e668ee637fc3ac5,NEAR_TIP_RETENTION_EXTREME,CLEAVAGE_MULTIHIT,1100.0,6060508398.879844,3.564200327203605,1.7078562793541062e-26,136053595.90100664,12431812100.266346,5.827539788423184
oneD_v2_dbtt_TP_7e668ee637fc3ac5,NEAR_TIP_RETENTION_EXTREME,CLEAVAGE_MULTIHIT,1100.0,6138207224.506509,3.5058123022765244,1.0838918273925365e-25,136053595.90100664,12431812100.266346,5.827539788423184
oneD_v2_dbtt_TP_7e668ee637fc3ac5,NEAR_TIP_RETENTION_EXTREME,CLEAVAGE_MULTIHIT,1100.0,6215906050.133173,3.4472459913188174,6.917848984389843e-25,136053595.90100664,12431812100.266346,5.827539788423184
oneD_v2_dbtt_TP_7e668ee637fc3ac5,NEAR_TIP_RETENTION_EXTREME,CLEAVAGE_MULTIHIT,1100.0,6293604875.759838,3.388536963719996,4.435247210787349e-24,136053595.90100664,12431812100.266346,5.827539788423184
oneD_v2_dbtt_TP_7e668ee637fc3ac5,NEAR_TIP_RETENTION_EXTREME,CLEAVAGE_MULTIHIT,1100.0,6371303701.386503,3.3297208431078,2.853228563202478e-23,136053595.90100664,12431812100.266346,5.827539788423184
oneD_v2_dbtt_TP_7e668ee637fc3ac5,NEAR_TIP_RETENTION_EXTREME,CLEAVAGE_MULTIHIT,1100.0,6449002527.013167,3.2708332536001894,1.8396602465901847e-22,136053595.90100664,12431812100.266346,5.827539788423184
oneD_v2_dbtt_TP_7e668ee637fc3ac5,NEAR_TIP_RETENTION_EXTREME,CLEAVAGE_MULTIHIT,1100.0,6526701352.6398325,3.2119097661173615,1.18749583918804e-21,136053595.90100664,12431812100.266346,5.827539788423184
oneD_v2_dbtt_TP_7e668ee637fc3ac5,NEAR_TIP_RETENTION_EXTREME,CLEAVAGE_MULTIHIT,1100.0,6604400178.266497,3.152985844876387,7.665359559391395e-21,136053595.90100664,12431812100.266346,5.827539788423184
oneD_v2_dbtt_TP_7e668ee637fc3ac5,NEAR_TIP_RETENTION_EXTREME,CLEAVAGE_MULTIHIT,1100.0,6682099003.893162,3.094096794191262,4.9425796266558587e-20,136053595.90100664,12431812100.266346,5.827539788423184
oneD_v2_dbtt_TP_7e668ee637fc3ac5,NEAR_TIP_RETENTION_EXTREME,CLEAVAGE_MULTIHIT,1100.0,6759797829.519826,3.0352777057009646,3.1798980581487686e-19,136053595.90100664,12431812100.266346,5.827539788423184
oneD_v2_dbtt_TP_7e668ee637fc3ac5,NEAR_TIP_RETENTION_EXTREME,CLEAVAGE_MULTIHIT,1100.0,6837496655.146491,2.9765634061475015,2.039071293335073e-18,136053595.90100664,12431812100.266346,5.827539788423184
oneD_v2_dbtt_TP_7e668ee637fc3ac5,NEAR_TIP_RETENTION_EXTREME,CLEAVAGE_MULTIHIT,1100.0,6915195480.773155,2.9179884058249015,1.3017781377980658e-17,136053595.90100664,12431812100.266346,5.827539788423184
oneD_v2_dbtt_TP_7e668ee637fc3ac5,NEAR_TIP_RETENTION_EXTREME,CLEAVAGE_MULTIHIT,1100.0,6992894306.39982,2.859586847818651,8.265280422706989e-17,136053595.90100664,12431812100.266346,5.827539788423184
oneD_v2_dbtt_TP_7e668ee637fc3ac5,NEAR_TIP_RETENTION_EXTREME,CLEAVAGE_MULTIHIT,1100.0,7070593132.0264845,2.8013924581532352,5.213515922614003e-16,136053595.90100664,12431812100.266346,5.827539788423184
oneD_v2_dbtt_TP_7e668ee637fc3ac5,NEAR_TIP_RETENTION_EXTREME,CLEAVAGE_MULTIHIT,1100.0,7148291957.65315,2.743438496963153,3.263616680580067e-15,136053595.90100664,12431812100.266346,5.827539788423184
oneD_v2_dbtt_TP_7e668ee637fc3ac5,NEAR_TIP_RETENTION_EXTREME,CLEAVAGE_MULTIHIT,1100.0,7225990783.279814,2.685757710800159,2.025409305868363e-14,136053595.90100664,12431812100.266346,5.827539788423184
oneD_v2_dbtt_TP_7e668ee637fc3ac5,NEAR_TIP_RETENTION_EXTREME,CLEAVAGE_MULTIHIT,1100.0,7303689608.906479,2.6283822861863926,1.2448850420351786e-13,136053595.90100664,12431812100.266346,5.827539788423184
oneD_v2_dbtt_TP_7e668ee637fc3ac5,NEAR_TIP_RETENTION_EXTREME,CLEAVAGE_MULTIHIT,1100.0,7381388434.533143,2.571343804519649,7.570322071606758e-13,136053595.90100664,12431812100.266346,5.827539788423184
oneD_v2_dbtt_TP_7e668ee637fc3ac5,NEAR_TIP_RETENTION_EXTREME,CLEAVAGE_MULTIHIT,1100.0,7459087260.159808,2.514673198433221,4.550329775160446e-12,136053595.90100664,12431812100.266346,5.827539788423184
oneD_v2_dbtt_TP_7e668ee637fc3ac5,NEAR_TIP_RETENTION_EXTREME,CLEAVAGE_MULTIHIT,1100.0,7536786085.786473,2.4584007097086173,2.7008407106321095e-11,136053595.90100664,12431812100.266346,5.827539788423184
oneD_v2_dbtt_TP_7e668ee637fc3ac5,NEAR_TIP_RETENTION_EXTREME,CLEAVAGE_MULTIHIT,1100.0,7614484911.413137,2.402555848834939,1.581527542903713e-10,136053595.90100664,12431812100.266346,5.827539788423184
oneD_v2_dbtt_TP_7e668ee637fc3ac5,NEAR_TIP_RETENTION_EXTREME,CLEAVAGE_MULTIHIT,1100.0,7692183737.039803,2.347167356303867,9.128106915192984e-10,136053595.90100664,12431812100.266346,5.827539788423184
oneD_v2_dbtt_TP_7e668ee637fc3ac5,NEAR_TIP_RETENTION_EXTREME,CLEAVAGE_MULTIHIT,1100.0,7769882562.666467,2.292263165724132,5.188311646364164e-09,136053595.90100664,12431812100.266346,5.827539788423184
oneD_v2_dbtt_TP_7e668ee637fc3ac5,NEAR_TIP_RETENTION_EXTREME,CLEAVAGE_MULTIHIT,1100.0,7847581388.293132,2.2378703688338617,2.9016092428366124e-08,136053595.90100664,12431812100.266346,5.827539788423184
oneD_v2_dbtt_TP_7e668ee637fc3ac5,NEAR_TIP_RETENTION_EXTREME,CLEAVAGE_MULTIHIT,1100.0,7925280213.919796,2.1840151824835794,1.5953517341857758e-07,136053595.90100664,12431812100.266346,5.827539788423184
oneD_v2_dbtt_TP_7e668ee637fc3ac5,NEAR_TIP_RETENTION_EXTREME,CLEAVAGE_MULTIHIT,1100.0,8002979039.546461,2.130722917656656,8.616410703674164e-07,136053595.90100664,12431812100.266346,5.827539788423184
oneD_v2_dbtt_TP_7e668ee637fc3ac5,NEAR_TIP_RETENTION_EXTREME,CLEAVAGE_MULTIHIT,1100.0,8080677865.173125,2.078017950587922,4.5677923102427766e-06,136053595.90100664,12431812100.266346,5.827539788423184
oneD_v2_dbtt_TP_7e668ee637fc3ac5,NEAR_TIP_RETENTION_EXTREME,CLEAVAGE_MULTIHIT,1100.0,8158376690.79979,2.025923696034756,2.3749917367685897e-05,136053595.90100664,12431812100.266346,5.827539788423184
oneD_v2_dbtt_TP_7e668ee637fc3ac5,NEAR_TIP_RETENTION_EXTREME,CLEAVAGE_MULTIHIT,1100.0,8236075516.426455,1.9744625827485087,0.00012102210231425163,136053595.90100664,12431812100.266346,5.827539788423184
oneD_v2_dbtt_TP_7e668ee637fc3ac5,NEAR_TIP_RETENTION_EXTREME,CLEAVAGE_MULTIHIT,1100.0,8313774342.05312,1.9236560311874118,0.0006039284094203314,136053595.90100664,12431812100.266346,5.827539788423184
oneD_v2_dbtt_TP_7e668ee637fc3ac5,NEAR_TIP_RETENTION_EXTREME,CLEAVAGE_MULTIHIT,1100.0,8391473167.679784,1.8735244335053975,0.002949089304535781,136053595.90100664,12431812100.266346,5.827539788423184
oneD_v2_dbtt_TP_7e668ee637fc3ac5,NEAR_TIP_RETENTION_EXTREME,CLEAVAGE_MULTIHIT,1100.0,8469171993.306449,1.8240871358443473,0.014080393033404531,136053595.90100664,12431812100.266346,5.827539788423184
oneD_v2_dbtt_TP_7e668ee637fc3ac5,NEAR_TIP_RETENTION_EXTREME,CLEAVAGE_MULTIHIT,1100.0,8546870818.933113,1.7753624229503877,0.06567005892438242,136053595.90100664,12431812100.266346,5.827539788423184
oneD_v2_dbtt_TP_7e668ee637fc3ac5,NEAR_TIP_RETENTION_EXTREME,CLEAVAGE_MULTIHIT,1100.0,8624569644.559778,1.7273675051278528,0.29886436791494403,136053595.90100664,12431812100.266346,5.827539788423184
oneD_v2_dbtt_TP_7e668ee637fc3ac5,NEAR_TIP_RETENTION_EXTREME,CLEAVAGE_MULTIHIT,1100.0,8702268470.186443,1.6801185075375922,1.3253840014124738,136053595.90100664,12431812100.266346,5.827539788423184
oneD_v2_dbtt_TP_7e668ee637fc3ac5,NEAR_TIP_RETENTION_EXTREME,CLEAVAGE_MULTIHIT,1100.0,8779967295.813108,1.6336304618393234,5.717184336123604,136053595.90100664,12431812100.266346,5.827539788423184
oneD_v2_dbtt_TP_7e668ee637fc3ac5,NEAR_TIP_RETENTION_EXTREME,CLEAVAGE_MULTIHIT,1100.0,8857666121.439772,1.587917300170811,23.927886995007736,136053595.90100664,12431812100.266346,5.827539788423184
oneD_v2_dbtt_TP_7e668ee637fc3ac5,NEAR_TIP_RETENTION_EXTREME,CLEAVAGE_MULTIHIT,1100.0,8935364947.066437,1.542991851449836,96.81784142987655,136053595.90100664,12431812100.266346,5.827539788423184
oneD_v2_dbtt_TP_7e668ee637fc3ac5,NEAR_TIP_RETENTION_EXTREME,CLEAVAGE_MULTIHIT,1100.0,9013063772.693102,1.4988658399781851,376.78586257681525,136053595.90100664,12431812100.266346,5.827539788423184
oneD_v2_dbtt_TP_7e668ee637fc3ac5,NEAR_TIP_RETENTION_EXTREME,CLEAVAGE_MULTIHIT,1100.0,9090762598.319767,1.455549886320253,1399.8390398918623,136053595.90100664,12431812100.266346,5.827539788423184
oneD_v2_dbtt_TP_7e668ee637fc3ac5,NEAR_TIP_RETENTION_EXTREME,CLEAVAGE_MULTIHIT,1100.0,9168461423.94643,1.4130535104224164,4911.74945476847,136053595.90100664,12431812100.266346,5.827539788423184
oneD_v2_dbtt_TP_7e668ee637fc3ac5,NEAR_TIP_RETENTION_EXTREME,CLEAVAGE_MULTIHIT,1100.0,9246160249.573095,1.37138513693307,16030.223894465862,136053595.90100664,12431812100.266346,5.827539788423184
oneD_v2_dbtt_TP_7e668ee637fc3ac5,NEAR_TIP_RETENTION_EXTREME,CLEAVAGE_MULTIHIT,1100.0,9323859075.19976,1.3305521026771097,47643.02809628926,136053595.90100664,12431812100.266346,5.827539788423184
oneD_v2_dbtt_TP_7e668ee637fc3ac5,NEAR_TIP_RETENTION_EXTREME,CLEAVAGE_MULTIHIT,1100.0,9401557900.826426,1.290560666232812,125364.69308334403,136053595.90100664,12431812100.266346,5.827539788423184
oneD_v2_dbtt_TP_7e668ee637fc3ac5,NEAR_TIP_RETENTION_EXTREME,CLEAVAGE_MULTIHIT,1100.0,9479256726.453089,1.2514160195534543,282023.2091075268,136053595.90100664,12431812100.266346,5.827539788423184
oneD_v2_dbtt_TP_7e668ee637fc3ac5,NEAR_TIP_RETENTION_EXTREME,CLEAVAGE_MULTIHIT,1100.0,9556955552.079754,1.213122301570677,522535.2531642987,136053595.90100664,12431812100.266346,5.827539788423184
oneD_v2_dbtt_TP_7e668ee637fc3ac5,NEAR_TIP_RETENTION_EXTREME,CLEAVAGE_MULTIHIT,1100.0,9634654377.706419,1.1756826137115244,777091.5906455383,136053595.90100664,12431812100.266346,5.827539788423184
oneD_v2_dbtt_TP_7e668ee637fc3ac5,NEAR_TIP_RETENTION_EXTREME,CLEAVAGE_MULTIHIT,1100.0,9712353203.333084,1.1390990372563718,939821.3292719172,136053595.90100664,12431812100.266346,5.827539788423184
oneD_v2_dbtt_TP_7e668ee637fc3ac5,NEAR_TIP_RETENTION_EXTREME,CLEAVAGE_MULTIHIT,1100.0,9790052028.959747,1.103372652460481,992720.300371111,136053595.90100664,12431812100.266346,5.827539788423184
oneD_v2_dbtt_TP_7e668ee637fc3ac5,NEAR_TIP_RETENTION_EXTREME,CLEAVAGE_MULTIHIT,1100.0,9867750854.586412,1.0685035593578631,999717.2999728363,136053595.90100664,12431812100.266346,5.827539788423184
oneD_v2_dbtt_TP_7e668ee637fc3ac5,NEAR_TIP_RETENTION_EXTREME,CLEAVAGE_MULTIHIT,1100.0,9945449680.213078,1.034490900162343,999997.7202324606,136053595.90100664,12431812100.266346,5.827539788423184
oneD_v2_dbtt_TP_7e668ee637fc3ac5,NEAR_TIP_RETENTION_EXTREME,CLEAVAGE_MULTIHIT,1100.0,10023148505.839743,1.0013328831773416,999999.997835558,136053595.90100664,12431812100.266346,5.827539788423184
oneD_v2_dbtt_TP_7e668ee637fc3ac5,NEAR_TIP_RETENTION_EXTREME,CLEAVAGE_MULTIHIT,1100.0,10100847331.466408,0.9690268081228466,999999.999999884,136053595.90100664,12431812100.266346,5.827539788423184
oneD_v2_dbtt_TP_7e668ee637fc3ac5,NEAR_TIP_RETENTION_EXTREME,CLEAVAGE_MULTIHIT,1100.0,10178546157.093071,0.9375690927854101,1000000.0,136053595.90100664,12431812100.266346,5.827539788423184
oneD_v2_dbtt_TP_7e668ee637fc3ac5,NEAR_TIP_RETENTION_EXTREME,CLEAVAGE_MULTIHIT,1100.0,10256244982.719736,0.9069553008946907,1000000.0,136053595.90100664,12431812100.266346,5.827539788423184
oneD_v2_dbtt_TP_7e668ee637fc3ac5,NEAR_TIP_RETENTION_EXTREME,CLEAVAGE_MULTIHIT,1100.0,10333943808.346401,0.8771801711282199,1000000.0,136053595.90100664,12431812100.266346,5.827539788423184
oneD_v2_dbtt_TP_7e668ee637fc3ac5,NEAR_TIP_RETENTION_EXTREME,CLEAVAGE_MULTIHIT,1100.0,10411642633.973066,0.8482376471444999,1000000.0,136053595.90100664,12431812100.266346,5.827539788423184
oneD_v2_dbtt_TP_7e668ee637fc3ac5,NEAR_TIP_RETENTION_EXTREME,CLEAVAGE_MULTIHIT,1100.0,10489341459.59973,0.82012090854347,1000000.0,136053595.90100664,12431812100.266346,5.827539788423184
oneD_v2_dbtt_TP_7e668ee637fc3ac5,NEAR_TIP_RETENTION_EXTREME,CLEAVAGE_MULTIHIT,1100.0,10567040285.226395,0.7928224026525952,1000000.0,136053595.90100664,12431812100.266346,5.827539788423184
oneD_v2_dbtt_TP_7e668ee637fc3ac5,NEAR_TIP_RETENTION_EXTREME,CLEAVAGE_MULTIHIT,1100.0,10644739110.85306,0.7663338770364982,1000000.0,136053595.90100664,12431812100.266346,5.827539788423184
oneD_v2_dbtt_TP_7e668ee637fc3ac5,NEAR_TIP_RETENTION_EXTREME,CLEAVAGE_MULTIHIT,1100.0,10722437936.479725,0.7406464126280468,1000000.0,136053595.90100664,12431812100.266346,5.827539788423184
oneD_v2_dbtt_TP_7e668ee637fc3ac5,NEAR_TIP_RETENTION_EXTREME,CLEAVAGE_MULTIHIT,1100.0,10800136762.106388,0.7157504573792024,1000000.0,136053595.90100664,12431812100.266346,5.827539788423184
oneD_v2_dbtt_TP_7e668ee637fc3ac5,NEAR_TIP_RETENTION_EXTREME,CLEAVAGE_MULTIHIT,1100.0,10877835587.733053,0.6916358603306687,1000000.0,136053595.90100664,12431812100.266346,5.827539788423184
oneD_v2_dbtt_TP_7e668ee637fc3ac5,NEAR_TIP_RETENTION_EXTREME,CLEAVAGE_MULTIHIT,1100.0,10955534413.359718,0.6682919060004833,1000000.0,136053595.90100664,12431812100.266346,5.827539788423184
oneD_v2_dbtt_TP_7e668ee637fc3ac5,NEAR_TIP_RETENTION_EXTREME,CLEAVAGE_MULTIHIT,1100.0,11033233238.986383,0.6457073489930896,1000000.0,136053595.90100664,12431812100.266346,5.827539788423184
oneD_v2_dbtt_TP_7e668ee637fc3ac5,NEAR_TIP_RETENTION_EXTREME,CLEAVAGE_MULTIHIT,1100.0,11110932064.613047,0.6238704487322244,1000000.0,136053595.90100664,12431812100.266346,5.827539788423184
oneD_v2_dbtt_TP_7e668ee637fc3ac5,NEAR_TIP_RETENTION_EXTREME,CLEAVAGE_MULTIHIT,1100.0,11188630890.239712,0.6027690042229823,1000000.0,136053595.90100664,12431812100.266346,5.827539788423184
oneD_v2_dbtt_TP_7e668ee637fc3ac5,NEAR_TIP_RETENTION_EXTREME,CLEAVAGE_MULTIHIT,1100.0,11266329715.866377,0.5823903887508033,1000000.0,136053595.90100664,12431812100.266346,5.827539788423184
oneD_v2_dbtt_TP_7e668ee637fc3ac5,NEAR_TIP_RETENTION_EXTREME,CLEAVAGE_MULTIHIT,1100.0,11344028541.493042,0.5627215844277516,1000000.0,136053595.90100664,12431812100.266346,5.827539788423184
oneD_v2_dbtt_TP_7e668ee637fc3ac5,NEAR_TIP_RETENTION_EXTREME,CLEAVAGE_MULTIHIT,1100.0,11421727367.119707,0.5437492164993734,1000000.0,136053595.90100664,12431812100.266346,5.827539788423184
oneD_v2_dbtt_TP_7e668ee637fc3ac5,NEAR_TIP_RETENTION_EXTREME,CLEAVAGE_MULTIHIT,1100.0,11499426192.74637,0.5254595873285498,1000000.0,136053595.90100664,12431812100.266346,5.827539788423184
oneD_v2_dbtt_TP_7e668ee637fc3ac5,NEAR_TIP_RETENTION_EXTREME,CLEAVAGE_MULTIHIT,1100.0,11577125018.373035,0.5078387099761468,1000000.0,136053595.90100664,12431812100.266346,5.827539788423184
oneD_v2_dbtt_TP_7e668ee637fc3ac5,NEAR_TIP_RETENTION_EXTREME,CLEAVAGE_MULTIHIT,1100.0,11654823843.9997,0.4908723413018273,1000000.0,136053595.90100664,12431812100.266346,5.827539788423184
oneD_v2_dbtt_TP_7e668ee637fc3ac5,NEAR_TIP_RETENTION_EXTREME,CLEAVAGE_MULTIHIT,1100.0,11732522669.626366,0.4745460145121651,1000000.0,136053595.90100664,12431812100.266346,5.827539788423184
oneD_v2_dbtt_TP_7e668ee637fc3ac5,NEAR_TIP_RETENTION_EXTREME,CLEAVAGE_MULTIHIT,1100.0,11810221495.253029,0.4588450710871089,1000000.0,136053595.90100664,12431812100.266346,5.827539788423184
oneD_v2_dbtt_TP_7e668ee637fc3ac5,NEAR_TIP_RETENTION_EXTREME,CLEAVAGE_MULTIHIT,1100.0,11887920320.879694,0.4437546920199339,1000000.0,136053595.90100664,12431812100.266346,5.827539788423184
oneD_v2_dbtt_TP_7e668ee637fc3ac5,NEAR_TIP_RETENTION_EXTREME,CLEAVAGE_MULTIHIT,1100.0,11965619146.50636,0.4292599283099912,1000000.0,136053595.90100664,12431812100.266346,5.827539788423184
oneD_v2_dbtt_TP_7e668ee637fc3ac5,NEAR_TIP_RETENTION_EXTREME,CLEAVAGE_MULTIHIT,1100.0,12043317972.133024,0.4153457306518737,1000000.0,136053595.90100664,12431812100.266346,5.827539788423184
oneD_v2_dbtt_TP_7e668ee637fc3ac5,NEAR_TIP_RETENTION_EXTREME,CLEAVAGE_MULTIHIT,1100.0,12121016797.759687,0.4019969782689796,1000000.0,136053595.90100664,12431812100.266346,5.827539788423184
oneD_v2_dbtt_TP_7e668ee637fc3ac5,NEAR_TIP_RETENTION_EXTREME,CLEAVAGE_MULTIHIT,1100.0,12198715623.386353,0.38919850684389484,1000000.0,136053595.90100664,12431812100.266346,5.827539788423184
oneD_v2_dbtt_TP_7e668ee637fc3ac5,NEAR_TIP_RETENTION_EXTREME,CLEAVAGE_MULTIHIT,1100.0,12276414449.013018,0.37693513550248825,1000000.0,136053595.90100664,12431812100.266346,5.827539788423184
oneD_v2_dbtt_TP_7e668ee637fc3ac5,NEAR_TIP_RETENTION_EXTREME,CLEAVAGE_MULTIHIT,1100.0,12354113274.639683,0.3651916928130956,1000000.0,136053595.90100664,12431812100.266346,5.827539788423184
oneD_v2_dbtt_TP_7e668ee637fc3ac5,NEAR_TIP_RETENTION_EXTREME,CLEAVAGE_MULTIHIT,1100.0,12431812100.266346,0.3539530417666711,1000000.0,136053595.90100664,12431812100.266346,5.827539788423184
oneD_v2_dbtt_TP_b60d78111740b058,PERSISTENT_WAKE_EXTREME,PEIERLS,1100.0,0.0,1.493340008643784,143909.25613085204,0.0,64009826.63107499,1.493340008643784
oneD_v2_dbtt_TP_b60d78111740b058,PERSISTENT_WAKE_EXTREME,PEIERLS,1100.0,400061.41644421866,0.01548328586125807,849300777231.5972,0.0,64009826.63107499,1.493340008643784
oneD_v2_dbtt_TP_b60d78111740b058,PERSISTENT_WAKE_EXTREME,PEIERLS,1100.0,800122.8328884373,0.01548328586125807,849300777231.5972,0.0,64009826.63107499,1.493340008643784
oneD_v2_dbtt_TP_b60d78111740b058,PERSISTENT_WAKE_EXTREME,PEIERLS,1100.0,1200184.249332656,0.01548328586125807,849300777231.5972,0.0,64009826.63107499,1.493340008643784
oneD_v2_dbtt_TP_b60d78111740b058,PERSISTENT_WAKE_EXTREME,PEIERLS,1100.0,1600245.6657768746,0.01548328586125807,849300777231.5972,0.0,64009826.63107499,1.493340008643784
oneD_v2_dbtt_TP_b60d78111740b058,PERSISTENT_WAKE_EXTREME,PEIERLS,1100.0,2000307.0822210934,0.01548328586125807,849300777231.5972,0.0,64009826.63107499,1.493340008643784
oneD_v2_dbtt_TP_b60d78111740b058,PERSISTENT_WAKE_EXTREME,PEIERLS,1100.0,2400368.498665312,0.01548328586125807,849300777231.5972,0.0,64009826.63107499,1.493340008643784
oneD_v2_dbtt_TP_b60d78111740b058,PERSISTENT_WAKE_EXTREME,PEIERLS,1100.0,2800429.9151095306,0.01548328586125807,849300777231.5972,0.0,64009826.63107499,1.493340008643784
oneD_v2_dbtt_TP_b60d78111740b058,PERSISTENT_WAKE_EXTREME,PEIERLS,1100.0,3200491.3315537493,0.01548328586125807,849300777231.5972,0.0,64009826.63107499,1.493340008643784
oneD_v2_dbtt_TP_b60d78111740b058,PERSISTENT_WAKE_EXTREME,PEIERLS,1100.0,3600552.747997968,0.01548328586125807,849300777231.5972,0.0,64009826.63107499,1.493340008643784
oneD_v2_dbtt_TP_b60d78111740b058,PERSISTENT_WAKE_EXTREME,PEIERLS,1100.0,4000614.1644421867,0.01548328586125807,849300777231.5972,0.0,64009826.63107499,1.493340008643784
oneD_v2_dbtt_TP_b60d78111740b058,PERSISTENT_WAKE_EXTREME,PEIERLS,1100.0,4400675.580886405,0.01548328586125807,849300777231.5972,0.0,64009826.63107499,1.493340008643784
oneD_v2_dbtt_TP_b60d78111740b058,PERSISTENT_WAKE_EXTREME,PEIERLS,1100.0,4800736.997330624,0.01548328586125807,849300777231.5972,0.0,64009826.63107499,1.493340008643784
oneD_v2_dbtt_TP_b60d78111740b058,PERSISTENT_WAKE_EXTREME,PEIERLS,1100.0,5200798.413774842,0.01548328586125807,849300777231.5972,0.0,64009826.63107499,1.493340008643784
oneD_v2_dbtt_TP_b60d78111740b058,PERSISTENT_WAKE_EXTREME,PEIERLS,1100.0,5600859.830219061,0.01548328586125807,849300777231.5972,0.0,64009826.63107499,1.493340008643784
oneD_v2_dbtt_TP_b60d78111740b058,PERSISTENT_WAKE_EXTREME,PEIERLS,1100.0,6000921.24666328,0.01548328586125807,849300777231.5972,0.0,64009826.63107499,1.493340008643784
oneD_v2_dbtt_TP_b60d78111740b058,PERSISTENT_WAKE_EXTREME,PEIERLS,1100.0,6400982.663107499,0.01548328586125807,849300777231.5972,0.0,64009826.63107499,1.493340008643784
oneD_v2_dbtt_TP_b60d78111740b058,PERSISTENT_WAKE_EXTREME,PEIERLS,1100.0,6801044.079551717,0.01548328586125807,849300777231.5972,0.0,64009826.63107499,1.493340008643784
oneD_v2_dbtt_TP_b60d78111740b058,PERSISTENT_WAKE_EXTREME,PEIERLS,1100.0,7201105.495995936,0.01548328586125807,849300777231.5972,0.0,64009826.63107499,1.493340008643784
oneD_v2_dbtt_TP_b60d78111740b058,PERSISTENT_WAKE_EXTREME,PEIERLS,1100.0,7601166.912440155,0.01548328586125807,849300777231.5972,0.0,64009826.63107499,1.493340008643784
oneD_v2_dbtt_TP_b60d78111740b058,PERSISTENT_WAKE_EXTREME,PEIERLS,1100.0,8001228.328884373,0.01548328586125807,849300777231.5972,0.0,64009826.63107499,1.493340008643784
oneD_v2_dbtt_TP_b60d78111740b058,PERSISTENT_WAKE_EXTREME,PEIERLS,1100.0,8401289.745328592,0.01548328586125807,849300777231.5972,0.0,64009826.63107499,1.493340008643784
oneD_v2_dbtt_TP_b60d78111740b058,PERSISTENT_WAKE_EXTREME,PEIERLS,1100.0,8801351.16177281,0.01548328586125807,849300777231.5972,0.0,64009826.63107499,1.493340008643784
oneD_v2_dbtt_TP_b60d78111740b058,PERSISTENT_WAKE_EXTREME,PEIERLS,1100.0,9201412.57821703,0.01548328586125807,849300777231.5972,0.0,64009826.63107499,1.493340008643784
oneD_v2_dbtt_TP_b60d78111740b058,PERSISTENT_WAKE_EXTREME,PEIERLS,1100.0,9601473.994661247,0.01548328586125807,849300777231.5972,0.0,64009826.63107499,1.493340008643784
oneD_v2_dbtt_TP_b60d78111740b058,PERSISTENT_WAKE_EXTREME,PEIERLS,1100.0,10001535.411105467,0.01548328586125807,849300777231.5972,0.0,64009826.63107499,1.493340008643784
oneD_v2_dbtt_TP_b60d78111740b058,PERSISTENT_WAKE_EXTREME,PEIERLS,1100.0,10401596.827549685,0.01548328586125807,849300777231.5972,0.0,64009826.63107499,1.493340008643784
oneD_v2_dbtt_TP_b60d78111740b058,PERSISTENT_WAKE_EXTREME,PEIERLS,1100.0,10801658.243993904,0.01548328586125807,849300777231.5972,0.0,64009826.63107499,1.493340008643784
oneD_v2_dbtt_TP_b60d78111740b058,PERSISTENT_WAKE_EXTREME,PEIERLS,1100.0,11201719.660438122,0.01548328586125807,849300777231.5972,0.0,64009826.63107499,1.493340008643784
oneD_v2_dbtt_TP_b60d78111740b058,PERSISTENT_WAKE_EXTREME,PEIERLS,1100.0,11601781.076882342,0.01548328586125807,849300777231.5972,0.0,64009826.63107499,1.493340008643784
oneD_v2_dbtt_TP_b60d78111740b058,PERSISTENT_WAKE_EXTREME,PEIERLS,1100.0,12001842.49332656,0.01548328586125807,849300777231.5972,0.0,64009826.63107499,1.493340008643784
oneD_v2_dbtt_TP_b60d78111740b058,PERSISTENT_WAKE_EXTREME,PEIERLS,1100.0,12401903.90977078,0.01548328586125807,849300777231.5972,0.0,64009826.63107499,1.493340008643784
oneD_v2_dbtt_TP_b60d78111740b058,PERSISTENT_WAKE_EXTREME,PEIERLS,1100.0,12801965.326214997,0.01548328586125807,849300777231.5972,0.0,64009826.63107499,1.493340008643784
oneD_v2_dbtt_TP_b60d78111740b058,PERSISTENT_WAKE_EXTREME,PEIERLS,1100.0,13202026.742659215,0.01548328586125807,849300777231.5972,0.0,64009826.63107499,1.493340008643784
oneD_v2_dbtt_TP_b60d78111740b058,PERSISTENT_WAKE_EXTREME,PEIERLS,1100.0,13602088.159103435,0.01548328586125807,849300777231.5972,0.0,64009826.63107499,1.493340008643784
oneD_v2_dbtt_TP_b60d78111740b058,PERSISTENT_WAKE_EXTREME,PEIERLS,1100.0,14002149.575547652,0.01548328586125807,849300777231.5972,0.0,64009826.63107499,1.493340008643784
oneD_v2_dbtt_TP_b60d78111740b058,PERSISTENT_WAKE_EXTREME,PEIERLS,1100.0,14402210.991991872,0.01548328586125807,849300777231.5972,0.0,64009826.63107499,1.493340008643784
oneD_v2_dbtt_TP_b60d78111740b058,PERSISTENT_WAKE_EXTREME,PEIERLS,1100.0,14802272.40843609,0.01548328586125807,849300777231.5972,0.0,64009826.63107499,1.493340008643784
oneD_v2_dbtt_TP_b60d78111740b058,PERSISTENT_WAKE_EXTREME,PEIERLS,1100.0,15202333.82488031,0.01548328586125807,849300777231.5972,0.0,64009826.63107499,1.493340008643784
oneD_v2_dbtt_TP_b60d78111740b058,PERSISTENT_WAKE_EXTREME,PEIERLS,1100.0,15602395.241324527,0.01548328586125807,849300777231.5972,0.0,64009826.63107499,1.493340008643784
oneD_v2_dbtt_TP_b60d78111740b058,PERSISTENT_WAKE_EXTREME,PEIERLS,1100.0,16002456.657768747,0.01548328586125807,849300777231.5972,0.0,64009826.63107499,1.493340008643784
oneD_v2_dbtt_TP_b60d78111740b058,PERSISTENT_WAKE_EXTREME,PEIERLS,1100.0,16402518.074212965,0.01548328586125807,849300777231.5972,0.0,64009826.63107499,1.493340008643784
oneD_v2_dbtt_TP_b60d78111740b058,PERSISTENT_WAKE_EXTREME,PEIERLS,1100.0,16802579.490657184,0.01548328586125807,849300777231.5972,0.0,64009826.63107499,1.493340008643784
oneD_v2_dbtt_TP_b60d78111740b058,PERSISTENT_WAKE_EXTREME,PEIERLS,1100.0,17202640.907101404,0.01548328586125807,849300777231.5972,0.0,64009826.63107499,1.493340008643784
oneD_v2_dbtt_TP_b60d78111740b058,PERSISTENT_WAKE_EXTREME,PEIERLS,1100.0,17602702.32354562,0.01548328586125807,849300777231.5972,0.0,64009826.63107499,1.493340008643784
oneD_v2_dbtt_TP_b60d78111740b058,PERSISTENT_WAKE_EXTREME,PEIERLS,1100.0,18002763.73998984,0.01548328586125807,849300777231.5972,0.0,64009826.63107499,1.493340008643784
oneD_v2_dbtt_TP_b60d78111740b058,PERSISTENT_WAKE_EXTREME,PEIERLS,1100.0,18402825.15643406,0.01548328586125807,849300777231.5972,0.0,64009826.63107499,1.493340008643784
oneD_v2_dbtt_TP_b60d78111740b058,PERSISTENT_WAKE_EXTREME,PEIERLS,1100.0,18802886.57287828,0.01548328586125807,849300777231.5972,0.0,64009826.63107499,1.493340008643784
oneD_v2_dbtt_TP_b60d78111740b058,PERSISTENT_WAKE_EXTREME,PEIERLS,1100.0,19202947.989322495,0.01548328586125807,849300777231.5972,0.0,64009826.63107499,1.493340008643784
oneD_v2_dbtt_TP_b60d78111740b058,PERSISTENT_WAKE_EXTREME,PEIERLS,1100.0,19603009.405766714,0.01548328586125807,849300777231.5972,0.0,64009826.63107499,1.493340008643784
oneD_v2_dbtt_TP_b60d78111740b058,PERSISTENT_WAKE_EXTREME,PEIERLS,1100.0,20003070.822210934,0.01548328586125807,849300777231.5972,0.0,64009826.63107499,1.493340008643784
oneD_v2_dbtt_TP_b60d78111740b058,PERSISTENT_WAKE_EXTREME,PEIERLS,1100.0,20403132.23865515,0.01548328586125807,849300777231.5972,0.0,64009826.63107499,1.493340008643784
oneD_v2_dbtt_TP_b60d78111740b058,PERSISTENT_WAKE_EXTREME,PEIERLS,1100.0,20803193.65509937,0.01548328586125807,849300777231.5972,0.0,64009826.63107499,1.493340008643784
oneD_v2_dbtt_TP_b60d78111740b058,PERSISTENT_WAKE_EXTREME,PEIERLS,1100.0,21203255.07154359,0.01548328586125807,849300777231.5972,0.0,64009826.63107499,1.493340008643784
oneD_v2_dbtt_TP_b60d78111740b058,PERSISTENT_WAKE_EXTREME,PEIERLS,1100.0,21603316.48798781,0.01548328586125807,849300777231.5972,0.0,64009826.63107499,1.493340008643784
oneD_v2_dbtt_TP_b60d78111740b058,PERSISTENT_WAKE_EXTREME,PEIERLS,1100.0,22003377.904432025,0.01548328586125807,849300777231.5972,0.0,64009826.63107499,1.493340008643784
oneD_v2_dbtt_TP_b60d78111740b058,PERSISTENT_WAKE_EXTREME,PEIERLS,1100.0,22403439.320876244,0.01548328586125807,849300777231.5972,0.0,64009826.63107499,1.493340008643784
oneD_v2_dbtt_TP_b60d78111740b058,PERSISTENT_WAKE_EXTREME,PEIERLS,1100.0,22803500.737320464,0.01548328586125807,849300777231.5972,0.0,64009826.63107499,1.493340008643784
oneD_v2_dbtt_TP_b60d78111740b058,PERSISTENT_WAKE_EXTREME,PEIERLS,1100.0,23203562.153764684,0.01548328586125807,849300777231.5972,0.0,64009826.63107499,1.493340008643784
oneD_v2_dbtt_TP_b60d78111740b058,PERSISTENT_WAKE_EXTREME,PEIERLS,1100.0,23603623.5702089,0.01548328586125807,849300777231.5972,0.0,64009826.63107499,1.493340008643784
oneD_v2_dbtt_TP_b60d78111740b058,PERSISTENT_WAKE_EXTREME,PEIERLS,1100.0,24003684.98665312,0.01548328586125807,849300777231.5972,0.0,64009826.63107499,1.493340008643784
oneD_v2_dbtt_TP_b60d78111740b058,PERSISTENT_WAKE_EXTREME,PEIERLS,1100.0,24403746.40309734,0.01548328586125807,849300777231.5972,0.0,64009826.63107499,1.493340008643784
oneD_v2_dbtt_TP_b60d78111740b058,PERSISTENT_WAKE_EXTREME,PEIERLS,1100.0,24803807.81954156,0.01548328586125807,849300777231.5972,0.0,64009826.63107499,1.493340008643784
oneD_v2_dbtt_TP_b60d78111740b058,PERSISTENT_WAKE_EXTREME,PEIERLS,1100.0,25203869.235985775,0.01548328586125807,849300777231.5972,0.0,64009826.63107499,1.493340008643784
oneD_v2_dbtt_TP_b60d78111740b058,PERSISTENT_WAKE_EXTREME,PEIERLS,1100.0,25603930.652429994,0.01548328586125807,849300777231.5972,0.0,64009826.63107499,1.493340008643784
oneD_v2_dbtt_TP_b60d78111740b058,PERSISTENT_WAKE_EXTREME,PEIERLS,1100.0,26003992.068874214,0.01548328586125807,849300777231.5972,0.0,64009826.63107499,1.493340008643784
oneD_v2_dbtt_TP_b60d78111740b058,PERSISTENT_WAKE_EXTREME,PEIERLS,1100.0,26404053.48531843,0.01548328586125807,849300777231.5972,0.0,64009826.63107499,1.493340008643784
oneD_v2_dbtt_TP_b60d78111740b058,PERSISTENT_WAKE_EXTREME,PEIERLS,1100.0,26804114.90176265,0.01548328586125807,849300777231.5972,0.0,64009826.63107499,1.493340008643784
oneD_v2_dbtt_TP_b60d78111740b058,PERSISTENT_WAKE_EXTREME,PEIERLS,1100.0,27204176.31820687,0.01548328586125807,849300777231.5972,0.0,64009826.63107499,1.493340008643784
oneD_v2_dbtt_TP_b60d78111740b058,PERSISTENT_WAKE_EXTREME,PEIERLS,1100.0,27604237.73465109,0.01548328586125807,849300777231.5972,0.0,64009826.63107499,1.493340008643784
oneD_v2_dbtt_TP_b60d78111740b058,PERSISTENT_WAKE_EXTREME,PEIERLS,1100.0,28004299.151095305,0.01548328586125807,849300777231.5972,0.0,64009826.63107499,1.493340008643784
oneD_v2_dbtt_TP_b60d78111740b058,PERSISTENT_WAKE_EXTREME,PEIERLS,1100.0,28404360.567539524,0.01548328586125807,849300777231.5972,0.0,64009826.63107499,1.493340008643784
oneD_v2_dbtt_TP_b60d78111740b058,PERSISTENT_WAKE_EXTREME,PEIERLS,1100.0,28804421.983983744,0.01548328586125807,849300777231.5972,0.0,64009826.63107499,1.493340008643784
oneD_v2_dbtt_TP_b60d78111740b058,PERSISTENT_WAKE_EXTREME,PEIERLS,1100.0,29204483.400427964,0.01548328586125807,849300777231.5972,0.0,64009826.63107499,1.493340008643784
oneD_v2_dbtt_TP_b60d78111740b058,PERSISTENT_WAKE_EXTREME,PEIERLS,1100.0,29604544.81687218,0.01548328586125807,849300777231.5972,0.0,64009826.63107499,1.493340008643784
oneD_v2_dbtt_TP_b60d78111740b058,PERSISTENT_WAKE_EXTREME,PEIERLS,1100.0,30004606.2333164,0.01548328586125807,849300777231.5972,0.0,64009826.63107499,1.493340008643784
oneD_v2_dbtt_TP_b60d78111740b058,PERSISTENT_WAKE_EXTREME,PEIERLS,1100.0,30404667.64976062,0.01548328586125807,849300777231.5972,0.0,64009826.63107499,1.493340008643784
oneD_v2_dbtt_TP_b60d78111740b058,PERSISTENT_WAKE_EXTREME,PEIERLS,1100.0,30804729.06620484,0.01548328586125807,849300777231.5972,0.0,64009826.63107499,1.493340008643784
oneD_v2_dbtt_TP_b60d78111740b058,PERSISTENT_WAKE_EXTREME,PEIERLS,1100.0,31204790.482649054,0.01548328586125807,849300777231.5972,0.0,64009826.63107499,1.493340008643784
oneD_v2_dbtt_TP_b60d78111740b058,PERSISTENT_WAKE_EXTREME,PEIERLS,1100.0,31604851.899093274,0.01548328586125807,849300777231.5972,0.0,64009826.63107499,1.493340008643784
oneD_v2_dbtt_TP_b60d78111740b058,PERSISTENT_WAKE_EXTREME,PEIERLS,1100.0,32004913.315537494,0.01548328586125807,849300777231.5972,0.0,64009826.63107499,1.493340008643784
oneD_v2_dbtt_TP_b60d78111740b058,PERSISTENT_WAKE_EXTREME,PEIERLS,1100.0,32404974.73198171,0.01548328586125807,849300777231.5972,0.0,64009826.63107499,1.493340008643784
oneD_v2_dbtt_TP_b60d78111740b058,PERSISTENT_WAKE_EXTREME,PEIERLS,1100.0,32805036.14842593,0.01548328586125807,849300777231.5972,0.0,64009826.63107499,1.493340008643784
oneD_v2_dbtt_TP_b60d78111740b058,PERSISTENT_WAKE_EXTREME,PEIERLS,1100.0,33205097.56487015,0.01548328586125807,849300777231.5972,0.0,64009826.63107499,1.493340008643784
oneD_v2_dbtt_TP_b60d78111740b058,PERSISTENT_WAKE_EXTREME,PEIERLS,1100.0,33605158.98131437,0.01548328586125807,849300777231.5972,0.0,64009826.63107499,1.493340008643784
oneD_v2_dbtt_TP_b60d78111740b058,PERSISTENT_WAKE_EXTREME,PEIERLS,1100.0,34005220.39775859,0.01548328586125807,849300777231.5972,0.0,64009826.63107499,1.493340008643784
oneD_v2_dbtt_TP_b60d78111740b058,PERSISTENT_WAKE_EXTREME,PEIERLS,1100.0,34405281.81420281,0.01548328586125807,849300777231.5972,0.0,64009826.63107499,1.493340008643784
oneD_v2_dbtt_TP_b60d78111740b058,PERSISTENT_WAKE_EXTREME,PEIERLS,1100.0,34805343.23064702,0.01548328586125807,849300777231.5972,0.0,64009826.63107499,1.493340008643784
oneD_v2_dbtt_TP_b60d78111740b058,PERSISTENT_WAKE_EXTREME,PEIERLS,1100.0,35205404.64709124,0.01548328586125807,849300777231.5972,0.0,64009826.63107499,1.493340008643784
oneD_v2_dbtt_TP_b60d78111740b058,PERSISTENT_WAKE_EXTREME,PEIERLS,1100.0,35605466.06353546,0.01548328586125807,849300777231.5972,0.0,64009826.63107499,1.493340008643784
oneD_v2_dbtt_TP_b60d78111740b058,PERSISTENT_WAKE_EXTREME,PEIERLS,1100.0,36005527.47997968,0.01548328586125807,849300777231.5972,0.0,64009826.63107499,1.493340008643784
oneD_v2_dbtt_TP_b60d78111740b058,PERSISTENT_WAKE_EXTREME,PEIERLS,1100.0,36405588.8964239,0.01548328586125807,849300777231.5972,0.0,64009826.63107499,1.493340008643784
oneD_v2_dbtt_TP_b60d78111740b058,PERSISTENT_WAKE_EXTREME,PEIERLS,1100.0,36805650.31286812,0.01548328586125807,849300777231.5972,0.0,64009826.63107499,1.493340008643784
oneD_v2_dbtt_TP_b60d78111740b058,PERSISTENT_WAKE_EXTREME,PEIERLS,1100.0,37205711.72931234,0.01548328586125807,849300777231.5972,0.0,64009826.63107499,1.493340008643784
oneD_v2_dbtt_TP_b60d78111740b058,PERSISTENT_WAKE_EXTREME,PEIERLS,1100.0,37605773.14575656,0.01548328586125807,849300777231.5972,0.0,64009826.63107499,1.493340008643784
oneD_v2_dbtt_TP_b60d78111740b058,PERSISTENT_WAKE_EXTREME,PEIERLS,1100.0,38005834.56220077,0.01548328586125807,849300777231.5972,0.0,64009826.63107499,1.493340008643784
oneD_v2_dbtt_TP_b60d78111740b058,PERSISTENT_WAKE_EXTREME,PEIERLS,1100.0,38405895.97864499,0.01548328586125807,849300777231.5972,0.0,64009826.63107499,1.493340008643784
oneD_v2_dbtt_TP_b60d78111740b058,PERSISTENT_WAKE_EXTREME,PEIERLS,1100.0,38805957.39508921,0.01548328586125807,849300777231.5972,0.0,64009826.63107499,1.493340008643784
oneD_v2_dbtt_TP_b60d78111740b058,PERSISTENT_WAKE_EXTREME,PEIERLS,1100.0,39206018.81153343,0.01548328586125807,849300777231.5972,0.0,64009826.63107499,1.493340008643784
oneD_v2_dbtt_TP_b60d78111740b058,PERSISTENT_WAKE_EXTREME,PEIERLS,1100.0,39606080.22797765,0.01548328586125807,849300777231.5972,0.0,64009826.63107499,1.493340008643784
oneD_v2_dbtt_TP_b60d78111740b058,PERSISTENT_WAKE_EXTREME,PEIERLS,1100.0,40006141.64442187,0.01548328586125807,849300777231.5972,0.0,64009826.63107499,1.493340008643784
oneD_v2_dbtt_TP_b60d78111740b058,PERSISTENT_WAKE_EXTREME,PEIERLS,1100.0,40406203.06086609,0.01548328586125807,849300777231.5972,0.0,64009826.63107499,1.493340008643784
oneD_v2_dbtt_TP_b60d78111740b058,PERSISTENT_WAKE_EXTREME,PEIERLS,1100.0,40806264.4773103,0.01548328586125807,849300777231.5972,0.0,64009826.63107499,1.493340008643784
oneD_v2_dbtt_TP_b60d78111740b058,PERSISTENT_WAKE_EXTREME,PEIERLS,1100.0,41206325.89375452,0.01548328586125807,849300777231.5972,0.0,64009826.63107499,1.493340008643784
oneD_v2_dbtt_TP_b60d78111740b058,PERSISTENT_WAKE_EXTREME,PEIERLS,1100.0,41606387.31019874,0.01548328586125807,849300777231.5972,0.0,64009826.63107499,1.493340008643784
oneD_v2_dbtt_TP_b60d78111740b058,PERSISTENT_WAKE_EXTREME,PEIERLS,1100.0,42006448.72664296,0.01548328586125807,849300777231.5972,0.0,64009826.63107499,1.493340008643784
oneD_v2_dbtt_TP_b60d78111740b058,PERSISTENT_WAKE_EXTREME,PEIERLS,1100.0,42406510.14308718,0.01548328586125807,849300777231.5972,0.0,64009826.63107499,1.493340008643784
oneD_v2_dbtt_TP_b60d78111740b058,PERSISTENT_WAKE_EXTREME,PEIERLS,1100.0,42806571.5595314,0.01548328586125807,849300777231.5972,0.0,64009826.63107499,1.493340008643784
oneD_v2_dbtt_TP_b60d78111740b058,PERSISTENT_WAKE_EXTREME,PEIERLS,1100.0,43206632.97597562,0.01548328586125807,849300777231.5972,0.0,64009826.63107499,1.493340008643784
oneD_v2_dbtt_TP_b60d78111740b058,PERSISTENT_WAKE_EXTREME,PEIERLS,1100.0,43606694.39241984,0.01548328586125807,849300777231.5972,0.0,64009826.63107499,1.493340008643784
oneD_v2_dbtt_TP_b60d78111740b058,PERSISTENT_WAKE_EXTREME,PEIERLS,1100.0,44006755.80886405,0.01548328586125807,849300777231.5972,0.0,64009826.63107499,1.493340008643784
oneD_v2_dbtt_TP_b60d78111740b058,PERSISTENT_WAKE_EXTREME,PEIERLS,1100.0,44406817.22530827,0.01548328586125807,849300777231.5972,0.0,64009826.63107499,1.493340008643784
oneD_v2_dbtt_TP_b60d78111740b058,PERSISTENT_WAKE_EXTREME,PEIERLS,1100.0,44806878.64175249,0.01548328586125807,849300777231.5972,0.0,64009826.63107499,1.493340008643784
oneD_v2_dbtt_TP_b60d78111740b058,PERSISTENT_WAKE_EXTREME,PEIERLS,1100.0,45206940.05819671,0.01548328586125807,849300777231.5972,0.0,64009826.63107499,1.493340008643784
oneD_v2_dbtt_TP_b60d78111740b058,PERSISTENT_WAKE_EXTREME,PEIERLS,1100.0,45607001.47464093,0.01548328586125807,849300777231.5972,0.0,64009826.63107499,1.493340008643784
oneD_v2_dbtt_TP_b60d78111740b058,PERSISTENT_WAKE_EXTREME,PEIERLS,1100.0,46007062.89108515,0.01548328586125807,849300777231.5972,0.0,64009826.63107499,1.493340008643784
oneD_v2_dbtt_TP_b60d78111740b058,PERSISTENT_WAKE_EXTREME,PEIERLS,1100.0,46407124.30752937,0.01548328586125807,849300777231.5972,0.0,64009826.63107499,1.493340008643784
oneD_v2_dbtt_TP_b60d78111740b058,PERSISTENT_WAKE_EXTREME,PEIERLS,1100.0,46807185.72397358,0.01548328586125807,849300777231.5972,0.0,64009826.63107499,1.493340008643784
oneD_v2_dbtt_TP_b60d78111740b058,PERSISTENT_WAKE_EXTREME,PEIERLS,1100.0,47207247.1404178,0.01548328586125807,849300777231.5972,0.0,64009826.63107499,1.493340008643784
oneD_v2_dbtt_TP_b60d78111740b058,PERSISTENT_WAKE_EXTREME,PEIERLS,1100.0,47607308.55686202,0.01548328586125807,849300777231.5972,0.0,64009826.63107499,1.493340008643784
oneD_v2_dbtt_TP_b60d78111740b058,PERSISTENT_WAKE_EXTREME,PEIERLS,1100.0,48007369.97330624,0.01548328586125807,849300777231.5972,0.0,64009826.63107499,1.493340008643784
oneD_v2_dbtt_TP_b60d78111740b058,PERSISTENT_WAKE_EXTREME,PEIERLS,1100.0,48407431.38975046,0.01548328586125807,849300777231.5972,0.0,64009826.63107499,1.493340008643784
oneD_v2_dbtt_TP_b60d78111740b058,PERSISTENT_WAKE_EXTREME,PEIERLS,1100.0,48807492.80619468,0.01548328586125807,849300777231.5972,0.0,64009826.63107499,1.493340008643784
oneD_v2_dbtt_TP_b60d78111740b058,PERSISTENT_WAKE_EXTREME,PEIERLS,1100.0,49207554.2226389,0.01548328586125807,849300777231.5972,0.0,64009826.63107499,1.493340008643784
oneD_v2_dbtt_TP_b60d78111740b058,PERSISTENT_WAKE_EXTREME,PEIERLS,1100.0,49607615.63908312,0.01548328586125807,849300777231.5972,0.0,64009826.63107499,1.493340008643784
oneD_v2_dbtt_TP_b60d78111740b058,PERSISTENT_WAKE_EXTREME,PEIERLS,1100.0,50007677.05552733,0.01548328586125807,849300777231.5972,0.0,64009826.63107499,1.493340008643784
oneD_v2_dbtt_TP_b60d78111740b058,PERSISTENT_WAKE_EXTREME,PEIERLS,1100.0,50407738.47197155,0.01548328586125807,849300777231.5972,0.0,64009826.63107499,1.493340008643784
oneD_v2_dbtt_TP_b60d78111740b058,PERSISTENT_WAKE_EXTREME,PEIERLS,1100.0,50807799.88841577,0.01548328586125807,849300777231.5972,0.0,64009826.63107499,1.493340008643784
oneD_v2_dbtt_TP_b60d78111740b058,PERSISTENT_WAKE_EXTREME,PEIERLS,1100.0,51207861.30485999,0.01548328586125807,849300777231.5972,0.0,64009826.63107499,1.493340008643784
oneD_v2_dbtt_TP_b60d78111740b058,PERSISTENT_WAKE_EXTREME,PEIERLS,1100.0,51607922.72130421,0.01548328586125807,849300777231.5972,0.0,64009826.63107499,1.493340008643784
oneD_v2_dbtt_TP_b60d78111740b058,PERSISTENT_WAKE_EXTREME,PEIERLS,1100.0,52007984.13774843,0.01548328586125807,849300777231.5972,0.0,64009826.63107499,1.493340008643784
oneD_v2_dbtt_TP_b60d78111740b058,PERSISTENT_WAKE_EXTREME,PEIERLS,1100.0,52408045.55419265,0.01548328586125807,849300777231.5972,0.0,64009826.63107499,1.493340008643784
oneD_v2_dbtt_TP_b60d78111740b058,PERSISTENT_WAKE_EXTREME,PEIERLS,1100.0,52808106.97063686,0.01548328586125807,849300777231.5972,0.0,64009826.63107499,1.493340008643784
oneD_v2_dbtt_TP_b60d78111740b058,PERSISTENT_WAKE_EXTREME,PEIERLS,1100.0,53208168.38708108,0.01548328586125807,849300777231.5972,0.0,64009826.63107499,1.493340008643784
oneD_v2_dbtt_TP_b60d78111740b058,PERSISTENT_WAKE_EXTREME,PEIERLS,1100.0,53608229.8035253,0.01548328586125807,849300777231.5972,0.0,64009826.63107499,1.493340008643784
oneD_v2_dbtt_TP_b60d78111740b058,PERSISTENT_WAKE_EXTREME,PEIERLS,1100.0,54008291.21996952,0.01548328586125807,849300777231.5972,0.0,64009826.63107499,1.493340008643784
oneD_v2_dbtt_TP_b60d78111740b058,PERSISTENT_WAKE_EXTREME,PEIERLS,1100.0,54408352.63641374,0.01548328586125807,849300777231.5972,0.0,64009826.63107499,1.493340008643784
oneD_v2_dbtt_TP_b60d78111740b058,PERSISTENT_WAKE_EXTREME,PEIERLS,1100.0,54808414.05285796,0.01548328586125807,849300777231.5972,0.0,64009826.63107499,1.493340008643784
oneD_v2_dbtt_TP_b60d78111740b058,PERSISTENT_WAKE_EXTREME,PEIERLS,1100.0,55208475.46930218,0.01548328586125807,849300777231.5972,0.0,64009826.63107499,1.493340008643784
oneD_v2_dbtt_TP_b60d78111740b058,PERSISTENT_WAKE_EXTREME,PEIERLS,1100.0,55608536.8857464,0.01548328586125807,849300777231.5972,0.0,64009826.63107499,1.493340008643784
oneD_v2_dbtt_TP_b60d78111740b058,PERSISTENT_WAKE_EXTREME,PEIERLS,1100.0,56008598.30219061,0.01548328586125807,849300777231.5972,0.0,64009826.63107499,1.493340008643784
oneD_v2_dbtt_TP_b60d78111740b058,PERSISTENT_WAKE_EXTREME,PEIERLS,1100.0,56408659.71863483,0.01548328586125807,849300777231.5972,0.0,64009826.63107499,1.493340008643784
oneD_v2_dbtt_TP_b60d78111740b058,PERSISTENT_WAKE_EXTREME,PEIERLS,1100.0,56808721.13507905,0.01548328586125807,849300777231.5972,0.0,64009826.63107499,1.493340008643784
oneD_v2_dbtt_TP_b60d78111740b058,PERSISTENT_WAKE_EXTREME,PEIERLS,1100.0,57208782.55152327,0.01548328586125807,849300777231.5972,0.0,64009826.63107499,1.493340008643784
oneD_v2_dbtt_TP_b60d78111740b058,PERSISTENT_WAKE_EXTREME,PEIERLS,1100.0,57608843.96796749,0.01548328586125807,849300777231.5972,0.0,64009826.63107499,1.493340008643784
oneD_v2_dbtt_TP_b60d78111740b058,PERSISTENT_WAKE_EXTREME,PEIERLS,1100.0,58008905.38441171,0.01548328586125807,849300777231.5972,0.0,64009826.63107499,1.493340008643784
oneD_v2_dbtt_TP_b60d78111740b058,PERSISTENT_WAKE_EXTREME,PEIERLS,1100.0,58408966.80085593,0.01548328586125807,849300777231.5972,0.0,64009826.63107499,1.493340008643784
oneD_v2_dbtt_TP_b60d78111740b058,PERSISTENT_WAKE_EXTREME,PEIERLS,1100.0,58809028.21730014,0.01548328586125807,849300777231.5972,0.0,64009826.63107499,1.493340008643784
oneD_v2_dbtt_TP_b60d78111740b058,PERSISTENT_WAKE_EXTREME,PEIERLS,1100.0,59209089.63374436,0.01548328586125807,849300777231.5972,0.0,64009826.63107499,1.493340008643784
oneD_v2_dbtt_TP_b60d78111740b058,PERSISTENT_WAKE_EXTREME,PEIERLS,1100.0,59609151.05018858,0.01548328586125807,849300777231.5972,0.0,64009826.63107499,1.493340008643784
oneD_v2_dbtt_TP_b60d78111740b058,PERSISTENT_WAKE_EXTREME,PEIERLS,1100.0,60009212.4666328,0.01548328586125807,849300777231.5972,0.0,64009826.63107499,1.493340008643784
oneD_v2_dbtt_TP_b60d78111740b058,PERSISTENT_WAKE_EXTREME,PEIERLS,1100.0,60409273.88307702,0.01548328586125807,849300777231.5972,0.0,64009826.63107499,1.493340008643784
oneD_v2_dbtt_TP_b60d78111740b058,PERSISTENT_WAKE_EXTREME,PEIERLS,1100.0,60809335.29952124,0.01548328586125807,849300777231.5972,0.0,64009826.63107499,1.493340008643784
oneD_v2_dbtt_TP_b60d78111740b058,PERSISTENT_WAKE_EXTREME,PEIERLS,1100.0,61209396.71596546,0.01548328586125807,849300777231.5972,0.0,64009826.63107499,1.493340008643784
oneD_v2_dbtt_TP_b60d78111740b058,PERSISTENT_WAKE_EXTREME,PEIERLS,1100.0,61609458.13240968,0.01548328586125807,849300777231.5972,0.0,64009826.63107499,1.493340008643784
oneD_v2_dbtt_TP_b60d78111740b058,PERSISTENT_WAKE_EXTREME,PEIERLS,1100.0,62009519.54885389,0.01548328586125807,849300777231.5972,0.0,64009826.63107499,1.493340008643784
oneD_v2_dbtt_TP_b60d78111740b058,PERSISTENT_WAKE_EXTREME,PEIERLS,1100.0,62409580.96529811,0.01548328586125807,849300777231.5972,0.0,64009826.63107499,1.493340008643784
oneD_v2_dbtt_TP_b60d78111740b058,PERSISTENT_WAKE_EXTREME,PEIERLS,1100.0,62809642.38174233,0.01548328586125807,849300777231.5972,0.0,64009826.63107499,1.493340008643784
oneD_v2_dbtt_TP_b60d78111740b058,PERSISTENT_WAKE_EXTREME,PEIERLS,1100.0,63209703.79818655,0.01548328586125807,849300777231.5972,0.0,64009826.63107499,1.493340008643784
oneD_v2_dbtt_TP_b60d78111740b058,PERSISTENT_WAKE_EXTREME,PEIERLS,1100.0,63609765.21463077,0.01548328586125807,849300777231.5972,0.0,64009826.63107499,1.493340008643784
oneD_v2_dbtt_TP_b60d78111740b058,PERSISTENT_WAKE_EXTREME,PEIERLS,1100.0,64009826.63107499,0.01548328586125807,849300777231.5972,0.0,64009826.63107499,1.493340008643784
oneD_v2_dbtt_TP_b60d78111740b058,PERSISTENT_WAKE_EXTREME,TAYLOR_COMPLETION_SINGLE_HIT,1100.0,0.0,1e-12,99999999998.94504,0.0,27280062126.858612,1e-12
oneD_v2_dbtt_TP_b60d78111740b058,PERSISTENT_WAKE_EXTREME,TAYLOR_COMPLETION_SINGLE_HIT,1100.0,170500388.29286632,9.5e-13,99999999998.99779,0.0,27280062126.858612,1e-12
oneD_v2_dbtt_TP_b60d78111740b058,PERSISTENT_WAKE_EXTREME,TAYLOR_COMPLETION_SINGLE_HIT,1100.0,341000776.58573264,9.5e-13,99999999998.99779,0.0,27280062126.858612,1e-12
oneD_v2_dbtt_TP_b60d78111740b058,PERSISTENT_WAKE_EXTREME,TAYLOR_COMPLETION_SINGLE_HIT,1100.0,511501164.8785989,9.5e-13,99999999998.99779,0.0,27280062126.858612,1e-12
oneD_v2_dbtt_TP_b60d78111740b058,PERSISTENT_WAKE_EXTREME,TAYLOR_COMPLETION_SINGLE_HIT,1100.0,682001553.1714653,9.5e-13,99999999998.99779,0.0,27280062126.858612,1e-12
oneD_v2_dbtt_TP_b60d78111740b058,PERSISTENT_WAKE_EXTREME,TAYLOR_COMPLETION_SINGLE_HIT,1100.0,852501941.4643316,9.5e-13,99999999998.99779,0.0,27280062126.858612,1e-12
oneD_v2_dbtt_TP_b60d78111740b058,PERSISTENT_WAKE_EXTREME,TAYLOR_COMPLETION_SINGLE_HIT,1100.0,1023002329.7571979,9.5e-13,99999999998.99779,0.0,27280062126.858612,1e-12
oneD_v2_dbtt_TP_b60d78111740b058,PERSISTENT_WAKE_EXTREME,TAYLOR_COMPLETION_SINGLE_HIT,1100.0,1193502718.0500643,9.5e-13,99999999998.99779,0.0,27280062126.858612,1e-12
oneD_v2_dbtt_TP_b60d78111740b058,PERSISTENT_WAKE_EXTREME,TAYLOR_COMPLETION_SINGLE_HIT,1100.0,1364003106.3429306,9.5e-13,99999999998.99779,0.0,27280062126.858612,1e-12
oneD_v2_dbtt_TP_b60d78111740b058,PERSISTENT_WAKE_EXTREME,TAYLOR_COMPLETION_SINGLE_HIT,1100.0,1534503494.6357968,9.5e-13,99999999998.99779,0.0,27280062126.858612,1e-12
oneD_v2_dbtt_TP_b60d78111740b058,PERSISTENT_WAKE_EXTREME,TAYLOR_COMPLETION_SINGLE_HIT,1100.0,1705003882.9286633,9.5e-13,99999999998.99779,0.0,27280062126.858612,1e-12
oneD_v2_dbtt_TP_b60d78111740b058,PERSISTENT_WAKE_EXTREME,TAYLOR_COMPLETION_SINGLE_HIT,1100.0,1875504271.2215295,9.5e-13,99999999998.99779,0.0,27280062126.858612,1e-12
oneD_v2_dbtt_TP_b60d78111740b058,PERSISTENT_WAKE_EXTREME,TAYLOR_COMPLETION_SINGLE_HIT,1100.0,2046004659.5143957,9.5e-13,99999999998.99779,0.0,27280062126.858612,1e-12
oneD_v2_dbtt_TP_b60d78111740b058,PERSISTENT_WAKE_EXTREME,TAYLOR_COMPLETION_SINGLE_HIT,1100.0,2216505047.807262,9.5e-13,99999999998.99779,0.0,27280062126.858612,1e-12
oneD_v2_dbtt_TP_b60d78111740b058,PERSISTENT_WAKE_EXTREME,TAYLOR_COMPLETION_SINGLE_HIT,1100.0,2387005436.1001287,9.5e-13,99999999998.99779,0.0,27280062126.858612,1e-12
oneD_v2_dbtt_TP_b60d78111740b058,PERSISTENT_WAKE_EXTREME,TAYLOR_COMPLETION_SINGLE_HIT,1100.0,2557505824.392995,9.5e-13,99999999998.99779,0.0,27280062126.858612,1e-12
oneD_v2_dbtt_TP_b60d78111740b058,PERSISTENT_WAKE_EXTREME,TAYLOR_COMPLETION_SINGLE_HIT,1100.0,2728006212.685861,9.5e-13,99999999998.99779,0.0,27280062126.858612,1e-12
oneD_v2_dbtt_TP_b60d78111740b058,PERSISTENT_WAKE_EXTREME,TAYLOR_COMPLETION_SINGLE_HIT,1100.0,2898506600.9787273,9.5e-13,99999999998.99779,0.0,27280062126.858612,1e-12
oneD_v2_dbtt_TP_b60d78111740b058,PERSISTENT_WAKE_EXTREME,TAYLOR_COMPLETION_SINGLE_HIT,1100.0,3069006989.2715936,9.5e-13,99999999998.99779,0.0,27280062126.858612,1e-12
oneD_v2_dbtt_TP_b60d78111740b058,PERSISTENT_WAKE_EXTREME,TAYLOR_COMPLETION_SINGLE_HIT,1100.0,3239507377.5644603,9.5e-13,99999999998.99779,0.0,27280062126.858612,1e-12
oneD_v2_dbtt_TP_b60d78111740b058,PERSISTENT_WAKE_EXTREME,TAYLOR_COMPLETION_SINGLE_HIT,1100.0,3410007765.8573265,9.5e-13,99999999998.99779,0.0,27280062126.858612,1e-12
oneD_v2_dbtt_TP_b60d78111740b058,PERSISTENT_WAKE_EXTREME,TAYLOR_COMPLETION_SINGLE_HIT,1100.0,3580508154.1501927,9.5e-13,99999999998.99779,0.0,27280062126.858612,1e-12
oneD_v2_dbtt_TP_b60d78111740b058,PERSISTENT_WAKE_EXTREME,TAYLOR_COMPLETION_SINGLE_HIT,1100.0,3751008542.443059,9.5e-13,99999999998.99779,0.0,27280062126.858612,1e-12
oneD_v2_dbtt_TP_b60d78111740b058,PERSISTENT_WAKE_EXTREME,TAYLOR_COMPLETION_SINGLE_HIT,1100.0,3921508930.735925,9.5e-13,99999999998.99779,0.0,27280062126.858612,1e-12
oneD_v2_dbtt_TP_b60d78111740b058,PERSISTENT_WAKE_EXTREME,TAYLOR_COMPLETION_SINGLE_HIT,1100.0,4092009319.0287914,9.5e-13,99999999998.99779,0.0,27280062126.858612,1e-12
oneD_v2_dbtt_TP_b60d78111740b058,PERSISTENT_WAKE_EXTREME,TAYLOR_COMPLETION_SINGLE_HIT,1100.0,4262509707.321658,9.5e-13,99999999998.99779,0.0,27280062126.858612,1e-12
oneD_v2_dbtt_TP_b60d78111740b058,PERSISTENT_WAKE_EXTREME,TAYLOR_COMPLETION_SINGLE_HIT,1100.0,4433010095.614524,9.5e-13,99999999998.99779,0.0,27280062126.858612,1e-12
oneD_v2_dbtt_TP_b60d78111740b058,PERSISTENT_WAKE_EXTREME,TAYLOR_COMPLETION_SINGLE_HIT,1100.0,4603510483.907391,9.5e-13,99999999998.99779,0.0,27280062126.858612,1e-12
oneD_v2_dbtt_TP_b60d78111740b058,PERSISTENT_WAKE_EXTREME,TAYLOR_COMPLETION_SINGLE_HIT,1100.0,4774010872.200257,9.5e-13,99999999998.99779,0.0,27280062126.858612,1e-12
oneD_v2_dbtt_TP_b60d78111740b058,PERSISTENT_WAKE_EXTREME,TAYLOR_COMPLETION_SINGLE_HIT,1100.0,4944511260.493123,9.5e-13,99999999998.99779,0.0,27280062126.858612,1e-12
oneD_v2_dbtt_TP_b60d78111740b058,PERSISTENT_WAKE_EXTREME,TAYLOR_COMPLETION_SINGLE_HIT,1100.0,5115011648.78599,9.5e-13,99999999998.99779,0.0,27280062126.858612,1e-12
oneD_v2_dbtt_TP_b60d78111740b058,PERSISTENT_WAKE_EXTREME,TAYLOR_COMPLETION_SINGLE_HIT,1100.0,5285512037.0788555,9.5e-13,99999999998.99779,0.0,27280062126.858612,1e-12
oneD_v2_dbtt_TP_b60d78111740b058,PERSISTENT_WAKE_EXTREME,TAYLOR_COMPLETION_SINGLE_HIT,1100.0,5456012425.371722,9.5e-13,99999999998.99779,0.0,27280062126.858612,1e-12
oneD_v2_dbtt_TP_b60d78111740b058,PERSISTENT_WAKE_EXTREME,TAYLOR_COMPLETION_SINGLE_HIT,1100.0,5626512813.664589,9.5e-13,99999999998.99779,0.0,27280062126.858612,1e-12
oneD_v2_dbtt_TP_b60d78111740b058,PERSISTENT_WAKE_EXTREME,TAYLOR_COMPLETION_SINGLE_HIT,1100.0,5797013201.957455,9.5e-13,99999999998.99779,0.0,27280062126.858612,1e-12
oneD_v2_dbtt_TP_b60d78111740b058,PERSISTENT_WAKE_EXTREME,TAYLOR_COMPLETION_SINGLE_HIT,1100.0,5967513590.250321,9.5e-13,99999999998.99779,0.0,27280062126.858612,1e-12
oneD_v2_dbtt_TP_b60d78111740b058,PERSISTENT_WAKE_EXTREME,TAYLOR_COMPLETION_SINGLE_HIT,1100.0,6138013978.543187,9.5e-13,99999999998.99779,0.0,27280062126.858612,1e-12
oneD_v2_dbtt_TP_b60d78111740b058,PERSISTENT_WAKE_EXTREME,TAYLOR_COMPLETION_SINGLE_HIT,1100.0,6308514366.836054,9.5e-13,99999999998.99779,0.0,27280062126.858612,1e-12
oneD_v2_dbtt_TP_b60d78111740b058,PERSISTENT_WAKE_EXTREME,TAYLOR_COMPLETION_SINGLE_HIT,1100.0,6479014755.128921,9.5e-13,99999999998.99779,0.0,27280062126.858612,1e-12
oneD_v2_dbtt_TP_b60d78111740b058,PERSISTENT_WAKE_EXTREME,TAYLOR_COMPLETION_SINGLE_HIT,1100.0,6649515143.421786,9.5e-13,99999999998.99779,0.0,27280062126.858612,1e-12
oneD_v2_dbtt_TP_b60d78111740b058,PERSISTENT_WAKE_EXTREME,TAYLOR_COMPLETION_SINGLE_HIT,1100.0,6820015531.714653,9.5e-13,99999999998.99779,0.0,27280062126.858612,1e-12
oneD_v2_dbtt_TP_b60d78111740b058,PERSISTENT_WAKE_EXTREME,TAYLOR_COMPLETION_SINGLE_HIT,1100.0,6990515920.007519,9.5e-13,99999999998.99779,0.0,27280062126.858612,1e-12
oneD_v2_dbtt_TP_b60d78111740b058,PERSISTENT_WAKE_EXTREME,TAYLOR_COMPLETION_SINGLE_HIT,1100.0,7161016308.300385,9.5e-13,99999999998.99779,0.0,27280062126.858612,1e-12
oneD_v2_dbtt_TP_b60d78111740b058,PERSISTENT_WAKE_EXTREME,TAYLOR_COMPLETION_SINGLE_HIT,1100.0,7331516696.593252,9.5e-13,99999999998.99779,0.0,27280062126.858612,1e-12
oneD_v2_dbtt_TP_b60d78111740b058,PERSISTENT_WAKE_EXTREME,TAYLOR_COMPLETION_SINGLE_HIT,1100.0,7502017084.886118,9.5e-13,99999999998.99779,0.0,27280062126.858612,1e-12
oneD_v2_dbtt_TP_b60d78111740b058,PERSISTENT_WAKE_EXTREME,TAYLOR_COMPLETION_SINGLE_HIT,1100.0,7672517473.178985,9.5e-13,99999999998.99779,0.0,27280062126.858612,1e-12
oneD_v2_dbtt_TP_b60d78111740b058,PERSISTENT_WAKE_EXTREME,TAYLOR_COMPLETION_SINGLE_HIT,1100.0,7843017861.47185,9.5e-13,99999999998.99779,0.0,27280062126.858612,1e-12
oneD_v2_dbtt_TP_b60d78111740b058,PERSISTENT_WAKE_EXTREME,TAYLOR_COMPLETION_SINGLE_HIT,1100.0,8013518249.764717,9.5e-13,99999999998.99779,0.0,27280062126.858612,1e-12
oneD_v2_dbtt_TP_b60d78111740b058,PERSISTENT_WAKE_EXTREME,TAYLOR_COMPLETION_SINGLE_HIT,1100.0,8184018638.057583,9.5e-13,99999999998.99779,0.0,27280062126.858612,1e-12
oneD_v2_dbtt_TP_b60d78111740b058,PERSISTENT_WAKE_EXTREME,TAYLOR_COMPLETION_SINGLE_HIT,1100.0,8354519026.35045,9.5e-13,99999999998.99779,0.0,27280062126.858612,1e-12
oneD_v2_dbtt_TP_b60d78111740b058,PERSISTENT_WAKE_EXTREME,TAYLOR_COMPLETION_SINGLE_HIT,1100.0,8525019414.643316,9.5e-13,99999999998.99779,0.0,27280062126.858612,1e-12
oneD_v2_dbtt_TP_b60d78111740b058,PERSISTENT_WAKE_EXTREME,TAYLOR_COMPLETION_SINGLE_HIT,1100.0,8695519802.936182,9.5e-13,99999999998.99779,0.0,27280062126.858612,1e-12
oneD_v2_dbtt_TP_b60d78111740b058,PERSISTENT_WAKE_EXTREME,TAYLOR_COMPLETION_SINGLE_HIT,1100.0,8866020191.229048,9.5e-13,99999999998.99779,0.0,27280062126.858612,1e-12
oneD_v2_dbtt_TP_b60d78111740b058,PERSISTENT_WAKE_EXTREME,TAYLOR_COMPLETION_SINGLE_HIT,1100.0,9036520579.521915,9.5e-13,99999999998.99779,0.0,27280062126.858612,1e-12
oneD_v2_dbtt_TP_b60d78111740b058,PERSISTENT_WAKE_EXTREME,TAYLOR_COMPLETION_SINGLE_HIT,1100.0,9207020967.814781,9.5e-13,99999999998.99779,0.0,27280062126.858612,1e-12
oneD_v2_dbtt_TP_b60d78111740b058,PERSISTENT_WAKE_EXTREME,TAYLOR_COMPLETION_SINGLE_HIT,1100.0,9377521356.107647,9.5e-13,99999999998.99779,0.0,27280062126.858612,1e-12
oneD_v2_dbtt_TP_b60d78111740b058,PERSISTENT_WAKE_EXTREME,TAYLOR_COMPLETION_SINGLE_HIT,1100.0,9548021744.400515,9.5e-13,99999999998.99779,0.0,27280062126.858612,1e-12
oneD_v2_dbtt_TP_b60d78111740b058,PERSISTENT_WAKE_EXTREME,TAYLOR_COMPLETION_SINGLE_HIT,1100.0,9718522132.69338,9.5e-13,99999999998.99779,0.0,27280062126.858612,1e-12
oneD_v2_dbtt_TP_b60d78111740b058,PERSISTENT_WAKE_EXTREME,TAYLOR_COMPLETION_SINGLE_HIT,1100.0,9889022520.986246,9.5e-13,99999999998.99779,0.0,27280062126.858612,1e-12
oneD_v2_dbtt_TP_b60d78111740b058,PERSISTENT_WAKE_EXTREME,TAYLOR_COMPLETION_SINGLE_HIT,1100.0,10059522909.279114,9.5e-13,99999999998.99779,0.0,27280062126.858612,1e-12
oneD_v2_dbtt_TP_b60d78111740b058,PERSISTENT_WAKE_EXTREME,TAYLOR_COMPLETION_SINGLE_HIT,1100.0,10230023297.57198,9.5e-13,99999999998.99779,0.0,27280062126.858612,1e-12
oneD_v2_dbtt_TP_b60d78111740b058,PERSISTENT_WAKE_EXTREME,TAYLOR_COMPLETION_SINGLE_HIT,1100.0,10400523685.864845,9.5e-13,99999999998.99779,0.0,27280062126.858612,1e-12
oneD_v2_dbtt_TP_b60d78111740b058,PERSISTENT_WAKE_EXTREME,TAYLOR_COMPLETION_SINGLE_HIT,1100.0,10571024074.157711,9.5e-13,99999999998.99779,0.0,27280062126.858612,1e-12
oneD_v2_dbtt_TP_b60d78111740b058,PERSISTENT_WAKE_EXTREME,TAYLOR_COMPLETION_SINGLE_HIT,1100.0,10741524462.450579,9.5e-13,99999999998.99779,0.0,27280062126.858612,1e-12
oneD_v2_dbtt_TP_b60d78111740b058,PERSISTENT_WAKE_EXTREME,TAYLOR_COMPLETION_SINGLE_HIT,1100.0,10912024850.743444,9.5e-13,99999999998.99779,0.0,27280062126.858612,1e-12
oneD_v2_dbtt_TP_b60d78111740b058,PERSISTENT_WAKE_EXTREME,TAYLOR_COMPLETION_SINGLE_HIT,1100.0,11082525239.03631,9.5e-13,99999999998.99779,0.0,27280062126.858612,1e-12
oneD_v2_dbtt_TP_b60d78111740b058,PERSISTENT_WAKE_EXTREME,TAYLOR_COMPLETION_SINGLE_HIT,1100.0,11253025627.329178,9.5e-13,99999999998.99779,0.0,27280062126.858612,1e-12
oneD_v2_dbtt_TP_b60d78111740b058,PERSISTENT_WAKE_EXTREME,TAYLOR_COMPLETION_SINGLE_HIT,1100.0,11423526015.622044,9.5e-13,99999999998.99779,0.0,27280062126.858612,1e-12
oneD_v2_dbtt_TP_b60d78111740b058,PERSISTENT_WAKE_EXTREME,TAYLOR_COMPLETION_SINGLE_HIT,1100.0,11594026403.91491,9.5e-13,99999999998.99779,0.0,27280062126.858612,1e-12
oneD_v2_dbtt_TP_b60d78111740b058,PERSISTENT_WAKE_EXTREME,TAYLOR_COMPLETION_SINGLE_HIT,1100.0,11764526792.207775,9.5e-13,99999999998.99779,0.0,27280062126.858612,1e-12
oneD_v2_dbtt_TP_b60d78111740b058,PERSISTENT_WAKE_EXTREME,TAYLOR_COMPLETION_SINGLE_HIT,1100.0,11935027180.500643,9.5e-13,99999999998.99779,0.0,27280062126.858612,1e-12
oneD_v2_dbtt_TP_b60d78111740b058,PERSISTENT_WAKE_EXTREME,TAYLOR_COMPLETION_SINGLE_HIT,1100.0,12105527568.793509,9.5e-13,99999999998.99779,0.0,27280062126.858612,1e-12
oneD_v2_dbtt_TP_b60d78111740b058,PERSISTENT_WAKE_EXTREME,TAYLOR_COMPLETION_SINGLE_HIT,1100.0,12276027957.086374,9.5e-13,99999999998.99779,0.0,27280062126.858612,1e-12
oneD_v2_dbtt_TP_b60d78111740b058,PERSISTENT_WAKE_EXTREME,TAYLOR_COMPLETION_SINGLE_HIT,1100.0,12446528345.379242,9.5e-13,99999999998.99779,0.0,27280062126.858612,1e-12
oneD_v2_dbtt_TP_b60d78111740b058,PERSISTENT_WAKE_EXTREME,TAYLOR_COMPLETION_SINGLE_HIT,1100.0,12617028733.672108,9.5e-13,99999999998.99779,0.0,27280062126.858612,1e-12
oneD_v2_dbtt_TP_b60d78111740b058,PERSISTENT_WAKE_EXTREME,TAYLOR_COMPLETION_SINGLE_HIT,1100.0,12787529121.964973,9.5e-13,99999999998.99779,0.0,27280062126.858612,1e-12
oneD_v2_dbtt_TP_b60d78111740b058,PERSISTENT_WAKE_EXTREME,TAYLOR_COMPLETION_SINGLE_HIT,1100.0,12958029510.257841,9.5e-13,99999999998.99779,0.0,27280062126.858612,1e-12
oneD_v2_dbtt_TP_b60d78111740b058,PERSISTENT_WAKE_EXTREME,TAYLOR_COMPLETION_SINGLE_HIT,1100.0,13128529898.550707,9.5e-13,99999999998.99779,0.0,27280062126.858612,1e-12
oneD_v2_dbtt_TP_b60d78111740b058,PERSISTENT_WAKE_EXTREME,TAYLOR_COMPLETION_SINGLE_HIT,1100.0,13299030286.843573,9.5e-13,99999999998.99779,0.0,27280062126.858612,1e-12
oneD_v2_dbtt_TP_b60d78111740b058,PERSISTENT_WAKE_EXTREME,TAYLOR_COMPLETION_SINGLE_HIT,1100.0,13469530675.136438,9.5e-13,99999999998.99779,0.0,27280062126.858612,1e-12
oneD_v2_dbtt_TP_b60d78111740b058,PERSISTENT_WAKE_EXTREME,TAYLOR_COMPLETION_SINGLE_HIT,1100.0,13640031063.429306,9.5e-13,99999999998.99779,0.0,27280062126.858612,1e-12
oneD_v2_dbtt_TP_b60d78111740b058,PERSISTENT_WAKE_EXTREME,TAYLOR_COMPLETION_SINGLE_HIT,1100.0,13810531451.722172,9.5e-13,99999999998.99779,0.0,27280062126.858612,1e-12
oneD_v2_dbtt_TP_b60d78111740b058,PERSISTENT_WAKE_EXTREME,TAYLOR_COMPLETION_SINGLE_HIT,1100.0,13981031840.015038,9.5e-13,99999999998.99779,0.0,27280062126.858612,1e-12
oneD_v2_dbtt_TP_b60d78111740b058,PERSISTENT_WAKE_EXTREME,TAYLOR_COMPLETION_SINGLE_HIT,1100.0,14151532228.307905,9.5e-13,99999999998.99779,0.0,27280062126.858612,1e-12
oneD_v2_dbtt_TP_b60d78111740b058,PERSISTENT_WAKE_EXTREME,TAYLOR_COMPLETION_SINGLE_HIT,1100.0,14322032616.60077,9.5e-13,99999999998.99779,0.0,27280062126.858612,1e-12
oneD_v2_dbtt_TP_b60d78111740b058,PERSISTENT_WAKE_EXTREME,TAYLOR_COMPLETION_SINGLE_HIT,1100.0,14492533004.893637,9.5e-13,99999999998.99779,0.0,27280062126.858612,1e-12
oneD_v2_dbtt_TP_b60d78111740b058,PERSISTENT_WAKE_EXTREME,TAYLOR_COMPLETION_SINGLE_HIT,1100.0,14663033393.186504,9.5e-13,99999999998.99779,0.0,27280062126.858612,1e-12
oneD_v2_dbtt_TP_b60d78111740b058,PERSISTENT_WAKE_EXTREME,TAYLOR_COMPLETION_SINGLE_HIT,1100.0,14833533781.47937,9.5e-13,99999999998.99779,0.0,27280062126.858612,1e-12
oneD_v2_dbtt_TP_b60d78111740b058,PERSISTENT_WAKE_EXTREME,TAYLOR_COMPLETION_SINGLE_HIT,1100.0,15004034169.772236,9.5e-13,99999999998.99779,0.0,27280062126.858612,1e-12
oneD_v2_dbtt_TP_b60d78111740b058,PERSISTENT_WAKE_EXTREME,TAYLOR_COMPLETION_SINGLE_HIT,1100.0,15174534558.065102,9.5e-13,99999999998.99779,0.0,27280062126.858612,1e-12
oneD_v2_dbtt_TP_b60d78111740b058,PERSISTENT_WAKE_EXTREME,TAYLOR_COMPLETION_SINGLE_HIT,1100.0,15345034946.35797,9.5e-13,99999999998.99779,0.0,27280062126.858612,1e-12
oneD_v2_dbtt_TP_b60d78111740b058,PERSISTENT_WAKE_EXTREME,TAYLOR_COMPLETION_SINGLE_HIT,1100.0,15515535334.650835,9.5e-13,99999999998.99779,0.0,27280062126.858612,1e-12
oneD_v2_dbtt_TP_b60d78111740b058,PERSISTENT_WAKE_EXTREME,TAYLOR_COMPLETION_SINGLE_HIT,1100.0,15686035722.9437,9.5e-13,99999999998.99779,0.0,27280062126.858612,1e-12
oneD_v2_dbtt_TP_b60d78111740b058,PERSISTENT_WAKE_EXTREME,TAYLOR_COMPLETION_SINGLE_HIT,1100.0,15856536111.236568,9.5e-13,99999999998.99779,0.0,27280062126.858612,1e-12
oneD_v2_dbtt_TP_b60d78111740b058,PERSISTENT_WAKE_EXTREME,TAYLOR_COMPLETION_SINGLE_HIT,1100.0,16027036499.529434,9.5e-13,99999999998.99779,0.0,27280062126.858612,1e-12
oneD_v2_dbtt_TP_b60d78111740b058,PERSISTENT_WAKE_EXTREME,TAYLOR_COMPLETION_SINGLE_HIT,1100.0,16197536887.8223,9.5e-13,99999999998.99779,0.0,27280062126.858612,1e-12
oneD_v2_dbtt_TP_b60d78111740b058,PERSISTENT_WAKE_EXTREME,TAYLOR_COMPLETION_SINGLE_HIT,1100.0,16368037276.115166,9.5e-13,99999999998.99779,0.0,27280062126.858612,1e-12
oneD_v2_dbtt_TP_b60d78111740b058,PERSISTENT_WAKE_EXTREME,TAYLOR_COMPLETION_SINGLE_HIT,1100.0,16538537664.408033,9.5e-13,99999999998.99779,0.0,27280062126.858612,1e-12
oneD_v2_dbtt_TP_b60d78111740b058,PERSISTENT_WAKE_EXTREME,TAYLOR_COMPLETION_SINGLE_HIT,1100.0,16709038052.7009,9.5e-13,99999999998.99779,0.0,27280062126.858612,1e-12
oneD_v2_dbtt_TP_b60d78111740b058,PERSISTENT_WAKE_EXTREME,TAYLOR_COMPLETION_SINGLE_HIT,1100.0,16879538440.993765,9.5e-13,99999999998.99779,0.0,27280062126.858612,1e-12
oneD_v2_dbtt_TP_b60d78111740b058,PERSISTENT_WAKE_EXTREME,TAYLOR_COMPLETION_SINGLE_HIT,1100.0,17050038829.286633,9.5e-13,99999999998.99779,0.0,27280062126.858612,1e-12
oneD_v2_dbtt_TP_b60d78111740b058,PERSISTENT_WAKE_EXTREME,TAYLOR_COMPLETION_SINGLE_HIT,1100.0,17220539217.5795,9.5e-13,99999999998.99779,0.0,27280062126.858612,1e-12
oneD_v2_dbtt_TP_b60d78111740b058,PERSISTENT_WAKE_EXTREME,TAYLOR_COMPLETION_SINGLE_HIT,1100.0,17391039605.872364,9.5e-13,99999999998.99779,0.0,27280062126.858612,1e-12
oneD_v2_dbtt_TP_b60d78111740b058,PERSISTENT_WAKE_EXTREME,TAYLOR_COMPLETION_SINGLE_HIT,1100.0,17561539994.16523,9.5e-13,99999999998.99779,0.0,27280062126.858612,1e-12
oneD_v2_dbtt_TP_b60d78111740b058,PERSISTENT_WAKE_EXTREME,TAYLOR_COMPLETION_SINGLE_HIT,1100.0,17732040382.458096,9.5e-13,99999999998.99779,0.0,27280062126.858612,1e-12
oneD_v2_dbtt_TP_b60d78111740b058,PERSISTENT_WAKE_EXTREME,TAYLOR_COMPLETION_SINGLE_HIT,1100.0,17902540770.750965,9.5e-13,99999999998.99779,0.0,27280062126.858612,1e-12
oneD_v2_dbtt_TP_b60d78111740b058,PERSISTENT_WAKE_EXTREME,TAYLOR_COMPLETION_SINGLE_HIT,1100.0,18073041159.04383,9.5e-13,99999999998.99779,0.0,27280062126.858612,1e-12
oneD_v2_dbtt_TP_b60d78111740b058,PERSISTENT_WAKE_EXTREME,TAYLOR_COMPLETION_SINGLE_HIT,1100.0,18243541547.336697,9.5e-13,99999999998.99779,0.0,27280062126.858612,1e-12
oneD_v2_dbtt_TP_b60d78111740b058,PERSISTENT_WAKE_EXTREME,TAYLOR_COMPLETION_SINGLE_HIT,1100.0,18414041935.629562,9.5e-13,99999999998.99779,0.0,27280062126.858612,1e-12
oneD_v2_dbtt_TP_b60d78111740b058,PERSISTENT_WAKE_EXTREME,TAYLOR_COMPLETION_SINGLE_HIT,1100.0,18584542323.92243,9.5e-13,99999999998.99779,0.0,27280062126.858612,1e-12
oneD_v2_dbtt_TP_b60d78111740b058,PERSISTENT_WAKE_EXTREME,TAYLOR_COMPLETION_SINGLE_HIT,1100.0,18755042712.215294,9.5e-13,99999999998.99779,0.0,27280062126.858612,1e-12
oneD_v2_dbtt_TP_b60d78111740b058,PERSISTENT_WAKE_EXTREME,TAYLOR_COMPLETION_SINGLE_HIT,1100.0,18925543100.50816,9.5e-13,99999999998.99779,0.0,27280062126.858612,1e-12
oneD_v2_dbtt_TP_b60d78111740b058,PERSISTENT_WAKE_EXTREME,TAYLOR_COMPLETION_SINGLE_HIT,1100.0,19096043488.80103,9.5e-13,99999999998.99779,0.0,27280062126.858612,1e-12
oneD_v2_dbtt_TP_b60d78111740b058,PERSISTENT_WAKE_EXTREME,TAYLOR_COMPLETION_SINGLE_HIT,1100.0,19266543877.093895,9.5e-13,99999999998.99779,0.0,27280062126.858612,1e-12
oneD_v2_dbtt_TP_b60d78111740b058,PERSISTENT_WAKE_EXTREME,TAYLOR_COMPLETION_SINGLE_HIT,1100.0,19437044265.38676,9.5e-13,99999999998.99779,0.0,27280062126.858612,1e-12
oneD_v2_dbtt_TP_b60d78111740b058,PERSISTENT_WAKE_EXTREME,TAYLOR_COMPLETION_SINGLE_HIT,1100.0,19607544653.679626,9.5e-13,99999999998.99779,0.0,27280062126.858612,1e-12
oneD_v2_dbtt_TP_b60d78111740b058,PERSISTENT_WAKE_EXTREME,TAYLOR_COMPLETION_SINGLE_HIT,1100.0,19778045041.972492,9.5e-13,99999999998.99779,0.0,27280062126.858612,1e-12
oneD_v2_dbtt_TP_b60d78111740b058,PERSISTENT_WAKE_EXTREME,TAYLOR_COMPLETION_SINGLE_HIT,1100.0,19948545430.265358,9.5e-13,99999999998.99779,0.0,27280062126.858612,1e-12
oneD_v2_dbtt_TP_b60d78111740b058,PERSISTENT_WAKE_EXTREME,TAYLOR_COMPLETION_SINGLE_HIT,1100.0,20119045818.558228,9.5e-13,99999999998.99779,0.0,27280062126.858612,1e-12
oneD_v2_dbtt_TP_b60d78111740b058,PERSISTENT_WAKE_EXTREME,TAYLOR_COMPLETION_SINGLE_HIT,1100.0,20289546206.851093,9.5e-13,99999999998.99779,0.0,27280062126.858612,1e-12
oneD_v2_dbtt_TP_b60d78111740b058,PERSISTENT_WAKE_EXTREME,TAYLOR_COMPLETION_SINGLE_HIT,1100.0,20460046595.14396,9.5e-13,99999999998.99779,0.0,27280062126.858612,1e-12
oneD_v2_dbtt_TP_b60d78111740b058,PERSISTENT_WAKE_EXTREME,TAYLOR_COMPLETION_SINGLE_HIT,1100.0,20630546983.436825,9.5e-13,99999999998.99779,0.0,27280062126.858612,1e-12
oneD_v2_dbtt_TP_b60d78111740b058,PERSISTENT_WAKE_EXTREME,TAYLOR_COMPLETION_SINGLE_HIT,1100.0,20801047371.72969,9.5e-13,99999999998.99779,0.0,27280062126.858612,1e-12
oneD_v2_dbtt_TP_b60d78111740b058,PERSISTENT_WAKE_EXTREME,TAYLOR_COMPLETION_SINGLE_HIT,1100.0,20971547760.022556,9.5e-13,99999999998.99779,0.0,27280062126.858612,1e-12
oneD_v2_dbtt_TP_b60d78111740b058,PERSISTENT_WAKE_EXTREME,TAYLOR_COMPLETION_SINGLE_HIT,1100.0,21142048148.315422,9.5e-13,99999999998.99779,0.0,27280062126.858612,1e-12
oneD_v2_dbtt_TP_b60d78111740b058,PERSISTENT_WAKE_EXTREME,TAYLOR_COMPLETION_SINGLE_HIT,1100.0,21312548536.60829,9.5e-13,99999999998.99779,0.0,27280062126.858612,1e-12
oneD_v2_dbtt_TP_b60d78111740b058,PERSISTENT_WAKE_EXTREME,TAYLOR_COMPLETION_SINGLE_HIT,1100.0,21483048924.901157,9.5e-13,99999999998.99779,0.0,27280062126.858612,1e-12
oneD_v2_dbtt_TP_b60d78111740b058,PERSISTENT_WAKE_EXTREME,TAYLOR_COMPLETION_SINGLE_HIT,1100.0,21653549313.194023,9.5e-13,99999999998.99779,0.0,27280062126.858612,1e-12
oneD_v2_dbtt_TP_b60d78111740b058,PERSISTENT_WAKE_EXTREME,TAYLOR_COMPLETION_SINGLE_HIT,1100.0,21824049701.48689,9.5e-13,99999999998.99779,0.0,27280062126.858612,1e-12
oneD_v2_dbtt_TP_b60d78111740b058,PERSISTENT_WAKE_EXTREME,TAYLOR_COMPLETION_SINGLE_HIT,1100.0,21994550089.779755,9.5e-13,99999999998.99779,0.0,27280062126.858612,1e-12
oneD_v2_dbtt_TP_b60d78111740b058,PERSISTENT_WAKE_EXTREME,TAYLOR_COMPLETION_SINGLE_HIT,1100.0,22165050478.07262,9.5e-13,99999999998.99779,0.0,27280062126.858612,1e-12
oneD_v2_dbtt_TP_b60d78111740b058,PERSISTENT_WAKE_EXTREME,TAYLOR_COMPLETION_SINGLE_HIT,1100.0,22335550866.365486,9.5e-13,99999999998.99779,0.0,27280062126.858612,1e-12
oneD_v2_dbtt_TP_b60d78111740b058,PERSISTENT_WAKE_EXTREME,TAYLOR_COMPLETION_SINGLE_HIT,1100.0,22506051254.658356,9.5e-13,99999999998.99779,0.0,27280062126.858612,1e-12
oneD_v2_dbtt_TP_b60d78111740b058,PERSISTENT_WAKE_EXTREME,TAYLOR_COMPLETION_SINGLE_HIT,1100.0,22676551642.95122,9.5e-13,99999999998.99779,0.0,27280062126.858612,1e-12
oneD_v2_dbtt_TP_b60d78111740b058,PERSISTENT_WAKE_EXTREME,TAYLOR_COMPLETION_SINGLE_HIT,1100.0,22847052031.244087,9.5e-13,99999999998.99779,0.0,27280062126.858612,1e-12
oneD_v2_dbtt_TP_b60d78111740b058,PERSISTENT_WAKE_EXTREME,TAYLOR_COMPLETION_SINGLE_HIT,1100.0,23017552419.536953,9.5e-13,99999999998.99779,0.0,27280062126.858612,1e-12
oneD_v2_dbtt_TP_b60d78111740b058,PERSISTENT_WAKE_EXTREME,TAYLOR_COMPLETION_SINGLE_HIT,1100.0,23188052807.82982,9.5e-13,99999999998.99779,0.0,27280062126.858612,1e-12
oneD_v2_dbtt_TP_b60d78111740b058,PERSISTENT_WAKE_EXTREME,TAYLOR_COMPLETION_SINGLE_HIT,1100.0,23358553196.122684,9.5e-13,99999999998.99779,0.0,27280062126.858612,1e-12
oneD_v2_dbtt_TP_b60d78111740b058,PERSISTENT_WAKE_EXTREME,TAYLOR_COMPLETION_SINGLE_HIT,1100.0,23529053584.41555,9.5e-13,99999999998.99779,0.0,27280062126.858612,1e-12
oneD_v2_dbtt_TP_b60d78111740b058,PERSISTENT_WAKE_EXTREME,TAYLOR_COMPLETION_SINGLE_HIT,1100.0,23699553972.70842,9.5e-13,99999999998.99779,0.0,27280062126.858612,1e-12
oneD_v2_dbtt_TP_b60d78111740b058,PERSISTENT_WAKE_EXTREME,TAYLOR_COMPLETION_SINGLE_HIT,1100.0,23870054361.001286,9.5e-13,99999999998.99779,0.0,27280062126.858612,1e-12
oneD_v2_dbtt_TP_b60d78111740b058,PERSISTENT_WAKE_EXTREME,TAYLOR_COMPLETION_SINGLE_HIT,1100.0,24040554749.29415,9.5e-13,99999999998.99779,0.0,27280062126.858612,1e-12
oneD_v2_dbtt_TP_b60d78111740b058,PERSISTENT_WAKE_EXTREME,TAYLOR_COMPLETION_SINGLE_HIT,1100.0,24211055137.587017,9.5e-13,99999999998.99779,0.0,27280062126.858612,1e-12
oneD_v2_dbtt_TP_b60d78111740b058,PERSISTENT_WAKE_EXTREME,TAYLOR_COMPLETION_SINGLE_HIT,1100.0,24381555525.879883,9.5e-13,99999999998.99779,0.0,27280062126.858612,1e-12
oneD_v2_dbtt_TP_b60d78111740b058,PERSISTENT_WAKE_EXTREME,TAYLOR_COMPLETION_SINGLE_HIT,1100.0,24552055914.17275,9.5e-13,99999999998.99779,0.0,27280062126.858612,1e-12
oneD_v2_dbtt_TP_b60d78111740b058,PERSISTENT_WAKE_EXTREME,TAYLOR_COMPLETION_SINGLE_HIT,1100.0,24722556302.46562,9.5e-13,99999999998.99779,0.0,27280062126.858612,1e-12
oneD_v2_dbtt_TP_b60d78111740b058,PERSISTENT_WAKE_EXTREME,TAYLOR_COMPLETION_SINGLE_HIT,1100.0,24893056690.758484,9.5e-13,99999999998.99779,0.0,27280062126.858612,1e-12
oneD_v2_dbtt_TP_b60d78111740b058,PERSISTENT_WAKE_EXTREME,TAYLOR_COMPLETION_SINGLE_HIT,1100.0,25063557079.05135,9.5e-13,99999999998.99779,0.0,27280062126.858612,1e-12
oneD_v2_dbtt_TP_b60d78111740b058,PERSISTENT_WAKE_EXTREME,TAYLOR_COMPLETION_SINGLE_HIT,1100.0,25234057467.344215,9.5e-13,99999999998.99779,0.0,27280062126.858612,1e-12
oneD_v2_dbtt_TP_b60d78111740b058,PERSISTENT_WAKE_EXTREME,TAYLOR_COMPLETION_SINGLE_HIT,1100.0,25404557855.63708,9.5e-13,99999999998.99779,0.0,27280062126.858612,1e-12
oneD_v2_dbtt_TP_b60d78111740b058,PERSISTENT_WAKE_EXTREME,TAYLOR_COMPLETION_SINGLE_HIT,1100.0,25575058243.929947,9.5e-13,99999999998.99779,0.0,27280062126.858612,1e-12
oneD_v2_dbtt_TP_b60d78111740b058,PERSISTENT_WAKE_EXTREME,TAYLOR_COMPLETION_SINGLE_HIT,1100.0,25745558632.222813,9.5e-13,99999999998.99779,0.0,27280062126.858612,1e-12
oneD_v2_dbtt_TP_b60d78111740b058,PERSISTENT_WAKE_EXTREME,TAYLOR_COMPLETION_SINGLE_HIT,1100.0,25916059020.515682,9.5e-13,99999999998.99779,0.0,27280062126.858612,1e-12
oneD_v2_dbtt_TP_b60d78111740b058,PERSISTENT_WAKE_EXTREME,TAYLOR_COMPLETION_SINGLE_HIT,1100.0,26086559408.808548,9.5e-13,99999999998.99779,0.0,27280062126.858612,1e-12
oneD_v2_dbtt_TP_b60d78111740b058,PERSISTENT_WAKE_EXTREME,TAYLOR_COMPLETION_SINGLE_HIT,1100.0,26257059797.101414,9.5e-13,99999999998.99779,0.0,27280062126.858612,1e-12
oneD_v2_dbtt_TP_b60d78111740b058,PERSISTENT_WAKE_EXTREME,TAYLOR_COMPLETION_SINGLE_HIT,1100.0,26427560185.39428,9.5e-13,99999999998.99779,0.0,27280062126.858612,1e-12
oneD_v2_dbtt_TP_b60d78111740b058,PERSISTENT_WAKE_EXTREME,TAYLOR_COMPLETION_SINGLE_HIT,1100.0,26598060573.687145,9.5e-13,99999999998.99779,0.0,27280062126.858612,1e-12
oneD_v2_dbtt_TP_b60d78111740b058,PERSISTENT_WAKE_EXTREME,TAYLOR_COMPLETION_SINGLE_HIT,1100.0,26768560961.98001,9.5e-13,99999999998.99779,0.0,27280062126.858612,1e-12
oneD_v2_dbtt_TP_b60d78111740b058,PERSISTENT_WAKE_EXTREME,TAYLOR_COMPLETION_SINGLE_HIT,1100.0,26939061350.272877,9.5e-13,99999999998.99779,0.0,27280062126.858612,1e-12
oneD_v2_dbtt_TP_b60d78111740b058,PERSISTENT_WAKE_EXTREME,TAYLOR_COMPLETION_SINGLE_HIT,1100.0,27109561738.565746,9.5e-13,99999999998.99779,0.0,27280062126.858612,1e-12
oneD_v2_dbtt_TP_b60d78111740b058,PERSISTENT_WAKE_EXTREME,TAYLOR_COMPLETION_SINGLE_HIT,1100.0,27280062126.858612,9.5e-13,99999999998.99779,0.0,27280062126.858612,1e-12
oneD_v2_dbtt_TP_b60d78111740b058,PERSISTENT_WAKE_EXTREME,EMISSION,1100.0,0.0,7.160118789714014,1.5670446861826083e-22,0.0,135785347.42022514,7.160118789714014
oneD_v2_dbtt_TP_b60d78111740b058,PERSISTENT_WAKE_EXTREME,EMISSION,1100.0,848658.4213764071,0.07423772575569687,45695265852.441086,0.0,135785347.42022514,7.160118789714014
oneD_v2_dbtt_TP_b60d78111740b058,PERSISTENT_WAKE_EXTREME,EMISSION,1100.0,1697316.8427528143,0.07423772575569687,45695265852.441086,0.0,135785347.42022514,7.160118789714014
oneD_v2_dbtt_TP_b60d78111740b058,PERSISTENT_WAKE_EXTREME,EMISSION,1100.0,2545975.2641292214,0.07423772575569687,45695265852.441086,0.0,135785347.42022514,7.160118789714014
oneD_v2_dbtt_TP_b60d78111740b058,PERSISTENT_WAKE_EXTREME,EMISSION,1100.0,3394633.6855056286,0.07423772575569687,45695265852.441086,0.0,135785347.42022514,7.160118789714014
oneD_v2_dbtt_TP_b60d78111740b058,PERSISTENT_WAKE_EXTREME,EMISSION,1100.0,4243292.106882036,0.07423772575569687,45695265852.441086,0.0,135785347.42022514,7.160118789714014
oneD_v2_dbtt_TP_b60d78111740b058,PERSISTENT_WAKE_EXTREME,EMISSION,1100.0,5091950.528258443,0.07423772575569687,45695265852.441086,0.0,135785347.42022514,7.160118789714014
oneD_v2_dbtt_TP_b60d78111740b058,PERSISTENT_WAKE_EXTREME,EMISSION,1100.0,5940608.94963485,0.07423772575569687,45695265852.441086,0.0,135785347.42022514,7.160118789714014
oneD_v2_dbtt_TP_b60d78111740b058,PERSISTENT_WAKE_EXTREME,EMISSION,1100.0,6789267.371011257,0.07423772575569687,45695265852.441086,0.0,135785347.42022514,7.160118789714014
oneD_v2_dbtt_TP_b60d78111740b058,PERSISTENT_WAKE_EXTREME,EMISSION,1100.0,7637925.792387664,0.07423772575569687,45695265852.441086,0.0,135785347.42022514,7.160118789714014
oneD_v2_dbtt_TP_b60d78111740b058,PERSISTENT_WAKE_EXTREME,EMISSION,1100.0,8486584.213764071,0.07423772575569687,45695265852.441086,0.0,135785347.42022514,7.160118789714014
oneD_v2_dbtt_TP_b60d78111740b058,PERSISTENT_WAKE_EXTREME,EMISSION,1100.0,9335242.635140479,0.07423772575569687,45695265852.441086,0.0,135785347.42022514,7.160118789714014
oneD_v2_dbtt_TP_b60d78111740b058,PERSISTENT_WAKE_EXTREME,EMISSION,1100.0,10183901.056516886,0.07423772575569687,45695265852.441086,0.0,135785347.42022514,7.160118789714014
oneD_v2_dbtt_TP_b60d78111740b058,PERSISTENT_WAKE_EXTREME,EMISSION,1100.0,11032559.477893293,0.07423772575569687,45695265852.441086,0.0,135785347.42022514,7.160118789714014
oneD_v2_dbtt_TP_b60d78111740b058,PERSISTENT_WAKE_EXTREME,EMISSION,1100.0,11881217.8992697,0.07423772575569687,45695265852.441086,0.0,135785347.42022514,7.160118789714014
oneD_v2_dbtt_TP_b60d78111740b058,PERSISTENT_WAKE_EXTREME,EMISSION,1100.0,12729876.320646107,0.07423772575569687,45695265852.441086,0.0,135785347.42022514,7.160118789714014
oneD_v2_dbtt_TP_b60d78111740b058,PERSISTENT_WAKE_EXTREME,EMISSION,1100.0,13578534.742022514,0.07423772575569687,45695265852.441086,0.0,135785347.42022514,7.160118789714014
oneD_v2_dbtt_TP_b60d78111740b058,PERSISTENT_WAKE_EXTREME,EMISSION,1100.0,14427193.163398921,0.07423772575569687,45695265852.441086,0.0,135785347.42022514,7.160118789714014
oneD_v2_dbtt_TP_b60d78111740b058,PERSISTENT_WAKE_EXTREME,EMISSION,1100.0,15275851.584775329,0.07423772575569687,45695265852.441086,0.0,135785347.42022514,7.160118789714014
oneD_v2_dbtt_TP_b60d78111740b058,PERSISTENT_WAKE_EXTREME,EMISSION,1100.0,16124510.006151736,0.07423772575569687,45695265852.441086,0.0,135785347.42022514,7.160118789714014
oneD_v2_dbtt_TP_b60d78111740b058,PERSISTENT_WAKE_EXTREME,EMISSION,1100.0,16973168.427528143,0.07423772575569687,45695265852.441086,0.0,135785347.42022514,7.160118789714014
oneD_v2_dbtt_TP_b60d78111740b058,PERSISTENT_WAKE_EXTREME,EMISSION,1100.0,17821826.84890455,0.07423772575569687,45695265852.441086,0.0,135785347.42022514,7.160118789714014
oneD_v2_dbtt_TP_b60d78111740b058,PERSISTENT_WAKE_EXTREME,EMISSION,1100.0,18670485.270280957,0.07423772575569687,45695265852.441086,0.0,135785347.42022514,7.160118789714014
oneD_v2_dbtt_TP_b60d78111740b058,PERSISTENT_WAKE_EXTREME,EMISSION,1100.0,19519143.691657364,0.07423772575569687,45695265852.441086,0.0,135785347.42022514,7.160118789714014
oneD_v2_dbtt_TP_b60d78111740b058,PERSISTENT_WAKE_EXTREME,EMISSION,1100.0,20367802.11303377,0.07423772575569687,45695265852.441086,0.0,135785347.42022514,7.160118789714014
oneD_v2_dbtt_TP_b60d78111740b058,PERSISTENT_WAKE_EXTREME,EMISSION,1100.0,21216460.53441018,0.07423772575569687,45695265852.441086,0.0,135785347.42022514,7.160118789714014
oneD_v2_dbtt_TP_b60d78111740b058,PERSISTENT_WAKE_EXTREME,EMISSION,1100.0,22065118.955786586,0.07423772575569687,45695265852.441086,0.0,135785347.42022514,7.160118789714014
oneD_v2_dbtt_TP_b60d78111740b058,PERSISTENT_WAKE_EXTREME,EMISSION,1100.0,22913777.377162993,0.07423772575569687,45695265852.441086,0.0,135785347.42022514,7.160118789714014
oneD_v2_dbtt_TP_b60d78111740b058,PERSISTENT_WAKE_EXTREME,EMISSION,1100.0,23762435.7985394,0.07423772575569687,45695265852.441086,0.0,135785347.42022514,7.160118789714014
oneD_v2_dbtt_TP_b60d78111740b058,PERSISTENT_WAKE_EXTREME,EMISSION,1100.0,24611094.219915807,0.07423772575569687,45695265852.441086,0.0,135785347.42022514,7.160118789714014
oneD_v2_dbtt_TP_b60d78111740b058,PERSISTENT_WAKE_EXTREME,EMISSION,1100.0,25459752.641292214,0.07423772575569687,45695265852.441086,0.0,135785347.42022514,7.160118789714014
oneD_v2_dbtt_TP_b60d78111740b058,PERSISTENT_WAKE_EXTREME,EMISSION,1100.0,26308411.06266862,0.07423772575569687,45695265852.441086,0.0,135785347.42022514,7.160118789714014
oneD_v2_dbtt_TP_b60d78111740b058,PERSISTENT_WAKE_EXTREME,EMISSION,1100.0,27157069.48404503,0.07423772575569687,45695265852.441086,0.0,135785347.42022514,7.160118789714014
oneD_v2_dbtt_TP_b60d78111740b058,PERSISTENT_WAKE_EXTREME,EMISSION,1100.0,28005727.905421436,0.07423772575569687,45695265852.441086,0.0,135785347.42022514,7.160118789714014
oneD_v2_dbtt_TP_b60d78111740b058,PERSISTENT_WAKE_EXTREME,EMISSION,1100.0,28854386.326797843,0.07423772575569687,45695265852.441086,0.0,135785347.42022514,7.160118789714014
oneD_v2_dbtt_TP_b60d78111740b058,PERSISTENT_WAKE_EXTREME,EMISSION,1100.0,29703044.74817425,0.07423772575569687,45695265852.441086,0.0,135785347.42022514,7.160118789714014
oneD_v2_dbtt_TP_b60d78111740b058,PERSISTENT_WAKE_EXTREME,EMISSION,1100.0,30551703.169550657,0.07423772575569687,45695265852.441086,0.0,135785347.42022514,7.160118789714014
oneD_v2_dbtt_TP_b60d78111740b058,PERSISTENT_WAKE_EXTREME,EMISSION,1100.0,31400361.590927064,0.07423772575569687,45695265852.441086,0.0,135785347.42022514,7.160118789714014
oneD_v2_dbtt_TP_b60d78111740b058,PERSISTENT_WAKE_EXTREME,EMISSION,1100.0,32249020.01230347,0.07423772575569687,45695265852.441086,0.0,135785347.42022514,7.160118789714014
oneD_v2_dbtt_TP_b60d78111740b058,PERSISTENT_WAKE_EXTREME,EMISSION,1100.0,33097678.43367988,0.07423772575569687,45695265852.441086,0.0,135785347.42022514,7.160118789714014
oneD_v2_dbtt_TP_b60d78111740b058,PERSISTENT_WAKE_EXTREME,EMISSION,1100.0,33946336.855056286,0.07423772575569687,45695265852.441086,0.0,135785347.42022514,7.160118789714014
oneD_v2_dbtt_TP_b60d78111740b058,PERSISTENT_WAKE_EXTREME,EMISSION,1100.0,34794995.27643269,0.07423772575569687,45695265852.441086,0.0,135785347.42022514,7.160118789714014
oneD_v2_dbtt_TP_b60d78111740b058,PERSISTENT_WAKE_EXTREME,EMISSION,1100.0,35643653.6978091,0.07423772575569687,45695265852.441086,0.0,135785347.42022514,7.160118789714014
oneD_v2_dbtt_TP_b60d78111740b058,PERSISTENT_WAKE_EXTREME,EMISSION,1100.0,36492312.11918551,0.07423772575569687,45695265852.441086,0.0,135785347.42022514,7.160118789714014
oneD_v2_dbtt_TP_b60d78111740b058,PERSISTENT_WAKE_EXTREME,EMISSION,1100.0,37340970.540561914,0.07423772575569687,45695265852.441086,0.0,135785347.42022514,7.160118789714014
oneD_v2_dbtt_TP_b60d78111740b058,PERSISTENT_WAKE_EXTREME,EMISSION,1100.0,38189628.96193832,0.07423772575569687,45695265852.441086,0.0,135785347.42022514,7.160118789714014
oneD_v2_dbtt_TP_b60d78111740b058,PERSISTENT_WAKE_EXTREME,EMISSION,1100.0,39038287.38331473,0.07423772575569687,45695265852.441086,0.0,135785347.42022514,7.160118789714014
oneD_v2_dbtt_TP_b60d78111740b058,PERSISTENT_WAKE_EXTREME,EMISSION,1100.0,39886945.804691136,0.07423772575569687,45695265852.441086,0.0,135785347.42022514,7.160118789714014
oneD_v2_dbtt_TP_b60d78111740b058,PERSISTENT_WAKE_EXTREME,EMISSION,1100.0,40735604.22606754,0.07423772575569687,45695265852.441086,0.0,135785347.42022514,7.160118789714014
oneD_v2_dbtt_TP_b60d78111740b058,PERSISTENT_WAKE_EXTREME,EMISSION,1100.0,41584262.64744395,0.07423772575569687,45695265852.441086,0.0,135785347.42022514,7.160118789714014
oneD_v2_dbtt_TP_b60d78111740b058,PERSISTENT_WAKE_EXTREME,EMISSION,1100.0,42432921.06882036,0.07423772575569687,45695265852.441086,0.0,135785347.42022514,7.160118789714014
oneD_v2_dbtt_TP_b60d78111740b058,PERSISTENT_WAKE_EXTREME,EMISSION,1100.0,43281579.490196764,0.07423772575569687,45695265852.441086,0.0,135785347.42022514,7.160118789714014
oneD_v2_dbtt_TP_b60d78111740b058,PERSISTENT_WAKE_EXTREME,EMISSION,1100.0,44130237.91157317,0.07423772575569687,45695265852.441086,0.0,135785347.42022514,7.160118789714014
oneD_v2_dbtt_TP_b60d78111740b058,PERSISTENT_WAKE_EXTREME,EMISSION,1100.0,44978896.33294958,0.07423772575569687,45695265852.441086,0.0,135785347.42022514,7.160118789714014
oneD_v2_dbtt_TP_b60d78111740b058,PERSISTENT_WAKE_EXTREME,EMISSION,1100.0,45827554.754325986,0.07423772575569687,45695265852.441086,0.0,135785347.42022514,7.160118789714014
oneD_v2_dbtt_TP_b60d78111740b058,PERSISTENT_WAKE_EXTREME,EMISSION,1100.0,46676213.17570239,0.07423772575569687,45695265852.441086,0.0,135785347.42022514,7.160118789714014
oneD_v2_dbtt_TP_b60d78111740b058,PERSISTENT_WAKE_EXTREME,EMISSION,1100.0,47524871.5970788,0.07423772575569687,45695265852.441086,0.0,135785347.42022514,7.160118789714014
oneD_v2_dbtt_TP_b60d78111740b058,PERSISTENT_WAKE_EXTREME,EMISSION,1100.0,48373530.01845521,0.07423772575569687,45695265852.441086,0.0,135785347.42022514,7.160118789714014
oneD_v2_dbtt_TP_b60d78111740b058,PERSISTENT_WAKE_EXTREME,EMISSION,1100.0,49222188.439831614,0.07423772575569687,45695265852.441086,0.0,135785347.42022514,7.160118789714014
oneD_v2_dbtt_TP_b60d78111740b058,PERSISTENT_WAKE_EXTREME,EMISSION,1100.0,50070846.86120802,0.07423772575569687,45695265852.441086,0.0,135785347.42022514,7.160118789714014
oneD_v2_dbtt_TP_b60d78111740b058,PERSISTENT_WAKE_EXTREME,EMISSION,1100.0,50919505.28258443,0.07423772575569687,45695265852.441086,0.0,135785347.42022514,7.160118789714014
oneD_v2_dbtt_TP_b60d78111740b058,PERSISTENT_WAKE_EXTREME,EMISSION,1100.0,51768163.703960836,0.07423772575569687,45695265852.441086,0.0,135785347.42022514,7.160118789714014
oneD_v2_dbtt_TP_b60d78111740b058,PERSISTENT_WAKE_EXTREME,EMISSION,1100.0,52616822.12533724,0.07423772575569687,45695265852.441086,0.0,135785347.42022514,7.160118789714014
oneD_v2_dbtt_TP_b60d78111740b058,PERSISTENT_WAKE_EXTREME,EMISSION,1100.0,53465480.54671365,0.07423772575569687,45695265852.441086,0.0,135785347.42022514,7.160118789714014
oneD_v2_dbtt_TP_b60d78111740b058,PERSISTENT_WAKE_EXTREME,EMISSION,1100.0,54314138.96809006,0.07423772575569687,45695265852.441086,0.0,135785347.42022514,7.160118789714014
oneD_v2_dbtt_TP_b60d78111740b058,PERSISTENT_WAKE_EXTREME,EMISSION,1100.0,55162797.389466465,0.07423772575569687,45695265852.441086,0.0,135785347.42022514,7.160118789714014
oneD_v2_dbtt_TP_b60d78111740b058,PERSISTENT_WAKE_EXTREME,EMISSION,1100.0,56011455.81084287,0.07423772575569687,45695265852.441086,0.0,135785347.42022514,7.160118789714014
oneD_v2_dbtt_TP_b60d78111740b058,PERSISTENT_WAKE_EXTREME,EMISSION,1100.0,56860114.23221928,0.07423772575569687,45695265852.441086,0.0,135785347.42022514,7.160118789714014
oneD_v2_dbtt_TP_b60d78111740b058,PERSISTENT_WAKE_EXTREME,EMISSION,1100.0,57708772.653595686,0.07423772575569687,45695265852.441086,0.0,135785347.42022514,7.160118789714014
oneD_v2_dbtt_TP_b60d78111740b058,PERSISTENT_WAKE_EXTREME,EMISSION,1100.0,58557431.07497209,0.07423772575569687,45695265852.441086,0.0,135785347.42022514,7.160118789714014
oneD_v2_dbtt_TP_b60d78111740b058,PERSISTENT_WAKE_EXTREME,EMISSION,1100.0,59406089.4963485,0.07423772575569687,45695265852.441086,0.0,135785347.42022514,7.160118789714014
oneD_v2_dbtt_TP_b60d78111740b058,PERSISTENT_WAKE_EXTREME,EMISSION,1100.0,60254747.91772491,0.07423772575569687,45695265852.441086,0.0,135785347.42022514,7.160118789714014
oneD_v2_dbtt_TP_b60d78111740b058,PERSISTENT_WAKE_EXTREME,EMISSION,1100.0,61103406.339101315,0.07423772575569687,45695265852.441086,0.0,135785347.42022514,7.160118789714014
oneD_v2_dbtt_TP_b60d78111740b058,PERSISTENT_WAKE_EXTREME,EMISSION,1100.0,61952064.76047772,0.07423772575569687,45695265852.441086,0.0,135785347.42022514,7.160118789714014
oneD_v2_dbtt_TP_b60d78111740b058,PERSISTENT_WAKE_EXTREME,EMISSION,1100.0,62800723.18185413,0.07423772575569687,45695265852.441086,0.0,135785347.42022514,7.160118789714014
oneD_v2_dbtt_TP_b60d78111740b058,PERSISTENT_WAKE_EXTREME,EMISSION,1100.0,63649381.603230536,0.07423772575569687,45695265852.441086,0.0,135785347.42022514,7.160118789714014
oneD_v2_dbtt_TP_b60d78111740b058,PERSISTENT_WAKE_EXTREME,EMISSION,1100.0,64498040.02460694,0.07423772575569687,45695265852.441086,0.0,135785347.42022514,7.160118789714014
oneD_v2_dbtt_TP_b60d78111740b058,PERSISTENT_WAKE_EXTREME,EMISSION,1100.0,65346698.44598335,0.07423772575569687,45695265852.441086,0.0,135785347.42022514,7.160118789714014
oneD_v2_dbtt_TP_b60d78111740b058,PERSISTENT_WAKE_EXTREME,EMISSION,1100.0,66195356.86735976,0.07423772575569687,45695265852.441086,0.0,135785347.42022514,7.160118789714014
oneD_v2_dbtt_TP_b60d78111740b058,PERSISTENT_WAKE_EXTREME,EMISSION,1100.0,67044015.288736165,0.07423772575569687,45695265852.441086,0.0,135785347.42022514,7.160118789714014
oneD_v2_dbtt_TP_b60d78111740b058,PERSISTENT_WAKE_EXTREME,EMISSION,1100.0,67892673.71011257,0.07423772575569687,45695265852.441086,0.0,135785347.42022514,7.160118789714014
oneD_v2_dbtt_TP_b60d78111740b058,PERSISTENT_WAKE_EXTREME,EMISSION,1100.0,68741332.13148898,0.07423772575569687,45695265852.441086,0.0,135785347.42022514,7.160118789714014
oneD_v2_dbtt_TP_b60d78111740b058,PERSISTENT_WAKE_EXTREME,EMISSION,1100.0,69589990.55286539,0.07423772575569687,45695265852.441086,0.0,135785347.42022514,7.160118789714014
oneD_v2_dbtt_TP_b60d78111740b058,PERSISTENT_WAKE_EXTREME,EMISSION,1100.0,70438648.9742418,0.07423772575569687,45695265852.441086,0.0,135785347.42022514,7.160118789714014
oneD_v2_dbtt_TP_b60d78111740b058,PERSISTENT_WAKE_EXTREME,EMISSION,1100.0,71287307.3956182,0.07423772575569687,45695265852.441086,0.0,135785347.42022514,7.160118789714014
oneD_v2_dbtt_TP_b60d78111740b058,PERSISTENT_WAKE_EXTREME,EMISSION,1100.0,72135965.8169946,0.07423772575569687,45695265852.441086,0.0,135785347.42022514,7.160118789714014
oneD_v2_dbtt_TP_b60d78111740b058,PERSISTENT_WAKE_EXTREME,EMISSION,1100.0,72984624.23837101,0.07423772575569687,45695265852.441086,0.0,135785347.42022514,7.160118789714014
oneD_v2_dbtt_TP_b60d78111740b058,PERSISTENT_WAKE_EXTREME,EMISSION,1100.0,73833282.65974742,0.07423772575569687,45695265852.441086,0.0,135785347.42022514,7.160118789714014
oneD_v2_dbtt_TP_b60d78111740b058,PERSISTENT_WAKE_EXTREME,EMISSION,1100.0,74681941.08112383,0.07423772575569687,45695265852.441086,0.0,135785347.42022514,7.160118789714014
oneD_v2_dbtt_TP_b60d78111740b058,PERSISTENT_WAKE_EXTREME,EMISSION,1100.0,75530599.50250024,0.07423772575569687,45695265852.441086,0.0,135785347.42022514,7.160118789714014
oneD_v2_dbtt_TP_b60d78111740b058,PERSISTENT_WAKE_EXTREME,EMISSION,1100.0,76379257.92387664,0.07423772575569687,45695265852.441086,0.0,135785347.42022514,7.160118789714014
oneD_v2_dbtt_TP_b60d78111740b058,PERSISTENT_WAKE_EXTREME,EMISSION,1100.0,77227916.34525305,0.07423772575569687,45695265852.441086,0.0,135785347.42022514,7.160118789714014
oneD_v2_dbtt_TP_b60d78111740b058,PERSISTENT_WAKE_EXTREME,EMISSION,1100.0,78076574.76662946,0.07423772575569687,45695265852.441086,0.0,135785347.42022514,7.160118789714014
oneD_v2_dbtt_TP_b60d78111740b058,PERSISTENT_WAKE_EXTREME,EMISSION,1100.0,78925233.18800586,0.07423772575569687,45695265852.441086,0.0,135785347.42022514,7.160118789714014
oneD_v2_dbtt_TP_b60d78111740b058,PERSISTENT_WAKE_EXTREME,EMISSION,1100.0,79773891.60938227,0.07423772575569687,45695265852.441086,0.0,135785347.42022514,7.160118789714014
oneD_v2_dbtt_TP_b60d78111740b058,PERSISTENT_WAKE_EXTREME,EMISSION,1100.0,80622550.03075868,0.07423772575569687,45695265852.441086,0.0,135785347.42022514,7.160118789714014
oneD_v2_dbtt_TP_b60d78111740b058,PERSISTENT_WAKE_EXTREME,EMISSION,1100.0,81471208.45213509,0.07423772575569687,45695265852.441086,0.0,135785347.42022514,7.160118789714014
oneD_v2_dbtt_TP_b60d78111740b058,PERSISTENT_WAKE_EXTREME,EMISSION,1100.0,82319866.8735115,0.07423772575569687,45695265852.441086,0.0,135785347.42022514,7.160118789714014
oneD_v2_dbtt_TP_b60d78111740b058,PERSISTENT_WAKE_EXTREME,EMISSION,1100.0,83168525.2948879,0.07423772575569687,45695265852.441086,0.0,135785347.42022514,7.160118789714014
oneD_v2_dbtt_TP_b60d78111740b058,PERSISTENT_WAKE_EXTREME,EMISSION,1100.0,84017183.71626431,0.07423772575569687,45695265852.441086,0.0,135785347.42022514,7.160118789714014
oneD_v2_dbtt_TP_b60d78111740b058,PERSISTENT_WAKE_EXTREME,EMISSION,1100.0,84865842.13764071,0.07423772575569687,45695265852.441086,0.0,135785347.42022514,7.160118789714014
oneD_v2_dbtt_TP_b60d78111740b058,PERSISTENT_WAKE_EXTREME,EMISSION,1100.0,85714500.55901712,0.07423772575569687,45695265852.441086,0.0,135785347.42022514,7.160118789714014
oneD_v2_dbtt_TP_b60d78111740b058,PERSISTENT_WAKE_EXTREME,EMISSION,1100.0,86563158.98039353,0.07423772575569687,45695265852.441086,0.0,135785347.42022514,7.160118789714014
oneD_v2_dbtt_TP_b60d78111740b058,PERSISTENT_WAKE_EXTREME,EMISSION,1100.0,87411817.40176994,0.07423772575569687,45695265852.441086,0.0,135785347.42022514,7.160118789714014
oneD_v2_dbtt_TP_b60d78111740b058,PERSISTENT_WAKE_EXTREME,EMISSION,1100.0,88260475.82314634,0.07423772575569687,45695265852.441086,0.0,135785347.42022514,7.160118789714014
oneD_v2_dbtt_TP_b60d78111740b058,PERSISTENT_WAKE_EXTREME,EMISSION,1100.0,89109134.24452275,0.07423772575569687,45695265852.441086,0.0,135785347.42022514,7.160118789714014
oneD_v2_dbtt_TP_b60d78111740b058,PERSISTENT_WAKE_EXTREME,EMISSION,1100.0,89957792.66589916,0.07423772575569687,45695265852.441086,0.0,135785347.42022514,7.160118789714014
oneD_v2_dbtt_TP_b60d78111740b058,PERSISTENT_WAKE_EXTREME,EMISSION,1100.0,90806451.08727556,0.07423772575569687,45695265852.441086,0.0,135785347.42022514,7.160118789714014
oneD_v2_dbtt_TP_b60d78111740b058,PERSISTENT_WAKE_EXTREME,EMISSION,1100.0,91655109.50865197,0.07423772575569687,45695265852.441086,0.0,135785347.42022514,7.160118789714014
oneD_v2_dbtt_TP_b60d78111740b058,PERSISTENT_WAKE_EXTREME,EMISSION,1100.0,92503767.93002838,0.07423772575569687,45695265852.441086,0.0,135785347.42022514,7.160118789714014
oneD_v2_dbtt_TP_b60d78111740b058,PERSISTENT_WAKE_EXTREME,EMISSION,1100.0,93352426.35140479,0.07423772575569687,45695265852.441086,0.0,135785347.42022514,7.160118789714014
oneD_v2_dbtt_TP_b60d78111740b058,PERSISTENT_WAKE_EXTREME,EMISSION,1100.0,94201084.7727812,0.07423772575569687,45695265852.441086,0.0,135785347.42022514,7.160118789714014
oneD_v2_dbtt_TP_b60d78111740b058,PERSISTENT_WAKE_EXTREME,EMISSION,1100.0,95049743.1941576,0.07423772575569687,45695265852.441086,0.0,135785347.42022514,7.160118789714014
oneD_v2_dbtt_TP_b60d78111740b058,PERSISTENT_WAKE_EXTREME,EMISSION,1100.0,95898401.61553401,0.07423772575569687,45695265852.441086,0.0,135785347.42022514,7.160118789714014
oneD_v2_dbtt_TP_b60d78111740b058,PERSISTENT_WAKE_EXTREME,EMISSION,1100.0,96747060.03691041,0.07423772575569687,45695265852.441086,0.0,135785347.42022514,7.160118789714014
oneD_v2_dbtt_TP_b60d78111740b058,PERSISTENT_WAKE_EXTREME,EMISSION,1100.0,97595718.45828682,0.07423772575569687,45695265852.441086,0.0,135785347.42022514,7.160118789714014
oneD_v2_dbtt_TP_b60d78111740b058,PERSISTENT_WAKE_EXTREME,EMISSION,1100.0,98444376.87966323,0.07423772575569687,45695265852.441086,0.0,135785347.42022514,7.160118789714014
oneD_v2_dbtt_TP_b60d78111740b058,PERSISTENT_WAKE_EXTREME,EMISSION,1100.0,99293035.30103964,0.07423772575569687,45695265852.441086,0.0,135785347.42022514,7.160118789714014
oneD_v2_dbtt_TP_b60d78111740b058,PERSISTENT_WAKE_EXTREME,EMISSION,1100.0,100141693.72241604,0.07423772575569687,45695265852.441086,0.0,135785347.42022514,7.160118789714014
oneD_v2_dbtt_TP_b60d78111740b058,PERSISTENT_WAKE_EXTREME,EMISSION,1100.0,100990352.14379245,0.07423772575569687,45695265852.441086,0.0,135785347.42022514,7.160118789714014
oneD_v2_dbtt_TP_b60d78111740b058,PERSISTENT_WAKE_EXTREME,EMISSION,1100.0,101839010.56516886,0.07423772575569687,45695265852.441086,0.0,135785347.42022514,7.160118789714014
oneD_v2_dbtt_TP_b60d78111740b058,PERSISTENT_WAKE_EXTREME,EMISSION,1100.0,102687668.98654526,0.07423772575569687,45695265852.441086,0.0,135785347.42022514,7.160118789714014
oneD_v2_dbtt_TP_b60d78111740b058,PERSISTENT_WAKE_EXTREME,EMISSION,1100.0,103536327.40792167,0.07423772575569687,45695265852.441086,0.0,135785347.42022514,7.160118789714014
oneD_v2_dbtt_TP_b60d78111740b058,PERSISTENT_WAKE_EXTREME,EMISSION,1100.0,104384985.82929808,0.07423772575569687,45695265852.441086,0.0,135785347.42022514,7.160118789714014
oneD_v2_dbtt_TP_b60d78111740b058,PERSISTENT_WAKE_EXTREME,EMISSION,1100.0,105233644.25067449,0.07423772575569687,45695265852.441086,0.0,135785347.42022514,7.160118789714014
oneD_v2_dbtt_TP_b60d78111740b058,PERSISTENT_WAKE_EXTREME,EMISSION,1100.0,106082302.6720509,0.07423772575569687,45695265852.441086,0.0,135785347.42022514,7.160118789714014
oneD_v2_dbtt_TP_b60d78111740b058,PERSISTENT_WAKE_EXTREME,EMISSION,1100.0,106930961.0934273,0.07423772575569687,45695265852.441086,0.0,135785347.42022514,7.160118789714014
oneD_v2_dbtt_TP_b60d78111740b058,PERSISTENT_WAKE_EXTREME,EMISSION,1100.0,107779619.51480371,0.07423772575569687,45695265852.441086,0.0,135785347.42022514,7.160118789714014
oneD_v2_dbtt_TP_b60d78111740b058,PERSISTENT_WAKE_EXTREME,EMISSION,1100.0,108628277.93618011,0.07423772575569687,45695265852.441086,0.0,135785347.42022514,7.160118789714014
oneD_v2_dbtt_TP_b60d78111740b058,PERSISTENT_WAKE_EXTREME,EMISSION,1100.0,109476936.35755652,0.07423772575569687,45695265852.441086,0.0,135785347.42022514,7.160118789714014
oneD_v2_dbtt_TP_b60d78111740b058,PERSISTENT_WAKE_EXTREME,EMISSION,1100.0,110325594.77893293,0.07423772575569687,45695265852.441086,0.0,135785347.42022514,7.160118789714014
oneD_v2_dbtt_TP_b60d78111740b058,PERSISTENT_WAKE_EXTREME,EMISSION,1100.0,111174253.20030934,0.07423772575569687,45695265852.441086,0.0,135785347.42022514,7.160118789714014
oneD_v2_dbtt_TP_b60d78111740b058,PERSISTENT_WAKE_EXTREME,EMISSION,1100.0,112022911.62168574,0.07423772575569687,45695265852.441086,0.0,135785347.42022514,7.160118789714014
oneD_v2_dbtt_TP_b60d78111740b058,PERSISTENT_WAKE_EXTREME,EMISSION,1100.0,112871570.04306215,0.07423772575569687,45695265852.441086,0.0,135785347.42022514,7.160118789714014
oneD_v2_dbtt_TP_b60d78111740b058,PERSISTENT_WAKE_EXTREME,EMISSION,1100.0,113720228.46443856,0.07423772575569687,45695265852.441086,0.0,135785347.42022514,7.160118789714014
oneD_v2_dbtt_TP_b60d78111740b058,PERSISTENT_WAKE_EXTREME,EMISSION,1100.0,114568886.88581496,0.07423772575569687,45695265852.441086,0.0,135785347.42022514,7.160118789714014
oneD_v2_dbtt_TP_b60d78111740b058,PERSISTENT_WAKE_EXTREME,EMISSION,1100.0,115417545.30719137,0.07423772575569687,45695265852.441086,0.0,135785347.42022514,7.160118789714014
oneD_v2_dbtt_TP_b60d78111740b058,PERSISTENT_WAKE_EXTREME,EMISSION,1100.0,116266203.72856778,0.07423772575569687,45695265852.441086,0.0,135785347.42022514,7.160118789714014
oneD_v2_dbtt_TP_b60d78111740b058,PERSISTENT_WAKE_EXTREME,EMISSION,1100.0,117114862.14994419,0.07423772575569687,45695265852.441086,0.0,135785347.42022514,7.160118789714014
oneD_v2_dbtt_TP_b60d78111740b058,PERSISTENT_WAKE_EXTREME,EMISSION,1100.0,117963520.5713206,0.07423772575569687,45695265852.441086,0.0,135785347.42022514,7.160118789714014
oneD_v2_dbtt_TP_b60d78111740b058,PERSISTENT_WAKE_EXTREME,EMISSION,1100.0,118812178.992697,0.07423772575569687,45695265852.441086,0.0,135785347.42022514,7.160118789714014
oneD_v2_dbtt_TP_b60d78111740b058,PERSISTENT_WAKE_EXTREME,EMISSION,1100.0,119660837.41407341,0.07423772575569687,45695265852.441086,0.0,135785347.42022514,7.160118789714014
oneD_v2_dbtt_TP_b60d78111740b058,PERSISTENT_WAKE_EXTREME,EMISSION,1100.0,120509495.83544981,0.07423772575569687,45695265852.441086,0.0,135785347.42022514,7.160118789714014
oneD_v2_dbtt_TP_b60d78111740b058,PERSISTENT_WAKE_EXTREME,EMISSION,1100.0,121358154.25682622,0.07423772575569687,45695265852.441086,0.0,135785347.42022514,7.160118789714014
oneD_v2_dbtt_TP_b60d78111740b058,PERSISTENT_WAKE_EXTREME,EMISSION,1100.0,122206812.67820263,0.07423772575569687,45695265852.441086,0.0,135785347.42022514,7.160118789714014
oneD_v2_dbtt_TP_b60d78111740b058,PERSISTENT_WAKE_EXTREME,EMISSION,1100.0,123055471.09957904,0.07423772575569687,45695265852.441086,0.0,135785347.42022514,7.160118789714014
oneD_v2_dbtt_TP_b60d78111740b058,PERSISTENT_WAKE_EXTREME,EMISSION,1100.0,123904129.52095544,0.07423772575569687,45695265852.441086,0.0,135785347.42022514,7.160118789714014
oneD_v2_dbtt_TP_b60d78111740b058,PERSISTENT_WAKE_EXTREME,EMISSION,1100.0,124752787.94233185,0.07423772575569687,45695265852.441086,0.0,135785347.42022514,7.160118789714014
oneD_v2_dbtt_TP_b60d78111740b058,PERSISTENT_WAKE_EXTREME,EMISSION,1100.0,125601446.36370826,0.07423772575569687,45695265852.441086,0.0,135785347.42022514,7.160118789714014
oneD_v2_dbtt_TP_b60d78111740b058,PERSISTENT_WAKE_EXTREME,EMISSION,1100.0,126450104.78508466,0.07423772575569687,45695265852.441086,0.0,135785347.42022514,7.160118789714014
oneD_v2_dbtt_TP_b60d78111740b058,PERSISTENT_WAKE_EXTREME,EMISSION,1100.0,127298763.20646107,0.07423772575569687,45695265852.441086,0.0,135785347.42022514,7.160118789714014
oneD_v2_dbtt_TP_b60d78111740b058,PERSISTENT_WAKE_EXTREME,EMISSION,1100.0,128147421.62783748,0.07423772575569687,45695265852.441086,0.0,135785347.42022514,7.160118789714014
oneD_v2_dbtt_TP_b60d78111740b058,PERSISTENT_WAKE_EXTREME,EMISSION,1100.0,128996080.04921389,0.07423772575569687,45695265852.441086,0.0,135785347.42022514,7.160118789714014
oneD_v2_dbtt_TP_b60d78111740b058,PERSISTENT_WAKE_EXTREME,EMISSION,1100.0,129844738.4705903,0.07423772575569687,45695265852.441086,0.0,135785347.42022514,7.160118789714014
oneD_v2_dbtt_TP_b60d78111740b058,PERSISTENT_WAKE_EXTREME,EMISSION,1100.0,130693396.8919667,0.07423772575569687,45695265852.441086,0.0,135785347.42022514,7.160118789714014
oneD_v2_dbtt_TP_b60d78111740b058,PERSISTENT_WAKE_EXTREME,EMISSION,1100.0,131542055.31334311,0.07423772575569687,45695265852.441086,0.0,135785347.42022514,7.160118789714014
oneD_v2_dbtt_TP_b60d78111740b058,PERSISTENT_WAKE_EXTREME,EMISSION,1100.0,132390713.73471951,0.07423772575569687,45695265852.441086,0.0,135785347.42022514,7.160118789714014
oneD_v2_dbtt_TP_b60d78111740b058,PERSISTENT_WAKE_EXTREME,EMISSION,1100.0,133239372.15609592,0.07423772575569687,45695265852.441086,0.0,135785347.42022514,7.160118789714014
oneD_v2_dbtt_TP_b60d78111740b058,PERSISTENT_WAKE_EXTREME,EMISSION,1100.0,134088030.57747233,0.07423772575569687,45695265852.441086,0.0,135785347.42022514,7.160118789714014
oneD_v2_dbtt_TP_b60d78111740b058,PERSISTENT_WAKE_EXTREME,EMISSION,1100.0,134936688.99884874,0.07423772575569687,45695265852.441086,0.0,135785347.42022514,7.160118789714014
oneD_v2_dbtt_TP_b60d78111740b058,PERSISTENT_WAKE_EXTREME,EMISSION,1100.0,135785347.42022514,0.07423772575569687,45695265852.441086,0.0,135785347.42022514,7.160118789714014
oneD_v2_dbtt_TP_b60d78111740b058,PERSISTENT_WAKE_EXTREME,CLEAVAGE_MULTIHIT,1100.0,0.0,5.827539788423184,1.3279778793523964e-57,136053595.90100676,12431058598.830408,5.827539788423184
oneD_v2_dbtt_TP_b60d78111740b058,PERSISTENT_WAKE_EXTREME,CLEAVAGE_MULTIHIT,1100.0,77694116.24269006,5.827507763560273,1.329324526786384e-57,136053595.90100676,12431058598.830408,5.827539788423184
oneD_v2_dbtt_TP_b60d78111740b058,PERSISTENT_WAKE_EXTREME,CLEAVAGE_MULTIHIT,1100.0,155388232.4853801,5.827343081535631,1.3362710125900623e-57,136053595.90100676,12431058598.830408,5.827539788423184
oneD_v2_dbtt_TP_b60d78111740b058,PERSISTENT_WAKE_EXTREME,CLEAVAGE_MULTIHIT,1100.0,233082348.72807017,5.826970995950818,1.3520999846593056e-57,136053595.90100676,12431058598.830408,5.827539788423184
oneD_v2_dbtt_TP_b60d78111740b058,PERSISTENT_WAKE_EXTREME,CLEAVAGE_MULTIHIT,1100.0,310776464.9707602,5.826331642346589,1.3797380045410886e-57,136053595.90100676,12431058598.830408,5.827539788423184
oneD_v2_dbtt_TP_b60d78111740b058,PERSISTENT_WAKE_EXTREME,CLEAVAGE_MULTIHIT,1100.0,388470581.2134503,5.825372727680311,1.422252693293488e-57,136053595.90100676,12431058598.830408,5.827539788423184
oneD_v2_dbtt_TP_b60d78111740b058,PERSISTENT_WAKE_EXTREME,CLEAVAGE_MULTIHIT,1100.0,466164697.45614034,5.824046933858733,1.483199606327009e-57,136053595.90100676,12431058598.830408,5.827539788423184
oneD_v2_dbtt_TP_b60d78111740b058,PERSISTENT_WAKE_EXTREME,CLEAVAGE_MULTIHIT,1100.0,543858813.6988304,5.822310596945456,1.5669866310730028e-57,136053595.90100676,12431058598.830408,5.827539788423184
oneD_v2_dbtt_TP_b60d78111740b058,PERSISTENT_WAKE_EXTREME,CLEAVAGE_MULTIHIT,1100.0,621552929.9415205,5.820122924661028,1.679324089074539e-57,136053595.90100676,12431058598.830408,5.827539788423184
oneD_v2_dbtt_TP_b60d78111740b058,PERSISTENT_WAKE_EXTREME,CLEAVAGE_MULTIHIT,1100.0,699247046.1842105,5.81744548976325,1.8278285549630734e-57,136053595.90100676,12431058598.830408,5.827539788423184
oneD_v2_dbtt_TP_b60d78111740b058,PERSISTENT_WAKE_EXTREME,CLEAVAGE_MULTIHIT,1100.0,776941162.4269006,5.81424188259607,2.0228727143168664e-57,136053595.90100676,12431058598.830408,5.827539788423184
oneD_v2_dbtt_TP_b60d78111740b058,PERSISTENT_WAKE_EXTREME,CLEAVAGE_MULTIHIT,1100.0,854635278.6695906,5.810477463246854,2.2788195372896293e-57,136053595.90100676,12431058598.830408,5.827539788423184
oneD_v2_dbtt_TP_b60d78111740b058,PERSISTENT_WAKE_EXTREME,CLEAVAGE_MULTIHIT,1100.0,932329394.9122807,5.806119179871851,2.615856306003091e-57,136053595.90100676,12431058598.830408,5.827539788423184
oneD_v2_dbtt_TP_b60d78111740b058,PERSISTENT_WAKE_EXTREME,CLEAVAGE_MULTIHIT,1100.0,1010023511.1549708,5.801135433033648,3.0627724675457416e-57,136053595.90100676,12431058598.830408,5.827539788423184
oneD_v2_dbtt_TP_b60d78111740b058,PERSISTENT_WAKE_EXTREME,CLEAVAGE_MULTIHIT,1100.0,1087717627.3976607,5.795495973211056,3.6612405308348033e-57,136053595.90100676,12431058598.830408,5.827539788423184
oneD_v2_dbtt_TP_b60d78111740b058,PERSISTENT_WAKE_EXTREME,CLEAVAGE_MULTIHIT,1100.0,1165411743.6403508,5.789171822930483,4.472524784557006e-57,136053595.90100676,12431058598.830408,5.827539788423184
oneD_v2_dbtt_TP_b60d78111740b058,PERSISTENT_WAKE_EXTREME,CLEAVAGE_MULTIHIT,1100.0,1243105859.883041,5.782135217610283,5.588172936269126e-57,136053595.90100676,12431058598.830408,5.827539788423184
oneD_v2_dbtt_TP_b60d78111740b058,PERSISTENT_WAKE_EXTREME,CLEAVAGE_MULTIHIT,1100.0,1320799976.125731,5.774359560906116,7.147350327950893e-57,136053595.90100676,12431058598.830408,5.827539788423184
oneD_v2_dbtt_TP_b60d78111740b058,PERSISTENT_WAKE_EXTREME,CLEAVAGE_MULTIHIT,1100.0,1398494092.368421,5.765819391472953,9.365444918991605e-57,136053595.90100676,12431058598.830408,5.827539788423184
oneD_v2_dbtt_TP_b60d78111740b058,PERSISTENT_WAKE_EXTREME,CLEAVAGE_MULTIHIT,1100.0,1476188208.6111112,5.756490358830906,1.2582141486610587e-56,136053595.90100676,12431058598.830408,5.827539788423184
oneD_v2_dbtt_TP_b60d78111740b058,PERSISTENT_WAKE_EXTREME,CLEAVAGE_MULTIHIT,1100.0,1553882324.8538013,5.746349206563738,1.734375688391864e-56,136053595.90100676,12431058598.830408,5.827539788423184
oneD_v2_dbtt_TP_b60d78111740b058,PERSISTENT_WAKE_EXTREME,CLEAVAGE_MULTIHIT,1100.0,1631576441.096491,5.735373761467558,2.45470337248357e-56,136053595.90100676,12431058598.830408,5.827539788423184
oneD_v2_dbtt_TP_b60d78111740b058,PERSISTENT_WAKE_EXTREME,CLEAVAGE_MULTIHIT,1100.0,1709270557.3391812,5.7235429275515495,3.5695383484455662e-56,136053595.90100676,12431058598.830408,5.827539788423184
oneD_v2_dbtt_TP_b60d78111740b058,PERSISTENT_WAKE_EXTREME,CLEAVAGE_MULTIHIT,1100.0,1786964673.5818713,5.710836684004264,5.336511609280021e-56,136053595.90100676,12431058598.830408,5.827539788423184
oneD_v2_dbtt_TP_b60d78111740b058,PERSISTENT_WAKE_EXTREME,CLEAVAGE_MULTIHIT,1100.0,1864658789.8245614,5.69723608639905,8.207211532243513e-56,136053595.90100676,12431058598.830408,5.827539788423184
oneD_v2_dbtt_TP_b60d78111740b058,PERSISTENT_WAKE_EXTREME,CLEAVAGE_MULTIHIT,1100.0,1942352906.0672514,5.682723270534843,1.2991882925269328e-55,136053595.90100676,12431058598.830408,5.827539788423184
oneD_v2_dbtt_TP_b60d78111740b058,PERSISTENT_WAKE_EXTREME,CLEAVAGE_MULTIHIT,1100.0,2020047022.3099415,5.667281458403894,2.1179586824824736e-55,136053595.90100676,12431058598.830408,5.827539788423184
oneD_v2_dbtt_TP_b60d78111740b058,PERSISTENT_WAKE_EXTREME,CLEAVAGE_MULTIHIT,1100.0,2097741138.5526316,5.650894965852853,3.55752007179791e-55,136053595.90100676,12431058598.830408,5.827539788423184
oneD_v2_dbtt_TP_b60d78111740b058,PERSISTENT_WAKE_EXTREME,CLEAVAGE_MULTIHIT,1100.0,2175435254.7953215,5.633549211563203,6.15973662105229e-55,136053595.90100676,12431058598.830408,5.827539788423184
oneD_v2_dbtt_TP_b60d78111740b058,PERSISTENT_WAKE_EXTREME,CLEAVAGE_MULTIHIT,1100.0,2253129371.0380116,5.615230727024861,1.0998841857121542e-54,136053595.90100676,12431058598.830408,5.827539788423184
oneD_v2_dbtt_TP_b60d78111740b058,PERSISTENT_WAKE_EXTREME,CLEAVAGE_MULTIHIT,1100.0,2330823487.2807016,5.595927167215602,2.0261494871863052e-54,136053595.90100676,12431058598.830408,5.827539788423184
oneD_v2_dbtt_TP_b60d78111740b058,PERSISTENT_WAKE_EXTREME,CLEAVAGE_MULTIHIT,1100.0,2408517603.5233917,5.575627321730838,3.852031296923289e-54,136053595.90100676,12431058598.830408,5.827539788423184
oneD_v2_dbtt_TP_b60d78111740b058,PERSISTENT_WAKE_EXTREME,CLEAVAGE_MULTIHIT,1100.0,2486211719.766082,5.554321126134699,7.560321445029938e-54,136053595.90100676,12431058598.830408,5.827539788423184
oneD_v2_dbtt_TP_b60d78111740b058,PERSISTENT_WAKE_EXTREME,CLEAVAGE_MULTIHIT,1100.0,2563905836.008772,5.531999673325496,1.5323051900956682e-53,136053595.90100676,12431058598.830408,5.827539788423184
oneD_v2_dbtt_TP_b60d78111740b058,PERSISTENT_WAKE_EXTREME,CLEAVAGE_MULTIHIT,1100.0,2641599952.251462,5.5086552247273906,3.2078289868790103e-53,136053595.90100676,12431058598.830408,5.827539788423184
oneD_v2_dbtt_TP_b60d78111740b058,PERSISTENT_WAKE_EXTREME,CLEAVAGE_MULTIHIT,1100.0,2719294068.494152,5.484281221136184,6.937902956876737e-53,136053595.90100676,12431058598.830408,5.827539788423184
oneD_v2_dbtt_TP_b60d78111740b058,PERSISTENT_WAKE_EXTREME,CLEAVAGE_MULTIHIT,1100.0,2796988184.736842,5.458872293061021,1.5504940918597836e-52,136053595.90100676,12431058598.830408,5.827539788423184
oneD_v2_dbtt_TP_b60d78111740b058,PERSISTENT_WAKE_EXTREME,CLEAVAGE_MULTIHIT,1100.0,2874682300.9795322,5.432424270416104,3.5809166224415436e-52,136053595.90100676,12431058598.830408,5.827539788423184
oneD_v2_dbtt_TP_b60d78111740b058,PERSISTENT_WAKE_EXTREME,CLEAVAGE_MULTIHIT,1100.0,2952376417.2222223,5.404934191427297,8.547541344760732e-52,136053595.90100676,12431058598.830408,5.827539788423184
oneD_v2_dbtt_TP_b60d78111740b058,PERSISTENT_WAKE_EXTREME,CLEAVAGE_MULTIHIT,1100.0,3030070533.4649124,5.376400310628371,2.1087986270031665e-51,136053595.90100676,12431058598.830408,5.827539788423184
oneD_v2_dbtt_TP_b60d78111740b058,PERSISTENT_WAKE_EXTREME,CLEAVAGE_MULTIHIT,1100.0,3107764649.7076025,5.3468221058305145,5.377533027894901e-51,136053595.90100676,12431058598.830408,5.827539788423184
oneD_v2_dbtt_TP_b60d78111740b058,PERSISTENT_WAKE_EXTREME,CLEAVAGE_MULTIHIT,1100.0,3185458765.950292,5.316200283957016,1.4173444989504933e-50,136053595.90100676,12431058598.830408,5.827539788423184
oneD_v2_dbtt_TP_b60d78111740b058,PERSISTENT_WAKE_EXTREME,CLEAVAGE_MULTIHIT,1100.0,3263152882.192982,5.284536785642742,3.8608723630049695e-50,136053595.90100676,12431058598.830408,5.827539788423184
oneD_v2_dbtt_TP_b60d78111740b058,PERSISTENT_WAKE_EXTREME,CLEAVAGE_MULTIHIT,1100.0,3340846998.4356723,5.2518347885053345,1.0868496669545543e-49,136053595.90100676,12431058598.830408,5.827539788423184
oneD_v2_dbtt_TP_b60d78111740b058,PERSISTENT_WAKE_EXTREME,CLEAVAGE_MULTIHIT,1100.0,3418541114.6783624,5.2180987090020485,3.1613080365159618e-49,136053595.90100676,12431058598.830408,5.827539788423184
oneD_v2_dbtt_TP_b60d78111740b058,PERSISTENT_WAKE_EXTREME,CLEAVAGE_MULTIHIT,1100.0,3496235230.9210525,5.183334202792908,9.499477632837208e-49,136053595.90100676,12431058598.830408,5.827539788423184
oneD_v2_dbtt_TP_b60d78111740b058,PERSISTENT_WAKE_EXTREME,CLEAVAGE_MULTIHIT,1100.0,3573929347.1637425,5.1475481635373965,2.948312079065645e-48,136053595.90100676,12431058598.830408,5.827539788423184
oneD_v2_dbtt_TP_b60d78111740b058,PERSISTENT_WAKE_EXTREME,CLEAVAGE_MULTIHIT,1100.0,3651623463.4064326,5.110748720058415,9.448791538230173e-48,136053595.90100676,12431058598.830408,5.827539788423184
oneD_v2_dbtt_TP_b60d78111740b058,PERSISTENT_WAKE_EXTREME,CLEAVAGE_MULTIHIT,1100.0,3729317579.6491227,5.072945231813536,3.1259320098059084e-47,136053595.90100676,12431058598.830408,5.827539788423184
oneD_v2_dbtt_TP_b60d78111740b058,PERSISTENT_WAKE_EXTREME,CLEAVAGE_MULTIHIT,1100.0,3807011695.891813,5.034148282619955,1.0671802006058213e-46,136053595.90100676,12431058598.830408,5.827539788423184
oneD_v2_dbtt_TP_b60d78111740b058,PERSISTENT_WAKE_EXTREME,CLEAVAGE_MULTIHIT,1100.0,3884705812.134503,4.994369672585793,3.7582768708411894e-46,136053595.90100676,12431058598.830408,5.827539788423184
oneD_v2_dbtt_TP_b60d78111740b058,PERSISTENT_WAKE_EXTREME,CLEAVAGE_MULTIHIT,1100.0,3962399928.377193,4.953622408206719,1.3647521639885703e-45,136053595.90100676,12431058598.830408,5.827539788423184
oneD_v2_dbtt_TP_b60d78111740b058,PERSISTENT_WAKE_EXTREME,CLEAVAGE_MULTIHIT,1100.0,4040094044.619883,4.911920690593116,5.1078440379247895e-45,136053595.90100676,12431058598.830408,5.827539788423184
oneD_v2_dbtt_TP_b60d78111740b058,PERSISTENT_WAKE_EXTREME,CLEAVAGE_MULTIHIT,1100.0,4117788160.862573,4.869279901799352,1.969376978197613e-44,136053595.90100676,12431058598.830408,5.827539788423184
oneD_v2_dbtt_TP_b60d78111740b058,PERSISTENT_WAKE_EXTREME,CLEAVAGE_MULTIHIT,1100.0,4195482277.105263,4.825716589233036,7.81807866392902e-44,136053595.90100676,12431058598.830408,5.827539788423184
oneD_v2_dbtt_TP_b60d78111740b058,PERSISTENT_WAKE_EXTREME,CLEAVAGE_MULTIHIT,1100.0,4273176393.3479533,4.781248448128446,3.1938016962580715e-43,136053595.90100676,12431058598.830408,5.827539788423184
oneD_v2_dbtt_TP_b60d78111740b058,PERSISTENT_WAKE_EXTREME,CLEAVAGE_MULTIHIT,1100.0,4350870509.590643,4.735894302074755,1.3418187718344246e-42,136053595.90100676,12431058598.830408,5.827539788423184
oneD_v2_dbtt_TP_b60d78111740b058,PERSISTENT_WAKE_EXTREME,CLEAVAGE_MULTIHIT,1100.0,4428564625.833333,4.689674081595989,5.794071391992675e-42,136053595.90100676,12431058598.830408,5.827539788423184
oneD_v2_dbtt_TP_b60d78111740b058,PERSISTENT_WAKE_EXTREME,CLEAVAGE_MULTIHIT,1100.0,4506258742.076023,4.642608800786076,2.5697391912999344e-41,136053595.90100676,12431058598.830408,5.827539788423184
oneD_v2_dbtt_TP_b60d78111740b058,PERSISTENT_WAKE_EXTREME,CLEAVAGE_MULTIHIT,1100.0,4583952858.318713,4.594720532008728,1.1697851391004793e-40,136053595.90100676,12431058598.830408,5.827539788423184
oneD_v2_dbtt_TP_b60d78111740b058,PERSISTENT_WAKE_EXTREME,CLEAVAGE_MULTIHIT,1100.0,4661646974.561403,4.546032378678272,5.461569247387175e-40,136053595.90100676,12431058598.830408,5.827539788423184
oneD_v2_dbtt_TP_b60d78111740b058,PERSISTENT_WAKE_EXTREME,CLEAVAGE_MULTIHIT,1100.0,4739341090.804093,4.496568446143853,2.613314977985256e-39,136053595.90100676,12431058598.830408,5.827539788423184
oneD_v2_dbtt_TP_b60d78111740b058,PERSISTENT_WAKE_EXTREME,CLEAVAGE_MULTIHIT,1100.0,4817035207.046783,4.4463538107058405,1.280514112630189e-38,136053595.90100676,12431058598.830408,5.827539788423184
oneD_v2_dbtt_TP_b60d78111740b058,PERSISTENT_WAKE_EXTREME,CLEAVAGE_MULTIHIT,1100.0,4894729323.289474,4.3954144867993845,6.420039717780777e-38,136053595.90100676,12431058598.830408,5.827539788423184
oneD_v2_dbtt_TP_b60d78111740b058,PERSISTENT_WAKE_EXTREME,CLEAVAGE_MULTIHIT,1100.0,4972423439.532164,4.343777392386397,3.290650900281364e-37,136053595.90100676,12431058598.830408,5.827539788423184
oneD_v2_dbtt_TP_b60d78111740b058,PERSISTENT_WAKE_EXTREME,CLEAVAGE_MULTIHIT,1100.0,5050117555.774854,4.291470312603202,1.7227995735933835e-36,136053595.90100676,12431058598.830408,5.827539788423184
oneD_v2_dbtt_TP_b60d78111740b058,PERSISTENT_WAKE_EXTREME,CLEAVAGE_MULTIHIT,1100.0,5127811672.017544,4.238521861717177,9.204564585764877e-36,136053595.90100676,12431058598.830408,5.827539788423184
oneD_v2_dbtt_TP_b60d78111740b058,PERSISTENT_WAKE_EXTREME,CLEAVAGE_MULTIHIT,1100.0,5205505788.260234,4.184961443451529,5.013986297599767e-35,136053595.90100676,12431058598.830408,5.827539788423184
oneD_v2_dbtt_TP_b60d78111740b058,PERSISTENT_WAKE_EXTREME,CLEAVAGE_MULTIHIT,1100.0,5283199904.502924,4.130819209743079,2.782018424697126e-34,136053595.90100676,12431058598.830408,5.827539788423184
oneD_v2_dbtt_TP_b60d78111740b058,PERSISTENT_WAKE_EXTREME,CLEAVAGE_MULTIHIT,1100.0,5360894020.745614,4.076126018003481,1.5707595046544163e-33,136053595.90100676,12431058598.830408,5.827539788423184
oneD_v2_dbtt_TP_b60d78111740b058,PERSISTENT_WAKE_EXTREME,CLEAVAGE_MULTIHIT,1100.0,5438588136.988304,4.020913386959706,9.015690737568114e-33,136053595.90100676,12431058598.830408,5.827539788423184
oneD_v2_dbtt_TP_b60d78111740b058,PERSISTENT_WAKE_EXTREME,CLEAVAGE_MULTIHIT,1100.0,5516282253.230994,3.9652134511547446,5.25516366378612e-32,136053595.90100676,12431058598.830408,5.827539788423184
oneD_v2_dbtt_TP_b60d78111740b058,PERSISTENT_WAKE_EXTREME,CLEAVAGE_MULTIHIT,1100.0,5593976369.473684,3.909058914194479,3.107577087329796e-31,136053595.90100676,12431058598.830408,5.827539788423184
oneD_v2_dbtt_TP_b60d78111740b058,PERSISTENT_WAKE_EXTREME,CLEAVAGE_MULTIHIT,1100.0,5671670485.716374,3.852483000831385,1.8622986593233274e-30,136053595.90100676,12431058598.830408,5.827539788423184
oneD_v2_dbtt_TP_b60d78111740b058,PERSISTENT_WAKE_EXTREME,CLEAVAGE_MULTIHIT,1100.0,5749364601.9590645,3.795519407980149,1.1298098242637445e-29,136053595.90100676,12431058598.830408,5.827539788423184
oneD_v2_dbtt_TP_b60d78111740b058,PERSISTENT_WAKE_EXTREME,CLEAVAGE_MULTIHIT,1100.0,5827058718.201755,3.738202254764502,6.931400559492996e-29,136053595.90100676,12431058598.830408,5.827539788423184
oneD_v2_dbtt_TP_b60d78111740b058,PERSISTENT_WAKE_EXTREME,CLEAVAGE_MULTIHIT,1100.0,5904752834.444445,3.6805660316984357,4.295583983588333e-28,136053595.90100676,12431058598.830408,5.827539788423184
oneD_v2_dbtt_TP_b60d78111740b058,PERSISTENT_WAKE_EXTREME,CLEAVAGE_MULTIHIT,1100.0,5982446950.687135,3.6226455491085474,2.6861517025603224e-27,136053595.90100676,12431058598.830408,5.827539788423184
oneD_v2_dbtt_TP_b60d78111740b058,PERSISTENT_WAKE_EXTREME,CLEAVAGE_MULTIHIT,1100.0,6060141066.929825,3.564475884907528,1.6930267562317955e-26,136053595.90100676,12431058598.830408,5.827539788423184
oneD_v2_dbtt_TP_b60d78111740b058,PERSISTENT_WAKE_EXTREME,CLEAVAGE_MULTIHIT,1100.0,6137835183.172515,3.5060923318316672,1.0743282047396094e-25,136053595.90100676,12431058598.830408,5.827539788423184
oneD_v2_dbtt_TP_b60d78111740b058,PERSISTENT_WAKE_EXTREME,CLEAVAGE_MULTIHIT,1100.0,6215529299.415205,3.4475303442578835,6.855871813103559e-25,136053595.90100676,12431058598.830408,5.827539788423184
oneD_v2_dbtt_TP_b60d78111740b058,PERSISTENT_WAKE_EXTREME,CLEAVAGE_MULTIHIT,1100.0,6293223415.657894,3.388825484717891,4.394931937548813e-24,136053595.90100676,12431058598.830408,5.827539788423184
oneD_v2_dbtt_TP_b60d78111740b058,PERSISTENT_WAKE_EXTREME,CLEAVAGE_MULTIHIT,1100.0,6370917531.900584,3.3300133702289783,2.8269349929081886e-23,136053595.90100676,12431058598.830408,5.827539788423184
oneD_v2_dbtt_TP_b60d78111740b058,PERSISTENT_WAKE_EXTREME,CLEAVAGE_MULTIHIT,1100.0,6448611648.143274,3.271129618562301,1.8224857107754616e-22,136053595.90100676,12431058598.830408,5.827539788423184
oneD_v2_dbtt_TP_b60d78111740b058,PERSISTENT_WAKE_EXTREME,CLEAVAGE_MULTIHIT,1100.0,6526305764.385964,3.2122097945705628,1.1762733310604265e-21,136053595.90100676,12431058598.830408,5.827539788423184
oneD_v2_dbtt_TP_b60d78111740b058,PERSISTENT_WAKE_EXTREME,CLEAVAGE_MULTIHIT,1100.0,6603999880.6286545,3.1532893566976488,7.592080543270204e-21,136053595.90100676,12431058598.830408,5.827539788423184
oneD_v2_dbtt_TP_b60d78111740b058,PERSISTENT_WAKE_EXTREME,CLEAVAGE_MULTIHIT,1100.0,6681693996.871345,3.094403603792932,4.8948188388653296e-20,136053595.90100676,12431058598.830408,5.827539788423184
oneD_v2_dbtt_TP_b60d78111740b058,PERSISTENT_WAKE_EXTREME,CLEAVAGE_MULTIHIT,1100.0,6759388113.114035,3.0355876223528164,3.1488606354906384e-19,136053595.90100676,12431058598.830408,5.827539788423184
oneD_v2_dbtt_TP_b60d78111740b058,PERSISTENT_WAKE_EXTREME,CLEAVAGE_MULTIHIT,1100.0,6837082229.356725,2.9768762343114505,2.018982871470963e-18,136053595.90100676,12431058598.830408,5.827539788423184
oneD_v2_dbtt_TP_b60d78111740b058,PERSISTENT_WAKE_EXTREME,CLEAVAGE_MULTIHIT,1100.0,6914776345.599415,2.918303945501501,1.288842736463234e-17,136053595.90100676,12431058598.830408,5.827539788423184
oneD_v2_dbtt_TP_b60d78111740b058,PERSISTENT_WAKE_EXTREME,CLEAVAGE_MULTIHIT,1100.0,6992470461.842105,2.859904894904469,8.182501310517599e-17,136053595.90100676,12431058598.830408,5.827539788423184
oneD_v2_dbtt_TP_b60d78111740b058,PERSISTENT_WAKE_EXTREME,CLEAVAGE_MULTIHIT,1100.0,7070164578.084795,2.801712804808147,5.160925475360645e-16,136053595.90100676,12431058598.830408,5.827539788423184
oneD_v2_dbtt_TP_b60d78111740b058,PERSISTENT_WAKE_EXTREME,CLEAVAGE_MULTIHIT,1100.0,7147858694.327485,2.7437609319865826,3.230481985441856e-15,136053595.90100676,12431058598.830408,5.827539788423184
oneD_v2_dbtt_TP_b60d78111740b058,PERSISTENT_WAKE_EXTREME,CLEAVAGE_MULTIHIT,1100.0,7225552810.570175,2.686082020015225,2.004726910639653e-14,136053595.90100676,12431058598.830408,5.827539788423184
oneD_v2_dbtt_TP_b60d78111740b058,PERSISTENT_WAKE_EXTREME,CLEAVAGE_MULTIHIT,1100.0,7303246926.812865,2.6287082528309287,1.2321083114255287e-13,136053595.90100676,12431058598.830408,5.827539788423184
oneD_v2_dbtt_TP_b60d78111740b058,PERSISTENT_WAKE_EXTREME,CLEAVAGE_MULTIHIT,1100.0,7380941043.055555,2.571671209643014,7.492283878441547e-13,136053595.90100676,12431058598.830408,5.827539788423184
oneD_v2_dbtt_TP_b60d78111740b058,PERSISTENT_WAKE_EXTREME,CLEAVAGE_MULTIHIT,1100.0,7458635159.298245,2.5150018212978136,4.5032494420669396e-12,136053595.90100676,12431058598.830408,5.827539788423184
oneD_v2_dbtt_TP_b60d78111740b058,PERSISTENT_WAKE_EXTREME,CLEAVAGE_MULTIHIT,1100.0,7536329275.5409355,2.4587303281949766,2.6728120518989164e-11,136053595.90100676,12431058598.830408,5.827539788423184
oneD_v2_dbtt_TP_b60d78111740b058,PERSISTENT_WAKE_EXTREME,CLEAVAGE_MULTIHIT,1100.0,7614023391.783626,2.4028862398493023,1.5650765922650026e-10,136053595.90100676,12431058598.830408,5.827539788423184
oneD_v2_dbtt_TP_b60d78111740b058,PERSISTENT_WAKE_EXTREME,CLEAVAGE_MULTIHIT,1100.0,7691717508.026316,2.347498296187066,9.033000188823582e-10,136053595.90100676,12431058598.830408,5.827539788423184
oneD_v2_dbtt_TP_b60d78111740b058,PERSISTENT_WAKE_EXTREME,CLEAVAGE_MULTIHIT,1100.0,7769411624.269006,2.292594430660674,5.134201437663261e-09,136053595.90100676,12431058598.830408,5.827539788423184
oneD_v2_dbtt_TP_b60d78111740b058,PERSISTENT_WAKE_EXTREME,CLEAVAGE_MULTIHIT,1100.0,7847105740.511696,2.2382017352600614,2.8713385898482642e-08,136053595.90100676,12431058598.830408,5.827539788423184
oneD_v2_dbtt_TP_b60d78111740b058,PERSISTENT_WAKE_EXTREME,CLEAVAGE_MULTIHIT,1100.0,7924799856.754386,2.184346427493606,1.5787146819433453e-07,136053595.90100676,12431058598.830408,5.827539788423184
oneD_v2_dbtt_TP_b60d78111740b058,PERSISTENT_WAKE_EXTREME,CLEAVAGE_MULTIHIT,1100.0,8002493972.997076,2.1310538194053743,8.526649146588814e-07,136053595.90100676,12431058598.830408,5.827539788423184
oneD_v2_dbtt_TP_b60d78111740b058,PERSISTENT_WAKE_EXTREME,CLEAVAGE_MULTIHIT,1100.0,8080188089.239766,2.078348288689399,4.52028943013849e-06,136053595.90100676,12431058598.830408,5.827539788423184
oneD_v2_dbtt_TP_b60d78111740b058,PERSISTENT_WAKE_EXTREME,CLEAVAGE_MULTIHIT,1100.0,8157882205.482456,2.0262532519553518,2.3503524747806285e-05,136053595.90100676,12431058598.830408,5.827539788423184
oneD_v2_dbtt_TP_b60d78111740b058,PERSISTENT_WAKE_EXTREME,CLEAVAGE_MULTIHIT,1100.0,8235576321.725146,1.9747911401934528,0.00011977046438734974,136053595.90100676,12431058598.830408,5.827539788423184
oneD_v2_dbtt_TP_b60d78111740b058,PERSISTENT_WAKE_EXTREME,CLEAVAGE_MULTIHIT,1100.0,8313270437.967836,1.9239833764798393,0.0005977063546797869,136053595.90100676,12431058598.830408,5.827539788423184
oneD_v2_dbtt_TP_b60d78111740b058,PERSISTENT_WAKE_EXTREME,CLEAVAGE_MULTIHIT,1100.0,8390964554.210526,1.8738503559567905,0.002918845340878007,136053595.90100676,12431058598.830408,5.827539788423184
oneD_v2_dbtt_TP_b60d78111740b058,PERSISTENT_WAKE_EXTREME,CLEAVAGE_MULTIHIT,1100.0,8468658670.453217,1.8244114281154127,0.01393677583414659,136053595.90100676,12431058598.830408,5.827539788423184
oneD_v2_dbtt_TP_b60d78111740b058,PERSISTENT_WAKE_EXTREME,CLEAVAGE_MULTIHIT,1100.0,8546352786.695907,1.7756848814013986,0.06500449434638492,136053595.90100676,12431058598.830408,5.827539788423184
oneD_v2_dbtt_TP_b60d78111740b058,PERSISTENT_WAKE_EXTREME,CLEAVAGE_MULTIHIT,1100.0,8624046902.938597,1.7276879301575525,0.2958580103072254,136053595.90100676,12431058598.830408,5.827539788423184
oneD_v2_dbtt_TP_b60d78111740b058,PERSISTENT_WAKE_EXTREME,CLEAVAGE_MULTIHIT,1100.0,8701741019.181286,1.6804367039097792,1.312169799286395,136053595.90100676,12431058598.830408,5.827539788423184
oneD_v2_dbtt_TP_b60d78111740b058,PERSISTENT_WAKE_EXTREME,CLEAVAGE_MULTIHIT,1100.0,8779435135.423977,1.633946238996283,5.660793524636183,136053595.90100676,12431058598.830408,5.827539788423184
oneD_v2_dbtt_TP_b60d78111740b058,PERSISTENT_WAKE_EXTREME,CLEAVAGE_MULTIHIT,1100.0,8857129251.666666,1.5882304725328342,23.69499906907709,136053595.90100676,12431058598.830408,5.827539788423184
oneD_v2_dbtt_TP_b60d78111740b058,PERSISTENT_WAKE_EXTREME,CLEAVAGE_MULTIHIT,1100.0,8934823367.909357,1.5433022387000799,95.8913729828432,136053595.90100676,12431058598.830408,5.827539788423184
oneD_v2_dbtt_TP_b60d78111740b058,PERSISTENT_WAKE_EXTREME,CLEAVAGE_MULTIHIT,1100.0,9012517484.152046,1.4991732673322204,373.2598332002629,136053595.90100676,12431058598.830408,5.827539788423184
oneD_v2_dbtt_TP_b60d78111740b058,PERSISTENT_WAKE_EXTREME,CLEAVAGE_MULTIHIT,1100.0,9090211600.394737,1.4558541847796598,1387.1293240155455,136053595.90100676,12431058598.830408,5.827539788423184
oneD_v2_dbtt_TP_b60d78111740b058,PERSISTENT_WAKE_EXTREME,CLEAVAGE_MULTIHIT,1100.0,9167905716.637426,1.413354517011905,4868.998027656967,136053595.90100676,12431058598.830408,5.827539788423184
oneD_v2_dbtt_TP_b60d78111740b058,PERSISTENT_WAKE_EXTREME,CLEAVAGE_MULTIHIT,1100.0,9245599832.880117,1.3716826949205976,15898.902244412344,136053595.90100676,12431058598.830408,5.827539788423184
oneD_v2_dbtt_TP_b60d78111740b058,PERSISTENT_WAKE_EXTREME,CLEAVAGE_MULTIHIT,1100.0,9323293949.122807,1.3308460617765756,47286.024976854,136053595.90100676,12431058598.830408,5.827539788423184
oneD_v2_dbtt_TP_b60d78111740b058,PERSISTENT_WAKE_EXTREME,CLEAVAGE_MULTIHIT,1100.0,9400988065.365498,1.2908508827889553,124543.61779488093,136053595.90100676,12431058598.830408,5.827539788423184
oneD_v2_dbtt_TP_b60d78111740b058,PERSISTENT_WAKE_EXTREME,CLEAVAGE_MULTIHIT,1100.0,9478682181.608187,1.2517023567086516,280524.8626236288,136053595.90100676,12431058598.830408,5.827539788423184
oneD_v2_dbtt_TP_b60d78111740b058,PERSISTENT_WAKE_EXTREME,CLEAVAGE_MULTIHIT,1100.0,9556376297.850878,1.2134046294133796,520553.16199124383,136053595.90100676,12431058598.830408,5.827539788423184
oneD_v2_dbtt_TP_b60d78111740b058,PERSISTENT_WAKE_EXTREME,CLEAVAGE_MULTIHIT,1100.0,9634070414.093567,1.1759608094061815,775415.716425608,136053595.90100676,12431058598.830408,5.827539788423184
oneD_v2_dbtt_TP_b60d78111740b058,PERSISTENT_WAKE_EXTREME,CLEAVAGE_MULTIHIT,1100.0,9711764530.336258,1.1393729851546954,939059.9442729836,136053595.90100676,12431058598.830408,5.827539788423184
oneD_v2_dbtt_TP_b60d78111740b058,PERSISTENT_WAKE_EXTREME,CLEAVAGE_MULTIHIT,1100.0,9789458646.578947,1.1036422441940337,992573.5808801146,136053595.90100676,12431058598.830408,5.827539788423184
oneD_v2_dbtt_TP_b60d78111740b058,PERSISTENT_WAKE_EXTREME,CLEAVAGE_MULTIHIT,1100.0,9867152762.821638,1.0687686939119565,999708.5816168684,136053595.90100676,12431058598.830408,5.827539788423184
oneD_v2_dbtt_TP_b60d78111740b058,PERSISTENT_WAKE_EXTREME,CLEAVAGE_MULTIHIT,1100.0,9944846879.064327,1.0347514839313408,999997.6157774163,136053595.90100676,12431058598.830408,5.827539788423184
oneD_v2_dbtt_TP_b60d78111740b058,PERSISTENT_WAKE_EXTREME,CLEAVAGE_MULTIHIT,1100.0,10022540995.307016,1.001588830001494,999999.9976913899,136053595.90100676,12431058598.830408,5.827539788423184
oneD_v2_dbtt_TP_b60d78111740b058,PERSISTENT_WAKE_EXTREME,CLEAVAGE_MULTIHIT,1100.0,10100235111.549707,0.969278039306867,999999.9999998729,136053595.90100676,12431058598.830408,5.827539788423184
oneD_v2_dbtt_TP_b60d78111740b058,PERSISTENT_WAKE_EXTREME,CLEAVAGE_MULTIHIT,1100.0,10177929227.792397,0.9378155370990471,1000000.0,136053595.90100676,12431058598.830408,5.827539788423184
oneD_v2_dbtt_TP_b60d78111740b058,PERSISTENT_WAKE_EXTREME,CLEAVAGE_MULTIHIT,1100.0,10255623344.035088,0.9071968945556097,1000000.0,136053595.90100676,12431058598.830408,5.827539788423184
oneD_v2_dbtt_TP_b60d78111740b058,PERSISTENT_WAKE_EXTREME,CLEAVAGE_MULTIHIT,1100.0,10333317460.277777,0.8774168577675676,1000000.0,136053595.90100676,12431058598.830408,5.827539788423184
oneD_v2_dbtt_TP_b60d78111740b058,PERSISTENT_WAKE_EXTREME,CLEAVAGE_MULTIHIT,1100.0,10411011576.520468,0.8484693777555756,1000000.0,136053595.90100676,12431058598.830408,5.827539788423184
oneD_v2_dbtt_TP_b60d78111740b058,PERSISTENT_WAKE_EXTREME,CLEAVAGE_MULTIHIT,1100.0,10488705692.763157,0.820347641413977,1000000.0,136053595.90100676,12431058598.830408,5.827539788423184
oneD_v2_dbtt_TP_b60d78111740b058,PERSISTENT_WAKE_EXTREME,CLEAVAGE_MULTIHIT,1100.0,10566399809.005848,0.7930441032809921,1000000.0,136053595.90100676,12431058598.830408,5.827539788423184
oneD_v2_dbtt_TP_b60d78111740b058,PERSISTENT_WAKE_EXTREME,CLEAVAGE_MULTIHIT,1100.0,10644093925.248537,0.7665505180330219,1000000.0,136053595.90100676,12431058598.830408,5.827539788423184
oneD_v2_dbtt_TP_b60d78111740b058,PERSISTENT_WAKE_EXTREME,CLEAVAGE_MULTIHIT,1100.0,10721788041.491228,0.7408579736010064,1000000.0,136053595.90100676,12431058598.830408,5.827539788423184
oneD_v2_dbtt_TP_b60d78111740b058,PERSISTENT_WAKE_EXTREME,CLEAVAGE_MULTIHIT,1100.0,10799482157.733917,0.7159569248071977,1000000.0,136053595.90100676,12431058598.830408,5.827539788423184
oneD_v2_dbtt_TP_b60d78111740b058,PERSISTENT_WAKE_EXTREME,CLEAVAGE_MULTIHIT,1100.0,10877176273.976608,0.6918372274214153,1000000.0,136053595.90100676,12431058598.830408,5.827539788423184
oneD_v2_dbtt_TP_b60d78111740b058,PERSISTENT_WAKE_EXTREME,CLEAVAGE_MULTIHIT,1100.0,10954870390.219297,0.6684881725369509,1000000.0,136053595.90100676,12431058598.830408,5.827539788423184
oneD_v2_dbtt_TP_b60d78111740b058,PERSISTENT_WAKE_EXTREME,CLEAVAGE_MULTIHIT,1100.0,11032564506.461988,0.6458985211676991,1000000.0,136053595.90100676,12431058598.830408,5.827539788423184
oneD_v2_dbtt_TP_b60d78111740b058,PERSISTENT_WAKE_EXTREME,CLEAVAGE_MULTIHIT,1100.0,11110258622.704678,0.6240565389698773,1000000.0,136053595.90100676,12431058598.830408,5.827539788423184
oneD_v2_dbtt_TP_b60d78111740b058,PERSISTENT_WAKE_EXTREME,CLEAVAGE_MULTIHIT,1100.0,11187952738.947369,0.6029500309936981,1000000.0,136053595.90100676,12431058598.830408,5.827539788423184
oneD_v2_dbtt_TP_b60d78111740b058,PERSISTENT_WAKE_EXTREME,CLEAVAGE_MULTIHIT,1100.0,11265646855.190058,0.5825663763727804,1000000.0,136053595.90100676,12431058598.830408,5.827539788423184
oneD_v2_dbtt_TP_b60d78111740b058,PERSISTENT_WAKE_EXTREME,CLEAVAGE_MULTIHIT,1100.0,11343340971.432749,0.562892562861667,1000000.0,136053595.90100676,12431058598.830408,5.827539788423184
oneD_v2_dbtt_TP_b60d78111740b058,PERSISTENT_WAKE_EXTREME,CLEAVAGE_MULTIHIT,1100.0,11421035087.675438,0.5439152211347532,1000000.0,136053595.90100676,12431058598.830408,5.827539788423184
oneD_v2_dbtt_TP_b60d78111740b058,PERSISTENT_WAKE_EXTREME,CLEAVAGE_MULTIHIT,1100.0,11498729203.918129,0.5256206587630465,1000000.0,136053595.90100676,12431058598.830408,5.827539788423184
oneD_v2_dbtt_TP_b60d78111740b058,PERSISTENT_WAKE_EXTREME,CLEAVAGE_MULTIHIT,1100.0,11576423320.160818,0.5079948937885658,1000000.0,136053595.90100676,12431058598.830408,5.827539788423184
oneD_v2_dbtt_TP_b60d78111740b058,PERSISTENT_WAKE_EXTREME,CLEAVAGE_MULTIHIT,1100.0,11654117436.40351,0.49102368781974143,1000000.0,136053595.90100676,12431058598.830408,5.827539788423184
oneD_v2_dbtt_TP_b60d78111740b058,PERSISTENT_WAKE_EXTREME,CLEAVAGE_MULTIHIT,1100.0,11731811552.646198,0.4746925785749546,1000000.0,136053595.90100676,12431058598.830408,5.827539788423184
oneD_v2_dbtt_TP_b60d78111740b058,PERSISTENT_WAKE_EXTREME,CLEAVAGE_MULTIHIT,1100.0,11809505668.88889,0.45898691180525725,1000000.0,136053595.90100676,12431058598.830408,5.827539788423184
oneD_v2_dbtt_TP_b60d78111740b058,PERSISTENT_WAKE_EXTREME,CLEAVAGE_MULTIHIT,1100.0,11887199785.131578,0.44389187253140144,1000000.0,136053595.90100676,12431058598.830408,5.827539788423184
oneD_v2_dbtt_TP_b60d78111740b058,PERSISTENT_WAKE_EXTREME,CLEAVAGE_MULTIHIT,1100.0,11964893901.37427,0.42939251553447066,1000000.0,136053595.90100676,12431058598.830408,5.827539788423184
oneD_v2_dbtt_TP_b60d78111740b058,PERSISTENT_WAKE_EXTREME,CLEAVAGE_MULTIHIT,1100.0,12042588017.616959,0.4154737950437229,1000000.0,136053595.90100676,12431058598.830408,5.827539788423184
oneD_v2_dbtt_TP_b60d78111740b058,PERSISTENT_WAKE_EXTREME,CLEAVAGE_MULTIHIT,1100.0,12120282133.85965,0.40212059356959884,1000000.0,136053595.90100676,12431058598.830408,5.827539788423184
oneD_v2_dbtt_TP_b60d78111740b058,PERSISTENT_WAKE_EXTREME,CLEAVAGE_MULTIHIT,1100.0,12197976250.102339,0.38931774983430956,1000000.0,136053595.90100676,12431058598.830408,5.827539788423184
oneD_v2_dbtt_TP_b60d78111740b058,PERSISTENT_WAKE_EXTREME,CLEAVAGE_MULTIHIT,1100.0,12275670366.34503,0.3770500857568543,1000000.0,136053595.90100676,12431058598.830408,5.827539788423184
oneD_v2_dbtt_TP_b60d78111740b058,PERSISTENT_WAKE_EXTREME,CLEAVAGE_MULTIHIT,1100.0,12353364482.587719,0.3653024324538369,1000000.0,136053595.90100676,12431058598.830408,5.827539788423184
oneD_v2_dbtt_TP_b60d78111740b058,PERSISTENT_WAKE_EXTREME,CLEAVAGE_MULTIHIT,1100.0,12431058598.830408,0.35405965522191885,1000000.0,136053595.90100676,12431058598.830408,5.827539788423184
oneD_v2_dbtt_TP_bd5be1610f6e1bce,MOBILE_TRANSPORT_EXTREME,PEIERLS,1100.0,0.0,9.8949472496915,4.625365921805386e-34,0.0,64010631.83750218,9.8949472496915
oneD_v2_dbtt_TP_bd5be1610f6e1bce,MOBILE_TRANSPORT_EXTREME,PEIERLS,1100.0,400066.4489843886,0.10259304375577612,338811400015.8426,0.0,64010631.83750218,9.8949472496915
oneD_v2_dbtt_TP_bd5be1610f6e1bce,MOBILE_TRANSPORT_EXTREME,PEIERLS,1100.0,800132.8979687772,0.10259304375577612,338811400015.8426,0.0,64010631.83750218,9.8949472496915
oneD_v2_dbtt_TP_bd5be1610f6e1bce,MOBILE_TRANSPORT_EXTREME,PEIERLS,1100.0,1200199.3469531657,0.10259304375577612,338811400015.8426,0.0,64010631.83750218,9.8949472496915
oneD_v2_dbtt_TP_bd5be1610f6e1bce,MOBILE_TRANSPORT_EXTREME,PEIERLS,1100.0,1600265.7959375544,0.10259304375577612,338811400015.8426,0.0,64010631.83750218,9.8949472496915
oneD_v2_dbtt_TP_bd5be1610f6e1bce,MOBILE_TRANSPORT_EXTREME,PEIERLS,1100.0,2000332.2449219432,0.10259304375577612,338811400015.8426,0.0,64010631.83750218,9.8949472496915
oneD_v2_dbtt_TP_bd5be1610f6e1bce,MOBILE_TRANSPORT_EXTREME,PEIERLS,1100.0,2400398.6939063314,0.10259304375577612,338811400015.8426,0.0,64010631.83750218,9.8949472496915
oneD_v2_dbtt_TP_bd5be1610f6e1bce,MOBILE_TRANSPORT_EXTREME,PEIERLS,1100.0,2800465.14289072,0.10259304375577612,338811400015.8426,0.0,64010631.83750218,9.8949472496915
oneD_v2_dbtt_TP_bd5be1610f6e1bce,MOBILE_TRANSPORT_EXTREME,PEIERLS,1100.0,3200531.591875109,0.10259304375577612,338811400015.8426,0.0,64010631.83750218,9.8949472496915
oneD_v2_dbtt_TP_bd5be1610f6e1bce,MOBILE_TRANSPORT_EXTREME,PEIERLS,1100.0,3600598.0408594976,0.10259304375577612,338811400015.8426,0.0,64010631.83750218,9.8949472496915
oneD_v2_dbtt_TP_bd5be1610f6e1bce,MOBILE_TRANSPORT_EXTREME,PEIERLS,1100.0,4000664.4898438863,0.10259304375577612,338811400015.8426,0.0,64010631.83750218,9.8949472496915
oneD_v2_dbtt_TP_bd5be1610f6e1bce,MOBILE_TRANSPORT_EXTREME,PEIERLS,1100.0,4400730.938828275,0.10259304375577612,338811400015.8426,0.0,64010631.83750218,9.8949472496915
oneD_v2_dbtt_TP_bd5be1610f6e1bce,MOBILE_TRANSPORT_EXTREME,PEIERLS,1100.0,4800797.387812663,0.10259304375577612,338811400015.8426,0.0,64010631.83750218,9.8949472496915
oneD_v2_dbtt_TP_bd5be1610f6e1bce,MOBILE_TRANSPORT_EXTREME,PEIERLS,1100.0,5200863.836797052,0.10259304375577612,338811400015.8426,0.0,64010631.83750218,9.8949472496915
oneD_v2_dbtt_TP_bd5be1610f6e1bce,MOBILE_TRANSPORT_EXTREME,PEIERLS,1100.0,5600930.28578144,0.10259304375577612,338811400015.8426,0.0,64010631.83750218,9.8949472496915
oneD_v2_dbtt_TP_bd5be1610f6e1bce,MOBILE_TRANSPORT_EXTREME,PEIERLS,1100.0,6000996.7347658295,0.10259304375577612,338811400015.8426,0.0,64010631.83750218,9.8949472496915
oneD_v2_dbtt_TP_bd5be1610f6e1bce,MOBILE_TRANSPORT_EXTREME,PEIERLS,1100.0,6401063.183750218,0.10259304375577612,338811400015.8426,0.0,64010631.83750218,9.8949472496915
oneD_v2_dbtt_TP_bd5be1610f6e1bce,MOBILE_TRANSPORT_EXTREME,PEIERLS,1100.0,6801129.632734606,0.10259304375577612,338811400015.8426,0.0,64010631.83750218,9.8949472496915
oneD_v2_dbtt_TP_bd5be1610f6e1bce,MOBILE_TRANSPORT_EXTREME,PEIERLS,1100.0,7201196.081718995,0.10259304375577612,338811400015.8426,0.0,64010631.83750218,9.8949472496915
oneD_v2_dbtt_TP_bd5be1610f6e1bce,MOBILE_TRANSPORT_EXTREME,PEIERLS,1100.0,7601262.5307033835,0.10259304375577612,338811400015.8426,0.0,64010631.83750218,9.8949472496915
oneD_v2_dbtt_TP_bd5be1610f6e1bce,MOBILE_TRANSPORT_EXTREME,PEIERLS,1100.0,8001328.979687773,0.10259304375577612,338811400015.8426,0.0,64010631.83750218,9.8949472496915
oneD_v2_dbtt_TP_bd5be1610f6e1bce,MOBILE_TRANSPORT_EXTREME,PEIERLS,1100.0,8401395.428672161,0.10259304375577612,338811400015.8426,0.0,64010631.83750218,9.8949472496915
oneD_v2_dbtt_TP_bd5be1610f6e1bce,MOBILE_TRANSPORT_EXTREME,PEIERLS,1100.0,8801461.87765655,0.10259304375577612,338811400015.8426,0.0,64010631.83750218,9.8949472496915
oneD_v2_dbtt_TP_bd5be1610f6e1bce,MOBILE_TRANSPORT_EXTREME,PEIERLS,1100.0,9201528.326640937,0.10259304375577612,338811400015.8426,0.0,64010631.83750218,9.8949472496915
oneD_v2_dbtt_TP_bd5be1610f6e1bce,MOBILE_TRANSPORT_EXTREME,PEIERLS,1100.0,9601594.775625326,0.10259304375577612,338811400015.8426,0.0,64010631.83750218,9.8949472496915
oneD_v2_dbtt_TP_bd5be1610f6e1bce,MOBILE_TRANSPORT_EXTREME,PEIERLS,1100.0,10001661.224609716,0.10259304375577612,338811400015.8426,0.0,64010631.83750218,9.8949472496915
oneD_v2_dbtt_TP_bd5be1610f6e1bce,MOBILE_TRANSPORT_EXTREME,PEIERLS,1100.0,10401727.673594104,0.10259304375577612,338811400015.8426,0.0,64010631.83750218,9.8949472496915
oneD_v2_dbtt_TP_bd5be1610f6e1bce,MOBILE_TRANSPORT_EXTREME,PEIERLS,1100.0,10801794.122578492,0.10259304375577612,338811400015.8426,0.0,64010631.83750218,9.8949472496915
oneD_v2_dbtt_TP_bd5be1610f6e1bce,MOBILE_TRANSPORT_EXTREME,PEIERLS,1100.0,11201860.57156288,0.10259304375577612,338811400015.8426,0.0,64010631.83750218,9.8949472496915
oneD_v2_dbtt_TP_bd5be1610f6e1bce,MOBILE_TRANSPORT_EXTREME,PEIERLS,1100.0,11601927.020547269,0.10259304375577612,338811400015.8426,0.0,64010631.83750218,9.8949472496915
oneD_v2_dbtt_TP_bd5be1610f6e1bce,MOBILE_TRANSPORT_EXTREME,PEIERLS,1100.0,12001993.469531659,0.10259304375577612,338811400015.8426,0.0,64010631.83750218,9.8949472496915
oneD_v2_dbtt_TP_bd5be1610f6e1bce,MOBILE_TRANSPORT_EXTREME,PEIERLS,1100.0,12402059.918516047,0.10259304375577612,338811400015.8426,0.0,64010631.83750218,9.8949472496915
oneD_v2_dbtt_TP_bd5be1610f6e1bce,MOBILE_TRANSPORT_EXTREME,PEIERLS,1100.0,12802126.367500436,0.10259304375577612,338811400015.8426,0.0,64010631.83750218,9.8949472496915
oneD_v2_dbtt_TP_bd5be1610f6e1bce,MOBILE_TRANSPORT_EXTREME,PEIERLS,1100.0,13202192.816484824,0.10259304375577612,338811400015.8426,0.0,64010631.83750218,9.8949472496915
oneD_v2_dbtt_TP_bd5be1610f6e1bce,MOBILE_TRANSPORT_EXTREME,PEIERLS,1100.0,13602259.265469212,0.10259304375577612,338811400015.8426,0.0,64010631.83750218,9.8949472496915
oneD_v2_dbtt_TP_bd5be1610f6e1bce,MOBILE_TRANSPORT_EXTREME,PEIERLS,1100.0,14002325.714453602,0.10259304375577612,338811400015.8426,0.0,64010631.83750218,9.8949472496915
oneD_v2_dbtt_TP_bd5be1610f6e1bce,MOBILE_TRANSPORT_EXTREME,PEIERLS,1100.0,14402392.16343799,0.10259304375577612,338811400015.8426,0.0,64010631.83750218,9.8949472496915
oneD_v2_dbtt_TP_bd5be1610f6e1bce,MOBILE_TRANSPORT_EXTREME,PEIERLS,1100.0,14802458.612422379,0.10259304375577612,338811400015.8426,0.0,64010631.83750218,9.8949472496915
oneD_v2_dbtt_TP_bd5be1610f6e1bce,MOBILE_TRANSPORT_EXTREME,PEIERLS,1100.0,15202525.061406767,0.10259304375577612,338811400015.8426,0.0,64010631.83750218,9.8949472496915
oneD_v2_dbtt_TP_bd5be1610f6e1bce,MOBILE_TRANSPORT_EXTREME,PEIERLS,1100.0,15602591.510391155,0.10259304375577612,338811400015.8426,0.0,64010631.83750218,9.8949472496915
oneD_v2_dbtt_TP_bd5be1610f6e1bce,MOBILE_TRANSPORT_EXTREME,PEIERLS,1100.0,16002657.959375545,0.10259304375577612,338811400015.8426,0.0,64010631.83750218,9.8949472496915
oneD_v2_dbtt_TP_bd5be1610f6e1bce,MOBILE_TRANSPORT_EXTREME,PEIERLS,1100.0,16402724.408359934,0.10259304375577612,338811400015.8426,0.0,64010631.83750218,9.8949472496915
oneD_v2_dbtt_TP_bd5be1610f6e1bce,MOBILE_TRANSPORT_EXTREME,PEIERLS,1100.0,16802790.857344322,0.10259304375577612,338811400015.8426,0.0,64010631.83750218,9.8949472496915
oneD_v2_dbtt_TP_bd5be1610f6e1bce,MOBILE_TRANSPORT_EXTREME,PEIERLS,1100.0,17202857.30632871,0.10259304375577612,338811400015.8426,0.0,64010631.83750218,9.8949472496915
oneD_v2_dbtt_TP_bd5be1610f6e1bce,MOBILE_TRANSPORT_EXTREME,PEIERLS,1100.0,17602923.7553131,0.10259304375577612,338811400015.8426,0.0,64010631.83750218,9.8949472496915
oneD_v2_dbtt_TP_bd5be1610f6e1bce,MOBILE_TRANSPORT_EXTREME,PEIERLS,1100.0,18002990.204297487,0.10259304375577612,338811400015.8426,0.0,64010631.83750218,9.8949472496915
oneD_v2_dbtt_TP_bd5be1610f6e1bce,MOBILE_TRANSPORT_EXTREME,PEIERLS,1100.0,18403056.653281875,0.10259304375577612,338811400015.8426,0.0,64010631.83750218,9.8949472496915
oneD_v2_dbtt_TP_bd5be1610f6e1bce,MOBILE_TRANSPORT_EXTREME,PEIERLS,1100.0,18803123.102266263,0.10259304375577612,338811400015.8426,0.0,64010631.83750218,9.8949472496915
oneD_v2_dbtt_TP_bd5be1610f6e1bce,MOBILE_TRANSPORT_EXTREME,PEIERLS,1100.0,19203189.55125065,0.10259304375577612,338811400015.8426,0.0,64010631.83750218,9.8949472496915
oneD_v2_dbtt_TP_bd5be1610f6e1bce,MOBILE_TRANSPORT_EXTREME,PEIERLS,1100.0,19603256.000235043,0.10259304375577612,338811400015.8426,0.0,64010631.83750218,9.8949472496915
oneD_v2_dbtt_TP_bd5be1610f6e1bce,MOBILE_TRANSPORT_EXTREME,PEIERLS,1100.0,20003322.44921943,0.10259304375577612,338811400015.8426,0.0,64010631.83750218,9.8949472496915
oneD_v2_dbtt_TP_bd5be1610f6e1bce,MOBILE_TRANSPORT_EXTREME,PEIERLS,1100.0,20403388.89820382,0.10259304375577612,338811400015.8426,0.0,64010631.83750218,9.8949472496915
oneD_v2_dbtt_TP_bd5be1610f6e1bce,MOBILE_TRANSPORT_EXTREME,PEIERLS,1100.0,20803455.34718821,0.10259304375577612,338811400015.8426,0.0,64010631.83750218,9.8949472496915
oneD_v2_dbtt_TP_bd5be1610f6e1bce,MOBILE_TRANSPORT_EXTREME,PEIERLS,1100.0,21203521.796172597,0.10259304375577612,338811400015.8426,0.0,64010631.83750218,9.8949472496915
oneD_v2_dbtt_TP_bd5be1610f6e1bce,MOBILE_TRANSPORT_EXTREME,PEIERLS,1100.0,21603588.245156985,0.10259304375577612,338811400015.8426,0.0,64010631.83750218,9.8949472496915
oneD_v2_dbtt_TP_bd5be1610f6e1bce,MOBILE_TRANSPORT_EXTREME,PEIERLS,1100.0,22003654.694141373,0.10259304375577612,338811400015.8426,0.0,64010631.83750218,9.8949472496915
oneD_v2_dbtt_TP_bd5be1610f6e1bce,MOBILE_TRANSPORT_EXTREME,PEIERLS,1100.0,22403721.14312576,0.10259304375577612,338811400015.8426,0.0,64010631.83750218,9.8949472496915
oneD_v2_dbtt_TP_bd5be1610f6e1bce,MOBILE_TRANSPORT_EXTREME,PEIERLS,1100.0,22803787.59211015,0.10259304375577612,338811400015.8426,0.0,64010631.83750218,9.8949472496915
oneD_v2_dbtt_TP_bd5be1610f6e1bce,MOBILE_TRANSPORT_EXTREME,PEIERLS,1100.0,23203854.041094538,0.10259304375577612,338811400015.8426,0.0,64010631.83750218,9.8949472496915
oneD_v2_dbtt_TP_bd5be1610f6e1bce,MOBILE_TRANSPORT_EXTREME,PEIERLS,1100.0,23603920.49007893,0.10259304375577612,338811400015.8426,0.0,64010631.83750218,9.8949472496915
oneD_v2_dbtt_TP_bd5be1610f6e1bce,MOBILE_TRANSPORT_EXTREME,PEIERLS,1100.0,24003986.939063318,0.10259304375577612,338811400015.8426,0.0,64010631.83750218,9.8949472496915
oneD_v2_dbtt_TP_bd5be1610f6e1bce,MOBILE_TRANSPORT_EXTREME,PEIERLS,1100.0,24404053.388047706,0.10259304375577612,338811400015.8426,0.0,64010631.83750218,9.8949472496915
oneD_v2_dbtt_TP_bd5be1610f6e1bce,MOBILE_TRANSPORT_EXTREME,PEIERLS,1100.0,24804119.837032095,0.10259304375577612,338811400015.8426,0.0,64010631.83750218,9.8949472496915
oneD_v2_dbtt_TP_bd5be1610f6e1bce,MOBILE_TRANSPORT_EXTREME,PEIERLS,1100.0,25204186.286016483,0.10259304375577612,338811400015.8426,0.0,64010631.83750218,9.8949472496915
oneD_v2_dbtt_TP_bd5be1610f6e1bce,MOBILE_TRANSPORT_EXTREME,PEIERLS,1100.0,25604252.73500087,0.10259304375577612,338811400015.8426,0.0,64010631.83750218,9.8949472496915
oneD_v2_dbtt_TP_bd5be1610f6e1bce,MOBILE_TRANSPORT_EXTREME,PEIERLS,1100.0,26004319.18398526,0.10259304375577612,338811400015.8426,0.0,64010631.83750218,9.8949472496915
oneD_v2_dbtt_TP_bd5be1610f6e1bce,MOBILE_TRANSPORT_EXTREME,PEIERLS,1100.0,26404385.632969648,0.10259304375577612,338811400015.8426,0.0,64010631.83750218,9.8949472496915
oneD_v2_dbtt_TP_bd5be1610f6e1bce,MOBILE_TRANSPORT_EXTREME,PEIERLS,1100.0,26804452.081954036,0.10259304375577612,338811400015.8426,0.0,64010631.83750218,9.8949472496915
oneD_v2_dbtt_TP_bd5be1610f6e1bce,MOBILE_TRANSPORT_EXTREME,PEIERLS,1100.0,27204518.530938424,0.10259304375577612,338811400015.8426,0.0,64010631.83750218,9.8949472496915
oneD_v2_dbtt_TP_bd5be1610f6e1bce,MOBILE_TRANSPORT_EXTREME,PEIERLS,1100.0,27604584.979922812,0.10259304375577612,338811400015.8426,0.0,64010631.83750218,9.8949472496915
oneD_v2_dbtt_TP_bd5be1610f6e1bce,MOBILE_TRANSPORT_EXTREME,PEIERLS,1100.0,28004651.428907204,0.10259304375577612,338811400015.8426,0.0,64010631.83750218,9.8949472496915
oneD_v2_dbtt_TP_bd5be1610f6e1bce,MOBILE_TRANSPORT_EXTREME,PEIERLS,1100.0,28404717.877891593,0.10259304375577612,338811400015.8426,0.0,64010631.83750218,9.8949472496915
oneD_v2_dbtt_TP_bd5be1610f6e1bce,MOBILE_TRANSPORT_EXTREME,PEIERLS,1100.0,28804784.32687598,0.10259304375577612,338811400015.8426,0.0,64010631.83750218,9.8949472496915
oneD_v2_dbtt_TP_bd5be1610f6e1bce,MOBILE_TRANSPORT_EXTREME,PEIERLS,1100.0,29204850.77586037,0.10259304375577612,338811400015.8426,0.0,64010631.83750218,9.8949472496915
oneD_v2_dbtt_TP_bd5be1610f6e1bce,MOBILE_TRANSPORT_EXTREME,PEIERLS,1100.0,29604917.224844757,0.10259304375577612,338811400015.8426,0.0,64010631.83750218,9.8949472496915
oneD_v2_dbtt_TP_bd5be1610f6e1bce,MOBILE_TRANSPORT_EXTREME,PEIERLS,1100.0,30004983.673829146,0.10259304375577612,338811400015.8426,0.0,64010631.83750218,9.8949472496915
oneD_v2_dbtt_TP_bd5be1610f6e1bce,MOBILE_TRANSPORT_EXTREME,PEIERLS,1100.0,30405050.122813534,0.10259304375577612,338811400015.8426,0.0,64010631.83750218,9.8949472496915
oneD_v2_dbtt_TP_bd5be1610f6e1bce,MOBILE_TRANSPORT_EXTREME,PEIERLS,1100.0,30805116.571797922,0.10259304375577612,338811400015.8426,0.0,64010631.83750218,9.8949472496915
oneD_v2_dbtt_TP_bd5be1610f6e1bce,MOBILE_TRANSPORT_EXTREME,PEIERLS,1100.0,31205183.02078231,0.10259304375577612,338811400015.8426,0.0,64010631.83750218,9.8949472496915
oneD_v2_dbtt_TP_bd5be1610f6e1bce,MOBILE_TRANSPORT_EXTREME,PEIERLS,1100.0,31605249.4697667,0.10259304375577612,338811400015.8426,0.0,64010631.83750218,9.8949472496915
oneD_v2_dbtt_TP_bd5be1610f6e1bce,MOBILE_TRANSPORT_EXTREME,PEIERLS,1100.0,32005315.91875109,0.10259304375577612,338811400015.8426,0.0,64010631.83750218,9.8949472496915
oneD_v2_dbtt_TP_bd5be1610f6e1bce,MOBILE_TRANSPORT_EXTREME,PEIERLS,1100.0,32405382.36773548,0.10259304375577612,338811400015.8426,0.0,64010631.83750218,9.8949472496915
oneD_v2_dbtt_TP_bd5be1610f6e1bce,MOBILE_TRANSPORT_EXTREME,PEIERLS,1100.0,32805448.816719867,0.10259304375577612,338811400015.8426,0.0,64010631.83750218,9.8949472496915
oneD_v2_dbtt_TP_bd5be1610f6e1bce,MOBILE_TRANSPORT_EXTREME,PEIERLS,1100.0,33205515.265704256,0.10259304375577612,338811400015.8426,0.0,64010631.83750218,9.8949472496915
oneD_v2_dbtt_TP_bd5be1610f6e1bce,MOBILE_TRANSPORT_EXTREME,PEIERLS,1100.0,33605581.714688644,0.10259304375577612,338811400015.8426,0.0,64010631.83750218,9.8949472496915
oneD_v2_dbtt_TP_bd5be1610f6e1bce,MOBILE_TRANSPORT_EXTREME,PEIERLS,1100.0,34005648.16367303,0.10259304375577612,338811400015.8426,0.0,64010631.83750218,9.8949472496915
oneD_v2_dbtt_TP_bd5be1610f6e1bce,MOBILE_TRANSPORT_EXTREME,PEIERLS,1100.0,34405714.61265742,0.10259304375577612,338811400015.8426,0.0,64010631.83750218,9.8949472496915
oneD_v2_dbtt_TP_bd5be1610f6e1bce,MOBILE_TRANSPORT_EXTREME,PEIERLS,1100.0,34805781.06164181,0.10259304375577612,338811400015.8426,0.0,64010631.83750218,9.8949472496915
oneD_v2_dbtt_TP_bd5be1610f6e1bce,MOBILE_TRANSPORT_EXTREME,PEIERLS,1100.0,35205847.5106262,0.10259304375577612,338811400015.8426,0.0,64010631.83750218,9.8949472496915
oneD_v2_dbtt_TP_bd5be1610f6e1bce,MOBILE_TRANSPORT_EXTREME,PEIERLS,1100.0,35605913.95961059,0.10259304375577612,338811400015.8426,0.0,64010631.83750218,9.8949472496915
oneD_v2_dbtt_TP_bd5be1610f6e1bce,MOBILE_TRANSPORT_EXTREME,PEIERLS,1100.0,36005980.40859497,0.10259304375577612,338811400015.8426,0.0,64010631.83750218,9.8949472496915
oneD_v2_dbtt_TP_bd5be1610f6e1bce,MOBILE_TRANSPORT_EXTREME,PEIERLS,1100.0,36406046.857579365,0.10259304375577612,338811400015.8426,0.0,64010631.83750218,9.8949472496915
oneD_v2_dbtt_TP_bd5be1610f6e1bce,MOBILE_TRANSPORT_EXTREME,PEIERLS,1100.0,36806113.30656375,0.10259304375577612,338811400015.8426,0.0,64010631.83750218,9.8949472496915
oneD_v2_dbtt_TP_bd5be1610f6e1bce,MOBILE_TRANSPORT_EXTREME,PEIERLS,1100.0,37206179.75554814,0.10259304375577612,338811400015.8426,0.0,64010631.83750218,9.8949472496915
oneD_v2_dbtt_TP_bd5be1610f6e1bce,MOBILE_TRANSPORT_EXTREME,PEIERLS,1100.0,37606246.20453253,0.10259304375577612,338811400015.8426,0.0,64010631.83750218,9.8949472496915
oneD_v2_dbtt_TP_bd5be1610f6e1bce,MOBILE_TRANSPORT_EXTREME,PEIERLS,1100.0,38006312.65351692,0.10259304375577612,338811400015.8426,0.0,64010631.83750218,9.8949472496915
oneD_v2_dbtt_TP_bd5be1610f6e1bce,MOBILE_TRANSPORT_EXTREME,PEIERLS,1100.0,38406379.1025013,0.10259304375577612,338811400015.8426,0.0,64010631.83750218,9.8949472496915
oneD_v2_dbtt_TP_bd5be1610f6e1bce,MOBILE_TRANSPORT_EXTREME,PEIERLS,1100.0,38806445.551485695,0.10259304375577612,338811400015.8426,0.0,64010631.83750218,9.8949472496915
oneD_v2_dbtt_TP_bd5be1610f6e1bce,MOBILE_TRANSPORT_EXTREME,PEIERLS,1100.0,39206512.00047009,0.10259304375577612,338811400015.8426,0.0,64010631.83750218,9.8949472496915
oneD_v2_dbtt_TP_bd5be1610f6e1bce,MOBILE_TRANSPORT_EXTREME,PEIERLS,1100.0,39606578.44945447,0.10259304375577612,338811400015.8426,0.0,64010631.83750218,9.8949472496915
oneD_v2_dbtt_TP_bd5be1610f6e1bce,MOBILE_TRANSPORT_EXTREME,PEIERLS,1100.0,40006644.89843886,0.10259304375577612,338811400015.8426,0.0,64010631.83750218,9.8949472496915
oneD_v2_dbtt_TP_bd5be1610f6e1bce,MOBILE_TRANSPORT_EXTREME,PEIERLS,1100.0,40406711.34742325,0.10259304375577612,338811400015.8426,0.0,64010631.83750218,9.8949472496915
oneD_v2_dbtt_TP_bd5be1610f6e1bce,MOBILE_TRANSPORT_EXTREME,PEIERLS,1100.0,40806777.79640764,0.10259304375577612,338811400015.8426,0.0,64010631.83750218,9.8949472496915
oneD_v2_dbtt_TP_bd5be1610f6e1bce,MOBILE_TRANSPORT_EXTREME,PEIERLS,1100.0,41206844.245392025,0.10259304375577612,338811400015.8426,0.0,64010631.83750218,9.8949472496915
oneD_v2_dbtt_TP_bd5be1610f6e1bce,MOBILE_TRANSPORT_EXTREME,PEIERLS,1100.0,41606910.69437642,0.10259304375577612,338811400015.8426,0.0,64010631.83750218,9.8949472496915
oneD_v2_dbtt_TP_bd5be1610f6e1bce,MOBILE_TRANSPORT_EXTREME,PEIERLS,1100.0,42006977.1433608,0.10259304375577612,338811400015.8426,0.0,64010631.83750218,9.8949472496915
oneD_v2_dbtt_TP_bd5be1610f6e1bce,MOBILE_TRANSPORT_EXTREME,PEIERLS,1100.0,42407043.59234519,0.10259304375577612,338811400015.8426,0.0,64010631.83750218,9.8949472496915
oneD_v2_dbtt_TP_bd5be1610f6e1bce,MOBILE_TRANSPORT_EXTREME,PEIERLS,1100.0,42807110.041329585,0.10259304375577612,338811400015.8426,0.0,64010631.83750218,9.8949472496915
oneD_v2_dbtt_TP_bd5be1610f6e1bce,MOBILE_TRANSPORT_EXTREME,PEIERLS,1100.0,43207176.49031397,0.10259304375577612,338811400015.8426,0.0,64010631.83750218,9.8949472496915
oneD_v2_dbtt_TP_bd5be1610f6e1bce,MOBILE_TRANSPORT_EXTREME,PEIERLS,1100.0,43607242.93929836,0.10259304375577612,338811400015.8426,0.0,64010631.83750218,9.8949472496915
oneD_v2_dbtt_TP_bd5be1610f6e1bce,MOBILE_TRANSPORT_EXTREME,PEIERLS,1100.0,44007309.388282746,0.10259304375577612,338811400015.8426,0.0,64010631.83750218,9.8949472496915
oneD_v2_dbtt_TP_bd5be1610f6e1bce,MOBILE_TRANSPORT_EXTREME,PEIERLS,1100.0,44407375.83726714,0.10259304375577612,338811400015.8426,0.0,64010631.83750218,9.8949472496915
oneD_v2_dbtt_TP_bd5be1610f6e1bce,MOBILE_TRANSPORT_EXTREME,PEIERLS,1100.0,44807442.28625152,0.10259304375577612,338811400015.8426,0.0,64010631.83750218,9.8949472496915
oneD_v2_dbtt_TP_bd5be1610f6e1bce,MOBILE_TRANSPORT_EXTREME,PEIERLS,1100.0,45207508.735235915,0.10259304375577612,338811400015.8426,0.0,64010631.83750218,9.8949472496915
oneD_v2_dbtt_TP_bd5be1610f6e1bce,MOBILE_TRANSPORT_EXTREME,PEIERLS,1100.0,45607575.1842203,0.10259304375577612,338811400015.8426,0.0,64010631.83750218,9.8949472496915
oneD_v2_dbtt_TP_bd5be1610f6e1bce,MOBILE_TRANSPORT_EXTREME,PEIERLS,1100.0,46007641.63320469,0.10259304375577612,338811400015.8426,0.0,64010631.83750218,9.8949472496915
oneD_v2_dbtt_TP_bd5be1610f6e1bce,MOBILE_TRANSPORT_EXTREME,PEIERLS,1100.0,46407708.082189076,0.10259304375577612,338811400015.8426,0.0,64010631.83750218,9.8949472496915
oneD_v2_dbtt_TP_bd5be1610f6e1bce,MOBILE_TRANSPORT_EXTREME,PEIERLS,1100.0,46807774.53117347,0.10259304375577612,338811400015.8426,0.0,64010631.83750218,9.8949472496915
oneD_v2_dbtt_TP_bd5be1610f6e1bce,MOBILE_TRANSPORT_EXTREME,PEIERLS,1100.0,47207840.98015786,0.10259304375577612,338811400015.8426,0.0,64010631.83750218,9.8949472496915
oneD_v2_dbtt_TP_bd5be1610f6e1bce,MOBILE_TRANSPORT_EXTREME,PEIERLS,1100.0,47607907.429142244,0.10259304375577612,338811400015.8426,0.0,64010631.83750218,9.8949472496915
oneD_v2_dbtt_TP_bd5be1610f6e1bce,MOBILE_TRANSPORT_EXTREME,PEIERLS,1100.0,48007973.878126636,0.10259304375577612,338811400015.8426,0.0,64010631.83750218,9.8949472496915
oneD_v2_dbtt_TP_bd5be1610f6e1bce,MOBILE_TRANSPORT_EXTREME,PEIERLS,1100.0,48408040.32711102,0.10259304375577612,338811400015.8426,0.0,64010631.83750218,9.8949472496915
oneD_v2_dbtt_TP_bd5be1610f6e1bce,MOBILE_TRANSPORT_EXTREME,PEIERLS,1100.0,48808106.77609541,0.10259304375577612,338811400015.8426,0.0,64010631.83750218,9.8949472496915
oneD_v2_dbtt_TP_bd5be1610f6e1bce,MOBILE_TRANSPORT_EXTREME,PEIERLS,1100.0,49208173.2250798,0.10259304375577612,338811400015.8426,0.0,64010631.83750218,9.8949472496915
oneD_v2_dbtt_TP_bd5be1610f6e1bce,MOBILE_TRANSPORT_EXTREME,PEIERLS,1100.0,49608239.67406419,0.10259304375577612,338811400015.8426,0.0,64010631.83750218,9.8949472496915
oneD_v2_dbtt_TP_bd5be1610f6e1bce,MOBILE_TRANSPORT_EXTREME,PEIERLS,1100.0,50008306.123048574,0.10259304375577612,338811400015.8426,0.0,64010631.83750218,9.8949472496915
oneD_v2_dbtt_TP_bd5be1610f6e1bce,MOBILE_TRANSPORT_EXTREME,PEIERLS,1100.0,50408372.572032966,0.10259304375577612,338811400015.8426,0.0,64010631.83750218,9.8949472496915
oneD_v2_dbtt_TP_bd5be1610f6e1bce,MOBILE_TRANSPORT_EXTREME,PEIERLS,1100.0,50808439.02101735,0.10259304375577612,338811400015.8426,0.0,64010631.83750218,9.8949472496915
oneD_v2_dbtt_TP_bd5be1610f6e1bce,MOBILE_TRANSPORT_EXTREME,PEIERLS,1100.0,51208505.47000174,0.10259304375577612,338811400015.8426,0.0,64010631.83750218,9.8949472496915
oneD_v2_dbtt_TP_bd5be1610f6e1bce,MOBILE_TRANSPORT_EXTREME,PEIERLS,1100.0,51608571.918986134,0.10259304375577612,338811400015.8426,0.0,64010631.83750218,9.8949472496915
oneD_v2_dbtt_TP_bd5be1610f6e1bce,MOBILE_TRANSPORT_EXTREME,PEIERLS,1100.0,52008638.36797052,0.10259304375577612,338811400015.8426,0.0,64010631.83750218,9.8949472496915
oneD_v2_dbtt_TP_bd5be1610f6e1bce,MOBILE_TRANSPORT_EXTREME,PEIERLS,1100.0,52408704.81695491,0.10259304375577612,338811400015.8426,0.0,64010631.83750218,9.8949472496915
oneD_v2_dbtt_TP_bd5be1610f6e1bce,MOBILE_TRANSPORT_EXTREME,PEIERLS,1100.0,52808771.265939295,0.10259304375577612,338811400015.8426,0.0,64010631.83750218,9.8949472496915
oneD_v2_dbtt_TP_bd5be1610f6e1bce,MOBILE_TRANSPORT_EXTREME,PEIERLS,1100.0,53208837.71492369,0.10259304375577612,338811400015.8426,0.0,64010631.83750218,9.8949472496915
oneD_v2_dbtt_TP_bd5be1610f6e1bce,MOBILE_TRANSPORT_EXTREME,PEIERLS,1100.0,53608904.16390807,0.10259304375577612,338811400015.8426,0.0,64010631.83750218,9.8949472496915
oneD_v2_dbtt_TP_bd5be1610f6e1bce,MOBILE_TRANSPORT_EXTREME,PEIERLS,1100.0,54008970.612892464,0.10259304375577612,338811400015.8426,0.0,64010631.83750218,9.8949472496915
oneD_v2_dbtt_TP_bd5be1610f6e1bce,MOBILE_TRANSPORT_EXTREME,PEIERLS,1100.0,54409037.06187685,0.10259304375577612,338811400015.8426,0.0,64010631.83750218,9.8949472496915
oneD_v2_dbtt_TP_bd5be1610f6e1bce,MOBILE_TRANSPORT_EXTREME,PEIERLS,1100.0,54809103.51086124,0.10259304375577612,338811400015.8426,0.0,64010631.83750218,9.8949472496915
oneD_v2_dbtt_TP_bd5be1610f6e1bce,MOBILE_TRANSPORT_EXTREME,PEIERLS,1100.0,55209169.959845625,0.10259304375577612,338811400015.8426,0.0,64010631.83750218,9.8949472496915
oneD_v2_dbtt_TP_bd5be1610f6e1bce,MOBILE_TRANSPORT_EXTREME,PEIERLS,1100.0,55609236.40883002,0.10259304375577612,338811400015.8426,0.0,64010631.83750218,9.8949472496915
oneD_v2_dbtt_TP_bd5be1610f6e1bce,MOBILE_TRANSPORT_EXTREME,PEIERLS,1100.0,56009302.85781441,0.10259304375577612,338811400015.8426,0.0,64010631.83750218,9.8949472496915
oneD_v2_dbtt_TP_bd5be1610f6e1bce,MOBILE_TRANSPORT_EXTREME,PEIERLS,1100.0,56409369.30679879,0.10259304375577612,338811400015.8426,0.0,64010631.83750218,9.8949472496915
oneD_v2_dbtt_TP_bd5be1610f6e1bce,MOBILE_TRANSPORT_EXTREME,PEIERLS,1100.0,56809435.755783185,0.10259304375577612,338811400015.8426,0.0,64010631.83750218,9.8949472496915
oneD_v2_dbtt_TP_bd5be1610f6e1bce,MOBILE_TRANSPORT_EXTREME,PEIERLS,1100.0,57209502.20476757,0.10259304375577612,338811400015.8426,0.0,64010631.83750218,9.8949472496915
oneD_v2_dbtt_TP_bd5be1610f6e1bce,MOBILE_TRANSPORT_EXTREME,PEIERLS,1100.0,57609568.65375196,0.10259304375577612,338811400015.8426,0.0,64010631.83750218,9.8949472496915
oneD_v2_dbtt_TP_bd5be1610f6e1bce,MOBILE_TRANSPORT_EXTREME,PEIERLS,1100.0,58009635.10273635,0.10259304375577612,338811400015.8426,0.0,64010631.83750218,9.8949472496915
oneD_v2_dbtt_TP_bd5be1610f6e1bce,MOBILE_TRANSPORT_EXTREME,PEIERLS,1100.0,58409701.55172074,0.10259304375577612,338811400015.8426,0.0,64010631.83750218,9.8949472496915
oneD_v2_dbtt_TP_bd5be1610f6e1bce,MOBILE_TRANSPORT_EXTREME,PEIERLS,1100.0,58809768.00070512,0.10259304375577612,338811400015.8426,0.0,64010631.83750218,9.8949472496915
oneD_v2_dbtt_TP_bd5be1610f6e1bce,MOBILE_TRANSPORT_EXTREME,PEIERLS,1100.0,59209834.449689515,0.10259304375577612,338811400015.8426,0.0,64010631.83750218,9.8949472496915
oneD_v2_dbtt_TP_bd5be1610f6e1bce,MOBILE_TRANSPORT_EXTREME,PEIERLS,1100.0,59609900.8986739,0.10259304375577612,338811400015.8426,0.0,64010631.83750218,9.8949472496915
oneD_v2_dbtt_TP_bd5be1610f6e1bce,MOBILE_TRANSPORT_EXTREME,PEIERLS,1100.0,60009967.34765829,0.10259304375577612,338811400015.8426,0.0,64010631.83750218,9.8949472496915
oneD_v2_dbtt_TP_bd5be1610f6e1bce,MOBILE_TRANSPORT_EXTREME,PEIERLS,1100.0,60410033.79664268,0.10259304375577612,338811400015.8426,0.0,64010631.83750218,9.8949472496915
oneD_v2_dbtt_TP_bd5be1610f6e1bce,MOBILE_TRANSPORT_EXTREME,PEIERLS,1100.0,60810100.24562707,0.10259304375577612,338811400015.8426,0.0,64010631.83750218,9.8949472496915
oneD_v2_dbtt_TP_bd5be1610f6e1bce,MOBILE_TRANSPORT_EXTREME,PEIERLS,1100.0,61210166.69461146,0.10259304375577612,338811400015.8426,0.0,64010631.83750218,9.8949472496915
oneD_v2_dbtt_TP_bd5be1610f6e1bce,MOBILE_TRANSPORT_EXTREME,PEIERLS,1100.0,61610233.143595845,0.10259304375577612,338811400015.8426,0.0,64010631.83750218,9.8949472496915
oneD_v2_dbtt_TP_bd5be1610f6e1bce,MOBILE_TRANSPORT_EXTREME,PEIERLS,1100.0,62010299.59258024,0.10259304375577612,338811400015.8426,0.0,64010631.83750218,9.8949472496915
oneD_v2_dbtt_TP_bd5be1610f6e1bce,MOBILE_TRANSPORT_EXTREME,PEIERLS,1100.0,62410366.04156462,0.10259304375577612,338811400015.8426,0.0,64010631.83750218,9.8949472496915
oneD_v2_dbtt_TP_bd5be1610f6e1bce,MOBILE_TRANSPORT_EXTREME,PEIERLS,1100.0,62810432.49054901,0.10259304375577612,338811400015.8426,0.0,64010631.83750218,9.8949472496915
oneD_v2_dbtt_TP_bd5be1610f6e1bce,MOBILE_TRANSPORT_EXTREME,PEIERLS,1100.0,63210498.9395334,0.10259304375577612,338811400015.8426,0.0,64010631.83750218,9.8949472496915
oneD_v2_dbtt_TP_bd5be1610f6e1bce,MOBILE_TRANSPORT_EXTREME,PEIERLS,1100.0,63610565.38851779,0.10259304375577612,338811400015.8426,0.0,64010631.83750218,9.8949472496915
oneD_v2_dbtt_TP_bd5be1610f6e1bce,MOBILE_TRANSPORT_EXTREME,PEIERLS,1100.0,64010631.83750218,0.10259304375577612,338811400015.8426,0.0,64010631.83750218,9.8949472496915
oneD_v2_dbtt_TP_bd5be1610f6e1bce,MOBILE_TRANSPORT_EXTREME,TAYLOR_COMPLETION_SINGLE_HIT,1100.0,0.0,1e-12,99999999998.94504,0.0,27280404523.884594,1e-12
oneD_v2_dbtt_TP_bd5be1610f6e1bce,MOBILE_TRANSPORT_EXTREME,TAYLOR_COMPLETION_SINGLE_HIT,1100.0,170502528.2742787,9.5e-13,99999999998.99779,0.0,27280404523.884594,1e-12
oneD_v2_dbtt_TP_bd5be1610f6e1bce,MOBILE_TRANSPORT_EXTREME,TAYLOR_COMPLETION_SINGLE_HIT,1100.0,341005056.5485574,9.5e-13,99999999998.99779,0.0,27280404523.884594,1e-12
oneD_v2_dbtt_TP_bd5be1610f6e1bce,MOBILE_TRANSPORT_EXTREME,TAYLOR_COMPLETION_SINGLE_HIT,1100.0,511507584.8228361,9.5e-13,99999999998.99779,0.0,27280404523.884594,1e-12
oneD_v2_dbtt_TP_bd5be1610f6e1bce,MOBILE_TRANSPORT_EXTREME,TAYLOR_COMPLETION_SINGLE_HIT,1100.0,682010113.0971148,9.5e-13,99999999998.99779,0.0,27280404523.884594,1e-12
oneD_v2_dbtt_TP_bd5be1610f6e1bce,MOBILE_TRANSPORT_EXTREME,TAYLOR_COMPLETION_SINGLE_HIT,1100.0,852512641.3713934,9.5e-13,99999999998.99779,0.0,27280404523.884594,1e-12
oneD_v2_dbtt_TP_bd5be1610f6e1bce,MOBILE_TRANSPORT_EXTREME,TAYLOR_COMPLETION_SINGLE_HIT,1100.0,1023015169.6456722,9.5e-13,99999999998.99779,0.0,27280404523.884594,1e-12
oneD_v2_dbtt_TP_bd5be1610f6e1bce,MOBILE_TRANSPORT_EXTREME,TAYLOR_COMPLETION_SINGLE_HIT,1100.0,1193517697.919951,9.5e-13,99999999998.99779,0.0,27280404523.884594,1e-12
oneD_v2_dbtt_TP_bd5be1610f6e1bce,MOBILE_TRANSPORT_EXTREME,TAYLOR_COMPLETION_SINGLE_HIT,1100.0,1364020226.1942296,9.5e-13,99999999998.99779,0.0,27280404523.884594,1e-12
oneD_v2_dbtt_TP_bd5be1610f6e1bce,MOBILE_TRANSPORT_EXTREME,TAYLOR_COMPLETION_SINGLE_HIT,1100.0,1534522754.4685082,9.5e-13,99999999998.99779,0.0,27280404523.884594,1e-12
oneD_v2_dbtt_TP_bd5be1610f6e1bce,MOBILE_TRANSPORT_EXTREME,TAYLOR_COMPLETION_SINGLE_HIT,1100.0,1705025282.742787,9.5e-13,99999999998.99779,0.0,27280404523.884594,1e-12
oneD_v2_dbtt_TP_bd5be1610f6e1bce,MOBILE_TRANSPORT_EXTREME,TAYLOR_COMPLETION_SINGLE_HIT,1100.0,1875527811.0170658,9.5e-13,99999999998.99779,0.0,27280404523.884594,1e-12
oneD_v2_dbtt_TP_bd5be1610f6e1bce,MOBILE_TRANSPORT_EXTREME,TAYLOR_COMPLETION_SINGLE_HIT,1100.0,2046030339.2913444,9.5e-13,99999999998.99779,0.0,27280404523.884594,1e-12
oneD_v2_dbtt_TP_bd5be1610f6e1bce,MOBILE_TRANSPORT_EXTREME,TAYLOR_COMPLETION_SINGLE_HIT,1100.0,2216532867.5656233,9.5e-13,99999999998.99779,0.0,27280404523.884594,1e-12
oneD_v2_dbtt_TP_bd5be1610f6e1bce,MOBILE_TRANSPORT_EXTREME,TAYLOR_COMPLETION_SINGLE_HIT,1100.0,2387035395.839902,9.5e-13,99999999998.99779,0.0,27280404523.884594,1e-12
oneD_v2_dbtt_TP_bd5be1610f6e1bce,MOBILE_TRANSPORT_EXTREME,TAYLOR_COMPLETION_SINGLE_HIT,1100.0,2557537924.1141806,9.5e-13,99999999998.99779,0.0,27280404523.884594,1e-12
oneD_v2_dbtt_TP_bd5be1610f6e1bce,MOBILE_TRANSPORT_EXTREME,TAYLOR_COMPLETION_SINGLE_HIT,1100.0,2728040452.388459,9.5e-13,99999999998.99779,0.0,27280404523.884594,1e-12
oneD_v2_dbtt_TP_bd5be1610f6e1bce,MOBILE_TRANSPORT_EXTREME,TAYLOR_COMPLETION_SINGLE_HIT,1100.0,2898542980.662738,9.5e-13,99999999998.99779,0.0,27280404523.884594,1e-12
oneD_v2_dbtt_TP_bd5be1610f6e1bce,MOBILE_TRANSPORT_EXTREME,TAYLOR_COMPLETION_SINGLE_HIT,1100.0,3069045508.9370165,9.5e-13,99999999998.99779,0.0,27280404523.884594,1e-12
oneD_v2_dbtt_TP_bd5be1610f6e1bce,MOBILE_TRANSPORT_EXTREME,TAYLOR_COMPLETION_SINGLE_HIT,1100.0,3239548037.211295,9.5e-13,99999999998.99779,0.0,27280404523.884594,1e-12
oneD_v2_dbtt_TP_bd5be1610f6e1bce,MOBILE_TRANSPORT_EXTREME,TAYLOR_COMPLETION_SINGLE_HIT,1100.0,3410050565.485574,9.5e-13,99999999998.99779,0.0,27280404523.884594,1e-12
oneD_v2_dbtt_TP_bd5be1610f6e1bce,MOBILE_TRANSPORT_EXTREME,TAYLOR_COMPLETION_SINGLE_HIT,1100.0,3580553093.759853,9.5e-13,99999999998.99779,0.0,27280404523.884594,1e-12
oneD_v2_dbtt_TP_bd5be1610f6e1bce,MOBILE_TRANSPORT_EXTREME,TAYLOR_COMPLETION_SINGLE_HIT,1100.0,3751055622.0341315,9.5e-13,99999999998.99779,0.0,27280404523.884594,1e-12
oneD_v2_dbtt_TP_bd5be1610f6e1bce,MOBILE_TRANSPORT_EXTREME,TAYLOR_COMPLETION_SINGLE_HIT,1100.0,3921558150.30841,9.5e-13,99999999998.99779,0.0,27280404523.884594,1e-12
oneD_v2_dbtt_TP_bd5be1610f6e1bce,MOBILE_TRANSPORT_EXTREME,TAYLOR_COMPLETION_SINGLE_HIT,1100.0,4092060678.582689,9.5e-13,99999999998.99779,0.0,27280404523.884594,1e-12
oneD_v2_dbtt_TP_bd5be1610f6e1bce,MOBILE_TRANSPORT_EXTREME,TAYLOR_COMPLETION_SINGLE_HIT,1100.0,4262563206.8569674,9.5e-13,99999999998.99779,0.0,27280404523.884594,1e-12
oneD_v2_dbtt_TP_bd5be1610f6e1bce,MOBILE_TRANSPORT_EXTREME,TAYLOR_COMPLETION_SINGLE_HIT,1100.0,4433065735.131247,9.5e-13,99999999998.99779,0.0,27280404523.884594,1e-12
oneD_v2_dbtt_TP_bd5be1610f6e1bce,MOBILE_TRANSPORT_EXTREME,TAYLOR_COMPLETION_SINGLE_HIT,1100.0,4603568263.405525,9.5e-13,99999999998.99779,0.0,27280404523.884594,1e-12
oneD_v2_dbtt_TP_bd5be1610f6e1bce,MOBILE_TRANSPORT_EXTREME,TAYLOR_COMPLETION_SINGLE_HIT,1100.0,4774070791.679804,9.5e-13,99999999998.99779,0.0,27280404523.884594,1e-12
oneD_v2_dbtt_TP_bd5be1610f6e1bce,MOBILE_TRANSPORT_EXTREME,TAYLOR_COMPLETION_SINGLE_HIT,1100.0,4944573319.9540825,9.5e-13,99999999998.99779,0.0,27280404523.884594,1e-12
oneD_v2_dbtt_TP_bd5be1610f6e1bce,MOBILE_TRANSPORT_EXTREME,TAYLOR_COMPLETION_SINGLE_HIT,1100.0,5115075848.228361,9.5e-13,99999999998.99779,0.0,27280404523.884594,1e-12
oneD_v2_dbtt_TP_bd5be1610f6e1bce,MOBILE_TRANSPORT_EXTREME,TAYLOR_COMPLETION_SINGLE_HIT,1100.0,5285578376.50264,9.5e-13,99999999998.99779,0.0,27280404523.884594,1e-12
oneD_v2_dbtt_TP_bd5be1610f6e1bce,MOBILE_TRANSPORT_EXTREME,TAYLOR_COMPLETION_SINGLE_HIT,1100.0,5456080904.776918,9.5e-13,99999999998.99779,0.0,27280404523.884594,1e-12
oneD_v2_dbtt_TP_bd5be1610f6e1bce,MOBILE_TRANSPORT_EXTREME,TAYLOR_COMPLETION_SINGLE_HIT,1100.0,5626583433.051197,9.5e-13,99999999998.99779,0.0,27280404523.884594,1e-12
oneD_v2_dbtt_TP_bd5be1610f6e1bce,MOBILE_TRANSPORT_EXTREME,TAYLOR_COMPLETION_SINGLE_HIT,1100.0,5797085961.325476,9.5e-13,99999999998.99779,0.0,27280404523.884594,1e-12
oneD_v2_dbtt_TP_bd5be1610f6e1bce,MOBILE_TRANSPORT_EXTREME,TAYLOR_COMPLETION_SINGLE_HIT,1100.0,5967588489.599754,9.5e-13,99999999998.99779,0.0,27280404523.884594,1e-12
oneD_v2_dbtt_TP_bd5be1610f6e1bce,MOBILE_TRANSPORT_EXTREME,TAYLOR_COMPLETION_SINGLE_HIT,1100.0,6138091017.874033,9.5e-13,99999999998.99779,0.0,27280404523.884594,1e-12
oneD_v2_dbtt_TP_bd5be1610f6e1bce,MOBILE_TRANSPORT_EXTREME,TAYLOR_COMPLETION_SINGLE_HIT,1100.0,6308593546.148312,9.5e-13,99999999998.99779,0.0,27280404523.884594,1e-12
oneD_v2_dbtt_TP_bd5be1610f6e1bce,MOBILE_TRANSPORT_EXTREME,TAYLOR_COMPLETION_SINGLE_HIT,1100.0,6479096074.42259,9.5e-13,99999999998.99779,0.0,27280404523.884594,1e-12
oneD_v2_dbtt_TP_bd5be1610f6e1bce,MOBILE_TRANSPORT_EXTREME,TAYLOR_COMPLETION_SINGLE_HIT,1100.0,6649598602.696869,9.5e-13,99999999998.99779,0.0,27280404523.884594,1e-12
oneD_v2_dbtt_TP_bd5be1610f6e1bce,MOBILE_TRANSPORT_EXTREME,TAYLOR_COMPLETION_SINGLE_HIT,1100.0,6820101130.971148,9.5e-13,99999999998.99779,0.0,27280404523.884594,1e-12
oneD_v2_dbtt_TP_bd5be1610f6e1bce,MOBILE_TRANSPORT_EXTREME,TAYLOR_COMPLETION_SINGLE_HIT,1100.0,6990603659.245427,9.5e-13,99999999998.99779,0.0,27280404523.884594,1e-12
oneD_v2_dbtt_TP_bd5be1610f6e1bce,MOBILE_TRANSPORT_EXTREME,TAYLOR_COMPLETION_SINGLE_HIT,1100.0,7161106187.519706,9.5e-13,99999999998.99779,0.0,27280404523.884594,1e-12
oneD_v2_dbtt_TP_bd5be1610f6e1bce,MOBILE_TRANSPORT_EXTREME,TAYLOR_COMPLETION_SINGLE_HIT,1100.0,7331608715.793984,9.5e-13,99999999998.99779,0.0,27280404523.884594,1e-12
oneD_v2_dbtt_TP_bd5be1610f6e1bce,MOBILE_TRANSPORT_EXTREME,TAYLOR_COMPLETION_SINGLE_HIT,1100.0,7502111244.068263,9.5e-13,99999999998.99779,0.0,27280404523.884594,1e-12
oneD_v2_dbtt_TP_bd5be1610f6e1bce,MOBILE_TRANSPORT_EXTREME,TAYLOR_COMPLETION_SINGLE_HIT,1100.0,7672613772.342542,9.5e-13,99999999998.99779,0.0,27280404523.884594,1e-12
oneD_v2_dbtt_TP_bd5be1610f6e1bce,MOBILE_TRANSPORT_EXTREME,TAYLOR_COMPLETION_SINGLE_HIT,1100.0,7843116300.61682,9.5e-13,99999999998.99779,0.0,27280404523.884594,1e-12
oneD_v2_dbtt_TP_bd5be1610f6e1bce,MOBILE_TRANSPORT_EXTREME,TAYLOR_COMPLETION_SINGLE_HIT,1100.0,8013618828.891099,9.5e-13,99999999998.99779,0.0,27280404523.884594,1e-12
oneD_v2_dbtt_TP_bd5be1610f6e1bce,MOBILE_TRANSPORT_EXTREME,TAYLOR_COMPLETION_SINGLE_HIT,1100.0,8184121357.165378,9.5e-13,99999999998.99779,0.0,27280404523.884594,1e-12
oneD_v2_dbtt_TP_bd5be1610f6e1bce,MOBILE_TRANSPORT_EXTREME,TAYLOR_COMPLETION_SINGLE_HIT,1100.0,8354623885.439656,9.5e-13,99999999998.99779,0.0,27280404523.884594,1e-12
oneD_v2_dbtt_TP_bd5be1610f6e1bce,MOBILE_TRANSPORT_EXTREME,TAYLOR_COMPLETION_SINGLE_HIT,1100.0,8525126413.713935,9.5e-13,99999999998.99779,0.0,27280404523.884594,1e-12
oneD_v2_dbtt_TP_bd5be1610f6e1bce,MOBILE_TRANSPORT_EXTREME,TAYLOR_COMPLETION_SINGLE_HIT,1100.0,8695628941.988214,9.5e-13,99999999998.99779,0.0,27280404523.884594,1e-12
oneD_v2_dbtt_TP_bd5be1610f6e1bce,MOBILE_TRANSPORT_EXTREME,TAYLOR_COMPLETION_SINGLE_HIT,1100.0,8866131470.262493,9.5e-13,99999999998.99779,0.0,27280404523.884594,1e-12
oneD_v2_dbtt_TP_bd5be1610f6e1bce,MOBILE_TRANSPORT_EXTREME,TAYLOR_COMPLETION_SINGLE_HIT,1100.0,9036633998.536772,9.5e-13,99999999998.99779,0.0,27280404523.884594,1e-12
oneD_v2_dbtt_TP_bd5be1610f6e1bce,MOBILE_TRANSPORT_EXTREME,TAYLOR_COMPLETION_SINGLE_HIT,1100.0,9207136526.81105,9.5e-13,99999999998.99779,0.0,27280404523.884594,1e-12
oneD_v2_dbtt_TP_bd5be1610f6e1bce,MOBILE_TRANSPORT_EXTREME,TAYLOR_COMPLETION_SINGLE_HIT,1100.0,9377639055.08533,9.5e-13,99999999998.99779,0.0,27280404523.884594,1e-12
oneD_v2_dbtt_TP_bd5be1610f6e1bce,MOBILE_TRANSPORT_EXTREME,TAYLOR_COMPLETION_SINGLE_HIT,1100.0,9548141583.359608,9.5e-13,99999999998.99779,0.0,27280404523.884594,1e-12
oneD_v2_dbtt_TP_bd5be1610f6e1bce,MOBILE_TRANSPORT_EXTREME,TAYLOR_COMPLETION_SINGLE_HIT,1100.0,9718644111.633886,9.5e-13,99999999998.99779,0.0,27280404523.884594,1e-12
oneD_v2_dbtt_TP_bd5be1610f6e1bce,MOBILE_TRANSPORT_EXTREME,TAYLOR_COMPLETION_SINGLE_HIT,1100.0,9889146639.908165,9.5e-13,99999999998.99779,0.0,27280404523.884594,1e-12
oneD_v2_dbtt_TP_bd5be1610f6e1bce,MOBILE_TRANSPORT_EXTREME,TAYLOR_COMPLETION_SINGLE_HIT,1100.0,10059649168.182444,9.5e-13,99999999998.99779,0.0,27280404523.884594,1e-12
oneD_v2_dbtt_TP_bd5be1610f6e1bce,MOBILE_TRANSPORT_EXTREME,TAYLOR_COMPLETION_SINGLE_HIT,1100.0,10230151696.456722,9.5e-13,99999999998.99779,0.0,27280404523.884594,1e-12
oneD_v2_dbtt_TP_bd5be1610f6e1bce,MOBILE_TRANSPORT_EXTREME,TAYLOR_COMPLETION_SINGLE_HIT,1100.0,10400654224.731,9.5e-13,99999999998.99779,0.0,27280404523.884594,1e-12
oneD_v2_dbtt_TP_bd5be1610f6e1bce,MOBILE_TRANSPORT_EXTREME,TAYLOR_COMPLETION_SINGLE_HIT,1100.0,10571156753.00528,9.5e-13,99999999998.99779,0.0,27280404523.884594,1e-12
oneD_v2_dbtt_TP_bd5be1610f6e1bce,MOBILE_TRANSPORT_EXTREME,TAYLOR_COMPLETION_SINGLE_HIT,1100.0,10741659281.279558,9.5e-13,99999999998.99779,0.0,27280404523.884594,1e-12
oneD_v2_dbtt_TP_bd5be1610f6e1bce,MOBILE_TRANSPORT_EXTREME,TAYLOR_COMPLETION_SINGLE_HIT,1100.0,10912161809.553837,9.5e-13,99999999998.99779,0.0,27280404523.884594,1e-12
oneD_v2_dbtt_TP_bd5be1610f6e1bce,MOBILE_TRANSPORT_EXTREME,TAYLOR_COMPLETION_SINGLE_HIT,1100.0,11082664337.828115,9.5e-13,99999999998.99779,0.0,27280404523.884594,1e-12
oneD_v2_dbtt_TP_bd5be1610f6e1bce,MOBILE_TRANSPORT_EXTREME,TAYLOR_COMPLETION_SINGLE_HIT,1100.0,11253166866.102394,9.5e-13,99999999998.99779,0.0,27280404523.884594,1e-12
oneD_v2_dbtt_TP_bd5be1610f6e1bce,MOBILE_TRANSPORT_EXTREME,TAYLOR_COMPLETION_SINGLE_HIT,1100.0,11423669394.376673,9.5e-13,99999999998.99779,0.0,27280404523.884594,1e-12
oneD_v2_dbtt_TP_bd5be1610f6e1bce,MOBILE_TRANSPORT_EXTREME,TAYLOR_COMPLETION_SINGLE_HIT,1100.0,11594171922.650951,9.5e-13,99999999998.99779,0.0,27280404523.884594,1e-12
oneD_v2_dbtt_TP_bd5be1610f6e1bce,MOBILE_TRANSPORT_EXTREME,TAYLOR_COMPLETION_SINGLE_HIT,1100.0,11764674450.92523,9.5e-13,99999999998.99779,0.0,27280404523.884594,1e-12
oneD_v2_dbtt_TP_bd5be1610f6e1bce,MOBILE_TRANSPORT_EXTREME,TAYLOR_COMPLETION_SINGLE_HIT,1100.0,11935176979.199509,9.5e-13,99999999998.99779,0.0,27280404523.884594,1e-12
oneD_v2_dbtt_TP_bd5be1610f6e1bce,MOBILE_TRANSPORT_EXTREME,TAYLOR_COMPLETION_SINGLE_HIT,1100.0,12105679507.473787,9.5e-13,99999999998.99779,0.0,27280404523.884594,1e-12
oneD_v2_dbtt_TP_bd5be1610f6e1bce,MOBILE_TRANSPORT_EXTREME,TAYLOR_COMPLETION_SINGLE_HIT,1100.0,12276182035.748066,9.5e-13,99999999998.99779,0.0,27280404523.884594,1e-12
oneD_v2_dbtt_TP_bd5be1610f6e1bce,MOBILE_TRANSPORT_EXTREME,TAYLOR_COMPLETION_SINGLE_HIT,1100.0,12446684564.022345,9.5e-13,99999999998.99779,0.0,27280404523.884594,1e-12
oneD_v2_dbtt_TP_bd5be1610f6e1bce,MOBILE_TRANSPORT_EXTREME,TAYLOR_COMPLETION_SINGLE_HIT,1100.0,12617187092.296623,9.5e-13,99999999998.99779,0.0,27280404523.884594,1e-12
oneD_v2_dbtt_TP_bd5be1610f6e1bce,MOBILE_TRANSPORT_EXTREME,TAYLOR_COMPLETION_SINGLE_HIT,1100.0,12787689620.570902,9.5e-13,99999999998.99779,0.0,27280404523.884594,1e-12
oneD_v2_dbtt_TP_bd5be1610f6e1bce,MOBILE_TRANSPORT_EXTREME,TAYLOR_COMPLETION_SINGLE_HIT,1100.0,12958192148.84518,9.5e-13,99999999998.99779,0.0,27280404523.884594,1e-12
oneD_v2_dbtt_TP_bd5be1610f6e1bce,MOBILE_TRANSPORT_EXTREME,TAYLOR_COMPLETION_SINGLE_HIT,1100.0,13128694677.11946,9.5e-13,99999999998.99779,0.0,27280404523.884594,1e-12
oneD_v2_dbtt_TP_bd5be1610f6e1bce,MOBILE_TRANSPORT_EXTREME,TAYLOR_COMPLETION_SINGLE_HIT,1100.0,13299197205.393738,9.5e-13,99999999998.99779,0.0,27280404523.884594,1e-12
oneD_v2_dbtt_TP_bd5be1610f6e1bce,MOBILE_TRANSPORT_EXTREME,TAYLOR_COMPLETION_SINGLE_HIT,1100.0,13469699733.668016,9.5e-13,99999999998.99779,0.0,27280404523.884594,1e-12
oneD_v2_dbtt_TP_bd5be1610f6e1bce,MOBILE_TRANSPORT_EXTREME,TAYLOR_COMPLETION_SINGLE_HIT,1100.0,13640202261.942295,9.5e-13,99999999998.99779,0.0,27280404523.884594,1e-12
oneD_v2_dbtt_TP_bd5be1610f6e1bce,MOBILE_TRANSPORT_EXTREME,TAYLOR_COMPLETION_SINGLE_HIT,1100.0,13810704790.216576,9.5e-13,99999999998.99779,0.0,27280404523.884594,1e-12
oneD_v2_dbtt_TP_bd5be1610f6e1bce,MOBILE_TRANSPORT_EXTREME,TAYLOR_COMPLETION_SINGLE_HIT,1100.0,13981207318.490854,9.5e-13,99999999998.99779,0.0,27280404523.884594,1e-12
oneD_v2_dbtt_TP_bd5be1610f6e1bce,MOBILE_TRANSPORT_EXTREME,TAYLOR_COMPLETION_SINGLE_HIT,1100.0,14151709846.765133,9.5e-13,99999999998.99779,0.0,27280404523.884594,1e-12
oneD_v2_dbtt_TP_bd5be1610f6e1bce,MOBILE_TRANSPORT_EXTREME,TAYLOR_COMPLETION_SINGLE_HIT,1100.0,14322212375.039412,9.5e-13,99999999998.99779,0.0,27280404523.884594,1e-12
oneD_v2_dbtt_TP_bd5be1610f6e1bce,MOBILE_TRANSPORT_EXTREME,TAYLOR_COMPLETION_SINGLE_HIT,1100.0,14492714903.31369,9.5e-13,99999999998.99779,0.0,27280404523.884594,1e-12
oneD_v2_dbtt_TP_bd5be1610f6e1bce,MOBILE_TRANSPORT_EXTREME,TAYLOR_COMPLETION_SINGLE_HIT,1100.0,14663217431.587969,9.5e-13,99999999998.99779,0.0,27280404523.884594,1e-12
oneD_v2_dbtt_TP_bd5be1610f6e1bce,MOBILE_TRANSPORT_EXTREME,TAYLOR_COMPLETION_SINGLE_HIT,1100.0,14833719959.862247,9.5e-13,99999999998.99779,0.0,27280404523.884594,1e-12
oneD_v2_dbtt_TP_bd5be1610f6e1bce,MOBILE_TRANSPORT_EXTREME,TAYLOR_COMPLETION_SINGLE_HIT,1100.0,15004222488.136526,9.5e-13,99999999998.99779,0.0,27280404523.884594,1e-12
oneD_v2_dbtt_TP_bd5be1610f6e1bce,MOBILE_TRANSPORT_EXTREME,TAYLOR_COMPLETION_SINGLE_HIT,1100.0,15174725016.410805,9.5e-13,99999999998.99779,0.0,27280404523.884594,1e-12
oneD_v2_dbtt_TP_bd5be1610f6e1bce,MOBILE_TRANSPORT_EXTREME,TAYLOR_COMPLETION_SINGLE_HIT,1100.0,15345227544.685083,9.5e-13,99999999998.99779,0.0,27280404523.884594,1e-12
oneD_v2_dbtt_TP_bd5be1610f6e1bce,MOBILE_TRANSPORT_EXTREME,TAYLOR_COMPLETION_SINGLE_HIT,1100.0,15515730072.959362,9.5e-13,99999999998.99779,0.0,27280404523.884594,1e-12
oneD_v2_dbtt_TP_bd5be1610f6e1bce,MOBILE_TRANSPORT_EXTREME,TAYLOR_COMPLETION_SINGLE_HIT,1100.0,15686232601.23364,9.5e-13,99999999998.99779,0.0,27280404523.884594,1e-12
oneD_v2_dbtt_TP_bd5be1610f6e1bce,MOBILE_TRANSPORT_EXTREME,TAYLOR_COMPLETION_SINGLE_HIT,1100.0,15856735129.50792,9.5e-13,99999999998.99779,0.0,27280404523.884594,1e-12
oneD_v2_dbtt_TP_bd5be1610f6e1bce,MOBILE_TRANSPORT_EXTREME,TAYLOR_COMPLETION_SINGLE_HIT,1100.0,16027237657.782198,9.5e-13,99999999998.99779,0.0,27280404523.884594,1e-12
oneD_v2_dbtt_TP_bd5be1610f6e1bce,MOBILE_TRANSPORT_EXTREME,TAYLOR_COMPLETION_SINGLE_HIT,1100.0,16197740186.056477,9.5e-13,99999999998.99779,0.0,27280404523.884594,1e-12
oneD_v2_dbtt_TP_bd5be1610f6e1bce,MOBILE_TRANSPORT_EXTREME,TAYLOR_COMPLETION_SINGLE_HIT,1100.0,16368242714.330755,9.5e-13,99999999998.99779,0.0,27280404523.884594,1e-12
oneD_v2_dbtt_TP_bd5be1610f6e1bce,MOBILE_TRANSPORT_EXTREME,TAYLOR_COMPLETION_SINGLE_HIT,1100.0,16538745242.605034,9.5e-13,99999999998.99779,0.0,27280404523.884594,1e-12
oneD_v2_dbtt_TP_bd5be1610f6e1bce,MOBILE_TRANSPORT_EXTREME,TAYLOR_COMPLETION_SINGLE_HIT,1100.0,16709247770.879313,9.5e-13,99999999998.99779,0.0,27280404523.884594,1e-12
oneD_v2_dbtt_TP_bd5be1610f6e1bce,MOBILE_TRANSPORT_EXTREME,TAYLOR_COMPLETION_SINGLE_HIT,1100.0,16879750299.153591,9.5e-13,99999999998.99779,0.0,27280404523.884594,1e-12
oneD_v2_dbtt_TP_bd5be1610f6e1bce,MOBILE_TRANSPORT_EXTREME,TAYLOR_COMPLETION_SINGLE_HIT,1100.0,17050252827.42787,9.5e-13,99999999998.99779,0.0,27280404523.884594,1e-12
oneD_v2_dbtt_TP_bd5be1610f6e1bce,MOBILE_TRANSPORT_EXTREME,TAYLOR_COMPLETION_SINGLE_HIT,1100.0,17220755355.70215,9.5e-13,99999999998.99779,0.0,27280404523.884594,1e-12
oneD_v2_dbtt_TP_bd5be1610f6e1bce,MOBILE_TRANSPORT_EXTREME,TAYLOR_COMPLETION_SINGLE_HIT,1100.0,17391257883.97643,9.5e-13,99999999998.99779,0.0,27280404523.884594,1e-12
oneD_v2_dbtt_TP_bd5be1610f6e1bce,MOBILE_TRANSPORT_EXTREME,TAYLOR_COMPLETION_SINGLE_HIT,1100.0,17561760412.250706,9.5e-13,99999999998.99779,0.0,27280404523.884594,1e-12
oneD_v2_dbtt_TP_bd5be1610f6e1bce,MOBILE_TRANSPORT_EXTREME,TAYLOR_COMPLETION_SINGLE_HIT,1100.0,17732262940.524986,9.5e-13,99999999998.99779,0.0,27280404523.884594,1e-12
oneD_v2_dbtt_TP_bd5be1610f6e1bce,MOBILE_TRANSPORT_EXTREME,TAYLOR_COMPLETION_SINGLE_HIT,1100.0,17902765468.799263,9.5e-13,99999999998.99779,0.0,27280404523.884594,1e-12
oneD_v2_dbtt_TP_bd5be1610f6e1bce,MOBILE_TRANSPORT_EXTREME,TAYLOR_COMPLETION_SINGLE_HIT,1100.0,18073267997.073544,9.5e-13,99999999998.99779,0.0,27280404523.884594,1e-12
oneD_v2_dbtt_TP_bd5be1610f6e1bce,MOBILE_TRANSPORT_EXTREME,TAYLOR_COMPLETION_SINGLE_HIT,1100.0,18243770525.34782,9.5e-13,99999999998.99779,0.0,27280404523.884594,1e-12
oneD_v2_dbtt_TP_bd5be1610f6e1bce,MOBILE_TRANSPORT_EXTREME,TAYLOR_COMPLETION_SINGLE_HIT,1100.0,18414273053.6221,9.5e-13,99999999998.99779,0.0,27280404523.884594,1e-12
oneD_v2_dbtt_TP_bd5be1610f6e1bce,MOBILE_TRANSPORT_EXTREME,TAYLOR_COMPLETION_SINGLE_HIT,1100.0,18584775581.896378,9.5e-13,99999999998.99779,0.0,27280404523.884594,1e-12
oneD_v2_dbtt_TP_bd5be1610f6e1bce,MOBILE_TRANSPORT_EXTREME,TAYLOR_COMPLETION_SINGLE_HIT,1100.0,18755278110.17066,9.5e-13,99999999998.99779,0.0,27280404523.884594,1e-12
oneD_v2_dbtt_TP_bd5be1610f6e1bce,MOBILE_TRANSPORT_EXTREME,TAYLOR_COMPLETION_SINGLE_HIT,1100.0,18925780638.444935,9.5e-13,99999999998.99779,0.0,27280404523.884594,1e-12
oneD_v2_dbtt_TP_bd5be1610f6e1bce,MOBILE_TRANSPORT_EXTREME,TAYLOR_COMPLETION_SINGLE_HIT,1100.0,19096283166.719215,9.5e-13,99999999998.99779,0.0,27280404523.884594,1e-12
oneD_v2_dbtt_TP_bd5be1610f6e1bce,MOBILE_TRANSPORT_EXTREME,TAYLOR_COMPLETION_SINGLE_HIT,1100.0,19266785694.993492,9.5e-13,99999999998.99779,0.0,27280404523.884594,1e-12
oneD_v2_dbtt_TP_bd5be1610f6e1bce,MOBILE_TRANSPORT_EXTREME,TAYLOR_COMPLETION_SINGLE_HIT,1100.0,19437288223.267773,9.5e-13,99999999998.99779,0.0,27280404523.884594,1e-12
oneD_v2_dbtt_TP_bd5be1610f6e1bce,MOBILE_TRANSPORT_EXTREME,TAYLOR_COMPLETION_SINGLE_HIT,1100.0,19607790751.54205,9.5e-13,99999999998.99779,0.0,27280404523.884594,1e-12
oneD_v2_dbtt_TP_bd5be1610f6e1bce,MOBILE_TRANSPORT_EXTREME,TAYLOR_COMPLETION_SINGLE_HIT,1100.0,19778293279.81633,9.5e-13,99999999998.99779,0.0,27280404523.884594,1e-12
oneD_v2_dbtt_TP_bd5be1610f6e1bce,MOBILE_TRANSPORT_EXTREME,TAYLOR_COMPLETION_SINGLE_HIT,1100.0,19948795808.090607,9.5e-13,99999999998.99779,0.0,27280404523.884594,1e-12
oneD_v2_dbtt_TP_bd5be1610f6e1bce,MOBILE_TRANSPORT_EXTREME,TAYLOR_COMPLETION_SINGLE_HIT,1100.0,20119298336.364887,9.5e-13,99999999998.99779,0.0,27280404523.884594,1e-12
oneD_v2_dbtt_TP_bd5be1610f6e1bce,MOBILE_TRANSPORT_EXTREME,TAYLOR_COMPLETION_SINGLE_HIT,1100.0,20289800864.639164,9.5e-13,99999999998.99779,0.0,27280404523.884594,1e-12
oneD_v2_dbtt_TP_bd5be1610f6e1bce,MOBILE_TRANSPORT_EXTREME,TAYLOR_COMPLETION_SINGLE_HIT,1100.0,20460303392.913445,9.5e-13,99999999998.99779,0.0,27280404523.884594,1e-12
oneD_v2_dbtt_TP_bd5be1610f6e1bce,MOBILE_TRANSPORT_EXTREME,TAYLOR_COMPLETION_SINGLE_HIT,1100.0,20630805921.18772,9.5e-13,99999999998.99779,0.0,27280404523.884594,1e-12
oneD_v2_dbtt_TP_bd5be1610f6e1bce,MOBILE_TRANSPORT_EXTREME,TAYLOR_COMPLETION_SINGLE_HIT,1100.0,20801308449.462,9.5e-13,99999999998.99779,0.0,27280404523.884594,1e-12
oneD_v2_dbtt_TP_bd5be1610f6e1bce,MOBILE_TRANSPORT_EXTREME,TAYLOR_COMPLETION_SINGLE_HIT,1100.0,20971810977.73628,9.5e-13,99999999998.99779,0.0,27280404523.884594,1e-12
oneD_v2_dbtt_TP_bd5be1610f6e1bce,MOBILE_TRANSPORT_EXTREME,TAYLOR_COMPLETION_SINGLE_HIT,1100.0,21142313506.01056,9.5e-13,99999999998.99779,0.0,27280404523.884594,1e-12
oneD_v2_dbtt_TP_bd5be1610f6e1bce,MOBILE_TRANSPORT_EXTREME,TAYLOR_COMPLETION_SINGLE_HIT,1100.0,21312816034.284836,9.5e-13,99999999998.99779,0.0,27280404523.884594,1e-12
oneD_v2_dbtt_TP_bd5be1610f6e1bce,MOBILE_TRANSPORT_EXTREME,TAYLOR_COMPLETION_SINGLE_HIT,1100.0,21483318562.559116,9.5e-13,99999999998.99779,0.0,27280404523.884594,1e-12
oneD_v2_dbtt_TP_bd5be1610f6e1bce,MOBILE_TRANSPORT_EXTREME,TAYLOR_COMPLETION_SINGLE_HIT,1100.0,21653821090.833393,9.5e-13,99999999998.99779,0.0,27280404523.884594,1e-12
oneD_v2_dbtt_TP_bd5be1610f6e1bce,MOBILE_TRANSPORT_EXTREME,TAYLOR_COMPLETION_SINGLE_HIT,1100.0,21824323619.107674,9.5e-13,99999999998.99779,0.0,27280404523.884594,1e-12
oneD_v2_dbtt_TP_bd5be1610f6e1bce,MOBILE_TRANSPORT_EXTREME,TAYLOR_COMPLETION_SINGLE_HIT,1100.0,21994826147.381954,9.5e-13,99999999998.99779,0.0,27280404523.884594,1e-12
oneD_v2_dbtt_TP_bd5be1610f6e1bce,MOBILE_TRANSPORT_EXTREME,TAYLOR_COMPLETION_SINGLE_HIT,1100.0,22165328675.65623,9.5e-13,99999999998.99779,0.0,27280404523.884594,1e-12
oneD_v2_dbtt_TP_bd5be1610f6e1bce,MOBILE_TRANSPORT_EXTREME,TAYLOR_COMPLETION_SINGLE_HIT,1100.0,22335831203.93051,9.5e-13,99999999998.99779,0.0,27280404523.884594,1e-12
oneD_v2_dbtt_TP_bd5be1610f6e1bce,MOBILE_TRANSPORT_EXTREME,TAYLOR_COMPLETION_SINGLE_HIT,1100.0,22506333732.20479,9.5e-13,99999999998.99779,0.0,27280404523.884594,1e-12
oneD_v2_dbtt_TP_bd5be1610f6e1bce,MOBILE_TRANSPORT_EXTREME,TAYLOR_COMPLETION_SINGLE_HIT,1100.0,22676836260.47907,9.5e-13,99999999998.99779,0.0,27280404523.884594,1e-12
oneD_v2_dbtt_TP_bd5be1610f6e1bce,MOBILE_TRANSPORT_EXTREME,TAYLOR_COMPLETION_SINGLE_HIT,1100.0,22847338788.753345,9.5e-13,99999999998.99779,0.0,27280404523.884594,1e-12
oneD_v2_dbtt_TP_bd5be1610f6e1bce,MOBILE_TRANSPORT_EXTREME,TAYLOR_COMPLETION_SINGLE_HIT,1100.0,23017841317.027626,9.5e-13,99999999998.99779,0.0,27280404523.884594,1e-12
oneD_v2_dbtt_TP_bd5be1610f6e1bce,MOBILE_TRANSPORT_EXTREME,TAYLOR_COMPLETION_SINGLE_HIT,1100.0,23188343845.301903,9.5e-13,99999999998.99779,0.0,27280404523.884594,1e-12
oneD_v2_dbtt_TP_bd5be1610f6e1bce,MOBILE_TRANSPORT_EXTREME,TAYLOR_COMPLETION_SINGLE_HIT,1100.0,23358846373.576183,9.5e-13,99999999998.99779,0.0,27280404523.884594,1e-12
oneD_v2_dbtt_TP_bd5be1610f6e1bce,MOBILE_TRANSPORT_EXTREME,TAYLOR_COMPLETION_SINGLE_HIT,1100.0,23529348901.85046,9.5e-13,99999999998.99779,0.0,27280404523.884594,1e-12
oneD_v2_dbtt_TP_bd5be1610f6e1bce,MOBILE_TRANSPORT_EXTREME,TAYLOR_COMPLETION_SINGLE_HIT,1100.0,23699851430.12474,9.5e-13,99999999998.99779,0.0,27280404523.884594,1e-12
oneD_v2_dbtt_TP_bd5be1610f6e1bce,MOBILE_TRANSPORT_EXTREME,TAYLOR_COMPLETION_SINGLE_HIT,1100.0,23870353958.399017,9.5e-13,99999999998.99779,0.0,27280404523.884594,1e-12
oneD_v2_dbtt_TP_bd5be1610f6e1bce,MOBILE_TRANSPORT_EXTREME,TAYLOR_COMPLETION_SINGLE_HIT,1100.0,24040856486.673298,9.5e-13,99999999998.99779,0.0,27280404523.884594,1e-12
oneD_v2_dbtt_TP_bd5be1610f6e1bce,MOBILE_TRANSPORT_EXTREME,TAYLOR_COMPLETION_SINGLE_HIT,1100.0,24211359014.947575,9.5e-13,99999999998.99779,0.0,27280404523.884594,1e-12
oneD_v2_dbtt_TP_bd5be1610f6e1bce,MOBILE_TRANSPORT_EXTREME,TAYLOR_COMPLETION_SINGLE_HIT,1100.0,24381861543.221855,9.5e-13,99999999998.99779,0.0,27280404523.884594,1e-12
oneD_v2_dbtt_TP_bd5be1610f6e1bce,MOBILE_TRANSPORT_EXTREME,TAYLOR_COMPLETION_SINGLE_HIT,1100.0,24552364071.49613,9.5e-13,99999999998.99779,0.0,27280404523.884594,1e-12
oneD_v2_dbtt_TP_bd5be1610f6e1bce,MOBILE_TRANSPORT_EXTREME,TAYLOR_COMPLETION_SINGLE_HIT,1100.0,24722866599.770412,9.5e-13,99999999998.99779,0.0,27280404523.884594,1e-12
oneD_v2_dbtt_TP_bd5be1610f6e1bce,MOBILE_TRANSPORT_EXTREME,TAYLOR_COMPLETION_SINGLE_HIT,1100.0,24893369128.04469,9.5e-13,99999999998.99779,0.0,27280404523.884594,1e-12
oneD_v2_dbtt_TP_bd5be1610f6e1bce,MOBILE_TRANSPORT_EXTREME,TAYLOR_COMPLETION_SINGLE_HIT,1100.0,25063871656.31897,9.5e-13,99999999998.99779,0.0,27280404523.884594,1e-12
oneD_v2_dbtt_TP_bd5be1610f6e1bce,MOBILE_TRANSPORT_EXTREME,TAYLOR_COMPLETION_SINGLE_HIT,1100.0,25234374184.593246,9.5e-13,99999999998.99779,0.0,27280404523.884594,1e-12
oneD_v2_dbtt_TP_bd5be1610f6e1bce,MOBILE_TRANSPORT_EXTREME,TAYLOR_COMPLETION_SINGLE_HIT,1100.0,25404876712.867527,9.5e-13,99999999998.99779,0.0,27280404523.884594,1e-12
oneD_v2_dbtt_TP_bd5be1610f6e1bce,MOBILE_TRANSPORT_EXTREME,TAYLOR_COMPLETION_SINGLE_HIT,1100.0,25575379241.141804,9.5e-13,99999999998.99779,0.0,27280404523.884594,1e-12
oneD_v2_dbtt_TP_bd5be1610f6e1bce,MOBILE_TRANSPORT_EXTREME,TAYLOR_COMPLETION_SINGLE_HIT,1100.0,25745881769.416084,9.5e-13,99999999998.99779,0.0,27280404523.884594,1e-12
oneD_v2_dbtt_TP_bd5be1610f6e1bce,MOBILE_TRANSPORT_EXTREME,TAYLOR_COMPLETION_SINGLE_HIT,1100.0,25916384297.69036,9.5e-13,99999999998.99779,0.0,27280404523.884594,1e-12
oneD_v2_dbtt_TP_bd5be1610f6e1bce,MOBILE_TRANSPORT_EXTREME,TAYLOR_COMPLETION_SINGLE_HIT,1100.0,26086886825.96464,9.5e-13,99999999998.99779,0.0,27280404523.884594,1e-12
oneD_v2_dbtt_TP_bd5be1610f6e1bce,MOBILE_TRANSPORT_EXTREME,TAYLOR_COMPLETION_SINGLE_HIT,1100.0,26257389354.23892,9.5e-13,99999999998.99779,0.0,27280404523.884594,1e-12
oneD_v2_dbtt_TP_bd5be1610f6e1bce,MOBILE_TRANSPORT_EXTREME,TAYLOR_COMPLETION_SINGLE_HIT,1100.0,26427891882.5132,9.5e-13,99999999998.99779,0.0,27280404523.884594,1e-12
oneD_v2_dbtt_TP_bd5be1610f6e1bce,MOBILE_TRANSPORT_EXTREME,TAYLOR_COMPLETION_SINGLE_HIT,1100.0,26598394410.787476,9.5e-13,99999999998.99779,0.0,27280404523.884594,1e-12
oneD_v2_dbtt_TP_bd5be1610f6e1bce,MOBILE_TRANSPORT_EXTREME,TAYLOR_COMPLETION_SINGLE_HIT,1100.0,26768896939.061756,9.5e-13,99999999998.99779,0.0,27280404523.884594,1e-12
oneD_v2_dbtt_TP_bd5be1610f6e1bce,MOBILE_TRANSPORT_EXTREME,TAYLOR_COMPLETION_SINGLE_HIT,1100.0,26939399467.336033,9.5e-13,99999999998.99779,0.0,27280404523.884594,1e-12
oneD_v2_dbtt_TP_bd5be1610f6e1bce,MOBILE_TRANSPORT_EXTREME,TAYLOR_COMPLETION_SINGLE_HIT,1100.0,27109901995.610313,9.5e-13,99999999998.99779,0.0,27280404523.884594,1e-12
oneD_v2_dbtt_TP_bd5be1610f6e1bce,MOBILE_TRANSPORT_EXTREME,TAYLOR_COMPLETION_SINGLE_HIT,1100.0,27280404523.884594,9.5e-13,99999999998.99779,0.0,27280404523.884594,1e-12
oneD_v2_dbtt_TP_bd5be1610f6e1bce,MOBILE_TRANSPORT_EXTREME,EMISSION,1100.0,0.0,7.160118789714014,1.5670446861826083e-22,0.0,135787055.5209999,7.160118789714014
oneD_v2_dbtt_TP_bd5be1610f6e1bce,MOBILE_TRANSPORT_EXTREME,EMISSION,1100.0,848669.0970062495,0.07423772575569687,45695265852.441086,0.0,135787055.5209999,7.160118789714014
oneD_v2_dbtt_TP_bd5be1610f6e1bce,MOBILE_TRANSPORT_EXTREME,EMISSION,1100.0,1697338.194012499,0.07423772575569687,45695265852.441086,0.0,135787055.5209999,7.160118789714014
oneD_v2_dbtt_TP_bd5be1610f6e1bce,MOBILE_TRANSPORT_EXTREME,EMISSION,1100.0,2546007.2910187487,0.07423772575569687,45695265852.441086,0.0,135787055.5209999,7.160118789714014
oneD_v2_dbtt_TP_bd5be1610f6e1bce,MOBILE_TRANSPORT_EXTREME,EMISSION,1100.0,3394676.388024998,0.07423772575569687,45695265852.441086,0.0,135787055.5209999,7.160118789714014
oneD_v2_dbtt_TP_bd5be1610f6e1bce,MOBILE_TRANSPORT_EXTREME,EMISSION,1100.0,4243345.485031247,0.07423772575569687,45695265852.441086,0.0,135787055.5209999,7.160118789714014
oneD_v2_dbtt_TP_bd5be1610f6e1bce,MOBILE_TRANSPORT_EXTREME,EMISSION,1100.0,5092014.582037497,0.07423772575569687,45695265852.441086,0.0,135787055.5209999,7.160118789714014
oneD_v2_dbtt_TP_bd5be1610f6e1bce,MOBILE_TRANSPORT_EXTREME,EMISSION,1100.0,5940683.679043747,0.07423772575569687,45695265852.441086,0.0,135787055.5209999,7.160118789714014
oneD_v2_dbtt_TP_bd5be1610f6e1bce,MOBILE_TRANSPORT_EXTREME,EMISSION,1100.0,6789352.776049996,0.07423772575569687,45695265852.441086,0.0,135787055.5209999,7.160118789714014
oneD_v2_dbtt_TP_bd5be1610f6e1bce,MOBILE_TRANSPORT_EXTREME,EMISSION,1100.0,7638021.873056245,0.07423772575569687,45695265852.441086,0.0,135787055.5209999,7.160118789714014
oneD_v2_dbtt_TP_bd5be1610f6e1bce,MOBILE_TRANSPORT_EXTREME,EMISSION,1100.0,8486690.970062494,0.07423772575569687,45695265852.441086,0.0,135787055.5209999,7.160118789714014
oneD_v2_dbtt_TP_bd5be1610f6e1bce,MOBILE_TRANSPORT_EXTREME,EMISSION,1100.0,9335360.067068744,0.07423772575569687,45695265852.441086,0.0,135787055.5209999,7.160118789714014
oneD_v2_dbtt_TP_bd5be1610f6e1bce,MOBILE_TRANSPORT_EXTREME,EMISSION,1100.0,10184029.164074995,0.07423772575569687,45695265852.441086,0.0,135787055.5209999,7.160118789714014
oneD_v2_dbtt_TP_bd5be1610f6e1bce,MOBILE_TRANSPORT_EXTREME,EMISSION,1100.0,11032698.261081243,0.07423772575569687,45695265852.441086,0.0,135787055.5209999,7.160118789714014
oneD_v2_dbtt_TP_bd5be1610f6e1bce,MOBILE_TRANSPORT_EXTREME,EMISSION,1100.0,11881367.358087493,0.07423772575569687,45695265852.441086,0.0,135787055.5209999,7.160118789714014
oneD_v2_dbtt_TP_bd5be1610f6e1bce,MOBILE_TRANSPORT_EXTREME,EMISSION,1100.0,12730036.455093741,0.07423772575569687,45695265852.441086,0.0,135787055.5209999,7.160118789714014
oneD_v2_dbtt_TP_bd5be1610f6e1bce,MOBILE_TRANSPORT_EXTREME,EMISSION,1100.0,13578705.552099992,0.07423772575569687,45695265852.441086,0.0,135787055.5209999,7.160118789714014
oneD_v2_dbtt_TP_bd5be1610f6e1bce,MOBILE_TRANSPORT_EXTREME,EMISSION,1100.0,14427374.649106242,0.07423772575569687,45695265852.441086,0.0,135787055.5209999,7.160118789714014
oneD_v2_dbtt_TP_bd5be1610f6e1bce,MOBILE_TRANSPORT_EXTREME,EMISSION,1100.0,15276043.74611249,0.07423772575569687,45695265852.441086,0.0,135787055.5209999,7.160118789714014
oneD_v2_dbtt_TP_bd5be1610f6e1bce,MOBILE_TRANSPORT_EXTREME,EMISSION,1100.0,16124712.84311874,0.07423772575569687,45695265852.441086,0.0,135787055.5209999,7.160118789714014
oneD_v2_dbtt_TP_bd5be1610f6e1bce,MOBILE_TRANSPORT_EXTREME,EMISSION,1100.0,16973381.94012499,0.07423772575569687,45695265852.441086,0.0,135787055.5209999,7.160118789714014
oneD_v2_dbtt_TP_bd5be1610f6e1bce,MOBILE_TRANSPORT_EXTREME,EMISSION,1100.0,17822051.03713124,0.07423772575569687,45695265852.441086,0.0,135787055.5209999,7.160118789714014
oneD_v2_dbtt_TP_bd5be1610f6e1bce,MOBILE_TRANSPORT_EXTREME,EMISSION,1100.0,18670720.13413749,0.07423772575569687,45695265852.441086,0.0,135787055.5209999,7.160118789714014
oneD_v2_dbtt_TP_bd5be1610f6e1bce,MOBILE_TRANSPORT_EXTREME,EMISSION,1100.0,19519389.23114374,0.07423772575569687,45695265852.441086,0.0,135787055.5209999,7.160118789714014
oneD_v2_dbtt_TP_bd5be1610f6e1bce,MOBILE_TRANSPORT_EXTREME,EMISSION,1100.0,20368058.32814999,0.07423772575569687,45695265852.441086,0.0,135787055.5209999,7.160118789714014
oneD_v2_dbtt_TP_bd5be1610f6e1bce,MOBILE_TRANSPORT_EXTREME,EMISSION,1100.0,21216727.425156236,0.07423772575569687,45695265852.441086,0.0,135787055.5209999,7.160118789714014
oneD_v2_dbtt_TP_bd5be1610f6e1bce,MOBILE_TRANSPORT_EXTREME,EMISSION,1100.0,22065396.522162486,0.07423772575569687,45695265852.441086,0.0,135787055.5209999,7.160118789714014
oneD_v2_dbtt_TP_bd5be1610f6e1bce,MOBILE_TRANSPORT_EXTREME,EMISSION,1100.0,22914065.619168736,0.07423772575569687,45695265852.441086,0.0,135787055.5209999,7.160118789714014
oneD_v2_dbtt_TP_bd5be1610f6e1bce,MOBILE_TRANSPORT_EXTREME,EMISSION,1100.0,23762734.716174986,0.07423772575569687,45695265852.441086,0.0,135787055.5209999,7.160118789714014
oneD_v2_dbtt_TP_bd5be1610f6e1bce,MOBILE_TRANSPORT_EXTREME,EMISSION,1100.0,24611403.813181236,0.07423772575569687,45695265852.441086,0.0,135787055.5209999,7.160118789714014
oneD_v2_dbtt_TP_bd5be1610f6e1bce,MOBILE_TRANSPORT_EXTREME,EMISSION,1100.0,25460072.910187483,0.07423772575569687,45695265852.441086,0.0,135787055.5209999,7.160118789714014
oneD_v2_dbtt_TP_bd5be1610f6e1bce,MOBILE_TRANSPORT_EXTREME,EMISSION,1100.0,26308742.007193733,0.07423772575569687,45695265852.441086,0.0,135787055.5209999,7.160118789714014
oneD_v2_dbtt_TP_bd5be1610f6e1bce,MOBILE_TRANSPORT_EXTREME,EMISSION,1100.0,27157411.104199983,0.07423772575569687,45695265852.441086,0.0,135787055.5209999,7.160118789714014
oneD_v2_dbtt_TP_bd5be1610f6e1bce,MOBILE_TRANSPORT_EXTREME,EMISSION,1100.0,28006080.201206233,0.07423772575569687,45695265852.441086,0.0,135787055.5209999,7.160118789714014
oneD_v2_dbtt_TP_bd5be1610f6e1bce,MOBILE_TRANSPORT_EXTREME,EMISSION,1100.0,28854749.298212484,0.07423772575569687,45695265852.441086,0.0,135787055.5209999,7.160118789714014
oneD_v2_dbtt_TP_bd5be1610f6e1bce,MOBILE_TRANSPORT_EXTREME,EMISSION,1100.0,29703418.39521873,0.07423772575569687,45695265852.441086,0.0,135787055.5209999,7.160118789714014
oneD_v2_dbtt_TP_bd5be1610f6e1bce,MOBILE_TRANSPORT_EXTREME,EMISSION,1100.0,30552087.49222498,0.07423772575569687,45695265852.441086,0.0,135787055.5209999,7.160118789714014
oneD_v2_dbtt_TP_bd5be1610f6e1bce,MOBILE_TRANSPORT_EXTREME,EMISSION,1100.0,31400756.58923123,0.07423772575569687,45695265852.441086,0.0,135787055.5209999,7.160118789714014
oneD_v2_dbtt_TP_bd5be1610f6e1bce,MOBILE_TRANSPORT_EXTREME,EMISSION,1100.0,32249425.68623748,0.07423772575569687,45695265852.441086,0.0,135787055.5209999,7.160118789714014
oneD_v2_dbtt_TP_bd5be1610f6e1bce,MOBILE_TRANSPORT_EXTREME,EMISSION,1100.0,33098094.78324373,0.07423772575569687,45695265852.441086,0.0,135787055.5209999,7.160118789714014
oneD_v2_dbtt_TP_bd5be1610f6e1bce,MOBILE_TRANSPORT_EXTREME,EMISSION,1100.0,33946763.88024998,0.07423772575569687,45695265852.441086,0.0,135787055.5209999,7.160118789714014
oneD_v2_dbtt_TP_bd5be1610f6e1bce,MOBILE_TRANSPORT_EXTREME,EMISSION,1100.0,34795432.97725623,0.07423772575569687,45695265852.441086,0.0,135787055.5209999,7.160118789714014
oneD_v2_dbtt_TP_bd5be1610f6e1bce,MOBILE_TRANSPORT_EXTREME,EMISSION,1100.0,35644102.07426248,0.07423772575569687,45695265852.441086,0.0,135787055.5209999,7.160118789714014
oneD_v2_dbtt_TP_bd5be1610f6e1bce,MOBILE_TRANSPORT_EXTREME,EMISSION,1100.0,36492771.171268724,0.07423772575569687,45695265852.441086,0.0,135787055.5209999,7.160118789714014
oneD_v2_dbtt_TP_bd5be1610f6e1bce,MOBILE_TRANSPORT_EXTREME,EMISSION,1100.0,37341440.26827498,0.07423772575569687,45695265852.441086,0.0,135787055.5209999,7.160118789714014
oneD_v2_dbtt_TP_bd5be1610f6e1bce,MOBILE_TRANSPORT_EXTREME,EMISSION,1100.0,38190109.365281224,0.07423772575569687,45695265852.441086,0.0,135787055.5209999,7.160118789714014
oneD_v2_dbtt_TP_bd5be1610f6e1bce,MOBILE_TRANSPORT_EXTREME,EMISSION,1100.0,39038778.46228748,0.07423772575569687,45695265852.441086,0.0,135787055.5209999,7.160118789714014
oneD_v2_dbtt_TP_bd5be1610f6e1bce,MOBILE_TRANSPORT_EXTREME,EMISSION,1100.0,39887447.559293725,0.07423772575569687,45695265852.441086,0.0,135787055.5209999,7.160118789714014
oneD_v2_dbtt_TP_bd5be1610f6e1bce,MOBILE_TRANSPORT_EXTREME,EMISSION,1100.0,40736116.65629998,0.07423772575569687,45695265852.441086,0.0,135787055.5209999,7.160118789714014
oneD_v2_dbtt_TP_bd5be1610f6e1bce,MOBILE_TRANSPORT_EXTREME,EMISSION,1100.0,41584785.753306225,0.07423772575569687,45695265852.441086,0.0,135787055.5209999,7.160118789714014
oneD_v2_dbtt_TP_bd5be1610f6e1bce,MOBILE_TRANSPORT_EXTREME,EMISSION,1100.0,42433454.85031247,0.07423772575569687,45695265852.441086,0.0,135787055.5209999,7.160118789714014
oneD_v2_dbtt_TP_bd5be1610f6e1bce,MOBILE_TRANSPORT_EXTREME,EMISSION,1100.0,43282123.947318725,0.07423772575569687,45695265852.441086,0.0,135787055.5209999,7.160118789714014
oneD_v2_dbtt_TP_bd5be1610f6e1bce,MOBILE_TRANSPORT_EXTREME,EMISSION,1100.0,44130793.04432497,0.07423772575569687,45695265852.441086,0.0,135787055.5209999,7.160118789714014
oneD_v2_dbtt_TP_bd5be1610f6e1bce,MOBILE_TRANSPORT_EXTREME,EMISSION,1100.0,44979462.141331226,0.07423772575569687,45695265852.441086,0.0,135787055.5209999,7.160118789714014
oneD_v2_dbtt_TP_bd5be1610f6e1bce,MOBILE_TRANSPORT_EXTREME,EMISSION,1100.0,45828131.23833747,0.07423772575569687,45695265852.441086,0.0,135787055.5209999,7.160118789714014
oneD_v2_dbtt_TP_bd5be1610f6e1bce,MOBILE_TRANSPORT_EXTREME,EMISSION,1100.0,46676800.33534372,0.07423772575569687,45695265852.441086,0.0,135787055.5209999,7.160118789714014
oneD_v2_dbtt_TP_bd5be1610f6e1bce,MOBILE_TRANSPORT_EXTREME,EMISSION,1100.0,47525469.43234997,0.07423772575569687,45695265852.441086,0.0,135787055.5209999,7.160118789714014
oneD_v2_dbtt_TP_bd5be1610f6e1bce,MOBILE_TRANSPORT_EXTREME,EMISSION,1100.0,48374138.52935622,0.07423772575569687,45695265852.441086,0.0,135787055.5209999,7.160118789714014
oneD_v2_dbtt_TP_bd5be1610f6e1bce,MOBILE_TRANSPORT_EXTREME,EMISSION,1100.0,49222807.62636247,0.07423772575569687,45695265852.441086,0.0,135787055.5209999,7.160118789714014
oneD_v2_dbtt_TP_bd5be1610f6e1bce,MOBILE_TRANSPORT_EXTREME,EMISSION,1100.0,50071476.72336872,0.07423772575569687,45695265852.441086,0.0,135787055.5209999,7.160118789714014
oneD_v2_dbtt_TP_bd5be1610f6e1bce,MOBILE_TRANSPORT_EXTREME,EMISSION,1100.0,50920145.820374966,0.07423772575569687,45695265852.441086,0.0,135787055.5209999,7.160118789714014
oneD_v2_dbtt_TP_bd5be1610f6e1bce,MOBILE_TRANSPORT_EXTREME,EMISSION,1100.0,51768814.91738122,0.07423772575569687,45695265852.441086,0.0,135787055.5209999,7.160118789714014
oneD_v2_dbtt_TP_bd5be1610f6e1bce,MOBILE_TRANSPORT_EXTREME,EMISSION,1100.0,52617484.014387466,0.07423772575569687,45695265852.441086,0.0,135787055.5209999,7.160118789714014
oneD_v2_dbtt_TP_bd5be1610f6e1bce,MOBILE_TRANSPORT_EXTREME,EMISSION,1100.0,53466153.11139372,0.07423772575569687,45695265852.441086,0.0,135787055.5209999,7.160118789714014
oneD_v2_dbtt_TP_bd5be1610f6e1bce,MOBILE_TRANSPORT_EXTREME,EMISSION,1100.0,54314822.20839997,0.07423772575569687,45695265852.441086,0.0,135787055.5209999,7.160118789714014
oneD_v2_dbtt_TP_bd5be1610f6e1bce,MOBILE_TRANSPORT_EXTREME,EMISSION,1100.0,55163491.30540621,0.07423772575569687,45695265852.441086,0.0,135787055.5209999,7.160118789714014
oneD_v2_dbtt_TP_bd5be1610f6e1bce,MOBILE_TRANSPORT_EXTREME,EMISSION,1100.0,56012160.40241247,0.07423772575569687,45695265852.441086,0.0,135787055.5209999,7.160118789714014
oneD_v2_dbtt_TP_bd5be1610f6e1bce,MOBILE_TRANSPORT_EXTREME,EMISSION,1100.0,56860829.49941871,0.07423772575569687,45695265852.441086,0.0,135787055.5209999,7.160118789714014
oneD_v2_dbtt_TP_bd5be1610f6e1bce,MOBILE_TRANSPORT_EXTREME,EMISSION,1100.0,57709498.59642497,0.07423772575569687,45695265852.441086,0.0,135787055.5209999,7.160118789714014
oneD_v2_dbtt_TP_bd5be1610f6e1bce,MOBILE_TRANSPORT_EXTREME,EMISSION,1100.0,58558167.69343121,0.07423772575569687,45695265852.441086,0.0,135787055.5209999,7.160118789714014
oneD_v2_dbtt_TP_bd5be1610f6e1bce,MOBILE_TRANSPORT_EXTREME,EMISSION,1100.0,59406836.79043746,0.07423772575569687,45695265852.441086,0.0,135787055.5209999,7.160118789714014
oneD_v2_dbtt_TP_bd5be1610f6e1bce,MOBILE_TRANSPORT_EXTREME,EMISSION,1100.0,60255505.887443714,0.07423772575569687,45695265852.441086,0.0,135787055.5209999,7.160118789714014
oneD_v2_dbtt_TP_bd5be1610f6e1bce,MOBILE_TRANSPORT_EXTREME,EMISSION,1100.0,61104174.98444996,0.07423772575569687,45695265852.441086,0.0,135787055.5209999,7.160118789714014
oneD_v2_dbtt_TP_bd5be1610f6e1bce,MOBILE_TRANSPORT_EXTREME,EMISSION,1100.0,61952844.081456214,0.07423772575569687,45695265852.441086,0.0,135787055.5209999,7.160118789714014
oneD_v2_dbtt_TP_bd5be1610f6e1bce,MOBILE_TRANSPORT_EXTREME,EMISSION,1100.0,62801513.17846246,0.07423772575569687,45695265852.441086,0.0,135787055.5209999,7.160118789714014
oneD_v2_dbtt_TP_bd5be1610f6e1bce,MOBILE_TRANSPORT_EXTREME,EMISSION,1100.0,63650182.27546871,0.07423772575569687,45695265852.441086,0.0,135787055.5209999,7.160118789714014
oneD_v2_dbtt_TP_bd5be1610f6e1bce,MOBILE_TRANSPORT_EXTREME,EMISSION,1100.0,64498851.37247496,0.07423772575569687,45695265852.441086,0.0,135787055.5209999,7.160118789714014
oneD_v2_dbtt_TP_bd5be1610f6e1bce,MOBILE_TRANSPORT_EXTREME,EMISSION,1100.0,65347520.46948121,0.07423772575569687,45695265852.441086,0.0,135787055.5209999,7.160118789714014
oneD_v2_dbtt_TP_bd5be1610f6e1bce,MOBILE_TRANSPORT_EXTREME,EMISSION,1100.0,66196189.56648746,0.07423772575569687,45695265852.441086,0.0,135787055.5209999,7.160118789714014
oneD_v2_dbtt_TP_bd5be1610f6e1bce,MOBILE_TRANSPORT_EXTREME,EMISSION,1100.0,67044858.66349371,0.07423772575569687,45695265852.441086,0.0,135787055.5209999,7.160118789714014
oneD_v2_dbtt_TP_bd5be1610f6e1bce,MOBILE_TRANSPORT_EXTREME,EMISSION,1100.0,67893527.76049995,0.07423772575569687,45695265852.441086,0.0,135787055.5209999,7.160118789714014
oneD_v2_dbtt_TP_bd5be1610f6e1bce,MOBILE_TRANSPORT_EXTREME,EMISSION,1100.0,68742196.8575062,0.07423772575569687,45695265852.441086,0.0,135787055.5209999,7.160118789714014
oneD_v2_dbtt_TP_bd5be1610f6e1bce,MOBILE_TRANSPORT_EXTREME,EMISSION,1100.0,69590865.95451246,0.07423772575569687,45695265852.441086,0.0,135787055.5209999,7.160118789714014
oneD_v2_dbtt_TP_bd5be1610f6e1bce,MOBILE_TRANSPORT_EXTREME,EMISSION,1100.0,70439535.05151871,0.07423772575569687,45695265852.441086,0.0,135787055.5209999,7.160118789714014
oneD_v2_dbtt_TP_bd5be1610f6e1bce,MOBILE_TRANSPORT_EXTREME,EMISSION,1100.0,71288204.14852495,0.07423772575569687,45695265852.441086,0.0,135787055.5209999,7.160118789714014
oneD_v2_dbtt_TP_bd5be1610f6e1bce,MOBILE_TRANSPORT_EXTREME,EMISSION,1100.0,72136873.2455312,0.07423772575569687,45695265852.441086,0.0,135787055.5209999,7.160118789714014
oneD_v2_dbtt_TP_bd5be1610f6e1bce,MOBILE_TRANSPORT_EXTREME,EMISSION,1100.0,72985542.34253745,0.07423772575569687,45695265852.441086,0.0,135787055.5209999,7.160118789714014
oneD_v2_dbtt_TP_bd5be1610f6e1bce,MOBILE_TRANSPORT_EXTREME,EMISSION,1100.0,73834211.43954371,0.07423772575569687,45695265852.441086,0.0,135787055.5209999,7.160118789714014
oneD_v2_dbtt_TP_bd5be1610f6e1bce,MOBILE_TRANSPORT_EXTREME,EMISSION,1100.0,74682880.53654996,0.07423772575569687,45695265852.441086,0.0,135787055.5209999,7.160118789714014
oneD_v2_dbtt_TP_bd5be1610f6e1bce,MOBILE_TRANSPORT_EXTREME,EMISSION,1100.0,75531549.6335562,0.07423772575569687,45695265852.441086,0.0,135787055.5209999,7.160118789714014
oneD_v2_dbtt_TP_bd5be1610f6e1bce,MOBILE_TRANSPORT_EXTREME,EMISSION,1100.0,76380218.73056245,0.07423772575569687,45695265852.441086,0.0,135787055.5209999,7.160118789714014
oneD_v2_dbtt_TP_bd5be1610f6e1bce,MOBILE_TRANSPORT_EXTREME,EMISSION,1100.0,77228887.8275687,0.07423772575569687,45695265852.441086,0.0,135787055.5209999,7.160118789714014
oneD_v2_dbtt_TP_bd5be1610f6e1bce,MOBILE_TRANSPORT_EXTREME,EMISSION,1100.0,78077556.92457496,0.07423772575569687,45695265852.441086,0.0,135787055.5209999,7.160118789714014
oneD_v2_dbtt_TP_bd5be1610f6e1bce,MOBILE_TRANSPORT_EXTREME,EMISSION,1100.0,78926226.0215812,0.07423772575569687,45695265852.441086,0.0,135787055.5209999,7.160118789714014
oneD_v2_dbtt_TP_bd5be1610f6e1bce,MOBILE_TRANSPORT_EXTREME,EMISSION,1100.0,79774895.11858745,0.07423772575569687,45695265852.441086,0.0,135787055.5209999,7.160118789714014
oneD_v2_dbtt_TP_bd5be1610f6e1bce,MOBILE_TRANSPORT_EXTREME,EMISSION,1100.0,80623564.2155937,0.07423772575569687,45695265852.441086,0.0,135787055.5209999,7.160118789714014
oneD_v2_dbtt_TP_bd5be1610f6e1bce,MOBILE_TRANSPORT_EXTREME,EMISSION,1100.0,81472233.31259996,0.07423772575569687,45695265852.441086,0.0,135787055.5209999,7.160118789714014
oneD_v2_dbtt_TP_bd5be1610f6e1bce,MOBILE_TRANSPORT_EXTREME,EMISSION,1100.0,82320902.4096062,0.07423772575569687,45695265852.441086,0.0,135787055.5209999,7.160118789714014
oneD_v2_dbtt_TP_bd5be1610f6e1bce,MOBILE_TRANSPORT_EXTREME,EMISSION,1100.0,83169571.50661245,0.07423772575569687,45695265852.441086,0.0,135787055.5209999,7.160118789714014
oneD_v2_dbtt_TP_bd5be1610f6e1bce,MOBILE_TRANSPORT_EXTREME,EMISSION,1100.0,84018240.6036187,0.07423772575569687,45695265852.441086,0.0,135787055.5209999,7.160118789714014
oneD_v2_dbtt_TP_bd5be1610f6e1bce,MOBILE_TRANSPORT_EXTREME,EMISSION,1100.0,84866909.70062494,0.07423772575569687,45695265852.441086,0.0,135787055.5209999,7.160118789714014
oneD_v2_dbtt_TP_bd5be1610f6e1bce,MOBILE_TRANSPORT_EXTREME,EMISSION,1100.0,85715578.7976312,0.07423772575569687,45695265852.441086,0.0,135787055.5209999,7.160118789714014
oneD_v2_dbtt_TP_bd5be1610f6e1bce,MOBILE_TRANSPORT_EXTREME,EMISSION,1100.0,86564247.89463745,0.07423772575569687,45695265852.441086,0.0,135787055.5209999,7.160118789714014
oneD_v2_dbtt_TP_bd5be1610f6e1bce,MOBILE_TRANSPORT_EXTREME,EMISSION,1100.0,87412916.9916437,0.07423772575569687,45695265852.441086,0.0,135787055.5209999,7.160118789714014
oneD_v2_dbtt_TP_bd5be1610f6e1bce,MOBILE_TRANSPORT_EXTREME,EMISSION,1100.0,88261586.08864994,0.07423772575569687,45695265852.441086,0.0,135787055.5209999,7.160118789714014
oneD_v2_dbtt_TP_bd5be1610f6e1bce,MOBILE_TRANSPORT_EXTREME,EMISSION,1100.0,89110255.18565619,0.07423772575569687,45695265852.441086,0.0,135787055.5209999,7.160118789714014
oneD_v2_dbtt_TP_bd5be1610f6e1bce,MOBILE_TRANSPORT_EXTREME,EMISSION,1100.0,89958924.28266245,0.07423772575569687,45695265852.441086,0.0,135787055.5209999,7.160118789714014
oneD_v2_dbtt_TP_bd5be1610f6e1bce,MOBILE_TRANSPORT_EXTREME,EMISSION,1100.0,90807593.3796687,0.07423772575569687,45695265852.441086,0.0,135787055.5209999,7.160118789714014
oneD_v2_dbtt_TP_bd5be1610f6e1bce,MOBILE_TRANSPORT_EXTREME,EMISSION,1100.0,91656262.47667494,0.07423772575569687,45695265852.441086,0.0,135787055.5209999,7.160118789714014
oneD_v2_dbtt_TP_bd5be1610f6e1bce,MOBILE_TRANSPORT_EXTREME,EMISSION,1100.0,92504931.57368119,0.07423772575569687,45695265852.441086,0.0,135787055.5209999,7.160118789714014
oneD_v2_dbtt_TP_bd5be1610f6e1bce,MOBILE_TRANSPORT_EXTREME,EMISSION,1100.0,93353600.67068744,0.07423772575569687,45695265852.441086,0.0,135787055.5209999,7.160118789714014
oneD_v2_dbtt_TP_bd5be1610f6e1bce,MOBILE_TRANSPORT_EXTREME,EMISSION,1100.0,94202269.7676937,0.07423772575569687,45695265852.441086,0.0,135787055.5209999,7.160118789714014
oneD_v2_dbtt_TP_bd5be1610f6e1bce,MOBILE_TRANSPORT_EXTREME,EMISSION,1100.0,95050938.86469994,0.07423772575569687,45695265852.441086,0.0,135787055.5209999,7.160118789714014
oneD_v2_dbtt_TP_bd5be1610f6e1bce,MOBILE_TRANSPORT_EXTREME,EMISSION,1100.0,95899607.96170619,0.07423772575569687,45695265852.441086,0.0,135787055.5209999,7.160118789714014
oneD_v2_dbtt_TP_bd5be1610f6e1bce,MOBILE_TRANSPORT_EXTREME,EMISSION,1100.0,96748277.05871244,0.07423772575569687,45695265852.441086,0.0,135787055.5209999,7.160118789714014
oneD_v2_dbtt_TP_bd5be1610f6e1bce,MOBILE_TRANSPORT_EXTREME,EMISSION,1100.0,97596946.15571868,0.07423772575569687,45695265852.441086,0.0,135787055.5209999,7.160118789714014
oneD_v2_dbtt_TP_bd5be1610f6e1bce,MOBILE_TRANSPORT_EXTREME,EMISSION,1100.0,98445615.25272495,0.07423772575569687,45695265852.441086,0.0,135787055.5209999,7.160118789714014
oneD_v2_dbtt_TP_bd5be1610f6e1bce,MOBILE_TRANSPORT_EXTREME,EMISSION,1100.0,99294284.34973119,0.07423772575569687,45695265852.441086,0.0,135787055.5209999,7.160118789714014
oneD_v2_dbtt_TP_bd5be1610f6e1bce,MOBILE_TRANSPORT_EXTREME,EMISSION,1100.0,100142953.44673744,0.07423772575569687,45695265852.441086,0.0,135787055.5209999,7.160118789714014
oneD_v2_dbtt_TP_bd5be1610f6e1bce,MOBILE_TRANSPORT_EXTREME,EMISSION,1100.0,100991622.54374368,0.07423772575569687,45695265852.441086,0.0,135787055.5209999,7.160118789714014
oneD_v2_dbtt_TP_bd5be1610f6e1bce,MOBILE_TRANSPORT_EXTREME,EMISSION,1100.0,101840291.64074993,0.07423772575569687,45695265852.441086,0.0,135787055.5209999,7.160118789714014
oneD_v2_dbtt_TP_bd5be1610f6e1bce,MOBILE_TRANSPORT_EXTREME,EMISSION,1100.0,102688960.7377562,0.07423772575569687,45695265852.441086,0.0,135787055.5209999,7.160118789714014
oneD_v2_dbtt_TP_bd5be1610f6e1bce,MOBILE_TRANSPORT_EXTREME,EMISSION,1100.0,103537629.83476244,0.07423772575569687,45695265852.441086,0.0,135787055.5209999,7.160118789714014
oneD_v2_dbtt_TP_bd5be1610f6e1bce,MOBILE_TRANSPORT_EXTREME,EMISSION,1100.0,104386298.93176869,0.07423772575569687,45695265852.441086,0.0,135787055.5209999,7.160118789714014
oneD_v2_dbtt_TP_bd5be1610f6e1bce,MOBILE_TRANSPORT_EXTREME,EMISSION,1100.0,105234968.02877493,0.07423772575569687,45695265852.441086,0.0,135787055.5209999,7.160118789714014
oneD_v2_dbtt_TP_bd5be1610f6e1bce,MOBILE_TRANSPORT_EXTREME,EMISSION,1100.0,106083637.12578118,0.07423772575569687,45695265852.441086,0.0,135787055.5209999,7.160118789714014
oneD_v2_dbtt_TP_bd5be1610f6e1bce,MOBILE_TRANSPORT_EXTREME,EMISSION,1100.0,106932306.22278744,0.07423772575569687,45695265852.441086,0.0,135787055.5209999,7.160118789714014
oneD_v2_dbtt_TP_bd5be1610f6e1bce,MOBILE_TRANSPORT_EXTREME,EMISSION,1100.0,107780975.31979369,0.07423772575569687,45695265852.441086,0.0,135787055.5209999,7.160118789714014
oneD_v2_dbtt_TP_bd5be1610f6e1bce,MOBILE_TRANSPORT_EXTREME,EMISSION,1100.0,108629644.41679993,0.07423772575569687,45695265852.441086,0.0,135787055.5209999,7.160118789714014
oneD_v2_dbtt_TP_bd5be1610f6e1bce,MOBILE_TRANSPORT_EXTREME,EMISSION,1100.0,109478313.51380618,0.07423772575569687,45695265852.441086,0.0,135787055.5209999,7.160118789714014
oneD_v2_dbtt_TP_bd5be1610f6e1bce,MOBILE_TRANSPORT_EXTREME,EMISSION,1100.0,110326982.61081243,0.07423772575569687,45695265852.441086,0.0,135787055.5209999,7.160118789714014
oneD_v2_dbtt_TP_bd5be1610f6e1bce,MOBILE_TRANSPORT_EXTREME,EMISSION,1100.0,111175651.70781869,0.07423772575569687,45695265852.441086,0.0,135787055.5209999,7.160118789714014
oneD_v2_dbtt_TP_bd5be1610f6e1bce,MOBILE_TRANSPORT_EXTREME,EMISSION,1100.0,112024320.80482493,0.07423772575569687,45695265852.441086,0.0,135787055.5209999,7.160118789714014
oneD_v2_dbtt_TP_bd5be1610f6e1bce,MOBILE_TRANSPORT_EXTREME,EMISSION,1100.0,112872989.90183118,0.07423772575569687,45695265852.441086,0.0,135787055.5209999,7.160118789714014
oneD_v2_dbtt_TP_bd5be1610f6e1bce,MOBILE_TRANSPORT_EXTREME,EMISSION,1100.0,113721658.99883743,0.07423772575569687,45695265852.441086,0.0,135787055.5209999,7.160118789714014
oneD_v2_dbtt_TP_bd5be1610f6e1bce,MOBILE_TRANSPORT_EXTREME,EMISSION,1100.0,114570328.09584367,0.07423772575569687,45695265852.441086,0.0,135787055.5209999,7.160118789714014
oneD_v2_dbtt_TP_bd5be1610f6e1bce,MOBILE_TRANSPORT_EXTREME,EMISSION,1100.0,115418997.19284993,0.07423772575569687,45695265852.441086,0.0,135787055.5209999,7.160118789714014
oneD_v2_dbtt_TP_bd5be1610f6e1bce,MOBILE_TRANSPORT_EXTREME,EMISSION,1100.0,116267666.28985618,0.07423772575569687,45695265852.441086,0.0,135787055.5209999,7.160118789714014
oneD_v2_dbtt_TP_bd5be1610f6e1bce,MOBILE_TRANSPORT_EXTREME,EMISSION,1100.0,117116335.38686243,0.07423772575569687,45695265852.441086,0.0,135787055.5209999,7.160118789714014
oneD_v2_dbtt_TP_bd5be1610f6e1bce,MOBILE_TRANSPORT_EXTREME,EMISSION,1100.0,117965004.48386867,0.07423772575569687,45695265852.441086,0.0,135787055.5209999,7.160118789714014
oneD_v2_dbtt_TP_bd5be1610f6e1bce,MOBILE_TRANSPORT_EXTREME,EMISSION,1100.0,118813673.58087492,0.07423772575569687,45695265852.441086,0.0,135787055.5209999,7.160118789714014
oneD_v2_dbtt_TP_bd5be1610f6e1bce,MOBILE_TRANSPORT_EXTREME,EMISSION,1100.0,119662342.67788118,0.07423772575569687,45695265852.441086,0.0,135787055.5209999,7.160118789714014
oneD_v2_dbtt_TP_bd5be1610f6e1bce,MOBILE_TRANSPORT_EXTREME,EMISSION,1100.0,120511011.77488743,0.07423772575569687,45695265852.441086,0.0,135787055.5209999,7.160118789714014
oneD_v2_dbtt_TP_bd5be1610f6e1bce,MOBILE_TRANSPORT_EXTREME,EMISSION,1100.0,121359680.87189367,0.07423772575569687,45695265852.441086,0.0,135787055.5209999,7.160118789714014
oneD_v2_dbtt_TP_bd5be1610f6e1bce,MOBILE_TRANSPORT_EXTREME,EMISSION,1100.0,122208349.96889992,0.07423772575569687,45695265852.441086,0.0,135787055.5209999,7.160118789714014
oneD_v2_dbtt_TP_bd5be1610f6e1bce,MOBILE_TRANSPORT_EXTREME,EMISSION,1100.0,123057019.06590617,0.07423772575569687,45695265852.441086,0.0,135787055.5209999,7.160118789714014
oneD_v2_dbtt_TP_bd5be1610f6e1bce,MOBILE_TRANSPORT_EXTREME,EMISSION,1100.0,123905688.16291243,0.07423772575569687,45695265852.441086,0.0,135787055.5209999,7.160118789714014
oneD_v2_dbtt_TP_bd5be1610f6e1bce,MOBILE_TRANSPORT_EXTREME,EMISSION,1100.0,124754357.25991867,0.07423772575569687,45695265852.441086,0.0,135787055.5209999,7.160118789714014
oneD_v2_dbtt_TP_bd5be1610f6e1bce,MOBILE_TRANSPORT_EXTREME,EMISSION,1100.0,125603026.35692492,0.07423772575569687,45695265852.441086,0.0,135787055.5209999,7.160118789714014
oneD_v2_dbtt_TP_bd5be1610f6e1bce,MOBILE_TRANSPORT_EXTREME,EMISSION,1100.0,126451695.45393117,0.07423772575569687,45695265852.441086,0.0,135787055.5209999,7.160118789714014
oneD_v2_dbtt_TP_bd5be1610f6e1bce,MOBILE_TRANSPORT_EXTREME,EMISSION,1100.0,127300364.55093741,0.07423772575569687,45695265852.441086,0.0,135787055.5209999,7.160118789714014
oneD_v2_dbtt_TP_bd5be1610f6e1bce,MOBILE_TRANSPORT_EXTREME,EMISSION,1100.0,128149033.64794368,0.07423772575569687,45695265852.441086,0.0,135787055.5209999,7.160118789714014
oneD_v2_dbtt_TP_bd5be1610f6e1bce,MOBILE_TRANSPORT_EXTREME,EMISSION,1100.0,128997702.74494992,0.07423772575569687,45695265852.441086,0.0,135787055.5209999,7.160118789714014
oneD_v2_dbtt_TP_bd5be1610f6e1bce,MOBILE_TRANSPORT_EXTREME,EMISSION,1100.0,129846371.84195617,0.07423772575569687,45695265852.441086,0.0,135787055.5209999,7.160118789714014
oneD_v2_dbtt_TP_bd5be1610f6e1bce,MOBILE_TRANSPORT_EXTREME,EMISSION,1100.0,130695040.93896241,0.07423772575569687,45695265852.441086,0.0,135787055.5209999,7.160118789714014
oneD_v2_dbtt_TP_bd5be1610f6e1bce,MOBILE_TRANSPORT_EXTREME,EMISSION,1100.0,131543710.03596866,0.07423772575569687,45695265852.441086,0.0,135787055.5209999,7.160118789714014
oneD_v2_dbtt_TP_bd5be1610f6e1bce,MOBILE_TRANSPORT_EXTREME,EMISSION,1100.0,132392379.13297492,0.07423772575569687,45695265852.441086,0.0,135787055.5209999,7.160118789714014
oneD_v2_dbtt_TP_bd5be1610f6e1bce,MOBILE_TRANSPORT_EXTREME,EMISSION,1100.0,133241048.22998117,0.07423772575569687,45695265852.441086,0.0,135787055.5209999,7.160118789714014
oneD_v2_dbtt_TP_bd5be1610f6e1bce,MOBILE_TRANSPORT_EXTREME,EMISSION,1100.0,134089717.32698742,0.07423772575569687,45695265852.441086,0.0,135787055.5209999,7.160118789714014
oneD_v2_dbtt_TP_bd5be1610f6e1bce,MOBILE_TRANSPORT_EXTREME,EMISSION,1100.0,134938386.42399368,0.07423772575569687,45695265852.441086,0.0,135787055.5209999,7.160118789714014
oneD_v2_dbtt_TP_bd5be1610f6e1bce,MOBILE_TRANSPORT_EXTREME,EMISSION,1100.0,135787055.5209999,0.07423772575569687,45695265852.441086,0.0,135787055.5209999,7.160118789714014
oneD_v2_dbtt_TP_bd5be1610f6e1bce,MOBILE_TRANSPORT_EXTREME,CLEAVAGE_MULTIHIT,1100.0,0.0,5.827539788423184,1.3279778793523964e-57,136053595.90100625,12431200302.70838,5.827539788423184
oneD_v2_dbtt_TP_bd5be1610f6e1bce,MOBILE_TRANSPORT_EXTREME,CLEAVAGE_MULTIHIT,1100.0,77695001.89192738,5.827507762604253,1.329324567007434e-57,136053595.90100625,12431200302.70838,5.827539788423184
oneD_v2_dbtt_TP_bd5be1610f6e1bce,MOBILE_TRANSPORT_EXTREME,CLEAVAGE_MULTIHIT,1100.0,155390003.78385475,5.827343075663541,1.3362712609279424e-57,136053595.90100625,12431200302.70838,5.827539788423184
oneD_v2_dbtt_TP_bd5be1610f6e1bce,MOBILE_TRANSPORT_EXTREME,CLEAVAGE_MULTIHIT,1100.0,233085005.67578214,5.8269709789717945,1.3521007112290524e-57,136053595.90100625,12431200302.70838,5.827539788423184
oneD_v2_dbtt_TP_bd5be1610f6e1bce,MOBILE_TRANSPORT_EXTREME,CLEAVAGE_MULTIHIT,1100.0,310780007.5677095,5.826331606284254,1.3797395792721918e-57,136053595.90100625,12431200302.70838,5.827539788423184
oneD_v2_dbtt_TP_bd5be1610f6e1bce,MOBILE_TRANSPORT_EXTREME,CLEAVAGE_MULTIHIT,1100.0,388475009.45963687,5.825372663000494,1.422255604692129e-57,136053595.90100625,12431200302.70838,5.827539788423184
oneD_v2_dbtt_TP_bd5be1610f6e1bce,MOBILE_TRANSPORT_EXTREME,CLEAVAGE_MULTIHIT,1100.0,466170011.3515643,5.824046829620404,1.483204499419623e-57,136053595.90100625,12431200302.70838,5.827539788423184
oneD_v2_dbtt_TP_bd5be1610f6e1bce,MOBILE_TRANSPORT_EXTREME,CLEAVAGE_MULTIHIT,1100.0,543865013.2434916,5.8223104409129895,1.5669943692207526e-57,136053595.90100625,12431200302.70838,5.827539788423184
oneD_v2_dbtt_TP_bd5be1610f6e1bce,MOBILE_TRANSPORT_EXTREME,CLEAVAGE_MULTIHIT,1100.0,621560015.135419,5.820122703393898,1.679335849109745e-57,136053595.90100625,12431200302.70838,5.827539788423184
oneD_v2_dbtt_TP_bd5be1610f6e1bce,MOBILE_TRANSPORT_EXTREME,CLEAVAGE_MULTIHIT,1100.0,699255017.0273464,5.817445188691429,1.8278459715605973e-57,136053595.90100625,12431200302.70838,5.827539788423184
oneD_v2_dbtt_TP_bd5be1610f6e1bce,MOBILE_TRANSPORT_EXTREME,CLEAVAGE_MULTIHIT,1100.0,776950018.9192737,5.814241486085909,2.0228980995573323e-57,136053595.90100625,12431200302.70838,5.827539788423184
oneD_v2_dbtt_TP_bd5be1610f6e1bce,MOBILE_TRANSPORT_EXTREME,CLEAVAGE_MULTIHIT,1100.0,854645020.8112011,5.810476954660413,2.2788562176747223e-57,136053595.90100625,12431200302.70838,5.827539788423184
oneD_v2_dbtt_TP_bd5be1610f6e1bce,MOBILE_TRANSPORT_EXTREME,CLEAVAGE_MULTIHIT,1100.0,932340022.7031286,5.806118541621703,2.6159091462544527e-57,136053595.90100625,12431200302.70838,5.827539788423184
oneD_v2_dbtt_TP_bd5be1610f6e1bce,MOBILE_TRANSPORT_EXTREME,CLEAVAGE_MULTIHIT,1100.0,1010035024.5950559,5.801134646634504,3.062848696305101e-57,136053595.90100625,12431200302.70838,5.827539788423184
oneD_v2_dbtt_TP_bd5be1610f6e1bce,MOBILE_TRANSPORT_EXTREME,CLEAVAGE_MULTIHIT,1100.0,1087730026.4869833,5.79549501932924,3.661351062081116e-57,136053595.90100625,12431200302.70838,5.827539788423184
oneD_v2_dbtt_TP_bd5be1610f6e1bce,MOBILE_TRANSPORT_EXTREME,CLEAVAGE_MULTIHIT,1100.0,1165425028.3789105,5.789170681431973,4.472686366055159e-57,136053595.90100625,12431200302.70838,5.827539788423184
oneD_v2_dbtt_TP_bd5be1610f6e1bce,MOBILE_TRANSPORT_EXTREME,CLEAVAGE_MULTIHIT,1100.0,1243120030.270838,5.782133867607876,5.588411700539987e-57,136053595.90100625,12431200302.70838,5.827539788423184
oneD_v2_dbtt_TP_bd5be1610f6e1bce,MOBILE_TRANSPORT_EXTREME,CLEAVAGE_MULTIHIT,1100.0,1320815032.1627655,5.774357980806163,7.147707762204642e-57,136053595.90100625,12431200302.70838,5.827539788423184
oneD_v2_dbtt_TP_bd5be1610f6e1bce,MOBILE_TRANSPORT_EXTREME,CLEAVAGE_MULTIHIT,1100.0,1398510034.0546927,5.765817559021969,9.365988080586195e-57,136053595.90100625,12431200302.70838,5.827539788423184
oneD_v2_dbtt_TP_bd5be1610f6e1bce,MOBILE_TRANSPORT_EXTREME,CLEAVAGE_MULTIHIT,1100.0,1476205035.9466202,5.756488251162339,1.258298080559939e-56,136053595.90100625,12431200302.70838,5.827539788423184
oneD_v2_dbtt_TP_bd5be1610f6e1bce,MOBILE_TRANSPORT_EXTREME,CLEAVAGE_MULTIHIT,1100.0,1553900037.8385475,5.746346800245079,1.7345077779640977e-56,136053595.90100625,12431200302.70838,5.827539788423184
oneD_v2_dbtt_TP_bd5be1610f6e1bce,MOBILE_TRANSPORT_EXTREME,CLEAVAGE_MULTIHIT,1100.0,1631595039.730475,5.735371032547964,2.454915386314792e-56,136053595.90100625,12431200302.70838,5.827539788423184
oneD_v2_dbtt_TP_bd5be1610f6e1bce,MOBILE_TRANSPORT_EXTREME,CLEAVAGE_MULTIHIT,1100.0,1709290041.6224022,5.7235398516100915,3.5698858581505687e-56,136053595.90100625,12431200302.70838,5.827539788423184
oneD_v2_dbtt_TP_bd5be1610f6e1bce,MOBILE_TRANSPORT_EXTREME,CLEAVAGE_MULTIHIT,1100.0,1786985043.5143297,5.7108332361988925,5.337093953241088e-56,136053595.90100625,12431200302.70838,5.827539788423184
oneD_v2_dbtt_TP_bd5be1610f6e1bce,MOBILE_TRANSPORT_EXTREME,CLEAVAGE_MULTIHIT,1100.0,1864680045.4062572,5.697232241516338,8.208210291523688e-56,136053595.90100625,12431200302.70838,5.827539788423184
oneD_v2_dbtt_TP_bd5be1610f6e1bce,MOBILE_TRANSPORT_EXTREME,CLEAVAGE_MULTIHIT,1100.0,1942375047.2981844,5.682719003040559,1.299363773508605e-55,136053595.90100625,12431200302.70838,5.827539788423184
oneD_v2_dbtt_TP_bd5be1610f6e1bce,MOBILE_TRANSPORT_EXTREME,CLEAVAGE_MULTIHIT,1100.0,2020070049.1901119,5.667276742494419,2.1182748163571294e-55,136053595.90100625,12431200302.70838,5.827539788423184
oneD_v2_dbtt_TP_bd5be1610f6e1bce,MOBILE_TRANSPORT_EXTREME,CLEAVAGE_MULTIHIT,1100.0,2097765051.082039,5.65088977550745,3.558104505120842e-55,136053595.90100625,12431200302.70838,5.827539788423184
oneD_v2_dbtt_TP_bd5be1610f6e1bce,MOBILE_TRANSPORT_EXTREME,CLEAVAGE_MULTIHIT,1100.0,2175460052.9739666,5.6335435205971285,6.1608461609705235e-55,136053595.90100625,12431200302.70838,5.827539788423184
oneD_v2_dbtt_TP_bd5be1610f6e1bce,MOBILE_TRANSPORT_EXTREME,CLEAVAGE_MULTIHIT,1100.0,2253155054.865894,5.615224509143307,1.100100650776988e-54,136053595.90100625,12431200302.70838,5.827539788423184
oneD_v2_dbtt_TP_bd5be1610f6e1bce,MOBILE_TRANSPORT_EXTREME,CLEAVAGE_MULTIHIT,1100.0,2330850056.757821,5.595920396068413,2.0265837333136937e-54,136053595.90100625,12431200302.70838,5.827539788423184
oneD_v2_dbtt_TP_bd5be1610f6e1bce,MOBILE_TRANSPORT_EXTREME,CLEAVAGE_MULTIHIT,1100.0,2408545058.649749,5.57561997096798,3.852927545374933e-54,136053595.90100625,12431200302.70838,5.827539788423184
oneD_v2_dbtt_TP_bd5be1610f6e1bce,MOBILE_TRANSPORT_EXTREME,CLEAVAGE_MULTIHIT,1100.0,2486240060.541676,5.554313169462408,7.562225511457722e-54,136053595.90100625,12431200302.70838,5.827539788423184
oneD_v2_dbtt_TP_bd5be1610f6e1bce,MOBILE_TRANSPORT_EXTREME,CLEAVAGE_MULTIHIT,1100.0,2563935062.4336033,5.5319910845630424,1.5327217625714547e-53,136053595.90100625,12431200302.70838,5.827539788423184
oneD_v2_dbtt_TP_bd5be1610f6e1bce,MOBILE_TRANSPORT_EXTREME,CLEAVAGE_MULTIHIT,1100.0,2641630064.325531,5.508645977864394,3.2087678988170347e-53,136053595.90100625,12431200302.70838,5.827539788423184
oneD_v2_dbtt_TP_bd5be1610f6e1bce,MOBILE_TRANSPORT_EXTREME,CLEAVAGE_MULTIHIT,1100.0,2719325066.2174582,5.484271290390377,6.9400838481626445e-53,136053595.90100625,12431200302.70838,5.827539788423184
oneD_v2_dbtt_TP_bd5be1610f6e1bce,MOBILE_TRANSPORT_EXTREME,CLEAVAGE_MULTIHIT,1100.0,2797020068.1093855,5.458861652936392,1.5510163024041486e-52,136053595.90100625,12431200302.70838,5.827539788423184
oneD_v2_dbtt_TP_bd5be1610f6e1bce,MOBILE_TRANSPORT_EXTREME,CLEAVAGE_MULTIHIT,1100.0,2874715070.0013127,5.432412895761296,3.582205958977079e-52,136053595.90100625,12431200302.70838,5.827539788423184
oneD_v2_dbtt_TP_bd5be1610f6e1bce,MOBILE_TRANSPORT_EXTREME,CLEAVAGE_MULTIHIT,1100.0,2952410071.8932405,5.40492205749418,8.550824427892498e-52,136053595.90100625,12431200302.70838,5.827539788423184
oneD_v2_dbtt_TP_bd5be1610f6e1bce,MOBILE_TRANSPORT_EXTREME,CLEAVAGE_MULTIHIT,1100.0,3030105073.7851677,5.376387393130668,2.109660926159751e-51,136053595.90100625,12431200302.70838,5.827539788423184
oneD_v2_dbtt_TP_bd5be1610f6e1bce,MOBILE_TRANSPORT_EXTREME,CLEAVAGE_MULTIHIT,1100.0,3107800075.677095,5.346808381002346,5.379869389223612e-51,136053595.90100625,12431200302.70838,5.827539788423184
oneD_v2_dbtt_TP_bd5be1610f6e1bce,MOBILE_TRANSPORT_EXTREME,CLEAVAGE_MULTIHIT,1100.0,3185495077.5690227,5.316185728611274,1.4179975598217414e-50,136053595.90100625,12431200302.70838,5.827539788423184
oneD_v2_dbtt_TP_bd5be1610f6e1bce,MOBILE_TRANSPORT_EXTREME,CLEAVAGE_MULTIHIT,1100.0,3263190079.46095,5.2845213772291375,3.8627555998835016e-50,136053595.90100625,12431200302.70838,5.827539788423184
oneD_v2_dbtt_TP_bd5be1610f6e1bce,MOBILE_TRANSPORT_EXTREME,CLEAVAGE_MULTIHIT,1100.0,3340885081.352877,5.251818505168,1.0874099151780905e-49,136053595.90100625,12431200302.70838,5.827539788423184
oneD_v2_dbtt_TP_bd5be1610f6e1bce,MOBILE_TRANSPORT_EXTREME,CLEAVAGE_MULTIHIT,1100.0,3418580083.2448044,5.21808152963656,3.1630273207653822e-49,136053595.90100625,12431200302.70838,5.827539788423184
oneD_v2_dbtt_TP_bd5be1610f6e1bce,MOBILE_TRANSPORT_EXTREME,CLEAVAGE_MULTIHIT,1100.0,3496275085.136732,5.183316107102578,9.504919587607765e-49,136053595.90100625,12431200302.70838,5.827539788423184
oneD_v2_dbtt_TP_bd5be1610f6e1bce,MOBILE_TRANSPORT_EXTREME,CLEAVAGE_MULTIHIT,1100.0,3573970087.0286593,5.1475291320887155,2.9500884423138245e-48,136053595.90100625,12431200302.70838,5.827539788423184
oneD_v2_dbtt_TP_bd5be1610f6e1bce,MOBILE_TRANSPORT_EXTREME,CLEAVAGE_MULTIHIT,1100.0,3651665088.9205866,5.110728734335478,9.454769996033283e-48,136053595.90100625,12431200302.70838,5.827539788423184
oneD_v2_dbtt_TP_bd5be1610f6e1bce,MOBILE_TRANSPORT_EXTREME,CLEAVAGE_MULTIHIT,1100.0,3729360090.8125143,5.072924274271319,3.1280060615882115e-47,136053595.90100625,12431200302.70838,5.827539788423184
oneD_v2_dbtt_TP_bd5be1610f6e1bce,MOBILE_TRANSPORT_EXTREME,CLEAVAGE_MULTIHIT,1100.0,3807055092.7044415,5.034126336736301,1.0679216770224613e-46,136053595.90100625,12431200302.70838,5.827539788423184
oneD_v2_dbtt_TP_bd5be1610f6e1bce,MOBILE_TRANSPORT_EXTREME,CLEAVAGE_MULTIHIT,1100.0,3884750094.596369,4.994346722911953,3.761007600448333e-46,136053595.90100625,12431200302.70838,5.827539788423184
oneD_v2_dbtt_TP_bd5be1610f6e1bce,MOBILE_TRANSPORT_EXTREME,CLEAVAGE_MULTIHIT,1100.0,3962445096.488296,4.953598440416292,1.365787788207135e-45,136053595.90100625,12431200302.70838,5.827539788423184
oneD_v2_dbtt_TP_bd5be1610f6e1bce,MOBILE_TRANSPORT_EXTREME,CLEAVAGE_MULTIHIT,1100.0,4040140098.3802238,4.911895691529274,5.1118868994836443e-45,136053595.90100625,12431200302.70838,5.827539788423184
oneD_v2_dbtt_TP_bd5be1610f6e1bce,MOBILE_TRANSPORT_EXTREME,CLEAVAGE_MULTIHIT,1100.0,4117835100.272151,4.869253859520175,1.9710008154995892e-44,136053595.90100625,12431200302.70838,5.827539788423184
oneD_v2_dbtt_TP_bd5be1610f6e1bce,MOBILE_TRANSPORT_EXTREME,CLEAVAGE_MULTIHIT,1100.0,4195530102.164078,4.825689493054819,7.824785998751377e-44,136053595.90100625,12431200302.70838,5.827539788423184
oneD_v2_dbtt_TP_bd5be1610f6e1bce,MOBILE_TRANSPORT_EXTREME,CLEAVAGE_MULTIHIT,1100.0,4273225104.0560055,4.781220288666862,3.1966493128367737e-43,136053595.90100625,12431200302.70838,5.827539788423184
oneD_v2_dbtt_TP_bd5be1610f6e1bce,MOBILE_TRANSPORT_EXTREME,CLEAVAGE_MULTIHIT,1100.0,4350920105.947933,4.735865071283708,1.3430606843799224e-42,136053595.90100625,12431200302.70838,5.827539788423184
oneD_v2_dbtt_TP_bd5be1610f6e1bce,MOBILE_TRANSPORT_EXTREME,CLEAVAGE_MULTIHIT,1100.0,4428615107.839861,4.689643772804038,5.799631925483474e-42,136053595.90100625,12431200302.70838,5.827539788423184
oneD_v2_dbtt_TP_bd5be1610f6e1bce,MOBILE_TRANSPORT_EXTREME,CLEAVAGE_MULTIHIT,1100.0,4506310109.731788,4.642577408730303,2.57229354035183e-41,136053595.90100625,12431200302.70838,5.827539788423184
oneD_v2_dbtt_TP_bd5be1610f6e1bce,MOBILE_TRANSPORT_EXTREME,CLEAVAGE_MULTIHIT,1100.0,4584005111.623715,4.594688052865918,1.1709882054204439e-40,136053595.90100625,12431200302.70838,5.827539788423184
oneD_v2_dbtt_TP_bd5be1610f6e1bce,MOBILE_TRANSPORT_EXTREME,CLEAVAGE_MULTIHIT,1100.0,4661700113.515642,4.545998810093292,5.467374710605653e-40,136053595.90100625,12431200302.70838,5.827539788423184
oneD_v2_dbtt_TP_bd5be1610f6e1bce,MOBILE_TRANSPORT_EXTREME,CLEAVAGE_MULTIHIT,1100.0,4739395115.40757,4.496533787255115,2.616183117576648e-39,136053595.90100625,12431200302.70838,5.827539788423184
oneD_v2_dbtt_TP_bd5be1610f6e1bce,MOBILE_TRANSPORT_EXTREME,CLEAVAGE_MULTIHIT,1100.0,4817090117.299498,4.446318062167744,1.2819636988057768e-38,136053595.90100625,12431200302.70838,5.827539788423184
oneD_v2_dbtt_TP_bd5be1610f6e1bce,MOBILE_TRANSPORT_EXTREME,CLEAVAGE_MULTIHIT,1100.0,4894785119.191424,4.395377650801643,6.427528634660989e-38,136053595.90100625,12431200302.70838,5.827539788423184
oneD_v2_dbtt_TP_bd5be1610f6e1bce,MOBILE_TRANSPORT_EXTREME,CLEAVAGE_MULTIHIT,1100.0,4972480121.083352,4.343739472670137,3.294602411299555e-37,136053595.90100625,12431200302.70838,5.827539788423184
oneD_v2_dbtt_TP_bd5be1610f6e1bce,MOBILE_TRANSPORT_EXTREME,CLEAVAGE_MULTIHIT,1100.0,5050175122.97528,4.291431314473783,1.7249272337049238e-36,136053595.90100625,12431200302.70838,5.827539788423184
oneD_v2_dbtt_TP_bd5be1610f6e1bce,MOBILE_TRANSPORT_EXTREME,CLEAVAGE_MULTIHIT,1100.0,5127870124.867207,4.238481792053633,9.216244779078214e-36,136053595.90100625,12431200302.70838,5.827539788423184
oneD_v2_dbtt_TP_bd5be1610f6e1bce,MOBILE_TRANSPORT_EXTREME,CLEAVAGE_MULTIHIT,1100.0,5205565126.759134,4.184920310712566,5.0205177409614e-35,136053595.90100625,12431200302.70838,5.827539788423184
oneD_v2_dbtt_TP_bd5be1610f6e1bce,MOBILE_TRANSPORT_EXTREME,CLEAVAGE_MULTIHIT,1100.0,5283260128.651062,4.130777023969588,2.785735245727575e-34,136053595.90100625,12431200302.70838,5.827539788423184
oneD_v2_dbtt_TP_bd5be1610f6e1bce,MOBILE_TRANSPORT_EXTREME,CLEAVAGE_MULTIHIT,1100.0,5360955130.542989,4.076082790817505,1.572909905642452e-33,136053595.90100625,12431200302.70838,5.827539788423184
oneD_v2_dbtt_TP_bd5be1610f6e1bce,MOBILE_TRANSPORT_EXTREME,CLEAVAGE_MULTIHIT,1100.0,5438650132.4349165,4.020869131559824,9.028327189018692e-33,136053595.90100625,12431200302.70838,5.827539788423184
oneD_v2_dbtt_TP_bd5be1610f6e1bce,MOBILE_TRANSPORT_EXTREME,CLEAVAGE_MULTIHIT,1100.0,5516345134.326843,3.965168182307854,5.2626981302226e-32,136053595.90100625,12431200302.70838,5.827539788423184
oneD_v2_dbtt_TP_bd5be1610f6e1bce,MOBILE_TRANSPORT_EXTREME,CLEAVAGE_MULTIHIT,1100.0,5594040136.218771,3.909012648223955,3.112130712367078e-31,136053595.90100625,12431200302.70838,5.827539788423184
oneD_v2_dbtt_TP_bd5be1610f6e1bce,MOBILE_TRANSPORT_EXTREME,CLEAVAGE_MULTIHIT,1100.0,5671735138.110699,3.8524357556016113,1.865085343210441e-30,136053595.90100625,12431200302.70838,5.827539788423184
oneD_v2_dbtt_TP_bd5be1610f6e1bce,MOBILE_TRANSPORT_EXTREME,CLEAVAGE_MULTIHIT,1100.0,5749430140.002625,3.7954712028774273,1.1315348094434007e-29,136053595.90100625,12431200302.70838,5.827539788423184
oneD_v2_dbtt_TP_bd5be1610f6e1bce,MOBILE_TRANSPORT_EXTREME,CLEAVAGE_MULTIHIT,1100.0,5827125141.894553,3.738153110674352,6.942189672935022e-29,136053595.90100625,12431200302.70838,5.827539788423184
oneD_v2_dbtt_TP_bd5be1610f6e1bce,MOBILE_TRANSPORT_EXTREME,CLEAVAGE_MULTIHIT,1100.0,5904820143.786481,3.6805159709793234,4.30239511191594e-28,136053595.90100625,12431200302.70838,5.827539788423184
oneD_v2_dbtt_TP_bd5be1610f6e1bce,MOBILE_TRANSPORT_EXTREME,CLEAVAGE_MULTIHIT,1100.0,5982515145.678408,3.622594595562077,2.6904869197038773e-27,136053595.90100625,12431200302.70838,5.827539788423184
oneD_v2_dbtt_TP_bd5be1610f6e1bce,MOBILE_TRANSPORT_EXTREME,CLEAVAGE_MULTIHIT,1100.0,6060210147.570335,3.5644240637451374,1.6958057197042845e-26,136053595.90100625,12431200302.70838,5.827539788423184
oneD_v2_dbtt_TP_bd5be1610f6e1bce,MOBILE_TRANSPORT_EXTREME,CLEAVAGE_MULTIHIT,1100.0,6137905149.462263,3.506039669637914,1.0761202689724903e-25,136053595.90100625,12431200302.70838,5.827539788423184
oneD_v2_dbtt_TP_bd5be1610f6e1bce,MOBILE_TRANSPORT_EXTREME,CLEAVAGE_MULTIHIT,1100.0,6215600151.35419,3.44747686895037,6.867484673814348e-25,136053595.90100625,12431200302.70838,5.827539788423184
oneD_v2_dbtt_TP_bd5be1610f6e1bce,MOBILE_TRANSPORT_EXTREME,CLEAVAGE_MULTIHIT,1100.0,6293295153.246118,3.388771225503922,4.4024855426793464e-24,136053595.90100625,12431200302.70838,5.827539788423184
oneD_v2_dbtt_TP_bd5be1610f6e1bce,MOBILE_TRANSPORT_EXTREME,CLEAVAGE_MULTIHIT,1100.0,6370990155.138045,3.3299583575590597,2.831861196432287e-23,136053595.90100625,12431200302.70838,5.827539788423184
oneD_v2_dbtt_TP_bd5be1610f6e1bce,MOBILE_TRANSPORT_EXTREME,CLEAVAGE_MULTIHIT,1100.0,6448685157.029972,3.2710738840805664,1.8257032723503359e-22,136053595.90100625,12431200302.70838,5.827539788423184
oneD_v2_dbtt_TP_bd5be1610f6e1bce,MOBILE_TRANSPORT_EXTREME,CLEAVAGE_MULTIHIT,1100.0,6526380158.9219,3.2121533710622536,1.1783757140855497e-21,136053595.90100625,12431200302.70838,5.827539788423184
oneD_v2_dbtt_TP_bd5be1610f6e1bce,MOBILE_TRANSPORT_EXTREME,CLEAVAGE_MULTIHIT,1100.0,6604075160.813827,3.15323227803378,7.605807763879494e-21,136053595.90100625,12431200302.70838,5.827539788423184
oneD_v2_dbtt_TP_bd5be1610f6e1bce,MOBILE_TRANSPORT_EXTREME,CLEAVAGE_MULTIHIT,1100.0,6681770162.705754,3.094345904872268,4.9037654092660544e-20,136053595.90100625,12431200302.70838,5.827539788423184
oneD_v2_dbtt_TP_bd5be1610f6e1bce,MOBILE_TRANSPORT_EXTREME,CLEAVAGE_MULTIHIT,1100.0,6759465164.597682,3.0355293390413225,3.1546743532949827e-19,136053595.90100625,12431200302.70838,5.827539788423184
oneD_v2_dbtt_TP_bd5be1610f6e1bce,MOBILE_TRANSPORT_EXTREME,CLEAVAGE_MULTIHIT,1100.0,6837160166.489609,2.9768174033793504,2.022745561268299e-18,136053595.90100625,12431200302.70838,5.827539788423184
oneD_v2_dbtt_TP_bd5be1610f6e1bce,MOBILE_TRANSPORT_EXTREME,CLEAVAGE_MULTIHIT,1100.0,6914855168.3815365,2.918244604558126,1.2912655385026447e-17,136053595.90100625,12431200302.70838,5.827539788423184
oneD_v2_dbtt_TP_bd5be1610f6e1bce,MOBILE_TRANSPORT_EXTREME,CLEAVAGE_MULTIHIT,1100.0,6992550170.273464,2.8598450823310584,8.198005367860755e-17,136053595.90100625,12431200302.70838,5.827539788423184
oneD_v2_dbtt_TP_bd5be1610f6e1bce,MOBILE_TRANSPORT_EXTREME,CLEAVAGE_MULTIHIT,1100.0,7070245172.165391,2.8016525596887862,5.170775089507808e-16,136053595.90100625,12431200302.70838,5.827539788423184
oneD_v2_dbtt_TP_bd5be1610f6e1bce,MOBILE_TRANSPORT_EXTREME,CLEAVAGE_MULTIHIT,1100.0,7147940174.057319,2.7437002940374486,3.236687592548083e-15,136053595.90100625,12431200302.70838,5.827539788423184
oneD_v2_dbtt_TP_bd5be1610f6e1bce,MOBILE_TRANSPORT_EXTREME,CLEAVAGE_MULTIHIT,1100.0,7225635175.949246,2.686021029512362,2.0086003100431002e-14,136053595.90100625,12431200302.70838,5.827539788423184
oneD_v2_dbtt_TP_bd5be1610f6e1bce,MOBILE_TRANSPORT_EXTREME,CLEAVAGE_MULTIHIT,1100.0,7303330177.841173,2.6286469505367145,1.2345010902749395e-13,136053595.90100625,12431200302.70838,5.827539788423184
oneD_v2_dbtt_TP_bd5be1610f6e1bce,MOBILE_TRANSPORT_EXTREME,CLEAVAGE_MULTIHIT,1100.0,7381025179.733101,2.5716096367315417,7.506898333933623e-13,136053595.90100625,12431200302.70838,5.827539788423184
oneD_v2_dbtt_TP_bd5be1610f6e1bce,MOBILE_TRANSPORT_EXTREME,CLEAVAGE_MULTIHIT,1100.0,7458720181.625029,2.5149400192793956,4.512066197951493e-12,136053595.90100625,12431200302.70838,5.827539788423184
oneD_v2_dbtt_TP_bd5be1610f6e1bce,MOBILE_TRANSPORT_EXTREME,CLEAVAGE_MULTIHIT,1100.0,7536415183.516955,2.4586683388399657,2.678060932760344e-11,136053595.90100625,12431200302.70838,5.827539788423184
oneD_v2_dbtt_TP_bd5be1610f6e1bce,MOBILE_TRANSPORT_EXTREME,CLEAVAGE_MULTIHIT,1100.0,7614110185.408883,2.40282410511145,1.5681573090069901e-10,136053595.90100625,12431200302.70838,5.827539788423184
oneD_v2_dbtt_TP_bd5be1610f6e1bce,MOBILE_TRANSPORT_EXTREME,CLEAVAGE_MULTIHIT,1100.0,7691805187.30081,2.3474360581266374,9.050810423287869e-10,136053595.90100625,12431200302.70838,5.827539788423184
oneD_v2_dbtt_TP_bd5be1610f6e1bce,MOBILE_TRANSPORT_EXTREME,CLEAVAGE_MULTIHIT,1100.0,7769500189.192738,2.2925321313675147,5.144334401980965e-09,136053595.90100625,12431200302.70838,5.827539788423184
oneD_v2_dbtt_TP_bd5be1610f6e1bce,MOBILE_TRANSPORT_EXTREME,CLEAVAGE_MULTIHIT,1100.0,7847195191.084665,2.2381394167768516,2.8770072348837078e-08,136053595.90100625,12431200302.70838,5.827539788423184
oneD_v2_dbtt_TP_bd5be1610f6e1bce,MOBILE_TRANSPORT_EXTREME,CLEAVAGE_MULTIHIT,1100.0,7924890192.976592,2.1842841317395054,1.5818302360068208e-07,136053595.90100625,12431200302.70838,5.827539788423184
oneD_v2_dbtt_TP_bd5be1610f6e1bce,MOBILE_TRANSPORT_EXTREME,CLEAVAGE_MULTIHIT,1100.0,8002585194.86852,2.130991588100264,8.54345853834911e-07,136053595.90100625,12431200302.70838,5.827539788423184
oneD_v2_dbtt_TP_bd5be1610f6e1bce,MOBILE_TRANSPORT_EXTREME,CLEAVAGE_MULTIHIT,1100.0,8080280196.7604475,2.0782861632789436,4.529185241195691e-06,136053595.90100625,12431200302.70838,5.827539788423184
oneD_v2_dbtt_TP_bd5be1610f6e1bce,MOBILE_TRANSPORT_EXTREME,CLEAVAGE_MULTIHIT,1100.0,8157975198.652374,2.0261912735370773,2.3549666977921014e-05,136053595.90100625,12431200302.70838,5.827539788423184
oneD_v2_dbtt_TP_bd5be1610f6e1bce,MOBILE_TRANSPORT_EXTREME,CLEAVAGE_MULTIHIT,1100.0,8235670200.544302,1.9747293494440494,0.00012000486362365437,136053595.90100625,12431200302.70838,5.827539788423184
oneD_v2_dbtt_TP_bd5be1610f6e1bce,MOBILE_TRANSPORT_EXTREME,CLEAVAGE_MULTIHIT,1100.0,8313365202.43623,1.9239218135838765,0.0005988716050821471,136053595.90100625,12431200302.70838,5.827539788423184
oneD_v2_dbtt_TP_bd5be1610f6e1bce,MOBILE_TRANSPORT_EXTREME,CLEAVAGE_MULTIHIT,1100.0,8391060204.328156,1.8737890605370575,0.002924509475236666,136053595.90100625,12431200302.70838,5.827539788423184
oneD_v2_dbtt_TP_bd5be1610f6e1bce,MOBILE_TRANSPORT_EXTREME,CLEAVAGE_MULTIHIT,1100.0,8468755206.220084,1.8243504391650494,0.013963673357455152,136053595.90100625,12431200302.70838,5.827539788423184
oneD_v2_dbtt_TP_bd5be1610f6e1bce,MOBILE_TRANSPORT_EXTREME,CLEAVAGE_MULTIHIT,1100.0,8546450208.112011,1.7756242372180107,0.06512914910937209,136053595.90100625,12431200302.70838,5.827539788423184
oneD_v2_dbtt_TP_bd5be1610f6e1bce,MOBILE_TRANSPORT_EXTREME,CLEAVAGE_MULTIHIT,1100.0,8624145210.003939,1.727627668279473,0.29642109585871684,136053595.90100625,12431200302.70838,5.827539788423184
oneD_v2_dbtt_TP_bd5be1610f6e1bce,MOBILE_TRANSPORT_EXTREME,CLEAVAGE_MULTIHIT,1100.0,8701840211.895866,1.6803768610546521,1.3146448985109127,136053595.90100625,12431200302.70838,5.827539788423184
oneD_v2_dbtt_TP_bd5be1610f6e1bce,MOBILE_TRANSPORT_EXTREME,CLEAVAGE_MULTIHIT,1100.0,8779535213.787794,1.6338868510021154,5.671356390683129,136053595.90100625,12431200302.70838,5.827539788423184
oneD_v2_dbtt_TP_bd5be1610f6e1bce,MOBILE_TRANSPORT_EXTREME,CLEAVAGE_MULTIHIT,1100.0,8857230215.679722,1.5881715743016618,23.73862528140617,136053595.90100625,12431200302.70838,5.827539788423184
oneD_v2_dbtt_TP_bd5be1610f6e1bce,MOBILE_TRANSPORT_EXTREME,CLEAVAGE_MULTIHIT,1100.0,8934925217.571648,1.543243864144402,96.06493949139666,136053595.90100625,12431200302.70838,5.827539788423184
oneD_v2_dbtt_TP_bd5be1610f6e1bce,MOBILE_TRANSPORT_EXTREME,CLEAVAGE_MULTIHIT,1100.0,9012620219.463575,1.4991154493242902,373.92047658713005,136053595.90100625,12431200302.70838,5.827539788423184
oneD_v2_dbtt_TP_bd5be1610f6e1bce,MOBILE_TRANSPORT_EXTREME,CLEAVAGE_MULTIHIT,1100.0,9090315221.355503,1.4557969551037995,1389.510980548128,136053595.90100625,12431200302.70838,5.827539788423184
oneD_v2_dbtt_TP_bd5be1610f6e1bce,MOBILE_TRANSPORT_EXTREME,CLEAVAGE_MULTIHIT,1100.0,9168010223.24743,1.413297906319902,4877.010744807613,136053595.90100625,12431200302.70838,5.827539788423184
oneD_v2_dbtt_TP_bd5be1610f6e1bce,MOBILE_TRANSPORT_EXTREME,CLEAVAGE_MULTIHIT,1100.0,9245705225.139359,1.371626732690303,15923.522135547995,136053595.90100625,12431200302.70838,5.827539788423184
oneD_v2_dbtt_TP_bd5be1610f6e1bce,MOBILE_TRANSPORT_EXTREME,CLEAVAGE_MULTIHIT,1100.0,9323400227.031284,1.3307907762737803,47352.981471540996,136053595.90100625,12431200302.70838,5.827539788423184
oneD_v2_dbtt_TP_bd5be1610f6e1bce,MOBILE_TRANSPORT_EXTREME,CLEAVAGE_MULTIHIT,1100.0,9401095228.923212,1.2907963010326091,124697.69802780634,136053595.90100625,12431200302.70838,5.827539788423184
oneD_v2_dbtt_TP_bd5be1610f6e1bce,MOBILE_TRANSPORT_EXTREME,CLEAVAGE_MULTIHIT,1100.0,9478790230.81514,1.2516485044394858,280806.2616190829,136053595.90100625,12431200302.70838,5.827539788423184
oneD_v2_dbtt_TP_bd5be1610f6e1bce,MOBILE_TRANSPORT_EXTREME,CLEAVAGE_MULTIHIT,1100.0,9556485232.707067,1.2133515310659888,520925.83309043554,136053595.90100625,12431200302.70838,5.827539788423184
oneD_v2_dbtt_TP_bd5be1610f6e1bce,MOBILE_TRANSPORT_EXTREME,CLEAVAGE_MULTIHIT,1100.0,9634180234.598995,1.1759084880845763,775731.3173918796,136053595.90100625,12431200302.70838,5.827539788423184
oneD_v2_dbtt_TP_bd5be1610f6e1bce,MOBILE_TRANSPORT_EXTREME,CLEAVAGE_MULTIHIT,1100.0,9711875236.490923,1.139321462611372,939203.6507199742,136053595.90100625,12431200302.70838,5.827539788423184
oneD_v2_dbtt_TP_bd5be1610f6e1bce,MOBILE_TRANSPORT_EXTREME,CLEAVAGE_MULTIHIT,1100.0,9789570238.382849,1.103591540812551,992601.3599093725,136053595.90100625,12431200302.70838,5.827539788423184
oneD_v2_dbtt_TP_bd5be1610f6e1bce,MOBILE_TRANSPORT_EXTREME,CLEAVAGE_MULTIHIT,1100.0,9867265240.274776,1.0687188286930271,999710.2394333185,136053595.90100625,12431200302.70838,5.827539788423184
oneD_v2_dbtt_TP_bd5be1610f6e1bce,MOBILE_TRANSPORT_EXTREME,CLEAVAGE_MULTIHIT,1100.0,9944960242.166704,1.0347024744824236,999997.6357571518,136053595.90100625,12431200302.70838,5.827539788423184
oneD_v2_dbtt_TP_bd5be1610f6e1bce,MOBILE_TRANSPORT_EXTREME,CLEAVAGE_MULTIHIT,1100.0,10022655244.058632,1.0015406925298553,999999.9977191862,136053595.90100625,12431200302.70838,5.827539788423184
oneD_v2_dbtt_TP_bd5be1610f6e1bce,MOBILE_TRANSPORT_EXTREME,CLEAVAGE_MULTIHIT,1100.0,10100350245.95056,0.96923078861608,999999.9999998752,136053595.90100625,12431200302.70838,5.827539788423184
oneD_v2_dbtt_TP_bd5be1610f6e1bce,MOBILE_TRANSPORT_EXTREME,CLEAVAGE_MULTIHIT,1100.0,10178045247.842485,0.9377691865888671,1000000.0,136053595.90100625,12431200302.70838,5.827539788423184
oneD_v2_dbtt_TP_bd5be1610f6e1bce,MOBILE_TRANSPORT_EXTREME,CLEAVAGE_MULTIHIT,1100.0,10255740249.734413,0.907151456225187,1000000.0,136053595.90100625,12431200302.70838,5.827539788423184
oneD_v2_dbtt_TP_bd5be1610f6e1bce,MOBILE_TRANSPORT_EXTREME,CLEAVAGE_MULTIHIT,1100.0,10333435251.62634,0.8773723422219131,1000000.0,136053595.90100625,12431200302.70838,5.827539788423184
oneD_v2_dbtt_TP_bd5be1610f6e1bce,MOBILE_TRANSPORT_EXTREME,CLEAVAGE_MULTIHIT,1100.0,10411130253.518269,0.8484257942151994,1000000.0,136053595.90100625,12431200302.70838,5.827539788423184
oneD_v2_dbtt_TP_bd5be1610f6e1bce,MOBILE_TRANSPORT_EXTREME,CLEAVAGE_MULTIHIT,1100.0,10488825255.410196,0.8203049977276211,1000000.0,136053595.90100625,12431200302.70838,5.827539788423184
oneD_v2_dbtt_TP_bd5be1610f6e1bce,MOBILE_TRANSPORT_EXTREME,CLEAVAGE_MULTIHIT,1100.0,10566520257.302124,0.7930024059413516,1000000.0,136053595.90100625,12431200302.70838,5.827539788423184
oneD_v2_dbtt_TP_bd5be1610f6e1bce,MOBILE_TRANSPORT_EXTREME,CLEAVAGE_MULTIHIT,1100.0,10644215259.19405,0.7665097721953442,1000000.0,136053595.90100625,12431200302.70838,5.827539788423184
oneD_v2_dbtt_TP_bd5be1610f6e1bce,MOBILE_TRANSPORT_EXTREME,CLEAVAGE_MULTIHIT,1100.0,10721910261.085978,0.7408181831044667,1000000.0,136053595.90100625,12431200302.70838,5.827539788423184
oneD_v2_dbtt_TP_bd5be1610f6e1bce,MOBILE_TRANSPORT_EXTREME,CLEAVAGE_MULTIHIT,1100.0,10799605262.977905,0.7159180921989188,1000000.0,136053595.90100625,12431200302.70838,5.827539788423184
oneD_v2_dbtt_TP_bd5be1610f6e1bce,MOBILE_TRANSPORT_EXTREME,CLEAVAGE_MULTIHIT,1100.0,10877300264.869833,0.6917993539830072,1000000.0,136053595.90100625,12431200302.70838,5.827539788423184
oneD_v2_dbtt_TP_bd5be1610f6e1bce,MOBILE_TRANSPORT_EXTREME,CLEAVAGE_MULTIHIT,1100.0,10954995266.76176,0.668451258313433,1000000.0,136053595.90100625,12431200302.70838,5.827539788423184
oneD_v2_dbtt_TP_bd5be1610f6e1bce,MOBILE_TRANSPORT_EXTREME,CLEAVAGE_MULTIHIT,1100.0,11032690268.653687,0.6458625649986777,1000000.0,136053595.90100625,12431200302.70838,5.827539788423184
oneD_v2_dbtt_TP_bd5be1610f6e1bce,MOBILE_TRANSPORT_EXTREME,CLEAVAGE_MULTIHIT,1100.0,11110385270.545614,0.6240215385228096,1000000.0,136053595.90100625,12431200302.70838,5.827539788423184
oneD_v2_dbtt_TP_bd5be1610f6e1bce,MOBILE_TRANSPORT_EXTREME,CLEAVAGE_MULTIHIT,1100.0,11188080272.437542,0.6029159827991244,1000000.0,136053595.90100625,12431200302.70838,5.827539788423184
oneD_v2_dbtt_TP_bd5be1610f6e1bce,MOBILE_TRANSPORT_EXTREME,CLEAVAGE_MULTIHIT,1100.0,11265775274.32947,0.5825332758613498,1000000.0,136053595.90100625,12431200302.70838,5.827539788423184
oneD_v2_dbtt_TP_bd5be1610f6e1bce,MOBILE_TRANSPORT_EXTREME,CLEAVAGE_MULTIHIT,1100.0,11343470276.221397,0.5628604044028123,1000000.0,136053595.90100625,12431200302.70838,5.827539788423184
oneD_v2_dbtt_TP_bd5be1610f6e1bce,MOBILE_TRANSPORT_EXTREME,CLEAVAGE_MULTIHIT,1100.0,11421165278.113325,0.543883998076859,1000000.0,136053595.90100625,12431200302.70838,5.827539788423184
oneD_v2_dbtt_TP_bd5be1610f6e1bce,MOBILE_TRANSPORT_EXTREME,CLEAVAGE_MULTIHIT,1100.0,11498860280.00525,0.5255903634749517,1000000.0,136053595.90100625,12431200302.70838,5.827539788423184
oneD_v2_dbtt_TP_bd5be1610f6e1bce,MOBILE_TRANSPORT_EXTREME,CLEAVAGE_MULTIHIT,1100.0,11576555281.897179,0.5079655177022389,1000000.0,136053595.90100625,12431200302.70838,5.827539788423184
oneD_v2_dbtt_TP_bd5be1610f6e1bce,MOBILE_TRANSPORT_EXTREME,CLEAVAGE_MULTIHIT,1100.0,11654250283.789106,0.49099522147397856,1000000.0,136053595.90100625,12431200302.70838,5.827539788423184
oneD_v2_dbtt_TP_bd5be1610f6e1bce,MOBILE_TRANSPORT_EXTREME,CLEAVAGE_MULTIHIT,1100.0,11731945285.681034,0.4746650116599351,1000000.0,136053595.90100625,12431200302.70838,5.827539788423184
oneD_v2_dbtt_TP_bd5be1610f6e1bce,MOBILE_TRANSPORT_EXTREME,CLEAVAGE_MULTIHIT,1100.0,11809640287.572962,0.4589602332078058,1000000.0,136053595.90100625,12431200302.70838,5.827539788423184
oneD_v2_dbtt_TP_bd5be1610f6e1bce,MOBILE_TRANSPORT_EXTREME,CLEAVAGE_MULTIHIT,1100.0,11887335289.46489,0.4438660703807985,1000000.0,136053595.90100625,12431200302.70838,5.827539788423184
oneD_v2_dbtt_TP_bd5be1610f6e1bce,MOBILE_TRANSPORT_EXTREME,CLEAVAGE_MULTIHIT,1100.0,11965030291.356815,0.429367577248664,1000000.0,136053595.90100625,12431200302.70838,5.827539788423184
oneD_v2_dbtt_TP_bd5be1610f6e1bce,MOBILE_TRANSPORT_EXTREME,CLEAVAGE_MULTIHIT,1100.0,12042725293.248743,0.4154497073757845,1000000.0,136053595.90100625,12431200302.70838,5.827539788423184
oneD_v2_dbtt_TP_bd5be1610f6e1bce,MOBILE_TRANSPORT_EXTREME,CLEAVAGE_MULTIHIT,1100.0,12120420295.14067,0.4020973426542923,1000000.0,136053595.90100625,12431200302.70838,5.827539788423184
oneD_v2_dbtt_TP_bd5be1610f6e1bce,MOBILE_TRANSPORT_EXTREME,CLEAVAGE_MULTIHIT,1100.0,12198115297.032598,0.38929532123461585,1000000.0,136053595.90100625,12431200302.70838,5.827539788423184
oneD_v2_dbtt_TP_bd5be1610f6e1bce,MOBILE_TRANSPORT_EXTREME,CLEAVAGE_MULTIHIT,1100.0,12275810298.924526,0.37702846451032324,1000000.0,136053595.90100625,12431200302.70838,5.827539788423184
oneD_v2_dbtt_TP_bd5be1610f6e1bce,MOBILE_TRANSPORT_EXTREME,CLEAVAGE_MULTIHIT,1100.0,12353505300.816452,0.36528160311863694,1000000.0,136053595.90100625,12431200302.70838,5.827539788423184
oneD_v2_dbtt_TP_bd5be1610f6e1bce,MOBILE_TRANSPORT_EXTREME,CLEAVAGE_MULTIHIT,1100.0,12431200302.70838,0.3540396019224487,1000000.0,136053595.90100625,12431200302.70838,5.827539788423184
oneD_v2_dbtt_TP_9555ff54d637c974,BACKSTRESS_SHIELDING_EXTREME,PEIERLS,1100.0,0.0,7.939717908475626,4.200076204484765e-25,0.0,64017343.92706524,7.939717908475626
oneD_v2_dbtt_TP_9555ff54d637c974,BACKSTRESS_SHIELDING_EXTREME,PEIERLS,1100.0,400108.3995441577,0.08232078516822362,419602174083.34357,0.0,64017343.92706524,7.939717908475626
oneD_v2_dbtt_TP_9555ff54d637c974,BACKSTRESS_SHIELDING_EXTREME,PEIERLS,1100.0,800216.7990883155,0.08232078516822362,419602174083.34357,0.0,64017343.92706524,7.939717908475626
oneD_v2_dbtt_TP_9555ff54d637c974,BACKSTRESS_SHIELDING_EXTREME,PEIERLS,1100.0,1200325.1986324731,0.08232078516822362,419602174083.34357,0.0,64017343.92706524,7.939717908475626
oneD_v2_dbtt_TP_9555ff54d637c974,BACKSTRESS_SHIELDING_EXTREME,PEIERLS,1100.0,1600433.598176631,0.08232078516822362,419602174083.34357,0.0,64017343.92706524,7.939717908475626
oneD_v2_dbtt_TP_9555ff54d637c974,BACKSTRESS_SHIELDING_EXTREME,PEIERLS,1100.0,2000541.9977207887,0.08232078516822362,419602174083.34357,0.0,64017343.92706524,7.939717908475626
oneD_v2_dbtt_TP_9555ff54d637c974,BACKSTRESS_SHIELDING_EXTREME,PEIERLS,1100.0,2400650.3972649463,0.08232078516822362,419602174083.34357,0.0,64017343.92706524,7.939717908475626
oneD_v2_dbtt_TP_9555ff54d637c974,BACKSTRESS_SHIELDING_EXTREME,PEIERLS,1100.0,2800758.7968091043,0.08232078516822362,419602174083.34357,0.0,64017343.92706524,7.939717908475626
oneD_v2_dbtt_TP_9555ff54d637c974,BACKSTRESS_SHIELDING_EXTREME,PEIERLS,1100.0,3200867.196353262,0.08232078516822362,419602174083.34357,0.0,64017343.92706524,7.939717908475626
oneD_v2_dbtt_TP_9555ff54d637c974,BACKSTRESS_SHIELDING_EXTREME,PEIERLS,1100.0,3600975.5958974194,0.08232078516822362,419602174083.34357,0.0,64017343.92706524,7.939717908475626
oneD_v2_dbtt_TP_9555ff54d637c974,BACKSTRESS_SHIELDING_EXTREME,PEIERLS,1100.0,4001083.9954415774,0.08232078516822362,419602174083.34357,0.0,64017343.92706524,7.939717908475626
oneD_v2_dbtt_TP_9555ff54d637c974,BACKSTRESS_SHIELDING_EXTREME,PEIERLS,1100.0,4401192.394985735,0.08232078516822362,419602174083.34357,0.0,64017343.92706524,7.939717908475626
oneD_v2_dbtt_TP_9555ff54d637c974,BACKSTRESS_SHIELDING_EXTREME,PEIERLS,1100.0,4801300.7945298925,0.08232078516822362,419602174083.34357,0.0,64017343.92706524,7.939717908475626
oneD_v2_dbtt_TP_9555ff54d637c974,BACKSTRESS_SHIELDING_EXTREME,PEIERLS,1100.0,5201409.1940740505,0.08232078516822362,419602174083.34357,0.0,64017343.92706524,7.939717908475626
oneD_v2_dbtt_TP_9555ff54d637c974,BACKSTRESS_SHIELDING_EXTREME,PEIERLS,1100.0,5601517.593618209,0.08232078516822362,419602174083.34357,0.0,64017343.92706524,7.939717908475626
oneD_v2_dbtt_TP_9555ff54d637c974,BACKSTRESS_SHIELDING_EXTREME,PEIERLS,1100.0,6001625.993162366,0.08232078516822362,419602174083.34357,0.0,64017343.92706524,7.939717908475626
oneD_v2_dbtt_TP_9555ff54d637c974,BACKSTRESS_SHIELDING_EXTREME,PEIERLS,1100.0,6401734.392706524,0.08232078516822362,419602174083.34357,0.0,64017343.92706524,7.939717908475626
oneD_v2_dbtt_TP_9555ff54d637c974,BACKSTRESS_SHIELDING_EXTREME,PEIERLS,1100.0,6801842.792250682,0.08232078516822362,419602174083.34357,0.0,64017343.92706524,7.939717908475626
oneD_v2_dbtt_TP_9555ff54d637c974,BACKSTRESS_SHIELDING_EXTREME,PEIERLS,1100.0,7201951.191794839,0.08232078516822362,419602174083.34357,0.0,64017343.92706524,7.939717908475626
oneD_v2_dbtt_TP_9555ff54d637c974,BACKSTRESS_SHIELDING_EXTREME,PEIERLS,1100.0,7602059.591338997,0.08232078516822362,419602174083.34357,0.0,64017343.92706524,7.939717908475626
oneD_v2_dbtt_TP_9555ff54d637c974,BACKSTRESS_SHIELDING_EXTREME,PEIERLS,1100.0,8002167.990883155,0.08232078516822362,419602174083.34357,0.0,64017343.92706524,7.939717908475626
oneD_v2_dbtt_TP_9555ff54d637c974,BACKSTRESS_SHIELDING_EXTREME,PEIERLS,1100.0,8402276.390427312,0.08232078516822362,419602174083.34357,0.0,64017343.92706524,7.939717908475626
oneD_v2_dbtt_TP_9555ff54d637c974,BACKSTRESS_SHIELDING_EXTREME,PEIERLS,1100.0,8802384.78997147,0.08232078516822362,419602174083.34357,0.0,64017343.92706524,7.939717908475626
oneD_v2_dbtt_TP_9555ff54d637c974,BACKSTRESS_SHIELDING_EXTREME,PEIERLS,1100.0,9202493.189515628,0.08232078516822362,419602174083.34357,0.0,64017343.92706524,7.939717908475626
oneD_v2_dbtt_TP_9555ff54d637c974,BACKSTRESS_SHIELDING_EXTREME,PEIERLS,1100.0,9602601.589059785,0.08232078516822362,419602174083.34357,0.0,64017343.92706524,7.939717908475626
oneD_v2_dbtt_TP_9555ff54d637c974,BACKSTRESS_SHIELDING_EXTREME,PEIERLS,1100.0,10002709.988603944,0.08232078516822362,419602174083.34357,0.0,64017343.92706524,7.939717908475626
oneD_v2_dbtt_TP_9555ff54d637c974,BACKSTRESS_SHIELDING_EXTREME,PEIERLS,1100.0,10402818.388148101,0.08232078516822362,419602174083.34357,0.0,64017343.92706524,7.939717908475626
oneD_v2_dbtt_TP_9555ff54d637c974,BACKSTRESS_SHIELDING_EXTREME,PEIERLS,1100.0,10802926.787692258,0.08232078516822362,419602174083.34357,0.0,64017343.92706524,7.939717908475626
oneD_v2_dbtt_TP_9555ff54d637c974,BACKSTRESS_SHIELDING_EXTREME,PEIERLS,1100.0,11203035.187236417,0.08232078516822362,419602174083.34357,0.0,64017343.92706524,7.939717908475626
oneD_v2_dbtt_TP_9555ff54d637c974,BACKSTRESS_SHIELDING_EXTREME,PEIERLS,1100.0,11603143.586780574,0.08232078516822362,419602174083.34357,0.0,64017343.92706524,7.939717908475626
oneD_v2_dbtt_TP_9555ff54d637c974,BACKSTRESS_SHIELDING_EXTREME,PEIERLS,1100.0,12003251.986324731,0.08232078516822362,419602174083.34357,0.0,64017343.92706524,7.939717908475626
oneD_v2_dbtt_TP_9555ff54d637c974,BACKSTRESS_SHIELDING_EXTREME,PEIERLS,1100.0,12403360.38586889,0.08232078516822362,419602174083.34357,0.0,64017343.92706524,7.939717908475626
oneD_v2_dbtt_TP_9555ff54d637c974,BACKSTRESS_SHIELDING_EXTREME,PEIERLS,1100.0,12803468.785413047,0.08232078516822362,419602174083.34357,0.0,64017343.92706524,7.939717908475626
oneD_v2_dbtt_TP_9555ff54d637c974,BACKSTRESS_SHIELDING_EXTREME,PEIERLS,1100.0,13203577.184957204,0.08232078516822362,419602174083.34357,0.0,64017343.92706524,7.939717908475626
oneD_v2_dbtt_TP_9555ff54d637c974,BACKSTRESS_SHIELDING_EXTREME,PEIERLS,1100.0,13603685.584501363,0.08232078516822362,419602174083.34357,0.0,64017343.92706524,7.939717908475626
oneD_v2_dbtt_TP_9555ff54d637c974,BACKSTRESS_SHIELDING_EXTREME,PEIERLS,1100.0,14003793.98404552,0.08232078516822362,419602174083.34357,0.0,64017343.92706524,7.939717908475626
oneD_v2_dbtt_TP_9555ff54d637c974,BACKSTRESS_SHIELDING_EXTREME,PEIERLS,1100.0,14403902.383589678,0.08232078516822362,419602174083.34357,0.0,64017343.92706524,7.939717908475626
oneD_v2_dbtt_TP_9555ff54d637c974,BACKSTRESS_SHIELDING_EXTREME,PEIERLS,1100.0,14804010.783133836,0.08232078516822362,419602174083.34357,0.0,64017343.92706524,7.939717908475626
oneD_v2_dbtt_TP_9555ff54d637c974,BACKSTRESS_SHIELDING_EXTREME,PEIERLS,1100.0,15204119.182677994,0.08232078516822362,419602174083.34357,0.0,64017343.92706524,7.939717908475626
oneD_v2_dbtt_TP_9555ff54d637c974,BACKSTRESS_SHIELDING_EXTREME,PEIERLS,1100.0,15604227.58222215,0.08232078516822362,419602174083.34357,0.0,64017343.92706524,7.939717908475626
oneD_v2_dbtt_TP_9555ff54d637c974,BACKSTRESS_SHIELDING_EXTREME,PEIERLS,1100.0,16004335.98176631,0.08232078516822362,419602174083.34357,0.0,64017343.92706524,7.939717908475626
oneD_v2_dbtt_TP_9555ff54d637c974,BACKSTRESS_SHIELDING_EXTREME,PEIERLS,1100.0,16404444.381310467,0.08232078516822362,419602174083.34357,0.0,64017343.92706524,7.939717908475626
oneD_v2_dbtt_TP_9555ff54d637c974,BACKSTRESS_SHIELDING_EXTREME,PEIERLS,1100.0,16804552.780854624,0.08232078516822362,419602174083.34357,0.0,64017343.92706524,7.939717908475626
oneD_v2_dbtt_TP_9555ff54d637c974,BACKSTRESS_SHIELDING_EXTREME,PEIERLS,1100.0,17204661.18039878,0.08232078516822362,419602174083.34357,0.0,64017343.92706524,7.939717908475626
oneD_v2_dbtt_TP_9555ff54d637c974,BACKSTRESS_SHIELDING_EXTREME,PEIERLS,1100.0,17604769.57994294,0.08232078516822362,419602174083.34357,0.0,64017343.92706524,7.939717908475626
oneD_v2_dbtt_TP_9555ff54d637c974,BACKSTRESS_SHIELDING_EXTREME,PEIERLS,1100.0,18004877.9794871,0.08232078516822362,419602174083.34357,0.0,64017343.92706524,7.939717908475626
oneD_v2_dbtt_TP_9555ff54d637c974,BACKSTRESS_SHIELDING_EXTREME,PEIERLS,1100.0,18404986.379031256,0.08232078516822362,419602174083.34357,0.0,64017343.92706524,7.939717908475626
oneD_v2_dbtt_TP_9555ff54d637c974,BACKSTRESS_SHIELDING_EXTREME,PEIERLS,1100.0,18805094.778575413,0.08232078516822362,419602174083.34357,0.0,64017343.92706524,7.939717908475626
oneD_v2_dbtt_TP_9555ff54d637c974,BACKSTRESS_SHIELDING_EXTREME,PEIERLS,1100.0,19205203.17811957,0.08232078516822362,419602174083.34357,0.0,64017343.92706524,7.939717908475626
oneD_v2_dbtt_TP_9555ff54d637c974,BACKSTRESS_SHIELDING_EXTREME,PEIERLS,1100.0,19605311.577663727,0.08232078516822362,419602174083.34357,0.0,64017343.92706524,7.939717908475626
oneD_v2_dbtt_TP_9555ff54d637c974,BACKSTRESS_SHIELDING_EXTREME,PEIERLS,1100.0,20005419.977207888,0.08232078516822362,419602174083.34357,0.0,64017343.92706524,7.939717908475626
oneD_v2_dbtt_TP_9555ff54d637c974,BACKSTRESS_SHIELDING_EXTREME,PEIERLS,1100.0,20405528.376752045,0.08232078516822362,419602174083.34357,0.0,64017343.92706524,7.939717908475626
oneD_v2_dbtt_TP_9555ff54d637c974,BACKSTRESS_SHIELDING_EXTREME,PEIERLS,1100.0,20805636.776296202,0.08232078516822362,419602174083.34357,0.0,64017343.92706524,7.939717908475626
oneD_v2_dbtt_TP_9555ff54d637c974,BACKSTRESS_SHIELDING_EXTREME,PEIERLS,1100.0,21205745.17584036,0.08232078516822362,419602174083.34357,0.0,64017343.92706524,7.939717908475626
oneD_v2_dbtt_TP_9555ff54d637c974,BACKSTRESS_SHIELDING_EXTREME,PEIERLS,1100.0,21605853.575384516,0.08232078516822362,419602174083.34357,0.0,64017343.92706524,7.939717908475626
oneD_v2_dbtt_TP_9555ff54d637c974,BACKSTRESS_SHIELDING_EXTREME,PEIERLS,1100.0,22005961.974928673,0.08232078516822362,419602174083.34357,0.0,64017343.92706524,7.939717908475626
oneD_v2_dbtt_TP_9555ff54d637c974,BACKSTRESS_SHIELDING_EXTREME,PEIERLS,1100.0,22406070.374472834,0.08232078516822362,419602174083.34357,0.0,64017343.92706524,7.939717908475626
oneD_v2_dbtt_TP_9555ff54d637c974,BACKSTRESS_SHIELDING_EXTREME,PEIERLS,1100.0,22806178.77401699,0.08232078516822362,419602174083.34357,0.0,64017343.92706524,7.939717908475626
oneD_v2_dbtt_TP_9555ff54d637c974,BACKSTRESS_SHIELDING_EXTREME,PEIERLS,1100.0,23206287.17356115,0.08232078516822362,419602174083.34357,0.0,64017343.92706524,7.939717908475626
oneD_v2_dbtt_TP_9555ff54d637c974,BACKSTRESS_SHIELDING_EXTREME,PEIERLS,1100.0,23606395.573105305,0.08232078516822362,419602174083.34357,0.0,64017343.92706524,7.939717908475626
oneD_v2_dbtt_TP_9555ff54d637c974,BACKSTRESS_SHIELDING_EXTREME,PEIERLS,1100.0,24006503.972649463,0.08232078516822362,419602174083.34357,0.0,64017343.92706524,7.939717908475626
oneD_v2_dbtt_TP_9555ff54d637c974,BACKSTRESS_SHIELDING_EXTREME,PEIERLS,1100.0,24406612.37219362,0.08232078516822362,419602174083.34357,0.0,64017343.92706524,7.939717908475626
oneD_v2_dbtt_TP_9555ff54d637c974,BACKSTRESS_SHIELDING_EXTREME,PEIERLS,1100.0,24806720.77173778,0.08232078516822362,419602174083.34357,0.0,64017343.92706524,7.939717908475626
oneD_v2_dbtt_TP_9555ff54d637c974,BACKSTRESS_SHIELDING_EXTREME,PEIERLS,1100.0,25206829.171281938,0.08232078516822362,419602174083.34357,0.0,64017343.92706524,7.939717908475626
oneD_v2_dbtt_TP_9555ff54d637c974,BACKSTRESS_SHIELDING_EXTREME,PEIERLS,1100.0,25606937.570826095,0.08232078516822362,419602174083.34357,0.0,64017343.92706524,7.939717908475626
oneD_v2_dbtt_TP_9555ff54d637c974,BACKSTRESS_SHIELDING_EXTREME,PEIERLS,1100.0,26007045.97037025,0.08232078516822362,419602174083.34357,0.0,64017343.92706524,7.939717908475626
oneD_v2_dbtt_TP_9555ff54d637c974,BACKSTRESS_SHIELDING_EXTREME,PEIERLS,1100.0,26407154.36991441,0.08232078516822362,419602174083.34357,0.0,64017343.92706524,7.939717908475626
oneD_v2_dbtt_TP_9555ff54d637c974,BACKSTRESS_SHIELDING_EXTREME,PEIERLS,1100.0,26807262.76945857,0.08232078516822362,419602174083.34357,0.0,64017343.92706524,7.939717908475626
oneD_v2_dbtt_TP_9555ff54d637c974,BACKSTRESS_SHIELDING_EXTREME,PEIERLS,1100.0,27207371.169002727,0.08232078516822362,419602174083.34357,0.0,64017343.92706524,7.939717908475626
oneD_v2_dbtt_TP_9555ff54d637c974,BACKSTRESS_SHIELDING_EXTREME,PEIERLS,1100.0,27607479.568546884,0.08232078516822362,419602174083.34357,0.0,64017343.92706524,7.939717908475626
oneD_v2_dbtt_TP_9555ff54d637c974,BACKSTRESS_SHIELDING_EXTREME,PEIERLS,1100.0,28007587.96809104,0.08232078516822362,419602174083.34357,0.0,64017343.92706524,7.939717908475626
oneD_v2_dbtt_TP_9555ff54d637c974,BACKSTRESS_SHIELDING_EXTREME,PEIERLS,1100.0,28407696.367635198,0.08232078516822362,419602174083.34357,0.0,64017343.92706524,7.939717908475626
oneD_v2_dbtt_TP_9555ff54d637c974,BACKSTRESS_SHIELDING_EXTREME,PEIERLS,1100.0,28807804.767179355,0.08232078516822362,419602174083.34357,0.0,64017343.92706524,7.939717908475626
oneD_v2_dbtt_TP_9555ff54d637c974,BACKSTRESS_SHIELDING_EXTREME,PEIERLS,1100.0,29207913.166723516,0.08232078516822362,419602174083.34357,0.0,64017343.92706524,7.939717908475626
oneD_v2_dbtt_TP_9555ff54d637c974,BACKSTRESS_SHIELDING_EXTREME,PEIERLS,1100.0,29608021.566267673,0.08232078516822362,419602174083.34357,0.0,64017343.92706524,7.939717908475626
oneD_v2_dbtt_TP_9555ff54d637c974,BACKSTRESS_SHIELDING_EXTREME,PEIERLS,1100.0,30008129.96581183,0.08232078516822362,419602174083.34357,0.0,64017343.92706524,7.939717908475626
oneD_v2_dbtt_TP_9555ff54d637c974,BACKSTRESS_SHIELDING_EXTREME,PEIERLS,1100.0,30408238.365355987,0.08232078516822362,419602174083.34357,0.0,64017343.92706524,7.939717908475626
oneD_v2_dbtt_TP_9555ff54d637c974,BACKSTRESS_SHIELDING_EXTREME,PEIERLS,1100.0,30808346.764900144,0.08232078516822362,419602174083.34357,0.0,64017343.92706524,7.939717908475626
oneD_v2_dbtt_TP_9555ff54d637c974,BACKSTRESS_SHIELDING_EXTREME,PEIERLS,1100.0,31208455.1644443,0.08232078516822362,419602174083.34357,0.0,64017343.92706524,7.939717908475626
oneD_v2_dbtt_TP_9555ff54d637c974,BACKSTRESS_SHIELDING_EXTREME,PEIERLS,1100.0,31608563.563988462,0.08232078516822362,419602174083.34357,0.0,64017343.92706524,7.939717908475626
oneD_v2_dbtt_TP_9555ff54d637c974,BACKSTRESS_SHIELDING_EXTREME,PEIERLS,1100.0,32008671.96353262,0.08232078516822362,419602174083.34357,0.0,64017343.92706524,7.939717908475626
oneD_v2_dbtt_TP_9555ff54d637c974,BACKSTRESS_SHIELDING_EXTREME,PEIERLS,1100.0,32408780.363076776,0.08232078516822362,419602174083.34357,0.0,64017343.92706524,7.939717908475626
oneD_v2_dbtt_TP_9555ff54d637c974,BACKSTRESS_SHIELDING_EXTREME,PEIERLS,1100.0,32808888.762620933,0.08232078516822362,419602174083.34357,0.0,64017343.92706524,7.939717908475626
oneD_v2_dbtt_TP_9555ff54d637c974,BACKSTRESS_SHIELDING_EXTREME,PEIERLS,1100.0,33208997.16216509,0.08232078516822362,419602174083.34357,0.0,64017343.92706524,7.939717908475626
oneD_v2_dbtt_TP_9555ff54d637c974,BACKSTRESS_SHIELDING_EXTREME,PEIERLS,1100.0,33609105.56170925,0.08232078516822362,419602174083.34357,0.0,64017343.92706524,7.939717908475626
oneD_v2_dbtt_TP_9555ff54d637c974,BACKSTRESS_SHIELDING_EXTREME,PEIERLS,1100.0,34009213.961253405,0.08232078516822362,419602174083.34357,0.0,64017343.92706524,7.939717908475626
oneD_v2_dbtt_TP_9555ff54d637c974,BACKSTRESS_SHIELDING_EXTREME,PEIERLS,1100.0,34409322.36079756,0.08232078516822362,419602174083.34357,0.0,64017343.92706524,7.939717908475626
oneD_v2_dbtt_TP_9555ff54d637c974,BACKSTRESS_SHIELDING_EXTREME,PEIERLS,1100.0,34809430.76034172,0.08232078516822362,419602174083.34357,0.0,64017343.92706524,7.939717908475626
oneD_v2_dbtt_TP_9555ff54d637c974,BACKSTRESS_SHIELDING_EXTREME,PEIERLS,1100.0,35209539.15988588,0.08232078516822362,419602174083.34357,0.0,64017343.92706524,7.939717908475626
oneD_v2_dbtt_TP_9555ff54d637c974,BACKSTRESS_SHIELDING_EXTREME,PEIERLS,1100.0,35609647.55943004,0.08232078516822362,419602174083.34357,0.0,64017343.92706524,7.939717908475626
oneD_v2_dbtt_TP_9555ff54d637c974,BACKSTRESS_SHIELDING_EXTREME,PEIERLS,1100.0,36009755.9589742,0.08232078516822362,419602174083.34357,0.0,64017343.92706524,7.939717908475626
oneD_v2_dbtt_TP_9555ff54d637c974,BACKSTRESS_SHIELDING_EXTREME,PEIERLS,1100.0,36409864.358518355,0.08232078516822362,419602174083.34357,0.0,64017343.92706524,7.939717908475626
oneD_v2_dbtt_TP_9555ff54d637c974,BACKSTRESS_SHIELDING_EXTREME,PEIERLS,1100.0,36809972.75806251,0.08232078516822362,419602174083.34357,0.0,64017343.92706524,7.939717908475626
oneD_v2_dbtt_TP_9555ff54d637c974,BACKSTRESS_SHIELDING_EXTREME,PEIERLS,1100.0,37210081.15760667,0.08232078516822362,419602174083.34357,0.0,64017343.92706524,7.939717908475626
oneD_v2_dbtt_TP_9555ff54d637c974,BACKSTRESS_SHIELDING_EXTREME,PEIERLS,1100.0,37610189.557150826,0.08232078516822362,419602174083.34357,0.0,64017343.92706524,7.939717908475626
oneD_v2_dbtt_TP_9555ff54d637c974,BACKSTRESS_SHIELDING_EXTREME,PEIERLS,1100.0,38010297.95669498,0.08232078516822362,419602174083.34357,0.0,64017343.92706524,7.939717908475626
oneD_v2_dbtt_TP_9555ff54d637c974,BACKSTRESS_SHIELDING_EXTREME,PEIERLS,1100.0,38410406.35623914,0.08232078516822362,419602174083.34357,0.0,64017343.92706524,7.939717908475626
oneD_v2_dbtt_TP_9555ff54d637c974,BACKSTRESS_SHIELDING_EXTREME,PEIERLS,1100.0,38810514.7557833,0.08232078516822362,419602174083.34357,0.0,64017343.92706524,7.939717908475626
oneD_v2_dbtt_TP_9555ff54d637c974,BACKSTRESS_SHIELDING_EXTREME,PEIERLS,1100.0,39210623.155327454,0.08232078516822362,419602174083.34357,0.0,64017343.92706524,7.939717908475626
oneD_v2_dbtt_TP_9555ff54d637c974,BACKSTRESS_SHIELDING_EXTREME,PEIERLS,1100.0,39610731.55487162,0.08232078516822362,419602174083.34357,0.0,64017343.92706524,7.939717908475626
oneD_v2_dbtt_TP_9555ff54d637c974,BACKSTRESS_SHIELDING_EXTREME,PEIERLS,1100.0,40010839.954415776,0.08232078516822362,419602174083.34357,0.0,64017343.92706524,7.939717908475626
oneD_v2_dbtt_TP_9555ff54d637c974,BACKSTRESS_SHIELDING_EXTREME,PEIERLS,1100.0,40410948.35395993,0.08232078516822362,419602174083.34357,0.0,64017343.92706524,7.939717908475626
oneD_v2_dbtt_TP_9555ff54d637c974,BACKSTRESS_SHIELDING_EXTREME,PEIERLS,1100.0,40811056.75350409,0.08232078516822362,419602174083.34357,0.0,64017343.92706524,7.939717908475626
oneD_v2_dbtt_TP_9555ff54d637c974,BACKSTRESS_SHIELDING_EXTREME,PEIERLS,1100.0,41211165.15304825,0.08232078516822362,419602174083.34357,0.0,64017343.92706524,7.939717908475626
oneD_v2_dbtt_TP_9555ff54d637c974,BACKSTRESS_SHIELDING_EXTREME,PEIERLS,1100.0,41611273.552592404,0.08232078516822362,419602174083.34357,0.0,64017343.92706524,7.939717908475626
oneD_v2_dbtt_TP_9555ff54d637c974,BACKSTRESS_SHIELDING_EXTREME,PEIERLS,1100.0,42011381.95213656,0.08232078516822362,419602174083.34357,0.0,64017343.92706524,7.939717908475626
oneD_v2_dbtt_TP_9555ff54d637c974,BACKSTRESS_SHIELDING_EXTREME,PEIERLS,1100.0,42411490.35168072,0.08232078516822362,419602174083.34357,0.0,64017343.92706524,7.939717908475626
oneD_v2_dbtt_TP_9555ff54d637c974,BACKSTRESS_SHIELDING_EXTREME,PEIERLS,1100.0,42811598.751224875,0.08232078516822362,419602174083.34357,0.0,64017343.92706524,7.939717908475626
oneD_v2_dbtt_TP_9555ff54d637c974,BACKSTRESS_SHIELDING_EXTREME,PEIERLS,1100.0,43211707.15076903,0.08232078516822362,419602174083.34357,0.0,64017343.92706524,7.939717908475626
oneD_v2_dbtt_TP_9555ff54d637c974,BACKSTRESS_SHIELDING_EXTREME,PEIERLS,1100.0,43611815.55031319,0.08232078516822362,419602174083.34357,0.0,64017343.92706524,7.939717908475626
oneD_v2_dbtt_TP_9555ff54d637c974,BACKSTRESS_SHIELDING_EXTREME,PEIERLS,1100.0,44011923.94985735,0.08232078516822362,419602174083.34357,0.0,64017343.92706524,7.939717908475626
oneD_v2_dbtt_TP_9555ff54d637c974,BACKSTRESS_SHIELDING_EXTREME,PEIERLS,1100.0,44412032.34940151,0.08232078516822362,419602174083.34357,0.0,64017343.92706524,7.939717908475626
oneD_v2_dbtt_TP_9555ff54d637c974,BACKSTRESS_SHIELDING_EXTREME,PEIERLS,1100.0,44812140.74894567,0.08232078516822362,419602174083.34357,0.0,64017343.92706524,7.939717908475626
oneD_v2_dbtt_TP_9555ff54d637c974,BACKSTRESS_SHIELDING_EXTREME,PEIERLS,1100.0,45212249.148489825,0.08232078516822362,419602174083.34357,0.0,64017343.92706524,7.939717908475626
oneD_v2_dbtt_TP_9555ff54d637c974,BACKSTRESS_SHIELDING_EXTREME,PEIERLS,1100.0,45612357.54803398,0.08232078516822362,419602174083.34357,0.0,64017343.92706524,7.939717908475626
oneD_v2_dbtt_TP_9555ff54d637c974,BACKSTRESS_SHIELDING_EXTREME,PEIERLS,1100.0,46012465.94757814,0.08232078516822362,419602174083.34357,0.0,64017343.92706524,7.939717908475626
oneD_v2_dbtt_TP_9555ff54d637c974,BACKSTRESS_SHIELDING_EXTREME,PEIERLS,1100.0,46412574.3471223,0.08232078516822362,419602174083.34357,0.0,64017343.92706524,7.939717908475626
oneD_v2_dbtt_TP_9555ff54d637c974,BACKSTRESS_SHIELDING_EXTREME,PEIERLS,1100.0,46812682.746666454,0.08232078516822362,419602174083.34357,0.0,64017343.92706524,7.939717908475626
oneD_v2_dbtt_TP_9555ff54d637c974,BACKSTRESS_SHIELDING_EXTREME,PEIERLS,1100.0,47212791.14621061,0.08232078516822362,419602174083.34357,0.0,64017343.92706524,7.939717908475626
oneD_v2_dbtt_TP_9555ff54d637c974,BACKSTRESS_SHIELDING_EXTREME,PEIERLS,1100.0,47612899.54575477,0.08232078516822362,419602174083.34357,0.0,64017343.92706524,7.939717908475626
oneD_v2_dbtt_TP_9555ff54d637c974,BACKSTRESS_SHIELDING_EXTREME,PEIERLS,1100.0,48013007.945298925,0.08232078516822362,419602174083.34357,0.0,64017343.92706524,7.939717908475626
oneD_v2_dbtt_TP_9555ff54d637c974,BACKSTRESS_SHIELDING_EXTREME,PEIERLS,1100.0,48413116.34484308,0.08232078516822362,419602174083.34357,0.0,64017343.92706524,7.939717908475626
oneD_v2_dbtt_TP_9555ff54d637c974,BACKSTRESS_SHIELDING_EXTREME,PEIERLS,1100.0,48813224.74438724,0.08232078516822362,419602174083.34357,0.0,64017343.92706524,7.939717908475626
oneD_v2_dbtt_TP_9555ff54d637c974,BACKSTRESS_SHIELDING_EXTREME,PEIERLS,1100.0,49213333.143931404,0.08232078516822362,419602174083.34357,0.0,64017343.92706524,7.939717908475626
oneD_v2_dbtt_TP_9555ff54d637c974,BACKSTRESS_SHIELDING_EXTREME,PEIERLS,1100.0,49613441.54347556,0.08232078516822362,419602174083.34357,0.0,64017343.92706524,7.939717908475626
oneD_v2_dbtt_TP_9555ff54d637c974,BACKSTRESS_SHIELDING_EXTREME,PEIERLS,1100.0,50013549.94301972,0.08232078516822362,419602174083.34357,0.0,64017343.92706524,7.939717908475626
oneD_v2_dbtt_TP_9555ff54d637c974,BACKSTRESS_SHIELDING_EXTREME,PEIERLS,1100.0,50413658.342563875,0.08232078516822362,419602174083.34357,0.0,64017343.92706524,7.939717908475626
oneD_v2_dbtt_TP_9555ff54d637c974,BACKSTRESS_SHIELDING_EXTREME,PEIERLS,1100.0,50813766.74210803,0.08232078516822362,419602174083.34357,0.0,64017343.92706524,7.939717908475626
oneD_v2_dbtt_TP_9555ff54d637c974,BACKSTRESS_SHIELDING_EXTREME,PEIERLS,1100.0,51213875.14165219,0.08232078516822362,419602174083.34357,0.0,64017343.92706524,7.939717908475626
oneD_v2_dbtt_TP_9555ff54d637c974,BACKSTRESS_SHIELDING_EXTREME,PEIERLS,1100.0,51613983.54119635,0.08232078516822362,419602174083.34357,0.0,64017343.92706524,7.939717908475626
oneD_v2_dbtt_TP_9555ff54d637c974,BACKSTRESS_SHIELDING_EXTREME,PEIERLS,1100.0,52014091.9407405,0.08232078516822362,419602174083.34357,0.0,64017343.92706524,7.939717908475626
oneD_v2_dbtt_TP_9555ff54d637c974,BACKSTRESS_SHIELDING_EXTREME,PEIERLS,1100.0,52414200.34028466,0.08232078516822362,419602174083.34357,0.0,64017343.92706524,7.939717908475626
oneD_v2_dbtt_TP_9555ff54d637c974,BACKSTRESS_SHIELDING_EXTREME,PEIERLS,1100.0,52814308.73982882,0.08232078516822362,419602174083.34357,0.0,64017343.92706524,7.939717908475626
oneD_v2_dbtt_TP_9555ff54d637c974,BACKSTRESS_SHIELDING_EXTREME,PEIERLS,1100.0,53214417.139372975,0.08232078516822362,419602174083.34357,0.0,64017343.92706524,7.939717908475626
oneD_v2_dbtt_TP_9555ff54d637c974,BACKSTRESS_SHIELDING_EXTREME,PEIERLS,1100.0,53614525.53891714,0.08232078516822362,419602174083.34357,0.0,64017343.92706524,7.939717908475626
oneD_v2_dbtt_TP_9555ff54d637c974,BACKSTRESS_SHIELDING_EXTREME,PEIERLS,1100.0,54014633.938461296,0.08232078516822362,419602174083.34357,0.0,64017343.92706524,7.939717908475626
oneD_v2_dbtt_TP_9555ff54d637c974,BACKSTRESS_SHIELDING_EXTREME,PEIERLS,1100.0,54414742.33800545,0.08232078516822362,419602174083.34357,0.0,64017343.92706524,7.939717908475626
oneD_v2_dbtt_TP_9555ff54d637c974,BACKSTRESS_SHIELDING_EXTREME,PEIERLS,1100.0,54814850.73754961,0.08232078516822362,419602174083.34357,0.0,64017343.92706524,7.939717908475626
oneD_v2_dbtt_TP_9555ff54d637c974,BACKSTRESS_SHIELDING_EXTREME,PEIERLS,1100.0,55214959.13709377,0.08232078516822362,419602174083.34357,0.0,64017343.92706524,7.939717908475626
oneD_v2_dbtt_TP_9555ff54d637c974,BACKSTRESS_SHIELDING_EXTREME,PEIERLS,1100.0,55615067.536637925,0.08232078516822362,419602174083.34357,0.0,64017343.92706524,7.939717908475626
oneD_v2_dbtt_TP_9555ff54d637c974,BACKSTRESS_SHIELDING_EXTREME,PEIERLS,1100.0,56015175.93618208,0.08232078516822362,419602174083.34357,0.0,64017343.92706524,7.939717908475626
oneD_v2_dbtt_TP_9555ff54d637c974,BACKSTRESS_SHIELDING_EXTREME,PEIERLS,1100.0,56415284.33572624,0.08232078516822362,419602174083.34357,0.0,64017343.92706524,7.939717908475626
oneD_v2_dbtt_TP_9555ff54d637c974,BACKSTRESS_SHIELDING_EXTREME,PEIERLS,1100.0,56815392.735270396,0.08232078516822362,419602174083.34357,0.0,64017343.92706524,7.939717908475626
oneD_v2_dbtt_TP_9555ff54d637c974,BACKSTRESS_SHIELDING_EXTREME,PEIERLS,1100.0,57215501.13481455,0.08232078516822362,419602174083.34357,0.0,64017343.92706524,7.939717908475626
oneD_v2_dbtt_TP_9555ff54d637c974,BACKSTRESS_SHIELDING_EXTREME,PEIERLS,1100.0,57615609.53435871,0.08232078516822362,419602174083.34357,0.0,64017343.92706524,7.939717908475626
oneD_v2_dbtt_TP_9555ff54d637c974,BACKSTRESS_SHIELDING_EXTREME,PEIERLS,1100.0,58015717.93390287,0.08232078516822362,419602174083.34357,0.0,64017343.92706524,7.939717908475626
oneD_v2_dbtt_TP_9555ff54d637c974,BACKSTRESS_SHIELDING_EXTREME,PEIERLS,1100.0,58415826.33344703,0.08232078516822362,419602174083.34357,0.0,64017343.92706524,7.939717908475626
oneD_v2_dbtt_TP_9555ff54d637c974,BACKSTRESS_SHIELDING_EXTREME,PEIERLS,1100.0,58815934.73299119,0.08232078516822362,419602174083.34357,0.0,64017343.92706524,7.939717908475626
oneD_v2_dbtt_TP_9555ff54d637c974,BACKSTRESS_SHIELDING_EXTREME,PEIERLS,1100.0,59216043.132535346,0.08232078516822362,419602174083.34357,0.0,64017343.92706524,7.939717908475626
oneD_v2_dbtt_TP_9555ff54d637c974,BACKSTRESS_SHIELDING_EXTREME,PEIERLS,1100.0,59616151.5320795,0.08232078516822362,419602174083.34357,0.0,64017343.92706524,7.939717908475626
oneD_v2_dbtt_TP_9555ff54d637c974,BACKSTRESS_SHIELDING_EXTREME,PEIERLS,1100.0,60016259.93162366,0.08232078516822362,419602174083.34357,0.0,64017343.92706524,7.939717908475626
oneD_v2_dbtt_TP_9555ff54d637c974,BACKSTRESS_SHIELDING_EXTREME,PEIERLS,1100.0,60416368.33116782,0.08232078516822362,419602174083.34357,0.0,64017343.92706524,7.939717908475626
oneD_v2_dbtt_TP_9555ff54d637c974,BACKSTRESS_SHIELDING_EXTREME,PEIERLS,1100.0,60816476.730711974,0.08232078516822362,419602174083.34357,0.0,64017343.92706524,7.939717908475626
oneD_v2_dbtt_TP_9555ff54d637c974,BACKSTRESS_SHIELDING_EXTREME,PEIERLS,1100.0,61216585.13025613,0.08232078516822362,419602174083.34357,0.0,64017343.92706524,7.939717908475626
oneD_v2_dbtt_TP_9555ff54d637c974,BACKSTRESS_SHIELDING_EXTREME,PEIERLS,1100.0,61616693.52980029,0.08232078516822362,419602174083.34357,0.0,64017343.92706524,7.939717908475626
oneD_v2_dbtt_TP_9555ff54d637c974,BACKSTRESS_SHIELDING_EXTREME,PEIERLS,1100.0,62016801.929344445,0.08232078516822362,419602174083.34357,0.0,64017343.92706524,7.939717908475626
oneD_v2_dbtt_TP_9555ff54d637c974,BACKSTRESS_SHIELDING_EXTREME,PEIERLS,1100.0,62416910.3288886,0.08232078516822362,419602174083.34357,0.0,64017343.92706524,7.939717908475626
oneD_v2_dbtt_TP_9555ff54d637c974,BACKSTRESS_SHIELDING_EXTREME,PEIERLS,1100.0,62817018.72843276,0.08232078516822362,419602174083.34357,0.0,64017343.92706524,7.939717908475626
oneD_v2_dbtt_TP_9555ff54d637c974,BACKSTRESS_SHIELDING_EXTREME,PEIERLS,1100.0,63217127.127976924,0.08232078516822362,419602174083.34357,0.0,64017343.92706524,7.939717908475626
oneD_v2_dbtt_TP_9555ff54d637c974,BACKSTRESS_SHIELDING_EXTREME,PEIERLS,1100.0,63617235.52752108,0.08232078516822362,419602174083.34357,0.0,64017343.92706524,7.939717908475626
oneD_v2_dbtt_TP_9555ff54d637c974,BACKSTRESS_SHIELDING_EXTREME,PEIERLS,1100.0,64017343.92706524,0.08232078516822362,419602174083.34357,0.0,64017343.92706524,7.939717908475626
oneD_v2_dbtt_TP_9555ff54d637c974,BACKSTRESS_SHIELDING_EXTREME,TAYLOR_COMPLETION_SINGLE_HIT,1100.0,0.0,0.1486158929421979,20849659554.871643,0.0,27283265446.777348,0.1486158929421979
oneD_v2_dbtt_TP_9555ff54d637c974,BACKSTRESS_SHIELDING_EXTREME,TAYLOR_COMPLETION_SINGLE_HIT,1100.0,170520409.04235843,0.001540883081301723,98387576843.46877,0.0,27283265446.777348,0.1486158929421979
oneD_v2_dbtt_TP_9555ff54d637c974,BACKSTRESS_SHIELDING_EXTREME,TAYLOR_COMPLETION_SINGLE_HIT,1100.0,341040818.08471686,0.001540883081301723,98387576843.46877,0.0,27283265446.777348,0.1486158929421979
oneD_v2_dbtt_TP_9555ff54d637c974,BACKSTRESS_SHIELDING_EXTREME,TAYLOR_COMPLETION_SINGLE_HIT,1100.0,511561227.1270753,0.001540883081301723,98387576843.46877,0.0,27283265446.777348,0.1486158929421979
oneD_v2_dbtt_TP_9555ff54d637c974,BACKSTRESS_SHIELDING_EXTREME,TAYLOR_COMPLETION_SINGLE_HIT,1100.0,682081636.1694337,0.001540883081301723,98387576843.46877,0.0,27283265446.777348,0.1486158929421979
oneD_v2_dbtt_TP_9555ff54d637c974,BACKSTRESS_SHIELDING_EXTREME,TAYLOR_COMPLETION_SINGLE_HIT,1100.0,852602045.2117921,0.001540883081301723,98387576843.46877,0.0,27283265446.777348,0.1486158929421979
oneD_v2_dbtt_TP_9555ff54d637c974,BACKSTRESS_SHIELDING_EXTREME,TAYLOR_COMPLETION_SINGLE_HIT,1100.0,1023122454.2541506,0.001540883081301723,98387576843.46877,0.0,27283265446.777348,0.1486158929421979
oneD_v2_dbtt_TP_9555ff54d637c974,BACKSTRESS_SHIELDING_EXTREME,TAYLOR_COMPLETION_SINGLE_HIT,1100.0,1193642863.296509,0.001540883081301723,98387576843.46877,0.0,27283265446.777348,0.1486158929421979
oneD_v2_dbtt_TP_9555ff54d637c974,BACKSTRESS_SHIELDING_EXTREME,TAYLOR_COMPLETION_SINGLE_HIT,1100.0,1364163272.3388674,0.001540883081301723,98387576843.46877,0.0,27283265446.777348,0.1486158929421979
oneD_v2_dbtt_TP_9555ff54d637c974,BACKSTRESS_SHIELDING_EXTREME,TAYLOR_COMPLETION_SINGLE_HIT,1100.0,1534683681.3812258,0.001540883081301723,98387576843.46877,0.0,27283265446.777348,0.1486158929421979
oneD_v2_dbtt_TP_9555ff54d637c974,BACKSTRESS_SHIELDING_EXTREME,TAYLOR_COMPLETION_SINGLE_HIT,1100.0,1705204090.4235842,0.001540883081301723,98387576843.46877,0.0,27283265446.777348,0.1486158929421979
oneD_v2_dbtt_TP_9555ff54d637c974,BACKSTRESS_SHIELDING_EXTREME,TAYLOR_COMPLETION_SINGLE_HIT,1100.0,1875724499.4659426,0.001540883081301723,98387576843.46877,0.0,27283265446.777348,0.1486158929421979
oneD_v2_dbtt_TP_9555ff54d637c974,BACKSTRESS_SHIELDING_EXTREME,TAYLOR_COMPLETION_SINGLE_HIT,1100.0,2046244908.5083013,0.001540883081301723,98387576843.46877,0.0,27283265446.777348,0.1486158929421979
oneD_v2_dbtt_TP_9555ff54d637c974,BACKSTRESS_SHIELDING_EXTREME,TAYLOR_COMPLETION_SINGLE_HIT,1100.0,2216765317.5506597,0.001540883081301723,98387576843.46877,0.0,27283265446.777348,0.1486158929421979
oneD_v2_dbtt_TP_9555ff54d637c974,BACKSTRESS_SHIELDING_EXTREME,TAYLOR_COMPLETION_SINGLE_HIT,1100.0,2387285726.593018,0.001540883081301723,98387576843.46877,0.0,27283265446.777348,0.1486158929421979
oneD_v2_dbtt_TP_9555ff54d637c974,BACKSTRESS_SHIELDING_EXTREME,TAYLOR_COMPLETION_SINGLE_HIT,1100.0,2557806135.6353765,0.001540883081301723,98387576843.46877,0.0,27283265446.777348,0.1486158929421979
oneD_v2_dbtt_TP_9555ff54d637c974,BACKSTRESS_SHIELDING_EXTREME,TAYLOR_COMPLETION_SINGLE_HIT,1100.0,2728326544.677735,0.001540883081301723,98387576843.46877,0.0,27283265446.777348,0.1486158929421979
oneD_v2_dbtt_TP_9555ff54d637c974,BACKSTRESS_SHIELDING_EXTREME,TAYLOR_COMPLETION_SINGLE_HIT,1100.0,2898846953.7200933,0.001540883081301723,98387576843.46877,0.0,27283265446.777348,0.1486158929421979
oneD_v2_dbtt_TP_9555ff54d637c974,BACKSTRESS_SHIELDING_EXTREME,TAYLOR_COMPLETION_SINGLE_HIT,1100.0,3069367362.7624516,0.001540883081301723,98387576843.46877,0.0,27283265446.777348,0.1486158929421979
oneD_v2_dbtt_TP_9555ff54d637c974,BACKSTRESS_SHIELDING_EXTREME,TAYLOR_COMPLETION_SINGLE_HIT,1100.0,3239887771.80481,0.001540883081301723,98387576843.46877,0.0,27283265446.777348,0.1486158929421979
oneD_v2_dbtt_TP_9555ff54d637c974,BACKSTRESS_SHIELDING_EXTREME,TAYLOR_COMPLETION_SINGLE_HIT,1100.0,3410408180.8471684,0.001540883081301723,98387576843.46877,0.0,27283265446.777348,0.1486158929421979
oneD_v2_dbtt_TP_9555ff54d637c974,BACKSTRESS_SHIELDING_EXTREME,TAYLOR_COMPLETION_SINGLE_HIT,1100.0,3580928589.889527,0.001540883081301723,98387576843.46877,0.0,27283265446.777348,0.1486158929421979
oneD_v2_dbtt_TP_9555ff54d637c974,BACKSTRESS_SHIELDING_EXTREME,TAYLOR_COMPLETION_SINGLE_HIT,1100.0,3751448998.9318852,0.001540883081301723,98387576843.46877,0.0,27283265446.777348,0.1486158929421979
oneD_v2_dbtt_TP_9555ff54d637c974,BACKSTRESS_SHIELDING_EXTREME,TAYLOR_COMPLETION_SINGLE_HIT,1100.0,3921969407.9742436,0.001540883081301723,98387576843.46877,0.0,27283265446.777348,0.1486158929421979
oneD_v2_dbtt_TP_9555ff54d637c974,BACKSTRESS_SHIELDING_EXTREME,TAYLOR_COMPLETION_SINGLE_HIT,1100.0,4092489817.0166025,0.001540883081301723,98387576843.46877,0.0,27283265446.777348,0.1486158929421979
oneD_v2_dbtt_TP_9555ff54d637c974,BACKSTRESS_SHIELDING_EXTREME,TAYLOR_COMPLETION_SINGLE_HIT,1100.0,4263010226.058961,0.001540883081301723,98387576843.46877,0.0,27283265446.777348,0.1486158929421979
oneD_v2_dbtt_TP_9555ff54d637c974,BACKSTRESS_SHIELDING_EXTREME,TAYLOR_COMPLETION_SINGLE_HIT,1100.0,4433530635.101319,0.001540883081301723,98387576843.46877,0.0,27283265446.777348,0.1486158929421979
oneD_v2_dbtt_TP_9555ff54d637c974,BACKSTRESS_SHIELDING_EXTREME,TAYLOR_COMPLETION_SINGLE_HIT,1100.0,4604051044.143678,0.001540883081301723,98387576843.46877,0.0,27283265446.777348,0.1486158929421979
oneD_v2_dbtt_TP_9555ff54d637c974,BACKSTRESS_SHIELDING_EXTREME,TAYLOR_COMPLETION_SINGLE_HIT,1100.0,4774571453.186036,0.001540883081301723,98387576843.46877,0.0,27283265446.777348,0.1486158929421979
oneD_v2_dbtt_TP_9555ff54d637c974,BACKSTRESS_SHIELDING_EXTREME,TAYLOR_COMPLETION_SINGLE_HIT,1100.0,4945091862.2283945,0.001540883081301723,98387576843.46877,0.0,27283265446.777348,0.1486158929421979
oneD_v2_dbtt_TP_9555ff54d637c974,BACKSTRESS_SHIELDING_EXTREME,TAYLOR_COMPLETION_SINGLE_HIT,1100.0,5115612271.270753,0.001540883081301723,98387576843.46877,0.0,27283265446.777348,0.1486158929421979
oneD_v2_dbtt_TP_9555ff54d637c974,BACKSTRESS_SHIELDING_EXTREME,TAYLOR_COMPLETION_SINGLE_HIT,1100.0,5286132680.313111,0.001540883081301723,98387576843.46877,0.0,27283265446.777348,0.1486158929421979
oneD_v2_dbtt_TP_9555ff54d637c974,BACKSTRESS_SHIELDING_EXTREME,TAYLOR_COMPLETION_SINGLE_HIT,1100.0,5456653089.35547,0.001540883081301723,98387576843.46877,0.0,27283265446.777348,0.1486158929421979
oneD_v2_dbtt_TP_9555ff54d637c974,BACKSTRESS_SHIELDING_EXTREME,TAYLOR_COMPLETION_SINGLE_HIT,1100.0,5627173498.397828,0.001540883081301723,98387576843.46877,0.0,27283265446.777348,0.1486158929421979
oneD_v2_dbtt_TP_9555ff54d637c974,BACKSTRESS_SHIELDING_EXTREME,TAYLOR_COMPLETION_SINGLE_HIT,1100.0,5797693907.4401865,0.001540883081301723,98387576843.46877,0.0,27283265446.777348,0.1486158929421979
oneD_v2_dbtt_TP_9555ff54d637c974,BACKSTRESS_SHIELDING_EXTREME,TAYLOR_COMPLETION_SINGLE_HIT,1100.0,5968214316.482545,0.001540883081301723,98387576843.46877,0.0,27283265446.777348,0.1486158929421979
oneD_v2_dbtt_TP_9555ff54d637c974,BACKSTRESS_SHIELDING_EXTREME,TAYLOR_COMPLETION_SINGLE_HIT,1100.0,6138734725.524903,0.001540883081301723,98387576843.46877,0.0,27283265446.777348,0.1486158929421979
oneD_v2_dbtt_TP_9555ff54d637c974,BACKSTRESS_SHIELDING_EXTREME,TAYLOR_COMPLETION_SINGLE_HIT,1100.0,6309255134.567262,0.001540883081301723,98387576843.46877,0.0,27283265446.777348,0.1486158929421979
oneD_v2_dbtt_TP_9555ff54d637c974,BACKSTRESS_SHIELDING_EXTREME,TAYLOR_COMPLETION_SINGLE_HIT,1100.0,6479775543.60962,0.001540883081301723,98387576843.46877,0.0,27283265446.777348,0.1486158929421979
oneD_v2_dbtt_TP_9555ff54d637c974,BACKSTRESS_SHIELDING_EXTREME,TAYLOR_COMPLETION_SINGLE_HIT,1100.0,6650295952.6519785,0.001540883081301723,98387576843.46877,0.0,27283265446.777348,0.1486158929421979
oneD_v2_dbtt_TP_9555ff54d637c974,BACKSTRESS_SHIELDING_EXTREME,TAYLOR_COMPLETION_SINGLE_HIT,1100.0,6820816361.694337,0.001540883081301723,98387576843.46877,0.0,27283265446.777348,0.1486158929421979
oneD_v2_dbtt_TP_9555ff54d637c974,BACKSTRESS_SHIELDING_EXTREME,TAYLOR_COMPLETION_SINGLE_HIT,1100.0,6991336770.736695,0.001540883081301723,98387576843.46877,0.0,27283265446.777348,0.1486158929421979
oneD_v2_dbtt_TP_9555ff54d637c974,BACKSTRESS_SHIELDING_EXTREME,TAYLOR_COMPLETION_SINGLE_HIT,1100.0,7161857179.779054,0.001540883081301723,98387576843.46877,0.0,27283265446.777348,0.1486158929421979
oneD_v2_dbtt_TP_9555ff54d637c974,BACKSTRESS_SHIELDING_EXTREME,TAYLOR_COMPLETION_SINGLE_HIT,1100.0,7332377588.821412,0.001540883081301723,98387576843.46877,0.0,27283265446.777348,0.1486158929421979
oneD_v2_dbtt_TP_9555ff54d637c974,BACKSTRESS_SHIELDING_EXTREME,TAYLOR_COMPLETION_SINGLE_HIT,1100.0,7502897997.8637705,0.001540883081301723,98387576843.46877,0.0,27283265446.777348,0.1486158929421979
oneD_v2_dbtt_TP_9555ff54d637c974,BACKSTRESS_SHIELDING_EXTREME,TAYLOR_COMPLETION_SINGLE_HIT,1100.0,7673418406.906129,0.001540883081301723,98387576843.46877,0.0,27283265446.777348,0.1486158929421979
oneD_v2_dbtt_TP_9555ff54d637c974,BACKSTRESS_SHIELDING_EXTREME,TAYLOR_COMPLETION_SINGLE_HIT,1100.0,7843938815.948487,0.001540883081301723,98387576843.46877,0.0,27283265446.777348,0.1486158929421979
oneD_v2_dbtt_TP_9555ff54d637c974,BACKSTRESS_SHIELDING_EXTREME,TAYLOR_COMPLETION_SINGLE_HIT,1100.0,8014459224.990846,0.001540883081301723,98387576843.46877,0.0,27283265446.777348,0.1486158929421979
oneD_v2_dbtt_TP_9555ff54d637c974,BACKSTRESS_SHIELDING_EXTREME,TAYLOR_COMPLETION_SINGLE_HIT,1100.0,8184979634.033205,0.001540883081301723,98387576843.46877,0.0,27283265446.777348,0.1486158929421979
oneD_v2_dbtt_TP_9555ff54d637c974,BACKSTRESS_SHIELDING_EXTREME,TAYLOR_COMPLETION_SINGLE_HIT,1100.0,8355500043.075563,0.001540883081301723,98387576843.46877,0.0,27283265446.777348,0.1486158929421979
oneD_v2_dbtt_TP_9555ff54d637c974,BACKSTRESS_SHIELDING_EXTREME,TAYLOR_COMPLETION_SINGLE_HIT,1100.0,8526020452.117922,0.001540883081301723,98387576843.46877,0.0,27283265446.777348,0.1486158929421979
oneD_v2_dbtt_TP_9555ff54d637c974,BACKSTRESS_SHIELDING_EXTREME,TAYLOR_COMPLETION_SINGLE_HIT,1100.0,8696540861.16028,0.001540883081301723,98387576843.46877,0.0,27283265446.777348,0.1486158929421979
oneD_v2_dbtt_TP_9555ff54d637c974,BACKSTRESS_SHIELDING_EXTREME,TAYLOR_COMPLETION_SINGLE_HIT,1100.0,8867061270.202639,0.001540883081301723,98387576843.46877,0.0,27283265446.777348,0.1486158929421979
oneD_v2_dbtt_TP_9555ff54d637c974,BACKSTRESS_SHIELDING_EXTREME,TAYLOR_COMPLETION_SINGLE_HIT,1100.0,9037581679.244997,0.001540883081301723,98387576843.46877,0.0,27283265446.777348,0.1486158929421979
oneD_v2_dbtt_TP_9555ff54d637c974,BACKSTRESS_SHIELDING_EXTREME,TAYLOR_COMPLETION_SINGLE_HIT,1100.0,9208102088.287355,0.001540883081301723,98387576843.46877,0.0,27283265446.777348,0.1486158929421979
oneD_v2_dbtt_TP_9555ff54d637c974,BACKSTRESS_SHIELDING_EXTREME,TAYLOR_COMPLETION_SINGLE_HIT,1100.0,9378622497.329714,0.001540883081301723,98387576843.46877,0.0,27283265446.777348,0.1486158929421979
oneD_v2_dbtt_TP_9555ff54d637c974,BACKSTRESS_SHIELDING_EXTREME,TAYLOR_COMPLETION_SINGLE_HIT,1100.0,9549142906.372072,0.001540883081301723,98387576843.46877,0.0,27283265446.777348,0.1486158929421979
oneD_v2_dbtt_TP_9555ff54d637c974,BACKSTRESS_SHIELDING_EXTREME,TAYLOR_COMPLETION_SINGLE_HIT,1100.0,9719663315.41443,0.001540883081301723,98387576843.46877,0.0,27283265446.777348,0.1486158929421979
oneD_v2_dbtt_TP_9555ff54d637c974,BACKSTRESS_SHIELDING_EXTREME,TAYLOR_COMPLETION_SINGLE_HIT,1100.0,9890183724.456789,0.001540883081301723,98387576843.46877,0.0,27283265446.777348,0.1486158929421979
oneD_v2_dbtt_TP_9555ff54d637c974,BACKSTRESS_SHIELDING_EXTREME,TAYLOR_COMPLETION_SINGLE_HIT,1100.0,10060704133.499147,0.001540883081301723,98387576843.46877,0.0,27283265446.777348,0.1486158929421979
oneD_v2_dbtt_TP_9555ff54d637c974,BACKSTRESS_SHIELDING_EXTREME,TAYLOR_COMPLETION_SINGLE_HIT,1100.0,10231224542.541506,0.001540883081301723,98387576843.46877,0.0,27283265446.777348,0.1486158929421979
oneD_v2_dbtt_TP_9555ff54d637c974,BACKSTRESS_SHIELDING_EXTREME,TAYLOR_COMPLETION_SINGLE_HIT,1100.0,10401744951.583864,0.001540883081301723,98387576843.46877,0.0,27283265446.777348,0.1486158929421979
oneD_v2_dbtt_TP_9555ff54d637c974,BACKSTRESS_SHIELDING_EXTREME,TAYLOR_COMPLETION_SINGLE_HIT,1100.0,10572265360.626223,0.001540883081301723,98387576843.46877,0.0,27283265446.777348,0.1486158929421979
oneD_v2_dbtt_TP_9555ff54d637c974,BACKSTRESS_SHIELDING_EXTREME,TAYLOR_COMPLETION_SINGLE_HIT,1100.0,10742785769.668581,0.001540883081301723,98387576843.46877,0.0,27283265446.777348,0.1486158929421979
oneD_v2_dbtt_TP_9555ff54d637c974,BACKSTRESS_SHIELDING_EXTREME,TAYLOR_COMPLETION_SINGLE_HIT,1100.0,10913306178.71094,0.001540883081301723,98387576843.46877,0.0,27283265446.777348,0.1486158929421979
oneD_v2_dbtt_TP_9555ff54d637c974,BACKSTRESS_SHIELDING_EXTREME,TAYLOR_COMPLETION_SINGLE_HIT,1100.0,11083826587.753298,0.001540883081301723,98387576843.46877,0.0,27283265446.777348,0.1486158929421979
oneD_v2_dbtt_TP_9555ff54d637c974,BACKSTRESS_SHIELDING_EXTREME,TAYLOR_COMPLETION_SINGLE_HIT,1100.0,11254346996.795656,0.001540883081301723,98387576843.46877,0.0,27283265446.777348,0.1486158929421979
oneD_v2_dbtt_TP_9555ff54d637c974,BACKSTRESS_SHIELDING_EXTREME,TAYLOR_COMPLETION_SINGLE_HIT,1100.0,11424867405.838015,0.001540883081301723,98387576843.46877,0.0,27283265446.777348,0.1486158929421979
oneD_v2_dbtt_TP_9555ff54d637c974,BACKSTRESS_SHIELDING_EXTREME,TAYLOR_COMPLETION_SINGLE_HIT,1100.0,11595387814.880373,0.001540883081301723,98387576843.46877,0.0,27283265446.777348,0.1486158929421979
oneD_v2_dbtt_TP_9555ff54d637c974,BACKSTRESS_SHIELDING_EXTREME,TAYLOR_COMPLETION_SINGLE_HIT,1100.0,11765908223.922731,0.001540883081301723,98387576843.46877,0.0,27283265446.777348,0.1486158929421979
oneD_v2_dbtt_TP_9555ff54d637c974,BACKSTRESS_SHIELDING_EXTREME,TAYLOR_COMPLETION_SINGLE_HIT,1100.0,11936428632.96509,0.001540883081301723,98387576843.46877,0.0,27283265446.777348,0.1486158929421979
oneD_v2_dbtt_TP_9555ff54d637c974,BACKSTRESS_SHIELDING_EXTREME,TAYLOR_COMPLETION_SINGLE_HIT,1100.0,12106949042.007448,0.001540883081301723,98387576843.46877,0.0,27283265446.777348,0.1486158929421979
oneD_v2_dbtt_TP_9555ff54d637c974,BACKSTRESS_SHIELDING_EXTREME,TAYLOR_COMPLETION_SINGLE_HIT,1100.0,12277469451.049807,0.001540883081301723,98387576843.46877,0.0,27283265446.777348,0.1486158929421979
oneD_v2_dbtt_TP_9555ff54d637c974,BACKSTRESS_SHIELDING_EXTREME,TAYLOR_COMPLETION_SINGLE_HIT,1100.0,12447989860.092165,0.001540883081301723,98387576843.46877,0.0,27283265446.777348,0.1486158929421979
oneD_v2_dbtt_TP_9555ff54d637c974,BACKSTRESS_SHIELDING_EXTREME,TAYLOR_COMPLETION_SINGLE_HIT,1100.0,12618510269.134523,0.001540883081301723,98387576843.46877,0.0,27283265446.777348,0.1486158929421979
oneD_v2_dbtt_TP_9555ff54d637c974,BACKSTRESS_SHIELDING_EXTREME,TAYLOR_COMPLETION_SINGLE_HIT,1100.0,12789030678.176882,0.001540883081301723,98387576843.46877,0.0,27283265446.777348,0.1486158929421979
oneD_v2_dbtt_TP_9555ff54d637c974,BACKSTRESS_SHIELDING_EXTREME,TAYLOR_COMPLETION_SINGLE_HIT,1100.0,12959551087.21924,0.001540883081301723,98387576843.46877,0.0,27283265446.777348,0.1486158929421979
oneD_v2_dbtt_TP_9555ff54d637c974,BACKSTRESS_SHIELDING_EXTREME,TAYLOR_COMPLETION_SINGLE_HIT,1100.0,13130071496.261599,0.001540883081301723,98387576843.46877,0.0,27283265446.777348,0.1486158929421979
oneD_v2_dbtt_TP_9555ff54d637c974,BACKSTRESS_SHIELDING_EXTREME,TAYLOR_COMPLETION_SINGLE_HIT,1100.0,13300591905.303957,0.001540883081301723,98387576843.46877,0.0,27283265446.777348,0.1486158929421979
oneD_v2_dbtt_TP_9555ff54d637c974,BACKSTRESS_SHIELDING_EXTREME,TAYLOR_COMPLETION_SINGLE_HIT,1100.0,13471112314.346315,0.001540883081301723,98387576843.46877,0.0,27283265446.777348,0.1486158929421979
oneD_v2_dbtt_TP_9555ff54d637c974,BACKSTRESS_SHIELDING_EXTREME,TAYLOR_COMPLETION_SINGLE_HIT,1100.0,13641632723.388674,0.001540883081301723,98387576843.46877,0.0,27283265446.777348,0.1486158929421979
oneD_v2_dbtt_TP_9555ff54d637c974,BACKSTRESS_SHIELDING_EXTREME,TAYLOR_COMPLETION_SINGLE_HIT,1100.0,13812153132.431032,0.001540883081301723,98387576843.46877,0.0,27283265446.777348,0.1486158929421979
oneD_v2_dbtt_TP_9555ff54d637c974,BACKSTRESS_SHIELDING_EXTREME,TAYLOR_COMPLETION_SINGLE_HIT,1100.0,13982673541.47339,0.001540883081301723,98387576843.46877,0.0,27283265446.777348,0.1486158929421979
oneD_v2_dbtt_TP_9555ff54d637c974,BACKSTRESS_SHIELDING_EXTREME,TAYLOR_COMPLETION_SINGLE_HIT,1100.0,14153193950.515749,0.001540883081301723,98387576843.46877,0.0,27283265446.777348,0.1486158929421979
oneD_v2_dbtt_TP_9555ff54d637c974,BACKSTRESS_SHIELDING_EXTREME,TAYLOR_COMPLETION_SINGLE_HIT,1100.0,14323714359.558107,0.001540883081301723,98387576843.46877,0.0,27283265446.777348,0.1486158929421979
oneD_v2_dbtt_TP_9555ff54d637c974,BACKSTRESS_SHIELDING_EXTREME,TAYLOR_COMPLETION_SINGLE_HIT,1100.0,14494234768.600466,0.001540883081301723,98387576843.46877,0.0,27283265446.777348,0.1486158929421979
oneD_v2_dbtt_TP_9555ff54d637c974,BACKSTRESS_SHIELDING_EXTREME,TAYLOR_COMPLETION_SINGLE_HIT,1100.0,14664755177.642824,0.001540883081301723,98387576843.46877,0.0,27283265446.777348,0.1486158929421979
oneD_v2_dbtt_TP_9555ff54d637c974,BACKSTRESS_SHIELDING_EXTREME,TAYLOR_COMPLETION_SINGLE_HIT,1100.0,14835275586.685183,0.001540883081301723,98387576843.46877,0.0,27283265446.777348,0.1486158929421979
oneD_v2_dbtt_TP_9555ff54d637c974,BACKSTRESS_SHIELDING_EXTREME,TAYLOR_COMPLETION_SINGLE_HIT,1100.0,15005795995.727541,0.001540883081301723,98387576843.46877,0.0,27283265446.777348,0.1486158929421979
oneD_v2_dbtt_TP_9555ff54d637c974,BACKSTRESS_SHIELDING_EXTREME,TAYLOR_COMPLETION_SINGLE_HIT,1100.0,15176316404.7699,0.001540883081301723,98387576843.46877,0.0,27283265446.777348,0.1486158929421979
oneD_v2_dbtt_TP_9555ff54d637c974,BACKSTRESS_SHIELDING_EXTREME,TAYLOR_COMPLETION_SINGLE_HIT,1100.0,15346836813.812258,0.001540883081301723,98387576843.46877,0.0,27283265446.777348,0.1486158929421979
oneD_v2_dbtt_TP_9555ff54d637c974,BACKSTRESS_SHIELDING_EXTREME,TAYLOR_COMPLETION_SINGLE_HIT,1100.0,15517357222.854616,0.001540883081301723,98387576843.46877,0.0,27283265446.777348,0.1486158929421979
oneD_v2_dbtt_TP_9555ff54d637c974,BACKSTRESS_SHIELDING_EXTREME,TAYLOR_COMPLETION_SINGLE_HIT,1100.0,15687877631.896975,0.001540883081301723,98387576843.46877,0.0,27283265446.777348,0.1486158929421979
oneD_v2_dbtt_TP_9555ff54d637c974,BACKSTRESS_SHIELDING_EXTREME,TAYLOR_COMPLETION_SINGLE_HIT,1100.0,15858398040.939333,0.001540883081301723,98387576843.46877,0.0,27283265446.777348,0.1486158929421979
oneD_v2_dbtt_TP_9555ff54d637c974,BACKSTRESS_SHIELDING_EXTREME,TAYLOR_COMPLETION_SINGLE_HIT,1100.0,16028918449.981691,0.001540883081301723,98387576843.46877,0.0,27283265446.777348,0.1486158929421979
oneD_v2_dbtt_TP_9555ff54d637c974,BACKSTRESS_SHIELDING_EXTREME,TAYLOR_COMPLETION_SINGLE_HIT,1100.0,16199438859.02405,0.001540883081301723,98387576843.46877,0.0,27283265446.777348,0.1486158929421979
oneD_v2_dbtt_TP_9555ff54d637c974,BACKSTRESS_SHIELDING_EXTREME,TAYLOR_COMPLETION_SINGLE_HIT,1100.0,16369959268.06641,0.001540883081301723,98387576843.46877,0.0,27283265446.777348,0.1486158929421979
oneD_v2_dbtt_TP_9555ff54d637c974,BACKSTRESS_SHIELDING_EXTREME,TAYLOR_COMPLETION_SINGLE_HIT,1100.0,16540479677.108768,0.001540883081301723,98387576843.46877,0.0,27283265446.777348,0.1486158929421979
oneD_v2_dbtt_TP_9555ff54d637c974,BACKSTRESS_SHIELDING_EXTREME,TAYLOR_COMPLETION_SINGLE_HIT,1100.0,16711000086.151127,0.001540883081301723,98387576843.46877,0.0,27283265446.777348,0.1486158929421979
oneD_v2_dbtt_TP_9555ff54d637c974,BACKSTRESS_SHIELDING_EXTREME,TAYLOR_COMPLETION_SINGLE_HIT,1100.0,16881520495.193485,0.001540883081301723,98387576843.46877,0.0,27283265446.777348,0.1486158929421979
oneD_v2_dbtt_TP_9555ff54d637c974,BACKSTRESS_SHIELDING_EXTREME,TAYLOR_COMPLETION_SINGLE_HIT,1100.0,17052040904.235844,0.001540883081301723,98387576843.46877,0.0,27283265446.777348,0.1486158929421979
oneD_v2_dbtt_TP_9555ff54d637c974,BACKSTRESS_SHIELDING_EXTREME,TAYLOR_COMPLETION_SINGLE_HIT,1100.0,17222561313.278202,0.001540883081301723,98387576843.46877,0.0,27283265446.777348,0.1486158929421979
oneD_v2_dbtt_TP_9555ff54d637c974,BACKSTRESS_SHIELDING_EXTREME,TAYLOR_COMPLETION_SINGLE_HIT,1100.0,17393081722.32056,0.001540883081301723,98387576843.46877,0.0,27283265446.777348,0.1486158929421979
oneD_v2_dbtt_TP_9555ff54d637c974,BACKSTRESS_SHIELDING_EXTREME,TAYLOR_COMPLETION_SINGLE_HIT,1100.0,17563602131.36292,0.001540883081301723,98387576843.46877,0.0,27283265446.777348,0.1486158929421979
oneD_v2_dbtt_TP_9555ff54d637c974,BACKSTRESS_SHIELDING_EXTREME,TAYLOR_COMPLETION_SINGLE_HIT,1100.0,17734122540.405277,0.001540883081301723,98387576843.46877,0.0,27283265446.777348,0.1486158929421979
oneD_v2_dbtt_TP_9555ff54d637c974,BACKSTRESS_SHIELDING_EXTREME,TAYLOR_COMPLETION_SINGLE_HIT,1100.0,17904642949.447636,0.001540883081301723,98387576843.46877,0.0,27283265446.777348,0.1486158929421979
oneD_v2_dbtt_TP_9555ff54d637c974,BACKSTRESS_SHIELDING_EXTREME,TAYLOR_COMPLETION_SINGLE_HIT,1100.0,18075163358.489994,0.001540883081301723,98387576843.46877,0.0,27283265446.777348,0.1486158929421979
oneD_v2_dbtt_TP_9555ff54d637c974,BACKSTRESS_SHIELDING_EXTREME,TAYLOR_COMPLETION_SINGLE_HIT,1100.0,18245683767.532352,0.001540883081301723,98387576843.46877,0.0,27283265446.777348,0.1486158929421979
oneD_v2_dbtt_TP_9555ff54d637c974,BACKSTRESS_SHIELDING_EXTREME,TAYLOR_COMPLETION_SINGLE_HIT,1100.0,18416204176.57471,0.001540883081301723,98387576843.46877,0.0,27283265446.777348,0.1486158929421979
oneD_v2_dbtt_TP_9555ff54d637c974,BACKSTRESS_SHIELDING_EXTREME,TAYLOR_COMPLETION_SINGLE_HIT,1100.0,18586724585.61707,0.001540883081301723,98387576843.46877,0.0,27283265446.777348,0.1486158929421979
oneD_v2_dbtt_TP_9555ff54d637c974,BACKSTRESS_SHIELDING_EXTREME,TAYLOR_COMPLETION_SINGLE_HIT,1100.0,18757244994.659428,0.001540883081301723,98387576843.46877,0.0,27283265446.777348,0.1486158929421979
oneD_v2_dbtt_TP_9555ff54d637c974,BACKSTRESS_SHIELDING_EXTREME,TAYLOR_COMPLETION_SINGLE_HIT,1100.0,18927765403.701786,0.001540883081301723,98387576843.46877,0.0,27283265446.777348,0.1486158929421979
oneD_v2_dbtt_TP_9555ff54d637c974,BACKSTRESS_SHIELDING_EXTREME,TAYLOR_COMPLETION_SINGLE_HIT,1100.0,19098285812.744144,0.001540883081301723,98387576843.46877,0.0,27283265446.777348,0.1486158929421979
oneD_v2_dbtt_TP_9555ff54d637c974,BACKSTRESS_SHIELDING_EXTREME,TAYLOR_COMPLETION_SINGLE_HIT,1100.0,19268806221.786503,0.001540883081301723,98387576843.46877,0.0,27283265446.777348,0.1486158929421979
oneD_v2_dbtt_TP_9555ff54d637c974,BACKSTRESS_SHIELDING_EXTREME,TAYLOR_COMPLETION_SINGLE_HIT,1100.0,19439326630.82886,0.001540883081301723,98387576843.46877,0.0,27283265446.777348,0.1486158929421979
oneD_v2_dbtt_TP_9555ff54d637c974,BACKSTRESS_SHIELDING_EXTREME,TAYLOR_COMPLETION_SINGLE_HIT,1100.0,19609847039.87122,0.001540883081301723,98387576843.46877,0.0,27283265446.777348,0.1486158929421979
oneD_v2_dbtt_TP_9555ff54d637c974,BACKSTRESS_SHIELDING_EXTREME,TAYLOR_COMPLETION_SINGLE_HIT,1100.0,19780367448.913578,0.001540883081301723,98387576843.46877,0.0,27283265446.777348,0.1486158929421979
oneD_v2_dbtt_TP_9555ff54d637c974,BACKSTRESS_SHIELDING_EXTREME,TAYLOR_COMPLETION_SINGLE_HIT,1100.0,19950887857.955936,0.001540883081301723,98387576843.46877,0.0,27283265446.777348,0.1486158929421979
oneD_v2_dbtt_TP_9555ff54d637c974,BACKSTRESS_SHIELDING_EXTREME,TAYLOR_COMPLETION_SINGLE_HIT,1100.0,20121408266.998295,0.001540883081301723,98387576843.46877,0.0,27283265446.777348,0.1486158929421979
oneD_v2_dbtt_TP_9555ff54d637c974,BACKSTRESS_SHIELDING_EXTREME,TAYLOR_COMPLETION_SINGLE_HIT,1100.0,20291928676.040653,0.001540883081301723,98387576843.46877,0.0,27283265446.777348,0.1486158929421979
oneD_v2_dbtt_TP_9555ff54d637c974,BACKSTRESS_SHIELDING_EXTREME,TAYLOR_COMPLETION_SINGLE_HIT,1100.0,20462449085.08301,0.001540883081301723,98387576843.46877,0.0,27283265446.777348,0.1486158929421979
oneD_v2_dbtt_TP_9555ff54d637c974,BACKSTRESS_SHIELDING_EXTREME,TAYLOR_COMPLETION_SINGLE_HIT,1100.0,20632969494.12537,0.001540883081301723,98387576843.46877,0.0,27283265446.777348,0.1486158929421979
oneD_v2_dbtt_TP_9555ff54d637c974,BACKSTRESS_SHIELDING_EXTREME,TAYLOR_COMPLETION_SINGLE_HIT,1100.0,20803489903.16773,0.001540883081301723,98387576843.46877,0.0,27283265446.777348,0.1486158929421979
oneD_v2_dbtt_TP_9555ff54d637c974,BACKSTRESS_SHIELDING_EXTREME,TAYLOR_COMPLETION_SINGLE_HIT,1100.0,20974010312.210087,0.001540883081301723,98387576843.46877,0.0,27283265446.777348,0.1486158929421979
oneD_v2_dbtt_TP_9555ff54d637c974,BACKSTRESS_SHIELDING_EXTREME,TAYLOR_COMPLETION_SINGLE_HIT,1100.0,21144530721.252445,0.001540883081301723,98387576843.46877,0.0,27283265446.777348,0.1486158929421979
oneD_v2_dbtt_TP_9555ff54d637c974,BACKSTRESS_SHIELDING_EXTREME,TAYLOR_COMPLETION_SINGLE_HIT,1100.0,21315051130.294804,0.001540883081301723,98387576843.46877,0.0,27283265446.777348,0.1486158929421979
oneD_v2_dbtt_TP_9555ff54d637c974,BACKSTRESS_SHIELDING_EXTREME,TAYLOR_COMPLETION_SINGLE_HIT,1100.0,21485571539.337162,0.001540883081301723,98387576843.46877,0.0,27283265446.777348,0.1486158929421979
oneD_v2_dbtt_TP_9555ff54d637c974,BACKSTRESS_SHIELDING_EXTREME,TAYLOR_COMPLETION_SINGLE_HIT,1100.0,21656091948.37952,0.001540883081301723,98387576843.46877,0.0,27283265446.777348,0.1486158929421979
oneD_v2_dbtt_TP_9555ff54d637c974,BACKSTRESS_SHIELDING_EXTREME,TAYLOR_COMPLETION_SINGLE_HIT,1100.0,21826612357.42188,0.001540883081301723,98387576843.46877,0.0,27283265446.777348,0.1486158929421979
oneD_v2_dbtt_TP_9555ff54d637c974,BACKSTRESS_SHIELDING_EXTREME,TAYLOR_COMPLETION_SINGLE_HIT,1100.0,21997132766.464237,0.001540883081301723,98387576843.46877,0.0,27283265446.777348,0.1486158929421979
oneD_v2_dbtt_TP_9555ff54d637c974,BACKSTRESS_SHIELDING_EXTREME,TAYLOR_COMPLETION_SINGLE_HIT,1100.0,22167653175.506596,0.001540883081301723,98387576843.46877,0.0,27283265446.777348,0.1486158929421979
oneD_v2_dbtt_TP_9555ff54d637c974,BACKSTRESS_SHIELDING_EXTREME,TAYLOR_COMPLETION_SINGLE_HIT,1100.0,22338173584.548954,0.001540883081301723,98387576843.46877,0.0,27283265446.777348,0.1486158929421979
oneD_v2_dbtt_TP_9555ff54d637c974,BACKSTRESS_SHIELDING_EXTREME,TAYLOR_COMPLETION_SINGLE_HIT,1100.0,22508693993.591312,0.001540883081301723,98387576843.46877,0.0,27283265446.777348,0.1486158929421979
oneD_v2_dbtt_TP_9555ff54d637c974,BACKSTRESS_SHIELDING_EXTREME,TAYLOR_COMPLETION_SINGLE_HIT,1100.0,22679214402.63367,0.001540883081301723,98387576843.46877,0.0,27283265446.777348,0.1486158929421979
oneD_v2_dbtt_TP_9555ff54d637c974,BACKSTRESS_SHIELDING_EXTREME,TAYLOR_COMPLETION_SINGLE_HIT,1100.0,22849734811.67603,0.001540883081301723,98387576843.46877,0.0,27283265446.777348,0.1486158929421979
oneD_v2_dbtt_TP_9555ff54d637c974,BACKSTRESS_SHIELDING_EXTREME,TAYLOR_COMPLETION_SINGLE_HIT,1100.0,23020255220.718388,0.001540883081301723,98387576843.46877,0.0,27283265446.777348,0.1486158929421979
oneD_v2_dbtt_TP_9555ff54d637c974,BACKSTRESS_SHIELDING_EXTREME,TAYLOR_COMPLETION_SINGLE_HIT,1100.0,23190775629.760746,0.001540883081301723,98387576843.46877,0.0,27283265446.777348,0.1486158929421979
oneD_v2_dbtt_TP_9555ff54d637c974,BACKSTRESS_SHIELDING_EXTREME,TAYLOR_COMPLETION_SINGLE_HIT,1100.0,23361296038.803104,0.001540883081301723,98387576843.46877,0.0,27283265446.777348,0.1486158929421979
oneD_v2_dbtt_TP_9555ff54d637c974,BACKSTRESS_SHIELDING_EXTREME,TAYLOR_COMPLETION_SINGLE_HIT,1100.0,23531816447.845463,0.001540883081301723,98387576843.46877,0.0,27283265446.777348,0.1486158929421979
oneD_v2_dbtt_TP_9555ff54d637c974,BACKSTRESS_SHIELDING_EXTREME,TAYLOR_COMPLETION_SINGLE_HIT,1100.0,23702336856.88782,0.001540883081301723,98387576843.46877,0.0,27283265446.777348,0.1486158929421979
oneD_v2_dbtt_TP_9555ff54d637c974,BACKSTRESS_SHIELDING_EXTREME,TAYLOR_COMPLETION_SINGLE_HIT,1100.0,23872857265.93018,0.001540883081301723,98387576843.46877,0.0,27283265446.777348,0.1486158929421979
oneD_v2_dbtt_TP_9555ff54d637c974,BACKSTRESS_SHIELDING_EXTREME,TAYLOR_COMPLETION_SINGLE_HIT,1100.0,24043377674.972538,0.001540883081301723,98387576843.46877,0.0,27283265446.777348,0.1486158929421979
oneD_v2_dbtt_TP_9555ff54d637c974,BACKSTRESS_SHIELDING_EXTREME,TAYLOR_COMPLETION_SINGLE_HIT,1100.0,24213898084.014896,0.001540883081301723,98387576843.46877,0.0,27283265446.777348,0.1486158929421979
oneD_v2_dbtt_TP_9555ff54d637c974,BACKSTRESS_SHIELDING_EXTREME,TAYLOR_COMPLETION_SINGLE_HIT,1100.0,24384418493.057255,0.001540883081301723,98387576843.46877,0.0,27283265446.777348,0.1486158929421979
oneD_v2_dbtt_TP_9555ff54d637c974,BACKSTRESS_SHIELDING_EXTREME,TAYLOR_COMPLETION_SINGLE_HIT,1100.0,24554938902.099613,0.001540883081301723,98387576843.46877,0.0,27283265446.777348,0.1486158929421979
oneD_v2_dbtt_TP_9555ff54d637c974,BACKSTRESS_SHIELDING_EXTREME,TAYLOR_COMPLETION_SINGLE_HIT,1100.0,24725459311.14197,0.001540883081301723,98387576843.46877,0.0,27283265446.777348,0.1486158929421979
oneD_v2_dbtt_TP_9555ff54d637c974,BACKSTRESS_SHIELDING_EXTREME,TAYLOR_COMPLETION_SINGLE_HIT,1100.0,24895979720.18433,0.001540883081301723,98387576843.46877,0.0,27283265446.777348,0.1486158929421979
oneD_v2_dbtt_TP_9555ff54d637c974,BACKSTRESS_SHIELDING_EXTREME,TAYLOR_COMPLETION_SINGLE_HIT,1100.0,25066500129.22669,0.001540883081301723,98387576843.46877,0.0,27283265446.777348,0.1486158929421979
oneD_v2_dbtt_TP_9555ff54d637c974,BACKSTRESS_SHIELDING_EXTREME,TAYLOR_COMPLETION_SINGLE_HIT,1100.0,25237020538.269047,0.001540883081301723,98387576843.46877,0.0,27283265446.777348,0.1486158929421979
oneD_v2_dbtt_TP_9555ff54d637c974,BACKSTRESS_SHIELDING_EXTREME,TAYLOR_COMPLETION_SINGLE_HIT,1100.0,25407540947.311405,0.001540883081301723,98387576843.46877,0.0,27283265446.777348,0.1486158929421979
oneD_v2_dbtt_TP_9555ff54d637c974,BACKSTRESS_SHIELDING_EXTREME,TAYLOR_COMPLETION_SINGLE_HIT,1100.0,25578061356.353764,0.001540883081301723,98387576843.46877,0.0,27283265446.777348,0.1486158929421979
oneD_v2_dbtt_TP_9555ff54d637c974,BACKSTRESS_SHIELDING_EXTREME,TAYLOR_COMPLETION_SINGLE_HIT,1100.0,25748581765.396122,0.001540883081301723,98387576843.46877,0.0,27283265446.777348,0.1486158929421979
oneD_v2_dbtt_TP_9555ff54d637c974,BACKSTRESS_SHIELDING_EXTREME,TAYLOR_COMPLETION_SINGLE_HIT,1100.0,25919102174.43848,0.001540883081301723,98387576843.46877,0.0,27283265446.777348,0.1486158929421979
oneD_v2_dbtt_TP_9555ff54d637c974,BACKSTRESS_SHIELDING_EXTREME,TAYLOR_COMPLETION_SINGLE_HIT,1100.0,26089622583.48084,0.001540883081301723,98387576843.46877,0.0,27283265446.777348,0.1486158929421979
oneD_v2_dbtt_TP_9555ff54d637c974,BACKSTRESS_SHIELDING_EXTREME,TAYLOR_COMPLETION_SINGLE_HIT,1100.0,26260142992.523197,0.001540883081301723,98387576843.46877,0.0,27283265446.777348,0.1486158929421979
oneD_v2_dbtt_TP_9555ff54d637c974,BACKSTRESS_SHIELDING_EXTREME,TAYLOR_COMPLETION_SINGLE_HIT,1100.0,26430663401.565556,0.001540883081301723,98387576843.46877,0.0,27283265446.777348,0.1486158929421979
oneD_v2_dbtt_TP_9555ff54d637c974,BACKSTRESS_SHIELDING_EXTREME,TAYLOR_COMPLETION_SINGLE_HIT,1100.0,26601183810.607914,0.001540883081301723,98387576843.46877,0.0,27283265446.777348,0.1486158929421979
oneD_v2_dbtt_TP_9555ff54d637c974,BACKSTRESS_SHIELDING_EXTREME,TAYLOR_COMPLETION_SINGLE_HIT,1100.0,26771704219.650272,0.001540883081301723,98387576843.46877,0.0,27283265446.777348,0.1486158929421979
oneD_v2_dbtt_TP_9555ff54d637c974,BACKSTRESS_SHIELDING_EXTREME,TAYLOR_COMPLETION_SINGLE_HIT,1100.0,26942224628.69263,0.001540883081301723,98387576843.46877,0.0,27283265446.777348,0.1486158929421979
oneD_v2_dbtt_TP_9555ff54d637c974,BACKSTRESS_SHIELDING_EXTREME,TAYLOR_COMPLETION_SINGLE_HIT,1100.0,27112745037.73499,0.001540883081301723,98387576843.46877,0.0,27283265446.777348,0.1486158929421979
oneD_v2_dbtt_TP_9555ff54d637c974,BACKSTRESS_SHIELDING_EXTREME,TAYLOR_COMPLETION_SINGLE_HIT,1100.0,27283265446.777348,0.001540883081301723,98387576843.46877,0.0,27283265446.777348,0.1486158929421979
oneD_v2_dbtt_TP_9555ff54d637c974,BACKSTRESS_SHIELDING_EXTREME,EMISSION,1100.0,0.0,7.160118789714014,1.5670446861826083e-22,0.0,135801294.01313782,7.160118789714014
oneD_v2_dbtt_TP_9555ff54d637c974,BACKSTRESS_SHIELDING_EXTREME,EMISSION,1100.0,848758.0875821114,0.07423772575569687,45695265852.441086,0.0,135801294.01313782,7.160118789714014
oneD_v2_dbtt_TP_9555ff54d637c974,BACKSTRESS_SHIELDING_EXTREME,EMISSION,1100.0,1697516.1751642227,0.07423772575569687,45695265852.441086,0.0,135801294.01313782,7.160118789714014
oneD_v2_dbtt_TP_9555ff54d637c974,BACKSTRESS_SHIELDING_EXTREME,EMISSION,1100.0,2546274.262746334,0.07423772575569687,45695265852.441086,0.0,135801294.01313782,7.160118789714014
oneD_v2_dbtt_TP_9555ff54d637c974,BACKSTRESS_SHIELDING_EXTREME,EMISSION,1100.0,3395032.3503284454,0.07423772575569687,45695265852.441086,0.0,135801294.01313782,7.160118789714014
oneD_v2_dbtt_TP_9555ff54d637c974,BACKSTRESS_SHIELDING_EXTREME,EMISSION,1100.0,4243790.437910557,0.07423772575569687,45695265852.441086,0.0,135801294.01313782,7.160118789714014
oneD_v2_dbtt_TP_9555ff54d637c974,BACKSTRESS_SHIELDING_EXTREME,EMISSION,1100.0,5092548.525492668,0.07423772575569687,45695265852.441086,0.0,135801294.01313782,7.160118789714014
oneD_v2_dbtt_TP_9555ff54d637c974,BACKSTRESS_SHIELDING_EXTREME,EMISSION,1100.0,5941306.6130747795,0.07423772575569687,45695265852.441086,0.0,135801294.01313782,7.160118789714014
oneD_v2_dbtt_TP_9555ff54d637c974,BACKSTRESS_SHIELDING_EXTREME,EMISSION,1100.0,6790064.700656891,0.07423772575569687,45695265852.441086,0.0,135801294.01313782,7.160118789714014
oneD_v2_dbtt_TP_9555ff54d637c974,BACKSTRESS_SHIELDING_EXTREME,EMISSION,1100.0,7638822.788239002,0.07423772575569687,45695265852.441086,0.0,135801294.01313782,7.160118789714014
oneD_v2_dbtt_TP_9555ff54d637c974,BACKSTRESS_SHIELDING_EXTREME,EMISSION,1100.0,8487580.875821114,0.07423772575569687,45695265852.441086,0.0,135801294.01313782,7.160118789714014
oneD_v2_dbtt_TP_9555ff54d637c974,BACKSTRESS_SHIELDING_EXTREME,EMISSION,1100.0,9336338.963403225,0.07423772575569687,45695265852.441086,0.0,135801294.01313782,7.160118789714014
oneD_v2_dbtt_TP_9555ff54d637c974,BACKSTRESS_SHIELDING_EXTREME,EMISSION,1100.0,10185097.050985336,0.07423772575569687,45695265852.441086,0.0,135801294.01313782,7.160118789714014
oneD_v2_dbtt_TP_9555ff54d637c974,BACKSTRESS_SHIELDING_EXTREME,EMISSION,1100.0,11033855.138567448,0.07423772575569687,45695265852.441086,0.0,135801294.01313782,7.160118789714014
oneD_v2_dbtt_TP_9555ff54d637c974,BACKSTRESS_SHIELDING_EXTREME,EMISSION,1100.0,11882613.226149559,0.07423772575569687,45695265852.441086,0.0,135801294.01313782,7.160118789714014
oneD_v2_dbtt_TP_9555ff54d637c974,BACKSTRESS_SHIELDING_EXTREME,EMISSION,1100.0,12731371.31373167,0.07423772575569687,45695265852.441086,0.0,135801294.01313782,7.160118789714014
oneD_v2_dbtt_TP_9555ff54d637c974,BACKSTRESS_SHIELDING_EXTREME,EMISSION,1100.0,13580129.401313782,0.07423772575569687,45695265852.441086,0.0,135801294.01313782,7.160118789714014
oneD_v2_dbtt_TP_9555ff54d637c974,BACKSTRESS_SHIELDING_EXTREME,EMISSION,1100.0,14428887.488895893,0.07423772575569687,45695265852.441086,0.0,135801294.01313782,7.160118789714014
oneD_v2_dbtt_TP_9555ff54d637c974,BACKSTRESS_SHIELDING_EXTREME,EMISSION,1100.0,15277645.576478004,0.07423772575569687,45695265852.441086,0.0,135801294.01313782,7.160118789714014
oneD_v2_dbtt_TP_9555ff54d637c974,BACKSTRESS_SHIELDING_EXTREME,EMISSION,1100.0,16126403.664060116,0.07423772575569687,45695265852.441086,0.0,135801294.01313782,7.160118789714014
oneD_v2_dbtt_TP_9555ff54d637c974,BACKSTRESS_SHIELDING_EXTREME,EMISSION,1100.0,16975161.751642227,0.07423772575569687,45695265852.441086,0.0,135801294.01313782,7.160118789714014
oneD_v2_dbtt_TP_9555ff54d637c974,BACKSTRESS_SHIELDING_EXTREME,EMISSION,1100.0,17823919.83922434,0.07423772575569687,45695265852.441086,0.0,135801294.01313782,7.160118789714014
oneD_v2_dbtt_TP_9555ff54d637c974,BACKSTRESS_SHIELDING_EXTREME,EMISSION,1100.0,18672677.92680645,0.07423772575569687,45695265852.441086,0.0,135801294.01313782,7.160118789714014
oneD_v2_dbtt_TP_9555ff54d637c974,BACKSTRESS_SHIELDING_EXTREME,EMISSION,1100.0,19521436.01438856,0.07423772575569687,45695265852.441086,0.0,135801294.01313782,7.160118789714014
oneD_v2_dbtt_TP_9555ff54d637c974,BACKSTRESS_SHIELDING_EXTREME,EMISSION,1100.0,20370194.101970673,0.07423772575569687,45695265852.441086,0.0,135801294.01313782,7.160118789714014
oneD_v2_dbtt_TP_9555ff54d637c974,BACKSTRESS_SHIELDING_EXTREME,EMISSION,1100.0,21218952.189552784,0.07423772575569687,45695265852.441086,0.0,135801294.01313782,7.160118789714014
oneD_v2_dbtt_TP_9555ff54d637c974,BACKSTRESS_SHIELDING_EXTREME,EMISSION,1100.0,22067710.277134895,0.07423772575569687,45695265852.441086,0.0,135801294.01313782,7.160118789714014
oneD_v2_dbtt_TP_9555ff54d637c974,BACKSTRESS_SHIELDING_EXTREME,EMISSION,1100.0,22916468.364717007,0.07423772575569687,45695265852.441086,0.0,135801294.01313782,7.160118789714014
oneD_v2_dbtt_TP_9555ff54d637c974,BACKSTRESS_SHIELDING_EXTREME,EMISSION,1100.0,23765226.452299118,0.07423772575569687,45695265852.441086,0.0,135801294.01313782,7.160118789714014
oneD_v2_dbtt_TP_9555ff54d637c974,BACKSTRESS_SHIELDING_EXTREME,EMISSION,1100.0,24613984.53988123,0.07423772575569687,45695265852.441086,0.0,135801294.01313782,7.160118789714014
oneD_v2_dbtt_TP_9555ff54d637c974,BACKSTRESS_SHIELDING_EXTREME,EMISSION,1100.0,25462742.62746334,0.07423772575569687,45695265852.441086,0.0,135801294.01313782,7.160118789714014
oneD_v2_dbtt_TP_9555ff54d637c974,BACKSTRESS_SHIELDING_EXTREME,EMISSION,1100.0,26311500.715045452,0.07423772575569687,45695265852.441086,0.0,135801294.01313782,7.160118789714014
oneD_v2_dbtt_TP_9555ff54d637c974,BACKSTRESS_SHIELDING_EXTREME,EMISSION,1100.0,27160258.802627563,0.07423772575569687,45695265852.441086,0.0,135801294.01313782,7.160118789714014
oneD_v2_dbtt_TP_9555ff54d637c974,BACKSTRESS_SHIELDING_EXTREME,EMISSION,1100.0,28009016.890209675,0.07423772575569687,45695265852.441086,0.0,135801294.01313782,7.160118789714014
oneD_v2_dbtt_TP_9555ff54d637c974,BACKSTRESS_SHIELDING_EXTREME,EMISSION,1100.0,28857774.977791786,0.07423772575569687,45695265852.441086,0.0,135801294.01313782,7.160118789714014
oneD_v2_dbtt_TP_9555ff54d637c974,BACKSTRESS_SHIELDING_EXTREME,EMISSION,1100.0,29706533.065373898,0.07423772575569687,45695265852.441086,0.0,135801294.01313782,7.160118789714014
oneD_v2_dbtt_TP_9555ff54d637c974,BACKSTRESS_SHIELDING_EXTREME,EMISSION,1100.0,30555291.15295601,0.07423772575569687,45695265852.441086,0.0,135801294.01313782,7.160118789714014
oneD_v2_dbtt_TP_9555ff54d637c974,BACKSTRESS_SHIELDING_EXTREME,EMISSION,1100.0,31404049.24053812,0.07423772575569687,45695265852.441086,0.0,135801294.01313782,7.160118789714014
oneD_v2_dbtt_TP_9555ff54d637c974,BACKSTRESS_SHIELDING_EXTREME,EMISSION,1100.0,32252807.32812023,0.07423772575569687,45695265852.441086,0.0,135801294.01313782,7.160118789714014
oneD_v2_dbtt_TP_9555ff54d637c974,BACKSTRESS_SHIELDING_EXTREME,EMISSION,1100.0,33101565.415702343,0.07423772575569687,45695265852.441086,0.0,135801294.01313782,7.160118789714014
oneD_v2_dbtt_TP_9555ff54d637c974,BACKSTRESS_SHIELDING_EXTREME,EMISSION,1100.0,33950323.503284454,0.07423772575569687,45695265852.441086,0.0,135801294.01313782,7.160118789714014
oneD_v2_dbtt_TP_9555ff54d637c974,BACKSTRESS_SHIELDING_EXTREME,EMISSION,1100.0,34799081.590866566,0.07423772575569687,45695265852.441086,0.0,135801294.01313782,7.160118789714014
oneD_v2_dbtt_TP_9555ff54d637c974,BACKSTRESS_SHIELDING_EXTREME,EMISSION,1100.0,35647839.67844868,0.07423772575569687,45695265852.441086,0.0,135801294.01313782,7.160118789714014
oneD_v2_dbtt_TP_9555ff54d637c974,BACKSTRESS_SHIELDING_EXTREME,EMISSION,1100.0,36496597.76603079,0.07423772575569687,45695265852.441086,0.0,135801294.01313782,7.160118789714014
oneD_v2_dbtt_TP_9555ff54d637c974,BACKSTRESS_SHIELDING_EXTREME,EMISSION,1100.0,37345355.8536129,0.07423772575569687,45695265852.441086,0.0,135801294.01313782,7.160118789714014
oneD_v2_dbtt_TP_9555ff54d637c974,BACKSTRESS_SHIELDING_EXTREME,EMISSION,1100.0,38194113.94119501,0.07423772575569687,45695265852.441086,0.0,135801294.01313782,7.160118789714014
oneD_v2_dbtt_TP_9555ff54d637c974,BACKSTRESS_SHIELDING_EXTREME,EMISSION,1100.0,39042872.02877712,0.07423772575569687,45695265852.441086,0.0,135801294.01313782,7.160118789714014
oneD_v2_dbtt_TP_9555ff54d637c974,BACKSTRESS_SHIELDING_EXTREME,EMISSION,1100.0,39891630.116359234,0.07423772575569687,45695265852.441086,0.0,135801294.01313782,7.160118789714014
oneD_v2_dbtt_TP_9555ff54d637c974,BACKSTRESS_SHIELDING_EXTREME,EMISSION,1100.0,40740388.203941345,0.07423772575569687,45695265852.441086,0.0,135801294.01313782,7.160118789714014
oneD_v2_dbtt_TP_9555ff54d637c974,BACKSTRESS_SHIELDING_EXTREME,EMISSION,1100.0,41589146.29152346,0.07423772575569687,45695265852.441086,0.0,135801294.01313782,7.160118789714014
oneD_v2_dbtt_TP_9555ff54d637c974,BACKSTRESS_SHIELDING_EXTREME,EMISSION,1100.0,42437904.37910557,0.07423772575569687,45695265852.441086,0.0,135801294.01313782,7.160118789714014
oneD_v2_dbtt_TP_9555ff54d637c974,BACKSTRESS_SHIELDING_EXTREME,EMISSION,1100.0,43286662.46668768,0.07423772575569687,45695265852.441086,0.0,135801294.01313782,7.160118789714014
oneD_v2_dbtt_TP_9555ff54d637c974,BACKSTRESS_SHIELDING_EXTREME,EMISSION,1100.0,44135420.55426979,0.07423772575569687,45695265852.441086,0.0,135801294.01313782,7.160118789714014
oneD_v2_dbtt_TP_9555ff54d637c974,BACKSTRESS_SHIELDING_EXTREME,EMISSION,1100.0,44984178.6418519,0.07423772575569687,45695265852.441086,0.0,135801294.01313782,7.160118789714014
oneD_v2_dbtt_TP_9555ff54d637c974,BACKSTRESS_SHIELDING_EXTREME,EMISSION,1100.0,45832936.72943401,0.07423772575569687,45695265852.441086,0.0,135801294.01313782,7.160118789714014
oneD_v2_dbtt_TP_9555ff54d637c974,BACKSTRESS_SHIELDING_EXTREME,EMISSION,1100.0,46681694.817016125,0.07423772575569687,45695265852.441086,0.0,135801294.01313782,7.160118789714014
oneD_v2_dbtt_TP_9555ff54d637c974,BACKSTRESS_SHIELDING_EXTREME,EMISSION,1100.0,47530452.904598236,0.07423772575569687,45695265852.441086,0.0,135801294.01313782,7.160118789714014
oneD_v2_dbtt_TP_9555ff54d637c974,BACKSTRESS_SHIELDING_EXTREME,EMISSION,1100.0,48379210.99218035,0.07423772575569687,45695265852.441086,0.0,135801294.01313782,7.160118789714014
oneD_v2_dbtt_TP_9555ff54d637c974,BACKSTRESS_SHIELDING_EXTREME,EMISSION,1100.0,49227969.07976246,0.07423772575569687,45695265852.441086,0.0,135801294.01313782,7.160118789714014
oneD_v2_dbtt_TP_9555ff54d637c974,BACKSTRESS_SHIELDING_EXTREME,EMISSION,1100.0,50076727.16734457,0.07423772575569687,45695265852.441086,0.0,135801294.01313782,7.160118789714014
oneD_v2_dbtt_TP_9555ff54d637c974,BACKSTRESS_SHIELDING_EXTREME,EMISSION,1100.0,50925485.25492668,0.07423772575569687,45695265852.441086,0.0,135801294.01313782,7.160118789714014
oneD_v2_dbtt_TP_9555ff54d637c974,BACKSTRESS_SHIELDING_EXTREME,EMISSION,1100.0,51774243.34250879,0.07423772575569687,45695265852.441086,0.0,135801294.01313782,7.160118789714014
oneD_v2_dbtt_TP_9555ff54d637c974,BACKSTRESS_SHIELDING_EXTREME,EMISSION,1100.0,52623001.430090904,0.07423772575569687,45695265852.441086,0.0,135801294.01313782,7.160118789714014
oneD_v2_dbtt_TP_9555ff54d637c974,BACKSTRESS_SHIELDING_EXTREME,EMISSION,1100.0,53471759.517673016,0.07423772575569687,45695265852.441086,0.0,135801294.01313782,7.160118789714014
oneD_v2_dbtt_TP_9555ff54d637c974,BACKSTRESS_SHIELDING_EXTREME,EMISSION,1100.0,54320517.60525513,0.07423772575569687,45695265852.441086,0.0,135801294.01313782,7.160118789714014
oneD_v2_dbtt_TP_9555ff54d637c974,BACKSTRESS_SHIELDING_EXTREME,EMISSION,1100.0,55169275.69283724,0.07423772575569687,45695265852.441086,0.0,135801294.01313782,7.160118789714014
oneD_v2_dbtt_TP_9555ff54d637c974,BACKSTRESS_SHIELDING_EXTREME,EMISSION,1100.0,56018033.78041935,0.07423772575569687,45695265852.441086,0.0,135801294.01313782,7.160118789714014
oneD_v2_dbtt_TP_9555ff54d637c974,BACKSTRESS_SHIELDING_EXTREME,EMISSION,1100.0,56866791.86800146,0.07423772575569687,45695265852.441086,0.0,135801294.01313782,7.160118789714014
oneD_v2_dbtt_TP_9555ff54d637c974,BACKSTRESS_SHIELDING_EXTREME,EMISSION,1100.0,57715549.95558357,0.07423772575569687,45695265852.441086,0.0,135801294.01313782,7.160118789714014
oneD_v2_dbtt_TP_9555ff54d637c974,BACKSTRESS_SHIELDING_EXTREME,EMISSION,1100.0,58564308.043165684,0.07423772575569687,45695265852.441086,0.0,135801294.01313782,7.160118789714014
oneD_v2_dbtt_TP_9555ff54d637c974,BACKSTRESS_SHIELDING_EXTREME,EMISSION,1100.0,59413066.130747795,0.07423772575569687,45695265852.441086,0.0,135801294.01313782,7.160118789714014
oneD_v2_dbtt_TP_9555ff54d637c974,BACKSTRESS_SHIELDING_EXTREME,EMISSION,1100.0,60261824.21832991,0.07423772575569687,45695265852.441086,0.0,135801294.01313782,7.160118789714014
oneD_v2_dbtt_TP_9555ff54d637c974,BACKSTRESS_SHIELDING_EXTREME,EMISSION,1100.0,61110582.30591202,0.07423772575569687,45695265852.441086,0.0,135801294.01313782,7.160118789714014
oneD_v2_dbtt_TP_9555ff54d637c974,BACKSTRESS_SHIELDING_EXTREME,EMISSION,1100.0,61959340.39349413,0.07423772575569687,45695265852.441086,0.0,135801294.01313782,7.160118789714014
oneD_v2_dbtt_TP_9555ff54d637c974,BACKSTRESS_SHIELDING_EXTREME,EMISSION,1100.0,62808098.48107624,0.07423772575569687,45695265852.441086,0.0,135801294.01313782,7.160118789714014
oneD_v2_dbtt_TP_9555ff54d637c974,BACKSTRESS_SHIELDING_EXTREME,EMISSION,1100.0,63656856.56865835,0.07423772575569687,45695265852.441086,0.0,135801294.01313782,7.160118789714014
oneD_v2_dbtt_TP_9555ff54d637c974,BACKSTRESS_SHIELDING_EXTREME,EMISSION,1100.0,64505614.65624046,0.07423772575569687,45695265852.441086,0.0,135801294.01313782,7.160118789714014
oneD_v2_dbtt_TP_9555ff54d637c974,BACKSTRESS_SHIELDING_EXTREME,EMISSION,1100.0,65354372.743822575,0.07423772575569687,45695265852.441086,0.0,135801294.01313782,7.160118789714014
oneD_v2_dbtt_TP_9555ff54d637c974,BACKSTRESS_SHIELDING_EXTREME,EMISSION,1100.0,66203130.831404686,0.07423772575569687,45695265852.441086,0.0,135801294.01313782,7.160118789714014
oneD_v2_dbtt_TP_9555ff54d637c974,BACKSTRESS_SHIELDING_EXTREME,EMISSION,1100.0,67051888.9189868,0.07423772575569687,45695265852.441086,0.0,135801294.01313782,7.160118789714014
oneD_v2_dbtt_TP_9555ff54d637c974,BACKSTRESS_SHIELDING_EXTREME,EMISSION,1100.0,67900647.00656891,0.07423772575569687,45695265852.441086,0.0,135801294.01313782,7.160118789714014
oneD_v2_dbtt_TP_9555ff54d637c974,BACKSTRESS_SHIELDING_EXTREME,EMISSION,1100.0,68749405.09415102,0.07423772575569687,45695265852.441086,0.0,135801294.01313782,7.160118789714014
oneD_v2_dbtt_TP_9555ff54d637c974,BACKSTRESS_SHIELDING_EXTREME,EMISSION,1100.0,69598163.18173313,0.07423772575569687,45695265852.441086,0.0,135801294.01313782,7.160118789714014
oneD_v2_dbtt_TP_9555ff54d637c974,BACKSTRESS_SHIELDING_EXTREME,EMISSION,1100.0,70446921.26931524,0.07423772575569687,45695265852.441086,0.0,135801294.01313782,7.160118789714014
oneD_v2_dbtt_TP_9555ff54d637c974,BACKSTRESS_SHIELDING_EXTREME,EMISSION,1100.0,71295679.35689735,0.07423772575569687,45695265852.441086,0.0,135801294.01313782,7.160118789714014
oneD_v2_dbtt_TP_9555ff54d637c974,BACKSTRESS_SHIELDING_EXTREME,EMISSION,1100.0,72144437.44447947,0.07423772575569687,45695265852.441086,0.0,135801294.01313782,7.160118789714014
oneD_v2_dbtt_TP_9555ff54d637c974,BACKSTRESS_SHIELDING_EXTREME,EMISSION,1100.0,72993195.53206158,0.07423772575569687,45695265852.441086,0.0,135801294.01313782,7.160118789714014
oneD_v2_dbtt_TP_9555ff54d637c974,BACKSTRESS_SHIELDING_EXTREME,EMISSION,1100.0,73841953.61964369,0.07423772575569687,45695265852.441086,0.0,135801294.01313782,7.160118789714014
oneD_v2_dbtt_TP_9555ff54d637c974,BACKSTRESS_SHIELDING_EXTREME,EMISSION,1100.0,74690711.7072258,0.07423772575569687,45695265852.441086,0.0,135801294.01313782,7.160118789714014
oneD_v2_dbtt_TP_9555ff54d637c974,BACKSTRESS_SHIELDING_EXTREME,EMISSION,1100.0,75539469.79480791,0.07423772575569687,45695265852.441086,0.0,135801294.01313782,7.160118789714014
oneD_v2_dbtt_TP_9555ff54d637c974,BACKSTRESS_SHIELDING_EXTREME,EMISSION,1100.0,76388227.88239002,0.07423772575569687,45695265852.441086,0.0,135801294.01313782,7.160118789714014
oneD_v2_dbtt_TP_9555ff54d637c974,BACKSTRESS_SHIELDING_EXTREME,EMISSION,1100.0,77236985.96997213,0.07423772575569687,45695265852.441086,0.0,135801294.01313782,7.160118789714014
oneD_v2_dbtt_TP_9555ff54d637c974,BACKSTRESS_SHIELDING_EXTREME,EMISSION,1100.0,78085744.05755424,0.07423772575569687,45695265852.441086,0.0,135801294.01313782,7.160118789714014
oneD_v2_dbtt_TP_9555ff54d637c974,BACKSTRESS_SHIELDING_EXTREME,EMISSION,1100.0,78934502.14513636,0.07423772575569687,45695265852.441086,0.0,135801294.01313782,7.160118789714014
oneD_v2_dbtt_TP_9555ff54d637c974,BACKSTRESS_SHIELDING_EXTREME,EMISSION,1100.0,79783260.23271847,0.07423772575569687,45695265852.441086,0.0,135801294.01313782,7.160118789714014
oneD_v2_dbtt_TP_9555ff54d637c974,BACKSTRESS_SHIELDING_EXTREME,EMISSION,1100.0,80632018.32030058,0.07423772575569687,45695265852.441086,0.0,135801294.01313782,7.160118789714014
oneD_v2_dbtt_TP_9555ff54d637c974,BACKSTRESS_SHIELDING_EXTREME,EMISSION,1100.0,81480776.40788269,0.07423772575569687,45695265852.441086,0.0,135801294.01313782,7.160118789714014
oneD_v2_dbtt_TP_9555ff54d637c974,BACKSTRESS_SHIELDING_EXTREME,EMISSION,1100.0,82329534.4954648,0.07423772575569687,45695265852.441086,0.0,135801294.01313782,7.160118789714014
oneD_v2_dbtt_TP_9555ff54d637c974,BACKSTRESS_SHIELDING_EXTREME,EMISSION,1100.0,83178292.58304691,0.07423772575569687,45695265852.441086,0.0,135801294.01313782,7.160118789714014
oneD_v2_dbtt_TP_9555ff54d637c974,BACKSTRESS_SHIELDING_EXTREME,EMISSION,1100.0,84027050.67062902,0.07423772575569687,45695265852.441086,0.0,135801294.01313782,7.160118789714014
oneD_v2_dbtt_TP_9555ff54d637c974,BACKSTRESS_SHIELDING_EXTREME,EMISSION,1100.0,84875808.75821114,0.07423772575569687,45695265852.441086,0.0,135801294.01313782,7.160118789714014
oneD_v2_dbtt_TP_9555ff54d637c974,BACKSTRESS_SHIELDING_EXTREME,EMISSION,1100.0,85724566.84579325,0.07423772575569687,45695265852.441086,0.0,135801294.01313782,7.160118789714014
oneD_v2_dbtt_TP_9555ff54d637c974,BACKSTRESS_SHIELDING_EXTREME,EMISSION,1100.0,86573324.93337536,0.07423772575569687,45695265852.441086,0.0,135801294.01313782,7.160118789714014
oneD_v2_dbtt_TP_9555ff54d637c974,BACKSTRESS_SHIELDING_EXTREME,EMISSION,1100.0,87422083.02095747,0.07423772575569687,45695265852.441086,0.0,135801294.01313782,7.160118789714014
oneD_v2_dbtt_TP_9555ff54d637c974,BACKSTRESS_SHIELDING_EXTREME,EMISSION,1100.0,88270841.10853958,0.07423772575569687,45695265852.441086,0.0,135801294.01313782,7.160118789714014
oneD_v2_dbtt_TP_9555ff54d637c974,BACKSTRESS_SHIELDING_EXTREME,EMISSION,1100.0,89119599.1961217,0.07423772575569687,45695265852.441086,0.0,135801294.01313782,7.160118789714014
oneD_v2_dbtt_TP_9555ff54d637c974,BACKSTRESS_SHIELDING_EXTREME,EMISSION,1100.0,89968357.2837038,0.07423772575569687,45695265852.441086,0.0,135801294.01313782,7.160118789714014
oneD_v2_dbtt_TP_9555ff54d637c974,BACKSTRESS_SHIELDING_EXTREME,EMISSION,1100.0,90817115.37128592,0.07423772575569687,45695265852.441086,0.0,135801294.01313782,7.160118789714014
oneD_v2_dbtt_TP_9555ff54d637c974,BACKSTRESS_SHIELDING_EXTREME,EMISSION,1100.0,91665873.45886803,0.07423772575569687,45695265852.441086,0.0,135801294.01313782,7.160118789714014
oneD_v2_dbtt_TP_9555ff54d637c974,BACKSTRESS_SHIELDING_EXTREME,EMISSION,1100.0,92514631.54645014,0.07423772575569687,45695265852.441086,0.0,135801294.01313782,7.160118789714014
oneD_v2_dbtt_TP_9555ff54d637c974,BACKSTRESS_SHIELDING_EXTREME,EMISSION,1100.0,93363389.63403225,0.07423772575569687,45695265852.441086,0.0,135801294.01313782,7.160118789714014
oneD_v2_dbtt_TP_9555ff54d637c974,BACKSTRESS_SHIELDING_EXTREME,EMISSION,1100.0,94212147.72161436,0.07423772575569687,45695265852.441086,0.0,135801294.01313782,7.160118789714014
oneD_v2_dbtt_TP_9555ff54d637c974,BACKSTRESS_SHIELDING_EXTREME,EMISSION,1100.0,95060905.80919647,0.07423772575569687,45695265852.441086,0.0,135801294.01313782,7.160118789714014
oneD_v2_dbtt_TP_9555ff54d637c974,BACKSTRESS_SHIELDING_EXTREME,EMISSION,1100.0,95909663.89677858,0.07423772575569687,45695265852.441086,0.0,135801294.01313782,7.160118789714014
oneD_v2_dbtt_TP_9555ff54d637c974,BACKSTRESS_SHIELDING_EXTREME,EMISSION,1100.0,96758421.9843607,0.07423772575569687,45695265852.441086,0.0,135801294.01313782,7.160118789714014
oneD_v2_dbtt_TP_9555ff54d637c974,BACKSTRESS_SHIELDING_EXTREME,EMISSION,1100.0,97607180.0719428,0.07423772575569687,45695265852.441086,0.0,135801294.01313782,7.160118789714014
oneD_v2_dbtt_TP_9555ff54d637c974,BACKSTRESS_SHIELDING_EXTREME,EMISSION,1100.0,98455938.15952492,0.07423772575569687,45695265852.441086,0.0,135801294.01313782,7.160118789714014
oneD_v2_dbtt_TP_9555ff54d637c974,BACKSTRESS_SHIELDING_EXTREME,EMISSION,1100.0,99304696.24710703,0.07423772575569687,45695265852.441086,0.0,135801294.01313782,7.160118789714014
oneD_v2_dbtt_TP_9555ff54d637c974,BACKSTRESS_SHIELDING_EXTREME,EMISSION,1100.0,100153454.33468914,0.07423772575569687,45695265852.441086,0.0,135801294.01313782,7.160118789714014
oneD_v2_dbtt_TP_9555ff54d637c974,BACKSTRESS_SHIELDING_EXTREME,EMISSION,1100.0,101002212.42227125,0.07423772575569687,45695265852.441086,0.0,135801294.01313782,7.160118789714014
oneD_v2_dbtt_TP_9555ff54d637c974,BACKSTRESS_SHIELDING_EXTREME,EMISSION,1100.0,101850970.50985336,0.07423772575569687,45695265852.441086,0.0,135801294.01313782,7.160118789714014
oneD_v2_dbtt_TP_9555ff54d637c974,BACKSTRESS_SHIELDING_EXTREME,EMISSION,1100.0,102699728.59743547,0.07423772575569687,45695265852.441086,0.0,135801294.01313782,7.160118789714014
oneD_v2_dbtt_TP_9555ff54d637c974,BACKSTRESS_SHIELDING_EXTREME,EMISSION,1100.0,103548486.68501759,0.07423772575569687,45695265852.441086,0.0,135801294.01313782,7.160118789714014
oneD_v2_dbtt_TP_9555ff54d637c974,BACKSTRESS_SHIELDING_EXTREME,EMISSION,1100.0,104397244.7725997,0.07423772575569687,45695265852.441086,0.0,135801294.01313782,7.160118789714014
oneD_v2_dbtt_TP_9555ff54d637c974,BACKSTRESS_SHIELDING_EXTREME,EMISSION,1100.0,105246002.86018181,0.07423772575569687,45695265852.441086,0.0,135801294.01313782,7.160118789714014
oneD_v2_dbtt_TP_9555ff54d637c974,BACKSTRESS_SHIELDING_EXTREME,EMISSION,1100.0,106094760.94776392,0.07423772575569687,45695265852.441086,0.0,135801294.01313782,7.160118789714014
oneD_v2_dbtt_TP_9555ff54d637c974,BACKSTRESS_SHIELDING_EXTREME,EMISSION,1100.0,106943519.03534603,0.07423772575569687,45695265852.441086,0.0,135801294.01313782,7.160118789714014
oneD_v2_dbtt_TP_9555ff54d637c974,BACKSTRESS_SHIELDING_EXTREME,EMISSION,1100.0,107792277.12292814,0.07423772575569687,45695265852.441086,0.0,135801294.01313782,7.160118789714014
oneD_v2_dbtt_TP_9555ff54d637c974,BACKSTRESS_SHIELDING_EXTREME,EMISSION,1100.0,108641035.21051025,0.07423772575569687,45695265852.441086,0.0,135801294.01313782,7.160118789714014
oneD_v2_dbtt_TP_9555ff54d637c974,BACKSTRESS_SHIELDING_EXTREME,EMISSION,1100.0,109489793.29809237,0.07423772575569687,45695265852.441086,0.0,135801294.01313782,7.160118789714014
oneD_v2_dbtt_TP_9555ff54d637c974,BACKSTRESS_SHIELDING_EXTREME,EMISSION,1100.0,110338551.38567448,0.07423772575569687,45695265852.441086,0.0,135801294.01313782,7.160118789714014
oneD_v2_dbtt_TP_9555ff54d637c974,BACKSTRESS_SHIELDING_EXTREME,EMISSION,1100.0,111187309.47325659,0.07423772575569687,45695265852.441086,0.0,135801294.01313782,7.160118789714014
oneD_v2_dbtt_TP_9555ff54d637c974,BACKSTRESS_SHIELDING_EXTREME,EMISSION,1100.0,112036067.5608387,0.07423772575569687,45695265852.441086,0.0,135801294.01313782,7.160118789714014
oneD_v2_dbtt_TP_9555ff54d637c974,BACKSTRESS_SHIELDING_EXTREME,EMISSION,1100.0,112884825.64842081,0.07423772575569687,45695265852.441086,0.0,135801294.01313782,7.160118789714014
oneD_v2_dbtt_TP_9555ff54d637c974,BACKSTRESS_SHIELDING_EXTREME,EMISSION,1100.0,113733583.73600292,0.07423772575569687,45695265852.441086,0.0,135801294.01313782,7.160118789714014
oneD_v2_dbtt_TP_9555ff54d637c974,BACKSTRESS_SHIELDING_EXTREME,EMISSION,1100.0,114582341.82358503,0.07423772575569687,45695265852.441086,0.0,135801294.01313782,7.160118789714014
oneD_v2_dbtt_TP_9555ff54d637c974,BACKSTRESS_SHIELDING_EXTREME,EMISSION,1100.0,115431099.91116714,0.07423772575569687,45695265852.441086,0.0,135801294.01313782,7.160118789714014
oneD_v2_dbtt_TP_9555ff54d637c974,BACKSTRESS_SHIELDING_EXTREME,EMISSION,1100.0,116279857.99874926,0.07423772575569687,45695265852.441086,0.0,135801294.01313782,7.160118789714014
oneD_v2_dbtt_TP_9555ff54d637c974,BACKSTRESS_SHIELDING_EXTREME,EMISSION,1100.0,117128616.08633137,0.07423772575569687,45695265852.441086,0.0,135801294.01313782,7.160118789714014
oneD_v2_dbtt_TP_9555ff54d637c974,BACKSTRESS_SHIELDING_EXTREME,EMISSION,1100.0,117977374.17391348,0.07423772575569687,45695265852.441086,0.0,135801294.01313782,7.160118789714014
oneD_v2_dbtt_TP_9555ff54d637c974,BACKSTRESS_SHIELDING_EXTREME,EMISSION,1100.0,118826132.26149559,0.07423772575569687,45695265852.441086,0.0,135801294.01313782,7.160118789714014
oneD_v2_dbtt_TP_9555ff54d637c974,BACKSTRESS_SHIELDING_EXTREME,EMISSION,1100.0,119674890.3490777,0.07423772575569687,45695265852.441086,0.0,135801294.01313782,7.160118789714014
oneD_v2_dbtt_TP_9555ff54d637c974,BACKSTRESS_SHIELDING_EXTREME,EMISSION,1100.0,120523648.43665981,0.07423772575569687,45695265852.441086,0.0,135801294.01313782,7.160118789714014
oneD_v2_dbtt_TP_9555ff54d637c974,BACKSTRESS_SHIELDING_EXTREME,EMISSION,1100.0,121372406.52424192,0.07423772575569687,45695265852.441086,0.0,135801294.01313782,7.160118789714014
oneD_v2_dbtt_TP_9555ff54d637c974,BACKSTRESS_SHIELDING_EXTREME,EMISSION,1100.0,122221164.61182404,0.07423772575569687,45695265852.441086,0.0,135801294.01313782,7.160118789714014
oneD_v2_dbtt_TP_9555ff54d637c974,BACKSTRESS_SHIELDING_EXTREME,EMISSION,1100.0,123069922.69940615,0.07423772575569687,45695265852.441086,0.0,135801294.01313782,7.160118789714014
oneD_v2_dbtt_TP_9555ff54d637c974,BACKSTRESS_SHIELDING_EXTREME,EMISSION,1100.0,123918680.78698826,0.07423772575569687,45695265852.441086,0.0,135801294.01313782,7.160118789714014
oneD_v2_dbtt_TP_9555ff54d637c974,BACKSTRESS_SHIELDING_EXTREME,EMISSION,1100.0,124767438.87457037,0.07423772575569687,45695265852.441086,0.0,135801294.01313782,7.160118789714014
oneD_v2_dbtt_TP_9555ff54d637c974,BACKSTRESS_SHIELDING_EXTREME,EMISSION,1100.0,125616196.96215248,0.07423772575569687,45695265852.441086,0.0,135801294.01313782,7.160118789714014
oneD_v2_dbtt_TP_9555ff54d637c974,BACKSTRESS_SHIELDING_EXTREME,EMISSION,1100.0,126464955.04973459,0.07423772575569687,45695265852.441086,0.0,135801294.01313782,7.160118789714014
oneD_v2_dbtt_TP_9555ff54d637c974,BACKSTRESS_SHIELDING_EXTREME,EMISSION,1100.0,127313713.1373167,0.07423772575569687,45695265852.441086,0.0,135801294.01313782,7.160118789714014
oneD_v2_dbtt_TP_9555ff54d637c974,BACKSTRESS_SHIELDING_EXTREME,EMISSION,1100.0,128162471.22489882,0.07423772575569687,45695265852.441086,0.0,135801294.01313782,7.160118789714014
oneD_v2_dbtt_TP_9555ff54d637c974,BACKSTRESS_SHIELDING_EXTREME,EMISSION,1100.0,129011229.31248093,0.07423772575569687,45695265852.441086,0.0,135801294.01313782,7.160118789714014
oneD_v2_dbtt_TP_9555ff54d637c974,BACKSTRESS_SHIELDING_EXTREME,EMISSION,1100.0,129859987.40006304,0.07423772575569687,45695265852.441086,0.0,135801294.01313782,7.160118789714014
oneD_v2_dbtt_TP_9555ff54d637c974,BACKSTRESS_SHIELDING_EXTREME,EMISSION,1100.0,130708745.48764515,0.07423772575569687,45695265852.441086,0.0,135801294.01313782,7.160118789714014
oneD_v2_dbtt_TP_9555ff54d637c974,BACKSTRESS_SHIELDING_EXTREME,EMISSION,1100.0,131557503.57522726,0.07423772575569687,45695265852.441086,0.0,135801294.01313782,7.160118789714014
oneD_v2_dbtt_TP_9555ff54d637c974,BACKSTRESS_SHIELDING_EXTREME,EMISSION,1100.0,132406261.66280937,0.07423772575569687,45695265852.441086,0.0,135801294.01313782,7.160118789714014
oneD_v2_dbtt_TP_9555ff54d637c974,BACKSTRESS_SHIELDING_EXTREME,EMISSION,1100.0,133255019.75039148,0.07423772575569687,45695265852.441086,0.0,135801294.01313782,7.160118789714014
oneD_v2_dbtt_TP_9555ff54d637c974,BACKSTRESS_SHIELDING_EXTREME,EMISSION,1100.0,134103777.8379736,0.07423772575569687,45695265852.441086,0.0,135801294.01313782,7.160118789714014
oneD_v2_dbtt_TP_9555ff54d637c974,BACKSTRESS_SHIELDING_EXTREME,EMISSION,1100.0,134952535.9255557,0.07423772575569687,45695265852.441086,0.0,135801294.01313782,7.160118789714014
oneD_v2_dbtt_TP_9555ff54d637c974,BACKSTRESS_SHIELDING_EXTREME,EMISSION,1100.0,135801294.01313782,0.07423772575569687,45695265852.441086,0.0,135801294.01313782,7.160118789714014
oneD_v2_dbtt_TP_9555ff54d637c974,BACKSTRESS_SHIELDING_EXTREME,CLEAVAGE_MULTIHIT,1100.0,0.0,5.827539788423184,1.3279778793523964e-57,136053595.9010064,12432381462.757397,5.827539788423184
oneD_v2_dbtt_TP_9555ff54d637c974,BACKSTRESS_SHIELDING_EXTREME,CLEAVAGE_MULTIHIT,1100.0,77702384.14223373,5.827507754634753,1.3293249022953357e-57,136053595.9010064,12432381462.757397,5.827539788423184
oneD_v2_dbtt_TP_9555ff54d637c974,BACKSTRESS_SHIELDING_EXTREME,CLEAVAGE_MULTIHIT,1100.0,155404768.28446746,5.827343026713045,1.3362733311061923e-57,136053595.9010064,12432381462.757397,5.827539788423184
oneD_v2_dbtt_TP_9555ff54d637c974,BACKSTRESS_SHIELDING_EXTREME,CLEAVAGE_MULTIHIT,1100.0,233107152.4267012,5.826970837432467,1.3521067680233397e-57,136053595.9010064,12432381462.757397,5.827539788423184
oneD_v2_dbtt_TP_9555ff54d637c974,BACKSTRESS_SHIELDING_EXTREME,CLEAVAGE_MULTIHIT,1100.0,310809536.5689349,5.826331305663985,1.3797527065031813e-57,136053595.9010064,12432381462.757397,5.827539788423184
oneD_v2_dbtt_TP_9555ff54d637c974,BACKSTRESS_SHIELDING_EXTREME,CLEAVAGE_MULTIHIT,1100.0,388511920.71116865,5.825372123821236,1.4222798747167557e-57,136053595.9010064,12432381462.757397,5.827539788423184
oneD_v2_dbtt_TP_9555ff54d637c974,BACKSTRESS_SHIELDING_EXTREME,CLEAVAGE_MULTIHIT,1100.0,466214304.8534024,5.824045960676348,1.4832452894946235e-57,136053595.9010064,12432381462.757397,5.827539788423184
oneD_v2_dbtt_TP_9555ff54d637c974,BACKSTRESS_SHIELDING_EXTREME,CLEAVAGE_MULTIHIT,1100.0,543916688.9956361,5.822309140206415,1.5670588768959997e-57,136053595.9010064,12432381462.757397,5.827539788423184
oneD_v2_dbtt_TP_9555ff54d637c974,BACKSTRESS_SHIELDING_EXTREME,CLEAVAGE_MULTIHIT,1100.0,621619073.1378698,5.820120858882924,1.6794338854655747e-57,136053595.9010064,12432381462.757397,5.827539788423184
oneD_v2_dbtt_TP_9555ff54d637c974,BACKSTRESS_SHIELDING_EXTREME,CLEAVAGE_MULTIHIT,1100.0,699321457.2801036,5.817442678918562,1.8279911649838315e-57,136053595.9010064,12432381462.757397,5.827539788423184
oneD_v2_dbtt_TP_9555ff54d637c974,BACKSTRESS_SHIELDING_EXTREME,CLEAVAGE_MULTIHIT,1100.0,777023841.4223373,5.8142381807271875,2.0231097265217074e-57,136053595.9010064,12432381462.757397,5.827539788423184
oneD_v2_dbtt_TP_9555ff54d637c974,BACKSTRESS_SHIELDING_EXTREME,CLEAVAGE_MULTIHIT,1100.0,854726225.564571,5.810472715020084,2.279162012940137e-57,136053595.9010064,12432381462.757397,5.827539788423184
oneD_v2_dbtt_TP_9555ff54d637c974,BACKSTRESS_SHIELDING_EXTREME,CLEAVAGE_MULTIHIT,1100.0,932428609.7068048,5.806113221089015,2.616349670704913e-57,136053595.9010064,12432381462.757397,5.827539788423184
oneD_v2_dbtt_TP_9555ff54d637c974,BACKSTRESS_SHIELDING_EXTREME,CLEAVAGE_MULTIHIT,1100.0,1010130993.8490385,5.801128091114157,3.0634842224866945e-57,136053595.9010064,12432381462.757397,5.827539788423184
oneD_v2_dbtt_TP_9555ff54d637c974,BACKSTRESS_SHIELDING_EXTREME,CLEAVAGE_MULTIHIT,1100.0,1087833377.9912722,5.795487067653776,3.662272593927315e-57,136053595.9010064,12432381462.757397,5.827539788423184
oneD_v2_dbtt_TP_9555ff54d637c974,BACKSTRESS_SHIELDING_EXTREME,CLEAVAGE_MULTIHIT,1100.0,1165535762.1335058,5.789161165762285,4.4740335561524647e-57,136053595.9010064,12432381462.757397,5.827539788423184
oneD_v2_dbtt_TP_9555ff54d637c974,BACKSTRESS_SHIELDING_EXTREME,CLEAVAGE_MULTIHIT,1100.0,1243238146.2757397,5.782122613826444,5.590402465064986e-57,136053595.9010064,12432381462.757397,5.827539788423184
oneD_v2_dbtt_TP_9555ff54d637c974,BACKSTRESS_SHIELDING_EXTREME,CLEAVAGE_MULTIHIT,1100.0,1320940530.4179735,5.774344808906613,7.150688071961439e-57,136053595.9010064,12432381462.757397,5.827539788423184
oneD_v2_dbtt_TP_9555ff54d637c974,BACKSTRESS_SHIELDING_EXTREME,CLEAVAGE_MULTIHIT,1100.0,1398642914.5602071,5.765802283497706,9.370517164735702e-57,136053595.9010064,12432381462.757397,5.827539788423184
oneD_v2_dbtt_TP_9555ff54d637c974,BACKSTRESS_SHIELDING_EXTREME,CLEAVAGE_MULTIHIT,1100.0,1476345298.7024407,5.7564706813964,1.258997964363217e-56,136053595.9010064,12432381462.757397,5.827539788423184
oneD_v2_dbtt_TP_9555ff54d637c974,BACKSTRESS_SHIELDING_EXTREME,CLEAVAGE_MULTIHIT,1100.0,1554047682.8446746,5.746326740902924,1.7356092829876973e-56,136053595.9010064,12432381462.757397,5.827539788423184
oneD_v2_dbtt_TP_9555ff54d637c974,BACKSTRESS_SHIELDING_EXTREME,CLEAVAGE_MULTIHIT,1100.0,1631750066.9869084,5.7353482839744725,2.4566834696223306e-56,136053595.9010064,12432381462.757397,5.827539788423184
oneD_v2_dbtt_TP_9555ff54d637c974,BACKSTRESS_SHIELDING_EXTREME,CLEAVAGE_MULTIHIT,1100.0,1709452451.129142,5.723514210231806,3.572784053179699e-56,136053595.9010064,12432381462.757397,5.827539788423184
oneD_v2_dbtt_TP_9555ff54d637c974,BACKSTRESS_SHIELDING_EXTREME,CLEAVAGE_MULTIHIT,1100.0,1787154835.2713757,5.710804494932231,5.341950907013925e-56,136053595.9010064,12432381462.757397,5.827539788423184
oneD_v2_dbtt_TP_9555ff54d637c974,BACKSTRESS_SHIELDING_EXTREME,CLEAVAGE_MULTIHIT,1100.0,1864857219.4136095,5.697200190182325,8.216540781652083e-56,136053595.9010064,12432381462.757397,5.827539788423184
oneD_v2_dbtt_TP_9555ff54d637c974,BACKSTRESS_SHIELDING_EXTREME,CLEAVAGE_MULTIHIT,1100.0,1942559603.5558434,5.682683428786423,1.300827522950902e-55,136053595.9010064,12432381462.757397,5.827539788423184
oneD_v2_dbtt_TP_9555ff54d637c974,BACKSTRESS_SHIELDING_EXTREME,CLEAVAGE_MULTIHIT,1100.0,2020261987.698077,5.667237430222251,2.1209119754362603e-55,136053595.9010064,12432381462.757397,5.827539788423184
oneD_v2_dbtt_TP_9555ff54d637c974,BACKSTRESS_SHIELDING_EXTREME,CLEAVAGE_MULTIHIT,1100.0,2097964371.8403106,5.6508465083099715,3.562980132762017e-55,136053595.9010064,12432381462.757397,5.827539788423184
oneD_v2_dbtt_TP_9555ff54d637c974,BACKSTRESS_SHIELDING_EXTREME,CLEAVAGE_MULTIHIT,1100.0,2175666755.9825444,5.633496080200507,6.170103164463999e-55,136053595.9010064,12432381462.757397,5.827539788423184
oneD_v2_dbtt_TP_9555ff54d637c974,BACKSTRESS_SHIELDING_EXTREME,CLEAVAGE_MULTIHIT,1100.0,2253369140.1247783,5.61517267635681,1.1019067804373197e-54,136053595.9010064,12432381462.757397,5.827539788423184
oneD_v2_dbtt_TP_9555ff54d637c974,BACKSTRESS_SHIELDING_EXTREME,CLEAVAGE_MULTIHIT,1100.0,2331071524.2670116,5.595863951240643,2.0302072674397622e-54,136053595.9010064,12432381462.757397,5.827539788423184
oneD_v2_dbtt_TP_9555ff54d637c974,BACKSTRESS_SHIELDING_EXTREME,CLEAVAGE_MULTIHIT,1100.0,2408773908.4092455,5.575558694449269,3.860406859832863e-54,136053595.9010064,12432381462.757397,5.827539788423184
oneD_v2_dbtt_TP_9555ff54d637c974,BACKSTRESS_SHIELDING_EXTREME,CLEAVAGE_MULTIHIT,1100.0,2486476292.5514793,5.554246842072927,7.578116617260872e-54,136053595.9010064,12432381462.757397,5.827539788423184
oneD_v2_dbtt_TP_9555ff54d637c974,BACKSTRESS_SHIELDING_EXTREME,CLEAVAGE_MULTIHIT,1100.0,2564178676.693713,5.531919488066068,1.5361987483381645e-53,136053595.9010064,12432381462.757397,5.827539788423184
oneD_v2_dbtt_TP_9555ff54d637c974,BACKSTRESS_SHIELDING_EXTREME,CLEAVAGE_MULTIHIT,1100.0,2641881060.835947,5.508568895444089,3.2166054281320924e-53,136053595.9010064,12432381462.757397,5.827539788423184
oneD_v2_dbtt_TP_9555ff54d637c974,BACKSTRESS_SHIELDING_EXTREME,CLEAVAGE_MULTIHIT,1100.0,2719583444.9781804,5.484188507133406,6.958290578214927e-53,136053595.9010064,12432381462.757397,5.827539788423184
oneD_v2_dbtt_TP_9555ff54d637c974,BACKSTRESS_SHIELDING_EXTREME,CLEAVAGE_MULTIHIT,1100.0,2797285829.1204143,5.458772956316597,1.5553763257626217e-52,136053595.9010064,12432381462.757397,5.827539788423184
oneD_v2_dbtt_TP_9555ff54d637c974,BACKSTRESS_SHIELDING_EXTREME,CLEAVAGE_MULTIHIT,1100.0,2874988213.262648,5.432318076126616,3.592972007035404e-52,136053595.9010064,12432381462.757397,5.827539788423184
oneD_v2_dbtt_TP_9555ff54d637c974,BACKSTRESS_SHIELDING_EXTREME,CLEAVAGE_MULTIHIT,1100.0,2952690597.4048815,5.404820908554926,8.578241452793875e-52,136053595.9010064,12432381462.757397,5.827539788423184
oneD_v2_dbtt_TP_9555ff54d637c974,BACKSTRESS_SHIELDING_EXTREME,CLEAVAGE_MULTIHIT,1100.0,3030392981.5471153,5.376279712448227,2.11686281438383e-51,136053595.9010064,12432381462.757397,5.827539788423184
oneD_v2_dbtt_TP_9555ff54d637c974,BACKSTRESS_SHIELDING_EXTREME,CLEAVAGE_MULTIHIT,1100.0,3108095365.689349,5.346693970477338,5.399384899269727e-51,136053595.9010064,12432381462.757397,5.827539788423184
oneD_v2_dbtt_TP_9555ff54d637c974,BACKSTRESS_SHIELDING_EXTREME,CLEAVAGE_MULTIHIT,1100.0,3185797749.831583,5.316064394970129,1.4234532100353605e-50,136053595.9010064,12432381462.757397,5.827539788423184
oneD_v2_dbtt_TP_9555ff54d637c974,BACKSTRESS_SHIELDING_EXTREME,CLEAVAGE_MULTIHIT,1100.0,3263500133.973817,5.284392932508042,3.8784900727265437e-50,136053595.9010064,12432381462.757397,5.827539788423184
oneD_v2_dbtt_TP_9555ff54d637c974,BACKSTRESS_SHIELDING_EXTREME,CLEAVAGE_MULTIHIT,1100.0,3341202518.1160502,5.251682767193102,1.0920913989021212e-49,136053595.9010064,12432381462.757397,5.827539788423184
oneD_v2_dbtt_TP_9555ff54d637c974,BACKSTRESS_SHIELDING_EXTREME,CLEAVAGE_MULTIHIT,1100.0,3418904902.258284,5.217938322499317,3.177395701879594e-49,136053595.9010064,12432381462.757397,5.827539788423184
oneD_v2_dbtt_TP_9555ff54d637c974,BACKSTRESS_SHIELDING_EXTREME,CLEAVAGE_MULTIHIT,1100.0,3496607286.400518,5.183165261629087,9.550405142465959e-49,136053595.9010064,12432381462.757397,5.827539788423184
oneD_v2_dbtt_TP_9555ff54d637c974,BACKSTRESS_SHIELDING_EXTREME,CLEAVAGE_MULTIHIT,1100.0,3574309670.5427513,5.147370486301843,2.9649378796252966e-48,136053595.9010064,12432381462.757397,5.827539788423184
oneD_v2_dbtt_TP_9555ff54d637c974,BACKSTRESS_SHIELDING_EXTREME,CLEAVAGE_MULTIHIT,1100.0,3652012054.684985,5.110562133908602,9.504753674112178e-48,136053595.9010064,12432381462.757397,5.827539788423184
oneD_v2_dbtt_TP_9555ff54d637c974,BACKSTRESS_SHIELDING_EXTREME,CLEAVAGE_MULTIHIT,1100.0,3729714438.827219,5.072749572972483,3.145348915872365e-47,136053595.9010064,12432381462.757397,5.827539788423184
oneD_v2_dbtt_TP_9555ff54d637c974,BACKSTRESS_SHIELDING_EXTREME,CLEAVAGE_MULTIHIT,1100.0,3807416822.969453,5.033943396861536,1.0741226709669733e-46,136053595.9010064,12432381462.757397,5.827539788423184
oneD_v2_dbtt_TP_9555ff54d637c974,BACKSTRESS_SHIELDING_EXTREME,CLEAVAGE_MULTIHIT,1100.0,3885119207.1116867,4.994155415706583,3.783848154101958e-46,136053595.9010064,12432381462.757397,5.827539788423184
oneD_v2_dbtt_TP_9555ff54d637c974,BACKSTRESS_SHIELDING_EXTREME,CLEAVAGE_MULTIHIT,1100.0,3962821591.25392,4.9533986464829765,1.3744513204305906e-45,136053595.9010064,12432381462.757397,5.827539788423184
oneD_v2_dbtt_TP_9555ff54d637c974,BACKSTRESS_SHIELDING_EXTREME,CLEAVAGE_MULTIHIT,1100.0,4040523975.396154,4.911687301221588,5.145712644193901e-45,136053595.9010064,12432381462.757397,5.827539788423184
oneD_v2_dbtt_TP_9555ff54d637c974,BACKSTRESS_SHIELDING_EXTREME,CLEAVAGE_MULTIHIT,1100.0,4118226359.538388,4.869036773320521,1.984589188609313e-44,136053595.9010064,12432381462.757397,5.827539788423184
oneD_v2_dbtt_TP_9555ff54d637c974,BACKSTRESS_SHIELDING_EXTREME,CLEAVAGE_MULTIHIT,1100.0,4195928743.680621,4.825463621935488,7.880922075911707e-44,136053595.9010064,12432381462.757397,5.827539788423184
oneD_v2_dbtt_TP_9555ff54d637c974,BACKSTRESS_SHIELDING_EXTREME,CLEAVAGE_MULTIHIT,1100.0,4273631127.822855,4.780985554433069,3.2204857476749535e-43,136053595.9010064,12432381462.757397,5.827539788423184
oneD_v2_dbtt_TP_9555ff54d637c974,BACKSTRESS_SHIELDING_EXTREME,CLEAVAGE_MULTIHIT,1100.0,4351333511.965089,4.735621406897466,1.3534579470484924e-42,136053595.9010064,12432381462.757397,5.827539788423184
oneD_v2_dbtt_TP_9555ff54d637c974,BACKSTRESS_SHIELDING_EXTREME,CLEAVAGE_MULTIHIT,1100.0,4429035896.107323,4.6893911226877725,5.846191938260211e-42,136053595.9010064,12432381462.757397,5.827539788423184
oneD_v2_dbtt_TP_9555ff54d637c974,BACKSTRESS_SHIELDING_EXTREME,CLEAVAGE_MULTIHIT,1100.0,4506738280.249557,4.642315729049108,2.5936852662344895e-41,136053595.9010064,12432381462.757397,5.827539788423184
oneD_v2_dbtt_TP_9555ff54d637c974,BACKSTRESS_SHIELDING_EXTREME,CLEAVAGE_MULTIHIT,1100.0,4584440664.39179,4.594417311787446,1.1810650447084424e-40,136053595.9010064,12432381462.757397,5.827539788423184
oneD_v2_dbtt_TP_9555ff54d637c974,BACKSTRESS_SHIELDING_EXTREME,CLEAVAGE_MULTIHIT,1100.0,4662143048.534023,4.54571898802426,5.516008819073405e-40,136053595.9010064,12432381462.757397,5.827539788423184
oneD_v2_dbtt_TP_9555ff54d637c974,BACKSTRESS_SHIELDING_EXTREME,CLEAVAGE_MULTIHIT,1100.0,4739845432.676257,4.4962448770535195,2.6402142215942445e-39,136053595.9010064,12432381462.757397,5.827539788423184
oneD_v2_dbtt_TP_9555ff54d637c974,BACKSTRESS_SHIELDING_EXTREME,CLEAVAGE_MULTIHIT,1100.0,4817547816.818491,4.446020069329871,1.2941111951525867e-38,136053595.9010064,12432381462.757397,5.827539788423184
oneD_v2_dbtt_TP_9555ff54d637c974,BACKSTRESS_SHIELDING_EXTREME,CLEAVAGE_MULTIHIT,1100.0,4895250200.960725,4.395070593623056,6.49029556534441e-38,136053595.9010064,12432381462.757397,5.827539788423184
oneD_v2_dbtt_TP_9555ff54d637c974,BACKSTRESS_SHIELDING_EXTREME,CLEAVAGE_MULTIHIT,1100.0,4972952585.102959,4.343423382379893,3.327726502028055e-37,136053595.9010064,12432381462.757397,5.827539788423184
oneD_v2_dbtt_TP_9555ff54d637c974,BACKSTRESS_SHIELDING_EXTREME,CLEAVAGE_MULTIHIT,1100.0,5050654969.245193,4.29110623534114,1.742765455079397e-36,136053595.9010064,12432381462.757397,5.827539788423184
oneD_v2_dbtt_TP_9555ff54d637c974,BACKSTRESS_SHIELDING_EXTREME,CLEAVAGE_MULTIHIT,1100.0,5128357353.387426,4.238147781466673,9.314186425174256e-36,136053595.9010064,12432381462.757397,5.827539788423184
oneD_v2_dbtt_TP_9555ff54d637c974,BACKSTRESS_SHIELDING_EXTREME,CLEAVAGE_MULTIHIT,1100.0,5206059737.52966,4.184577439228139,5.075294211266372e-35,136053595.9010064,12432381462.757397,5.827539788423184
oneD_v2_dbtt_TP_9555ff54d637c974,BACKSTRESS_SHIELDING_EXTREME,CLEAVAGE_MULTIHIT,1100.0,5283762121.671894,4.13042537533412,2.8169114598988545e-34,136053595.9010064,12432381462.757397,5.827539788423184
oneD_v2_dbtt_TP_9555ff54d637c974,BACKSTRESS_SHIELDING_EXTREME,CLEAVAGE_MULTIHIT,1100.0,5361464505.814127,4.075722461958282,1.5909499358804766e-33,136053595.9010064,12432381462.757397,5.827539788423184
oneD_v2_dbtt_TP_9555ff54d637c974,BACKSTRESS_SHIELDING_EXTREME,CLEAVAGE_MULTIHIT,1100.0,5439166889.956361,4.020500232546422,9.134352159769266e-33,136053595.9010064,12432381462.757397,5.827539788423184
oneD_v2_dbtt_TP_9555ff54d637c974,BACKSTRESS_SHIELDING_EXTREME,CLEAVAGE_MULTIHIT,1100.0,5516869274.098595,3.964790836283512,5.325924723452498e-32,136053595.9010064,12432381462.757397,5.827539788423184
oneD_v2_dbtt_TP_9555ff54d637c974,BACKSTRESS_SHIELDING_EXTREME,CLEAVAGE_MULTIHIT,1100.0,5594571658.2408285,3.908626991306743,3.1503486924175664e-31,136053595.9010064,12432381462.757397,5.827539788423184
oneD_v2_dbtt_TP_9555ff54d637c974,BACKSTRESS_SHIELDING_EXTREME,CLEAVAGE_MULTIHIT,1100.0,5672274042.383062,3.852041936755353,1.8884769571070447e-30,136053595.9010064,12432381462.757397,5.827539788423184
oneD_v2_dbtt_TP_9555ff54d637c974,BACKSTRESS_SHIELDING_EXTREME,CLEAVAGE_MULTIHIT,1100.0,5749976426.525296,3.795069383752424,1.1460164779204979e-29,136053595.9010064,12432381462.757397,5.827539788423184
oneD_v2_dbtt_TP_9555ff54d637c974,BACKSTRESS_SHIELDING_EXTREME,CLEAVAGE_MULTIHIT,1100.0,5827678810.66753,3.737743465418052,7.032779281627026e-29,136053595.9010064,12432381462.757397,5.827539788423184
oneD_v2_dbtt_TP_9555ff54d637c974,BACKSTRESS_SHIELDING_EXTREME,CLEAVAGE_MULTIHIT,1100.0,5905381194.809763,3.6800986860171694,4.3595916340210615e-28,136053595.9010064,12432381462.757397,5.827539788423184
oneD_v2_dbtt_TP_9555ff54d637c974,BACKSTRESS_SHIELDING_EXTREME,CLEAVAGE_MULTIHIT,1100.0,5983083578.951997,3.62216986934886,2.726896678325044e-27,136053595.9010064,12432381462.757397,5.827539788423184
oneD_v2_dbtt_TP_9555ff54d637c974,BACKSTRESS_SHIELDING_EXTREME,CLEAVAGE_MULTIHIT,1100.0,6060785963.094231,3.56399210648729,1.7191480670657482e-26,136053595.9010064,12432381462.757397,5.827539788423184
oneD_v2_dbtt_TP_9555ff54d637c974,BACKSTRESS_SHIELDING_EXTREME,CLEAVAGE_MULTIHIT,1100.0,6138488347.2364645,3.5056007029872522,1.0911748362593309e-25,136053595.9010064,12432381462.757397,5.827539788423184
oneD_v2_dbtt_TP_9555ff54d637c974,BACKSTRESS_SHIELDING_EXTREME,CLEAVAGE_MULTIHIT,1100.0,6216190731.378698,3.4470311256699113,6.965052161630508e-25,136053595.9010064,12432381462.757397,5.827539788423184
oneD_v2_dbtt_TP_9555ff54d637c974,BACKSTRESS_SHIELDING_EXTREME,CLEAVAGE_MULTIHIT,1100.0,6293893115.520932,3.388318949106473,4.465955687077384e-24,136053595.9010064,12432381462.757397,5.827539788423184
oneD_v2_dbtt_TP_9555ff54d637c974,BACKSTRESS_SHIELDING_EXTREME,CLEAVAGE_MULTIHIT,1100.0,6371595499.663166,3.3294998019193853,2.8732587696258256e-23,136053595.9010064,12432381462.757397,5.827539788423184
oneD_v2_dbtt_TP_9555ff54d637c974,BACKSTRESS_SHIELDING_EXTREME,CLEAVAGE_MULTIHIT,1100.0,6449297883.8054,3.2706093130220126,1.852745014481123e-22,136053595.9010064,12432381462.757397,5.827539788423184
oneD_v2_dbtt_TP_9555ff54d637c974,BACKSTRESS_SHIELDING_EXTREME,CLEAVAGE_MULTIHIT,1100.0,6527000267.947634,3.211683057918822,1.1960467813637533e-21,136053595.9010064,12432381462.757397,5.827539788423184
oneD_v2_dbtt_TP_9555ff54d637c974,BACKSTRESS_SHIELDING_EXTREME,CLEAVAGE_MULTIHIT,1100.0,6604702652.089867,3.152756505188688,7.721199442594517e-21,136053595.9010064,12432381462.757397,5.827539788423184
oneD_v2_dbtt_TP_9555ff54d637c974,BACKSTRESS_SHIELDING_EXTREME,CLEAVAGE_MULTIHIT,1100.0,6682405036.2321005,3.0938649632741626,4.978977408906512e-20,136053595.9010064,12432381462.757397,5.827539788423184
oneD_v2_dbtt_TP_9555ff54d637c974,BACKSTRESS_SHIELDING_EXTREME,CLEAVAGE_MULTIHIT,1100.0,6760107420.374334,3.03504352769935,3.203553188035043e-19,136053595.9010064,12432381462.757397,5.827539788423184
oneD_v2_dbtt_TP_9555ff54d637c974,BACKSTRESS_SHIELDING_EXTREME,CLEAVAGE_MULTIHIT,1100.0,6837809804.516568,2.9763270288383836,2.054382850886504e-18,136053595.9010064,12432381462.757397,5.827539788423184
oneD_v2_dbtt_TP_9555ff54d637c974,BACKSTRESS_SHIELDING_EXTREME,CLEAVAGE_MULTIHIT,1100.0,6915512188.658802,2.9177499803555174,1.3116383188023163e-17,136053595.9010064,12432381462.757397,5.827539788423184
oneD_v2_dbtt_TP_9555ff54d637c974,BACKSTRESS_SHIELDING_EXTREME,CLEAVAGE_MULTIHIT,1100.0,6993214572.801036,2.859346528436342,8.32838410283996e-17,136053595.9010064,12432381462.757397,5.827539788423184
oneD_v2_dbtt_TP_9555ff54d637c974,BACKSTRESS_SHIELDING_EXTREME,CLEAVAGE_MULTIHIT,1100.0,7070916956.94327,2.8011504019278286,5.253608797688152e-16,136053595.9010064,12432381462.757397,5.827539788423184
oneD_v2_dbtt_TP_9555ff54d637c974,BACKSTRESS_SHIELDING_EXTREME,CLEAVAGE_MULTIHIT,1100.0,7148619341.085503,2.743194863502599,3.2888786472510337e-15,136053595.9010064,12432381462.757397,5.827539788423184
oneD_v2_dbtt_TP_9555ff54d637c974,BACKSTRESS_SHIELDING_EXTREME,CLEAVAGE_MULTIHIT,1100.0,7226321725.227736,2.6855126619601792,2.0411783818835372e-14,136053595.9010064,12432381462.757397,5.827539788423184
oneD_v2_dbtt_TP_9555ff54d637c974,BACKSTRESS_SHIELDING_EXTREME,CLEAVAGE_MULTIHIT,1100.0,7304024109.36997,2.6281359857749536,1.254626943851074e-13,136053595.9010064,12432381462.757397,5.827539788423184
oneD_v2_dbtt_TP_9555ff54d637c974,BACKSTRESS_SHIELDING_EXTREME,CLEAVAGE_MULTIHIT,1100.0,7381726493.512204,2.571096417997049,7.629826206682155e-13,136053595.9010064,12432381462.757397,5.827539788423184
oneD_v2_dbtt_TP_9555ff54d637c974,BACKSTRESS_SHIELDING_EXTREME,CLEAVAGE_MULTIHIT,1100.0,7459428877.654438,2.5144248926086354,4.586229631609728e-12,136053595.9010064,12432381462.757397,5.827539788423184
oneD_v2_dbtt_TP_9555ff54d637c974,BACKSTRESS_SHIELDING_EXTREME,CLEAVAGE_MULTIHIT,1100.0,7537131261.796672,2.4581516524339393,2.7222137379085233e-11,136053595.9010064,12432381462.757397,5.827539788423184
oneD_v2_dbtt_TP_9555ff54d637c974,BACKSTRESS_SHIELDING_EXTREME,CLEAVAGE_MULTIHIT,1100.0,7614833645.938906,2.4023062086967544,1.5940723083255952e-10,136053595.9010064,12432381462.757397,5.827539788423184
oneD_v2_dbtt_TP_9555ff54d637c974,BACKSTRESS_SHIELDING_EXTREME,CLEAVAGE_MULTIHIT,1100.0,7692536030.08114,2.3469173023144396,9.200631937863405e-10,136053595.9010064,12432381462.757397,5.827539788423184
oneD_v2_dbtt_TP_9555ff54d637c974,BACKSTRESS_SHIELDING_EXTREME,CLEAVAGE_MULTIHIT,1100.0,7770238414.223373,2.29201286701224,5.229574400412358e-09,136053595.9010064,12432381462.757397,5.827539788423184
oneD_v2_dbtt_TP_9555ff54d637c974,BACKSTRESS_SHIELDING_EXTREME,CLEAVAGE_MULTIHIT,1100.0,7847940798.365606,2.2376199943363644,2.9246926769261247e-08,136053595.9010064,12432381462.757397,5.827539788423184
oneD_v2_dbtt_TP_9555ff54d637c974,BACKSTRESS_SHIELDING_EXTREME,CLEAVAGE_MULTIHIT,1100.0,7925643182.50784,2.1837649006385558,1.6080385284900548e-07,136053595.9010064,12432381462.757397,5.827539788423184
oneD_v2_dbtt_TP_9555ff54d637c974,BACKSTRESS_SHIELDING_EXTREME,CLEAVAGE_MULTIHIT,1100.0,8003345566.650074,2.130472896098981,8.684858590071705e-07,136053595.9010064,12432381462.757397,5.827539788423184
oneD_v2_dbtt_TP_9555ff54d637c974,BACKSTRESS_SHIELDING_EXTREME,CLEAVAGE_MULTIHIT,1100.0,8081047950.792308,2.077768355848113,4.604015025126759e-06,136053595.9010064,12432381462.757397,5.827539788423184
oneD_v2_dbtt_TP_9555ff54d637c974,BACKSTRESS_SHIELDING_EXTREME,CLEAVAGE_MULTIHIT,1100.0,8158750334.934542,2.025674693241929,2.3937795986986476e-05,136053595.9010064,12432381462.757397,5.827539788423184
oneD_v2_dbtt_TP_9555ff54d637c974,BACKSTRESS_SHIELDING_EXTREME,CLEAVAGE_MULTIHIT,1100.0,8236452719.076776,1.9742143353382449,0.00012197646653661143,136053595.9010064,12432381462.757397,5.827539788423184
oneD_v2_dbtt_TP_9555ff54d637c974,BACKSTRESS_SHIELDING_EXTREME,CLEAVAGE_MULTIHIT,1100.0,8314155103.219009,1.9234087006153486,0.000608672490379205,136053595.9010064,12432381462.757397,5.827539788423184
oneD_v2_dbtt_TP_9555ff54d637c974,BACKSTRESS_SHIELDING_EXTREME,CLEAVAGE_MULTIHIT,1100.0,8391857487.361242,1.8732781789673028,0.0029721481030052233,136053595.9010064,12432381462.757397,5.827539788423184
oneD_v2_dbtt_TP_9555ff54d637c974,BACKSTRESS_SHIELDING_EXTREME,CLEAVAGE_MULTIHIT,1100.0,8469559871.503476,1.8238421140034342,0.014189884602341257,136053595.9010064,12432381462.757397,5.827539788423184
oneD_v2_dbtt_TP_9555ff54d637c974,BACKSTRESS_SHIELDING_EXTREME,CLEAVAGE_MULTIHIT,1100.0,8547262255.64571,1.7751187876725911,0.06617744286831821,136053595.9010064,12432381462.757397,5.827539788423184
oneD_v2_dbtt_TP_9555ff54d637c974,BACKSTRESS_SHIELDING_EXTREME,CLEAVAGE_MULTIHIT,1100.0,8624964639.787945,1.7271254072257587,0.30115605141032276,136053595.9010064,12432381462.757397,5.827539788423184
oneD_v2_dbtt_TP_9555ff54d637c974,BACKSTRESS_SHIELDING_EXTREME,CLEAVAGE_MULTIHIT,1100.0,8702667023.930178,1.6798780945236849,1.335456013882436,136053595.9010064,12432381462.757397,5.827539788423184
oneD_v2_dbtt_TP_9555ff54d637c974,BACKSTRESS_SHIELDING_EXTREME,CLEAVAGE_MULTIHIT,1100.0,8780369408.07241,1.6333918776891643,5.760161393846713,136053595.9010064,12432381462.757397,5.827539788423184
oneD_v2_dbtt_TP_9555ff54d637c974,BACKSTRESS_SHIELDING_EXTREME,CLEAVAGE_MULTIHIT,1100.0,8858071792.214645,1.5876806850967453,24.105353657149998,136053595.9010064,12432381462.757397,5.827539788423184
oneD_v2_dbtt_TP_9555ff54d637c974,BACKSTRESS_SHIELDING_EXTREME,CLEAVAGE_MULTIHIT,1100.0,8935774176.356878,1.542757341685786,97.52371249922682,136053595.9010064,12432381462.757397,5.827539788423184
oneD_v2_dbtt_TP_9555ff54d637c974,BACKSTRESS_SHIELDING_EXTREME,CLEAVAGE_MULTIHIT,1100.0,9013476560.499113,1.4986335675760079,379.4717116444469,136053595.9010064,12432381462.757397,5.827539788423184
oneD_v2_dbtt_TP_9555ff54d637c974,BACKSTRESS_SHIELDING_EXTREME,CLEAVAGE_MULTIHIT,1100.0,9091178944.641346,1.455319978958161,1409.5173008078336,136053595.9010064,12432381462.757397,5.827539788423184
oneD_v2_dbtt_TP_9555ff54d637c974,BACKSTRESS_SHIELDING_EXTREME,CLEAVAGE_MULTIHIT,1100.0,9168881328.78358,1.4128260912258555,4944.290125195324,136053595.9010064,12432381462.757397,5.827539788423184
oneD_v2_dbtt_TP_9555ff54d637c974,BACKSTRESS_SHIELDING_EXTREME,CLEAVAGE_MULTIHIT,1100.0,9246583712.925814,1.3711603243084518,16130.120699226218,136053595.9010064,12432381462.757397,5.827539788423184
oneD_v2_dbtt_TP_9555ff54d637c974,BACKSTRESS_SHIELDING_EXTREME,CLEAVAGE_MULTIHIT,1100.0,9324286097.068047,1.3303300101587054,47914.37063459953,136053595.9010064,12432381462.757397,5.827539788423184
oneD_v2_dbtt_TP_9555ff54d637c974,BACKSTRESS_SHIELDING_EXTREME,CLEAVAGE_MULTIHIT,1100.0,9401988481.210281,1.2903414023431004,125988.00141541136,136053595.9010064,12432381462.757397,5.827539788423184
oneD_v2_dbtt_TP_9555ff54d637c974,BACKSTRESS_SHIELDING_EXTREME,CLEAVAGE_MULTIHIT,1100.0,9479690865.352514,1.251199687677164,283158.6984702492,136053595.9010064,12432381462.757397,5.827539788423184
oneD_v2_dbtt_TP_9555ff54d637c974,BACKSTRESS_SHIELDING_EXTREME,CLEAVAGE_MULTIHIT,1100.0,9557393249.49475,1.2129089998426845,524033.66123376106,136053595.9010064,12432381462.757397,5.827539788423184
oneD_v2_dbtt_TP_9555ff54d637c974,BACKSTRESS_SHIELDING_EXTREME,CLEAVAGE_MULTIHIT,1100.0,9635095633.636982,1.175472434918767,778354.1243796607,136053595.9010064,12432381462.757397,5.827539788423184
oneD_v2_dbtt_TP_9555ff54d637c974,BACKSTRESS_SHIELDING_EXTREME,CLEAVAGE_MULTIHIT,1100.0,9712798017.779217,1.138892068753841,940392.1394518567,136053595.9010064,12432381462.757397,5.827539788423184
oneD_v2_dbtt_TP_9555ff54d637c974,BACKSTRESS_SHIELDING_EXTREME,CLEAVAGE_MULTIHIT,1100.0,9790500401.92145,1.103168976101354,992829.5518973117,136053595.9010064,12432381462.757397,5.827539788423184
oneD_v2_dbtt_TP_9555ff54d637c974,BACKSTRESS_SHIELDING_EXTREME,CLEAVAGE_MULTIHIT,1100.0,9868202786.063684,1.0683032514377404,999723.731272179,136053595.9010064,12432381462.757397,5.827539788423184
oneD_v2_dbtt_TP_9555ff54d637c974,BACKSTRESS_SHIELDING_EXTREME,CLEAVAGE_MULTIHIT,1100.0,9945905170.205917,1.0342940313775546,999997.796301594,136053595.9010064,12432381462.757397,5.827539788423184
oneD_v2_dbtt_TP_9555ff54d637c974,BACKSTRESS_SHIELDING_EXTREME,CLEAVAGE_MULTIHIT,1100.0,10023607554.34815,1.001139518597196,999999.9979387308,136053595.9010064,12432381462.757397,5.827539788423184
oneD_v2_dbtt_TP_9555ff54d637c974,BACKSTRESS_SHIELDING_EXTREME,CLEAVAGE_MULTIHIT,1100.0,10101309938.490385,0.9688370071756893,999999.9999998917,136053595.9010064,12432381462.757397,5.827539788423184
oneD_v2_dbtt_TP_9555ff54d637c974,BACKSTRESS_SHIELDING_EXTREME,CLEAVAGE_MULTIHIT,1100.0,10179012322.632618,0.9373829092582826,1000000.0,136053595.9010064,12432381462.757397,5.827539788423184
oneD_v2_dbtt_TP_9555ff54d637c974,BACKSTRESS_SHIELDING_EXTREME,CLEAVAGE_MULTIHIT,1100.0,10256714706.774853,0.906772782946361,1000000.0,136053595.9010064,12432381462.757397,5.827539788423184
oneD_v2_dbtt_TP_9555ff54d637c974,BACKSTRESS_SHIELDING_EXTREME,CLEAVAGE_MULTIHIT,1100.0,10334417090.917086,0.8770013613152952,1000000.0,136053595.9010064,12432381462.757397,5.827539788423184
oneD_v2_dbtt_TP_9555ff54d637c974,BACKSTRESS_SHIELDING_EXTREME,CLEAVAGE_MULTIHIT,1100.0,10412119475.05932,0.8480625824603061,1000000.0,136053595.9010064,12432381462.757397,5.827539788423184
oneD_v2_dbtt_TP_9555ff54d637c974,BACKSTRESS_SHIELDING_EXTREME,CLEAVAGE_MULTIHIT,1100.0,10489821859.201553,0.8199496204693402,1000000.0,136053595.9010064,12432381462.757397,5.827539788423184
oneD_v2_dbtt_TP_9555ff54d637c974,BACKSTRESS_SHIELDING_EXTREME,CLEAVAGE_MULTIHIT,1100.0,10567524243.343788,0.792654917221169,1000000.0,136053595.9010064,12432381462.757397,5.827539788423184
oneD_v2_dbtt_TP_9555ff54d637c974,BACKSTRESS_SHIELDING_EXTREME,CLEAVAGE_MULTIHIT,1100.0,10645226627.486021,0.7661702149066074,1000000.0,136053595.9010064,12432381462.757397,5.827539788423184
oneD_v2_dbtt_TP_9555ff54d637c974,BACKSTRESS_SHIELDING_EXTREME,CLEAVAGE_MULTIHIT,1100.0,10722929011.628254,0.7404865891707231,1000000.0,136053595.9010064,12432381462.757397,5.827539788423184
oneD_v2_dbtt_TP_9555ff54d637c974,BACKSTRESS_SHIELDING_EXTREME,CLEAVAGE_MULTIHIT,1100.0,10800631395.770489,0.7155944827743228,1000000.0,136053595.9010064,12432381462.757397,5.827539788423184
oneD_v2_dbtt_TP_9555ff54d637c974,BACKSTRESS_SHIELDING_EXTREME,CLEAVAGE_MULTIHIT,1100.0,10878333779.912722,0.6914837396737263,1000000.0,136053595.9010064,12432381462.757397,5.827539788423184
oneD_v2_dbtt_TP_9555ff54d637c974,BACKSTRESS_SHIELDING_EXTREME,CLEAVAGE_MULTIHIT,1100.0,10956036164.054956,0.668143639418928,1000000.0,136053595.9010064,12432381462.757397,5.827539788423184
oneD_v2_dbtt_TP_9555ff54d637c974,BACKSTRESS_SHIELDING_EXTREME,CLEAVAGE_MULTIHIT,1100.0,11033738548.19719,0.645562931771702,1000000.0,136053595.9010064,12432381462.757397,5.827539788423184
oneD_v2_dbtt_TP_9555ff54d637c974,BACKSTRESS_SHIELDING_EXTREME,CLEAVAGE_MULTIHIT,1100.0,11111440932.339424,0.623729871446919,1000000.0,136053595.9010064,12432381462.757397,5.827539788423184
oneD_v2_dbtt_TP_9555ff54d637c974,BACKSTRESS_SHIELDING_EXTREME,CLEAVAGE_MULTIHIT,1100.0,11189143316.481657,0.6026322528824657,1000000.0,136053595.9010064,12432381462.757397,5.827539788423184
oneD_v2_dbtt_TP_9555ff54d637c974,BACKSTRESS_SHIELDING_EXTREME,CLEAVAGE_MULTIHIT,1100.0,11266845700.62389,0.5822574449454592,1000000.0,136053595.9010064,12432381462.757397,5.827539788423184
oneD_v2_dbtt_TP_9555ff54d637c974,BACKSTRESS_SHIELDING_EXTREME,CLEAVAGE_MULTIHIT,1100.0,11344548084.766125,0.5625924254851451,1000000.0,136053595.9010064,12432381462.757397,5.827539788423184
oneD_v2_dbtt_TP_9555ff54d637c974,BACKSTRESS_SHIELDING_EXTREME,CLEAVAGE_MULTIHIT,1100.0,11422250468.908358,0.5436238156457472,1000000.0,136053595.9010064,12432381462.757397,5.827539788423184
oneD_v2_dbtt_TP_9555ff54d637c974,BACKSTRESS_SHIELDING_EXTREME,CLEAVAGE_MULTIHIT,1100.0,11499952853.050592,0.5253379138556695,1000000.0,136053595.9010064,12432381462.757397,5.827539788423184
oneD_v2_dbtt_TP_9555ff54d637c974,BACKSTRESS_SHIELDING_EXTREME,CLEAVAGE_MULTIHIT,1100.0,11577655237.192825,0.5077207294128708,1000000.0,136053595.9010064,12432381462.757397,5.827539788423184
oneD_v2_dbtt_TP_9555ff54d637c974,BACKSTRESS_SHIELDING_EXTREME,CLEAVAGE_MULTIHIT,1100.0,11655357621.33506,0.49075801558976034,1000000.0,136053595.9010064,12432381462.757397,5.827539788423184
oneD_v2_dbtt_TP_9555ff54d637c974,BACKSTRESS_SHIELDING_EXTREME,CLEAVAGE_MULTIHIT,1100.0,11733060005.477293,0.4744353021847627,1000000.0,136053595.9010064,12432381462.757397,5.827539788423184
oneD_v2_dbtt_TP_9555ff54d637c974,BACKSTRESS_SHIELDING_EXTREME,CLEAVAGE_MULTIHIT,1100.0,11810762389.619526,0.458737927451609,1000000.0,136053595.9010064,12432381462.757397,5.827539788423184
oneD_v2_dbtt_TP_9555ff54d637c974,BACKSTRESS_SHIELDING_EXTREME,CLEAVAGE_MULTIHIT,1100.0,11888464773.76176,0.4436510693414902,1000000.0,136053595.9010064,12432381462.757397,5.827539788423184
oneD_v2_dbtt_TP_9555ff54d637c974,BACKSTRESS_SHIELDING_EXTREME,CLEAVAGE_MULTIHIT,1100.0,11966167157.903994,0.42915977599740424,1000000.0,136053595.9010064,12432381462.757397,5.827539788423184
oneD_v2_dbtt_TP_9555ff54d637c974,BACKSTRESS_SHIELDING_EXTREME,CLEAVAGE_MULTIHIT,1100.0,12043869542.046228,0.4152489954443152,1000000.0,136053595.9010064,12432381462.757397,5.827539788423184
oneD_v2_dbtt_TP_9555ff54d637c974,BACKSTRESS_SHIELDING_EXTREME,CLEAVAGE_MULTIHIT,1100.0,12121571926.188461,0.40190360442313205,1000000.0,136053595.9010064,12432381462.757397,5.827539788423184
oneD_v2_dbtt_TP_9555ff54d637c974,BACKSTRESS_SHIELDING_EXTREME,CLEAVAGE_MULTIHIT,1100.0,12199274310.330696,0.3891084363209336,1000000.0,136053595.9010064,12432381462.757397,5.827539788423184
oneD_v2_dbtt_TP_9555ff54d637c974,BACKSTRESS_SHIELDING_EXTREME,CLEAVAGE_MULTIHIT,1100.0,12276976694.472929,0.3768483081543591,1000000.0,136053595.9010064,12432381462.757397,5.827539788423184
oneD_v2_dbtt_TP_9555ff54d637c974,BACKSTRESS_SHIELDING_EXTREME,CLEAVAGE_MULTIHIT,1100.0,12354679078.615164,0.365108046567555,1000000.0,136053595.9010064,12432381462.757397,5.827539788423184
oneD_v2_dbtt_TP_9555ff54d637c974,BACKSTRESS_SHIELDING_EXTREME,CLEAVAGE_MULTIHIT,1100.0,12432381462.757397,0.3538725128105824,1000000.0,136053595.9010064,12432381462.757397,5.827539788423184
oneD_v2_dbtt_TP_f2817e7998cb7be6,BALANCED_MAXIMIN_MEDOID,PEIERLS,1100.0,0.0,7.02343536359162,6.626930651403463e-21,0.0,64013305.86806014,7.02343536359162
oneD_v2_dbtt_TP_f2817e7998cb7be6,BALANCED_MAXIMIN_MEDOID,PEIERLS,1100.0,400083.1616753759,0.0728205611803828,463835637120.5869,0.0,64013305.86806014,7.02343536359162
oneD_v2_dbtt_TP_f2817e7998cb7be6,BALANCED_MAXIMIN_MEDOID,PEIERLS,1100.0,800166.3233507518,0.0728205611803828,463835637120.5869,0.0,64013305.86806014,7.02343536359162
oneD_v2_dbtt_TP_f2817e7998cb7be6,BALANCED_MAXIMIN_MEDOID,PEIERLS,1100.0,1200249.4850261277,0.0728205611803828,463835637120.5869,0.0,64013305.86806014,7.02343536359162
oneD_v2_dbtt_TP_f2817e7998cb7be6,BALANCED_MAXIMIN_MEDOID,PEIERLS,1100.0,1600332.6467015035,0.0728205611803828,463835637120.5869,0.0,64013305.86806014,7.02343536359162
oneD_v2_dbtt_TP_f2817e7998cb7be6,BALANCED_MAXIMIN_MEDOID,PEIERLS,1100.0,2000415.8083768794,0.0728205611803828,463835637120.5869,0.0,64013305.86806014,7.02343536359162
oneD_v2_dbtt_TP_f2817e7998cb7be6,BALANCED_MAXIMIN_MEDOID,PEIERLS,1100.0,2400498.9700522553,0.0728205611803828,463835637120.5869,0.0,64013305.86806014,7.02343536359162
oneD_v2_dbtt_TP_f2817e7998cb7be6,BALANCED_MAXIMIN_MEDOID,PEIERLS,1100.0,2800582.131727631,0.0728205611803828,463835637120.5869,0.0,64013305.86806014,7.02343536359162
oneD_v2_dbtt_TP_f2817e7998cb7be6,BALANCED_MAXIMIN_MEDOID,PEIERLS,1100.0,3200665.293403007,0.0728205611803828,463835637120.5869,0.0,64013305.86806014,7.02343536359162
oneD_v2_dbtt_TP_f2817e7998cb7be6,BALANCED_MAXIMIN_MEDOID,PEIERLS,1100.0,3600748.455078383,0.0728205611803828,463835637120.5869,0.0,64013305.86806014,7.02343536359162
oneD_v2_dbtt_TP_f2817e7998cb7be6,BALANCED_MAXIMIN_MEDOID,PEIERLS,1100.0,4000831.616753759,0.0728205611803828,463835637120.5869,0.0,64013305.86806014,7.02343536359162
oneD_v2_dbtt_TP_f2817e7998cb7be6,BALANCED_MAXIMIN_MEDOID,PEIERLS,1100.0,4400914.778429135,0.0728205611803828,463835637120.5869,0.0,64013305.86806014,7.02343536359162
oneD_v2_dbtt_TP_f2817e7998cb7be6,BALANCED_MAXIMIN_MEDOID,PEIERLS,1100.0,4800997.940104511,0.0728205611803828,463835637120.5869,0.0,64013305.86806014,7.02343536359162
oneD_v2_dbtt_TP_f2817e7998cb7be6,BALANCED_MAXIMIN_MEDOID,PEIERLS,1100.0,5201081.1017798865,0.0728205611803828,463835637120.5869,0.0,64013305.86806014,7.02343536359162
oneD_v2_dbtt_TP_f2817e7998cb7be6,BALANCED_MAXIMIN_MEDOID,PEIERLS,1100.0,5601164.263455262,0.0728205611803828,463835637120.5869,0.0,64013305.86806014,7.02343536359162
oneD_v2_dbtt_TP_f2817e7998cb7be6,BALANCED_MAXIMIN_MEDOID,PEIERLS,1100.0,6001247.425130638,0.0728205611803828,463835637120.5869,0.0,64013305.86806014,7.02343536359162
oneD_v2_dbtt_TP_f2817e7998cb7be6,BALANCED_MAXIMIN_MEDOID,PEIERLS,1100.0,6401330.586806014,0.0728205611803828,463835637120.5869,0.0,64013305.86806014,7.02343536359162
oneD_v2_dbtt_TP_f2817e7998cb7be6,BALANCED_MAXIMIN_MEDOID,PEIERLS,1100.0,6801413.74848139,0.0728205611803828,463835637120.5869,0.0,64013305.86806014,7.02343536359162
oneD_v2_dbtt_TP_f2817e7998cb7be6,BALANCED_MAXIMIN_MEDOID,PEIERLS,1100.0,7201496.910156766,0.0728205611803828,463835637120.5869,0.0,64013305.86806014,7.02343536359162
oneD_v2_dbtt_TP_f2817e7998cb7be6,BALANCED_MAXIMIN_MEDOID,PEIERLS,1100.0,7601580.071832142,0.0728205611803828,463835637120.5869,0.0,64013305.86806014,7.02343536359162
oneD_v2_dbtt_TP_f2817e7998cb7be6,BALANCED_MAXIMIN_MEDOID,PEIERLS,1100.0,8001663.233507518,0.0728205611803828,463835637120.5869,0.0,64013305.86806014,7.02343536359162
oneD_v2_dbtt_TP_f2817e7998cb7be6,BALANCED_MAXIMIN_MEDOID,PEIERLS,1100.0,8401746.395182893,0.0728205611803828,463835637120.5869,0.0,64013305.86806014,7.02343536359162
oneD_v2_dbtt_TP_f2817e7998cb7be6,BALANCED_MAXIMIN_MEDOID,PEIERLS,1100.0,8801829.55685827,0.0728205611803828,463835637120.5869,0.0,64013305.86806014,7.02343536359162
oneD_v2_dbtt_TP_f2817e7998cb7be6,BALANCED_MAXIMIN_MEDOID,PEIERLS,1100.0,9201912.718533646,0.0728205611803828,463835637120.5869,0.0,64013305.86806014,7.02343536359162
oneD_v2_dbtt_TP_f2817e7998cb7be6,BALANCED_MAXIMIN_MEDOID,PEIERLS,1100.0,9601995.880209021,0.0728205611803828,463835637120.5869,0.0,64013305.86806014,7.02343536359162
oneD_v2_dbtt_TP_f2817e7998cb7be6,BALANCED_MAXIMIN_MEDOID,PEIERLS,1100.0,10002079.041884396,0.0728205611803828,463835637120.5869,0.0,64013305.86806014,7.02343536359162
oneD_v2_dbtt_TP_f2817e7998cb7be6,BALANCED_MAXIMIN_MEDOID,PEIERLS,1100.0,10402162.203559773,0.0728205611803828,463835637120.5869,0.0,64013305.86806014,7.02343536359162
oneD_v2_dbtt_TP_f2817e7998cb7be6,BALANCED_MAXIMIN_MEDOID,PEIERLS,1100.0,10802245.36523515,0.0728205611803828,463835637120.5869,0.0,64013305.86806014,7.02343536359162
oneD_v2_dbtt_TP_f2817e7998cb7be6,BALANCED_MAXIMIN_MEDOID,PEIERLS,1100.0,11202328.526910525,0.0728205611803828,463835637120.5869,0.0,64013305.86806014,7.02343536359162
oneD_v2_dbtt_TP_f2817e7998cb7be6,BALANCED_MAXIMIN_MEDOID,PEIERLS,1100.0,11602411.6885859,0.0728205611803828,463835637120.5869,0.0,64013305.86806014,7.02343536359162
oneD_v2_dbtt_TP_f2817e7998cb7be6,BALANCED_MAXIMIN_MEDOID,PEIERLS,1100.0,12002494.850261277,0.0728205611803828,463835637120.5869,0.0,64013305.86806014,7.02343536359162
oneD_v2_dbtt_TP_f2817e7998cb7be6,BALANCED_MAXIMIN_MEDOID,PEIERLS,1100.0,12402578.011936653,0.0728205611803828,463835637120.5869,0.0,64013305.86806014,7.02343536359162
oneD_v2_dbtt_TP_f2817e7998cb7be6,BALANCED_MAXIMIN_MEDOID,PEIERLS,1100.0,12802661.173612028,0.0728205611803828,463835637120.5869,0.0,64013305.86806014,7.02343536359162
oneD_v2_dbtt_TP_f2817e7998cb7be6,BALANCED_MAXIMIN_MEDOID,PEIERLS,1100.0,13202744.335287403,0.0728205611803828,463835637120.5869,0.0,64013305.86806014,7.02343536359162
oneD_v2_dbtt_TP_f2817e7998cb7be6,BALANCED_MAXIMIN_MEDOID,PEIERLS,1100.0,13602827.49696278,0.0728205611803828,463835637120.5869,0.0,64013305.86806014,7.02343536359162
oneD_v2_dbtt_TP_f2817e7998cb7be6,BALANCED_MAXIMIN_MEDOID,PEIERLS,1100.0,14002910.658638157,0.0728205611803828,463835637120.5869,0.0,64013305.86806014,7.02343536359162
oneD_v2_dbtt_TP_f2817e7998cb7be6,BALANCED_MAXIMIN_MEDOID,PEIERLS,1100.0,14402993.820313532,0.0728205611803828,463835637120.5869,0.0,64013305.86806014,7.02343536359162
oneD_v2_dbtt_TP_f2817e7998cb7be6,BALANCED_MAXIMIN_MEDOID,PEIERLS,1100.0,14803076.981988907,0.0728205611803828,463835637120.5869,0.0,64013305.86806014,7.02343536359162
oneD_v2_dbtt_TP_f2817e7998cb7be6,BALANCED_MAXIMIN_MEDOID,PEIERLS,1100.0,15203160.143664284,0.0728205611803828,463835637120.5869,0.0,64013305.86806014,7.02343536359162
oneD_v2_dbtt_TP_f2817e7998cb7be6,BALANCED_MAXIMIN_MEDOID,PEIERLS,1100.0,15603243.30533966,0.0728205611803828,463835637120.5869,0.0,64013305.86806014,7.02343536359162
oneD_v2_dbtt_TP_f2817e7998cb7be6,BALANCED_MAXIMIN_MEDOID,PEIERLS,1100.0,16003326.467015035,0.0728205611803828,463835637120.5869,0.0,64013305.86806014,7.02343536359162
oneD_v2_dbtt_TP_f2817e7998cb7be6,BALANCED_MAXIMIN_MEDOID,PEIERLS,1100.0,16403409.62869041,0.0728205611803828,463835637120.5869,0.0,64013305.86806014,7.02343536359162
oneD_v2_dbtt_TP_f2817e7998cb7be6,BALANCED_MAXIMIN_MEDOID,PEIERLS,1100.0,16803492.790365785,0.0728205611803828,463835637120.5869,0.0,64013305.86806014,7.02343536359162
oneD_v2_dbtt_TP_f2817e7998cb7be6,BALANCED_MAXIMIN_MEDOID,PEIERLS,1100.0,17203575.952041164,0.0728205611803828,463835637120.5869,0.0,64013305.86806014,7.02343536359162
oneD_v2_dbtt_TP_f2817e7998cb7be6,BALANCED_MAXIMIN_MEDOID,PEIERLS,1100.0,17603659.11371654,0.0728205611803828,463835637120.5869,0.0,64013305.86806014,7.02343536359162
oneD_v2_dbtt_TP_f2817e7998cb7be6,BALANCED_MAXIMIN_MEDOID,PEIERLS,1100.0,18003742.275391914,0.0728205611803828,463835637120.5869,0.0,64013305.86806014,7.02343536359162
oneD_v2_dbtt_TP_f2817e7998cb7be6,BALANCED_MAXIMIN_MEDOID,PEIERLS,1100.0,18403825.437067293,0.0728205611803828,463835637120.5869,0.0,64013305.86806014,7.02343536359162
oneD_v2_dbtt_TP_f2817e7998cb7be6,BALANCED_MAXIMIN_MEDOID,PEIERLS,1100.0,18803908.598742668,0.0728205611803828,463835637120.5869,0.0,64013305.86806014,7.02343536359162
oneD_v2_dbtt_TP_f2817e7998cb7be6,BALANCED_MAXIMIN_MEDOID,PEIERLS,1100.0,19203991.760418043,0.0728205611803828,463835637120.5869,0.0,64013305.86806014,7.02343536359162
oneD_v2_dbtt_TP_f2817e7998cb7be6,BALANCED_MAXIMIN_MEDOID,PEIERLS,1100.0,19604074.922093417,0.0728205611803828,463835637120.5869,0.0,64013305.86806014,7.02343536359162
oneD_v2_dbtt_TP_f2817e7998cb7be6,BALANCED_MAXIMIN_MEDOID,PEIERLS,1100.0,20004158.083768792,0.0728205611803828,463835637120.5869,0.0,64013305.86806014,7.02343536359162
oneD_v2_dbtt_TP_f2817e7998cb7be6,BALANCED_MAXIMIN_MEDOID,PEIERLS,1100.0,20404241.24544417,0.0728205611803828,463835637120.5869,0.0,64013305.86806014,7.02343536359162
oneD_v2_dbtt_TP_f2817e7998cb7be6,BALANCED_MAXIMIN_MEDOID,PEIERLS,1100.0,20804324.407119546,0.0728205611803828,463835637120.5869,0.0,64013305.86806014,7.02343536359162
oneD_v2_dbtt_TP_f2817e7998cb7be6,BALANCED_MAXIMIN_MEDOID,PEIERLS,1100.0,21204407.56879492,0.0728205611803828,463835637120.5869,0.0,64013305.86806014,7.02343536359162
oneD_v2_dbtt_TP_f2817e7998cb7be6,BALANCED_MAXIMIN_MEDOID,PEIERLS,1100.0,21604490.7304703,0.0728205611803828,463835637120.5869,0.0,64013305.86806014,7.02343536359162
oneD_v2_dbtt_TP_f2817e7998cb7be6,BALANCED_MAXIMIN_MEDOID,PEIERLS,1100.0,22004573.892145675,0.0728205611803828,463835637120.5869,0.0,64013305.86806014,7.02343536359162
oneD_v2_dbtt_TP_f2817e7998cb7be6,BALANCED_MAXIMIN_MEDOID,PEIERLS,1100.0,22404657.05382105,0.0728205611803828,463835637120.5869,0.0,64013305.86806014,7.02343536359162
oneD_v2_dbtt_TP_f2817e7998cb7be6,BALANCED_MAXIMIN_MEDOID,PEIERLS,1100.0,22804740.215496425,0.0728205611803828,463835637120.5869,0.0,64013305.86806014,7.02343536359162
oneD_v2_dbtt_TP_f2817e7998cb7be6,BALANCED_MAXIMIN_MEDOID,PEIERLS,1100.0,23204823.3771718,0.0728205611803828,463835637120.5869,0.0,64013305.86806014,7.02343536359162
oneD_v2_dbtt_TP_f2817e7998cb7be6,BALANCED_MAXIMIN_MEDOID,PEIERLS,1100.0,23604906.53884718,0.0728205611803828,463835637120.5869,0.0,64013305.86806014,7.02343536359162
oneD_v2_dbtt_TP_f2817e7998cb7be6,BALANCED_MAXIMIN_MEDOID,PEIERLS,1100.0,24004989.700522553,0.0728205611803828,463835637120.5869,0.0,64013305.86806014,7.02343536359162
oneD_v2_dbtt_TP_f2817e7998cb7be6,BALANCED_MAXIMIN_MEDOID,PEIERLS,1100.0,24405072.862197928,0.0728205611803828,463835637120.5869,0.0,64013305.86806014,7.02343536359162
oneD_v2_dbtt_TP_f2817e7998cb7be6,BALANCED_MAXIMIN_MEDOID,PEIERLS,1100.0,24805156.023873307,0.0728205611803828,463835637120.5869,0.0,64013305.86806014,7.02343536359162
oneD_v2_dbtt_TP_f2817e7998cb7be6,BALANCED_MAXIMIN_MEDOID,PEIERLS,1100.0,25205239.18554868,0.0728205611803828,463835637120.5869,0.0,64013305.86806014,7.02343536359162
oneD_v2_dbtt_TP_f2817e7998cb7be6,BALANCED_MAXIMIN_MEDOID,PEIERLS,1100.0,25605322.347224057,0.0728205611803828,463835637120.5869,0.0,64013305.86806014,7.02343536359162
oneD_v2_dbtt_TP_f2817e7998cb7be6,BALANCED_MAXIMIN_MEDOID,PEIERLS,1100.0,26005405.50889943,0.0728205611803828,463835637120.5869,0.0,64013305.86806014,7.02343536359162
oneD_v2_dbtt_TP_f2817e7998cb7be6,BALANCED_MAXIMIN_MEDOID,PEIERLS,1100.0,26405488.670574807,0.0728205611803828,463835637120.5869,0.0,64013305.86806014,7.02343536359162
oneD_v2_dbtt_TP_f2817e7998cb7be6,BALANCED_MAXIMIN_MEDOID,PEIERLS,1100.0,26805571.832250185,0.0728205611803828,463835637120.5869,0.0,64013305.86806014,7.02343536359162
oneD_v2_dbtt_TP_f2817e7998cb7be6,BALANCED_MAXIMIN_MEDOID,PEIERLS,1100.0,27205654.99392556,0.0728205611803828,463835637120.5869,0.0,64013305.86806014,7.02343536359162
oneD_v2_dbtt_TP_f2817e7998cb7be6,BALANCED_MAXIMIN_MEDOID,PEIERLS,1100.0,27605738.155600935,0.0728205611803828,463835637120.5869,0.0,64013305.86806014,7.02343536359162
oneD_v2_dbtt_TP_f2817e7998cb7be6,BALANCED_MAXIMIN_MEDOID,PEIERLS,1100.0,28005821.317276314,0.0728205611803828,463835637120.5869,0.0,64013305.86806014,7.02343536359162
oneD_v2_dbtt_TP_f2817e7998cb7be6,BALANCED_MAXIMIN_MEDOID,PEIERLS,1100.0,28405904.47895169,0.0728205611803828,463835637120.5869,0.0,64013305.86806014,7.02343536359162
oneD_v2_dbtt_TP_f2817e7998cb7be6,BALANCED_MAXIMIN_MEDOID,PEIERLS,1100.0,28805987.640627064,0.0728205611803828,463835637120.5869,0.0,64013305.86806014,7.02343536359162
oneD_v2_dbtt_TP_f2817e7998cb7be6,BALANCED_MAXIMIN_MEDOID,PEIERLS,1100.0,29206070.80230244,0.0728205611803828,463835637120.5869,0.0,64013305.86806014,7.02343536359162
oneD_v2_dbtt_TP_f2817e7998cb7be6,BALANCED_MAXIMIN_MEDOID,PEIERLS,1100.0,29606153.963977814,0.0728205611803828,463835637120.5869,0.0,64013305.86806014,7.02343536359162
oneD_v2_dbtt_TP_f2817e7998cb7be6,BALANCED_MAXIMIN_MEDOID,PEIERLS,1100.0,30006237.125653192,0.0728205611803828,463835637120.5869,0.0,64013305.86806014,7.02343536359162
oneD_v2_dbtt_TP_f2817e7998cb7be6,BALANCED_MAXIMIN_MEDOID,PEIERLS,1100.0,30406320.287328567,0.0728205611803828,463835637120.5869,0.0,64013305.86806014,7.02343536359162
oneD_v2_dbtt_TP_f2817e7998cb7be6,BALANCED_MAXIMIN_MEDOID,PEIERLS,1100.0,30806403.449003942,0.0728205611803828,463835637120.5869,0.0,64013305.86806014,7.02343536359162
oneD_v2_dbtt_TP_f2817e7998cb7be6,BALANCED_MAXIMIN_MEDOID,PEIERLS,1100.0,31206486.61067932,0.0728205611803828,463835637120.5869,0.0,64013305.86806014,7.02343536359162
oneD_v2_dbtt_TP_f2817e7998cb7be6,BALANCED_MAXIMIN_MEDOID,PEIERLS,1100.0,31606569.772354696,0.0728205611803828,463835637120.5869,0.0,64013305.86806014,7.02343536359162
oneD_v2_dbtt_TP_f2817e7998cb7be6,BALANCED_MAXIMIN_MEDOID,PEIERLS,1100.0,32006652.93403007,0.0728205611803828,463835637120.5869,0.0,64013305.86806014,7.02343536359162
oneD_v2_dbtt_TP_f2817e7998cb7be6,BALANCED_MAXIMIN_MEDOID,PEIERLS,1100.0,32406736.095705446,0.0728205611803828,463835637120.5869,0.0,64013305.86806014,7.02343536359162
oneD_v2_dbtt_TP_f2817e7998cb7be6,BALANCED_MAXIMIN_MEDOID,PEIERLS,1100.0,32806819.25738082,0.0728205611803828,463835637120.5869,0.0,64013305.86806014,7.02343536359162
oneD_v2_dbtt_TP_f2817e7998cb7be6,BALANCED_MAXIMIN_MEDOID,PEIERLS,1100.0,33206902.4190562,0.0728205611803828,463835637120.5869,0.0,64013305.86806014,7.02343536359162
oneD_v2_dbtt_TP_f2817e7998cb7be6,BALANCED_MAXIMIN_MEDOID,PEIERLS,1100.0,33606985.58073157,0.0728205611803828,463835637120.5869,0.0,64013305.86806014,7.02343536359162
oneD_v2_dbtt_TP_f2817e7998cb7be6,BALANCED_MAXIMIN_MEDOID,PEIERLS,1100.0,34007068.74240695,0.0728205611803828,463835637120.5869,0.0,64013305.86806014,7.02343536359162
oneD_v2_dbtt_TP_f2817e7998cb7be6,BALANCED_MAXIMIN_MEDOID,PEIERLS,1100.0,34407151.90408233,0.0728205611803828,463835637120.5869,0.0,64013305.86806014,7.02343536359162
oneD_v2_dbtt_TP_f2817e7998cb7be6,BALANCED_MAXIMIN_MEDOID,PEIERLS,1100.0,34807235.0657577,0.0728205611803828,463835637120.5869,0.0,64013305.86806014,7.02343536359162
oneD_v2_dbtt_TP_f2817e7998cb7be6,BALANCED_MAXIMIN_MEDOID,PEIERLS,1100.0,35207318.22743308,0.0728205611803828,463835637120.5869,0.0,64013305.86806014,7.02343536359162
oneD_v2_dbtt_TP_f2817e7998cb7be6,BALANCED_MAXIMIN_MEDOID,PEIERLS,1100.0,35607401.38910846,0.0728205611803828,463835637120.5869,0.0,64013305.86806014,7.02343536359162
oneD_v2_dbtt_TP_f2817e7998cb7be6,BALANCED_MAXIMIN_MEDOID,PEIERLS,1100.0,36007484.55078383,0.0728205611803828,463835637120.5869,0.0,64013305.86806014,7.02343536359162
oneD_v2_dbtt_TP_f2817e7998cb7be6,BALANCED_MAXIMIN_MEDOID,PEIERLS,1100.0,36407567.71245921,0.0728205611803828,463835637120.5869,0.0,64013305.86806014,7.02343536359162
oneD_v2_dbtt_TP_f2817e7998cb7be6,BALANCED_MAXIMIN_MEDOID,PEIERLS,1100.0,36807650.874134585,0.0728205611803828,463835637120.5869,0.0,64013305.86806014,7.02343536359162
oneD_v2_dbtt_TP_f2817e7998cb7be6,BALANCED_MAXIMIN_MEDOID,PEIERLS,1100.0,37207734.03580996,0.0728205611803828,463835637120.5869,0.0,64013305.86806014,7.02343536359162
oneD_v2_dbtt_TP_f2817e7998cb7be6,BALANCED_MAXIMIN_MEDOID,PEIERLS,1100.0,37607817.197485335,0.0728205611803828,463835637120.5869,0.0,64013305.86806014,7.02343536359162
oneD_v2_dbtt_TP_f2817e7998cb7be6,BALANCED_MAXIMIN_MEDOID,PEIERLS,1100.0,38007900.35916071,0.0728205611803828,463835637120.5869,0.0,64013305.86806014,7.02343536359162
oneD_v2_dbtt_TP_f2817e7998cb7be6,BALANCED_MAXIMIN_MEDOID,PEIERLS,1100.0,38407983.520836085,0.0728205611803828,463835637120.5869,0.0,64013305.86806014,7.02343536359162
oneD_v2_dbtt_TP_f2817e7998cb7be6,BALANCED_MAXIMIN_MEDOID,PEIERLS,1100.0,38808066.682511464,0.0728205611803828,463835637120.5869,0.0,64013305.86806014,7.02343536359162
oneD_v2_dbtt_TP_f2817e7998cb7be6,BALANCED_MAXIMIN_MEDOID,PEIERLS,1100.0,39208149.844186835,0.0728205611803828,463835637120.5869,0.0,64013305.86806014,7.02343536359162
oneD_v2_dbtt_TP_f2817e7998cb7be6,BALANCED_MAXIMIN_MEDOID,PEIERLS,1100.0,39608233.00586221,0.0728205611803828,463835637120.5869,0.0,64013305.86806014,7.02343536359162
oneD_v2_dbtt_TP_f2817e7998cb7be6,BALANCED_MAXIMIN_MEDOID,PEIERLS,1100.0,40008316.167537585,0.0728205611803828,463835637120.5869,0.0,64013305.86806014,7.02343536359162
oneD_v2_dbtt_TP_f2817e7998cb7be6,BALANCED_MAXIMIN_MEDOID,PEIERLS,1100.0,40408399.32921296,0.0728205611803828,463835637120.5869,0.0,64013305.86806014,7.02343536359162
oneD_v2_dbtt_TP_f2817e7998cb7be6,BALANCED_MAXIMIN_MEDOID,PEIERLS,1100.0,40808482.49088834,0.0728205611803828,463835637120.5869,0.0,64013305.86806014,7.02343536359162
oneD_v2_dbtt_TP_f2817e7998cb7be6,BALANCED_MAXIMIN_MEDOID,PEIERLS,1100.0,41208565.65256371,0.0728205611803828,463835637120.5869,0.0,64013305.86806014,7.02343536359162
oneD_v2_dbtt_TP_f2817e7998cb7be6,BALANCED_MAXIMIN_MEDOID,PEIERLS,1100.0,41608648.81423909,0.0728205611803828,463835637120.5869,0.0,64013305.86806014,7.02343536359162
oneD_v2_dbtt_TP_f2817e7998cb7be6,BALANCED_MAXIMIN_MEDOID,PEIERLS,1100.0,42008731.97591447,0.0728205611803828,463835637120.5869,0.0,64013305.86806014,7.02343536359162
oneD_v2_dbtt_TP_f2817e7998cb7be6,BALANCED_MAXIMIN_MEDOID,PEIERLS,1100.0,42408815.13758984,0.0728205611803828,463835637120.5869,0.0,64013305.86806014,7.02343536359162
oneD_v2_dbtt_TP_f2817e7998cb7be6,BALANCED_MAXIMIN_MEDOID,PEIERLS,1100.0,42808898.29926522,0.0728205611803828,463835637120.5869,0.0,64013305.86806014,7.02343536359162
oneD_v2_dbtt_TP_f2817e7998cb7be6,BALANCED_MAXIMIN_MEDOID,PEIERLS,1100.0,43208981.4609406,0.0728205611803828,463835637120.5869,0.0,64013305.86806014,7.02343536359162
oneD_v2_dbtt_TP_f2817e7998cb7be6,BALANCED_MAXIMIN_MEDOID,PEIERLS,1100.0,43609064.62261597,0.0728205611803828,463835637120.5869,0.0,64013305.86806014,7.02343536359162
oneD_v2_dbtt_TP_f2817e7998cb7be6,BALANCED_MAXIMIN_MEDOID,PEIERLS,1100.0,44009147.78429135,0.0728205611803828,463835637120.5869,0.0,64013305.86806014,7.02343536359162
oneD_v2_dbtt_TP_f2817e7998cb7be6,BALANCED_MAXIMIN_MEDOID,PEIERLS,1100.0,44409230.94596672,0.0728205611803828,463835637120.5869,0.0,64013305.86806014,7.02343536359162
oneD_v2_dbtt_TP_f2817e7998cb7be6,BALANCED_MAXIMIN_MEDOID,PEIERLS,1100.0,44809314.1076421,0.0728205611803828,463835637120.5869,0.0,64013305.86806014,7.02343536359162
oneD_v2_dbtt_TP_f2817e7998cb7be6,BALANCED_MAXIMIN_MEDOID,PEIERLS,1100.0,45209397.26931748,0.0728205611803828,463835637120.5869,0.0,64013305.86806014,7.02343536359162
oneD_v2_dbtt_TP_f2817e7998cb7be6,BALANCED_MAXIMIN_MEDOID,PEIERLS,1100.0,45609480.43099285,0.0728205611803828,463835637120.5869,0.0,64013305.86806014,7.02343536359162
oneD_v2_dbtt_TP_f2817e7998cb7be6,BALANCED_MAXIMIN_MEDOID,PEIERLS,1100.0,46009563.59266823,0.0728205611803828,463835637120.5869,0.0,64013305.86806014,7.02343536359162
oneD_v2_dbtt_TP_f2817e7998cb7be6,BALANCED_MAXIMIN_MEDOID,PEIERLS,1100.0,46409646.7543436,0.0728205611803828,463835637120.5869,0.0,64013305.86806014,7.02343536359162
oneD_v2_dbtt_TP_f2817e7998cb7be6,BALANCED_MAXIMIN_MEDOID,PEIERLS,1100.0,46809729.91601898,0.0728205611803828,463835637120.5869,0.0,64013305.86806014,7.02343536359162
oneD_v2_dbtt_TP_f2817e7998cb7be6,BALANCED_MAXIMIN_MEDOID,PEIERLS,1100.0,47209813.07769436,0.0728205611803828,463835637120.5869,0.0,64013305.86806014,7.02343536359162
oneD_v2_dbtt_TP_f2817e7998cb7be6,BALANCED_MAXIMIN_MEDOID,PEIERLS,1100.0,47609896.23936973,0.0728205611803828,463835637120.5869,0.0,64013305.86806014,7.02343536359162
oneD_v2_dbtt_TP_f2817e7998cb7be6,BALANCED_MAXIMIN_MEDOID,PEIERLS,1100.0,48009979.40104511,0.0728205611803828,463835637120.5869,0.0,64013305.86806014,7.02343536359162
oneD_v2_dbtt_TP_f2817e7998cb7be6,BALANCED_MAXIMIN_MEDOID,PEIERLS,1100.0,48410062.562720485,0.0728205611803828,463835637120.5869,0.0,64013305.86806014,7.02343536359162
oneD_v2_dbtt_TP_f2817e7998cb7be6,BALANCED_MAXIMIN_MEDOID,PEIERLS,1100.0,48810145.724395856,0.0728205611803828,463835637120.5869,0.0,64013305.86806014,7.02343536359162
oneD_v2_dbtt_TP_f2817e7998cb7be6,BALANCED_MAXIMIN_MEDOID,PEIERLS,1100.0,49210228.886071235,0.0728205611803828,463835637120.5869,0.0,64013305.86806014,7.02343536359162
oneD_v2_dbtt_TP_f2817e7998cb7be6,BALANCED_MAXIMIN_MEDOID,PEIERLS,1100.0,49610312.04774661,0.0728205611803828,463835637120.5869,0.0,64013305.86806014,7.02343536359162
oneD_v2_dbtt_TP_f2817e7998cb7be6,BALANCED_MAXIMIN_MEDOID,PEIERLS,1100.0,50010395.209421985,0.0728205611803828,463835637120.5869,0.0,64013305.86806014,7.02343536359162
oneD_v2_dbtt_TP_f2817e7998cb7be6,BALANCED_MAXIMIN_MEDOID,PEIERLS,1100.0,50410478.37109736,0.0728205611803828,463835637120.5869,0.0,64013305.86806014,7.02343536359162
oneD_v2_dbtt_TP_f2817e7998cb7be6,BALANCED_MAXIMIN_MEDOID,PEIERLS,1100.0,50810561.532772735,0.0728205611803828,463835637120.5869,0.0,64013305.86806014,7.02343536359162
oneD_v2_dbtt_TP_f2817e7998cb7be6,BALANCED_MAXIMIN_MEDOID,PEIERLS,1100.0,51210644.69444811,0.0728205611803828,463835637120.5869,0.0,64013305.86806014,7.02343536359162
oneD_v2_dbtt_TP_f2817e7998cb7be6,BALANCED_MAXIMIN_MEDOID,PEIERLS,1100.0,51610727.85612349,0.0728205611803828,463835637120.5869,0.0,64013305.86806014,7.02343536359162
oneD_v2_dbtt_TP_f2817e7998cb7be6,BALANCED_MAXIMIN_MEDOID,PEIERLS,1100.0,52010811.01779886,0.0728205611803828,463835637120.5869,0.0,64013305.86806014,7.02343536359162
oneD_v2_dbtt_TP_f2817e7998cb7be6,BALANCED_MAXIMIN_MEDOID,PEIERLS,1100.0,52410894.17947424,0.0728205611803828,463835637120.5869,0.0,64013305.86806014,7.02343536359162
oneD_v2_dbtt_TP_f2817e7998cb7be6,BALANCED_MAXIMIN_MEDOID,PEIERLS,1100.0,52810977.34114961,0.0728205611803828,463835637120.5869,0.0,64013305.86806014,7.02343536359162
oneD_v2_dbtt_TP_f2817e7998cb7be6,BALANCED_MAXIMIN_MEDOID,PEIERLS,1100.0,53211060.50282499,0.0728205611803828,463835637120.5869,0.0,64013305.86806014,7.02343536359162
oneD_v2_dbtt_TP_f2817e7998cb7be6,BALANCED_MAXIMIN_MEDOID,PEIERLS,1100.0,53611143.66450037,0.0728205611803828,463835637120.5869,0.0,64013305.86806014,7.02343536359162
oneD_v2_dbtt_TP_f2817e7998cb7be6,BALANCED_MAXIMIN_MEDOID,PEIERLS,1100.0,54011226.82617574,0.0728205611803828,463835637120.5869,0.0,64013305.86806014,7.02343536359162
oneD_v2_dbtt_TP_f2817e7998cb7be6,BALANCED_MAXIMIN_MEDOID,PEIERLS,1100.0,54411309.98785112,0.0728205611803828,463835637120.5869,0.0,64013305.86806014,7.02343536359162
oneD_v2_dbtt_TP_f2817e7998cb7be6,BALANCED_MAXIMIN_MEDOID,PEIERLS,1100.0,54811393.1495265,0.0728205611803828,463835637120.5869,0.0,64013305.86806014,7.02343536359162
oneD_v2_dbtt_TP_f2817e7998cb7be6,BALANCED_MAXIMIN_MEDOID,PEIERLS,1100.0,55211476.31120187,0.0728205611803828,463835637120.5869,0.0,64013305.86806014,7.02343536359162
oneD_v2_dbtt_TP_f2817e7998cb7be6,BALANCED_MAXIMIN_MEDOID,PEIERLS,1100.0,55611559.47287725,0.0728205611803828,463835637120.5869,0.0,64013305.86806014,7.02343536359162
oneD_v2_dbtt_TP_f2817e7998cb7be6,BALANCED_MAXIMIN_MEDOID,PEIERLS,1100.0,56011642.63455263,0.0728205611803828,463835637120.5869,0.0,64013305.86806014,7.02343536359162
oneD_v2_dbtt_TP_f2817e7998cb7be6,BALANCED_MAXIMIN_MEDOID,PEIERLS,1100.0,56411725.796228,0.0728205611803828,463835637120.5869,0.0,64013305.86806014,7.02343536359162
oneD_v2_dbtt_TP_f2817e7998cb7be6,BALANCED_MAXIMIN_MEDOID,PEIERLS,1100.0,56811808.95790338,0.0728205611803828,463835637120.5869,0.0,64013305.86806014,7.02343536359162
oneD_v2_dbtt_TP_f2817e7998cb7be6,BALANCED_MAXIMIN_MEDOID,PEIERLS,1100.0,57211892.11957875,0.0728205611803828,463835637120.5869,0.0,64013305.86806014,7.02343536359162
oneD_v2_dbtt_TP_f2817e7998cb7be6,BALANCED_MAXIMIN_MEDOID,PEIERLS,1100.0,57611975.28125413,0.0728205611803828,463835637120.5869,0.0,64013305.86806014,7.02343536359162
oneD_v2_dbtt_TP_f2817e7998cb7be6,BALANCED_MAXIMIN_MEDOID,PEIERLS,1100.0,58012058.44292951,0.0728205611803828,463835637120.5869,0.0,64013305.86806014,7.02343536359162
oneD_v2_dbtt_TP_f2817e7998cb7be6,BALANCED_MAXIMIN_MEDOID,PEIERLS,1100.0,58412141.60460488,0.0728205611803828,463835637120.5869,0.0,64013305.86806014,7.02343536359162
oneD_v2_dbtt_TP_f2817e7998cb7be6,BALANCED_MAXIMIN_MEDOID,PEIERLS,1100.0,58812224.766280256,0.0728205611803828,463835637120.5869,0.0,64013305.86806014,7.02343536359162
oneD_v2_dbtt_TP_f2817e7998cb7be6,BALANCED_MAXIMIN_MEDOID,PEIERLS,1100.0,59212307.92795563,0.0728205611803828,463835637120.5869,0.0,64013305.86806014,7.02343536359162
oneD_v2_dbtt_TP_f2817e7998cb7be6,BALANCED_MAXIMIN_MEDOID,PEIERLS,1100.0,59612391.089631006,0.0728205611803828,463835637120.5869,0.0,64013305.86806014,7.02343536359162
oneD_v2_dbtt_TP_f2817e7998cb7be6,BALANCED_MAXIMIN_MEDOID,PEIERLS,1100.0,60012474.251306385,0.0728205611803828,463835637120.5869,0.0,64013305.86806014,7.02343536359162
oneD_v2_dbtt_TP_f2817e7998cb7be6,BALANCED_MAXIMIN_MEDOID,PEIERLS,1100.0,60412557.412981756,0.0728205611803828,463835637120.5869,0.0,64013305.86806014,7.02343536359162
oneD_v2_dbtt_TP_f2817e7998cb7be6,BALANCED_MAXIMIN_MEDOID,PEIERLS,1100.0,60812640.574657135,0.0728205611803828,463835637120.5869,0.0,64013305.86806014,7.02343536359162
oneD_v2_dbtt_TP_f2817e7998cb7be6,BALANCED_MAXIMIN_MEDOID,PEIERLS,1100.0,61212723.73633251,0.0728205611803828,463835637120.5869,0.0,64013305.86806014,7.02343536359162
oneD_v2_dbtt_TP_f2817e7998cb7be6,BALANCED_MAXIMIN_MEDOID,PEIERLS,1100.0,61612806.898007885,0.0728205611803828,463835637120.5869,0.0,64013305.86806014,7.02343536359162
oneD_v2_dbtt_TP_f2817e7998cb7be6,BALANCED_MAXIMIN_MEDOID,PEIERLS,1100.0,62012890.05968326,0.0728205611803828,463835637120.5869,0.0,64013305.86806014,7.02343536359162
oneD_v2_dbtt_TP_f2817e7998cb7be6,BALANCED_MAXIMIN_MEDOID,PEIERLS,1100.0,62412973.22135864,0.0728205611803828,463835637120.5869,0.0,64013305.86806014,7.02343536359162
oneD_v2_dbtt_TP_f2817e7998cb7be6,BALANCED_MAXIMIN_MEDOID,PEIERLS,1100.0,62813056.38303401,0.0728205611803828,463835637120.5869,0.0,64013305.86806014,7.02343536359162
oneD_v2_dbtt_TP_f2817e7998cb7be6,BALANCED_MAXIMIN_MEDOID,PEIERLS,1100.0,63213139.54470939,0.0728205611803828,463835637120.5869,0.0,64013305.86806014,7.02343536359162
oneD_v2_dbtt_TP_f2817e7998cb7be6,BALANCED_MAXIMIN_MEDOID,PEIERLS,1100.0,63613222.70638476,0.0728205611803828,463835637120.5869,0.0,64013305.86806014,7.02343536359162
oneD_v2_dbtt_TP_f2817e7998cb7be6,BALANCED_MAXIMIN_MEDOID,PEIERLS,1100.0,64013305.86806014,0.0728205611803828,463835637120.5869,0.0,64013305.86806014,7.02343536359162
oneD_v2_dbtt_TP_f2817e7998cb7be6,BALANCED_MAXIMIN_MEDOID,TAYLOR_COMPLETION_SINGLE_HIT,1100.0,0.0,1.970608876978814,93.6323214053259,0.0,27281544634.38802,1.970608876978814
oneD_v2_dbtt_TP_f2817e7998cb7be6,BALANCED_MAXIMIN_MEDOID,TAYLOR_COMPLETION_SINGLE_HIT,1100.0,170509653.9649251,0.020431717081433806,80610145906.86668,0.0,27281544634.38802,1.970608876978814
oneD_v2_dbtt_TP_f2817e7998cb7be6,BALANCED_MAXIMIN_MEDOID,TAYLOR_COMPLETION_SINGLE_HIT,1100.0,341019307.9298502,0.020431717081433806,80610145906.86668,0.0,27281544634.38802,1.970608876978814
oneD_v2_dbtt_TP_f2817e7998cb7be6,BALANCED_MAXIMIN_MEDOID,TAYLOR_COMPLETION_SINGLE_HIT,1100.0,511528961.89477533,0.020431717081433806,80610145906.86668,0.0,27281544634.38802,1.970608876978814
oneD_v2_dbtt_TP_f2817e7998cb7be6,BALANCED_MAXIMIN_MEDOID,TAYLOR_COMPLETION_SINGLE_HIT,1100.0,682038615.8597004,0.020431717081433806,80610145906.86668,0.0,27281544634.38802,1.970608876978814
oneD_v2_dbtt_TP_f2817e7998cb7be6,BALANCED_MAXIMIN_MEDOID,TAYLOR_COMPLETION_SINGLE_HIT,1100.0,852548269.8246255,0.020431717081433806,80610145906.86668,0.0,27281544634.38802,1.970608876978814
oneD_v2_dbtt_TP_f2817e7998cb7be6,BALANCED_MAXIMIN_MEDOID,TAYLOR_COMPLETION_SINGLE_HIT,1100.0,1023057923.7895507,0.020431717081433806,80610145906.86668,0.0,27281544634.38802,1.970608876978814
oneD_v2_dbtt_TP_f2817e7998cb7be6,BALANCED_MAXIMIN_MEDOID,TAYLOR_COMPLETION_SINGLE_HIT,1100.0,1193567577.7544758,0.020431717081433806,80610145906.86668,0.0,27281544634.38802,1.970608876978814
oneD_v2_dbtt_TP_f2817e7998cb7be6,BALANCED_MAXIMIN_MEDOID,TAYLOR_COMPLETION_SINGLE_HIT,1100.0,1364077231.719401,0.020431717081433806,80610145906.86668,0.0,27281544634.38802,1.970608876978814
oneD_v2_dbtt_TP_f2817e7998cb7be6,BALANCED_MAXIMIN_MEDOID,TAYLOR_COMPLETION_SINGLE_HIT,1100.0,1534586885.684326,0.020431717081433806,80610145906.86668,0.0,27281544634.38802,1.970608876978814
oneD_v2_dbtt_TP_f2817e7998cb7be6,BALANCED_MAXIMIN_MEDOID,TAYLOR_COMPLETION_SINGLE_HIT,1100.0,1705096539.649251,0.020431717081433806,80610145906.86668,0.0,27281544634.38802,1.970608876978814
oneD_v2_dbtt_TP_f2817e7998cb7be6,BALANCED_MAXIMIN_MEDOID,TAYLOR_COMPLETION_SINGLE_HIT,1100.0,1875606193.6141763,0.020431717081433806,80610145906.86668,0.0,27281544634.38802,1.970608876978814
oneD_v2_dbtt_TP_f2817e7998cb7be6,BALANCED_MAXIMIN_MEDOID,TAYLOR_COMPLETION_SINGLE_HIT,1100.0,2046115847.5791013,0.020431717081433806,80610145906.86668,0.0,27281544634.38802,1.970608876978814
oneD_v2_dbtt_TP_f2817e7998cb7be6,BALANCED_MAXIMIN_MEDOID,TAYLOR_COMPLETION_SINGLE_HIT,1100.0,2216625501.5440264,0.020431717081433806,80610145906.86668,0.0,27281544634.38802,1.970608876978814
oneD_v2_dbtt_TP_f2817e7998cb7be6,BALANCED_MAXIMIN_MEDOID,TAYLOR_COMPLETION_SINGLE_HIT,1100.0,2387135155.5089517,0.020431717081433806,80610145906.86668,0.0,27281544634.38802,1.970608876978814
oneD_v2_dbtt_TP_f2817e7998cb7be6,BALANCED_MAXIMIN_MEDOID,TAYLOR_COMPLETION_SINGLE_HIT,1100.0,2557644809.4738765,0.020431717081433806,80610145906.86668,0.0,27281544634.38802,1.970608876978814
oneD_v2_dbtt_TP_f2817e7998cb7be6,BALANCED_MAXIMIN_MEDOID,TAYLOR_COMPLETION_SINGLE_HIT,1100.0,2728154463.438802,0.020431717081433806,80610145906.86668,0.0,27281544634.38802,1.970608876978814
oneD_v2_dbtt_TP_f2817e7998cb7be6,BALANCED_MAXIMIN_MEDOID,TAYLOR_COMPLETION_SINGLE_HIT,1100.0,2898664117.403727,0.020431717081433806,80610145906.86668,0.0,27281544634.38802,1.970608876978814
oneD_v2_dbtt_TP_f2817e7998cb7be6,BALANCED_MAXIMIN_MEDOID,TAYLOR_COMPLETION_SINGLE_HIT,1100.0,3069173771.368652,0.020431717081433806,80610145906.86668,0.0,27281544634.38802,1.970608876978814
oneD_v2_dbtt_TP_f2817e7998cb7be6,BALANCED_MAXIMIN_MEDOID,TAYLOR_COMPLETION_SINGLE_HIT,1100.0,3239683425.333577,0.020431717081433806,80610145906.86668,0.0,27281544634.38802,1.970608876978814
oneD_v2_dbtt_TP_f2817e7998cb7be6,BALANCED_MAXIMIN_MEDOID,TAYLOR_COMPLETION_SINGLE_HIT,1100.0,3410193079.298502,0.020431717081433806,80610145906.86668,0.0,27281544634.38802,1.970608876978814
oneD_v2_dbtt_TP_f2817e7998cb7be6,BALANCED_MAXIMIN_MEDOID,TAYLOR_COMPLETION_SINGLE_HIT,1100.0,3580702733.2634273,0.020431717081433806,80610145906.86668,0.0,27281544634.38802,1.970608876978814
oneD_v2_dbtt_TP_f2817e7998cb7be6,BALANCED_MAXIMIN_MEDOID,TAYLOR_COMPLETION_SINGLE_HIT,1100.0,3751212387.2283525,0.020431717081433806,80610145906.86668,0.0,27281544634.38802,1.970608876978814
oneD_v2_dbtt_TP_f2817e7998cb7be6,BALANCED_MAXIMIN_MEDOID,TAYLOR_COMPLETION_SINGLE_HIT,1100.0,3921722041.1932774,0.020431717081433806,80610145906.86668,0.0,27281544634.38802,1.970608876978814
oneD_v2_dbtt_TP_f2817e7998cb7be6,BALANCED_MAXIMIN_MEDOID,TAYLOR_COMPLETION_SINGLE_HIT,1100.0,4092231695.1582026,0.020431717081433806,80610145906.86668,0.0,27281544634.38802,1.970608876978814
oneD_v2_dbtt_TP_f2817e7998cb7be6,BALANCED_MAXIMIN_MEDOID,TAYLOR_COMPLETION_SINGLE_HIT,1100.0,4262741349.123128,0.020431717081433806,80610145906.86668,0.0,27281544634.38802,1.970608876978814
oneD_v2_dbtt_TP_f2817e7998cb7be6,BALANCED_MAXIMIN_MEDOID,TAYLOR_COMPLETION_SINGLE_HIT,1100.0,4433251003.088053,0.020431717081433806,80610145906.86668,0.0,27281544634.38802,1.970608876978814
oneD_v2_dbtt_TP_f2817e7998cb7be6,BALANCED_MAXIMIN_MEDOID,TAYLOR_COMPLETION_SINGLE_HIT,1100.0,4603760657.052978,0.020431717081433806,80610145906.86668,0.0,27281544634.38802,1.970608876978814
oneD_v2_dbtt_TP_f2817e7998cb7be6,BALANCED_MAXIMIN_MEDOID,TAYLOR_COMPLETION_SINGLE_HIT,1100.0,4774270311.017903,0.020431717081433806,80610145906.86668,0.0,27281544634.38802,1.970608876978814
oneD_v2_dbtt_TP_f2817e7998cb7be6,BALANCED_MAXIMIN_MEDOID,TAYLOR_COMPLETION_SINGLE_HIT,1100.0,4944779964.982828,0.020431717081433806,80610145906.86668,0.0,27281544634.38802,1.970608876978814
oneD_v2_dbtt_TP_f2817e7998cb7be6,BALANCED_MAXIMIN_MEDOID,TAYLOR_COMPLETION_SINGLE_HIT,1100.0,5115289618.947753,0.020431717081433806,80610145906.86668,0.0,27281544634.38802,1.970608876978814
oneD_v2_dbtt_TP_f2817e7998cb7be6,BALANCED_MAXIMIN_MEDOID,TAYLOR_COMPLETION_SINGLE_HIT,1100.0,5285799272.912679,0.020431717081433806,80610145906.86668,0.0,27281544634.38802,1.970608876978814
oneD_v2_dbtt_TP_f2817e7998cb7be6,BALANCED_MAXIMIN_MEDOID,TAYLOR_COMPLETION_SINGLE_HIT,1100.0,5456308926.877604,0.020431717081433806,80610145906.86668,0.0,27281544634.38802,1.970608876978814
oneD_v2_dbtt_TP_f2817e7998cb7be6,BALANCED_MAXIMIN_MEDOID,TAYLOR_COMPLETION_SINGLE_HIT,1100.0,5626818580.842528,0.020431717081433806,80610145906.86668,0.0,27281544634.38802,1.970608876978814
oneD_v2_dbtt_TP_f2817e7998cb7be6,BALANCED_MAXIMIN_MEDOID,TAYLOR_COMPLETION_SINGLE_HIT,1100.0,5797328234.807454,0.020431717081433806,80610145906.86668,0.0,27281544634.38802,1.970608876978814
oneD_v2_dbtt_TP_f2817e7998cb7be6,BALANCED_MAXIMIN_MEDOID,TAYLOR_COMPLETION_SINGLE_HIT,1100.0,5967837888.772379,0.020431717081433806,80610145906.86668,0.0,27281544634.38802,1.970608876978814
oneD_v2_dbtt_TP_f2817e7998cb7be6,BALANCED_MAXIMIN_MEDOID,TAYLOR_COMPLETION_SINGLE_HIT,1100.0,6138347542.737304,0.020431717081433806,80610145906.86668,0.0,27281544634.38802,1.970608876978814
oneD_v2_dbtt_TP_f2817e7998cb7be6,BALANCED_MAXIMIN_MEDOID,TAYLOR_COMPLETION_SINGLE_HIT,1100.0,6308857196.7022295,0.020431717081433806,80610145906.86668,0.0,27281544634.38802,1.970608876978814
oneD_v2_dbtt_TP_f2817e7998cb7be6,BALANCED_MAXIMIN_MEDOID,TAYLOR_COMPLETION_SINGLE_HIT,1100.0,6479366850.667154,0.020431717081433806,80610145906.86668,0.0,27281544634.38802,1.970608876978814
oneD_v2_dbtt_TP_f2817e7998cb7be6,BALANCED_MAXIMIN_MEDOID,TAYLOR_COMPLETION_SINGLE_HIT,1100.0,6649876504.632079,0.020431717081433806,80610145906.86668,0.0,27281544634.38802,1.970608876978814
oneD_v2_dbtt_TP_f2817e7998cb7be6,BALANCED_MAXIMIN_MEDOID,TAYLOR_COMPLETION_SINGLE_HIT,1100.0,6820386158.597004,0.020431717081433806,80610145906.86668,0.0,27281544634.38802,1.970608876978814
oneD_v2_dbtt_TP_f2817e7998cb7be6,BALANCED_MAXIMIN_MEDOID,TAYLOR_COMPLETION_SINGLE_HIT,1100.0,6990895812.56193,0.020431717081433806,80610145906.86668,0.0,27281544634.38802,1.970608876978814
oneD_v2_dbtt_TP_f2817e7998cb7be6,BALANCED_MAXIMIN_MEDOID,TAYLOR_COMPLETION_SINGLE_HIT,1100.0,7161405466.5268545,0.020431717081433806,80610145906.86668,0.0,27281544634.38802,1.970608876978814
oneD_v2_dbtt_TP_f2817e7998cb7be6,BALANCED_MAXIMIN_MEDOID,TAYLOR_COMPLETION_SINGLE_HIT,1100.0,7331915120.491779,0.020431717081433806,80610145906.86668,0.0,27281544634.38802,1.970608876978814
oneD_v2_dbtt_TP_f2817e7998cb7be6,BALANCED_MAXIMIN_MEDOID,TAYLOR_COMPLETION_SINGLE_HIT,1100.0,7502424774.456705,0.020431717081433806,80610145906.86668,0.0,27281544634.38802,1.970608876978814
oneD_v2_dbtt_TP_f2817e7998cb7be6,BALANCED_MAXIMIN_MEDOID,TAYLOR_COMPLETION_SINGLE_HIT,1100.0,7672934428.42163,0.020431717081433806,80610145906.86668,0.0,27281544634.38802,1.970608876978814
oneD_v2_dbtt_TP_f2817e7998cb7be6,BALANCED_MAXIMIN_MEDOID,TAYLOR_COMPLETION_SINGLE_HIT,1100.0,7843444082.386555,0.020431717081433806,80610145906.86668,0.0,27281544634.38802,1.970608876978814
oneD_v2_dbtt_TP_f2817e7998cb7be6,BALANCED_MAXIMIN_MEDOID,TAYLOR_COMPLETION_SINGLE_HIT,1100.0,8013953736.3514805,0.020431717081433806,80610145906.86668,0.0,27281544634.38802,1.970608876978814
oneD_v2_dbtt_TP_f2817e7998cb7be6,BALANCED_MAXIMIN_MEDOID,TAYLOR_COMPLETION_SINGLE_HIT,1100.0,8184463390.316405,0.020431717081433806,80610145906.86668,0.0,27281544634.38802,1.970608876978814
oneD_v2_dbtt_TP_f2817e7998cb7be6,BALANCED_MAXIMIN_MEDOID,TAYLOR_COMPLETION_SINGLE_HIT,1100.0,8354973044.28133,0.020431717081433806,80610145906.86668,0.0,27281544634.38802,1.970608876978814
oneD_v2_dbtt_TP_f2817e7998cb7be6,BALANCED_MAXIMIN_MEDOID,TAYLOR_COMPLETION_SINGLE_HIT,1100.0,8525482698.246256,0.020431717081433806,80610145906.86668,0.0,27281544634.38802,1.970608876978814
oneD_v2_dbtt_TP_f2817e7998cb7be6,BALANCED_MAXIMIN_MEDOID,TAYLOR_COMPLETION_SINGLE_HIT,1100.0,8695992352.21118,0.020431717081433806,80610145906.86668,0.0,27281544634.38802,1.970608876978814
oneD_v2_dbtt_TP_f2817e7998cb7be6,BALANCED_MAXIMIN_MEDOID,TAYLOR_COMPLETION_SINGLE_HIT,1100.0,8866502006.176105,0.020431717081433806,80610145906.86668,0.0,27281544634.38802,1.970608876978814
oneD_v2_dbtt_TP_f2817e7998cb7be6,BALANCED_MAXIMIN_MEDOID,TAYLOR_COMPLETION_SINGLE_HIT,1100.0,9037011660.141031,0.020431717081433806,80610145906.86668,0.0,27281544634.38802,1.970608876978814
oneD_v2_dbtt_TP_f2817e7998cb7be6,BALANCED_MAXIMIN_MEDOID,TAYLOR_COMPLETION_SINGLE_HIT,1100.0,9207521314.105955,0.020431717081433806,80610145906.86668,0.0,27281544634.38802,1.970608876978814
oneD_v2_dbtt_TP_f2817e7998cb7be6,BALANCED_MAXIMIN_MEDOID,TAYLOR_COMPLETION_SINGLE_HIT,1100.0,9378030968.07088,0.020431717081433806,80610145906.86668,0.0,27281544634.38802,1.970608876978814
oneD_v2_dbtt_TP_f2817e7998cb7be6,BALANCED_MAXIMIN_MEDOID,TAYLOR_COMPLETION_SINGLE_HIT,1100.0,9548540622.035807,0.020431717081433806,80610145906.86668,0.0,27281544634.38802,1.970608876978814
oneD_v2_dbtt_TP_f2817e7998cb7be6,BALANCED_MAXIMIN_MEDOID,TAYLOR_COMPLETION_SINGLE_HIT,1100.0,9719050276.00073,0.020431717081433806,80610145906.86668,0.0,27281544634.38802,1.970608876978814
oneD_v2_dbtt_TP_f2817e7998cb7be6,BALANCED_MAXIMIN_MEDOID,TAYLOR_COMPLETION_SINGLE_HIT,1100.0,9889559929.965656,0.020431717081433806,80610145906.86668,0.0,27281544634.38802,1.970608876978814
oneD_v2_dbtt_TP_f2817e7998cb7be6,BALANCED_MAXIMIN_MEDOID,TAYLOR_COMPLETION_SINGLE_HIT,1100.0,10060069583.930582,0.020431717081433806,80610145906.86668,0.0,27281544634.38802,1.970608876978814
oneD_v2_dbtt_TP_f2817e7998cb7be6,BALANCED_MAXIMIN_MEDOID,TAYLOR_COMPLETION_SINGLE_HIT,1100.0,10230579237.895506,0.020431717081433806,80610145906.86668,0.0,27281544634.38802,1.970608876978814
oneD_v2_dbtt_TP_f2817e7998cb7be6,BALANCED_MAXIMIN_MEDOID,TAYLOR_COMPLETION_SINGLE_HIT,1100.0,10401088891.860432,0.020431717081433806,80610145906.86668,0.0,27281544634.38802,1.970608876978814
oneD_v2_dbtt_TP_f2817e7998cb7be6,BALANCED_MAXIMIN_MEDOID,TAYLOR_COMPLETION_SINGLE_HIT,1100.0,10571598545.825357,0.020431717081433806,80610145906.86668,0.0,27281544634.38802,1.970608876978814
oneD_v2_dbtt_TP_f2817e7998cb7be6,BALANCED_MAXIMIN_MEDOID,TAYLOR_COMPLETION_SINGLE_HIT,1100.0,10742108199.790281,0.020431717081433806,80610145906.86668,0.0,27281544634.38802,1.970608876978814
oneD_v2_dbtt_TP_f2817e7998cb7be6,BALANCED_MAXIMIN_MEDOID,TAYLOR_COMPLETION_SINGLE_HIT,1100.0,10912617853.755207,0.020431717081433806,80610145906.86668,0.0,27281544634.38802,1.970608876978814
oneD_v2_dbtt_TP_f2817e7998cb7be6,BALANCED_MAXIMIN_MEDOID,TAYLOR_COMPLETION_SINGLE_HIT,1100.0,11083127507.720133,0.020431717081433806,80610145906.86668,0.0,27281544634.38802,1.970608876978814
oneD_v2_dbtt_TP_f2817e7998cb7be6,BALANCED_MAXIMIN_MEDOID,TAYLOR_COMPLETION_SINGLE_HIT,1100.0,11253637161.685057,0.020431717081433806,80610145906.86668,0.0,27281544634.38802,1.970608876978814
oneD_v2_dbtt_TP_f2817e7998cb7be6,BALANCED_MAXIMIN_MEDOID,TAYLOR_COMPLETION_SINGLE_HIT,1100.0,11424146815.649982,0.020431717081433806,80610145906.86668,0.0,27281544634.38802,1.970608876978814
oneD_v2_dbtt_TP_f2817e7998cb7be6,BALANCED_MAXIMIN_MEDOID,TAYLOR_COMPLETION_SINGLE_HIT,1100.0,11594656469.614908,0.020431717081433806,80610145906.86668,0.0,27281544634.38802,1.970608876978814
oneD_v2_dbtt_TP_f2817e7998cb7be6,BALANCED_MAXIMIN_MEDOID,TAYLOR_COMPLETION_SINGLE_HIT,1100.0,11765166123.579832,0.020431717081433806,80610145906.86668,0.0,27281544634.38802,1.970608876978814
oneD_v2_dbtt_TP_f2817e7998cb7be6,BALANCED_MAXIMIN_MEDOID,TAYLOR_COMPLETION_SINGLE_HIT,1100.0,11935675777.544758,0.020431717081433806,80610145906.86668,0.0,27281544634.38802,1.970608876978814
oneD_v2_dbtt_TP_f2817e7998cb7be6,BALANCED_MAXIMIN_MEDOID,TAYLOR_COMPLETION_SINGLE_HIT,1100.0,12106185431.509684,0.020431717081433806,80610145906.86668,0.0,27281544634.38802,1.970608876978814
oneD_v2_dbtt_TP_f2817e7998cb7be6,BALANCED_MAXIMIN_MEDOID,TAYLOR_COMPLETION_SINGLE_HIT,1100.0,12276695085.474607,0.020431717081433806,80610145906.86668,0.0,27281544634.38802,1.970608876978814
oneD_v2_dbtt_TP_f2817e7998cb7be6,BALANCED_MAXIMIN_MEDOID,TAYLOR_COMPLETION_SINGLE_HIT,1100.0,12447204739.439533,0.020431717081433806,80610145906.86668,0.0,27281544634.38802,1.970608876978814
oneD_v2_dbtt_TP_f2817e7998cb7be6,BALANCED_MAXIMIN_MEDOID,TAYLOR_COMPLETION_SINGLE_HIT,1100.0,12617714393.404459,0.020431717081433806,80610145906.86668,0.0,27281544634.38802,1.970608876978814
oneD_v2_dbtt_TP_f2817e7998cb7be6,BALANCED_MAXIMIN_MEDOID,TAYLOR_COMPLETION_SINGLE_HIT,1100.0,12788224047.369383,0.020431717081433806,80610145906.86668,0.0,27281544634.38802,1.970608876978814
oneD_v2_dbtt_TP_f2817e7998cb7be6,BALANCED_MAXIMIN_MEDOID,TAYLOR_COMPLETION_SINGLE_HIT,1100.0,12958733701.334309,0.020431717081433806,80610145906.86668,0.0,27281544634.38802,1.970608876978814
oneD_v2_dbtt_TP_f2817e7998cb7be6,BALANCED_MAXIMIN_MEDOID,TAYLOR_COMPLETION_SINGLE_HIT,1100.0,13129243355.299234,0.020431717081433806,80610145906.86668,0.0,27281544634.38802,1.970608876978814
oneD_v2_dbtt_TP_f2817e7998cb7be6,BALANCED_MAXIMIN_MEDOID,TAYLOR_COMPLETION_SINGLE_HIT,1100.0,13299753009.264158,0.020431717081433806,80610145906.86668,0.0,27281544634.38802,1.970608876978814
oneD_v2_dbtt_TP_f2817e7998cb7be6,BALANCED_MAXIMIN_MEDOID,TAYLOR_COMPLETION_SINGLE_HIT,1100.0,13470262663.229084,0.020431717081433806,80610145906.86668,0.0,27281544634.38802,1.970608876978814
oneD_v2_dbtt_TP_f2817e7998cb7be6,BALANCED_MAXIMIN_MEDOID,TAYLOR_COMPLETION_SINGLE_HIT,1100.0,13640772317.194008,0.020431717081433806,80610145906.86668,0.0,27281544634.38802,1.970608876978814
oneD_v2_dbtt_TP_f2817e7998cb7be6,BALANCED_MAXIMIN_MEDOID,TAYLOR_COMPLETION_SINGLE_HIT,1100.0,13811281971.158934,0.020431717081433806,80610145906.86668,0.0,27281544634.38802,1.970608876978814
oneD_v2_dbtt_TP_f2817e7998cb7be6,BALANCED_MAXIMIN_MEDOID,TAYLOR_COMPLETION_SINGLE_HIT,1100.0,13981791625.12386,0.020431717081433806,80610145906.86668,0.0,27281544634.38802,1.970608876978814
oneD_v2_dbtt_TP_f2817e7998cb7be6,BALANCED_MAXIMIN_MEDOID,TAYLOR_COMPLETION_SINGLE_HIT,1100.0,14152301279.088783,0.020431717081433806,80610145906.86668,0.0,27281544634.38802,1.970608876978814
oneD_v2_dbtt_TP_f2817e7998cb7be6,BALANCED_MAXIMIN_MEDOID,TAYLOR_COMPLETION_SINGLE_HIT,1100.0,14322810933.053709,0.020431717081433806,80610145906.86668,0.0,27281544634.38802,1.970608876978814
oneD_v2_dbtt_TP_f2817e7998cb7be6,BALANCED_MAXIMIN_MEDOID,TAYLOR_COMPLETION_SINGLE_HIT,1100.0,14493320587.018635,0.020431717081433806,80610145906.86668,0.0,27281544634.38802,1.970608876978814
oneD_v2_dbtt_TP_f2817e7998cb7be6,BALANCED_MAXIMIN_MEDOID,TAYLOR_COMPLETION_SINGLE_HIT,1100.0,14663830240.983559,0.020431717081433806,80610145906.86668,0.0,27281544634.38802,1.970608876978814
oneD_v2_dbtt_TP_f2817e7998cb7be6,BALANCED_MAXIMIN_MEDOID,TAYLOR_COMPLETION_SINGLE_HIT,1100.0,14834339894.948484,0.020431717081433806,80610145906.86668,0.0,27281544634.38802,1.970608876978814
oneD_v2_dbtt_TP_f2817e7998cb7be6,BALANCED_MAXIMIN_MEDOID,TAYLOR_COMPLETION_SINGLE_HIT,1100.0,15004849548.91341,0.020431717081433806,80610145906.86668,0.0,27281544634.38802,1.970608876978814
oneD_v2_dbtt_TP_f2817e7998cb7be6,BALANCED_MAXIMIN_MEDOID,TAYLOR_COMPLETION_SINGLE_HIT,1100.0,15175359202.878334,0.020431717081433806,80610145906.86668,0.0,27281544634.38802,1.970608876978814
oneD_v2_dbtt_TP_f2817e7998cb7be6,BALANCED_MAXIMIN_MEDOID,TAYLOR_COMPLETION_SINGLE_HIT,1100.0,15345868856.84326,0.020431717081433806,80610145906.86668,0.0,27281544634.38802,1.970608876978814
oneD_v2_dbtt_TP_f2817e7998cb7be6,BALANCED_MAXIMIN_MEDOID,TAYLOR_COMPLETION_SINGLE_HIT,1100.0,15516378510.808186,0.020431717081433806,80610145906.86668,0.0,27281544634.38802,1.970608876978814
oneD_v2_dbtt_TP_f2817e7998cb7be6,BALANCED_MAXIMIN_MEDOID,TAYLOR_COMPLETION_SINGLE_HIT,1100.0,15686888164.77311,0.020431717081433806,80610145906.86668,0.0,27281544634.38802,1.970608876978814
oneD_v2_dbtt_TP_f2817e7998cb7be6,BALANCED_MAXIMIN_MEDOID,TAYLOR_COMPLETION_SINGLE_HIT,1100.0,15857397818.738035,0.020431717081433806,80610145906.86668,0.0,27281544634.38802,1.970608876978814
oneD_v2_dbtt_TP_f2817e7998cb7be6,BALANCED_MAXIMIN_MEDOID,TAYLOR_COMPLETION_SINGLE_HIT,1100.0,16027907472.702961,0.020431717081433806,80610145906.86668,0.0,27281544634.38802,1.970608876978814
oneD_v2_dbtt_TP_f2817e7998cb7be6,BALANCED_MAXIMIN_MEDOID,TAYLOR_COMPLETION_SINGLE_HIT,1100.0,16198417126.667885,0.020431717081433806,80610145906.86668,0.0,27281544634.38802,1.970608876978814
oneD_v2_dbtt_TP_f2817e7998cb7be6,BALANCED_MAXIMIN_MEDOID,TAYLOR_COMPLETION_SINGLE_HIT,1100.0,16368926780.63281,0.020431717081433806,80610145906.86668,0.0,27281544634.38802,1.970608876978814
oneD_v2_dbtt_TP_f2817e7998cb7be6,BALANCED_MAXIMIN_MEDOID,TAYLOR_COMPLETION_SINGLE_HIT,1100.0,16539436434.597736,0.020431717081433806,80610145906.86668,0.0,27281544634.38802,1.970608876978814
oneD_v2_dbtt_TP_f2817e7998cb7be6,BALANCED_MAXIMIN_MEDOID,TAYLOR_COMPLETION_SINGLE_HIT,1100.0,16709946088.56266,0.020431717081433806,80610145906.86668,0.0,27281544634.38802,1.970608876978814
oneD_v2_dbtt_TP_f2817e7998cb7be6,BALANCED_MAXIMIN_MEDOID,TAYLOR_COMPLETION_SINGLE_HIT,1100.0,16880455742.527586,0.020431717081433806,80610145906.86668,0.0,27281544634.38802,1.970608876978814
oneD_v2_dbtt_TP_f2817e7998cb7be6,BALANCED_MAXIMIN_MEDOID,TAYLOR_COMPLETION_SINGLE_HIT,1100.0,17050965396.492512,0.020431717081433806,80610145906.86668,0.0,27281544634.38802,1.970608876978814
oneD_v2_dbtt_TP_f2817e7998cb7be6,BALANCED_MAXIMIN_MEDOID,TAYLOR_COMPLETION_SINGLE_HIT,1100.0,17221475050.457436,0.020431717081433806,80610145906.86668,0.0,27281544634.38802,1.970608876978814
oneD_v2_dbtt_TP_f2817e7998cb7be6,BALANCED_MAXIMIN_MEDOID,TAYLOR_COMPLETION_SINGLE_HIT,1100.0,17391984704.42236,0.020431717081433806,80610145906.86668,0.0,27281544634.38802,1.970608876978814
oneD_v2_dbtt_TP_f2817e7998cb7be6,BALANCED_MAXIMIN_MEDOID,TAYLOR_COMPLETION_SINGLE_HIT,1100.0,17562494358.387287,0.020431717081433806,80610145906.86668,0.0,27281544634.38802,1.970608876978814
oneD_v2_dbtt_TP_f2817e7998cb7be6,BALANCED_MAXIMIN_MEDOID,TAYLOR_COMPLETION_SINGLE_HIT,1100.0,17733004012.35221,0.020431717081433806,80610145906.86668,0.0,27281544634.38802,1.970608876978814
oneD_v2_dbtt_TP_f2817e7998cb7be6,BALANCED_MAXIMIN_MEDOID,TAYLOR_COMPLETION_SINGLE_HIT,1100.0,17903513666.317135,0.020431717081433806,80610145906.86668,0.0,27281544634.38802,1.970608876978814
oneD_v2_dbtt_TP_f2817e7998cb7be6,BALANCED_MAXIMIN_MEDOID,TAYLOR_COMPLETION_SINGLE_HIT,1100.0,18074023320.282063,0.020431717081433806,80610145906.86668,0.0,27281544634.38802,1.970608876978814
oneD_v2_dbtt_TP_f2817e7998cb7be6,BALANCED_MAXIMIN_MEDOID,TAYLOR_COMPLETION_SINGLE_HIT,1100.0,18244532974.246986,0.020431717081433806,80610145906.86668,0.0,27281544634.38802,1.970608876978814
oneD_v2_dbtt_TP_f2817e7998cb7be6,BALANCED_MAXIMIN_MEDOID,TAYLOR_COMPLETION_SINGLE_HIT,1100.0,18415042628.21191,0.020431717081433806,80610145906.86668,0.0,27281544634.38802,1.970608876978814
oneD_v2_dbtt_TP_f2817e7998cb7be6,BALANCED_MAXIMIN_MEDOID,TAYLOR_COMPLETION_SINGLE_HIT,1100.0,18585552282.176838,0.020431717081433806,80610145906.86668,0.0,27281544634.38802,1.970608876978814
oneD_v2_dbtt_TP_f2817e7998cb7be6,BALANCED_MAXIMIN_MEDOID,TAYLOR_COMPLETION_SINGLE_HIT,1100.0,18756061936.14176,0.020431717081433806,80610145906.86668,0.0,27281544634.38802,1.970608876978814
oneD_v2_dbtt_TP_f2817e7998cb7be6,BALANCED_MAXIMIN_MEDOID,TAYLOR_COMPLETION_SINGLE_HIT,1100.0,18926571590.106686,0.020431717081433806,80610145906.86668,0.0,27281544634.38802,1.970608876978814
oneD_v2_dbtt_TP_f2817e7998cb7be6,BALANCED_MAXIMIN_MEDOID,TAYLOR_COMPLETION_SINGLE_HIT,1100.0,19097081244.071613,0.020431717081433806,80610145906.86668,0.0,27281544634.38802,1.970608876978814
oneD_v2_dbtt_TP_f2817e7998cb7be6,BALANCED_MAXIMIN_MEDOID,TAYLOR_COMPLETION_SINGLE_HIT,1100.0,19267590898.036537,0.020431717081433806,80610145906.86668,0.0,27281544634.38802,1.970608876978814
oneD_v2_dbtt_TP_f2817e7998cb7be6,BALANCED_MAXIMIN_MEDOID,TAYLOR_COMPLETION_SINGLE_HIT,1100.0,19438100552.00146,0.020431717081433806,80610145906.86668,0.0,27281544634.38802,1.970608876978814
oneD_v2_dbtt_TP_f2817e7998cb7be6,BALANCED_MAXIMIN_MEDOID,TAYLOR_COMPLETION_SINGLE_HIT,1100.0,19608610205.96639,0.020431717081433806,80610145906.86668,0.0,27281544634.38802,1.970608876978814
oneD_v2_dbtt_TP_f2817e7998cb7be6,BALANCED_MAXIMIN_MEDOID,TAYLOR_COMPLETION_SINGLE_HIT,1100.0,19779119859.931313,0.020431717081433806,80610145906.86668,0.0,27281544634.38802,1.970608876978814
oneD_v2_dbtt_TP_f2817e7998cb7be6,BALANCED_MAXIMIN_MEDOID,TAYLOR_COMPLETION_SINGLE_HIT,1100.0,19949629513.896236,0.020431717081433806,80610145906.86668,0.0,27281544634.38802,1.970608876978814
oneD_v2_dbtt_TP_f2817e7998cb7be6,BALANCED_MAXIMIN_MEDOID,TAYLOR_COMPLETION_SINGLE_HIT,1100.0,20120139167.861164,0.020431717081433806,80610145906.86668,0.0,27281544634.38802,1.970608876978814
oneD_v2_dbtt_TP_f2817e7998cb7be6,BALANCED_MAXIMIN_MEDOID,TAYLOR_COMPLETION_SINGLE_HIT,1100.0,20290648821.826088,0.020431717081433806,80610145906.86668,0.0,27281544634.38802,1.970608876978814
oneD_v2_dbtt_TP_f2817e7998cb7be6,BALANCED_MAXIMIN_MEDOID,TAYLOR_COMPLETION_SINGLE_HIT,1100.0,20461158475.79101,0.020431717081433806,80610145906.86668,0.0,27281544634.38802,1.970608876978814
oneD_v2_dbtt_TP_f2817e7998cb7be6,BALANCED_MAXIMIN_MEDOID,TAYLOR_COMPLETION_SINGLE_HIT,1100.0,20631668129.75594,0.020431717081433806,80610145906.86668,0.0,27281544634.38802,1.970608876978814
oneD_v2_dbtt_TP_f2817e7998cb7be6,BALANCED_MAXIMIN_MEDOID,TAYLOR_COMPLETION_SINGLE_HIT,1100.0,20802177783.720863,0.020431717081433806,80610145906.86668,0.0,27281544634.38802,1.970608876978814
oneD_v2_dbtt_TP_f2817e7998cb7be6,BALANCED_MAXIMIN_MEDOID,TAYLOR_COMPLETION_SINGLE_HIT,1100.0,20972687437.685787,0.020431717081433806,80610145906.86668,0.0,27281544634.38802,1.970608876978814
oneD_v2_dbtt_TP_f2817e7998cb7be6,BALANCED_MAXIMIN_MEDOID,TAYLOR_COMPLETION_SINGLE_HIT,1100.0,21143197091.650715,0.020431717081433806,80610145906.86668,0.0,27281544634.38802,1.970608876978814
oneD_v2_dbtt_TP_f2817e7998cb7be6,BALANCED_MAXIMIN_MEDOID,TAYLOR_COMPLETION_SINGLE_HIT,1100.0,21313706745.61564,0.020431717081433806,80610145906.86668,0.0,27281544634.38802,1.970608876978814
oneD_v2_dbtt_TP_f2817e7998cb7be6,BALANCED_MAXIMIN_MEDOID,TAYLOR_COMPLETION_SINGLE_HIT,1100.0,21484216399.580563,0.020431717081433806,80610145906.86668,0.0,27281544634.38802,1.970608876978814
oneD_v2_dbtt_TP_f2817e7998cb7be6,BALANCED_MAXIMIN_MEDOID,TAYLOR_COMPLETION_SINGLE_HIT,1100.0,21654726053.54549,0.020431717081433806,80610145906.86668,0.0,27281544634.38802,1.970608876978814
oneD_v2_dbtt_TP_f2817e7998cb7be6,BALANCED_MAXIMIN_MEDOID,TAYLOR_COMPLETION_SINGLE_HIT,1100.0,21825235707.510414,0.020431717081433806,80610145906.86668,0.0,27281544634.38802,1.970608876978814
oneD_v2_dbtt_TP_f2817e7998cb7be6,BALANCED_MAXIMIN_MEDOID,TAYLOR_COMPLETION_SINGLE_HIT,1100.0,21995745361.475338,0.020431717081433806,80610145906.86668,0.0,27281544634.38802,1.970608876978814
oneD_v2_dbtt_TP_f2817e7998cb7be6,BALANCED_MAXIMIN_MEDOID,TAYLOR_COMPLETION_SINGLE_HIT,1100.0,22166255015.440266,0.020431717081433806,80610145906.86668,0.0,27281544634.38802,1.970608876978814
oneD_v2_dbtt_TP_f2817e7998cb7be6,BALANCED_MAXIMIN_MEDOID,TAYLOR_COMPLETION_SINGLE_HIT,1100.0,22336764669.40519,0.020431717081433806,80610145906.86668,0.0,27281544634.38802,1.970608876978814
oneD_v2_dbtt_TP_f2817e7998cb7be6,BALANCED_MAXIMIN_MEDOID,TAYLOR_COMPLETION_SINGLE_HIT,1100.0,22507274323.370113,0.020431717081433806,80610145906.86668,0.0,27281544634.38802,1.970608876978814
oneD_v2_dbtt_TP_f2817e7998cb7be6,BALANCED_MAXIMIN_MEDOID,TAYLOR_COMPLETION_SINGLE_HIT,1100.0,22677783977.33504,0.020431717081433806,80610145906.86668,0.0,27281544634.38802,1.970608876978814
oneD_v2_dbtt_TP_f2817e7998cb7be6,BALANCED_MAXIMIN_MEDOID,TAYLOR_COMPLETION_SINGLE_HIT,1100.0,22848293631.299965,0.020431717081433806,80610145906.86668,0.0,27281544634.38802,1.970608876978814
oneD_v2_dbtt_TP_f2817e7998cb7be6,BALANCED_MAXIMIN_MEDOID,TAYLOR_COMPLETION_SINGLE_HIT,1100.0,23018803285.26489,0.020431717081433806,80610145906.86668,0.0,27281544634.38802,1.970608876978814
oneD_v2_dbtt_TP_f2817e7998cb7be6,BALANCED_MAXIMIN_MEDOID,TAYLOR_COMPLETION_SINGLE_HIT,1100.0,23189312939.229816,0.020431717081433806,80610145906.86668,0.0,27281544634.38802,1.970608876978814
oneD_v2_dbtt_TP_f2817e7998cb7be6,BALANCED_MAXIMIN_MEDOID,TAYLOR_COMPLETION_SINGLE_HIT,1100.0,23359822593.19474,0.020431717081433806,80610145906.86668,0.0,27281544634.38802,1.970608876978814
oneD_v2_dbtt_TP_f2817e7998cb7be6,BALANCED_MAXIMIN_MEDOID,TAYLOR_COMPLETION_SINGLE_HIT,1100.0,23530332247.159664,0.020431717081433806,80610145906.86668,0.0,27281544634.38802,1.970608876978814
oneD_v2_dbtt_TP_f2817e7998cb7be6,BALANCED_MAXIMIN_MEDOID,TAYLOR_COMPLETION_SINGLE_HIT,1100.0,23700841901.12459,0.020431717081433806,80610145906.86668,0.0,27281544634.38802,1.970608876978814
oneD_v2_dbtt_TP_f2817e7998cb7be6,BALANCED_MAXIMIN_MEDOID,TAYLOR_COMPLETION_SINGLE_HIT,1100.0,23871351555.089516,0.020431717081433806,80610145906.86668,0.0,27281544634.38802,1.970608876978814
oneD_v2_dbtt_TP_f2817e7998cb7be6,BALANCED_MAXIMIN_MEDOID,TAYLOR_COMPLETION_SINGLE_HIT,1100.0,24041861209.05444,0.020431717081433806,80610145906.86668,0.0,27281544634.38802,1.970608876978814
oneD_v2_dbtt_TP_f2817e7998cb7be6,BALANCED_MAXIMIN_MEDOID,TAYLOR_COMPLETION_SINGLE_HIT,1100.0,24212370863.019367,0.020431717081433806,80610145906.86668,0.0,27281544634.38802,1.970608876978814
oneD_v2_dbtt_TP_f2817e7998cb7be6,BALANCED_MAXIMIN_MEDOID,TAYLOR_COMPLETION_SINGLE_HIT,1100.0,24382880516.98429,0.020431717081433806,80610145906.86668,0.0,27281544634.38802,1.970608876978814
oneD_v2_dbtt_TP_f2817e7998cb7be6,BALANCED_MAXIMIN_MEDOID,TAYLOR_COMPLETION_SINGLE_HIT,1100.0,24553390170.949215,0.020431717081433806,80610145906.86668,0.0,27281544634.38802,1.970608876978814
oneD_v2_dbtt_TP_f2817e7998cb7be6,BALANCED_MAXIMIN_MEDOID,TAYLOR_COMPLETION_SINGLE_HIT,1100.0,24723899824.914143,0.020431717081433806,80610145906.86668,0.0,27281544634.38802,1.970608876978814
oneD_v2_dbtt_TP_f2817e7998cb7be6,BALANCED_MAXIMIN_MEDOID,TAYLOR_COMPLETION_SINGLE_HIT,1100.0,24894409478.879066,0.020431717081433806,80610145906.86668,0.0,27281544634.38802,1.970608876978814
oneD_v2_dbtt_TP_f2817e7998cb7be6,BALANCED_MAXIMIN_MEDOID,TAYLOR_COMPLETION_SINGLE_HIT,1100.0,25064919132.84399,0.020431717081433806,80610145906.86668,0.0,27281544634.38802,1.970608876978814
oneD_v2_dbtt_TP_f2817e7998cb7be6,BALANCED_MAXIMIN_MEDOID,TAYLOR_COMPLETION_SINGLE_HIT,1100.0,25235428786.808918,0.020431717081433806,80610145906.86668,0.0,27281544634.38802,1.970608876978814
oneD_v2_dbtt_TP_f2817e7998cb7be6,BALANCED_MAXIMIN_MEDOID,TAYLOR_COMPLETION_SINGLE_HIT,1100.0,25405938440.77384,0.020431717081433806,80610145906.86668,0.0,27281544634.38802,1.970608876978814
oneD_v2_dbtt_TP_f2817e7998cb7be6,BALANCED_MAXIMIN_MEDOID,TAYLOR_COMPLETION_SINGLE_HIT,1100.0,25576448094.738766,0.020431717081433806,80610145906.86668,0.0,27281544634.38802,1.970608876978814
oneD_v2_dbtt_TP_f2817e7998cb7be6,BALANCED_MAXIMIN_MEDOID,TAYLOR_COMPLETION_SINGLE_HIT,1100.0,25746957748.703693,0.020431717081433806,80610145906.86668,0.0,27281544634.38802,1.970608876978814
oneD_v2_dbtt_TP_f2817e7998cb7be6,BALANCED_MAXIMIN_MEDOID,TAYLOR_COMPLETION_SINGLE_HIT,1100.0,25917467402.668617,0.020431717081433806,80610145906.86668,0.0,27281544634.38802,1.970608876978814
oneD_v2_dbtt_TP_f2817e7998cb7be6,BALANCED_MAXIMIN_MEDOID,TAYLOR_COMPLETION_SINGLE_HIT,1100.0,26087977056.63354,0.020431717081433806,80610145906.86668,0.0,27281544634.38802,1.970608876978814
oneD_v2_dbtt_TP_f2817e7998cb7be6,BALANCED_MAXIMIN_MEDOID,TAYLOR_COMPLETION_SINGLE_HIT,1100.0,26258486710.59847,0.020431717081433806,80610145906.86668,0.0,27281544634.38802,1.970608876978814
oneD_v2_dbtt_TP_f2817e7998cb7be6,BALANCED_MAXIMIN_MEDOID,TAYLOR_COMPLETION_SINGLE_HIT,1100.0,26428996364.563393,0.020431717081433806,80610145906.86668,0.0,27281544634.38802,1.970608876978814
oneD_v2_dbtt_TP_f2817e7998cb7be6,BALANCED_MAXIMIN_MEDOID,TAYLOR_COMPLETION_SINGLE_HIT,1100.0,26599506018.528316,0.020431717081433806,80610145906.86668,0.0,27281544634.38802,1.970608876978814
oneD_v2_dbtt_TP_f2817e7998cb7be6,BALANCED_MAXIMIN_MEDOID,TAYLOR_COMPLETION_SINGLE_HIT,1100.0,26770015672.493244,0.020431717081433806,80610145906.86668,0.0,27281544634.38802,1.970608876978814
oneD_v2_dbtt_TP_f2817e7998cb7be6,BALANCED_MAXIMIN_MEDOID,TAYLOR_COMPLETION_SINGLE_HIT,1100.0,26940525326.458168,0.020431717081433806,80610145906.86668,0.0,27281544634.38802,1.970608876978814
oneD_v2_dbtt_TP_f2817e7998cb7be6,BALANCED_MAXIMIN_MEDOID,TAYLOR_COMPLETION_SINGLE_HIT,1100.0,27111034980.42309,0.020431717081433806,80610145906.86668,0.0,27281544634.38802,1.970608876978814
oneD_v2_dbtt_TP_f2817e7998cb7be6,BALANCED_MAXIMIN_MEDOID,TAYLOR_COMPLETION_SINGLE_HIT,1100.0,27281544634.38802,0.020431717081433806,80610145906.86668,0.0,27281544634.38802,1.970608876978814
oneD_v2_dbtt_TP_f2817e7998cb7be6,BALANCED_MAXIMIN_MEDOID,EMISSION,1100.0,0.0,7.160118789714014,1.5670446861826083e-22,0.0,135792727.9964218,7.160118789714014
oneD_v2_dbtt_TP_f2817e7998cb7be6,BALANCED_MAXIMIN_MEDOID,EMISSION,1100.0,848704.5499776363,0.07423772575569687,45695265852.441086,0.0,135792727.9964218,7.160118789714014
oneD_v2_dbtt_TP_f2817e7998cb7be6,BALANCED_MAXIMIN_MEDOID,EMISSION,1100.0,1697409.0999552726,0.07423772575569687,45695265852.441086,0.0,135792727.9964218,7.160118789714014
oneD_v2_dbtt_TP_f2817e7998cb7be6,BALANCED_MAXIMIN_MEDOID,EMISSION,1100.0,2546113.649932909,0.07423772575569687,45695265852.441086,0.0,135792727.9964218,7.160118789714014
oneD_v2_dbtt_TP_f2817e7998cb7be6,BALANCED_MAXIMIN_MEDOID,EMISSION,1100.0,3394818.1999105453,0.07423772575569687,45695265852.441086,0.0,135792727.9964218,7.160118789714014
oneD_v2_dbtt_TP_f2817e7998cb7be6,BALANCED_MAXIMIN_MEDOID,EMISSION,1100.0,4243522.749888182,0.07423772575569687,45695265852.441086,0.0,135792727.9964218,7.160118789714014
oneD_v2_dbtt_TP_f2817e7998cb7be6,BALANCED_MAXIMIN_MEDOID,EMISSION,1100.0,5092227.299865818,0.07423772575569687,45695265852.441086,0.0,135792727.9964218,7.160118789714014
oneD_v2_dbtt_TP_f2817e7998cb7be6,BALANCED_MAXIMIN_MEDOID,EMISSION,1100.0,5940931.849843455,0.07423772575569687,45695265852.441086,0.0,135792727.9964218,7.160118789714014
oneD_v2_dbtt_TP_f2817e7998cb7be6,BALANCED_MAXIMIN_MEDOID,EMISSION,1100.0,6789636.3998210905,0.07423772575569687,45695265852.441086,0.0,135792727.9964218,7.160118789714014
oneD_v2_dbtt_TP_f2817e7998cb7be6,BALANCED_MAXIMIN_MEDOID,EMISSION,1100.0,7638340.9497987265,0.07423772575569687,45695265852.441086,0.0,135792727.9964218,7.160118789714014
oneD_v2_dbtt_TP_f2817e7998cb7be6,BALANCED_MAXIMIN_MEDOID,EMISSION,1100.0,8487045.499776363,0.07423772575569687,45695265852.441086,0.0,135792727.9964218,7.160118789714014
oneD_v2_dbtt_TP_f2817e7998cb7be6,BALANCED_MAXIMIN_MEDOID,EMISSION,1100.0,9335750.049754,0.07423772575569687,45695265852.441086,0.0,135792727.9964218,7.160118789714014
oneD_v2_dbtt_TP_f2817e7998cb7be6,BALANCED_MAXIMIN_MEDOID,EMISSION,1100.0,10184454.599731635,0.07423772575569687,45695265852.441086,0.0,135792727.9964218,7.160118789714014
oneD_v2_dbtt_TP_f2817e7998cb7be6,BALANCED_MAXIMIN_MEDOID,EMISSION,1100.0,11033159.149709271,0.07423772575569687,45695265852.441086,0.0,135792727.9964218,7.160118789714014
oneD_v2_dbtt_TP_f2817e7998cb7be6,BALANCED_MAXIMIN_MEDOID,EMISSION,1100.0,11881863.69968691,0.07423772575569687,45695265852.441086,0.0,135792727.9964218,7.160118789714014
oneD_v2_dbtt_TP_f2817e7998cb7be6,BALANCED_MAXIMIN_MEDOID,EMISSION,1100.0,12730568.249664545,0.07423772575569687,45695265852.441086,0.0,135792727.9964218,7.160118789714014
oneD_v2_dbtt_TP_f2817e7998cb7be6,BALANCED_MAXIMIN_MEDOID,EMISSION,1100.0,13579272.799642181,0.07423772575569687,45695265852.441086,0.0,135792727.9964218,7.160118789714014
oneD_v2_dbtt_TP_f2817e7998cb7be6,BALANCED_MAXIMIN_MEDOID,EMISSION,1100.0,14427977.349619817,0.07423772575569687,45695265852.441086,0.0,135792727.9964218,7.160118789714014
oneD_v2_dbtt_TP_f2817e7998cb7be6,BALANCED_MAXIMIN_MEDOID,EMISSION,1100.0,15276681.899597453,0.07423772575569687,45695265852.441086,0.0,135792727.9964218,7.160118789714014
oneD_v2_dbtt_TP_f2817e7998cb7be6,BALANCED_MAXIMIN_MEDOID,EMISSION,1100.0,16125386.44957509,0.07423772575569687,45695265852.441086,0.0,135792727.9964218,7.160118789714014
oneD_v2_dbtt_TP_f2817e7998cb7be6,BALANCED_MAXIMIN_MEDOID,EMISSION,1100.0,16974090.999552727,0.07423772575569687,45695265852.441086,0.0,135792727.9964218,7.160118789714014
oneD_v2_dbtt_TP_f2817e7998cb7be6,BALANCED_MAXIMIN_MEDOID,EMISSION,1100.0,17822795.54953036,0.07423772575569687,45695265852.441086,0.0,135792727.9964218,7.160118789714014
oneD_v2_dbtt_TP_f2817e7998cb7be6,BALANCED_MAXIMIN_MEDOID,EMISSION,1100.0,18671500.099508,0.07423772575569687,45695265852.441086,0.0,135792727.9964218,7.160118789714014
oneD_v2_dbtt_TP_f2817e7998cb7be6,BALANCED_MAXIMIN_MEDOID,EMISSION,1100.0,19520204.649485637,0.07423772575569687,45695265852.441086,0.0,135792727.9964218,7.160118789714014
oneD_v2_dbtt_TP_f2817e7998cb7be6,BALANCED_MAXIMIN_MEDOID,EMISSION,1100.0,20368909.19946327,0.07423772575569687,45695265852.441086,0.0,135792727.9964218,7.160118789714014
oneD_v2_dbtt_TP_f2817e7998cb7be6,BALANCED_MAXIMIN_MEDOID,EMISSION,1100.0,21217613.74944091,0.07423772575569687,45695265852.441086,0.0,135792727.9964218,7.160118789714014
oneD_v2_dbtt_TP_f2817e7998cb7be6,BALANCED_MAXIMIN_MEDOID,EMISSION,1100.0,22066318.299418543,0.07423772575569687,45695265852.441086,0.0,135792727.9964218,7.160118789714014
oneD_v2_dbtt_TP_f2817e7998cb7be6,BALANCED_MAXIMIN_MEDOID,EMISSION,1100.0,22915022.84939618,0.07423772575569687,45695265852.441086,0.0,135792727.9964218,7.160118789714014
oneD_v2_dbtt_TP_f2817e7998cb7be6,BALANCED_MAXIMIN_MEDOID,EMISSION,1100.0,23763727.39937382,0.07423772575569687,45695265852.441086,0.0,135792727.9964218,7.160118789714014
oneD_v2_dbtt_TP_f2817e7998cb7be6,BALANCED_MAXIMIN_MEDOID,EMISSION,1100.0,24612431.949351452,0.07423772575569687,45695265852.441086,0.0,135792727.9964218,7.160118789714014
oneD_v2_dbtt_TP_f2817e7998cb7be6,BALANCED_MAXIMIN_MEDOID,EMISSION,1100.0,25461136.49932909,0.07423772575569687,45695265852.441086,0.0,135792727.9964218,7.160118789714014
oneD_v2_dbtt_TP_f2817e7998cb7be6,BALANCED_MAXIMIN_MEDOID,EMISSION,1100.0,26309841.049306724,0.07423772575569687,45695265852.441086,0.0,135792727.9964218,7.160118789714014
oneD_v2_dbtt_TP_f2817e7998cb7be6,BALANCED_MAXIMIN_MEDOID,EMISSION,1100.0,27158545.599284362,0.07423772575569687,45695265852.441086,0.0,135792727.9964218,7.160118789714014
oneD_v2_dbtt_TP_f2817e7998cb7be6,BALANCED_MAXIMIN_MEDOID,EMISSION,1100.0,28007250.149262,0.07423772575569687,45695265852.441086,0.0,135792727.9964218,7.160118789714014
oneD_v2_dbtt_TP_f2817e7998cb7be6,BALANCED_MAXIMIN_MEDOID,EMISSION,1100.0,28855954.699239634,0.07423772575569687,45695265852.441086,0.0,135792727.9964218,7.160118789714014
oneD_v2_dbtt_TP_f2817e7998cb7be6,BALANCED_MAXIMIN_MEDOID,EMISSION,1100.0,29704659.24921727,0.07423772575569687,45695265852.441086,0.0,135792727.9964218,7.160118789714014
oneD_v2_dbtt_TP_f2817e7998cb7be6,BALANCED_MAXIMIN_MEDOID,EMISSION,1100.0,30553363.799194906,0.07423772575569687,45695265852.441086,0.0,135792727.9964218,7.160118789714014
oneD_v2_dbtt_TP_f2817e7998cb7be6,BALANCED_MAXIMIN_MEDOID,EMISSION,1100.0,31402068.349172544,0.07423772575569687,45695265852.441086,0.0,135792727.9964218,7.160118789714014
oneD_v2_dbtt_TP_f2817e7998cb7be6,BALANCED_MAXIMIN_MEDOID,EMISSION,1100.0,32250772.89915018,0.07423772575569687,45695265852.441086,0.0,135792727.9964218,7.160118789714014
oneD_v2_dbtt_TP_f2817e7998cb7be6,BALANCED_MAXIMIN_MEDOID,EMISSION,1100.0,33099477.449127816,0.07423772575569687,45695265852.441086,0.0,135792727.9964218,7.160118789714014
oneD_v2_dbtt_TP_f2817e7998cb7be6,BALANCED_MAXIMIN_MEDOID,EMISSION,1100.0,33948181.99910545,0.07423772575569687,45695265852.441086,0.0,135792727.9964218,7.160118789714014
oneD_v2_dbtt_TP_f2817e7998cb7be6,BALANCED_MAXIMIN_MEDOID,EMISSION,1100.0,34796886.54908309,0.07423772575569687,45695265852.441086,0.0,135792727.9964218,7.160118789714014
oneD_v2_dbtt_TP_f2817e7998cb7be6,BALANCED_MAXIMIN_MEDOID,EMISSION,1100.0,35645591.09906072,0.07423772575569687,45695265852.441086,0.0,135792727.9964218,7.160118789714014
oneD_v2_dbtt_TP_f2817e7998cb7be6,BALANCED_MAXIMIN_MEDOID,EMISSION,1100.0,36494295.64903836,0.07423772575569687,45695265852.441086,0.0,135792727.9964218,7.160118789714014
oneD_v2_dbtt_TP_f2817e7998cb7be6,BALANCED_MAXIMIN_MEDOID,EMISSION,1100.0,37343000.199016,0.07423772575569687,45695265852.441086,0.0,135792727.9964218,7.160118789714014
oneD_v2_dbtt_TP_f2817e7998cb7be6,BALANCED_MAXIMIN_MEDOID,EMISSION,1100.0,38191704.748993635,0.07423772575569687,45695265852.441086,0.0,135792727.9964218,7.160118789714014
oneD_v2_dbtt_TP_f2817e7998cb7be6,BALANCED_MAXIMIN_MEDOID,EMISSION,1100.0,39040409.29897127,0.07423772575569687,45695265852.441086,0.0,135792727.9964218,7.160118789714014
oneD_v2_dbtt_TP_f2817e7998cb7be6,BALANCED_MAXIMIN_MEDOID,EMISSION,1100.0,39889113.8489489,0.07423772575569687,45695265852.441086,0.0,135792727.9964218,7.160118789714014
oneD_v2_dbtt_TP_f2817e7998cb7be6,BALANCED_MAXIMIN_MEDOID,EMISSION,1100.0,40737818.39892654,0.07423772575569687,45695265852.441086,0.0,135792727.9964218,7.160118789714014
oneD_v2_dbtt_TP_f2817e7998cb7be6,BALANCED_MAXIMIN_MEDOID,EMISSION,1100.0,41586522.94890418,0.07423772575569687,45695265852.441086,0.0,135792727.9964218,7.160118789714014
oneD_v2_dbtt_TP_f2817e7998cb7be6,BALANCED_MAXIMIN_MEDOID,EMISSION,1100.0,42435227.49888182,0.07423772575569687,45695265852.441086,0.0,135792727.9964218,7.160118789714014
oneD_v2_dbtt_TP_f2817e7998cb7be6,BALANCED_MAXIMIN_MEDOID,EMISSION,1100.0,43283932.048859455,0.07423772575569687,45695265852.441086,0.0,135792727.9964218,7.160118789714014
oneD_v2_dbtt_TP_f2817e7998cb7be6,BALANCED_MAXIMIN_MEDOID,EMISSION,1100.0,44132636.598837085,0.07423772575569687,45695265852.441086,0.0,135792727.9964218,7.160118789714014
oneD_v2_dbtt_TP_f2817e7998cb7be6,BALANCED_MAXIMIN_MEDOID,EMISSION,1100.0,44981341.14881472,0.07423772575569687,45695265852.441086,0.0,135792727.9964218,7.160118789714014
oneD_v2_dbtt_TP_f2817e7998cb7be6,BALANCED_MAXIMIN_MEDOID,EMISSION,1100.0,45830045.69879236,0.07423772575569687,45695265852.441086,0.0,135792727.9964218,7.160118789714014
oneD_v2_dbtt_TP_f2817e7998cb7be6,BALANCED_MAXIMIN_MEDOID,EMISSION,1100.0,46678750.24877,0.07423772575569687,45695265852.441086,0.0,135792727.9964218,7.160118789714014
oneD_v2_dbtt_TP_f2817e7998cb7be6,BALANCED_MAXIMIN_MEDOID,EMISSION,1100.0,47527454.79874764,0.07423772575569687,45695265852.441086,0.0,135792727.9964218,7.160118789714014
oneD_v2_dbtt_TP_f2817e7998cb7be6,BALANCED_MAXIMIN_MEDOID,EMISSION,1100.0,48376159.34872527,0.07423772575569687,45695265852.441086,0.0,135792727.9964218,7.160118789714014
oneD_v2_dbtt_TP_f2817e7998cb7be6,BALANCED_MAXIMIN_MEDOID,EMISSION,1100.0,49224863.898702905,0.07423772575569687,45695265852.441086,0.0,135792727.9964218,7.160118789714014
oneD_v2_dbtt_TP_f2817e7998cb7be6,BALANCED_MAXIMIN_MEDOID,EMISSION,1100.0,50073568.44868054,0.07423772575569687,45695265852.441086,0.0,135792727.9964218,7.160118789714014
oneD_v2_dbtt_TP_f2817e7998cb7be6,BALANCED_MAXIMIN_MEDOID,EMISSION,1100.0,50922272.99865818,0.07423772575569687,45695265852.441086,0.0,135792727.9964218,7.160118789714014
oneD_v2_dbtt_TP_f2817e7998cb7be6,BALANCED_MAXIMIN_MEDOID,EMISSION,1100.0,51770977.54863582,0.07423772575569687,45695265852.441086,0.0,135792727.9964218,7.160118789714014
oneD_v2_dbtt_TP_f2817e7998cb7be6,BALANCED_MAXIMIN_MEDOID,EMISSION,1100.0,52619682.09861345,0.07423772575569687,45695265852.441086,0.0,135792727.9964218,7.160118789714014
oneD_v2_dbtt_TP_f2817e7998cb7be6,BALANCED_MAXIMIN_MEDOID,EMISSION,1100.0,53468386.648591086,0.07423772575569687,45695265852.441086,0.0,135792727.9964218,7.160118789714014
oneD_v2_dbtt_TP_f2817e7998cb7be6,BALANCED_MAXIMIN_MEDOID,EMISSION,1100.0,54317091.198568724,0.07423772575569687,45695265852.441086,0.0,135792727.9964218,7.160118789714014
oneD_v2_dbtt_TP_f2817e7998cb7be6,BALANCED_MAXIMIN_MEDOID,EMISSION,1100.0,55165795.74854636,0.07423772575569687,45695265852.441086,0.0,135792727.9964218,7.160118789714014
oneD_v2_dbtt_TP_f2817e7998cb7be6,BALANCED_MAXIMIN_MEDOID,EMISSION,1100.0,56014500.298524,0.07423772575569687,45695265852.441086,0.0,135792727.9964218,7.160118789714014
oneD_v2_dbtt_TP_f2817e7998cb7be6,BALANCED_MAXIMIN_MEDOID,EMISSION,1100.0,56863204.84850163,0.07423772575569687,45695265852.441086,0.0,135792727.9964218,7.160118789714014
oneD_v2_dbtt_TP_f2817e7998cb7be6,BALANCED_MAXIMIN_MEDOID,EMISSION,1100.0,57711909.39847927,0.07423772575569687,45695265852.441086,0.0,135792727.9964218,7.160118789714014
oneD_v2_dbtt_TP_f2817e7998cb7be6,BALANCED_MAXIMIN_MEDOID,EMISSION,1100.0,58560613.948456906,0.07423772575569687,45695265852.441086,0.0,135792727.9964218,7.160118789714014
oneD_v2_dbtt_TP_f2817e7998cb7be6,BALANCED_MAXIMIN_MEDOID,EMISSION,1100.0,59409318.49843454,0.07423772575569687,45695265852.441086,0.0,135792727.9964218,7.160118789714014
oneD_v2_dbtt_TP_f2817e7998cb7be6,BALANCED_MAXIMIN_MEDOID,EMISSION,1100.0,60258023.04841218,0.07423772575569687,45695265852.441086,0.0,135792727.9964218,7.160118789714014
oneD_v2_dbtt_TP_f2817e7998cb7be6,BALANCED_MAXIMIN_MEDOID,EMISSION,1100.0,61106727.59838981,0.07423772575569687,45695265852.441086,0.0,135792727.9964218,7.160118789714014
oneD_v2_dbtt_TP_f2817e7998cb7be6,BALANCED_MAXIMIN_MEDOID,EMISSION,1100.0,61955432.14836745,0.07423772575569687,45695265852.441086,0.0,135792727.9964218,7.160118789714014
oneD_v2_dbtt_TP_f2817e7998cb7be6,BALANCED_MAXIMIN_MEDOID,EMISSION,1100.0,62804136.69834509,0.07423772575569687,45695265852.441086,0.0,135792727.9964218,7.160118789714014
oneD_v2_dbtt_TP_f2817e7998cb7be6,BALANCED_MAXIMIN_MEDOID,EMISSION,1100.0,63652841.248322725,0.07423772575569687,45695265852.441086,0.0,135792727.9964218,7.160118789714014
oneD_v2_dbtt_TP_f2817e7998cb7be6,BALANCED_MAXIMIN_MEDOID,EMISSION,1100.0,64501545.79830036,0.07423772575569687,45695265852.441086,0.0,135792727.9964218,7.160118789714014
oneD_v2_dbtt_TP_f2817e7998cb7be6,BALANCED_MAXIMIN_MEDOID,EMISSION,1100.0,65350250.34827799,0.07423772575569687,45695265852.441086,0.0,135792727.9964218,7.160118789714014
oneD_v2_dbtt_TP_f2817e7998cb7be6,BALANCED_MAXIMIN_MEDOID,EMISSION,1100.0,66198954.89825563,0.07423772575569687,45695265852.441086,0.0,135792727.9964218,7.160118789714014
oneD_v2_dbtt_TP_f2817e7998cb7be6,BALANCED_MAXIMIN_MEDOID,EMISSION,1100.0,67047659.44823327,0.07423772575569687,45695265852.441086,0.0,135792727.9964218,7.160118789714014
oneD_v2_dbtt_TP_f2817e7998cb7be6,BALANCED_MAXIMIN_MEDOID,EMISSION,1100.0,67896363.9982109,0.07423772575569687,45695265852.441086,0.0,135792727.9964218,7.160118789714014
oneD_v2_dbtt_TP_f2817e7998cb7be6,BALANCED_MAXIMIN_MEDOID,EMISSION,1100.0,68745068.54818854,0.07423772575569687,45695265852.441086,0.0,135792727.9964218,7.160118789714014
oneD_v2_dbtt_TP_f2817e7998cb7be6,BALANCED_MAXIMIN_MEDOID,EMISSION,1100.0,69593773.09816618,0.07423772575569687,45695265852.441086,0.0,135792727.9964218,7.160118789714014
oneD_v2_dbtt_TP_f2817e7998cb7be6,BALANCED_MAXIMIN_MEDOID,EMISSION,1100.0,70442477.64814381,0.07423772575569687,45695265852.441086,0.0,135792727.9964218,7.160118789714014
oneD_v2_dbtt_TP_f2817e7998cb7be6,BALANCED_MAXIMIN_MEDOID,EMISSION,1100.0,71291182.19812144,0.07423772575569687,45695265852.441086,0.0,135792727.9964218,7.160118789714014
oneD_v2_dbtt_TP_f2817e7998cb7be6,BALANCED_MAXIMIN_MEDOID,EMISSION,1100.0,72139886.74809909,0.07423772575569687,45695265852.441086,0.0,135792727.9964218,7.160118789714014
oneD_v2_dbtt_TP_f2817e7998cb7be6,BALANCED_MAXIMIN_MEDOID,EMISSION,1100.0,72988591.29807672,0.07423772575569687,45695265852.441086,0.0,135792727.9964218,7.160118789714014
oneD_v2_dbtt_TP_f2817e7998cb7be6,BALANCED_MAXIMIN_MEDOID,EMISSION,1100.0,73837295.84805436,0.07423772575569687,45695265852.441086,0.0,135792727.9964218,7.160118789714014
oneD_v2_dbtt_TP_f2817e7998cb7be6,BALANCED_MAXIMIN_MEDOID,EMISSION,1100.0,74686000.398032,0.07423772575569687,45695265852.441086,0.0,135792727.9964218,7.160118789714014
oneD_v2_dbtt_TP_f2817e7998cb7be6,BALANCED_MAXIMIN_MEDOID,EMISSION,1100.0,75534704.94800963,0.07423772575569687,45695265852.441086,0.0,135792727.9964218,7.160118789714014
oneD_v2_dbtt_TP_f2817e7998cb7be6,BALANCED_MAXIMIN_MEDOID,EMISSION,1100.0,76383409.49798727,0.07423772575569687,45695265852.441086,0.0,135792727.9964218,7.160118789714014
oneD_v2_dbtt_TP_f2817e7998cb7be6,BALANCED_MAXIMIN_MEDOID,EMISSION,1100.0,77232114.0479649,0.07423772575569687,45695265852.441086,0.0,135792727.9964218,7.160118789714014
oneD_v2_dbtt_TP_f2817e7998cb7be6,BALANCED_MAXIMIN_MEDOID,EMISSION,1100.0,78080818.59794255,0.07423772575569687,45695265852.441086,0.0,135792727.9964218,7.160118789714014
oneD_v2_dbtt_TP_f2817e7998cb7be6,BALANCED_MAXIMIN_MEDOID,EMISSION,1100.0,78929523.14792018,0.07423772575569687,45695265852.441086,0.0,135792727.9964218,7.160118789714014
oneD_v2_dbtt_TP_f2817e7998cb7be6,BALANCED_MAXIMIN_MEDOID,EMISSION,1100.0,79778227.6978978,0.07423772575569687,45695265852.441086,0.0,135792727.9964218,7.160118789714014
oneD_v2_dbtt_TP_f2817e7998cb7be6,BALANCED_MAXIMIN_MEDOID,EMISSION,1100.0,80626932.24787545,0.07423772575569687,45695265852.441086,0.0,135792727.9964218,7.160118789714014
oneD_v2_dbtt_TP_f2817e7998cb7be6,BALANCED_MAXIMIN_MEDOID,EMISSION,1100.0,81475636.79785308,0.07423772575569687,45695265852.441086,0.0,135792727.9964218,7.160118789714014
oneD_v2_dbtt_TP_f2817e7998cb7be6,BALANCED_MAXIMIN_MEDOID,EMISSION,1100.0,82324341.34783073,0.07423772575569687,45695265852.441086,0.0,135792727.9964218,7.160118789714014
oneD_v2_dbtt_TP_f2817e7998cb7be6,BALANCED_MAXIMIN_MEDOID,EMISSION,1100.0,83173045.89780836,0.07423772575569687,45695265852.441086,0.0,135792727.9964218,7.160118789714014
oneD_v2_dbtt_TP_f2817e7998cb7be6,BALANCED_MAXIMIN_MEDOID,EMISSION,1100.0,84021750.44778599,0.07423772575569687,45695265852.441086,0.0,135792727.9964218,7.160118789714014
oneD_v2_dbtt_TP_f2817e7998cb7be6,BALANCED_MAXIMIN_MEDOID,EMISSION,1100.0,84870454.99776363,0.07423772575569687,45695265852.441086,0.0,135792727.9964218,7.160118789714014
oneD_v2_dbtt_TP_f2817e7998cb7be6,BALANCED_MAXIMIN_MEDOID,EMISSION,1100.0,85719159.54774126,0.07423772575569687,45695265852.441086,0.0,135792727.9964218,7.160118789714014
oneD_v2_dbtt_TP_f2817e7998cb7be6,BALANCED_MAXIMIN_MEDOID,EMISSION,1100.0,86567864.09771891,0.07423772575569687,45695265852.441086,0.0,135792727.9964218,7.160118789714014
oneD_v2_dbtt_TP_f2817e7998cb7be6,BALANCED_MAXIMIN_MEDOID,EMISSION,1100.0,87416568.64769654,0.07423772575569687,45695265852.441086,0.0,135792727.9964218,7.160118789714014
oneD_v2_dbtt_TP_f2817e7998cb7be6,BALANCED_MAXIMIN_MEDOID,EMISSION,1100.0,88265273.19767417,0.07423772575569687,45695265852.441086,0.0,135792727.9964218,7.160118789714014
oneD_v2_dbtt_TP_f2817e7998cb7be6,BALANCED_MAXIMIN_MEDOID,EMISSION,1100.0,89113977.74765182,0.07423772575569687,45695265852.441086,0.0,135792727.9964218,7.160118789714014
oneD_v2_dbtt_TP_f2817e7998cb7be6,BALANCED_MAXIMIN_MEDOID,EMISSION,1100.0,89962682.29762945,0.07423772575569687,45695265852.441086,0.0,135792727.9964218,7.160118789714014
oneD_v2_dbtt_TP_f2817e7998cb7be6,BALANCED_MAXIMIN_MEDOID,EMISSION,1100.0,90811386.84760709,0.07423772575569687,45695265852.441086,0.0,135792727.9964218,7.160118789714014
oneD_v2_dbtt_TP_f2817e7998cb7be6,BALANCED_MAXIMIN_MEDOID,EMISSION,1100.0,91660091.39758472,0.07423772575569687,45695265852.441086,0.0,135792727.9964218,7.160118789714014
oneD_v2_dbtt_TP_f2817e7998cb7be6,BALANCED_MAXIMIN_MEDOID,EMISSION,1100.0,92508795.94756235,0.07423772575569687,45695265852.441086,0.0,135792727.9964218,7.160118789714014
oneD_v2_dbtt_TP_f2817e7998cb7be6,BALANCED_MAXIMIN_MEDOID,EMISSION,1100.0,93357500.49754,0.07423772575569687,45695265852.441086,0.0,135792727.9964218,7.160118789714014
oneD_v2_dbtt_TP_f2817e7998cb7be6,BALANCED_MAXIMIN_MEDOID,EMISSION,1100.0,94206205.04751763,0.07423772575569687,45695265852.441086,0.0,135792727.9964218,7.160118789714014
oneD_v2_dbtt_TP_f2817e7998cb7be6,BALANCED_MAXIMIN_MEDOID,EMISSION,1100.0,95054909.59749527,0.07423772575569687,45695265852.441086,0.0,135792727.9964218,7.160118789714014
oneD_v2_dbtt_TP_f2817e7998cb7be6,BALANCED_MAXIMIN_MEDOID,EMISSION,1100.0,95903614.1474729,0.07423772575569687,45695265852.441086,0.0,135792727.9964218,7.160118789714014
oneD_v2_dbtt_TP_f2817e7998cb7be6,BALANCED_MAXIMIN_MEDOID,EMISSION,1100.0,96752318.69745053,0.07423772575569687,45695265852.441086,0.0,135792727.9964218,7.160118789714014
oneD_v2_dbtt_TP_f2817e7998cb7be6,BALANCED_MAXIMIN_MEDOID,EMISSION,1100.0,97601023.24742818,0.07423772575569687,45695265852.441086,0.0,135792727.9964218,7.160118789714014
oneD_v2_dbtt_TP_f2817e7998cb7be6,BALANCED_MAXIMIN_MEDOID,EMISSION,1100.0,98449727.79740581,0.07423772575569687,45695265852.441086,0.0,135792727.9964218,7.160118789714014
oneD_v2_dbtt_TP_f2817e7998cb7be6,BALANCED_MAXIMIN_MEDOID,EMISSION,1100.0,99298432.34738345,0.07423772575569687,45695265852.441086,0.0,135792727.9964218,7.160118789714014
oneD_v2_dbtt_TP_f2817e7998cb7be6,BALANCED_MAXIMIN_MEDOID,EMISSION,1100.0,100147136.89736108,0.07423772575569687,45695265852.441086,0.0,135792727.9964218,7.160118789714014
oneD_v2_dbtt_TP_f2817e7998cb7be6,BALANCED_MAXIMIN_MEDOID,EMISSION,1100.0,100995841.44733872,0.07423772575569687,45695265852.441086,0.0,135792727.9964218,7.160118789714014
oneD_v2_dbtt_TP_f2817e7998cb7be6,BALANCED_MAXIMIN_MEDOID,EMISSION,1100.0,101844545.99731636,0.07423772575569687,45695265852.441086,0.0,135792727.9964218,7.160118789714014
oneD_v2_dbtt_TP_f2817e7998cb7be6,BALANCED_MAXIMIN_MEDOID,EMISSION,1100.0,102693250.54729399,0.07423772575569687,45695265852.441086,0.0,135792727.9964218,7.160118789714014
oneD_v2_dbtt_TP_f2817e7998cb7be6,BALANCED_MAXIMIN_MEDOID,EMISSION,1100.0,103541955.09727164,0.07423772575569687,45695265852.441086,0.0,135792727.9964218,7.160118789714014
oneD_v2_dbtt_TP_f2817e7998cb7be6,BALANCED_MAXIMIN_MEDOID,EMISSION,1100.0,104390659.64724927,0.07423772575569687,45695265852.441086,0.0,135792727.9964218,7.160118789714014
oneD_v2_dbtt_TP_f2817e7998cb7be6,BALANCED_MAXIMIN_MEDOID,EMISSION,1100.0,105239364.1972269,0.07423772575569687,45695265852.441086,0.0,135792727.9964218,7.160118789714014
oneD_v2_dbtt_TP_f2817e7998cb7be6,BALANCED_MAXIMIN_MEDOID,EMISSION,1100.0,106088068.74720454,0.07423772575569687,45695265852.441086,0.0,135792727.9964218,7.160118789714014
oneD_v2_dbtt_TP_f2817e7998cb7be6,BALANCED_MAXIMIN_MEDOID,EMISSION,1100.0,106936773.29718217,0.07423772575569687,45695265852.441086,0.0,135792727.9964218,7.160118789714014
oneD_v2_dbtt_TP_f2817e7998cb7be6,BALANCED_MAXIMIN_MEDOID,EMISSION,1100.0,107785477.84715982,0.07423772575569687,45695265852.441086,0.0,135792727.9964218,7.160118789714014
oneD_v2_dbtt_TP_f2817e7998cb7be6,BALANCED_MAXIMIN_MEDOID,EMISSION,1100.0,108634182.39713745,0.07423772575569687,45695265852.441086,0.0,135792727.9964218,7.160118789714014
oneD_v2_dbtt_TP_f2817e7998cb7be6,BALANCED_MAXIMIN_MEDOID,EMISSION,1100.0,109482886.94711508,0.07423772575569687,45695265852.441086,0.0,135792727.9964218,7.160118789714014
oneD_v2_dbtt_TP_f2817e7998cb7be6,BALANCED_MAXIMIN_MEDOID,EMISSION,1100.0,110331591.49709272,0.07423772575569687,45695265852.441086,0.0,135792727.9964218,7.160118789714014
oneD_v2_dbtt_TP_f2817e7998cb7be6,BALANCED_MAXIMIN_MEDOID,EMISSION,1100.0,111180296.04707035,0.07423772575569687,45695265852.441086,0.0,135792727.9964218,7.160118789714014
oneD_v2_dbtt_TP_f2817e7998cb7be6,BALANCED_MAXIMIN_MEDOID,EMISSION,1100.0,112029000.597048,0.07423772575569687,45695265852.441086,0.0,135792727.9964218,7.160118789714014
oneD_v2_dbtt_TP_f2817e7998cb7be6,BALANCED_MAXIMIN_MEDOID,EMISSION,1100.0,112877705.14702563,0.07423772575569687,45695265852.441086,0.0,135792727.9964218,7.160118789714014
oneD_v2_dbtt_TP_f2817e7998cb7be6,BALANCED_MAXIMIN_MEDOID,EMISSION,1100.0,113726409.69700326,0.07423772575569687,45695265852.441086,0.0,135792727.9964218,7.160118789714014
oneD_v2_dbtt_TP_f2817e7998cb7be6,BALANCED_MAXIMIN_MEDOID,EMISSION,1100.0,114575114.2469809,0.07423772575569687,45695265852.441086,0.0,135792727.9964218,7.160118789714014
oneD_v2_dbtt_TP_f2817e7998cb7be6,BALANCED_MAXIMIN_MEDOID,EMISSION,1100.0,115423818.79695854,0.07423772575569687,45695265852.441086,0.0,135792727.9964218,7.160118789714014
oneD_v2_dbtt_TP_f2817e7998cb7be6,BALANCED_MAXIMIN_MEDOID,EMISSION,1100.0,116272523.34693618,0.07423772575569687,45695265852.441086,0.0,135792727.9964218,7.160118789714014
oneD_v2_dbtt_TP_f2817e7998cb7be6,BALANCED_MAXIMIN_MEDOID,EMISSION,1100.0,117121227.89691381,0.07423772575569687,45695265852.441086,0.0,135792727.9964218,7.160118789714014
oneD_v2_dbtt_TP_f2817e7998cb7be6,BALANCED_MAXIMIN_MEDOID,EMISSION,1100.0,117969932.44689144,0.07423772575569687,45695265852.441086,0.0,135792727.9964218,7.160118789714014
oneD_v2_dbtt_TP_f2817e7998cb7be6,BALANCED_MAXIMIN_MEDOID,EMISSION,1100.0,118818636.99686909,0.07423772575569687,45695265852.441086,0.0,135792727.9964218,7.160118789714014
oneD_v2_dbtt_TP_f2817e7998cb7be6,BALANCED_MAXIMIN_MEDOID,EMISSION,1100.0,119667341.54684672,0.07423772575569687,45695265852.441086,0.0,135792727.9964218,7.160118789714014
oneD_v2_dbtt_TP_f2817e7998cb7be6,BALANCED_MAXIMIN_MEDOID,EMISSION,1100.0,120516046.09682436,0.07423772575569687,45695265852.441086,0.0,135792727.9964218,7.160118789714014
oneD_v2_dbtt_TP_f2817e7998cb7be6,BALANCED_MAXIMIN_MEDOID,EMISSION,1100.0,121364750.646802,0.07423772575569687,45695265852.441086,0.0,135792727.9964218,7.160118789714014
oneD_v2_dbtt_TP_f2817e7998cb7be6,BALANCED_MAXIMIN_MEDOID,EMISSION,1100.0,122213455.19677962,0.07423772575569687,45695265852.441086,0.0,135792727.9964218,7.160118789714014
oneD_v2_dbtt_TP_f2817e7998cb7be6,BALANCED_MAXIMIN_MEDOID,EMISSION,1100.0,123062159.74675727,0.07423772575569687,45695265852.441086,0.0,135792727.9964218,7.160118789714014
oneD_v2_dbtt_TP_f2817e7998cb7be6,BALANCED_MAXIMIN_MEDOID,EMISSION,1100.0,123910864.2967349,0.07423772575569687,45695265852.441086,0.0,135792727.9964218,7.160118789714014
oneD_v2_dbtt_TP_f2817e7998cb7be6,BALANCED_MAXIMIN_MEDOID,EMISSION,1100.0,124759568.84671254,0.07423772575569687,45695265852.441086,0.0,135792727.9964218,7.160118789714014
oneD_v2_dbtt_TP_f2817e7998cb7be6,BALANCED_MAXIMIN_MEDOID,EMISSION,1100.0,125608273.39669017,0.07423772575569687,45695265852.441086,0.0,135792727.9964218,7.160118789714014
oneD_v2_dbtt_TP_f2817e7998cb7be6,BALANCED_MAXIMIN_MEDOID,EMISSION,1100.0,126456977.9466678,0.07423772575569687,45695265852.441086,0.0,135792727.9964218,7.160118789714014
oneD_v2_dbtt_TP_f2817e7998cb7be6,BALANCED_MAXIMIN_MEDOID,EMISSION,1100.0,127305682.49664545,0.07423772575569687,45695265852.441086,0.0,135792727.9964218,7.160118789714014
oneD_v2_dbtt_TP_f2817e7998cb7be6,BALANCED_MAXIMIN_MEDOID,EMISSION,1100.0,128154387.04662308,0.07423772575569687,45695265852.441086,0.0,135792727.9964218,7.160118789714014
oneD_v2_dbtt_TP_f2817e7998cb7be6,BALANCED_MAXIMIN_MEDOID,EMISSION,1100.0,129003091.59660073,0.07423772575569687,45695265852.441086,0.0,135792727.9964218,7.160118789714014
oneD_v2_dbtt_TP_f2817e7998cb7be6,BALANCED_MAXIMIN_MEDOID,EMISSION,1100.0,129851796.14657836,0.07423772575569687,45695265852.441086,0.0,135792727.9964218,7.160118789714014
oneD_v2_dbtt_TP_f2817e7998cb7be6,BALANCED_MAXIMIN_MEDOID,EMISSION,1100.0,130700500.69655599,0.07423772575569687,45695265852.441086,0.0,135792727.9964218,7.160118789714014
oneD_v2_dbtt_TP_f2817e7998cb7be6,BALANCED_MAXIMIN_MEDOID,EMISSION,1100.0,131549205.24653363,0.07423772575569687,45695265852.441086,0.0,135792727.9964218,7.160118789714014
oneD_v2_dbtt_TP_f2817e7998cb7be6,BALANCED_MAXIMIN_MEDOID,EMISSION,1100.0,132397909.79651126,0.07423772575569687,45695265852.441086,0.0,135792727.9964218,7.160118789714014
oneD_v2_dbtt_TP_f2817e7998cb7be6,BALANCED_MAXIMIN_MEDOID,EMISSION,1100.0,133246614.34648891,0.07423772575569687,45695265852.441086,0.0,135792727.9964218,7.160118789714014
oneD_v2_dbtt_TP_f2817e7998cb7be6,BALANCED_MAXIMIN_MEDOID,EMISSION,1100.0,134095318.89646654,0.07423772575569687,45695265852.441086,0.0,135792727.9964218,7.160118789714014
oneD_v2_dbtt_TP_f2817e7998cb7be6,BALANCED_MAXIMIN_MEDOID,EMISSION,1100.0,134944023.44644418,0.07423772575569687,45695265852.441086,0.0,135792727.9964218,7.160118789714014
oneD_v2_dbtt_TP_f2817e7998cb7be6,BALANCED_MAXIMIN_MEDOID,EMISSION,1100.0,135792727.9964218,0.07423772575569687,45695265852.441086,0.0,135792727.9964218,7.160118789714014
oneD_v2_dbtt_TP_f2817e7998cb7be6,BALANCED_MAXIMIN_MEDOID,CLEAVAGE_MULTIHIT,1100.0,0.0,5.827539788423184,1.3279778793523964e-57,136053595.90100646,12431670878.285295,5.827539788423184
oneD_v2_dbtt_TP_f2817e7998cb7be6,BALANCED_MAXIMIN_MEDOID,CLEAVAGE_MULTIHIT,1100.0,77697942.9892831,5.827507759429341,1.3293247005803644e-57,136053595.90100646,12431670878.285295,5.827539788423184
oneD_v2_dbtt_TP_f2817e7998cb7be6,BALANCED_MAXIMIN_MEDOID,CLEAVAGE_MULTIHIT,1100.0,155395885.9785662,5.8273430561625075,1.3362720856508754e-57,136053595.90100646,12431670878.285295,5.827539788423184
oneD_v2_dbtt_TP_f2817e7998cb7be6,BALANCED_MAXIMIN_MEDOID,CLEAVAGE_MULTIHIT,1100.0,233093828.9678493,5.826970922584965,1.3521031241482687e-57,136053595.90100646,12431670878.285295,5.827539788423184
oneD_v2_dbtt_TP_f2817e7998cb7be6,BALANCED_MAXIMIN_MEDOID,CLEAVAGE_MULTIHIT,1100.0,310791771.9571324,5.826331486522318,1.379744808919872e-57,136053595.90100646,12431670878.285295,5.827539788423184
oneD_v2_dbtt_TP_f2817e7998cb7be6,BALANCED_MAXIMIN_MEDOID,CLEAVAGE_MULTIHIT,1100.0,388489714.9464155,5.825372448200764,1.4222652734022572e-57,136053595.90100646,12431670878.285295,5.827539788423184
oneD_v2_dbtt_TP_f2817e7998cb7be6,BALANCED_MAXIMIN_MEDOID,CLEAVAGE_MULTIHIT,1100.0,466187657.9356986,5.824046483448053,1.483220749348807e-57,136053595.90100646,12431670878.285295,5.827539788423184
oneD_v2_dbtt_TP_f2817e7998cb7be6,BALANCED_MAXIMIN_MEDOID,CLEAVAGE_MULTIHIT,1100.0,543885600.9249817,5.822309922733873,1.5670200676502845e-57,136053595.90100646,12431670878.285295,5.827539788423184
oneD_v2_dbtt_TP_f2817e7998cb7be6,BALANCED_MAXIMIN_MEDOID,CLEAVAGE_MULTIHIT,1100.0,621583543.9142648,5.820121968572445,1.6793749044222253e-57,136053595.90100646,12431670878.285295,5.827539788423184
oneD_v2_dbtt_TP_f2817e7998cb7be6,BALANCED_MAXIMIN_MEDOID,CLEAVAGE_MULTIHIT,1100.0,699281486.9035479,5.8174441888410415,1.8279038127436803e-57,136053595.90100646,12431670878.285295,5.827539788423184
oneD_v2_dbtt_TP_f2817e7998cb7be6,BALANCED_MAXIMIN_MEDOID,CLEAVAGE_MULTIHIT,1100.0,776979429.892831,5.814240169287731,2.0229824054543657e-57,136053595.90100646,12431670878.285295,5.827539788423184
oneD_v2_dbtt_TP_f2817e7998cb7be6,BALANCED_MAXIMIN_MEDOID,CLEAVAGE_MULTIHIT,1100.0,854677372.882114,5.810475265660396,2.2789780363484752e-57,136053595.90100646,12431670878.285295,5.827539788423184
oneD_v2_dbtt_TP_f2817e7998cb7be6,BALANCED_MAXIMIN_MEDOID,CLEAVAGE_MULTIHIT,1100.0,932375315.8713973,5.806116422012581,2.6160846347633123e-57,136053595.90100646,12431670878.285295,5.827539788423184
oneD_v2_dbtt_TP_f2817e7998cb7be6,BALANCED_MAXIMIN_MEDOID,CLEAVAGE_MULTIHIT,1100.0,1010073258.8606803,5.801132035027272,3.0631018632698934e-57,136053595.90100646,12431670878.285295,5.827539788423184
oneD_v2_dbtt_TP_f2817e7998cb7be6,BALANCED_MAXIMIN_MEDOID,CLEAVAGE_MULTIHIT,1100.0,1087771201.8499634,5.795491851517441,3.6617181568500855e-57,136053595.90100646,12431670878.285295,5.827539788423184
oneD_v2_dbtt_TP_f2817e7998cb7be6,BALANCED_MAXIMIN_MEDOID,CLEAVAGE_MULTIHIT,1100.0,1165469144.8392465,5.789166890551248,4.4732230150240594e-57,136053595.90100646,12431670878.285295,5.827539788423184
oneD_v2_dbtt_TP_f2817e7998cb7be6,BALANCED_MAXIMIN_MEDOID,CLEAVAGE_MULTIHIT,1100.0,1243167087.8285296,5.782129384292618,5.589204702323777e-57,136053595.90100646,12431670878.285295,5.827539788423184
oneD_v2_dbtt_TP_f2817e7998cb7be6,BALANCED_MAXIMIN_MEDOID,CLEAVAGE_MULTIHIT,1100.0,1320865030.8178127,5.774352733344703,7.148894918197704e-57,136053595.90100646,12431670878.285295,5.827539788423184
oneD_v2_dbtt_TP_f2817e7998cb7be6,BALANCED_MAXIMIN_MEDOID,CLEAVAGE_MULTIHIT,1100.0,1398562973.8070958,5.765811473511396,9.367792128740015e-57,136053595.90100646,12431670878.285295,5.827539788423184
oneD_v2_dbtt_TP_f2817e7998cb7be6,BALANCED_MAXIMIN_MEDOID,CLEAVAGE_MULTIHIT,1100.0,1476260916.7963789,5.756481251663804,1.2585768558305614e-56,136053595.90100646,12431670878.285295,5.827539788423184
oneD_v2_dbtt_TP_f2817e7998cb7be6,BALANCED_MAXIMIN_MEDOID,CLEAVAGE_MULTIHIT,1100.0,1553958859.785662,5.746338808940268,1.7349465152550188e-56,136053595.90100646,12431670878.285295,5.827539788423184
oneD_v2_dbtt_TP_f2817e7998cb7be6,BALANCED_MAXIMIN_MEDOID,CLEAVAGE_MULTIHIT,1100.0,1631656802.774945,5.735361969897251,2.455619608551519e-56,136053595.90100646,12431670878.285295,5.827539788423184
oneD_v2_dbtt_TP_f2817e7998cb7be6,BALANCED_MAXIMIN_MEDOID,CLEAVAGE_MULTIHIT,1100.0,1709354745.764228,5.723529636512771,3.5710401688573833e-56,136053595.90100646,12431670878.285295,5.827539788423184
oneD_v2_dbtt_TP_f2817e7998cb7be6,BALANCED_MAXIMIN_MEDOID,CLEAVAGE_MULTIHIT,1100.0,1787052688.7535112,5.710821786155803,5.339028353500376e-56,136053595.90100646,12431670878.285295,5.827539788423184
oneD_v2_dbtt_TP_f2817e7998cb7be6,BALANCED_MAXIMIN_MEDOID,CLEAVAGE_MULTIHIT,1100.0,1864750631.7427945,5.697219472795071,8.211528008360388e-56,136053595.90100646,12431670878.285295,5.827539788423184
oneD_v2_dbtt_TP_f2817e7998cb7be6,BALANCED_MAXIMIN_MEDOID,CLEAVAGE_MULTIHIT,1100.0,1942448574.7320776,5.682704830843413,1.29994670970259e-55,136053595.90100646,12431670878.285295,5.827539788423184
oneD_v2_dbtt_TP_f2817e7998cb7be6,BALANCED_MAXIMIN_MEDOID,CLEAVAGE_MULTIHIT,1100.0,2020146517.7213607,5.667261081129153,2.1193250241541278e-55,136053595.90100646,12431670878.285295,5.827539788423184
oneD_v2_dbtt_TP_f2817e7998cb7be6,BALANCED_MAXIMIN_MEDOID,CLEAVAGE_MULTIHIT,1100.0,2097844460.7106438,5.6508725385608845,3.5600460756914336e-55,136053595.90100646,12431670878.285295,5.827539788423184
oneD_v2_dbtt_TP_f2817e7998cb7be6,BALANCED_MAXIMIN_MEDOID,CLEAVAGE_MULTIHIT,1100.0,2175542403.699927,5.633524621111545,6.16453233572349e-55,136053595.90100646,12431670878.285295,5.827539788423184
oneD_v2_dbtt_TP_f2817e7998cb7be6,BALANCED_MAXIMIN_MEDOID,CLEAVAGE_MULTIHIT,1100.0,2253240346.68921,5.615203859795569,1.1008198287194823e-54,136053595.90100646,12431670878.285295,5.827539788423184
oneD_v2_dbtt_TP_f2817e7998cb7be6,BALANCED_MAXIMIN_MEDOID,CLEAVAGE_MULTIHIT,1100.0,2330938289.678493,5.5958979093517165,2.0280265156903533e-54,136053595.90100646,12431670878.285295,5.827539788423184
oneD_v2_dbtt_TP_f2817e7998cb7be6,BALANCED_MAXIMIN_MEDOID,CLEAVAGE_MULTIHIT,1100.0,2408636232.667776,5.5755955593760556,3.8559054473781324e-54,136053595.90100646,12431670878.285295,5.827539788423184
oneD_v2_dbtt_TP_f2817e7998cb7be6,BALANCED_MAXIMIN_MEDOID,CLEAVAGE_MULTIHIT,1100.0,2486334175.657059,5.554286745675994,7.56855228024247e-54,136053595.90100646,12431670878.285295,5.827539788423184
oneD_v2_dbtt_TP_f2817e7998cb7be6,BALANCED_MAXIMIN_MEDOID,CLEAVAGE_MULTIHIT,1100.0,2564032118.6463423,5.531962561638421,1.5341059952415513e-53,136053595.90100646,12431670878.285295,5.827539788423184
oneD_v2_dbtt_TP_f2817e7998cb7be6,BALANCED_MAXIMIN_MEDOID,CLEAVAGE_MULTIHIT,1100.0,2641730061.6356254,5.5086152694237205,3.21188795782457e-53,136053595.90100646,12431670878.285295,5.827539788423184
oneD_v2_dbtt_TP_f2817e7998cb7be6,BALANCED_MAXIMIN_MEDOID,CLEAVAGE_MULTIHIT,1100.0,2719428004.6249084,5.484238310813537,6.947331413620126e-53,136053595.90100646,12431670878.285295,5.827539788423184
oneD_v2_dbtt_TP_f2817e7998cb7be6,BALANCED_MAXIMIN_MEDOID,CLEAVAGE_MULTIHIT,1100.0,2797125947.6141915,5.458826317554079,1.5527518027324812e-52,136053595.90100646,12431670878.285295,5.827539788423184
oneD_v2_dbtt_TP_f2817e7998cb7be6,BALANCED_MAXIMIN_MEDOID,CLEAVAGE_MULTIHIT,1100.0,2874823890.6034746,5.432375121048987,3.5864911188336926e-52,136053595.90100646,12431670878.285295,5.827539788423184
oneD_v2_dbtt_TP_f2817e7998cb7be6,BALANCED_MAXIMIN_MEDOID,CLEAVAGE_MULTIHIT,1100.0,2952521833.5927577,5.404881761266647,8.561736444598668e-52,136053595.90100646,12431670878.285295,5.827539788423184
oneD_v2_dbtt_TP_f2817e7998cb7be6,BALANCED_MAXIMIN_MEDOID,CLEAVAGE_MULTIHIT,1100.0,3030219776.582041,5.376344494736655,2.1125271111872323e-51,136053595.90100646,12431670878.285295,5.827539788423184
oneD_v2_dbtt_TP_f2817e7998cb7be6,BALANCED_MAXIMIN_MEDOID,CLEAVAGE_MULTIHIT,1100.0,3107917719.571324,5.346762801519042,5.387635616387697e-51,136053595.90100646,12431670878.285295,5.827539788423184
oneD_v2_dbtt_TP_f2817e7998cb7be6,BALANCED_MAXIMIN_MEDOID,CLEAVAGE_MULTIHIT,1100.0,3185615662.560607,5.3161373910381515,1.420168501942098e-50,136053595.90100646,12431670878.285295,5.827539788423184
oneD_v2_dbtt_TP_f2817e7998cb7be6,BALANCED_MAXIMIN_MEDOID,CLEAVAGE_MULTIHIT,1100.0,3263313605.54989,5.2844702066807345,3.869016325864386e-50,136053595.90100646,12431670878.285295,5.827539788423184
oneD_v2_dbtt_TP_f2817e7998cb7be6,BALANCED_MAXIMIN_MEDOID,CLEAVAGE_MULTIHIT,1100.0,3341011548.539173,5.251764429065226,1.0892725428083042e-49,136053595.90100646,12431670878.285295,5.827539788423184
oneD_v2_dbtt_TP_f2817e7998cb7be6,BALANCED_MAXIMIN_MEDOID,CLEAVAGE_MULTIHIT,1100.0,3418709491.528456,5.218024477896062,3.1687436819908825e-49,136053595.90100646,12431670878.285295,5.827539788423184
oneD_v2_dbtt_TP_f2817e7998cb7be6,BALANCED_MAXIMIN_MEDOID,CLEAVAGE_MULTIHIT,1100.0,3496407434.5177393,5.183256012323704,9.52301439361545e-49,136053595.90100646,12431670878.285295,5.827539788423184
oneD_v2_dbtt_TP_f2817e7998cb7be6,BALANCED_MAXIMIN_MEDOID,CLEAVAGE_MULTIHIT,1100.0,3574105377.5070224,5.1474659297376215,2.955995325422076e-48,136053595.90100646,12431670878.285295,5.827539788423184
oneD_v2_dbtt_TP_f2817e7998cb7be6,BALANCED_MAXIMIN_MEDOID,CLEAVAGE_MULTIHIT,1100.0,3651803320.4963055,5.1106623629258845,9.474651255927399e-48,136053595.90100646,12431670878.285295,5.827539788423184
oneD_v2_dbtt_TP_f2817e7998cb7be6,BALANCED_MAXIMIN_MEDOID,CLEAVAGE_MULTIHIT,1100.0,3729501263.485589,5.072854675541456,3.134903740602932e-47,136053595.90100646,12431670878.285295,5.827539788423184
oneD_v2_dbtt_TP_f2817e7998cb7be6,BALANCED_MAXIMIN_MEDOID,CLEAVAGE_MULTIHIT,1100.0,3807199206.474872,5.0340534558215335,1.0703877723628583e-46,136053595.90100646,12431670878.285295,5.827539788423184
oneD_v2_dbtt_TP_f2817e7998cb7be6,BALANCED_MAXIMIN_MEDOID,CLEAVAGE_MULTIHIT,1100.0,3884897149.464155,4.994270508512618,3.7700904225043855e-46,136053595.90100646,12431670878.285295,5.827539788423184
oneD_v2_dbtt_TP_f2817e7998cb7be6,BALANCED_MAXIMIN_MEDOID,CLEAVAGE_MULTIHIT,1100.0,3962595092.4534383,4.953518844960268,1.3692326698858609e-45,136053595.90100646,12431670878.285295,5.827539788423184
oneD_v2_dbtt_TP_f2817e7998cb7be6,BALANCED_MAXIMIN_MEDOID,CLEAVAGE_MULTIHIT,1100.0,4040293035.4427214,4.911812671328766,5.125335942109612e-45,136053595.90100646,12431670878.285295,5.827539788423184
oneD_v2_dbtt_TP_f2817e7998cb7be6,BALANCED_MAXIMIN_MEDOID,CLEAVAGE_MULTIHIT,1100.0,4117990978.4320045,4.869167374922281,1.9764030788270062e-44,136053595.90100646,12431670878.285295,5.827539788423184
oneD_v2_dbtt_TP_f2817e7998cb7be6,BALANCED_MAXIMIN_MEDOID,CLEAVAGE_MULTIHIT,1100.0,4195688921.4212875,4.825599508585371,7.847101891631591e-44,136053595.90100646,12431670878.285295,5.827539788423184
oneD_v2_dbtt_TP_f2817e7998cb7be6,BALANCED_MAXIMIN_MEDOID,CLEAVAGE_MULTIHIT,1100.0,4273386864.4105706,4.78112677316709,3.2061242668618037e-43,136053595.90100646,12431670878.285295,5.827539788423184
oneD_v2_dbtt_TP_f2817e7998cb7be6,BALANCED_MAXIMIN_MEDOID,CLEAVAGE_MULTIHIT,1100.0,4351084807.399854,4.735767998039278,1.3471932348019236e-42,136053595.90100646,12431670878.285295,5.827539788423184
oneD_v2_dbtt_TP_f2817e7998cb7be6,BALANCED_MAXIMIN_MEDOID,CLEAVAGE_MULTIHIT,1100.0,4428782750.389136,4.689543119666011,5.818136339916484e-42,136053595.90100646,12431670878.285295,5.827539788423184
oneD_v2_dbtt_TP_f2817e7998cb7be6,BALANCED_MAXIMIN_MEDOID,CLEAVAGE_MULTIHIT,1100.0,4506480693.37842,4.642473158227588,2.5807945599296695e-41,136053595.90100646,12431670878.285295,5.827539788423184
oneD_v2_dbtt_TP_f2817e7998cb7be6,BALANCED_MAXIMIN_MEDOID,CLEAVAGE_MULTIHIT,1100.0,4584178636.3677025,4.594580192308829,1.174992373828571e-40,136053595.90100646,12431670878.285295,5.827539788423184
oneD_v2_dbtt_TP_f2817e7998cb7be6,BALANCED_MAXIMIN_MEDOID,CLEAVAGE_MULTIHIT,1100.0,4661876579.356986,4.545887331667763,5.486698473450769e-40,136053595.90100646,12431670878.285295,5.827539788423184
oneD_v2_dbtt_TP_f2817e7998cb7be6,BALANCED_MAXIMIN_MEDOID,CLEAVAGE_MULTIHIT,1100.0,4739574522.346269,4.496418688107276,2.6257305628583984e-39,136053595.90100646,12431670878.285295,5.827539788423184
oneD_v2_dbtt_TP_f2817e7998cb7be6,BALANCED_MAXIMIN_MEDOID,CLEAVAGE_MULTIHIT,1100.0,4817272465.335552,4.44619934447842,1.2867894283346128e-38,136053595.90100646,12431670878.285295,5.827539788423184
oneD_v2_dbtt_TP_f2817e7998cb7be6,BALANCED_MAXIMIN_MEDOID,CLEAVAGE_MULTIHIT,1100.0,4894970408.324835,4.395255321850515,6.452461369625672e-38,136053595.90100646,12431670878.285295,5.827539788423184
oneD_v2_dbtt_TP_f2817e7998cb7be6,BALANCED_MAXIMIN_MEDOID,CLEAVAGE_MULTIHIT,1100.0,4972668351.314118,4.343613544889223,3.307759080627938e-37,136053595.90100646,12431670878.285295,5.827539788423184
oneD_v2_dbtt_TP_f2817e7998cb7be6,BALANCED_MAXIMIN_MEDOID,CLEAVAGE_MULTIHIT,1100.0,5050366294.303402,4.2913018054899705,1.7320118559772558e-36,136053595.90100646,12431670878.285295,5.827539788423184
oneD_v2_dbtt_TP_f2817e7998cb7be6,BALANCED_MAXIMIN_MEDOID,CLEAVAGE_MULTIHIT,1100.0,5128064237.292685,4.238348724720017,9.255139974004237e-36,136053595.90100646,12431670878.285295,5.827539788423184
oneD_v2_dbtt_TP_f2817e7998cb7be6,BALANCED_MAXIMIN_MEDOID,CLEAVAGE_MULTIHIT,1100.0,5205762180.281968,4.184783713128369,5.042269095145048e-35,136053595.90100646,12431670878.285295,5.827539788423184
oneD_v2_dbtt_TP_f2817e7998cb7be6,BALANCED_MAXIMIN_MEDOID,CLEAVAGE_MULTIHIT,1100.0,5283460123.271251,4.130636929488472,2.798114078361733e-34,136053595.90100646,12431670878.285295,5.827539788423184
oneD_v2_dbtt_TP_f2817e7998cb7be6,BALANCED_MAXIMIN_MEDOID,CLEAVAGE_MULTIHIT,1100.0,5361158066.260534,4.075939238044117,1.5800722969527132e-33,136053595.90100646,12431670878.285295,5.827539788423184
oneD_v2_dbtt_TP_f2817e7998cb7be6,BALANCED_MAXIMIN_MEDOID,CLEAVAGE_MULTIHIT,1100.0,5438856009.249817,4.020722164334462,9.070418638156702e-33,136053595.90100646,12431670878.285295,5.827539788423184
oneD_v2_dbtt_TP_f2817e7998cb7be6,BALANCED_MAXIMIN_MEDOID,CLEAVAGE_MULTIHIT,1100.0,5516553952.2391,3.9650178496791426,5.287796814239912e-32,136053595.90100646,12431670878.285295,5.827539788423184
oneD_v2_dbtt_TP_f2817e7998cb7be6,BALANCED_MAXIMIN_MEDOID,CLEAVAGE_MULTIHIT,1100.0,5594251895.228383,3.908859004409508,3.127300689431895e-31,136053595.90100646,12431670878.285295,5.827539788423184
oneD_v2_dbtt_TP_f2817e7998cb7be6,BALANCED_MAXIMIN_MEDOID,CLEAVAGE_MULTIHIT,1100.0,5671949838.217667,3.852278859936628,1.8743695335140894e-30,136053595.90100646,12431670878.285295,5.827539788423184
oneD_v2_dbtt_TP_f2817e7998cb7be6,BALANCED_MAXIMIN_MEDOID,CLEAVAGE_MULTIHIT,1100.0,5749647781.206949,3.79531111975127,1.1372821876893834e-29,136053595.90100646,12431670878.285295,5.827539788423184
oneD_v2_dbtt_TP_f2817e7998cb7be6,BALANCED_MAXIMIN_MEDOID,CLEAVAGE_MULTIHIT,1100.0,5827345724.196233,3.7379899094551496,6.978139567873818e-29,136053595.90100646,12431670878.285295,5.827539788423184
oneD_v2_dbtt_TP_f2817e7998cb7be6,BALANCED_MAXIMIN_MEDOID,CLEAVAGE_MULTIHIT,1100.0,5905043667.185515,3.6803497259266904,4.325091550201405e-28,136053595.90100646,12431670878.285295,5.827539788423184
oneD_v2_dbtt_TP_f2817e7998cb7be6,BALANCED_MAXIMIN_MEDOID,CLEAVAGE_MULTIHIT,1100.0,5982741610.174799,3.6224253857280857,2.70493384961447e-27,136053595.90100646,12431670878.285295,5.827539788423184
oneD_v2_dbtt_TP_f2817e7998cb7be6,BALANCED_MAXIMIN_MEDOID,CLEAVAGE_MULTIHIT,1100.0,6060439553.164082,3.5642519728637185,1.705067038924122e-26,136053595.90100646,12431670878.285295,5.827539788423184
oneD_v2_dbtt_TP_f2817e7998cb7be6,BALANCED_MAXIMIN_MEDOID,CLEAVAGE_MULTIHIT,1100.0,6138137496.153365,3.505864786002871,1.0820929330988756e-25,136053595.90100646,12431670878.285295,5.827539788423184
oneD_v2_dbtt_TP_f2817e7998cb7be6,BALANCED_MAXIMIN_MEDOID,CLEAVAGE_MULTIHIT,1100.0,6215835439.142648,3.4472992852822837,6.906190594630916e-25,136053595.90100646,12431670878.285295,5.827539788423184
oneD_v2_dbtt_TP_f2817e7998cb7be6,BALANCED_MAXIMIN_MEDOID,CLEAVAGE_MULTIHIT,1100.0,6293533382.131931,3.388591038806193,4.427663196221135e-24,136053595.90100646,12431670878.285295,5.827539788423184
oneD_v2_dbtt_TP_f2817e7998cb7be6,BALANCED_MAXIMIN_MEDOID,CLEAVAGE_MULTIHIT,1100.0,6371231325.121214,3.3297756689634395,2.8482820299865545e-23,136053595.90100646,12431670878.285295,5.827539788423184
oneD_v2_dbtt_TP_f2817e7998cb7be6,BALANCED_MAXIMIN_MEDOID,CLEAVAGE_MULTIHIT,1100.0,6448929268.110497,3.2708887986825004,1.8364290956552812e-22,136053595.90100646,12431670878.285295,5.827539788423184
oneD_v2_dbtt_TP_f2817e7998cb7be6,BALANCED_MAXIMIN_MEDOID,CLEAVAGE_MULTIHIT,1100.0,6526627211.09978,3.2119659977464505,1.1853843831073116e-21,136053595.90100646,12431670878.285295,5.827539788423184
oneD_v2_dbtt_TP_f2817e7998cb7be6,BALANCED_MAXIMIN_MEDOID,CLEAVAGE_MULTIHIT,1100.0,6604325154.089064,3.1530427292904095,7.651571897500036e-21,136053595.90100646,12431670878.285295,5.827539788423184
oneD_v2_dbtt_TP_f2817e7998cb7be6,BALANCED_MAXIMIN_MEDOID,CLEAVAGE_MULTIHIT,1100.0,6682023097.078346,3.09415429660426,4.933592925434566e-20,136053595.90100646,12431670878.285295,5.827539788423184
oneD_v2_dbtt_TP_f2817e7998cb7be6,BALANCED_MAXIMIN_MEDOID,CLEAVAGE_MULTIHIT,1100.0,6759721040.06763,3.035335790363234,3.1740578110281967e-19,136053595.90100646,12431670878.285295,5.827539788423184
oneD_v2_dbtt_TP_f2817e7998cb7be6,BALANCED_MAXIMIN_MEDOID,CLEAVAGE_MULTIHIT,1100.0,6837418983.056912,2.9766220364083384,2.0352911606404004e-18,136053595.90100646,12431670878.285295,5.827539788423184
oneD_v2_dbtt_TP_f2817e7998cb7be6,BALANCED_MAXIMIN_MEDOID,CLEAVAGE_MULTIHIT,1100.0,6915116926.046196,2.91804754419755,1.299343941158124e-17,136053595.90100646,12431670878.285295,5.827539788423184
oneD_v2_dbtt_TP_f2817e7998cb7be6,BALANCED_MAXIMIN_MEDOID,CLEAVAGE_MULTIHIT,1100.0,6992814869.035479,2.859646456047293,8.249702487526643e-17,136053595.90100646,12431670878.285295,5.827539788423184
oneD_v2_dbtt_TP_f2817e7998cb7be6,BALANCED_MAXIMIN_MEDOID,CLEAVAGE_MULTIHIT,1100.0,7070512812.024762,2.8014524972818355,5.203618817101384e-16,136053595.90100646,12431670878.285295,5.827539788423184
oneD_v2_dbtt_TP_f2817e7998cb7be6,BALANCED_MAXIMIN_MEDOID,CLEAVAGE_MULTIHIT,1100.0,7148210755.014045,2.7434989274059856,3.2573808352478585e-15,136053595.90100646,12431670878.285295,5.827539788423184
oneD_v2_dbtt_TP_f2817e7998cb7be6,BALANCED_MAXIMIN_MEDOID,CLEAVAGE_MULTIHIT,1100.0,7225908698.003328,2.685818492413813,2.0215168562182595e-14,136053595.90100646,12431670878.285295,5.827539788423184
oneD_v2_dbtt_TP_f2817e7998cb7be6,BALANCED_MAXIMIN_MEDOID,CLEAVAGE_MULTIHIT,1100.0,7303606640.992611,2.628443378343065,1.242480399615227e-13,136053595.90100646,12431670878.285295,5.827539788423184
oneD_v2_dbtt_TP_f2817e7998cb7be6,BALANCED_MAXIMIN_MEDOID,CLEAVAGE_MULTIHIT,1100.0,7381304583.9818945,2.571405166181522,7.555634657643413e-13,136053595.90100646,12431670878.285295,5.827539788423184
oneD_v2_dbtt_TP_f2817e7998cb7be6,BALANCED_MAXIMIN_MEDOID,CLEAVAGE_MULTIHIT,1100.0,7459002526.971178,2.514734788227721,4.541468753891183e-12,136053595.90100646,12431670878.285295,5.827539788423184
oneD_v2_dbtt_TP_f2817e7998cb7be6,BALANCED_MAXIMIN_MEDOID,CLEAVAGE_MULTIHIT,1100.0,7536700469.960461,2.458462486004352,2.6955653586703312e-11,136053595.90100646,12431670878.285295,5.827539788423184
oneD_v2_dbtt_TP_f2817e7998cb7be6,BALANCED_MAXIMIN_MEDOID,CLEAVAGE_MULTIHIT,1100.0,7614398412.949744,2.4026177698180797,1.5784312378602793e-10,136053595.90100646,12431670878.285295,5.827539788423184
oneD_v2_dbtt_TP_f2817e7998cb7be6,BALANCED_MAXIMIN_MEDOID,CLEAVAGE_MULTIHIT,1100.0,7692096355.939027,2.347229380054798,9.110206367022257e-10,136053595.90100646,12431670878.285295,5.827539788423184
oneD_v2_dbtt_TP_f2817e7998cb7be6,BALANCED_MAXIMIN_MEDOID,CLEAVAGE_MULTIHIT,1100.0,7769794298.92831,2.292325250294122,5.1781272474871355e-09,136053595.90100646,12431670878.285295,5.827539788423184
oneD_v2_dbtt_TP_f2817e7998cb7be6,BALANCED_MAXIMIN_MEDOID,CLEAVAGE_MULTIHIT,1100.0,7847492241.917593,2.2379324723215643,2.8959118284106053e-08,136053595.90100646,12431670878.285295,5.827539788423184
oneD_v2_dbtt_TP_f2817e7998cb7be6,BALANCED_MAXIMIN_MEDOID,CLEAVAGE_MULTIHIT,1100.0,7925190184.906877,2.184077263111136,1.5922203888437318e-07,136053595.90100646,12431670878.285295,5.827539788423184
oneD_v2_dbtt_TP_f2817e7998cb7be6,BALANCED_MAXIMIN_MEDOID,CLEAVAGE_MULTIHIT,1100.0,8002888127.896159,2.130784933845203,8.599516323554156e-07,136053595.90100646,12431670878.285295,5.827539788423184
oneD_v2_dbtt_TP_f2817e7998cb7be6,BALANCED_MAXIMIN_MEDOID,CLEAVAGE_MULTIHIT,1100.0,8080586070.885443,2.078079861032282,4.5588516858472215e-06,136053595.90100646,12431670878.285295,5.827539788423184
oneD_v2_dbtt_TP_f2817e7998cb7be6,BALANCED_MAXIMIN_MEDOID,CLEAVAGE_MULTIHIT,1100.0,8158284013.874725,2.025985459777113,2.3703543817768425e-05,136053595.90100646,12431670878.285295,5.827539788423184
oneD_v2_dbtt_TP_f2817e7998cb7be6,BALANCED_MAXIMIN_MEDOID,CLEAVAGE_MULTIHIT,1100.0,8235981956.864009,1.9745241592508638,0.00012078653513083157,136053595.90100646,12431670878.285295,5.827539788423184
oneD_v2_dbtt_TP_f2817e7998cb7be6,BALANCED_MAXIMIN_MEDOID,CLEAVAGE_MULTIHIT,1100.0,8313679899.8532915,1.9237173804026229,0.0006027573957354132,136053595.90100646,12431670878.285295,5.827539788423184
oneD_v2_dbtt_TP_f2817e7998cb7be6,BALANCED_MAXIMIN_MEDOID,CLEAVAGE_MULTIHIT,1100.0,8391377842.842575,1.8735855159466082,0.002943397401753361,136053595.90100646,12431670878.285295,5.827539788423184
oneD_v2_dbtt_TP_f2817e7998cb7be6,BALANCED_MAXIMIN_MEDOID,CLEAVAGE_MULTIHIT,1100.0,8469075785.831858,1.824147912652626,0.014053365012112948,136053595.90100646,12431670878.285295,5.827539788423184
oneD_v2_dbtt_TP_f2817e7998cb7be6,BALANCED_MAXIMIN_MEDOID,CLEAVAGE_MULTIHIT,1100.0,8546773728.821141,1.775422855960383,0.06554480677118885,136053595.90100646,12431670878.285295,5.827539788423184
oneD_v2_dbtt_TP_f2817e7998cb7be6,BALANCED_MAXIMIN_MEDOID,CLEAVAGE_MULTIHIT,1100.0,8624471671.810425,1.7274275569313133,0.2982986230565719,136053595.90100646,12431670878.285295,5.827539788423184
oneD_v2_dbtt_TP_f2817e7998cb7be6,BALANCED_MAXIMIN_MEDOID,CLEAVAGE_MULTIHIT,1100.0,8702169614.799707,1.6801781415445753,1.3228974178959518,136053595.90100646,12431670878.285295,5.827539788423184
oneD_v2_dbtt_TP_f2817e7998cb7be6,BALANCED_MAXIMIN_MEDOID,CLEAVAGE_MULTIHIT,1100.0,8779867557.78899,1.6336896423369334,5.706573520923964,136053595.90100646,12431670878.285295,5.827539788423184
oneD_v2_dbtt_TP_f2817e7998cb7be6,BALANCED_MAXIMIN_MEDOID,CLEAVAGE_MULTIHIT,1100.0,8857565500.778273,1.5879759923793293,23.88406820857573,136053595.90100646,12431670878.285295,5.827539788423184
oneD_v2_dbtt_TP_f2817e7998cb7be6,BALANCED_MAXIMIN_MEDOID,CLEAVAGE_MULTIHIT,1100.0,8935263443.767557,1.5430500215761123,96.64353663383235,136053595.90100646,12431670878.285295,5.827539788423184
oneD_v2_dbtt_TP_f2817e7998cb7be6,BALANCED_MAXIMIN_MEDOID,CLEAVAGE_MULTIHIT,1100.0,9012961386.75684,1.4989234552661492,376.1225490227058,136053595.90100646,12431670878.285295,5.827539788423184
oneD_v2_dbtt_TP_f2817e7998cb7be6,BALANCED_MAXIMIN_MEDOID,CLEAVAGE_MULTIHIT,1100.0,9090659329.746122,1.4556069150984383,1397.4484404812276,136053595.90100646,12431670878.285295,5.827539788423184
oneD_v2_dbtt_TP_f2817e7998cb7be6,BALANCED_MAXIMIN_MEDOID,CLEAVAGE_MULTIHIT,1100.0,9168357272.735405,1.413109922148394,4903.70982857279,136053595.90100646,12431670878.285295,5.827539788423184
oneD_v2_dbtt_TP_f2817e7998cb7be6,BALANCED_MAXIMIN_MEDOID,CLEAVAGE_MULTIHIT,1100.0,9246055215.72469,1.3714409022347005,16005.535025604842,136053595.90100646,12431670878.285295,5.827539788423184
oneD_v2_dbtt_TP_f2817e7998cb7be6,BALANCED_MAXIMIN_MEDOID,CLEAVAGE_MULTIHIT,1100.0,9323753158.713972,1.3306071933905235,47575.936792712586,136053595.90100646,12431670878.285295,5.827539788423184
oneD_v2_dbtt_TP_f2817e7998cb7be6,BALANCED_MAXIMIN_MEDOID,CLEAVAGE_MULTIHIT,1100.0,9401451101.703255,1.2906150554370568,125210.4753882616,136053595.90100646,12431670878.285295,5.827539788423184
oneD_v2_dbtt_TP_f2817e7998cb7be6,BALANCED_MAXIMIN_MEDOID,CLEAVAGE_MULTIHIT,1100.0,9479149044.692537,1.251469681601747,281742.0078455526,136053595.90100646,12431670878.285295,5.827539788423184
oneD_v2_dbtt_TP_f2817e7998cb7be6,BALANCED_MAXIMIN_MEDOID,CLEAVAGE_MULTIHIT,1100.0,9556846987.681822,1.2131752121182167,522163.68665152823,136053595.90100646,12431670878.285295,5.827539788423184
oneD_v2_dbtt_TP_f2817e7998cb7be6,BALANCED_MAXIMIN_MEDOID,CLEAVAGE_MULTIHIT,1100.0,9634544930.671104,1.1757347497398367,776777.931302691,136053595.90100646,12431670878.285295,5.827539788423184
oneD_v2_dbtt_TP_f2817e7998cb7be6,BALANCED_MAXIMIN_MEDOID,CLEAVAGE_MULTIHIT,1100.0,9712242873.660387,1.1391503770941476,939679.1479919887,136053595.90100646,12431670878.285295,5.827539788423184
oneD_v2_dbtt_TP_f2817e7998cb7be6,BALANCED_MAXIMIN_MEDOID,CLEAVAGE_MULTIHIT,1100.0,9789940816.64967,1.1034231758009243,992692.9879678119,136053595.90100646,12431670878.285295,5.827539788423184
oneD_v2_dbtt_TP_f2817e7998cb7be6,BALANCED_MAXIMIN_MEDOID,CLEAVAGE_MULTIHIT,1100.0,9867638759.638954,1.0685532472725296,999715.684069874,136053595.90100646,12431670878.285295,5.827539788423184
oneD_v2_dbtt_TP_f2817e7998cb7be6,BALANCED_MAXIMIN_MEDOID,CLEAVAGE_MULTIHIT,1100.0,9945336702.628237,1.0345397351114967,999997.7009876802,136053595.90100646,12431670878.285295,5.827539788423184
oneD_v2_dbtt_TP_f2817e7998cb7be6,BALANCED_MAXIMIN_MEDOID,CLEAVAGE_MULTIHIT,1100.0,10023034645.61752,1.001380849016845,999999.9978092118,136053595.90100646,12431670878.285295,5.827539788423184
oneD_v2_dbtt_TP_f2817e7998cb7be6,BALANCED_MAXIMIN_MEDOID,CLEAVAGE_MULTIHIT,1100.0,10100732588.606804,0.969073890107635,999999.9999998821,136053595.90100646,12431670878.285295,5.827539788423184
oneD_v2_dbtt_TP_f2817e7998cb7be6,BALANCED_MAXIMIN_MEDOID,CLEAVAGE_MULTIHIT,1100.0,10178430531.596087,0.9376152775695863,1000000.0,136053595.90100646,12431670878.285295,5.827539788423184
oneD_v2_dbtt_TP_f2817e7998cb7be6,BALANCED_MAXIMIN_MEDOID,CLEAVAGE_MULTIHIT,1100.0,10256128474.58537,0.9070005765283082,1000000.0,136053595.90100646,12431670878.285295,5.827539788423184
oneD_v2_dbtt_TP_f2817e7998cb7be6,BALANCED_MAXIMIN_MEDOID,CLEAVAGE_MULTIHIT,1100.0,10333826417.574652,0.8772245270508139,1000000.0,136053595.90100646,12431670878.285295,5.827539788423184
oneD_v2_dbtt_TP_f2817e7998cb7be6,BALANCED_MAXIMIN_MEDOID,CLEAVAGE_MULTIHIT,1100.0,10411524360.563936,0.8482810741754605,1000000.0,136053595.90100646,12431670878.285295,5.827539788423184
oneD_v2_dbtt_TP_f2817e7998cb7be6,BALANCED_MAXIMIN_MEDOID,CLEAVAGE_MULTIHIT,1100.0,10489222303.553219,0.820163398869332,1000000.0,136053595.90100646,12431670878.285295,5.827539788423184
oneD_v2_dbtt_TP_f2817e7998cb7be6,BALANCED_MAXIMIN_MEDOID,CLEAVAGE_MULTIHIT,1100.0,10566920246.542501,0.7928639498113506,1000000.0,136053595.90100646,12431670878.285295,5.827539788423184
oneD_v2_dbtt_TP_f2817e7998cb7be6,BALANCED_MAXIMIN_MEDOID,CLEAVAGE_MULTIHIT,1100.0,10644618189.531784,0.7663744758990338,1000000.0,136053595.90100646,12431670878.285295,5.827539788423184
oneD_v2_dbtt_TP_f2817e7998cb7be6,BALANCED_MAXIMIN_MEDOID,CLEAVAGE_MULTIHIT,1100.0,10722316132.521069,0.7406860593768234,1000000.0,136053595.90100646,12431670878.285295,5.827539788423184
oneD_v2_dbtt_TP_f2817e7998cb7be6,BALANCED_MAXIMIN_MEDOID,CLEAVAGE_MULTIHIT,1100.0,10800014075.510351,0.7157891494842958,1000000.0,136053595.90100646,12431670878.285295,5.827539788423184
oneD_v2_dbtt_TP_f2817e7998cb7be6,BALANCED_MAXIMIN_MEDOID,CLEAVAGE_MULTIHIT,1100.0,10877712018.499634,0.6916735965233003,1000000.0,136053595.90100646,12431670878.285295,5.827539788423184
oneD_v2_dbtt_TP_f2817e7998cb7be6,BALANCED_MAXIMIN_MEDOID,CLEAVAGE_MULTIHIT,1100.0,10955409961.488916,0.6683286862441715,1000000.0,136053595.90100646,12431670878.285295,5.827539788423184
oneD_v2_dbtt_TP_f2817e7998cb7be6,BALANCED_MAXIMIN_MEDOID,CLEAVAGE_MULTIHIT,1100.0,11033107904.4782,0.6457431744525675,1000000.0,136053595.90100646,12431670878.285295,5.827539788423184
oneD_v2_dbtt_TP_f2817e7998cb7be6,BALANCED_MAXIMIN_MEDOID,CLEAVAGE_MULTIHIT,1100.0,11110805847.467484,0.6239053217402609,1000000.0,136053595.90100646,12431670878.285295,5.827539788423184
oneD_v2_dbtt_TP_f2817e7998cb7be6,BALANCED_MAXIMIN_MEDOID,CLEAVAGE_MULTIHIT,1100.0,11188503790.456766,0.6028029282452577,1000000.0,136053595.90100646,12431670878.285295,5.827539788423184
oneD_v2_dbtt_TP_f2817e7998cb7be6,BALANCED_MAXIMIN_MEDOID,CLEAVAGE_MULTIHIT,1100.0,11266201733.446049,0.5824233683489898,1000000.0,136053595.90100646,12431670878.285295,5.827539788423184
oneD_v2_dbtt_TP_f2817e7998cb7be6,BALANCED_MAXIMIN_MEDOID,CLEAVAGE_MULTIHIT,1100.0,11343899676.435333,0.562753625220952,1000000.0,136053595.90100646,12431670878.285295,5.827539788423184
oneD_v2_dbtt_TP_f2817e7998cb7be6,BALANCED_MAXIMIN_MEDOID,CLEAVAGE_MULTIHIT,1100.0,11421597619.424616,0.5437803251240753,1000000.0,136053595.90100646,12431670878.285295,5.827539788423184
oneD_v2_dbtt_TP_f2817e7998cb7be6,BALANCED_MAXIMIN_MEDOID,CLEAVAGE_MULTIHIT,1100.0,11499295562.413898,0.5254897713972495,1000000.0,136053595.90100646,12431670878.285295,5.827539788423184
oneD_v2_dbtt_TP_f2817e7998cb7be6,BALANCED_MAXIMIN_MEDOID,CLEAVAGE_MULTIHIT,1100.0,11576993505.403181,0.5078679780348031,1000000.0,136053595.90100646,12431670878.285295,5.827539788423184
oneD_v2_dbtt_TP_f2817e7998cb7be6,BALANCED_MAXIMIN_MEDOID,CLEAVAGE_MULTIHIT,1100.0,11654691448.392466,0.4909007027863,1000000.0,136053595.90100646,12431670878.285295,5.827539788423184
oneD_v2_dbtt_TP_f2817e7998cb7be6,BALANCED_MAXIMIN_MEDOID,CLEAVAGE_MULTIHIT,1100.0,11732389391.381748,0.47457347970379815,1000000.0,136053595.90100646,12431670878.285295,5.827539788423184
oneD_v2_dbtt_TP_f2817e7998cb7be6,BALANCED_MAXIMIN_MEDOID,CLEAVAGE_MULTIHIT,1100.0,11810087334.37103,0.45887165106761213,1000000.0,136053595.90100646,12431670878.285295,5.827539788423184
oneD_v2_dbtt_TP_f2817e7998cb7be6,BALANCED_MAXIMIN_MEDOID,CLEAVAGE_MULTIHIT,1100.0,11887785277.360313,0.4437803986257168,1000000.0,136053595.90100646,12431670878.285295,5.827539788423184
oneD_v2_dbtt_TP_f2817e7998cb7be6,BALANCED_MAXIMIN_MEDOID,CLEAVAGE_MULTIHIT,1100.0,11965483220.349598,0.4292847740861,1000000.0,136053595.90100646,12431670878.285295,5.827539788423184
oneD_v2_dbtt_TP_f2817e7998cb7be6,BALANCED_MAXIMIN_MEDOID,CLEAVAGE_MULTIHIT,1100.0,12043181163.33888,0.41536972880568307,1000000.0,136053595.90100646,12431670878.285295,5.827539788423184
oneD_v2_dbtt_TP_f2817e7998cb7be6,BALANCED_MAXIMIN_MEDOID,CLEAVAGE_MULTIHIT,1100.0,12120879106.328163,0.40202014262377794,1000000.0,136053595.90100646,12431670878.285295,5.827539788423184
oneD_v2_dbtt_TP_f2817e7998cb7be6,BALANCED_MAXIMIN_MEDOID,CLEAVAGE_MULTIHIT,1100.0,12198577049.317446,0.38922085179251176,1000000.0,136053595.90100646,12431670878.285295,5.827539788423184
oneD_v2_dbtt_TP_f2817e7998cb7be6,BALANCED_MAXIMIN_MEDOID,CLEAVAGE_MULTIHIT,1100.0,12276274992.30673,0.37695667596109195,1000000.0,136053595.90100646,12431670878.285295,5.827539788423184
oneD_v2_dbtt_TP_f2817e7998cb7be6,BALANCED_MAXIMIN_MEDOID,CLEAVAGE_MULTIHIT,1100.0,12353972935.296013,0.3652124441753005,1000000.0,136053595.90100646,12431670878.285295,5.827539788423184
oneD_v2_dbtt_TP_f2817e7998cb7be6,BALANCED_MAXIMIN_MEDOID,CLEAVAGE_MULTIHIT,1100.0,12431670878.285295,0.3539730198580731,1000000.0,136053595.90100646,12431670878.285295,5.827539788423184
