candidate_id,original_1d_selection_role,onset_role,ablation,factorial_member,native_K_Pa_sqrt_m,extension_m,radius_m,front_width_m,shielding_Pa_sqrt_m,backstress_mean_Pa,accepted_snapshot_recomputed_backstress_mean_Pa,multiplicity_per_system,opening_stress_Pa,cleavage_stress_Pa,cleavage_barrier_eV,cleavage_raw_rate_s,cleavage_effective_rate_s,emission_stress_by_system_Pa_json,emission_barrier_by_system_eV_json,emission_rate_by_system_s_json,aggregate_emission_rate_s,log10_cleavage_to_emission,peierls_rate_max_s,encounter_rate_max_s,taylor_completion_rate_max_s,state_support,diagnostic_semantics,radius_actual,shielding_actual,backstress_actual,multiplicity_actual
v913_zeroD_sobol_0202500,CONTROL,INITIAL_ONSET_PRE_EVENT,ACTUAL_RADIUS_ACTUAL_SHIELD_ACTUAL_BACKSTRESS_ACTUAL_MULTIPLICITY,False,55509685.320854776,2.931106565679095e-06,7.634485073185825e-06,1.5055173032887342e-07,-3726714.0839830237,7981595613.481319,8014502317.848213,1505.547319142136,8014731099.789861,8552810375.4383955,1.7716675593462194,7636.574987422971,0.07380022653660381,"[32950866.199952126, 32862635.334114075]","[0.07423772575569687, 0.07423772575569687]","[45695265852.441086, 45695265852.441086]",137592770003259.75,-15.27053791898063,550156630759.7334,2519785123066.418,1.0,full_active,COUNTERFACTUAL_DIAGNOSTIC_NOT_PRODUCTION_PHYSICS,,,,
v913_zeroD_sobol_0202500,CONTROL,INITIAL_ONSET_PRE_EVENT,REFERENCE_RADIUS_ACTUAL_SHIELD_ACTUAL_BACKSTRESS,False,55509685.320854776,2.931106565679095e-06,7.634485073185825e-06,1.5055173032887342e-07,-3726714.0839830237,7981595613.481319,8014502317.848213,1505.547319142136,8014731099.789861,8552810375.4383955,1.7716675593462194,7636.574987422971,0.07380022653660381,"[32950866.199952126, 32862635.334114075]","[0.07423772575569687, 0.07423772575569687]","[45695265852.441086, 45695265852.441086]",137592770003259.75,-15.27053791898063,550156630759.7334,2519785123066.418,1.0,full_active,COUNTERFACTUAL_DIAGNOSTIC_NOT_PRODUCTION_PHYSICS,,,,
v913_zeroD_sobol_0202500,CONTROL,INITIAL_ONSET_PRE_EVENT,ACTUAL_RADIUS_ZERO_SHIELD_ACTUAL_BACKSTRESS,False,55509685.320854776,2.931106565679095e-06,7.634485073185825e-06,1.5055173032887342e-07,0.0,7981595613.481319,8014502317.848213,1505.547319142136,8014731099.789861,8014731099.789861,2.122712929992577,188.16695065478737,1.1102416126939063e-06,"[32950866.199952126, 32862635.334114075]","[0.07423772575569687, 0.07423772575569687]","[45695265852.441086, 45695265852.441086]",137592770003259.75,-20.093178112926708,550156630759.7334,2519785123066.418,1.0,full_active,COUNTERFACTUAL_DIAGNOSTIC_NOT_PRODUCTION_PHYSICS,,,,
v913_zeroD_sobol_0202500,CONTROL,INITIAL_ONSET_PRE_EVENT,ACTUAL_RADIUS_ACTUAL_SHIELD_ZERO_BACKSTRESS,False,55509685.320854776,2.931106565679095e-06,7.634485073185825e-06,1.5055173032887342e-07,-3726714.0839830237,0.0,8014502317.848213,1505.547319142136,8014731099.789861,8552810375.4383955,1.7716675593462194,7636.574987422971,0.07380022653660381,"[8025246775.915891, 8003757952.580815]","[0.07423772575569687, 0.07423772575569687]","[45695265852.441086, 45695265852.441086]",137592770003259.75,-15.27053791898063,550156630759.7334,2519785123066.418,1.0,full_active,COUNTERFACTUAL_DIAGNOSTIC_NOT_PRODUCTION_PHYSICS,,,,
v913_zeroD_sobol_0202500,CONTROL,INITIAL_ONSET_PRE_EVENT,REFERENCE_RADIUS_ZERO_SHIELD_ZERO_BACKSTRESS,False,55509685.320854776,2.931106565679095e-06,7.634485073185825e-06,1.5055173032887342e-07,0.0,0.0,8014502317.848213,1505.547319142136,8014731099.789861,8014731099.789861,2.122712929992577,188.16695065478737,1.1102416126939063e-06,"[8025246775.915891, 8003757952.580815]","[0.07423772575569687, 0.07423772575569687]","[45695265852.441086, 45695265852.441086]",137592770003259.75,-20.093178112926708,550156630759.7334,2519785123066.418,1.0,full_active,COUNTERFACTUAL_DIAGNOSTIC_NOT_PRODUCTION_PHYSICS,,,,
v913_zeroD_sobol_0202500,CONTROL,INITIAL_ONSET_PRE_EVENT,ACTUAL_RADIUS_ACTUAL_SHIELD_ACTUAL_BACKSTRESS_REFERENCE_MULTIPLICITY,False,55509685.320854776,2.931106565679095e-06,7.634485073185825e-06,1.5055173032887342e-07,-3726714.0839830237,7981595613.481319,8014502317.848213,1505.547319142136,8014731099.789861,8552810375.4383955,1.7716675593462194,7636.574987422971,0.07380022653660381,"[32950866.199952126, 32862635.334114075]","[0.07423772575569687, 0.07423772575569687]","[45695265852.441086, 45695265852.441086]",137592770003259.75,-15.27053791898063,550156630759.7334,2519785123066.418,1.0,full_active,COUNTERFACTUAL_DIAGNOSTIC_NOT_PRODUCTION_PHYSICS,,,,
v913_zeroD_sobol_0202500,CONTROL,INITIAL_ONSET_PRE_EVENT,FACTORIAL_R0_S0_B0_M0,True,55509685.320854776,2.931106565679095e-06,7.634485073185825e-06,1.5055173032887342e-07,0.0,0.0,8014502317.848213,1505.547319142136,8014731099.789861,8014731099.789861,2.122712929992577,188.16695065478737,1.1102416126939063e-06,"[8025246775.915891, 8003757952.580815]","[0.07423772575569687, 0.07423772575569687]","[45695265852.441086, 45695265852.441086]",137592770003259.75,-20.093178112926708,550156630759.7334,2519785123066.418,1.0,full_active,COUNTERFACTUAL_DIAGNOSTIC_NOT_PRODUCTION_PHYSICS,False,False,False,False
v913_zeroD_sobol_0202500,CONTROL,INITIAL_ONSET_PRE_EVENT,FACTORIAL_R0_S0_B0_M1,True,55509685.320854776,2.931106565679095e-06,7.634485073185825e-06,1.5055173032887342e-07,0.0,0.0,8014502317.848213,1505.547319142136,8014731099.789861,8014731099.789861,2.122712929992577,188.16695065478737,1.1102416126939063e-06,"[8025246775.915891, 8003757952.580815]","[0.07423772575569687, 0.07423772575569687]","[45695265852.441086, 45695265852.441086]",137592770003259.75,-20.093178112926708,550156630759.7334,2519785123066.418,1.0,full_active,COUNTERFACTUAL_DIAGNOSTIC_NOT_PRODUCTION_PHYSICS,False,False,False,True
v913_zeroD_sobol_0202500,CONTROL,INITIAL_ONSET_PRE_EVENT,FACTORIAL_R0_S0_B1_M0,True,55509685.320854776,2.931106565679095e-06,7.634485073185825e-06,1.5055173032887342e-07,0.0,7981595613.481319,8014502317.848213,1505.547319142136,8014731099.789861,8014731099.789861,2.122712929992577,188.16695065478737,1.1102416126939063e-06,"[32950866.199952126, 32862635.334114075]","[0.07423772575569687, 0.07423772575569687]","[45695265852.441086, 45695265852.441086]",137592770003259.75,-20.093178112926708,550156630759.7334,2519785123066.418,1.0,full_active,COUNTERFACTUAL_DIAGNOSTIC_NOT_PRODUCTION_PHYSICS,False,False,True,False
v913_zeroD_sobol_0202500,CONTROL,INITIAL_ONSET_PRE_EVENT,FACTORIAL_R0_S0_B1_M1,True,55509685.320854776,2.931106565679095e-06,7.634485073185825e-06,1.5055173032887342e-07,0.0,7981595613.481319,8014502317.848213,1505.547319142136,8014731099.789861,8014731099.789861,2.122712929992577,188.16695065478737,1.1102416126939063e-06,"[32950866.199952126, 32862635.334114075]","[0.07423772575569687, 0.07423772575569687]","[45695265852.441086, 45695265852.441086]",137592770003259.75,-20.093178112926708,550156630759.7334,2519785123066.418,1.0,full_active,COUNTERFACTUAL_DIAGNOSTIC_NOT_PRODUCTION_PHYSICS,False,False,True,True
v913_zeroD_sobol_0202500,CONTROL,INITIAL_ONSET_PRE_EVENT,FACTORIAL_R0_S1_B0_M0,True,55509685.320854776,2.931106565679095e-06,7.634485073185825e-06,1.5055173032887342e-07,-3726714.0839830237,0.0,8014502317.848213,1505.547319142136,8014731099.789861,8552810375.4383955,1.7716675593462194,7636.574987422971,0.07380022653660381,"[8025246775.915891, 8003757952.580815]","[0.07423772575569687, 0.07423772575569687]","[45695265852.441086, 45695265852.441086]",137592770003259.75,-15.27053791898063,550156630759.7334,2519785123066.418,1.0,full_active,COUNTERFACTUAL_DIAGNOSTIC_NOT_PRODUCTION_PHYSICS,False,True,False,False
v913_zeroD_sobol_0202500,CONTROL,INITIAL_ONSET_PRE_EVENT,FACTORIAL_R0_S1_B0_M1,True,55509685.320854776,2.931106565679095e-06,7.634485073185825e-06,1.5055173032887342e-07,-3726714.0839830237,0.0,8014502317.848213,1505.547319142136,8014731099.789861,8552810375.4383955,1.7716675593462194,7636.574987422971,0.07380022653660381,"[8025246775.915891, 8003757952.580815]","[0.07423772575569687, 0.07423772575569687]","[45695265852.441086, 45695265852.441086]",137592770003259.75,-15.27053791898063,550156630759.7334,2519785123066.418,1.0,full_active,COUNTERFACTUAL_DIAGNOSTIC_NOT_PRODUCTION_PHYSICS,False,True,False,True
v913_zeroD_sobol_0202500,CONTROL,INITIAL_ONSET_PRE_EVENT,FACTORIAL_R0_S1_B1_M0,True,55509685.320854776,2.931106565679095e-06,7.634485073185825e-06,1.5055173032887342e-07,-3726714.0839830237,7981595613.481319,8014502317.848213,1505.547319142136,8014731099.789861,8552810375.4383955,1.7716675593462194,7636.574987422971,0.07380022653660381,"[32950866.199952126, 32862635.334114075]","[0.07423772575569687, 0.07423772575569687]","[45695265852.441086, 45695265852.441086]",137592770003259.75,-15.27053791898063,550156630759.7334,2519785123066.418,1.0,full_active,COUNTERFACTUAL_DIAGNOSTIC_NOT_PRODUCTION_PHYSICS,False,True,True,False
v913_zeroD_sobol_0202500,CONTROL,INITIAL_ONSET_PRE_EVENT,FACTORIAL_R0_S1_B1_M1,True,55509685.320854776,2.931106565679095e-06,7.634485073185825e-06,1.5055173032887342e-07,-3726714.0839830237,7981595613.481319,8014502317.848213,1505.547319142136,8014731099.789861,8552810375.4383955,1.7716675593462194,7636.574987422971,0.07380022653660381,"[32950866.199952126, 32862635.334114075]","[0.07423772575569687, 0.07423772575569687]","[45695265852.441086, 45695265852.441086]",137592770003259.75,-15.27053791898063,550156630759.7334,2519785123066.418,1.0,full_active,COUNTERFACTUAL_DIAGNOSTIC_NOT_PRODUCTION_PHYSICS,False,True,True,True
v913_zeroD_sobol_0202500,CONTROL,INITIAL_ONSET_PRE_EVENT,FACTORIAL_R1_S0_B0_M0,True,55509685.320854776,2.931106565679095e-06,7.634485073185825e-06,1.5055173032887342e-07,0.0,0.0,8014502317.848213,1505.547319142136,8014731099.789861,8014731099.789861,2.122712929992577,188.16695065478737,1.1102416126939063e-06,"[8025246775.915891, 8003757952.580815]","[0.07423772575569687, 0.07423772575569687]","[45695265852.441086, 45695265852.441086]",137592770003259.75,-20.093178112926708,550156630759.7334,2519785123066.418,1.0,full_active,COUNTERFACTUAL_DIAGNOSTIC_NOT_PRODUCTION_PHYSICS,True,False,False,False
v913_zeroD_sobol_0202500,CONTROL,INITIAL_ONSET_PRE_EVENT,FACTORIAL_R1_S0_B0_M1,True,55509685.320854776,2.931106565679095e-06,7.634485073185825e-06,1.5055173032887342e-07,0.0,0.0,8014502317.848213,1505.547319142136,8014731099.789861,8014731099.789861,2.122712929992577,188.16695065478737,1.1102416126939063e-06,"[8025246775.915891, 8003757952.580815]","[0.07423772575569687, 0.07423772575569687]","[45695265852.441086, 45695265852.441086]",137592770003259.75,-20.093178112926708,550156630759.7334,2519785123066.418,1.0,full_active,COUNTERFACTUAL_DIAGNOSTIC_NOT_PRODUCTION_PHYSICS,True,False,False,True
v913_zeroD_sobol_0202500,CONTROL,INITIAL_ONSET_PRE_EVENT,FACTORIAL_R1_S0_B1_M0,True,55509685.320854776,2.931106565679095e-06,7.634485073185825e-06,1.5055173032887342e-07,0.0,7981595613.481319,8014502317.848213,1505.547319142136,8014731099.789861,8014731099.789861,2.122712929992577,188.16695065478737,1.1102416126939063e-06,"[32950866.199952126, 32862635.334114075]","[0.07423772575569687, 0.07423772575569687]","[45695265852.441086, 45695265852.441086]",137592770003259.75,-20.093178112926708,550156630759.7334,2519785123066.418,1.0,full_active,COUNTERFACTUAL_DIAGNOSTIC_NOT_PRODUCTION_PHYSICS,True,False,True,False
v913_zeroD_sobol_0202500,CONTROL,INITIAL_ONSET_PRE_EVENT,FACTORIAL_R1_S0_B1_M1,True,55509685.320854776,2.931106565679095e-06,7.634485073185825e-06,1.5055173032887342e-07,0.0,7981595613.481319,8014502317.848213,1505.547319142136,8014731099.789861,8014731099.789861,2.122712929992577,188.16695065478737,1.1102416126939063e-06,"[32950866.199952126, 32862635.334114075]","[0.07423772575569687, 0.07423772575569687]","[45695265852.441086, 45695265852.441086]",137592770003259.75,-20.093178112926708,550156630759.7334,2519785123066.418,1.0,full_active,COUNTERFACTUAL_DIAGNOSTIC_NOT_PRODUCTION_PHYSICS,True,False,True,True
v913_zeroD_sobol_0202500,CONTROL,INITIAL_ONSET_PRE_EVENT,FACTORIAL_R1_S1_B0_M0,True,55509685.320854776,2.931106565679095e-06,7.634485073185825e-06,1.5055173032887342e-07,-3726714.0839830237,0.0,8014502317.848213,1505.547319142136,8014731099.789861,8552810375.4383955,1.7716675593462194,7636.574987422971,0.07380022653660381,"[8025246775.915891, 8003757952.580815]","[0.07423772575569687, 0.07423772575569687]","[45695265852.441086, 45695265852.441086]",137592770003259.75,-15.27053791898063,550156630759.7334,2519785123066.418,1.0,full_active,COUNTERFACTUAL_DIAGNOSTIC_NOT_PRODUCTION_PHYSICS,True,True,False,False
v913_zeroD_sobol_0202500,CONTROL,INITIAL_ONSET_PRE_EVENT,FACTORIAL_R1_S1_B0_M1,True,55509685.320854776,2.931106565679095e-06,7.634485073185825e-06,1.5055173032887342e-07,-3726714.0839830237,0.0,8014502317.848213,1505.547319142136,8014731099.789861,8552810375.4383955,1.7716675593462194,7636.574987422971,0.07380022653660381,"[8025246775.915891, 8003757952.580815]","[0.07423772575569687, 0.07423772575569687]","[45695265852.441086, 45695265852.441086]",137592770003259.75,-15.27053791898063,550156630759.7334,2519785123066.418,1.0,full_active,COUNTERFACTUAL_DIAGNOSTIC_NOT_PRODUCTION_PHYSICS,True,True,False,True
v913_zeroD_sobol_0202500,CONTROL,INITIAL_ONSET_PRE_EVENT,FACTORIAL_R1_S1_B1_M0,True,55509685.320854776,2.931106565679095e-06,7.634485073185825e-06,1.5055173032887342e-07,-3726714.0839830237,7981595613.481319,8014502317.848213,1505.547319142136,8014731099.789861,8552810375.4383955,1.7716675593462194,7636.574987422971,0.07380022653660381,"[32950866.199952126, 32862635.334114075]","[0.07423772575569687, 0.07423772575569687]","[45695265852.441086, 45695265852.441086]",137592770003259.75,-15.27053791898063,550156630759.7334,2519785123066.418,1.0,full_active,COUNTERFACTUAL_DIAGNOSTIC_NOT_PRODUCTION_PHYSICS,True,True,True,False
v913_zeroD_sobol_0202500,CONTROL,INITIAL_ONSET_PRE_EVENT,FACTORIAL_R1_S1_B1_M1,True,55509685.320854776,2.931106565679095e-06,7.634485073185825e-06,1.5055173032887342e-07,-3726714.0839830237,7981595613.481319,8014502317.848213,1505.547319142136,8014731099.789861,8552810375.4383955,1.7716675593462194,7636.574987422971,0.07380022653660381,"[32950866.199952126, 32862635.334114075]","[0.07423772575569687, 0.07423772575569687]","[45695265852.441086, 45695265852.441086]",137592770003259.75,-15.27053791898063,550156630759.7334,2519785123066.418,1.0,full_active,COUNTERFACTUAL_DIAGNOSTIC_NOT_PRODUCTION_PHYSICS,True,True,True,True
v913_zeroD_sobol_0202500,CONTROL,REINITIATION_ONSET_PRE_EVENT,ACTUAL_RADIUS_ACTUAL_SHIELD_ACTUAL_BACKSTRESS_ACTUAL_MULTIPLICITY,False,49175873.33466602,5.2426686978820885e-05,5.273940598008174e-06,1.8756333191676322e-07,-2066736.866308208,6405633233.709816,6418434737.997114,1295.7227413267585,8542687708.880182,8901715143.02754,1.5623506853992326,69487.75340252109,53.085929006031336,"[12957054.253580093, 12646105.682945251]","[0.07423772575569687, 0.07423772575569687]","[45695265852.441086, 45695265852.441086]",118416790271959.97,-12.348433863271705,550156630759.7334,2519785123066.418,1.0,full_active,COUNTERFACTUAL_DIAGNOSTIC_NOT_PRODUCTION_PHYSICS,,,,
v913_zeroD_sobol_0202500,CONTROL,REINITIATION_ONSET_PRE_EVENT,REFERENCE_RADIUS_ACTUAL_SHIELD_ACTUAL_BACKSTRESS,False,49175873.33466602,5.2426686978820885e-05,5.273940598008174e-06,1.8756333191676322e-07,-2066736.866308208,6405633233.709816,6418434737.997114,1295.7227413267585,8542687708.880182,8901715143.02754,1.5623506853992326,69487.75340252109,53.085929006031336,"[12957054.253580093, 12646105.682945251]","[0.07423772575569687, 0.07423772575569687]","[45695265852.441086, 45695265852.441086]",118416790271959.97,-12.348433863271705,550156630759.7334,2519785123066.418,1.0,full_active,COUNTERFACTUAL_DIAGNOSTIC_NOT_PRODUCTION_PHYSICS,,,,
v913_zeroD_sobol_0202500,CONTROL,REINITIATION_ONSET_PRE_EVENT,ACTUAL_RADIUS_ZERO_SHIELD_ACTUAL_BACKSTRESS,False,49175873.33466602,5.2426686978820885e-05,5.273940598008174e-06,1.8756333191676322e-07,0.0,6405633233.709816,6418434737.997114,1295.7227413267585,8542687708.880182,8542687708.880182,1.7779672011352001,7145.556831712323,0.06048252891689477,"[12957054.253580093, 12646105.682945251]","[0.07423772575569687, 0.07423772575569687]","[45695265852.441086, 45695265852.441086]",118416790271959.97,-15.291783343456135,550156630759.7334,2519785123066.418,1.0,full_active,COUNTERFACTUAL_DIAGNOSTIC_NOT_PRODUCTION_PHYSICS,,,,
v913_zeroD_sobol_0202500,CONTROL,REINITIATION_ONSET_PRE_EVENT,ACTUAL_RADIUS_ACTUAL_SHIELD_ZERO_BACKSTRESS,False,49175873.33466602,5.2426686978820885e-05,5.273940598008174e-06,1.8756333191676322e-07,-2066736.866308208,0.0,6418434737.997114,1295.7227413267585,8542687708.880182,8901715143.02754,1.5623506853992326,69487.75340252109,53.085929006031336,"[6504078137.491819, 6332791489.864339]","[0.07423772575569687, 0.07423772575569687]","[45695265852.441086, 45695265852.441086]",118416790271959.97,-12.348433863271705,550156630759.7334,2519785123066.418,1.0,full_active,COUNTERFACTUAL_DIAGNOSTIC_NOT_PRODUCTION_PHYSICS,,,,
v913_zeroD_sobol_0202500,CONTROL,REINITIATION_ONSET_PRE_EVENT,REFERENCE_RADIUS_ZERO_SHIELD_ZERO_BACKSTRESS,False,49175873.33466602,5.2426686978820885e-05,5.273940598008174e-06,1.8756333191676322e-07,0.0,0.0,6418434737.997114,1295.7227413267585,8542687708.880182,8542687708.880182,1.7779672011352001,7145.556831712323,0.06048252891689477,"[6504078137.491819, 6332791489.864339]","[0.07423772575569687, 0.07423772575569687]","[45695265852.441086, 45695265852.441086]",118416790271959.97,-15.291783343456135,550156630759.7334,2519785123066.418,1.0,full_active,COUNTERFACTUAL_DIAGNOSTIC_NOT_PRODUCTION_PHYSICS,,,,
v913_zeroD_sobol_0202500,CONTROL,REINITIATION_ONSET_PRE_EVENT,ACTUAL_RADIUS_ACTUAL_SHIELD_ACTUAL_BACKSTRESS_REFERENCE_MULTIPLICITY,False,49175873.33466602,5.2426686978820885e-05,5.273940598008174e-06,1.8756333191676322e-07,-2066736.866308208,6405633233.709816,6418434737.997114,1295.7227413267585,8542687708.880182,8901715143.02754,1.5623506853992326,69487.75340252109,53.085929006031336,"[12957054.253580093, 12646105.682945251]","[0.07423772575569687, 0.07423772575569687]","[45695265852.441086, 45695265852.441086]",118416790271959.97,-12.348433863271705,550156630759.7334,2519785123066.418,1.0,full_active,COUNTERFACTUAL_DIAGNOSTIC_NOT_PRODUCTION_PHYSICS,,,,
v913_zeroD_sobol_0202500,CONTROL,REINITIATION_ONSET_PRE_EVENT,FACTORIAL_R0_S0_B0_M0,True,49175873.33466602,5.2426686978820885e-05,5.273940598008174e-06,1.8756333191676322e-07,0.0,0.0,6418434737.997114,1295.7227413267585,8542687708.880182,8542687708.880182,1.7779672011352001,7145.556831712323,0.06048252891689477,"[6504078137.491819, 6332791489.864339]","[0.07423772575569687, 0.07423772575569687]","[45695265852.441086, 45695265852.441086]",118416790271959.97,-15.291783343456135,550156630759.7334,2519785123066.418,1.0,full_active,COUNTERFACTUAL_DIAGNOSTIC_NOT_PRODUCTION_PHYSICS,False,False,False,False
v913_zeroD_sobol_0202500,CONTROL,REINITIATION_ONSET_PRE_EVENT,FACTORIAL_R0_S0_B0_M1,True,49175873.33466602,5.2426686978820885e-05,5.273940598008174e-06,1.8756333191676322e-07,0.0,0.0,6418434737.997114,1295.7227413267585,8542687708.880182,8542687708.880182,1.7779672011352001,7145.556831712323,0.06048252891689477,"[6504078137.491819, 6332791489.864339]","[0.07423772575569687, 0.07423772575569687]","[45695265852.441086, 45695265852.441086]",118416790271959.97,-15.291783343456135,550156630759.7334,2519785123066.418,1.0,full_active,COUNTERFACTUAL_DIAGNOSTIC_NOT_PRODUCTION_PHYSICS,False,False,False,True
v913_zeroD_sobol_0202500,CONTROL,REINITIATION_ONSET_PRE_EVENT,FACTORIAL_R0_S0_B1_M0,True,49175873.33466602,5.2426686978820885e-05,5.273940598008174e-06,1.8756333191676322e-07,0.0,6405633233.709816,6418434737.997114,1295.7227413267585,8542687708.880182,8542687708.880182,1.7779672011352001,7145.556831712323,0.06048252891689477,"[12957054.253580093, 12646105.682945251]","[0.07423772575569687, 0.07423772575569687]","[45695265852.441086, 45695265852.441086]",118416790271959.97,-15.291783343456135,550156630759.7334,2519785123066.418,1.0,full_active,COUNTERFACTUAL_DIAGNOSTIC_NOT_PRODUCTION_PHYSICS,False,False,True,False
v913_zeroD_sobol_0202500,CONTROL,REINITIATION_ONSET_PRE_EVENT,FACTORIAL_R0_S0_B1_M1,True,49175873.33466602,5.2426686978820885e-05,5.273940598008174e-06,1.8756333191676322e-07,0.0,6405633233.709816,6418434737.997114,1295.7227413267585,8542687708.880182,8542687708.880182,1.7779672011352001,7145.556831712323,0.06048252891689477,"[12957054.253580093, 12646105.682945251]","[0.07423772575569687, 0.07423772575569687]","[45695265852.441086, 45695265852.441086]",118416790271959.97,-15.291783343456135,550156630759.7334,2519785123066.418,1.0,full_active,COUNTERFACTUAL_DIAGNOSTIC_NOT_PRODUCTION_PHYSICS,False,False,True,True
v913_zeroD_sobol_0202500,CONTROL,REINITIATION_ONSET_PRE_EVENT,FACTORIAL_R0_S1_B0_M0,True,49175873.33466602,5.2426686978820885e-05,5.273940598008174e-06,1.8756333191676322e-07,-2066736.866308208,0.0,6418434737.997114,1295.7227413267585,8542687708.880182,8901715143.02754,1.5623506853992326,69487.75340252109,53.085929006031336,"[6504078137.491819, 6332791489.864339]","[0.07423772575569687, 0.07423772575569687]","[45695265852.441086, 45695265852.441086]",118416790271959.97,-12.348433863271705,550156630759.7334,2519785123066.418,1.0,full_active,COUNTERFACTUAL_DIAGNOSTIC_NOT_PRODUCTION_PHYSICS,False,True,False,False
v913_zeroD_sobol_0202500,CONTROL,REINITIATION_ONSET_PRE_EVENT,FACTORIAL_R0_S1_B0_M1,True,49175873.33466602,5.2426686978820885e-05,5.273940598008174e-06,1.8756333191676322e-07,-2066736.866308208,0.0,6418434737.997114,1295.7227413267585,8542687708.880182,8901715143.02754,1.5623506853992326,69487.75340252109,53.085929006031336,"[6504078137.491819, 6332791489.864339]","[0.07423772575569687, 0.07423772575569687]","[45695265852.441086, 45695265852.441086]",118416790271959.97,-12.348433863271705,550156630759.7334,2519785123066.418,1.0,full_active,COUNTERFACTUAL_DIAGNOSTIC_NOT_PRODUCTION_PHYSICS,False,True,False,True
v913_zeroD_sobol_0202500,CONTROL,REINITIATION_ONSET_PRE_EVENT,FACTORIAL_R0_S1_B1_M0,True,49175873.33466602,5.2426686978820885e-05,5.273940598008174e-06,1.8756333191676322e-07,-2066736.866308208,6405633233.709816,6418434737.997114,1295.7227413267585,8542687708.880182,8901715143.02754,1.5623506853992326,69487.75340252109,53.085929006031336,"[12957054.253580093, 12646105.682945251]","[0.07423772575569687, 0.07423772575569687]","[45695265852.441086, 45695265852.441086]",118416790271959.97,-12.348433863271705,550156630759.7334,2519785123066.418,1.0,full_active,COUNTERFACTUAL_DIAGNOSTIC_NOT_PRODUCTION_PHYSICS,False,True,True,False
v913_zeroD_sobol_0202500,CONTROL,REINITIATION_ONSET_PRE_EVENT,FACTORIAL_R0_S1_B1_M1,True,49175873.33466602,5.2426686978820885e-05,5.273940598008174e-06,1.8756333191676322e-07,-2066736.866308208,6405633233.709816,6418434737.997114,1295.7227413267585,8542687708.880182,8901715143.02754,1.5623506853992326,69487.75340252109,53.085929006031336,"[12957054.253580093, 12646105.682945251]","[0.07423772575569687, 0.07423772575569687]","[45695265852.441086, 45695265852.441086]",118416790271959.97,-12.348433863271705,550156630759.7334,2519785123066.418,1.0,full_active,COUNTERFACTUAL_DIAGNOSTIC_NOT_PRODUCTION_PHYSICS,False,True,True,True
v913_zeroD_sobol_0202500,CONTROL,REINITIATION_ONSET_PRE_EVENT,FACTORIAL_R1_S0_B0_M0,True,49175873.33466602,5.2426686978820885e-05,5.273940598008174e-06,1.8756333191676322e-07,0.0,0.0,6418434737.997114,1295.7227413267585,8542687708.880182,8542687708.880182,1.7779672011352001,7145.556831712323,0.06048252891689477,"[6504078137.491819, 6332791489.864339]","[0.07423772575569687, 0.07423772575569687]","[45695265852.441086, 45695265852.441086]",118416790271959.97,-15.291783343456135,550156630759.7334,2519785123066.418,1.0,full_active,COUNTERFACTUAL_DIAGNOSTIC_NOT_PRODUCTION_PHYSICS,True,False,False,False
v913_zeroD_sobol_0202500,CONTROL,REINITIATION_ONSET_PRE_EVENT,FACTORIAL_R1_S0_B0_M1,True,49175873.33466602,5.2426686978820885e-05,5.273940598008174e-06,1.8756333191676322e-07,0.0,0.0,6418434737.997114,1295.7227413267585,8542687708.880182,8542687708.880182,1.7779672011352001,7145.556831712323,0.06048252891689477,"[6504078137.491819, 6332791489.864339]","[0.07423772575569687, 0.07423772575569687]","[45695265852.441086, 45695265852.441086]",118416790271959.97,-15.291783343456135,550156630759.7334,2519785123066.418,1.0,full_active,COUNTERFACTUAL_DIAGNOSTIC_NOT_PRODUCTION_PHYSICS,True,False,False,True
v913_zeroD_sobol_0202500,CONTROL,REINITIATION_ONSET_PRE_EVENT,FACTORIAL_R1_S0_B1_M0,True,49175873.33466602,5.2426686978820885e-05,5.273940598008174e-06,1.8756333191676322e-07,0.0,6405633233.709816,6418434737.997114,1295.7227413267585,8542687708.880182,8542687708.880182,1.7779672011352001,7145.556831712323,0.06048252891689477,"[12957054.253580093, 12646105.682945251]","[0.07423772575569687, 0.07423772575569687]","[45695265852.441086, 45695265852.441086]",118416790271959.97,-15.291783343456135,550156630759.7334,2519785123066.418,1.0,full_active,COUNTERFACTUAL_DIAGNOSTIC_NOT_PRODUCTION_PHYSICS,True,False,True,False
v913_zeroD_sobol_0202500,CONTROL,REINITIATION_ONSET_PRE_EVENT,FACTORIAL_R1_S0_B1_M1,True,49175873.33466602,5.2426686978820885e-05,5.273940598008174e-06,1.8756333191676322e-07,0.0,6405633233.709816,6418434737.997114,1295.7227413267585,8542687708.880182,8542687708.880182,1.7779672011352001,7145.556831712323,0.06048252891689477,"[12957054.253580093, 12646105.682945251]","[0.07423772575569687, 0.07423772575569687]","[45695265852.441086, 45695265852.441086]",118416790271959.97,-15.291783343456135,550156630759.7334,2519785123066.418,1.0,full_active,COUNTERFACTUAL_DIAGNOSTIC_NOT_PRODUCTION_PHYSICS,True,False,True,True
v913_zeroD_sobol_0202500,CONTROL,REINITIATION_ONSET_PRE_EVENT,FACTORIAL_R1_S1_B0_M0,True,49175873.33466602,5.2426686978820885e-05,5.273940598008174e-06,1.8756333191676322e-07,-2066736.866308208,0.0,6418434737.997114,1295.7227413267585,8542687708.880182,8901715143.02754,1.5623506853992326,69487.75340252109,53.085929006031336,"[6504078137.491819, 6332791489.864339]","[0.07423772575569687, 0.07423772575569687]","[45695265852.441086, 45695265852.441086]",118416790271959.97,-12.348433863271705,550156630759.7334,2519785123066.418,1.0,full_active,COUNTERFACTUAL_DIAGNOSTIC_NOT_PRODUCTION_PHYSICS,True,True,False,False
v913_zeroD_sobol_0202500,CONTROL,REINITIATION_ONSET_PRE_EVENT,FACTORIAL_R1_S1_B0_M1,True,49175873.33466602,5.2426686978820885e-05,5.273940598008174e-06,1.8756333191676322e-07,-2066736.866308208,0.0,6418434737.997114,1295.7227413267585,8542687708.880182,8901715143.02754,1.5623506853992326,69487.75340252109,53.085929006031336,"[6504078137.491819, 6332791489.864339]","[0.07423772575569687, 0.07423772575569687]","[45695265852.441086, 45695265852.441086]",118416790271959.97,-12.348433863271705,550156630759.7334,2519785123066.418,1.0,full_active,COUNTERFACTUAL_DIAGNOSTIC_NOT_PRODUCTION_PHYSICS,True,True,False,True
v913_zeroD_sobol_0202500,CONTROL,REINITIATION_ONSET_PRE_EVENT,FACTORIAL_R1_S1_B1_M0,True,49175873.33466602,5.2426686978820885e-05,5.273940598008174e-06,1.8756333191676322e-07,-2066736.866308208,6405633233.709816,6418434737.997114,1295.7227413267585,8542687708.880182,8901715143.02754,1.5623506853992326,69487.75340252109,53.085929006031336,"[12957054.253580093, 12646105.682945251]","[0.07423772575569687, 0.07423772575569687]","[45695265852.441086, 45695265852.441086]",118416790271959.97,-12.348433863271705,550156630759.7334,2519785123066.418,1.0,full_active,COUNTERFACTUAL_DIAGNOSTIC_NOT_PRODUCTION_PHYSICS,True,True,True,False
v913_zeroD_sobol_0202500,CONTROL,REINITIATION_ONSET_PRE_EVENT,FACTORIAL_R1_S1_B1_M1,True,49175873.33466602,5.2426686978820885e-05,5.273940598008174e-06,1.8756333191676322e-07,-2066736.866308208,6405633233.709816,6418434737.997114,1295.7227413267585,8542687708.880182,8901715143.02754,1.5623506853992326,69487.75340252109,53.085929006031336,"[12957054.253580093, 12646105.682945251]","[0.07423772575569687, 0.07423772575569687]","[45695265852.441086, 45695265852.441086]",118416790271959.97,-12.348433863271705,550156630759.7334,2519785123066.418,1.0,full_active,COUNTERFACTUAL_DIAGNOSTIC_NOT_PRODUCTION_PHYSICS,True,True,True,True
oneD_v2_dbtt_TP_f07fe99faea93479,TRANSPORT_EXTREME,INITIAL_ONSET_PRE_EVENT,ACTUAL_RADIUS_ACTUAL_SHIELD_ACTUAL_BACKSTRESS_ACTUAL_MULTIPLICITY,False,55508160.779005244,2.931106565679095e-06,7.637251966364048e-06,1.5052035366907216e-07,-3724187.9912511264,7983259790.945816,8012830328.86349,1505.7790736411396,8013059063.251562,8550676197.70064,1.772994691586275,7530.402843340183,0.07077029912768029,"[29610227.376010895, 29530941.59027672]","[0.07423772575569687, 0.07423772575569687]","[45695265852.441086, 45695265852.441086]",137613950170148.67,-15.288811430073673,873573839233.2717,4001075768114.0044,1.0,full_active,COUNTERFACTUAL_DIAGNOSTIC_NOT_PRODUCTION_PHYSICS,,,,
oneD_v2_dbtt_TP_f07fe99faea93479,TRANSPORT_EXTREME,INITIAL_ONSET_PRE_EVENT,REFERENCE_RADIUS_ACTUAL_SHIELD_ACTUAL_BACKSTRESS,False,55508160.779005244,2.931106565679095e-06,7.634485073185825e-06,1.5052035366907216e-07,-3724187.9912511264,7983259790.945816,8012830328.86349,1505.7790736411396,8014510979.771097,8552225527.104883,1.772031190731234,7607.3360447896075,0.07295736771164647,"[31064048.873229027, 30980870.25850296]","[0.07423772575569687, 0.07423772575569687]","[45695265852.441086, 45695265852.441086]",137613950170148.67,-15.275593304994509,873573839233.2717,4001075768114.0044,1.0,full_active,COUNTERFACTUAL_DIAGNOSTIC_NOT_PRODUCTION_PHYSICS,,,,
oneD_v2_dbtt_TP_f07fe99faea93479,TRANSPORT_EXTREME,INITIAL_ONSET_PRE_EVENT,ACTUAL_RADIUS_ZERO_SHIELD_ACTUAL_BACKSTRESS,False,55508160.779005244,2.931106565679095e-06,7.637251966364048e-06,1.5052035366907216e-07,0.0,7983259790.945816,8012830328.86349,1505.7790736411396,8013059063.251562,8013059063.251562,2.1238517362524267,185.91985560175567,1.0709409178606548e-06,"[29610227.376010895, 29530941.59027672]","[0.07423772575569687, 0.07423772575569687]","[45695265852.441086, 45695265852.441086]",137613950170148.67,-20.108896949188992,873573839233.2717,4001075768114.0044,1.0,full_active,COUNTERFACTUAL_DIAGNOSTIC_NOT_PRODUCTION_PHYSICS,,,,
oneD_v2_dbtt_TP_f07fe99faea93479,TRANSPORT_EXTREME,INITIAL_ONSET_PRE_EVENT,ACTUAL_RADIUS_ACTUAL_SHIELD_ZERO_BACKSTRESS,False,55508160.779005244,2.931106565679095e-06,7.637251966364048e-06,1.5052035366907216e-07,-3724187.9912511264,0.0,8012830328.86349,1505.7790736411396,8013059063.251562,8550676197.70064,1.772994691586275,7530.402843340183,0.07077029912768029,"[8023572545.592863, 8002088205.265057]","[0.07423772575569687, 0.07423772575569687]","[45695265852.441086, 45695265852.441086]",137613950170148.67,-15.288811430073673,873573839233.2717,4001075768114.0044,1.0,full_active,COUNTERFACTUAL_DIAGNOSTIC_NOT_PRODUCTION_PHYSICS,,,,
oneD_v2_dbtt_TP_f07fe99faea93479,TRANSPORT_EXTREME,INITIAL_ONSET_PRE_EVENT,REFERENCE_RADIUS_ZERO_SHIELD_ZERO_BACKSTRESS,False,55508160.779005244,2.931106565679095e-06,7.634485073185825e-06,1.5052035366907216e-07,0.0,0.0,8012830328.86349,1505.7790736411396,8014510979.771097,8014510979.771097,2.122862835752781,187.86961106773126,1.1049869925271133e-06,"[8025026367.090081, 8003538133.933283]","[0.07423772575569687, 0.07423772575569687]","[45695265852.441086, 45695265852.441086]",137613950170148.67,-20.095305295625682,873573839233.2717,4001075768114.0044,1.0,full_active,COUNTERFACTUAL_DIAGNOSTIC_NOT_PRODUCTION_PHYSICS,,,,
oneD_v2_dbtt_TP_f07fe99faea93479,TRANSPORT_EXTREME,INITIAL_ONSET_PRE_EVENT,ACTUAL_RADIUS_ACTUAL_SHIELD_ACTUAL_BACKSTRESS_REFERENCE_MULTIPLICITY,False,55508160.779005244,2.931106565679095e-06,7.637251966364048e-06,1.5052035366907216e-07,-3724187.9912511264,7983259790.945816,8012830328.86349,1505.547319142136,8013059063.251562,8550676197.70064,1.772994691586275,7530.402843340183,0.07077029912768029,"[29610227.376010895, 29530941.59027672]","[0.07423772575569687, 0.07423772575569687]","[45695265852.441086, 45695265852.441086]",137592770003259.75,-15.288744582653537,873573839233.2717,4001075768114.0044,1.0,full_active,COUNTERFACTUAL_DIAGNOSTIC_NOT_PRODUCTION_PHYSICS,,,,
oneD_v2_dbtt_TP_f07fe99faea93479,TRANSPORT_EXTREME,INITIAL_ONSET_PRE_EVENT,FACTORIAL_R0_S0_B0_M0,True,55508160.779005244,2.931106565679095e-06,7.634485073185825e-06,1.5052035366907216e-07,0.0,0.0,8012830328.86349,1505.547319142136,8014510979.771097,8014510979.771097,2.122862835752781,187.86961106773126,1.1049869925271133e-06,"[8025026367.090081, 8003538133.933283]","[0.07423772575569687, 0.07423772575569687]","[45695265852.441086, 45695265852.441086]",137592770003259.75,-20.095238448205546,873573839233.2717,4001075768114.0044,1.0,full_active,COUNTERFACTUAL_DIAGNOSTIC_NOT_PRODUCTION_PHYSICS,False,False,False,False
oneD_v2_dbtt_TP_f07fe99faea93479,TRANSPORT_EXTREME,INITIAL_ONSET_PRE_EVENT,FACTORIAL_R0_S0_B0_M1,True,55508160.779005244,2.931106565679095e-06,7.634485073185825e-06,1.5052035366907216e-07,0.0,0.0,8012830328.86349,1505.7790736411396,8014510979.771097,8014510979.771097,2.122862835752781,187.86961106773126,1.1049869925271133e-06,"[8025026367.090081, 8003538133.933283]","[0.07423772575569687, 0.07423772575569687]","[45695265852.441086, 45695265852.441086]",137613950170148.67,-20.095305295625682,873573839233.2717,4001075768114.0044,1.0,full_active,COUNTERFACTUAL_DIAGNOSTIC_NOT_PRODUCTION_PHYSICS,False,False,False,True
oneD_v2_dbtt_TP_f07fe99faea93479,TRANSPORT_EXTREME,INITIAL_ONSET_PRE_EVENT,FACTORIAL_R0_S0_B1_M0,True,55508160.779005244,2.931106565679095e-06,7.634485073185825e-06,1.5052035366907216e-07,0.0,7983259790.945816,8012830328.86349,1505.547319142136,8014510979.771097,8014510979.771097,2.122862835752781,187.86961106773126,1.1049869925271133e-06,"[31064048.873229027, 30980870.25850296]","[0.07423772575569687, 0.07423772575569687]","[45695265852.441086, 45695265852.441086]",137592770003259.75,-20.095238448205546,873573839233.2717,4001075768114.0044,1.0,full_active,COUNTERFACTUAL_DIAGNOSTIC_NOT_PRODUCTION_PHYSICS,False,False,True,False
oneD_v2_dbtt_TP_f07fe99faea93479,TRANSPORT_EXTREME,INITIAL_ONSET_PRE_EVENT,FACTORIAL_R0_S0_B1_M1,True,55508160.779005244,2.931106565679095e-06,7.634485073185825e-06,1.5052035366907216e-07,0.0,7983259790.945816,8012830328.86349,1505.7790736411396,8014510979.771097,8014510979.771097,2.122862835752781,187.86961106773126,1.1049869925271133e-06,"[31064048.873229027, 30980870.25850296]","[0.07423772575569687, 0.07423772575569687]","[45695265852.441086, 45695265852.441086]",137613950170148.67,-20.095305295625682,873573839233.2717,4001075768114.0044,1.0,full_active,COUNTERFACTUAL_DIAGNOSTIC_NOT_PRODUCTION_PHYSICS,False,False,True,True
oneD_v2_dbtt_TP_f07fe99faea93479,TRANSPORT_EXTREME,INITIAL_ONSET_PRE_EVENT,FACTORIAL_R0_S1_B0_M0,True,55508160.779005244,2.931106565679095e-06,7.634485073185825e-06,1.5052035366907216e-07,-3724187.9912511264,0.0,8012830328.86349,1505.547319142136,8014510979.771097,8552225527.104883,1.772031190731234,7607.3360447896075,0.07295736771164647,"[8025026367.090081, 8003538133.933283]","[0.07423772575569687, 0.07423772575569687]","[45695265852.441086, 45695265852.441086]",137592770003259.75,-15.275526457574372,873573839233.2717,4001075768114.0044,1.0,full_active,COUNTERFACTUAL_DIAGNOSTIC_NOT_PRODUCTION_PHYSICS,False,True,False,False
oneD_v2_dbtt_TP_f07fe99faea93479,TRANSPORT_EXTREME,INITIAL_ONSET_PRE_EVENT,FACTORIAL_R0_S1_B0_M1,True,55508160.779005244,2.931106565679095e-06,7.634485073185825e-06,1.5052035366907216e-07,-3724187.9912511264,0.0,8012830328.86349,1505.7790736411396,8014510979.771097,8552225527.104883,1.772031190731234,7607.3360447896075,0.07295736771164647,"[8025026367.090081, 8003538133.933283]","[0.07423772575569687, 0.07423772575569687]","[45695265852.441086, 45695265852.441086]",137613950170148.67,-15.275593304994509,873573839233.2717,4001075768114.0044,1.0,full_active,COUNTERFACTUAL_DIAGNOSTIC_NOT_PRODUCTION_PHYSICS,False,True,False,True
oneD_v2_dbtt_TP_f07fe99faea93479,TRANSPORT_EXTREME,INITIAL_ONSET_PRE_EVENT,FACTORIAL_R0_S1_B1_M0,True,55508160.779005244,2.931106565679095e-06,7.634485073185825e-06,1.5052035366907216e-07,-3724187.9912511264,7983259790.945816,8012830328.86349,1505.547319142136,8014510979.771097,8552225527.104883,1.772031190731234,7607.3360447896075,0.07295736771164647,"[31064048.873229027, 30980870.25850296]","[0.07423772575569687, 0.07423772575569687]","[45695265852.441086, 45695265852.441086]",137592770003259.75,-15.275526457574372,873573839233.2717,4001075768114.0044,1.0,full_active,COUNTERFACTUAL_DIAGNOSTIC_NOT_PRODUCTION_PHYSICS,False,True,True,False
oneD_v2_dbtt_TP_f07fe99faea93479,TRANSPORT_EXTREME,INITIAL_ONSET_PRE_EVENT,FACTORIAL_R0_S1_B1_M1,True,55508160.779005244,2.931106565679095e-06,7.634485073185825e-06,1.5052035366907216e-07,-3724187.9912511264,7983259790.945816,8012830328.86349,1505.7790736411396,8014510979.771097,8552225527.104883,1.772031190731234,7607.3360447896075,0.07295736771164647,"[31064048.873229027, 30980870.25850296]","[0.07423772575569687, 0.07423772575569687]","[45695265852.441086, 45695265852.441086]",137613950170148.67,-15.275593304994509,873573839233.2717,4001075768114.0044,1.0,full_active,COUNTERFACTUAL_DIAGNOSTIC_NOT_PRODUCTION_PHYSICS,False,True,True,True
oneD_v2_dbtt_TP_f07fe99faea93479,TRANSPORT_EXTREME,INITIAL_ONSET_PRE_EVENT,FACTORIAL_R1_S0_B0_M0,True,55508160.779005244,2.931106565679095e-06,7.637251966364048e-06,1.5052035366907216e-07,0.0,0.0,8012830328.86349,1505.547319142136,8013059063.251562,8013059063.251562,2.1238517362524267,185.91985560175567,1.0709409178606548e-06,"[8023572545.592863, 8002088205.265057]","[0.07423772575569687, 0.07423772575569687]","[45695265852.441086, 45695265852.441086]",137592770003259.75,-20.10883010176886,873573839233.2717,4001075768114.0044,1.0,full_active,COUNTERFACTUAL_DIAGNOSTIC_NOT_PRODUCTION_PHYSICS,True,False,False,False
oneD_v2_dbtt_TP_f07fe99faea93479,TRANSPORT_EXTREME,INITIAL_ONSET_PRE_EVENT,FACTORIAL_R1_S0_B0_M1,True,55508160.779005244,2.931106565679095e-06,7.637251966364048e-06,1.5052035366907216e-07,0.0,0.0,8012830328.86349,1505.7790736411396,8013059063.251562,8013059063.251562,2.1238517362524267,185.91985560175567,1.0709409178606548e-06,"[8023572545.592863, 8002088205.265057]","[0.07423772575569687, 0.07423772575569687]","[45695265852.441086, 45695265852.441086]",137613950170148.67,-20.108896949188992,873573839233.2717,4001075768114.0044,1.0,full_active,COUNTERFACTUAL_DIAGNOSTIC_NOT_PRODUCTION_PHYSICS,True,False,False,True
oneD_v2_dbtt_TP_f07fe99faea93479,TRANSPORT_EXTREME,INITIAL_ONSET_PRE_EVENT,FACTORIAL_R1_S0_B1_M0,True,55508160.779005244,2.931106565679095e-06,7.637251966364048e-06,1.5052035366907216e-07,0.0,7983259790.945816,8012830328.86349,1505.547319142136,8013059063.251562,8013059063.251562,2.1238517362524267,185.91985560175567,1.0709409178606548e-06,"[29610227.376010895, 29530941.59027672]","[0.07423772575569687, 0.07423772575569687]","[45695265852.441086, 45695265852.441086]",137592770003259.75,-20.10883010176886,873573839233.2717,4001075768114.0044,1.0,full_active,COUNTERFACTUAL_DIAGNOSTIC_NOT_PRODUCTION_PHYSICS,True,False,True,False
oneD_v2_dbtt_TP_f07fe99faea93479,TRANSPORT_EXTREME,INITIAL_ONSET_PRE_EVENT,FACTORIAL_R1_S0_B1_M1,True,55508160.779005244,2.931106565679095e-06,7.637251966364048e-06,1.5052035366907216e-07,0.0,7983259790.945816,8012830328.86349,1505.7790736411396,8013059063.251562,8013059063.251562,2.1238517362524267,185.91985560175567,1.0709409178606548e-06,"[29610227.376010895, 29530941.59027672]","[0.07423772575569687, 0.07423772575569687]","[45695265852.441086, 45695265852.441086]",137613950170148.67,-20.108896949188992,873573839233.2717,4001075768114.0044,1.0,full_active,COUNTERFACTUAL_DIAGNOSTIC_NOT_PRODUCTION_PHYSICS,True,False,True,True
oneD_v2_dbtt_TP_f07fe99faea93479,TRANSPORT_EXTREME,INITIAL_ONSET_PRE_EVENT,FACTORIAL_R1_S1_B0_M0,True,55508160.779005244,2.931106565679095e-06,7.637251966364048e-06,1.5052035366907216e-07,-3724187.9912511264,0.0,8012830328.86349,1505.547319142136,8013059063.251562,8550676197.70064,1.772994691586275,7530.402843340183,0.07077029912768029,"[8023572545.592863, 8002088205.265057]","[0.07423772575569687, 0.07423772575569687]","[45695265852.441086, 45695265852.441086]",137592770003259.75,-15.288744582653537,873573839233.2717,4001075768114.0044,1.0,full_active,COUNTERFACTUAL_DIAGNOSTIC_NOT_PRODUCTION_PHYSICS,True,True,False,False
oneD_v2_dbtt_TP_f07fe99faea93479,TRANSPORT_EXTREME,INITIAL_ONSET_PRE_EVENT,FACTORIAL_R1_S1_B0_M1,True,55508160.779005244,2.931106565679095e-06,7.637251966364048e-06,1.5052035366907216e-07,-3724187.9912511264,0.0,8012830328.86349,1505.7790736411396,8013059063.251562,8550676197.70064,1.772994691586275,7530.402843340183,0.07077029912768029,"[8023572545.592863, 8002088205.265057]","[0.07423772575569687, 0.07423772575569687]","[45695265852.441086, 45695265852.441086]",137613950170148.67,-15.288811430073673,873573839233.2717,4001075768114.0044,1.0,full_active,COUNTERFACTUAL_DIAGNOSTIC_NOT_PRODUCTION_PHYSICS,True,True,False,True
oneD_v2_dbtt_TP_f07fe99faea93479,TRANSPORT_EXTREME,INITIAL_ONSET_PRE_EVENT,FACTORIAL_R1_S1_B1_M0,True,55508160.779005244,2.931106565679095e-06,7.637251966364048e-06,1.5052035366907216e-07,-3724187.9912511264,7983259790.945816,8012830328.86349,1505.547319142136,8013059063.251562,8550676197.70064,1.772994691586275,7530.402843340183,0.07077029912768029,"[29610227.376010895, 29530941.59027672]","[0.07423772575569687, 0.07423772575569687]","[45695265852.441086, 45695265852.441086]",137592770003259.75,-15.288744582653537,873573839233.2717,4001075768114.0044,1.0,full_active,COUNTERFACTUAL_DIAGNOSTIC_NOT_PRODUCTION_PHYSICS,True,True,True,False
oneD_v2_dbtt_TP_f07fe99faea93479,TRANSPORT_EXTREME,INITIAL_ONSET_PRE_EVENT,FACTORIAL_R1_S1_B1_M1,True,55508160.779005244,2.931106565679095e-06,7.637251966364048e-06,1.5052035366907216e-07,-3724187.9912511264,7983259790.945816,8012830328.86349,1505.7790736411396,8013059063.251562,8550676197.70064,1.772994691586275,7530.402843340183,0.07077029912768029,"[29610227.376010895, 29530941.59027672]","[0.07423772575569687, 0.07423772575569687]","[45695265852.441086, 45695265852.441086]",137613950170148.67,-15.288811430073673,873573839233.2717,4001075768114.0044,1.0,full_active,COUNTERFACTUAL_DIAGNOSTIC_NOT_PRODUCTION_PHYSICS,True,True,True,True
oneD_v2_dbtt_TP_f07fe99faea93479,TRANSPORT_EXTREME,REINITIATION_ONSET_PRE_EVENT,ACTUAL_RADIUS_ACTUAL_SHIELD_ACTUAL_BACKSTRESS_ACTUAL_MULTIPLICITY,False,49177115.33271691,5.2426686978820885e-05,5.274492947535005e-06,1.875512173328355e-07,-2066524.7595480885,6406047143.674218,6418260754.440246,1295.7747461722956,8542456143.236762,8901427933.426497,1.5625165607218279,69366.26228019985,52.8127673262942,"[12361485.81531334, 12065886.658525467]","[0.07423772575569687, 0.07423772575569687]","[45695265852.441086, 45695265852.441086]",118421543022444.83,-12.350691791002456,873573839233.2717,4001075768114.0044,1.0,full_active,COUNTERFACTUAL_DIAGNOSTIC_NOT_PRODUCTION_PHYSICS,,,,
oneD_v2_dbtt_TP_f07fe99faea93479,TRANSPORT_EXTREME,REINITIATION_ONSET_PRE_EVENT,REFERENCE_RADIUS_ACTUAL_SHIELD_ACTUAL_BACKSTRESS,False,49177115.33271691,5.2426686978820885e-05,5.273940598008174e-06,1.875512173328355e-07,-2066524.7595480885,6406047143.674218,6418260754.440246,1295.7747461722956,8542903465.119255,8901894052.705694,1.5622473632112648,69563.53661370445,53.25678825558874,"[12702059.716114998, 12397491.4540205]","[0.07423772575569687, 0.07423772575569687]","[45695265852.441086, 45695265852.441086]",118421543022444.83,-12.347055743603292,873573839233.2717,4001075768114.0044,1.0,full_active,COUNTERFACTUAL_DIAGNOSTIC_NOT_PRODUCTION_PHYSICS,,,,
oneD_v2_dbtt_TP_f07fe99faea93479,TRANSPORT_EXTREME,REINITIATION_ONSET_PRE_EVENT,ACTUAL_RADIUS_ZERO_SHIELD_ACTUAL_BACKSTRESS,False,49177115.33271691,5.2426686978820885e-05,5.274492947535005e-06,1.875512173328355e-07,0.0,6406047143.674218,6418260754.440246,1295.7747461722956,8542456143.236762,8542456143.236762,1.7781114563460618,7134.69078433185,0.06020751653356233,"[12361485.81531334, 12065886.658525467]","[0.07423772575569687, 0.07423772575569687]","[45695265852.441086, 45695265852.441086]",118421543022444.83,-15.293780001997794,873573839233.2717,4001075768114.0044,1.0,full_active,COUNTERFACTUAL_DIAGNOSTIC_NOT_PRODUCTION_PHYSICS,,,,
oneD_v2_dbtt_TP_f07fe99faea93479,TRANSPORT_EXTREME,REINITIATION_ONSET_PRE_EVENT,ACTUAL_RADIUS_ACTUAL_SHIELD_ZERO_BACKSTRESS,False,49177115.33271691,5.2426686978820885e-05,5.274492947535005e-06,1.875512173328355e-07,-2066524.7595480885,0.0,6418260754.440246,1295.7747461722956,8542456143.236762,8901427933.426497,1.5625165607218279,69366.26228019985,52.8127673262942,"[6503901832.201246, 6332619827.621029]","[0.07423772575569687, 0.07423772575569687]","[45695265852.441086, 45695265852.441086]",118421543022444.83,-12.350691791002456,873573839233.2717,4001075768114.0044,1.0,full_active,COUNTERFACTUAL_DIAGNOSTIC_NOT_PRODUCTION_PHYSICS,,,,
oneD_v2_dbtt_TP_f07fe99faea93479,TRANSPORT_EXTREME,REINITIATION_ONSET_PRE_EVENT,REFERENCE_RADIUS_ZERO_SHIELD_ZERO_BACKSTRESS,False,49177115.33271691,5.2426686978820885e-05,5.273940598008174e-06,1.875512173328355e-07,0.0,0.0,6418260754.440246,1295.7747461722956,8542903465.119255,8542903465.119255,1.777832800314877,7155.695486733496,0.060739884201875934,"[6504242406.102048, 6332951432.416524]","[0.07423772575569687, 0.07423772575569687]","[45695265852.441086, 45695265852.441086]",118421543022444.83,-15.289956755984086,873573839233.2717,4001075768114.0044,1.0,full_active,COUNTERFACTUAL_DIAGNOSTIC_NOT_PRODUCTION_PHYSICS,,,,
oneD_v2_dbtt_TP_f07fe99faea93479,TRANSPORT_EXTREME,REINITIATION_ONSET_PRE_EVENT,ACTUAL_RADIUS_ACTUAL_SHIELD_ACTUAL_BACKSTRESS_REFERENCE_MULTIPLICITY,False,49177115.33271691,5.2426686978820885e-05,5.274492947535005e-06,1.875512173328355e-07,-2066524.7595480885,6406047143.674218,6418260754.440246,1295.7227413267585,8542456143.236762,8901427933.426497,1.5625165607218279,69366.26228019985,52.8127673262942,"[12361485.81531334, 12065886.658525467]","[0.07423772575569687, 0.07423772575569687]","[45695265852.441086, 45695265852.441086]",118416790271959.97,-12.350674360603575,873573839233.2717,4001075768114.0044,1.0,full_active,COUNTERFACTUAL_DIAGNOSTIC_NOT_PRODUCTION_PHYSICS,,,,
oneD_v2_dbtt_TP_f07fe99faea93479,TRANSPORT_EXTREME,REINITIATION_ONSET_PRE_EVENT,FACTORIAL_R0_S0_B0_M0,True,49177115.33271691,5.2426686978820885e-05,5.273940598008174e-06,1.875512173328355e-07,0.0,0.0,6418260754.440246,1295.7227413267585,8542903465.119255,8542903465.119255,1.777832800314877,7155.695486733496,0.060739884201875934,"[6504242406.102048, 6332951432.416524]","[0.07423772575569687, 0.07423772575569687]","[45695265852.441086, 45695265852.441086]",118416790271959.97,-15.289939325585205,873573839233.2717,4001075768114.0044,1.0,full_active,COUNTERFACTUAL_DIAGNOSTIC_NOT_PRODUCTION_PHYSICS,False,False,False,False
oneD_v2_dbtt_TP_f07fe99faea93479,TRANSPORT_EXTREME,REINITIATION_ONSET_PRE_EVENT,FACTORIAL_R0_S0_B0_M1,True,49177115.33271691,5.2426686978820885e-05,5.273940598008174e-06,1.875512173328355e-07,0.0,0.0,6418260754.440246,1295.7747461722956,8542903465.119255,8542903465.119255,1.777832800314877,7155.695486733496,0.060739884201875934,"[6504242406.102048, 6332951432.416524]","[0.07423772575569687, 0.07423772575569687]","[45695265852.441086, 45695265852.441086]",118421543022444.83,-15.289956755984086,873573839233.2717,4001075768114.0044,1.0,full_active,COUNTERFACTUAL_DIAGNOSTIC_NOT_PRODUCTION_PHYSICS,False,False,False,True
oneD_v2_dbtt_TP_f07fe99faea93479,TRANSPORT_EXTREME,REINITIATION_ONSET_PRE_EVENT,FACTORIAL_R0_S0_B1_M0,True,49177115.33271691,5.2426686978820885e-05,5.273940598008174e-06,1.875512173328355e-07,0.0,6406047143.674218,6418260754.440246,1295.7227413267585,8542903465.119255,8542903465.119255,1.777832800314877,7155.695486733496,0.060739884201875934,"[12702059.716114998, 12397491.4540205]","[0.07423772575569687, 0.07423772575569687]","[45695265852.441086, 45695265852.441086]",118416790271959.97,-15.289939325585205,873573839233.2717,4001075768114.0044,1.0,full_active,COUNTERFACTUAL_DIAGNOSTIC_NOT_PRODUCTION_PHYSICS,False,False,True,False
oneD_v2_dbtt_TP_f07fe99faea93479,TRANSPORT_EXTREME,REINITIATION_ONSET_PRE_EVENT,FACTORIAL_R0_S0_B1_M1,True,49177115.33271691,5.2426686978820885e-05,5.273940598008174e-06,1.875512173328355e-07,0.0,6406047143.674218,6418260754.440246,1295.7747461722956,8542903465.119255,8542903465.119255,1.777832800314877,7155.695486733496,0.060739884201875934,"[12702059.716114998, 12397491.4540205]","[0.07423772575569687, 0.07423772575569687]","[45695265852.441086, 45695265852.441086]",118421543022444.83,-15.289956755984086,873573839233.2717,4001075768114.0044,1.0,full_active,COUNTERFACTUAL_DIAGNOSTIC_NOT_PRODUCTION_PHYSICS,False,False,True,True
oneD_v2_dbtt_TP_f07fe99faea93479,TRANSPORT_EXTREME,REINITIATION_ONSET_PRE_EVENT,FACTORIAL_R0_S1_B0_M0,True,49177115.33271691,5.2426686978820885e-05,5.273940598008174e-06,1.875512173328355e-07,-2066524.7595480885,0.0,6418260754.440246,1295.7227413267585,8542903465.119255,8901894052.705694,1.5622473632112648,69563.53661370445,53.25678825558874,"[6504242406.102048, 6332951432.416524]","[0.07423772575569687, 0.07423772575569687]","[45695265852.441086, 45695265852.441086]",118416790271959.97,-12.347038313204411,873573839233.2717,4001075768114.0044,1.0,full_active,COUNTERFACTUAL_DIAGNOSTIC_NOT_PRODUCTION_PHYSICS,False,True,False,False
oneD_v2_dbtt_TP_f07fe99faea93479,TRANSPORT_EXTREME,REINITIATION_ONSET_PRE_EVENT,FACTORIAL_R0_S1_B0_M1,True,49177115.33271691,5.2426686978820885e-05,5.273940598008174e-06,1.875512173328355e-07,-2066524.7595480885,0.0,6418260754.440246,1295.7747461722956,8542903465.119255,8901894052.705694,1.5622473632112648,69563.53661370445,53.25678825558874,"[6504242406.102048, 6332951432.416524]","[0.07423772575569687, 0.07423772575569687]","[45695265852.441086, 45695265852.441086]",118421543022444.83,-12.347055743603292,873573839233.2717,4001075768114.0044,1.0,full_active,COUNTERFACTUAL_DIAGNOSTIC_NOT_PRODUCTION_PHYSICS,False,True,False,True
oneD_v2_dbtt_TP_f07fe99faea93479,TRANSPORT_EXTREME,REINITIATION_ONSET_PRE_EVENT,FACTORIAL_R0_S1_B1_M0,True,49177115.33271691,5.2426686978820885e-05,5.273940598008174e-06,1.875512173328355e-07,-2066524.7595480885,6406047143.674218,6418260754.440246,1295.7227413267585,8542903465.119255,8901894052.705694,1.5622473632112648,69563.53661370445,53.25678825558874,"[12702059.716114998, 12397491.4540205]","[0.07423772575569687, 0.07423772575569687]","[45695265852.441086, 45695265852.441086]",118416790271959.97,-12.347038313204411,873573839233.2717,4001075768114.0044,1.0,full_active,COUNTERFACTUAL_DIAGNOSTIC_NOT_PRODUCTION_PHYSICS,False,True,True,False
oneD_v2_dbtt_TP_f07fe99faea93479,TRANSPORT_EXTREME,REINITIATION_ONSET_PRE_EVENT,FACTORIAL_R0_S1_B1_M1,True,49177115.33271691,5.2426686978820885e-05,5.273940598008174e-06,1.875512173328355e-07,-2066524.7595480885,6406047143.674218,6418260754.440246,1295.7747461722956,8542903465.119255,8901894052.705694,1.5622473632112648,69563.53661370445,53.25678825558874,"[12702059.716114998, 12397491.4540205]","[0.07423772575569687, 0.07423772575569687]","[45695265852.441086, 45695265852.441086]",118421543022444.83,-12.347055743603292,873573839233.2717,4001075768114.0044,1.0,full_active,COUNTERFACTUAL_DIAGNOSTIC_NOT_PRODUCTION_PHYSICS,False,True,True,True
oneD_v2_dbtt_TP_f07fe99faea93479,TRANSPORT_EXTREME,REINITIATION_ONSET_PRE_EVENT,FACTORIAL_R1_S0_B0_M0,True,49177115.33271691,5.2426686978820885e-05,5.274492947535005e-06,1.875512173328355e-07,0.0,0.0,6418260754.440246,1295.7227413267585,8542456143.236762,8542456143.236762,1.7781114563460618,7134.69078433185,0.06020751653356233,"[6503901832.201246, 6332619827.621029]","[0.07423772575569687, 0.07423772575569687]","[45695265852.441086, 45695265852.441086]",118416790271959.97,-15.293762571598913,873573839233.2717,4001075768114.0044,1.0,full_active,COUNTERFACTUAL_DIAGNOSTIC_NOT_PRODUCTION_PHYSICS,True,False,False,False
oneD_v2_dbtt_TP_f07fe99faea93479,TRANSPORT_EXTREME,REINITIATION_ONSET_PRE_EVENT,FACTORIAL_R1_S0_B0_M1,True,49177115.33271691,5.2426686978820885e-05,5.274492947535005e-06,1.875512173328355e-07,0.0,0.0,6418260754.440246,1295.7747461722956,8542456143.236762,8542456143.236762,1.7781114563460618,7134.69078433185,0.06020751653356233,"[6503901832.201246, 6332619827.621029]","[0.07423772575569687, 0.07423772575569687]","[45695265852.441086, 45695265852.441086]",118421543022444.83,-15.293780001997794,873573839233.2717,4001075768114.0044,1.0,full_active,COUNTERFACTUAL_DIAGNOSTIC_NOT_PRODUCTION_PHYSICS,True,False,False,True
oneD_v2_dbtt_TP_f07fe99faea93479,TRANSPORT_EXTREME,REINITIATION_ONSET_PRE_EVENT,FACTORIAL_R1_S0_B1_M0,True,49177115.33271691,5.2426686978820885e-05,5.274492947535005e-06,1.875512173328355e-07,0.0,6406047143.674218,6418260754.440246,1295.7227413267585,8542456143.236762,8542456143.236762,1.7781114563460618,7134.69078433185,0.06020751653356233,"[12361485.81531334, 12065886.658525467]","[0.07423772575569687, 0.07423772575569687]","[45695265852.441086, 45695265852.441086]",118416790271959.97,-15.293762571598913,873573839233.2717,4001075768114.0044,1.0,full_active,COUNTERFACTUAL_DIAGNOSTIC_NOT_PRODUCTION_PHYSICS,True,False,True,False
oneD_v2_dbtt_TP_f07fe99faea93479,TRANSPORT_EXTREME,REINITIATION_ONSET_PRE_EVENT,FACTORIAL_R1_S0_B1_M1,True,49177115.33271691,5.2426686978820885e-05,5.274492947535005e-06,1.875512173328355e-07,0.0,6406047143.674218,6418260754.440246,1295.7747461722956,8542456143.236762,8542456143.236762,1.7781114563460618,7134.69078433185,0.06020751653356233,"[12361485.81531334, 12065886.658525467]","[0.07423772575569687, 0.07423772575569687]","[45695265852.441086, 45695265852.441086]",118421543022444.83,-15.293780001997794,873573839233.2717,4001075768114.0044,1.0,full_active,COUNTERFACTUAL_DIAGNOSTIC_NOT_PRODUCTION_PHYSICS,True,False,True,True
oneD_v2_dbtt_TP_f07fe99faea93479,TRANSPORT_EXTREME,REINITIATION_ONSET_PRE_EVENT,FACTORIAL_R1_S1_B0_M0,True,49177115.33271691,5.2426686978820885e-05,5.274492947535005e-06,1.875512173328355e-07,-2066524.7595480885,0.0,6418260754.440246,1295.7227413267585,8542456143.236762,8901427933.426497,1.5625165607218279,69366.26228019985,52.8127673262942,"[6503901832.201246, 6332619827.621029]","[0.07423772575569687, 0.07423772575569687]","[45695265852.441086, 45695265852.441086]",118416790271959.97,-12.350674360603575,873573839233.2717,4001075768114.0044,1.0,full_active,COUNTERFACTUAL_DIAGNOSTIC_NOT_PRODUCTION_PHYSICS,True,True,False,False
oneD_v2_dbtt_TP_f07fe99faea93479,TRANSPORT_EXTREME,REINITIATION_ONSET_PRE_EVENT,FACTORIAL_R1_S1_B0_M1,True,49177115.33271691,5.2426686978820885e-05,5.274492947535005e-06,1.875512173328355e-07,-2066524.7595480885,0.0,6418260754.440246,1295.7747461722956,8542456143.236762,8901427933.426497,1.5625165607218279,69366.26228019985,52.8127673262942,"[6503901832.201246, 6332619827.621029]","[0.07423772575569687, 0.07423772575569687]","[45695265852.441086, 45695265852.441086]",118421543022444.83,-12.350691791002456,873573839233.2717,4001075768114.0044,1.0,full_active,COUNTERFACTUAL_DIAGNOSTIC_NOT_PRODUCTION_PHYSICS,True,True,False,True
oneD_v2_dbtt_TP_f07fe99faea93479,TRANSPORT_EXTREME,REINITIATION_ONSET_PRE_EVENT,FACTORIAL_R1_S1_B1_M0,True,49177115.33271691,5.2426686978820885e-05,5.274492947535005e-06,1.875512173328355e-07,-2066524.7595480885,6406047143.674218,6418260754.440246,1295.7227413267585,8542456143.236762,8901427933.426497,1.5625165607218279,69366.26228019985,52.8127673262942,"[12361485.81531334, 12065886.658525467]","[0.07423772575569687, 0.07423772575569687]","[45695265852.441086, 45695265852.441086]",118416790271959.97,-12.350674360603575,873573839233.2717,4001075768114.0044,1.0,full_active,COUNTERFACTUAL_DIAGNOSTIC_NOT_PRODUCTION_PHYSICS,True,True,True,False
oneD_v2_dbtt_TP_f07fe99faea93479,TRANSPORT_EXTREME,REINITIATION_ONSET_PRE_EVENT,FACTORIAL_R1_S1_B1_M1,True,49177115.33271691,5.2426686978820885e-05,5.274492947535005e-06,1.875512173328355e-07,-2066524.7595480885,6406047143.674218,6418260754.440246,1295.7747461722956,8542456143.236762,8901427933.426497,1.5625165607218279,69366.26228019985,52.8127673262942,"[12361485.81531334, 12065886.658525467]","[0.07423772575569687, 0.07423772575569687]","[45695265852.441086, 45695265852.441086]",118421543022444.83,-12.350691791002456,873573839233.2717,4001075768114.0044,1.0,full_active,COUNTERFACTUAL_DIAGNOSTIC_NOT_PRODUCTION_PHYSICS,True,True,True,True
oneD_v2_dbtt_TP_4895f9e5b44deea5,RETENTION_EXTREME,INITIAL_ONSET_PRE_EVENT,ACTUAL_RADIUS_ACTUAL_SHIELD_ACTUAL_BACKSTRESS_ACTUAL_MULTIPLICITY,False,55508231.671889186,2.931106565679095e-06,7.637118523981768e-06,1.505218664598582e-07,-3724309.4258594946,7983179538.561341,8012910565.906362,1505.7678972460437,8013139302.576728,8550778664.099123,1.7729309605519896,7535.467495297079,0.07091291786064376,"[29770931.9511528, 29691215.85445404]","[0.07423772575569687, 0.07423772575569687]","[45695265852.441086, 45695265852.441086]",137612928753458.31,-15.287933882143237,849561183868.6537,3891094849280.8906,1.0,full_active,COUNTERFACTUAL_DIAGNOSTIC_NOT_PRODUCTION_PHYSICS,,,,
oneD_v2_dbtt_TP_4895f9e5b44deea5,RETENTION_EXTREME,INITIAL_ONSET_PRE_EVENT,REFERENCE_RADIUS_ACTUAL_SHIELD_ACTUAL_BACKSTRESS,False,55508231.671889186,2.931106565679095e-06,7.634485073185825e-06,1.505218664598582e-07,-3724309.4258594946,7983179538.561341,8012910565.906362,1505.7678972460437,8014521215.595682,8552253296.189235,1.7720139242745665,7608.721874298965,0.0729971710959201,"[31154658.100149155, 31071236.865454674]","[0.07423772575569687, 0.07423772575569687]","[45695265852.441086, 45695265852.441086]",137612928753458.31,-15.275353207875682,849561183868.6537,3891094849280.8906,1.0,full_active,COUNTERFACTUAL_DIAGNOSTIC_NOT_PRODUCTION_PHYSICS,,,,
oneD_v2_dbtt_TP_4895f9e5b44deea5,RETENTION_EXTREME,INITIAL_ONSET_PRE_EVENT,ACTUAL_RADIUS_ZERO_SHIELD_ACTUAL_BACKSTRESS,False,55508231.671889186,2.931106565679095e-06,7.637118523981768e-06,1.505218664598582e-07,0.0,7983179538.561341,8012910565.906362,1505.7678972460437,8013139302.576728,8013139302.576728,2.123797079855457,186.02708809692678,1.0727949517075994e-06,"[29770931.9511528, 29691215.85445404]","[0.07423772575569687, 0.07423772575569687]","[45695265852.441086, 45695265852.441086]",137612928753458.31,-20.10814251667007,849561183868.6537,3891094849280.8906,1.0,full_active,COUNTERFACTUAL_DIAGNOSTIC_NOT_PRODUCTION_PHYSICS,,,,
oneD_v2_dbtt_TP_4895f9e5b44deea5,RETENTION_EXTREME,INITIAL_ONSET_PRE_EVENT,ACTUAL_RADIUS_ACTUAL_SHIELD_ZERO_BACKSTRESS,False,55508231.671889186,2.931106565679095e-06,7.637118523981768e-06,1.505218664598582e-07,-3724309.4258594946,0.0,8012910565.906362,1505.7678972460437,8013139302.576728,8550778664.099123,1.7729309605519896,7535.467495297079,0.07091291786064376,"[8023652890.1955185, 8002168334.732771]","[0.07423772575569687, 0.07423772575569687]","[45695265852.441086, 45695265852.441086]",137612928753458.31,-15.287933882143237,849561183868.6537,3891094849280.8906,1.0,full_active,COUNTERFACTUAL_DIAGNOSTIC_NOT_PRODUCTION_PHYSICS,,,,
oneD_v2_dbtt_TP_4895f9e5b44deea5,RETENTION_EXTREME,INITIAL_ONSET_PRE_EVENT,REFERENCE_RADIUS_ZERO_SHIELD_ZERO_BACKSTRESS,False,55508231.671889186,2.931106565679095e-06,7.634485073185825e-06,1.505218664598582e-07,0.0,0.0,8012910565.906362,1505.7678972460437,8014521215.595682,8014521215.595682,2.1228558648638147,187.883427474045,1.105230789617613e-06,"[8025036616.344515, 8003548355.743772]","[0.07423772575569687, 0.07423772575569687]","[45695265852.441086, 45695265852.441086]",137612928753458.31,-20.09520626281491,849561183868.6537,3891094849280.8906,1.0,full_active,COUNTERFACTUAL_DIAGNOSTIC_NOT_PRODUCTION_PHYSICS,,,,
oneD_v2_dbtt_TP_4895f9e5b44deea5,RETENTION_EXTREME,INITIAL_ONSET_PRE_EVENT,ACTUAL_RADIUS_ACTUAL_SHIELD_ACTUAL_BACKSTRESS_REFERENCE_MULTIPLICITY,False,55508231.671889186,2.931106565679095e-06,7.637118523981768e-06,1.505218664598582e-07,-3724309.4258594946,7983179538.561341,8012910565.906362,1505.547319142136,8013139302.576728,8550778664.099123,1.7729309605519896,7535.467495297079,0.07091291786064376,"[29770931.9511528, 29691215.85445404]","[0.07423772575569687, 0.07423772575569687]","[45695265852.441086, 45695265852.441086]",137592770003259.75,-15.28787025821373,849561183868.6537,3891094849280.8906,1.0,full_active,COUNTERFACTUAL_DIAGNOSTIC_NOT_PRODUCTION_PHYSICS,,,,
oneD_v2_dbtt_TP_4895f9e5b44deea5,RETENTION_EXTREME,INITIAL_ONSET_PRE_EVENT,FACTORIAL_R0_S0_B0_M0,True,55508231.671889186,2.931106565679095e-06,7.634485073185825e-06,1.505218664598582e-07,0.0,0.0,8012910565.906362,1505.547319142136,8014521215.595682,8014521215.595682,2.1228558648638147,187.883427474045,1.105230789617613e-06,"[8025036616.344515, 8003548355.743772]","[0.07423772575569687, 0.07423772575569687]","[45695265852.441086, 45695265852.441086]",137592770003259.75,-20.095142638885402,849561183868.6537,3891094849280.8906,1.0,full_active,COUNTERFACTUAL_DIAGNOSTIC_NOT_PRODUCTION_PHYSICS,False,False,False,False
oneD_v2_dbtt_TP_4895f9e5b44deea5,RETENTION_EXTREME,INITIAL_ONSET_PRE_EVENT,FACTORIAL_R0_S0_B0_M1,True,55508231.671889186,2.931106565679095e-06,7.634485073185825e-06,1.505218664598582e-07,0.0,0.0,8012910565.906362,1505.7678972460437,8014521215.595682,8014521215.595682,2.1228558648638147,187.883427474045,1.105230789617613e-06,"[8025036616.344515, 8003548355.743772]","[0.07423772575569687, 0.07423772575569687]","[45695265852.441086, 45695265852.441086]",137612928753458.31,-20.09520626281491,849561183868.6537,3891094849280.8906,1.0,full_active,COUNTERFACTUAL_DIAGNOSTIC_NOT_PRODUCTION_PHYSICS,False,False,False,True
oneD_v2_dbtt_TP_4895f9e5b44deea5,RETENTION_EXTREME,INITIAL_ONSET_PRE_EVENT,FACTORIAL_R0_S0_B1_M0,True,55508231.671889186,2.931106565679095e-06,7.634485073185825e-06,1.505218664598582e-07,0.0,7983179538.561341,8012910565.906362,1505.547319142136,8014521215.595682,8014521215.595682,2.1228558648638147,187.883427474045,1.105230789617613e-06,"[31154658.100149155, 31071236.865454674]","[0.07423772575569687, 0.07423772575569687]","[45695265852.441086, 45695265852.441086]",137592770003259.75,-20.095142638885402,849561183868.6537,3891094849280.8906,1.0,full_active,COUNTERFACTUAL_DIAGNOSTIC_NOT_PRODUCTION_PHYSICS,False,False,True,False
oneD_v2_dbtt_TP_4895f9e5b44deea5,RETENTION_EXTREME,INITIAL_ONSET_PRE_EVENT,FACTORIAL_R0_S0_B1_M1,True,55508231.671889186,2.931106565679095e-06,7.634485073185825e-06,1.505218664598582e-07,0.0,7983179538.561341,8012910565.906362,1505.7678972460437,8014521215.595682,8014521215.595682,2.1228558648638147,187.883427474045,1.105230789617613e-06,"[31154658.100149155, 31071236.865454674]","[0.07423772575569687, 0.07423772575569687]","[45695265852.441086, 45695265852.441086]",137612928753458.31,-20.09520626281491,849561183868.6537,3891094849280.8906,1.0,full_active,COUNTERFACTUAL_DIAGNOSTIC_NOT_PRODUCTION_PHYSICS,False,False,True,True
oneD_v2_dbtt_TP_4895f9e5b44deea5,RETENTION_EXTREME,INITIAL_ONSET_PRE_EVENT,FACTORIAL_R0_S1_B0_M0,True,55508231.671889186,2.931106565679095e-06,7.634485073185825e-06,1.505218664598582e-07,-3724309.4258594946,0.0,8012910565.906362,1505.547319142136,8014521215.595682,8552253296.189235,1.7720139242745665,7608.721874298965,0.0729971710959201,"[8025036616.344515, 8003548355.743772]","[0.07423772575569687, 0.07423772575569687]","[45695265852.441086, 45695265852.441086]",137592770003259.75,-15.275289583946174,849561183868.6537,3891094849280.8906,1.0,full_active,COUNTERFACTUAL_DIAGNOSTIC_NOT_PRODUCTION_PHYSICS,False,True,False,False
oneD_v2_dbtt_TP_4895f9e5b44deea5,RETENTION_EXTREME,INITIAL_ONSET_PRE_EVENT,FACTORIAL_R0_S1_B0_M1,True,55508231.671889186,2.931106565679095e-06,7.634485073185825e-06,1.505218664598582e-07,-3724309.4258594946,0.0,8012910565.906362,1505.7678972460437,8014521215.595682,8552253296.189235,1.7720139242745665,7608.721874298965,0.0729971710959201,"[8025036616.344515, 8003548355.743772]","[0.07423772575569687, 0.07423772575569687]","[45695265852.441086, 45695265852.441086]",137612928753458.31,-15.275353207875682,849561183868.6537,3891094849280.8906,1.0,full_active,COUNTERFACTUAL_DIAGNOSTIC_NOT_PRODUCTION_PHYSICS,False,True,False,True
oneD_v2_dbtt_TP_4895f9e5b44deea5,RETENTION_EXTREME,INITIAL_ONSET_PRE_EVENT,FACTORIAL_R0_S1_B1_M0,True,55508231.671889186,2.931106565679095e-06,7.634485073185825e-06,1.505218664598582e-07,-3724309.4258594946,7983179538.561341,8012910565.906362,1505.547319142136,8014521215.595682,8552253296.189235,1.7720139242745665,7608.721874298965,0.0729971710959201,"[31154658.100149155, 31071236.865454674]","[0.07423772575569687, 0.07423772575569687]","[45695265852.441086, 45695265852.441086]",137592770003259.75,-15.275289583946174,849561183868.6537,3891094849280.8906,1.0,full_active,COUNTERFACTUAL_DIAGNOSTIC_NOT_PRODUCTION_PHYSICS,False,True,True,False
oneD_v2_dbtt_TP_4895f9e5b44deea5,RETENTION_EXTREME,INITIAL_ONSET_PRE_EVENT,FACTORIAL_R0_S1_B1_M1,True,55508231.671889186,2.931106565679095e-06,7.634485073185825e-06,1.505218664598582e-07,-3724309.4258594946,7983179538.561341,8012910565.906362,1505.7678972460437,8014521215.595682,8552253296.189235,1.7720139242745665,7608.721874298965,0.0729971710959201,"[31154658.100149155, 31071236.865454674]","[0.07423772575569687, 0.07423772575569687]","[45695265852.441086, 45695265852.441086]",137612928753458.31,-15.275353207875682,849561183868.6537,3891094849280.8906,1.0,full_active,COUNTERFACTUAL_DIAGNOSTIC_NOT_PRODUCTION_PHYSICS,False,True,True,True
oneD_v2_dbtt_TP_4895f9e5b44deea5,RETENTION_EXTREME,INITIAL_ONSET_PRE_EVENT,FACTORIAL_R1_S0_B0_M0,True,55508231.671889186,2.931106565679095e-06,7.637118523981768e-06,1.505218664598582e-07,0.0,0.0,8012910565.906362,1505.547319142136,8013139302.576728,8013139302.576728,2.123797079855457,186.02708809692678,1.0727949517075994e-06,"[8023652890.1955185, 8002168334.732771]","[0.07423772575569687, 0.07423772575569687]","[45695265852.441086, 45695265852.441086]",137592770003259.75,-20.108078892740565,849561183868.6537,3891094849280.8906,1.0,full_active,COUNTERFACTUAL_DIAGNOSTIC_NOT_PRODUCTION_PHYSICS,True,False,False,False
oneD_v2_dbtt_TP_4895f9e5b44deea5,RETENTION_EXTREME,INITIAL_ONSET_PRE_EVENT,FACTORIAL_R1_S0_B0_M1,True,55508231.671889186,2.931106565679095e-06,7.637118523981768e-06,1.505218664598582e-07,0.0,0.0,8012910565.906362,1505.7678972460437,8013139302.576728,8013139302.576728,2.123797079855457,186.02708809692678,1.0727949517075994e-06,"[8023652890.1955185, 8002168334.732771]","[0.07423772575569687, 0.07423772575569687]","[45695265852.441086, 45695265852.441086]",137612928753458.31,-20.10814251667007,849561183868.6537,3891094849280.8906,1.0,full_active,COUNTERFACTUAL_DIAGNOSTIC_NOT_PRODUCTION_PHYSICS,True,False,False,True
oneD_v2_dbtt_TP_4895f9e5b44deea5,RETENTION_EXTREME,INITIAL_ONSET_PRE_EVENT,FACTORIAL_R1_S0_B1_M0,True,55508231.671889186,2.931106565679095e-06,7.637118523981768e-06,1.505218664598582e-07,0.0,7983179538.561341,8012910565.906362,1505.547319142136,8013139302.576728,8013139302.576728,2.123797079855457,186.02708809692678,1.0727949517075994e-06,"[29770931.9511528, 29691215.85445404]","[0.07423772575569687, 0.07423772575569687]","[45695265852.441086, 45695265852.441086]",137592770003259.75,-20.108078892740565,849561183868.6537,3891094849280.8906,1.0,full_active,COUNTERFACTUAL_DIAGNOSTIC_NOT_PRODUCTION_PHYSICS,True,False,True,False
oneD_v2_dbtt_TP_4895f9e5b44deea5,RETENTION_EXTREME,INITIAL_ONSET_PRE_EVENT,FACTORIAL_R1_S0_B1_M1,True,55508231.671889186,2.931106565679095e-06,7.637118523981768e-06,1.505218664598582e-07,0.0,7983179538.561341,8012910565.906362,1505.7678972460437,8013139302.576728,8013139302.576728,2.123797079855457,186.02708809692678,1.0727949517075994e-06,"[29770931.9511528, 29691215.85445404]","[0.07423772575569687, 0.07423772575569687]","[45695265852.441086, 45695265852.441086]",137612928753458.31,-20.10814251667007,849561183868.6537,3891094849280.8906,1.0,full_active,COUNTERFACTUAL_DIAGNOSTIC_NOT_PRODUCTION_PHYSICS,True,False,True,True
oneD_v2_dbtt_TP_4895f9e5b44deea5,RETENTION_EXTREME,INITIAL_ONSET_PRE_EVENT,FACTORIAL_R1_S1_B0_M0,True,55508231.671889186,2.931106565679095e-06,7.637118523981768e-06,1.505218664598582e-07,-3724309.4258594946,0.0,8012910565.906362,1505.547319142136,8013139302.576728,8550778664.099123,1.7729309605519896,7535.467495297079,0.07091291786064376,"[8023652890.1955185, 8002168334.732771]","[0.07423772575569687, 0.07423772575569687]","[45695265852.441086, 45695265852.441086]",137592770003259.75,-15.28787025821373,849561183868.6537,3891094849280.8906,1.0,full_active,COUNTERFACTUAL_DIAGNOSTIC_NOT_PRODUCTION_PHYSICS,True,True,False,False
oneD_v2_dbtt_TP_4895f9e5b44deea5,RETENTION_EXTREME,INITIAL_ONSET_PRE_EVENT,FACTORIAL_R1_S1_B0_M1,True,55508231.671889186,2.931106565679095e-06,7.637118523981768e-06,1.505218664598582e-07,-3724309.4258594946,0.0,8012910565.906362,1505.7678972460437,8013139302.576728,8550778664.099123,1.7729309605519896,7535.467495297079,0.07091291786064376,"[8023652890.1955185, 8002168334.732771]","[0.07423772575569687, 0.07423772575569687]","[45695265852.441086, 45695265852.441086]",137612928753458.31,-15.287933882143237,849561183868.6537,3891094849280.8906,1.0,full_active,COUNTERFACTUAL_DIAGNOSTIC_NOT_PRODUCTION_PHYSICS,True,True,False,True
oneD_v2_dbtt_TP_4895f9e5b44deea5,RETENTION_EXTREME,INITIAL_ONSET_PRE_EVENT,FACTORIAL_R1_S1_B1_M0,True,55508231.671889186,2.931106565679095e-06,7.637118523981768e-06,1.505218664598582e-07,-3724309.4258594946,7983179538.561341,8012910565.906362,1505.547319142136,8013139302.576728,8550778664.099123,1.7729309605519896,7535.467495297079,0.07091291786064376,"[29770931.9511528, 29691215.85445404]","[0.07423772575569687, 0.07423772575569687]","[45695265852.441086, 45695265852.441086]",137592770003259.75,-15.28787025821373,849561183868.6537,3891094849280.8906,1.0,full_active,COUNTERFACTUAL_DIAGNOSTIC_NOT_PRODUCTION_PHYSICS,True,True,True,False
oneD_v2_dbtt_TP_4895f9e5b44deea5,RETENTION_EXTREME,INITIAL_ONSET_PRE_EVENT,FACTORIAL_R1_S1_B1_M1,True,55508231.671889186,2.931106565679095e-06,7.637118523981768e-06,1.505218664598582e-07,-3724309.4258594946,7983179538.561341,8012910565.906362,1505.7678972460437,8013139302.576728,8550778664.099123,1.7729309605519896,7535.467495297079,0.07091291786064376,"[29770931.9511528, 29691215.85445404]","[0.07423772575569687, 0.07423772575569687]","[45695265852.441086, 45695265852.441086]",137612928753458.31,-15.287933882143237,849561183868.6537,3891094849280.8906,1.0,full_active,COUNTERFACTUAL_DIAGNOSTIC_NOT_PRODUCTION_PHYSICS,True,True,True,True
oneD_v2_dbtt_TP_4895f9e5b44deea5,RETENTION_EXTREME,REINITIATION_ONSET_PRE_EVENT,ACTUAL_RADIUS_ACTUAL_SHIELD_ACTUAL_BACKSTRESS_ACTUAL_MULTIPLICITY,False,49178603.0591505,5.2426686978820885e-05,5.275157071526056e-06,1.8753665432508247e-07,-2066269.1899296187,6406544777.870016,6418050879.25374,1295.8372730629753,8542176807.149668,8901081608.294899,1.5627165921257136,69220.03690326387,52.485215621395284,"[11644739.062311172, 11367614.110795975]","[0.07423772575569687, 0.07423772575569687]","[45695265852.441086, 45695265852.441086]",118427257388229.9,-12.353414686011368,849561183868.6537,3891094849280.8906,1.0,full_active,COUNTERFACTUAL_DIAGNOSTIC_NOT_PRODUCTION_PHYSICS,,,,
oneD_v2_dbtt_TP_4895f9e5b44deea5,RETENTION_EXTREME,REINITIATION_ONSET_PRE_EVENT,REFERENCE_RADIUS_ACTUAL_SHIELD_ACTUAL_BACKSTRESS,False,49178603.0591505,5.2426686978820885e-05,5.273940598008174e-06,1.8753665432508247e-07,-2066269.1899296187,6406544777.870016,6418050879.25374,1295.8372730629753,8543161908.568381,8902108099.354307,1.5621237545951812,69654.30780137017,53.46191256092971,"[12394757.887651443, 12097880.988584518]","[0.07423772575569687, 0.07423772575569687]","[45695265852.441086, 45695265852.441086]",118427257388229.9,-12.345407180468948,849561183868.6537,3891094849280.8906,1.0,full_active,COUNTERFACTUAL_DIAGNOSTIC_NOT_PRODUCTION_PHYSICS,,,,
oneD_v2_dbtt_TP_4895f9e5b44deea5,RETENTION_EXTREME,REINITIATION_ONSET_PRE_EVENT,ACTUAL_RADIUS_ZERO_SHIELD_ACTUAL_BACKSTRESS,False,49178603.0591505,5.2426686978820885e-05,5.275157071526056e-06,1.8753665432508247e-07,0.0,6406544777.870016,6418050879.25374,1295.8372730629753,8542176807.149668,8542176807.149668,1.77828547905799,7121.604482824687,0.05987741715748152,"[11644739.062311172, 11367614.110795975]","[0.07423772575569687, 0.07423772575569687]","[45695265852.441086, 45695265852.441086]",118427257388229.9,-15.296188613171683,849561183868.6537,3891094849280.8906,1.0,full_active,COUNTERFACTUAL_DIAGNOSTIC_NOT_PRODUCTION_PHYSICS,,,,
oneD_v2_dbtt_TP_4895f9e5b44deea5,RETENTION_EXTREME,REINITIATION_ONSET_PRE_EVENT,ACTUAL_RADIUS_ACTUAL_SHIELD_ZERO_BACKSTRESS,False,49178603.0591505,5.2426686978820885e-05,5.275157071526056e-06,1.8753665432508247e-07,-2066269.1899296187,0.0,6418050879.25374,1295.8372730629753,8542176807.149668,8901081608.294899,1.5627165921257136,69220.03690326387,52.485215621395284,"[6503689156.30825, 6332412752.604889]","[0.07423772575569687, 0.07423772575569687]","[45695265852.441086, 45695265852.441086]",118427257388229.9,-12.353414686011368,849561183868.6537,3891094849280.8906,1.0,full_active,COUNTERFACTUAL_DIAGNOSTIC_NOT_PRODUCTION_PHYSICS,,,,
oneD_v2_dbtt_TP_4895f9e5b44deea5,RETENTION_EXTREME,REINITIATION_ONSET_PRE_EVENT,REFERENCE_RADIUS_ZERO_SHIELD_ZERO_BACKSTRESS,False,49178603.0591505,5.2426686978820885e-05,5.273940598008174e-06,1.8753665432508247e-07,0.0,0.0,6418050879.25374,1295.8372730629753,8543161908.568381,8543161908.568381,1.7776718157928197,7167.858445544999,0.06104958377519872,"[6504439175.133591, 6333143019.482677]","[0.07423772575569687, 0.07423772575569687]","[45695265852.441086, 45695265852.441086]",118427257388229.9,-15.287768964384393,849561183868.6537,3891094849280.8906,1.0,full_active,COUNTERFACTUAL_DIAGNOSTIC_NOT_PRODUCTION_PHYSICS,,,,
oneD_v2_dbtt_TP_4895f9e5b44deea5,RETENTION_EXTREME,REINITIATION_ONSET_PRE_EVENT,ACTUAL_RADIUS_ACTUAL_SHIELD_ACTUAL_BACKSTRESS_REFERENCE_MULTIPLICITY,False,49178603.0591505,5.2426686978820885e-05,5.275157071526056e-06,1.8753665432508247e-07,-2066269.1899296187,6406544777.870016,6418050879.25374,1295.7227413267585,8542176807.149668,8901081608.294899,1.5627165921257136,69220.03690326387,52.485215621395284,"[11644739.062311172, 11367614.110795975]","[0.07423772575569687, 0.07423772575569687]","[45695265852.441086, 45695265852.441086]",118416790271959.97,-12.353376299479086,849561183868.6537,3891094849280.8906,1.0,full_active,COUNTERFACTUAL_DIAGNOSTIC_NOT_PRODUCTION_PHYSICS,,,,
oneD_v2_dbtt_TP_4895f9e5b44deea5,RETENTION_EXTREME,REINITIATION_ONSET_PRE_EVENT,FACTORIAL_R0_S0_B0_M0,True,49178603.0591505,5.2426686978820885e-05,5.273940598008174e-06,1.8753665432508247e-07,0.0,0.0,6418050879.25374,1295.7227413267585,8543161908.568381,8543161908.568381,1.7776718157928197,7167.858445544999,0.06104958377519872,"[6504439175.133591, 6333143019.482677]","[0.07423772575569687, 0.07423772575569687]","[45695265852.441086, 45695265852.441086]",118416790271959.97,-15.287730577852113,849561183868.6537,3891094849280.8906,1.0,full_active,COUNTERFACTUAL_DIAGNOSTIC_NOT_PRODUCTION_PHYSICS,False,False,False,False
oneD_v2_dbtt_TP_4895f9e5b44deea5,RETENTION_EXTREME,REINITIATION_ONSET_PRE_EVENT,FACTORIAL_R0_S0_B0_M1,True,49178603.0591505,5.2426686978820885e-05,5.273940598008174e-06,1.8753665432508247e-07,0.0,0.0,6418050879.25374,1295.8372730629753,8543161908.568381,8543161908.568381,1.7776718157928197,7167.858445544999,0.06104958377519872,"[6504439175.133591, 6333143019.482677]","[0.07423772575569687, 0.07423772575569687]","[45695265852.441086, 45695265852.441086]",118427257388229.9,-15.287768964384393,849561183868.6537,3891094849280.8906,1.0,full_active,COUNTERFACTUAL_DIAGNOSTIC_NOT_PRODUCTION_PHYSICS,False,False,False,True
oneD_v2_dbtt_TP_4895f9e5b44deea5,RETENTION_EXTREME,REINITIATION_ONSET_PRE_EVENT,FACTORIAL_R0_S0_B1_M0,True,49178603.0591505,5.2426686978820885e-05,5.273940598008174e-06,1.8753665432508247e-07,0.0,6406544777.870016,6418050879.25374,1295.7227413267585,8543161908.568381,8543161908.568381,1.7776718157928197,7167.858445544999,0.06104958377519872,"[12394757.887651443, 12097880.988584518]","[0.07423772575569687, 0.07423772575569687]","[45695265852.441086, 45695265852.441086]",118416790271959.97,-15.287730577852113,849561183868.6537,3891094849280.8906,1.0,full_active,COUNTERFACTUAL_DIAGNOSTIC_NOT_PRODUCTION_PHYSICS,False,False,True,False
oneD_v2_dbtt_TP_4895f9e5b44deea5,RETENTION_EXTREME,REINITIATION_ONSET_PRE_EVENT,FACTORIAL_R0_S0_B1_M1,True,49178603.0591505,5.2426686978820885e-05,5.273940598008174e-06,1.8753665432508247e-07,0.0,6406544777.870016,6418050879.25374,1295.8372730629753,8543161908.568381,8543161908.568381,1.7776718157928197,7167.858445544999,0.06104958377519872,"[12394757.887651443, 12097880.988584518]","[0.07423772575569687, 0.07423772575569687]","[45695265852.441086, 45695265852.441086]",118427257388229.9,-15.287768964384393,849561183868.6537,3891094849280.8906,1.0,full_active,COUNTERFACTUAL_DIAGNOSTIC_NOT_PRODUCTION_PHYSICS,False,False,True,True
oneD_v2_dbtt_TP_4895f9e5b44deea5,RETENTION_EXTREME,REINITIATION_ONSET_PRE_EVENT,FACTORIAL_R0_S1_B0_M0,True,49178603.0591505,5.2426686978820885e-05,5.273940598008174e-06,1.8753665432508247e-07,-2066269.1899296187,0.0,6418050879.25374,1295.7227413267585,8543161908.568381,8902108099.354307,1.5621237545951812,69654.30780137017,53.46191256092971,"[6504439175.133591, 6333143019.482677]","[0.07423772575569687, 0.07423772575569687]","[45695265852.441086, 45695265852.441086]",118416790271959.97,-12.345368793936668,849561183868.6537,3891094849280.8906,1.0,full_active,COUNTERFACTUAL_DIAGNOSTIC_NOT_PRODUCTION_PHYSICS,False,True,False,False
oneD_v2_dbtt_TP_4895f9e5b44deea5,RETENTION_EXTREME,REINITIATION_ONSET_PRE_EVENT,FACTORIAL_R0_S1_B0_M1,True,49178603.0591505,5.2426686978820885e-05,5.273940598008174e-06,1.8753665432508247e-07,-2066269.1899296187,0.0,6418050879.25374,1295.8372730629753,8543161908.568381,8902108099.354307,1.5621237545951812,69654.30780137017,53.46191256092971,"[6504439175.133591, 6333143019.482677]","[0.07423772575569687, 0.07423772575569687]","[45695265852.441086, 45695265852.441086]",118427257388229.9,-12.345407180468948,849561183868.6537,3891094849280.8906,1.0,full_active,COUNTERFACTUAL_DIAGNOSTIC_NOT_PRODUCTION_PHYSICS,False,True,False,True
oneD_v2_dbtt_TP_4895f9e5b44deea5,RETENTION_EXTREME,REINITIATION_ONSET_PRE_EVENT,FACTORIAL_R0_S1_B1_M0,True,49178603.0591505,5.2426686978820885e-05,5.273940598008174e-06,1.8753665432508247e-07,-2066269.1899296187,6406544777.870016,6418050879.25374,1295.7227413267585,8543161908.568381,8902108099.354307,1.5621237545951812,69654.30780137017,53.46191256092971,"[12394757.887651443, 12097880.988584518]","[0.07423772575569687, 0.07423772575569687]","[45695265852.441086, 45695265852.441086]",118416790271959.97,-12.345368793936668,849561183868.6537,3891094849280.8906,1.0,full_active,COUNTERFACTUAL_DIAGNOSTIC_NOT_PRODUCTION_PHYSICS,False,True,True,False
oneD_v2_dbtt_TP_4895f9e5b44deea5,RETENTION_EXTREME,REINITIATION_ONSET_PRE_EVENT,FACTORIAL_R0_S1_B1_M1,True,49178603.0591505,5.2426686978820885e-05,5.273940598008174e-06,1.8753665432508247e-07,-2066269.1899296187,6406544777.870016,6418050879.25374,1295.8372730629753,8543161908.568381,8902108099.354307,1.5621237545951812,69654.30780137017,53.46191256092971,"[12394757.887651443, 12097880.988584518]","[0.07423772575569687, 0.07423772575569687]","[45695265852.441086, 45695265852.441086]",118427257388229.9,-12.345407180468948,849561183868.6537,3891094849280.8906,1.0,full_active,COUNTERFACTUAL_DIAGNOSTIC_NOT_PRODUCTION_PHYSICS,False,True,True,True
oneD_v2_dbtt_TP_4895f9e5b44deea5,RETENTION_EXTREME,REINITIATION_ONSET_PRE_EVENT,FACTORIAL_R1_S0_B0_M0,True,49178603.0591505,5.2426686978820885e-05,5.275157071526056e-06,1.8753665432508247e-07,0.0,0.0,6418050879.25374,1295.7227413267585,8542176807.149668,8542176807.149668,1.77828547905799,7121.604482824687,0.05987741715748152,"[6503689156.30825, 6332412752.604889]","[0.07423772575569687, 0.07423772575569687]","[45695265852.441086, 45695265852.441086]",118416790271959.97,-15.296150226639401,849561183868.6537,3891094849280.8906,1.0,full_active,COUNTERFACTUAL_DIAGNOSTIC_NOT_PRODUCTION_PHYSICS,True,False,False,False
oneD_v2_dbtt_TP_4895f9e5b44deea5,RETENTION_EXTREME,REINITIATION_ONSET_PRE_EVENT,FACTORIAL_R1_S0_B0_M1,True,49178603.0591505,5.2426686978820885e-05,5.275157071526056e-06,1.8753665432508247e-07,0.0,0.0,6418050879.25374,1295.8372730629753,8542176807.149668,8542176807.149668,1.77828547905799,7121.604482824687,0.05987741715748152,"[6503689156.30825, 6332412752.604889]","[0.07423772575569687, 0.07423772575569687]","[45695265852.441086, 45695265852.441086]",118427257388229.9,-15.296188613171683,849561183868.6537,3891094849280.8906,1.0,full_active,COUNTERFACTUAL_DIAGNOSTIC_NOT_PRODUCTION_PHYSICS,True,False,False,True
oneD_v2_dbtt_TP_4895f9e5b44deea5,RETENTION_EXTREME,REINITIATION_ONSET_PRE_EVENT,FACTORIAL_R1_S0_B1_M0,True,49178603.0591505,5.2426686978820885e-05,5.275157071526056e-06,1.8753665432508247e-07,0.0,6406544777.870016,6418050879.25374,1295.7227413267585,8542176807.149668,8542176807.149668,1.77828547905799,7121.604482824687,0.05987741715748152,"[11644739.062311172, 11367614.110795975]","[0.07423772575569687, 0.07423772575569687]","[45695265852.441086, 45695265852.441086]",118416790271959.97,-15.296150226639401,849561183868.6537,3891094849280.8906,1.0,full_active,COUNTERFACTUAL_DIAGNOSTIC_NOT_PRODUCTION_PHYSICS,True,False,True,False
oneD_v2_dbtt_TP_4895f9e5b44deea5,RETENTION_EXTREME,REINITIATION_ONSET_PRE_EVENT,FACTORIAL_R1_S0_B1_M1,True,49178603.0591505,5.2426686978820885e-05,5.275157071526056e-06,1.8753665432508247e-07,0.0,6406544777.870016,6418050879.25374,1295.8372730629753,8542176807.149668,8542176807.149668,1.77828547905799,7121.604482824687,0.05987741715748152,"[11644739.062311172, 11367614.110795975]","[0.07423772575569687, 0.07423772575569687]","[45695265852.441086, 45695265852.441086]",118427257388229.9,-15.296188613171683,849561183868.6537,3891094849280.8906,1.0,full_active,COUNTERFACTUAL_DIAGNOSTIC_NOT_PRODUCTION_PHYSICS,True,False,True,True
oneD_v2_dbtt_TP_4895f9e5b44deea5,RETENTION_EXTREME,REINITIATION_ONSET_PRE_EVENT,FACTORIAL_R1_S1_B0_M0,True,49178603.0591505,5.2426686978820885e-05,5.275157071526056e-06,1.8753665432508247e-07,-2066269.1899296187,0.0,6418050879.25374,1295.7227413267585,8542176807.149668,8901081608.294899,1.5627165921257136,69220.03690326387,52.485215621395284,"[6503689156.30825, 6332412752.604889]","[0.07423772575569687, 0.07423772575569687]","[45695265852.441086, 45695265852.441086]",118416790271959.97,-12.353376299479086,849561183868.6537,3891094849280.8906,1.0,full_active,COUNTERFACTUAL_DIAGNOSTIC_NOT_PRODUCTION_PHYSICS,True,True,False,False
oneD_v2_dbtt_TP_4895f9e5b44deea5,RETENTION_EXTREME,REINITIATION_ONSET_PRE_EVENT,FACTORIAL_R1_S1_B0_M1,True,49178603.0591505,5.2426686978820885e-05,5.275157071526056e-06,1.8753665432508247e-07,-2066269.1899296187,0.0,6418050879.25374,1295.8372730629753,8542176807.149668,8901081608.294899,1.5627165921257136,69220.03690326387,52.485215621395284,"[6503689156.30825, 6332412752.604889]","[0.07423772575569687, 0.07423772575569687]","[45695265852.441086, 45695265852.441086]",118427257388229.9,-12.353414686011368,849561183868.6537,3891094849280.8906,1.0,full_active,COUNTERFACTUAL_DIAGNOSTIC_NOT_PRODUCTION_PHYSICS,True,True,False,True
oneD_v2_dbtt_TP_4895f9e5b44deea5,RETENTION_EXTREME,REINITIATION_ONSET_PRE_EVENT,FACTORIAL_R1_S1_B1_M0,True,49178603.0591505,5.2426686978820885e-05,5.275157071526056e-06,1.8753665432508247e-07,-2066269.1899296187,6406544777.870016,6418050879.25374,1295.7227413267585,8542176807.149668,8901081608.294899,1.5627165921257136,69220.03690326387,52.485215621395284,"[11644739.062311172, 11367614.110795975]","[0.07423772575569687, 0.07423772575569687]","[45695265852.441086, 45695265852.441086]",118416790271959.97,-12.353376299479086,849561183868.6537,3891094849280.8906,1.0,full_active,COUNTERFACTUAL_DIAGNOSTIC_NOT_PRODUCTION_PHYSICS,True,True,True,False
oneD_v2_dbtt_TP_4895f9e5b44deea5,RETENTION_EXTREME,REINITIATION_ONSET_PRE_EVENT,FACTORIAL_R1_S1_B1_M1,True,49178603.0591505,5.2426686978820885e-05,5.275157071526056e-06,1.8753665432508247e-07,-2066269.1899296187,6406544777.870016,6418050879.25374,1295.8372730629753,8542176807.149668,8901081608.294899,1.5627165921257136,69220.03690326387,52.485215621395284,"[11644739.062311172, 11367614.110795975]","[0.07423772575569687, 0.07423772575569687]","[45695265852.441086, 45695265852.441086]",118427257388229.9,-12.353414686011368,849561183868.6537,3891094849280.8906,1.0,full_active,COUNTERFACTUAL_DIAGNOSTIC_NOT_PRODUCTION_PHYSICS,True,True,True,True
oneD_v2_dbtt_TP_7e668ee637fc3ac5,NEAR_TIP_RETENTION_EXTREME,INITIAL_ONSET_PRE_EVENT,ACTUAL_RADIUS_ACTUAL_SHIELD_ACTUAL_BACKSTRESS_ACTUAL_MULTIPLICITY,False,55509088.06711426,2.931106565679095e-06,7.635544254702428e-06,1.505397168577468e-07,-3725745.0303873206,7982232710.508015,8013860198.077,1505.6360396902294,8014088961.753266,8551991009.184368,1.7721770146581493,7595.642079392354,0.07262207203145356,"[31669934.518066406, 31585133.541884422]","[0.07423772575569687, 0.07423772575569687]","[45695265852.441086, 45695265852.441086]",137600878221323.14,-15.277552569826282,640770455800.007,2934807601238.349,1.0,full_active,COUNTERFACTUAL_DIAGNOSTIC_NOT_PRODUCTION_PHYSICS,,,,
oneD_v2_dbtt_TP_7e668ee637fc3ac5,NEAR_TIP_RETENTION_EXTREME,INITIAL_ONSET_PRE_EVENT,REFERENCE_RADIUS_ACTUAL_SHIELD_ACTUAL_BACKSTRESS,False,55509088.06711426,2.931106565679095e-06,7.634485073185825e-06,1.505397168577468e-07,-3725745.0303873206,7982232710.508015,8013860198.077,1505.6360396902294,8014644865.683129,8552584225.136031,1.7718081641325918,7625.2559083802325,0.07347317183709316,"[32226567.818086624, 32140276.371271133]","[0.07423772575569687, 0.07423772575569687]","[45695265852.441086, 45695265852.441086]",137600878221323.14,-15.272492416998055,640770455800.007,2934807601238.349,1.0,full_active,COUNTERFACTUAL_DIAGNOSTIC_NOT_PRODUCTION_PHYSICS,,,,
oneD_v2_dbtt_TP_7e668ee637fc3ac5,NEAR_TIP_RETENTION_EXTREME,INITIAL_ONSET_PRE_EVENT,ACTUAL_RADIUS_ZERO_SHIELD_ACTUAL_BACKSTRESS,False,55509088.06711426,2.931106565679095e-06,7.635544254702428e-06,1.505397168577468e-07,0.0,7982232710.508015,8013860198.077,1505.6360396902294,8014088961.753266,8014088961.753266,2.1231502510064133,187.3008334099451,1.0949817264532531e-06,"[31669934.518066406, 31585133.541884422]","[0.07423772575569687, 0.07423772575569687]","[45695265852.441086, 45695265852.441086]",137600878221323.14,-20.0992143342062,640770455800.007,2934807601238.349,1.0,full_active,COUNTERFACTUAL_DIAGNOSTIC_NOT_PRODUCTION_PHYSICS,,,,
oneD_v2_dbtt_TP_7e668ee637fc3ac5,NEAR_TIP_RETENTION_EXTREME,INITIAL_ONSET_PRE_EVENT,ACTUAL_RADIUS_ACTUAL_SHIELD_ZERO_BACKSTRESS,False,55509088.06711426,2.931106565679095e-06,7.635544254702428e-06,1.505397168577468e-07,-3725745.0303873206,0.0,8013860198.077,1505.6360396902294,8014088961.753266,8551991009.184368,1.7721770146581493,7595.642079392354,0.07262207203145356,"[8024603795.366239, 8003116693.709742]","[0.07423772575569687, 0.07423772575569687]","[45695265852.441086, 45695265852.441086]",137600878221323.14,-15.277552569826282,640770455800.007,2934807601238.349,1.0,full_active,COUNTERFACTUAL_DIAGNOSTIC_NOT_PRODUCTION_PHYSICS,,,,
oneD_v2_dbtt_TP_7e668ee637fc3ac5,NEAR_TIP_RETENTION_EXTREME,INITIAL_ONSET_PRE_EVENT,REFERENCE_RADIUS_ZERO_SHIELD_ZERO_BACKSTRESS,False,55509088.06711426,2.931106565679095e-06,7.634485073185825e-06,1.505397168577468e-07,0.0,0.0,8013860198.077,1505.6360396902294,8014644865.683129,8014644865.683129,2.1227716564319676,188.05041014352548,1.1081801147010196e-06,"[8025160428.666259, 8003671836.539128]","[0.07423772575569687, 0.07423772575569687]","[45695265852.441086, 45695265852.441086]",137600878221323.14,-20.094010852872927,640770455800.007,2934807601238.349,1.0,full_active,COUNTERFACTUAL_DIAGNOSTIC_NOT_PRODUCTION_PHYSICS,,,,
oneD_v2_dbtt_TP_7e668ee637fc3ac5,NEAR_TIP_RETENTION_EXTREME,INITIAL_ONSET_PRE_EVENT,ACTUAL_RADIUS_ACTUAL_SHIELD_ACTUAL_BACKSTRESS_REFERENCE_MULTIPLICITY,False,55509088.06711426,2.931106565679095e-06,7.635544254702428e-06,1.505397168577468e-07,-3725745.0303873206,7982232710.508015,8013860198.077,1505.547319142136,8014088961.753266,8551991009.184368,1.7721770146581493,7595.642079392354,0.07262207203145356,"[31669934.518066406, 31585133.541884422]","[0.07423772575569687, 0.07423772575569687]","[45695265852.441086, 45695265852.441086]",137592770003259.75,-15.277526977997498,640770455800.007,2934807601238.349,1.0,full_active,COUNTERFACTUAL_DIAGNOSTIC_NOT_PRODUCTION_PHYSICS,,,,
oneD_v2_dbtt_TP_7e668ee637fc3ac5,NEAR_TIP_RETENTION_EXTREME,INITIAL_ONSET_PRE_EVENT,FACTORIAL_R0_S0_B0_M0,True,55509088.06711426,2.931106565679095e-06,7.634485073185825e-06,1.505397168577468e-07,0.0,0.0,8013860198.077,1505.547319142136,8014644865.683129,8014644865.683129,2.1227716564319676,188.05041014352548,1.1081801147010196e-06,"[8025160428.666259, 8003671836.539128]","[0.07423772575569687, 0.07423772575569687]","[45695265852.441086, 45695265852.441086]",137592770003259.75,-20.093985261044143,640770455800.007,2934807601238.349,1.0,full_active,COUNTERFACTUAL_DIAGNOSTIC_NOT_PRODUCTION_PHYSICS,False,False,False,False
oneD_v2_dbtt_TP_7e668ee637fc3ac5,NEAR_TIP_RETENTION_EXTREME,INITIAL_ONSET_PRE_EVENT,FACTORIAL_R0_S0_B0_M1,True,55509088.06711426,2.931106565679095e-06,7.634485073185825e-06,1.505397168577468e-07,0.0,0.0,8013860198.077,1505.6360396902294,8014644865.683129,8014644865.683129,2.1227716564319676,188.05041014352548,1.1081801147010196e-06,"[8025160428.666259, 8003671836.539128]","[0.07423772575569687, 0.07423772575569687]","[45695265852.441086, 45695265852.441086]",137600878221323.14,-20.094010852872927,640770455800.007,2934807601238.349,1.0,full_active,COUNTERFACTUAL_DIAGNOSTIC_NOT_PRODUCTION_PHYSICS,False,False,False,True
oneD_v2_dbtt_TP_7e668ee637fc3ac5,NEAR_TIP_RETENTION_EXTREME,INITIAL_ONSET_PRE_EVENT,FACTORIAL_R0_S0_B1_M0,True,55509088.06711426,2.931106565679095e-06,7.634485073185825e-06,1.505397168577468e-07,0.0,7982232710.508015,8013860198.077,1505.547319142136,8014644865.683129,8014644865.683129,2.1227716564319676,188.05041014352548,1.1081801147010196e-06,"[32226567.818086624, 32140276.371271133]","[0.07423772575569687, 0.07423772575569687]","[45695265852.441086, 45695265852.441086]",137592770003259.75,-20.093985261044143,640770455800.007,2934807601238.349,1.0,full_active,COUNTERFACTUAL_DIAGNOSTIC_NOT_PRODUCTION_PHYSICS,False,False,True,False
oneD_v2_dbtt_TP_7e668ee637fc3ac5,NEAR_TIP_RETENTION_EXTREME,INITIAL_ONSET_PRE_EVENT,FACTORIAL_R0_S0_B1_M1,True,55509088.06711426,2.931106565679095e-06,7.634485073185825e-06,1.505397168577468e-07,0.0,7982232710.508015,8013860198.077,1505.6360396902294,8014644865.683129,8014644865.683129,2.1227716564319676,188.05041014352548,1.1081801147010196e-06,"[32226567.818086624, 32140276.371271133]","[0.07423772575569687, 0.07423772575569687]","[45695265852.441086, 45695265852.441086]",137600878221323.14,-20.094010852872927,640770455800.007,2934807601238.349,1.0,full_active,COUNTERFACTUAL_DIAGNOSTIC_NOT_PRODUCTION_PHYSICS,False,False,True,True
oneD_v2_dbtt_TP_7e668ee637fc3ac5,NEAR_TIP_RETENTION_EXTREME,INITIAL_ONSET_PRE_EVENT,FACTORIAL_R0_S1_B0_M0,True,55509088.06711426,2.931106565679095e-06,7.634485073185825e-06,1.505397168577468e-07,-3725745.0303873206,0.0,8013860198.077,1505.547319142136,8014644865.683129,8552584225.136031,1.7718081641325918,7625.2559083802325,0.07347317183709316,"[8025160428.666259, 8003671836.539128]","[0.07423772575569687, 0.07423772575569687]","[45695265852.441086, 45695265852.441086]",137592770003259.75,-15.27246682516927,640770455800.007,2934807601238.349,1.0,full_active,COUNTERFACTUAL_DIAGNOSTIC_NOT_PRODUCTION_PHYSICS,False,True,False,False
oneD_v2_dbtt_TP_7e668ee637fc3ac5,NEAR_TIP_RETENTION_EXTREME,INITIAL_ONSET_PRE_EVENT,FACTORIAL_R0_S1_B0_M1,True,55509088.06711426,2.931106565679095e-06,7.634485073185825e-06,1.505397168577468e-07,-3725745.0303873206,0.0,8013860198.077,1505.6360396902294,8014644865.683129,8552584225.136031,1.7718081641325918,7625.2559083802325,0.07347317183709316,"[8025160428.666259, 8003671836.539128]","[0.07423772575569687, 0.07423772575569687]","[45695265852.441086, 45695265852.441086]",137600878221323.14,-15.272492416998055,640770455800.007,2934807601238.349,1.0,full_active,COUNTERFACTUAL_DIAGNOSTIC_NOT_PRODUCTION_PHYSICS,False,True,False,True
oneD_v2_dbtt_TP_7e668ee637fc3ac5,NEAR_TIP_RETENTION_EXTREME,INITIAL_ONSET_PRE_EVENT,FACTORIAL_R0_S1_B1_M0,True,55509088.06711426,2.931106565679095e-06,7.634485073185825e-06,1.505397168577468e-07,-3725745.0303873206,7982232710.508015,8013860198.077,1505.547319142136,8014644865.683129,8552584225.136031,1.7718081641325918,7625.2559083802325,0.07347317183709316,"[32226567.818086624, 32140276.371271133]","[0.07423772575569687, 0.07423772575569687]","[45695265852.441086, 45695265852.441086]",137592770003259.75,-15.27246682516927,640770455800.007,2934807601238.349,1.0,full_active,COUNTERFACTUAL_DIAGNOSTIC_NOT_PRODUCTION_PHYSICS,False,True,True,False
oneD_v2_dbtt_TP_7e668ee637fc3ac5,NEAR_TIP_RETENTION_EXTREME,INITIAL_ONSET_PRE_EVENT,FACTORIAL_R0_S1_B1_M1,True,55509088.06711426,2.931106565679095e-06,7.634485073185825e-06,1.505397168577468e-07,-3725745.0303873206,7982232710.508015,8013860198.077,1505.6360396902294,8014644865.683129,8552584225.136031,1.7718081641325918,7625.2559083802325,0.07347317183709316,"[32226567.818086624, 32140276.371271133]","[0.07423772575569687, 0.07423772575569687]","[45695265852.441086, 45695265852.441086]",137600878221323.14,-15.272492416998055,640770455800.007,2934807601238.349,1.0,full_active,COUNTERFACTUAL_DIAGNOSTIC_NOT_PRODUCTION_PHYSICS,False,True,True,True
oneD_v2_dbtt_TP_7e668ee637fc3ac5,NEAR_TIP_RETENTION_EXTREME,INITIAL_ONSET_PRE_EVENT,FACTORIAL_R1_S0_B0_M0,True,55509088.06711426,2.931106565679095e-06,7.635544254702428e-06,1.505397168577468e-07,0.0,0.0,8013860198.077,1505.547319142136,8014088961.753266,8014088961.753266,2.1231502510064133,187.3008334099451,1.0949817264532531e-06,"[8024603795.366239, 8003116693.709742]","[0.07423772575569687, 0.07423772575569687]","[45695265852.441086, 45695265852.441086]",137592770003259.75,-20.099188742377414,640770455800.007,2934807601238.349,1.0,full_active,COUNTERFACTUAL_DIAGNOSTIC_NOT_PRODUCTION_PHYSICS,True,False,False,False
oneD_v2_dbtt_TP_7e668ee637fc3ac5,NEAR_TIP_RETENTION_EXTREME,INITIAL_ONSET_PRE_EVENT,FACTORIAL_R1_S0_B0_M1,True,55509088.06711426,2.931106565679095e-06,7.635544254702428e-06,1.505397168577468e-07,0.0,0.0,8013860198.077,1505.6360396902294,8014088961.753266,8014088961.753266,2.1231502510064133,187.3008334099451,1.0949817264532531e-06,"[8024603795.366239, 8003116693.709742]","[0.07423772575569687, 0.07423772575569687]","[45695265852.441086, 45695265852.441086]",137600878221323.14,-20.0992143342062,640770455800.007,2934807601238.349,1.0,full_active,COUNTERFACTUAL_DIAGNOSTIC_NOT_PRODUCTION_PHYSICS,True,False,False,True
oneD_v2_dbtt_TP_7e668ee637fc3ac5,NEAR_TIP_RETENTION_EXTREME,INITIAL_ONSET_PRE_EVENT,FACTORIAL_R1_S0_B1_M0,True,55509088.06711426,2.931106565679095e-06,7.635544254702428e-06,1.505397168577468e-07,0.0,7982232710.508015,8013860198.077,1505.547319142136,8014088961.753266,8014088961.753266,2.1231502510064133,187.3008334099451,1.0949817264532531e-06,"[31669934.518066406, 31585133.541884422]","[0.07423772575569687, 0.07423772575569687]","[45695265852.441086, 45695265852.441086]",137592770003259.75,-20.099188742377414,640770455800.007,2934807601238.349,1.0,full_active,COUNTERFACTUAL_DIAGNOSTIC_NOT_PRODUCTION_PHYSICS,True,False,True,False
oneD_v2_dbtt_TP_7e668ee637fc3ac5,NEAR_TIP_RETENTION_EXTREME,INITIAL_ONSET_PRE_EVENT,FACTORIAL_R1_S0_B1_M1,True,55509088.06711426,2.931106565679095e-06,7.635544254702428e-06,1.505397168577468e-07,0.0,7982232710.508015,8013860198.077,1505.6360396902294,8014088961.753266,8014088961.753266,2.1231502510064133,187.3008334099451,1.0949817264532531e-06,"[31669934.518066406, 31585133.541884422]","[0.07423772575569687, 0.07423772575569687]","[45695265852.441086, 45695265852.441086]",137600878221323.14,-20.0992143342062,640770455800.007,2934807601238.349,1.0,full_active,COUNTERFACTUAL_DIAGNOSTIC_NOT_PRODUCTION_PHYSICS,True,False,True,True
oneD_v2_dbtt_TP_7e668ee637fc3ac5,NEAR_TIP_RETENTION_EXTREME,INITIAL_ONSET_PRE_EVENT,FACTORIAL_R1_S1_B0_M0,True,55509088.06711426,2.931106565679095e-06,7.635544254702428e-06,1.505397168577468e-07,-3725745.0303873206,0.0,8013860198.077,1505.547319142136,8014088961.753266,8551991009.184368,1.7721770146581493,7595.642079392354,0.07262207203145356,"[8024603795.366239, 8003116693.709742]","[0.07423772575569687, 0.07423772575569687]","[45695265852.441086, 45695265852.441086]",137592770003259.75,-15.277526977997498,640770455800.007,2934807601238.349,1.0,full_active,COUNTERFACTUAL_DIAGNOSTIC_NOT_PRODUCTION_PHYSICS,True,True,False,False
oneD_v2_dbtt_TP_7e668ee637fc3ac5,NEAR_TIP_RETENTION_EXTREME,INITIAL_ONSET_PRE_EVENT,FACTORIAL_R1_S1_B0_M1,True,55509088.06711426,2.931106565679095e-06,7.635544254702428e-06,1.505397168577468e-07,-3725745.0303873206,0.0,8013860198.077,1505.6360396902294,8014088961.753266,8551991009.184368,1.7721770146581493,7595.642079392354,0.07262207203145356,"[8024603795.366239, 8003116693.709742]","[0.07423772575569687, 0.07423772575569687]","[45695265852.441086, 45695265852.441086]",137600878221323.14,-15.277552569826282,640770455800.007,2934807601238.349,1.0,full_active,COUNTERFACTUAL_DIAGNOSTIC_NOT_PRODUCTION_PHYSICS,True,True,False,True
oneD_v2_dbtt_TP_7e668ee637fc3ac5,NEAR_TIP_RETENTION_EXTREME,INITIAL_ONSET_PRE_EVENT,FACTORIAL_R1_S1_B1_M0,True,55509088.06711426,2.931106565679095e-06,7.635544254702428e-06,1.505397168577468e-07,-3725745.0303873206,7982232710.508015,8013860198.077,1505.547319142136,8014088961.753266,8551991009.184368,1.7721770146581493,7595.642079392354,0.07262207203145356,"[31669934.518066406, 31585133.541884422]","[0.07423772575569687, 0.07423772575569687]","[45695265852.441086, 45695265852.441086]",137592770003259.75,-15.277526977997498,640770455800.007,2934807601238.349,1.0,full_active,COUNTERFACTUAL_DIAGNOSTIC_NOT_PRODUCTION_PHYSICS,True,True,True,False
oneD_v2_dbtt_TP_7e668ee637fc3ac5,NEAR_TIP_RETENTION_EXTREME,INITIAL_ONSET_PRE_EVENT,FACTORIAL_R1_S1_B1_M1,True,55509088.06711426,2.931106565679095e-06,7.635544254702428e-06,1.505397168577468e-07,-3725745.0303873206,7982232710.508015,8013860198.077,1505.6360396902294,8014088961.753266,8551991009.184368,1.7721770146581493,7595.642079392354,0.07262207203145356,"[31669934.518066406, 31585133.541884422]","[0.07423772575569687, 0.07423772575569687]","[45695265852.441086, 45695265852.441086]",137600878221323.14,-15.277552569826282,640770455800.007,2934807601238.349,1.0,full_active,COUNTERFACTUAL_DIAGNOSTIC_NOT_PRODUCTION_PHYSICS,True,True,True,True
oneD_v2_dbtt_TP_7e668ee637fc3ac5,NEAR_TIP_RETENTION_EXTREME,REINITIATION_ONSET_PRE_EVENT,ACTUAL_RADIUS_ACTUAL_SHIELD_ACTUAL_BACKSTRESS_ACTUAL_MULTIPLICITY,False,49173514.63833644,5.2426686978820885e-05,5.272896798762938e-06,1.875862317944122e-07,-2067136.5774856196,6404850976.647522,6418762101.123108,1295.624461917069,8543123416.984774,8902255828.63174,1.5620384467486281,69717.02213676905,53.6039358778872,"[14081158.687166214, 13741242.355056763]","[0.07423772575569687, 0.07423772575569687]","[45695265852.441086, 45695265852.441086]",118407808464452.81,-12.344183664098614,640770455800.007,2934807601238.349,1.0,full_active,COUNTERFACTUAL_DIAGNOSTIC_NOT_PRODUCTION_PHYSICS,,,,
oneD_v2_dbtt_TP_7e668ee637fc3ac5,NEAR_TIP_RETENTION_EXTREME,REINITIATION_ONSET_PRE_EVENT,REFERENCE_RADIUS_ACTUAL_SHIELD_ACTUAL_BACKSTRESS,False,49173514.63833644,5.2426686978820885e-05,5.273940598008174e-06,1.875862317944122e-07,-2067136.5774856196,6404850976.647522,6418762101.123108,1295.624461917069,8542277963.108988,8901374833.903442,1.5625472290630469,69343.82331873206,52.762416298949645,"[13437462.199931145, 13114497.787994385]","[0.07423772575569687, 0.07423772575569687]","[45695265852.441086, 45695265852.441086]",118407808464452.81,-12.35105566689803,640770455800.007,2934807601238.349,1.0,full_active,COUNTERFACTUAL_DIAGNOSTIC_NOT_PRODUCTION_PHYSICS,,,,
oneD_v2_dbtt_TP_7e668ee637fc3ac5,NEAR_TIP_RETENTION_EXTREME,REINITIATION_ONSET_PRE_EVENT,ACTUAL_RADIUS_ZERO_SHIELD_ACTUAL_BACKSTRESS,False,49173514.63833644,5.2426686978820885e-05,5.272896798762938e-06,1.875862317944122e-07,0.0,6404850976.647522,6418762101.123108,1295.624461917069,8543123416.984774,8543123416.984774,1.7776957917035723,7166.045669989651,0.061003359461289736,"[14081158.687166214, 13741242.355056763]","[0.07423772575569687, 0.07423772575569687]","[45695265852.441086, 45695265852.441086]",118407808464452.81,-15.288026590795345,640770455800.007,2934807601238.349,1.0,full_active,COUNTERFACTUAL_DIAGNOSTIC_NOT_PRODUCTION_PHYSICS,,,,
oneD_v2_dbtt_TP_7e668ee637fc3ac5,NEAR_TIP_RETENTION_EXTREME,REINITIATION_ONSET_PRE_EVENT,ACTUAL_RADIUS_ACTUAL_SHIELD_ZERO_BACKSTRESS,False,49173514.63833644,5.2426686978820885e-05,5.272896798762938e-06,1.875862317944122e-07,-2067136.5774856196,0.0,6418762101.123108,1295.624461917069,8543123416.984774,8902255828.63174,1.5620384467486281,69717.02213676905,53.6039358778872,"[6504409869.102988, 6333114485.234279]","[0.07423772575569687, 0.07423772575569687]","[45695265852.441086, 45695265852.441086]",118407808464452.81,-12.344183664098614,640770455800.007,2934807601238.349,1.0,full_active,COUNTERFACTUAL_DIAGNOSTIC_NOT_PRODUCTION_PHYSICS,,,,
oneD_v2_dbtt_TP_7e668ee637fc3ac5,NEAR_TIP_RETENTION_EXTREME,REINITIATION_ONSET_PRE_EVENT,REFERENCE_RADIUS_ZERO_SHIELD_ZERO_BACKSTRESS,False,49173514.63833644,5.2426686978820885e-05,5.273940598008174e-06,1.875862317944122e-07,0.0,0.0,6418762101.123108,1295.624461917069,8542277963.108988,8542277963.108988,1.7782224591363867,7126.340731636653,0.05999674866007472,"[6503766172.615753, 6332487740.667216]","[0.07423772575569687, 0.07423772575569687]","[45695265852.441086, 45695265852.441086]",118407808464452.81,-15.2952526273437,640770455800.007,2934807601238.349,1.0,full_active,COUNTERFACTUAL_DIAGNOSTIC_NOT_PRODUCTION_PHYSICS,,,,
oneD_v2_dbtt_TP_7e668ee637fc3ac5,NEAR_TIP_RETENTION_EXTREME,REINITIATION_ONSET_PRE_EVENT,ACTUAL_RADIUS_ACTUAL_SHIELD_ACTUAL_BACKSTRESS_REFERENCE_MULTIPLICITY,False,49173514.63833644,5.2426686978820885e-05,5.272896798762938e-06,1.875862317944122e-07,-2067136.5774856196,6404850976.647522,6418762101.123108,1295.7227413267585,8543123416.984774,8902255828.63174,1.5620384467486281,69717.02213676905,53.6039358778872,"[14081158.687166214, 13741242.355056763]","[0.07423772575569687, 0.07423772575569687]","[45695265852.441086, 45695265852.441086]",118416790271959.97,-12.344216606195511,640770455800.007,2934807601238.349,1.0,full_active,COUNTERFACTUAL_DIAGNOSTIC_NOT_PRODUCTION_PHYSICS,,,,
oneD_v2_dbtt_TP_7e668ee637fc3ac5,NEAR_TIP_RETENTION_EXTREME,REINITIATION_ONSET_PRE_EVENT,FACTORIAL_R0_S0_B0_M0,True,49173514.63833644,5.2426686978820885e-05,5.273940598008174e-06,1.875862317944122e-07,0.0,0.0,6418762101.123108,1295.7227413267585,8542277963.108988,8542277963.108988,1.7782224591363867,7126.340731636653,0.05999674866007472,"[6503766172.615753, 6332487740.667216]","[0.07423772575569687, 0.07423772575569687]","[45695265852.441086, 45695265852.441086]",118416790271959.97,-15.295285569440598,640770455800.007,2934807601238.349,1.0,full_active,COUNTERFACTUAL_DIAGNOSTIC_NOT_PRODUCTION_PHYSICS,False,False,False,False
oneD_v2_dbtt_TP_7e668ee637fc3ac5,NEAR_TIP_RETENTION_EXTREME,REINITIATION_ONSET_PRE_EVENT,FACTORIAL_R0_S0_B0_M1,True,49173514.63833644,5.2426686978820885e-05,5.273940598008174e-06,1.875862317944122e-07,0.0,0.0,6418762101.123108,1295.624461917069,8542277963.108988,8542277963.108988,1.7782224591363867,7126.340731636653,0.05999674866007472,"[6503766172.615753, 6332487740.667216]","[0.07423772575569687, 0.07423772575569687]","[45695265852.441086, 45695265852.441086]",118407808464452.81,-15.2952526273437,640770455800.007,2934807601238.349,1.0,full_active,COUNTERFACTUAL_DIAGNOSTIC_NOT_PRODUCTION_PHYSICS,False,False,False,True
oneD_v2_dbtt_TP_7e668ee637fc3ac5,NEAR_TIP_RETENTION_EXTREME,REINITIATION_ONSET_PRE_EVENT,FACTORIAL_R0_S0_B1_M0,True,49173514.63833644,5.2426686978820885e-05,5.273940598008174e-06,1.875862317944122e-07,0.0,6404850976.647522,6418762101.123108,1295.7227413267585,8542277963.108988,8542277963.108988,1.7782224591363867,7126.340731636653,0.05999674866007472,"[13437462.199931145, 13114497.787994385]","[0.07423772575569687, 0.07423772575569687]","[45695265852.441086, 45695265852.441086]",118416790271959.97,-15.295285569440598,640770455800.007,2934807601238.349,1.0,full_active,COUNTERFACTUAL_DIAGNOSTIC_NOT_PRODUCTION_PHYSICS,False,False,True,False
oneD_v2_dbtt_TP_7e668ee637fc3ac5,NEAR_TIP_RETENTION_EXTREME,REINITIATION_ONSET_PRE_EVENT,FACTORIAL_R0_S0_B1_M1,True,49173514.63833644,5.2426686978820885e-05,5.273940598008174e-06,1.875862317944122e-07,0.0,6404850976.647522,6418762101.123108,1295.624461917069,8542277963.108988,8542277963.108988,1.7782224591363867,7126.340731636653,0.05999674866007472,"[13437462.199931145, 13114497.787994385]","[0.07423772575569687, 0.07423772575569687]","[45695265852.441086, 45695265852.441086]",118407808464452.81,-15.2952526273437,640770455800.007,2934807601238.349,1.0,full_active,COUNTERFACTUAL_DIAGNOSTIC_NOT_PRODUCTION_PHYSICS,False,False,True,True
oneD_v2_dbtt_TP_7e668ee637fc3ac5,NEAR_TIP_RETENTION_EXTREME,REINITIATION_ONSET_PRE_EVENT,FACTORIAL_R0_S1_B0_M0,True,49173514.63833644,5.2426686978820885e-05,5.273940598008174e-06,1.875862317944122e-07,-2067136.5774856196,0.0,6418762101.123108,1295.7227413267585,8542277963.108988,8901374833.903442,1.5625472290630469,69343.82331873206,52.762416298949645,"[6503766172.615753, 6332487740.667216]","[0.07423772575569687, 0.07423772575569687]","[45695265852.441086, 45695265852.441086]",118416790271959.97,-12.35108860899493,640770455800.007,2934807601238.349,1.0,full_active,COUNTERFACTUAL_DIAGNOSTIC_NOT_PRODUCTION_PHYSICS,False,True,False,False
oneD_v2_dbtt_TP_7e668ee637fc3ac5,NEAR_TIP_RETENTION_EXTREME,REINITIATION_ONSET_PRE_EVENT,FACTORIAL_R0_S1_B0_M1,True,49173514.63833644,5.2426686978820885e-05,5.273940598008174e-06,1.875862317944122e-07,-2067136.5774856196,0.0,6418762101.123108,1295.624461917069,8542277963.108988,8901374833.903442,1.5625472290630469,69343.82331873206,52.762416298949645,"[6503766172.615753, 6332487740.667216]","[0.07423772575569687, 0.07423772575569687]","[45695265852.441086, 45695265852.441086]",118407808464452.81,-12.35105566689803,640770455800.007,2934807601238.349,1.0,full_active,COUNTERFACTUAL_DIAGNOSTIC_NOT_PRODUCTION_PHYSICS,False,True,False,True
oneD_v2_dbtt_TP_7e668ee637fc3ac5,NEAR_TIP_RETENTION_EXTREME,REINITIATION_ONSET_PRE_EVENT,FACTORIAL_R0_S1_B1_M0,True,49173514.63833644,5.2426686978820885e-05,5.273940598008174e-06,1.875862317944122e-07,-2067136.5774856196,6404850976.647522,6418762101.123108,1295.7227413267585,8542277963.108988,8901374833.903442,1.5625472290630469,69343.82331873206,52.762416298949645,"[13437462.199931145, 13114497.787994385]","[0.07423772575569687, 0.07423772575569687]","[45695265852.441086, 45695265852.441086]",118416790271959.97,-12.35108860899493,640770455800.007,2934807601238.349,1.0,full_active,COUNTERFACTUAL_DIAGNOSTIC_NOT_PRODUCTION_PHYSICS,False,True,True,False
oneD_v2_dbtt_TP_7e668ee637fc3ac5,NEAR_TIP_RETENTION_EXTREME,REINITIATION_ONSET_PRE_EVENT,FACTORIAL_R0_S1_B1_M1,True,49173514.63833644,5.2426686978820885e-05,5.273940598008174e-06,1.875862317944122e-07,-2067136.5774856196,6404850976.647522,6418762101.123108,1295.624461917069,8542277963.108988,8901374833.903442,1.5625472290630469,69343.82331873206,52.762416298949645,"[13437462.199931145, 13114497.787994385]","[0.07423772575569687, 0.07423772575569687]","[45695265852.441086, 45695265852.441086]",118407808464452.81,-12.35105566689803,640770455800.007,2934807601238.349,1.0,full_active,COUNTERFACTUAL_DIAGNOSTIC_NOT_PRODUCTION_PHYSICS,False,True,True,True
oneD_v2_dbtt_TP_7e668ee637fc3ac5,NEAR_TIP_RETENTION_EXTREME,REINITIATION_ONSET_PRE_EVENT,FACTORIAL_R1_S0_B0_M0,True,49173514.63833644,5.2426686978820885e-05,5.272896798762938e-06,1.875862317944122e-07,0.0,0.0,6418762101.123108,1295.7227413267585,8543123416.984774,8543123416.984774,1.7776957917035723,7166.045669989651,0.061003359461289736,"[6504409869.102988, 6333114485.234279]","[0.07423772575569687, 0.07423772575569687]","[45695265852.441086, 45695265852.441086]",118416790271959.97,-15.288059532892245,640770455800.007,2934807601238.349,1.0,full_active,COUNTERFACTUAL_DIAGNOSTIC_NOT_PRODUCTION_PHYSICS,True,False,False,False
oneD_v2_dbtt_TP_7e668ee637fc3ac5,NEAR_TIP_RETENTION_EXTREME,REINITIATION_ONSET_PRE_EVENT,FACTORIAL_R1_S0_B0_M1,True,49173514.63833644,5.2426686978820885e-05,5.272896798762938e-06,1.875862317944122e-07,0.0,0.0,6418762101.123108,1295.624461917069,8543123416.984774,8543123416.984774,1.7776957917035723,7166.045669989651,0.061003359461289736,"[6504409869.102988, 6333114485.234279]","[0.07423772575569687, 0.07423772575569687]","[45695265852.441086, 45695265852.441086]",118407808464452.81,-15.288026590795345,640770455800.007,2934807601238.349,1.0,full_active,COUNTERFACTUAL_DIAGNOSTIC_NOT_PRODUCTION_PHYSICS,True,False,False,True
oneD_v2_dbtt_TP_7e668ee637fc3ac5,NEAR_TIP_RETENTION_EXTREME,REINITIATION_ONSET_PRE_EVENT,FACTORIAL_R1_S0_B1_M0,True,49173514.63833644,5.2426686978820885e-05,5.272896798762938e-06,1.875862317944122e-07,0.0,6404850976.647522,6418762101.123108,1295.7227413267585,8543123416.984774,8543123416.984774,1.7776957917035723,7166.045669989651,0.061003359461289736,"[14081158.687166214, 13741242.355056763]","[0.07423772575569687, 0.07423772575569687]","[45695265852.441086, 45695265852.441086]",118416790271959.97,-15.288059532892245,640770455800.007,2934807601238.349,1.0,full_active,COUNTERFACTUAL_DIAGNOSTIC_NOT_PRODUCTION_PHYSICS,True,False,True,False
oneD_v2_dbtt_TP_7e668ee637fc3ac5,NEAR_TIP_RETENTION_EXTREME,REINITIATION_ONSET_PRE_EVENT,FACTORIAL_R1_S0_B1_M1,True,49173514.63833644,5.2426686978820885e-05,5.272896798762938e-06,1.875862317944122e-07,0.0,6404850976.647522,6418762101.123108,1295.624461917069,8543123416.984774,8543123416.984774,1.7776957917035723,7166.045669989651,0.061003359461289736,"[14081158.687166214, 13741242.355056763]","[0.07423772575569687, 0.07423772575569687]","[45695265852.441086, 45695265852.441086]",118407808464452.81,-15.288026590795345,640770455800.007,2934807601238.349,1.0,full_active,COUNTERFACTUAL_DIAGNOSTIC_NOT_PRODUCTION_PHYSICS,True,False,True,True
oneD_v2_dbtt_TP_7e668ee637fc3ac5,NEAR_TIP_RETENTION_EXTREME,REINITIATION_ONSET_PRE_EVENT,FACTORIAL_R1_S1_B0_M0,True,49173514.63833644,5.2426686978820885e-05,5.272896798762938e-06,1.875862317944122e-07,-2067136.5774856196,0.0,6418762101.123108,1295.7227413267585,8543123416.984774,8902255828.63174,1.5620384467486281,69717.02213676905,53.6039358778872,"[6504409869.102988, 6333114485.234279]","[0.07423772575569687, 0.07423772575569687]","[45695265852.441086, 45695265852.441086]",118416790271959.97,-12.344216606195511,640770455800.007,2934807601238.349,1.0,full_active,COUNTERFACTUAL_DIAGNOSTIC_NOT_PRODUCTION_PHYSICS,True,True,False,False
oneD_v2_dbtt_TP_7e668ee637fc3ac5,NEAR_TIP_RETENTION_EXTREME,REINITIATION_ONSET_PRE_EVENT,FACTORIAL_R1_S1_B0_M1,True,49173514.63833644,5.2426686978820885e-05,5.272896798762938e-06,1.875862317944122e-07,-2067136.5774856196,0.0,6418762101.123108,1295.624461917069,8543123416.984774,8902255828.63174,1.5620384467486281,69717.02213676905,53.6039358778872,"[6504409869.102988, 6333114485.234279]","[0.07423772575569687, 0.07423772575569687]","[45695265852.441086, 45695265852.441086]",118407808464452.81,-12.344183664098614,640770455800.007,2934807601238.349,1.0,full_active,COUNTERFACTUAL_DIAGNOSTIC_NOT_PRODUCTION_PHYSICS,True,True,False,True
oneD_v2_dbtt_TP_7e668ee637fc3ac5,NEAR_TIP_RETENTION_EXTREME,REINITIATION_ONSET_PRE_EVENT,FACTORIAL_R1_S1_B1_M0,True,49173514.63833644,5.2426686978820885e-05,5.272896798762938e-06,1.875862317944122e-07,-2067136.5774856196,6404850976.647522,6418762101.123108,1295.7227413267585,8543123416.984774,8902255828.63174,1.5620384467486281,69717.02213676905,53.6039358778872,"[14081158.687166214, 13741242.355056763]","[0.07423772575569687, 0.07423772575569687]","[45695265852.441086, 45695265852.441086]",118416790271959.97,-12.344216606195511,640770455800.007,2934807601238.349,1.0,full_active,COUNTERFACTUAL_DIAGNOSTIC_NOT_PRODUCTION_PHYSICS,True,True,True,False
oneD_v2_dbtt_TP_7e668ee637fc3ac5,NEAR_TIP_RETENTION_EXTREME,REINITIATION_ONSET_PRE_EVENT,FACTORIAL_R1_S1_B1_M1,True,49173514.63833644,5.2426686978820885e-05,5.272896798762938e-06,1.875862317944122e-07,-2067136.5774856196,6404850976.647522,6418762101.123108,1295.624461917069,8543123416.984774,8902255828.63174,1.5620384467486281,69717.02213676905,53.6039358778872,"[14081158.687166214, 13741242.355056763]","[0.07423772575569687, 0.07423772575569687]","[45695265852.441086, 45695265852.441086]",118407808464452.81,-12.344183664098614,640770455800.007,2934807601238.349,1.0,full_active,COUNTERFACTUAL_DIAGNOSTIC_NOT_PRODUCTION_PHYSICS,True,True,True,True
oneD_v2_dbtt_TP_b60d78111740b058,PERSISTENT_WAKE_EXTREME,INITIAL_ONSET_PRE_EVENT,ACTUAL_RADIUS_ACTUAL_SHIELD_ACTUAL_BACKSTRESS_ACTUAL_MULTIPLICITY,False,55508232.835343555,2.931106565679095e-06,7.637116338127132e-06,1.505218912405265e-07,-3724311.415348353,7983178223.979425,8012911880.56448,1505.7677141703573,8013140617.271295,8550780342.93543,1.772929916376615,7535.550503395599,0.0709152569296025,"[29773564.714925766, 29693841.568602562]","[0.07423772575569687, 0.07423772575569687]","[45695265852.441086, 45695265852.441086]",137612912022074.0,-15.287919504334234,849300777231.5972,3889902154812.9595,1.0,full_active,COUNTERFACTUAL_DIAGNOSTIC_NOT_PRODUCTION_PHYSICS,,,,
oneD_v2_dbtt_TP_b60d78111740b058,PERSISTENT_WAKE_EXTREME,INITIAL_ONSET_PRE_EVENT,REFERENCE_RADIUS_ACTUAL_SHIELD_ACTUAL_BACKSTRESS,False,55508232.835343555,2.931106565679095e-06,7.634485073185825e-06,1.505218912405265e-07,-3724311.415348353,7983178223.979425,8012911880.56448,1505.7677141703573,8014521383.580311,8552253751.424964,1.7720136412156702,7608.744595097583,0.07299782379632436,"[31156142.649451256, 31072717.43965149]","[0.07423772575569687, 0.07423772575569687]","[45695265852.441086, 45695265852.441086]",137612912022074.0,-15.275349271868745,849300777231.5972,3889902154812.9595,1.0,full_active,COUNTERFACTUAL_DIAGNOSTIC_NOT_PRODUCTION_PHYSICS,,,,
oneD_v2_dbtt_TP_b60d78111740b058,PERSISTENT_WAKE_EXTREME,INITIAL_ONSET_PRE_EVENT,ACTUAL_RADIUS_ZERO_SHIELD_ACTUAL_BACKSTRESS,False,55508232.835343555,2.931106565679095e-06,7.637116338127132e-06,1.505218912405265e-07,0.0,7983178223.979425,8012911880.56448,1505.7677141703573,8013140617.271295,8013140617.271295,2.1237961843338753,186.02884557017092,1.072825355965977e-06,"[29773564.714925766, 29693841.568602562]","[0.07423772575569687, 0.07423772575569687]","[45695265852.441086, 45695265852.441086]",137612912022074.0,-20.10813015563026,849300777231.5972,3889902154812.9595,1.0,full_active,COUNTERFACTUAL_DIAGNOSTIC_NOT_PRODUCTION_PHYSICS,,,,
oneD_v2_dbtt_TP_b60d78111740b058,PERSISTENT_WAKE_EXTREME,INITIAL_ONSET_PRE_EVENT,ACTUAL_RADIUS_ACTUAL_SHIELD_ZERO_BACKSTRESS,False,55508232.835343555,2.931106565679095e-06,7.637116338127132e-06,1.505218912405265e-07,-3724311.415348353,0.0,8012911880.56448,1505.7677141703573,8013140617.271295,8550780342.93543,1.772929916376615,7535.550503395599,0.0709152569296025,"[8023654206.61502, 8002169647.627359]","[0.07423772575569687, 0.07423772575569687]","[45695265852.441086, 45695265852.441086]",137612912022074.0,-15.287919504334234,849300777231.5972,3889902154812.9595,1.0,full_active,COUNTERFACTUAL_DIAGNOSTIC_NOT_PRODUCTION_PHYSICS,,,,
oneD_v2_dbtt_TP_b60d78111740b058,PERSISTENT_WAKE_EXTREME,INITIAL_ONSET_PRE_EVENT,REFERENCE_RADIUS_ZERO_SHIELD_ZERO_BACKSTRESS,False,55508232.835343555,2.931106565679095e-06,7.634485073185825e-06,1.505218912405265e-07,0.0,0.0,8012911880.56448,1505.7677141703573,8014521383.580311,8014521383.580311,2.1228557504615684,187.8836542294847,1.1052347911247372e-06,"[8025036784.549545, 8003548523.498408]","[0.07423772575569687, 0.07423772575569687]","[45695265852.441086, 45695265852.441086]",137612912022074.0,-20.095204637644297,849300777231.5972,3889902154812.9595,1.0,full_active,COUNTERFACTUAL_DIAGNOSTIC_NOT_PRODUCTION_PHYSICS,,,,
oneD_v2_dbtt_TP_b60d78111740b058,PERSISTENT_WAKE_EXTREME,INITIAL_ONSET_PRE_EVENT,ACTUAL_RADIUS_ACTUAL_SHIELD_ACTUAL_BACKSTRESS_REFERENCE_MULTIPLICITY,False,55508232.835343555,2.931106565679095e-06,7.637116338127132e-06,1.505218912405265e-07,-3724311.415348353,7983178223.979425,8012911880.56448,1505.547319142136,8013140617.271295,8550780342.93543,1.772929916376615,7535.550503395599,0.0709152569296025,"[29773564.714925766, 29693841.568602562]","[0.07423772575569687, 0.07423772575569687]","[45695265852.441086, 45695265852.441086]",137592770003259.75,-15.28785593320753,849300777231.5972,3889902154812.9595,1.0,full_active,COUNTERFACTUAL_DIAGNOSTIC_NOT_PRODUCTION_PHYSICS,,,,
oneD_v2_dbtt_TP_b60d78111740b058,PERSISTENT_WAKE_EXTREME,INITIAL_ONSET_PRE_EVENT,FACTORIAL_R0_S0_B0_M0,True,55508232.835343555,2.931106565679095e-06,7.634485073185825e-06,1.505218912405265e-07,0.0,0.0,8012911880.56448,1505.547319142136,8014521383.580311,8014521383.580311,2.1228557504615684,187.8836542294847,1.1052347911247372e-06,"[8025036784.549545, 8003548523.498408]","[0.07423772575569687, 0.07423772575569687]","[45695265852.441086, 45695265852.441086]",137592770003259.75,-20.09514106651759,849300777231.5972,3889902154812.9595,1.0,full_active,COUNTERFACTUAL_DIAGNOSTIC_NOT_PRODUCTION_PHYSICS,False,False,False,False
oneD_v2_dbtt_TP_b60d78111740b058,PERSISTENT_WAKE_EXTREME,INITIAL_ONSET_PRE_EVENT,FACTORIAL_R0_S0_B0_M1,True,55508232.835343555,2.931106565679095e-06,7.634485073185825e-06,1.505218912405265e-07,0.0,0.0,8012911880.56448,1505.7677141703573,8014521383.580311,8014521383.580311,2.1228557504615684,187.8836542294847,1.1052347911247372e-06,"[8025036784.549545, 8003548523.498408]","[0.07423772575569687, 0.07423772575569687]","[45695265852.441086, 45695265852.441086]",137612912022074.0,-20.095204637644297,849300777231.5972,3889902154812.9595,1.0,full_active,COUNTERFACTUAL_DIAGNOSTIC_NOT_PRODUCTION_PHYSICS,False,False,False,True
oneD_v2_dbtt_TP_b60d78111740b058,PERSISTENT_WAKE_EXTREME,INITIAL_ONSET_PRE_EVENT,FACTORIAL_R0_S0_B1_M0,True,55508232.835343555,2.931106565679095e-06,7.634485073185825e-06,1.505218912405265e-07,0.0,7983178223.979425,8012911880.56448,1505.547319142136,8014521383.580311,8014521383.580311,2.1228557504615684,187.8836542294847,1.1052347911247372e-06,"[31156142.649451256, 31072717.43965149]","[0.07423772575569687, 0.07423772575569687]","[45695265852.441086, 45695265852.441086]",137592770003259.75,-20.09514106651759,849300777231.5972,3889902154812.9595,1.0,full_active,COUNTERFACTUAL_DIAGNOSTIC_NOT_PRODUCTION_PHYSICS,False,False,True,False
oneD_v2_dbtt_TP_b60d78111740b058,PERSISTENT_WAKE_EXTREME,INITIAL_ONSET_PRE_EVENT,FACTORIAL_R0_S0_B1_M1,True,55508232.835343555,2.931106565679095e-06,7.634485073185825e-06,1.505218912405265e-07,0.0,7983178223.979425,8012911880.56448,1505.7677141703573,8014521383.580311,8014521383.580311,2.1228557504615684,187.8836542294847,1.1052347911247372e-06,"[31156142.649451256, 31072717.43965149]","[0.07423772575569687, 0.07423772575569687]","[45695265852.441086, 45695265852.441086]",137612912022074.0,-20.095204637644297,849300777231.5972,3889902154812.9595,1.0,full_active,COUNTERFACTUAL_DIAGNOSTIC_NOT_PRODUCTION_PHYSICS,False,False,True,True
oneD_v2_dbtt_TP_b60d78111740b058,PERSISTENT_WAKE_EXTREME,INITIAL_ONSET_PRE_EVENT,FACTORIAL_R0_S1_B0_M0,True,55508232.835343555,2.931106565679095e-06,7.634485073185825e-06,1.505218912405265e-07,-3724311.415348353,0.0,8012911880.56448,1505.547319142136,8014521383.580311,8552253751.424964,1.7720136412156702,7608.744595097583,0.07299782379632436,"[8025036784.549545, 8003548523.498408]","[0.07423772575569687, 0.07423772575569687]","[45695265852.441086, 45695265852.441086]",137592770003259.75,-15.27528570074204,849300777231.5972,3889902154812.9595,1.0,full_active,COUNTERFACTUAL_DIAGNOSTIC_NOT_PRODUCTION_PHYSICS,False,True,False,False
oneD_v2_dbtt_TP_b60d78111740b058,PERSISTENT_WAKE_EXTREME,INITIAL_ONSET_PRE_EVENT,FACTORIAL_R0_S1_B0_M1,True,55508232.835343555,2.931106565679095e-06,7.634485073185825e-06,1.505218912405265e-07,-3724311.415348353,0.0,8012911880.56448,1505.7677141703573,8014521383.580311,8552253751.424964,1.7720136412156702,7608.744595097583,0.07299782379632436,"[8025036784.549545, 8003548523.498408]","[0.07423772575569687, 0.07423772575569687]","[45695265852.441086, 45695265852.441086]",137612912022074.0,-15.275349271868745,849300777231.5972,3889902154812.9595,1.0,full_active,COUNTERFACTUAL_DIAGNOSTIC_NOT_PRODUCTION_PHYSICS,False,True,False,True
oneD_v2_dbtt_TP_b60d78111740b058,PERSISTENT_WAKE_EXTREME,INITIAL_ONSET_PRE_EVENT,FACTORIAL_R0_S1_B1_M0,True,55508232.835343555,2.931106565679095e-06,7.634485073185825e-06,1.505218912405265e-07,-3724311.415348353,7983178223.979425,8012911880.56448,1505.547319142136,8014521383.580311,8552253751.424964,1.7720136412156702,7608.744595097583,0.07299782379632436,"[31156142.649451256, 31072717.43965149]","[0.07423772575569687, 0.07423772575569687]","[45695265852.441086, 45695265852.441086]",137592770003259.75,-15.27528570074204,849300777231.5972,3889902154812.9595,1.0,full_active,COUNTERFACTUAL_DIAGNOSTIC_NOT_PRODUCTION_PHYSICS,False,True,True,False
oneD_v2_dbtt_TP_b60d78111740b058,PERSISTENT_WAKE_EXTREME,INITIAL_ONSET_PRE_EVENT,FACTORIAL_R0_S1_B1_M1,True,55508232.835343555,2.931106565679095e-06,7.634485073185825e-06,1.505218912405265e-07,-3724311.415348353,7983178223.979425,8012911880.56448,1505.7677141703573,8014521383.580311,8552253751.424964,1.7720136412156702,7608.744595097583,0.07299782379632436,"[31156142.649451256, 31072717.43965149]","[0.07423772575569687, 0.07423772575569687]","[45695265852.441086, 45695265852.441086]",137612912022074.0,-15.275349271868745,849300777231.5972,3889902154812.9595,1.0,full_active,COUNTERFACTUAL_DIAGNOSTIC_NOT_PRODUCTION_PHYSICS,False,True,True,True
oneD_v2_dbtt_TP_b60d78111740b058,PERSISTENT_WAKE_EXTREME,INITIAL_ONSET_PRE_EVENT,FACTORIAL_R1_S0_B0_M0,True,55508232.835343555,2.931106565679095e-06,7.637116338127132e-06,1.505218912405265e-07,0.0,0.0,8012911880.56448,1505.547319142136,8013140617.271295,8013140617.271295,2.1237961843338753,186.02884557017092,1.072825355965977e-06,"[8023654206.61502, 8002169647.627359]","[0.07423772575569687, 0.07423772575569687]","[45695265852.441086, 45695265852.441086]",137592770003259.75,-20.108066584503554,849300777231.5972,3889902154812.9595,1.0,full_active,COUNTERFACTUAL_DIAGNOSTIC_NOT_PRODUCTION_PHYSICS,True,False,False,False
oneD_v2_dbtt_TP_b60d78111740b058,PERSISTENT_WAKE_EXTREME,INITIAL_ONSET_PRE_EVENT,FACTORIAL_R1_S0_B0_M1,True,55508232.835343555,2.931106565679095e-06,7.637116338127132e-06,1.505218912405265e-07,0.0,0.0,8012911880.56448,1505.7677141703573,8013140617.271295,8013140617.271295,2.1237961843338753,186.02884557017092,1.072825355965977e-06,"[8023654206.61502, 8002169647.627359]","[0.07423772575569687, 0.07423772575569687]","[45695265852.441086, 45695265852.441086]",137612912022074.0,-20.10813015563026,849300777231.5972,3889902154812.9595,1.0,full_active,COUNTERFACTUAL_DIAGNOSTIC_NOT_PRODUCTION_PHYSICS,True,False,False,True
oneD_v2_dbtt_TP_b60d78111740b058,PERSISTENT_WAKE_EXTREME,INITIAL_ONSET_PRE_EVENT,FACTORIAL_R1_S0_B1_M0,True,55508232.835343555,2.931106565679095e-06,7.637116338127132e-06,1.505218912405265e-07,0.0,7983178223.979425,8012911880.56448,1505.547319142136,8013140617.271295,8013140617.271295,2.1237961843338753,186.02884557017092,1.072825355965977e-06,"[29773564.714925766, 29693841.568602562]","[0.07423772575569687, 0.07423772575569687]","[45695265852.441086, 45695265852.441086]",137592770003259.75,-20.108066584503554,849300777231.5972,3889902154812.9595,1.0,full_active,COUNTERFACTUAL_DIAGNOSTIC_NOT_PRODUCTION_PHYSICS,True,False,True,False
oneD_v2_dbtt_TP_b60d78111740b058,PERSISTENT_WAKE_EXTREME,INITIAL_ONSET_PRE_EVENT,FACTORIAL_R1_S0_B1_M1,True,55508232.835343555,2.931106565679095e-06,7.637116338127132e-06,1.505218912405265e-07,0.0,7983178223.979425,8012911880.56448,1505.7677141703573,8013140617.271295,8013140617.271295,2.1237961843338753,186.02884557017092,1.072825355965977e-06,"[29773564.714925766, 29693841.568602562]","[0.07423772575569687, 0.07423772575569687]","[45695265852.441086, 45695265852.441086]",137612912022074.0,-20.10813015563026,849300777231.5972,3889902154812.9595,1.0,full_active,COUNTERFACTUAL_DIAGNOSTIC_NOT_PRODUCTION_PHYSICS,True,False,True,True
oneD_v2_dbtt_TP_b60d78111740b058,PERSISTENT_WAKE_EXTREME,INITIAL_ONSET_PRE_EVENT,FACTORIAL_R1_S1_B0_M0,True,55508232.835343555,2.931106565679095e-06,7.637116338127132e-06,1.505218912405265e-07,-3724311.415348353,0.0,8012911880.56448,1505.547319142136,8013140617.271295,8550780342.93543,1.772929916376615,7535.550503395599,0.0709152569296025,"[8023654206.61502, 8002169647.627359]","[0.07423772575569687, 0.07423772575569687]","[45695265852.441086, 45695265852.441086]",137592770003259.75,-15.28785593320753,849300777231.5972,3889902154812.9595,1.0,full_active,COUNTERFACTUAL_DIAGNOSTIC_NOT_PRODUCTION_PHYSICS,True,True,False,False
oneD_v2_dbtt_TP_b60d78111740b058,PERSISTENT_WAKE_EXTREME,INITIAL_ONSET_PRE_EVENT,FACTORIAL_R1_S1_B0_M1,True,55508232.835343555,2.931106565679095e-06,7.637116338127132e-06,1.505218912405265e-07,-3724311.415348353,0.0,8012911880.56448,1505.7677141703573,8013140617.271295,8550780342.93543,1.772929916376615,7535.550503395599,0.0709152569296025,"[8023654206.61502, 8002169647.627359]","[0.07423772575569687, 0.07423772575569687]","[45695265852.441086, 45695265852.441086]",137612912022074.0,-15.287919504334234,849300777231.5972,3889902154812.9595,1.0,full_active,COUNTERFACTUAL_DIAGNOSTIC_NOT_PRODUCTION_PHYSICS,True,True,False,True
oneD_v2_dbtt_TP_b60d78111740b058,PERSISTENT_WAKE_EXTREME,INITIAL_ONSET_PRE_EVENT,FACTORIAL_R1_S1_B1_M0,True,55508232.835343555,2.931106565679095e-06,7.637116338127132e-06,1.505218912405265e-07,-3724311.415348353,7983178223.979425,8012911880.56448,1505.547319142136,8013140617.271295,8550780342.93543,1.772929916376615,7535.550503395599,0.0709152569296025,"[29773564.714925766, 29693841.568602562]","[0.07423772575569687, 0.07423772575569687]","[45695265852.441086, 45695265852.441086]",137592770003259.75,-15.28785593320753,849300777231.5972,3889902154812.9595,1.0,full_active,COUNTERFACTUAL_DIAGNOSTIC_NOT_PRODUCTION_PHYSICS,True,True,True,False
oneD_v2_dbtt_TP_b60d78111740b058,PERSISTENT_WAKE_EXTREME,INITIAL_ONSET_PRE_EVENT,FACTORIAL_R1_S1_B1_M1,True,55508232.835343555,2.931106565679095e-06,7.637116338127132e-06,1.505218912405265e-07,-3724311.415348353,7983178223.979425,8012911880.56448,1505.7677141703573,8013140617.271295,8550780342.93543,1.772929916376615,7535.550503395599,0.0709152569296025,"[29773564.714925766, 29693841.568602562]","[0.07423772575569687, 0.07423772575569687]","[45695265852.441086, 45695265852.441086]",137612912022074.0,-15.287919504334234,849300777231.5972,3889902154812.9595,1.0,full_active,COUNTERFACTUAL_DIAGNOSTIC_NOT_PRODUCTION_PHYSICS,True,True,True,True
oneD_v2_dbtt_TP_b60d78111740b058,PERSISTENT_WAKE_EXTREME,REINITIATION_ONSET_PRE_EVENT,ACTUAL_RADIUS_ACTUAL_SHIELD_ACTUAL_BACKSTRESS_ACTUAL_MULTIPLICITY,False,49167831.06921971,5.2426686978820885e-05,5.270409084907061e-06,1.8764084350340965e-07,-2068083.240500525,6402986217.639137,6419534730.807989,1295.3902111660072,8544151758.103194,8903533424.346516,1.5613008053370927,70261.66201319953,54.84773190995951,"[16752964.755268097, 16344215.153647423]","[0.07423772575569687, 0.07423772575569687]","[45695265852.441086, 45695265852.441086]",118386400163761.0,-12.334143141819661,849300777231.5972,3889902154812.9595,1.0,full_active,COUNTERFACTUAL_DIAGNOSTIC_NOT_PRODUCTION_PHYSICS,,,,
oneD_v2_dbtt_TP_b60d78111740b058,PERSISTENT_WAKE_EXTREME,REINITIATION_ONSET_PRE_EVENT,REFERENCE_RADIUS_ACTUAL_SHIELD_ACTUAL_BACKSTRESS,False,49167831.06921971,5.2426686978820885e-05,5.273940598008174e-06,1.8764084350340965e-07,-2068083.240500525,6402986217.639137,6419534730.807989,1295.3902111660072,8541290630.241391,8900551952.543333,1.5630225426528102,68996.97943291043,51.98812371147379,"[14574610.610918045, 14223228.551760674]","[0.07423772575569687, 0.07423772575569687]","[45695265852.441086, 45695265852.441086]",118386400163761.0,-12.357397671227133,849300777231.5972,3889902154812.9595,1.0,full_active,COUNTERFACTUAL_DIAGNOSTIC_NOT_PRODUCTION_PHYSICS,,,,
oneD_v2_dbtt_TP_b60d78111740b058,PERSISTENT_WAKE_EXTREME,REINITIATION_ONSET_PRE_EVENT,ACTUAL_RADIUS_ZERO_SHIELD_ACTUAL_BACKSTRESS,False,49167831.06921971,5.2426686978820885e-05,5.270409084907061e-06,1.8764084350340965e-07,0.0,6402986217.639137,6419534730.807989,1295.3902111660072,8544151758.103194,8544151758.103194,1.7770553127608804,7214.628956925915,0.062250267233616756,"[16752964.755268097, 16344215.153647423]","[0.07423772575569687, 0.07423772575569687]","[45695265852.441086, 45695265852.441086]",118386400163761.0,-15.279160594794746,849300777231.5972,3889902154812.9595,1.0,full_active,COUNTERFACTUAL_DIAGNOSTIC_NOT_PRODUCTION_PHYSICS,,,,
oneD_v2_dbtt_TP_b60d78111740b058,PERSISTENT_WAKE_EXTREME,REINITIATION_ONSET_PRE_EVENT,ACTUAL_RADIUS_ACTUAL_SHIELD_ZERO_BACKSTRESS,False,49167831.06921971,5.2426686978820885e-05,5.270409084907061e-06,1.8764084350340965e-07,-2068083.240500525,0.0,6419534730.807989,1295.3902111660072,8544151758.103194,8903533424.346516,1.5613008053370927,70261.66201319953,54.84773190995951,"[6505192808.99429, 6333876806.192899]","[0.07423772575569687, 0.07423772575569687]","[45695265852.441086, 45695265852.441086]",118386400163761.0,-12.334143141819661,849300777231.5972,3889902154812.9595,1.0,full_active,COUNTERFACTUAL_DIAGNOSTIC_NOT_PRODUCTION_PHYSICS,,,,
oneD_v2_dbtt_TP_b60d78111740b058,PERSISTENT_WAKE_EXTREME,REINITIATION_ONSET_PRE_EVENT,REFERENCE_RADIUS_ZERO_SHIELD_ZERO_BACKSTRESS,False,49167831.06921971,5.2426686978820885e-05,5.273940598008174e-06,1.8764084350340965e-07,0.0,0.0,6419534730.807989,1295.3902111660072,8541290630.241391,8541290630.241391,1.7788376179736536,7080.242971066194,0.05884200461330728,"[6503014454.84994, 6331755819.591012]","[0.07423772575569687, 0.07423772575569687]","[45695265852.441086, 45695265852.441086]",118386400163761.0,-15.30361435521237,849300777231.5972,3889902154812.9595,1.0,full_active,COUNTERFACTUAL_DIAGNOSTIC_NOT_PRODUCTION_PHYSICS,,,,
oneD_v2_dbtt_TP_b60d78111740b058,PERSISTENT_WAKE_EXTREME,REINITIATION_ONSET_PRE_EVENT,ACTUAL_RADIUS_ACTUAL_SHIELD_ACTUAL_BACKSTRESS_REFERENCE_MULTIPLICITY,False,49167831.06921971,5.2426686978820885e-05,5.270409084907061e-06,1.8764084350340965e-07,-2068083.240500525,6402986217.639137,6419534730.807989,1295.7227413267585,8544151758.103194,8903533424.346516,1.5613008053370927,70261.66201319953,54.84773190995951,"[16752964.755268097, 16344215.153647423]","[0.07423772575569687, 0.07423772575569687]","[45695265852.441086, 45695265852.441086]",118416790271959.97,-12.334254612077672,849300777231.5972,3889902154812.9595,1.0,full_active,COUNTERFACTUAL_DIAGNOSTIC_NOT_PRODUCTION_PHYSICS,,,,
oneD_v2_dbtt_TP_b60d78111740b058,PERSISTENT_WAKE_EXTREME,REINITIATION_ONSET_PRE_EVENT,FACTORIAL_R0_S0_B0_M0,True,49167831.06921971,5.2426686978820885e-05,5.273940598008174e-06,1.8764084350340965e-07,0.0,0.0,6419534730.807989,1295.7227413267585,8541290630.241391,8541290630.241391,1.7788376179736536,7080.242971066194,0.05884200461330728,"[6503014454.84994, 6331755819.591012]","[0.07423772575569687, 0.07423772575569687]","[45695265852.441086, 45695265852.441086]",118416790271959.97,-15.30372582547038,849300777231.5972,3889902154812.9595,1.0,full_active,COUNTERFACTUAL_DIAGNOSTIC_NOT_PRODUCTION_PHYSICS,False,False,False,False
oneD_v2_dbtt_TP_b60d78111740b058,PERSISTENT_WAKE_EXTREME,REINITIATION_ONSET_PRE_EVENT,FACTORIAL_R0_S0_B0_M1,True,49167831.06921971,5.2426686978820885e-05,5.273940598008174e-06,1.8764084350340965e-07,0.0,0.0,6419534730.807989,1295.3902111660072,8541290630.241391,8541290630.241391,1.7788376179736536,7080.242971066194,0.05884200461330728,"[6503014454.84994, 6331755819.591012]","[0.07423772575569687, 0.07423772575569687]","[45695265852.441086, 45695265852.441086]",118386400163761.0,-15.30361435521237,849300777231.5972,3889902154812.9595,1.0,full_active,COUNTERFACTUAL_DIAGNOSTIC_NOT_PRODUCTION_PHYSICS,False,False,False,True
oneD_v2_dbtt_TP_b60d78111740b058,PERSISTENT_WAKE_EXTREME,REINITIATION_ONSET_PRE_EVENT,FACTORIAL_R0_S0_B1_M0,True,49167831.06921971,5.2426686978820885e-05,5.273940598008174e-06,1.8764084350340965e-07,0.0,6402986217.639137,6419534730.807989,1295.7227413267585,8541290630.241391,8541290630.241391,1.7788376179736536,7080.242971066194,0.05884200461330728,"[14574610.610918045, 14223228.551760674]","[0.07423772575569687, 0.07423772575569687]","[45695265852.441086, 45695265852.441086]",118416790271959.97,-15.30372582547038,849300777231.5972,3889902154812.9595,1.0,full_active,COUNTERFACTUAL_DIAGNOSTIC_NOT_PRODUCTION_PHYSICS,False,False,True,False
oneD_v2_dbtt_TP_b60d78111740b058,PERSISTENT_WAKE_EXTREME,REINITIATION_ONSET_PRE_EVENT,FACTORIAL_R0_S0_B1_M1,True,49167831.06921971,5.2426686978820885e-05,5.273940598008174e-06,1.8764084350340965e-07,0.0,6402986217.639137,6419534730.807989,1295.3902111660072,8541290630.241391,8541290630.241391,1.7788376179736536,7080.242971066194,0.05884200461330728,"[14574610.610918045, 14223228.551760674]","[0.07423772575569687, 0.07423772575569687]","[45695265852.441086, 45695265852.441086]",118386400163761.0,-15.30361435521237,849300777231.5972,3889902154812.9595,1.0,full_active,COUNTERFACTUAL_DIAGNOSTIC_NOT_PRODUCTION_PHYSICS,False,False,True,True
oneD_v2_dbtt_TP_b60d78111740b058,PERSISTENT_WAKE_EXTREME,REINITIATION_ONSET_PRE_EVENT,FACTORIAL_R0_S1_B0_M0,True,49167831.06921971,5.2426686978820885e-05,5.273940598008174e-06,1.8764084350340965e-07,-2068083.240500525,0.0,6419534730.807989,1295.7227413267585,8541290630.241391,8900551952.543333,1.5630225426528102,68996.97943291043,51.98812371147379,"[6503014454.84994, 6331755819.591012]","[0.07423772575569687, 0.07423772575569687]","[45695265852.441086, 45695265852.441086]",118416790271959.97,-12.357509141485144,849300777231.5972,3889902154812.9595,1.0,full_active,COUNTERFACTUAL_DIAGNOSTIC_NOT_PRODUCTION_PHYSICS,False,True,False,False
oneD_v2_dbtt_TP_b60d78111740b058,PERSISTENT_WAKE_EXTREME,REINITIATION_ONSET_PRE_EVENT,FACTORIAL_R0_S1_B0_M1,True,49167831.06921971,5.2426686978820885e-05,5.273940598008174e-06,1.8764084350340965e-07,-2068083.240500525,0.0,6419534730.807989,1295.3902111660072,8541290630.241391,8900551952.543333,1.5630225426528102,68996.97943291043,51.98812371147379,"[6503014454.84994, 6331755819.591012]","[0.07423772575569687, 0.07423772575569687]","[45695265852.441086, 45695265852.441086]",118386400163761.0,-12.357397671227133,849300777231.5972,3889902154812.9595,1.0,full_active,COUNTERFACTUAL_DIAGNOSTIC_NOT_PRODUCTION_PHYSICS,False,True,False,True
oneD_v2_dbtt_TP_b60d78111740b058,PERSISTENT_WAKE_EXTREME,REINITIATION_ONSET_PRE_EVENT,FACTORIAL_R0_S1_B1_M0,True,49167831.06921971,5.2426686978820885e-05,5.273940598008174e-06,1.8764084350340965e-07,-2068083.240500525,6402986217.639137,6419534730.807989,1295.7227413267585,8541290630.241391,8900551952.543333,1.5630225426528102,68996.97943291043,51.98812371147379,"[14574610.610918045, 14223228.551760674]","[0.07423772575569687, 0.07423772575569687]","[45695265852.441086, 45695265852.441086]",118416790271959.97,-12.357509141485144,849300777231.5972,3889902154812.9595,1.0,full_active,COUNTERFACTUAL_DIAGNOSTIC_NOT_PRODUCTION_PHYSICS,False,True,True,False
oneD_v2_dbtt_TP_b60d78111740b058,PERSISTENT_WAKE_EXTREME,REINITIATION_ONSET_PRE_EVENT,FACTORIAL_R0_S1_B1_M1,True,49167831.06921971,5.2426686978820885e-05,5.273940598008174e-06,1.8764084350340965e-07,-2068083.240500525,6402986217.639137,6419534730.807989,1295.3902111660072,8541290630.241391,8900551952.543333,1.5630225426528102,68996.97943291043,51.98812371147379,"[14574610.610918045, 14223228.551760674]","[0.07423772575569687, 0.07423772575569687]","[45695265852.441086, 45695265852.441086]",118386400163761.0,-12.357397671227133,849300777231.5972,3889902154812.9595,1.0,full_active,COUNTERFACTUAL_DIAGNOSTIC_NOT_PRODUCTION_PHYSICS,False,True,True,True
oneD_v2_dbtt_TP_b60d78111740b058,PERSISTENT_WAKE_EXTREME,REINITIATION_ONSET_PRE_EVENT,FACTORIAL_R1_S0_B0_M0,True,49167831.06921971,5.2426686978820885e-05,5.270409084907061e-06,1.8764084350340965e-07,0.0,0.0,6419534730.807989,1295.7227413267585,8544151758.103194,8544151758.103194,1.7770553127608804,7214.628956925915,0.062250267233616756,"[6505192808.99429, 6333876806.192899]","[0.07423772575569687, 0.07423772575569687]","[45695265852.441086, 45695265852.441086]",118416790271959.97,-15.279272065052757,849300777231.5972,3889902154812.9595,1.0,full_active,COUNTERFACTUAL_DIAGNOSTIC_NOT_PRODUCTION_PHYSICS,True,False,False,False
oneD_v2_dbtt_TP_b60d78111740b058,PERSISTENT_WAKE_EXTREME,REINITIATION_ONSET_PRE_EVENT,FACTORIAL_R1_S0_B0_M1,True,49167831.06921971,5.2426686978820885e-05,5.270409084907061e-06,1.8764084350340965e-07,0.0,0.0,6419534730.807989,1295.3902111660072,8544151758.103194,8544151758.103194,1.7770553127608804,7214.628956925915,0.062250267233616756,"[6505192808.99429, 6333876806.192899]","[0.07423772575569687, 0.07423772575569687]","[45695265852.441086, 45695265852.441086]",118386400163761.0,-15.279160594794746,849300777231.5972,3889902154812.9595,1.0,full_active,COUNTERFACTUAL_DIAGNOSTIC_NOT_PRODUCTION_PHYSICS,True,False,False,True
oneD_v2_dbtt_TP_b60d78111740b058,PERSISTENT_WAKE_EXTREME,REINITIATION_ONSET_PRE_EVENT,FACTORIAL_R1_S0_B1_M0,True,49167831.06921971,5.2426686978820885e-05,5.270409084907061e-06,1.8764084350340965e-07,0.0,6402986217.639137,6419534730.807989,1295.7227413267585,8544151758.103194,8544151758.103194,1.7770553127608804,7214.628956925915,0.062250267233616756,"[16752964.755268097, 16344215.153647423]","[0.07423772575569687, 0.07423772575569687]","[45695265852.441086, 45695265852.441086]",118416790271959.97,-15.279272065052757,849300777231.5972,3889902154812.9595,1.0,full_active,COUNTERFACTUAL_DIAGNOSTIC_NOT_PRODUCTION_PHYSICS,True,False,True,False
oneD_v2_dbtt_TP_b60d78111740b058,PERSISTENT_WAKE_EXTREME,REINITIATION_ONSET_PRE_EVENT,FACTORIAL_R1_S0_B1_M1,True,49167831.06921971,5.2426686978820885e-05,5.270409084907061e-06,1.8764084350340965e-07,0.0,6402986217.639137,6419534730.807989,1295.3902111660072,8544151758.103194,8544151758.103194,1.7770553127608804,7214.628956925915,0.062250267233616756,"[16752964.755268097, 16344215.153647423]","[0.07423772575569687, 0.07423772575569687]","[45695265852.441086, 45695265852.441086]",118386400163761.0,-15.279160594794746,849300777231.5972,3889902154812.9595,1.0,full_active,COUNTERFACTUAL_DIAGNOSTIC_NOT_PRODUCTION_PHYSICS,True,False,True,True
oneD_v2_dbtt_TP_b60d78111740b058,PERSISTENT_WAKE_EXTREME,REINITIATION_ONSET_PRE_EVENT,FACTORIAL_R1_S1_B0_M0,True,49167831.06921971,5.2426686978820885e-05,5.270409084907061e-06,1.8764084350340965e-07,-2068083.240500525,0.0,6419534730.807989,1295.7227413267585,8544151758.103194,8903533424.346516,1.5613008053370927,70261.66201319953,54.84773190995951,"[6505192808.99429, 6333876806.192899]","[0.07423772575569687, 0.07423772575569687]","[45695265852.441086, 45695265852.441086]",118416790271959.97,-12.334254612077672,849300777231.5972,3889902154812.9595,1.0,full_active,COUNTERFACTUAL_DIAGNOSTIC_NOT_PRODUCTION_PHYSICS,True,True,False,False
oneD_v2_dbtt_TP_b60d78111740b058,PERSISTENT_WAKE_EXTREME,REINITIATION_ONSET_PRE_EVENT,FACTORIAL_R1_S1_B0_M1,True,49167831.06921971,5.2426686978820885e-05,5.270409084907061e-06,1.8764084350340965e-07,-2068083.240500525,0.0,6419534730.807989,1295.3902111660072,8544151758.103194,8903533424.346516,1.5613008053370927,70261.66201319953,54.84773190995951,"[6505192808.99429, 6333876806.192899]","[0.07423772575569687, 0.07423772575569687]","[45695265852.441086, 45695265852.441086]",118386400163761.0,-12.334143141819661,849300777231.5972,3889902154812.9595,1.0,full_active,COUNTERFACTUAL_DIAGNOSTIC_NOT_PRODUCTION_PHYSICS,True,True,False,True
oneD_v2_dbtt_TP_b60d78111740b058,PERSISTENT_WAKE_EXTREME,REINITIATION_ONSET_PRE_EVENT,FACTORIAL_R1_S1_B1_M0,True,49167831.06921971,5.2426686978820885e-05,5.270409084907061e-06,1.8764084350340965e-07,-2068083.240500525,6402986217.639137,6419534730.807989,1295.7227413267585,8544151758.103194,8903533424.346516,1.5613008053370927,70261.66201319953,54.84773190995951,"[16752964.755268097, 16344215.153647423]","[0.07423772575569687, 0.07423772575569687]","[45695265852.441086, 45695265852.441086]",118416790271959.97,-12.334254612077672,849300777231.5972,3889902154812.9595,1.0,full_active,COUNTERFACTUAL_DIAGNOSTIC_NOT_PRODUCTION_PHYSICS,True,True,True,False
oneD_v2_dbtt_TP_b60d78111740b058,PERSISTENT_WAKE_EXTREME,REINITIATION_ONSET_PRE_EVENT,FACTORIAL_R1_S1_B1_M1,True,49167831.06921971,5.2426686978820885e-05,5.270409084907061e-06,1.8764084350340965e-07,-2068083.240500525,6402986217.639137,6419534730.807989,1295.3902111660072,8544151758.103194,8903533424.346516,1.5613008053370927,70261.66201319953,54.84773190995951,"[16752964.755268097, 16344215.153647423]","[0.07423772575569687, 0.07423772575569687]","[45695265852.441086, 45695265852.441086]",118386400163761.0,-12.334143141819661,849300777231.5972,3889902154812.9595,1.0,full_active,COUNTERFACTUAL_DIAGNOSTIC_NOT_PRODUCTION_PHYSICS,True,True,True,True
oneD_v2_dbtt_TP_bd5be1610f6e1bce,MOBILE_TRANSPORT_EXTREME,INITIAL_ONSET_PRE_EVENT,ACTUAL_RADIUS_ACTUAL_SHIELD_ACTUAL_BACKSTRESS_ACTUAL_MULTIPLICITY,False,55512540.78070884,2.931106565679095e-06,7.629794563201612e-06,1.5060496572239972e-07,-3731037.6329898257,7978773663.168239,8017377845.231097,1505.154371541568,8017606708.992135,8556475799.418577,1.7693895135430742,7822.32314546019,0.07930646885591812,"[38655981.80503464, 38552474.62348366]","[0.07423772575569687, 0.07423772575569687]","[45695265852.441086, 45695265852.441086]",137556858313111.67,-15.23917363511278,338811400015.8426,1551797938173.1208,1.0,full_active,COUNTERFACTUAL_DIAGNOSTIC_NOT_PRODUCTION_PHYSICS,,,,
oneD_v2_dbtt_TP_bd5be1610f6e1bce,MOBILE_TRANSPORT_EXTREME,INITIAL_ONSET_PRE_EVENT,REFERENCE_RADIUS_ACTUAL_SHIELD_ACTUAL_BACKSTRESS,False,55512540.78070884,2.931106565679095e-06,7.634485073185825e-06,1.5060496572239972e-07,-3731037.6329898257,7978773663.168239,8017377845.231097,1505.154371541568,8015143383.569967,8553846912.130151,1.7710231910061565,7688.663769263302,0.07531777484886432,"[36189424.392671585, 36092521.795124054]","[0.07423772575569687, 0.07423772575569687]","[45695265852.441086, 45695265852.441086]",137556858313111.67,-15.261584767377604,338811400015.8426,1551797938173.1208,1.0,full_active,COUNTERFACTUAL_DIAGNOSTIC_NOT_PRODUCTION_PHYSICS,,,,
oneD_v2_dbtt_TP_bd5be1610f6e1bce,MOBILE_TRANSPORT_EXTREME,INITIAL_ONSET_PRE_EVENT,ACTUAL_RADIUS_ZERO_SHIELD_ACTUAL_BACKSTRESS,False,55512540.78070884,2.931106565679095e-06,7.629794563201612e-06,1.5060496572239972e-07,0.0,7978773663.168239,8017377845.231097,1505.154371541568,8017606708.992135,8017606708.992135,2.120755023432452,192.09396640466747,1.181210647538067e-06,"[38655981.80503464, 38552474.62348366]","[0.07423772575569687, 0.07423772575569687]","[45695265852.441086, 45695265852.441086]",137556858313111.67,-20.066154895250257,338811400015.8426,1551797938173.1208,1.0,full_active,COUNTERFACTUAL_DIAGNOSTIC_NOT_PRODUCTION_PHYSICS,,,,
oneD_v2_dbtt_TP_bd5be1610f6e1bce,MOBILE_TRANSPORT_EXTREME,INITIAL_ONSET_PRE_EVENT,ACTUAL_RADIUS_ACTUAL_SHIELD_ZERO_BACKSTRESS,False,55512540.78070884,2.931106565679095e-06,7.629794563201612e-06,1.5060496572239972e-07,-3731037.6329898257,0.0,8017377845.231097,1505.154371541568,8017606708.992135,8556475799.418577,1.7693895135430742,7822.32314546019,0.07930646885591812,"[8028126158.042634, 8006629624.722362]","[0.07423772575569687, 0.07423772575569687]","[45695265852.441086, 45695265852.441086]",137556858313111.67,-15.23917363511278,338811400015.8426,1551797938173.1208,1.0,full_active,COUNTERFACTUAL_DIAGNOSTIC_NOT_PRODUCTION_PHYSICS,,,,
oneD_v2_dbtt_TP_bd5be1610f6e1bce,MOBILE_TRANSPORT_EXTREME,INITIAL_ONSET_PRE_EVENT,REFERENCE_RADIUS_ZERO_SHIELD_ZERO_BACKSTRESS,False,55512540.78070884,2.931106565679095e-06,7.634485073185825e-06,1.5060496572239972e-07,0.0,0.0,8017377845.231097,1505.154371541568,8015143383.569967,8015143383.569967,2.1224321699570257,188.72510767029732,1.1201503622041483e-06,"[8025659600.630271, 8004169671.894002]","[0.07423772575569687, 0.07423772575569687]","[45695265852.441086, 45695265852.441086]",137556858313111.67,-20.08920592468447,338811400015.8426,1551797938173.1208,1.0,full_active,COUNTERFACTUAL_DIAGNOSTIC_NOT_PRODUCTION_PHYSICS,,,,
oneD_v2_dbtt_TP_bd5be1610f6e1bce,MOBILE_TRANSPORT_EXTREME,INITIAL_ONSET_PRE_EVENT,ACTUAL_RADIUS_ACTUAL_SHIELD_ACTUAL_BACKSTRESS_REFERENCE_MULTIPLICITY,False,55512540.78070884,2.931106565679095e-06,7.629794563201612e-06,1.5060496572239972e-07,-3731037.6329898257,7978773663.168239,8017377845.231097,1505.547319142136,8017606708.992135,8556475799.418577,1.7693895135430742,7822.32314546019,0.07930646885591812,"[38655981.80503464, 38552474.62348366]","[0.07423772575569687, 0.07423772575569687]","[45695265852.441086, 45695265852.441086]",137592770003259.75,-15.239287000695361,338811400015.8426,1551797938173.1208,1.0,full_active,COUNTERFACTUAL_DIAGNOSTIC_NOT_PRODUCTION_PHYSICS,,,,
oneD_v2_dbtt_TP_bd5be1610f6e1bce,MOBILE_TRANSPORT_EXTREME,INITIAL_ONSET_PRE_EVENT,FACTORIAL_R0_S0_B0_M0,True,55512540.78070884,2.931106565679095e-06,7.634485073185825e-06,1.5060496572239972e-07,0.0,0.0,8017377845.231097,1505.547319142136,8015143383.569967,8015143383.569967,2.1224321699570257,188.72510767029732,1.1201503622041483e-06,"[8025659600.630271, 8004169671.894002]","[0.07423772575569687, 0.07423772575569687]","[45695265852.441086, 45695265852.441086]",137592770003259.75,-20.089319290267053,338811400015.8426,1551797938173.1208,1.0,full_active,COUNTERFACTUAL_DIAGNOSTIC_NOT_PRODUCTION_PHYSICS,False,False,False,False
oneD_v2_dbtt_TP_bd5be1610f6e1bce,MOBILE_TRANSPORT_EXTREME,INITIAL_ONSET_PRE_EVENT,FACTORIAL_R0_S0_B0_M1,True,55512540.78070884,2.931106565679095e-06,7.634485073185825e-06,1.5060496572239972e-07,0.0,0.0,8017377845.231097,1505.154371541568,8015143383.569967,8015143383.569967,2.1224321699570257,188.72510767029732,1.1201503622041483e-06,"[8025659600.630271, 8004169671.894002]","[0.07423772575569687, 0.07423772575569687]","[45695265852.441086, 45695265852.441086]",137556858313111.67,-20.08920592468447,338811400015.8426,1551797938173.1208,1.0,full_active,COUNTERFACTUAL_DIAGNOSTIC_NOT_PRODUCTION_PHYSICS,False,False,False,True
oneD_v2_dbtt_TP_bd5be1610f6e1bce,MOBILE_TRANSPORT_EXTREME,INITIAL_ONSET_PRE_EVENT,FACTORIAL_R0_S0_B1_M0,True,55512540.78070884,2.931106565679095e-06,7.634485073185825e-06,1.5060496572239972e-07,0.0,7978773663.168239,8017377845.231097,1505.547319142136,8015143383.569967,8015143383.569967,2.1224321699570257,188.72510767029732,1.1201503622041483e-06,"[36189424.392671585, 36092521.795124054]","[0.07423772575569687, 0.07423772575569687]","[45695265852.441086, 45695265852.441086]",137592770003259.75,-20.089319290267053,338811400015.8426,1551797938173.1208,1.0,full_active,COUNTERFACTUAL_DIAGNOSTIC_NOT_PRODUCTION_PHYSICS,False,False,True,False
oneD_v2_dbtt_TP_bd5be1610f6e1bce,MOBILE_TRANSPORT_EXTREME,INITIAL_ONSET_PRE_EVENT,FACTORIAL_R0_S0_B1_M1,True,55512540.78070884,2.931106565679095e-06,7.634485073185825e-06,1.5060496572239972e-07,0.0,7978773663.168239,8017377845.231097,1505.154371541568,8015143383.569967,8015143383.569967,2.1224321699570257,188.72510767029732,1.1201503622041483e-06,"[36189424.392671585, 36092521.795124054]","[0.07423772575569687, 0.07423772575569687]","[45695265852.441086, 45695265852.441086]",137556858313111.67,-20.08920592468447,338811400015.8426,1551797938173.1208,1.0,full_active,COUNTERFACTUAL_DIAGNOSTIC_NOT_PRODUCTION_PHYSICS,False,False,True,True
oneD_v2_dbtt_TP_bd5be1610f6e1bce,MOBILE_TRANSPORT_EXTREME,INITIAL_ONSET_PRE_EVENT,FACTORIAL_R0_S1_B0_M0,True,55512540.78070884,2.931106565679095e-06,7.634485073185825e-06,1.5060496572239972e-07,-3731037.6329898257,0.0,8017377845.231097,1505.547319142136,8015143383.569967,8553846912.130151,1.7710231910061565,7688.663769263302,0.07531777484886432,"[8025659600.630271, 8004169671.894002]","[0.07423772575569687, 0.07423772575569687]","[45695265852.441086, 45695265852.441086]",137592770003259.75,-15.261698132960188,338811400015.8426,1551797938173.1208,1.0,full_active,COUNTERFACTUAL_DIAGNOSTIC_NOT_PRODUCTION_PHYSICS,False,True,False,False
oneD_v2_dbtt_TP_bd5be1610f6e1bce,MOBILE_TRANSPORT_EXTREME,INITIAL_ONSET_PRE_EVENT,FACTORIAL_R0_S1_B0_M1,True,55512540.78070884,2.931106565679095e-06,7.634485073185825e-06,1.5060496572239972e-07,-3731037.6329898257,0.0,8017377845.231097,1505.154371541568,8015143383.569967,8553846912.130151,1.7710231910061565,7688.663769263302,0.07531777484886432,"[8025659600.630271, 8004169671.894002]","[0.07423772575569687, 0.07423772575569687]","[45695265852.441086, 45695265852.441086]",137556858313111.67,-15.261584767377604,338811400015.8426,1551797938173.1208,1.0,full_active,COUNTERFACTUAL_DIAGNOSTIC_NOT_PRODUCTION_PHYSICS,False,True,False,True
oneD_v2_dbtt_TP_bd5be1610f6e1bce,MOBILE_TRANSPORT_EXTREME,INITIAL_ONSET_PRE_EVENT,FACTORIAL_R0_S1_B1_M0,True,55512540.78070884,2.931106565679095e-06,7.634485073185825e-06,1.5060496572239972e-07,-3731037.6329898257,7978773663.168239,8017377845.231097,1505.547319142136,8015143383.569967,8553846912.130151,1.7710231910061565,7688.663769263302,0.07531777484886432,"[36189424.392671585, 36092521.795124054]","[0.07423772575569687, 0.07423772575569687]","[45695265852.441086, 45695265852.441086]",137592770003259.75,-15.261698132960188,338811400015.8426,1551797938173.1208,1.0,full_active,COUNTERFACTUAL_DIAGNOSTIC_NOT_PRODUCTION_PHYSICS,False,True,True,False
oneD_v2_dbtt_TP_bd5be1610f6e1bce,MOBILE_TRANSPORT_EXTREME,INITIAL_ONSET_PRE_EVENT,FACTORIAL_R0_S1_B1_M1,True,55512540.78070884,2.931106565679095e-06,7.634485073185825e-06,1.5060496572239972e-07,-3731037.6329898257,7978773663.168239,8017377845.231097,1505.154371541568,8015143383.569967,8553846912.130151,1.7710231910061565,7688.663769263302,0.07531777484886432,"[36189424.392671585, 36092521.795124054]","[0.07423772575569687, 0.07423772575569687]","[45695265852.441086, 45695265852.441086]",137556858313111.67,-15.261584767377604,338811400015.8426,1551797938173.1208,1.0,full_active,COUNTERFACTUAL_DIAGNOSTIC_NOT_PRODUCTION_PHYSICS,False,True,True,True
oneD_v2_dbtt_TP_bd5be1610f6e1bce,MOBILE_TRANSPORT_EXTREME,INITIAL_ONSET_PRE_EVENT,FACTORIAL_R1_S0_B0_M0,True,55512540.78070884,2.931106565679095e-06,7.629794563201612e-06,1.5060496572239972e-07,0.0,0.0,8017377845.231097,1505.547319142136,8017606708.992135,8017606708.992135,2.120755023432452,192.09396640466747,1.181210647538067e-06,"[8028126158.042634, 8006629624.722362]","[0.07423772575569687, 0.07423772575569687]","[45695265852.441086, 45695265852.441086]",137592770003259.75,-20.06626826083284,338811400015.8426,1551797938173.1208,1.0,full_active,COUNTERFACTUAL_DIAGNOSTIC_NOT_PRODUCTION_PHYSICS,True,False,False,False
oneD_v2_dbtt_TP_bd5be1610f6e1bce,MOBILE_TRANSPORT_EXTREME,INITIAL_ONSET_PRE_EVENT,FACTORIAL_R1_S0_B0_M1,True,55512540.78070884,2.931106565679095e-06,7.629794563201612e-06,1.5060496572239972e-07,0.0,0.0,8017377845.231097,1505.154371541568,8017606708.992135,8017606708.992135,2.120755023432452,192.09396640466747,1.181210647538067e-06,"[8028126158.042634, 8006629624.722362]","[0.07423772575569687, 0.07423772575569687]","[45695265852.441086, 45695265852.441086]",137556858313111.67,-20.066154895250257,338811400015.8426,1551797938173.1208,1.0,full_active,COUNTERFACTUAL_DIAGNOSTIC_NOT_PRODUCTION_PHYSICS,True,False,False,True
oneD_v2_dbtt_TP_bd5be1610f6e1bce,MOBILE_TRANSPORT_EXTREME,INITIAL_ONSET_PRE_EVENT,FACTORIAL_R1_S0_B1_M0,True,55512540.78070884,2.931106565679095e-06,7.629794563201612e-06,1.5060496572239972e-07,0.0,7978773663.168239,8017377845.231097,1505.547319142136,8017606708.992135,8017606708.992135,2.120755023432452,192.09396640466747,1.181210647538067e-06,"[38655981.80503464, 38552474.62348366]","[0.07423772575569687, 0.07423772575569687]","[45695265852.441086, 45695265852.441086]",137592770003259.75,-20.06626826083284,338811400015.8426,1551797938173.1208,1.0,full_active,COUNTERFACTUAL_DIAGNOSTIC_NOT_PRODUCTION_PHYSICS,True,False,True,False
oneD_v2_dbtt_TP_bd5be1610f6e1bce,MOBILE_TRANSPORT_EXTREME,INITIAL_ONSET_PRE_EVENT,FACTORIAL_R1_S0_B1_M1,True,55512540.78070884,2.931106565679095e-06,7.629794563201612e-06,1.5060496572239972e-07,0.0,7978773663.168239,8017377845.231097,1505.154371541568,8017606708.992135,8017606708.992135,2.120755023432452,192.09396640466747,1.181210647538067e-06,"[38655981.80503464, 38552474.62348366]","[0.07423772575569687, 0.07423772575569687]","[45695265852.441086, 45695265852.441086]",137556858313111.67,-20.066154895250257,338811400015.8426,1551797938173.1208,1.0,full_active,COUNTERFACTUAL_DIAGNOSTIC_NOT_PRODUCTION_PHYSICS,True,False,True,True
oneD_v2_dbtt_TP_bd5be1610f6e1bce,MOBILE_TRANSPORT_EXTREME,INITIAL_ONSET_PRE_EVENT,FACTORIAL_R1_S1_B0_M0,True,55512540.78070884,2.931106565679095e-06,7.629794563201612e-06,1.5060496572239972e-07,-3731037.6329898257,0.0,8017377845.231097,1505.547319142136,8017606708.992135,8556475799.418577,1.7693895135430742,7822.32314546019,0.07930646885591812,"[8028126158.042634, 8006629624.722362]","[0.07423772575569687, 0.07423772575569687]","[45695265852.441086, 45695265852.441086]",137592770003259.75,-15.239287000695361,338811400015.8426,1551797938173.1208,1.0,full_active,COUNTERFACTUAL_DIAGNOSTIC_NOT_PRODUCTION_PHYSICS,True,True,False,False
oneD_v2_dbtt_TP_bd5be1610f6e1bce,MOBILE_TRANSPORT_EXTREME,INITIAL_ONSET_PRE_EVENT,FACTORIAL_R1_S1_B0_M1,True,55512540.78070884,2.931106565679095e-06,7.629794563201612e-06,1.5060496572239972e-07,-3731037.6329898257,0.0,8017377845.231097,1505.154371541568,8017606708.992135,8556475799.418577,1.7693895135430742,7822.32314546019,0.07930646885591812,"[8028126158.042634, 8006629624.722362]","[0.07423772575569687, 0.07423772575569687]","[45695265852.441086, 45695265852.441086]",137556858313111.67,-15.23917363511278,338811400015.8426,1551797938173.1208,1.0,full_active,COUNTERFACTUAL_DIAGNOSTIC_NOT_PRODUCTION_PHYSICS,True,True,False,True
oneD_v2_dbtt_TP_bd5be1610f6e1bce,MOBILE_TRANSPORT_EXTREME,INITIAL_ONSET_PRE_EVENT,FACTORIAL_R1_S1_B1_M0,True,55512540.78070884,2.931106565679095e-06,7.629794563201612e-06,1.5060496572239972e-07,-3731037.6329898257,7978773663.168239,8017377845.231097,1505.547319142136,8017606708.992135,8556475799.418577,1.7693895135430742,7822.32314546019,0.07930646885591812,"[38655981.80503464, 38552474.62348366]","[0.07423772575569687, 0.07423772575569687]","[45695265852.441086, 45695265852.441086]",137592770003259.75,-15.239287000695361,338811400015.8426,1551797938173.1208,1.0,full_active,COUNTERFACTUAL_DIAGNOSTIC_NOT_PRODUCTION_PHYSICS,True,True,True,False
oneD_v2_dbtt_TP_bd5be1610f6e1bce,MOBILE_TRANSPORT_EXTREME,INITIAL_ONSET_PRE_EVENT,FACTORIAL_R1_S1_B1_M1,True,55512540.78070884,2.931106565679095e-06,7.629794563201612e-06,1.5060496572239972e-07,-3731037.6329898257,7978773663.168239,8017377845.231097,1505.154371541568,8017606708.992135,8556475799.418577,1.7693895135430742,7822.32314546019,0.07930646885591812,"[38655981.80503464, 38552474.62348366]","[0.07423772575569687, 0.07423772575569687]","[45695265852.441086, 45695265852.441086]",137556858313111.67,-15.23917363511278,338811400015.8426,1551797938173.1208,1.0,full_active,COUNTERFACTUAL_DIAGNOSTIC_NOT_PRODUCTION_PHYSICS,True,True,True,True
oneD_v2_dbtt_TP_bd5be1610f6e1bce,MOBILE_TRANSPORT_EXTREME,REINITIATION_ONSET_PRE_EVENT,ACTUAL_RADIUS_ACTUAL_SHIELD_ACTUAL_BACKSTRESS_ACTUAL_MULTIPLICITY,False,49168942.00842873,5.2426686978820885e-05,5.27089232669589e-06,1.8763023137201003e-07,-2067900.0136480662,6403348492.118241,6419385490.535706,1295.4357167727433,8543953124.91809,8903286477.679632,1.5614433674024664,70156.07019169319,54.605130706083976,"[16234775.869515419, 15839374.276571274]","[0.07423772575569687, 0.07423772575569687]","[45695265852.441086, 45695265852.441086]",118390558945356.16,-12.33608361996091,338811400015.8426,1551797938173.121,1.0,full_active,COUNTERFACTUAL_DIAGNOSTIC_NOT_PRODUCTION_PHYSICS,,,,
oneD_v2_dbtt_TP_bd5be1610f6e1bce,MOBILE_TRANSPORT_EXTREME,REINITIATION_ONSET_PRE_EVENT,REFERENCE_RADIUS_ACTUAL_SHIELD_ACTUAL_BACKSTRESS,False,49168942.00842873,5.2426686978820885e-05,5.273940598008174e-06,1.8763023137201003e-07,-2067900.0136480662,6403348492.118241,6419385490.535706,1295.4357167727433,8541483619.324912,8900713111.998333,1.5629294465433659,69064.77625216676,52.13888381140288,"[14354588.0543499, 14008701.71336937]","[0.07423772575569687, 0.07423772575569687]","[45695265852.441086, 45695265852.441086]",118390558945356.16,-12.356155341395237,338811400015.8426,1551797938173.121,1.0,full_active,COUNTERFACTUAL_DIAGNOSTIC_NOT_PRODUCTION_PHYSICS,,,,
oneD_v2_dbtt_TP_bd5be1610f6e1bce,MOBILE_TRANSPORT_EXTREME,REINITIATION_ONSET_PRE_EVENT,ACTUAL_RADIUS_ZERO_SHIELD_ACTUAL_BACKSTRESS,False,49168942.00842873,5.2426686978820885e-05,5.27089232669589e-06,1.8763023137201003e-07,0.0,6403348492.118241,6419385490.535706,1295.4357167727433,8543953124.91809,8543953124.91809,1.7771790169817627,7205.219824239055,0.06200746658174873,"[16234775.869515419, 15839374.276571274]","[0.07423772575569687, 0.07423772575569687]","[45695265852.441086, 45695265852.441086]",118390558945356.16,-15.280873083070496,338811400015.8426,1551797938173.121,1.0,full_active,COUNTERFACTUAL_DIAGNOSTIC_NOT_PRODUCTION_PHYSICS,,,,
oneD_v2_dbtt_TP_bd5be1610f6e1bce,MOBILE_TRANSPORT_EXTREME,REINITIATION_ONSET_PRE_EVENT,ACTUAL_RADIUS_ACTUAL_SHIELD_ZERO_BACKSTRESS,False,49168942.00842873,5.2426686978820885e-05,5.27089232669589e-06,1.8763023137201003e-07,-2067900.0136480662,0.0,6419385490.535706,1295.4357167727433,8543953124.91809,8903286477.679632,1.5614433674024664,70156.07019169319,54.605130706083976,"[6505041577.227345, 6333729557.155224]","[0.07423772575569687, 0.07423772575569687]","[45695265852.441086, 45695265852.441086]",118390558945356.16,-12.33608361996091,338811400015.8426,1551797938173.121,1.0,full_active,COUNTERFACTUAL_DIAGNOSTIC_NOT_PRODUCTION_PHYSICS,,,,
oneD_v2_dbtt_TP_bd5be1610f6e1bce,MOBILE_TRANSPORT_EXTREME,REINITIATION_ONSET_PRE_EVENT,REFERENCE_RADIUS_ZERO_SHIELD_ZERO_BACKSTRESS,False,49168942.00842873,5.2426686978820885e-05,5.273940598008174e-06,1.8763023137201003e-07,0.0,0.0,6419385490.535706,1295.4357167727433,8541483619.324912,8541483619.324912,1.7787173666585094,7089.230657745932,0.05906597395160205,"[6503161389.41218, 6331898884.592022]","[0.07423772575569687, 0.07423772575569687]","[45695265852.441086, 45695265852.441086]",118390558945356.16,-15.30197970142196,338811400015.8426,1551797938173.121,1.0,full_active,COUNTERFACTUAL_DIAGNOSTIC_NOT_PRODUCTION_PHYSICS,,,,
oneD_v2_dbtt_TP_bd5be1610f6e1bce,MOBILE_TRANSPORT_EXTREME,REINITIATION_ONSET_PRE_EVENT,ACTUAL_RADIUS_ACTUAL_SHIELD_ACTUAL_BACKSTRESS_REFERENCE_MULTIPLICITY,False,49168942.00842873,5.2426686978820885e-05,5.27089232669589e-06,1.8763023137201003e-07,-2067900.0136480662,6403348492.118241,6419385490.535706,1295.7227413267585,8543953124.91809,8903286477.679632,1.5614433674024664,70156.07019169319,54.605130706083976,"[16234775.869515419, 15839374.276571274]","[0.07423772575569687, 0.07423772575569687]","[45695265852.441086, 45695265852.441086]",118416790271959.97,-12.336179834208325,338811400015.8426,1551797938173.121,1.0,full_active,COUNTERFACTUAL_DIAGNOSTIC_NOT_PRODUCTION_PHYSICS,,,,
oneD_v2_dbtt_TP_bd5be1610f6e1bce,MOBILE_TRANSPORT_EXTREME,REINITIATION_ONSET_PRE_EVENT,FACTORIAL_R0_S0_B0_M0,True,49168942.00842873,5.2426686978820885e-05,5.273940598008174e-06,1.8763023137201003e-07,0.0,0.0,6419385490.535706,1295.7227413267585,8541483619.324912,8541483619.324912,1.7787173666585094,7089.230657745932,0.05906597395160205,"[6503161389.41218, 6331898884.592022]","[0.07423772575569687, 0.07423772575569687]","[45695265852.441086, 45695265852.441086]",118416790271959.97,-15.302075915669374,338811400015.8426,1551797938173.121,1.0,full_active,COUNTERFACTUAL_DIAGNOSTIC_NOT_PRODUCTION_PHYSICS,False,False,False,False
oneD_v2_dbtt_TP_bd5be1610f6e1bce,MOBILE_TRANSPORT_EXTREME,REINITIATION_ONSET_PRE_EVENT,FACTORIAL_R0_S0_B0_M1,True,49168942.00842873,5.2426686978820885e-05,5.273940598008174e-06,1.8763023137201003e-07,0.0,0.0,6419385490.535706,1295.4357167727433,8541483619.324912,8541483619.324912,1.7787173666585094,7089.230657745932,0.05906597395160205,"[6503161389.41218, 6331898884.592022]","[0.07423772575569687, 0.07423772575569687]","[45695265852.441086, 45695265852.441086]",118390558945356.16,-15.30197970142196,338811400015.8426,1551797938173.121,1.0,full_active,COUNTERFACTUAL_DIAGNOSTIC_NOT_PRODUCTION_PHYSICS,False,False,False,True
oneD_v2_dbtt_TP_bd5be1610f6e1bce,MOBILE_TRANSPORT_EXTREME,REINITIATION_ONSET_PRE_EVENT,FACTORIAL_R0_S0_B1_M0,True,49168942.00842873,5.2426686978820885e-05,5.273940598008174e-06,1.8763023137201003e-07,0.0,6403348492.118241,6419385490.535706,1295.7227413267585,8541483619.324912,8541483619.324912,1.7787173666585094,7089.230657745932,0.05906597395160205,"[14354588.0543499, 14008701.71336937]","[0.07423772575569687, 0.07423772575569687]","[45695265852.441086, 45695265852.441086]",118416790271959.97,-15.302075915669374,338811400015.8426,1551797938173.121,1.0,full_active,COUNTERFACTUAL_DIAGNOSTIC_NOT_PRODUCTION_PHYSICS,False,False,True,False
oneD_v2_dbtt_TP_bd5be1610f6e1bce,MOBILE_TRANSPORT_EXTREME,REINITIATION_ONSET_PRE_EVENT,FACTORIAL_R0_S0_B1_M1,True,49168942.00842873,5.2426686978820885e-05,5.273940598008174e-06,1.8763023137201003e-07,0.0,6403348492.118241,6419385490.535706,1295.4357167727433,8541483619.324912,8541483619.324912,1.7787173666585094,7089.230657745932,0.05906597395160205,"[14354588.0543499, 14008701.71336937]","[0.07423772575569687, 0.07423772575569687]","[45695265852.441086, 45695265852.441086]",118390558945356.16,-15.30197970142196,338811400015.8426,1551797938173.121,1.0,full_active,COUNTERFACTUAL_DIAGNOSTIC_NOT_PRODUCTION_PHYSICS,False,False,True,True
oneD_v2_dbtt_TP_bd5be1610f6e1bce,MOBILE_TRANSPORT_EXTREME,REINITIATION_ONSET_PRE_EVENT,FACTORIAL_R0_S1_B0_M0,True,49168942.00842873,5.2426686978820885e-05,5.273940598008174e-06,1.8763023137201003e-07,-2067900.0136480662,0.0,6419385490.535706,1295.7227413267585,8541483619.324912,8900713111.998333,1.5629294465433659,69064.77625216676,52.13888381140288,"[6503161389.41218, 6331898884.592022]","[0.07423772575569687, 0.07423772575569687]","[45695265852.441086, 45695265852.441086]",118416790271959.97,-12.356251555642652,338811400015.8426,1551797938173.121,1.0,full_active,COUNTERFACTUAL_DIAGNOSTIC_NOT_PRODUCTION_PHYSICS,False,True,False,False
oneD_v2_dbtt_TP_bd5be1610f6e1bce,MOBILE_TRANSPORT_EXTREME,REINITIATION_ONSET_PRE_EVENT,FACTORIAL_R0_S1_B0_M1,True,49168942.00842873,5.2426686978820885e-05,5.273940598008174e-06,1.8763023137201003e-07,-2067900.0136480662,0.0,6419385490.535706,1295.4357167727433,8541483619.324912,8900713111.998333,1.5629294465433659,69064.77625216676,52.13888381140288,"[6503161389.41218, 6331898884.592022]","[0.07423772575569687, 0.07423772575569687]","[45695265852.441086, 45695265852.441086]",118390558945356.16,-12.356155341395237,338811400015.8426,1551797938173.121,1.0,full_active,COUNTERFACTUAL_DIAGNOSTIC_NOT_PRODUCTION_PHYSICS,False,True,False,True
oneD_v2_dbtt_TP_bd5be1610f6e1bce,MOBILE_TRANSPORT_EXTREME,REINITIATION_ONSET_PRE_EVENT,FACTORIAL_R0_S1_B1_M0,True,49168942.00842873,5.2426686978820885e-05,5.273940598008174e-06,1.8763023137201003e-07,-2067900.0136480662,6403348492.118241,6419385490.535706,1295.7227413267585,8541483619.324912,8900713111.998333,1.5629294465433659,69064.77625216676,52.13888381140288,"[14354588.0543499, 14008701.71336937]","[0.07423772575569687, 0.07423772575569687]","[45695265852.441086, 45695265852.441086]",118416790271959.97,-12.356251555642652,338811400015.8426,1551797938173.121,1.0,full_active,COUNTERFACTUAL_DIAGNOSTIC_NOT_PRODUCTION_PHYSICS,False,True,True,False
oneD_v2_dbtt_TP_bd5be1610f6e1bce,MOBILE_TRANSPORT_EXTREME,REINITIATION_ONSET_PRE_EVENT,FACTORIAL_R0_S1_B1_M1,True,49168942.00842873,5.2426686978820885e-05,5.273940598008174e-06,1.8763023137201003e-07,-2067900.0136480662,6403348492.118241,6419385490.535706,1295.4357167727433,8541483619.324912,8900713111.998333,1.5629294465433659,69064.77625216676,52.13888381140288,"[14354588.0543499, 14008701.71336937]","[0.07423772575569687, 0.07423772575569687]","[45695265852.441086, 45695265852.441086]",118390558945356.16,-12.356155341395237,338811400015.8426,1551797938173.121,1.0,full_active,COUNTERFACTUAL_DIAGNOSTIC_NOT_PRODUCTION_PHYSICS,False,True,True,True
oneD_v2_dbtt_TP_bd5be1610f6e1bce,MOBILE_TRANSPORT_EXTREME,REINITIATION_ONSET_PRE_EVENT,FACTORIAL_R1_S0_B0_M0,True,49168942.00842873,5.2426686978820885e-05,5.27089232669589e-06,1.8763023137201003e-07,0.0,0.0,6419385490.535706,1295.7227413267585,8543953124.91809,8543953124.91809,1.7771790169817627,7205.219824239055,0.06200746658174873,"[6505041577.227345, 6333729557.155224]","[0.07423772575569687, 0.07423772575569687]","[45695265852.441086, 45695265852.441086]",118416790271959.97,-15.28096929731791,338811400015.8426,1551797938173.121,1.0,full_active,COUNTERFACTUAL_DIAGNOSTIC_NOT_PRODUCTION_PHYSICS,True,False,False,False
oneD_v2_dbtt_TP_bd5be1610f6e1bce,MOBILE_TRANSPORT_EXTREME,REINITIATION_ONSET_PRE_EVENT,FACTORIAL_R1_S0_B0_M1,True,49168942.00842873,5.2426686978820885e-05,5.27089232669589e-06,1.8763023137201003e-07,0.0,0.0,6419385490.535706,1295.4357167727433,8543953124.91809,8543953124.91809,1.7771790169817627,7205.219824239055,0.06200746658174873,"[6505041577.227345, 6333729557.155224]","[0.07423772575569687, 0.07423772575569687]","[45695265852.441086, 45695265852.441086]",118390558945356.16,-15.280873083070496,338811400015.8426,1551797938173.121,1.0,full_active,COUNTERFACTUAL_DIAGNOSTIC_NOT_PRODUCTION_PHYSICS,True,False,False,True
oneD_v2_dbtt_TP_bd5be1610f6e1bce,MOBILE_TRANSPORT_EXTREME,REINITIATION_ONSET_PRE_EVENT,FACTORIAL_R1_S0_B1_M0,True,49168942.00842873,5.2426686978820885e-05,5.27089232669589e-06,1.8763023137201003e-07,0.0,6403348492.118241,6419385490.535706,1295.7227413267585,8543953124.91809,8543953124.91809,1.7771790169817627,7205.219824239055,0.06200746658174873,"[16234775.869515419, 15839374.276571274]","[0.07423772575569687, 0.07423772575569687]","[45695265852.441086, 45695265852.441086]",118416790271959.97,-15.28096929731791,338811400015.8426,1551797938173.121,1.0,full_active,COUNTERFACTUAL_DIAGNOSTIC_NOT_PRODUCTION_PHYSICS,True,False,True,False
oneD_v2_dbtt_TP_bd5be1610f6e1bce,MOBILE_TRANSPORT_EXTREME,REINITIATION_ONSET_PRE_EVENT,FACTORIAL_R1_S0_B1_M1,True,49168942.00842873,5.2426686978820885e-05,5.27089232669589e-06,1.8763023137201003e-07,0.0,6403348492.118241,6419385490.535706,1295.4357167727433,8543953124.91809,8543953124.91809,1.7771790169817627,7205.219824239055,0.06200746658174873,"[16234775.869515419, 15839374.276571274]","[0.07423772575569687, 0.07423772575569687]","[45695265852.441086, 45695265852.441086]",118390558945356.16,-15.280873083070496,338811400015.8426,1551797938173.121,1.0,full_active,COUNTERFACTUAL_DIAGNOSTIC_NOT_PRODUCTION_PHYSICS,True,False,True,True
oneD_v2_dbtt_TP_bd5be1610f6e1bce,MOBILE_TRANSPORT_EXTREME,REINITIATION_ONSET_PRE_EVENT,FACTORIAL_R1_S1_B0_M0,True,49168942.00842873,5.2426686978820885e-05,5.27089232669589e-06,1.8763023137201003e-07,-2067900.0136480662,0.0,6419385490.535706,1295.7227413267585,8543953124.91809,8903286477.679632,1.5614433674024664,70156.07019169319,54.605130706083976,"[6505041577.227345, 6333729557.155224]","[0.07423772575569687, 0.07423772575569687]","[45695265852.441086, 45695265852.441086]",118416790271959.97,-12.336179834208325,338811400015.8426,1551797938173.121,1.0,full_active,COUNTERFACTUAL_DIAGNOSTIC_NOT_PRODUCTION_PHYSICS,True,True,False,False
oneD_v2_dbtt_TP_bd5be1610f6e1bce,MOBILE_TRANSPORT_EXTREME,REINITIATION_ONSET_PRE_EVENT,FACTORIAL_R1_S1_B0_M1,True,49168942.00842873,5.2426686978820885e-05,5.27089232669589e-06,1.8763023137201003e-07,-2067900.0136480662,0.0,6419385490.535706,1295.4357167727433,8543953124.91809,8903286477.679632,1.5614433674024664,70156.07019169319,54.605130706083976,"[6505041577.227345, 6333729557.155224]","[0.07423772575569687, 0.07423772575569687]","[45695265852.441086, 45695265852.441086]",118390558945356.16,-12.33608361996091,338811400015.8426,1551797938173.121,1.0,full_active,COUNTERFACTUAL_DIAGNOSTIC_NOT_PRODUCTION_PHYSICS,True,True,False,True
oneD_v2_dbtt_TP_bd5be1610f6e1bce,MOBILE_TRANSPORT_EXTREME,REINITIATION_ONSET_PRE_EVENT,FACTORIAL_R1_S1_B1_M0,True,49168942.00842873,5.2426686978820885e-05,5.27089232669589e-06,1.8763023137201003e-07,-2067900.0136480662,6403348492.118241,6419385490.535706,1295.7227413267585,8543953124.91809,8903286477.679632,1.5614433674024664,70156.07019169319,54.605130706083976,"[16234775.869515419, 15839374.276571274]","[0.07423772575569687, 0.07423772575569687]","[45695265852.441086, 45695265852.441086]",118416790271959.97,-12.336179834208325,338811400015.8426,1551797938173.121,1.0,full_active,COUNTERFACTUAL_DIAGNOSTIC_NOT_PRODUCTION_PHYSICS,True,True,True,False
oneD_v2_dbtt_TP_bd5be1610f6e1bce,MOBILE_TRANSPORT_EXTREME,REINITIATION_ONSET_PRE_EVENT,FACTORIAL_R1_S1_B1_M1,True,49168942.00842873,5.2426686978820885e-05,5.27089232669589e-06,1.8763023137201003e-07,-2067900.0136480662,6403348492.118241,6419385490.535706,1295.4357167727433,8543953124.91809,8903286477.679632,1.5614433674024664,70156.07019169319,54.605130706083976,"[16234775.869515419, 15839374.276571274]","[0.07423772575569687, 0.07423772575569687]","[45695265852.441086, 45695265852.441086]",118390558945356.16,-12.33608361996091,338811400015.8426,1551797938173.121,1.0,full_active,COUNTERFACTUAL_DIAGNOSTIC_NOT_PRODUCTION_PHYSICS,True,True,True,True
oneD_v2_dbtt_TP_9555ff54d637c974,BACKSTRESS_SHIELDING_EXTREME,INITIAL_ONSET_PRE_EVENT,ACTUAL_RADIUS_ACTUAL_SHIELD_ACTUAL_BACKSTRESS_ACTUAL_MULTIPLICITY,False,55511063.826065026,2.931106565679095e-06,7.632149054560665e-06,1.5057823613891673e-07,-3728860.637020707,7980190319.932892,8015927807.447044,1505.3516303299448,8016156629.944813,8554628222.044953,1.7705375717289433,7728.15440716229,0.07648202654315378,"[35785444.22670746, 35689623.34659672]","[0.07423772575569687, 0.07423772575569687]","[45695265852.441086, 45695265852.441086]",137574885898664.89,-15.254979774374716,419602174083.34357,1921829633138.2144,1.0,full_active,COUNTERFACTUAL_DIAGNOSTIC_NOT_PRODUCTION_PHYSICS,,,,
oneD_v2_dbtt_TP_9555ff54d637c974,BACKSTRESS_SHIELDING_EXTREME,INITIAL_ONSET_PRE_EVENT,REFERENCE_RADIUS_ACTUAL_SHIELD_ACTUAL_BACKSTRESS,False,55511063.826065026,2.931106565679095e-06,7.634485073185825e-06,1.5057823613891673e-07,-3728860.637020707,7980190319.932892,8015927807.447044,1505.3516303299448,8014930134.400055,8553319338.762633,1.7713511434280615,7662.108844323566,0.0745415588012624,"[34557339.46639919, 34464807.02426052]","[0.07423772575569687, 0.07423772575569687]","[45695265852.441086, 45695265852.441086]",137574885898664.89,-15.26614069087969,419602174083.34357,1921829633138.2144,1.0,full_active,COUNTERFACTUAL_DIAGNOSTIC_NOT_PRODUCTION_PHYSICS,,,,
oneD_v2_dbtt_TP_9555ff54d637c974,BACKSTRESS_SHIELDING_EXTREME,INITIAL_ONSET_PRE_EVENT,ACTUAL_RADIUS_ZERO_SHIELD_ACTUAL_BACKSTRESS,False,55511063.826065026,2.931106565679095e-06,7.632149054560665e-06,1.5057823613891673e-07,0.0,7980190319.932892,8015927807.447044,1505.3516303299448,8016156629.944813,8016156629.944813,2.1217422327218243,190.10376128642832,1.1448773359040638e-06,"[35785444.22670746, 35689623.34659672]","[0.07423772575569687, 0.07423772575569687]","[45695265852.441086, 45695265852.441086]",137574885898664.89,-20.079780203167413,419602174083.34357,1921829633138.2144,1.0,full_active,COUNTERFACTUAL_DIAGNOSTIC_NOT_PRODUCTION_PHYSICS,,,,
oneD_v2_dbtt_TP_9555ff54d637c974,BACKSTRESS_SHIELDING_EXTREME,INITIAL_ONSET_PRE_EVENT,ACTUAL_RADIUS_ACTUAL_SHIELD_ZERO_BACKSTRESS,False,55511063.826065026,2.931106565679095e-06,7.632149054560665e-06,1.5057823613891673e-07,-3728860.637020707,0.0,8015927807.447044,1505.3516303299448,8016156629.944813,8554628222.044953,1.7705375717289433,7728.15440716229,0.07648202654315378,"[8026674176.42847, 8005181531.010619]","[0.07423772575569687, 0.07423772575569687]","[45695265852.441086, 45695265852.441086]",137574885898664.89,-15.254979774374716,419602174083.34357,1921829633138.2144,1.0,full_active,COUNTERFACTUAL_DIAGNOSTIC_NOT_PRODUCTION_PHYSICS,,,,
oneD_v2_dbtt_TP_9555ff54d637c974,BACKSTRESS_SHIELDING_EXTREME,INITIAL_ONSET_PRE_EVENT,REFERENCE_RADIUS_ZERO_SHIELD_ZERO_BACKSTRESS,False,55511063.826065026,2.931106565679095e-06,7.634485073185825e-06,1.5057823613891673e-07,0.0,0.0,8015927807.447044,1505.3516303299448,8014930134.400055,8014930134.400055,2.122577387864749,188.43620493146983,1.1150142543569138e-06,"[8025446071.668161, 8003956714.688283]","[0.07423772575569687, 0.07423772575569687]","[45695265852.441086, 45695265852.441086]",137574885898664.89,-20.091258741843795,419602174083.34357,1921829633138.2144,1.0,full_active,COUNTERFACTUAL_DIAGNOSTIC_NOT_PRODUCTION_PHYSICS,,,,
oneD_v2_dbtt_TP_9555ff54d637c974,BACKSTRESS_SHIELDING_EXTREME,INITIAL_ONSET_PRE_EVENT,ACTUAL_RADIUS_ACTUAL_SHIELD_ACTUAL_BACKSTRESS_REFERENCE_MULTIPLICITY,False,55511063.826065026,2.931106565679095e-06,7.632149054560665e-06,1.5057823613891673e-07,-3728860.637020707,7980190319.932892,8015927807.447044,1505.547319142136,8016156629.944813,8554628222.044953,1.7705375717289433,7728.15440716229,0.07648202654315378,"[35785444.22670746, 35689623.34659672]","[0.07423772575569687, 0.07423772575569687]","[45695265852.441086, 45695265852.441086]",137592770003259.75,-15.25503622699757,419602174083.34357,1921829633138.2144,1.0,full_active,COUNTERFACTUAL_DIAGNOSTIC_NOT_PRODUCTION_PHYSICS,,,,
oneD_v2_dbtt_TP_9555ff54d637c974,BACKSTRESS_SHIELDING_EXTREME,INITIAL_ONSET_PRE_EVENT,FACTORIAL_R0_S0_B0_M0,True,55511063.826065026,2.931106565679095e-06,7.634485073185825e-06,1.5057823613891673e-07,0.0,0.0,8015927807.447044,1505.547319142136,8014930134.400055,8014930134.400055,2.122577387864749,188.43620493146983,1.1150142543569138e-06,"[8025446071.668161, 8003956714.688283]","[0.07423772575569687, 0.07423772575569687]","[45695265852.441086, 45695265852.441086]",137592770003259.75,-20.09131519446665,419602174083.34357,1921829633138.2144,1.0,full_active,COUNTERFACTUAL_DIAGNOSTIC_NOT_PRODUCTION_PHYSICS,False,False,False,False
oneD_v2_dbtt_TP_9555ff54d637c974,BACKSTRESS_SHIELDING_EXTREME,INITIAL_ONSET_PRE_EVENT,FACTORIAL_R0_S0_B0_M1,True,55511063.826065026,2.931106565679095e-06,7.634485073185825e-06,1.5057823613891673e-07,0.0,0.0,8015927807.447044,1505.3516303299448,8014930134.400055,8014930134.400055,2.122577387864749,188.43620493146983,1.1150142543569138e-06,"[8025446071.668161, 8003956714.688283]","[0.07423772575569687, 0.07423772575569687]","[45695265852.441086, 45695265852.441086]",137574885898664.89,-20.091258741843795,419602174083.34357,1921829633138.2144,1.0,full_active,COUNTERFACTUAL_DIAGNOSTIC_NOT_PRODUCTION_PHYSICS,False,False,False,True
oneD_v2_dbtt_TP_9555ff54d637c974,BACKSTRESS_SHIELDING_EXTREME,INITIAL_ONSET_PRE_EVENT,FACTORIAL_R0_S0_B1_M0,True,55511063.826065026,2.931106565679095e-06,7.634485073185825e-06,1.5057823613891673e-07,0.0,7980190319.932892,8015927807.447044,1505.547319142136,8014930134.400055,8014930134.400055,2.122577387864749,188.43620493146983,1.1150142543569138e-06,"[34557339.46639919, 34464807.02426052]","[0.07423772575569687, 0.07423772575569687]","[45695265852.441086, 45695265852.441086]",137592770003259.75,-20.09131519446665,419602174083.34357,1921829633138.2144,1.0,full_active,COUNTERFACTUAL_DIAGNOSTIC_NOT_PRODUCTION_PHYSICS,False,False,True,False
oneD_v2_dbtt_TP_9555ff54d637c974,BACKSTRESS_SHIELDING_EXTREME,INITIAL_ONSET_PRE_EVENT,FACTORIAL_R0_S0_B1_M1,True,55511063.826065026,2.931106565679095e-06,7.634485073185825e-06,1.5057823613891673e-07,0.0,7980190319.932892,8015927807.447044,1505.3516303299448,8014930134.400055,8014930134.400055,2.122577387864749,188.43620493146983,1.1150142543569138e-06,"[34557339.46639919, 34464807.02426052]","[0.07423772575569687, 0.07423772575569687]","[45695265852.441086, 45695265852.441086]",137574885898664.89,-20.091258741843795,419602174083.34357,1921829633138.2144,1.0,full_active,COUNTERFACTUAL_DIAGNOSTIC_NOT_PRODUCTION_PHYSICS,False,False,True,True
oneD_v2_dbtt_TP_9555ff54d637c974,BACKSTRESS_SHIELDING_EXTREME,INITIAL_ONSET_PRE_EVENT,FACTORIAL_R0_S1_B0_M0,True,55511063.826065026,2.931106565679095e-06,7.634485073185825e-06,1.5057823613891673e-07,-3728860.637020707,0.0,8015927807.447044,1505.547319142136,8014930134.400055,8553319338.762633,1.7713511434280615,7662.108844323566,0.0745415588012624,"[8025446071.668161, 8003956714.688283]","[0.07423772575569687, 0.07423772575569687]","[45695265852.441086, 45695265852.441086]",137592770003259.75,-15.266197143502545,419602174083.34357,1921829633138.2144,1.0,full_active,COUNTERFACTUAL_DIAGNOSTIC_NOT_PRODUCTION_PHYSICS,False,True,False,False
oneD_v2_dbtt_TP_9555ff54d637c974,BACKSTRESS_SHIELDING_EXTREME,INITIAL_ONSET_PRE_EVENT,FACTORIAL_R0_S1_B0_M1,True,55511063.826065026,2.931106565679095e-06,7.634485073185825e-06,1.5057823613891673e-07,-3728860.637020707,0.0,8015927807.447044,1505.3516303299448,8014930134.400055,8553319338.762633,1.7713511434280615,7662.108844323566,0.0745415588012624,"[8025446071.668161, 8003956714.688283]","[0.07423772575569687, 0.07423772575569687]","[45695265852.441086, 45695265852.441086]",137574885898664.89,-15.26614069087969,419602174083.34357,1921829633138.2144,1.0,full_active,COUNTERFACTUAL_DIAGNOSTIC_NOT_PRODUCTION_PHYSICS,False,True,False,True
oneD_v2_dbtt_TP_9555ff54d637c974,BACKSTRESS_SHIELDING_EXTREME,INITIAL_ONSET_PRE_EVENT,FACTORIAL_R0_S1_B1_M0,True,55511063.826065026,2.931106565679095e-06,7.634485073185825e-06,1.5057823613891673e-07,-3728860.637020707,7980190319.932892,8015927807.447044,1505.547319142136,8014930134.400055,8553319338.762633,1.7713511434280615,7662.108844323566,0.0745415588012624,"[34557339.46639919, 34464807.02426052]","[0.07423772575569687, 0.07423772575569687]","[45695265852.441086, 45695265852.441086]",137592770003259.75,-15.266197143502545,419602174083.34357,1921829633138.2144,1.0,full_active,COUNTERFACTUAL_DIAGNOSTIC_NOT_PRODUCTION_PHYSICS,False,True,True,False
oneD_v2_dbtt_TP_9555ff54d637c974,BACKSTRESS_SHIELDING_EXTREME,INITIAL_ONSET_PRE_EVENT,FACTORIAL_R0_S1_B1_M1,True,55511063.826065026,2.931106565679095e-06,7.634485073185825e-06,1.5057823613891673e-07,-3728860.637020707,7980190319.932892,8015927807.447044,1505.3516303299448,8014930134.400055,8553319338.762633,1.7713511434280615,7662.108844323566,0.0745415588012624,"[34557339.46639919, 34464807.02426052]","[0.07423772575569687, 0.07423772575569687]","[45695265852.441086, 45695265852.441086]",137574885898664.89,-15.26614069087969,419602174083.34357,1921829633138.2144,1.0,full_active,COUNTERFACTUAL_DIAGNOSTIC_NOT_PRODUCTION_PHYSICS,False,True,True,True
oneD_v2_dbtt_TP_9555ff54d637c974,BACKSTRESS_SHIELDING_EXTREME,INITIAL_ONSET_PRE_EVENT,FACTORIAL_R1_S0_B0_M0,True,55511063.826065026,2.931106565679095e-06,7.632149054560665e-06,1.5057823613891673e-07,0.0,0.0,8015927807.447044,1505.547319142136,8016156629.944813,8016156629.944813,2.1217422327218243,190.10376128642832,1.1448773359040638e-06,"[8026674176.42847, 8005181531.010619]","[0.07423772575569687, 0.07423772575569687]","[45695265852.441086, 45695265852.441086]",137592770003259.75,-20.079836655790267,419602174083.34357,1921829633138.2144,1.0,full_active,COUNTERFACTUAL_DIAGNOSTIC_NOT_PRODUCTION_PHYSICS,True,False,False,False
oneD_v2_dbtt_TP_9555ff54d637c974,BACKSTRESS_SHIELDING_EXTREME,INITIAL_ONSET_PRE_EVENT,FACTORIAL_R1_S0_B0_M1,True,55511063.826065026,2.931106565679095e-06,7.632149054560665e-06,1.5057823613891673e-07,0.0,0.0,8015927807.447044,1505.3516303299448,8016156629.944813,8016156629.944813,2.1217422327218243,190.10376128642832,1.1448773359040638e-06,"[8026674176.42847, 8005181531.010619]","[0.07423772575569687, 0.07423772575569687]","[45695265852.441086, 45695265852.441086]",137574885898664.89,-20.079780203167413,419602174083.34357,1921829633138.2144,1.0,full_active,COUNTERFACTUAL_DIAGNOSTIC_NOT_PRODUCTION_PHYSICS,True,False,False,True
oneD_v2_dbtt_TP_9555ff54d637c974,BACKSTRESS_SHIELDING_EXTREME,INITIAL_ONSET_PRE_EVENT,FACTORIAL_R1_S0_B1_M0,True,55511063.826065026,2.931106565679095e-06,7.632149054560665e-06,1.5057823613891673e-07,0.0,7980190319.932892,8015927807.447044,1505.547319142136,8016156629.944813,8016156629.944813,2.1217422327218243,190.10376128642832,1.1448773359040638e-06,"[35785444.22670746, 35689623.34659672]","[0.07423772575569687, 0.07423772575569687]","[45695265852.441086, 45695265852.441086]",137592770003259.75,-20.079836655790267,419602174083.34357,1921829633138.2144,1.0,full_active,COUNTERFACTUAL_DIAGNOSTIC_NOT_PRODUCTION_PHYSICS,True,False,True,False
oneD_v2_dbtt_TP_9555ff54d637c974,BACKSTRESS_SHIELDING_EXTREME,INITIAL_ONSET_PRE_EVENT,FACTORIAL_R1_S0_B1_M1,True,55511063.826065026,2.931106565679095e-06,7.632149054560665e-06,1.5057823613891673e-07,0.0,7980190319.932892,8015927807.447044,1505.3516303299448,8016156629.944813,8016156629.944813,2.1217422327218243,190.10376128642832,1.1448773359040638e-06,"[35785444.22670746, 35689623.34659672]","[0.07423772575569687, 0.07423772575569687]","[45695265852.441086, 45695265852.441086]",137574885898664.89,-20.079780203167413,419602174083.34357,1921829633138.2144,1.0,full_active,COUNTERFACTUAL_DIAGNOSTIC_NOT_PRODUCTION_PHYSICS,True,False,True,True
oneD_v2_dbtt_TP_9555ff54d637c974,BACKSTRESS_SHIELDING_EXTREME,INITIAL_ONSET_PRE_EVENT,FACTORIAL_R1_S1_B0_M0,True,55511063.826065026,2.931106565679095e-06,7.632149054560665e-06,1.5057823613891673e-07,-3728860.637020707,0.0,8015927807.447044,1505.547319142136,8016156629.944813,8554628222.044953,1.7705375717289433,7728.15440716229,0.07648202654315378,"[8026674176.42847, 8005181531.010619]","[0.07423772575569687, 0.07423772575569687]","[45695265852.441086, 45695265852.441086]",137592770003259.75,-15.25503622699757,419602174083.34357,1921829633138.2144,1.0,full_active,COUNTERFACTUAL_DIAGNOSTIC_NOT_PRODUCTION_PHYSICS,True,True,False,False
oneD_v2_dbtt_TP_9555ff54d637c974,BACKSTRESS_SHIELDING_EXTREME,INITIAL_ONSET_PRE_EVENT,FACTORIAL_R1_S1_B0_M1,True,55511063.826065026,2.931106565679095e-06,7.632149054560665e-06,1.5057823613891673e-07,-3728860.637020707,0.0,8015927807.447044,1505.3516303299448,8016156629.944813,8554628222.044953,1.7705375717289433,7728.15440716229,0.07648202654315378,"[8026674176.42847, 8005181531.010619]","[0.07423772575569687, 0.07423772575569687]","[45695265852.441086, 45695265852.441086]",137574885898664.89,-15.254979774374716,419602174083.34357,1921829633138.2144,1.0,full_active,COUNTERFACTUAL_DIAGNOSTIC_NOT_PRODUCTION_PHYSICS,True,True,False,True
oneD_v2_dbtt_TP_9555ff54d637c974,BACKSTRESS_SHIELDING_EXTREME,INITIAL_ONSET_PRE_EVENT,FACTORIAL_R1_S1_B1_M0,True,55511063.826065026,2.931106565679095e-06,7.632149054560665e-06,1.5057823613891673e-07,-3728860.637020707,7980190319.932892,8015927807.447044,1505.547319142136,8016156629.944813,8554628222.044953,1.7705375717289433,7728.15440716229,0.07648202654315378,"[35785444.22670746, 35689623.34659672]","[0.07423772575569687, 0.07423772575569687]","[45695265852.441086, 45695265852.441086]",137592770003259.75,-15.25503622699757,419602174083.34357,1921829633138.2144,1.0,full_active,COUNTERFACTUAL_DIAGNOSTIC_NOT_PRODUCTION_PHYSICS,True,True,True,False
oneD_v2_dbtt_TP_9555ff54d637c974,BACKSTRESS_SHIELDING_EXTREME,INITIAL_ONSET_PRE_EVENT,FACTORIAL_R1_S1_B1_M1,True,55511063.826065026,2.931106565679095e-06,7.632149054560665e-06,1.5057823613891673e-07,-3728860.637020707,7980190319.932892,8015927807.447044,1505.3516303299448,8016156629.944813,8554628222.044953,1.7705375717289433,7728.15440716229,0.07648202654315378,"[35785444.22670746, 35689623.34659672]","[0.07423772575569687, 0.07423772575569687]","[45695265852.441086, 45695265852.441086]",137574885898664.89,-15.254979774374716,419602174083.34357,1921829633138.2144,1.0,full_active,COUNTERFACTUAL_DIAGNOSTIC_NOT_PRODUCTION_PHYSICS,True,True,True,True
oneD_v2_dbtt_TP_9555ff54d637c974,BACKSTRESS_SHIELDING_EXTREME,REINITIATION_ONSET_PRE_EVENT,ACTUAL_RADIUS_ACTUAL_SHIELD_ACTUAL_BACKSTRESS_ACTUAL_MULTIPLICITY,False,49172123.898341805,5.2426686978820885e-05,5.272284502794002e-06,1.8759966884018058e-07,-2067370.3622183125,6404392057.6631,6418953263.208885,1295.5668087256745,8543377846.568045,8902571730.276266,1.5618560356149367,69851.31178398312,53.90887951178519,"[14739724.400585175, 14382839.178712845]","[0.07423772575569687, 0.07423772575569687]","[45695265852.441086, 45695265852.441086]",118402539508636.77,-12.341700712100232,419602174083.34357,1921829633138.2144,1.0,full_active,COUNTERFACTUAL_DIAGNOSTIC_NOT_PRODUCTION_PHYSICS,,,,
oneD_v2_dbtt_TP_9555ff54d637c974,BACKSTRESS_SHIELDING_EXTREME,REINITIATION_ONSET_PRE_EVENT,REFERENCE_RADIUS_ACTUAL_SHIELD_ACTUAL_BACKSTRESS,False,49172123.898341805,5.2426686978820885e-05,5.273940598008174e-06,1.8759966884018058e-07,-2067370.3622183125,6404392057.6631,6418953263.208885,1295.5668087256745,8542036367.858048,8901173851.046898,1.5626633127659135,69258.95461605192,52.57226281715723,"[13718373.433895111, 13388385.764517784]","[0.07423772575569687, 0.07423772575569687]","[45695265852.441086, 45695265852.441086]",118402539508636.77,-12.352604346936216,419602174083.34357,1921829633138.2144,1.0,full_active,COUNTERFACTUAL_DIAGNOSTIC_NOT_PRODUCTION_PHYSICS,,,,
oneD_v2_dbtt_TP_9555ff54d637c974,BACKSTRESS_SHIELDING_EXTREME,REINITIATION_ONSET_PRE_EVENT,ACTUAL_RADIUS_ZERO_SHIELD_ACTUAL_BACKSTRESS,False,49172123.898341805,5.2426686978820885e-05,5.272284502794002e-06,1.8759966884018058e-07,0.0,6404392057.6631,6418953263.208885,1295.5668087256745,8543377846.568045,8543377846.568045,1.7775373141168063,7178.036381085227,0.06130954579018734,"[14739724.400585175, 14382839.178712845]","[0.07423772575569687, 0.07423772575569687]","[45695265852.441086, 45695265852.441086]",118402539508636.77,-15.28583291859273,419602174083.34357,1921829633138.2144,1.0,full_active,COUNTERFACTUAL_DIAGNOSTIC_NOT_PRODUCTION_PHYSICS,,,,
oneD_v2_dbtt_TP_9555ff54d637c974,BACKSTRESS_SHIELDING_EXTREME,REINITIATION_ONSET_PRE_EVENT,ACTUAL_RADIUS_ACTUAL_SHIELD_ZERO_BACKSTRESS,False,49172123.898341805,5.2426686978820885e-05,5.272284502794002e-06,1.8759966884018058e-07,-2067370.3622183125,0.0,6418953263.208885,1295.5668087256745,8543377846.568045,8902571730.276266,1.5618560356149367,69851.31178398312,53.90887951178519,"[6504603582.129438, 6333303096.77606]","[0.07423772575569687, 0.07423772575569687]","[45695265852.441086, 45695265852.441086]",118402539508636.77,-12.341700712100232,419602174083.34357,1921829633138.2144,1.0,full_active,COUNTERFACTUAL_DIAGNOSTIC_NOT_PRODUCTION_PHYSICS,,,,
oneD_v2_dbtt_TP_9555ff54d637c974,BACKSTRESS_SHIELDING_EXTREME,REINITIATION_ONSET_PRE_EVENT,REFERENCE_RADIUS_ZERO_SHIELD_ZERO_BACKSTRESS,False,49172123.898341805,5.2426686978820885e-05,5.273940598008174e-06,1.8759966884018058e-07,0.0,0.0,6418953263.208885,1295.5668087256745,8542036367.858048,8542036367.858048,1.778372974450193,7115.034003716955,0.05971213325837404,"[6503582231.162748, 6332308643.361865]","[0.07423772575569687, 0.07423772575569687]","[45695265852.441086, 45695265852.441086]",118402539508636.77,-15.297298430337296,419602174083.34357,1921829633138.2144,1.0,full_active,COUNTERFACTUAL_DIAGNOSTIC_NOT_PRODUCTION_PHYSICS,,,,
oneD_v2_dbtt_TP_9555ff54d637c974,BACKSTRESS_SHIELDING_EXTREME,REINITIATION_ONSET_PRE_EVENT,ACTUAL_RADIUS_ACTUAL_SHIELD_ACTUAL_BACKSTRESS_REFERENCE_MULTIPLICITY,False,49172123.898341805,5.2426686978820885e-05,5.272284502794002e-06,1.8759966884018058e-07,-2067370.3622183125,6404392057.6631,6418953263.208885,1295.7227413267585,8543377846.568045,8902571730.276266,1.5618560356149367,69851.31178398312,53.90887951178519,"[14739724.400585175, 14382839.178712845]","[0.07423772575569687, 0.07423772575569687]","[45695265852.441086, 45695265852.441086]",118416790271959.97,-12.341752980028593,419602174083.34357,1921829633138.2144,1.0,full_active,COUNTERFACTUAL_DIAGNOSTIC_NOT_PRODUCTION_PHYSICS,,,,
oneD_v2_dbtt_TP_9555ff54d637c974,BACKSTRESS_SHIELDING_EXTREME,REINITIATION_ONSET_PRE_EVENT,FACTORIAL_R0_S0_B0_M0,True,49172123.898341805,5.2426686978820885e-05,5.273940598008174e-06,1.8759966884018058e-07,0.0,0.0,6418953263.208885,1295.7227413267585,8542036367.858048,8542036367.858048,1.778372974450193,7115.034003716955,0.05971213325837404,"[6503582231.162748, 6332308643.361865]","[0.07423772575569687, 0.07423772575569687]","[45695265852.441086, 45695265852.441086]",118416790271959.97,-15.297350698265657,419602174083.34357,1921829633138.2144,1.0,full_active,COUNTERFACTUAL_DIAGNOSTIC_NOT_PRODUCTION_PHYSICS,False,False,False,False
oneD_v2_dbtt_TP_9555ff54d637c974,BACKSTRESS_SHIELDING_EXTREME,REINITIATION_ONSET_PRE_EVENT,FACTORIAL_R0_S0_B0_M1,True,49172123.898341805,5.2426686978820885e-05,5.273940598008174e-06,1.8759966884018058e-07,0.0,0.0,6418953263.208885,1295.5668087256745,8542036367.858048,8542036367.858048,1.778372974450193,7115.034003716955,0.05971213325837404,"[6503582231.162748, 6332308643.361865]","[0.07423772575569687, 0.07423772575569687]","[45695265852.441086, 45695265852.441086]",118402539508636.77,-15.297298430337296,419602174083.34357,1921829633138.2144,1.0,full_active,COUNTERFACTUAL_DIAGNOSTIC_NOT_PRODUCTION_PHYSICS,False,False,False,True
oneD_v2_dbtt_TP_9555ff54d637c974,BACKSTRESS_SHIELDING_EXTREME,REINITIATION_ONSET_PRE_EVENT,FACTORIAL_R0_S0_B1_M0,True,49172123.898341805,5.2426686978820885e-05,5.273940598008174e-06,1.8759966884018058e-07,0.0,6404392057.6631,6418953263.208885,1295.7227413267585,8542036367.858048,8542036367.858048,1.778372974450193,7115.034003716955,0.05971213325837404,"[13718373.433895111, 13388385.764517784]","[0.07423772575569687, 0.07423772575569687]","[45695265852.441086, 45695265852.441086]",118416790271959.97,-15.297350698265657,419602174083.34357,1921829633138.2144,1.0,full_active,COUNTERFACTUAL_DIAGNOSTIC_NOT_PRODUCTION_PHYSICS,False,False,True,False
oneD_v2_dbtt_TP_9555ff54d637c974,BACKSTRESS_SHIELDING_EXTREME,REINITIATION_ONSET_PRE_EVENT,FACTORIAL_R0_S0_B1_M1,True,49172123.898341805,5.2426686978820885e-05,5.273940598008174e-06,1.8759966884018058e-07,0.0,6404392057.6631,6418953263.208885,1295.5668087256745,8542036367.858048,8542036367.858048,1.778372974450193,7115.034003716955,0.05971213325837404,"[13718373.433895111, 13388385.764517784]","[0.07423772575569687, 0.07423772575569687]","[45695265852.441086, 45695265852.441086]",118402539508636.77,-15.297298430337296,419602174083.34357,1921829633138.2144,1.0,full_active,COUNTERFACTUAL_DIAGNOSTIC_NOT_PRODUCTION_PHYSICS,False,False,True,True
oneD_v2_dbtt_TP_9555ff54d637c974,BACKSTRESS_SHIELDING_EXTREME,REINITIATION_ONSET_PRE_EVENT,FACTORIAL_R0_S1_B0_M0,True,49172123.898341805,5.2426686978820885e-05,5.273940598008174e-06,1.8759966884018058e-07,-2067370.3622183125,0.0,6418953263.208885,1295.7227413267585,8542036367.858048,8901173851.046898,1.5626633127659135,69258.95461605192,52.57226281715723,"[6503582231.162748, 6332308643.361865]","[0.07423772575569687, 0.07423772575569687]","[45695265852.441086, 45695265852.441086]",118416790271959.97,-12.352656614864577,419602174083.34357,1921829633138.2144,1.0,full_active,COUNTERFACTUAL_DIAGNOSTIC_NOT_PRODUCTION_PHYSICS,False,True,False,False
oneD_v2_dbtt_TP_9555ff54d637c974,BACKSTRESS_SHIELDING_EXTREME,REINITIATION_ONSET_PRE_EVENT,FACTORIAL_R0_S1_B0_M1,True,49172123.898341805,5.2426686978820885e-05,5.273940598008174e-06,1.8759966884018058e-07,-2067370.3622183125,0.0,6418953263.208885,1295.5668087256745,8542036367.858048,8901173851.046898,1.5626633127659135,69258.95461605192,52.57226281715723,"[6503582231.162748, 6332308643.361865]","[0.07423772575569687, 0.07423772575569687]","[45695265852.441086, 45695265852.441086]",118402539508636.77,-12.352604346936216,419602174083.34357,1921829633138.2144,1.0,full_active,COUNTERFACTUAL_DIAGNOSTIC_NOT_PRODUCTION_PHYSICS,False,True,False,True
oneD_v2_dbtt_TP_9555ff54d637c974,BACKSTRESS_SHIELDING_EXTREME,REINITIATION_ONSET_PRE_EVENT,FACTORIAL_R0_S1_B1_M0,True,49172123.898341805,5.2426686978820885e-05,5.273940598008174e-06,1.8759966884018058e-07,-2067370.3622183125,6404392057.6631,6418953263.208885,1295.7227413267585,8542036367.858048,8901173851.046898,1.5626633127659135,69258.95461605192,52.57226281715723,"[13718373.433895111, 13388385.764517784]","[0.07423772575569687, 0.07423772575569687]","[45695265852.441086, 45695265852.441086]",118416790271959.97,-12.352656614864577,419602174083.34357,1921829633138.2144,1.0,full_active,COUNTERFACTUAL_DIAGNOSTIC_NOT_PRODUCTION_PHYSICS,False,True,True,False
oneD_v2_dbtt_TP_9555ff54d637c974,BACKSTRESS_SHIELDING_EXTREME,REINITIATION_ONSET_PRE_EVENT,FACTORIAL_R0_S1_B1_M1,True,49172123.898341805,5.2426686978820885e-05,5.273940598008174e-06,1.8759966884018058e-07,-2067370.3622183125,6404392057.6631,6418953263.208885,1295.5668087256745,8542036367.858048,8901173851.046898,1.5626633127659135,69258.95461605192,52.57226281715723,"[13718373.433895111, 13388385.764517784]","[0.07423772575569687, 0.07423772575569687]","[45695265852.441086, 45695265852.441086]",118402539508636.77,-12.352604346936216,419602174083.34357,1921829633138.2144,1.0,full_active,COUNTERFACTUAL_DIAGNOSTIC_NOT_PRODUCTION_PHYSICS,False,True,True,True
oneD_v2_dbtt_TP_9555ff54d637c974,BACKSTRESS_SHIELDING_EXTREME,REINITIATION_ONSET_PRE_EVENT,FACTORIAL_R1_S0_B0_M0,True,49172123.898341805,5.2426686978820885e-05,5.272284502794002e-06,1.8759966884018058e-07,0.0,0.0,6418953263.208885,1295.7227413267585,8543377846.568045,8543377846.568045,1.7775373141168063,7178.036381085227,0.06130954579018734,"[6504603582.129438, 6333303096.77606]","[0.07423772575569687, 0.07423772575569687]","[45695265852.441086, 45695265852.441086]",118416790271959.97,-15.28588518652109,419602174083.34357,1921829633138.2144,1.0,full_active,COUNTERFACTUAL_DIAGNOSTIC_NOT_PRODUCTION_PHYSICS,True,False,False,False
oneD_v2_dbtt_TP_9555ff54d637c974,BACKSTRESS_SHIELDING_EXTREME,REINITIATION_ONSET_PRE_EVENT,FACTORIAL_R1_S0_B0_M1,True,49172123.898341805,5.2426686978820885e-05,5.272284502794002e-06,1.8759966884018058e-07,0.0,0.0,6418953263.208885,1295.5668087256745,8543377846.568045,8543377846.568045,1.7775373141168063,7178.036381085227,0.06130954579018734,"[6504603582.129438, 6333303096.77606]","[0.07423772575569687, 0.07423772575569687]","[45695265852.441086, 45695265852.441086]",118402539508636.77,-15.28583291859273,419602174083.34357,1921829633138.2144,1.0,full_active,COUNTERFACTUAL_DIAGNOSTIC_NOT_PRODUCTION_PHYSICS,True,False,False,True
oneD_v2_dbtt_TP_9555ff54d637c974,BACKSTRESS_SHIELDING_EXTREME,REINITIATION_ONSET_PRE_EVENT,FACTORIAL_R1_S0_B1_M0,True,49172123.898341805,5.2426686978820885e-05,5.272284502794002e-06,1.8759966884018058e-07,0.0,6404392057.6631,6418953263.208885,1295.7227413267585,8543377846.568045,8543377846.568045,1.7775373141168063,7178.036381085227,0.06130954579018734,"[14739724.400585175, 14382839.178712845]","[0.07423772575569687, 0.07423772575569687]","[45695265852.441086, 45695265852.441086]",118416790271959.97,-15.28588518652109,419602174083.34357,1921829633138.2144,1.0,full_active,COUNTERFACTUAL_DIAGNOSTIC_NOT_PRODUCTION_PHYSICS,True,False,True,False
oneD_v2_dbtt_TP_9555ff54d637c974,BACKSTRESS_SHIELDING_EXTREME,REINITIATION_ONSET_PRE_EVENT,FACTORIAL_R1_S0_B1_M1,True,49172123.898341805,5.2426686978820885e-05,5.272284502794002e-06,1.8759966884018058e-07,0.0,6404392057.6631,6418953263.208885,1295.5668087256745,8543377846.568045,8543377846.568045,1.7775373141168063,7178.036381085227,0.06130954579018734,"[14739724.400585175, 14382839.178712845]","[0.07423772575569687, 0.07423772575569687]","[45695265852.441086, 45695265852.441086]",118402539508636.77,-15.28583291859273,419602174083.34357,1921829633138.2144,1.0,full_active,COUNTERFACTUAL_DIAGNOSTIC_NOT_PRODUCTION_PHYSICS,True,False,True,True
oneD_v2_dbtt_TP_9555ff54d637c974,BACKSTRESS_SHIELDING_EXTREME,REINITIATION_ONSET_PRE_EVENT,FACTORIAL_R1_S1_B0_M0,True,49172123.898341805,5.2426686978820885e-05,5.272284502794002e-06,1.8759966884018058e-07,-2067370.3622183125,0.0,6418953263.208885,1295.7227413267585,8543377846.568045,8902571730.276266,1.5618560356149367,69851.31178398312,53.90887951178519,"[6504603582.129438, 6333303096.77606]","[0.07423772575569687, 0.07423772575569687]","[45695265852.441086, 45695265852.441086]",118416790271959.97,-12.341752980028593,419602174083.34357,1921829633138.2144,1.0,full_active,COUNTERFACTUAL_DIAGNOSTIC_NOT_PRODUCTION_PHYSICS,True,True,False,False
oneD_v2_dbtt_TP_9555ff54d637c974,BACKSTRESS_SHIELDING_EXTREME,REINITIATION_ONSET_PRE_EVENT,FACTORIAL_R1_S1_B0_M1,True,49172123.898341805,5.2426686978820885e-05,5.272284502794002e-06,1.8759966884018058e-07,-2067370.3622183125,0.0,6418953263.208885,1295.5668087256745,8543377846.568045,8902571730.276266,1.5618560356149367,69851.31178398312,53.90887951178519,"[6504603582.129438, 6333303096.77606]","[0.07423772575569687, 0.07423772575569687]","[45695265852.441086, 45695265852.441086]",118402539508636.77,-12.341700712100232,419602174083.34357,1921829633138.2144,1.0,full_active,COUNTERFACTUAL_DIAGNOSTIC_NOT_PRODUCTION_PHYSICS,True,True,False,True
oneD_v2_dbtt_TP_9555ff54d637c974,BACKSTRESS_SHIELDING_EXTREME,REINITIATION_ONSET_PRE_EVENT,FACTORIAL_R1_S1_B1_M0,True,49172123.898341805,5.2426686978820885e-05,5.272284502794002e-06,1.8759966884018058e-07,-2067370.3622183125,6404392057.6631,6418953263.208885,1295.7227413267585,8543377846.568045,8902571730.276266,1.5618560356149367,69851.31178398312,53.90887951178519,"[14739724.400585175, 14382839.178712845]","[0.07423772575569687, 0.07423772575569687]","[45695265852.441086, 45695265852.441086]",118416790271959.97,-12.341752980028593,419602174083.34357,1921829633138.2144,1.0,full_active,COUNTERFACTUAL_DIAGNOSTIC_NOT_PRODUCTION_PHYSICS,True,True,True,False
oneD_v2_dbtt_TP_9555ff54d637c974,BACKSTRESS_SHIELDING_EXTREME,REINITIATION_ONSET_PRE_EVENT,FACTORIAL_R1_S1_B1_M1,True,49172123.898341805,5.2426686978820885e-05,5.272284502794002e-06,1.8759966884018058e-07,-2067370.3622183125,6404392057.6631,6418953263.208885,1295.5668087256745,8543377846.568045,8902571730.276266,1.5618560356149367,69851.31178398312,53.90887951178519,"[14739724.400585175, 14382839.178712845]","[0.07423772575569687, 0.07423772575569687]","[45695265852.441086, 45695265852.441086]",118402539508636.77,-12.341700712100232,419602174083.34357,1921829633138.2144,1.0,full_active,COUNTERFACTUAL_DIAGNOSTIC_NOT_PRODUCTION_PHYSICS,True,True,True,True
oneD_v2_dbtt_TP_f2817e7998cb7be6,BALANCED_MAXIMIN_MEDOID,INITIAL_ONSET_PRE_EVENT,ACTUAL_RADIUS_ACTUAL_SHIELD_ACTUAL_BACKSTRESS_ACTUAL_MULTIPLICITY,False,55510498.86514208,2.931106565679095e-06,7.63308906975585e-06,1.5056756850302012e-07,-3727995.297017362,7980755840.5919285,8015352634.637867,1505.4303782914626,8015581440.770351,8553894922.453292,1.7709933482967575,7691.084753216285,0.07538880794192296,"[34643221.57121563, 34550459.1661911]","[0.07423772575569687, 0.07423772575569687]","[45695265852.441086, 45695265852.441086]",137582082716738.67,-15.261255003267435,463835637120.5869,2124424341392.5457,1.0,full_active,COUNTERFACTUAL_DIAGNOSTIC_NOT_PRODUCTION_PHYSICS,,,,
oneD_v2_dbtt_TP_f2817e7998cb7be6,BALANCED_MAXIMIN_MEDOID,INITIAL_ONSET_PRE_EVENT,REFERENCE_RADIUS_ACTUAL_SHIELD_ACTUAL_BACKSTRESS,False,55510498.86514208,2.931106565679095e-06,7.634485073185825e-06,1.5056756850302012e-07,-3727995.297017362,7980755840.5919285,8015352634.637867,1505.4303782914626,8014848562.871534,8553112825.660464,1.771479526171044,7651.73844866157,0.07423987730791931,"[33909382.1046896, 33818584.66686058]","[0.07423772575569687, 0.07423772575569687]","[45695265852.441086, 45695265852.441086]",137582082716738.67,-15.267924634033323,463835637120.5869,2124424341392.5457,1.0,full_active,COUNTERFACTUAL_DIAGNOSTIC_NOT_PRODUCTION_PHYSICS,,,,
oneD_v2_dbtt_TP_f2817e7998cb7be6,BALANCED_MAXIMIN_MEDOID,INITIAL_ONSET_PRE_EVENT,ACTUAL_RADIUS_ZERO_SHIELD_ACTUAL_BACKSTRESS,False,55510498.86514208,2.931106565679095e-06,7.63308906975585e-06,1.5056756850302012e-07,0.0,7980755840.5919285,8015352634.637867,1505.4303782914626,8015581440.770351,8015581440.770351,2.1221338767846882,189.3199350246639,1.1307748085373896e-06,"[34643221.57121563, 34550459.1661911]","[0.07423772575569687, 0.07423772575569687]","[45695265852.441086, 45695265852.441086]",137582082716738.67,-20.0851857548214,463835637120.5869,2124424341392.5457,1.0,full_active,COUNTERFACTUAL_DIAGNOSTIC_NOT_PRODUCTION_PHYSICS,,,,
oneD_v2_dbtt_TP_f2817e7998cb7be6,BALANCED_MAXIMIN_MEDOID,INITIAL_ONSET_PRE_EVENT,ACTUAL_RADIUS_ACTUAL_SHIELD_ZERO_BACKSTRESS,False,55510498.86514208,2.931106565679095e-06,7.63308906975585e-06,1.5056756850302012e-07,-3727995.297017362,0.0,8015352634.637867,1505.4303782914626,8015581440.770351,8553894922.453292,1.7709933482967575,7691.084753216285,0.07538880794192296,"[8026098232.5807705, 8004607129.340492]","[0.07423772575569687, 0.07423772575569687]","[45695265852.441086, 45695265852.441086]",137582082716738.67,-15.261255003267435,463835637120.5869,2124424341392.5457,1.0,full_active,COUNTERFACTUAL_DIAGNOSTIC_NOT_PRODUCTION_PHYSICS,,,,
oneD_v2_dbtt_TP_f2817e7998cb7be6,BALANCED_MAXIMIN_MEDOID,INITIAL_ONSET_PRE_EVENT,REFERENCE_RADIUS_ZERO_SHIELD_ZERO_BACKSTRESS,False,55510498.86514208,2.931106565679095e-06,7.634485073185825e-06,1.5056756850302012e-07,0.0,0.0,8015352634.637867,1505.4303782914626,8014848562.871534,8014848562.871534,2.122632937425634,188.3258092313722,1.1130557948770259e-06,"[8025364393.114244, 8003875254.841162]","[0.07423772575569687, 0.07423772575569687]","[45695265852.441086, 45695265852.441086]",137582082716738.67,-20.09204494446621,463835637120.5869,2124424341392.5457,1.0,full_active,COUNTERFACTUAL_DIAGNOSTIC_NOT_PRODUCTION_PHYSICS,,,,
oneD_v2_dbtt_TP_f2817e7998cb7be6,BALANCED_MAXIMIN_MEDOID,INITIAL_ONSET_PRE_EVENT,ACTUAL_RADIUS_ACTUAL_SHIELD_ACTUAL_BACKSTRESS_REFERENCE_MULTIPLICITY,False,55510498.86514208,2.931106565679095e-06,7.63308906975585e-06,1.5056756850302012e-07,-3727995.297017362,7980755840.5919285,8015352634.637867,1505.547319142136,8015581440.770351,8553894922.453292,1.7709933482967575,7691.084753216285,0.07538880794192296,"[34643221.57121563, 34550459.1661911]","[0.07423772575569687, 0.07423772575569687]","[45695265852.441086, 45695265852.441086]",137592770003259.75,-15.261288737669537,463835637120.5869,2124424341392.5457,1.0,full_active,COUNTERFACTUAL_DIAGNOSTIC_NOT_PRODUCTION_PHYSICS,,,,
oneD_v2_dbtt_TP_f2817e7998cb7be6,BALANCED_MAXIMIN_MEDOID,INITIAL_ONSET_PRE_EVENT,FACTORIAL_R0_S0_B0_M0,True,55510498.86514208,2.931106565679095e-06,7.634485073185825e-06,1.5056756850302012e-07,0.0,0.0,8015352634.637867,1505.547319142136,8014848562.871534,8014848562.871534,2.122632937425634,188.3258092313722,1.1130557948770259e-06,"[8025364393.114244, 8003875254.841162]","[0.07423772575569687, 0.07423772575569687]","[45695265852.441086, 45695265852.441086]",137592770003259.75,-20.09207867886831,463835637120.5869,2124424341392.5457,1.0,full_active,COUNTERFACTUAL_DIAGNOSTIC_NOT_PRODUCTION_PHYSICS,False,False,False,False
oneD_v2_dbtt_TP_f2817e7998cb7be6,BALANCED_MAXIMIN_MEDOID,INITIAL_ONSET_PRE_EVENT,FACTORIAL_R0_S0_B0_M1,True,55510498.86514208,2.931106565679095e-06,7.634485073185825e-06,1.5056756850302012e-07,0.0,0.0,8015352634.637867,1505.4303782914626,8014848562.871534,8014848562.871534,2.122632937425634,188.3258092313722,1.1130557948770259e-06,"[8025364393.114244, 8003875254.841162]","[0.07423772575569687, 0.07423772575569687]","[45695265852.441086, 45695265852.441086]",137582082716738.67,-20.09204494446621,463835637120.5869,2124424341392.5457,1.0,full_active,COUNTERFACTUAL_DIAGNOSTIC_NOT_PRODUCTION_PHYSICS,False,False,False,True
oneD_v2_dbtt_TP_f2817e7998cb7be6,BALANCED_MAXIMIN_MEDOID,INITIAL_ONSET_PRE_EVENT,FACTORIAL_R0_S0_B1_M0,True,55510498.86514208,2.931106565679095e-06,7.634485073185825e-06,1.5056756850302012e-07,0.0,7980755840.5919285,8015352634.637867,1505.547319142136,8014848562.871534,8014848562.871534,2.122632937425634,188.3258092313722,1.1130557948770259e-06,"[33909382.1046896, 33818584.66686058]","[0.07423772575569687, 0.07423772575569687]","[45695265852.441086, 45695265852.441086]",137592770003259.75,-20.09207867886831,463835637120.5869,2124424341392.5457,1.0,full_active,COUNTERFACTUAL_DIAGNOSTIC_NOT_PRODUCTION_PHYSICS,False,False,True,False
oneD_v2_dbtt_TP_f2817e7998cb7be6,BALANCED_MAXIMIN_MEDOID,INITIAL_ONSET_PRE_EVENT,FACTORIAL_R0_S0_B1_M1,True,55510498.86514208,2.931106565679095e-06,7.634485073185825e-06,1.5056756850302012e-07,0.0,7980755840.5919285,8015352634.637867,1505.4303782914626,8014848562.871534,8014848562.871534,2.122632937425634,188.3258092313722,1.1130557948770259e-06,"[33909382.1046896, 33818584.66686058]","[0.07423772575569687, 0.07423772575569687]","[45695265852.441086, 45695265852.441086]",137582082716738.67,-20.09204494446621,463835637120.5869,2124424341392.5457,1.0,full_active,COUNTERFACTUAL_DIAGNOSTIC_NOT_PRODUCTION_PHYSICS,False,False,True,True
oneD_v2_dbtt_TP_f2817e7998cb7be6,BALANCED_MAXIMIN_MEDOID,INITIAL_ONSET_PRE_EVENT,FACTORIAL_R0_S1_B0_M0,True,55510498.86514208,2.931106565679095e-06,7.634485073185825e-06,1.5056756850302012e-07,-3727995.297017362,0.0,8015352634.637867,1505.547319142136,8014848562.871534,8553112825.660464,1.771479526171044,7651.73844866157,0.07423987730791931,"[8025364393.114244, 8003875254.841162]","[0.07423772575569687, 0.07423772575569687]","[45695265852.441086, 45695265852.441086]",137592770003259.75,-15.267958368435425,463835637120.5869,2124424341392.5457,1.0,full_active,COUNTERFACTUAL_DIAGNOSTIC_NOT_PRODUCTION_PHYSICS,False,True,False,False
oneD_v2_dbtt_TP_f2817e7998cb7be6,BALANCED_MAXIMIN_MEDOID,INITIAL_ONSET_PRE_EVENT,FACTORIAL_R0_S1_B0_M1,True,55510498.86514208,2.931106565679095e-06,7.634485073185825e-06,1.5056756850302012e-07,-3727995.297017362,0.0,8015352634.637867,1505.4303782914626,8014848562.871534,8553112825.660464,1.771479526171044,7651.73844866157,0.07423987730791931,"[8025364393.114244, 8003875254.841162]","[0.07423772575569687, 0.07423772575569687]","[45695265852.441086, 45695265852.441086]",137582082716738.67,-15.267924634033323,463835637120.5869,2124424341392.5457,1.0,full_active,COUNTERFACTUAL_DIAGNOSTIC_NOT_PRODUCTION_PHYSICS,False,True,False,True
oneD_v2_dbtt_TP_f2817e7998cb7be6,BALANCED_MAXIMIN_MEDOID,INITIAL_ONSET_PRE_EVENT,FACTORIAL_R0_S1_B1_M0,True,55510498.86514208,2.931106565679095e-06,7.634485073185825e-06,1.5056756850302012e-07,-3727995.297017362,7980755840.5919285,8015352634.637867,1505.547319142136,8014848562.871534,8553112825.660464,1.771479526171044,7651.73844866157,0.07423987730791931,"[33909382.1046896, 33818584.66686058]","[0.07423772575569687, 0.07423772575569687]","[45695265852.441086, 45695265852.441086]",137592770003259.75,-15.267958368435425,463835637120.5869,2124424341392.5457,1.0,full_active,COUNTERFACTUAL_DIAGNOSTIC_NOT_PRODUCTION_PHYSICS,False,True,True,False
oneD_v2_dbtt_TP_f2817e7998cb7be6,BALANCED_MAXIMIN_MEDOID,INITIAL_ONSET_PRE_EVENT,FACTORIAL_R0_S1_B1_M1,True,55510498.86514208,2.931106565679095e-06,7.634485073185825e-06,1.5056756850302012e-07,-3727995.297017362,7980755840.5919285,8015352634.637867,1505.4303782914626,8014848562.871534,8553112825.660464,1.771479526171044,7651.73844866157,0.07423987730791931,"[33909382.1046896, 33818584.66686058]","[0.07423772575569687, 0.07423772575569687]","[45695265852.441086, 45695265852.441086]",137582082716738.67,-15.267924634033323,463835637120.5869,2124424341392.5457,1.0,full_active,COUNTERFACTUAL_DIAGNOSTIC_NOT_PRODUCTION_PHYSICS,False,True,True,True
oneD_v2_dbtt_TP_f2817e7998cb7be6,BALANCED_MAXIMIN_MEDOID,INITIAL_ONSET_PRE_EVENT,FACTORIAL_R1_S0_B0_M0,True,55510498.86514208,2.931106565679095e-06,7.63308906975585e-06,1.5056756850302012e-07,0.0,0.0,8015352634.637867,1505.547319142136,8015581440.770351,8015581440.770351,2.1221338767846882,189.3199350246639,1.1307748085373896e-06,"[8026098232.5807705, 8004607129.340492]","[0.07423772575569687, 0.07423772575569687]","[45695265852.441086, 45695265852.441086]",137592770003259.75,-20.0852194892235,463835637120.5869,2124424341392.5457,1.0,full_active,COUNTERFACTUAL_DIAGNOSTIC_NOT_PRODUCTION_PHYSICS,True,False,False,False
oneD_v2_dbtt_TP_f2817e7998cb7be6,BALANCED_MAXIMIN_MEDOID,INITIAL_ONSET_PRE_EVENT,FACTORIAL_R1_S0_B0_M1,True,55510498.86514208,2.931106565679095e-06,7.63308906975585e-06,1.5056756850302012e-07,0.0,0.0,8015352634.637867,1505.4303782914626,8015581440.770351,8015581440.770351,2.1221338767846882,189.3199350246639,1.1307748085373896e-06,"[8026098232.5807705, 8004607129.340492]","[0.07423772575569687, 0.07423772575569687]","[45695265852.441086, 45695265852.441086]",137582082716738.67,-20.0851857548214,463835637120.5869,2124424341392.5457,1.0,full_active,COUNTERFACTUAL_DIAGNOSTIC_NOT_PRODUCTION_PHYSICS,True,False,False,True
oneD_v2_dbtt_TP_f2817e7998cb7be6,BALANCED_MAXIMIN_MEDOID,INITIAL_ONSET_PRE_EVENT,FACTORIAL_R1_S0_B1_M0,True,55510498.86514208,2.931106565679095e-06,7.63308906975585e-06,1.5056756850302012e-07,0.0,7980755840.5919285,8015352634.637867,1505.547319142136,8015581440.770351,8015581440.770351,2.1221338767846882,189.3199350246639,1.1307748085373896e-06,"[34643221.57121563, 34550459.1661911]","[0.07423772575569687, 0.07423772575569687]","[45695265852.441086, 45695265852.441086]",137592770003259.75,-20.0852194892235,463835637120.5869,2124424341392.5457,1.0,full_active,COUNTERFACTUAL_DIAGNOSTIC_NOT_PRODUCTION_PHYSICS,True,False,True,False
oneD_v2_dbtt_TP_f2817e7998cb7be6,BALANCED_MAXIMIN_MEDOID,INITIAL_ONSET_PRE_EVENT,FACTORIAL_R1_S0_B1_M1,True,55510498.86514208,2.931106565679095e-06,7.63308906975585e-06,1.5056756850302012e-07,0.0,7980755840.5919285,8015352634.637867,1505.4303782914626,8015581440.770351,8015581440.770351,2.1221338767846882,189.3199350246639,1.1307748085373896e-06,"[34643221.57121563, 34550459.1661911]","[0.07423772575569687, 0.07423772575569687]","[45695265852.441086, 45695265852.441086]",137582082716738.67,-20.0851857548214,463835637120.5869,2124424341392.5457,1.0,full_active,COUNTERFACTUAL_DIAGNOSTIC_NOT_PRODUCTION_PHYSICS,True,False,True,True
oneD_v2_dbtt_TP_f2817e7998cb7be6,BALANCED_MAXIMIN_MEDOID,INITIAL_ONSET_PRE_EVENT,FACTORIAL_R1_S1_B0_M0,True,55510498.86514208,2.931106565679095e-06,7.63308906975585e-06,1.5056756850302012e-07,-3727995.297017362,0.0,8015352634.637867,1505.547319142136,8015581440.770351,8553894922.453292,1.7709933482967575,7691.084753216285,0.07538880794192296,"[8026098232.5807705, 8004607129.340492]","[0.07423772575569687, 0.07423772575569687]","[45695265852.441086, 45695265852.441086]",137592770003259.75,-15.261288737669537,463835637120.5869,2124424341392.5457,1.0,full_active,COUNTERFACTUAL_DIAGNOSTIC_NOT_PRODUCTION_PHYSICS,True,True,False,False
oneD_v2_dbtt_TP_f2817e7998cb7be6,BALANCED_MAXIMIN_MEDOID,INITIAL_ONSET_PRE_EVENT,FACTORIAL_R1_S1_B0_M1,True,55510498.86514208,2.931106565679095e-06,7.63308906975585e-06,1.5056756850302012e-07,-3727995.297017362,0.0,8015352634.637867,1505.4303782914626,8015581440.770351,8553894922.453292,1.7709933482967575,7691.084753216285,0.07538880794192296,"[8026098232.5807705, 8004607129.340492]","[0.07423772575569687, 0.07423772575569687]","[45695265852.441086, 45695265852.441086]",137582082716738.67,-15.261255003267435,463835637120.5869,2124424341392.5457,1.0,full_active,COUNTERFACTUAL_DIAGNOSTIC_NOT_PRODUCTION_PHYSICS,True,True,False,True
oneD_v2_dbtt_TP_f2817e7998cb7be6,BALANCED_MAXIMIN_MEDOID,INITIAL_ONSET_PRE_EVENT,FACTORIAL_R1_S1_B1_M0,True,55510498.86514208,2.931106565679095e-06,7.63308906975585e-06,1.5056756850302012e-07,-3727995.297017362,7980755840.5919285,8015352634.637867,1505.547319142136,8015581440.770351,8553894922.453292,1.7709933482967575,7691.084753216285,0.07538880794192296,"[34643221.57121563, 34550459.1661911]","[0.07423772575569687, 0.07423772575569687]","[45695265852.441086, 45695265852.441086]",137592770003259.75,-15.261288737669537,463835637120.5869,2124424341392.5457,1.0,full_active,COUNTERFACTUAL_DIAGNOSTIC_NOT_PRODUCTION_PHYSICS,True,True,True,False
oneD_v2_dbtt_TP_f2817e7998cb7be6,BALANCED_MAXIMIN_MEDOID,INITIAL_ONSET_PRE_EVENT,FACTORIAL_R1_S1_B1_M1,True,55510498.86514208,2.931106565679095e-06,7.63308906975585e-06,1.5056756850302012e-07,-3727995.297017362,7980755840.5919285,8015352634.637867,1505.4303782914626,8015581440.770351,8553894922.453292,1.7709933482967575,7691.084753216285,0.07538880794192296,"[34643221.57121563, 34550459.1661911]","[0.07423772575569687, 0.07423772575569687]","[45695265852.441086, 45695265852.441086]",137582082716738.67,-15.261255003267435,463835637120.5869,2124424341392.5457,1.0,full_active,COUNTERFACTUAL_DIAGNOSTIC_NOT_PRODUCTION_PHYSICS,True,True,True,True
oneD_v2_dbtt_TP_f2817e7998cb7be6,BALANCED_MAXIMIN_MEDOID,REINITIATION_ONSET_PRE_EVENT,ACTUAL_RADIUS_ACTUAL_SHIELD_ACTUAL_BACKSTRESS_ACTUAL_MULTIPLICITY,False,49168793.87184229,5.2426686978820885e-05,5.2708278055570025e-06,1.8763164817042966e-07,-2067924.4964606087,6403300123.412989,6419405440.3219,1295.429641041184,8543979677.332874,8903319483.757055,1.561424312561929,70170.1743979455,54.63749491628609,"[16303985.796319008, 15906801.367814064]","[0.07423772575569687, 0.07423772575569687]","[45695265852.441086, 45695265852.441086]",118390003681018.45,-12.335824254974812,463835637120.5869,2124424341392.546,1.0,full_active,COUNTERFACTUAL_DIAGNOSTIC_NOT_PRODUCTION_PHYSICS,,,,
oneD_v2_dbtt_TP_f2817e7998cb7be6,BALANCED_MAXIMIN_MEDOID,REINITIATION_ONSET_PRE_EVENT,REFERENCE_RADIUS_ACTUAL_SHIELD_ACTUAL_BACKSTRESS,False,49168793.87184229,5.2426686978820885e-05,5.273940598008174e-06,1.8763164817042966e-07,-2067924.4964606087,6403300123.412989,6419405440.3219,1295.429641041184,8541457885.473932,8900691631.229355,1.5629418550254173,69055.73598497052,52.11876440548534,"[14383989.203209877, 14037368.401545525]","[0.07423772575569687, 0.07423772575569687]","[45695265852.441086, 45695265852.441086]",118390003681018.45,-12.356320922845255,463835637120.5869,2124424341392.546,1.0,full_active,COUNTERFACTUAL_DIAGNOSTIC_NOT_PRODUCTION_PHYSICS,,,,
oneD_v2_dbtt_TP_f2817e7998cb7be6,BALANCED_MAXIMIN_MEDOID,REINITIATION_ONSET_PRE_EVENT,ACTUAL_RADIUS_ZERO_SHIELD_ACTUAL_BACKSTRESS,False,49168793.87184229,5.2426686978820885e-05,5.2708278055570025e-06,1.8763164817042966e-07,0.0,6403300123.412989,6419405440.3219,1295.429641041184,8543979677.332874,8543979677.332874,1.7771624804669839,7206.476906005189,0.06203986876770104,"[16303985.796319008, 15906801.367814064]","[0.07423772575569687, 0.07423772575569687]","[45695265852.441086, 45695265852.441086]",118390003681018.45,-15.280644163579977,463835637120.5869,2124424341392.546,1.0,full_active,COUNTERFACTUAL_DIAGNOSTIC_NOT_PRODUCTION_PHYSICS,,,,
oneD_v2_dbtt_TP_f2817e7998cb7be6,BALANCED_MAXIMIN_MEDOID,REINITIATION_ONSET_PRE_EVENT,ACTUAL_RADIUS_ACTUAL_SHIELD_ZERO_BACKSTRESS,False,49168793.87184229,5.2426686978820885e-05,5.2708278055570025e-06,1.8763164817042966e-07,-2067924.4964606087,0.0,6419405440.3219,1295.429641041184,8543979677.332874,8903319483.757055,1.561424312561929,70170.1743979455,54.63749491628609,"[6505061793.228025, 6333749240.762085]","[0.07423772575569687, 0.07423772575569687]","[45695265852.441086, 45695265852.441086]",118390003681018.45,-12.335824254974812,463835637120.5869,2124424341392.546,1.0,full_active,COUNTERFACTUAL_DIAGNOSTIC_NOT_PRODUCTION_PHYSICS,,,,
oneD_v2_dbtt_TP_f2817e7998cb7be6,BALANCED_MAXIMIN_MEDOID,REINITIATION_ONSET_PRE_EVENT,REFERENCE_RADIUS_ZERO_SHIELD_ZERO_BACKSTRESS,False,49168793.87184229,5.2426686978820885e-05,5.273940598008174e-06,1.8763164817042966e-07,0.0,0.0,6419405440.3219,1295.429641041184,8541457885.473932,8541457885.473932,1.778733401136915,7088.031568139646,0.05903606040934769,"[6503141796.634916, 6331879807.795816]","[0.07423772575569687, 0.07423772575569687]","[45695265852.441086, 45695265852.441086]",118390003681018.45,-15.302197665593834,463835637120.5869,2124424341392.546,1.0,full_active,COUNTERFACTUAL_DIAGNOSTIC_NOT_PRODUCTION_PHYSICS,,,,
oneD_v2_dbtt_TP_f2817e7998cb7be6,BALANCED_MAXIMIN_MEDOID,REINITIATION_ONSET_PRE_EVENT,ACTUAL_RADIUS_ACTUAL_SHIELD_ACTUAL_BACKSTRESS_REFERENCE_MULTIPLICITY,False,49168793.87184229,5.2426686978820885e-05,5.2708278055570025e-06,1.8763164817042966e-07,-2067924.4964606087,6403300123.412989,6419405440.3219,1295.7227413267585,8543979677.332874,8903319483.757055,1.561424312561929,70170.1743979455,54.63749491628609,"[16303985.796319008, 15906801.367814064]","[0.07423772575569687, 0.07423772575569687]","[45695265852.441086, 45695265852.441086]",118416790271959.97,-12.335922506114404,463835637120.5869,2124424341392.546,1.0,full_active,COUNTERFACTUAL_DIAGNOSTIC_NOT_PRODUCTION_PHYSICS,,,,
oneD_v2_dbtt_TP_f2817e7998cb7be6,BALANCED_MAXIMIN_MEDOID,REINITIATION_ONSET_PRE_EVENT,FACTORIAL_R0_S0_B0_M0,True,49168793.87184229,5.2426686978820885e-05,5.273940598008174e-06,1.8763164817042966e-07,0.0,0.0,6419405440.3219,1295.7227413267585,8541457885.473932,8541457885.473932,1.778733401136915,7088.031568139646,0.05903606040934769,"[6503141796.634916, 6331879807.795816]","[0.07423772575569687, 0.07423772575569687]","[45695265852.441086, 45695265852.441086]",118416790271959.97,-15.302295916733426,463835637120.5869,2124424341392.546,1.0,full_active,COUNTERFACTUAL_DIAGNOSTIC_NOT_PRODUCTION_PHYSICS,False,False,False,False
oneD_v2_dbtt_TP_f2817e7998cb7be6,BALANCED_MAXIMIN_MEDOID,REINITIATION_ONSET_PRE_EVENT,FACTORIAL_R0_S0_B0_M1,True,49168793.87184229,5.2426686978820885e-05,5.273940598008174e-06,1.8763164817042966e-07,0.0,0.0,6419405440.3219,1295.429641041184,8541457885.473932,8541457885.473932,1.778733401136915,7088.031568139646,0.05903606040934769,"[6503141796.634916, 6331879807.795816]","[0.07423772575569687, 0.07423772575569687]","[45695265852.441086, 45695265852.441086]",118390003681018.45,-15.302197665593834,463835637120.5869,2124424341392.546,1.0,full_active,COUNTERFACTUAL_DIAGNOSTIC_NOT_PRODUCTION_PHYSICS,False,False,False,True
oneD_v2_dbtt_TP_f2817e7998cb7be6,BALANCED_MAXIMIN_MEDOID,REINITIATION_ONSET_PRE_EVENT,FACTORIAL_R0_S0_B1_M0,True,49168793.87184229,5.2426686978820885e-05,5.273940598008174e-06,1.8763164817042966e-07,0.0,6403300123.412989,6419405440.3219,1295.7227413267585,8541457885.473932,8541457885.473932,1.778733401136915,7088.031568139646,0.05903606040934769,"[14383989.203209877, 14037368.401545525]","[0.07423772575569687, 0.07423772575569687]","[45695265852.441086, 45695265852.441086]",118416790271959.97,-15.302295916733426,463835637120.5869,2124424341392.546,1.0,full_active,COUNTERFACTUAL_DIAGNOSTIC_NOT_PRODUCTION_PHYSICS,False,False,True,False
oneD_v2_dbtt_TP_f2817e7998cb7be6,BALANCED_MAXIMIN_MEDOID,REINITIATION_ONSET_PRE_EVENT,FACTORIAL_R0_S0_B1_M1,True,49168793.87184229,5.2426686978820885e-05,5.273940598008174e-06,1.8763164817042966e-07,0.0,6403300123.412989,6419405440.3219,1295.429641041184,8541457885.473932,8541457885.473932,1.778733401136915,7088.031568139646,0.05903606040934769,"[14383989.203209877, 14037368.401545525]","[0.07423772575569687, 0.07423772575569687]","[45695265852.441086, 45695265852.441086]",118390003681018.45,-15.302197665593834,463835637120.5869,2124424341392.546,1.0,full_active,COUNTERFACTUAL_DIAGNOSTIC_NOT_PRODUCTION_PHYSICS,False,False,True,True
oneD_v2_dbtt_TP_f2817e7998cb7be6,BALANCED_MAXIMIN_MEDOID,REINITIATION_ONSET_PRE_EVENT,FACTORIAL_R0_S1_B0_M0,True,49168793.87184229,5.2426686978820885e-05,5.273940598008174e-06,1.8763164817042966e-07,-2067924.4964606087,0.0,6419405440.3219,1295.7227413267585,8541457885.473932,8900691631.229355,1.5629418550254173,69055.73598497052,52.11876440548534,"[6503141796.634916, 6331879807.795816]","[0.07423772575569687, 0.07423772575569687]","[45695265852.441086, 45695265852.441086]",118416790271959.97,-12.356419173984847,463835637120.5869,2124424341392.546,1.0,full_active,COUNTERFACTUAL_DIAGNOSTIC_NOT_PRODUCTION_PHYSICS,False,True,False,False
oneD_v2_dbtt_TP_f2817e7998cb7be6,BALANCED_MAXIMIN_MEDOID,REINITIATION_ONSET_PRE_EVENT,FACTORIAL_R0_S1_B0_M1,True,49168793.87184229,5.2426686978820885e-05,5.273940598008174e-06,1.8763164817042966e-07,-2067924.4964606087,0.0,6419405440.3219,1295.429641041184,8541457885.473932,8900691631.229355,1.5629418550254173,69055.73598497052,52.11876440548534,"[6503141796.634916, 6331879807.795816]","[0.07423772575569687, 0.07423772575569687]","[45695265852.441086, 45695265852.441086]",118390003681018.45,-12.356320922845255,463835637120.5869,2124424341392.546,1.0,full_active,COUNTERFACTUAL_DIAGNOSTIC_NOT_PRODUCTION_PHYSICS,False,True,False,True
oneD_v2_dbtt_TP_f2817e7998cb7be6,BALANCED_MAXIMIN_MEDOID,REINITIATION_ONSET_PRE_EVENT,FACTORIAL_R0_S1_B1_M0,True,49168793.87184229,5.2426686978820885e-05,5.273940598008174e-06,1.8763164817042966e-07,-2067924.4964606087,6403300123.412989,6419405440.3219,1295.7227413267585,8541457885.473932,8900691631.229355,1.5629418550254173,69055.73598497052,52.11876440548534,"[14383989.203209877, 14037368.401545525]","[0.07423772575569687, 0.07423772575569687]","[45695265852.441086, 45695265852.441086]",118416790271959.97,-12.356419173984847,463835637120.5869,2124424341392.546,1.0,full_active,COUNTERFACTUAL_DIAGNOSTIC_NOT_PRODUCTION_PHYSICS,False,True,True,False
oneD_v2_dbtt_TP_f2817e7998cb7be6,BALANCED_MAXIMIN_MEDOID,REINITIATION_ONSET_PRE_EVENT,FACTORIAL_R0_S1_B1_M1,True,49168793.87184229,5.2426686978820885e-05,5.273940598008174e-06,1.8763164817042966e-07,-2067924.4964606087,6403300123.412989,6419405440.3219,1295.429641041184,8541457885.473932,8900691631.229355,1.5629418550254173,69055.73598497052,52.11876440548534,"[14383989.203209877, 14037368.401545525]","[0.07423772575569687, 0.07423772575569687]","[45695265852.441086, 45695265852.441086]",118390003681018.45,-12.356320922845255,463835637120.5869,2124424341392.546,1.0,full_active,COUNTERFACTUAL_DIAGNOSTIC_NOT_PRODUCTION_PHYSICS,False,True,True,True
oneD_v2_dbtt_TP_f2817e7998cb7be6,BALANCED_MAXIMIN_MEDOID,REINITIATION_ONSET_PRE_EVENT,FACTORIAL_R1_S0_B0_M0,True,49168793.87184229,5.2426686978820885e-05,5.2708278055570025e-06,1.8763164817042966e-07,0.0,0.0,6419405440.3219,1295.7227413267585,8543979677.332874,8543979677.332874,1.7771624804669839,7206.476906005189,0.06203986876770104,"[6505061793.228025, 6333749240.762085]","[0.07423772575569687, 0.07423772575569687]","[45695265852.441086, 45695265852.441086]",118416790271959.97,-15.280742414719569,463835637120.5869,2124424341392.546,1.0,full_active,COUNTERFACTUAL_DIAGNOSTIC_NOT_PRODUCTION_PHYSICS,True,False,False,False
oneD_v2_dbtt_TP_f2817e7998cb7be6,BALANCED_MAXIMIN_MEDOID,REINITIATION_ONSET_PRE_EVENT,FACTORIAL_R1_S0_B0_M1,True,49168793.87184229,5.2426686978820885e-05,5.2708278055570025e-06,1.8763164817042966e-07,0.0,0.0,6419405440.3219,1295.429641041184,8543979677.332874,8543979677.332874,1.7771624804669839,7206.476906005189,0.06203986876770104,"[6505061793.228025, 6333749240.762085]","[0.07423772575569687, 0.07423772575569687]","[45695265852.441086, 45695265852.441086]",118390003681018.45,-15.280644163579977,463835637120.5869,2124424341392.546,1.0,full_active,COUNTERFACTUAL_DIAGNOSTIC_NOT_PRODUCTION_PHYSICS,True,False,False,True
oneD_v2_dbtt_TP_f2817e7998cb7be6,BALANCED_MAXIMIN_MEDOID,REINITIATION_ONSET_PRE_EVENT,FACTORIAL_R1_S0_B1_M0,True,49168793.87184229,5.2426686978820885e-05,5.2708278055570025e-06,1.8763164817042966e-07,0.0,6403300123.412989,6419405440.3219,1295.7227413267585,8543979677.332874,8543979677.332874,1.7771624804669839,7206.476906005189,0.06203986876770104,"[16303985.796319008, 15906801.367814064]","[0.07423772575569687, 0.07423772575569687]","[45695265852.441086, 45695265852.441086]",118416790271959.97,-15.280742414719569,463835637120.5869,2124424341392.546,1.0,full_active,COUNTERFACTUAL_DIAGNOSTIC_NOT_PRODUCTION_PHYSICS,True,False,True,False
oneD_v2_dbtt_TP_f2817e7998cb7be6,BALANCED_MAXIMIN_MEDOID,REINITIATION_ONSET_PRE_EVENT,FACTORIAL_R1_S0_B1_M1,True,49168793.87184229,5.2426686978820885e-05,5.2708278055570025e-06,1.8763164817042966e-07,0.0,6403300123.412989,6419405440.3219,1295.429641041184,8543979677.332874,8543979677.332874,1.7771624804669839,7206.476906005189,0.06203986876770104,"[16303985.796319008, 15906801.367814064]","[0.07423772575569687, 0.07423772575569687]","[45695265852.441086, 45695265852.441086]",118390003681018.45,-15.280644163579977,463835637120.5869,2124424341392.546,1.0,full_active,COUNTERFACTUAL_DIAGNOSTIC_NOT_PRODUCTION_PHYSICS,True,False,True,True
oneD_v2_dbtt_TP_f2817e7998cb7be6,BALANCED_MAXIMIN_MEDOID,REINITIATION_ONSET_PRE_EVENT,FACTORIAL_R1_S1_B0_M0,True,49168793.87184229,5.2426686978820885e-05,5.2708278055570025e-06,1.8763164817042966e-07,-2067924.4964606087,0.0,6419405440.3219,1295.7227413267585,8543979677.332874,8903319483.757055,1.561424312561929,70170.1743979455,54.63749491628609,"[6505061793.228025, 6333749240.762085]","[0.07423772575569687, 0.07423772575569687]","[45695265852.441086, 45695265852.441086]",118416790271959.97,-12.335922506114404,463835637120.5869,2124424341392.546,1.0,full_active,COUNTERFACTUAL_DIAGNOSTIC_NOT_PRODUCTION_PHYSICS,True,True,False,False
oneD_v2_dbtt_TP_f2817e7998cb7be6,BALANCED_MAXIMIN_MEDOID,REINITIATION_ONSET_PRE_EVENT,FACTORIAL_R1_S1_B0_M1,True,49168793.87184229,5.2426686978820885e-05,5.2708278055570025e-06,1.8763164817042966e-07,-2067924.4964606087,0.0,6419405440.3219,1295.429641041184,8543979677.332874,8903319483.757055,1.561424312561929,70170.1743979455,54.63749491628609,"[6505061793.228025, 6333749240.762085]","[0.07423772575569687, 0.07423772575569687]","[45695265852.441086, 45695265852.441086]",118390003681018.45,-12.335824254974812,463835637120.5869,2124424341392.546,1.0,full_active,COUNTERFACTUAL_DIAGNOSTIC_NOT_PRODUCTION_PHYSICS,True,True,False,True
oneD_v2_dbtt_TP_f2817e7998cb7be6,BALANCED_MAXIMIN_MEDOID,REINITIATION_ONSET_PRE_EVENT,FACTORIAL_R1_S1_B1_M0,True,49168793.87184229,5.2426686978820885e-05,5.2708278055570025e-06,1.8763164817042966e-07,-2067924.4964606087,6403300123.412989,6419405440.3219,1295.7227413267585,8543979677.332874,8903319483.757055,1.561424312561929,70170.1743979455,54.63749491628609,"[16303985.796319008, 15906801.367814064]","[0.07423772575569687, 0.07423772575569687]","[45695265852.441086, 45695265852.441086]",118416790271959.97,-12.335922506114404,463835637120.5869,2124424341392.546,1.0,full_active,COUNTERFACTUAL_DIAGNOSTIC_NOT_PRODUCTION_PHYSICS,True,True,True,False
oneD_v2_dbtt_TP_f2817e7998cb7be6,BALANCED_MAXIMIN_MEDOID,REINITIATION_ONSET_PRE_EVENT,FACTORIAL_R1_S1_B1_M1,True,49168793.87184229,5.2426686978820885e-05,5.2708278055570025e-06,1.8763164817042966e-07,-2067924.4964606087,6403300123.412989,6419405440.3219,1295.429641041184,8543979677.332874,8903319483.757055,1.561424312561929,70170.1743979455,54.63749491628609,"[16303985.796319008, 15906801.367814064]","[0.07423772575569687, 0.07423772575569687]","[45695265852.441086, 45695265852.441086]",118390003681018.45,-12.335824254974812,463835637120.5869,2124424341392.546,1.0,full_active,COUNTERFACTUAL_DIAGNOSTIC_NOT_PRODUCTION_PHYSICS,True,True,True,True
