{
  "K_per_U_MPa_sqrt_m_per_m": [
    1698380.881764658,
    1722973.7818336587,
    1816090.191315582,
    1819527.3076949022,
    1922503.037748387,
    1761863.487539437,
    2172863.388548056,
    2104233.1636251216,
    2222738.800270285,
    2268482.773886293,
    2160098.203316577,
    2166128.788652478,
    2359200.6738310424,
    1905883.1624655628,
    1779818.1036188765,
    1895937.8244701931
  ],
  "threshold_actions": [
    0.5296494184524981,
    1.270133354524103,
    0.3747792998336802,
    0.9220170678657782,
    0.907530957796216,
    0.9705690875311566,
    0.05992034728703238,
    1.5130544416197773,
    0.3143274347568031,
    1.1191103309427959,
    0.15925225809888693,
    0.4809138788151508,
    0.14578380994875226,
    0.7361666818667092,
    0.6521332302605996,
    0.401693679224015
  ],
  "path_advances_m": [
    2.4335696912706475e-06,
    5.835856564277448e-06,
    2.2973400956249022e-06,
    4.236373557717113e-06,
    4.169814514732207e-06,
    4.459454560718732e-06,
    2.2973400956249183e-06,
    6.952001271192797e-06,
    2.297340095624867e-06,
    5.141954069405808e-06,
    2.2973400956248425e-06,
    2.297340095624836e-06,
    2.297340095624854e-06,
    3.382450470631057e-06,
    2.9963436351340934e-06,
    2.2973400956249188e-06
  ],
  "projected_advances_m": [
    2.4335696912706475e-06,
    5.835856564277448e-06,
    2.2973400956249022e-06,
    4.236373557717113e-06,
    4.111542775799893e-06,
    3.4967923817367987e-06,
    2.280340486986274e-06,
    6.2860883437024576e-06,
    2.2020000221015463e-06,
    4.970884372870374e-06,
    1.8847993013660453e-06,
    1.8847993013660453e-06,
    2.169819211463638e-06,
    3.376187399420881e-06,
    2.5092691993225955e-06,
    2.1061762517129686e-06
  ],
  "nominal_dU_m": 2e-07,
  "nominal_dt_s": 8.4,
  "seed": 3621,
  "reference_candidate_id": "v912_targeted_local_peak_013476_0368",
  "reference_temperature_K": 300.0,
  "reference_event_K_MPa_sqrt_m": [
    14.68020835485743,
    14.924130403691704,
    15.73069880910801,
    15.760487553490899,
    16.652448823999833,
    15.262032730991718,
    18.822293780526678,
    18.2277888109178,
    19.254336530262428,
    19.650590918406298,
    18.71171632652068,
    18.7639559228796,
    20.436429130778237,
    16.509594514670074,
    15.41774710923835,
    16.423639048438048
  ],
  "reference_event_U_m": [
    8.643649085124147e-06,
    8.661844167941335e-06,
    8.661848890727523e-06,
    8.661858212755999e-06,
    8.66185826343504e-06,
    8.662437719454754e-06,
    8.662437721454754e-06,
    8.662437759281111e-06,
    8.662437767281114e-06,
    8.662437795258866e-06,
    8.662437799258868e-06,
    8.662437811258871e-06,
    8.662437815258873e-06,
    8.662437886964848e-06,
    8.662540895549766e-06,
    8.662540952801299e-06
  ],
  "provenance": {
    "archive_member_steps": "v10_2_22_top5_dbtt_physical_width_50um_theta45_crn3621_v1/v912_top1_peak_persistent_sites/T300K_th45_seed3621/steps_0300K.csv",
    "archive_member_events": "v10_2_22_top5_dbtt_physical_width_50um_theta45_crn3621_v1/v912_top1_peak_persistent_sites/T300K_th45_seed3621/stochastic_avalanche_geometry_events.json",
    "archive_member_run_args": "v10_2_22_top5_dbtt_physical_width_50um_theta45_crn3621_v1/v912_top1_peak_persistent_sites/T300K_th45_seed3621/run_args.json",
    "geometry_map": "event_preceding_KJ_over_applied_displacement",
    "state_translation": "path_advance",
    "R_curve_abscissa": "projected_x_advance"
  }
}