material_class,candidate_role,candidate_id,option_key,temperature_K,hazard_seed,target_um,event_transaction_index,physical_avalanche_index,pre_event_step,pre_event_time_s,pre_event_opening_m,pre_event_reaction_N_per_m,pre_event_native_J_J_per_m2,pre_event_native_KJ_MPa_sqrt_m,pre_event_K_app_or_common_reference_MPa_sqrt_m,pre_event_K_native_MPa_sqrt_m,pre_event_K_shield_MPa_sqrt_m,pre_event_K_effective_local_equivalent_MPa_sqrt_m,pre_event_source_opening_stress_Pa,pre_event_projected_extension_um,post_event_projected_extension_um,event_extension_um,pre_event_tip_radius_um,pre_event_front_width_um,pre_event_backstress_GPa,pre_event_mobile_count,pre_event_retained_count,pre_event_source_multiplicity,pre_event_resolved_shears_Pa_json,pre_event_opening_tensor_Pa_json,pre_event_channel_tensors_Pa_json,pre_event_peierls_rate_max_s,pre_event_encounter_rate_max_s,pre_event_taylor_completion_rate_max_s,reload_time_to_next_event_s,reload_opening_to_next_event_m,certified_reload_before_next_event,right_censored_at_target,source_steps_file,source_steps_sha256,source_tensor_audit_file,source_tensor_audit_sha256,source_process_zone_state_availability,in_avalanche_drive_interpretation
DBTT,CONTROL,v913_zeroD_sobol_0202500,oneD_v2_DBTT_spatial_00_control,1100.0,1008666,300.0,0,0,175,1372.7231674048933,3.268388493821179e-05,7119852.883936919,6926.217735438456,55.50968532085477,55.50968532085477,55.50968532085477,-3.726714083983024,20.08995158829768,8014731099.789861,0.0,2.931106565679095,2.931106565679095,7.634485073185825,0.15055173032887342,7.981595613481321,0.0,25263.98741143706,1505.547319142136,"[3209360357.202898, -3200766804.922176]","[[-206359143.81027782, -9432596.036016915], [-9432596.036016915, 6410296661.54227]]","[[[-43422521.86583167, 57638881.866366], [57638881.866366, 6375298192.539965]], [[-40133856.0102214, -69416183.19969718], [-69416183.19969718, 6361399753.83413]]]",1100313261519.4668,5039570246132.836,2.0,7.052843248882937,1.679248392590969e-07,False,False,/private/tmp/oneD-v2-taylor-peierls-pf-runs-300um/oneD_v2_DBTT_control/T1100K_seed1008666/steps_1100K.csv,0991053a3c1df8f64f0040008d38dbcc608f5d82f2f0b519f03bce43cdd08e8e,/private/tmp/oneD-v2-taylor-peierls-pf-runs-300um/oneD_v2_DBTT_control/T1100K_seed1008666/anisotropic_emission_audit_v10174.json,d63211d73e7c4cd31b00243541bdd337022c214117540a1fba04553fb914bec1,FULL_ACTIVE_AND_WAKE_SPATIAL_PROFILE_OBSERVER,PF_MODEL_NATIVE_DRIVING_TRAJECTORY_NOT_RESISTANCE
DBTT,CONTROL,v913_zeroD_sobol_0202500,oneD_v2_DBTT_spatial_00_control,1100.0,1008666,300.0,1,0,198,1379.7760106537762,3.285180977747089e-05,7156264.35270077,7219.906285104084,56.67434055818139,56.67434055818139,56.67434055818139,-3.772315916361501,20.419225693363824,8146092462.142088,2.931106565679095,7.415929780049919,4.484823214370824,7.703612199569873,0.149773654992742,8.023067406061998,0.0,25633.957347649688,1511.3280702775858,"[3550587438.8985186, -3539822758.1335707]","[[664185093.2959166, -13225617.482112274], [-13225617.482112274, 7149848996.017133]]","[[[-15317976.284483047, -82131814.34574418], [-82131814.34574418, 7085856901.512555]], [[-11371739.550290523, 63143550.21243154], [63143550.21243154, 7068273776.716851]]]",1100313261519.4668,5039570246132.836,2.0,0.10812247816238596,2.574344718158457e-09,False,False,/private/tmp/oneD-v2-taylor-peierls-pf-runs-300um/oneD_v2_DBTT_control/T1100K_seed1008666/steps_1100K.csv,0991053a3c1df8f64f0040008d38dbcc608f5d82f2f0b519f03bce43cdd08e8e,/private/tmp/oneD-v2-taylor-peierls-pf-runs-300um/oneD_v2_DBTT_control/T1100K_seed1008666/anisotropic_emission_audit_v10174.json,d63211d73e7c4cd31b00243541bdd337022c214117540a1fba04553fb914bec1,FULL_ACTIVE_AND_WAKE_SPATIAL_PROFILE_OBSERVER,PF_MODEL_NATIVE_DRIVING_TRAJECTORY_NOT_RESISTANCE
DBTT,CONTROL,v913_zeroD_sobol_0202500,oneD_v2_DBTT_spatial_00_control,1100.0,1008666,300.0,2,0,212,1379.8841331319386,3.285438412218905e-05,7156225.095265132,7671.323214669366,58.41923100884651,58.41923100884651,58.41923100884651,-3.882596385232684,20.67765868307861,8249192308.389867,7.415929780049919,10.475434902500647,3.059505122450728,7.981948973882025,0.14675857160229225,8.187936969953599,0.0,26405.785254478953,1534.409686632357,"[3912977792.788684, -3903132062.9001517]","[[1555817030.3854544, -18060769.24628543], [-18060769.24628543, 7940678392.837525]]","[[[526027148.67011756, -131139356.56051886], [-131139356.56051886, 8351982734.247485]], [[524112188.632523, 98931660.95439786], [98931660.95439786, 8330376314.432826]]]",2200626523038.9336,10079140492265.672,4.0,0.0018097112922532688,4.3088364114500424e-11,False,False,/private/tmp/oneD-v2-taylor-peierls-pf-runs-300um/oneD_v2_DBTT_control/T1100K_seed1008666/steps_1100K.csv,0991053a3c1df8f64f0040008d38dbcc608f5d82f2f0b519f03bce43cdd08e8e,/private/tmp/oneD-v2-taylor-peierls-pf-runs-300um/oneD_v2_DBTT_control/T1100K_seed1008666/anisotropic_emission_audit_v10174.json,d63211d73e7c4cd31b00243541bdd337022c214117540a1fba04553fb914bec1,FULL_ACTIVE_AND_WAKE_SPATIAL_PROFILE_OBSERVER,PF_MODEL_NATIVE_DRIVING_TRAJECTORY_NOT_RESISTANCE
DBTT,CONTROL,v913_zeroD_sobol_0202500,oneD_v2_DBTT_spatial_00_control,1100.0,1008666,300.0,3,0,221,1379.8859428432309,3.285442721055316e-05,7155600.621713238,8031.903577129266,59.77642505561427,59.77642505561427,59.77642505561427,-3.637262203782466,21.59066004701531,8613427154.52839,10.475434902500647,17.738586165025698,7.263151262525049,7.66528025716441,0.15020361387824532,8.000095515328459,0.0,25030.11096974008,1508.1249616319228,"[4038073334.332647, -4025410746.7109566]","[[2107925078.1257207, -21422020.516764756], [-21422020.516764756, 8680529088.490307]]","[[[854543628.5257214, -183249350.95453826], [-183249350.95453826, 8930690297.191015]], [[850703019.1650748, 146188064.56008485], [146188064.56008485, 8901524512.586988]]]",5501566307597.334,25197851230664.18,10.0,2.3921711544971913e-06,5.695646048981678e-14,False,False,/private/tmp/oneD-v2-taylor-peierls-pf-runs-300um/oneD_v2_DBTT_control/T1100K_seed1008666/steps_1100K.csv,0991053a3c1df8f64f0040008d38dbcc608f5d82f2f0b519f03bce43cdd08e8e,/private/tmp/oneD-v2-taylor-peierls-pf-runs-300um/oneD_v2_DBTT_control/T1100K_seed1008666/anisotropic_emission_audit_v10174.json,d63211d73e7c4cd31b00243541bdd337022c214117540a1fba04553fb914bec1,FULL_ACTIVE_AND_WAKE_SPATIAL_PROFILE_OBSERVER,PF_MODEL_NATIVE_DRIVING_TRAJECTORY_NOT_RESISTANCE
DBTT,CONTROL,v913_zeroD_sobol_0202500,oneD_v2_DBTT_spatial_00_control,1100.0,1008666,300.0,4,0,231,1379.885945235402,3.285442726750962e-05,7150980.45327584,9813.76144305494,66.0751935111781,66.0751935111781,66.0751935111781,-3.030588191539187,25.919155490423417,10340246997.428833,17.738586165025698,28.2064547972602,10.467868632234504,6.49883024995101,0.1653651696625308,7.2654925831368,8.443521438293856e-09,21273.167565328826,1407.6936201206206,"[3712856964.408492, -3594875194.5355496]","[[2735056803.643112, -230087225.81645784], [-230087225.81645784, 10262959281.097694]]","[[[2419873902.643778, -1727868581.9341545], [-1727868581.9341545, 9845587831.460762]], [[2425817905.4967923, 1623220199.1705449], [1623220199.1705449, 9615568294.567892]]]",6601879569116.801,30237421476797.016,12.0,1.108996912080329e-06,2.6404727471347755e-14,False,False,/private/tmp/oneD-v2-taylor-peierls-pf-runs-300um/oneD_v2_DBTT_control/T1100K_seed1008666/steps_1100K.csv,0991053a3c1df8f64f0040008d38dbcc608f5d82f2f0b519f03bce43cdd08e8e,/private/tmp/oneD-v2-taylor-peierls-pf-runs-300um/oneD_v2_DBTT_control/T1100K_seed1008666/anisotropic_emission_audit_v10174.json,d63211d73e7c4cd31b00243541bdd337022c214117540a1fba04553fb914bec1,FULL_ACTIVE_AND_WAKE_SPATIAL_PROFILE_OBSERVER,PF_MODEL_NATIVE_DRIVING_TRAJECTORY_NOT_RESISTANCE
DBTT,CONTROL,v913_zeroD_sobol_0202500,oneD_v2_DBTT_spatial_00_control,1100.0,1008666,300.0,5,0,241,1379.885946344399,3.285442729391435e-05,7142087.089478183,10607.061737404916,68.69391108754465,68.69391108754465,68.69391108754465,-3.375747402252649,25.711278887875487,10257316231.566257,28.2064547972602,33.059301215423474,4.852846418163278,7.138206854369928,0.15651811999853465,7.677260661702566,9.538780433327525e-09,24031.82994004827,1463.4660770786409,"[4595593430.524147, -4576168648.174228]","[[5103410695.699822, 8020647.041709462], [8020647.041709462, 12042984737.785746]]","[[[2779369738.3394217, -593315736.3393644], [-593315736.3393644, 11970556599.387716]], [[2813834848.425248, 607137165.6312431], [607137165.6312431, 11966172144.773705]]]",3300939784558.4004,15118710738398.51,6.0,8.400002116104588e-08,2.000000642529698e-15,False,False,/private/tmp/oneD-v2-taylor-peierls-pf-runs-300um/oneD_v2_DBTT_control/T1100K_seed1008666/steps_1100K.csv,0991053a3c1df8f64f0040008d38dbcc608f5d82f2f0b519f03bce43cdd08e8e,/private/tmp/oneD-v2-taylor-peierls-pf-runs-300um/oneD_v2_DBTT_control/T1100K_seed1008666/anisotropic_emission_audit_v10174.json,d63211d73e7c4cd31b00243541bdd337022c214117540a1fba04553fb914bec1,FULL_ACTIVE_AND_WAKE_SPATIAL_PROFILE_OBSERVER,PF_MODEL_NATIVE_DRIVING_TRAJECTORY_NOT_RESISTANCE
DBTT,CONTROL,v913_zeroD_sobol_0202500,oneD_v2_DBTT_spatial_00_control,1100.0,1008666,300.0,6,0,242,1379.885946428399,3.285442729591435e-05,7139580.978653241,10692.236636685337,68.96916629601262,68.96916629601262,68.96916629601262,-3.4765299018961393,25.27278811547708,10082383722.890654,33.059301215423474,35.35664131104838,2.2973400956249024,7.447382156296164,0.1527201096499737,7.868223964178237,9.899167708928679e-09,24939.55710519998,1489.8027627614588,"[4710935572.325586, -4686291429.857956]","[[5394666468.724468, 5423192.884726427], [5423192.884726427, 11913992070.326374]]","[[[2733950741.5800743, -525741001.1917255], [-525741001.1917255, 12155821886.231247]], [[2773013581.5252, 531242569.73607063], [531242569.73607063, 12145596441.241112]]]",55015663075973.42,251978512306641.44,100.0,1.198895915877074e-06,2.854514584774148e-14,False,False,/private/tmp/oneD-v2-taylor-peierls-pf-runs-300um/oneD_v2_DBTT_control/T1100K_seed1008666/steps_1100K.csv,0991053a3c1df8f64f0040008d38dbcc608f5d82f2f0b519f03bce43cdd08e8e,/private/tmp/oneD-v2-taylor-peierls-pf-runs-300um/oneD_v2_DBTT_control/T1100K_seed1008666/anisotropic_emission_audit_v10174.json,d63211d73e7c4cd31b00243541bdd337022c214117540a1fba04553fb914bec1,FULL_ACTIVE_AND_WAKE_SPATIAL_PROFILE_OBSERVER,PF_MODEL_NATIVE_DRIVING_TRAJECTORY_NOT_RESISTANCE
DBTT,CONTROL,v913_zeroD_sobol_0202500,oneD_v2_DBTT_spatial_00_control,1100.0,1008666,300.0,7,0,252,1379.8859476272949,3.2854427324459496e-05,7138014.765371085,10757.367173344983,69.17890627359759,69.17890627359759,69.17890627359759,-3.6072967456081213,25.179099107707053,10045007216.48233,35.35664131104838,40.602872086987624,5.246230775939242,7.548610354145598,0.15153541453284874,7.929763177391659,1.048351805514085e-08,26413.173917756743,1498.3389109256104,"[4549300592.141268, -4531249670.937382]","[[4890738096.368748, 5946521.029700727], [5946521.029700727, 11163672323.464476]]","[[[2900583603.278982, -454664194.98809195], [-454664194.98809195, 11999184787.561518]], [[2940677282.022296, 451952749.7150448], [451952749.7150448, 12003176623.89706]]]",3300939784558.4004,15118710738398.51,6.0,1.1270390132267494e-06,2.6834274819559356e-14,False,False,/private/tmp/oneD-v2-taylor-peierls-pf-runs-300um/oneD_v2_DBTT_control/T1100K_seed1008666/steps_1100K.csv,0991053a3c1df8f64f0040008d38dbcc608f5d82f2f0b519f03bce43cdd08e8e,/private/tmp/oneD-v2-taylor-peierls-pf-runs-300um/oneD_v2_DBTT_control/T1100K_seed1008666/anisotropic_emission_audit_v10174.json,d63211d73e7c4cd31b00243541bdd337022c214117540a1fba04553fb914bec1,FULL_ACTIVE_AND_WAKE_SPATIAL_PROFILE_OBSERVER,PF_MODEL_NATIVE_DRIVING_TRAJECTORY_NOT_RESISTANCE
DBTT,CONTROL,v913_zeroD_sobol_0202500,oneD_v2_DBTT_spatial_00_control,1100.0,1008666,300.0,8,0,262,1379.8859487543339,3.285442735129377e-05,7133747.211161627,10910.370278242408,69.66913851027026,69.66913851027026,69.66913851027026,-3.32945644585399,25.62261009366453,10221942500.603294,40.602872086987624,45.534666691946185,4.931794604958564,7.393228771300935,0.15336539661158863,7.835136763697281,9.942596081458466e-09,25050.157056925986,1485.2187908210178,"[4653038987.3982115, -4657094488.648555]","[[4661003458.698141, 12901004.4241903], [12901004.4241903, 11932301036.627024]]","[[[2976604854.195392, -1060530200.3905252], [-1060530200.3905252, 12282682828.991816]], [[2990611079.807528, 1073711932.3457836], [1073711932.3457836, 12304800057.10464]]]",3300939784558.4004,15118710738398.51,6.0,8.400002116104588e-08,2.000000642529698e-15,False,False,/private/tmp/oneD-v2-taylor-peierls-pf-runs-300um/oneD_v2_DBTT_control/T1100K_seed1008666/steps_1100K.csv,0991053a3c1df8f64f0040008d38dbcc608f5d82f2f0b519f03bce43cdd08e8e,/private/tmp/oneD-v2-taylor-peierls-pf-runs-300um/oneD_v2_DBTT_control/T1100K_seed1008666/anisotropic_emission_audit_v10174.json,d63211d73e7c4cd31b00243541bdd337022c214117540a1fba04553fb914bec1,FULL_ACTIVE_AND_WAKE_SPATIAL_PROFILE_OBSERVER,PF_MODEL_NATIVE_DRIVING_TRAJECTORY_NOT_RESISTANCE
DBTT,CONTROL,v913_zeroD_sobol_0202500,oneD_v2_DBTT_spatial_00_control,1100.0,1008666,300.0,9,0,263,1379.885948838334,3.285442735329377e-05,7130864.929611051,10940.23798564832,69.7644347845143,69.7644347845143,69.7644347845143,-3.315919288363504,25.424066556685727,10142735089.202003,45.534666691946185,47.83200678757109,2.2973400956249024,7.529707857338943,0.1517545414084469,7.9183214471547805,1.002513272544192e-08,25260.0636934036,1496.74815459664,"[4520448177.540283, -4510801231.676873]","[[4342310267.5325165, -394497.384003009], [-394497.384003009, 11446083364.955914]]","[[[3490827416.757714, -580764229.6618124], [-580764229.6618124, 12531723771.83828]], [[3473230606.0461693, 639157395.648868], [639157395.648868, 12494833069.399916]]]",55015663075973.42,251978512306641.44,100.0,1.6800004232209176e-07,4.000001285059396e-15,False,False,/private/tmp/oneD-v2-taylor-peierls-pf-runs-300um/oneD_v2_DBTT_control/T1100K_seed1008666/steps_1100K.csv,0991053a3c1df8f64f0040008d38dbcc608f5d82f2f0b519f03bce43cdd08e8e,/private/tmp/oneD-v2-taylor-peierls-pf-runs-300um/oneD_v2_DBTT_control/T1100K_seed1008666/anisotropic_emission_audit_v10174.json,d63211d73e7c4cd31b00243541bdd337022c214117540a1fba04553fb914bec1,FULL_ACTIVE_AND_WAKE_SPATIAL_PROFILE_OBSERVER,PF_MODEL_NATIVE_DRIVING_TRAJECTORY_NOT_RESISTANCE
DBTT,CONTROL,v913_zeroD_sobol_0202500,oneD_v2_DBTT_spatial_00_control,1100.0,1008666,300.0,10,0,265,1379.885949006334,3.285442735729377e-05,7127292.661999495,11067.852490740363,70.17014541000673,70.17014541000673,70.17014541000673,-2.5636678587471033,28.33339902166725,11303390817.227654,47.83200678757109,50.12934688319599,2.2973400956249024,6.133486267582459,0.17114679436243538,7.020884598672421,7.85666998260293e-09,19795.074885907736,1375.007523814131,"[3958048860.863718, -3973897796.7348046]","[[3924236575.88352, -18091794.66007091], [-18091794.66007091, 12662702289.08675]]","[[[2949779264.2641106, -1544062892.7411551], [-1544062892.7411551, 10865876985.991547]], [[2967460313.5798135, 1618204169.8416042], [1618204169.8416042, 10915255907.049423]]]",3300939784558.4004,15118710738398.508,6.0,171.31619265600216,4.0789569679999644e-06,True,False,/private/tmp/oneD-v2-taylor-peierls-pf-runs-300um/oneD_v2_DBTT_control/T1100K_seed1008666/steps_1100K.csv,0991053a3c1df8f64f0040008d38dbcc608f5d82f2f0b519f03bce43cdd08e8e,/private/tmp/oneD-v2-taylor-peierls-pf-runs-300um/oneD_v2_DBTT_control/T1100K_seed1008666/anisotropic_emission_audit_v10174.json,d63211d73e7c4cd31b00243541bdd337022c214117540a1fba04553fb914bec1,FULL_ACTIVE_AND_WAKE_SPATIAL_PROFILE_OBSERVER,PF_MODEL_NATIVE_DRIVING_TRAJECTORY_NOT_RESISTANCE
DBTT,CONTROL,v913_zeroD_sobol_0202500,oneD_v2_DBTT_spatial_00_control,1100.0,1008666,300.0,11,1,298,1551.202141662336,3.693338432529374e-05,8068846.064625057,5435.791276092953,49.17587333466602,49.17587333466602,49.17587333466602,-2.066736866308218,21.413342552421785,8542687708.880182,50.12934688319599,52.42668697882088,2.2973400956248953,5.273940598008174,0.18756333191676322,6.405633233709817,0.0,16223.151184216587,1295.7227413267585,"[4044595322.3765144, -3938079816.391708]","[[4572327976.485977, 93722907.6804718], [93722907.6804718, 10623179545.155691]]","[[[2446570466.2080026, -481513310.77625895], [-481513310.77625895, 10535761110.961033]], [[2677543211.2069745, 595720306.8796494], [595720306.8796494, 10553702843.99039]]]",53915349814453.95,246938942060508.62,98.0,0.327413838839675,7.795567591427908e-09,False,False,/private/tmp/oneD-v2-taylor-peierls-pf-runs-300um/oneD_v2_DBTT_control/T1100K_seed1008666/steps_1100K.csv,0991053a3c1df8f64f0040008d38dbcc608f5d82f2f0b519f03bce43cdd08e8e,/private/tmp/oneD-v2-taylor-peierls-pf-runs-300um/oneD_v2_DBTT_control/T1100K_seed1008666/anisotropic_emission_audit_v10174.json,d63211d73e7c4cd31b00243541bdd337022c214117540a1fba04553fb914bec1,FULL_ACTIVE_AND_WAKE_SPATIAL_PROFILE_OBSERVER,PF_MODEL_NATIVE_DRIVING_TRAJECTORY_NOT_RESISTANCE
DBTT,CONTROL,v913_zeroD_sobol_0202500,oneD_v2_DBTT_spatial_00_control,1100.0,1008666,300.0,12,1,315,1551.5295555011758,3.6941179892885165e-05,8069707.018566283,5530.761067959729,49.60359396394651,49.60359396394651,49.60359396394651,-2.150355341010984,20.98615103197983,8372262949.546912,52.42668697882088,56.677418122201125,4.250731143380243,5.5867688070264885,0.18105643503286742,6.635900267972797,0.0,17389.880029567557,1324.9624575563957,"[3982634837.4845905, -3875872070.6146026]","[[4559665754.654034, 87035516.89182922], [87035516.89182922, 10082674318.98285]]","[[[2199472989.3390236, -397207803.44277006], [-397207803.44277006, 10164742664.308205]], [[2420027201.8146667, 500582922.77101254], [500582922.77101254, 10171771343.043873]]]",2200626523038.9336,10079140492265.672,4.0,1.1048920509344953,2.630695359368305e-08,False,False,/private/tmp/oneD-v2-taylor-peierls-pf-runs-300um/oneD_v2_DBTT_control/T1100K_seed1008666/steps_1100K.csv,0991053a3c1df8f64f0040008d38dbcc608f5d82f2f0b519f03bce43cdd08e8e,/private/tmp/oneD-v2-taylor-peierls-pf-runs-300um/oneD_v2_DBTT_control/T1100K_seed1008666/anisotropic_emission_audit_v10174.json,d63211d73e7c4cd31b00243541bdd337022c214117540a1fba04553fb914bec1,FULL_ACTIVE_AND_WAKE_SPATIAL_PROFILE_OBSERVER,PF_MODEL_NATIVE_DRIVING_TRAJECTORY_NOT_RESISTANCE
DBTT,CONTROL,v913_zeroD_sobol_0202500,oneD_v2_DBTT_spatial_00_control,1100.0,1008666,300.0,13,1,330,1552.6344475521103,3.696748684647885e-05,8073578.131223491,5740.78666963661,50.536644159873084,50.536644159873084,50.536644159873084,-2.1139303081405356,21.359270262999768,8521115986.431637,56.677418122201125,64.60637726595918,7.9289591437580516,5.598091301121413,0.1808334509022675,6.644090890814441,0.0,18322.793834101987,1326.0126146674527,"[4152151794.5190234, -4041317960.779975]","[[4143102356.507392, 85740939.08436179], [85740939.08436179, 10247671006.193817]]","[[[2398550352.5231013, -697147385.3074496], [-697147385.3074496, 10702853941.56115]], [[2476942615.4685273, 800098002.1387553], [800098002.1387553, 10559578537.028479]]]",5501566307597.334,25197851230664.18,10.0,0.00060848122166135,1.44876481349295e-11,False,False,/private/tmp/oneD-v2-taylor-peierls-pf-runs-300um/oneD_v2_DBTT_control/T1100K_seed1008666/steps_1100K.csv,0991053a3c1df8f64f0040008d38dbcc608f5d82f2f0b519f03bce43cdd08e8e,/private/tmp/oneD-v2-taylor-peierls-pf-runs-300um/oneD_v2_DBTT_control/T1100K_seed1008666/anisotropic_emission_audit_v10174.json,d63211d73e7c4cd31b00243541bdd337022c214117540a1fba04553fb914bec1,FULL_ACTIVE_AND_WAKE_SPATIAL_PROFILE_OBSERVER,PF_MODEL_NATIVE_DRIVING_TRAJECTORY_NOT_RESISTANCE
DBTT,CONTROL,v913_zeroD_sobol_0202500,oneD_v2_DBTT_spatial_00_control,1100.0,1008666,300.0,14,1,331,1552.635056033332,3.6967501334126983e-05,8069474.536139693,6168.56966635668,52.385721804372444,52.385721804372444,52.385721804372444,-1.6962850008587027,22.741689843214214,9072621606.233978,64.60637726595918,73.04590364404542,8.439526378086239,5.3061607173614584,0.18686055486605863,6.42905756501483,0.0,16193.30327326155,1298.7541325456903,"[3637219683.0616074, -3783447449.3581243]","[[4184339011.4344754, -30291824.369927272], [-30291824.369927272, 10503434571.384584]]","[[[2107041536.666257, -1234577757.33969], [-1234577757.33969, 9381480902.789473]], [[2853401659.6892076, 1157484166.5278115], [1157484166.5278115, 10420296558.405457]]]",94626940490674.3,433403041167424.56,172.0,2.5200006348313764e-07,6.000001927589094e-15,False,False,/private/tmp/oneD-v2-taylor-peierls-pf-runs-300um/oneD_v2_DBTT_control/T1100K_seed1008666/steps_1100K.csv,0991053a3c1df8f64f0040008d38dbcc608f5d82f2f0b519f03bce43cdd08e8e,/private/tmp/oneD-v2-taylor-peierls-pf-runs-300um/oneD_v2_DBTT_control/T1100K_seed1008666/anisotropic_emission_audit_v10174.json,d63211d73e7c4cd31b00243541bdd337022c214117540a1fba04553fb914bec1,FULL_ACTIVE_AND_WAKE_SPATIAL_PROFILE_OBSERVER,PF_MODEL_NATIVE_DRIVING_TRAJECTORY_NOT_RESISTANCE
DBTT,CONTROL,v913_zeroD_sobol_0202500,oneD_v2_DBTT_spatial_00_control,1100.0,1008666,300.0,15,1,334,1552.635056285332,3.6967501340126985e-05,7998424.86298592,13550.243035487105,77.64155729934396,77.64155729934396,77.64155729934396,-2.6217577804793306,27.7012278197993,11051190996.35034,73.04590364404542,75.34297779768553,2.297074153640119,7.855800345274023,0.14810232283500452,8.112243616843495,1.020976014874688e-08,25722.433325266844,1523.986835957409,"[4936709972.366598, -4756836662.409059]","[[6104296682.883744, 371998399.03527135], [371998399.03527135, 13210713800.18242]]","[[[3378551821.670588, -465182306.33695847], [-465182306.33695847, 13251971766.403784]], [[3863804952.223204, 846860915.9932687], [846860915.9932687, 13377478277.04132]]]",2200626523038.9336,10079140492265.674,4.0,5.040001269662753e-07,1.2000003855178187e-14,False,False,/private/tmp/oneD-v2-taylor-peierls-pf-runs-300um/oneD_v2_DBTT_control/T1100K_seed1008666/steps_1100K.csv,0991053a3c1df8f64f0040008d38dbcc608f5d82f2f0b519f03bce43cdd08e8e,/private/tmp/oneD-v2-taylor-peierls-pf-runs-300um/oneD_v2_DBTT_control/T1100K_seed1008666/anisotropic_emission_audit_v10174.json,d63211d73e7c4cd31b00243541bdd337022c214117540a1fba04553fb914bec1,FULL_ACTIVE_AND_WAKE_SPATIAL_PROFILE_OBSERVER,PF_MODEL_NATIVE_DRIVING_TRAJECTORY_NOT_RESISTANCE
DBTT,CONTROL,v913_zeroD_sobol_0202500,oneD_v2_DBTT_spatial_00_control,1100.0,1008666,300.0,16,1,340,1552.635056789332,3.696750135212699e-05,7996999.942178033,13778.505653173528,78.29278730821308,78.29278730821308,78.29278730821308,-2.7277007308856502,27.281628081628003,10883794919.948439,75.34297779768553,77.64005195132565,2.2970741536401054,8.23574594720645,0.14416233130607614,8.334130892580669,1.0921667126778629e-08,27516.79285947579,1555.1906848723445,"[4854090202.824517, -4685471879.380507]","[[6183445224.665773, 287570309.8312166], [287570309.8312166, 12401511932.257343]]","[[[3105405579.3345704, -349737917.5278016], [-349737917.5278016, 12813585984.983604]], [[3511541245.7055182, 700085078.6836584], [700085078.6836584, 12882485004.466534]]]",8802506092155.734,40316561969062.7,16.0,3.360000846441835e-07,8.000002570118792e-15,False,False,/private/tmp/oneD-v2-taylor-peierls-pf-runs-300um/oneD_v2_DBTT_control/T1100K_seed1008666/steps_1100K.csv,0991053a3c1df8f64f0040008d38dbcc608f5d82f2f0b519f03bce43cdd08e8e,/private/tmp/oneD-v2-taylor-peierls-pf-runs-300um/oneD_v2_DBTT_control/T1100K_seed1008666/anisotropic_emission_audit_v10174.json,d63211d73e7c4cd31b00243541bdd337022c214117540a1fba04553fb914bec1,FULL_ACTIVE_AND_WAKE_SPATIAL_PROFILE_OBSERVER,PF_MODEL_NATIVE_DRIVING_TRAJECTORY_NOT_RESISTANCE
DBTT,CONTROL,v913_zeroD_sobol_0202500,oneD_v2_DBTT_spatial_00_control,1100.0,1008666,300.0,17,1,344,1552.6350571253322,3.696750136012699e-05,7995549.7542632865,13991.044563818215,78.89432508326865,78.89432508326865,78.89432508326865,-2.6880490200131875,27.292318577167332,10888059810.61752,77.64005195132565,79.93712610496574,2.2970741536401054,8.35623541164078,0.1429770662677234,8.40384181087124,1.1076281226423573e-08,27908.971770948778,1564.9697821901486,"[4988219483.353838, -4860628551.556035]","[[6265993658.2348795, 401664382.4855107], [401664382.4855107, 12904256020.89616]]","[[[3278974561.7061286, -479300392.03797543], [-479300392.03797543, 13255413528.413805]], [[3465897215.1342263, 904348091.9454759], [904348091.9454759, 13187154318.246296]]]",8802506092155.734,40316561969062.69,16.0,3.360000846441835e-07,8.000002570118792e-15,False,False,/private/tmp/oneD-v2-taylor-peierls-pf-runs-300um/oneD_v2_DBTT_control/T1100K_seed1008666/steps_1100K.csv,0991053a3c1df8f64f0040008d38dbcc608f5d82f2f0b519f03bce43cdd08e8e,/private/tmp/oneD-v2-taylor-peierls-pf-runs-300um/oneD_v2_DBTT_control/T1100K_seed1008666/anisotropic_emission_audit_v10174.json,d63211d73e7c4cd31b00243541bdd337022c214117540a1fba04553fb914bec1,FULL_ACTIVE_AND_WAKE_SPATIAL_PROFILE_OBSERVER,PF_MODEL_NATIVE_DRIVING_TRAJECTORY_NOT_RESISTANCE
DBTT,CONTROL,v913_zeroD_sobol_0202500,oneD_v2_DBTT_spatial_00_control,1100.0,1008666,300.0,18,1,348,1552.6350574613323,3.6967501368126994e-05,7993780.843664452,14215.689290419308,79.52517923970714,79.52517923970714,79.52517923970714,-2.8352239896158657,26.399346067312244,10531815321.20014,79.93712610496574,82.23340249422276,2.2962763892570144,9.074505639555497,0.13647093553059167,8.804470249083327,1.2104237613376852e-08,30494.153254893474,1622.1538880929663,"[5160628479.40862, -5020314994.158084]","[[5783557070.4952, 232422586.40495384], [232422586.40495384, 12217826974.310024]]","[[[3592069154.110942, -559013128.8715637], [-559013128.8715637, 13913326112.92818]], [[3588098687.692524, 978533511.6204875], [978533511.6204875, 13628728676.00869]]]",2200626523038.9336,10079140492265.672,4.0,4.02363025386876e-06,9.580074092959551e-14,False,False,/private/tmp/oneD-v2-taylor-peierls-pf-runs-300um/oneD_v2_DBTT_control/T1100K_seed1008666/steps_1100K.csv,0991053a3c1df8f64f0040008d38dbcc608f5d82f2f0b519f03bce43cdd08e8e,/private/tmp/oneD-v2-taylor-peierls-pf-runs-300um/oneD_v2_DBTT_control/T1100K_seed1008666/anisotropic_emission_audit_v10174.json,d63211d73e7c4cd31b00243541bdd337022c214117540a1fba04553fb914bec1,FULL_ACTIVE_AND_WAKE_SPATIAL_PROFILE_OBSERVER,PF_MODEL_NATIVE_DRIVING_TRAJECTORY_NOT_RESISTANCE
DBTT,CONTROL,v913_zeroD_sobol_0202500,oneD_v2_DBTT_spatial_00_control,1100.0,1008666,300.0,19,1,358,1552.6350614849625,3.6967501463927735e-05,7991644.620712071,14482.837775970547,80.26894009027443,80.26894009027443,80.26894009027443,-1.927239254006639,27.47148386234845,10959536418.056448,82.23340249422276,100.16094124707362,17.927538752850865,8.537502033520635,0.14124774965390635,8.506288298980696,1.1289102987357142e-08,28440.082426306057,1579.578688950946,"[5014896564.884425, -4850724596.079313]","[[5550280757.018749, 209944540.40771174], [209944540.40771174, 12855011907.943676]]","[[[3396502899.4155793, -756940297.7351228], [-756940297.7351228, 13426296029.184431]], [[3521114587.624041, 1107552169.4652174], [1107552169.4652174, 13222563779.782667]]]",15404385661272.547,70553983445859.75,28.0,2.5200006348313764e-07,6.000001927589094e-15,False,False,/private/tmp/oneD-v2-taylor-peierls-pf-runs-300um/oneD_v2_DBTT_control/T1100K_seed1008666/steps_1100K.csv,0991053a3c1df8f64f0040008d38dbcc608f5d82f2f0b519f03bce43cdd08e8e,/private/tmp/oneD-v2-taylor-peierls-pf-runs-300um/oneD_v2_DBTT_control/T1100K_seed1008666/anisotropic_emission_audit_v10174.json,d63211d73e7c4cd31b00243541bdd337022c214117540a1fba04553fb914bec1,FULL_ACTIVE_AND_WAKE_SPATIAL_PROFILE_OBSERVER,PF_MODEL_NATIVE_DRIVING_TRAJECTORY_NOT_RESISTANCE
DBTT,CONTROL,v913_zeroD_sobol_0202500,oneD_v2_DBTT_spatial_00_control,1100.0,1008666,300.0,20,1,361,1552.6350617369626,3.696750146992774e-05,7959587.69510634,19469.033478539903,93.06639495315228,93.06639495315228,93.06639495315228,-1.8964266823270344,31.538956494085195,12582223225.231922,100.16094124707362,102.45801540071372,2.297074153640092,8.707453070192283,0.13968210439840467,8.601324881374575,1.165153662635208e-08,29357.157999069263,1593.1652315825643,"[5630835637.77695, -5423207884.441289]","[[8102535866.031069, 252985471.4672929], [252985471.4672929, 16095356288.128418]]","[[[4764656520.230463, -519270444.8834589], [-519270444.8834589, 16026327795.784363]], [[5259827141.807328, 956010170.3705524], [956010170.3705524, 16106242910.689907]]]",13203759138233.61,60474842953594.06,24.0,4.200001058052294e-07,1.0000009988912067e-14,False,False,/private/tmp/oneD-v2-taylor-peierls-pf-runs-300um/oneD_v2_DBTT_control/T1100K_seed1008666/steps_1100K.csv,0991053a3c1df8f64f0040008d38dbcc608f5d82f2f0b519f03bce43cdd08e8e,/private/tmp/oneD-v2-taylor-peierls-pf-runs-300um/oneD_v2_DBTT_control/T1100K_seed1008666/anisotropic_emission_audit_v10174.json,d63211d73e7c4cd31b00243541bdd337022c214117540a1fba04553fb914bec1,FULL_ACTIVE_AND_WAKE_SPATIAL_PROFILE_OBSERVER,PF_MODEL_NATIVE_DRIVING_TRAJECTORY_NOT_RESISTANCE
DBTT,CONTROL,v913_zeroD_sobol_0202500,oneD_v2_DBTT_spatial_00_control,1100.0,1008666,300.0,21,1,366,1552.6350621569627,3.696750147992775e-05,7957444.1604172755,19701.279593737592,93.61984387129057,93.61984387129057,93.61984387129057,-1.9420465568895873,30.775976361425172,12277838191.207544,102.45801540071372,104.75508955435383,2.297074153640119,9.253630320776434,0.1349822027484239,8.900833273570811,1.2546024665667063e-08,31609.645253019775,1636.1290843516804,"[5511595821.477391, -5306105747.784846]","[[8083733602.402284, 267089686.75917408], [267089686.75917408, 14814418059.926449]]","[[[4399670617.369923, -359028355.8644254], [-359028355.8644254, 15422862260.324705]], [[4832023494.0910635, 748554081.2283357], [748554081.2283357, 15444234989.660755]]]",7702192830636.268,35276991722929.85,14.0,7.560001904494129e-07,1.7999999006503703e-14,False,False,/private/tmp/oneD-v2-taylor-peierls-pf-runs-300um/oneD_v2_DBTT_control/T1100K_seed1008666/steps_1100K.csv,0991053a3c1df8f64f0040008d38dbcc608f5d82f2f0b519f03bce43cdd08e8e,/private/tmp/oneD-v2-taylor-peierls-pf-runs-300um/oneD_v2_DBTT_control/T1100K_seed1008666/anisotropic_emission_audit_v10174.json,d63211d73e7c4cd31b00243541bdd337022c214117540a1fba04553fb914bec1,FULL_ACTIVE_AND_WAKE_SPATIAL_PROFILE_OBSERVER,PF_MODEL_NATIVE_DRIVING_TRAJECTORY_NOT_RESISTANCE
DBTT,CONTROL,v913_zeroD_sobol_0202500,oneD_v2_DBTT_spatial_00_control,1100.0,1008666,300.0,22,1,375,1552.635062912963,3.6967501497927746e-05,7955255.23226798,19944.386687562182,94.19569140343887,94.19569140343887,94.19569140343887,-1.8200718161262035,31.077230336895997,12398021139.161873,104.75508955435383,107.969488677559,3.214399123205162,9.18707925742747,0.13552961310071307,8.865548017120323,1.265289029309878e-08,31877.86589926672,1630.9497099350287,"[5673268486.711169, -5511524787.815337]","[[8164189689.276586, 96407296.20791802], [96407296.20791802, 15422178772.246145]]","[[[4610796321.3291445, -519279702.2313576], [-519279702.2313576, 15957333294.751482]], [[4776890013.229495, 995401261.3317049], [995401261.3317049, 15799939588.86017]]]",2200626523038.9336,10079140492265.672,4.0,1.6998235423670849e-06,4.0471979608804054e-14,False,False,/private/tmp/oneD-v2-taylor-peierls-pf-runs-300um/oneD_v2_DBTT_control/T1100K_seed1008666/steps_1100K.csv,0991053a3c1df8f64f0040008d38dbcc608f5d82f2f0b519f03bce43cdd08e8e,/private/tmp/oneD-v2-taylor-peierls-pf-runs-300um/oneD_v2_DBTT_control/T1100K_seed1008666/anisotropic_emission_audit_v10174.json,d63211d73e7c4cd31b00243541bdd337022c214117540a1fba04553fb914bec1,FULL_ACTIVE_AND_WAKE_SPATIAL_PROFILE_OBSERVER,PF_MODEL_NATIVE_DRIVING_TRAJECTORY_NOT_RESISTANCE
DBTT,CONTROL,v913_zeroD_sobol_0202500,oneD_v2_DBTT_spatial_00_control,1100.0,1008666,300.0,23,1,385,1552.6350646127864,3.6967501538399726e-05,7952592.81239295,20236.954353166024,94.88406259782172,94.88406259782172,94.88406259782172,-1.5183695908911135,30.617836077390052,12214749345.671244,107.969488677559,115.41735671325131,7.447868035692315,9.603677232852261,0.13220825482985557,9.087648336887003,1.282910489124196e-08,32325.20065193356,1663.1255530008623,"[5394639781.310262, -5195153683.234329]","[[7420858511.786628, 267244860.39010543], [267244860.39010543, 14217920470.61866]]","[[[4842401551.358897, 8486330.437428616], [8486330.437428616, 15631681113.979422]], [[5217684571.862302, 306837125.9408683], [306837125.9408683, 15607991938.33096]]]",5501566307597.334,25197851230664.18,10.0,4.200001058052294e-07,1.0000009988912067e-14,False,False,/private/tmp/oneD-v2-taylor-peierls-pf-runs-300um/oneD_v2_DBTT_control/T1100K_seed1008666/steps_1100K.csv,0991053a3c1df8f64f0040008d38dbcc608f5d82f2f0b519f03bce43cdd08e8e,/private/tmp/oneD-v2-taylor-peierls-pf-runs-300um/oneD_v2_DBTT_control/T1100K_seed1008666/anisotropic_emission_audit_v10174.json,d63211d73e7c4cd31b00243541bdd337022c214117540a1fba04553fb914bec1,FULL_ACTIVE_AND_WAKE_SPATIAL_PROFILE_OBSERVER,PF_MODEL_NATIVE_DRIVING_TRAJECTORY_NOT_RESISTANCE
DBTT,CONTROL,v913_zeroD_sobol_0202500,oneD_v2_DBTT_spatial_00_control,1100.0,1008666,300.0,24,1,390,1552.6350650327865,3.6967501548399736e-05,7940958.653972107,21531.920548742663,97.87281500873932,97.87281500873932,97.87281500873932,-1.3369841897952446,32.682126902848466,13038282234.991379,115.41735671325131,117.7146968088762,2.2973400956248886,8.96816387003518,0.13737840556055028,8.746139602445698,1.1974407245393165e-08,30170.109433264304,1613.8044737449925,"[5089238733.981433, -4938259376.969505]","[[6209218203.692663, -585930.7225984633], [-585930.7225984633, 14928805513.749899]]","[[[4840583873.7283535, -1815869911.0812263], [-1815869911.0812263, 15019061341.691221]], [[4804199292.7711935, 2097064192.1350913], [2097064192.1350913, 14680718046.710205]]]",11003132615194.672,50395702461328.375,20.0,8.400002116104588e-08,2.000000642529698e-15,False,False,/private/tmp/oneD-v2-taylor-peierls-pf-runs-300um/oneD_v2_DBTT_control/T1100K_seed1008666/steps_1100K.csv,0991053a3c1df8f64f0040008d38dbcc608f5d82f2f0b519f03bce43cdd08e8e,/private/tmp/oneD-v2-taylor-peierls-pf-runs-300um/oneD_v2_DBTT_control/T1100K_seed1008666/anisotropic_emission_audit_v10174.json,d63211d73e7c4cd31b00243541bdd337022c214117540a1fba04553fb914bec1,FULL_ACTIVE_AND_WAKE_SPATIAL_PROFILE_OBSERVER,PF_MODEL_NATIVE_DRIVING_TRAJECTORY_NOT_RESISTANCE
DBTT,CONTROL,v913_zeroD_sobol_0202500,oneD_v2_DBTT_spatial_00_control,1100.0,1008666,300.0,25,1,391,1552.6350651167866,3.6967501550399736e-05,7936564.813466843,18424.041690382095,90.53430023684788,90.53430023684788,90.53430023684788,-1.1304927807287386,31.98831863150552,12761492781.06045,117.7146968088762,119.6574708597544,1.9427740508781928,8.010202064608087,0.14646259737737916,8.202670566639616,1.0773874238735408e-08,27143.077285669904,1536.7354561816735,"[5201803450.639283, -4986994180.679595]","[[6644591008.33814, -71863919.91884063], [-71863919.91884063, 15682995000.561466]]","[[[4515698656.17403, -3160571747.9014053], [-3160571747.9014053, 14919305557.452599]], [[5134191780.34144, 2725468782.5160685], [2725468782.5160685, 15108180141.700632]]]",55015663075973.42,251978512306641.44,100.0,1.0316648513253313e-06,2.4563413369288467e-14,False,False,/private/tmp/oneD-v2-taylor-peierls-pf-runs-300um/oneD_v2_DBTT_control/T1100K_seed1008666/steps_1100K.csv,0991053a3c1df8f64f0040008d38dbcc608f5d82f2f0b519f03bce43cdd08e8e,/private/tmp/oneD-v2-taylor-peierls-pf-runs-300um/oneD_v2_DBTT_control/T1100K_seed1008666/anisotropic_emission_audit_v10174.json,d63211d73e7c4cd31b00243541bdd337022c214117540a1fba04553fb914bec1,FULL_ACTIVE_AND_WAKE_SPATIAL_PROFILE_OBSERVER,PF_MODEL_NATIVE_DRIVING_TRAJECTORY_NOT_RESISTANCE
DBTT,CONTROL,v913_zeroD_sobol_0202500,oneD_v2_DBTT_spatial_00_control,1100.0,1008666,300.0,26,1,401,1552.6350661484514,3.696750157496315e-05,7935382.467907631,21530.582408402275,97.86977371949246,97.86977371949246,97.86977371949246,-0.9811861132901748,34.77577060668349,13873525228.547424,119.6574708597544,124.0548411523827,4.397370292628312,7.920336688202029,0.14741028398735626,8.146885271570028,1.0729536371850104e-08,27032.41996240316,1529.3269248583604,"[5010373107.241644, -4676060534.000359]","[[5818904523.643136, -138757655.63662532], [-138757655.63662532, 16228564194.9239]]","[[[4211384350.6656303, -2649893349.96137], [-2649893349.96137, 14232130565.14892]], [[5186039283.798559, 2316448361.604256], [2316448361.604256, 14538160351.799276]]]",3300939784558.4004,15118710738398.508,6.0,8.400002116104588e-08,2.000000642529698e-15,False,False,/private/tmp/oneD-v2-taylor-peierls-pf-runs-300um/oneD_v2_DBTT_control/T1100K_seed1008666/steps_1100K.csv,0991053a3c1df8f64f0040008d38dbcc608f5d82f2f0b519f03bce43cdd08e8e,/private/tmp/oneD-v2-taylor-peierls-pf-runs-300um/oneD_v2_DBTT_control/T1100K_seed1008666/anisotropic_emission_audit_v10174.json,d63211d73e7c4cd31b00243541bdd337022c214117540a1fba04553fb914bec1,FULL_ACTIVE_AND_WAKE_SPATIAL_PROFILE_OBSERVER,PF_MODEL_NATIVE_DRIVING_TRAJECTORY_NOT_RESISTANCE
DBTT,CONTROL,v913_zeroD_sobol_0202500,oneD_v2_DBTT_spatial_00_control,1100.0,1008666,300.0,27,1,402,1552.6350662324514,3.696750157696315e-05,7927254.891399194,21030.389318127327,96.72625016037284,96.72625016037284,96.72625016037284,-1.0705295392516856,31.877652090865197,12717343218.97326,124.0548411523827,126.35218124800764,2.2973400956249295,9.20695562929253,0.1353654245797297,8.877201472029144,1.2593318389228144e-08,31728.02491726039,1632.4981891302407,"[5842237201.432364, -5872787009.969502]","[[8188337970.8881445, 21912683.815739192], [21912683.815739192, 16604516590.75219]]","[[[5117818595.825022, -831906013.7741466], [-831906013.7741466, 16802292998.689749]], [[5052404458.588624, 759494834.3416132], [759494834.3416132, 16797978478.52763]]]",55015663075973.42,251978512306641.44,100.0,2.7460898763820296e-06,6.538311016733578e-14,False,False,/private/tmp/oneD-v2-taylor-peierls-pf-runs-300um/oneD_v2_DBTT_control/T1100K_seed1008666/steps_1100K.csv,0991053a3c1df8f64f0040008d38dbcc608f5d82f2f0b519f03bce43cdd08e8e,/private/tmp/oneD-v2-taylor-peierls-pf-runs-300um/oneD_v2_DBTT_control/T1100K_seed1008666/anisotropic_emission_audit_v10174.json,d63211d73e7c4cd31b00243541bdd337022c214117540a1fba04553fb914bec1,FULL_ACTIVE_AND_WAKE_SPATIAL_PROFILE_OBSERVER,PF_MODEL_NATIVE_DRIVING_TRAJECTORY_NOT_RESISTANCE
DBTT,CONTROL,v913_zeroD_sobol_0202500,oneD_v2_DBTT_spatial_00_control,1100.0,1008666,300.0,28,1,412,1552.6350689785413,3.696750164234626e-05,7924921.491141218,21306.892828777385,97.36004277663969,97.36004277663969,97.36004277663969,-0.7585312505809039,30.813301145925255,12292728625.8515,126.35218124800764,138.07027265511888,11.718091407111235,9.983551330864366,0.1293832944841003,9.287728849038025,1.3527369448422476e-08,34081.59567277079,1691.96809277627,"[5716126214.42245, -5740700991.488121]","[[8307745683.52366, -36194846.26315281], [-36194846.26315281, 15530077750.484236]]","[[[4725433165.703421, -636348654.0509464], [-636348654.0509464, 16157685594.54832]], [[4682108326.563188, 558471906.9581888], [558471906.9581888, 16163510309.53943]]]",4401253046077.867,20158280984531.348,8.0,8.400002116104588e-08,2.000014195056854e-15,False,False,/private/tmp/oneD-v2-taylor-peierls-pf-runs-300um/oneD_v2_DBTT_control/T1100K_seed1008666/steps_1100K.csv,0991053a3c1df8f64f0040008d38dbcc608f5d82f2f0b519f03bce43cdd08e8e,/private/tmp/oneD-v2-taylor-peierls-pf-runs-300um/oneD_v2_DBTT_control/T1100K_seed1008666/anisotropic_emission_audit_v10174.json,d63211d73e7c4cd31b00243541bdd337022c214117540a1fba04553fb914bec1,FULL_ACTIVE_AND_WAKE_SPATIAL_PROFILE_OBSERVER,PF_MODEL_NATIVE_DRIVING_TRAJECTORY_NOT_RESISTANCE
DBTT,CONTROL,v913_zeroD_sobol_0202500,oneD_v2_DBTT_spatial_00_control,1100.0,1008666,300.0,29,1,413,1552.6350690625413,3.6967501644346275e-05,7906771.211170829,23316.290602893325,101.84751219987918,101.84751219987918,101.84751219987918,-0.6200450756405775,34.122912831961024,13613072659.121838,138.07027265511888,140.36761275074375,2.2973400956248753,8.908583535115977,0.1378948155359398,8.713565813577848,1.2152440832890953e-08,30616.660618272377,1609.1091453215383,"[5315728553.2239275, -5461897757.017888]","[[6453664270.955047, -257246577.4366966], [-257246577.4366966, 16653338107.972296]]","[[[5166322101.090115, -2357871411.874177], [-2357871411.874177, 15797779207.537971]], [[5040164623.601309, 2275471688.6771812], [2275471688.6771812, 15963960137.637087]]]",55015663075973.42,251978512306641.44,100.0,3.360000846441835e-07,7.999995793855214e-15,False,False,/private/tmp/oneD-v2-taylor-peierls-pf-runs-300um/oneD_v2_DBTT_control/T1100K_seed1008666/steps_1100K.csv,0991053a3c1df8f64f0040008d38dbcc608f5d82f2f0b519f03bce43cdd08e8e,/private/tmp/oneD-v2-taylor-peierls-pf-runs-300um/oneD_v2_DBTT_control/T1100K_seed1008666/anisotropic_emission_audit_v10174.json,d63211d73e7c4cd31b00243541bdd337022c214117540a1fba04553fb914bec1,FULL_ACTIVE_AND_WAKE_SPATIAL_PROFILE_OBSERVER,PF_MODEL_NATIVE_DRIVING_TRAJECTORY_NOT_RESISTANCE
DBTT,CONTROL,v913_zeroD_sobol_0202500,oneD_v2_DBTT_spatial_00_control,1100.0,1008666,300.0,30,1,417,1552.6350693985414,3.696750165234627e-05,7906771.2128819,23328.631963860593,101.87446268381885,101.87446268381885,101.87446268381885,-0.6218608659352317,32.38491306524504,12919711068.851007,140.36761275074375,142.66495284636866,2.2973400956249295,9.895669707031212,0.130020714542221,9.241151674052318,1.3492126528971372e-08,33993.96692409765,1685.3365825377027,"[5624631529.265166, -5797491193.748826]","[[6753369278.068904, -123407752.52960739], [-123407752.52960739, 15876521055.28555]]","[[[5741135701.89945, -1510951388.20781], [-1510951388.20781, 16990398760.429783]], [[5566484496.85364, 1490095111.9136424], [1490095111.9136424, 17161466884.351294]]]",9902819353675.203,45356132215195.53,18.0,3.360000846441835e-07,8.000002570118792e-15,False,False,/private/tmp/oneD-v2-taylor-peierls-pf-runs-300um/oneD_v2_DBTT_control/T1100K_seed1008666/steps_1100K.csv,0991053a3c1df8f64f0040008d38dbcc608f5d82f2f0b519f03bce43cdd08e8e,/private/tmp/oneD-v2-taylor-peierls-pf-runs-300um/oneD_v2_DBTT_control/T1100K_seed1008666/anisotropic_emission_audit_v10174.json,d63211d73e7c4cd31b00243541bdd337022c214117540a1fba04553fb914bec1,FULL_ACTIVE_AND_WAKE_SPATIAL_PROFILE_OBSERVER,PF_MODEL_NATIVE_DRIVING_TRAJECTORY_NOT_RESISTANCE
DBTT,CONTROL,v913_zeroD_sobol_0202500,oneD_v2_DBTT_spatial_00_control,1100.0,1008666,300.0,31,1,421,1552.6350697345415,3.696750166034627e-05,7900536.588866116,23920.343307983887,103.15835296226346,103.15835296226346,103.15835296226346,-0.47137910164116165,35.31431404488353,14088372975.87818,142.66495284636866,144.96229294199355,2.2973400956248753,8.53310813909403,0.14128892876302263,8.502668266504909,1.1318661565488294e-08,28514.64708646974,1579.22601647314,"[4931850618.295465, -5167666601.162275]","[[5720880379.566929, -619196947.4270638], [-619196947.4270638, 16684723895.36694]]","[[[4588735266.779015, -2787669568.3548827], [-2787669568.3548827, 14452436503.369947]], [[4389348875.118634, 2753982808.536872], [2753982808.536872, 14724682077.443186]]]",4401253046077.867,20158280984531.344,8.0,9.296718417317607e-07,2.213507155346406e-14,False,False,/private/tmp/oneD-v2-taylor-peierls-pf-runs-300um/oneD_v2_DBTT_control/T1100K_seed1008666/steps_1100K.csv,0991053a3c1df8f64f0040008d38dbcc608f5d82f2f0b519f03bce43cdd08e8e,/private/tmp/oneD-v2-taylor-peierls-pf-runs-300um/oneD_v2_DBTT_control/T1100K_seed1008666/anisotropic_emission_audit_v10174.json,d63211d73e7c4cd31b00243541bdd337022c214117540a1fba04553fb914bec1,FULL_ACTIVE_AND_WAKE_SPATIAL_PROFILE_OBSERVER,PF_MODEL_NATIVE_DRIVING_TRAJECTORY_NOT_RESISTANCE
DBTT,CONTROL,v913_zeroD_sobol_0202500,oneD_v2_DBTT_spatial_00_control,1100.0,1008666,300.0,32,1,431,1552.6350706642133,3.6967501682481345e-05,7901238.990705535,22934.603276075282,101.01045127353477,101.01045127353477,101.01045127353477,-0.44895531250008097,32.9241363274719,13134830026.72929,144.96229294199355,149.03043363509101,4.068140693097474,9.412475096574854,0.13370198922888,8.98687679110177,1.3006228984193054e-08,32768.58266546622,1648.4304078943676,"[6091733056.189879, -5929378211.218609]","[[8816352491.508896, 102147343.5478806], [102147343.5478806, 17312271210.630657]]","[[[5232137603.403957, -804332212.231178], [-804332212.231178, 17415603715.78372]], [[5537054590.010057, 866369096.0076774], [866369096.0076774, 17395811012.447277]]]",3300939784558.4004,15118710738398.508,6.0,6.72000169288367e-07,1.6000005140237583e-14,False,False,/private/tmp/oneD-v2-taylor-peierls-pf-runs-300um/oneD_v2_DBTT_control/T1100K_seed1008666/steps_1100K.csv,0991053a3c1df8f64f0040008d38dbcc608f5d82f2f0b519f03bce43cdd08e8e,/private/tmp/oneD-v2-taylor-peierls-pf-runs-300um/oneD_v2_DBTT_control/T1100K_seed1008666/anisotropic_emission_audit_v10174.json,d63211d73e7c4cd31b00243541bdd337022c214117540a1fba04553fb914bec1,FULL_ACTIVE_AND_WAKE_SPATIAL_PROFILE_OBSERVER,PF_MODEL_NATIVE_DRIVING_TRAJECTORY_NOT_RESISTANCE
DBTT,CONTROL,v913_zeroD_sobol_0202500,oneD_v2_DBTT_spatial_00_control,1100.0,1008666,300.0,33,1,439,1552.6350713362135,3.696750169848135e-05,7896119.576073388,23452.06211818071,102.14361245617316,102.14361245617316,102.14361245617316,-0.40951101656615263,32.399670021290945,12925598242.547743,149.03043363509101,151.77625981260204,2.745826177511022,9.93896708359479,0.1297054969173028,9.26411166263318,1.3639464670418736e-08,34366.70911803425,1688.6068332384395,"[6087701977.730011, -5954951072.0469475]","[[8629538091.364317, 209098201.23344278], [209098201.23344278, 16656548081.333086]]","[[[4795521196.175829, -1064879448.7827733], [-1064879448.7827733, 16970925151.63585]], [[5030857854.40884, 1066890752.8091824], [1066890752.8091824, 16940759998.502735]]]",1100313261519.4668,5039570246132.836,2.0,2.1075675249448977e-06,5.018016303046449e-14,False,False,/private/tmp/oneD-v2-taylor-peierls-pf-runs-300um/oneD_v2_DBTT_control/T1100K_seed1008666/steps_1100K.csv,0991053a3c1df8f64f0040008d38dbcc608f5d82f2f0b519f03bce43cdd08e8e,/private/tmp/oneD-v2-taylor-peierls-pf-runs-300um/oneD_v2_DBTT_control/T1100K_seed1008666/anisotropic_emission_audit_v10174.json,d63211d73e7c4cd31b00243541bdd337022c214117540a1fba04553fb914bec1,FULL_ACTIVE_AND_WAKE_SPATIAL_PROFILE_OBSERVER,PF_MODEL_NATIVE_DRIVING_TRAJECTORY_NOT_RESISTANCE
DBTT,CONTROL,v913_zeroD_sobol_0202500,oneD_v2_DBTT_spatial_00_control,1100.0,1008666,300.0,34,1,449,1552.635073443781,3.696750174866151e-05,7892990.817291384,23766.794483198006,102.82672424668924,102.82672424668924,102.82672424668924,-0.26320787707271326,30.63896255246014,12223177589.812548,151.77625981260204,161.20661797683053,9.430358164228469,11.263254302209365,0.12104983999887672,9.926815416724883,1.5368186724865242e-08,38719.62320391217,1785.899508359432,"[6280036716.504018, -6163336519.775452]","[[8195632676.882066, 26873544.902659822], [26873544.902659822, 15503881137.399916]]","[[[5436294178.854664, -1108303501.3546927], [-1108303501.3546927, 17996367611.862698]], [[5645460935.06256, 1096752772.9482157], [1096752772.9482157, 17972133974.613464]]]",8802506092155.734,40316561969062.69,16.0,2.5200006348313764e-07,6.000001927589094e-15,False,False,/private/tmp/oneD-v2-taylor-peierls-pf-runs-300um/oneD_v2_DBTT_control/T1100K_seed1008666/steps_1100K.csv,0991053a3c1df8f64f0040008d38dbcc608f5d82f2f0b519f03bce43cdd08e8e,/private/tmp/oneD-v2-taylor-peierls-pf-runs-300um/oneD_v2_DBTT_control/T1100K_seed1008666/anisotropic_emission_audit_v10174.json,d63211d73e7c4cd31b00243541bdd337022c214117540a1fba04553fb914bec1,FULL_ACTIVE_AND_WAKE_SPATIAL_PROFILE_OBSERVER,PF_MODEL_NATIVE_DRIVING_TRAJECTORY_NOT_RESISTANCE
DBTT,CONTROL,v913_zeroD_sobol_0202500,oneD_v2_DBTT_spatial_00_control,1100.0,1008666,300.0,35,1,452,1552.635073695781,3.6967501754661515e-05,7879503.777765551,24948.624772963944,105.35229505350932,105.35229505350932,105.35229505350932,-0.19977611982434065,33.320839900253205,13293091854.698061,161.20661797683053,163.5039580724554,2.2973400956248753,9.996687638311927,0.12928881775191597,9.293784535719109,1.3513272280744836e-08,34047.66280562719,1692.9572615320367,"[5449829629.426762, -5590439855.4798565]","[[7226281880.861662, 57625873.17185778], [57625873.17185778, 15874423475.200851]]","[[[6036943364.618119, -1689274985.7823634], [-1689274985.7823634, 16936602623.471643]], [[5915681613.987195, 1649375488.558022], [1649375488.558022, 17096561324.94691]]]",8802506092155.734,40316561969062.69,16.0,1.051023446052568e-06,2.5024402580502147e-14,False,False,/private/tmp/oneD-v2-taylor-peierls-pf-runs-300um/oneD_v2_DBTT_control/T1100K_seed1008666/steps_1100K.csv,0991053a3c1df8f64f0040008d38dbcc608f5d82f2f0b519f03bce43cdd08e8e,/private/tmp/oneD-v2-taylor-peierls-pf-runs-300um/oneD_v2_DBTT_control/T1100K_seed1008666/anisotropic_emission_audit_v10174.json,d63211d73e7c4cd31b00243541bdd337022c214117540a1fba04553fb914bec1,FULL_ACTIVE_AND_WAKE_SPATIAL_PROFILE_OBSERVER,PF_MODEL_NATIVE_DRIVING_TRAJECTORY_NOT_RESISTANCE
DBTT,CONTROL,v913_zeroD_sobol_0202500,oneD_v2_DBTT_spatial_00_control,1100.0,1008666,300.0,36,1,462,1552.6350747468045,3.696750177968592e-05,7873170.125407207,25389.003009590582,106.27803569012771,106.27803569012771,106.27803569012771,-0.13139306134741427,34.95526697964535,13945133920.900614,163.5039580724554,168.10312112722474,4.599163054769354,9.244039460248167,0.1350606826703555,8.895108922155249,1.2787950255928053e-08,32215.635891204263,1635.3836046939316,"[4704470384.033845, -4916313780.154777]","[[5556413010.349866, -357121585.84268767], [-357121585.84268767, 14823331011.50412]]","[[[4869144749.277375, -2975500568.8338385], [-2975500568.8338385, 14278085517.345066]], [[4675879191.314519, 2898035812.3211575], [2898035812.3211575, 14508506751.624073]]]",3300939784558.4004,15118710738398.508,6.0,1.115949999075383e-06,2.6570203827923355e-14,False,False,/private/tmp/oneD-v2-taylor-peierls-pf-runs-300um/oneD_v2_DBTT_control/T1100K_seed1008666/steps_1100K.csv,0991053a3c1df8f64f0040008d38dbcc608f5d82f2f0b519f03bce43cdd08e8e,/private/tmp/oneD-v2-taylor-peierls-pf-runs-300um/oneD_v2_DBTT_control/T1100K_seed1008666/anisotropic_emission_audit_v10174.json,d63211d73e7c4cd31b00243541bdd337022c214117540a1fba04553fb914bec1,FULL_ACTIVE_AND_WAKE_SPATIAL_PROFILE_OBSERVER,PF_MODEL_NATIVE_DRIVING_TRAJECTORY_NOT_RESISTANCE
DBTT,CONTROL,v913_zeroD_sobol_0202500,oneD_v2_DBTT_spatial_00_control,1100.0,1008666,300.0,37,1,472,1552.6350758627545,3.696750180625612e-05,7906938.422817038,13349.986648392944,77.06569706636098,77.06569706636098,77.06569706636098,-0.07135472119950098,27.061161367580794,10795841426.293835,168.10312112722474,172.98639028131274,4.883269154088001,8.110158837633573,0.1454296648764603,8.262743312053741,1.1055590222704164e-08,27854.56370839039,1544.938768850829,"[5225071947.929208, -5256000525.462855]","[[5598907231.361794, -105367951.54935347], [-105367951.54935347, 13452876042.866253]]","[[[2952615485.5133467, -746954698.3185267], [-746954698.3185267, 13402759381.371763]], [[2867929785.3007617, 668076001.1152855], [668076001.1152855, 13379930836.226473]]]",3300939784558.4004,15118710738398.508,6.0,3.360000846441835e-07,7.999995793855214e-15,False,False,/private/tmp/oneD-v2-taylor-peierls-pf-runs-300um/oneD_v2_DBTT_control/T1100K_seed1008666/steps_1100K.csv,0991053a3c1df8f64f0040008d38dbcc608f5d82f2f0b519f03bce43cdd08e8e,/private/tmp/oneD-v2-taylor-peierls-pf-runs-300um/oneD_v2_DBTT_control/T1100K_seed1008666/anisotropic_emission_audit_v10174.json,d63211d73e7c4cd31b00243541bdd337022c214117540a1fba04553fb914bec1,FULL_ACTIVE_AND_WAKE_SPATIAL_PROFILE_OBSERVER,PF_MODEL_NATIVE_DRIVING_TRAJECTORY_NOT_RESISTANCE
DBTT,CONTROL,v913_zeroD_sobol_0202500,oneD_v2_DBTT_spatial_00_control,1100.0,1008666,300.0,38,1,476,1552.6350761987546,3.696750181425612e-05,7904185.666374169,13025.9720605548,76.12473020976148,76.12473020976148,76.12473020976148,-0.05716925901315296,25.833783497228463,10306188499.781221,172.98639028131274,175.28373037693768,2.2973400956249295,8.683113977339213,0.13990313346990652,8.589213983338249,1.153512130439004e-08,29063.239460308847,1591.2259461011017,"[5307414206.589779, -5337334701.617683]","[[5619666574.728014, 45359472.51417309], [45359472.51417309, 12858860564.467066]]","[[[2792180785.73359, -695981848.2034854], [-695981848.2034854, 13407009198.913149]], [[2709482202.0726585, 617968057.1959417], [617968057.1959417, 13384151605.308025]]]",4401253046077.867,20158280984531.344,8.0,7.560001904494129e-07,1.800001255903086e-14,False,False,/private/tmp/oneD-v2-taylor-peierls-pf-runs-300um/oneD_v2_DBTT_control/T1100K_seed1008666/steps_1100K.csv,0991053a3c1df8f64f0040008d38dbcc608f5d82f2f0b519f03bce43cdd08e8e,/private/tmp/oneD-v2-taylor-peierls-pf-runs-300um/oneD_v2_DBTT_control/T1100K_seed1008666/anisotropic_emission_audit_v10174.json,d63211d73e7c4cd31b00243541bdd337022c214117540a1fba04553fb914bec1,FULL_ACTIVE_AND_WAKE_SPATIAL_PROFILE_OBSERVER,PF_MODEL_NATIVE_DRIVING_TRAJECTORY_NOT_RESISTANCE
DBTT,CONTROL,v913_zeroD_sobol_0202500,oneD_v2_DBTT_spatial_00_control,1100.0,1008666,300.0,39,1,485,1552.6350769547548,3.696750183225613e-05,7902511.688921679,12919.913984494668,75.8141912485025,75.8141912485025,75.8141912485025,-0.03579051538573975,25.548261109212703,10192281547.200552,175.28373037693768,178.50972988901748,3.2259995120798024,8.805992692952817,0.13879783069268686,8.657628209145841,1.1708834792303727e-08,29501.376956239383,1600.9947488276885,"[5096027593.780461, -5124103293.758372]","[[5169576806.372665, -65128136.07671763], [-65128136.07671763, 12131753547.90502]]","[[[2935423643.244046, -626148673.6259613], [-626148673.6259613, 13127478830.80497]], [[2856272330.977775, 543783141.1020391], [543783141.1020391, 13104478918.49452]]]",3300939784558.4004,15118710738398.508,6.0,2.272751999043976e-06,5.411317417379144e-14,False,False,/private/tmp/oneD-v2-taylor-peierls-pf-runs-300um/oneD_v2_DBTT_control/T1100K_seed1008666/steps_1100K.csv,0991053a3c1df8f64f0040008d38dbcc608f5d82f2f0b519f03bce43cdd08e8e,/private/tmp/oneD-v2-taylor-peierls-pf-runs-300um/oneD_v2_DBTT_control/T1100K_seed1008666/anisotropic_emission_audit_v10174.json,d63211d73e7c4cd31b00243541bdd337022c214117540a1fba04553fb914bec1,FULL_ACTIVE_AND_WAKE_SPATIAL_PROFILE_OBSERVER,PF_MODEL_NATIVE_DRIVING_TRAJECTORY_NOT_RESISTANCE
DBTT,CONTROL,v913_zeroD_sobol_0202500,oneD_v2_DBTT_spatial_00_control,1100.0,1008666,300.0,40,1,495,1552.6350792275068,3.6967501886369304e-05,7900497.622100671,12768.420582363957,75.36839816111825,75.36839816111825,75.36839816111825,0.009662077426975153,26.23836187118917,10467591918.89021,178.50972988901748,188.74323545615385,10.233505567136367,8.25097241905087,0.14401091840341584,8.344176981126845,1.1110159904705163e-08,27991.31561332682,1556.429535747147,"[5129159526.259973, -5152507743.267693]","[[5127858737.932107, -67434754.5698392], [-67434754.5698392, 12747593221.265558]]","[[[3031597190.3023973, -593521087.377582], [-593521087.377582, 13289916242.822344]], [[2955728331.7246046, 506604005.29455507], [506604005.29455507, 13260743818.259989]]]",9902819353675.203,45356132215195.53,18.0,8.978486221167259e-07,2.1377349760168252e-14,False,False,/private/tmp/oneD-v2-taylor-peierls-pf-runs-300um/oneD_v2_DBTT_control/T1100K_seed1008666/steps_1100K.csv,0991053a3c1df8f64f0040008d38dbcc608f5d82f2f0b519f03bce43cdd08e8e,/private/tmp/oneD-v2-taylor-peierls-pf-runs-300um/oneD_v2_DBTT_control/T1100K_seed1008666/anisotropic_emission_audit_v10174.json,d63211d73e7c4cd31b00243541bdd337022c214117540a1fba04553fb914bec1,FULL_ACTIVE_AND_WAKE_SPATIAL_PROFILE_OBSERVER,PF_MODEL_NATIVE_DRIVING_TRAJECTORY_NOT_RESISTANCE
DBTT,CONTROL,v913_zeroD_sobol_0202500,oneD_v2_DBTT_spatial_00_control,1100.0,1008666,300.0,41,1,505,1552.6350801253554,3.6967501907746654e-05,7891381.214719257,13153.785056047072,76.49729276042204,76.49729276042204,76.49729276042204,0.01486106682219026,27.44903745497543,10950581597.112236,188.74323545615385,192.6721214745897,3.928886018435832,7.766724350747574,0.1490737172867127,8.059768479506289,1.0447593014507647e-08,26323.042737938937,1516.5889285628768,"[5166147712.1298275, -5330419330.186445]","[[6259074046.500431, -66260547.04967174], [-66260547.04967174, 14062133838.879059]]","[[[3672536550.958453, -785720313.2512857], [-785720313.2512857, 14004831975.21811]], [[3332653132.0477123, 688765060.2609912], [688765060.2609912, 13993491792.420603]]]",3300939784558.4004,15118710738398.508,6.0,3.080497663177084e-06,7.334518599020831e-14,False,False,/private/tmp/oneD-v2-taylor-peierls-pf-runs-300um/oneD_v2_DBTT_control/T1100K_seed1008666/steps_1100K.csv,0991053a3c1df8f64f0040008d38dbcc608f5d82f2f0b519f03bce43cdd08e8e,/private/tmp/oneD-v2-taylor-peierls-pf-runs-300um/oneD_v2_DBTT_control/T1100K_seed1008666/anisotropic_emission_audit_v10174.json,d63211d73e7c4cd31b00243541bdd337022c214117540a1fba04553fb914bec1,FULL_ACTIVE_AND_WAKE_SPATIAL_PROFILE_OBSERVER,PF_MODEL_NATIVE_DRIVING_TRAJECTORY_NOT_RESISTANCE
DBTT,CONTROL,v913_zeroD_sobol_0202500,oneD_v2_DBTT_spatial_00_control,1100.0,1008666,300.0,42,1,515,1552.635083205853,3.696750198109184e-05,7888302.803250592,13142.44194211422,76.46430207931691,76.46430207931691,76.46430207931691,0.01752602925667698,27.29089581175834,10887492209.34078,192.6721214745897,205.90209166553421,13.229970190944528,7.8502208505498245,0.14816261188280963,8.109554426206685,1.0520125217093086e-08,26505.941039531204,1523.5243806322733,"[5211473697.796943, -5358115781.149133]","[[6211401117.584999, -100767789.71230166], [-100767789.71230166, 14010295957.677376]]","[[[3238213001.672375, -991376777.0659353], [-991376777.0659353, 13661160397.266262]], [[2922147496.8095064, 925647090.7470158], [925647090.7470158, 13638379059.107773]]]",5501566307597.334,25197851230664.18,10.0,8.400002116104588e-08,2.000000642529698e-15,False,False,/private/tmp/oneD-v2-taylor-peierls-pf-runs-300um/oneD_v2_DBTT_control/T1100K_seed1008666/steps_1100K.csv,0991053a3c1df8f64f0040008d38dbcc608f5d82f2f0b519f03bce43cdd08e8e,/private/tmp/oneD-v2-taylor-peierls-pf-runs-300um/oneD_v2_DBTT_control/T1100K_seed1008666/anisotropic_emission_audit_v10174.json,d63211d73e7c4cd31b00243541bdd337022c214117540a1fba04553fb914bec1,FULL_ACTIVE_AND_WAKE_SPATIAL_PROFILE_OBSERVER,PF_MODEL_NATIVE_DRIVING_TRAJECTORY_NOT_RESISTANCE
DBTT,CONTROL,v913_zeroD_sobol_0202500,oneD_v2_DBTT_spatial_00_control,1100.0,1008666,300.0,43,1,516,1552.6350832898531,3.696750198309184e-05,7878250.920758227,13250.514294425668,76.77804735380295,76.77804735380295,76.77804735380295,0.012241742578068926,26.971422108639516,10760040641.690266,205.90209166553421,208.1994317611591,2.2973400956249024,8.103384265793023,0.14549898257081853,8.258840862919357,1.0905978344126735e-08,27479.76825593259,1544.3840173013489,"[5112083970.168335, -5117279201.57732]","[[5052752554.705654, -27019838.10804979], [-27019838.10804979, 13185714595.13359]]","[[[4174794414.4987025, -1255290937.266722], [-1255290937.266722, 14398962354.835373]], [[3877809849.1420965, 700025258.0915556], [700025258.0915556, 14112368252.296738]]]",55015663075973.42,251978512306641.44,100.0,3.360000846441835e-07,8.000002570118792e-15,False,False,/private/tmp/oneD-v2-taylor-peierls-pf-runs-300um/oneD_v2_DBTT_control/T1100K_seed1008666/steps_1100K.csv,0991053a3c1df8f64f0040008d38dbcc608f5d82f2f0b519f03bce43cdd08e8e,/private/tmp/oneD-v2-taylor-peierls-pf-runs-300um/oneD_v2_DBTT_control/T1100K_seed1008666/anisotropic_emission_audit_v10174.json,d63211d73e7c4cd31b00243541bdd337022c214117540a1fba04553fb914bec1,FULL_ACTIVE_AND_WAKE_SPATIAL_PROFILE_OBSERVER,PF_MODEL_NATIVE_DRIVING_TRAJECTORY_NOT_RESISTANCE
DBTT,CONTROL,v913_zeroD_sobol_0202500,oneD_v2_DBTT_spatial_00_control,1100.0,1008666,300.0,44,1,520,1552.6350836258532,3.696750199109184e-05,7874328.3688653475,13397.634893853983,77.20310449048597,77.20310449048597,77.20310449048597,0.008141243644769949,28.611629411807165,11414388683.547052,208.1994317611591,210.49677185678402,2.2973400956249024,7.280887933976366,0.15473054984520337,7.765739395010509,9.423956727715527e-09,23745.51459021026,1475.6702559410867,"[4291200599.8772407, -4361193397.889633]","[[4209031460.1484213, -32277156.9505982], [-32277156.9505982, 12748369925.417206]]","[[[3550652707.62647, -1794684250.1157444], [-1794684250.1157444, 12133053907.380953]], [[3309322974.939371, 1943936393.178899], [1943936393.178899, 12031709770.718637]]]",4401253046077.867,20158280984531.344,8.0,1.5383375284727663e-06,3.6627127654627334e-14,False,False,/private/tmp/oneD-v2-taylor-peierls-pf-runs-300um/oneD_v2_DBTT_control/T1100K_seed1008666/steps_1100K.csv,0991053a3c1df8f64f0040008d38dbcc608f5d82f2f0b519f03bce43cdd08e8e,/private/tmp/oneD-v2-taylor-peierls-pf-runs-300um/oneD_v2_DBTT_control/T1100K_seed1008666/anisotropic_emission_audit_v10174.json,d63211d73e7c4cd31b00243541bdd337022c214117540a1fba04553fb914bec1,FULL_ACTIVE_AND_WAKE_SPATIAL_PROFILE_OBSERVER,PF_MODEL_NATIVE_DRIVING_TRAJECTORY_NOT_RESISTANCE
DBTT,CONTROL,v913_zeroD_sobol_0202500,oneD_v2_DBTT_spatial_00_control,1100.0,1008666,300.0,45,1,530,1552.6350851641907,3.696750202771897e-05,7780313.298705797,22079.089993370853,99.10858602718423,99.10858602718423,99.10858602718423,-0.004117716398884491,32.89300410425228,13122410066.604088,210.49677185678402,217.22836324016038,6.731591383376352,9.078528929574391,0.13643695481914067,8.807486325410313,1.2284772312030213e-08,30948.85331859968,1622.4690004741872,"[5673852978.9690485, -5693744006.61423]","[[8689687905.929052, -25130082.99157056], [-25130082.99157056, 16792972842.374802]]","[[[5482738871.438453, -843483156.0903894], [-843483156.0903894, 16830444829.37655]], [[5421208189.450344, 795681828.9287372], [795681828.9287372, 16808696202.678806]]]",4401253046077.867,20158280984531.348,8.0,4.200001058052294e-07,1.000000321264849e-14,False,False,/private/tmp/oneD-v2-taylor-peierls-pf-runs-300um/oneD_v2_DBTT_control/T1100K_seed1008666/steps_1100K.csv,0991053a3c1df8f64f0040008d38dbcc608f5d82f2f0b519f03bce43cdd08e8e,/private/tmp/oneD-v2-taylor-peierls-pf-runs-300um/oneD_v2_DBTT_control/T1100K_seed1008666/anisotropic_emission_audit_v10174.json,d63211d73e7c4cd31b00243541bdd337022c214117540a1fba04553fb914bec1,FULL_ACTIVE_AND_WAKE_SPATIAL_PROFILE_OBSERVER,PF_MODEL_NATIVE_DRIVING_TRAJECTORY_NOT_RESISTANCE
DBTT,CONTROL,v913_zeroD_sobol_0202500,oneD_v2_DBTT_spatial_00_control,1100.0,1008666,300.0,46,1,535,1552.6350855841908,3.6967502037718974e-05,7772584.866401405,22966.46362153378,101.08058789053015,101.08058789053015,101.08058789053015,-0.015160902782761247,31.390149332926185,12522857757.019083,217.22836324016038,219.5257033357853,2.2973400956249295,10.369283650430098,0.12669239179296646,9.485050817208425,1.412490746777606e-08,35585.48616384178,1720.7912858455995,"[5836504022.365748, -5832039511.454894]","[[8213137200.362835, -61215892.346806265], [-61215892.346806265, 15356572512.330265]]","[[[5717030507.804979, -1277731516.8650784], [-1277731516.8650784, 17390038552.536476]], [[5683644415.617856, 1226947213.424267], [1226947213.424267, 17347723438.527645]]]",7702192830636.268,35276991722929.85,14.0,1.6306125871778931e-06,3.882412783189765e-14,False,False,/private/tmp/oneD-v2-taylor-peierls-pf-runs-300um/oneD_v2_DBTT_control/T1100K_seed1008666/steps_1100K.csv,0991053a3c1df8f64f0040008d38dbcc608f5d82f2f0b519f03bce43cdd08e8e,/private/tmp/oneD-v2-taylor-peierls-pf-runs-300um/oneD_v2_DBTT_control/T1100K_seed1008666/anisotropic_emission_audit_v10174.json,d63211d73e7c4cd31b00243541bdd337022c214117540a1fba04553fb914bec1,FULL_ACTIVE_AND_WAKE_SPATIAL_PROFILE_OBSERVER,PF_MODEL_NATIVE_DRIVING_TRAJECTORY_NOT_RESISTANCE
DBTT,CONTROL,v913_zeroD_sobol_0202500,oneD_v2_DBTT_spatial_00_control,1100.0,1008666,300.0,47,1,545,1552.6350872148034,3.69675020765431e-05,7769007.432215648,23406.71513063608,102.04481205361763,102.04481205361763,102.04481205361763,-0.03935012166158871,33.13278835257189,13218070141.433058,219.5257033357853,226.66107911389597,7.13537577811066,9.485623606574752,0.13312456975252618,9.02664508710602,1.2916416382515248e-08,32541.573731349312,1654.066679662991,"[5604487234.851546, -5570444880.899343]","[[7881020190.556425, -48320424.18332477], [-48320424.18332477, 16218197162.93818]]","[[[5517268271.07596, -1329077200.570403], [-1329077200.570403, 16726242740.779053]], [[5510709417.007443, 1277923761.3673663], [1277923761.3673663, 16651599178.80613]]]",4401253046077.867,20158280984531.344,8.0,2.5200006348313764e-07,6.000001927589094e-15,False,False,/private/tmp/oneD-v2-taylor-peierls-pf-runs-300um/oneD_v2_DBTT_control/T1100K_seed1008666/steps_1100K.csv,0991053a3c1df8f64f0040008d38dbcc608f5d82f2f0b519f03bce43cdd08e8e,/private/tmp/oneD-v2-taylor-peierls-pf-runs-300um/oneD_v2_DBTT_control/T1100K_seed1008666/anisotropic_emission_audit_v10174.json,d63211d73e7c4cd31b00243541bdd337022c214117540a1fba04553fb914bec1,FULL_ACTIVE_AND_WAKE_SPATIAL_PROFILE_OBSERVER,PF_MODEL_NATIVE_DRIVING_TRAJECTORY_NOT_RESISTANCE
DBTT,CONTROL,v913_zeroD_sobol_0202500,oneD_v2_DBTT_spatial_00_control,1100.0,1008666,300.0,48,1,548,1552.6350874668035,3.69675020825431e-05,7759455.03887458,24598.530428016507,104.61049964381122,104.61049964381122,104.61049964381122,-0.05595370541174455,33.54336884564248,13381868059.626984,226.66107911389597,228.95841920952083,2.2973400956248753,9.726065662981904,0.13127799079598124,9.153658320945876,1.314128894768598e-08,33113.20176486091,1672.4688077513706,"[5507568884.155176, -5531742919.593362]","[[7386745358.092377, -58205367.5661978], [-58205367.5661978, 16360715343.518442]]","[[[6151852983.91934, -1677562925.3581185], [-1677562925.3581185, 17166990752.229694]], [[6151912600.050701, 1555038365.529813], [1555038365.529813, 17215398439.237427]]]",2200626523038.9336,10079140492265.672,4.0,2.6104794415005017e-06,6.215431544009248e-14,False,False,/private/tmp/oneD-v2-taylor-peierls-pf-runs-300um/oneD_v2_DBTT_control/T1100K_seed1008666/steps_1100K.csv,0991053a3c1df8f64f0040008d38dbcc608f5d82f2f0b519f03bce43cdd08e8e,/private/tmp/oneD-v2-taylor-peierls-pf-runs-300um/oneD_v2_DBTT_control/T1100K_seed1008666/anisotropic_emission_audit_v10174.json,d63211d73e7c4cd31b00243541bdd337022c214117540a1fba04553fb914bec1,FULL_ACTIVE_AND_WAKE_SPATIAL_PROFILE_OBSERVER,PF_MODEL_NATIVE_DRIVING_TRAJECTORY_NOT_RESISTANCE
DBTT,CONTROL,v913_zeroD_sobol_0202500,oneD_v2_DBTT_spatial_00_control,1100.0,1008666,300.0,49,1,558,1552.635090077283,3.696750214469742e-05,7753049.755727797,25411.30188019883,106.32469683775514,106.32469683775514,106.32469683775514,-0.08906699536226707,35.73611658760832,14256647844.15193,228.95841920952083,240.01715839650478,11.058739186983964,8.852248430408766,0.13838849279507298,8.683265684764908,1.1885276764384672e-08,29944.284039118334,1604.6579834593415,"[4807534993.989144, -4794080583.039324]","[[5404223414.392313, -144746539.70437098], [-144746539.70437098, 15659909937.672476]]","[[[4946638406.997831, -2875276369.9143443], [-2875276369.9143443, 14561708394.97612]], [[4992031382.658938, 2758976784.1098604], [2758976784.1098604, 14580192548.737587]]]",3300939784558.4004,15118710738398.508,6.0,3.360000846441835e-07,8.000002570118792e-15,False,False,/private/tmp/oneD-v2-taylor-peierls-pf-runs-300um/oneD_v2_DBTT_control/T1100K_seed1008666/steps_1100K.csv,0991053a3c1df8f64f0040008d38dbcc608f5d82f2f0b519f03bce43cdd08e8e,/private/tmp/oneD-v2-taylor-peierls-pf-runs-300um/oneD_v2_DBTT_control/T1100K_seed1008666/anisotropic_emission_audit_v10174.json,d63211d73e7c4cd31b00243541bdd337022c214117540a1fba04553fb914bec1,FULL_ACTIVE_AND_WAKE_SPATIAL_PROFILE_OBSERVER,PF_MODEL_NATIVE_DRIVING_TRAJECTORY_NOT_RESISTANCE
DBTT,CONTROL,v913_zeroD_sobol_0202500,oneD_v2_DBTT_spatial_00_control,1100.0,1008666,300.0,50,1,562,1552.635090413283,3.696750215269742e-05,7748705.919078878,23754.21260058013,102.79950296858416,102.79950296858416,102.79950296858416,-0.10890754838562904,33.15553090461506,13227143107.007307,240.01715839650478,242.31449849212973,2.2973400956249295,9.613246019659083,0.13213480963091614,9.094304556752297,1.2919372240601005e-08,32552.057920173527,1663.8578053771155,"[5836537044.501233, -5820093279.951369]","[[8318476943.788037, 56503539.14546339], [56503539.14546339, 16937521511.41116]]","[[[5187377719.559176, -825809584.1160856], [-825809584.1160856, 16860451808.561642]], [[5236522311.272091, 891408025.2419919], [891408025.2419919, 16876708871.17483]]]",1100313261519.4668,5039570246132.836,2.0,2.5200006348313764e-07,6.000001927589094e-15,False,False,/private/tmp/oneD-v2-taylor-peierls-pf-runs-300um/oneD_v2_DBTT_control/T1100K_seed1008666/steps_1100K.csv,0991053a3c1df8f64f0040008d38dbcc608f5d82f2f0b519f03bce43cdd08e8e,/private/tmp/oneD-v2-taylor-peierls-pf-runs-300um/oneD_v2_DBTT_control/T1100K_seed1008666/anisotropic_emission_audit_v10174.json,d63211d73e7c4cd31b00243541bdd337022c214117540a1fba04553fb914bec1,FULL_ACTIVE_AND_WAKE_SPATIAL_PROFILE_OBSERVER,PF_MODEL_NATIVE_DRIVING_TRAJECTORY_NOT_RESISTANCE
DBTT,CONTROL,v913_zeroD_sobol_0202500,oneD_v2_DBTT_spatial_00_control,1100.0,1008666,300.0,51,1,565,1552.635090665283,3.696750215869742e-05,7746422.404285416,23485.959301119234,102.2174040589723,102.2174040589723,102.2174040589723,-0.1257278310196003,32.6385840210305,13020911138.42367,242.31449849212973,244.61183858775462,2.2973400956249024,9.808149481868078,0.13066496911572065,9.196622979025534,1.3410272005906046e-08,33789.36086976847,1678.7079783880367,"[5710238059.064428, -5693718588.061654]","[[8375951086.445586, 55018064.88210092], [55018064.88210092, 16030761346.13051]]","[[[4816382513.206213, -632237053.2935114], [-632237053.2935114, 16236858631.33507]], [[4854406208.578768, 695297925.1501564], [695297925.1501564, 16241843384.702076]]]",15404385661272.547,70553983445859.75,28.0,2.9728842037002323e-06,7.078296553487268e-14,False,False,/private/tmp/oneD-v2-taylor-peierls-pf-runs-300um/oneD_v2_DBTT_control/T1100K_seed1008666/steps_1100K.csv,0991053a3c1df8f64f0040008d38dbcc608f5d82f2f0b519f03bce43cdd08e8e,/private/tmp/oneD-v2-taylor-peierls-pf-runs-300um/oneD_v2_DBTT_control/T1100K_seed1008666/anisotropic_emission_audit_v10174.json,d63211d73e7c4cd31b00243541bdd337022c214117540a1fba04553fb914bec1,FULL_ACTIVE_AND_WAKE_SPATIAL_PROFILE_OBSERVER,PF_MODEL_NATIVE_DRIVING_TRAJECTORY_NOT_RESISTANCE
DBTT,CONTROL,v913_zeroD_sobol_0202500,oneD_v2_DBTT_spatial_00_control,1100.0,1008666,300.0,52,1,575,1552.6350936381673,3.696750222948039e-05,7744091.807518915,23197.614862720693,101.58798875520027,101.58798875520027,101.58798875520027,-0.18648064592462196,32.102996154643236,12807242493.651796,244.61183858775462,257.4326195078266,12.820780920071964,10.013677281165478,0.129166934086165,9.303299050111107,1.3595354177425648e-08,34252.68558836603,1694.2357846997563,"[5872162622.844616, -5853995465.639159]","[[8591391804.879232, 63936471.24125595], [63936471.24125595, 16599652850.373041]]","[[[5039690453.393588, -774666191.9266468], [-774666191.9266468, 16784015699.082819]], [[5082240734.889723, 839403972.5546896], [839403972.5546896, 16790231666.168041]]]",6601879569116.801,30237421476797.016,12.0,8.400002116104588e-08,2.000014195056854e-15,False,False,/private/tmp/oneD-v2-taylor-peierls-pf-runs-300um/oneD_v2_DBTT_control/T1100K_seed1008666/steps_1100K.csv,0991053a3c1df8f64f0040008d38dbcc608f5d82f2f0b519f03bce43cdd08e8e,/private/tmp/oneD-v2-taylor-peierls-pf-runs-300um/oneD_v2_DBTT_control/T1100K_seed1008666/anisotropic_emission_audit_v10174.json,d63211d73e7c4cd31b00243541bdd337022c214117540a1fba04553fb914bec1,FULL_ACTIVE_AND_WAKE_SPATIAL_PROFILE_OBSERVER,PF_MODEL_NATIVE_DRIVING_TRAJECTORY_NOT_RESISTANCE
DBTT,CONTROL,v913_zeroD_sobol_0202500,oneD_v2_DBTT_spatial_00_control,1100.0,1008666,300.0,53,1,576,1552.6350937221673,3.69675022314804e-05,7728695.977956746,21462.57862776887,97.71509192479498,97.71509192479498,97.71509192479498,-0.1916023494989316,31.13608444517417,12421500531.32936,257.4326195078266,259.7299596034515,2.2973400956249024,9.849071651585717,0.13036254307374096,9.217967256150537,1.3586259230247113e-08,34229.24660945517,1681.810382130719,"[5798136392.174242, -5809138582.368043]","[[6569883954.077781, 59112895.20122182], [59112895.20122182, 15475812826.802094]]","[[[6093601831.633705, -1003896211.8223621], [-1003896211.8223621, 17689874615.98219]], [[6099191203.993295, 1061953401.2450808], [1061953401.2450808, 17717468368.72938]]]",55015663075973.42,251978512306641.44,100.0,4.200001058052294e-07,9.999996436384911e-15,False,False,/private/tmp/oneD-v2-taylor-peierls-pf-runs-300um/oneD_v2_DBTT_control/T1100K_seed1008666/steps_1100K.csv,0991053a3c1df8f64f0040008d38dbcc608f5d82f2f0b519f03bce43cdd08e8e,/private/tmp/oneD-v2-taylor-peierls-pf-runs-300um/oneD_v2_DBTT_control/T1100K_seed1008666/anisotropic_emission_audit_v10174.json,d63211d73e7c4cd31b00243541bdd337022c214117540a1fba04553fb914bec1,FULL_ACTIVE_AND_WAKE_SPATIAL_PROFILE_OBSERVER,PF_MODEL_NATIVE_DRIVING_TRAJECTORY_NOT_RESISTANCE
DBTT,CONTROL,v913_zeroD_sobol_0202500,oneD_v2_DBTT_spatial_00_control,1100.0,1008666,300.0,54,1,581,1552.6350941421674,3.69675022414804e-05,7722566.579866435,21213.57745421917,97.14661048230556,97.14661048230556,97.14661048230556,-0.17346795324938744,32.843644586720586,13102718468.120481,259.7299596034515,262.02729969907637,2.2973400956249024,8.748883168219916,0.13930826515914782,8.62585678507229,1.1817746782959379e-08,29773.741926664665,1596.4613512229407,"[5028413197.582686, -5070732151.510806]","[[5930103105.59963, 67523186.17656675], [67523186.17656675, 15227981028.763819]]","[[[5036820401.102285, -2068178178.1396203], [-2068178178.1396203, 15093646796.26766]], [[5014979177.9266815, 2100769147.216695], [2100769147.216695, 15156443480.948296]]]",11003132615194.672,50395702461328.375,20.0,3.879869154843618e-06,9.237781980336868e-14,False,False,/private/tmp/oneD-v2-taylor-peierls-pf-runs-300um/oneD_v2_DBTT_control/T1100K_seed1008666/steps_1100K.csv,0991053a3c1df8f64f0040008d38dbcc608f5d82f2f0b519f03bce43cdd08e8e,/private/tmp/oneD-v2-taylor-peierls-pf-runs-300um/oneD_v2_DBTT_control/T1100K_seed1008666/anisotropic_emission_audit_v10174.json,d63211d73e7c4cd31b00243541bdd337022c214117540a1fba04553fb914bec1,FULL_ACTIVE_AND_WAKE_SPATIAL_PROFILE_OBSERVER,PF_MODEL_NATIVE_DRIVING_TRAJECTORY_NOT_RESISTANCE
DBTT,CONTROL,v913_zeroD_sobol_0202500,oneD_v2_DBTT_spatial_00_control,1100.0,1008666,300.0,55,1,591,1552.6350980220366,3.696750233385822e-05,7742750.785594821,15088.416461577532,81.92991922173024,81.92991922173024,81.92991922173024,-0.20737802738867184,27.35938526836763,10914815549.343946,262.02729969907637,279.2579249532601,17.23062525418374,8.96752060299948,0.13738395010471574,8.7467543046405,1.1938482204474613e-08,30076.555215806333,1613.753846943206,"[5537780413.732293, -5563552659.822782]","[[5712404698.008209, -34480021.663185954], [-34480021.663185954, 14035620859.01746]]","[[[2927860085.483307, -780874011.8937691], [-780874011.8937691, 14003420912.947893]], [[2866550697.5953274, 736355272.0147802], [736355272.0147802, 13993656017.24089]]]",14304072399753.078,65514413199726.91,26.0,3.413645117689157e-06,8.127728362301162e-14,False,False,/private/tmp/oneD-v2-taylor-peierls-pf-runs-300um/oneD_v2_DBTT_control/T1100K_seed1008666/steps_1100K.csv,0991053a3c1df8f64f0040008d38dbcc608f5d82f2f0b519f03bce43cdd08e8e,/private/tmp/oneD-v2-taylor-peierls-pf-runs-300um/oneD_v2_DBTT_control/T1100K_seed1008666/anisotropic_emission_audit_v10174.json,d63211d73e7c4cd31b00243541bdd337022c214117540a1fba04553fb914bec1,FULL_ACTIVE_AND_WAKE_SPATIAL_PROFILE_OBSERVER,PF_MODEL_NATIVE_DRIVING_TRAJECTORY_NOT_RESISTANCE
DBTT,CONTROL,v913_zeroD_sobol_0202500,oneD_v2_DBTT_spatial_00_control,1100.0,1008666,300.0,56,1,601,1552.6351014356817,3.69675024151355e-05,7729895.264517395,13993.38371356912,78.90091994211446,78.90091994211446,78.90091994211446,-0.18950891297710845,27.21921930933814,10858897422.014067,279.2579249532601,294.1956478027983,14.93772284953817,8.40258286641673,0.14252886610921425,8.430972128138002,1.1043994165471565e-08,27826.92660621363,1568.71678168644,"[5098569960.385425, -5113839025.829947]","[[4866806735.054818, -30003664.59043247], [-30003664.59043247, 13193906186.373615]]","[[[3689570798.2436433, -824754057.5866168], [-824754057.5866168, 13886710719.014492]], [[3641809466.3252215, 768359889.1854782], [768359889.1854782, 13869487517.985117]]]",9902819353675.203,45356132215195.53,18.0,2.5200006348313764e-07,6.000001927589094e-15,False,False,/private/tmp/oneD-v2-taylor-peierls-pf-runs-300um/oneD_v2_DBTT_control/T1100K_seed1008666/steps_1100K.csv,0991053a3c1df8f64f0040008d38dbcc608f5d82f2f0b519f03bce43cdd08e8e,/private/tmp/oneD-v2-taylor-peierls-pf-runs-300um/oneD_v2_DBTT_control/T1100K_seed1008666/anisotropic_emission_audit_v10174.json,d63211d73e7c4cd31b00243541bdd337022c214117540a1fba04553fb914bec1,FULL_ACTIVE_AND_WAKE_SPATIAL_PROFILE_OBSERVER,PF_MODEL_NATIVE_DRIVING_TRAJECTORY_NOT_RESISTANCE
DBTT,CONTROL,v913_zeroD_sobol_0202500,oneD_v2_DBTT_spatial_00_control,1100.0,1008666,300.0,57,1,604,1552.6351016876818,3.6967502421135505e-05,7699102.797279636,19890.59271758176,94.06857339086328,94.06857339086328,94.06857339086328,-0.20847588927089805,31.354644160487812,12508693242.560472,294.1956478027983,296.4929878984232,2.2973400956249024,9.000888102673839,0.1370972266218203,8.763612918588795,1.2005330065401793e-08,30246.4737223482,1616.378035539218,"[5534496398.578051, -5740424072.885112]","[[7921040794.763775, -167821287.51162827], [-167821287.51162827, 16182337327.77478]]","[[[5093073427.513833, -961982481.3823686], [-961982481.3823686, 16162066224.669935]], [[4656936704.697267, 763598282.4203598], [763598282.4203598, 16137784850.46749]]]",6601879569116.801,30237421476797.016,12.0,9.493919606029522e-07,2.2604524317886704e-14,False,False,/private/tmp/oneD-v2-taylor-peierls-pf-runs-300um/oneD_v2_DBTT_control/T1100K_seed1008666/steps_1100K.csv,0991053a3c1df8f64f0040008d38dbcc608f5d82f2f0b519f03bce43cdd08e8e,/private/tmp/oneD-v2-taylor-peierls-pf-runs-300um/oneD_v2_DBTT_control/T1100K_seed1008666/anisotropic_emission_audit_v10174.json,d63211d73e7c4cd31b00243541bdd337022c214117540a1fba04553fb914bec1,FULL_ACTIVE_AND_WAKE_SPATIAL_PROFILE_OBSERVER,PF_MODEL_NATIVE_DRIVING_TRAJECTORY_NOT_RESISTANCE
DBTT,CONTROL,v913_zeroD_sobol_0202500,oneD_v2_DBTT_spatial_00_control,1100.0,1008666,300.0,58,1,614,1552.6351026370737,3.696750244374003e-05,7697011.25161397,19713.28253373835,93.64835832033862,93.64835832033862,93.64835832033862,-0.21148161024185497,31.091309593154772,12403637949.760105,296.4929878984232,300.64693596292,4.153948064496821,9.072402433101837,0.13648870932034113,8.80252835059695,1.2488271751843212e-08,31464.3552898747,1621.9891381649911,"[5390200267.722257, -5601820590.235477]","[[7954649716.726626, -158754408.3421021], [-158754408.3421021, 15254466222.470678]]","[[[4705323215.632692, -777991934.9999479], [-777991934.9999479, 15485723751.077206]], [[4278999741.774153, 597683213.8869088], [597683213.8869088, 15482640922.245108]]]",3300939784558.4004,15118710738398.508,6.0,,,False,True,/private/tmp/oneD-v2-taylor-peierls-pf-runs-300um/oneD_v2_DBTT_control/T1100K_seed1008666/steps_1100K.csv,0991053a3c1df8f64f0040008d38dbcc608f5d82f2f0b519f03bce43cdd08e8e,/private/tmp/oneD-v2-taylor-peierls-pf-runs-300um/oneD_v2_DBTT_control/T1100K_seed1008666/anisotropic_emission_audit_v10174.json,d63211d73e7c4cd31b00243541bdd337022c214117540a1fba04553fb914bec1,FULL_ACTIVE_AND_WAKE_SPATIAL_PROFILE_OBSERVER,PF_MODEL_NATIVE_DRIVING_TRAJECTORY_NOT_RESISTANCE
DBTT,TRANSPORT_EXTREME,oneD_v2_dbtt_TP_f07fe99faea93479,oneD_v2_DBTT_spatial_01_transport_extreme,1100.0,1008666,300.0,0,0,175,1372.6854663459787,3.268298729395195e-05,7119657.341237992,6925.83729142286,55.508160779005244,55.508160779005244,55.508160779005244,-3.7241879912511253,20.085760414234564,8013059063.251562,0.0,2.931106565679095,2.931106565679095,7.637251966364048,0.15052035366907215,7.983259790945817,0.0,25248.927392420424,1505.7790736411396,"[3209272213.951023, -3200678897.6873136]","[[-206353476.27408457, -9432336.97514665], [-9432336.97514665, 6410120606.400327]]","[[[-43421329.29103419, 57637298.84734758], [57637298.84734758, 6375123098.611012]], [[-40132753.75675474, -69414276.72381382], [-69414276.72381382, 6361225041.617872]]]",1747147678466.5435,8002151536228.009,2.0,7.129993141702471,1.6976174146910767e-07,False,False,/private/tmp/oneD-v2-taylor-peierls-spatial-pf-runs/oneD_v2_DBTT_spatial_01_transport_extreme/T1100K_seed1008666/steps_1100K.csv,2da79c0f06165ce739aa3a010d6f3ab0ce74bfe7928f3959f6591a1cc0d15c07,/private/tmp/oneD-v2-taylor-peierls-spatial-pf-runs/oneD_v2_DBTT_spatial_01_transport_extreme/T1100K_seed1008666/anisotropic_emission_audit_v10174.json,d66129e9f350ddb673931b47a84cfb1203764993bd1c0b198095f8bbeb9c7bae,FULL_ACTIVE_AND_WAKE_SPATIAL_PROFILE_OBSERVER,PF_MODEL_NATIVE_DRIVING_TRAJECTORY_NOT_RESISTANCE
DBTT,TRANSPORT_EXTREME,oneD_v2_dbtt_TP_f07fe99faea93479,oneD_v2_DBTT_spatial_01_transport_extreme,1100.0,1008666,300.0,1,0,195,1379.8154594876812,3.285274903542106e-05,7156468.955681009,7220.319136107772,56.67596092020408,56.67596092020408,56.67596092020408,-3.7387388344498342,20.3445402633293,8116297286.371354,2.931106565679095,7.415929780049919,4.484823214370824,7.760720160028002,0.1491398840103314,8.057169120819811,0.0,25435.502752894525,1516.0891264050888,"[3550688952.8638787, -3539923964.328612]","[[664204082.847282, -13225995.612463342], [-13225995.612463342, 7150053415.577503]]","[[[-15318414.236943938, -82134162.55609031], [-82134162.55609031, 7086059491.490813]], [[-11372064.67687968, 63145355.53402442], [63145355.53402442, 7068475863.980344]]]",1747147678466.5435,8002151536228.008,2.0,0.1078724501146553,2.568391669394881e-09,False,False,/private/tmp/oneD-v2-taylor-peierls-spatial-pf-runs/oneD_v2_DBTT_spatial_01_transport_extreme/T1100K_seed1008666/steps_1100K.csv,2da79c0f06165ce739aa3a010d6f3ab0ce74bfe7928f3959f6591a1cc0d15c07,/private/tmp/oneD-v2-taylor-peierls-spatial-pf-runs/oneD_v2_DBTT_spatial_01_transport_extreme/T1100K_seed1008666/anisotropic_emission_audit_v10174.json,d66129e9f350ddb673931b47a84cfb1203764993bd1c0b198095f8bbeb9c7bae,FULL_ACTIVE_AND_WAKE_SPATIAL_PROFILE_OBSERVER,PF_MODEL_NATIVE_DRIVING_TRAJECTORY_NOT_RESISTANCE
DBTT,TRANSPORT_EXTREME,oneD_v2_dbtt_TP_f07fe99faea93479,oneD_v2_DBTT_spatial_01_transport_extreme,1100.0,1008666,300.0,2,0,210,1379.9233319377959,3.2855317427090455e-05,7156428.384419236,7671.759064279182,58.420890542455,58.420890542455,58.420890542455,-3.835879523910118,20.771951708851606,8286809783.117696,7.415929780049919,10.475434902500647,3.059505122450728,7.9100956892379735,0.14751945334334216,8.145695779450827,0.0,26124.574532247458,1528.4806315085798,"[3913088949.9888787, -3903242940.4095774]","[[1555861226.9728818, -18061282.304280844], [-18061282.304280844, 7940903966.205058]]","[[[526042091.69002974, -131143081.87777928], [-131143081.87777928, 8352219991.667787]], [[524127077.25355977, 98934471.33744235], [98934471.33744235, 8330612958.072714]]]",5241443035399.63,24006454608684.023,6.0,0.0017884513686112768,4.258217544306393e-11,False,False,/private/tmp/oneD-v2-taylor-peierls-spatial-pf-runs/oneD_v2_DBTT_spatial_01_transport_extreme/T1100K_seed1008666/steps_1100K.csv,2da79c0f06165ce739aa3a010d6f3ab0ce74bfe7928f3959f6591a1cc0d15c07,/private/tmp/oneD-v2-taylor-peierls-spatial-pf-runs/oneD_v2_DBTT_spatial_01_transport_extreme/T1100K_seed1008666/anisotropic_emission_audit_v10174.json,d66129e9f350ddb673931b47a84cfb1203764993bd1c0b198095f8bbeb9c7bae,FULL_ACTIVE_AND_WAKE_SPATIAL_PROFILE_OBSERVER,PF_MODEL_NATIVE_DRIVING_TRAJECTORY_NOT_RESISTANCE
DBTT,TRANSPORT_EXTREME,oneD_v2_dbtt_TP_f07fe99faea93479,oneD_v2_DBTT_spatial_01_transport_extreme,1100.0,1008666,300.0,3,0,222,1379.9251203891645,3.28553600092659e-05,7155803.782614687,8032.35966517047,59.77812222026081,59.77812222026081,59.77812222026081,-3.6719475387307727,21.534981773882095,8591214737.275812,10.475434902500647,17.738586165025698,7.263151262525049,7.705405884121575,0.14975362604768397,8.024140053511852,0.0,25239.47261717613,1511.4778090198183,"[4038187982.79643, -4025525035.6601686]","[[2107984926.0660563, -21422628.72804273], [-21422628.72804273, 8680775544.966562]]","[[[854567890.61958, -183254553.74677002], [-183254553.74677002, 8930943856.21244]], [[850727172.216839, 146192215.11299554], [146192215.11299554, 8901777243.537176]]]",12230033749265.803,56015060753596.06,14.0,2.3921711544971913e-06,5.695646048981678e-14,False,False,/private/tmp/oneD-v2-taylor-peierls-spatial-pf-runs/oneD_v2_DBTT_spatial_01_transport_extreme/T1100K_seed1008666/steps_1100K.csv,2da79c0f06165ce739aa3a010d6f3ab0ce74bfe7928f3959f6591a1cc0d15c07,/private/tmp/oneD-v2-taylor-peierls-spatial-pf-runs/oneD_v2_DBTT_spatial_01_transport_extreme/T1100K_seed1008666/anisotropic_emission_audit_v10174.json,d66129e9f350ddb673931b47a84cfb1203764993bd1c0b198095f8bbeb9c7bae,FULL_ACTIVE_AND_WAKE_SPATIAL_PROFILE_OBSERVER,PF_MODEL_NATIVE_DRIVING_TRAJECTORY_NOT_RESISTANCE
DBTT,TRANSPORT_EXTREME,oneD_v2_dbtt_TP_f07fe99faea93479,oneD_v2_DBTT_spatial_01_transport_extreme,1100.0,1008666,300.0,4,0,232,1379.9251227813356,3.285536006622236e-05,7151183.483001704,9814.318713094695,66.07706950965316,66.07706950965316,66.07706950965316,-3.0306813271282698,25.919554005669866,10340405982.010025,17.738586165025698,28.2064547972602,10.467868632234504,6.498999433213969,0.16536262651009287,7.265604351494743,5.316337592375936e-09,21273.821454733006,1407.708616942127,"[3712962379.3703403, -3594977259.7740216]","[[2735134457.0273857, -230093758.42365593], [-230093758.42365593, 10263250665.729921]]","[[[2419942607.3952856, -1727917639.3587706], [-1727917639.3587706, 9845867366.135967]], [[2425886779.0096726, 1623266285.431613], [1623266285.431613, 9615841298.557716]]]",10482886070799.26,48012909217368.06,12.0,1.108996912080329e-06,2.6404727471347755e-14,False,False,/private/tmp/oneD-v2-taylor-peierls-spatial-pf-runs/oneD_v2_DBTT_spatial_01_transport_extreme/T1100K_seed1008666/steps_1100K.csv,2da79c0f06165ce739aa3a010d6f3ab0ce74bfe7928f3959f6591a1cc0d15c07,/private/tmp/oneD-v2-taylor-peierls-spatial-pf-runs/oneD_v2_DBTT_spatial_01_transport_extreme/T1100K_seed1008666/anisotropic_emission_audit_v10174.json,d66129e9f350ddb673931b47a84cfb1203764993bd1c0b198095f8bbeb9c7bae,FULL_ACTIVE_AND_WAKE_SPATIAL_PROFILE_OBSERVER,PF_MODEL_NATIVE_DRIVING_TRAJECTORY_NOT_RESISTANCE
DBTT,TRANSPORT_EXTREME,oneD_v2_dbtt_TP_f07fe99faea93479,oneD_v2_DBTT_spatial_01_transport_extreme,1100.0,1008666,300.0,5,0,242,1379.9251238903325,3.2855360092627086e-05,7142289.866704628,10607.664054645418,68.69586143631388,68.69586143631388,68.69586143631388,-3.375850376217692,25.711671232884758,10257472754.57896,28.2064547972602,33.059301215423474,4.852846418163278,7.138394333841992,0.15651573036920408,7.677377904248225,6.005620889514991e-09,24032.5631219376,1463.4821699295142,"[4595723908.027163, -4576298574.171295]","[[5103555591.085916, 8020874.762898864], [8020874.762898864, 12043326660.673655]]","[[[2779448649.8508277, -593332581.6841378], [-593332581.6841378, 11970896465.905153]], [[2813914738.4656677, 607154403.3922755], [607154403.3922755, 11966511886.808258]]]",5241443035399.63,24006454608684.027,6.0,8.400002116104588e-08,2.000000642529698e-15,False,False,/private/tmp/oneD-v2-taylor-peierls-spatial-pf-runs/oneD_v2_DBTT_spatial_01_transport_extreme/T1100K_seed1008666/steps_1100K.csv,2da79c0f06165ce739aa3a010d6f3ab0ce74bfe7928f3959f6591a1cc0d15c07,/private/tmp/oneD-v2-taylor-peierls-spatial-pf-runs/oneD_v2_DBTT_spatial_01_transport_extreme/T1100K_seed1008666/anisotropic_emission_audit_v10174.json,d66129e9f350ddb673931b47a84cfb1203764993bd1c0b198095f8bbeb9c7bae,FULL_ACTIVE_AND_WAKE_SPATIAL_PROFILE_OBSERVER,PF_MODEL_NATIVE_DRIVING_TRAJECTORY_NOT_RESISTANCE
DBTT,TRANSPORT_EXTREME,oneD_v2_dbtt_TP_f07fe99faea93479,oneD_v2_DBTT_spatial_01_transport_extreme,1100.0,1008666,300.0,6,0,243,1379.9251239743326,3.2855360094627086e-05,7139783.684726501,10692.843790544215,68.97112445979249,68.97112445979249,68.97112445979249,-3.476635733233395,25.27317274611384,10082537168.313993,33.059301215423474,35.35664131104838,2.2973400956249024,7.447578359033133,0.1527177865033888,7.868343683710005,6.2332219391077964e-09,24940.31627925128,1489.819348738905,"[4711069324.607982, -4686424482.447]","[[5394819633.407337, 5423346.859327789], [5423346.859327789, 11914330330.870884]]","[[[2734028363.5611067, -525755927.9632299], [-525755927.9632299, 12156167012.777071]], [[2773092312.5734076, 531257652.70740867], [531257652.70740867, 12145941277.467407]]]",87357383923327.16,400107576811400.1,100.0,1.198895915877074e-06,2.854514584774148e-14,False,False,/private/tmp/oneD-v2-taylor-peierls-spatial-pf-runs/oneD_v2_DBTT_spatial_01_transport_extreme/T1100K_seed1008666/steps_1100K.csv,2da79c0f06165ce739aa3a010d6f3ab0ce74bfe7928f3959f6591a1cc0d15c07,/private/tmp/oneD-v2-taylor-peierls-spatial-pf-runs/oneD_v2_DBTT_spatial_01_transport_extreme/T1100K_seed1008666/anisotropic_emission_audit_v10174.json,d66129e9f350ddb673931b47a84cfb1203764993bd1c0b198095f8bbeb9c7bae,FULL_ACTIVE_AND_WAKE_SPATIAL_PROFILE_OBSERVER,PF_MODEL_NATIVE_DRIVING_TRAJECTORY_NOT_RESISTANCE
DBTT,TRANSPORT_EXTREME,oneD_v2_dbtt_TP_f07fe99faea93479,oneD_v2_DBTT_spatial_01_transport_extreme,1100.0,1008666,300.0,7,0,253,1379.9251251732285,3.285536012317223e-05,7138217.426976443,10757.978025611616,69.18087039228645,69.18087039228645,69.18087039228645,-3.6074066031854977,25.179482279689726,10045160079.986883,35.35664131104838,40.602872086987624,5.246230775939242,7.548809243417297,0.15153311395588787,7.929883594771524,6.601112545513739e-09,26413.97815047175,1498.3556408112863,"[4549429755.303795, -4531378321.600454]","[[4890876953.581372, 5946689.862568059], [5946689.862568059, 11163989281.026083]]","[[[2900665956.2789187, -454677103.75596124], [-454677103.75596124, 11999525466.886509]], [[2940760773.356849, 451965581.499906], [451965581.499906, 12003517416.557758]]]",5241443035399.63,24006454608684.027,6.0,1.1270390132267494e-06,2.6834274819559356e-14,False,False,/private/tmp/oneD-v2-taylor-peierls-spatial-pf-runs/oneD_v2_DBTT_spatial_01_transport_extreme/T1100K_seed1008666/steps_1100K.csv,2da79c0f06165ce739aa3a010d6f3ab0ce74bfe7928f3959f6591a1cc0d15c07,/private/tmp/oneD-v2-taylor-peierls-spatial-pf-runs/oneD_v2_DBTT_spatial_01_transport_extreme/T1100K_seed1008666/anisotropic_emission_audit_v10174.json,d66129e9f350ddb673931b47a84cfb1203764993bd1c0b198095f8bbeb9c7bae,FULL_ACTIVE_AND_WAKE_SPATIAL_PROFILE_OBSERVER,PF_MODEL_NATIVE_DRIVING_TRAJECTORY_NOT_RESISTANCE
DBTT,TRANSPORT_EXTREME,oneD_v2_dbtt_TP_f07fe99faea93479,oneD_v2_DBTT_spatial_01_transport_extreme,1100.0,1008666,300.0,8,0,263,1379.9251263002675,3.285536015000651e-05,7133949.751602963,10910.989818721204,69.67111654756877,69.67111654756877,69.67111654756877,-3.329557850628172,25.62300032102714,10222098178.797207,40.602872086987624,45.534666691946185,4.931794604958564,7.393423389965926,0.15336306288766122,7.8352560189311715,6.2605067799989595e-09,25050.920021275822,1485.2352867740958,"[4653171095.887923, -4657226712.281542]","[[4661135793.31411, 12901370.70786222], [12901370.70786222, 11932639816.996801]]","[[[2976689365.5809255, -1060560310.8287679], [-1060560310.8287679, 12283031557.356773]], [[2990695988.8560324, 1073742417.0380785], [1073742417.0380785, 12305149413.419117]]]",5241443035399.63,24006454608684.027,6.0,8.400002116104588e-08,2.000000642529698e-15,False,False,/private/tmp/oneD-v2-taylor-peierls-spatial-pf-runs/oneD_v2_DBTT_spatial_01_transport_extreme/T1100K_seed1008666/steps_1100K.csv,2da79c0f06165ce739aa3a010d6f3ab0ce74bfe7928f3959f6591a1cc0d15c07,/private/tmp/oneD-v2-taylor-peierls-spatial-pf-runs/oneD_v2_DBTT_spatial_01_transport_extreme/T1100K_seed1008666/anisotropic_emission_audit_v10174.json,d66129e9f350ddb673931b47a84cfb1203764993bd1c0b198095f8bbeb9c7bae,FULL_ACTIVE_AND_WAKE_SPATIAL_PROFILE_OBSERVER,PF_MODEL_NATIVE_DRIVING_TRAJECTORY_NOT_RESISTANCE
DBTT,TRANSPORT_EXTREME,oneD_v2_dbtt_TP_f07fe99faea93479,oneD_v2_DBTT_spatial_01_transport_extreme,1100.0,1008666,300.0,9,0,264,1379.9251263842675,3.285536015200651e-05,7131067.388218999,10940.859222151423,69.76641552745228,69.76641552745228,69.76641552745228,-3.3160201180718545,25.424453108167544,10142889300.931652,45.534666691946185,47.83200678757109,2.2973400956249024,7.5299064549295895,0.15175223422685133,7.918441861946631,6.312347978451715e-09,25260.831794424495,1496.7648754089605,"[4520576521.528616, -4510929301.770351]","[[4342433553.852022, -394508.5845209401], [-394508.5845209401, 11446408340.695526]]","[[[3490926527.884678, -580780718.6457767], [-580780718.6457767, 12532079570.941912]], [[3473329217.566724, 639175542.5241598], [639175542.5241598, 12495187821.107426]]]",87357383923327.16,400107576811400.1,100.0,1.6800004232209176e-07,4.000001285059396e-15,False,False,/private/tmp/oneD-v2-taylor-peierls-spatial-pf-runs/oneD_v2_DBTT_spatial_01_transport_extreme/T1100K_seed1008666/steps_1100K.csv,2da79c0f06165ce739aa3a010d6f3ab0ce74bfe7928f3959f6591a1cc0d15c07,/private/tmp/oneD-v2-taylor-peierls-spatial-pf-runs/oneD_v2_DBTT_spatial_01_transport_extreme/T1100K_seed1008666/anisotropic_emission_audit_v10174.json,d66129e9f350ddb673931b47a84cfb1203764993bd1c0b198095f8bbeb9c7bae,FULL_ACTIVE_AND_WAKE_SPATIAL_PROFILE_OBSERVER,PF_MODEL_NATIVE_DRIVING_TRAJECTORY_NOT_RESISTANCE
DBTT,TRANSPORT_EXTREME,oneD_v2_dbtt_TP_f07fe99faea93479,oneD_v2_DBTT_spatial_01_transport_extreme,1100.0,1008666,300.0,10,0,266,1379.9251265522676,3.285536015600651e-05,7127495.019184056,11068.480973775764,70.17213767182882,70.17213767182882,70.17213767182882,-2.5637472923799893,28.33383766984017,11303565812.530054,47.83200678757109,50.12934688319599,2.2973400956249024,6.133644635322059,0.1711441552645751,7.020992894689632,4.947196431156561e-09,19795.688093936747,1375.0218234821207,"[3958161237.282341, -3974010623.1343946]","[[3924347992.308059, -18092308.319998033], [-18092308.319998033, 12663061806.915703]]","[[[2949863014.0208974, -1544106731.5779448], [-1544106731.5779448, 10866185488.58558]], [[2967544565.334699, 1618250113.6880796], [1618250113.6880796, 10915565811.603489]]]",5241443035399.63,24006454608684.027,6.0,171.31619265600216,4.0789569679999644e-06,True,False,/private/tmp/oneD-v2-taylor-peierls-spatial-pf-runs/oneD_v2_DBTT_spatial_01_transport_extreme/T1100K_seed1008666/steps_1100K.csv,2da79c0f06165ce739aa3a010d6f3ab0ce74bfe7928f3959f6591a1cc0d15c07,/private/tmp/oneD-v2-taylor-peierls-spatial-pf-runs/oneD_v2_DBTT_spatial_01_transport_extreme/T1100K_seed1008666/anisotropic_emission_audit_v10174.json,d66129e9f350ddb673931b47a84cfb1203764993bd1c0b198095f8bbeb9c7bae,FULL_ACTIVE_AND_WAKE_SPATIAL_PROFILE_OBSERVER,PF_MODEL_NATIVE_DRIVING_TRAJECTORY_NOT_RESISTANCE
DBTT,TRANSPORT_EXTREME,oneD_v2_dbtt_TP_f07fe99faea93479,oneD_v2_DBTT_spatial_01_transport_extreme,1100.0,1008666,300.0,11,1,299,1551.2413192082697,3.6934317124006473e-05,8069049.85340206,5436.065854945047,49.17711533271691,49.17711533271691,49.17711533271691,-2.066524759548096,21.412762103432556,8542456143.236762,50.12934688319599,52.42668697882088,2.2973400956248953,5.274492947535005,0.1875512173328355,6.406047143674218,0.0,16221.739900308876,1295.7747461722956,"[4044697473.678897, -3938179277.51206]","[[4572443456.335131, 93725274.76946747], [93725274.76946747, 10623447846.812473]]","[[[2446632257.3983607, -481525471.9958349], [-481525471.9958349, 10536027204.756155]], [[2677610835.902256, 595735352.539438], [595735352.539438, 10553969390.926376]]]",85610236244860.62,392105425275172.1,98.0,0.374191348421391,8.909317819559277e-09,False,False,/private/tmp/oneD-v2-taylor-peierls-spatial-pf-runs/oneD_v2_DBTT_spatial_01_transport_extreme/T1100K_seed1008666/steps_1100K.csv,2da79c0f06165ce739aa3a010d6f3ab0ce74bfe7928f3959f6591a1cc0d15c07,/private/tmp/oneD-v2-taylor-peierls-spatial-pf-runs/oneD_v2_DBTT_spatial_01_transport_extreme/T1100K_seed1008666/anisotropic_emission_audit_v10174.json,d66129e9f350ddb673931b47a84cfb1203764993bd1c0b198095f8bbeb9c7bae,FULL_ACTIVE_AND_WAKE_SPATIAL_PROFILE_OBSERVER,PF_MODEL_NATIVE_DRIVING_TRAJECTORY_NOT_RESISTANCE
DBTT,TRANSPORT_EXTREME,oneD_v2_dbtt_TP_f07fe99faea93479,oneD_v2_DBTT_spatial_01_transport_extreme,1100.0,1008666,300.0,12,1,321,1551.615510556691,3.694322644182603e-05,8070154.081989805,5531.373895529149,49.60634201322337,49.60634201322337,49.60634201322337,-2.0984895599732836,21.115779738878,8423977321.482358,52.42668697882088,56.677418122201125,4.250731143380243,5.518997026333003,0.18240859356859393,6.58669347147795,0.0,17023.871348275847,1318.6646471845254,"[3982855476.2712255, -3876086794.7220626]","[[4559918361.071802, 87040338.67731097], [87040338.67731097, 10083232901.207573]]","[[[2199594840.593637, -397229808.83652866], [-397229808.83652866, 10165305793.136087]], [[2420161271.8178735, 500610655.1675781], [500610655.1675781, 10172334861.262]]]",1747147678466.5435,8002151536228.009,2.0,1.1388205098376147,2.71147740437422e-08,False,False,/private/tmp/oneD-v2-taylor-peierls-spatial-pf-runs/oneD_v2_DBTT_spatial_01_transport_extreme/T1100K_seed1008666/steps_1100K.csv,2da79c0f06165ce739aa3a010d6f3ab0ce74bfe7928f3959f6591a1cc0d15c07,/private/tmp/oneD-v2-taylor-peierls-spatial-pf-runs/oneD_v2_DBTT_spatial_01_transport_extreme/T1100K_seed1008666/anisotropic_emission_audit_v10174.json,d66129e9f350ddb673931b47a84cfb1203764993bd1c0b198095f8bbeb9c7bae,FULL_ACTIVE_AND_WAKE_SPATIAL_PROFILE_OBSERVER,PF_MODEL_NATIVE_DRIVING_TRAJECTORY_NOT_RESISTANCE
DBTT,TRANSPORT_EXTREME,oneD_v2_dbtt_TP_f07fe99faea93479,oneD_v2_DBTT_spatial_01_transport_extreme,1100.0,1008666,300.0,13,1,339,1552.7543310665287,3.6970341215869775e-05,8074201.516156003,5741.6732302208475,50.540546244177875,50.540546244177875,50.540546244177875,-2.1034124322336423,21.329224078538015,8509129293.085103,56.677418122201125,64.60637726595918,7.9289591437580516,5.614741279593782,0.18050703921438918,6.656109356724498,0.0,18244.879094973803,1327.5558482508732,"[4152472394.484015, -4041630002.9356728]","[[4143422257.738411, 85747559.3967763], [85747559.3967763, 10248462259.290623]]","[[[2398735551.715497, -697201214.1264293], [-697201214.1264293, 10703680340.683527]], [[2477133867.560239, 800159780.0804515], [800159780.0804515, 10560393873.431585]]]",10482886070799.26,48012909217368.06,12.0,0.0005135721094120527,1.2227907366670586e-11,False,False,/private/tmp/oneD-v2-taylor-peierls-spatial-pf-runs/oneD_v2_DBTT_spatial_01_transport_extreme/T1100K_seed1008666/steps_1100K.csv,2da79c0f06165ce739aa3a010d6f3ab0ce74bfe7928f3959f6591a1cc0d15c07,/private/tmp/oneD-v2-taylor-peierls-spatial-pf-runs/oneD_v2_DBTT_spatial_01_transport_extreme/T1100K_seed1008666/anisotropic_emission_audit_v10174.json,d66129e9f350ddb673931b47a84cfb1203764993bd1c0b198095f8bbeb9c7bae,FULL_ACTIVE_AND_WAKE_SPATIAL_PROFILE_OBSERVER,PF_MODEL_NATIVE_DRIVING_TRAJECTORY_NOT_RESISTANCE
DBTT,TRANSPORT_EXTREME,oneD_v2_dbtt_TP_f07fe99faea93479,oneD_v2_DBTT_spatial_01_transport_extreme,1100.0,1008666,300.0,14,1,340,1552.7548446386381,3.697035344377714e-05,8070097.110708312,6169.5215357079205,52.3897634576435,52.3897634576435,52.3897634576435,-1.6964298458378342,22.7426564179793,9073007213.77494,64.60637726595918,73.04590364404542,8.439526378086239,5.306528419545294,0.1868525801686844,6.429332047155987,0.0,16194.68601185246,1298.78870148093,"[3637500301.14461, -3783739349.178013]","[[4184661840.764112, -30294161.439015675], [-30294161.439015675, 10504244930.376123]]","[[[2107204098.735186, -1234673007.2486238], [-1234673007.2486238, 9382204701.024406]], [[2853621804.792762, 1157573468.5266511], [1157573468.5266511, 10421100503.148788]]]",150254700348122.44,688185032115608.1,172.0,2.5200006348313764e-07,6.000001927589094e-15,False,False,/private/tmp/oneD-v2-taylor-peierls-spatial-pf-runs/oneD_v2_DBTT_spatial_01_transport_extreme/T1100K_seed1008666/steps_1100K.csv,2da79c0f06165ce739aa3a010d6f3ab0ce74bfe7928f3959f6591a1cc0d15c07,/private/tmp/oneD-v2-taylor-peierls-spatial-pf-runs/oneD_v2_DBTT_spatial_01_transport_extreme/T1100K_seed1008666/anisotropic_emission_audit_v10174.json,d66129e9f350ddb673931b47a84cfb1203764993bd1c0b198095f8bbeb9c7bae,FULL_ACTIVE_AND_WAKE_SPATIAL_PROFILE_OBSERVER,PF_MODEL_NATIVE_DRIVING_TRAJECTORY_NOT_RESISTANCE
DBTT,TRANSPORT_EXTREME,oneD_v2_dbtt_TP_f07fe99faea93479,oneD_v2_DBTT_spatial_01_transport_extreme,1100.0,1008666,300.0,15,1,343,1552.7548448906382,3.6970353449777144e-05,7999041.955943545,13552.333967703596,77.64754748604301,77.64754748604301,77.64754748604301,-2.6219740713449804,27.70236713494359,11051645517.332098,73.04590364404542,75.34297779768553,2.297074153640119,7.856366313110035,0.1480962113976458,8.112578455617108,6.428990673492362e-09,25724.55547223436,1524.0337391527555,"[4937090848.477827, -4757203660.968801]","[[6104767640.423355, 372027099.3851811], [372027099.3851811, 13211733030.667276]]","[[[3378812483.059775, -465218195.99400544], [-465218195.99400544, 13252994180.01543]], [[3864103051.769862, 846926252.8459992], [846926252.8459992, 13378510373.707464]]]",3494295356933.087,16004303072456.018,4.0,5.040001269662753e-07,1.199999707891461e-14,False,False,/private/tmp/oneD-v2-taylor-peierls-spatial-pf-runs/oneD_v2_DBTT_spatial_01_transport_extreme/T1100K_seed1008666/steps_1100K.csv,2da79c0f06165ce739aa3a010d6f3ab0ce74bfe7928f3959f6591a1cc0d15c07,/private/tmp/oneD-v2-taylor-peierls-spatial-pf-runs/oneD_v2_DBTT_spatial_01_transport_extreme/T1100K_seed1008666/anisotropic_emission_audit_v10174.json,d66129e9f350ddb673931b47a84cfb1203764993bd1c0b198095f8bbeb9c7bae,FULL_ACTIVE_AND_WAKE_SPATIAL_PROFILE_OBSERVER,PF_MODEL_NATIVE_DRIVING_TRAJECTORY_NOT_RESISTANCE
DBTT,TRANSPORT_EXTREME,oneD_v2_dbtt_TP_f07fe99faea93479,oneD_v2_DBTT_spatial_01_transport_extreme,1100.0,1008666,300.0,16,1,349,1552.7548453946383,3.697035346177714e-05,7997616.925200233,13780.631808496431,78.29882773848438,78.29882773848438,78.29882773848438,-2.7279237620901733,27.282745566878802,10884240732.062708,75.34297779768553,77.64005195132565,2.2970741536401054,8.236342048714745,0.14415639465336946,8.334474180335663,6.8773715615269276e-09,27519.04430647406,1555.2392013327421,"[4854464704.670835, -4685833372.01793]","[[6183922288.658507, 287592496.40119874], [287592496.40119874, 12402468731.352896]]","[[[3105645166.996611, -349764900.4412549], [-349764900.4412549, 12814574576.338282]], [[3511812167.469432, 700139091.5148172], [700139091.5148172, 12883478911.505291]]]",13977181427732.346,64017212289824.09,16.0,3.360000846441835e-07,8.00000934638237e-15,False,False,/private/tmp/oneD-v2-taylor-peierls-spatial-pf-runs/oneD_v2_DBTT_spatial_01_transport_extreme/T1100K_seed1008666/steps_1100K.csv,2da79c0f06165ce739aa3a010d6f3ab0ce74bfe7928f3959f6591a1cc0d15c07,/private/tmp/oneD-v2-taylor-peierls-spatial-pf-runs/oneD_v2_DBTT_spatial_01_transport_extreme/T1100K_seed1008666/anisotropic_emission_audit_v10174.json,d66129e9f350ddb673931b47a84cfb1203764993bd1c0b198095f8bbeb9c7bae,FULL_ACTIVE_AND_WAKE_SPATIAL_PROFILE_OBSERVER,PF_MODEL_NATIVE_DRIVING_TRAJECTORY_NOT_RESISTANCE
DBTT,TRANSPORT_EXTREME,oneD_v2_dbtt_TP_f07fe99faea93479,oneD_v2_DBTT_spatial_01_transport_extreme,1100.0,1008666,300.0,17,1,353,1552.7548457306384,3.697035346977715e-05,7996166.625400731,13993.203515929152,78.90041192326686,78.90041192326686,78.90041192326686,-2.6882718139185484,27.293431795768825,10888503920.584984,77.64005195132565,79.93712610496574,2.2970741536401054,8.356843115072065,0.14297116212526728,8.40418892719443,6.9755969893802786e-09,27911.282277628343,1565.018964826263,"[4988604333.516877, -4861003557.8477125]","[[6266477090.988596, 401695371.61972976], [401695371.61972976, 12905251607.608036]]","[[[3279227540.529312, -479337370.93087286], [-479337370.93087286, 13256436207.563066]], [[3466164615.3784943, 904417864.037859], [904417864.037859, 13188171731.073921]]]",13977181427732.346,64017212289824.09,16.0,3.360000846441835e-07,8.000002570118792e-15,False,False,/private/tmp/oneD-v2-taylor-peierls-spatial-pf-runs/oneD_v2_DBTT_spatial_01_transport_extreme/T1100K_seed1008666/steps_1100K.csv,2da79c0f06165ce739aa3a010d6f3ab0ce74bfe7928f3959f6591a1cc0d15c07,/private/tmp/oneD-v2-taylor-peierls-spatial-pf-runs/oneD_v2_DBTT_spatial_01_transport_extreme/T1100K_seed1008666/anisotropic_emission_audit_v10174.json,d66129e9f350ddb673931b47a84cfb1203764993bd1c0b198095f8bbeb9c7bae,FULL_ACTIVE_AND_WAKE_SPATIAL_PROFILE_OBSERVER,PF_MODEL_NATIVE_DRIVING_TRAJECTORY_NOT_RESISTANCE
DBTT,TRANSPORT_EXTREME,oneD_v2_dbtt_TP_f07fe99faea93479,oneD_v2_DBTT_spatial_01_transport_extreme,1100.0,1008666,300.0,18,1,357,1552.7548460666385,3.697035347777715e-05,7994397.57832711,14217.882907361609,79.53131475124424,79.53131475124424,79.53131475124424,-2.835456631213693,26.40042062606707,10532244008.120216,79.93712610496574,82.23340249422276,2.2962763892570144,9.075167116560559,0.13646534695080248,8.804830880196642,7.62133822776111e-09,30496.653990145143,1622.2057002039624,"[5161026631.2377205, -5020702320.547797]","[[5784003282.392742, 232440518.22823238], [232440518.22823238, 12218769601.778141]]","[[[3592346288.7486434, -559056257.7463975], [-559056257.7463975, 13914399551.224085]], [[3588375516.001556, 978609007.2522781], [978609007.2522781, 13629780157.097149]]]",3494295356933.087,16004303072456.018,4.0,4.02363025386876e-06,9.580074092959551e-14,False,False,/private/tmp/oneD-v2-taylor-peierls-spatial-pf-runs/oneD_v2_DBTT_spatial_01_transport_extreme/T1100K_seed1008666/steps_1100K.csv,2da79c0f06165ce739aa3a010d6f3ab0ce74bfe7928f3959f6591a1cc0d15c07,/private/tmp/oneD-v2-taylor-peierls-spatial-pf-runs/oneD_v2_DBTT_spatial_01_transport_extreme/T1100K_seed1008666/anisotropic_emission_audit_v10174.json,d66129e9f350ddb673931b47a84cfb1203764993bd1c0b198095f8bbeb9c7bae,FULL_ACTIVE_AND_WAKE_SPATIAL_PROFILE_OBSERVER,PF_MODEL_NATIVE_DRIVING_TRAJECTORY_NOT_RESISTANCE
DBTT,TRANSPORT_EXTREME,oneD_v2_dbtt_TP_f07fe99faea93479,oneD_v2_DBTT_spatial_01_transport_extreme,1100.0,1008666,300.0,19,1,367,1552.7548500902687,3.6970353573577893e-05,7992261.190559656,14485.072616475743,80.27513298429145,80.27513298429145,80.27513298429145,-1.92739823426952,27.472604774359272,10959983597.250174,82.23340249422276,100.16094124707362,17.927538752850865,8.538122679872206,0.14124193592392664,8.50663850043557,7.108610589707815e-09,28442.42678281982,1579.6284988837388,"[5015283473.23151, -4851098838.2618475]","[[5550708971.225317, 209960738.00901014], [209960738.00901014, 12856003695.380306]]","[[[3396764945.7620354, -756998697.0491767], [-756998697.0491767, 13427331892.225058]], [[3521386247.9877954, 1107637619.1197932], [1107637619.1197932, 13223583924.511492]]]",24460067498531.617,112030121507192.11,28.0,2.5200006348313764e-07,6.000001927589094e-15,False,False,/private/tmp/oneD-v2-taylor-peierls-spatial-pf-runs/oneD_v2_DBTT_spatial_01_transport_extreme/T1100K_seed1008666/steps_1100K.csv,2da79c0f06165ce739aa3a010d6f3ab0ce74bfe7928f3959f6591a1cc0d15c07,/private/tmp/oneD-v2-taylor-peierls-spatial-pf-runs/oneD_v2_DBTT_spatial_01_transport_extreme/T1100K_seed1008666/anisotropic_emission_audit_v10174.json,d66129e9f350ddb673931b47a84cfb1203764993bd1c0b198095f8bbeb9c7bae,FULL_ACTIVE_AND_WAKE_SPATIAL_PROFILE_OBSERVER,PF_MODEL_NATIVE_DRIVING_TRAJECTORY_NOT_RESISTANCE
DBTT,TRANSPORT_EXTREME,oneD_v2_dbtt_TP_f07fe99faea93479,oneD_v2_DBTT_spatial_01_transport_extreme,1100.0,1008666,300.0,20,1,370,1552.7548503422688,3.6970353579577895e-05,7960201.791703992,19472.037736771686,93.0735751939746,93.0735751939746,93.0735751939746,-1.8965816748988047,31.540246245721356,12582737761.690804,100.16094124707362,102.45801540071372,2.297074153640092,8.708084483529467,0.13967638431671148,8.601677194920072,7.3382580020898375e-09,29359.55803365888,1593.2155125825172,"[5631270066.93831, -5423626294.745667]","[[8103160991.338844, 253004989.75432473], [253004989.75432473, 16096598073.99889]]","[[[4765024122.1051, -519310507.5381694], [-519310507.5381694, 16027564255.98172]], [[5260232946.991687, 956083928.285589], [956083928.285589, 16107485536.48302]]]",20965772141598.523,96025818434736.11,24.0,4.200001058052294e-07,1.000000321264849e-14,False,False,/private/tmp/oneD-v2-taylor-peierls-spatial-pf-runs/oneD_v2_DBTT_spatial_01_transport_extreme/T1100K_seed1008666/steps_1100K.csv,2da79c0f06165ce739aa3a010d6f3ab0ce74bfe7928f3959f6591a1cc0d15c07,/private/tmp/oneD-v2-taylor-peierls-spatial-pf-runs/oneD_v2_DBTT_spatial_01_transport_extreme/T1100K_seed1008666/anisotropic_emission_audit_v10174.json,d66129e9f350ddb673931b47a84cfb1203764993bd1c0b198095f8bbeb9c7bae,FULL_ACTIVE_AND_WAKE_SPATIAL_PROFILE_OBSERVER,PF_MODEL_NATIVE_DRIVING_TRAJECTORY_NOT_RESISTANCE
DBTT,TRANSPORT_EXTREME,oneD_v2_dbtt_TP_f07fe99faea93479,oneD_v2_DBTT_spatial_01_transport_extreme,1100.0,1008666,300.0,21,1,375,1552.754850762269,3.69703535895779e-05,7958058.091637181,19704.319689767257,93.62706681169664,93.62706681169664,93.62706681169664,-1.942204911772006,30.77723127057374,12278338827.524971,102.45801540071372,104.75508955435383,2.297074153640119,9.254303529421184,0.13497669916636998,8.901196265060795,7.900098354285954e-09,31612.222863430376,1636.1813998161144,"[5512021051.070978, -5306515123.447313]","[[8084357277.081225, 267110293.2119381], [267110293.2119381, 14815561019.093796]]","[[[4400010059.921433, -359056055.55191964], [-359056055.55191964, 15424052162.06339]], [[4832396293.449571, 748611833.5305809], [748611833.5305809, 15445426540.344198]]]",12230033749265.803,56015060753596.08,14.0,7.560001904494129e-07,1.800000578276728e-14,False,False,/private/tmp/oneD-v2-taylor-peierls-spatial-pf-runs/oneD_v2_DBTT_spatial_01_transport_extreme/T1100K_seed1008666/steps_1100K.csv,2da79c0f06165ce739aa3a010d6f3ab0ce74bfe7928f3959f6591a1cc0d15c07,/private/tmp/oneD-v2-taylor-peierls-spatial-pf-runs/oneD_v2_DBTT_spatial_01_transport_extreme/T1100K_seed1008666/anisotropic_emission_audit_v10174.json,d66129e9f350ddb673931b47a84cfb1203764993bd1c0b198095f8bbeb9c7bae,FULL_ACTIVE_AND_WAKE_SPATIAL_PROFILE_OBSERVER,PF_MODEL_NATIVE_DRIVING_TRAJECTORY_NOT_RESISTANCE
DBTT,TRANSPORT_EXTREME,oneD_v2_dbtt_TP_f07fe99faea93479,oneD_v2_DBTT_spatial_01_transport_extreme,1100.0,1008666,300.0,22,1,384,1552.754851518269,3.6970353607577904e-05,7955868.994607816,19947.46429734203,94.20295877152078,94.20295877152078,94.20295877152078,-1.8202201363380857,31.078497248624217,12398526563.815796,104.75508955435383,107.969488677559,3.214399123205162,9.187747790713889,0.13552408097779933,8.865909977232675,7.966946214934988e-09,31880.46424240825,1631.0018144322717,"[5673706189.6432905, -5511950011.928342]","[[8164819571.287947, 96414734.20531382], [96414734.20531382, 15423368621.251915]]","[[[4611152052.610678, -519319765.60025936], [-519319765.60025936, 15958564431.897259]], [[4777258558.939982, 995478058.34065], [995478058.34065, 15801158582.796667]]]",3494295356933.087,16004303072456.018,4.0,1.6998235423670849e-06,4.047198638506763e-14,False,False,/private/tmp/oneD-v2-taylor-peierls-spatial-pf-runs/oneD_v2_DBTT_spatial_01_transport_extreme/T1100K_seed1008666/steps_1100K.csv,2da79c0f06165ce739aa3a010d6f3ab0ce74bfe7928f3959f6591a1cc0d15c07,/private/tmp/oneD-v2-taylor-peierls-spatial-pf-runs/oneD_v2_DBTT_spatial_01_transport_extreme/T1100K_seed1008666/anisotropic_emission_audit_v10174.json,d66129e9f350ddb673931b47a84cfb1203764993bd1c0b198095f8bbeb9c7bae,FULL_ACTIVE_AND_WAKE_SPATIAL_PROFILE_OBSERVER,PF_MODEL_NATIVE_DRIVING_TRAJECTORY_NOT_RESISTANCE
DBTT,TRANSPORT_EXTREME,oneD_v2_dbtt_TP_f07fe99faea93479,oneD_v2_DBTT_spatial_01_transport_extreme,1100.0,1008666,300.0,23,1,394,1552.7548532180926,3.697035364804989e-05,7953206.369321608,20240.077108933852,94.89138307497927,94.89138307497927,94.89138307497927,-1.5184969570972406,30.619104946285074,12215255551.121754,107.969488677559,115.41735671325131,7.447868035692315,9.60436310480708,0.13220298634651134,9.088010556343235,8.079268810675258e-09,32327.897771596312,1663.1780494112736,"[5395055987.533003, -5195554498.743554]","[[7421431044.451626, 267265478.81476444], [267265478.81476444, 14219017408.915596]]","[[[4842775151.402714, 8486985.173180595], [8486985.173180595, 15632887126.46872]], [[5218087125.670368, 306860798.98047215], [306860798.98047215, 15609196123.157478]]]",8735738392332.716,40010757681140.05,10.0,4.200001058052294e-07,1.000000321264849e-14,False,False,/private/tmp/oneD-v2-taylor-peierls-spatial-pf-runs/oneD_v2_DBTT_spatial_01_transport_extreme/T1100K_seed1008666/steps_1100K.csv,2da79c0f06165ce739aa3a010d6f3ab0ce74bfe7928f3959f6591a1cc0d15c07,/private/tmp/oneD-v2-taylor-peierls-spatial-pf-runs/oneD_v2_DBTT_spatial_01_transport_extreme/T1100K_seed1008666/anisotropic_emission_audit_v10174.json,d66129e9f350ddb673931b47a84cfb1203764993bd1c0b198095f8bbeb9c7bae,FULL_ACTIVE_AND_WAKE_SPATIAL_PROFILE_OBSERVER,PF_MODEL_NATIVE_DRIVING_TRAJECTORY_NOT_RESISTANCE
DBTT,TRANSPORT_EXTREME,oneD_v2_dbtt_TP_f07fe99faea93479,oneD_v2_DBTT_spatial_01_transport_extreme,1100.0,1008666,300.0,24,1,399,1552.7548536380928,3.6970353658049894e-05,7941571.313304229,21535.243130189167,97.88036607355258,97.88036607355258,97.88036607355258,-1.3370929193722938,32.68345876358761,13038813570.55183,115.41735671325131,117.7146968088762,2.2973400956248886,8.968816734942198,0.13737277897567465,8.746497898945508,7.540620573653652e-09,30172.565484341103,1613.8558544380662,"[5089631377.960529, -4938640372.617954]","[[6209697256.11484, -585975.9282122774], [-585975.9282122774, 14929957298.114208]]","[[[4840957333.534951, -1816010008.7313216], [-1816010008.7313216, 15020220089.456009]], [[4804569945.441522, 2097225984.4328926], [2097225984.4328926, 14681850690.677431]]]",17471476784665.432,80021515362280.11,20.0,8.400002116104588e-08,2.000000642529698e-15,False,False,/private/tmp/oneD-v2-taylor-peierls-spatial-pf-runs/oneD_v2_DBTT_spatial_01_transport_extreme/T1100K_seed1008666/steps_1100K.csv,2da79c0f06165ce739aa3a010d6f3ab0ce74bfe7928f3959f6591a1cc0d15c07,/private/tmp/oneD-v2-taylor-peierls-spatial-pf-runs/oneD_v2_DBTT_spatial_01_transport_extreme/T1100K_seed1008666/anisotropic_emission_audit_v10174.json,d66129e9f350ddb673931b47a84cfb1203764993bd1c0b198095f8bbeb9c7bae,FULL_ACTIVE_AND_WAKE_SPATIAL_PROFILE_OBSERVER,PF_MODEL_NATIVE_DRIVING_TRAJECTORY_NOT_RESISTANCE
DBTT,TRANSPORT_EXTREME,oneD_v2_dbtt_TP_f07fe99faea93479,oneD_v2_DBTT_spatial_01_transport_extreme,1100.0,1008666,300.0,25,1,400,1552.7548537220928,3.6970353660049895e-05,7937177.133806179,18426.884696371657,90.54128512196449,90.54128512196449,90.54128512196449,-1.130585823395261,31.989634944562134,12762017913.992975,117.7146968088762,119.6574708597544,1.9427740508781928,8.010778817932575,0.14645657405270895,8.203007990540787,6.784603102722062e-09,27145.31121501961,1536.7829014121949,"[5202204779.189971, -4987378936.306331]","[[6645103650.560133, -71869464.35032739], [-71869464.35032739, 15684204972.009592]]","[[[4516047050.498079, -3160815591.7319083], [-3160815591.7319083, 14920456608.878023]], [[5134587892.529399, 2725679057.3653216], [2725679057.3653216, 15109345765.142063]]]",87357383923327.16,400107576811400.1,100.0,1.0316648513253313e-06,2.4563420145552045e-14,False,False,/private/tmp/oneD-v2-taylor-peierls-spatial-pf-runs/oneD_v2_DBTT_spatial_01_transport_extreme/T1100K_seed1008666/steps_1100K.csv,2da79c0f06165ce739aa3a010d6f3ab0ce74bfe7928f3959f6591a1cc0d15c07,/private/tmp/oneD-v2-taylor-peierls-spatial-pf-runs/oneD_v2_DBTT_spatial_01_transport_extreme/T1100K_seed1008666/anisotropic_emission_audit_v10174.json,d66129e9f350ddb673931b47a84cfb1203764993bd1c0b198095f8bbeb9c7bae,FULL_ACTIVE_AND_WAKE_SPATIAL_PROFILE_OBSERVER,PF_MODEL_NATIVE_DRIVING_TRAJECTORY_NOT_RESISTANCE
DBTT,TRANSPORT_EXTREME,oneD_v2_dbtt_TP_f07fe99faea93479,oneD_v2_DBTT_spatial_01_transport_extreme,1100.0,1008666,300.0,26,1,410,1552.7548547537576,3.6970353684613315e-05,7935994.697026455,21533.904783358503,97.87732454965928,97.87732454965928,97.87732454965928,-0.9812668854221844,34.777202445146195,13874096449.448904,119.6574708597544,124.0548411523827,4.397370292628312,7.920906596430344,0.14740421586593164,8.147220723533097,6.755954019392734e-09,27034.645650377875,1529.3740086198293,"[5010759666.594621, -4676421300.533276]","[[5819353462.658167, -138768361.04087934], [-138768361.04087934, 16229816258.021935]]","[[[4211709266.590035, -2650097794.029086], [-2650097794.029086, 14233228599.779278]], [[5186439396.114973, 2316627079.7876534], [2316627079.7876534, 14539281997.181526]]]",5241443035399.63,24006454608684.027,6.0,8.400002116104588e-08,1.99999386626612e-15,False,False,/private/tmp/oneD-v2-taylor-peierls-spatial-pf-runs/oneD_v2_DBTT_spatial_01_transport_extreme/T1100K_seed1008666/steps_1100K.csv,2da79c0f06165ce739aa3a010d6f3ab0ce74bfe7928f3959f6591a1cc0d15c07,/private/tmp/oneD-v2-taylor-peierls-spatial-pf-runs/oneD_v2_DBTT_spatial_01_transport_extreme/T1100K_seed1008666/anisotropic_emission_audit_v10174.json,d66129e9f350ddb673931b47a84cfb1203764993bd1c0b198095f8bbeb9c7bae,FULL_ACTIVE_AND_WAKE_SPATIAL_PROFILE_OBSERVER,PF_MODEL_NATIVE_DRIVING_TRAJECTORY_NOT_RESISTANCE
DBTT,TRANSPORT_EXTREME,oneD_v2_dbtt_TP_f07fe99faea93479,oneD_v2_DBTT_spatial_01_transport_extreme,1100.0,1008666,300.0,27,1,411,1552.7548548377576,3.697035368661331e-05,7927866.493460752,21033.634508501746,96.7337127656272,96.7337127656272,96.7337127656272,-1.070616880562031,31.87895233750638,12717861942.333378,124.0548411523827,126.35218124800764,2.2973400956249295,9.207625202009924,0.13535990396739828,8.877563592332246,7.928974811016093e-09,31730.613362977383,1632.5503289394994,"[5842687940.605687, -5873240106.115843]","[[8188969715.981782, 21914374.418952957], [21914374.418952957, 16605797659.257885]]","[[[5118213444.79188, -831970196.8286852], [-831970196.8286852, 16803589326.003254]], [[5052794260.736405, 759553430.7426103], [759553430.7426103, 16799274472.968092]]]",87357383923327.16,400107576811400.1,100.0,2.7460898763820296e-06,6.538311694359936e-14,False,False,/private/tmp/oneD-v2-taylor-peierls-spatial-pf-runs/oneD_v2_DBTT_spatial_01_transport_extreme/T1100K_seed1008666/steps_1100K.csv,2da79c0f06165ce739aa3a010d6f3ab0ce74bfe7928f3959f6591a1cc0d15c07,/private/tmp/oneD-v2-taylor-peierls-spatial-pf-runs/oneD_v2_DBTT_spatial_01_transport_extreme/T1100K_seed1008666/anisotropic_emission_audit_v10174.json,d66129e9f350ddb673931b47a84cfb1203764993bd1c0b198095f8bbeb9c7bae,FULL_ACTIVE_AND_WAKE_SPATIAL_PROFILE_OBSERVER,PF_MODEL_NATIVE_DRIVING_TRAJECTORY_NOT_RESISTANCE
DBTT,TRANSPORT_EXTREME,oneD_v2_dbtt_TP_f07fe99faea93479,oneD_v2_DBTT_spatial_01_transport_extreme,1100.0,1008666,300.0,28,1,421,1552.7548575838475,3.6970353751996426e-05,7925532.913175637,21310.18068628435,97.36755428012808,97.36755428012808,97.36755428012808,-0.7585930260356377,30.8145491572799,12293226510.347288,126.35218124800764,138.07027265511888,11.718091407111235,9.984283097998672,0.12937802614361235,9.288107113505752,8.51741788303062e-09,34084.37162841707,1692.0232093666566,"[5716567223.904115, -5741143896.958307]","[[8308386641.137304, -36197638.761041194], [-36197638.761041194, 15531275924.086788]]","[[[4725797741.42356, -636397749.5011784], [-636397749.5011784, 16158932189.231789]], [[4682469559.693585, 558514994.076454], [558514994.076454, 16164757353.6102]]]",6988590713866.173,32008606144912.035,8.0,8.400002116104588e-08,2.000000642529698e-15,False,False,/private/tmp/oneD-v2-taylor-peierls-spatial-pf-runs/oneD_v2_DBTT_spatial_01_transport_extreme/T1100K_seed1008666/steps_1100K.csv,2da79c0f06165ce739aa3a010d6f3ab0ce74bfe7928f3959f6591a1cc0d15c07,/private/tmp/oneD-v2-taylor-peierls-spatial-pf-runs/oneD_v2_DBTT_spatial_01_transport_extreme/T1100K_seed1008666/anisotropic_emission_audit_v10174.json,d66129e9f350ddb673931b47a84cfb1203764993bd1c0b198095f8bbeb9c7bae,FULL_ACTIVE_AND_WAKE_SPATIAL_PROFILE_OBSERVER,PF_MODEL_NATIVE_DRIVING_TRAJECTORY_NOT_RESISTANCE
DBTT,TRANSPORT_EXTREME,oneD_v2_dbtt_TP_f07fe99faea93479,oneD_v2_DBTT_spatial_01_transport_extreme,1100.0,1008666,300.0,29,1,422,1552.7548576678475,3.6970353753996426e-05,7907381.232878272,23319.888529710017,101.85536991975393,101.85536991975393,101.85536991975393,-0.6200957519613756,34.12430736168477,13613628995.989918,138.07027265511888,140.36761275074375,2.2973400956248753,8.909229997983104,0.13788918105913553,8.713921938122565,7.652261047916818e-09,30619.16304611919,1609.1601583291333,"[5316138671.301424, -5462319152.313973]","[[6454162182.832436, -257266424.4756731], [-257266424.4756731, 16654622943.144068]]","[[[5166720692.189458, -2358053325.920528], [-2358053325.920528, 15798998034.792309]], [[5040553481.422958, 2275647245.435775], [2275647245.435775, 15965191786.050907]]]",87357383923327.16,400107576811400.1,100.0,3.360000846441835e-07,8.000002570118792e-15,False,False,/private/tmp/oneD-v2-taylor-peierls-spatial-pf-runs/oneD_v2_DBTT_spatial_01_transport_extreme/T1100K_seed1008666/steps_1100K.csv,2da79c0f06165ce739aa3a010d6f3ab0ce74bfe7928f3959f6591a1cc0d15c07,/private/tmp/oneD-v2-taylor-peierls-spatial-pf-runs/oneD_v2_DBTT_spatial_01_transport_extreme/T1100K_seed1008666/anisotropic_emission_audit_v10174.json,d66129e9f350ddb673931b47a84cfb1203764993bd1c0b198095f8bbeb9c7bae,FULL_ACTIVE_AND_WAKE_SPATIAL_PROFILE_OBSERVER,PF_MODEL_NATIVE_DRIVING_TRAJECTORY_NOT_RESISTANCE
DBTT,TRANSPORT_EXTREME,oneD_v2_dbtt_TP_f07fe99faea93479,oneD_v2_DBTT_spatial_01_transport_extreme,1100.0,1008666,300.0,30,1,426,1552.7548580038476,3.697035376199643e-05,7907381.234589342,23332.231795066633,101.88232248297052,101.88232248297052,101.88232248297052,-0.621911655392024,32.38623213981051,12920237303.466173,140.36761275074375,142.66495284636866,2.2973400956249295,9.896390504548428,0.1300154480990344,9.241526062094064,8.496499504974551e-09,33996.738871585214,1685.3910729962872,"[5625065479.76618, -5797938480.685766]","[[6753890312.7298355, -123417273.6610373], [-123417273.6610373, 15877745957.61567]]","[[[5741578640.90821, -1511067960.8416817], [-1511067960.8416817, 16991709600.440569]], [[5566913961.205875, 1490210075.4480536], [1490210075.4480536, 17162790922.57741]]]",15724329106198.889,72019363826052.11,18.0,3.360000846441835e-07,8.000002570118792e-15,False,False,/private/tmp/oneD-v2-taylor-peierls-spatial-pf-runs/oneD_v2_DBTT_spatial_01_transport_extreme/T1100K_seed1008666/steps_1100K.csv,2da79c0f06165ce739aa3a010d6f3ab0ce74bfe7928f3959f6591a1cc0d15c07,/private/tmp/oneD-v2-taylor-peierls-spatial-pf-runs/oneD_v2_DBTT_spatial_01_transport_extreme/T1100K_seed1008666/anisotropic_emission_audit_v10174.json,d66129e9f350ddb673931b47a84cfb1203764993bd1c0b198095f8bbeb9c7bae,FULL_ACTIVE_AND_WAKE_SPATIAL_PROFILE_OBSERVER,PF_MODEL_NATIVE_DRIVING_TRAJECTORY_NOT_RESISTANCE
DBTT,TRANSPORT_EXTREME,oneD_v2_dbtt_TP_f07fe99faea93479,oneD_v2_DBTT_spatial_01_transport_extreme,1100.0,1008666,300.0,31,1,430,1552.7548583398477,3.697035376999643e-05,7901146.129560909,23924.034445913167,103.1663118158717,103.1663118158717,103.1663118158717,-0.47141762996887704,35.3157599385476,14088949803.993742,142.66495284636866,144.96229294199355,2.2973400956248753,8.533726062834575,0.14128313547149196,8.503016986622347,7.126573110542877e-09,28516.980556974464,1579.2756179525359,"[4932231119.495431, -5168065295.992056]","[[5721321755.84082, -619244719.5920686], [-619244719.5920686, 16686011152.00844]]","[[[4589089296.008705, -2787884642.106697], [-2787884642.106697, 14453551534.999569]], [[4389687521.3273945, 2754195283.2942076], [2754195283.2942076, 14725818113.311506]]]",6988590713866.173,32008606144912.035,8.0,9.296718417317607e-07,2.213507155346406e-14,False,False,/private/tmp/oneD-v2-taylor-peierls-spatial-pf-runs/oneD_v2_DBTT_spatial_01_transport_extreme/T1100K_seed1008666/steps_1100K.csv,2da79c0f06165ce739aa3a010d6f3ab0ce74bfe7928f3959f6591a1cc0d15c07,/private/tmp/oneD-v2-taylor-peierls-spatial-pf-runs/oneD_v2_DBTT_spatial_01_transport_extreme/T1100K_seed1008666/anisotropic_emission_audit_v10174.json,d66129e9f350ddb673931b47a84cfb1203764993bd1c0b198095f8bbeb9c7bae,FULL_ACTIVE_AND_WAKE_SPATIAL_PROFILE_OBSERVER,PF_MODEL_NATIVE_DRIVING_TRAJECTORY_NOT_RESISTANCE
DBTT,TRANSPORT_EXTREME,oneD_v2_dbtt_TP_f07fe99faea93479,oneD_v2_DBTT_spatial_01_transport_extreme,1100.0,1008666,300.0,32,1,440,1552.7548592695196,3.69703537921315e-05,7901848.585591534,22938.142304880414,101.01824441263628,101.01824441263628,101.01824441263628,-0.4489919200282169,32.92547827305268,13135365385.559464,144.96229294199355,149.03043363509101,4.068140693097474,9.413160179258007,0.13369654642327203,8.987242713558476,8.189772416895274e-09,32771.254121864156,1648.4832781545747,"[6092203044.418596, -5929835673.477243]","[[8817032689.057442, 102155224.40027805], [102155224.40027805, 17313606883.682358]]","[[[5232541272.287988, -804394267.9168494], [-804394267.9168494, 17416947361.12518]], [[5537481783.791369, 866435937.951188], [866435937.951188, 17397153130.745857]]]",5241443035399.63,24006454608684.027,6.0,6.72000169288367e-07,1.5999998363974005e-14,False,False,/private/tmp/oneD-v2-taylor-peierls-spatial-pf-runs/oneD_v2_DBTT_spatial_01_transport_extreme/T1100K_seed1008666/steps_1100K.csv,2da79c0f06165ce739aa3a010d6f3ab0ce74bfe7928f3959f6591a1cc0d15c07,/private/tmp/oneD-v2-taylor-peierls-spatial-pf-runs/oneD_v2_DBTT_spatial_01_transport_extreme/T1100K_seed1008666/anisotropic_emission_audit_v10174.json,d66129e9f350ddb673931b47a84cfb1203764993bd1c0b198095f8bbeb9c7bae,FULL_ACTIVE_AND_WAKE_SPATIAL_PROFILE_OBSERVER,PF_MODEL_NATIVE_DRIVING_TRAJECTORY_NOT_RESISTANCE
DBTT,TRANSPORT_EXTREME,oneD_v2_dbtt_TP_f07fe99faea93479,oneD_v2_DBTT_spatial_01_transport_extreme,1100.0,1008666,300.0,33,1,448,1552.7548599415197,3.69703538081315e-05,7896728.775987019,23455.680995836447,102.15149302070691,102.15149302070691,102.15149302070691,-0.40954425130043276,32.40098563275005,12926123095.583363,149.03043363509101,151.77625981260204,2.745826177511022,9.939693528421289,0.1297002277237423,9.264488089196833,8.589950085663926e-09,34369.499565287464,1688.6616510186007,"[6088171654.953528, -5955410507.297866]","[[8630203875.843542, 209114333.53803846], [209114333.53803846, 16657833164.158226]]","[[[4795891179.313786, -1064961606.159189], [-1064961606.159189, 16972234489.220844]], [[5031245994.195842, 1066973065.3613436], [1066973065.3613436, 16942067008.791574]]]",1747147678466.5435,8002151536228.009,2.0,2.1075675249448977e-06,5.018016980672807e-14,False,False,/private/tmp/oneD-v2-taylor-peierls-spatial-pf-runs/oneD_v2_DBTT_spatial_01_transport_extreme/T1100K_seed1008666/steps_1100K.csv,2da79c0f06165ce739aa3a010d6f3ab0ce74bfe7928f3959f6591a1cc0d15c07,/private/tmp/oneD-v2-taylor-peierls-spatial-pf-runs/oneD_v2_DBTT_spatial_01_transport_extreme/T1100K_seed1008666/anisotropic_emission_audit_v10174.json,d66129e9f350ddb673931b47a84cfb1203764993bd1c0b198095f8bbeb9c7bae,FULL_ACTIVE_AND_WAKE_SPATIAL_PROFILE_OBSERVER,PF_MODEL_NATIVE_DRIVING_TRAJECTORY_NOT_RESISTANCE
DBTT,TRANSPORT_EXTREME,oneD_v2_dbtt_TP_f07fe99faea93479,oneD_v2_DBTT_spatial_01_transport_extreme,1100.0,1008666,300.0,34,1,458,1552.7548620490873,3.697035385831167e-05,7893599.775814783,23770.461927065175,102.83465751452307,102.83465751452307,102.83465751452307,-0.26323008310154,30.64018148373945,12223663873.03677,151.77625981260204,161.20661797683053,9.430358164228469,11.264096057498204,0.12104487699515618,9.927222489234502,9.677933122742531e-09,38722.817077289794,1785.9597501555381,"[6280521232.699999, -6163812032.3401]","[[8196264984.772535, 26875618.24527388], [26875618.24527388, 15505077289.882912]]","[[[5436713598.787189, -1108389008.9752214], [-1108389008.9752214, 17997756064.187187]], [[5645896492.588793, 1096837389.4091501], [1096837389.4091501, 17973520557.268993]]]",13977181427732.346,64017212289824.09,16.0,2.5200006348313764e-07,6.000001927589094e-15,False,False,/private/tmp/oneD-v2-taylor-peierls-spatial-pf-runs/oneD_v2_DBTT_spatial_01_transport_extreme/T1100K_seed1008666/steps_1100K.csv,2da79c0f06165ce739aa3a010d6f3ab0ce74bfe7928f3959f6591a1cc0d15c07,/private/tmp/oneD-v2-taylor-peierls-spatial-pf-runs/oneD_v2_DBTT_spatial_01_transport_extreme/T1100K_seed1008666/anisotropic_emission_audit_v10174.json,d66129e9f350ddb673931b47a84cfb1203764993bd1c0b198095f8bbeb9c7bae,FULL_ACTIVE_AND_WAKE_SPATIAL_PROFILE_OBSERVER,PF_MODEL_NATIVE_DRIVING_TRAJECTORY_NOT_RESISTANCE
DBTT,TRANSPORT_EXTREME,oneD_v2_dbtt_TP_f07fe99faea93479,oneD_v2_DBTT_spatial_01_transport_extreme,1100.0,1008666,300.0,35,1,461,1552.7548623010873,3.697035386431167e-05,7880111.6957393475,24952.474584555857,105.3604231736995,105.3604231736995,105.3604231736995,-0.1997924085154247,33.322190693609194,13293630743.27985,161.20661797683053,163.5039580724554,2.2973400956248753,9.997419635779845,0.12928355928928748,9.294162613093064,8.509459804733028e-09,34050.434028183925,1693.0123652725053,"[5450250093.643706, -5590871168.030167]","[[7226839401.584148, 57630319.11224307], [57630319.11224307, 15875648215.695475]]","[[[6037409125.722074, -1689405316.404126], [-1689405316.404126, 16937909313.009487]], [[5916138019.527668, 1649502740.861379], [1649502740.861379, 17097880355.588003]]]",13977181427732.346,64017212289824.09,16.0,1.051023446052568e-06,2.502439580423857e-14,False,False,/private/tmp/oneD-v2-taylor-peierls-spatial-pf-runs/oneD_v2_DBTT_spatial_01_transport_extreme/T1100K_seed1008666/steps_1100K.csv,2da79c0f06165ce739aa3a010d6f3ab0ce74bfe7928f3959f6591a1cc0d15c07,/private/tmp/oneD-v2-taylor-peierls-spatial-pf-runs/oneD_v2_DBTT_spatial_01_transport_extreme/T1100K_seed1008666/anisotropic_emission_audit_v10174.json,d66129e9f350ddb673931b47a84cfb1203764993bd1c0b198095f8bbeb9c7bae,FULL_ACTIVE_AND_WAKE_SPATIAL_PROFILE_OBSERVER,PF_MODEL_NATIVE_DRIVING_TRAJECTORY_NOT_RESISTANCE
DBTT,TRANSPORT_EXTREME,oneD_v2_dbtt_TP_f07fe99faea93479,oneD_v2_DBTT_spatial_01_transport_extreme,1100.0,1008666,300.0,36,1,471,1552.7548633521108,3.697035388933607e-05,7873777.554727858,25392.920775756615,106.2862352328773,106.2862352328773,106.2862352328773,-0.1314037617261754,34.95669231001674,13945702545.449305,163.5039580724554,168.10312112722474,4.599163054769354,9.244711966851074,0.13505517523148863,8.895471723553213,8.051983969367424e-09,32218.26265999794,1635.4358876053425,"[4704833342.436093, -4916693082.658343]","[[5556841697.667213, -357149138.41919786], [-357149138.41919786, 14824474658.312534]]","[[[4869520412.604872, -2975730134.0865026], [-2975730134.0865026, 14279187097.47706]], [[4676239943.854514, 2898259401.027695], [2898259401.027695, 14509626109.171202]]]",5241443035399.63,24006454608684.027,6.0,1.115949999075383e-06,2.6570210604186933e-14,False,False,/private/tmp/oneD-v2-taylor-peierls-spatial-pf-runs/oneD_v2_DBTT_spatial_01_transport_extreme/T1100K_seed1008666/steps_1100K.csv,2da79c0f06165ce739aa3a010d6f3ab0ce74bfe7928f3959f6591a1cc0d15c07,/private/tmp/oneD-v2-taylor-peierls-spatial-pf-runs/oneD_v2_DBTT_spatial_01_transport_extreme/T1100K_seed1008666/anisotropic_emission_audit_v10174.json,d66129e9f350ddb673931b47a84cfb1203764993bd1c0b198095f8bbeb9c7bae,FULL_ACTIVE_AND_WAKE_SPATIAL_PROFILE_OBSERVER,PF_MODEL_NATIVE_DRIVING_TRAJECTORY_NOT_RESISTANCE
DBTT,TRANSPORT_EXTREME,oneD_v2_dbtt_TP_f07fe99faea93479,oneD_v2_DBTT_spatial_01_transport_extreme,1100.0,1008666,300.0,37,1,481,1552.7548644680608,3.697035391590628e-05,7907548.457422493,13352.046679105892,77.07164282432564,77.07164282432564,77.07164282432564,-0.0713606053586178,27.062274767548622,10796285608.615997,168.10312112722474,172.98639028131274,4.883269154088001,8.110742884895066,0.14542369351872173,8.263082666888394,6.9617271954207766e-09,27856.856245721618,1544.9865865853471,"[5225475071.6837845, -5256406035.413145]","[[5599339197.184872, -105376080.87745894], [-105376080.87745894, 13453913956.593428]]","[[[2952843285.1402645, -747012327.2249765], [-747012327.2249765, 13403793428.507833]], [[2868151051.2726827, 668127544.3875299], [668127544.3875299, 13380963122.098974]]]",5241443035399.63,24006454608684.027,6.0,3.360000846441835e-07,8.000002570118792e-15,False,False,/private/tmp/oneD-v2-taylor-peierls-spatial-pf-runs/oneD_v2_DBTT_spatial_01_transport_extreme/T1100K_seed1008666/steps_1100K.csv,2da79c0f06165ce739aa3a010d6f3ab0ce74bfe7928f3959f6591a1cc0d15c07,/private/tmp/oneD-v2-taylor-peierls-spatial-pf-runs/oneD_v2_DBTT_spatial_01_transport_extreme/T1100K_seed1008666/anisotropic_emission_audit_v10174.json,d66129e9f350ddb673931b47a84cfb1203764993bd1c0b198095f8bbeb9c7bae,FULL_ACTIVE_AND_WAKE_SPATIAL_PROFILE_OBSERVER,PF_MODEL_NATIVE_DRIVING_TRAJECTORY_NOT_RESISTANCE
DBTT,TRANSPORT_EXTREME,oneD_v2_dbtt_TP_f07fe99faea93479,oneD_v2_DBTT_spatial_01_transport_extreme,1100.0,1008666,300.0,38,1,485,1552.7548648040608,3.697035392390628e-05,7904795.488599352,13027.982092715263,76.13060337042941,76.13060337042941,76.13060337042941,-0.05717395635715658,25.834839538098795,10306609799.134228,172.98639028131274,175.28373037693768,2.2973400956249295,8.683743897234136,0.13989739978560597,8.589566080534906,7.264134184137771e-09,29065.62264835704,1591.2761638761917,"[5307823683.198505, -5337746486.646733]","[[5620100142.171898, 45362972.07954815], [45362972.07954815, 12859852648.825111]]","[[[2792396207.5330896, -696035544.46231], [-696035544.46231, 13408043573.930101]], [[2709691243.526808, 618015734.5496403], [618015734.5496403, 13385184216.820276]]]",6988590713866.173,32008606144912.035,8.0,7.560001904494129e-07,1.800000578276728e-14,False,False,/private/tmp/oneD-v2-taylor-peierls-spatial-pf-runs/oneD_v2_DBTT_spatial_01_transport_extreme/T1100K_seed1008666/steps_1100K.csv,2da79c0f06165ce739aa3a010d6f3ab0ce74bfe7928f3959f6591a1cc0d15c07,/private/tmp/oneD-v2-taylor-peierls-spatial-pf-runs/oneD_v2_DBTT_spatial_01_transport_extreme/T1100K_seed1008666/anisotropic_emission_audit_v10174.json,d66129e9f350ddb673931b47a84cfb1203764993bd1c0b198095f8bbeb9c7bae,FULL_ACTIVE_AND_WAKE_SPATIAL_PROFILE_OBSERVER,PF_MODEL_NATIVE_DRIVING_TRAJECTORY_NOT_RESISTANCE
DBTT,TRANSPORT_EXTREME,oneD_v2_dbtt_TP_f07fe99faea93479,oneD_v2_DBTT_spatial_01_transport_extreme,1100.0,1008666,300.0,39,1,494,1552.754865560061,3.697035394190629e-05,7903121.3819961725,12921.90765087796,75.8200404505249,75.8200404505249,75.8200404505249,-0.035793404984365514,25.549306061632905,10192698422.901978,175.28373037693768,178.50972988901748,3.2259995120798024,8.806631125071775,0.1387921561757561,8.657982244454747,7.373500922098847e-09,29503.788373200503,1601.0453617842015,"[5096420761.52936, -5124498627.598321]","[[5169975648.576388, -65133160.83025066], [-65133160.83025066, 12132689534.640736]]","[[[2935650116.4890656, -626196982.1289957], [-626196982.1289957, 13128491639.547785]], [[2856492697.5558467, 543825094.9552193], [543825094.9552193, 13105489952.752487]]]",5241443035399.63,24006454608684.023,6.0,2.272751999043976e-06,5.411317417379144e-14,False,False,/private/tmp/oneD-v2-taylor-peierls-spatial-pf-runs/oneD_v2_DBTT_spatial_01_transport_extreme/T1100K_seed1008666/steps_1100K.csv,2da79c0f06165ce739aa3a010d6f3ab0ce74bfe7928f3959f6591a1cc0d15c07,/private/tmp/oneD-v2-taylor-peierls-spatial-pf-runs/oneD_v2_DBTT_spatial_01_transport_extreme/T1100K_seed1008666/anisotropic_emission_audit_v10174.json,d66129e9f350ddb673931b47a84cfb1203764993bd1c0b198095f8bbeb9c7bae,FULL_ACTIVE_AND_WAKE_SPATIAL_PROFILE_OBSERVER,PF_MODEL_NATIVE_DRIVING_TRAJECTORY_NOT_RESISTANCE
DBTT,TRANSPORT_EXTREME,oneD_v2_dbtt_TP_f07fe99faea93479,oneD_v2_DBTT_spatial_01_transport_extreme,1100.0,1008666,300.0,40,1,504,1552.754867832813,3.697035399601946e-05,7901107.159785365,12770.390871862475,75.37421296938888,75.37421296938888,75.37421296938888,0.009662843302950955,26.239441376193035,10468022579.078156,178.50972988901748,188.74323545615385,10.233505567136367,8.251566633211597,0.14400501917262684,8.344518875017991,6.99651536777508e-09,27993.620054363342,1556.4778640447512,"[5129555250.196822, -5152905268.561726]","[[5128254361.510786, -67439957.28315325], [-67439957.28315325, 12748576721.144836]]","[[[3031831083.510239, -593566878.6032411], [-593566878.6032411, 13290941583.903885]], [[2955956371.5127435, 506643090.7100845], [506643090.7100845, 13261766908.636196]]]",15724329106198.889,72019363826052.11,18.0,8.978486221167259e-07,2.1377342983904674e-14,False,False,/private/tmp/oneD-v2-taylor-peierls-spatial-pf-runs/oneD_v2_DBTT_spatial_01_transport_extreme/T1100K_seed1008666/steps_1100K.csv,2da79c0f06165ce739aa3a010d6f3ab0ce74bfe7928f3959f6591a1cc0d15c07,/private/tmp/oneD-v2-taylor-peierls-spatial-pf-runs/oneD_v2_DBTT_spatial_01_transport_extreme/T1100K_seed1008666/anisotropic_emission_audit_v10174.json,d66129e9f350ddb673931b47a84cfb1203764993bd1c0b198095f8bbeb9c7bae,FULL_ACTIVE_AND_WAKE_SPATIAL_PROFILE_OBSERVER,PF_MODEL_NATIVE_DRIVING_TRAJECTORY_NOT_RESISTANCE
DBTT,TRANSPORT_EXTREME,oneD_v2_dbtt_TP_f07fe99faea93479,oneD_v2_DBTT_spatial_01_transport_extreme,1100.0,1008666,300.0,41,1,514,1552.7548687306617,3.6970354017396805e-05,7891990.049056277,13155.814810970907,76.5031946649499,76.5031946649499,76.5031946649499,0.014862303053522166,27.450168964476468,10951033004.092876,188.74323545615385,192.6721214745897,3.928886018435832,7.767282448626601,0.14906757147045982,8.060100844659443,6.579739420864398e-09,26325.212490765854,1516.6353785085983,"[5166546289.771913, -5330830581.68104]","[[6259556945.386424, -66265659.170748785], [-66265659.170748785, 14063218757.944565]]","[[[3672819893.7973456, -785780932.9948981], [-785780932.9948981, 14005912473.34117]], [[3332910252.265957, 688818199.7314359], [688818199.7314359, 13994571415.628036]]]",5241443035399.63,24006454608684.027,6.0,3.080497663177084e-06,7.334519276647189e-14,False,False,/private/tmp/oneD-v2-taylor-peierls-spatial-pf-runs/oneD_v2_DBTT_spatial_01_transport_extreme/T1100K_seed1008666/steps_1100K.csv,2da79c0f06165ce739aa3a010d6f3ab0ce74bfe7928f3959f6591a1cc0d15c07,/private/tmp/oneD-v2-taylor-peierls-spatial-pf-runs/oneD_v2_DBTT_spatial_01_transport_extreme/T1100K_seed1008666/anisotropic_emission_audit_v10174.json,d66129e9f350ddb673931b47a84cfb1203764993bd1c0b198095f8bbeb9c7bae,FULL_ACTIVE_AND_WAKE_SPATIAL_PROFILE_OBSERVER,PF_MODEL_NATIVE_DRIVING_TRAJECTORY_NOT_RESISTANCE
DBTT,TRANSPORT_EXTREME,oneD_v2_dbtt_TP_f07fe99faea93479,oneD_v2_DBTT_spatial_01_transport_extreme,1100.0,1008666,300.0,42,1,524,1552.7548718111593,3.6970354090742e-05,7888911.400081397,13144.469946683,76.47020143854236,76.47020143854236,76.47020143854236,0.01752740088452808,27.29202485365509,10887942631.889738,192.6721214745897,205.90209166553421,13.229970190944528,7.850782617475648,0.14815653839552484,8.109886939982626,6.624759408370752e-09,26508.137407964416,1523.5709481938693,"[5211875772.420016, -5358529169.474206]","[[6211880338.417327, -100775564.1295614], [-100775564.1295614, 14011376877.354416]]","[[[3238462835.663221, -991453263.5776359], [-991453263.5776359, 13662214380.503256]], [[2922372945.7749014, 925718506.0945146], [925718506.0945146, 13639431284.723314]]]",8735738392332.716,40010757681140.05,10.0,8.400002116104588e-08,2.000000642529698e-15,False,False,/private/tmp/oneD-v2-taylor-peierls-spatial-pf-runs/oneD_v2_DBTT_spatial_01_transport_extreme/T1100K_seed1008666/steps_1100K.csv,2da79c0f06165ce739aa3a010d6f3ab0ce74bfe7928f3959f6591a1cc0d15c07,/private/tmp/oneD-v2-taylor-peierls-spatial-pf-runs/oneD_v2_DBTT_spatial_01_transport_extreme/T1100K_seed1008666/anisotropic_emission_audit_v10174.json,d66129e9f350ddb673931b47a84cfb1203764993bd1c0b198095f8bbeb9c7bae,FULL_ACTIVE_AND_WAKE_SPATIAL_PROFILE_OBSERVER,PF_MODEL_NATIVE_DRIVING_TRAJECTORY_NOT_RESISTANCE
DBTT,TRANSPORT_EXTREME,oneD_v2_dbtt_TP_f07fe99faea93479,oneD_v2_DBTT_spatial_01_transport_extreme,1100.0,1008666,300.0,43,1,525,1552.7548718951593,3.6970354092742e-05,7878858.742068081,13252.558975592596,76.78397091904358,76.78397091904358,76.78397091904358,0.012242743398824581,26.97253117217528,10760483094.026335,205.90209166553421,208.1994317611591,2.2973400956249024,8.103968212294665,0.14549300370361296,8.259180322322493,6.868276615151225e-09,27482.02845598825,1544.4318421378177,"[5112478376.694112, -5117674008.924595]","[[5053142383.705395, -27021922.7374374], [-27021922.7374374, 13186731896.866833]]","[[[4175116507.4397483, -1255387785.2332866], [-1255387785.2332866, 14400073260.827974]], [[3878109029.1867065, 700079266.3065256], [700079266.3065256, 14113457047.035896]]]",87357383923327.16,400107576811400.1,100.0,3.360000846441835e-07,8.000002570118792e-15,False,False,/private/tmp/oneD-v2-taylor-peierls-spatial-pf-runs/oneD_v2_DBTT_spatial_01_transport_extreme/T1100K_seed1008666/steps_1100K.csv,2da79c0f06165ce739aa3a010d6f3ab0ce74bfe7928f3959f6591a1cc0d15c07,/private/tmp/oneD-v2-taylor-peierls-spatial-pf-runs/oneD_v2_DBTT_spatial_01_transport_extreme/T1100K_seed1008666/anisotropic_emission_audit_v10174.json,d66129e9f350ddb673931b47a84cfb1203764993bd1c0b198095f8bbeb9c7bae,FULL_ACTIVE_AND_WAKE_SPATIAL_PROFILE_OBSERVER,PF_MODEL_NATIVE_DRIVING_TRAJECTORY_NOT_RESISTANCE
DBTT,TRANSPORT_EXTREME,oneD_v2_dbtt_TP_f07fe99faea93479,oneD_v2_DBTT_spatial_01_transport_extreme,1100.0,1008666,300.0,44,1,529,1552.7548722311594,3.6970354100742e-05,7874935.887543097,13399.702277136928,77.20906084965229,77.20906084965229,77.20906084965229,0.008141905007613996,28.612812492285688,11414860664.371052,208.1994317611591,210.49677185678402,2.2973400956249024,7.281409264960871,0.15472413025180307,7.766061677174554,5.934680303830734e-09,23747.486122734506,1475.7146896114787,"[4291531673.7659936, -4361529871.84936]","[[4209356194.5394144, -32279647.191643126], [-32279647.191643126, 12749353485.217834]]","[[[3550926646.905735, -1794822713.2520947], [-1794822713.2520947, 12133989994.437723]], [[3309578295.1932206, 1944086371.388072], [1944086371.388072, 12032638038.891941]]]",6988590713866.173,32008606144912.035,8.0,1.5383375284727663e-06,3.6627127654627334e-14,False,False,/private/tmp/oneD-v2-taylor-peierls-spatial-pf-runs/oneD_v2_DBTT_spatial_01_transport_extreme/T1100K_seed1008666/steps_1100K.csv,2da79c0f06165ce739aa3a010d6f3ab0ce74bfe7928f3959f6591a1cc0d15c07,/private/tmp/oneD-v2-taylor-peierls-spatial-pf-runs/oneD_v2_DBTT_spatial_01_transport_extreme/T1100K_seed1008666/anisotropic_emission_audit_v10174.json,d66129e9f350ddb673931b47a84cfb1203764993bd1c0b198095f8bbeb9c7bae,FULL_ACTIVE_AND_WAKE_SPATIAL_PROFILE_OBSERVER,PF_MODEL_NATIVE_DRIVING_TRAJECTORY_NOT_RESISTANCE
DBTT,TRANSPORT_EXTREME,oneD_v2_dbtt_TP_f07fe99faea93479,oneD_v2_DBTT_spatial_01_transport_extreme,1100.0,1008666,300.0,45,1,539,1552.754873769497,3.697035413736913e-05,7780913.563950217,22082.49700825605,99.116232433869,99.116232433869,99.116232433869,-0.004118007227385999,32.89434569081756,13122945282.207798,210.49677185678402,217.22836324016038,6.731591383376352,9.07918920384499,0.13643138056654192,8.80784624476268,7.733660823635079e-09,30951.37615196749,1622.5207091401655,"[5674290726.989532, -5694183289.263479]","[[8690358331.069355, -25132021.82292852], [-25132021.82292852, 16794268450.605587]]","[[[5483161874.659837, -843548232.341617], [-843548232.341617, 16831743328.638905]], [[5421626445.4683075, 795743217.2211078], [795743217.2211078, 16809993023.995268]]]",6988590713866.173,32008606144912.035,8.0,4.200001058052294e-07,9.999996436384911e-15,False,False,/private/tmp/oneD-v2-taylor-peierls-spatial-pf-runs/oneD_v2_DBTT_spatial_01_transport_extreme/T1100K_seed1008666/steps_1100K.csv,2da79c0f06165ce739aa3a010d6f3ab0ce74bfe7928f3959f6591a1cc0d15c07,/private/tmp/oneD-v2-taylor-peierls-spatial-pf-runs/oneD_v2_DBTT_spatial_01_transport_extreme/T1100K_seed1008666/anisotropic_emission_audit_v10174.json,d66129e9f350ddb673931b47a84cfb1203764993bd1c0b198095f8bbeb9c7bae,FULL_ACTIVE_AND_WAKE_SPATIAL_PROFILE_OBSERVER,PF_MODEL_NATIVE_DRIVING_TRAJECTORY_NOT_RESISTANCE
DBTT,TRANSPORT_EXTREME,oneD_v2_dbtt_TP_f07fe99faea93479,oneD_v2_DBTT_spatial_01_transport_extreme,1100.0,1008666,300.0,46,1,544,1552.754874189497,3.6970354147369125e-05,7773184.535383138,22970.007566661076,101.08838644072355,101.08838644072355,101.08838644072355,-0.015162110879931811,31.391420957181403,12523365061.699272,217.22836324016038,219.5257033357853,2.2973400956249295,10.370043526038973,0.12668725537232783,9.485435441783576,8.893039195065012e-09,35588.36854403609,1720.847617621433,"[5836954319.208317, -5832489463.852374]","[[8213770858.75402, -61220615.26362805], [-61220615.26362805, 15357757299.677034]]","[[[5717471587.049807, -1277830096.1628058], [-1277830096.1628058, 17391380225.466442]], [[5684082919.06527, 1227041874.6211224], [1227041874.6211224, 17349061846.77002]]]",12230033749265.803,56015060753596.08,14.0,1.6306125871778931e-06,3.882412783189765e-14,False,False,/private/tmp/oneD-v2-taylor-peierls-spatial-pf-runs/oneD_v2_DBTT_spatial_01_transport_extreme/T1100K_seed1008666/steps_1100K.csv,2da79c0f06165ce739aa3a010d6f3ab0ce74bfe7928f3959f6591a1cc0d15c07,/private/tmp/oneD-v2-taylor-peierls-spatial-pf-runs/oneD_v2_DBTT_spatial_01_transport_extreme/T1100K_seed1008666/anisotropic_emission_audit_v10174.json,d66129e9f350ddb673931b47a84cfb1203764993bd1c0b198095f8bbeb9c7bae,FULL_ACTIVE_AND_WAKE_SPATIAL_PROFILE_OBSERVER,PF_MODEL_NATIVE_DRIVING_TRAJECTORY_NOT_RESISTANCE
DBTT,TRANSPORT_EXTREME,oneD_v2_dbtt_TP_f07fe99faea93479,oneD_v2_DBTT_spatial_01_transport_extreme,1100.0,1008666,300.0,47,1,554,1552.7548758201096,3.697035418619325e-05,7769606.825191232,23410.327010780697,102.05268499544113,102.05268499544113,102.05268499544113,-0.039353283553276046,33.134137130900776,13218608226.13534,219.5257033357853,226.66107911389597,7.13537577811066,9.486314970505724,0.1331191479009175,9.027012801336017,8.133611118645426e-09,32544.221612655892,1654.1198658869664,"[5604919631.178832, -5570874650.797444]","[[7881628225.5189085, -48324152.19145394], [-48324152.19145394, 16219448426.183956]]","[[[5517693938.302433, -1329179741.2803936], [-1329179741.2803936, 16727533200.660097]], [[5511134578.206465, 1278022355.4970021], [1278022355.4970021, 16652883879.801355]]]",6988590713866.173,32008606144912.035,8.0,2.5200006348313764e-07,6.000008703852672e-15,False,False,/private/tmp/oneD-v2-taylor-peierls-spatial-pf-runs/oneD_v2_DBTT_spatial_01_transport_extreme/T1100K_seed1008666/steps_1100K.csv,2da79c0f06165ce739aa3a010d6f3ab0ce74bfe7928f3959f6591a1cc0d15c07,/private/tmp/oneD-v2-taylor-peierls-spatial-pf-runs/oneD_v2_DBTT_spatial_01_transport_extreme/T1100K_seed1008666/anisotropic_emission_audit_v10174.json,d66129e9f350ddb673931b47a84cfb1203764993bd1c0b198095f8bbeb9c7bae,FULL_ACTIVE_AND_WAKE_SPATIAL_PROFILE_OBSERVER,PF_MODEL_NATIVE_DRIVING_TRAJECTORY_NOT_RESISTANCE
DBTT,TRANSPORT_EXTREME,oneD_v2_dbtt_TP_f07fe99faea93479,oneD_v2_DBTT_spatial_01_transport_extreme,1100.0,1008666,300.0,48,1,557,1552.7548760721097,3.697035419219326e-05,7760053.69486564,24602.326216666388,104.61857053307156,104.61857053307156,104.61857053307156,-0.05595837777377924,33.544727268687346,13382409992.014252,226.66107911389597,228.95841920952083,2.2973400956248753,9.726778651331978,0.13127262882532995,9.154032276336888,8.275037545282742e-09,33115.91104368813,1672.523095371687,"[5507993803.056337, -5532169703.565084]","[[7387315258.857428, -58209858.215582564], [-58209858.215582564, 16361977602.299429]]","[[[6152327610.504128, -1677692352.3720825], [-1677692352.3720825, 17168315216.616802]], [[6152387231.234974, 1555158339.5523713], [1555158339.5523713, 17216726638.365143]]]",3494295356933.087,16004303072456.018,4.0,2.6104794415005017e-06,6.215431544009248e-14,False,False,/private/tmp/oneD-v2-taylor-peierls-spatial-pf-runs/oneD_v2_DBTT_spatial_01_transport_extreme/T1100K_seed1008666/steps_1100K.csv,2da79c0f06165ce739aa3a010d6f3ab0ce74bfe7928f3959f6591a1cc0d15c07,/private/tmp/oneD-v2-taylor-peierls-spatial-pf-runs/oneD_v2_DBTT_spatial_01_transport_extreme/T1100K_seed1008666/anisotropic_emission_audit_v10174.json,d66129e9f350ddb673931b47a84cfb1203764993bd1c0b198095f8bbeb9c7bae,FULL_ACTIVE_AND_WAKE_SPATIAL_PROFILE_OBSERVER,PF_MODEL_NATIVE_DRIVING_TRAJECTORY_NOT_RESISTANCE
DBTT,TRANSPORT_EXTREME,oneD_v2_dbtt_TP_f07fe99faea93479,oneD_v2_DBTT_spatial_01_transport_extreme,1100.0,1008666,300.0,49,1,567,1552.7548786825892,3.697035425434758e-05,7753647.917538671,25415.223087255374,106.33289998041583,106.33289998041583,106.33289998041583,-0.08907412079083322,35.73757301794439,14257228875.791449,228.95841920952083,240.01715839650478,11.058739186983964,8.852892800627538,0.13838281602228425,8.683621959985066,7.483549780879667e-09,29946.720206232952,1604.7089604904854,"[4807905904.008872, -4794450455.026911]","[[5404640360.002853, -144757707.16169855], [-144757707.16169855, 15661118128.046797]]","[[[4947020049.097461, -2875498202.6865263], [-2875498202.6865263, 14562831857.115208]], [[4992416526.908733, 2759189644.158662], [2759189644.158662, 14581317436.962557]]]",5241443035399.63,24006454608684.027,6.0,3.360000846441835e-07,7.999995793855214e-15,False,False,/private/tmp/oneD-v2-taylor-peierls-spatial-pf-runs/oneD_v2_DBTT_spatial_01_transport_extreme/T1100K_seed1008666/steps_1100K.csv,2da79c0f06165ce739aa3a010d6f3ab0ce74bfe7928f3959f6591a1cc0d15c07,/private/tmp/oneD-v2-taylor-peierls-spatial-pf-runs/oneD_v2_DBTT_spatial_01_transport_extreme/T1100K_seed1008666/anisotropic_emission_audit_v10174.json,d66129e9f350ddb673931b47a84cfb1203764993bd1c0b198095f8bbeb9c7bae,FULL_ACTIVE_AND_WAKE_SPATIAL_PROFILE_OBSERVER,PF_MODEL_NATIVE_DRIVING_TRAJECTORY_NOT_RESISTANCE
DBTT,TRANSPORT_EXTREME,oneD_v2_dbtt_TP_f07fe99faea93479,oneD_v2_DBTT_spatial_01_transport_extreme,1100.0,1008666,300.0,50,1,571,1552.7548790185892,3.697035426234757e-05,7749303.745754773,23757.878102902287,102.80743413616037,102.80743413616037,102.80743413616037,-0.10891633048410991,33.15687776377969,13227680426.073824,240.01715839650478,242.31449849212973,2.2973400956249295,9.613948335223219,0.13212942382969722,9.094675319510529,8.135884855866968e-09,32554.70038121105,1663.9115383219937,"[5836987343.890122, -5820542310.674087]","[[8319118729.328962, 56507898.495699294], [56507898.495699294, 16938828271.828804]]","[[[5187777935.132078, -825873296.8190532], [-825873296.8190532, 16861752622.912325]], [[5236926318.439132, 891476798.9833287], [891476798.9833287, 16878010939.787306]]]",1747147678466.5435,8002151536228.009,2.0,2.5200006348313764e-07,6.000008703852672e-15,False,False,/private/tmp/oneD-v2-taylor-peierls-spatial-pf-runs/oneD_v2_DBTT_spatial_01_transport_extreme/T1100K_seed1008666/steps_1100K.csv,2da79c0f06165ce739aa3a010d6f3ab0ce74bfe7928f3959f6591a1cc0d15c07,/private/tmp/oneD-v2-taylor-peierls-spatial-pf-runs/oneD_v2_DBTT_spatial_01_transport_extreme/T1100K_seed1008666/anisotropic_emission_audit_v10174.json,d66129e9f350ddb673931b47a84cfb1203764993bd1c0b198095f8bbeb9c7bae,FULL_ACTIVE_AND_WAKE_SPATIAL_PROFILE_OBSERVER,PF_MODEL_NATIVE_DRIVING_TRAJECTORY_NOT_RESISTANCE
DBTT,TRANSPORT_EXTREME,oneD_v2_dbtt_TP_f07fe99faea93479,oneD_v2_DBTT_spatial_01_transport_extreme,1100.0,1008666,300.0,51,1,574,1552.7548792705893,3.697035426834758e-05,7747020.054783913,23489.583409389634,102.22529031656362,102.22529031656362,102.22529031656362,-0.12573801538054993,32.63990970670696,13021440010.49053,242.31449849212973,244.61183858775462,2.2973400956249024,9.808866140988364,0.1306596546887327,9.196997104667334,8.44465830723327e-09,33792.104779892295,1678.7623560784102,"[5710678614.258098, -5694157868.748256]","[[8376597306.220476, 55022309.625310406], [55022309.625310406, 16031998148.361254]]","[[[4816754105.82791, -632285831.5256217], [-632285831.5256217, 16238111334.344105]], [[4854780734.797331, 695351568.6425798], [695351568.6425798, 16243096472.293842]]]",24460067498531.617,112030121507192.11,28.0,2.9728842037002323e-06,7.078297231113626e-14,False,False,/private/tmp/oneD-v2-taylor-peierls-spatial-pf-runs/oneD_v2_DBTT_spatial_01_transport_extreme/T1100K_seed1008666/steps_1100K.csv,2da79c0f06165ce739aa3a010d6f3ab0ce74bfe7928f3959f6591a1cc0d15c07,/private/tmp/oneD-v2-taylor-peierls-spatial-pf-runs/oneD_v2_DBTT_spatial_01_transport_extreme/T1100K_seed1008666/anisotropic_emission_audit_v10174.json,d66129e9f350ddb673931b47a84cfb1203764993bd1c0b198095f8bbeb9c7bae,FULL_ACTIVE_AND_WAKE_SPATIAL_PROFILE_OBSERVER,PF_MODEL_NATIVE_DRIVING_TRAJECTORY_NOT_RESISTANCE
DBTT,TRANSPORT_EXTREME,oneD_v2_dbtt_TP_f07fe99faea93479,oneD_v2_DBTT_spatial_01_transport_extreme,1100.0,1008666,300.0,52,1,584,1552.7548822434735,3.6970354339130554e-05,7744689.278206515,23201.19447667811,101.59582645224761,101.59582645224761,101.59582645224761,-0.1864958888229576,32.104294937889684,12807760633.201881,244.61183858775462,257.4326195078266,12.820780920071964,10.014412169640721,0.1291616697723456,9.30367829310292,8.560164134112328e-09,34255.47941198538,1694.2910669144665,"[5872615670.810362, -5854447111.975877]","[[8592054646.293934, 63941404.05563706], [63941404.05563706, 16600933543.60977]]","[[[5040079274.626011, -774725958.8242829], [-774725958.8242829, 16785310616.246735]], [[5082632838.953306, 839468734.0891786], [839468734.0891786, 16791527062.905058]]]",10482886070799.26,48012909217368.06,12.0,8.400002116104588e-08,2.000000642529698e-15,False,False,/private/tmp/oneD-v2-taylor-peierls-spatial-pf-runs/oneD_v2_DBTT_spatial_01_transport_extreme/T1100K_seed1008666/steps_1100K.csv,2da79c0f06165ce739aa3a010d6f3ab0ce74bfe7928f3959f6591a1cc0d15c07,/private/tmp/oneD-v2-taylor-peierls-spatial-pf-runs/oneD_v2_DBTT_spatial_01_transport_extreme/T1100K_seed1008666/anisotropic_emission_audit_v10174.json,d66129e9f350ddb673931b47a84cfb1203764993bd1c0b198095f8bbeb9c7bae,FULL_ACTIVE_AND_WAKE_SPATIAL_PROFILE_OBSERVER,PF_MODEL_NATIVE_DRIVING_TRAJECTORY_NOT_RESISTANCE
DBTT,TRANSPORT_EXTREME,oneD_v2_dbtt_TP_f07fe99faea93479,oneD_v2_DBTT_spatial_01_transport_extreme,1100.0,1008666,300.0,53,1,585,1552.7548823274735,3.6970354341130554e-05,7729292.260828221,21465.890509031975,97.72263082084746,97.72263082084746,97.72263082084746,-0.1916179174389651,31.137349595624812,12422005253.33519,257.4326195078266,259.7299596034515,2.2973400956249024,9.849790989521706,0.1303572457346054,9.218341911185197,8.55493453951344e-09,34232.02822288009,1681.8648689340991,"[5798583728.882398, -5809586767.915071]","[[6570390832.505984, 59117455.867989585], [59117455.867989585, 15477006813.748543]]","[[[6094071964.034847, -1003973664.230574], [-1003973664.230574, 17691239421.799644]], [[6099661767.624622, 1062035332.870456], [1062035332.870456, 17718835303.454765]]]",87357383923327.16,400107576811400.1,100.0,4.200001058052294e-07,1.000000321264849e-14,False,False,/private/tmp/oneD-v2-taylor-peierls-spatial-pf-runs/oneD_v2_DBTT_spatial_01_transport_extreme/T1100K_seed1008666/steps_1100K.csv,2da79c0f06165ce739aa3a010d6f3ab0ce74bfe7928f3959f6591a1cc0d15c07,/private/tmp/oneD-v2-taylor-peierls-spatial-pf-runs/oneD_v2_DBTT_spatial_01_transport_extreme/T1100K_seed1008666/anisotropic_emission_audit_v10174.json,d66129e9f350ddb673931b47a84cfb1203764993bd1c0b198095f8bbeb9c7bae,FULL_ACTIVE_AND_WAKE_SPATIAL_PROFILE_OBSERVER,PF_MODEL_NATIVE_DRIVING_TRAJECTORY_NOT_RESISTANCE
DBTT,TRANSPORT_EXTREME,oneD_v2_dbtt_TP_f07fe99faea93479,oneD_v2_DBTT_spatial_01_transport_extreme,1100.0,1008666,300.0,54,1,590,1552.7548827474736,3.697035435113056e-05,7723162.389843608,21216.850912217575,97.15410551898472,97.15410551898472,97.15410551898472,-0.17348209710445125,32.84498716291435,13103254078.528831,259.7299596034515,262.02729969907637,2.2973400956249024,8.749517867771264,0.13930256134945523,8.626210043439599,7.442849893034635e-09,29776.174967142335,1596.511798733225,"[5028801148.754292, -5071123367.666232]","[[5930560623.778263, 67528395.71248949], [67528395.71248949, 15229155895.038553]]","[[[5037209000.904846, -2068337741.8261666], [-2068337741.8261666, 15094811298.41343]], [[5015366092.639376, 2100931225.3554435], [2100931225.3554435, 15157612827.971842]]]",17471476784665.432,80021515362280.11,20.0,3.879869154843618e-06,9.237781980336868e-14,False,False,/private/tmp/oneD-v2-taylor-peierls-spatial-pf-runs/oneD_v2_DBTT_spatial_01_transport_extreme/T1100K_seed1008666/steps_1100K.csv,2da79c0f06165ce739aa3a010d6f3ab0ce74bfe7928f3959f6591a1cc0d15c07,/private/tmp/oneD-v2-taylor-peierls-spatial-pf-runs/oneD_v2_DBTT_spatial_01_transport_extreme/T1100K_seed1008666/anisotropic_emission_audit_v10174.json,d66129e9f350ddb673931b47a84cfb1203764993bd1c0b198095f8bbeb9c7bae,FULL_ACTIVE_AND_WAKE_SPATIAL_PROFILE_OBSERVER,PF_MODEL_NATIVE_DRIVING_TRAJECTORY_NOT_RESISTANCE
DBTT,TRANSPORT_EXTREME,oneD_v2_dbtt_TP_f07fe99faea93479,oneD_v2_DBTT_spatial_01_transport_extreme,1100.0,1008666,300.0,55,1,600,1552.7548866273428,3.697035444350838e-05,7743348.152818474,15090.744748616,81.93624026314491,81.93624026314491,81.93624026314491,-0.20739477983387308,27.36050522458064,10915262347.229513,262.02729969907637,279.2579249532601,17.23062525418374,8.968170138266396,0.13737835153546593,8.7471108277268,7.516291590135055e-09,30079.00266414731,1613.8049670604776,"[5538207663.504695, -5563981897.9705715]","[[5712845420.3598995, -34482681.85920455], [-34482681.85920455, 14036703732.546118]]","[[[2928085975.183098, -780934257.7357742], [-780934257.7357742, 14004501302.19249]], [[2866771857.16498, 736412083.1555024], [736412083.1555024, 13994735653.106123]]]",22712919820065.07,104027969970964.11,26.0,3.413645117689157e-06,8.127728362301162e-14,False,False,/private/tmp/oneD-v2-taylor-peierls-spatial-pf-runs/oneD_v2_DBTT_spatial_01_transport_extreme/T1100K_seed1008666/steps_1100K.csv,2da79c0f06165ce739aa3a010d6f3ab0ce74bfe7928f3959f6591a1cc0d15c07,/private/tmp/oneD-v2-taylor-peierls-spatial-pf-runs/oneD_v2_DBTT_spatial_01_transport_extreme/T1100K_seed1008666/anisotropic_emission_audit_v10174.json,d66129e9f350ddb673931b47a84cfb1203764993bd1c0b198095f8bbeb9c7bae,FULL_ACTIVE_AND_WAKE_SPATIAL_PROFILE_OBSERVER,PF_MODEL_NATIVE_DRIVING_TRAJECTORY_NOT_RESISTANCE
DBTT,TRANSPORT_EXTREME,oneD_v2_dbtt_TP_f07fe99faea93479,oneD_v2_DBTT_spatial_01_transport_extreme,1100.0,1008666,300.0,56,1,610,1552.754890040988,3.697035452478566e-05,7730491.6399130365,13995.543026571631,78.90700729074423,78.90700729074423,78.90700729074423,-0.1895237530708586,27.22034895794347,10859348086.60473,279.2579249532601,294.1956478027983,14.93772284953817,8.403181955284898,0.14252310022145356,8.431313279263803,6.955815480301917e-09,27829.164210745847,1568.765162669745,"[5098963324.276302, -5114233567.756827]","[[4867182217.993835, -30005979.427406304], [-30005979.427406304, 13194924120.091042]]","[[[3689855455.3016257, -824817688.8533502], [-824817688.8533502, 13887782103.85423]], [[3642090438.5101027, 768419169.5401574], [768419169.5401574, 13870557574.023758]]]",15724329106198.889,72019363826052.11,18.0,2.5200006348313764e-07,6.000001927589094e-15,False,False,/private/tmp/oneD-v2-taylor-peierls-spatial-pf-runs/oneD_v2_DBTT_spatial_01_transport_extreme/T1100K_seed1008666/steps_1100K.csv,2da79c0f06165ce739aa3a010d6f3ab0ce74bfe7928f3959f6591a1cc0d15c07,/private/tmp/oneD-v2-taylor-peierls-spatial-pf-runs/oneD_v2_DBTT_spatial_01_transport_extreme/T1100K_seed1008666/anisotropic_emission_audit_v10174.json,d66129e9f350ddb673931b47a84cfb1203764993bd1c0b198095f8bbeb9c7bae,FULL_ACTIVE_AND_WAKE_SPATIAL_PROFILE_OBSERVER,PF_MODEL_NATIVE_DRIVING_TRAJECTORY_NOT_RESISTANCE
DBTT,TRANSPORT_EXTREME,oneD_v2_dbtt_TP_f07fe99faea93479,oneD_v2_DBTT_spatial_01_transport_extreme,1100.0,1008666,300.0,57,1,613,1552.754890292988,3.697035453078566e-05,7699696.796980653,19893.66202636048,94.07583095137925,94.07583095137925,94.07583095137925,-0.20849311497166692,31.355919868560303,12509202176.448038,294.1956478027983,296.4929878984232,2.2973400956249024,9.001544529774375,0.1370916040034677,8.763972413352787,7.559265215061657e-09,30248.95878849256,1616.4296210361838,"[5534923394.981736, -5740866956.9811945]","[[7921651917.382565, -167834235.22738433], [-167834235.22738433, 16183585824.357765]]","[[[5093466367.337196, -962056700.0701004], [-962056700.0701004, 16163313157.300669]], [[4657295995.783917, 763657195.4084566], [763657195.4084566, 16139029909.746307]]]",10482886070799.26,48012909217368.06,12.0,9.493919606029522e-07,2.2604531094150282e-14,False,False,/private/tmp/oneD-v2-taylor-peierls-spatial-pf-runs/oneD_v2_DBTT_spatial_01_transport_extreme/T1100K_seed1008666/steps_1100K.csv,2da79c0f06165ce739aa3a010d6f3ab0ce74bfe7928f3959f6591a1cc0d15c07,/private/tmp/oneD-v2-taylor-peierls-spatial-pf-runs/oneD_v2_DBTT_spatial_01_transport_extreme/T1100K_seed1008666/anisotropic_emission_audit_v10174.json,d66129e9f350ddb673931b47a84cfb1203764993bd1c0b198095f8bbeb9c7bae,FULL_ACTIVE_AND_WAKE_SPATIAL_PROFILE_OBSERVER,PF_MODEL_NATIVE_DRIVING_TRAJECTORY_NOT_RESISTANCE
DBTT,TRANSPORT_EXTREME,oneD_v2_dbtt_TP_f07fe99faea93479,oneD_v2_DBTT_spatial_01_transport_extreme,1100.0,1008666,300.0,58,1,623,1552.75489124238,3.6970354553390194e-05,7697605.089948096,19716.324481857268,93.65558346049772,93.65558346049772,93.65558346049772,-0.21149890731816087,31.092579838842827,12404144704.471567,296.4929878984232,300.64693596292,4.153948064496821,9.073061010672468,0.13648314306205553,8.802887415273736,7.864855434770026e-09,31466.92676546515,1622.0407280056088,"[5390616131.418305, -5602252780.822006]","[[7955263432.33414, -158766656.53173327], [-158766656.53173327, 15255643132.11956]]","[[[4705686239.825929, -778051958.4843267], [-778051958.4843267, 15486918502.662539]], [[4279329874.3406043, 597729326.2274653], [597729326.2274653, 15483835435.984617]]]",5241443035399.63,24006454608684.027,6.0,,,False,True,/private/tmp/oneD-v2-taylor-peierls-spatial-pf-runs/oneD_v2_DBTT_spatial_01_transport_extreme/T1100K_seed1008666/steps_1100K.csv,2da79c0f06165ce739aa3a010d6f3ab0ce74bfe7928f3959f6591a1cc0d15c07,/private/tmp/oneD-v2-taylor-peierls-spatial-pf-runs/oneD_v2_DBTT_spatial_01_transport_extreme/T1100K_seed1008666/anisotropic_emission_audit_v10174.json,d66129e9f350ddb673931b47a84cfb1203764993bd1c0b198095f8bbeb9c7bae,FULL_ACTIVE_AND_WAKE_SPATIAL_PROFILE_OBSERVER,PF_MODEL_NATIVE_DRIVING_TRAJECTORY_NOT_RESISTANCE
DBTT,RETENTION_EXTREME,oneD_v2_dbtt_TP_4895f9e5b44deea5,oneD_v2_DBTT_spatial_02_retention_extreme,1100.0,1008666,300.0,0,0,175,1372.6872194869609,3.2683029035403874e-05,7119666.434189993,6925.85498225916,55.508231671889185,55.508231671889185,55.508231671889185,-3.7243094258594946,20.085961544395765,8013139302.576728,0.0,2.931106565679095,2.931106565679095,7.637118523981768,0.1505218664598582,7.983179538561341,0.0,25249.6509955345,1505.7678972460437,"[3209276312.709824, -3200682985.471061]","[[-206353739.8207911, -9432349.021762969], [-9432349.021762969, 6410128793.159347]]","[[[-43421384.74708318, 57637372.45948416], [57637372.45948416, 6375131240.6725645]], [[-40132805.012761265, -69414365.377054], [-69414365.377054, 6361233165.92936]]]",1699122367737.3074,7782189698561.781,2.0,7.173874625174221,1.708065386946296e-07,False,False,/private/tmp/oneD-v2-taylor-peierls-spatial-pf-runs/oneD_v2_DBTT_spatial_02_retention_extreme/T1100K_seed1008666/steps_1100K.csv,358617cdb5d022db1e82d54e2721962215773c122409b76e3508478951e6c9fa,/private/tmp/oneD-v2-taylor-peierls-spatial-pf-runs/oneD_v2_DBTT_spatial_02_retention_extreme/T1100K_seed1008666/anisotropic_emission_audit_v10174.json,e5d70aa5993d19a8986c1245fa252488eeb7dc6bac12e241fce8c09467a18998,FULL_ACTIVE_AND_WAKE_SPATIAL_PROFILE_OBSERVER,PF_MODEL_NATIVE_DRIVING_TRAJECTORY_NOT_RESISTANCE
DBTT,RETENTION_EXTREME,oneD_v2_dbtt_TP_4895f9e5b44deea5,oneD_v2_DBTT_spatial_02_retention_extreme,1100.0,1008666,300.0,1,0,196,1379.861094112135,3.2853835574098504e-05,7156705.6415153025,7220.7967391070015,56.677835363756856,56.677835363756856,56.677835363756856,-3.7905310618596157,20.26741507782347,8085528788.989274,2.931106565679095,7.415929780049919,4.484823214370824,7.82041476085821,0.14848593256389378,8.092661823523308,0.0,25748.0877078334,1521.0518053528212,"[3550806384.768122, -3540041040.202484]","[[664226050.0630257, -13226433.03569815], [-13226433.03569815, 7150289889.230698]]","[[[-15318920.862722134, -82136878.97852011], [-82136878.97852011, 7086293848.673523]], [[-11372440.785072068, 63147443.93980715], [63147443.93980715, 7068709639.619897]]]",6796489470949.229,31128758794247.125,8.0,0.10918306437520187,2.5995967708181936e-09,False,False,/private/tmp/oneD-v2-taylor-peierls-spatial-pf-runs/oneD_v2_DBTT_spatial_02_retention_extreme/T1100K_seed1008666/steps_1100K.csv,358617cdb5d022db1e82d54e2721962215773c122409b76e3508478951e6c9fa,/private/tmp/oneD-v2-taylor-peierls-spatial-pf-runs/oneD_v2_DBTT_spatial_02_retention_extreme/T1100K_seed1008666/anisotropic_emission_audit_v10174.json,e5d70aa5993d19a8986c1245fa252488eeb7dc6bac12e241fce8c09467a18998,FULL_ACTIVE_AND_WAKE_SPATIAL_PROFILE_OBSERVER,PF_MODEL_NATIVE_DRIVING_TRAJECTORY_NOT_RESISTANCE
DBTT,RETENTION_EXTREME,oneD_v2_dbtt_TP_4895f9e5b44deea5,oneD_v2_DBTT_spatial_02_retention_extreme,1100.0,1008666,300.0,2,0,210,1379.9702771765103,3.285643517086932e-05,7156671.847393639,7672.281062390973,58.42287803160663,58.42287803160663,58.42287803160663,-3.8275247307552696,20.75880633309901,8281565536.938222,7.415929780049919,10.475434902500647,3.059505122450728,7.9206557886668385,0.1474068862612515,8.151917583047725,0.0,26075.756400692953,1529.3532879624483,"[3913222073.975268, -3903375729.4329596]","[[1555914157.650271, -18061896.752337232], [-18061896.752337232, 7941174117.179143]]","[[[526059987.7361335, -131147543.38889506], [-131147543.38889506, 8352504135.686669]], [[524144908.15052557, 98937837.10586298], [98937837.10586298, 8330896367.016444]]]",3398244735474.6147,15564379397123.562,4.0,0.0017720066668971413,4.219063491042903e-11,False,False,/private/tmp/oneD-v2-taylor-peierls-spatial-pf-runs/oneD_v2_DBTT_spatial_02_retention_extreme/T1100K_seed1008666/steps_1100K.csv,358617cdb5d022db1e82d54e2721962215773c122409b76e3508478951e6c9fa,/private/tmp/oneD-v2-taylor-peierls-spatial-pf-runs/oneD_v2_DBTT_spatial_02_retention_extreme/T1100K_seed1008666/anisotropic_emission_audit_v10174.json,e5d70aa5993d19a8986c1245fa252488eeb7dc6bac12e241fce8c09467a18998,FULL_ACTIVE_AND_WAKE_SPATIAL_PROFILE_OBSERVER,PF_MODEL_NATIVE_DRIVING_TRAJECTORY_NOT_RESISTANCE
DBTT,RETENTION_EXTREME,oneD_v2_dbtt_TP_4895f9e5b44deea5,oneD_v2_DBTT_spatial_02_retention_extreme,1100.0,1008666,300.0,3,0,223,1379.9720491831772,3.285647736150423e-05,7156047.13874809,8032.906006933877,59.780155167659565,59.780155167659565,59.780155167659565,-3.7114371408194415,21.72646112861682,8667603947.703478,10.475434902500647,17.738586165025698,7.263151262525049,7.570700927398512,0.15128052885783566,7.943132640398252,0.0,25479.429218998444,1500.1961013100092,"[4038325314.3727727, -4025661936.592246]","[[2108056614.8764937, -21423357.27346624], [-21423357.27346624, 8681070762.671766]]","[[[854596952.9505086, -183260785.9075426], [-183260785.9075426, 8931247581.696054]], [[850756103.9317838, 146197186.84968433], [146197186.84968433, 8902079977.116276]]]",1699122367737.3074,7782189698561.781,2.0,2.3921711544971913e-06,5.695646048981678e-14,False,False,/private/tmp/oneD-v2-taylor-peierls-spatial-pf-runs/oneD_v2_DBTT_spatial_02_retention_extreme/T1100K_seed1008666/steps_1100K.csv,358617cdb5d022db1e82d54e2721962215773c122409b76e3508478951e6c9fa,/private/tmp/oneD-v2-taylor-peierls-spatial-pf-runs/oneD_v2_DBTT_spatial_02_retention_extreme/T1100K_seed1008666/anisotropic_emission_audit_v10174.json,e5d70aa5993d19a8986c1245fa252488eeb7dc6bac12e241fce8c09467a18998,FULL_ACTIVE_AND_WAKE_SPATIAL_PROFILE_OBSERVER,PF_MODEL_NATIVE_DRIVING_TRAJECTORY_NOT_RESISTANCE
DBTT,RETENTION_EXTREME,oneD_v2_dbtt_TP_4895f9e5b44deea5,oneD_v2_DBTT_spatial_02_retention_extreme,1100.0,1008666,300.0,4,0,233,1379.9720515753484,3.285647741846069e-05,7151426.682006537,9814.986259420622,66.07931667301918,66.07931667301918,66.07931667301918,-3.03079278166863,25.920031071044534,10340596303.558496,17.738586165025698,28.2064547972602,10.467868632234504,6.499202233654434,0.16535957818135408,7.265738326246697,5.4683368944097865e-09,21274.60404989299,1407.7265935077103,"[3713088650.603318, -3595099518.5433636]","[[2735227474.075489, -230101583.50228807], [-230101583.50228807, 10263599700.593054]]","[[[2420024905.3303413, -1727976402.7580483], [-1727976402.7580483, 9846202206.536978]], [[2425969279.095411, 1623321489.824862], [1623321489.824862, 9616168316.182138]]]",10194734206423.844,46693138191370.69,12.0,1.108996912080329e-06,2.6404727471347755e-14,False,False,/private/tmp/oneD-v2-taylor-peierls-spatial-pf-runs/oneD_v2_DBTT_spatial_02_retention_extreme/T1100K_seed1008666/steps_1100K.csv,358617cdb5d022db1e82d54e2721962215773c122409b76e3508478951e6c9fa,/private/tmp/oneD-v2-taylor-peierls-spatial-pf-runs/oneD_v2_DBTT_spatial_02_retention_extreme/T1100K_seed1008666/anisotropic_emission_audit_v10174.json,e5d70aa5993d19a8986c1245fa252488eeb7dc6bac12e241fce8c09467a18998,FULL_ACTIVE_AND_WAKE_SPATIAL_PROFILE_OBSERVER,PF_MODEL_NATIVE_DRIVING_TRAJECTORY_NOT_RESISTANCE
DBTT,RETENTION_EXTREME,oneD_v2_dbtt_TP_4895f9e5b44deea5,oneD_v2_DBTT_spatial_02_retention_extreme,1100.0,1008666,300.0,5,0,243,1379.9720526843453,3.285647744486542e-05,7142532.76325322,10608.385562410527,68.69819766012407,68.69819766012407,68.69819766012407,-3.3759737238571725,25.712141196921277,10257660243.103397,28.2064547972602,33.059301215423474,4.852846418163278,7.138618905104611,0.15651286810925297,7.677518340213698,6.1770606408109415e-09,24033.441369188025,1463.501446469389,"[4595880200.40627, -4576454205.929423]","[[5103729153.915449, 8021147.5385534195], [8021147.5385534195, 12043736232.748451]]","[[[2779543173.9455714, -593352759.8677392], [-593352759.8677392, 11971303574.758112]], [[2814010434.6906557, 607175051.6313976], [607175051.6313976, 11966918846.549503]]]",5097367103211.922,23346569095685.344,6.0,8.400002116104588e-08,2.000000642529698e-15,False,False,/private/tmp/oneD-v2-taylor-peierls-spatial-pf-runs/oneD_v2_DBTT_spatial_02_retention_extreme/T1100K_seed1008666/steps_1100K.csv,358617cdb5d022db1e82d54e2721962215773c122409b76e3508478951e6c9fa,/private/tmp/oneD-v2-taylor-peierls-spatial-pf-runs/oneD_v2_DBTT_spatial_02_retention_extreme/T1100K_seed1008666/anisotropic_emission_audit_v10174.json,e5d70aa5993d19a8986c1245fa252488eeb7dc6bac12e241fce8c09467a18998,FULL_ACTIVE_AND_WAKE_SPATIAL_PROFILE_OBSERVER,PF_MODEL_NATIVE_DRIVING_TRAJECTORY_NOT_RESISTANCE
DBTT,RETENTION_EXTREME,oneD_v2_dbtt_TP_4895f9e5b44deea5,oneD_v2_DBTT_spatial_02_retention_extreme,1100.0,1008666,300.0,6,0,244,1379.9720527683453,3.285647744686542e-05,7140026.4960443,10693.571092029788,68.97347004480731,68.97347004480731,68.97347004480731,-3.4767625026733167,25.273633468025654,10082720969.764124,33.059301215423474,35.35664131104838,2.2973400956249024,7.447813380359144,0.1527150038629068,7.868487087296477,6.410346032303329e-09,24941.22565672068,1489.8392160278245,"[4711229539.67912, -4686583859.39098]","[[5395003101.607821, 5423531.297688948], [5423531.297688948, 11914735516.010393]]","[[[2734121342.9928613, -525773807.9852785], [-525773807.9852785, 12156580422.3511]], [[2773186620.5004435, 531275719.8333112], [531275719.8333112, 12146354339.282402]]]",84956118386865.48,389109484928088.06,100.0,1.198895915877074e-06,2.854514584774148e-14,False,False,/private/tmp/oneD-v2-taylor-peierls-spatial-pf-runs/oneD_v2_DBTT_spatial_02_retention_extreme/T1100K_seed1008666/steps_1100K.csv,358617cdb5d022db1e82d54e2721962215773c122409b76e3508478951e6c9fa,/private/tmp/oneD-v2-taylor-peierls-spatial-pf-runs/oneD_v2_DBTT_spatial_02_retention_extreme/T1100K_seed1008666/anisotropic_emission_audit_v10174.json,e5d70aa5993d19a8986c1245fa252488eeb7dc6bac12e241fce8c09467a18998,FULL_ACTIVE_AND_WAKE_SPATIAL_PROFILE_OBSERVER,PF_MODEL_NATIVE_DRIVING_TRAJECTORY_NOT_RESISTANCE
DBTT,RETENTION_EXTREME,oneD_v2_dbtt_TP_4895f9e5b44deea5,oneD_v2_DBTT_spatial_02_retention_extreme,1100.0,1008666,300.0,7,0,254,1379.9720539672412,3.285647747541057e-05,7138460.185028393,10758.709757370383,69.18322311038457,69.18322311038457,69.18322311038457,-3.60753819509873,25.179941254379933,10045343184.39644,35.35664131104838,40.602872086987624,5.246230775939242,7.549047482809106,0.15153035834939865,7.930027834233984,6.7889232014669345e-09,26414.941501873127,1498.3756804833129,"[4549584473.301138, -4531532425.700712]","[[4891043283.589354, 5946892.098890662], [5946892.098890662, 11164368948.403498]]","[[[2900764602.7581162, -454692566.51387095], [-454692566.51387095, 11999933549.360392]], [[2940860783.389312, 451980952.043776], [451980952.043776, 12003925634.790737]]]",5097367103211.922,23346569095685.344,6.0,1.1270390132267494e-06,2.6834274819559356e-14,False,False,/private/tmp/oneD-v2-taylor-peierls-spatial-pf-runs/oneD_v2_DBTT_spatial_02_retention_extreme/T1100K_seed1008666/steps_1100K.csv,358617cdb5d022db1e82d54e2721962215773c122409b76e3508478951e6c9fa,/private/tmp/oneD-v2-taylor-peierls-spatial-pf-runs/oneD_v2_DBTT_spatial_02_retention_extreme/T1100K_seed1008666/anisotropic_emission_audit_v10174.json,e5d70aa5993d19a8986c1245fa252488eeb7dc6bac12e241fce8c09467a18998,FULL_ACTIVE_AND_WAKE_SPATIAL_PROFILE_OBSERVER,PF_MODEL_NATIVE_DRIVING_TRAJECTORY_NOT_RESISTANCE
DBTT,RETENTION_EXTREME,oneD_v2_dbtt_TP_4895f9e5b44deea5,oneD_v2_DBTT_spatial_02_retention_extreme,1100.0,1008666,300.0,8,0,264,1379.9720550942802,3.285647750224484e-05,7134192.36451869,10911.731957973048,69.67348593806288,69.67348593806288,69.67348593806288,-3.3296793169005827,25.62346774689687,10222284654.739597,40.602872086987624,45.534666691946185,4.931794604958564,7.393656513790754,0.15336026757793028,7.835398866360287,6.4394498626578e-09,25051.83393944319,1485.2550462266543,"[4653329341.943227, -4657385096.261132]","[[4661294310.234576, 12901809.460485943], [12901809.460485943, 11933045624.808615]]","[[[2976790597.480691, -1060596378.5946293], [-1060596378.5946293, 12283449281.367146]], [[2990797697.096092, 1073778933.103877], [1073778933.103877, 12305567889.618357]]]",5097367103211.922,23346569095685.344,6.0,8.400002116104588e-08,2.000000642529698e-15,False,False,/private/tmp/oneD-v2-taylor-peierls-spatial-pf-runs/oneD_v2_DBTT_spatial_02_retention_extreme/T1100K_seed1008666/steps_1100K.csv,358617cdb5d022db1e82d54e2721962215773c122409b76e3508478951e6c9fa,/private/tmp/oneD-v2-taylor-peierls-spatial-pf-runs/oneD_v2_DBTT_spatial_02_retention_extreme/T1100K_seed1008666/anisotropic_emission_audit_v10174.json,e5d70aa5993d19a8986c1245fa252488eeb7dc6bac12e241fce8c09467a18998,FULL_ACTIVE_AND_WAKE_SPATIAL_PROFILE_OBSERVER,PF_MODEL_NATIVE_DRIVING_TRAJECTORY_NOT_RESISTANCE
DBTT,RETENTION_EXTREME,oneD_v2_dbtt_TP_4895f9e5b44deea5,oneD_v2_DBTT_spatial_02_retention_extreme,1100.0,1008666,300.0,9,0,265,1379.9720551782802,3.285647750424484e-05,7131309.903110674,10941.603393048135,69.76878815889478,69.76878815889478,69.76878815889478,-3.3161408952378437,25.4249161310052,10143074020.318386,45.534666691946185,47.83200678757109,2.2973400956249024,7.530144344883729,0.1517494707084832,7.91858609836386,6.493337424148326e-09,25261.751864871017,1496.784904192219,"[4520730258.278772, -4511082710.435756]","[[4342581232.27736, -394522.0010556511], [-394522.0010556511, 11446797612.641445]]","[[[3491045248.0737653, -580800469.9628525], [-580800469.9628525, 12532505764.63131]], [[3473447339.302653, 639197279.7451121], [639197279.7451121, 12495612760.174164]]]",84956118386865.48,389109484928088.06,100.0,1.6800004232209176e-07,4.000001285059396e-15,False,False,/private/tmp/oneD-v2-taylor-peierls-spatial-pf-runs/oneD_v2_DBTT_spatial_02_retention_extreme/T1100K_seed1008666/steps_1100K.csv,358617cdb5d022db1e82d54e2721962215773c122409b76e3508478951e6c9fa,/private/tmp/oneD-v2-taylor-peierls-spatial-pf-runs/oneD_v2_DBTT_spatial_02_retention_extreme/T1100K_seed1008666/anisotropic_emission_audit_v10174.json,e5d70aa5993d19a8986c1245fa252488eeb7dc6bac12e241fce8c09467a18998,FULL_ACTIVE_AND_WAKE_SPATIAL_PROFILE_OBSERVER,PF_MODEL_NATIVE_DRIVING_TRAJECTORY_NOT_RESISTANCE
DBTT,RETENTION_EXTREME,oneD_v2_dbtt_TP_4895f9e5b44deea5,oneD_v2_DBTT_spatial_02_retention_extreme,1100.0,1008666,300.0,10,0,267,1379.9720553462803,3.2856477508244844e-05,7127737.412585793,11069.233825196581,70.17452410115797,70.17452410115797,70.17452410115797,-2.563842440126543,28.334363095613146,11303775427.086105,47.83200678757109,50.12934688319599,2.2973400956249024,6.133834335965312,0.17114099418211817,7.021122614866246,5.0878270494602035e-09,19796.42262554909,1375.03895215657,"[3958295847.2910943, -3974145772.152511]","[[3924481452.3886175, -18092923.607157137], [-18092923.607157137, 12663492455.077435]]","[[[2949963333.6042423, -1544159243.8957088], [-1544159243.8957088, 10866555028.186432]], [[2967645486.236089, 1618305147.490118], [1618305147.490118, 10915937030.541113]]]",5097367103211.922,23346569095685.344,6.0,171.31619265600216,4.0789569679999644e-06,True,False,/private/tmp/oneD-v2-taylor-peierls-spatial-pf-runs/oneD_v2_DBTT_spatial_02_retention_extreme/T1100K_seed1008666/steps_1100K.csv,358617cdb5d022db1e82d54e2721962215773c122409b76e3508478951e6c9fa,/private/tmp/oneD-v2-taylor-peierls-spatial-pf-runs/oneD_v2_DBTT_spatial_02_retention_extreme/T1100K_seed1008666/anisotropic_emission_audit_v10174.json,e5d70aa5993d19a8986c1245fa252488eeb7dc6bac12e241fce8c09467a18998,FULL_ACTIVE_AND_WAKE_SPATIAL_PROFILE_OBSERVER,PF_MODEL_NATIVE_DRIVING_TRAJECTORY_NOT_RESISTANCE
DBTT,RETENTION_EXTREME,oneD_v2_dbtt_TP_4895f9e5b44deea5,oneD_v2_DBTT_spatial_02_retention_extreme,1100.0,1008666,300.0,11,1,300,1551.2882480022824,3.693543447624481e-05,8069293.961635734,5436.394768145578,49.1786030591505,49.1786030591505,49.1786030591505,-2.0662691899296264,21.41206191169852,8542176807.149668,50.12934688319599,52.42668697882088,2.2973400956248953,5.275157071526056,0.18753665432508246,6.406544777870017,0.0,16220.039059616469,1295.8372730629753,"[4044819835.5398326, -3938298416.9404645]","[[4572581783.785818, 93728110.18524705], [93728110.18524705, 10623769231.750788]]","[[[2446706273.9293847, -481540039.3035806], [-481540039.3035806, 10536345945.00905]], [[2677691840.0927734, 595753374.9717306], [595753374.9717306, 10554288673.973703]]]",83256996019128.17,381327295229526.3,98.0,0.34495933162043,8.213317419525367e-09,False,False,/private/tmp/oneD-v2-taylor-peierls-spatial-pf-runs/oneD_v2_DBTT_spatial_02_retention_extreme/T1100K_seed1008666/steps_1100K.csv,358617cdb5d022db1e82d54e2721962215773c122409b76e3508478951e6c9fa,/private/tmp/oneD-v2-taylor-peierls-spatial-pf-runs/oneD_v2_DBTT_spatial_02_retention_extreme/T1100K_seed1008666/anisotropic_emission_audit_v10174.json,e5d70aa5993d19a8986c1245fa252488eeb7dc6bac12e241fce8c09467a18998,FULL_ACTIVE_AND_WAKE_SPATIAL_PROFILE_OBSERVER,PF_MODEL_NATIVE_DRIVING_TRAJECTORY_NOT_RESISTANCE
DBTT,RETENTION_EXTREME,oneD_v2_dbtt_TP_4895f9e5b44deea5,oneD_v2_DBTT_spatial_02_retention_extreme,1100.0,1008666,300.0,12,1,321,1551.6332073339029,3.6943647793664334e-05,8070246.125229811,5531.500071181614,49.60690779281036,49.60690779281036,49.60690779281036,-2.172356314392706,21.410518187299978,8541560950.217801,52.42668697882088,56.677418122201125,4.250731143380243,5.3682156782980535,0.18552899498300143,6.475875067946785,0.0,17545.197327729686,1304.5798200945922,"[3982900902.284011, -3876131002.9965897]","[[4559970368.710794, 87041331.40616113], [87041331.40616113, 10083347904.392954]]","[[[2199619927.826639, -397234339.39669687], [-397234339.39669687, 10165421732.39466]], [[2420188874.696644, 500616364.82642883], [500616364.82642883, 10172450880.689823]]]",1699122367737.3074,7782189698561.781,2.0,1.179388897076251,2.8080688025631248e-08,False,False,/private/tmp/oneD-v2-taylor-peierls-spatial-pf-runs/oneD_v2_DBTT_spatial_02_retention_extreme/T1100K_seed1008666/steps_1100K.csv,358617cdb5d022db1e82d54e2721962215773c122409b76e3508478951e6c9fa,/private/tmp/oneD-v2-taylor-peierls-spatial-pf-runs/oneD_v2_DBTT_spatial_02_retention_extreme/T1100K_seed1008666/anisotropic_emission_audit_v10174.json,e5d70aa5993d19a8986c1245fa252488eeb7dc6bac12e241fce8c09467a18998,FULL_ACTIVE_AND_WAKE_SPATIAL_PROFILE_OBSERVER,PF_MODEL_NATIVE_DRIVING_TRAJECTORY_NOT_RESISTANCE
DBTT,RETENTION_EXTREME,oneD_v2_dbtt_TP_4895f9e5b44deea5,oneD_v2_DBTT_spatial_02_retention_extreme,1100.0,1008666,300.0,13,1,342,1552.8125962309791,3.6971728481689965e-05,8074504.490470557,5742.104136520519,50.54244271497126,50.54244271497126,50.54244271497126,-2.092628146108295,21.291162347303185,8493944859.230253,56.677418122201125,64.60637726595918,7.9289591437580516,5.635256804226824,0.18010726639822935,6.670888315748213,0.0,18160.537791997136,1329.4556529260776,"[4152628210.817667, -4041781660.0471983]","[[4143577734.4769993, 85750776.9667083], [85750776.9667083, 10248846820.0205]]","[[[2398825561.2672915, -697227375.7300922], [-697227375.7300922, 10704081982.902626]], [[2477226818.910793, 800189805.0755433], [800189805.0755433, 10560790139.00519]]]",5097367103211.922,23346569095685.344,6.0,0.00042339790297774016,1.0080902448526483e-11,False,False,/private/tmp/oneD-v2-taylor-peierls-spatial-pf-runs/oneD_v2_DBTT_spatial_02_retention_extreme/T1100K_seed1008666/steps_1100K.csv,358617cdb5d022db1e82d54e2721962215773c122409b76e3508478951e6c9fa,/private/tmp/oneD-v2-taylor-peierls-spatial-pf-runs/oneD_v2_DBTT_spatial_02_retention_extreme/T1100K_seed1008666/anisotropic_emission_audit_v10174.json,e5d70aa5993d19a8986c1245fa252488eeb7dc6bac12e241fce8c09467a18998,FULL_ACTIVE_AND_WAKE_SPATIAL_PROFILE_OBSERVER,PF_MODEL_NATIVE_DRIVING_TRAJECTORY_NOT_RESISTANCE
DBTT,RETENTION_EXTREME,oneD_v2_dbtt_TP_4895f9e5b44deea5,oneD_v2_DBTT_spatial_02_retention_extreme,1100.0,1008666,300.0,14,1,343,1552.813019628882,3.6971738562592413e-05,8070399.46224969,6169.983834801435,52.391726274883034,52.391726274883034,52.391726274883034,-1.6965001877950527,22.743125825273786,9073194480.191439,64.60637726595918,73.04590364404542,8.439526378086239,5.3067069896123265,0.18684870772340523,6.4294653418014205,0.0,16195.35752167066,1298.8054892547427,"[3637636582.5062513, -3783881109.482594]","[[4184818621.895782, -30295296.429867376], [-30295296.429867376, 10504638478.880207]]","[[[2107283046.5345147, -1234719265.0918336], [-1234719265.0918336, 9382556211.547018]], [[2853728717.6265693, 1157616837.7845018], [1157616837.7845018, 10421490936.591757]]]",146124523625408.72,669268314076311.1,172.0,2.5200006348313764e-07,6.000001927589094e-15,False,False,/private/tmp/oneD-v2-taylor-peierls-spatial-pf-runs/oneD_v2_DBTT_spatial_02_retention_extreme/T1100K_seed1008666/steps_1100K.csv,358617cdb5d022db1e82d54e2721962215773c122409b76e3508478951e6c9fa,/private/tmp/oneD-v2-taylor-peierls-spatial-pf-runs/oneD_v2_DBTT_spatial_02_retention_extreme/T1100K_seed1008666/anisotropic_emission_audit_v10174.json,e5d70aa5993d19a8986c1245fa252488eeb7dc6bac12e241fce8c09467a18998,FULL_ACTIVE_AND_WAKE_SPATIAL_PROFILE_OBSERVER,PF_MODEL_NATIVE_DRIVING_TRAJECTORY_NOT_RESISTANCE
DBTT,RETENTION_EXTREME,oneD_v2_dbtt_TP_4895f9e5b44deea5,oneD_v2_DBTT_spatial_02_retention_extreme,1100.0,1008666,300.0,15,1,346,1552.8130198808822,3.6971738568592415e-05,7999341.645356368,13553.349481090036,77.65045660291499,77.65045660291499,77.65045660291499,-2.622079111985347,27.702920423572913,11051866247.5596,73.04590364404542,75.34297779768553,2.297074153640119,7.8566411736632,0.14809324367004048,8.112741064039408,6.61179910853971e-09,25725.586084692837,1524.0565170902596,"[4937275819.861349, -4757381892.759521]","[[6104996359.592436, 372041037.6272316], [372041037.6272316, 13212228017.00892]]","[[[3378939072.510698, -465235625.7023091], [-465235625.7023091, 13253490712.233397]], [[3864247822.9538455, 846957983.4998465], [846957983.4998465, 13379011608.472887]]]",3398244735474.6147,15564379397123.562,4.0,5.040001269662753e-07,1.2000003855178187e-14,False,False,/private/tmp/oneD-v2-taylor-peierls-spatial-pf-runs/oneD_v2_DBTT_spatial_02_retention_extreme/T1100K_seed1008666/steps_1100K.csv,358617cdb5d022db1e82d54e2721962215773c122409b76e3508478951e6c9fa,/private/tmp/oneD-v2-taylor-peierls-spatial-pf-runs/oneD_v2_DBTT_spatial_02_retention_extreme/T1100K_seed1008666/anisotropic_emission_audit_v10174.json,e5d70aa5993d19a8986c1245fa252488eeb7dc6bac12e241fce8c09467a18998,FULL_ACTIVE_AND_WAKE_SPATIAL_PROFILE_OBSERVER,PF_MODEL_NATIVE_DRIVING_TRAJECTORY_NOT_RESISTANCE
DBTT,RETENTION_EXTREME,oneD_v2_dbtt_TP_4895f9e5b44deea5,oneD_v2_DBTT_spatial_02_retention_extreme,1100.0,1008666,300.0,16,1,352,1552.8130203848823,3.697173858059242e-05,7997916.56122324,13781.66442886306,78.30176125600205,78.30176125600205,78.30176125600205,-2.7280320764365116,27.283288253918084,10884457232.867702,75.34297779768553,77.64005195132565,2.2970741536401054,8.236631543786219,0.14415351179893307,8.334640891985918,7.072458175052321e-09,27520.137715159195,1555.2627627313652,"[4854646580.411014, -4686008929.873375]","[[6184153973.408916, 287603271.24484056], [287603271.24484056, 12402933398.070604]]","[[[3105761522.052801, -349778004.6152528], [-349778004.6152528, 12815054682.874828]], [[3511943739.8417096, 700165322.6902902], [700165322.6902902, 12883961599.58846]]]",13592978941898.46,62257517588494.25,16.0,3.360000846441835e-07,8.000002570118792e-15,False,False,/private/tmp/oneD-v2-taylor-peierls-spatial-pf-runs/oneD_v2_DBTT_spatial_02_retention_extreme/T1100K_seed1008666/steps_1100K.csv,358617cdb5d022db1e82d54e2721962215773c122409b76e3508478951e6c9fa,/private/tmp/oneD-v2-taylor-peierls-spatial-pf-runs/oneD_v2_DBTT_spatial_02_retention_extreme/T1100K_seed1008666/anisotropic_emission_audit_v10174.json,e5d70aa5993d19a8986c1245fa252488eeb7dc6bac12e241fce8c09467a18998,FULL_ACTIVE_AND_WAKE_SPATIAL_PROFILE_OBSERVER,PF_MODEL_NATIVE_DRIVING_TRAJECTORY_NOT_RESISTANCE
DBTT,RETENTION_EXTREME,oneD_v2_dbtt_TP_4895f9e5b44deea5,oneD_v2_DBTT_spatial_02_retention_extreme,1100.0,1008666,300.0,17,1,356,1552.8130207208824,3.697173858859242e-05,7996466.20708723,13994.25206487398,78.9033679795344,78.9033679795344,78.9033679795344,-2.6883800131855238,27.293972410498434,10888719594.658033,77.64005195132565,79.93712610496574,2.2970741536401054,8.357138244784249,0.14296829505696546,8.404357498204535,7.174776329074054e-09,27912.40436991752,1565.042849757787,"[4988791234.887185, -4861185678.570325]","[[6266711868.709377, 401710421.403273], [401710421.403273, 12905735111.419598]]","[[[3279350398.964237, -479355329.6234201], [-479355329.6234201, 13256932868.73861]], [[3466294477.5349245, 904451748.6530386], [904451748.6530386, 13188665834.675575]]]",13592978941898.46,62257517588494.25,16.0,3.360000846441835e-07,8.000002570118792e-15,False,False,/private/tmp/oneD-v2-taylor-peierls-spatial-pf-runs/oneD_v2_DBTT_spatial_02_retention_extreme/T1100K_seed1008666/steps_1100K.csv,358617cdb5d022db1e82d54e2721962215773c122409b76e3508478951e6c9fa,/private/tmp/oneD-v2-taylor-peierls-spatial-pf-runs/oneD_v2_DBTT_spatial_02_retention_extreme/T1100K_seed1008666/anisotropic_emission_audit_v10174.json,e5d70aa5993d19a8986c1245fa252488eeb7dc6bac12e241fce8c09467a18998,FULL_ACTIVE_AND_WAKE_SPATIAL_PROFILE_OBSERVER,PF_MODEL_NATIVE_DRIVING_TRAJECTORY_NOT_RESISTANCE
DBTT,RETENTION_EXTREME,oneD_v2_dbtt_TP_4895f9e5b44deea5,oneD_v2_DBTT_spatial_02_retention_extreme,1100.0,1008666,300.0,18,1,360,1552.8130210568825,3.6971738596592424e-05,7994697.093735021,14218.948292146462,79.53429444470413,79.53429444470413,79.53429444470413,-2.8355696129327708,26.40094246650826,10532452192.335829,79.93712610496574,82.23340249422276,2.2962763892570144,9.075488361170823,0.13646263311936915,8.805006014421572,7.838252714154157e-09,30497.868466243548,1622.2308620772349,"[5161219992.523739, -5020890424.490439]","[[5784219983.912215, 232449226.7664242], [232449226.7664242, 12219227386.085915]]","[[[3592480878.385136, -559077203.1599126], [-559077203.1599126, 13914920863.432615]], [[3588509956.870413, 978645671.4878415], [978645671.4878415, 13630290805.851294]]]",3398244735474.6147,15564379397123.562,4.0,4.02363025386876e-06,9.580074092959551e-14,False,False,/private/tmp/oneD-v2-taylor-peierls-spatial-pf-runs/oneD_v2_DBTT_spatial_02_retention_extreme/T1100K_seed1008666/steps_1100K.csv,358617cdb5d022db1e82d54e2721962215773c122409b76e3508478951e6c9fa,/private/tmp/oneD-v2-taylor-peierls-spatial-pf-runs/oneD_v2_DBTT_spatial_02_retention_extreme/T1100K_seed1008666/anisotropic_emission_audit_v10174.json,e5d70aa5993d19a8986c1245fa252488eeb7dc6bac12e241fce8c09467a18998,FULL_ACTIVE_AND_WAKE_SPATIAL_PROFILE_OBSERVER,PF_MODEL_NATIVE_DRIVING_TRAJECTORY_NOT_RESISTANCE
DBTT,RETENTION_EXTREME,oneD_v2_dbtt_TP_4895f9e5b44deea5,oneD_v2_DBTT_spatial_02_retention_extreme,1100.0,1008666,300.0,19,1,370,1552.8130250805127,3.6971738692393165e-05,7992560.625925606,14486.158022512163,80.27814054538693,80.27814054538693,80.27814054538693,-1.9274754423636646,27.473149125577958,10960200761.966696,82.23340249422276,100.16094124707362,17.927538752850865,8.538424095080419,0.1412391127609253,8.506808569607374,7.310745787214009e-09,28443.565313927123,1579.6526884296427,"[5015471374.152956, -4851280587.8970585]","[[5550916932.218138, 209968604.32730466], [209968604.32730466, 12856485354.084818]]","[[[3396892207.813453, -757027058.5074008], [-757027058.5074008, 13427834956.119366]], [[3521518179.05895, 1107679117.497776], [1107679117.497776, 13224079354.853067]]]",23787713148322.297,108950655779864.94,28.0,2.5200006348313764e-07,6.000001927589094e-15,False,False,/private/tmp/oneD-v2-taylor-peierls-spatial-pf-runs/oneD_v2_DBTT_spatial_02_retention_extreme/T1100K_seed1008666/steps_1100K.csv,358617cdb5d022db1e82d54e2721962215773c122409b76e3508478951e6c9fa,/private/tmp/oneD-v2-taylor-peierls-spatial-pf-runs/oneD_v2_DBTT_spatial_02_retention_extreme/T1100K_seed1008666/anisotropic_emission_audit_v10174.json,e5d70aa5993d19a8986c1245fa252488eeb7dc6bac12e241fce8c09467a18998,FULL_ACTIVE_AND_WAKE_SPATIAL_PROFILE_OBSERVER,PF_MODEL_NATIVE_DRIVING_TRAJECTORY_NOT_RESISTANCE
DBTT,RETENTION_EXTREME,oneD_v2_dbtt_TP_4895f9e5b44deea5,oneD_v2_DBTT_spatial_02_retention_extreme,1100.0,1008666,300.0,20,1,373,1552.8130253325128,3.697173869839317e-05,7960500.025943253,19473.49682971911,93.07706225719484,93.07706225719484,93.07706225719484,-1.8966569463194776,31.540872591040653,12582987637.320803,100.16094124707362,102.45801540071372,2.297074153640092,8.708391127624754,0.1396736066289068,8.601848289779324,7.546759662519114e-09,29360.723604869992,1593.2399308872941,"[5631481046.205976, -5423829494.501699]","[[8103464581.639334, 253014468.75405568], [253014468.75405568, 16097201143.720854]]","[[[4765202646.893957, -519329963.85073555], [-519329963.85073555, 16028164739.305906]], [[5260430025.10759, 956119748.6040277], [956119748.6040277, 16108089014.110989]]]",20389468412847.688,93386276382741.38,24.0,4.200001058052294e-07,1.000000321264849e-14,False,False,/private/tmp/oneD-v2-taylor-peierls-spatial-pf-runs/oneD_v2_DBTT_spatial_02_retention_extreme/T1100K_seed1008666/steps_1100K.csv,358617cdb5d022db1e82d54e2721962215773c122409b76e3508478951e6c9fa,/private/tmp/oneD-v2-taylor-peierls-spatial-pf-runs/oneD_v2_DBTT_spatial_02_retention_extreme/T1100K_seed1008666/anisotropic_emission_audit_v10174.json,e5d70aa5993d19a8986c1245fa252488eeb7dc6bac12e241fce8c09467a18998,FULL_ACTIVE_AND_WAKE_SPATIAL_PROFILE_OBSERVER,PF_MODEL_NATIVE_DRIVING_TRAJECTORY_NOT_RESISTANCE
DBTT,RETENTION_EXTREME,oneD_v2_dbtt_TP_4895f9e5b44deea5,oneD_v2_DBTT_spatial_02_retention_extreme,1100.0,1008666,300.0,21,1,378,1552.8130257525129,3.697173870839317e-05,7958356.245561219,19705.79618823516,93.63057461184646,93.63057461184646,93.63057461184646,-1.9422818159723687,30.77784069517728,12278581952.766039,102.45801540071372,104.75508955435383,2.297074153640119,9.254630471349943,0.13497402660945415,8.901372545557292,8.125653040378588e-09,31613.474673349665,1636.2068061168804,"[5512227562.595122, -5306713935.5555935]","[[8084660162.888004, 267120300.67621627], [267120300.67621627, 14816116093.912775]]","[[[4400174909.216331, -359069507.8251604], [-359069507.8251604, 15424630034.406576]], [[4832577342.381456, 748639880.7693888], [748639880.7693888, 15446005213.492643]]]",11893856574161.152,54475327889932.47,14.0,7.560001904494129e-07,1.800000578276728e-14,False,False,/private/tmp/oneD-v2-taylor-peierls-spatial-pf-runs/oneD_v2_DBTT_spatial_02_retention_extreme/T1100K_seed1008666/steps_1100K.csv,358617cdb5d022db1e82d54e2721962215773c122409b76e3508478951e6c9fa,/private/tmp/oneD-v2-taylor-peierls-spatial-pf-runs/oneD_v2_DBTT_spatial_02_retention_extreme/T1100K_seed1008666/anisotropic_emission_audit_v10174.json,e5d70aa5993d19a8986c1245fa252488eeb7dc6bac12e241fce8c09467a18998,FULL_ACTIVE_AND_WAKE_SPATIAL_PROFILE_OBSERVER,PF_MODEL_NATIVE_DRIVING_TRAJECTORY_NOT_RESISTANCE
DBTT,RETENTION_EXTREME,oneD_v2_dbtt_TP_4895f9e5b44deea5,oneD_v2_DBTT_spatial_02_retention_extreme,1100.0,1008666,300.0,22,1,387,1552.813026508513,3.6971738726393176e-05,7956167.066515743,19948.959015298467,94.20648814784312,94.20648814784312,94.20648814784312,-1.8202921671286025,31.079112502048446,12398772014.419882,104.75508955435383,107.969488677559,3.214399123205162,9.188072462081793,0.13552139456143458,8.866085756865173,8.195456758822211e-09,31881.72612078411,1631.0271182811762,"[5673918758.808276, -5512156520.790856]","[[8165125471.667791, 96418346.4472713], [96418346.4472713, 15423946467.98551]]","[[[4611324812.480274, -519339222.25967014], [-519339222.25967014, 15959162330.096827]], [[4777437542.099994, 995515354.58627], [995515354.58627, 15801750583.68171]]]",3398244735474.6147,15564379397123.562,4.0,1.6998235423670849e-06,4.047198638506763e-14,False,False,/private/tmp/oneD-v2-taylor-peierls-spatial-pf-runs/oneD_v2_DBTT_spatial_02_retention_extreme/T1100K_seed1008666/steps_1100K.csv,358617cdb5d022db1e82d54e2721962215773c122409b76e3508478951e6c9fa,/private/tmp/oneD-v2-taylor-peierls-spatial-pf-runs/oneD_v2_DBTT_spatial_02_retention_extreme/T1100K_seed1008666/anisotropic_emission_audit_v10174.json,e5d70aa5993d19a8986c1245fa252488eeb7dc6bac12e241fce8c09467a18998,FULL_ACTIVE_AND_WAKE_SPATIAL_PROFILE_OBSERVER,PF_MODEL_NATIVE_DRIVING_TRAJECTORY_NOT_RESISTANCE
DBTT,RETENTION_EXTREME,oneD_v2_dbtt_TP_4895f9e5b44deea5,oneD_v2_DBTT_spatial_02_retention_extreme,1100.0,1008666,300.0,23,1,397,1552.8130282083366,3.697173876686516e-05,7953504.341472174,20241.5937531654,94.8949382435707,94.8949382435707,94.8949382435707,-1.5185588119638043,30.619721152168463,12215501381.70207,107.969488677559,115.41735671325131,7.447868035692315,9.6046961953026,0.13220042795932554,9.088186461326638,8.309370970262916e-09,32329.20762668617,1663.2035434877102,"[5395258116.883155, -5195749153.638137]","[[7421709093.287013, 267275492.09315833], [267275492.09315833, 14219550133.83176]]","[[[4842956589.18511, 8487303.143708408], [8487303.143708408, 15633472822.95142]], [[5218282624.764753, 306872295.723792], [306872295.723792, 15609780932.041027]]]",8495611838686.535,38910948492808.91,10.0,4.200001058052294e-07,1.000000321264849e-14,False,False,/private/tmp/oneD-v2-taylor-peierls-spatial-pf-runs/oneD_v2_DBTT_spatial_02_retention_extreme/T1100K_seed1008666/steps_1100K.csv,358617cdb5d022db1e82d54e2721962215773c122409b76e3508478951e6c9fa,/private/tmp/oneD-v2-taylor-peierls-spatial-pf-runs/oneD_v2_DBTT_spatial_02_retention_extreme/T1100K_seed1008666/anisotropic_emission_audit_v10174.json,e5d70aa5993d19a8986c1245fa252488eeb7dc6bac12e241fce8c09467a18998,FULL_ACTIVE_AND_WAKE_SPATIAL_PROFILE_OBSERVER,PF_MODEL_NATIVE_DRIVING_TRAJECTORY_NOT_RESISTANCE
DBTT,RETENTION_EXTREME,oneD_v2_dbtt_TP_4895f9e5b44deea5,oneD_v2_DBTT_spatial_02_retention_extreme,1100.0,1008666,300.0,24,1,402,1552.8130286283367,3.6971738776865166e-05,7941868.849539625,21536.85682474595,97.88403322637312,97.88403322637312,97.88403322637312,-1.3371457230130592,32.68410555821471,13039071604.275318,115.41735671325131,117.7146968088762,2.2973400956248886,8.96913379708515,0.1373700466886457,8.746671899420827,7.7548065759634e-09,30173.758258005357,1613.8808067948544,"[5089822064.375097, -4938825402.054387]","[[6209929906.540263, -585997.882190471], [-585997.882190471, 14930516658.86461]]","[[[4841138703.211547, -1816078046.750514], [-1816078046.750514, 15020782831.961742]], [[4804749951.840492, 2097304558.3950944], [2097304558.3950944, 14682400755.949266]]]",16991223677373.078,77821896985617.81,20.0,8.400002116104588e-08,2.000000642529698e-15,False,False,/private/tmp/oneD-v2-taylor-peierls-spatial-pf-runs/oneD_v2_DBTT_spatial_02_retention_extreme/T1100K_seed1008666/steps_1100K.csv,358617cdb5d022db1e82d54e2721962215773c122409b76e3508478951e6c9fa,/private/tmp/oneD-v2-taylor-peierls-spatial-pf-runs/oneD_v2_DBTT_spatial_02_retention_extreme/T1100K_seed1008666/anisotropic_emission_audit_v10174.json,e5d70aa5993d19a8986c1245fa252488eeb7dc6bac12e241fce8c09467a18998,FULL_ACTIVE_AND_WAKE_SPATIAL_PROFILE_OBSERVER,PF_MODEL_NATIVE_DRIVING_TRAJECTORY_NOT_RESISTANCE
DBTT,RETENTION_EXTREME,oneD_v2_dbtt_TP_4895f9e5b44deea5,oneD_v2_DBTT_spatial_02_retention_extreme,1100.0,1008666,300.0,25,1,403,1552.8130287123367,3.6971738778865167e-05,7937474.50541071,18428.2654731454,90.54467731125033,90.54467731125033,90.54467731125033,-1.1306310087874647,31.990274188924595,12762272935.59667,117.7146968088762,119.6574708597544,1.9427740508781928,8.011058916538557,0.14645364910982472,8.203171854517628,6.976733858503868e-09,27146.39611649455,1536.80594257737,"[5202399683.241657, -4987565791.765361]","[[6645352613.774837, -71872156.98746456], [-71872156.98746456, 15684792591.149218]]","[[[4516216247.195458, -3160934013.7840195], [-3160934013.7840195, 14921015613.678774]], [[5134780263.269586, 2725781176.738631], [2725781176.738631, 15109911846.800308]]]",84956118386865.48,389109484928088.06,100.0,1.0316648513253313e-06,2.456340659302489e-14,False,False,/private/tmp/oneD-v2-taylor-peierls-spatial-pf-runs/oneD_v2_DBTT_spatial_02_retention_extreme/T1100K_seed1008666/steps_1100K.csv,358617cdb5d022db1e82d54e2721962215773c122409b76e3508478951e6c9fa,/private/tmp/oneD-v2-taylor-peierls-spatial-pf-runs/oneD_v2_DBTT_spatial_02_retention_extreme/T1100K_seed1008666/anisotropic_emission_audit_v10174.json,e5d70aa5993d19a8986c1245fa252488eeb7dc6bac12e241fce8c09467a18998,FULL_ACTIVE_AND_WAKE_SPATIAL_PROFILE_OBSERVER,PF_MODEL_NATIVE_DRIVING_TRAJECTORY_NOT_RESISTANCE
DBTT,RETENTION_EXTREME,oneD_v2_dbtt_TP_4895f9e5b44deea5,oneD_v2_DBTT_spatial_02_retention_extreme,1100.0,1008666,300.0,26,1,413,1552.8130297440016,3.697173880342857e-05,7936292.0243300125,21535.518377628166,97.8809915885245,97.8809915885245,97.8809915885245,-0.9813061117236492,34.777897792286026,13874373852.822536,119.6574708597544,124.0548411523827,4.397370292628312,7.921183370782693,0.14740126916960775,8.147383629883214,6.9478574014873986e-09,27035.726549009018,1529.396874251663,"[5010947398.0280905, -4676596505.7581625]","[[5819571488.594367, -138773560.08954248], [-138773560.08954248, 16230424318.849787]]","[[[4211867061.070423, -2650197081.7001796], [-2650197081.7001796, 14233761857.126604]], [[5186633709.506003, 2316713873.757317], [2316713873.757317, 14539826721.02233]]]",5097367103211.922,23346569095685.344,6.0,8.400002116104588e-08,2.000000642529698e-15,False,False,/private/tmp/oneD-v2-taylor-peierls-spatial-pf-runs/oneD_v2_DBTT_spatial_02_retention_extreme/T1100K_seed1008666/steps_1100K.csv,358617cdb5d022db1e82d54e2721962215773c122409b76e3508478951e6c9fa,/private/tmp/oneD-v2-taylor-peierls-spatial-pf-runs/oneD_v2_DBTT_spatial_02_retention_extreme/T1100K_seed1008666/anisotropic_emission_audit_v10174.json,e5d70aa5993d19a8986c1245fa252488eeb7dc6bac12e241fce8c09467a18998,FULL_ACTIVE_AND_WAKE_SPATIAL_PROFILE_OBSERVER,PF_MODEL_NATIVE_DRIVING_TRAJECTORY_NOT_RESISTANCE
DBTT,RETENTION_EXTREME,oneD_v2_dbtt_TP_4895f9e5b44deea5,oneD_v2_DBTT_spatial_02_retention_extreme,1100.0,1008666,300.0,27,1,414,1552.8130298280016,3.6971738805428574e-05,7928163.516235759,21035.21061615395,96.7373369583184,96.7373369583184,96.7373369583184,-1.0706592972165137,31.879583779540102,12718113851.258253,124.0548411523827,126.35218124800764,2.2973400956249295,9.207950378116617,0.13535722314104695,8.877739449720504,8.154756870728437e-09,31731.870433830125,1632.5756499346662,"[5842906840.783567, -5873460150.950863]","[[8189276521.162153, 21915195.455520734], [21915195.455520734, 16606419806.478207]]","[[[5118405202.052384, -832001367.1437756], [-832001367.1437756, 16804218883.61952]], [[5052983567.023807, 759581887.9155406], [759581887.9155406, 16799903868.925533]]]",84956118386865.48,389109484928088.06,100.0,2.7460898763820296e-06,6.538312371986293e-14,False,False,/private/tmp/oneD-v2-taylor-peierls-spatial-pf-runs/oneD_v2_DBTT_spatial_02_retention_extreme/T1100K_seed1008666/steps_1100K.csv,358617cdb5d022db1e82d54e2721962215773c122409b76e3508478951e6c9fa,/private/tmp/oneD-v2-taylor-peierls-spatial-pf-runs/oneD_v2_DBTT_spatial_02_retention_extreme/T1100K_seed1008666/anisotropic_emission_audit_v10174.json,e5d70aa5993d19a8986c1245fa252488eeb7dc6bac12e241fce8c09467a18998,FULL_ACTIVE_AND_WAKE_SPATIAL_PROFILE_OBSERVER,PF_MODEL_NATIVE_DRIVING_TRAJECTORY_NOT_RESISTANCE
DBTT,RETENTION_EXTREME,oneD_v2_dbtt_TP_4895f9e5b44deea5,oneD_v2_DBTT_spatial_02_retention_extreme,1100.0,1008666,300.0,28,1,424,1552.8130325740915,3.69717388708117e-05,7925829.848520987,21311.777516293725,97.3712022201054,97.3712022201054,97.3712022201054,-0.7586230267751839,30.815155232492582,12293468299.374731,126.35218124800764,138.07027265511888,11.718091407111235,9.984638478483353,0.12937546782229686,9.288290810932109,8.760025594757995e-09,34085.71976269809,1692.0499759650625,"[5716781398.885337, -5741358992.72088]","[[8308697920.351413, -36198994.929577604], [-36198994.929577604, 15531857813.636774]]","[[[4725974796.569224, -636421592.5648066], [-636421592.5648066, 16159537594.3399]], [[4682644991.520189, 558535919.211011], [558535919.211011, 16165362976.961948]]]",6796489470949.229,31128758794247.125,8.0,8.400002116104588e-08,2.000000642529698e-15,False,False,/private/tmp/oneD-v2-taylor-peierls-spatial-pf-runs/oneD_v2_DBTT_spatial_02_retention_extreme/T1100K_seed1008666/steps_1100K.csv,358617cdb5d022db1e82d54e2721962215773c122409b76e3508478951e6c9fa,/private/tmp/oneD-v2-taylor-peierls-spatial-pf-runs/oneD_v2_DBTT_spatial_02_retention_extreme/T1100K_seed1008666/anisotropic_emission_audit_v10174.json,e5d70aa5993d19a8986c1245fa252488eeb7dc6bac12e241fce8c09467a18998,FULL_ACTIVE_AND_WAKE_SPATIAL_PROFILE_OBSERVER,PF_MODEL_NATIVE_DRIVING_TRAJECTORY_NOT_RESISTANCE
DBTT,RETENTION_EXTREME,oneD_v2_dbtt_TP_4895f9e5b44deea5,oneD_v2_DBTT_spatial_02_retention_extreme,1100.0,1008666,300.0,29,1,425,1552.8130326580915,3.69717388728117e-05,7907677.488158866,23321.63595261396,101.85918599871955,101.85918599871955,101.85918599871955,-0.6201203624619289,34.1249845906161,13613899171.244137,138.07027265511888,140.36761275074375,2.2973400956248753,8.909543950861059,0.13788644494029692,8.714094883767068,7.868948160638249e-09,30620.37834339074,1609.18493211686,"[5316337843.961423, -5462523801.722612]","[[6454403992.297822, -257276063.132837], [-257276063.132837, 16655246919.634892]]","[[[5166914266.805807, -2358141671.951807], [-2358141671.951807, 15799589954.728653]], [[5040742329.101104, 2275732504.068611], [2275732504.068611, 15965789932.54633]]]",84956118386865.48,389109484928088.06,100.0,3.360000846441835e-07,7.999995793855214e-15,False,False,/private/tmp/oneD-v2-taylor-peierls-spatial-pf-runs/oneD_v2_DBTT_spatial_02_retention_extreme/T1100K_seed1008666/steps_1100K.csv,358617cdb5d022db1e82d54e2721962215773c122409b76e3508478951e6c9fa,/private/tmp/oneD-v2-taylor-peierls-spatial-pf-runs/oneD_v2_DBTT_spatial_02_retention_extreme/T1100K_seed1008666/anisotropic_emission_audit_v10174.json,e5d70aa5993d19a8986c1245fa252488eeb7dc6bac12e241fce8c09467a18998,FULL_ACTIVE_AND_WAKE_SPATIAL_PROFILE_OBSERVER,PF_MODEL_NATIVE_DRIVING_TRAJECTORY_NOT_RESISTANCE
DBTT,RETENTION_EXTREME,oneD_v2_dbtt_TP_4895f9e5b44deea5,oneD_v2_DBTT_spatial_02_retention_extreme,1100.0,1008666,300.0,30,1,429,1552.8130329940916,3.6971738880811694e-05,7907677.489869941,23333.980142884757,101.88613957173095,101.88613957173095,101.88613957173095,-0.6219363208439185,32.38687272544642,12920492860.160559,140.36761275074375,142.66495284636866,2.2973400956249295,9.89674055775287,0.13001289069735877,9.24170787706558,8.738425095679608e-09,33998.08506097173,1685.4175355355867,"[5625276226.573831, -5798155704.295012]","[[6754143351.708286, -123421897.57102267], [-123421897.57102267, 15878340827.89502]]","[[[5741793752.958697, -1511124574.0046787], [-1511124574.0046787, 16992346206.10636]], [[5567122529.328335, 1490265907.1565478], [1490265907.1565478, 17163433937.918362]]]",15292101309635.77,70039707287056.03,18.0,3.360000846441835e-07,8.00000934638237e-15,False,False,/private/tmp/oneD-v2-taylor-peierls-spatial-pf-runs/oneD_v2_DBTT_spatial_02_retention_extreme/T1100K_seed1008666/steps_1100K.csv,358617cdb5d022db1e82d54e2721962215773c122409b76e3508478951e6c9fa,/private/tmp/oneD-v2-taylor-peierls-spatial-pf-runs/oneD_v2_DBTT_spatial_02_retention_extreme/T1100K_seed1008666/anisotropic_emission_audit_v10174.json,e5d70aa5993d19a8986c1245fa252488eeb7dc6bac12e241fce8c09467a18998,FULL_ACTIVE_AND_WAKE_SPATIAL_PROFILE_OBSERVER,PF_MODEL_NATIVE_DRIVING_TRAJECTORY_NOT_RESISTANCE
DBTT,RETENTION_EXTREME,oneD_v2_dbtt_TP_4895f9e5b44deea5,oneD_v2_DBTT_spatial_02_retention_extreme,1100.0,1008666,300.0,31,1,433,1552.8130333300917,3.69717388888117e-05,7901442.151239094,23925.827139118977,103.17017701014296,103.17017701014296,103.17017701014296,-0.4714363408052292,35.31646211147486,14089229930.462578,142.66495284636866,144.96229294199355,2.2973400956248753,8.534026155756253,0.14128032223279458,8.503186336409152,7.330299923780617e-09,28518.113800886906,1579.2997062607155,"[4932415908.804385, -5168258920.984789]","[[5721536108.953632, -619267920.0060458], [-619267920.0060458, 16686636304.47905]]","[[[4589261229.281739, -2787989092.0531783], [-2787989092.0531783, 14454093046.89051]], [[4389851983.880735, 2754298471.0465226], [2754298471.0465226, 14726369825.850315]]]",6796489470949.229,31128758794247.125,8.0,9.296718417317607e-07,2.213507155346406e-14,False,False,/private/tmp/oneD-v2-taylor-peierls-spatial-pf-runs/oneD_v2_DBTT_spatial_02_retention_extreme/T1100K_seed1008666/steps_1100K.csv,358617cdb5d022db1e82d54e2721962215773c122409b76e3508478951e6c9fa,/private/tmp/oneD-v2-taylor-peierls-spatial-pf-runs/oneD_v2_DBTT_spatial_02_retention_extreme/T1100K_seed1008666/anisotropic_emission_audit_v10174.json,e5d70aa5993d19a8986c1245fa252488eeb7dc6bac12e241fce8c09467a18998,FULL_ACTIVE_AND_WAKE_SPATIAL_PROFILE_OBSERVER,PF_MODEL_NATIVE_DRIVING_TRAJECTORY_NOT_RESISTANCE
DBTT,RETENTION_EXTREME,oneD_v2_dbtt_TP_4895f9e5b44deea5,oneD_v2_DBTT_spatial_02_retention_extreme,1100.0,1008666,300.0,32,1,443,1552.8130342597635,3.6971738910946775e-05,7902144.633587525,22939.861122495888,101.0220291281358,101.0220291281358,101.0220291281358,-0.44900969801942137,32.92612996557116,13135625373.258904,144.96229294199355,149.03043363509101,4.068140693097474,9.413492887669623,0.13369390337977857,8.987420417398413,8.422830434253299e-09,32772.55150727773,1648.508953868244,"[6092431292.844635, -5930057838.702089]","[[8817363025.032618, 102159051.71348475], [102159051.71348475, 17314255549.44276]]","[[[5232737312.915803, -804424405.0813894], [-804424405.0813894, 17417599898.605072]], [[5537689249.217616, 866468399.5480318], [866468399.5480318, 17397804926.621796]]]",5097367103211.922,23346569095685.344,6.0,6.72000169288367e-07,1.5999998363974005e-14,False,False,/private/tmp/oneD-v2-taylor-peierls-spatial-pf-runs/oneD_v2_DBTT_spatial_02_retention_extreme/T1100K_seed1008666/steps_1100K.csv,358617cdb5d022db1e82d54e2721962215773c122409b76e3508478951e6c9fa,/private/tmp/oneD-v2-taylor-peierls-spatial-pf-runs/oneD_v2_DBTT_spatial_02_retention_extreme/T1100K_seed1008666/anisotropic_emission_audit_v10174.json,e5d70aa5993d19a8986c1245fa252488eeb7dc6bac12e241fce8c09467a18998,FULL_ACTIVE_AND_WAKE_SPATIAL_PROFILE_OBSERVER,PF_MODEL_NATIVE_DRIVING_TRAJECTORY_NOT_RESISTANCE
DBTT,RETENTION_EXTREME,oneD_v2_dbtt_TP_4895f9e5b44deea5,oneD_v2_DBTT_spatial_02_retention_extreme,1100.0,1008666,300.0,33,1,451,1552.8130349317637,3.697173892694677e-05,7897024.632165818,23457.438594037987,102.15532019411523,102.15532019411523,102.15532019411523,-0.4095603913175963,32.40162453647303,12926377981.291565,149.03043363509101,151.77625981260204,2.745826177511022,9.940046324317914,0.12969766898630017,9.264670894185759,8.83278517106734e-09,34370.85473797475,1688.688272518846,"[6088399752.340791, -5955633630.700717]","[[8630527212.153236, 209122168.1451783], [209122168.1451783, 16658457260.921196]]","[[[4796070860.556302, -1065001505.6517884], [-1065001505.6517884, 16972870365.237885]], [[5031434493.162532, 1067013040.2145944], [1067013040.2145944, 16942701754.563965]]]",1699122367737.3074,7782189698561.781,2.0,2.1075675249448977e-06,5.018016980672807e-14,False,False,/private/tmp/oneD-v2-taylor-peierls-spatial-pf-runs/oneD_v2_DBTT_spatial_02_retention_extreme/T1100K_seed1008666/steps_1100K.csv,358617cdb5d022db1e82d54e2721962215773c122409b76e3508478951e6c9fa,/private/tmp/oneD-v2-taylor-peierls-spatial-pf-runs/oneD_v2_DBTT_spatial_02_retention_extreme/T1100K_seed1008666/anisotropic_emission_audit_v10174.json,e5d70aa5993d19a8986c1245fa252488eeb7dc6bac12e241fce8c09467a18998,FULL_ACTIVE_AND_WAKE_SPATIAL_PROFILE_OBSERVER,PF_MODEL_NATIVE_DRIVING_TRAJECTORY_NOT_RESISTANCE
DBTT,RETENTION_EXTREME,oneD_v2_dbtt_TP_4895f9e5b44deea5,oneD_v2_DBTT_spatial_02_retention_extreme,1100.0,1008666,300.0,34,1,461,1552.8130370393312,3.697173897712694e-05,7893895.514763119,23772.24311265867,102.8385102831368,102.8385102831368,102.8385102831368,-0.26324086717162326,30.640773435078604,12223900027.453897,151.77625981260204,161.20661797683053,9.430358164228469,11.264504854764619,0.12104246693940364,9.927420177419746,9.952600522708581e-09,38724.36817917127,1785.9890057964662,"[6280756536.591397, -6164042963.643938]","[[8196572063.273565, 26876625.158128034], [26876625.158128034, 15505658197.882029]]","[[[5436917288.866203, -1108430535.5042055], [-1108430535.5042055, 17998430362.049]], [[5646108019.843595, 1096878483.1490476], [1096878483.1490476, 17974193947.13147]]]",13592978941898.46,62257517588494.25,16.0,2.5200006348313764e-07,6.000001927589094e-15,False,False,/private/tmp/oneD-v2-taylor-peierls-spatial-pf-runs/oneD_v2_DBTT_spatial_02_retention_extreme/T1100K_seed1008666/steps_1100K.csv,358617cdb5d022db1e82d54e2721962215773c122409b76e3508478951e6c9fa,/private/tmp/oneD-v2-taylor-peierls-spatial-pf-runs/oneD_v2_DBTT_spatial_02_retention_extreme/T1100K_seed1008666/anisotropic_emission_audit_v10174.json,e5d70aa5993d19a8986c1245fa252488eeb7dc6bac12e241fce8c09467a18998,FULL_ACTIVE_AND_WAKE_SPATIAL_PROFILE_OBSERVER,PF_MODEL_NATIVE_DRIVING_TRAJECTORY_NOT_RESISTANCE
DBTT,RETENTION_EXTREME,oneD_v2_dbtt_TP_4895f9e5b44deea5,oneD_v2_DBTT_spatial_02_retention_extreme,1100.0,1008666,300.0,35,1,464,1552.8130372913313,3.6971738983126945e-05,7880406.929347776,24954.344341583797,105.36437057179744,105.36437057179744,105.36437057179744,-0.1998003187612528,33.3228466829076,13293892445.146475,161.20661797683053,163.5039580724554,2.2973400956248753,9.997775128251922,0.12928100576331042,9.294346219747133,8.752294890133925e-09,34051.779864320706,1693.0391256377488,"[5450454290.876451, -5591080633.724684]","[[7227110159.913023, 57632478.27034982], [57632478.27034982, 15876243007.379887]]","[[[6037635321.257184, -1689468611.094219], [-1689468611.094219, 16938543903.010084]], [[5916359671.560392, 1649564540.575025], [1649564540.575025, 17098520939.00976]]]",13592978941898.46,62257517588494.25,16.0,1.051023446052568e-06,2.502439580423857e-14,False,False,/private/tmp/oneD-v2-taylor-peierls-spatial-pf-runs/oneD_v2_DBTT_spatial_02_retention_extreme/T1100K_seed1008666/steps_1100K.csv,358617cdb5d022db1e82d54e2721962215773c122409b76e3508478951e6c9fa,/private/tmp/oneD-v2-taylor-peierls-spatial-pf-runs/oneD_v2_DBTT_spatial_02_retention_extreme/T1100K_seed1008666/anisotropic_emission_audit_v10174.json,e5d70aa5993d19a8986c1245fa252488eeb7dc6bac12e241fce8c09467a18998,FULL_ACTIVE_AND_WAKE_SPATIAL_PROFILE_OBSERVER,PF_MODEL_NATIVE_DRIVING_TRAJECTORY_NOT_RESISTANCE
DBTT,RETENTION_EXTREME,oneD_v2_dbtt_TP_4895f9e5b44deea5,oneD_v2_DBTT_spatial_02_retention_extreme,1100.0,1008666,300.0,36,1,474,1552.8130383423547,3.697173900815134e-05,7874072.55102329,25394.82353661857,106.29021731713506,106.29021731713506,106.29021731713506,-0.1314089580612969,34.95738449683735,13945978688.037981,163.5039580724554,168.10312112722474,4.599163054769354,9.245038567760428,0.13505250080282485,8.895647911661477,8.28026713956727e-09,32219.538342968182,1635.461278097532,"[4705009612.135998, -4916877289.823847]","[[5557049888.424924, -357162519.24841744], [-357162519.24841744, 14825030067.082417]]","[[[4869702852.415016, -2975841621.7885213], [-2975841621.7885213, 14279722076.687012]], [[4676415142.283787, 2898367986.2373457], [2898367986.2373457, 14510169721.931482]]]",5097367103211.922,23346569095685.344,6.0,1.115949999075383e-06,2.6570210604186933e-14,False,False,/private/tmp/oneD-v2-taylor-peierls-spatial-pf-runs/oneD_v2_DBTT_spatial_02_retention_extreme/T1100K_seed1008666/steps_1100K.csv,358617cdb5d022db1e82d54e2721962215773c122409b76e3508478951e6c9fa,/private/tmp/oneD-v2-taylor-peierls-spatial-pf-runs/oneD_v2_DBTT_spatial_02_retention_extreme/T1100K_seed1008666/anisotropic_emission_audit_v10174.json,e5d70aa5993d19a8986c1245fa252488eeb7dc6bac12e241fce8c09467a18998,FULL_ACTIVE_AND_WAKE_SPATIAL_PROFILE_OBSERVER,PF_MODEL_NATIVE_DRIVING_TRAJECTORY_NOT_RESISTANCE
DBTT,RETENTION_EXTREME,oneD_v2_dbtt_TP_4895f9e5b44deea5,oneD_v2_DBTT_spatial_02_retention_extreme,1100.0,1008666,300.0,37,1,484,1552.8130394583047,3.697173903472155e-05,7907844.718966971,13353.047184406323,77.07453036451102,77.07453036451102,77.07453036451102,-0.07136346270732032,27.062815470707474,10796501317.96721,168.10312112722474,172.98639028131274,4.883269154088001,8.111026525792806,0.14542079381119538,8.263247468568933,7.1597696667965346e-09,27857.969610499204,1545.0098086567855,"[5225670847.571053, -5256602970.149473]","[[5599548980.139423, -105380028.86217797], [-105380028.86217797, 13454418016.397745]]","[[[2952953915.371233, -747040314.5369742], [-747040314.5369742, 13404295610.51334]], [[2868258508.4529786, 668152576.2288507], [668152576.2288507, 13381464448.751925]]]",5097367103211.922,23346569095685.344,6.0,3.360000846441835e-07,8.000002570118792e-15,False,False,/private/tmp/oneD-v2-taylor-peierls-spatial-pf-runs/oneD_v2_DBTT_spatial_02_retention_extreme/T1100K_seed1008666/steps_1100K.csv,358617cdb5d022db1e82d54e2721962215773c122409b76e3508478951e6c9fa,/private/tmp/oneD-v2-taylor-peierls-spatial-pf-runs/oneD_v2_DBTT_spatial_02_retention_extreme/T1100K_seed1008666/anisotropic_emission_audit_v10174.json,e5d70aa5993d19a8986c1245fa252488eeb7dc6bac12e241fce8c09467a18998,FULL_ACTIVE_AND_WAKE_SPATIAL_PROFILE_OBSERVER,PF_MODEL_NATIVE_DRIVING_TRAJECTORY_NOT_RESISTANCE
DBTT,RETENTION_EXTREME,oneD_v2_dbtt_TP_4895f9e5b44deea5,oneD_v2_DBTT_spatial_02_retention_extreme,1100.0,1008666,300.0,38,1,488,1552.8130397943048,3.6971739042721554e-05,7905091.647001961,13028.958314971524,76.13345565394724,76.13345565394724,76.13345565394724,-0.05717623731694134,25.835352385860688,10306814395.789858,172.98639028131274,175.28373037693768,2.2973400956249295,8.684049816054042,0.13989461549232,8.58973707033745,7.470816855158515e-09,29066.78003711302,1591.3005514764966,"[5308022544.331044, -5337946468.85694]","[[5620310702.948958, 45364671.63336589], [45364671.63336589, 12860334451.72865]]","[[[2792500826.507927, -696061621.8953457], [-696061621.8953457, 13408545915.170015]], [[2709792763.9053483, 618038888.9187827], [618038888.9187827, 13385685701.619228]]]",6796489470949.229,31128758794247.125,8.0,7.560001904494129e-07,1.800000578276728e-14,False,False,/private/tmp/oneD-v2-taylor-peierls-spatial-pf-runs/oneD_v2_DBTT_spatial_02_retention_extreme/T1100K_seed1008666/steps_1100K.csv,358617cdb5d022db1e82d54e2721962215773c122409b76e3508478951e6c9fa,/private/tmp/oneD-v2-taylor-peierls-spatial-pf-runs/oneD_v2_DBTT_spatial_02_retention_extreme/T1100K_seed1008666/anisotropic_emission_audit_v10174.json,e5d70aa5993d19a8986c1245fa252488eeb7dc6bac12e241fce8c09467a18998,FULL_ACTIVE_AND_WAKE_SPATIAL_PROFILE_OBSERVER,PF_MODEL_NATIVE_DRIVING_TRAJECTORY_NOT_RESISTANCE
DBTT,RETENTION_EXTREME,oneD_v2_dbtt_TP_4895f9e5b44deea5,oneD_v2_DBTT_spatial_02_retention_extreme,1100.0,1008666,300.0,39,1,497,1552.813040550305,3.697173906072156e-05,7903417.477677136,12922.875924686316,75.82288109859573,75.82288109859573,75.82288109859573,-0.035794808002401535,25.54981352456125,10192900871.319832,175.28373037693768,178.50972988901748,3.2259995120798024,8.806941177772133,0.13878940061375436,8.658154175476666,7.582457329871927e-09,29504.959470910333,1601.0699412866677,"[5096611702.31122, -5124690620.336041]","[[5170169345.140843, -65135601.08729358], [-65135601.08729358, 12133144093.895988]]","[[[2935760102.566497, -626220443.0139914], [-626220443.0139914, 13128983507.188938]], [[2856599717.948109, 543845469.7228642], [543845469.7228642, 13105980958.620193]]]",5097367103211.922,23346569095685.344,6.0,2.272751999043976e-06,5.411317417379144e-14,False,False,/private/tmp/oneD-v2-taylor-peierls-spatial-pf-runs/oneD_v2_DBTT_spatial_02_retention_extreme/T1100K_seed1008666/steps_1100K.csv,358617cdb5d022db1e82d54e2721962215773c122409b76e3508478951e6c9fa,/private/tmp/oneD-v2-taylor-peierls-spatial-pf-runs/oneD_v2_DBTT_spatial_02_retention_extreme/T1100K_seed1008666/anisotropic_emission_audit_v10174.json,e5d70aa5993d19a8986c1245fa252488eeb7dc6bac12e241fce8c09467a18998,FULL_ACTIVE_AND_WAKE_SPATIAL_PROFILE_OBSERVER,PF_MODEL_NATIVE_DRIVING_TRAJECTORY_NOT_RESISTANCE
DBTT,RETENTION_EXTREME,oneD_v2_dbtt_TP_4895f9e5b44deea5,oneD_v2_DBTT_spatial_02_retention_extreme,1100.0,1008666,300.0,40,1,507,1552.813042823057,3.6971739114834734e-05,7901403.180001724,12771.347792103625,75.37703691423344,75.37703691423344,75.37703691423344,0.009663215535408387,26.23996561883712,10468231721.634071,178.50972988901748,188.74323545615385,10.233505567136367,8.251855211648051,0.144002154489208,8.344684909776888,7.1941030917908466e-09,27994.739199927,1556.5013340594733,"[5129747432.383985, -5153098325.572799]","[[5128446494.959293, -67442483.96584973], [-67442483.96584973, 12749054355.02106]]","[[[3031944673.071184, -593589116.9797447], [-593589116.9797447, 13291439537.839153]], [[2956067118.37732, 506662072.4292658], [506662072.4292658, 13262263769.522919]]]",15292101309635.77,70039707287056.03,18.0,8.978486221167259e-07,2.1377342983904674e-14,False,False,/private/tmp/oneD-v2-taylor-peierls-spatial-pf-runs/oneD_v2_DBTT_spatial_02_retention_extreme/T1100K_seed1008666/steps_1100K.csv,358617cdb5d022db1e82d54e2721962215773c122409b76e3508478951e6c9fa,/private/tmp/oneD-v2-taylor-peierls-spatial-pf-runs/oneD_v2_DBTT_spatial_02_retention_extreme/T1100K_seed1008666/anisotropic_emission_audit_v10174.json,e5d70aa5993d19a8986c1245fa252488eeb7dc6bac12e241fce8c09467a18998,FULL_ACTIVE_AND_WAKE_SPATIAL_PROFILE_OBSERVER,PF_MODEL_NATIVE_DRIVING_TRAJECTORY_NOT_RESISTANCE
DBTT,RETENTION_EXTREME,oneD_v2_dbtt_TP_4895f9e5b44deea5,oneD_v2_DBTT_spatial_02_retention_extreme,1100.0,1008666,300.0,41,1,517,1552.8130437209056,3.697173913621208e-05,7892285.727693866,13156.800612079172,76.50606090784036,76.50606090784036,76.50606090784036,0.014862903712443675,27.45071846212635,10951252221.938395,188.74323545615385,192.6721214745897,3.928886018435832,7.767553487319864,0.14906458704583658,8.06026225194124,6.7666405821833765e-09,26326.266225150954,1516.6579363433066,"[5166739857.852772, -5331030304.781779]","[[6259791463.835884, -66268141.85758689], [-66268141.85758689, 14063745645.755693]]","[[[3672957498.4288235, -785810372.7983283], [-785810372.7983283, 14006437214.134367]], [[3333035121.9574327, 688844006.7618008], [688844006.7618008, 13995095731.520992]]]",5097367103211.922,23346569095685.344,6.0,3.080497663177084e-06,7.334519276647189e-14,False,False,/private/tmp/oneD-v2-taylor-peierls-spatial-pf-runs/oneD_v2_DBTT_spatial_02_retention_extreme/T1100K_seed1008666/steps_1100K.csv,358617cdb5d022db1e82d54e2721962215773c122409b76e3508478951e6c9fa,/private/tmp/oneD-v2-taylor-peierls-spatial-pf-runs/oneD_v2_DBTT_spatial_02_retention_extreme/T1100K_seed1008666/anisotropic_emission_audit_v10174.json,e5d70aa5993d19a8986c1245fa252488eeb7dc6bac12e241fce8c09467a18998,FULL_ACTIVE_AND_WAKE_SPATIAL_PROFILE_OBSERVER,PF_MODEL_NATIVE_DRIVING_TRAJECTORY_NOT_RESISTANCE
DBTT,RETENTION_EXTREME,oneD_v2_dbtt_TP_4895f9e5b44deea5,oneD_v2_DBTT_spatial_02_retention_extreme,1100.0,1008666,300.0,42,1,527,1552.8130468014033,3.697173920955727e-05,7889206.963374773,13145.454897687656,76.47306644531402,76.47306644531402,76.47306644531402,0.01752806734129442,27.292573153340168,10888161371.816446,192.6721214745897,205.90209166553421,13.229970190944528,7.85105543779407,0.14815358909493137,8.110048419335222,6.813252185383604e-09,26509.20406964798,1523.5935631254195,"[5212071038.799602, -5358729930.320496]","[[6212113070.630648, -100779339.75285323], [-100779339.75285323, 14011901822.874092]]","[[[3238584166.819395, -991490409.031164], [-991490409.031164, 13662726244.418598]], [[2922482434.4138913, 925753188.7517943], [925753188.7517943, 13639942295.054884]]]",8495611838686.535,38910948492808.91,10.0,8.400002116104588e-08,2.000000642529698e-15,False,False,/private/tmp/oneD-v2-taylor-peierls-spatial-pf-runs/oneD_v2_DBTT_spatial_02_retention_extreme/T1100K_seed1008666/steps_1100K.csv,358617cdb5d022db1e82d54e2721962215773c122409b76e3508478951e6c9fa,/private/tmp/oneD-v2-taylor-peierls-spatial-pf-runs/oneD_v2_DBTT_spatial_02_retention_extreme/T1100K_seed1008666/anisotropic_emission_audit_v10174.json,e5d70aa5993d19a8986c1245fa252488eeb7dc6bac12e241fce8c09467a18998,FULL_ACTIVE_AND_WAKE_SPATIAL_PROFILE_OBSERVER,PF_MODEL_NATIVE_DRIVING_TRAJECTORY_NOT_RESISTANCE
DBTT,RETENTION_EXTREME,oneD_v2_dbtt_TP_4895f9e5b44deea5,oneD_v2_DBTT_spatial_02_retention_extreme,1100.0,1008666,300.0,43,1,528,1552.8130468854033,3.697173921155727e-05,7879153.928731944,13253.552026003106,76.78684768139658,76.78684768139658,76.78684768139658,0.0122432297915736,26.97306976946345,10760697963.256695,205.90209166553421,208.1994317611591,2.2973400956249024,8.104251804236682,0.14549010034921916,8.259345174806885,7.062908481368728e-09,27483.12611611176,1544.455067649068,"[5112669919.084388, -5117865745.972673]","[[5053331703.033372, -27022935.131683346], [-27022935.131683346, 13187225946.515814]]","[[[4175272930.946426, -1255434819.1685674], [-1255434819.1685674, 14400612769.115202]], [[3878254325.1114006, 700105495.2401583], [700105495.2401583, 14113985817.056746]]]",84956118386865.48,389109484928088.06,100.0,3.360000846441835e-07,8.000002570118792e-15,False,False,/private/tmp/oneD-v2-taylor-peierls-spatial-pf-runs/oneD_v2_DBTT_spatial_02_retention_extreme/T1100K_seed1008666/steps_1100K.csv,358617cdb5d022db1e82d54e2721962215773c122409b76e3508478951e6c9fa,/private/tmp/oneD-v2-taylor-peierls-spatial-pf-runs/oneD_v2_DBTT_spatial_02_retention_extreme/T1100K_seed1008666/anisotropic_emission_audit_v10174.json,e5d70aa5993d19a8986c1245fa252488eeb7dc6bac12e241fce8c09467a18998,FULL_ACTIVE_AND_WAKE_SPATIAL_PROFILE_OBSERVER,PF_MODEL_NATIVE_DRIVING_TRAJECTORY_NOT_RESISTANCE
DBTT,RETENTION_EXTREME,oneD_v2_dbtt_TP_4895f9e5b44deea5,oneD_v2_DBTT_spatial_02_retention_extreme,1100.0,1008666,300.0,44,1,532,1552.8130472214034,3.697173921955727e-05,7875230.927234554,13400.706353396368,77.2119535382806,77.2119535382806,77.2119535382806,0.008142226544685166,28.613387034461354,11415089873.536798,208.1994317611591,210.49677185678402,2.2973400956249024,7.281662447905602,0.15472101288212545,7.766218187798169,6.103391571049311e-09,23748.44359201583,1475.736268284416,"[4291692458.843991, -4361693279.456236]","[[4209513900.8586187, -32280856.570016168], [-32280856.570016168, 12749831148.19468]]","[[[3551059684.7256303, -1794889957.4744103], [-1794889957.4744103, 12134444602.413612]], [[3309702290.7371793, 1944159207.8722527], [1944159207.8722527, 12033088849.64965]]]",6796489470949.229,31128758794247.125,8.0,1.5383375284727663e-06,3.6627127654627334e-14,False,False,/private/tmp/oneD-v2-taylor-peierls-spatial-pf-runs/oneD_v2_DBTT_spatial_02_retention_extreme/T1100K_seed1008666/steps_1100K.csv,358617cdb5d022db1e82d54e2721962215773c122409b76e3508478951e6c9fa,/private/tmp/oneD-v2-taylor-peierls-spatial-pf-runs/oneD_v2_DBTT_spatial_02_retention_extreme/T1100K_seed1008666/anisotropic_emission_audit_v10174.json,e5d70aa5993d19a8986c1245fa252488eeb7dc6bac12e241fce8c09467a18998,FULL_ACTIVE_AND_WAKE_SPATIAL_PROFILE_OBSERVER,PF_MODEL_NATIVE_DRIVING_TRAJECTORY_NOT_RESISTANCE
DBTT,RETENTION_EXTREME,oneD_v2_dbtt_TP_4895f9e5b44deea5,oneD_v2_DBTT_spatial_02_retention_extreme,1100.0,1008666,300.0,45,1,542,1552.813048759741,3.69717392561844e-05,7781205.08103273,22084.151710018414,99.1199458891941,99.1199458891941,99.1199458891941,-0.00411814813502989,32.89499720878658,13123205200.272081,210.49677185678402,217.22836324016038,6.731591383376352,9.079509864229236,0.1364286736924932,8.808021033304898,7.95535015723146e-09,30952.60135854164,1622.5458207637041,"[5674503318.051551, -5694396625.6135235]","[[8690683921.10268, -25132963.410779435], [-25132963.410779435, 16794897659.001406]]","[[[5483367304.952762, -843579836.4350977], [-843579836.4350977, 16832373941.055866]], [[5421829570.295607, 795773030.2680217], [795773030.2680217, 16810622821.522654]]]",6796489470949.229,31128758794247.125,8.0,4.200001058052294e-07,9.999996436384911e-15,False,False,/private/tmp/oneD-v2-taylor-peierls-spatial-pf-runs/oneD_v2_DBTT_spatial_02_retention_extreme/T1100K_seed1008666/steps_1100K.csv,358617cdb5d022db1e82d54e2721962215773c122409b76e3508478951e6c9fa,/private/tmp/oneD-v2-taylor-peierls-spatial-pf-runs/oneD_v2_DBTT_spatial_02_retention_extreme/T1100K_seed1008666/anisotropic_emission_audit_v10174.json,e5d70aa5993d19a8986c1245fa252488eeb7dc6bac12e241fce8c09467a18998,FULL_ACTIVE_AND_WAKE_SPATIAL_PROFILE_OBSERVER,PF_MODEL_NATIVE_DRIVING_TRAJECTORY_NOT_RESISTANCE
DBTT,RETENTION_EXTREME,oneD_v2_dbtt_TP_4895f9e5b44deea5,oneD_v2_DBTT_spatial_02_retention_extreme,1100.0,1008666,300.0,46,1,547,1552.813049179741,3.69717392661844e-05,7773475.762892387,22971.728772011094,101.09217378410436,101.09217378410436,101.09217378410436,-0.01516269725944688,31.392038499191866,12523611425.317171,217.22836324016038,219.5257033357853,2.2973400956249295,10.370412557582032,0.126684761109153,9.485622228022912,9.14678821688626e-09,35589.76836355639,1720.8749743735596,"[5837173004.569549, -5832707981.934838]","[[8214078593.121807, -61222908.93454748], [-61222908.93454748, 15358332688.230555]]","[[[5717685795.911291, -1277877970.9140682], [-1277877970.9140682, 17392031805.05039]], [[5684295876.998194, 1227087846.5580163], [1227087846.5580163, 17349711840.86787]]]",11893856574161.152,54475327889932.47,14.0,1.6306125871778931e-06,3.882412783189765e-14,False,False,/private/tmp/oneD-v2-taylor-peierls-spatial-pf-runs/oneD_v2_DBTT_spatial_02_retention_extreme/T1100K_seed1008666/steps_1100K.csv,358617cdb5d022db1e82d54e2721962215773c122409b76e3508478951e6c9fa,/private/tmp/oneD-v2-taylor-peierls-spatial-pf-runs/oneD_v2_DBTT_spatial_02_retention_extreme/T1100K_seed1008666/anisotropic_emission_audit_v10174.json,e5d70aa5993d19a8986c1245fa252488eeb7dc6bac12e241fce8c09467a18998,FULL_ACTIVE_AND_WAKE_SPATIAL_PROFILE_OBSERVER,PF_MODEL_NATIVE_DRIVING_TRAJECTORY_NOT_RESISTANCE
DBTT,RETENTION_EXTREME,oneD_v2_dbtt_TP_4895f9e5b44deea5,oneD_v2_DBTT_spatial_02_retention_extreme,1100.0,1008666,300.0,47,1,557,1552.8130508103536,3.6971739305008525e-05,7769897.918658888,23412.081210466356,102.05650846690212,102.05650846690212,102.05650846690212,-0.03935481877782861,33.13479214172739,13218869537.648195,219.5257033357853,226.66107911389597,7.13537577811066,9.486650729336422,0.1331165150335334,9.027191375271363,8.365759641335343e-09,32545.507549136975,1654.1456950412621,"[5605129623.206498, -5571083367.307368]","[[7881923515.942559, -48325962.68783219], [-48325962.68783219, 16220056098.565865]]","[[[5517900662.361728, -1329229539.8800828], [-1329229539.8800828, 16728159908.774725]], [[5511341056.514976, 1278070237.451335], [1278070237.451335, 16653507791.129711]]]",6796489470949.229,31128758794247.125,8.0,2.5200006348313764e-07,6.000008703852672e-15,False,False,/private/tmp/oneD-v2-taylor-peierls-spatial-pf-runs/oneD_v2_DBTT_spatial_02_retention_extreme/T1100K_seed1008666/steps_1100K.csv,358617cdb5d022db1e82d54e2721962215773c122409b76e3508478951e6c9fa,/private/tmp/oneD-v2-taylor-peierls-spatial-pf-runs/oneD_v2_DBTT_spatial_02_retention_extreme/T1100K_seed1008666/anisotropic_emission_audit_v10174.json,e5d70aa5993d19a8986c1245fa252488eeb7dc6bac12e241fce8c09467a18998,FULL_ACTIVE_AND_WAKE_SPATIAL_PROFILE_OBSERVER,PF_MODEL_NATIVE_DRIVING_TRAJECTORY_NOT_RESISTANCE
DBTT,RETENTION_EXTREME,oneD_v2_dbtt_TP_4895f9e5b44deea5,oneD_v2_DBTT_spatial_02_retention_extreme,1100.0,1008666,300.0,48,1,560,1552.8130510623537,3.6971739311008533e-05,7760344.430418896,24604.169736105094,104.62249013713384,104.62249013713384,104.62249013713384,-0.055960646562678934,33.54538696286339,13382673171.91321,226.66107911389597,228.95841920952083,2.2973400956248753,9.727124912289685,0.1312700250351263,9.154213881296755,8.511733541449701e-09,33117.22679813619,1672.5494594220577,"[5508200163.693598, -5532376969.968477]","[[7387592029.518223, -58212039.08648848], [-58212039.08648848, 16362590614.63126]]","[[[6152558111.534415, -1677755208.2276525], [-1677755208.2276525, 17168958438.92161]], [[6152617734.498988, 1555216604.5899637], [1555216604.5899637, 17217371674.435944]]]",3398244735474.6147,15564379397123.562,4.0,2.6104794415005017e-06,6.215431544009248e-14,False,False,/private/tmp/oneD-v2-taylor-peierls-spatial-pf-runs/oneD_v2_DBTT_spatial_02_retention_extreme/T1100K_seed1008666/steps_1100K.csv,358617cdb5d022db1e82d54e2721962215773c122409b76e3508478951e6c9fa,/private/tmp/oneD-v2-taylor-peierls-spatial-pf-runs/oneD_v2_DBTT_spatial_02_retention_extreme/T1100K_seed1008666/anisotropic_emission_audit_v10174.json,e5d70aa5993d19a8986c1245fa252488eeb7dc6bac12e241fce8c09467a18998,FULL_ACTIVE_AND_WAKE_SPATIAL_PROFILE_OBSERVER,PF_MODEL_NATIVE_DRIVING_TRAJECTORY_NOT_RESISTANCE
DBTT,RETENTION_EXTREME,oneD_v2_dbtt_TP_4895f9e5b44deea5,oneD_v2_DBTT_spatial_02_retention_extreme,1100.0,1008666,300.0,49,1,570,1552.8130536728331,3.697173937316285e-05,7753938.413094758,25417.12751927156,106.33688381295987,106.33688381295987,106.33688381295987,-0.08907758090738487,35.73828030756087,14257511043.523947,228.95841920952083,240.01715839650478,11.058739186983964,8.853205737363435,0.13838005936425482,8.683794978851946,7.697281035824472e-09,29947.90332330392,1604.7337168200831,"[4808086035.388841, -4794630082.289568]","[[5404842848.434559, -144763130.6051004], [-144763130.6051004, 15661704882.213072]]","[[[4947205392.481039, -2875605935.1317296], [-2875605935.1317296, 14563377463.258722]], [[4992603571.101437, 2759293019.026664], [2759293019.026664, 14581863735.680574]]]",5097367103211.922,23346569095685.344,6.0,3.360000846441835e-07,7.999995793855214e-15,False,False,/private/tmp/oneD-v2-taylor-peierls-spatial-pf-runs/oneD_v2_DBTT_spatial_02_retention_extreme/T1100K_seed1008666/steps_1100K.csv,358617cdb5d022db1e82d54e2721962215773c122409b76e3508478951e6c9fa,/private/tmp/oneD-v2-taylor-peierls-spatial-pf-runs/oneD_v2_DBTT_spatial_02_retention_extreme/T1100K_seed1008666/anisotropic_emission_audit_v10174.json,e5d70aa5993d19a8986c1245fa252488eeb7dc6bac12e241fce8c09467a18998,FULL_ACTIVE_AND_WAKE_SPATIAL_PROFILE_OBSERVER,PF_MODEL_NATIVE_DRIVING_TRAJECTORY_NOT_RESISTANCE
DBTT,RETENTION_EXTREME,oneD_v2_dbtt_TP_4895f9e5b44deea5,oneD_v2_DBTT_spatial_02_retention_extreme,1100.0,1008666,300.0,50,1,574,1552.8130540088332,3.6971739381162845e-05,7749594.078553514,23759.658345536038,102.81128588479012,102.81128588479012,102.81128588479012,-0.10892059515348053,33.157531842264646,13227941365.636175,240.01715839650478,242.31449849212973,2.2973400956249295,9.614289412889685,0.13212680846750616,9.094855373986316,8.367351257504953e-09,32555.983684784376,1663.9376330009623,"[5837206030.487959, -5820760381.147857]","[[8319430410.623562, 56510015.60155478], [56510015.60155478, 16939462896.251968]]","[[[5187972298.669329, -825904238.709255], [-825904238.709255, 16862384359.645247]], [[5237122523.353116, 891510198.7522085], [891510198.7522085, 16878643285.64883]]]",1699122367737.3074,7782189698561.781,2.0,2.5200006348313764e-07,6.000008703852672e-15,False,False,/private/tmp/oneD-v2-taylor-peierls-spatial-pf-runs/oneD_v2_DBTT_spatial_02_retention_extreme/T1100K_seed1008666/steps_1100K.csv,358617cdb5d022db1e82d54e2721962215773c122409b76e3508478951e6c9fa,/private/tmp/oneD-v2-taylor-peierls-spatial-pf-runs/oneD_v2_DBTT_spatial_02_retention_extreme/T1100K_seed1008666/anisotropic_emission_audit_v10174.json,e5d70aa5993d19a8986c1245fa252488eeb7dc6bac12e241fce8c09467a18998,FULL_ACTIVE_AND_WAKE_SPATIAL_PROFILE_OBSERVER,PF_MODEL_NATIVE_DRIVING_TRAJECTORY_NOT_RESISTANCE
DBTT,RETENTION_EXTREME,oneD_v2_dbtt_TP_4895f9e5b44deea5,oneD_v2_DBTT_spatial_02_retention_extreme,1100.0,1008666,300.0,51,1,577,1552.8130542608333,3.697173938716285e-05,7747310.302022617,23491.343547969653,102.22912025478891,102.22912025478891,102.22912025478891,-0.12574296104321697,32.64055350279701,13021696847.97081,242.31449849212973,244.61183858775462,2.2973400956249024,9.809214184482554,0.1306570739858674,9.197178792261317,8.685901776917617e-09,33793.4373521783,1678.7887638549246,"[5710892568.615662, -5694371204.14515]","[[8376911140.987992, 55024371.07258923], [55024371.07258923, 16032598797.792969]]","[[[4816934568.711561, -632309520.533185], [-632309520.533185, 16238719705.942886]], [[4854962622.373814, 695377620.4497641], [695377620.4497641, 16243705030.664116]]]",23787713148322.297,108950655779864.94,28.0,2.9728842037002323e-06,7.078297231113626e-14,False,False,/private/tmp/oneD-v2-taylor-peierls-spatial-pf-runs/oneD_v2_DBTT_spatial_02_retention_extreme/T1100K_seed1008666/steps_1100K.csv,358617cdb5d022db1e82d54e2721962215773c122409b76e3508478951e6c9fa,/private/tmp/oneD-v2-taylor-peierls-spatial-pf-runs/oneD_v2_DBTT_spatial_02_retention_extreme/T1100K_seed1008666/anisotropic_emission_audit_v10174.json,e5d70aa5993d19a8986c1245fa252488eeb7dc6bac12e241fce8c09467a18998,FULL_ACTIVE_AND_WAKE_SPATIAL_PROFILE_OBSERVER,PF_MODEL_NATIVE_DRIVING_TRAJECTORY_NOT_RESISTANCE
DBTT,RETENTION_EXTREME,oneD_v2_dbtt_TP_4895f9e5b44deea5,oneD_v2_DBTT_spatial_02_retention_extreme,1100.0,1008666,300.0,52,1,587,1552.8130572337175,3.6971739457945826e-05,7744979.438120573,23202.93300548512,101.59963280718488,101.59963280718488,101.59963280718488,-0.1865032911680856,32.104925669410534,12808012258.67313,244.61183858775462,257.4326195078266,12.820780920071964,10.014769066120113,0.12915911340564076,9.303862465796383,8.806182450975046e-09,34256.83622440502,1694.317913953202,"[5872835692.246616, -5854666452.715037]","[[8592376553.312819, 63943799.66269777], [63943799.66269777, 16601555508.581795]]","[[[5040268104.534683, -774754984.4455252], [-774754984.4455252, 16785939489.027918]], [[5082823263.159454, 839500185.3413831], [839500185.3413831, 16792156168.589529]]]",10194734206423.844,46693138191370.69,12.0,8.400002116104588e-08,2.000000642529698e-15,False,False,/private/tmp/oneD-v2-taylor-peierls-spatial-pf-runs/oneD_v2_DBTT_spatial_02_retention_extreme/T1100K_seed1008666/steps_1100K.csv,358617cdb5d022db1e82d54e2721962215773c122409b76e3508478951e6c9fa,/private/tmp/oneD-v2-taylor-peierls-spatial-pf-runs/oneD_v2_DBTT_spatial_02_retention_extreme/T1100K_seed1008666/anisotropic_emission_audit_v10174.json,e5d70aa5993d19a8986c1245fa252488eeb7dc6bac12e241fce8c09467a18998,FULL_ACTIVE_AND_WAKE_SPATIAL_PROFILE_OBSERVER,PF_MODEL_NATIVE_DRIVING_TRAJECTORY_NOT_RESISTANCE
DBTT,RETENTION_EXTREME,oneD_v2_dbtt_TP_4895f9e5b44deea5,oneD_v2_DBTT_spatial_02_retention_extreme,1100.0,1008666,300.0,53,1,588,1552.8130573177175,3.6971739459945826e-05,7729581.843882808,21467.499006777827,97.72629206394454,97.72629206394454,97.72629206394454,-0.19162547763809126,31.13796399383008,12422250362.756275,257.4326195078266,259.7299596034515,2.2973400956249024,9.850140333978764,0.13035467332950293,9.218523855870519,8.79822437226737e-09,34233.37910556837,1681.8913297006582,"[5798800976.662897, -5809804427.931717]","[[6570636996.550875, 59119670.74263475], [59119670.74263475, 15477586670.061089]]","[[[6094300282.477808, -1004011278.7689594], [-1004011278.7689594, 17691902235.803604]], [[6099890295.49327, 1062075122.727713], [1062075122.727713, 17719499151.356705]]]",84956118386865.48,389109484928088.2,100.0,4.200001058052294e-07,1.000000321264849e-14,False,False,/private/tmp/oneD-v2-taylor-peierls-spatial-pf-runs/oneD_v2_DBTT_spatial_02_retention_extreme/T1100K_seed1008666/steps_1100K.csv,358617cdb5d022db1e82d54e2721962215773c122409b76e3508478951e6c9fa,/private/tmp/oneD-v2-taylor-peierls-spatial-pf-runs/oneD_v2_DBTT_spatial_02_retention_extreme/T1100K_seed1008666/anisotropic_emission_audit_v10174.json,e5d70aa5993d19a8986c1245fa252488eeb7dc6bac12e241fce8c09467a18998,FULL_ACTIVE_AND_WAKE_SPATIAL_PROFILE_OBSERVER,PF_MODEL_NATIVE_DRIVING_TRAJECTORY_NOT_RESISTANCE
DBTT,RETENTION_EXTREME,oneD_v2_dbtt_TP_4895f9e5b44deea5,oneD_v2_DBTT_spatial_02_retention_extreme,1100.0,1008666,300.0,54,1,593,1552.8130577377176,3.697173946994583e-05,7723451.743238433,21218.440748746503,97.1577454619038,97.1577454619038,97.1577454619038,-0.17348896569509706,32.845639161407966,13103514188.294697,259.7299596034515,262.02729969907637,2.2973400956249024,8.749826107888284,0.13929979156262673,8.626381597179812,7.65362529020473e-09,29777.356566414626,1596.536297906939,"[5028989556.120453, -5071313360.662365]","[[5930782816.160488, 67530925.70856732], [67530925.70856732, 15229726465.452095]]","[[[5037397723.276763, -2068415233.469752], [-2068415233.469752, 15095376835.517668]], [[5015553996.652261, 2101009938.1354806], [2101009938.1354806, 15158180717.97699]]]",16991223677373.078,77821896985617.81,20.0,3.879869154843618e-06,9.237781980336868e-14,False,False,/private/tmp/oneD-v2-taylor-peierls-spatial-pf-runs/oneD_v2_DBTT_spatial_02_retention_extreme/T1100K_seed1008666/steps_1100K.csv,358617cdb5d022db1e82d54e2721962215773c122409b76e3508478951e6c9fa,/private/tmp/oneD-v2-taylor-peierls-spatial-pf-runs/oneD_v2_DBTT_spatial_02_retention_extreme/T1100K_seed1008666/anisotropic_emission_audit_v10174.json,e5d70aa5993d19a8986c1245fa252488eeb7dc6bac12e241fce8c09467a18998,FULL_ACTIVE_AND_WAKE_SPATIAL_PROFILE_OBSERVER,PF_MODEL_NATIVE_DRIVING_TRAJECTORY_NOT_RESISTANCE
DBTT,RETENTION_EXTREME,oneD_v2_dbtt_TP_4895f9e5b44deea5,oneD_v2_DBTT_spatial_02_retention_extreme,1100.0,1008666,300.0,55,1,603,1552.8130616175868,3.697173956232365e-05,7743638.262485562,15091.875539292212,81.93931005865406,81.93931005865406,81.93931005865406,-0.20740291528049162,27.36104911200513,10915479326.91892,262.02729969907637,279.2579249532601,17.23062525418374,8.968485583034555,0.13737563285496196,8.747283966791192,7.73115971345249e-09,30080.191259331357,1613.8297928516483,"[5538415156.122852, -5564190356.23749]","[[5713059455.897276, -34483973.775719754], [-34483973.775719754, 14037229626.94819]]","[[[2928195677.8634663, -780963515.9549652], [-780963515.9549652, 14005025990.109173]], [[2866879262.6713176, 736439673.3219347], [736439673.3219347, 13995259975.146297]]]",22088590780584.992,101168466081303.16,26.0,3.413645117689157e-06,8.127727684674804e-14,False,False,/private/tmp/oneD-v2-taylor-peierls-spatial-pf-runs/oneD_v2_DBTT_spatial_02_retention_extreme/T1100K_seed1008666/steps_1100K.csv,358617cdb5d022db1e82d54e2721962215773c122409b76e3508478951e6c9fa,/private/tmp/oneD-v2-taylor-peierls-spatial-pf-runs/oneD_v2_DBTT_spatial_02_retention_extreme/T1100K_seed1008666/anisotropic_emission_audit_v10174.json,e5d70aa5993d19a8986c1245fa252488eeb7dc6bac12e241fce8c09467a18998,FULL_ACTIVE_AND_WAKE_SPATIAL_PROFILE_OBSERVER,PF_MODEL_NATIVE_DRIVING_TRAJECTORY_NOT_RESISTANCE
DBTT,RETENTION_EXTREME,oneD_v2_dbtt_TP_4895f9e5b44deea5,oneD_v2_DBTT_spatial_02_retention_extreme,1100.0,1008666,300.0,56,1,613,1552.8130650312319,3.6971739643600926e-05,7730781.267901715,13996.591750792428,78.90996359402716,78.90996359402716,78.90996359402716,-0.18953095964773242,27.22089755308189,10859566944.400267,279.2579249532601,294.1956478027983,14.93772284953817,8.403472900365418,0.1425203002936215,8.431478952959793,7.152948456955442e-09,27830.25089334675,1568.7886582095985,"[5099154360.313948, -5114425175.904258]","[[4867364570.198836, -30007103.621297106], [-30007103.621297106, 13195418476.661322]]","[[[3689993698.1798053, -824848591.1942841], [-824848591.1942841, 13888302418.807703]], [[3642226891.840295, 768447958.8732144], [768447958.8732144, 13871077243.648813]]]",15292101309635.77,70039707287056.03,18.0,2.5200006348313764e-07,6.000008703852672e-15,False,False,/private/tmp/oneD-v2-taylor-peierls-spatial-pf-runs/oneD_v2_DBTT_spatial_02_retention_extreme/T1100K_seed1008666/steps_1100K.csv,358617cdb5d022db1e82d54e2721962215773c122409b76e3508478951e6c9fa,/private/tmp/oneD-v2-taylor-peierls-spatial-pf-runs/oneD_v2_DBTT_spatial_02_retention_extreme/T1100K_seed1008666/anisotropic_emission_audit_v10174.json,e5d70aa5993d19a8986c1245fa252488eeb7dc6bac12e241fce8c09467a18998,FULL_ACTIVE_AND_WAKE_SPATIAL_PROFILE_OBSERVER,PF_MODEL_NATIVE_DRIVING_TRAJECTORY_NOT_RESISTANCE
DBTT,RETENTION_EXTREME,oneD_v2_dbtt_TP_4895f9e5b44deea5,oneD_v2_DBTT_spatial_02_retention_extreme,1100.0,1008666,300.0,57,1,616,1552.813065283232,3.6971739649600935e-05,7699985.271220102,19895.152712728617,94.07935556468543,94.07935556468543,94.07935556468543,-0.20850148017134412,31.356539393643793,12509449331.19761,294.1956478027983,296.4929878984232,2.2973400956249024,9.001863321893223,0.13708887364284844,8.764146995742488,7.774815459427009e-09,30250.165654844994,1616.4546728516325,"[5535130764.552111, -5741082042.3635]","[[7921948707.317604, -167840523.24815536], [-167840523.24815536, 16184192153.117899]]","[[[5093657197.427679, -962092744.1614684], [-962092744.1614684, 16163918726.5319]], [[4657470484.462587, 763685806.3309963], [763685806.3309963, 16139634569.189587]]]",10194734206423.844,46693138191370.69,12.0,9.493919606029522e-07,2.2604531094150282e-14,False,False,/private/tmp/oneD-v2-taylor-peierls-spatial-pf-runs/oneD_v2_DBTT_spatial_02_retention_extreme/T1100K_seed1008666/steps_1100K.csv,358617cdb5d022db1e82d54e2721962215773c122409b76e3508478951e6c9fa,/private/tmp/oneD-v2-taylor-peierls-spatial-pf-runs/oneD_v2_DBTT_spatial_02_retention_extreme/T1100K_seed1008666/anisotropic_emission_audit_v10174.json,e5d70aa5993d19a8986c1245fa252488eeb7dc6bac12e241fce8c09467a18998,FULL_ACTIVE_AND_WAKE_SPATIAL_PROFILE_OBSERVER,PF_MODEL_NATIVE_DRIVING_TRAJECTORY_NOT_RESISTANCE
DBTT,RETENTION_EXTREME,oneD_v2_dbtt_TP_4895f9e5b44deea5,oneD_v2_DBTT_spatial_02_retention_extreme,1100.0,1008666,300.0,58,1,626,1552.813066232624,3.6971739672205466e-05,7697893.485820178,19717.801879838487,93.6590923289512,93.6590923289512,93.6590923289512,-0.2115073071754467,31.093196711567874,12404390801.083216,296.4929878984232,300.64693596292,4.153948064496821,9.073380846931553,0.13648044007053126,8.803061788708638,8.087226889410511e-09,31468.17559569902,1622.065781912369,"[5390818094.421356, -5602462672.932279]","[[7955561481.546656, -158772604.8296554], [-158772604.8296554, 15256214694.891865]]","[[[4705862541.477031, -778081108.716181], [-778081108.716181, 15487498730.319744]], [[4279490202.268127, 597751720.5524882], [597751720.5524882, 15484415548.132683]]]",5097367103211.922,23346569095685.344,6.0,,,False,True,/private/tmp/oneD-v2-taylor-peierls-spatial-pf-runs/oneD_v2_DBTT_spatial_02_retention_extreme/T1100K_seed1008666/steps_1100K.csv,358617cdb5d022db1e82d54e2721962215773c122409b76e3508478951e6c9fa,/private/tmp/oneD-v2-taylor-peierls-spatial-pf-runs/oneD_v2_DBTT_spatial_02_retention_extreme/T1100K_seed1008666/anisotropic_emission_audit_v10174.json,e5d70aa5993d19a8986c1245fa252488eeb7dc6bac12e241fce8c09467a18998,FULL_ACTIVE_AND_WAKE_SPATIAL_PROFILE_OBSERVER,PF_MODEL_NATIVE_DRIVING_TRAJECTORY_NOT_RESISTANCE
DBTT,NEAR_TIP_RETENTION_EXTREME,oneD_v2_dbtt_TP_7e668ee637fc3ac5,oneD_v2_DBTT_spatial_03_near_tip_retention_extreme,1100.0,1008666,300.0,0,0,175,1372.708397657206,3.268353327755257e-05,7119776.27822853,6926.068691639274,55.509088067114256,55.509088067114256,55.509088067114256,-3.725745030387321,20.088341986938936,8014088961.753266,0.0,2.931106565679095,2.931106565679095,7.635544254702428,0.1505397168577468,7.982232710508015,0.0,25258.20825028263,1505.6360396902294,"[3209325826.2473187, -3200732366.4285035]","[[-206356923.4991797, -9432494.546461243], [-9432494.546461243, 6410227690.269296]]","[[[-43422054.66333325, 57638261.70363943], [57638261.70363943, 6375229597.831304]], [[-40133424.191966765, -69415436.31967376], [-69415436.31967376, 6361331308.66504]]]",1281540911600.014,5869615202476.698,2.0,6.990596686618346,1.6644277825280182e-07,False,False,/private/tmp/oneD-v2-taylor-peierls-spatial-pf-runs/oneD_v2_DBTT_spatial_03_near_tip_retention_extreme/T1100K_seed1008666/steps_1100K.csv,4f0bf069a9ee79042a035d6c118f8b6e8c4f8ef910d4ee4fc7de49305e28eeb6,/private/tmp/oneD-v2-taylor-peierls-spatial-pf-runs/oneD_v2_DBTT_spatial_03_near_tip_retention_extreme/T1100K_seed1008666/anisotropic_emission_audit_v10174.json,535634f93722eed5af6f40646d40476a8b8e0378850a1fbe86305cd9a6e36b4d,FULL_ACTIVE_AND_WAKE_SPATIAL_PROFILE_OBSERVER,PF_MODEL_NATIVE_DRIVING_TRAJECTORY_NOT_RESISTANCE
DBTT,NEAR_TIP_RETENTION_EXTREME,oneD_v2_dbtt_TP_7e668ee637fc3ac5,oneD_v2_DBTT_spatial_03_near_tip_retention_extreme,1100.0,1008666,300.0,1,0,195,1379.6989943438243,3.284997605580537e-05,7155864.904479296,7219.100306427581,56.671177110966,56.671177110966,56.671177110966,-3.807066334236827,20.24263949933147,8075644763.207413,2.931106565679095,7.415929780049919,4.484823214370824,7.837727954624088,0.14829787089965443,8.102926669906726,0.0,25845.329658668146,1522.4884594498849,"[3550389252.2793922, -3539625172.37718]","[[664148019.8255737, -13224879.254857976], [-13224879.254857976, 7149449905.887912]]","[[[-15317121.265986303, -82127229.91376308], [-82127229.91376308, 7085461383.292798]], [[-11371104.80276021, 63140025.66700002], [63140025.66700002, 7067879239.9516]]]",2563081823200.028,11739230404953.396,4.0,0.11068835878950267,2.635437114037204e-09,False,False,/private/tmp/oneD-v2-taylor-peierls-spatial-pf-runs/oneD_v2_DBTT_spatial_03_near_tip_retention_extreme/T1100K_seed1008666/steps_1100K.csv,4f0bf069a9ee79042a035d6c118f8b6e8c4f8ef910d4ee4fc7de49305e28eeb6,/private/tmp/oneD-v2-taylor-peierls-spatial-pf-runs/oneD_v2_DBTT_spatial_03_near_tip_retention_extreme/T1100K_seed1008666/anisotropic_emission_audit_v10174.json,535634f93722eed5af6f40646d40476a8b8e0378850a1fbe86305cd9a6e36b4d,FULL_ACTIVE_AND_WAKE_SPATIAL_PROFILE_OBSERVER,PF_MODEL_NATIVE_DRIVING_TRAJECTORY_NOT_RESISTANCE
DBTT,NEAR_TIP_RETENTION_EXTREME,oneD_v2_dbtt_TP_7e668ee637fc3ac5,oneD_v2_DBTT_spatial_03_near_tip_retention_extreme,1100.0,1008666,300.0,2,0,209,1379.8096827026138,3.285261149291941e-05,7155838.987462388,7670.495438067533,58.416079050848744,58.416079050848744,58.416079050848744,-3.9311427984101925,20.605446203869633,8220383697.260796,7.415929780049919,10.475434902500647,3.059505122450728,8.03712568125013,0.146182210353327,8.22022697466239,0.0,26698.115544087726,1538.9488743050588,"[3912766671.5288496, -3902921472.8579764]","[[1555733087.6520915, -18059794.793436266], [-18059794.793436266, 7940249960.550148]]","[[[525998767.3400378, -131132281.05239274], [-131132281.05239274, 8351532110.3977375]], [[524083910.62242085, 98926323.18403466], [98926323.18403466, 8329926856.338373]]]",2563081823200.028,11739230404953.396,4.0,0.001857500667711065,4.422620635598923e-11,False,False,/private/tmp/oneD-v2-taylor-peierls-spatial-pf-runs/oneD_v2_DBTT_spatial_03_near_tip_retention_extreme/T1100K_seed1008666/steps_1100K.csv,4f0bf069a9ee79042a035d6c118f8b6e8c4f8ef910d4ee4fc7de49305e28eeb6,/private/tmp/oneD-v2-taylor-peierls-spatial-pf-runs/oneD_v2_DBTT_spatial_03_near_tip_retention_extreme/T1100K_seed1008666/anisotropic_emission_audit_v10174.json,535634f93722eed5af6f40646d40476a8b8e0378850a1fbe86305cd9a6e36b4d,FULL_ACTIVE_AND_WAKE_SPATIAL_PROFILE_OBSERVER,PF_MODEL_NATIVE_DRIVING_TRAJECTORY_NOT_RESISTANCE
DBTT,NEAR_TIP_RETENTION_EXTREME,oneD_v2_dbtt_TP_7e668ee637fc3ac5,oneD_v2_DBTT_spatial_03_near_tip_retention_extreme,1100.0,1008666,300.0,3,0,218,1379.8115402032815,3.285265571912576e-05,7155214.795928537,8031.037449429238,59.77320194586812,59.77320194586812,59.77320194586812,-3.6644135001345925,21.543767774101646,8594719844.239008,10.475434902500647,17.738586165025698,7.263151262525049,7.697854952335177,0.14983799687775265,8.019620804231744,0.0,25195.179011157343,1510.8473610010556,"[4037855603.7890844, -4025193698.926687]","[[2107811420.0430036, -21420865.453994624], [-21420865.453994624, 8680061039.457918]]","[[[854497552.034944, -183239470.25711474], [-183239470.25711474, 8930208759.613113]], [[850657149.7576989, 146180182.18546778], [146180182.18546778, 8901044547.611073]]]",12815409116000.145,58696152024766.99,20.0,2.3921711544971913e-06,5.695646048981678e-14,False,False,/private/tmp/oneD-v2-taylor-peierls-spatial-pf-runs/oneD_v2_DBTT_spatial_03_near_tip_retention_extreme/T1100K_seed1008666/steps_1100K.csv,4f0bf069a9ee79042a035d6c118f8b6e8c4f8ef910d4ee4fc7de49305e28eeb6,/private/tmp/oneD-v2-taylor-peierls-spatial-pf-runs/oneD_v2_DBTT_spatial_03_near_tip_retention_extreme/T1100K_seed1008666/anisotropic_emission_audit_v10174.json,535634f93722eed5af6f40646d40476a8b8e0378850a1fbe86305cd9a6e36b4d,FULL_ACTIVE_AND_WAKE_SPATIAL_PROFILE_OBSERVER,PF_MODEL_NATIVE_DRIVING_TRAJECTORY_NOT_RESISTANCE
DBTT,NEAR_TIP_RETENTION_EXTREME,oneD_v2_dbtt_TP_7e668ee637fc3ac5,oneD_v2_DBTT_spatial_03_near_tip_retention_extreme,1100.0,1008666,300.0,4,0,228,1379.8115425954527,3.2852655776082223e-05,7150594.876608583,9812.703167077038,66.07163077554083,66.07163077554083,66.07163077554083,-3.0304115366458566,25.9183992318981,10339945293.92817,17.738586165025698,28.2064547972602,10.467868632234504,6.498508658749469,0.16537000412447733,7.265280124078891,7.247990652480497e-09,21271.927112358415,1407.6651131231297,"[3712656769.34102, -3594681360.975834]","[[2734909330.9861817, -230074819.64834037], [-230074819.64834037, 10262405908.359278]]","[[[2419743424.4638042, -1727775416.2747548], [-1727775416.2747548, 9845056963.145845]], [[2425687106.8196774, 1623132676.0904996], [1623132676.0904996, 9615049828.771345]]]",7689245469600.083,35217691214860.18,12.0,1.108996912080329e-06,2.6404727471347755e-14,False,False,/private/tmp/oneD-v2-taylor-peierls-spatial-pf-runs/oneD_v2_DBTT_spatial_03_near_tip_retention_extreme/T1100K_seed1008666/steps_1100K.csv,4f0bf069a9ee79042a035d6c118f8b6e8c4f8ef910d4ee4fc7de49305e28eeb6,/private/tmp/oneD-v2-taylor-peierls-spatial-pf-runs/oneD_v2_DBTT_spatial_03_near_tip_retention_extreme/T1100K_seed1008666/anisotropic_emission_audit_v10174.json,535634f93722eed5af6f40646d40476a8b8e0378850a1fbe86305cd9a6e36b4d,FULL_ACTIVE_AND_WAKE_SPATIAL_PROFILE_OBSERVER,PF_MODEL_NATIVE_DRIVING_TRAJECTORY_NOT_RESISTANCE
DBTT,NEAR_TIP_RETENTION_EXTREME,oneD_v2_dbtt_TP_7e668ee637fc3ac5,oneD_v2_DBTT_spatial_03_near_tip_retention_extreme,1100.0,1008666,300.0,5,0,238,1379.8115437044496,3.285265580248695e-05,7141701.992336181,10605.91791516216,68.69020715219628,68.69020715219628,68.69020715219628,-3.3755518422094917,25.710533760129486,10257018968.604078,28.2064547972602,33.059301215423474,4.852846418163278,7.1378508113809795,0.15652265845335797,7.677038001040991,8.188862921926047e-09,24030.437532723543,1463.4355146624662,"[4595345638.824931, -4575921903.847867]","[[5103135522.791861, 8020214.573131196], [8020214.573131196, 12042335387.120384]]","[[[2779219876.35519, -593283745.1032587], [-593283745.1032587, 11969911154.005053]], [[2813683128.10252, 607104429.151786], [607104429.151786, 11965526935.798254]]]",3844622734800.0415,17608845607430.094,6.0,8.400002116104588e-08,2.000000642529698e-15,False,False,/private/tmp/oneD-v2-taylor-peierls-spatial-pf-runs/oneD_v2_DBTT_spatial_03_near_tip_retention_extreme/T1100K_seed1008666/steps_1100K.csv,4f0bf069a9ee79042a035d6c118f8b6e8c4f8ef910d4ee4fc7de49305e28eeb6,/private/tmp/oneD-v2-taylor-peierls-spatial-pf-runs/oneD_v2_DBTT_spatial_03_near_tip_retention_extreme/T1100K_seed1008666/anisotropic_emission_audit_v10174.json,535634f93722eed5af6f40646d40476a8b8e0378850a1fbe86305cd9a6e36b4d,FULL_ACTIVE_AND_WAKE_SPATIAL_PROFILE_OBSERVER,PF_MODEL_NATIVE_DRIVING_TRAJECTORY_NOT_RESISTANCE
DBTT,NEAR_TIP_RETENTION_EXTREME,oneD_v2_dbtt_TP_7e668ee637fc3ac5,oneD_v2_DBTT_spatial_03_near_tip_retention_extreme,1100.0,1008666,300.0,6,0,239,1379.8115437884496,3.285265580448695e-05,7139196.016639296,10691.083629529146,68.9654475190652,68.9654475190652,68.9654475190652,-3.4763289171941967,25.272057641972317,10082092306.12489,33.059301215423474,35.35664131104838,2.2973400956249024,7.447009544930328,0.1527245218627182,7.8679965980901905,8.49763637321771e-09,24938.11534504834,1489.771263665666,"[4710681561.4458275, -4686038747.7758875]","[[5394375591.476267, 5422900.469351085], [5422900.469351085, 11913349674.86994]]","[[[2733803328.561485, -525712653.5456611], [-525712653.5456611, 12155166451.45314]], [[2772864062.261222, 531213925.4486624], [531213925.4486624, 12144941557.812998]]]",64077045580000.766,293480760123834.7,100.0,1.198895915877074e-06,2.854514584774148e-14,False,False,/private/tmp/oneD-v2-taylor-peierls-spatial-pf-runs/oneD_v2_DBTT_spatial_03_near_tip_retention_extreme/T1100K_seed1008666/steps_1100K.csv,4f0bf069a9ee79042a035d6c118f8b6e8c4f8ef910d4ee4fc7de49305e28eeb6,/private/tmp/oneD-v2-taylor-peierls-spatial-pf-runs/oneD_v2_DBTT_spatial_03_near_tip_retention_extreme/T1100K_seed1008666/anisotropic_emission_audit_v10174.json,535634f93722eed5af6f40646d40476a8b8e0378850a1fbe86305cd9a6e36b4d,FULL_ACTIVE_AND_WAKE_SPATIAL_PROFILE_OBSERVER,PF_MODEL_NATIVE_DRIVING_TRAJECTORY_NOT_RESISTANCE
DBTT,NEAR_TIP_RETENTION_EXTREME,oneD_v2_dbtt_TP_7e668ee637fc3ac5,oneD_v2_DBTT_spatial_03_near_tip_retention_extreme,1100.0,1008666,300.0,7,0,249,1379.8115449873455,3.28526558330321e-05,7137629.887806772,10756.207142778574,69.17517618759699,69.17517618759699,69.17517618759699,-3.6070881153322505,25.17837140450761,10044716904.90849,35.35664131104838,40.602872086987624,5.246230775939242,7.54823264068807,0.15153978387948036,7.929534486012598,8.998995327711881e-09,26411.646585711533,1498.3071385089177,"[4549055296.524942, -4531005348.616128]","[[4890474390.642705, 5946200.396778984], [5946200.396778984, 11163070384.808722]]","[[[2900427205.5144777, -454639679.76170176], [-454639679.76170176, 11998537798.564362]], [[2940518722.4301786, 451928380.68819225], [451928380.68819225, 12002529419.662434]]]",3844622734800.0415,17608845607430.098,6.0,1.1270390132267494e-06,2.6834274819559356e-14,False,False,/private/tmp/oneD-v2-taylor-peierls-spatial-pf-runs/oneD_v2_DBTT_spatial_03_near_tip_retention_extreme/T1100K_seed1008666/steps_1100K.csv,4f0bf069a9ee79042a035d6c118f8b6e8c4f8ef910d4ee4fc7de49305e28eeb6,/private/tmp/oneD-v2-taylor-peierls-spatial-pf-runs/oneD_v2_DBTT_spatial_03_near_tip_retention_extreme/T1100K_seed1008666/anisotropic_emission_audit_v10174.json,535634f93722eed5af6f40646d40476a8b8e0378850a1fbe86305cd9a6e36b4d,FULL_ACTIVE_AND_WAKE_SPATIAL_PROFILE_OBSERVER,PF_MODEL_NATIVE_DRIVING_TRAJECTORY_NOT_RESISTANCE
DBTT,NEAR_TIP_RETENTION_EXTREME,oneD_v2_dbtt_TP_7e668ee637fc3ac5,oneD_v2_DBTT_spatial_03_near_tip_retention_extreme,1100.0,1008666,300.0,8,0,259,1379.8115461143846,3.285265585986637e-05,7133362.563701647,10909.193748446674,69.66538199123848,69.66538199123848,69.66538199123848,-3.329263869189483,25.621868991024577,10221646843.4261,40.602872086987624,45.534666691946185,4.931794604958564,7.392859168312019,0.15336982891331424,7.834910279383092,8.53424353547686e-09,25048.708098034815,1485.1874627050502,"[4652788098.268736, -4656843380.848834]","[[4660752140.129052, 12900308.809608651], [12900308.809608651, 11931657653.96296]]","[[[2976444357.4098125, -1060473017.224969], [-1060473017.224969, 12282020553.947285]], [[2990449827.814489, 1073654038.4289819], [1073654038.4289819, 12304136589.512157]]]",3844622734800.0415,17608845607430.094,6.0,8.400002116104588e-08,2.000000642529698e-15,False,False,/private/tmp/oneD-v2-taylor-peierls-spatial-pf-runs/oneD_v2_DBTT_spatial_03_near_tip_retention_extreme/T1100K_seed1008666/steps_1100K.csv,4f0bf069a9ee79042a035d6c118f8b6e8c4f8ef910d4ee4fc7de49305e28eeb6,/private/tmp/oneD-v2-taylor-peierls-spatial-pf-runs/oneD_v2_DBTT_spatial_03_near_tip_retention_extreme/T1100K_seed1008666/anisotropic_emission_audit_v10174.json,535634f93722eed5af6f40646d40476a8b8e0378850a1fbe86305cd9a6e36b4d,FULL_ACTIVE_AND_WAKE_SPATIAL_PROFILE_OBSERVER,PF_MODEL_NATIVE_DRIVING_TRAJECTORY_NOT_RESISTANCE
DBTT,NEAR_TIP_RETENTION_EXTREME,oneD_v2_dbtt_TP_7e668ee637fc3ac5,oneD_v2_DBTT_spatial_03_near_tip_retention_extreme,1100.0,1008666,300.0,9,0,260,1379.8115461983846,3.285265586186637e-05,7130480.437562023,10939.058235041011,69.76067312716359,69.76067312716359,69.76067312716359,-3.3157278042107055,25.423332434976107,10142442217.013077,45.534666691946185,47.83200678757109,2.2973400956249024,7.5293306980081836,0.15175892330021196,7.918092760634599,8.607003111529455e-09,25258.604980343855,1496.7163994589976,"[4520204437.62942, -4510558011.923666]","[[4342076132.7131405, -394476.11293519655], [-394476.11293519655, 11445466198.863188]]","[[[3490639193.3935733, -580732915.1956334], [-580732915.1956334, 12531048068.652414]], [[3473043331.491727, 639122932.6574737], [639122932.6574737, 12494159355.33906]]]",64077045580000.766,293480760123834.7,100.0,1.6800004232209176e-07,4.000001285059396e-15,False,False,/private/tmp/oneD-v2-taylor-peierls-spatial-pf-runs/oneD_v2_DBTT_spatial_03_near_tip_retention_extreme/T1100K_seed1008666/steps_1100K.csv,4f0bf069a9ee79042a035d6c118f8b6e8c4f8ef910d4ee4fc7de49305e28eeb6,/private/tmp/oneD-v2-taylor-peierls-spatial-pf-runs/oneD_v2_DBTT_spatial_03_near_tip_retention_extreme/T1100K_seed1008666/anisotropic_emission_audit_v10174.json,535634f93722eed5af6f40646d40476a8b8e0378850a1fbe86305cd9a6e36b4d,FULL_ACTIVE_AND_WAKE_SPATIAL_PROFILE_OBSERVER,PF_MODEL_NATIVE_DRIVING_TRAJECTORY_NOT_RESISTANCE
DBTT,NEAR_TIP_RETENTION_EXTREME,oneD_v2_dbtt_TP_7e668ee637fc3ac5,oneD_v2_DBTT_spatial_03_near_tip_retention_extreme,1100.0,1008666,300.0,10,0,262,1379.8115463663846,3.2852655865866374e-05,7126908.362565083,11066.658978705856,70.16636187697777,70.16636187697777,70.16636187697777,-2.563517008475648,28.332565959935568,11303058473.680702,47.83200678757109,50.12934688319599,2.2973400956249024,6.133185509355067,0.1711518066479765,7.020678927519991,6.744471649093793e-09,19793.910333566095,1374.9803668512222,"[3957835445.193739, -3973683526.49951]","[[3924024983.352088, -18090819.161127448], [-18090819.161127448, 12662019523.616243]]","[[[2949620213.898613, -1543979637.776821], [-1543979637.776821, 10865291104.28609]], [[2967300309.8625226, 1618116917.2231524], [1618116917.2231524, 10914667362.861544]]]",3844622734800.0415,17608845607430.098,6.0,171.31619265600216,4.0789569679999644e-06,True,False,/private/tmp/oneD-v2-taylor-peierls-spatial-pf-runs/oneD_v2_DBTT_spatial_03_near_tip_retention_extreme/T1100K_seed1008666/steps_1100K.csv,4f0bf069a9ee79042a035d6c118f8b6e8c4f8ef910d4ee4fc7de49305e28eeb6,/private/tmp/oneD-v2-taylor-peierls-spatial-pf-runs/oneD_v2_DBTT_spatial_03_near_tip_retention_extreme/T1100K_seed1008666/anisotropic_emission_audit_v10174.json,535634f93722eed5af6f40646d40476a8b8e0378850a1fbe86305cd9a6e36b4d,FULL_ACTIVE_AND_WAKE_SPATIAL_PROFILE_OBSERVER,PF_MODEL_NATIVE_DRIVING_TRAJECTORY_NOT_RESISTANCE
DBTT,NEAR_TIP_RETENTION_EXTREME,oneD_v2_dbtt_TP_7e668ee637fc3ac5,oneD_v2_DBTT_spatial_03_near_tip_retention_extreme,1100.0,1008666,300.0,11,1,295,1551.1277390223868,3.693161283386634e-05,8068459.046432882,5435.269838543347,49.17351463833644,49.17351463833644,49.17351463833644,-2.067136577485627,21.414434710676243,8543123416.984774,50.12934688319599,52.42668697882088,2.2973400956248953,5.272896798762938,0.1875862317944122,6.404850976647523,0.0,16225.80990584566,1295.624461917069,"[4044401325.3715897, -3937890928.350101]","[[4572108667.046518, 93718412.3077747], [93718412.3077747, 10622670009.627348]]","[[[2446453117.6712623, -481490215.2295654], [-481490215.2295654, 10535255768.414442]], [[2677414784.177289, 595691733.4511366], [595691733.4511366, 10553196640.877491]]]",62795504668400.75,287611144921357.94,98.0,0.34480510631533434,8.209645388475913e-09,False,False,/private/tmp/oneD-v2-taylor-peierls-spatial-pf-runs/oneD_v2_DBTT_spatial_03_near_tip_retention_extreme/T1100K_seed1008666/steps_1100K.csv,4f0bf069a9ee79042a035d6c118f8b6e8c4f8ef910d4ee4fc7de49305e28eeb6,/private/tmp/oneD-v2-taylor-peierls-spatial-pf-runs/oneD_v2_DBTT_spatial_03_near_tip_retention_extreme/T1100K_seed1008666/anisotropic_emission_audit_v10174.json,535634f93722eed5af6f40646d40476a8b8e0378850a1fbe86305cd9a6e36b4d,FULL_ACTIVE_AND_WAKE_SPATIAL_PROFILE_OBSERVER,PF_MODEL_NATIVE_DRIVING_TRAJECTORY_NOT_RESISTANCE
DBTT,NEAR_TIP_RETENTION_EXTREME,oneD_v2_dbtt_TP_7e668ee637fc3ac5,oneD_v2_DBTT_spatial_03_near_tip_retention_extreme,1100.0,1008666,300.0,12,1,311,1551.472544128702,3.6939822479254814e-05,8069410.495002828,5530.354616809627,49.60177126649188,49.60177126649188,49.60177126649188,-2.131281197252681,21.288472161996445,8492871630.56928,52.42668697882088,56.677418122201125,4.250731143380243,5.428819255253818,0.18425567511998603,6.520642697980023,0.0,17256.713748722057,1310.25300386944,"[3982488494.49206, -3875729650.64877]","[[4559498208.504639, 87032318.74825825], [87032318.74825825, 10082303828.392385]]","[[[2199392169.11011, -397193207.93477577], [-397193207.93477577, 10164369158.09423]], [[2419938277.2616577, 500564528.7163436], [500564528.7163436, 10171397578.559198]]]",2563081823200.028,11739230404953.398,4.0,1.1705775649338648,2.7870894403188382e-08,False,False,/private/tmp/oneD-v2-taylor-peierls-spatial-pf-runs/oneD_v2_DBTT_spatial_03_near_tip_retention_extreme/T1100K_seed1008666/steps_1100K.csv,4f0bf069a9ee79042a035d6c118f8b6e8c4f8ef910d4ee4fc7de49305e28eeb6,/private/tmp/oneD-v2-taylor-peierls-spatial-pf-runs/oneD_v2_DBTT_spatial_03_near_tip_retention_extreme/T1100K_seed1008666/anisotropic_emission_audit_v10174.json,535634f93722eed5af6f40646d40476a8b8e0378850a1fbe86305cd9a6e36b4d,FULL_ACTIVE_AND_WAKE_SPATIAL_PROFILE_OBSERVER,PF_MODEL_NATIVE_DRIVING_TRAJECTORY_NOT_RESISTANCE
DBTT,NEAR_TIP_RETENTION_EXTREME,oneD_v2_dbtt_TP_7e668ee637fc3ac5,oneD_v2_DBTT_spatial_03_near_tip_retention_extreme,1100.0,1008666,300.0,13,1,329,1552.643121693636,3.6967693373658e-05,8073623.23608345,5740.850814207425,50.536926494201246,50.536926494201246,50.536926494201246,-2.0968181965342163,20.970180216601882,8365891516.040164,56.677418122201125,64.60637726595918,7.9289591437580516,5.80782238386066,0.1768464944864844,6.793928581903505,0.0,18190.78242205397,1345.3605537709789,"[4152174991.4488325, -4041340538.511646]","[[4143125502.8804784, 85741418.09540072], [85741418.09540072, 10247728257.112568]]","[[[2398563752.5640736, -697151280.0781046], [-697151280.0781046, 10702913735.461739]], [[2476956453.465506, 800102472.066184], [800102472.066184, 10559637530.488798]]]",2563081823200.028,11739230404953.398,4.0,0.0004542200199466606,1.0814762381797498e-11,False,False,/private/tmp/oneD-v2-taylor-peierls-spatial-pf-runs/oneD_v2_DBTT_spatial_03_near_tip_retention_extreme/T1100K_seed1008666/steps_1100K.csv,4f0bf069a9ee79042a035d6c118f8b6e8c4f8ef910d4ee4fc7de49305e28eeb6,/private/tmp/oneD-v2-taylor-peierls-spatial-pf-runs/oneD_v2_DBTT_spatial_03_near_tip_retention_extreme/T1100K_seed1008666/anisotropic_emission_audit_v10174.json,535634f93722eed5af6f40646d40476a8b8e0378850a1fbe86305cd9a6e36b4d,FULL_ACTIVE_AND_WAKE_SPATIAL_PROFILE_OBSERVER,PF_MODEL_NATIVE_DRIVING_TRAJECTORY_NOT_RESISTANCE
DBTT,NEAR_TIP_RETENTION_EXTREME,oneD_v2_dbtt_TP_7e668ee637fc3ac5,oneD_v2_DBTT_spatial_03_near_tip_retention_extreme,1100.0,1008666,300.0,14,1,330,1552.643575913656,3.6967704188420385e-05,8069518.816318118,6168.637364969201,52.38600926411949,52.38600926411949,52.38600926411949,-1.696295298683838,22.741758610171374,9072649040.280684,64.60637726595918,73.04590364404542,8.439526378086239,5.306186861196335,0.18685998782625307,6.42907708125903,0.0,16193.401582485045,1298.7565904321332,"[3637239641.8254433, -3783468210.527564]","[[4184361972.443547, -30291990.592322227], [-30291990.592322227, 10503492207.59805]]","[[[2107053098.7791038, -1234584531.9224873], [-1234584531.9224873, 9381532382.42999]], [[2853417317.3549013, 1157490518.0696862], [1157490518.0696862, 10420353738.41003]]]",110212518397600.84,504786907412997.7,172.0,2.5200006348313764e-07,6.000001927589094e-15,False,False,/private/tmp/oneD-v2-taylor-peierls-spatial-pf-runs/oneD_v2_DBTT_spatial_03_near_tip_retention_extreme/T1100K_seed1008666/steps_1100K.csv,4f0bf069a9ee79042a035d6c118f8b6e8c4f8ef910d4ee4fc7de49305e28eeb6,/private/tmp/oneD-v2-taylor-peierls-spatial-pf-runs/oneD_v2_DBTT_spatial_03_near_tip_retention_extreme/T1100K_seed1008666/anisotropic_emission_audit_v10174.json,535634f93722eed5af6f40646d40476a8b8e0378850a1fbe86305cd9a6e36b4d,FULL_ACTIVE_AND_WAKE_SPATIAL_PROFILE_OBSERVER,PF_MODEL_NATIVE_DRIVING_TRAJECTORY_NOT_RESISTANCE
DBTT,NEAR_TIP_RETENTION_EXTREME,oneD_v2_dbtt_TP_7e668ee637fc3ac5,oneD_v2_DBTT_spatial_03_near_tip_retention_extreme,1100.0,1008666,300.0,15,1,333,1552.643576165656,3.6967704194420387e-05,7998468.753288621,13550.391746242127,77.64198334716087,77.64198334716087,77.64198334716087,-2.6217731636448427,27.701308854500553,11051223324.51885,73.04590364404542,75.34297779768553,2.297074153640119,7.855840599231346,0.14810188813932254,8.112267432417909,8.764573067596529e-09,25722.584258617368,1523.9901719458198,"[4936737061.912197, -4756862764.923563]","[[6104330179.407597, 372000440.3274778], [372000440.3274778, 13210786292.23398]]","[[[3378570361.028608, -465184858.96358037], [-465184858.96358037, 13252044484.853004]], [[3863826154.3438506, 846865563.0309788], [846865563.0309788, 13377551684.190977]]]",2563081823200.028,11739230404953.398,4.0,5.040001269662753e-07,1.2000003855178187e-14,False,False,/private/tmp/oneD-v2-taylor-peierls-spatial-pf-runs/oneD_v2_DBTT_spatial_03_near_tip_retention_extreme/T1100K_seed1008666/steps_1100K.csv,4f0bf069a9ee79042a035d6c118f8b6e8c4f8ef910d4ee4fc7de49305e28eeb6,/private/tmp/oneD-v2-taylor-peierls-spatial-pf-runs/oneD_v2_DBTT_spatial_03_near_tip_retention_extreme/T1100K_seed1008666/anisotropic_emission_audit_v10174.json,535634f93722eed5af6f40646d40476a8b8e0378850a1fbe86305cd9a6e36b4d,FULL_ACTIVE_AND_WAKE_SPATIAL_PROFILE_OBSERVER,PF_MODEL_NATIVE_DRIVING_TRAJECTORY_NOT_RESISTANCE
DBTT,NEAR_TIP_RETENTION_EXTREME,oneD_v2_dbtt_TP_7e668ee637fc3ac5,oneD_v2_DBTT_spatial_03_near_tip_retention_extreme,1100.0,1008666,300.0,16,1,339,1552.643576669656,3.696770420642039e-05,7997043.824661657,13778.656869057477,78.2932169295688,78.2932169295688,78.2932169295688,-2.72771659382545,27.281707563483657,10883826628.621183,75.34297779768553,77.64005195132565,2.2970741536401054,8.235788344500161,0.14416190904162146,8.33415530914657,9.374616638963414e-09,27516.952991976286,1555.1941356152909,"[4854116839.005007, -4685497590.290159]","[[6183479155.506808, 287571887.8354069], [287571887.8354069, 12401579983.920237]]","[[[3105422619.8385644, -349739836.66854763], [-349739836.66854763, 12813656297.848577]], [[3511560514.8254786, 700088920.3082962], [700088920.3082962, 12882555695.405798]]]",10252327292800.113,46956921619813.586,16.0,3.360000846441835e-07,8.000002570118792e-15,False,False,/private/tmp/oneD-v2-taylor-peierls-spatial-pf-runs/oneD_v2_DBTT_spatial_03_near_tip_retention_extreme/T1100K_seed1008666/steps_1100K.csv,4f0bf069a9ee79042a035d6c118f8b6e8c4f8ef910d4ee4fc7de49305e28eeb6,/private/tmp/oneD-v2-taylor-peierls-spatial-pf-runs/oneD_v2_DBTT_spatial_03_near_tip_retention_extreme/T1100K_seed1008666/anisotropic_emission_audit_v10174.json,535634f93722eed5af6f40646d40476a8b8e0378850a1fbe86305cd9a6e36b4d,FULL_ACTIVE_AND_WAKE_SPATIAL_PROFILE_OBSERVER,PF_MODEL_NATIVE_DRIVING_TRAJECTORY_NOT_RESISTANCE
DBTT,NEAR_TIP_RETENTION_EXTREME,oneD_v2_dbtt_TP_7e668ee637fc3ac5,oneD_v2_DBTT_spatial_03_near_tip_retention_extreme,1100.0,1008666,300.0,17,1,343,1552.6435770056562,3.696770421442039e-05,7995593.62878919,13991.198112267053,78.89475800548352,78.89475800548352,78.89475800548352,-2.6880648660648294,27.292397755604497,10888091398.243801,77.64005195132565,79.93712610496574,2.2970741536401054,8.356278634080423,0.1429766463157676,8.403866499738262,9.508767107705215e-09,27909.13610376959,1564.973280311213,"[4988246855.551077, -4860655223.614845]","[[6266028042.049561, 401666586.5658916], [401666586.5658916, 12904326831.300993]]","[[[3278992554.6470475, -479303022.1357315], [-479303022.1357315, 13255486265.7492]], [[3465916233.788579, 904353054.4364852], [904353054.4364852, 13187226681.01827]]]",10252327292800.113,46956921619813.586,16.0,3.360000846441835e-07,7.999995793855214e-15,False,False,/private/tmp/oneD-v2-taylor-peierls-spatial-pf-runs/oneD_v2_DBTT_spatial_03_near_tip_retention_extreme/T1100K_seed1008666/steps_1100K.csv,4f0bf069a9ee79042a035d6c118f8b6e8c4f8ef910d4ee4fc7de49305e28eeb6,/private/tmp/oneD-v2-taylor-peierls-spatial-pf-runs/oneD_v2_DBTT_spatial_03_near_tip_retention_extreme/T1100K_seed1008666/anisotropic_emission_audit_v10174.json,535634f93722eed5af6f40646d40476a8b8e0378850a1fbe86305cd9a6e36b4d,FULL_ACTIVE_AND_WAKE_SPATIAL_PROFILE_OBSERVER,PF_MODEL_NATIVE_DRIVING_TRAJECTORY_NOT_RESISTANCE
DBTT,NEAR_TIP_RETENTION_EXTREME,oneD_v2_dbtt_TP_7e668ee637fc3ac5,oneD_v2_DBTT_spatial_03_near_tip_retention_extreme,1100.0,1008666,300.0,18,1,347,1552.6435773416563,3.696770422242039e-05,7993824.708483682,14215.845304291583,79.52561562365103,79.52561562365103,79.52561562365103,-2.8352405361144672,26.399422495987935,10531845811.830307,79.93712610496574,82.23340249422276,2.2962763892570144,9.074552686634926,0.1364705380242051,8.80449589919901,1.0390522221343659e-08,30494.331117634287,1622.1575732431231,"[5160656797.677505, -5020342542.475203]","[[5783588807.002657, 232423861.79327625], [232423861.79327625, 12217894018.02588]]","[[[3592088865.1171775, -559016196.3824599], [-559016196.3824599, 13913402460.472185]], [[3588118376.9113507, 978538881.1942141], [978538881.1942141, 13628803461.861757]]]",2563081823200.028,11739230404953.398,4.0,4.02363025386876e-06,9.580074770585909e-14,False,False,/private/tmp/oneD-v2-taylor-peierls-spatial-pf-runs/oneD_v2_DBTT_spatial_03_near_tip_retention_extreme/T1100K_seed1008666/steps_1100K.csv,4f0bf069a9ee79042a035d6c118f8b6e8c4f8ef910d4ee4fc7de49305e28eeb6,/private/tmp/oneD-v2-taylor-peierls-spatial-pf-runs/oneD_v2_DBTT_spatial_03_near_tip_retention_extreme/T1100K_seed1008666/anisotropic_emission_audit_v10174.json,535634f93722eed5af6f40646d40476a8b8e0378850a1fbe86305cd9a6e36b4d,FULL_ACTIVE_AND_WAKE_SPATIAL_PROFILE_OBSERVER,PF_MODEL_NATIVE_DRIVING_TRAJECTORY_NOT_RESISTANCE
DBTT,NEAR_TIP_RETENTION_EXTREME,oneD_v2_dbtt_TP_7e668ee637fc3ac5,oneD_v2_DBTT_spatial_03_near_tip_retention_extreme,1100.0,1008666,300.0,19,1,357,1552.6435813652865,3.6967704318221137e-05,7991688.473808933,14482.996721734688,80.26938055550686,80.26938055550686,80.26938055550686,-1.9272505615037494,27.471563587928998,10959568223.961359,82.23340249422276,100.16094124707362,17.927538752850865,8.537546176550286,0.14124733613277585,8.506313207286713,9.689983927568308e-09,28440.24916657311,1579.5822316938443,"[5014924083.4685545, -4850751213.791396]","[[5550311213.45309, 209945692.45071492], [209945692.45071492, 12855082448.127728]]","[[[3396521537.2777133, -756944451.3452718], [-756944451.3452718, 13426369704.21482]], [[3521133909.2763953, 1107558247.011818], [1107558247.011818, 13222636336.859188]]]",17941572762400.207,82174612834673.78,28.0,2.5200006348313764e-07,6.000001927589094e-15,False,False,/private/tmp/oneD-v2-taylor-peierls-spatial-pf-runs/oneD_v2_DBTT_spatial_03_near_tip_retention_extreme/T1100K_seed1008666/steps_1100K.csv,4f0bf069a9ee79042a035d6c118f8b6e8c4f8ef910d4ee4fc7de49305e28eeb6,/private/tmp/oneD-v2-taylor-peierls-spatial-pf-runs/oneD_v2_DBTT_spatial_03_near_tip_retention_extreme/T1100K_seed1008666/anisotropic_emission_audit_v10174.json,535634f93722eed5af6f40646d40476a8b8e0378850a1fbe86305cd9a6e36b4d,FULL_ACTIVE_AND_WAKE_SPATIAL_PROFILE_OBSERVER,PF_MODEL_NATIVE_DRIVING_TRAJECTORY_NOT_RESISTANCE
DBTT,NEAR_TIP_RETENTION_EXTREME,oneD_v2_dbtt_TP_7e668ee637fc3ac5,oneD_v2_DBTT_spatial_03_near_tip_retention_extreme,1100.0,1008666,300.0,20,1,360,1552.6435816172866,3.696770432422114e-05,7959631.372295043,19469.247146638023,93.06690564273204,93.06690564273204,93.06690564273204,-1.8964377062426763,31.539048228489683,12582259821.96444,100.16094124707362,102.45801540071372,2.297074153640092,8.707497979018376,0.13968169753852108,8.601349939897139,1.0001713236916537e-08,29357.328699403137,1593.1688078318173,"[5630866536.245581, -5423237643.579984]","[[8102580327.629028, 252986859.69173476], [252986859.69173476, 16095444609.275288]]","[[[4764682665.655318, -519273294.3116042], [-519273294.3116042, 16026415738.14648]], [[5259856004.415722, 956015416.3503954], [956015416.3503954, 16106331291.57569]]]",15378490939200.176,70435382429720.4,24.0,4.200001058052294e-07,1.000000321264849e-14,False,False,/private/tmp/oneD-v2-taylor-peierls-spatial-pf-runs/oneD_v2_DBTT_spatial_03_near_tip_retention_extreme/T1100K_seed1008666/steps_1100K.csv,4f0bf069a9ee79042a035d6c118f8b6e8c4f8ef910d4ee4fc7de49305e28eeb6,/private/tmp/oneD-v2-taylor-peierls-spatial-pf-runs/oneD_v2_DBTT_spatial_03_near_tip_retention_extreme/T1100K_seed1008666/anisotropic_emission_audit_v10174.json,535634f93722eed5af6f40646d40476a8b8e0378850a1fbe86305cd9a6e36b4d,FULL_ACTIVE_AND_WAKE_SPATIAL_PROFILE_OBSERVER,PF_MODEL_NATIVE_DRIVING_TRAJECTORY_NOT_RESISTANCE
DBTT,NEAR_TIP_RETENTION_EXTREME,oneD_v2_dbtt_TP_7e668ee637fc3ac5,oneD_v2_DBTT_spatial_03_near_tip_retention_extreme,1100.0,1008666,300.0,21,1,365,1552.6435820372867,3.696770433422114e-05,7957487.825843606,19701.49581068253,93.6203575978481,93.6203575978481,93.6203575978481,-1.942057819988704,30.776065617607408,12277873799.272425,102.45801540071372,104.75508955435383,2.297074153640119,9.253678202279435,0.1349818112880491,8.900859091556667,1.0769781512748611e-08,31609.828583459774,1636.1328053086502,"[5511626065.633234, -5306134864.340986]","[[8083777960.825286, 267091152.3786369], [267091152.3786369, 14814499352.093555]]","[[[4399694759.98272, -359030325.98522055], [-359030325.98522055, 15422946891.249187]], [[4832050009.183304, 748558188.8202251], [748558188.8202251, 15444319737.865276]]]",8970786381200.098,41087306417336.91,14.0,7.560001904494129e-07,1.7999999006503703e-14,False,False,/private/tmp/oneD-v2-taylor-peierls-spatial-pf-runs/oneD_v2_DBTT_spatial_03_near_tip_retention_extreme/T1100K_seed1008666/steps_1100K.csv,4f0bf069a9ee79042a035d6c118f8b6e8c4f8ef910d4ee4fc7de49305e28eeb6,/private/tmp/oneD-v2-taylor-peierls-spatial-pf-runs/oneD_v2_DBTT_spatial_03_near_tip_retention_extreme/T1100K_seed1008666/anisotropic_emission_audit_v10174.json,535634f93722eed5af6f40646d40476a8b8e0378850a1fbe86305cd9a6e36b4d,FULL_ACTIVE_AND_WAKE_SPATIAL_PROFILE_OBSERVER,PF_MODEL_NATIVE_DRIVING_TRAJECTORY_NOT_RESISTANCE
DBTT,NEAR_TIP_RETENTION_EXTREME,oneD_v2_dbtt_TP_7e668ee637fc3ac5,oneD_v2_DBTT_spatial_03_near_tip_retention_extreme,1100.0,1008666,300.0,22,1,374,1552.643582793287,3.696770435222114e-05,7955298.885682838,19944.605572550645,94.19620828988367,94.19620828988367,94.19620828988367,-1.820082365542977,31.07732044677693,12398057087.803259,104.75508955435383,107.969488677559,3.214399123205162,9.187126806394039,0.13552921961021816,8.865573761751504,1.0863004719734661e-08,31878.050704524205,1630.953415885527,"[5673299618.024443, -5511555031.581381]","[[8164234489.191746, 96407825.23025231], [96407825.23025231, 15422263399.420042]]","[[[4610821622.466417, -519282551.71030116], [-519282551.71030116, 15957420858.515305]], [[4776916225.78401, 995406723.4649649], [995406723.4649649, 15800026288.946772]]]",2563081823200.028,11739230404953.398,4.0,1.6998235423670849e-06,4.047199316133121e-14,False,False,/private/tmp/oneD-v2-taylor-peierls-spatial-pf-runs/oneD_v2_DBTT_spatial_03_near_tip_retention_extreme/T1100K_seed1008666/steps_1100K.csv,4f0bf069a9ee79042a035d6c118f8b6e8c4f8ef910d4ee4fc7de49305e28eeb6,/private/tmp/oneD-v2-taylor-peierls-spatial-pf-runs/oneD_v2_DBTT_spatial_03_near_tip_retention_extreme/T1100K_seed1008666/anisotropic_emission_audit_v10174.json,535634f93722eed5af6f40646d40476a8b8e0378850a1fbe86305cd9a6e36b4d,FULL_ACTIVE_AND_WAKE_SPATIAL_PROFILE_OBSERVER,PF_MODEL_NATIVE_DRIVING_TRAJECTORY_NOT_RESISTANCE
DBTT,NEAR_TIP_RETENTION_EXTREME,oneD_v2_dbtt_TP_7e668ee637fc3ac5,oneD_v2_DBTT_spatial_03_near_tip_retention_extreme,1100.0,1008666,300.0,23,1,384,1552.6435844931104,3.6967704392693134e-05,7952636.451198077,20237.17644901609,94.88458326161216,94.88458326161216,94.88458326161216,-1.518378649895326,30.617926326322987,12214785349.786352,107.969488677559,115.41735671325131,7.447868035692315,9.603726015124936,0.13220788009102208,9.087674100026728,1.101398084001275e-08,32325.392482205974,1663.1292868307892,"[5394669383.6852, -5195182190.955586]","[[7420899232.769846, 267246326.8610629], [267246326.8610629, 14217998489.58372]]","[[[4842428123.399315, 8486377.005047828], [8486377.005047828, 15631766890.769716]], [[5217713203.218843, 306838809.6691666], [306838809.6691666, 15608077585.130018]]]",6407704558000.069,29348076012383.484,10.0,4.200001058052294e-07,1.000000321264849e-14,False,False,/private/tmp/oneD-v2-taylor-peierls-spatial-pf-runs/oneD_v2_DBTT_spatial_03_near_tip_retention_extreme/T1100K_seed1008666/steps_1100K.csv,4f0bf069a9ee79042a035d6c118f8b6e8c4f8ef910d4ee4fc7de49305e28eeb6,/private/tmp/oneD-v2-taylor-peierls-spatial-pf-runs/oneD_v2_DBTT_spatial_03_near_tip_retention_extreme/T1100K_seed1008666/anisotropic_emission_audit_v10174.json,535634f93722eed5af6f40646d40476a8b8e0378850a1fbe86305cd9a6e36b4d,FULL_ACTIVE_AND_WAKE_SPATIAL_PROFILE_OBSERVER,PF_MODEL_NATIVE_DRIVING_TRAJECTORY_NOT_RESISTANCE
DBTT,NEAR_TIP_RETENTION_EXTREME,oneD_v2_dbtt_TP_7e668ee637fc3ac5,oneD_v2_DBTT_spatial_03_near_tip_retention_extreme,1100.0,1008666,300.0,24,1,389,1552.6435849131105,3.696770440269314e-05,7941002.228936316,21532.15685654435,97.87335207291459,97.87335207291459,97.87335207291459,-1.3369919233059724,32.68222163229993,13038320026.574766,115.41735671325131,117.7146968088762,2.2973400956248886,8.96821030458139,0.1373780053510274,8.746165086503911,1.0280700736846411e-08,30170.284118371495,1613.8081282106848,"[5089266660.508357, -4938286475.017104]","[[6209252275.959344, -585933.9378144126], [-585933.9378144126, 14928887433.60293]]","[[[4840610435.7945, -1815879875.4280796], [-1815879875.4280796, 15019143756.811214]], [[4804225655.181744, 2097075699.4985082], [2097075699.4985082, 14680798605.215952]]]",12815409116000.145,58696152024767.0,20.0,8.400002116104588e-08,2.000000642529698e-15,False,False,/private/tmp/oneD-v2-taylor-peierls-spatial-pf-runs/oneD_v2_DBTT_spatial_03_near_tip_retention_extreme/T1100K_seed1008666/steps_1100K.csv,4f0bf069a9ee79042a035d6c118f8b6e8c4f8ef910d4ee4fc7de49305e28eeb6,/private/tmp/oneD-v2-taylor-peierls-spatial-pf-runs/oneD_v2_DBTT_spatial_03_near_tip_retention_extreme/T1100K_seed1008666/anisotropic_emission_audit_v10174.json,535634f93722eed5af6f40646d40476a8b8e0378850a1fbe86305cd9a6e36b4d,FULL_ACTIVE_AND_WAKE_SPATIAL_PROFILE_OBSERVER,PF_MODEL_NATIVE_DRIVING_TRAJECTORY_NOT_RESISTANCE
DBTT,NEAR_TIP_RETENTION_EXTREME,oneD_v2_dbtt_TP_7e668ee637fc3ac5,oneD_v2_DBTT_spatial_03_near_tip_retention_extreme,1100.0,1008666,300.0,25,1,390,1552.6435849971106,3.696770440469314e-05,7936608.364320425,18424.243889938807,90.5347970318904,90.5347970318904,90.5347970318904,-1.130499398497289,31.988412255084327,12761530131.464478,117.7146968088762,119.6574708597544,1.9427740508781928,8.01024308579428,0.14646216894814074,8.20269456613345,9.24796950273166e-09,27143.236172538855,1536.738830736042,"[5201831994.850255, -4987021546.153005]","[[6644627469.655716, -71864314.26263301], [-71864314.26263301, 15683081058.929922]]","[[[4515723435.475358, -3160589091.122391], [-3160589091.122391, 14919387425.175869]], [[5134219953.542283, 2725483738.1668634], [2725483738.1668634, 15108263045.848293]]]",64077045580000.766,293480760123834.7,100.0,1.0316648513253313e-06,2.4563413369288467e-14,False,False,/private/tmp/oneD-v2-taylor-peierls-spatial-pf-runs/oneD_v2_DBTT_spatial_03_near_tip_retention_extreme/T1100K_seed1008666/steps_1100K.csv,4f0bf069a9ee79042a035d6c118f8b6e8c4f8ef910d4ee4fc7de49305e28eeb6,/private/tmp/oneD-v2-taylor-peierls-spatial-pf-runs/oneD_v2_DBTT_spatial_03_near_tip_retention_extreme/T1100K_seed1008666/anisotropic_emission_audit_v10174.json,535634f93722eed5af6f40646d40476a8b8e0378850a1fbe86305cd9a6e36b4d,FULL_ACTIVE_AND_WAKE_SPATIAL_PROFILE_OBSERVER,PF_MODEL_NATIVE_DRIVING_TRAJECTORY_NOT_RESISTANCE
DBTT,NEAR_TIP_RETENTION_EXTREME,oneD_v2_dbtt_TP_7e668ee637fc3ac5,oneD_v2_DBTT_spatial_03_near_tip_retention_extreme,1100.0,1008666,300.0,26,1,400,1552.6435860287754,3.696770442925655e-05,7935426.012273209,21530.818701518016,97.87031076697868,97.87031076697868,97.87031076697868,-0.9811918582841314,34.775872447135285,13873565857.0095,119.6574708597544,124.0548411523827,4.397370292628312,7.920377222509663,0.14740985237169957,8.146909130813045,9.209770725046831e-09,27032.578262983447,1529.3302736971239,"[5010400601.003816, -4676086193.266337]","[[5818936454.114908, -138758417.05097556], [-138758417.05097556, 16228653247.031359]]","[[[4211407460.0822887, -2649907890.90193], [-2649907890.90193, 14232208662.08992]], [[5186067741.505723, 2316461072.8093843], [2316461072.8093843, 14538240128.0384]]]",3844622734800.0415,17608845607430.094,6.0,8.400002116104588e-08,2.000000642529698e-15,False,False,/private/tmp/oneD-v2-taylor-peierls-spatial-pf-runs/oneD_v2_DBTT_spatial_03_near_tip_retention_extreme/T1100K_seed1008666/steps_1100K.csv,4f0bf069a9ee79042a035d6c118f8b6e8c4f8ef910d4ee4fc7de49305e28eeb6,/private/tmp/oneD-v2-taylor-peierls-spatial-pf-runs/oneD_v2_DBTT_spatial_03_near_tip_retention_extreme/T1100K_seed1008666/anisotropic_emission_audit_v10174.json,535634f93722eed5af6f40646d40476a8b8e0378850a1fbe86305cd9a6e36b4d,FULL_ACTIVE_AND_WAKE_SPATIAL_PROFILE_OBSERVER,PF_MODEL_NATIVE_DRIVING_TRAJECTORY_NOT_RESISTANCE
DBTT,NEAR_TIP_RETENTION_EXTREME,oneD_v2_dbtt_TP_7e668ee637fc3ac5,oneD_v2_DBTT_spatial_03_near_tip_retention_extreme,1100.0,1008666,300.0,27,1,401,1552.6435861127754,3.696770443125655e-05,7927298.391165772,21030.620121740674,96.72678093292424,96.72678093292424,96.72678093292424,-1.0705357514664942,31.87774457175737,12717380113.511276,124.0548411523827,126.35218124800764,2.2973400956249295,9.20700325216229,0.1353650319078419,8.877227228062775,1.0810936147309364e-08,31728.209018724687,1632.5018975860896,"[5842269259.939126, -5872819236.114309]","[[8188382903.313713, 21912804.058704954], [21912804.058704954, 16604607705.848866]]","[[[5117846679.180152, -831910578.7487693], [-831910578.7487693, 16802385199.058405]], [[5052432182.992296, 759499001.9694324], [759499001.9694324, 16798070655.220917]]]",64077045580000.766,293480760123834.7,100.0,2.7460898763820296e-06,6.538311016733578e-14,False,False,/private/tmp/oneD-v2-taylor-peierls-spatial-pf-runs/oneD_v2_DBTT_spatial_03_near_tip_retention_extreme/T1100K_seed1008666/steps_1100K.csv,4f0bf069a9ee79042a035d6c118f8b6e8c4f8ef910d4ee4fc7de49305e28eeb6,/private/tmp/oneD-v2-taylor-peierls-spatial-pf-runs/oneD_v2_DBTT_spatial_03_near_tip_retention_extreme/T1100K_seed1008666/anisotropic_emission_audit_v10174.json,535634f93722eed5af6f40646d40476a8b8e0378850a1fbe86305cd9a6e36b4d,FULL_ACTIVE_AND_WAKE_SPATIAL_PROFILE_OBSERVER,PF_MODEL_NATIVE_DRIVING_TRAJECTORY_NOT_RESISTANCE
DBTT,NEAR_TIP_RETENTION_EXTREME,oneD_v2_dbtt_TP_7e668ee637fc3ac5,oneD_v2_DBTT_spatial_03_near_tip_retention_extreme,1100.0,1008666,300.0,28,1,411,1552.6435888588653,3.696770449663966e-05,7924964.978103488,21307.126666951794,97.36057702704356,97.36057702704356,97.36057702704356,-0.7585356444301016,30.813389911526762,12292764038.202986,126.35218124800764,138.07027265511888,11.718091407111235,9.983603377276328,0.12938291975578867,9.287755753344015,1.1612428353542863e-08,34081.793110493316,1691.972012958244,"[5716157580.91174, -5740732492.828258]","[[8307791271.183238, -36195044.877599895], [-36195044.877599895, 15530162969.739218]]","[[[4725459095.895157, -636352145.9303242], [-636352145.9303242, 16157774257.718637]], [[4682134019.015587, 558474971.4991802], [558474971.4991802, 16163599004.672104]]]",5126163646400.056,23478460809906.79,8.0,8.400002116104588e-08,2.000007418793276e-15,False,False,/private/tmp/oneD-v2-taylor-peierls-spatial-pf-runs/oneD_v2_DBTT_spatial_03_near_tip_retention_extreme/T1100K_seed1008666/steps_1100K.csv,4f0bf069a9ee79042a035d6c118f8b6e8c4f8ef910d4ee4fc7de49305e28eeb6,/private/tmp/oneD-v2-taylor-peierls-spatial-pf-runs/oneD_v2_DBTT_spatial_03_near_tip_retention_extreme/T1100K_seed1008666/anisotropic_emission_audit_v10174.json,535634f93722eed5af6f40646d40476a8b8e0378850a1fbe86305cd9a6e36b4d,FULL_ACTIVE_AND_WAKE_SPATIAL_PROFILE_OBSERVER,PF_MODEL_NATIVE_DRIVING_TRAJECTORY_NOT_RESISTANCE
DBTT,NEAR_TIP_RETENTION_EXTREME,oneD_v2_dbtt_TP_7e668ee637fc3ac5,oneD_v2_DBTT_spatial_03_near_tip_retention_extreme,1100.0,1008666,300.0,29,1,412,1552.6435889428653,3.696770449863967e-05,7906814.598535834,23316.54649373919,101.84807107468016,101.84807107468016,101.84807107468016,-0.6200486800805772,34.12301201874752,13613112228.924627,138.07027265511888,140.36761275074375,2.2973400956248753,8.908629514342474,0.1378944147649341,8.713591143165772,1.0432586351587182e-08,30616.83860146554,1609.1127736366716,"[5315757722.583813, -5461927728.462014]","[[6453699684.587217, -257247989.04338923], [-257247989.04338923, 16653429490.970455]]","[[[5166350450.60179, -2357884350.38281], [-2357884350.38281, 15797865895.769417]], [[5040192280.840456, 2275484175.0281954], [2275484175.0281954, 15964047737.764484]]]",64077045580000.766,293480760123834.7,100.0,3.360000846441835e-07,8.000002570118792e-15,False,False,/private/tmp/oneD-v2-taylor-peierls-spatial-pf-runs/oneD_v2_DBTT_spatial_03_near_tip_retention_extreme/T1100K_seed1008666/steps_1100K.csv,4f0bf069a9ee79042a035d6c118f8b6e8c4f8ef910d4ee4fc7de49305e28eeb6,/private/tmp/oneD-v2-taylor-peierls-spatial-pf-runs/oneD_v2_DBTT_spatial_03_near_tip_retention_extreme/T1100K_seed1008666/anisotropic_emission_audit_v10174.json,535634f93722eed5af6f40646d40476a8b8e0378850a1fbe86305cd9a6e36b4d,FULL_ACTIVE_AND_WAKE_SPATIAL_PROFILE_OBSERVER,PF_MODEL_NATIVE_DRIVING_TRAJECTORY_NOT_RESISTANCE
DBTT,NEAR_TIP_RETENTION_EXTREME,oneD_v2_dbtt_TP_7e668ee637fc3ac5,oneD_v2_DBTT_spatial_03_near_tip_retention_extreme,1100.0,1008666,300.0,30,1,416,1552.6435892788654,3.696770450663967e-05,7906814.600246903,23328.88799014995,101.87502170650691,101.87502170650691,101.87502170650691,-0.6218644784315549,32.385006885257,12919748497.620525,140.36761275074375,142.66495284636866,2.2973400956249295,9.895720973244055,0.13002033994900453,9.24117830264011,1.1582869775943285e-08,33994.164076654866,1685.3404581869952,"[5624662393.689419, -5797523006.717707]","[[6753406336.292802, -123408429.71338494], [-123408429.71338494, 15876608175.60249]]","[[[5741167205.624994, -1510959679.3544261], [-1510959679.3544261, 16990491993.003832]], [[5566515042.2037115, 1490103288.6141903], [1490103288.6141903, 17161561055.639124]]]",11533868204400.129,52826536822290.305,18.0,3.360000846441835e-07,8.000002570118792e-15,False,False,/private/tmp/oneD-v2-taylor-peierls-spatial-pf-runs/oneD_v2_DBTT_spatial_03_near_tip_retention_extreme/T1100K_seed1008666/steps_1100K.csv,4f0bf069a9ee79042a035d6c118f8b6e8c4f8ef910d4ee4fc7de49305e28eeb6,/private/tmp/oneD-v2-taylor-peierls-spatial-pf-runs/oneD_v2_DBTT_spatial_03_near_tip_retention_extreme/T1100K_seed1008666/anisotropic_emission_audit_v10174.json,535634f93722eed5af6f40646d40476a8b8e0378850a1fbe86305cd9a6e36b4d,FULL_ACTIVE_AND_WAKE_SPATIAL_PROFILE_OBSERVER,PF_MODEL_NATIVE_DRIVING_TRAJECTORY_NOT_RESISTANCE
DBTT,NEAR_TIP_RETENTION_EXTREME,oneD_v2_dbtt_TP_7e668ee637fc3ac5,oneD_v2_DBTT_spatial_03_near_tip_retention_extreme,1100.0,1008666,300.0,31,1,420,1552.6435896148655,3.6967704514639674e-05,7900579.942019438,23920.605828166983,103.15891903012995,103.15891903012995,103.15891903012995,-0.4713818420872338,35.31441688496093,14088414003.13317,142.66495284636866,144.96229294199355,2.2973400956248753,8.533152088496273,0.1412885166958566,8.502693069440754,9.716359274371716e-09,28514.813052740305,1579.2295443939308,"[4931877681.175764, -5167694958.051701]","[[5720911772.144051, -619200345.1887075], [-619200345.1887075, 16684815450.590424]]","[[[4588760446.859037, -2787684865.32425], [-2787684865.32425, 14452515809.210567]], [[4389372961.092109, 2753997920.6545873], [2753997920.6545873, 14724762877.19551]]]",5126163646400.056,23478460809906.793,8.0,9.296718417317607e-07,2.213507155346406e-14,False,False,/private/tmp/oneD-v2-taylor-peierls-spatial-pf-runs/oneD_v2_DBTT_spatial_03_near_tip_retention_extreme/T1100K_seed1008666/steps_1100K.csv,4f0bf069a9ee79042a035d6c118f8b6e8c4f8ef910d4ee4fc7de49305e28eeb6,/private/tmp/oneD-v2-taylor-peierls-spatial-pf-runs/oneD_v2_DBTT_spatial_03_near_tip_retention_extreme/T1100K_seed1008666/anisotropic_emission_audit_v10174.json,535634f93722eed5af6f40646d40476a8b8e0378850a1fbe86305cd9a6e36b4d,FULL_ACTIVE_AND_WAKE_SPATIAL_PROFILE_OBSERVER,PF_MODEL_NATIVE_DRIVING_TRAJECTORY_NOT_RESISTANCE
DBTT,NEAR_TIP_RETENTION_EXTREME,oneD_v2_dbtt_TP_7e668ee637fc3ac5,oneD_v2_DBTT_spatial_03_near_tip_retention_extreme,1100.0,1008666,300.0,32,1,430,1552.6435905445373,3.6967704536774746e-05,7901282.347713167,22934.854977991567,101.01100555507362,101.01100555507362,101.01100555507362,-0.4489579163253117,32.924231774162934,13134868104.44987,144.96229294199355,149.03043363509101,4.068140693097474,9.412523822616599,0.13370160209133874,8.986902817562049,1.1165866455061156e-08,32768.77267108031,1648.434168311197,"[6091766483.772176, -5929410747.900094]","[[8816400870.081253, 102147904.06796324], [102147904.06796324, 17312366209.43728]]","[[[5232166314.069487, -804336625.8981894], [-804336625.8981894, 17415699281.61384]], [[5537084973.867364, 866373850.0939099], [866373850.0939099, 17395906469.667553]]]",3844622734800.0415,17608845607430.094,6.0,6.72000169288367e-07,1.6000005140237583e-14,False,False,/private/tmp/oneD-v2-taylor-peierls-spatial-pf-runs/oneD_v2_DBTT_spatial_03_near_tip_retention_extreme/T1100K_seed1008666/steps_1100K.csv,4f0bf069a9ee79042a035d6c118f8b6e8c4f8ef910d4ee4fc7de49305e28eeb6,/private/tmp/oneD-v2-taylor-peierls-spatial-pf-runs/oneD_v2_DBTT_spatial_03_near_tip_retention_extreme/T1100K_seed1008666/anisotropic_emission_audit_v10174.json,535634f93722eed5af6f40646d40476a8b8e0378850a1fbe86305cd9a6e36b4d,FULL_ACTIVE_AND_WAKE_SPATIAL_PROFILE_OBSERVER,PF_MODEL_NATIVE_DRIVING_TRAJECTORY_NOT_RESISTANCE
DBTT,NEAR_TIP_RETENTION_EXTREME,oneD_v2_dbtt_TP_7e668ee637fc3ac5,oneD_v2_DBTT_spatial_03_near_tip_retention_extreme,1100.0,1008666,300.0,33,1,438,1552.6435912165375,3.696770455277475e-05,7896162.90498888,23452.31949908684,102.14417295578436,102.14417295578436,102.14417295578436,-0.4095133804859422,32.3997635949848,12925635573.050554,149.03043363509101,151.77625981260204,2.745826177511022,9.939018751468037,0.12970512212835109,9.264138436216715,1.1709516913090338e-08,34366.90758676389,1688.6107321681925,"[6087735383.192282, -5954983749.056113]","[[8629585444.817253, 209099348.63226452], [209099348.63226452, 16656639481.945417]]","[[[4795547510.96636, -1064885292.1684027], [-1064885292.1684027, 16971018277.350924]], [[5030885460.578273, 1066896607.2315761], [1066896607.2315761, 16940852958.6905]]]",1281540911600.014,5869615202476.698,2.0,2.1075675249448977e-06,5.018016303046449e-14,False,False,/private/tmp/oneD-v2-taylor-peierls-spatial-pf-runs/oneD_v2_DBTT_spatial_03_near_tip_retention_extreme/T1100K_seed1008666/steps_1100K.csv,4f0bf069a9ee79042a035d6c118f8b6e8c4f8ef910d4ee4fc7de49305e28eeb6,/private/tmp/oneD-v2-taylor-peierls-spatial-pf-runs/oneD_v2_DBTT_spatial_03_near_tip_retention_extreme/T1100K_seed1008666/anisotropic_emission_audit_v10174.json,535634f93722eed5af6f40646d40476a8b8e0378850a1fbe86305cd9a6e36b4d,FULL_ACTIVE_AND_WAKE_SPATIAL_PROFILE_OBSERVER,PF_MODEL_NATIVE_DRIVING_TRAJECTORY_NOT_RESISTANCE
DBTT,NEAR_TIP_RETENTION_EXTREME,oneD_v2_dbtt_TP_7e668ee637fc3ac5,oneD_v2_DBTT_spatial_03_near_tip_retention_extreme,1100.0,1008666,300.0,34,1,448,1552.643593324105,3.6967704602954914e-05,7893034.12903817,23767.05531821805,102.82728849478568,102.82728849478568,102.82728849478568,-0.26320945655973044,30.63904924980975,12223212177.050907,151.77625981260204,161.20661797683053,9.430358164228469,11.263314171371613,0.12104948698921146,9.926844369968968,1.3193130145404848e-08,38719.85036547101,1785.9037930740274,"[6280071177.377765, -6163370340.272253]","[[8195677649.3361635, 26873692.367696926], [26873692.367696926, 15503966212.904186]]","[[[5436324009.802447, -1108309583.0240784], [-1108309583.0240784, 17996466364.55798]], [[5645491913.785345, 1096758791.234502], [1096758791.234502, 17972232594.329853]]]",10252327292800.113,46956921619813.59,16.0,2.5200006348313764e-07,5.999995151325516e-15,False,False,/private/tmp/oneD-v2-taylor-peierls-spatial-pf-runs/oneD_v2_DBTT_spatial_03_near_tip_retention_extreme/T1100K_seed1008666/steps_1100K.csv,4f0bf069a9ee79042a035d6c118f8b6e8c4f8ef910d4ee4fc7de49305e28eeb6,/private/tmp/oneD-v2-taylor-peierls-spatial-pf-runs/oneD_v2_DBTT_spatial_03_near_tip_retention_extreme/T1100K_seed1008666/anisotropic_emission_audit_v10174.json,535634f93722eed5af6f40646d40476a8b8e0378850a1fbe86305cd9a6e36b4d,FULL_ACTIVE_AND_WAKE_SPATIAL_PROFILE_OBSERVER,PF_MODEL_NATIVE_DRIVING_TRAJECTORY_NOT_RESISTANCE
DBTT,NEAR_TIP_RETENTION_EXTREME,oneD_v2_dbtt_TP_7e668ee637fc3ac5,oneD_v2_DBTT_spatial_03_near_tip_retention_extreme,1100.0,1008666,300.0,35,1,451,1552.643593576105,3.696770460895491e-05,7879547.015503981,24948.89857829539,105.35287316034254,105.35287316034254,105.35287316034254,-0.1997772784480316,33.32093597627122,13293130183.483778,161.20661797683053,163.5039580724554,2.2973400956248753,9.996739701118031,0.1292884437261871,9.293811426719989,1.1601514417393591e-08,34047.859906951635,1692.9611808015388,"[5449859534.648543, -5590470532.28172]","[[7226321534.131025, 57626189.38623995], [57626189.38623995, 15874510584.007353]]","[[[6036976491.549132, -1689284255.456196], [-1689284255.456196, 16936695560.846218]], [[5915714075.510336, 1649384539.2886205], [1649384539.2886205, 17096655140.073776]]]",10252327292800.113,46956921619813.59,16.0,1.051023446052568e-06,2.5024409356765726e-14,False,False,/private/tmp/oneD-v2-taylor-peierls-spatial-pf-runs/oneD_v2_DBTT_spatial_03_near_tip_retention_extreme/T1100K_seed1008666/steps_1100K.csv,4f0bf069a9ee79042a035d6c118f8b6e8c4f8ef910d4ee4fc7de49305e28eeb6,/private/tmp/oneD-v2-taylor-peierls-spatial-pf-runs/oneD_v2_DBTT_spatial_03_near_tip_retention_extreme/T1100K_seed1008666/anisotropic_emission_audit_v10174.json,535634f93722eed5af6f40646d40476a8b8e0378850a1fbe86305cd9a6e36b4d,FULL_ACTIVE_AND_WAKE_SPATIAL_PROFILE_OBSERVER,PF_MODEL_NATIVE_DRIVING_TRAJECTORY_NOT_RESISTANCE
DBTT,NEAR_TIP_RETENTION_EXTREME,oneD_v2_dbtt_TP_7e668ee637fc3ac5,oneD_v2_DBTT_spatial_03_near_tip_retention_extreme,1100.0,1008666,300.0,36,1,461,1552.6435946271286,3.696770463397932e-05,7873213.328390528,25389.28164797013,106.2786188768402,106.2786188768402,106.2786188768402,-0.13139382250730375,34.95536835718689,13945174364.688221,163.5039580724554,168.10312112722474,4.599163054769354,9.244087291794912,0.1350602909352731,8.895134726645551,1.0976009436026315e-08,32215.82271808168,1635.3873233267311,"[4704496199.194987, -4916340757.778634]","[[5556443500.433877, -357123545.50031686], [-357123545.50031686, 14823412352.57921]]","[[[4869171468.0674095, -2975516896.5010157], [-2975516896.5010157, 14278163866.457386]], [[4675904849.585265, 2898051714.910694], [2898051714.910694, 14508586365.142534]]]",3844622734800.0415,17608845607430.098,6.0,1.115949999075383e-06,2.6570203827923355e-14,False,False,/private/tmp/oneD-v2-taylor-peierls-spatial-pf-runs/oneD_v2_DBTT_spatial_03_near_tip_retention_extreme/T1100K_seed1008666/steps_1100K.csv,4f0bf069a9ee79042a035d6c118f8b6e8c4f8ef910d4ee4fc7de49305e28eeb6,/private/tmp/oneD-v2-taylor-peierls-spatial-pf-runs/oneD_v2_DBTT_spatial_03_near_tip_retention_extreme/T1100K_seed1008666/anisotropic_emission_audit_v10174.json,535634f93722eed5af6f40646d40476a8b8e0378850a1fbe86305cd9a6e36b4d,FULL_ACTIVE_AND_WAKE_SPATIAL_PROFILE_OBSERVER,PF_MODEL_NATIVE_DRIVING_TRAJECTORY_NOT_RESISTANCE
DBTT,NEAR_TIP_RETENTION_EXTREME,oneD_v2_dbtt_TP_7e668ee637fc3ac5,oneD_v2_DBTT_spatial_03_near_tip_retention_extreme,1100.0,1008666,300.0,37,1,471,1552.6435957430785,3.696770466054952e-05,7906981.811099408,13350.133161379003,77.0661199542154,77.0661199542154,77.0661199542154,-0.07135513982706673,27.061240558836143,10795873019.03383,168.10312112722474,172.98639028131274,4.883269154088001,8.110200377598806,0.14542924014372197,8.262767448877863,9.491031961770863e-09,27854.726763397455,1544.9421699019147,"[5225100619.822797, -5256029367.072933]","[[5598937954.62722, -105368529.74209826], [-105368529.74209826, 13452949863.750286]]","[[[2952631687.601633, -746958797.1339769], [-746958797.1339769, 13402832927.247227]], [[2867945522.6874313, 668079667.0942813], [668079667.0942813, 13380004256.8333]]]",3844622734800.0415,17608845607430.094,6.0,3.360000846441835e-07,8.000002570118792e-15,False,False,/private/tmp/oneD-v2-taylor-peierls-spatial-pf-runs/oneD_v2_DBTT_spatial_03_near_tip_retention_extreme/T1100K_seed1008666/steps_1100K.csv,4f0bf069a9ee79042a035d6c118f8b6e8c4f8ef910d4ee4fc7de49305e28eeb6,/private/tmp/oneD-v2-taylor-peierls-spatial-pf-runs/oneD_v2_DBTT_spatial_03_near_tip_retention_extreme/T1100K_seed1008666/anisotropic_emission_audit_v10174.json,535634f93722eed5af6f40646d40476a8b8e0378850a1fbe86305cd9a6e36b4d,FULL_ACTIVE_AND_WAKE_SPATIAL_PROFILE_OBSERVER,PF_MODEL_NATIVE_DRIVING_TRAJECTORY_NOT_RESISTANCE
DBTT,NEAR_TIP_RETENTION_EXTREME,oneD_v2_dbtt_TP_7e668ee637fc3ac5,oneD_v2_DBTT_spatial_03_near_tip_retention_extreme,1100.0,1008666,300.0,38,1,475,1552.6435960790786,3.6967704668549525e-05,7904229.039551143,13026.1150175564,76.12514793418426,76.12514793418426,76.12514793418426,-0.05716959322924233,25.83385860878746,10306218464.957851,172.98639028131274,175.28373037693768,2.2973400956249295,8.683158779957708,0.1399027256424444,8.589239026475036,9.90257831448714e-09,29063.408962913567,1591.229517855379,"[5307443330.325647, -5337363989.538325]","[[5619697411.907595, 45359721.418299265], [45359721.418299265, 12858931125.769444]]","[[[2792196107.4576077, -695985667.3121381], [-695985667.3121381, 13407082768.108904]], [[2709497069.9990993, 617971448.2141986], [617971448.2141986, 13384225049.075748]]]",5126163646400.056,23478460809906.793,8.0,7.560001904494129e-07,1.800000578276728e-14,False,False,/private/tmp/oneD-v2-taylor-peierls-spatial-pf-runs/oneD_v2_DBTT_spatial_03_near_tip_retention_extreme/T1100K_seed1008666/steps_1100K.csv,4f0bf069a9ee79042a035d6c118f8b6e8c4f8ef910d4ee4fc7de49305e28eeb6,/private/tmp/oneD-v2-taylor-peierls-spatial-pf-runs/oneD_v2_DBTT_spatial_03_near_tip_retention_extreme/T1100K_seed1008666/anisotropic_emission_audit_v10174.json,535634f93722eed5af6f40646d40476a8b8e0378850a1fbe86305cd9a6e36b4d,FULL_ACTIVE_AND_WAKE_SPATIAL_PROFILE_OBSERVER,PF_MODEL_NATIVE_DRIVING_TRAJECTORY_NOT_RESISTANCE
DBTT,NEAR_TIP_RETENTION_EXTREME,oneD_v2_dbtt_TP_7e668ee637fc3ac5,oneD_v2_DBTT_spatial_03_near_tip_retention_extreme,1100.0,1008666,300.0,39,1,484,1552.6435968350788,3.696770468654953e-05,7902555.052912896,12920.055777533567,75.81460726888342,75.81460726888342,75.81460726888342,-0.03579072102041351,25.54833543209654,10192311197.741316,175.28373037693768,178.50972988901748,3.2259995120798024,8.806038100999272,0.13879742707371467,8.657653390133634,1.005173544550448e-08,29501.548466723176,1600.9983486894512,"[5096055557.560145, -5124131411.599758]","[[5169605173.74396, -65128493.45878122], [-65128493.45878122, 12131820119.303457]]","[[[2935439750.9943557, -626152109.53427], [-626152109.53427, 13127550866.114645]], [[2856288004.39569, 543786125.0403465], [543786125.0403465, 13104550827.595207]]]",3844622734800.0415,17608845607430.094,6.0,2.272751999043976e-06,5.411317417379144e-14,False,False,/private/tmp/oneD-v2-taylor-peierls-spatial-pf-runs/oneD_v2_DBTT_spatial_03_near_tip_retention_extreme/T1100K_seed1008666/steps_1100K.csv,4f0bf069a9ee79042a035d6c118f8b6e8c4f8ef910d4ee4fc7de49305e28eeb6,/private/tmp/oneD-v2-taylor-peierls-spatial-pf-runs/oneD_v2_DBTT_spatial_03_near_tip_retention_extreme/T1100K_seed1008666/anisotropic_emission_audit_v10174.json,535634f93722eed5af6f40646d40476a8b8e0378850a1fbe86305cd9a6e36b4d,FULL_ACTIVE_AND_WAKE_SPATIAL_PROFILE_OBSERVER,PF_MODEL_NATIVE_DRIVING_TRAJECTORY_NOT_RESISTANCE
DBTT,NEAR_TIP_RETENTION_EXTREME,oneD_v2_dbtt_TP_7e668ee637fc3ac5,oneD_v2_DBTT_spatial_03_near_tip_retention_extreme,1100.0,1008666,300.0,40,1,494,1552.6435991078308,3.6967704740662705e-05,7900540.975039895,12768.560712797964,75.36881173526783,75.36881173526783,75.36881173526783,0.009662131787534525,26.23843865165113,10467622549.862793,178.50972988901748,188.74323545615385,10.233505567136367,8.25101468212569,0.14401049880098246,8.344201298543085,9.5380983125269e-09,27991.47951505822,1556.4329731115206,"[5129187671.846727, -5152536016.9747095]","[[5127886876.380961, -67435124.60916446], [-67435124.60916446, 12747663172.002922]]","[[[3031613825.792348, -593524344.2463088], [-593524344.2463088, 13289989169.485802]], [[2955744550.894193, 506606785.2172511], [506606785.2172511, 13260816584.843613]]]",11533868204400.129,52826536822290.3,18.0,8.978486221167259e-07,2.1377349760168252e-14,False,False,/private/tmp/oneD-v2-taylor-peierls-spatial-pf-runs/oneD_v2_DBTT_spatial_03_near_tip_retention_extreme/T1100K_seed1008666/steps_1100K.csv,4f0bf069a9ee79042a035d6c118f8b6e8c4f8ef910d4ee4fc7de49305e28eeb6,/private/tmp/oneD-v2-taylor-peierls-spatial-pf-runs/oneD_v2_DBTT_spatial_03_near_tip_retention_extreme/T1100K_seed1008666/anisotropic_emission_audit_v10174.json,535634f93722eed5af6f40646d40476a8b8e0378850a1fbe86305cd9a6e36b4d,FULL_ACTIVE_AND_WAKE_SPATIAL_PROFILE_OBSERVER,PF_MODEL_NATIVE_DRIVING_TRAJECTORY_NOT_RESISTANCE
DBTT,NEAR_TIP_RETENTION_EXTREME,oneD_v2_dbtt_TP_7e668ee637fc3ac5,oneD_v2_DBTT_spatial_03_near_tip_retention_extreme,1100.0,1008666,300.0,41,1,504,1552.6436000056794,3.6967704762040055e-05,7891424.517633368,13153.929415766108,76.4977125292317,76.4977125292317,76.4977125292317,0.014861154645395069,27.449117934315975,10950613703.723879,188.74323545615385,192.6721214745897,3.928886018435832,7.766764045062518,0.1490732801447206,8.059792119198068,8.968754629225825e-09,26323.197060106362,1516.5922323229063,"[5166176060.684361, -5330448580.159825]","[[6259108392.344144, -66260910.64568661], [-66260910.64568661, 14062211002.984732]]","[[[3672556703.518631, -785724624.7879245], [-785724624.7879245, 14004908824.887356]], [[3332671419.5424404, 688768839.7684603], [688768839.7684603, 13993568579.862091]]]",3844622734800.0415,17608845607430.098,6.0,3.080497663177084e-06,7.334518599020831e-14,False,False,/private/tmp/oneD-v2-taylor-peierls-spatial-pf-runs/oneD_v2_DBTT_spatial_03_near_tip_retention_extreme/T1100K_seed1008666/steps_1100K.csv,4f0bf069a9ee79042a035d6c118f8b6e8c4f8ef910d4ee4fc7de49305e28eeb6,/private/tmp/oneD-v2-taylor-peierls-spatial-pf-runs/oneD_v2_DBTT_spatial_03_near_tip_retention_extreme/T1100K_seed1008666/anisotropic_emission_audit_v10174.json,535634f93722eed5af6f40646d40476a8b8e0378850a1fbe86305cd9a6e36b4d,FULL_ACTIVE_AND_WAKE_SPATIAL_PROFILE_OBSERVER,PF_MODEL_NATIVE_DRIVING_TRAJECTORY_NOT_RESISTANCE
DBTT,NEAR_TIP_RETENTION_EXTREME,oneD_v2_dbtt_TP_7e668ee637fc3ac5,oneD_v2_DBTT_spatial_03_near_tip_retention_extreme,1100.0,1008666,300.0,42,1,514,1552.643603086177,3.696770483538524e-05,7888346.08927224,13142.586177344943,76.46472166709374,76.46472166709374,76.46472166709374,0.01752612667019788,27.290976115506304,10887524245.901117,192.6721214745897,205.90209166553421,13.229970190944528,7.85026080587219,0.14816217988556693,8.109578076468672,9.031737137468411e-09,26506.097254573513,1523.5276927669972,"[5211502295.071794, -5358145183.103079]","[[6211435201.829734, -100768342.66226386], [-100768342.66226386, 14010372837.329355]]","[[[3238230770.9392996, -991382217.1152968], [-991382217.1152968, 13661235361.082886]], [[2922163531.7086515, 925652170.1133903], [925652170.1133903, 13638453897.914808]]]",6407704558000.069,29348076012383.484,10.0,8.400002116104588e-08,2.000000642529698e-15,False,False,/private/tmp/oneD-v2-taylor-peierls-spatial-pf-runs/oneD_v2_DBTT_spatial_03_near_tip_retention_extreme/T1100K_seed1008666/steps_1100K.csv,4f0bf069a9ee79042a035d6c118f8b6e8c4f8ef910d4ee4fc7de49305e28eeb6,/private/tmp/oneD-v2-taylor-peierls-spatial-pf-runs/oneD_v2_DBTT_spatial_03_near_tip_retention_extreme/T1100K_seed1008666/anisotropic_emission_audit_v10174.json,535634f93722eed5af6f40646d40476a8b8e0378850a1fbe86305cd9a6e36b4d,FULL_ACTIVE_AND_WAKE_SPATIAL_PROFILE_OBSERVER,PF_MODEL_NATIVE_DRIVING_TRAJECTORY_NOT_RESISTANCE
DBTT,NEAR_TIP_RETENTION_EXTREME,oneD_v2_dbtt_TP_7e668ee637fc3ac5,oneD_v2_DBTT_spatial_03_near_tip_retention_extreme,1100.0,1008666,300.0,43,1,515,1552.6436031701771,3.696770483738524e-05,7878294.151621504,13250.659715725204,76.77846866321556,76.77846866321556,76.77846866321556,0.012241813625632276,26.971500991462644,10760072111.38361,205.90209166553421,208.1994317611591,2.2973400956249024,8.103425798592006,0.1454985573039362,8.258865007180717,9.363020582468354e-09,27479.9290112456,1544.3874188577329,"[5112112022.055154, -5117307281.972283]","[[5052780281.019152, -27019986.375851788], [-27019986.375851788, 13185786950.00405]]","[[[4174817323.1326513, -1255297825.5102448], [-1255297825.5102448, 14399041367.24296]], [[3877831128.1124063, 700029099.3878682], [700029099.3878682, 14112445692.056974]]]",64077045580000.766,293480760123834.7,100.0,3.360000846441835e-07,7.999995793855214e-15,False,False,/private/tmp/oneD-v2-taylor-peierls-spatial-pf-runs/oneD_v2_DBTT_spatial_03_near_tip_retention_extreme/T1100K_seed1008666/steps_1100K.csv,4f0bf069a9ee79042a035d6c118f8b6e8c4f8ef910d4ee4fc7de49305e28eeb6,/private/tmp/oneD-v2-taylor-peierls-spatial-pf-runs/oneD_v2_DBTT_spatial_03_near_tip_retention_extreme/T1100K_seed1008666/anisotropic_emission_audit_v10174.json,535634f93722eed5af6f40646d40476a8b8e0378850a1fbe86305cd9a6e36b4d,FULL_ACTIVE_AND_WAKE_SPATIAL_PROFILE_OBSERVER,PF_MODEL_NATIVE_DRIVING_TRAJECTORY_NOT_RESISTANCE
DBTT,NEAR_TIP_RETENTION_EXTREME,oneD_v2_dbtt_TP_7e668ee637fc3ac5,oneD_v2_DBTT_spatial_03_near_tip_retention_extreme,1100.0,1008666,300.0,44,1,519,1552.6436035061772,3.696770484538524e-05,7874371.578204126,13397.78192976767,77.2035281323434,77.2035281323434,77.2035281323434,0.008141290560187342,28.611713559191042,11414422253.496265,208.1994317611591,210.49677185678402,2.2973400956249024,7.280925013260854,0.1547300932296675,7.765762317548304,8.091319615749068e-09,23745.654814219117,1475.6734162887456,"[4291224147.2747846, -4361217329.363425]","[[4209054556.6536455, -32277334.067240093], [-32277334.067240093, 12748439880.416435]]","[[[3550672191.365084, -1794694098.2089555], [-1794694098.2089555, 12133120485.914654]], [[3309341134.4128985, 1943947060.2735708], [1943947060.2735708, 12031775793.13975]]]",5126163646400.056,23478460809906.793,8.0,1.5383375284727663e-06,3.6627127654627334e-14,False,False,/private/tmp/oneD-v2-taylor-peierls-spatial-pf-runs/oneD_v2_DBTT_spatial_03_near_tip_retention_extreme/T1100K_seed1008666/steps_1100K.csv,4f0bf069a9ee79042a035d6c118f8b6e8c4f8ef910d4ee4fc7de49305e28eeb6,/private/tmp/oneD-v2-taylor-peierls-spatial-pf-runs/oneD_v2_DBTT_spatial_03_near_tip_retention_extreme/T1100K_seed1008666/anisotropic_emission_audit_v10174.json,535634f93722eed5af6f40646d40476a8b8e0378850a1fbe86305cd9a6e36b4d,FULL_ACTIVE_AND_WAKE_SPATIAL_PROFILE_OBSERVER,PF_MODEL_NATIVE_DRIVING_TRAJECTORY_NOT_RESISTANCE
DBTT,NEAR_TIP_RETENTION_EXTREME,oneD_v2_dbtt_TP_7e668ee637fc3ac5,oneD_v2_DBTT_spatial_03_near_tip_retention_extreme,1100.0,1008666,300.0,45,1,529,1552.6436050445147,3.6967704882012365e-05,7780355.992149229,22079.332306226337,99.10912987248311,99.10912987248311,99.10912987248311,-0.004117737205917282,32.89309952545144,13122448134.15488,210.49677185678402,217.22836324016038,6.731591383376352,9.078575891111106,0.13643655833182022,8.807511924904054,1.0545591068362887e-08,30949.032753314736,1622.472678266188,"[5673884113.4892, -5693775250.283782]","[[8689735589.44575, -25130220.88958785], [-25130220.88958785, 16793064991.59921]]","[[[5482768957.245137, -843487784.5929986], [-843487784.5929986, 16830537184.223537]], [[5421237937.615516, 795686195.1278671], [795686195.1278671, 16808788438.183079]]]",5126163646400.056,23478460809906.793,8.0,4.200001058052294e-07,1.0000009988912067e-14,False,False,/private/tmp/oneD-v2-taylor-peierls-spatial-pf-runs/oneD_v2_DBTT_spatial_03_near_tip_retention_extreme/T1100K_seed1008666/steps_1100K.csv,4f0bf069a9ee79042a035d6c118f8b6e8c4f8ef910d4ee4fc7de49305e28eeb6,/private/tmp/oneD-v2-taylor-peierls-spatial-pf-runs/oneD_v2_DBTT_spatial_03_near_tip_retention_extreme/T1100K_seed1008666/anisotropic_emission_audit_v10174.json,535634f93722eed5af6f40646d40476a8b8e0378850a1fbe86305cd9a6e36b4d,FULL_ACTIVE_AND_WAKE_SPATIAL_PROFILE_OBSERVER,PF_MODEL_NATIVE_DRIVING_TRAJECTORY_NOT_RESISTANCE
DBTT,NEAR_TIP_RETENTION_EXTREME,oneD_v2_dbtt_TP_7e668ee637fc3ac5,oneD_v2_DBTT_spatial_03_near_tip_retention_extreme,1100.0,1008666,300.0,46,1,534,1552.6436054645148,3.6967704892012375e-05,7772627.517436073,22966.71567310748,101.08114255692908,101.08114255692908,101.08114255692908,-0.015160988834531224,31.39023977802551,12522893839.39326,217.22836324016038,219.5257033357853,2.2973400956249295,10.369337696027188,0.12669202644811697,9.485078173869024,1.2125383365636857e-08,35585.69117105656,1720.7952924587446,"[5836536049.41205, -5832071514.002781]","[[8213182268.870346, -61216228.26094642], [-61216228.26094642, 15356656779.497215]]","[[[5717061879.256118, -1277738528.248312], [-1277738528.248312, 17390133978.08022]], [[5683675603.867212, 1226953946.135334], [1226953946.135334, 17347818631.872776]]]",8970786381200.098,41087306417336.9,14.0,1.6306125871778931e-06,3.882412783189765e-14,False,False,/private/tmp/oneD-v2-taylor-peierls-spatial-pf-runs/oneD_v2_DBTT_spatial_03_near_tip_retention_extreme/T1100K_seed1008666/steps_1100K.csv,4f0bf069a9ee79042a035d6c118f8b6e8c4f8ef910d4ee4fc7de49305e28eeb6,/private/tmp/oneD-v2-taylor-peierls-spatial-pf-runs/oneD_v2_DBTT_spatial_03_near_tip_retention_extreme/T1100K_seed1008666/anisotropic_emission_audit_v10174.json,535634f93722eed5af6f40646d40476a8b8e0378850a1fbe86305cd9a6e36b4d,FULL_ACTIVE_AND_WAKE_SPATIAL_PROFILE_OBSERVER,PF_MODEL_NATIVE_DRIVING_TRAJECTORY_NOT_RESISTANCE
DBTT,NEAR_TIP_RETENTION_EXTREME,oneD_v2_dbtt_TP_7e668ee637fc3ac5,oneD_v2_DBTT_spatial_03_near_tip_retention_extreme,1100.0,1008666,300.0,47,1,544,1552.6436070951274,3.69677049308365e-05,7769050.063619565,23406.972013866987,102.04537201106895,102.04537201106895,102.04537201106895,-0.039350346666634436,33.13288428526786,13218108413.041553,219.5257033357853,226.66107911389597,7.13537577811066,9.485672779352825,0.13312418410514754,9.026671241024431,1.1086967789714454e-08,32541.762060100984,1654.0704625476696,"[5604517988.736284, -5570475447.981153]","[[7881063436.615584, -48320689.33528392], [-48320689.33528392, 16218286158.156712]]","[[[5517298546.35814, -1329084493.706298], [-1329084493.706298, 16726334523.83071]], [[5510739656.298775, 1277930773.8055112], [1277930773.8055112, 16651690552.26108]]]",5126163646400.056,23478460809906.793,8.0,2.5200006348313764e-07,6.000001927589094e-15,False,False,/private/tmp/oneD-v2-taylor-peierls-spatial-pf-runs/oneD_v2_DBTT_spatial_03_near_tip_retention_extreme/T1100K_seed1008666/steps_1100K.csv,4f0bf069a9ee79042a035d6c118f8b6e8c4f8ef910d4ee4fc7de49305e28eeb6,/private/tmp/oneD-v2-taylor-peierls-spatial-pf-runs/oneD_v2_DBTT_spatial_03_near_tip_retention_extreme/T1100K_seed1008666/anisotropic_emission_audit_v10174.json,535634f93722eed5af6f40646d40476a8b8e0378850a1fbe86305cd9a6e36b4d,FULL_ACTIVE_AND_WAKE_SPATIAL_PROFILE_OBSERVER,PF_MODEL_NATIVE_DRIVING_TRAJECTORY_NOT_RESISTANCE
DBTT,NEAR_TIP_RETENTION_EXTREME,oneD_v2_dbtt_TP_7e668ee637fc3ac5,oneD_v2_DBTT_spatial_03_near_tip_retention_extreme,1100.0,1008666,300.0,48,1,547,1552.6436073471275,3.6967704936836505e-05,7759497.617860991,24598.800391141845,104.61107368013475,104.61107368013475,104.61107368013475,-0.05595403784596654,33.5434654643867,13381906604.92913,226.66107911389597,228.95841920952083,2.2973400956248753,9.726116373742464,0.1312776094079819,9.153684918757985,1.1282963898060845e-08,33113.39446029629,1672.472668969822,"[5507599106.21324, -5531773274.303261]","[[7386785891.883563, -58205686.96047844], [-58205686.96047844, 16360805120.786682]]","[[[6151886741.401452, -1677572130.7634783], [-1677572130.7634783, 17167084953.82793]], [[6151946357.85994, 1555046898.5978096], [1555046898.5978096, 17215492906.46646]]]",2563081823200.028,11739230404953.398,4.0,2.6104794415005017e-06,6.21543086638289e-14,False,False,/private/tmp/oneD-v2-taylor-peierls-spatial-pf-runs/oneD_v2_DBTT_spatial_03_near_tip_retention_extreme/T1100K_seed1008666/steps_1100K.csv,4f0bf069a9ee79042a035d6c118f8b6e8c4f8ef910d4ee4fc7de49305e28eeb6,/private/tmp/oneD-v2-taylor-peierls-spatial-pf-runs/oneD_v2_DBTT_spatial_03_near_tip_retention_extreme/T1100K_seed1008666/anisotropic_emission_audit_v10174.json,535634f93722eed5af6f40646d40476a8b8e0378850a1fbe86305cd9a6e36b4d,FULL_ACTIVE_AND_WAKE_SPATIAL_PROFILE_OBSERVER,PF_MODEL_NATIVE_DRIVING_TRAJECTORY_NOT_RESISTANCE
DBTT,NEAR_TIP_RETENTION_EXTREME,oneD_v2_dbtt_TP_7e668ee637fc3ac5,oneD_v2_DBTT_spatial_03_near_tip_retention_extreme,1100.0,1008666,300.0,49,1,557,1552.643609957607,3.696770499899081e-05,7753092.299566004,25411.580763300557,106.32528028050884,106.32528028050884,106.32528028050884,-0.08906750227279715,35.73622017716597,14256689170.406282,228.95841920952083,240.01715839650478,11.058739186983964,8.852294260769751,0.13838808901567815,8.683291025062523,1.020271156587528e-08,29944.457309804453,1604.661609212384,"[4807561374.703492, -4794106889.924363]","[[5404253069.35568, -144747333.98192167], [-144747333.98192167, 15659995869.363304]]","[[[4946665551.023812, -2875292147.6142836], [-2875292147.6142836, 14561788300.430798]], [[4992058775.772891, 2758991923.631158], [2758991923.631158, 14580272555.621618]]]",3844622734800.0415,17608845607430.094,6.0,3.360000846441835e-07,8.00000934638237e-15,False,False,/private/tmp/oneD-v2-taylor-peierls-spatial-pf-runs/oneD_v2_DBTT_spatial_03_near_tip_retention_extreme/T1100K_seed1008666/steps_1100K.csv,4f0bf069a9ee79042a035d6c118f8b6e8c4f8ef910d4ee4fc7de49305e28eeb6,/private/tmp/oneD-v2-taylor-peierls-spatial-pf-runs/oneD_v2_DBTT_spatial_03_near_tip_retention_extreme/T1100K_seed1008666/anisotropic_emission_audit_v10174.json,535634f93722eed5af6f40646d40476a8b8e0378850a1fbe86305cd9a6e36b4d,FULL_ACTIVE_AND_WAKE_SPATIAL_PROFILE_OBSERVER,PF_MODEL_NATIVE_DRIVING_TRAJECTORY_NOT_RESISTANCE
DBTT,NEAR_TIP_RETENTION_EXTREME,oneD_v2_dbtt_TP_7e668ee637fc3ac5,oneD_v2_DBTT_spatial_03_near_tip_retention_extreme,1100.0,1008666,300.0,50,1,561,1552.643610293607,3.696770500699082e-05,7748748.439080842,23754.47329751403,102.80006706730114,102.80006706730114,102.80006706730114,-0.10890817312980211,33.155626700834276,13227181324.169456,240.01715839650478,242.31449849212973,2.2973400956249295,9.613295971348581,0.13213442654790197,9.094330927487528,1.1092197384457789e-08,32552.24586327624,1663.8616271473177,"[5836569071.728641, -5820125216.945782]","[[8318522590.333374, 56503849.20118461], [56503849.20118461, 16937614453.827019]]","[[[5187406184.610385, -825814115.6372838], [-825814115.6372838, 16860544328.067667]], [[5236551045.997779, 891412916.7259836], [891412916.7259836, 16876801479.889343]]]",1281540911600.014,5869615202476.699,2.0,2.5200006348313764e-07,6.000001927589094e-15,False,False,/private/tmp/oneD-v2-taylor-peierls-spatial-pf-runs/oneD_v2_DBTT_spatial_03_near_tip_retention_extreme/T1100K_seed1008666/steps_1100K.csv,4f0bf069a9ee79042a035d6c118f8b6e8c4f8ef910d4ee4fc7de49305e28eeb6,/private/tmp/oneD-v2-taylor-peierls-spatial-pf-runs/oneD_v2_DBTT_spatial_03_near_tip_retention_extreme/T1100K_seed1008666/anisotropic_emission_audit_v10174.json,535634f93722eed5af6f40646d40476a8b8e0378850a1fbe86305cd9a6e36b4d,FULL_ACTIVE_AND_WAKE_SPATIAL_PROFILE_OBSERVER,PF_MODEL_NATIVE_DRIVING_TRAJECTORY_NOT_RESISTANCE
DBTT,NEAR_TIP_RETENTION_EXTREME,oneD_v2_dbtt_TP_7e668ee637fc3ac5,oneD_v2_DBTT_spatial_03_near_tip_retention_extreme,1100.0,1008666,300.0,51,1,564,1552.643610545607,3.6967705012990825e-05,7746464.911756883,23486.217054035806,102.2179649634982,102.2179649634982,102.2179649634982,-0.1257285555041754,32.63867831123522,13020948754.772959,242.31449849212973,244.61183858775462,2.2973400956249024,9.808200453754624,0.13066459110954254,9.19664958894264,1.1512611310435747e-08,33789.556028396066,1678.7118460208292,"[5710269393.242799, -5693749831.591607]","[[8375997048.3726845, 55018366.78647606], [55018366.78647606, 16030849312.819513]]","[[[4816408942.470146, -632240522.6109735], [-632240522.6109735, 16236947728.955744]], [[4854432846.492706, 695301740.5058331], [695301740.5058331, 16241932509.67592]]]",17941572762400.207,82174612834673.78,28.0,2.9728842037002323e-06,7.078296553487268e-14,False,False,/private/tmp/oneD-v2-taylor-peierls-spatial-pf-runs/oneD_v2_DBTT_spatial_03_near_tip_retention_extreme/T1100K_seed1008666/steps_1100K.csv,4f0bf069a9ee79042a035d6c118f8b6e8c4f8ef910d4ee4fc7de49305e28eeb6,/private/tmp/oneD-v2-taylor-peierls-spatial-pf-runs/oneD_v2_DBTT_spatial_03_near_tip_retention_extreme/T1100K_seed1008666/anisotropic_emission_audit_v10174.json,535634f93722eed5af6f40646d40476a8b8e0378850a1fbe86305cd9a6e36b4d,FULL_ACTIVE_AND_WAKE_SPATIAL_PROFILE_OBSERVER,PF_MODEL_NATIVE_DRIVING_TRAJECTORY_NOT_RESISTANCE
DBTT,NEAR_TIP_RETENTION_EXTREME,oneD_v2_dbtt_TP_7e668ee637fc3ac5,oneD_v2_DBTT_spatial_03_near_tip_retention_extreme,1100.0,1008666,300.0,52,1,574,1552.6436135184913,3.696770508377379e-05,7744134.302201453,23197.86945112396,101.58854620589167,101.58854620589167,101.58854620589167,-0.18648173018637973,32.103088531388266,12807279346.641115,244.61183858775462,257.4326195078266,12.820780920071964,10.013729549604518,0.12916655964420815,9.303326024018343,1.167109076192789e-08,34252.8842972004,1694.2397166655028,"[5872194845.562615, -5854027588.667284]","[[8591438949.008783, 63936822.084210254], [63936822.084210254, 16599743938.778986]]","[[[5039718108.030357, -774670442.805214], [-774670442.805214, 16784107799.15559]], [[5082268623.015536, 839408578.673296], [839408578.673296, 16790323800.350105]]]",7689245469600.083,35217691214860.18,12.0,8.400002116104588e-08,2.000007418793276e-15,False,False,/private/tmp/oneD-v2-taylor-peierls-spatial-pf-runs/oneD_v2_DBTT_spatial_03_near_tip_retention_extreme/T1100K_seed1008666/steps_1100K.csv,4f0bf069a9ee79042a035d6c118f8b6e8c4f8ef910d4ee4fc7de49305e28eeb6,/private/tmp/oneD-v2-taylor-peierls-spatial-pf-runs/oneD_v2_DBTT_spatial_03_near_tip_retention_extreme/T1100K_seed1008666/anisotropic_emission_audit_v10174.json,535634f93722eed5af6f40646d40476a8b8e0378850a1fbe86305cd9a6e36b4d,FULL_ACTIVE_AND_WAKE_SPATIAL_PROFILE_OBSERVER,PF_MODEL_NATIVE_DRIVING_TRAJECTORY_NOT_RESISTANCE
DBTT,NEAR_TIP_RETENTION_EXTREME,oneD_v2_dbtt_TP_7e668ee637fc3ac5,oneD_v2_DBTT_spatial_03_near_tip_retention_extreme,1100.0,1008666,300.0,53,1,575,1552.6436136024913,3.69677050857738e-05,7728738.388156697,21462.814174554827,97.71562812347575,97.71562812347575,97.71562812347575,-0.19160345687641672,31.1361744297908,12421536429.997519,257.4326195078266,259.7299596034515,2.2973400956249024,9.849122813990782,0.1303621662828696,9.217993903730662,1.1662677935791169e-08,34229.44444975139,1681.8142575206434,"[5798168208.683064, -5809170459.24994]","[[6569920005.449571, 59113219.575440966], [59113219.575440966, 15475897748.284103]]","[[[6093635269.470162, -1003901720.5704343], [-1003901720.5704343, 17689971686.836292]], [[6099224672.500672, 1061959228.574328], [1061959228.574328, 17717565591.000553]]]",64077045580000.766,293480760123834.7,100.0,4.200001058052294e-07,1.000000321264849e-14,False,False,/private/tmp/oneD-v2-taylor-peierls-spatial-pf-runs/oneD_v2_DBTT_spatial_03_near_tip_retention_extreme/T1100K_seed1008666/steps_1100K.csv,4f0bf069a9ee79042a035d6c118f8b6e8c4f8ef910d4ee4fc7de49305e28eeb6,/private/tmp/oneD-v2-taylor-peierls-spatial-pf-runs/oneD_v2_DBTT_spatial_03_near_tip_retention_extreme/T1100K_seed1008666/anisotropic_emission_audit_v10174.json,535634f93722eed5af6f40646d40476a8b8e0378850a1fbe86305cd9a6e36b4d,FULL_ACTIVE_AND_WAKE_SPATIAL_PROFILE_OBSERVER,PF_MODEL_NATIVE_DRIVING_TRAJECTORY_NOT_RESISTANCE
DBTT,NEAR_TIP_RETENTION_EXTREME,oneD_v2_dbtt_TP_7e668ee637fc3ac5,oneD_v2_DBTT_spatial_03_near_tip_retention_extreme,1100.0,1008666,300.0,54,1,580,1552.6436140224914,3.69677050957738e-05,7722608.956432118,21213.810268275352,97.14714356151923,97.14714356151923,97.14714356151923,-0.17346895934240203,32.843740078331884,13102756563.76165,259.7299596034515,262.02729969907637,2.2973400956249024,8.74892831076128,0.1393078594564889,8.625881910806939,1.0145413399764107e-08,29773.914974816467,1596.4649393107175,"[5028440790.336976, -5070759976.484776]","[[5930135646.258385, 67523556.70114636], [67523556.70114636, 15228064590.301502]]","[[[5036848039.9900055, -2068189526.9946287], [-2068189526.9946287, 15093729620.663958]], [[5015006696.963564, 2100780674.9103494], [2100780674.9103494, 15156526649.933117]]]",12815409116000.145,58696152024767.01,20.0,3.879869154843618e-06,9.23778130271051e-14,False,False,/private/tmp/oneD-v2-taylor-peierls-spatial-pf-runs/oneD_v2_DBTT_spatial_03_near_tip_retention_extreme/T1100K_seed1008666/steps_1100K.csv,4f0bf069a9ee79042a035d6c118f8b6e8c4f8ef910d4ee4fc7de49305e28eeb6,/private/tmp/oneD-v2-taylor-peierls-spatial-pf-runs/oneD_v2_DBTT_spatial_03_near_tip_retention_extreme/T1100K_seed1008666/anisotropic_emission_audit_v10174.json,535634f93722eed5af6f40646d40476a8b8e0378850a1fbe86305cd9a6e36b4d,FULL_ACTIVE_AND_WAKE_SPATIAL_PROFILE_OBSERVER,PF_MODEL_NATIVE_DRIVING_TRAJECTORY_NOT_RESISTANCE
DBTT,NEAR_TIP_RETENTION_EXTREME,oneD_v2_dbtt_TP_7e668ee637fc3ac5,oneD_v2_DBTT_spatial_03_near_tip_retention_extreme,1100.0,1008666,300.0,55,1,590,1552.6436179023606,3.6967705188151614e-05,7742793.272918565,15088.582053422519,81.93036880135625,81.93036880135625,81.93036880135625,-0.20737921900450818,27.359464925975796,10914847328.131798,262.02729969907637,279.2579249532601,17.23062525418374,8.967566800728312,0.13738355188761653,8.746779662586304,1.0248641048260744e-08,30076.729288723207,1613.7574828706452,"[5537810801.571938, -5563583189.084224]","[[5712436044.075566, -34480210.867753364], [-34480210.867753364, 14035697877.635757]]","[[[2927876151.729363, -780878296.8369204], [-780878296.8369204, 14003497754.873238]], [[2866566427.414206, 736359312.6672146], [736359312.6672146, 13993732805.582653]]]",16660031850800.191,76304997632197.1,26.0,3.413645117689157e-06,8.12772903992752e-14,False,False,/private/tmp/oneD-v2-taylor-peierls-spatial-pf-runs/oneD_v2_DBTT_spatial_03_near_tip_retention_extreme/T1100K_seed1008666/steps_1100K.csv,4f0bf069a9ee79042a035d6c118f8b6e8c4f8ef910d4ee4fc7de49305e28eeb6,/private/tmp/oneD-v2-taylor-peierls-spatial-pf-runs/oneD_v2_DBTT_spatial_03_near_tip_retention_extreme/T1100K_seed1008666/anisotropic_emission_audit_v10174.json,535634f93722eed5af6f40646d40476a8b8e0378850a1fbe86305cd9a6e36b4d,FULL_ACTIVE_AND_WAKE_SPATIAL_PROFILE_OBSERVER,PF_MODEL_NATIVE_DRIVING_TRAJECTORY_NOT_RESISTANCE
DBTT,NEAR_TIP_RETENTION_EXTREME,oneD_v2_dbtt_TP_7e668ee637fc3ac5,oneD_v2_DBTT_spatial_03_near_tip_retention_extreme,1100.0,1008666,300.0,56,1,600,1552.6436213160057,3.6967705269428904e-05,7729937.681298071,13993.53728768519,78.90135290050536,78.90135290050536,78.90135290050536,-0.1895099686344098,27.21929965625571,10858929475.796585,279.2579249532601,294.1956478027983,14.93772284953817,8.402625476230124,0.1425284559910657,8.430996392746847,9.481937014938645e-09,27827.08575450176,1568.7202227981015,"[5098597938.115568, -5113867087.3470745]","[[4866833441.014834, -30003829.231583823], [-30003829.231583823, 13193978586.193504]]","[[[3689591044.2767334, -824758583.3157202], [-824758583.3157202, 13886786920.50787]], [[3641829450.2742968, 768364105.4590213], [768364105.4590213, 13869563624.968447]]]",11533868204400.129,52826536822290.3,18.0,2.5200006348313764e-07,6.000001927589094e-15,False,False,/private/tmp/oneD-v2-taylor-peierls-spatial-pf-runs/oneD_v2_DBTT_spatial_03_near_tip_retention_extreme/T1100K_seed1008666/steps_1100K.csv,4f0bf069a9ee79042a035d6c118f8b6e8c4f8ef910d4ee4fc7de49305e28eeb6,/private/tmp/oneD-v2-taylor-peierls-spatial-pf-runs/oneD_v2_DBTT_spatial_03_near_tip_retention_extreme/T1100K_seed1008666/anisotropic_emission_audit_v10174.json,535634f93722eed5af6f40646d40476a8b8e0378850a1fbe86305cd9a6e36b4d,FULL_ACTIVE_AND_WAKE_SPATIAL_PROFILE_OBSERVER,PF_MODEL_NATIVE_DRIVING_TRAJECTORY_NOT_RESISTANCE
DBTT,NEAR_TIP_RETENTION_EXTREME,oneD_v2_dbtt_TP_7e668ee637fc3ac5,oneD_v2_DBTT_spatial_03_near_tip_retention_extreme,1100.0,1008666,300.0,57,1,603,1552.6436215680058,3.6967705275428906e-05,7699145.0450907,19890.81101218849,94.0690895797518,94.0690895797518,94.0690895797518,-0.20847711459817486,31.354734896050754,12508729440.812866,294.1956478027983,296.4929878984232,2.2973400956249024,9.000934790574155,0.13709682669435694,8.763638487877623,1.030639396224512e-08,30246.650470857818,1616.3817045705275,"[5534526768.397021, -5740455572.705034]","[[7921084260.430316, -167822208.40880442], [-167822208.40880442, 16182426126.216358]]","[[[5093101375.08247, -961987760.1343455], [-961987760.1343455, 16162154911.876514]], [[4656962259.023166, 763602472.5652094], [763602472.5652094, 16137873404.433233]]]",7689245469600.083,35217691214860.195,12.0,9.493919606029522e-07,2.2604531094150282e-14,False,False,/private/tmp/oneD-v2-taylor-peierls-spatial-pf-runs/oneD_v2_DBTT_spatial_03_near_tip_retention_extreme/T1100K_seed1008666/steps_1100K.csv,4f0bf069a9ee79042a035d6c118f8b6e8c4f8ef910d4ee4fc7de49305e28eeb6,/private/tmp/oneD-v2-taylor-peierls-spatial-pf-runs/oneD_v2_DBTT_spatial_03_near_tip_retention_extreme/T1100K_seed1008666/anisotropic_emission_audit_v10174.json,535634f93722eed5af6f40646d40476a8b8e0378850a1fbe86305cd9a6e36b4d,FULL_ACTIVE_AND_WAKE_SPATIAL_PROFILE_OBSERVER,PF_MODEL_NATIVE_DRIVING_TRAJECTORY_NOT_RESISTANCE
DBTT,NEAR_TIP_RETENTION_EXTREME,oneD_v2_dbtt_TP_7e668ee637fc3ac5,oneD_v2_DBTT_spatial_03_near_tip_retention_extreme,1100.0,1008666,300.0,58,1,613,1552.6436225173977,3.696770529803344e-05,7697053.487947923,19713.49888240717,93.64887220335216,93.64887220335216,93.64887220335216,-0.21148284063949352,31.09139994019637,12403673993.014908,296.4929878984232,300.64693596292,4.153948064496821,9.072449273958396,0.13648831340168807,8.802553889300182,1.0720668798726957e-08,31464.53818432716,1621.9928075048113,"[5390229845.735223, -5601851329.487042]","[[7954693366.817677, -158755279.485977], [-158755279.485977, 15254549929.341915]]","[[[4705349035.473183, -777996204.1280676], [-777996204.1280676, 15485808726.943628]], [[4279023222.2208157, 597686493.5947078], [597686493.5947078, 15482725881.194902]]]",3844622734800.0415,17608845607430.094,6.0,,,False,True,/private/tmp/oneD-v2-taylor-peierls-spatial-pf-runs/oneD_v2_DBTT_spatial_03_near_tip_retention_extreme/T1100K_seed1008666/steps_1100K.csv,4f0bf069a9ee79042a035d6c118f8b6e8c4f8ef910d4ee4fc7de49305e28eeb6,/private/tmp/oneD-v2-taylor-peierls-spatial-pf-runs/oneD_v2_DBTT_spatial_03_near_tip_retention_extreme/T1100K_seed1008666/anisotropic_emission_audit_v10174.json,535634f93722eed5af6f40646d40476a8b8e0378850a1fbe86305cd9a6e36b4d,FULL_ACTIVE_AND_WAKE_SPATIAL_PROFILE_OBSERVER,PF_MODEL_NATIVE_DRIVING_TRAJECTORY_NOT_RESISTANCE
DBTT,PERSISTENT_WAKE_EXTREME,oneD_v2_dbtt_TP_b60d78111740b058,oneD_v2_DBTT_spatial_04_persistent_wake_extreme,1100.0,1008666,300.0,0,0,175,1372.6872482585304,3.2683029720441256e-05,7119666.583418438,6925.8552725914615,55.50823283534355,55.50823283534355,55.50823283534355,-3.7243114153483527,20.085964839846337,8013140617.271295,0.0,2.931106565679095,2.931106565679095,7.637116338127132,0.1505218912405265,7.983178223979426,0.0,25249.662850785084,1505.7677141703573,"[3209276379.9763627, -3200683052.557484]","[[-206353744.14597276, -9432349.21946554], [-9432349.21946554, 6410128927.515862]]","[[[-43421385.65719492, 57637373.66756595], [57637373.66756595, 6375131374.29553]], [[-40132805.85394616, -69414366.8319815], [-69414366.8319815, 6361233299.261022]]]",1698601554463.1943,7779804309625.918,2.0,6.831897547218205,1.6266422731470756e-07,False,False,/private/tmp/oneD-v2-taylor-peierls-spatial-pf-runs/oneD_v2_DBTT_spatial_04_persistent_wake_extreme/T1100K_seed1008666/steps_1100K.csv,8b45cdeca4e76bc1ca0adbfacd1985675bb6b82168a75eb01a5b3f81eca2b1a9,/private/tmp/oneD-v2-taylor-peierls-spatial-pf-runs/oneD_v2_DBTT_spatial_04_persistent_wake_extreme/T1100K_seed1008666/anisotropic_emission_audit_v10174.json,5d0c2c9d18059a5318d70c3657329be7011fb89628022ea482d72b59e737d3e2,FULL_ACTIVE_AND_WAKE_SPATIAL_PROFILE_OBSERVER,PF_MODEL_NATIVE_DRIVING_TRAJECTORY_NOT_RESISTANCE
DBTT,PERSISTENT_WAKE_EXTREME,oneD_v2_dbtt_TP_b60d78111740b058,oneD_v2_DBTT_spatial_04_persistent_wake_extreme,1100.0,1008666,300.0,1,0,194,1379.5191458057486,3.284569394775596e-05,7154932.11272761,7217.218359684424,56.66378982693074,56.66378982693074,56.66378982693074,-3.7404647247836653,20.336074285781923,8112919849.982777,2.931106565679095,7.415929780049919,4.484823214370824,7.763847505971296,0.1491054093849797,8.059032431312433,0.0,25446.908839673615,1516.3494717170945,"[3549926446.75497, -3539163769.987822]","[[664061445.8330436, -13223155.346085668], [-13223155.346085668, 7148517950.353491]]","[[[-15315124.626227489, -82116524.34515865], [-82116524.34515865, 7084537768.883713]], [[-11369622.539900798, 63131795.14617167], [63131795.14617167, 7066957917.435743]]]",3397203108926.3887,15559608619251.836,4.0,0.11134988957951464,2.651187847125332e-09,False,False,/private/tmp/oneD-v2-taylor-peierls-spatial-pf-runs/oneD_v2_DBTT_spatial_04_persistent_wake_extreme/T1100K_seed1008666/steps_1100K.csv,8b45cdeca4e76bc1ca0adbfacd1985675bb6b82168a75eb01a5b3f81eca2b1a9,/private/tmp/oneD-v2-taylor-peierls-spatial-pf-runs/oneD_v2_DBTT_spatial_04_persistent_wake_extreme/T1100K_seed1008666/anisotropic_emission_audit_v10174.json,5d0c2c9d18059a5318d70c3657329be7011fb89628022ea482d72b59e737d3e2,FULL_ACTIVE_AND_WAKE_SPATIAL_PROFILE_OBSERVER,PF_MODEL_NATIVE_DRIVING_TRAJECTORY_NOT_RESISTANCE
DBTT,PERSISTENT_WAKE_EXTREME,oneD_v2_dbtt_TP_b60d78111740b058,oneD_v2_DBTT_spatial_04_persistent_wake_extreme,1100.0,1008666,300.0,2,0,208,1379.6304956953281,3.284834513560309e-05,7154909.704686034,7668.503331629255,58.40849293044842,58.40849293044842,58.40849293044842,-3.8328311221200835,20.766321007238567,8284563458.17593,7.415929780049919,10.475434902500647,3.059505122450728,7.911027151576994,0.14750951389864678,8.146244769726009,0.0,26105.90755058732,1528.5576226474773,"[3912258545.6917396, -3902414625.5534825]","[[1555531054.603906, -18057449.48406454], [-18057449.48406454, 7939218811.366775]]","[[[525930459.2638314, -131115251.74661599], [-131115251.74661599, 8350447550.647311]], [[524015851.2163383, 98913476.25882736], [98913476.25882736, 8328845102.323303]]]",3397203108926.3887,15559608619251.836,4.0,0.0017621894430703833,4.195689150656486e-11,False,False,/private/tmp/oneD-v2-taylor-peierls-spatial-pf-runs/oneD_v2_DBTT_spatial_04_persistent_wake_extreme/T1100K_seed1008666/steps_1100K.csv,8b45cdeca4e76bc1ca0adbfacd1985675bb6b82168a75eb01a5b3f81eca2b1a9,/private/tmp/oneD-v2-taylor-peierls-spatial-pf-runs/oneD_v2_DBTT_spatial_04_persistent_wake_extreme/T1100K_seed1008666/anisotropic_emission_audit_v10174.json,5d0c2c9d18059a5318d70c3657329be7011fb89628022ea482d72b59e737d3e2,FULL_ACTIVE_AND_WAKE_SPATIAL_PROFILE_OBSERVER,PF_MODEL_NATIVE_DRIVING_TRAJECTORY_NOT_RESISTANCE
DBTT,PERSISTENT_WAKE_EXTREME,oneD_v2_dbtt_TP_b60d78111740b058,oneD_v2_DBTT_spatial_04_persistent_wake_extreme,1100.0,1008666,300.0,3,0,219,1379.6322578847712,3.2848387092494595e-05,7154285.101212506,8028.950599983297,59.765435466231345,59.765435466231345,59.765435466231345,-3.6897425277304996,21.500708807862566,8577541802.0558605,10.475434902500647,17.738586165025698,7.263151262525049,7.726710161624625,0.14951634746156475,8.03687701091168,0.0,25348.498541096014,1513.2553185517947,"[4037330955.2458873, -4024670695.576036]","[[2107537546.9035532, -21418082.188084852], [-21418082.188084852, 8678933217.70646]]","[[[854386525.0592871, -183215661.5005469], [-183215661.5005469, 8929048435.551062]], [[850546621.7749887, 146161188.63365433], [146161188.63365433, 8899888012.927061]]]",8493007772315.973,38899021548129.6,10.0,2.3921711544971913e-06,5.695646048981678e-14,False,False,/private/tmp/oneD-v2-taylor-peierls-spatial-pf-runs/oneD_v2_DBTT_spatial_04_persistent_wake_extreme/T1100K_seed1008666/steps_1100K.csv,8b45cdeca4e76bc1ca0adbfacd1985675bb6b82168a75eb01a5b3f81eca2b1a9,/private/tmp/oneD-v2-taylor-peierls-spatial-pf-runs/oneD_v2_DBTT_spatial_04_persistent_wake_extreme/T1100K_seed1008666/anisotropic_emission_audit_v10174.json,5d0c2c9d18059a5318d70c3657329be7011fb89628022ea482d72b59e737d3e2,FULL_ACTIVE_AND_WAKE_SPATIAL_PROFILE_OBSERVER,PF_MODEL_NATIVE_DRIVING_TRAJECTORY_NOT_RESISTANCE
DBTT,PERSISTENT_WAKE_EXTREME,oneD_v2_dbtt_TP_b60d78111740b058,oneD_v2_DBTT_spatial_04_persistent_wake_extreme,1100.0,1008666,300.0,4,0,229,1379.6322602769424,3.2848387149451056e-05,7149665.782171676,9810.153355267423,66.06304592551783,66.06304592551783,66.06304592551783,-3.029985737642457,25.91657650524821,10339218131.201912,17.738586165025698,28.2064547972602,10.467868632234504,6.497733915701824,0.16538165253342946,7.2647682649726,5.468905328598391e-09,21268.93730213808,1407.5964352176798,"[3712174374.6857433, -3594214295.1564794]","[[2734553977.4682293, -230044925.45929772], [-230044925.45929772, 10261072488.636412]]","[[[2419429021.2297797, -1727550922.1515136], [-1727550922.1515136, 9843777770.601267]], [[2425371931.308337, 1622921778.456702], [1622921778.456702, 9613800521.621296]]]",10191609326779.168,46678825857755.52,12.0,1.108996912080329e-06,2.6404727471347755e-14,False,False,/private/tmp/oneD-v2-taylor-peierls-spatial-pf-runs/oneD_v2_DBTT_spatial_04_persistent_wake_extreme/T1100K_seed1008666/steps_1100K.csv,8b45cdeca4e76bc1ca0adbfacd1985675bb6b82168a75eb01a5b3f81eca2b1a9,/private/tmp/oneD-v2-taylor-peierls-spatial-pf-runs/oneD_v2_DBTT_spatial_04_persistent_wake_extreme/T1100K_seed1008666/anisotropic_emission_audit_v10174.json,5d0c2c9d18059a5318d70c3657329be7011fb89628022ea482d72b59e737d3e2,FULL_ACTIVE_AND_WAKE_SPATIAL_PROFILE_OBSERVER,PF_MODEL_NATIVE_DRIVING_TRAJECTORY_NOT_RESISTANCE
DBTT,PERSISTENT_WAKE_EXTREME,oneD_v2_dbtt_TP_b60d78111740b058,oneD_v2_DBTT_spatial_04_persistent_wake_extreme,1100.0,1008666,300.0,5,0,239,1379.6322613859393,3.284838717585578e-05,7140774.053374425,10603.16198804712,68.68128206409038,68.68128206409038,68.68128206409038,-3.3750806170463843,25.70873819698519,10256302642.548689,28.2064547972602,33.059301215423474,4.852846418163278,7.136992881498166,0.15653359604705436,7.67650144593706,6.177970135512694e-09,24027.08236232879,1463.361868492379,"[4594748554.227228, -4575327343.023979]","[[5102472459.8015785, 8019172.486862149], [8019172.486862149, 12040770696.769506]]","[[[2778858765.45903, -593206658.282351], [-593206658.282351, 11968355873.913486]], [[2813317539.3110237, 607025546.5752983], [607025546.5752983, 11963972225.358982]]]",5095804663389.583,23339412928877.758,6.0,8.400002116104588e-08,2.000000642529698e-15,False,False,/private/tmp/oneD-v2-taylor-peierls-spatial-pf-runs/oneD_v2_DBTT_spatial_04_persistent_wake_extreme/T1100K_seed1008666/steps_1100K.csv,8b45cdeca4e76bc1ca0adbfacd1985675bb6b82168a75eb01a5b3f81eca2b1a9,/private/tmp/oneD-v2-taylor-peierls-spatial-pf-runs/oneD_v2_DBTT_spatial_04_persistent_wake_extreme/T1100K_seed1008666/anisotropic_emission_audit_v10174.json,5d0c2c9d18059a5318d70c3657329be7011fb89628022ea482d72b59e737d3e2,FULL_ACTIVE_AND_WAKE_SPATIAL_PROFILE_OBSERVER,PF_MODEL_NATIVE_DRIVING_TRAJECTORY_NOT_RESISTANCE
DBTT,PERSISTENT_WAKE_EXTREME,oneD_v2_dbtt_TP_b60d78111740b058,oneD_v2_DBTT_spatial_04_persistent_wake_extreme,1100.0,1008666,300.0,6,0,240,1379.6322614699393,3.2848387177855784e-05,7138268.403285196,10688.305572269268,68.95648666829986,68.95648666829986,68.95648666829986,-3.4758446199294646,25.27029739036078,10081390067.332903,33.059301215423474,35.35664131104838,2.2973400956249024,7.44611169234985,0.1527351551990523,7.867448704755156,6.411937648031689e-09,24934.64124873739,1489.6953603784111,"[4710069490.967149, -4685429879.198793]","[[5393674686.945281, 5422195.8585114945], [5422195.8585114945, 11911801743.951014]]","[[[2733448118.749467, -525644346.4034128], [-525644346.4034128, 12153587100.683764]], [[2772503777.19169, 531144903.5125805], [531144903.5125805, 12143363535.589277]]]",84930077723159.53,388990215481295.56,100.0,1.198895915877074e-06,2.854514584774148e-14,False,False,/private/tmp/oneD-v2-taylor-peierls-spatial-pf-runs/oneD_v2_DBTT_spatial_04_persistent_wake_extreme/T1100K_seed1008666/steps_1100K.csv,8b45cdeca4e76bc1ca0adbfacd1985675bb6b82168a75eb01a5b3f81eca2b1a9,/private/tmp/oneD-v2-taylor-peierls-spatial-pf-runs/oneD_v2_DBTT_spatial_04_persistent_wake_extreme/T1100K_seed1008666/anisotropic_emission_audit_v10174.json,5d0c2c9d18059a5318d70c3657329be7011fb89628022ea482d72b59e737d3e2,FULL_ACTIVE_AND_WAKE_SPATIAL_PROFILE_OBSERVER,PF_MODEL_NATIVE_DRIVING_TRAJECTORY_NOT_RESISTANCE
DBTT,PERSISTENT_WAKE_EXTREME,oneD_v2_dbtt_TP_b60d78111740b058,oneD_v2_DBTT_spatial_04_persistent_wake_extreme,1100.0,1008666,300.0,7,0,250,1379.6322626688352,3.284838720640093e-05,7136702.477944467,10753.412163303032,69.16618808627605,69.16618808627605,69.16618808627605,-3.6065853951389304,25.176617828908032,10044017329.459938,35.35664131104838,40.602872086987624,5.246230775939242,7.5473224938199435,0.1515503139082644,7.928983399023154,6.790287443519763e-09,26407.966294233083,1498.2305765648418,"[4548464226.546182, -4530416623.911635]","[[4889838959.238649, 5945427.7922901325], [5945427.7922901325, 11161619939.530497]]","[[[2900050345.851316, -454580607.30635864], [-454580607.30635864, 11996978798.94368]], [[2940136653.577303, 451869660.5186267], [451869660.5186267, 12000969901.400574]]]",5095804663389.583,23339412928877.758,6.0,1.1270390132267494e-06,2.6834274819559356e-14,False,False,/private/tmp/oneD-v2-taylor-peierls-spatial-pf-runs/oneD_v2_DBTT_spatial_04_persistent_wake_extreme/T1100K_seed1008666/steps_1100K.csv,8b45cdeca4e76bc1ca0adbfacd1985675bb6b82168a75eb01a5b3f81eca2b1a9,/private/tmp/oneD-v2-taylor-peierls-spatial-pf-runs/oneD_v2_DBTT_spatial_04_persistent_wake_extreme/T1100K_seed1008666/anisotropic_emission_audit_v10174.json,5d0c2c9d18059a5318d70c3657329be7011fb89628022ea482d72b59e737d3e2,FULL_ACTIVE_AND_WAKE_SPATIAL_PROFILE_OBSERVER,PF_MODEL_NATIVE_DRIVING_TRAJECTORY_NOT_RESISTANCE
DBTT,PERSISTENT_WAKE_EXTREME,oneD_v2_dbtt_TP_b60d78111740b058,oneD_v2_DBTT_spatial_04_persistent_wake_extreme,1100.0,1008666,300.0,8,0,260,1379.6322637958742,3.2848387233235204e-05,7132435.708304046,10906.359015701935,69.6563301962753,69.6563301962753,69.6563301962753,-3.3287998321386163,25.620083126425964,10220934386.53064,40.602872086987624,45.534666691946185,4.931794604958564,7.391968564494904,0.1533805106669107,7.834364510745592,6.439677236333808e-09,25045.216656371384,1485.1119714089855,"[4652183550.031597, -4656238305.698825]","[[4660146557.104304, 12898632.640657077], [12898632.640657077, 11930107344.245749]]","[[[2976057620.650859, -1060335227.3494022], [-1060335227.3494022, 12280424720.714054]], [[2990061271.290211, 1073514535.9108094], [1073514535.9108094, 12302537882.68786]]]",5095804663389.583,23339412928877.758,6.0,8.400002116104588e-08,2.000000642529698e-15,False,False,/private/tmp/oneD-v2-taylor-peierls-spatial-pf-runs/oneD_v2_DBTT_spatial_04_persistent_wake_extreme/T1100K_seed1008666/steps_1100K.csv,8b45cdeca4e76bc1ca0adbfacd1985675bb6b82168a75eb01a5b3f81eca2b1a9,/private/tmp/oneD-v2-taylor-peierls-spatial-pf-runs/oneD_v2_DBTT_spatial_04_persistent_wake_extreme/T1100K_seed1008666/anisotropic_emission_audit_v10174.json,5d0c2c9d18059a5318d70c3657329be7011fb89628022ea482d72b59e737d3e2,FULL_ACTIVE_AND_WAKE_SPATIAL_PROFILE_OBSERVER,PF_MODEL_NATIVE_DRIVING_TRAJECTORY_NOT_RESISTANCE
DBTT,PERSISTENT_WAKE_EXTREME,oneD_v2_dbtt_TP_b60d78111740b058,oneD_v2_DBTT_spatial_04_persistent_wake_extreme,1100.0,1008666,300.0,9,0,261,1379.6322638798742,3.2848387235235205e-05,7129553.956646234,10936.215742067776,69.75160895078857,69.75160895078857,69.75160895078857,-3.3152663993918905,25.421563392007126,10141736470.976904,45.534666691946185,47.83200678757109,2.2973400956249024,7.528421886651909,0.15176948356092237,7.917541685512687,6.49379217149971e-09,25255.090032309796,1496.639879170876,"[4519617116.31446, -4509971943.992597]","[[4341511956.04832, -394424.8576802551], [-394424.8576802551, 11443979061.201384]]","[[[3490185646.0309696, -580657459.1351606], [-580657459.1351606, 12529419878.65989]], [[3472592070.4028707, 639039889.8379707], [639039889.8379707, 12492535958.388063]]]",84930077723159.53,388990215481295.56,100.0,1.6800004232209176e-07,4.000001285059396e-15,False,False,/private/tmp/oneD-v2-taylor-peierls-spatial-pf-runs/oneD_v2_DBTT_spatial_04_persistent_wake_extreme/T1100K_seed1008666/steps_1100K.csv,8b45cdeca4e76bc1ca0adbfacd1985675bb6b82168a75eb01a5b3f81eca2b1a9,/private/tmp/oneD-v2-taylor-peierls-spatial-pf-runs/oneD_v2_DBTT_spatial_04_persistent_wake_extreme/T1100K_seed1008666/anisotropic_emission_audit_v10174.json,5d0c2c9d18059a5318d70c3657329be7011fb89628022ea482d72b59e737d3e2,FULL_ACTIVE_AND_WAKE_SPATIAL_PROFILE_OBSERVER,PF_MODEL_NATIVE_DRIVING_TRAJECTORY_NOT_RESISTANCE
DBTT,PERSISTENT_WAKE_EXTREME,oneD_v2_dbtt_TP_b60d78111740b058,oneD_v2_DBTT_spatial_04_persistent_wake_extreme,1100.0,1008666,300.0,10,0,263,1379.6322640478743,3.2848387239235206e-05,7125982.345777933,11063.783328928312,70.15724498846373,70.15724498846373,70.15724498846373,-2.563153516266798,28.330558496353554,11302257611.58147,47.83200678757109,50.12934688319599,2.2973400956249024,6.1324607958012916,0.17116388616847183,7.02018331312752,5.088622857324801e-09,19791.104203186806,1374.9149271473998,"[3957321193.869519, -3973167215.994987]","[[3923515125.1045938, -18088468.576360114], [-18088468.576360114, 12660374316.179634]]","[[[2949236962.466878, -1543779024.6931574], [-1543779024.6931574, 10863879350.205917]], [[2966914761.212298, 1617906671.299858], [1617906671.299858, 10913249193.202272]]]",5095804663389.583,23339412928877.758,6.0,171.31619265600216,4.0789569679999644e-06,True,False,/private/tmp/oneD-v2-taylor-peierls-spatial-pf-runs/oneD_v2_DBTT_spatial_04_persistent_wake_extreme/T1100K_seed1008666/steps_1100K.csv,8b45cdeca4e76bc1ca0adbfacd1985675bb6b82168a75eb01a5b3f81eca2b1a9,/private/tmp/oneD-v2-taylor-peierls-spatial-pf-runs/oneD_v2_DBTT_spatial_04_persistent_wake_extreme/T1100K_seed1008666/anisotropic_emission_audit_v10174.json,5d0c2c9d18059a5318d70c3657329be7011fb89628022ea482d72b59e737d3e2,FULL_ACTIVE_AND_WAKE_SPATIAL_PROFILE_OBSERVER,PF_MODEL_NATIVE_DRIVING_TRAJECTORY_NOT_RESISTANCE
DBTT,PERSISTENT_WAKE_EXTREME,oneD_v2_dbtt_TP_b60d78111740b058,oneD_v2_DBTT_spatial_04_persistent_wake_extreme,1100.0,1008666,300.0,11,1,296,1550.9484567038764,3.692734420723517e-05,8067526.478464265,5434.013473332932,49.16783106921971,49.16783106921971,49.16783106921971,-2.0680832405005325,21.417012379599637,8544151758.103194,50.12934688319599,52.42668697882088,2.2973400956248953,5.270409084907061,0.18764084350340965,6.402986217639137,0.0,16232.102484776511,1295.3902111660072,"[4043933865.7108846, -3937435779.365328]","[[4571580213.959335, 93707580.15396437], [93707580.15396437, 10621442221.057669]]","[[[2446170351.9286203, -481434563.6671873], [-481434563.6671873, 10534038083.35039]], [[2677105323.442339, 595622882.2582883], [595622882.2582883, 10551976882.172995]]]",83231476168696.34,381210411171669.7,98.0,0.33254941347740896,7.917843178042929e-09,False,False,/private/tmp/oneD-v2-taylor-peierls-spatial-pf-runs/oneD_v2_DBTT_spatial_04_persistent_wake_extreme/T1100K_seed1008666/steps_1100K.csv,8b45cdeca4e76bc1ca0adbfacd1985675bb6b82168a75eb01a5b3f81eca2b1a9,/private/tmp/oneD-v2-taylor-peierls-spatial-pf-runs/oneD_v2_DBTT_spatial_04_persistent_wake_extreme/T1100K_seed1008666/anisotropic_emission_audit_v10174.json,5d0c2c9d18059a5318d70c3657329be7011fb89628022ea482d72b59e737d3e2,FULL_ACTIVE_AND_WAKE_SPATIAL_PROFILE_OBSERVER,PF_MODEL_NATIVE_DRIVING_TRAJECTORY_NOT_RESISTANCE
DBTT,PERSISTENT_WAKE_EXTREME,oneD_v2_dbtt_TP_b60d78111740b058,oneD_v2_DBTT_spatial_04_persistent_wake_extreme,1100.0,1008666,300.0,12,1,313,1551.2810061173539,3.6935262050413214e-05,8068414.280893334,5528.989194336966,49.59564764885931,49.59564764885931,49.59564764885931,-2.0909634451773353,21.162701724576895,8442696485.458037,52.42668697882088,56.677418122201125,4.250731143380243,5.492181868698814,0.18295202716972286,6.567122091090546,0.0,16970.51524206709,1316.1671414391585,"[3981996833.8891463, -3875251170.025562]","[[4558935312.807319, 87021574.1190223], [87021574.1190223, 10081059111.279987]]","[[[2199120641.777037, -397144172.1993664], [-397144172.1993664, 10163114309.55533]], [[2419639522.2711396, 500502731.2100033], [500502731.2100033, 10170141862.322264]]]",5095804663389.583,23339412928877.758,6.0,1.1844300985019345,2.8200716630992593e-08,False,False,/private/tmp/oneD-v2-taylor-peierls-spatial-pf-runs/oneD_v2_DBTT_spatial_04_persistent_wake_extreme/T1100K_seed1008666/steps_1100K.csv,8b45cdeca4e76bc1ca0adbfacd1985675bb6b82168a75eb01a5b3f81eca2b1a9,/private/tmp/oneD-v2-taylor-peierls-spatial-pf-runs/oneD_v2_DBTT_spatial_04_persistent_wake_extreme/T1100K_seed1008666/anisotropic_emission_audit_v10174.json,5d0c2c9d18059a5318d70c3657329be7011fb89628022ea482d72b59e737d3e2,FULL_ACTIVE_AND_WAKE_SPATIAL_PROFILE_OBSERVER,PF_MODEL_NATIVE_DRIVING_TRAJECTORY_NOT_RESISTANCE
DBTT,PERSISTENT_WAKE_EXTREME,oneD_v2_dbtt_TP_b60d78111740b058,oneD_v2_DBTT_spatial_04_persistent_wake_extreme,1100.0,1008666,300.0,13,1,333,1552.4654362158558,3.6963462767044206e-05,8072699.285445939,5739.5369160719965,50.53114301581901,50.53114301581901,50.53114301581901,-2.099126589442622,20.96115195713714,8362289761.621244,56.677418122201125,64.60637726595918,7.9289591437580516,5.811496109854676,0.17677898881865667,6.7965237553534,0.0,18208.83758327291,1345.697684260701,"[4151699813.8714046, -4040878044.9003205]","[[4142651360.932344, 85731605.79235002], [85731605.79235002, 10246555500.497684]]","[[[2398289259.385052, -697071497.6370828], [-697071497.6370828, 10701688887.127861]], [[2476672988.9753594, 800010907.8245133], [800010907.8245133, 10558429078.776001]]]",6794406217852.777,31119217238503.68,8.0,0.00048128174057637807,1.1459089069071251e-11,False,False,/private/tmp/oneD-v2-taylor-peierls-spatial-pf-runs/oneD_v2_DBTT_spatial_04_persistent_wake_extreme/T1100K_seed1008666/steps_1100K.csv,8b45cdeca4e76bc1ca0adbfacd1985675bb6b82168a75eb01a5b3f81eca2b1a9,/private/tmp/oneD-v2-taylor-peierls-spatial-pf-runs/oneD_v2_DBTT_spatial_04_persistent_wake_extreme/T1100K_seed1008666/anisotropic_emission_audit_v10174.json,5d0c2c9d18059a5318d70c3657329be7011fb89628022ea482d72b59e737d3e2,FULL_ACTIVE_AND_WAKE_SPATIAL_PROFILE_OBSERVER,PF_MODEL_NATIVE_DRIVING_TRAJECTORY_NOT_RESISTANCE
DBTT,PERSISTENT_WAKE_EXTREME,oneD_v2_dbtt_TP_b60d78111740b058,oneD_v2_DBTT_spatial_04_persistent_wake_extreme,1100.0,1008666,300.0,14,1,334,1552.4659174975964,3.6963474226133275e-05,8068595.476310464,6167.225775520428,52.38001509032847,52.38001509032847,52.38001509032847,-1.6960804767112805,22.740325026608044,9072077123.184782,64.60637726595918,73.04590364404542,8.439526378086239,5.305641516765067,0.18687181698553365,6.428669972565354,0.0,16191.35081776396,1298.7053197109205,"[3636823457.2975726, -3783035294.0617905]","[[4183883184.4385138, -30288524.48641779], [-30288524.48641779, 10502290364.613848]]","[[[2106812003.0621688, -1234443266.8338127], [-1234443266.8338127, 9380458917.657314]], [[2853090820.2703047, 1157358074.3232696], [1157358074.3232696, 10419161408.393887]]]",146079733683834.28,669063170627828.8,172.0,2.5200006348313764e-07,6.000001927589094e-15,False,False,/private/tmp/oneD-v2-taylor-peierls-spatial-pf-runs/oneD_v2_DBTT_spatial_04_persistent_wake_extreme/T1100K_seed1008666/steps_1100K.csv,8b45cdeca4e76bc1ca0adbfacd1985675bb6b82168a75eb01a5b3f81eca2b1a9,/private/tmp/oneD-v2-taylor-peierls-spatial-pf-runs/oneD_v2_DBTT_spatial_04_persistent_wake_extreme/T1100K_seed1008666/anisotropic_emission_audit_v10174.json,5d0c2c9d18059a5318d70c3657329be7011fb89628022ea482d72b59e737d3e2,FULL_ACTIVE_AND_WAKE_SPATIAL_PROFILE_OBSERVER,PF_MODEL_NATIVE_DRIVING_TRAJECTORY_NOT_RESISTANCE
DBTT,PERSISTENT_WAKE_EXTREME,oneD_v2_dbtt_TP_b60d78111740b058,oneD_v2_DBTT_spatial_04_persistent_wake_extreme,1100.0,1008666,300.0,15,1,337,1552.4659177495964,3.696347423213328e-05,7997553.543055305,13547.290965813516,77.63309930449144,77.63309930449144,77.63309930449144,-2.621452382826041,27.699619057597474,11050549193.088919,73.04590364404542,75.34297779768553,2.297074153640119,7.855001212148209,0.1481109533259389,8.111770809019708,6.612708603241473e-09,25719.43690066771,1523.9206075700363,"[4936172184.756627, -4756318469.557136]","[[6103631702.534073, 371957874.85397464], [371957874.85397464, 13209274672.050447]]","[[[3378183774.262593, -465131631.03253055], [-465131631.03253055, 13250528143.775848]], [[3863384043.0666423, 846768661.9798594], [846768661.9798594, 13376020982.180914]]]",3397203108926.3887,15559608619251.838,4.0,5.040001269662753e-07,1.2000003855178187e-14,False,False,/private/tmp/oneD-v2-taylor-peierls-spatial-pf-runs/oneD_v2_DBTT_spatial_04_persistent_wake_extreme/T1100K_seed1008666/steps_1100K.csv,8b45cdeca4e76bc1ca0adbfacd1985675bb6b82168a75eb01a5b3f81eca2b1a9,/private/tmp/oneD-v2-taylor-peierls-spatial-pf-runs/oneD_v2_DBTT_spatial_04_persistent_wake_extreme/T1100K_seed1008666/anisotropic_emission_audit_v10174.json,5d0c2c9d18059a5318d70c3657329be7011fb89628022ea482d72b59e737d3e2,FULL_ACTIVE_AND_WAKE_SPATIAL_PROFILE_OBSERVER,PF_MODEL_NATIVE_DRIVING_TRAJECTORY_NOT_RESISTANCE
DBTT,PERSISTENT_WAKE_EXTREME,oneD_v2_dbtt_TP_b60d78111740b058,oneD_v2_DBTT_spatial_04_persistent_wake_extreme,1100.0,1008666,300.0,16,1,343,1552.4659182535966,3.696347424413328e-05,7996128.777473497,13775.503853975826,78.2842583706846,78.2842583706846,78.2842583706846,-2.7273858167993423,27.28005014257906,10883165413.345919,75.34297779768553,77.64005195132565,2.2970741536401054,8.234904267125945,0.1441707149560328,8.33364615502299,7.074504538131403e-09,27513.61387300727,1555.1221785486916,"[4853561415.518288, -4684961460.754157]","[[6182771622.155945, 287538982.9454095], [287538982.9454095, 12400160955.696587]]","[[[3105067287.5059414, -349699818.3241255], [-349699818.3241255, 12812190118.542519]], [[3511158710.903229, 700008813.9074761], [700008813.9074761, 12881081632.411543]]]",13588812435705.559,62238434477007.37,16.0,3.360000846441835e-07,7.999995793855214e-15,False,False,/private/tmp/oneD-v2-taylor-peierls-spatial-pf-runs/oneD_v2_DBTT_spatial_04_persistent_wake_extreme/T1100K_seed1008666/steps_1100K.csv,8b45cdeca4e76bc1ca0adbfacd1985675bb6b82168a75eb01a5b3f81eca2b1a9,/private/tmp/oneD-v2-taylor-peierls-spatial-pf-runs/oneD_v2_DBTT_spatial_04_persistent_wake_extreme/T1100K_seed1008666/anisotropic_emission_audit_v10174.json,5d0c2c9d18059a5318d70c3657329be7011fb89628022ea482d72b59e737d3e2,FULL_ACTIVE_AND_WAKE_SPATIAL_PROFILE_OBSERVER,PF_MODEL_NATIVE_DRIVING_TRAJECTORY_NOT_RESISTANCE
DBTT,PERSISTENT_WAKE_EXTREME,oneD_v2_dbtt_TP_b60d78111740b058,oneD_v2_DBTT_spatial_04_persistent_wake_extreme,1100.0,1008666,300.0,17,1,347,1552.4659185895966,3.696347425213328e-05,7994678.747537254,13987.99646067881,78.88573061635825,78.88573061635825,78.88573061635825,-2.6877344415562403,27.290746661844615,10887432707.134077,77.64005195132565,79.93712610496574,2.2970741536401054,8.35537735064611,0.14298540400263252,8.403351667608758,7.175003702749636e-09,27905.70939864614,1564.9003352283587,"[4987676084.481402, -4860099051.985487]","[[6265311063.192714, 401620626.597609], [401620626.597609, 12902850277.18445]]","[[[3278617361.8905435, -479248178.7595781], [-479248178.7595781, 13253969530.85335]], [[3465519652.6302185, 904249575.4838216], [904249575.4838216, 13185717756.601192]]]",13588812435705.559,62238434477007.37,16.0,3.360000846441835e-07,8.00000934638237e-15,False,False,/private/tmp/oneD-v2-taylor-peierls-spatial-pf-runs/oneD_v2_DBTT_spatial_04_persistent_wake_extreme/T1100K_seed1008666/steps_1100K.csv,8b45cdeca4e76bc1ca0adbfacd1985675bb6b82168a75eb01a5b3f81eca2b1a9,/private/tmp/oneD-v2-taylor-peierls-spatial-pf-runs/oneD_v2_DBTT_spatial_04_persistent_wake_extreme/T1100K_seed1008666/anisotropic_emission_audit_v10174.json,5d0c2c9d18059a5318d70c3657329be7011fb89628022ea482d72b59e737d3e2,FULL_ACTIVE_AND_WAKE_SPATIAL_PROFILE_OBSERVER,PF_MODEL_NATIVE_DRIVING_TRAJECTORY_NOT_RESISTANCE
DBTT,PERSISTENT_WAKE_EXTREME,oneD_v2_dbtt_TP_b60d78111740b058,oneD_v2_DBTT_spatial_04_persistent_wake_extreme,1100.0,1008666,300.0,18,1,351,1552.4659189255967,3.6963474260133286e-05,7992910.029637427,14212.59224595292,79.51651604979268,79.51651604979268,79.51651604979268,-2.834895506295026,26.39782874212436,10531209996.029575,79.93712610496574,82.23340249422276,2.2962763892570144,9.073571651307384,0.13647882762724364,8.803961022301282,7.84075382458438e-09,30490.62228169228,1622.0807281371115,"[5160066298.914054, -5019768098.91508]","[[5782927030.377563, 232397267.11582038], [232397267.11582038, 12216496007.735245]]","[[[3591677846.8851585, -558952231.9714073], [-558952231.9714073, 13911810444.713268]], [[3587707812.9952188, 978426913.6633376], [978426913.6633376, 13627244010.82538]]]",3397203108926.3887,15559608619251.838,4.0,4.02363025386876e-06,9.580074092959551e-14,False,False,/private/tmp/oneD-v2-taylor-peierls-spatial-pf-runs/oneD_v2_DBTT_spatial_04_persistent_wake_extreme/T1100K_seed1008666/steps_1100K.csv,8b45cdeca4e76bc1ca0adbfacd1985675bb6b82168a75eb01a5b3f81eca2b1a9,/private/tmp/oneD-v2-taylor-peierls-spatial-pf-runs/oneD_v2_DBTT_spatial_04_persistent_wake_extreme/T1100K_seed1008666/anisotropic_emission_audit_v10174.json,5d0c2c9d18059a5318d70c3657329be7011fb89628022ea482d72b59e737d3e2,FULL_ACTIVE_AND_WAKE_SPATIAL_PROFILE_OBSERVER,PF_MODEL_NATIVE_DRIVING_TRAJECTORY_NOT_RESISTANCE
DBTT,PERSISTENT_WAKE_EXTREME,oneD_v2_dbtt_TP_b60d78111740b058,oneD_v2_DBTT_spatial_04_persistent_wake_extreme,1100.0,1008666,300.0,19,1,361,1552.465922949227,3.696347435593403e-05,7990774.03939982,14479.68253027269,80.26019587772332,80.26019587772332,80.26019587772332,-1.927014779063072,27.46990108461782,10958904981.099222,82.23340249422276,100.16094124707362,17.927538752850865,8.536625696815904,0.14125595971329977,8.505793799006078,7.3121100292671405e-09,28436.77225223436,1579.5083561734307,"[5014350259.907232, -4850196175.411898]","[[5549676129.193796, 209921669.79694754], [209921669.79694754, 12853611528.714252]]","[[[3396132896.482321, -756857839.3540304], [-756857839.3540304, 13424833416.296785]], [[3520731009.937126, 1107431516.6751065], [1107431516.6751065, 13221123360.760921]]]",23780421762484.73,108917260334762.83,28.0,2.5200006348313764e-07,6.000001927589094e-15,False,False,/private/tmp/oneD-v2-taylor-peierls-spatial-pf-runs/oneD_v2_DBTT_spatial_04_persistent_wake_extreme/T1100K_seed1008666/steps_1100K.csv,8b45cdeca4e76bc1ca0adbfacd1985675bb6b82168a75eb01a5b3f81eca2b1a9,/private/tmp/oneD-v2-taylor-peierls-spatial-pf-runs/oneD_v2_DBTT_spatial_04_persistent_wake_extreme/T1100K_seed1008666/anisotropic_emission_audit_v10174.json,5d0c2c9d18059a5318d70c3657329be7011fb89628022ea482d72b59e737d3e2,FULL_ACTIVE_AND_WAKE_SPATIAL_PROFILE_OBSERVER,PF_MODEL_NATIVE_DRIVING_TRAJECTORY_NOT_RESISTANCE
DBTT,PERSISTENT_WAKE_EXTREME,oneD_v2_dbtt_TP_b60d78111740b058,oneD_v2_DBTT_spatial_04_persistent_wake_extreme,1100.0,1008666,300.0,20,1,364,1552.465923201227,3.696347436193403e-05,7958720.605961572,19464.79193519982,93.05625663143303,93.05625663143303,93.05625663143303,-1.8962078381361376,31.537135307891763,12581496677.058878,100.16094124707362,102.45801540071372,2.297074153640092,8.706561530380641,0.1396901822067206,8.600827398932541,7.548578651923194e-09,29353.769207604073,1593.094233601647,"[5630222234.590194, -5422617099.482758]","[[8101653204.621507, 252957912.13074383], [252957912.13074383, 16093602917.319132]]","[[[4764137475.512889, -519213877.4099658], [-519213877.4099658, 16024581944.693277]], [[5259254154.965205, 955906026.0263004], [955906026.0263004, 16104488353.930721]]]",20383218653558.34,93357651715511.02,24.0,4.200001058052294e-07,1.000000321264849e-14,False,False,/private/tmp/oneD-v2-taylor-peierls-spatial-pf-runs/oneD_v2_DBTT_spatial_04_persistent_wake_extreme/T1100K_seed1008666/steps_1100K.csv,8b45cdeca4e76bc1ca0adbfacd1985675bb6b82168a75eb01a5b3f81eca2b1a9,/private/tmp/oneD-v2-taylor-peierls-spatial-pf-runs/oneD_v2_DBTT_spatial_04_persistent_wake_extreme/T1100K_seed1008666/anisotropic_emission_audit_v10174.json,5d0c2c9d18059a5318d70c3657329be7011fb89628022ea482d72b59e737d3e2,FULL_ACTIVE_AND_WAKE_SPATIAL_PROFILE_OBSERVER,PF_MODEL_NATIVE_DRIVING_TRAJECTORY_NOT_RESISTANCE
DBTT,PERSISTENT_WAKE_EXTREME,oneD_v2_dbtt_TP_b60d78111740b058,oneD_v2_DBTT_spatial_04_persistent_wake_extreme,1100.0,1008666,300.0,21,1,369,1552.4659236212271,3.696347437193403e-05,7956577.304781784,19696.98745302491,93.60964525881936,93.60964525881936,93.60964525881936,-1.941822965430412,30.774204373751164,12277131270.404032,102.45801540071372,104.75508955435383,2.297074153640119,9.252679767490024,0.1349899748124918,8.900320713630308,8.126789908756436e-09,31606.005727409363,1636.0552136448762,"[5510995407.85185, -5305527719.516319]","[[8082852989.244621, 267060590.9596332], [267060590.9596332, 14812804229.96763]]","[[[4399191332.917269, -358989244.59360605], [-358989244.59360605, 15421182148.62097]], [[4831497110.655354, 748472536.4118465], [748472536.4118465, 15442552549.687992]]]",11890210881242.363,54458630167381.445,14.0,7.560001904494129e-07,1.800000578276728e-14,False,False,/private/tmp/oneD-v2-taylor-peierls-spatial-pf-runs/oneD_v2_DBTT_spatial_04_persistent_wake_extreme/T1100K_seed1008666/steps_1100K.csv,8b45cdeca4e76bc1ca0adbfacd1985675bb6b82168a75eb01a5b3f81eca2b1a9,/private/tmp/oneD-v2-taylor-peierls-spatial-pf-runs/oneD_v2_DBTT_spatial_04_persistent_wake_extreme/T1100K_seed1008666/anisotropic_emission_audit_v10174.json,5d0c2c9d18059a5318d70c3657329be7011fb89628022ea482d72b59e737d3e2,FULL_ACTIVE_AND_WAKE_SPATIAL_PROFILE_OBSERVER,PF_MODEL_NATIVE_DRIVING_TRAJECTORY_NOT_RESISTANCE
DBTT,PERSISTENT_WAKE_EXTREME,oneD_v2_dbtt_TP_b60d78111740b058,oneD_v2_DBTT_spatial_04_persistent_wake_extreme,1100.0,1008666,300.0,22,1,378,1552.4659243772273,3.696347438993404e-05,7954388.61508695,19940.041583294107,94.18543006019276,94.18543006019276,94.18543006019276,-1.8198623937326917,31.07544140084104,12397307456.932615,104.75508955435383,107.969488677559,3.214399123205162,9.18613530575335,0.13553742547020964,8.865036913553192,8.195911506173774e-09,31874.197100150275,1630.8761371384094,"[5672650461.04139, -5510924381.928242]","[[8163300311.519699, 96396793.94031921], [96396793.94031921, 15420498734.999985]]","[[[4610294037.594227, -519223133.7494444], [-519223133.7494444, 15955594959.677008]], [[4776369635.839147, 995292825.8623317], [995292825.8623317, 15798218399.695631]]]",3397203108926.3887,15559608619251.838,4.0,1.6998235423670849e-06,4.047198638506763e-14,False,False,/private/tmp/oneD-v2-taylor-peierls-spatial-pf-runs/oneD_v2_DBTT_spatial_04_persistent_wake_extreme/T1100K_seed1008666/steps_1100K.csv,8b45cdeca4e76bc1ca0adbfacd1985675bb6b82168a75eb01a5b3f81eca2b1a9,/private/tmp/oneD-v2-taylor-peierls-spatial-pf-runs/oneD_v2_DBTT_spatial_04_persistent_wake_extreme/T1100K_seed1008666/anisotropic_emission_audit_v10174.json,5d0c2c9d18059a5318d70c3657329be7011fb89628022ea482d72b59e737d3e2,FULL_ACTIVE_AND_WAKE_SPATIAL_PROFILE_OBSERVER,PF_MODEL_NATIVE_DRIVING_TRAJECTORY_NOT_RESISTANCE
DBTT,PERSISTENT_WAKE_EXTREME,oneD_v2_dbtt_TP_b60d78111740b058,oneD_v2_DBTT_spatial_04_persistent_wake_extreme,1100.0,1008666,300.0,23,1,388,1552.4659260770509,3.6963474430406024e-05,7951726.485247405,20232.54550981507,94.87372626587991,94.87372626587991,94.87372626587991,-1.5181897571191583,30.616044387358965,12214034564.76447,107.969488677559,115.41735671325131,7.447868035692315,9.60270879293377,0.13221569491500093,9.087136864342755,8.310735212316126e-09,32321.392418079253,1663.051426313591,"[5394052108.460261, -5194587741.689577]","[[7420050109.88254, 267215747.6865486], [267215747.6865486, 14216371620.98592]]","[[[4841874037.375404, 8485405.96680476], [8485405.96680476, 15629978254.295927]], [[5217116175.882758, 306803700.19687265], [306803700.19687265, 15606291659.261913]]]",8493007772315.973,38899021548129.6,10.0,4.200001058052294e-07,9.999996436384911e-15,False,False,/private/tmp/oneD-v2-taylor-peierls-spatial-pf-runs/oneD_v2_DBTT_spatial_04_persistent_wake_extreme/T1100K_seed1008666/steps_1100K.csv,8b45cdeca4e76bc1ca0adbfacd1985675bb6b82168a75eb01a5b3f81eca2b1a9,/private/tmp/oneD-v2-taylor-peierls-spatial-pf-runs/oneD_v2_DBTT_spatial_04_persistent_wake_extreme/T1100K_seed1008666/anisotropic_emission_audit_v10174.json,5d0c2c9d18059a5318d70c3657329be7011fb89628022ea482d72b59e737d3e2,FULL_ACTIVE_AND_WAKE_SPATIAL_PROFILE_OBSERVER,PF_MODEL_NATIVE_DRIVING_TRAJECTORY_NOT_RESISTANCE
DBTT,PERSISTENT_WAKE_EXTREME,oneD_v2_dbtt_TP_b60d78111740b058,oneD_v2_DBTT_spatial_04_persistent_wake_extreme,1100.0,1008666,300.0,24,1,393,1552.465926497051,3.696347444040602e-05,7940093.594210605,21527.229582747328,97.86215309275418,97.86215309275418,97.86215309275418,-1.3368306684685596,32.68024625547278,13037531965.238693,115.41735671325131,117.7146968088762,2.2973400956248886,8.967242041942205,0.13738635132844412,8.745633672176245,7.755943444341224e-09,30166.641548451407,1613.731923005229,"[5088684330.434289, -4937721420.575941]","[[6208541793.569837, -585866.89338977], [-585866.89338977, 14927179222.83212]]","[[[4840056557.756335, -1815672096.6786253], [-1815672096.6786253, 15017425218.624914]], [[4803675940.405874, 2096835745.428722], [2096835745.428722, 14679118781.557758]]]",16986015544631.95,77798043096259.2,20.0,8.400002116104588e-08,2.000014195056854e-15,False,False,/private/tmp/oneD-v2-taylor-peierls-spatial-pf-runs/oneD_v2_DBTT_spatial_04_persistent_wake_extreme/T1100K_seed1008666/steps_1100K.csv,8b45cdeca4e76bc1ca0adbfacd1985675bb6b82168a75eb01a5b3f81eca2b1a9,/private/tmp/oneD-v2-taylor-peierls-spatial-pf-runs/oneD_v2_DBTT_spatial_04_persistent_wake_extreme/T1100K_seed1008666/anisotropic_emission_audit_v10174.json,5d0c2c9d18059a5318d70c3657329be7011fb89628022ea482d72b59e737d3e2,FULL_ACTIVE_AND_WAKE_SPATIAL_PROFILE_OBSERVER,PF_MODEL_NATIVE_DRIVING_TRAJECTORY_NOT_RESISTANCE
DBTT,PERSISTENT_WAKE_EXTREME,oneD_v2_dbtt_TP_b60d78111740b058,oneD_v2_DBTT_spatial_04_persistent_wake_extreme,1100.0,1008666,300.0,25,1,394,1552.465926581051,3.6963474442406035e-05,7935700.232354716,18420.027810019434,90.52443775253336,90.52443775253336,90.52443775253336,-1.1303614090702274,31.986459938680834,12760751269.906403,117.7146968088762,119.6574708597544,1.9427740508781928,8.009387703579879,0.1464711034265479,8.202194108906653,6.9790075952587926e-09,27139.923036081407,1536.6684625272494,"[5201236784.692731, -4986450915.29007]","[[6643867170.252192, -71856091.3192829], [-71856091.3192829, 15681286550.926432]]","[[[4515206732.040867, -3160227446.4686103], [-3160227446.4686103, 14917680301.42633]], [[5133632479.769511, 2725171879.6511083], [2725171879.6511083, 15106534310.349651]]]",84930077723159.53,388990215481295.56,100.0,1.0316648513253313e-06,2.456340659302489e-14,False,False,/private/tmp/oneD-v2-taylor-peierls-spatial-pf-runs/oneD_v2_DBTT_spatial_04_persistent_wake_extreme/T1100K_seed1008666/steps_1100K.csv,8b45cdeca4e76bc1ca0adbfacd1985675bb6b82168a75eb01a5b3f81eca2b1a9,/private/tmp/oneD-v2-taylor-peierls-spatial-pf-runs/oneD_v2_DBTT_spatial_04_persistent_wake_extreme/T1100K_seed1008666/anisotropic_emission_audit_v10174.json,5d0c2c9d18059a5318d70c3657329be7011fb89628022ea482d72b59e737d3e2,FULL_ACTIVE_AND_WAKE_SPATIAL_PROFILE_OBSERVER,PF_MODEL_NATIVE_DRIVING_TRAJECTORY_NOT_RESISTANCE
DBTT,PERSISTENT_WAKE_EXTREME,oneD_v2_dbtt_TP_b60d78111740b058,oneD_v2_DBTT_spatial_04_persistent_wake_extreme,1100.0,1008666,300.0,26,1,404,1552.4659276127159,3.696347446696944e-05,7934518.015596596,21525.89173393892,97.8591121348222,97.8591121348222,97.8591121348222,-0.9810720669634324,34.77374878679198,13872718639.109344,119.6574708597544,124.0548411523827,4.397370292628312,7.919531992277894,0.1474188532976209,8.146411598359173,6.949903764566746e-09,27029.27735000699,1529.260441605926,"[5009827295.035461, -4675551140.615542]","[[5818270632.9033375, -138742539.8716864], [-138742539.8716864, 16226796312.924538]]","[[[4210925577.4496856, -2649604680.015134], [-2649604680.015134, 14230580167.52061]], [[5185474335.144584, 2316196015.967776], [2316196015.967776, 14536576616.37567]]]",5095804663389.583,23339412928877.758,6.0,8.400002116104588e-08,2.000000642529698e-15,False,False,/private/tmp/oneD-v2-taylor-peierls-spatial-pf-runs/oneD_v2_DBTT_spatial_04_persistent_wake_extreme/T1100K_seed1008666/steps_1100K.csv,8b45cdeca4e76bc1ca0adbfacd1985675bb6b82168a75eb01a5b3f81eca2b1a9,/private/tmp/oneD-v2-taylor-peierls-spatial-pf-runs/oneD_v2_DBTT_spatial_04_persistent_wake_extreme/T1100K_seed1008666/anisotropic_emission_audit_v10174.json,5d0c2c9d18059a5318d70c3657329be7011fb89628022ea482d72b59e737d3e2,FULL_ACTIVE_AND_WAKE_SPATIAL_PROFILE_OBSERVER,PF_MODEL_NATIVE_DRIVING_TRAJECTORY_NOT_RESISTANCE
DBTT,PERSISTENT_WAKE_EXTREME,oneD_v2_dbtt_TP_b60d78111740b058,oneD_v2_DBTT_spatial_04_persistent_wake_extreme,1100.0,1008666,300.0,27,1,405,1552.4659276967159,3.696347446896944e-05,7926391.324477455,21025.80761623684,96.715713147088,96.715713147088,96.715713147088,-1.0704062171645339,31.875816084972016,12716610758.595404,124.0548411523827,126.35218124800764,2.2973400956249295,9.206010209635219,0.13537322069463262,8.876690142192011,8.157257981158569e-09,31724.370099291344,1632.4245664301109,"[5841600768.913761, -5872147249.463535]","[[8187445962.505348, 21910296.725986958], [21910296.725986958, 16602707753.837555]]","[[[5117261078.88992, -831815388.895128], [-831815388.895128, 16800462616.717442]], [[5051854067.636715, 759412097.6786498], [759412097.6786498, 16796148566.563786]]]",84930077723159.53,388990215481295.56,100.0,2.7460898763820296e-06,6.538311694359936e-14,False,False,/private/tmp/oneD-v2-taylor-peierls-spatial-pf-runs/oneD_v2_DBTT_spatial_04_persistent_wake_extreme/T1100K_seed1008666/steps_1100K.csv,8b45cdeca4e76bc1ca0adbfacd1985675bb6b82168a75eb01a5b3f81eca2b1a9,/private/tmp/oneD-v2-taylor-peierls-spatial-pf-runs/oneD_v2_DBTT_spatial_04_persistent_wake_extreme/T1100K_seed1008666/anisotropic_emission_audit_v10174.json,5d0c2c9d18059a5318d70c3657329be7011fb89628022ea482d72b59e737d3e2,FULL_ACTIVE_AND_WAKE_SPATIAL_PROFILE_OBSERVER,PF_MODEL_NATIVE_DRIVING_TRAJECTORY_NOT_RESISTANCE
DBTT,PERSISTENT_WAKE_EXTREME,oneD_v2_dbtt_TP_b60d78111740b058,oneD_v2_DBTT_spatial_04_persistent_wake_extreme,1100.0,1008666,300.0,28,1,415,1552.4659304428058,3.696347453435256e-05,7924058.178413315,21302.250887560596,97.34943672026272,97.34943672026272,97.34943672026272,-0.7584440263558072,30.81153890024831,12292025591.542511,126.35218124800764,138.07027265511888,11.718091407111235,9.982518093416546,0.1293907343487771,9.28719472257463,8.76229933151284e-09,34077.67608890611,1691.890266616107,"[5715503519.986837, -5740075619.9638]","[[8306840667.29141, -36190903.32548351], [-36190903.32548351, 15528385959.114157]]","[[[4724918393.8408375, -636279332.4945072], [-636279332.4945072, 16155925433.814512]], [[4681598274.354311, 558411069.017273], [558411069.017273, 16161749514.281912]]]",6794406217852.777,31119217238503.68,8.0,8.400002116104588e-08,2.000000642529698e-15,False,False,/private/tmp/oneD-v2-taylor-peierls-spatial-pf-runs/oneD_v2_DBTT_spatial_04_persistent_wake_extreme/T1100K_seed1008666/steps_1100K.csv,8b45cdeca4e76bc1ca0adbfacd1985675bb6b82168a75eb01a5b3f81eca2b1a9,/private/tmp/oneD-v2-taylor-peierls-spatial-pf-runs/oneD_v2_DBTT_spatial_04_persistent_wake_extreme/T1100K_seed1008666/anisotropic_emission_audit_v10174.json,5d0c2c9d18059a5318d70c3657329be7011fb89628022ea482d72b59e737d3e2,FULL_ACTIVE_AND_WAKE_SPATIAL_PROFILE_OBSERVER,PF_MODEL_NATIVE_DRIVING_TRAJECTORY_NOT_RESISTANCE
DBTT,PERSISTENT_WAKE_EXTREME,oneD_v2_dbtt_TP_b60d78111740b058,oneD_v2_DBTT_spatial_04_persistent_wake_extreme,1100.0,1008666,300.0,29,1,416,1552.4659305268058,3.696347453635256e-05,7905909.87566984,23311.210892245872,101.83641729456299,101.83641729456299,101.83641729456299,-0.6199735232701844,34.12094369414274,13612287086.790188,138.07027265511888,140.36761275074375,2.2973400956248753,8.907670745942694,0.1379027724510886,8.71306294993479,7.871221897393047e-09,30613.12725270348,1609.037113730381,"[5315149476.683806, -5461302757.325192]","[[6452961231.749851, -257218553.91056463], [-257218553.91056463, 16651523952.618721]]","[[[5165759300.356882, -2357614553.7585735], [-2357614553.7585735, 15796058253.724497]], [[5039615566.014446, 2275223806.894011], [2275223806.894011, 15962221080.664831]]]",84930077723159.53,388990215481295.56,100.0,3.360000846441835e-07,8.000002570118792e-15,False,False,/private/tmp/oneD-v2-taylor-peierls-spatial-pf-runs/oneD_v2_DBTT_spatial_04_persistent_wake_extreme/T1100K_seed1008666/steps_1100K.csv,8b45cdeca4e76bc1ca0adbfacd1985675bb6b82168a75eb01a5b3f81eca2b1a9,/private/tmp/oneD-v2-taylor-peierls-spatial-pf-runs/oneD_v2_DBTT_spatial_04_persistent_wake_extreme/T1100K_seed1008666/anisotropic_emission_audit_v10174.json,5d0c2c9d18059a5318d70c3657329be7011fb89628022ea482d72b59e737d3e2,FULL_ACTIVE_AND_WAKE_SPATIAL_PROFILE_OBSERVER,PF_MODEL_NATIVE_DRIVING_TRAJECTORY_NOT_RESISTANCE
DBTT,PERSISTENT_WAKE_EXTREME,oneD_v2_dbtt_TP_b60d78111740b058,oneD_v2_DBTT_spatial_04_persistent_wake_extreme,1100.0,1008666,300.0,30,1,420,1552.4659308628059,3.696347454435256e-05,7905909.877380917,23323.549564512872,101.86336484261537,101.86336484261537,101.86336484261537,-0.6217891538999013,32.38305047444462,12918968002.629633,140.36761275074375,142.66495284636866,2.2973400956249295,9.894651958718894,0.1300281517190818,9.2406230216064,8.73956196405733e-09,33990.053004482965,1685.2596405347376,"[5624018801.934923, -5796859635.702267]","[[6752633590.067594, -123394308.92848644], [-123394308.92848644, 15874791523.615942]]","[[[5740510283.019498, -1510786790.5438738], [-1510786790.5438738, 16988547886.889345]], [[5565878103.85405, 1489932786.2581778], [1489932786.2581778, 17159597375.258585]]]",15287413990168.754,70018238786633.29,18.0,3.360000846441835e-07,8.000002570118792e-15,False,False,/private/tmp/oneD-v2-taylor-peierls-spatial-pf-runs/oneD_v2_DBTT_spatial_04_persistent_wake_extreme/T1100K_seed1008666/steps_1100K.csv,8b45cdeca4e76bc1ca0adbfacd1985675bb6b82168a75eb01a5b3f81eca2b1a9,/private/tmp/oneD-v2-taylor-peierls-spatial-pf-runs/oneD_v2_DBTT_spatial_04_persistent_wake_extreme/T1100K_seed1008666/anisotropic_emission_audit_v10174.json,5d0c2c9d18059a5318d70c3657329be7011fb89628022ea482d72b59e737d3e2,FULL_ACTIVE_AND_WAKE_SPATIAL_PROFILE_OBSERVER,PF_MODEL_NATIVE_DRIVING_TRAJECTORY_NOT_RESISTANCE
DBTT,PERSISTENT_WAKE_EXTREME,oneD_v2_dbtt_TP_b60d78111740b058,oneD_v2_DBTT_spatial_04_persistent_wake_extreme,1100.0,1008666,300.0,31,1,424,1552.465931198806,3.6963474552352565e-05,7899675.932543065,23915.13199780558,103.14711525862721,103.14711525862721,103.14711525862721,-0.47132470207858584,35.31227237908202,14087558469.067505,142.66495284636866,144.96229294199355,2.2973400956248753,8.532235646308504,0.14129710995919673,8.502175858079918,7.331209418482916e-09,28511.35228421164,1579.1559780318835,"[4931313360.050879, -5167103653.96423]","[[5720257167.229798, -619129494.3165046], [-619129494.3165046, 16682906320.958227]]","[[[4588235386.29903, -2787365889.5586886], [-2787365889.5586886, 14450862106.40079]], [[4388870715.082169, 2753682799.4563375], [2753682799.4563375, 14723078023.01063]]]",6794406217852.777,31119217238503.68,8.0,9.296718417317607e-07,2.213506477720048e-14,False,False,/private/tmp/oneD-v2-taylor-peierls-spatial-pf-runs/oneD_v2_DBTT_spatial_04_persistent_wake_extreme/T1100K_seed1008666/steps_1100K.csv,8b45cdeca4e76bc1ca0adbfacd1985675bb6b82168a75eb01a5b3f81eca2b1a9,/private/tmp/oneD-v2-taylor-peierls-spatial-pf-runs/oneD_v2_DBTT_spatial_04_persistent_wake_extreme/T1100K_seed1008666/anisotropic_emission_audit_v10174.json,5d0c2c9d18059a5318d70c3657329be7011fb89628022ea482d72b59e737d3e2,FULL_ACTIVE_AND_WAKE_SPATIAL_PROFILE_OBSERVER,PF_MODEL_NATIVE_DRIVING_TRAJECTORY_NOT_RESISTANCE
DBTT,PERSISTENT_WAKE_EXTREME,oneD_v2_dbtt_TP_b60d78111740b058,oneD_v2_DBTT_spatial_04_persistent_wake_extreme,1100.0,1008666,300.0,32,1,434,1552.4659321284778,3.696347457448763e-05,7900378.257865845,22929.606720219967,100.99944755466663,100.99944755466663,100.99944755466663,-0.44890362513686316,32.92224144130237,13134074076.519716,144.96229294199355,149.03043363509101,4.068140693097474,9.411507776990778,0.13370967546861967,8.986360092217415,8.425331544683657e-09,32764.81063864332,1648.3557537647564,"[6091069444.48312, -5928732285.870526]","[[8815392069.463095, 102136215.9800162], [102136215.9800162, 17310385273.453175]]","[[[5231567632.96484, -804244591.1441671], [-804244591.1441671, 17413706521.93108]], [[5536451403.000207, 866274716.8434566], [866274716.8434566, 17393915974.74126]]]",5095804663389.583,23339412928877.758,6.0,6.72000169288367e-07,1.600001191650116e-14,False,False,/private/tmp/oneD-v2-taylor-peierls-spatial-pf-runs/oneD_v2_DBTT_spatial_04_persistent_wake_extreme/T1100K_seed1008666/steps_1100K.csv,8b45cdeca4e76bc1ca0adbfacd1985675bb6b82168a75eb01a5b3f81eca2b1a9,/private/tmp/oneD-v2-taylor-peierls-spatial-pf-runs/oneD_v2_DBTT_spatial_04_persistent_wake_extreme/T1100K_seed1008666/anisotropic_emission_audit_v10174.json,5d0c2c9d18059a5318d70c3657329be7011fb89628022ea482d72b59e737d3e2,FULL_ACTIVE_AND_WAKE_SPATIAL_PROFILE_OBSERVER,PF_MODEL_NATIVE_DRIVING_TRAJECTORY_NOT_RESISTANCE
DBTT,PERSISTENT_WAKE_EXTREME,oneD_v2_dbtt_TP_b60d78111740b058,oneD_v2_DBTT_spatial_04_persistent_wake_extreme,1100.0,1008666,300.0,33,1,442,1552.465932800478,3.696347459048764e-05,7895259.400924864,23446.95282822111,102.13248529476563,102.13248529476563,102.13248529476563,-0.40946409137426065,32.39781232010358,12924857126.999754,149.03043363509101,151.77625981260204,2.745826177511022,9.937941361797533,0.12971293797943453,9.26358013176899,8.83551365517316e-09,34362.769077604986,1688.529429073181,"[6087038805.154874, -5954302360.882745]","[[8628598020.214445, 209075422.81999847], [209075422.81999847, 16654733576.299097]]","[[[4794998789.173572, -1064763444.6076608], [-1064763444.6076608, 16969076399.48332]], [[5030309810.669076, 1066774529.5297729], [1066774529.5297729, 16938914532.434566]]]",1698601554463.1943,7779804309625.919,2.0,2.1075675249448977e-06,5.018016303046449e-14,False,False,/private/tmp/oneD-v2-taylor-peierls-spatial-pf-runs/oneD_v2_DBTT_spatial_04_persistent_wake_extreme/T1100K_seed1008666/steps_1100K.csv,8b45cdeca4e76bc1ca0adbfacd1985675bb6b82168a75eb01a5b3f81eca2b1a9,/private/tmp/oneD-v2-taylor-peierls-spatial-pf-runs/oneD_v2_DBTT_spatial_04_persistent_wake_extreme/T1100K_seed1008666/anisotropic_emission_audit_v10174.json,5d0c2c9d18059a5318d70c3657329be7011fb89628022ea482d72b59e737d3e2,FULL_ACTIVE_AND_WAKE_SPATIAL_PROFILE_OBSERVER,PF_MODEL_NATIVE_DRIVING_TRAJECTORY_NOT_RESISTANCE
DBTT,PERSISTENT_WAKE_EXTREME,oneD_v2_dbtt_TP_b60d78111740b058,oneD_v2_DBTT_spatial_04_persistent_wake_extreme,1100.0,1008666,300.0,34,1,452,1552.4659349080455,3.6963474640667805e-05,7892130.982979866,23761.61662533428,102.81552266953112,102.81552266953112,102.81552266953112,-0.26317652446189554,30.637241361529178,12222490933.977545,151.77625981260204,161.20661797683053,9.430358164228469,11.262065770499376,0.12105684864295137,9.92624061477628,9.955101633138973e-09,38715.113564822794,1785.8144455727556,"[6279352591.668264, -6162665107.843549]","[[8194739873.844117, 26870617.394380566], [26870617.394380566, 15502192199.800438]]","[[[5435701968.326278, -1108182766.7180905], [-1108182766.7180905, 17994407151.662807]], [[5644845938.6526165, 1096633296.6068301], [1096633296.6068301, 17970176154.339714]]]",13588812435705.559,62238434477007.37,16.0,2.5200006348313764e-07,6.000001927589094e-15,False,False,/private/tmp/oneD-v2-taylor-peierls-spatial-pf-runs/oneD_v2_DBTT_spatial_04_persistent_wake_extreme/T1100K_seed1008666/steps_1100K.csv,8b45cdeca4e76bc1ca0adbfacd1985675bb6b82168a75eb01a5b3f81eca2b1a9,/private/tmp/oneD-v2-taylor-peierls-spatial-pf-runs/oneD_v2_DBTT_spatial_04_persistent_wake_extreme/T1100K_seed1008666/anisotropic_emission_audit_v10174.json,5d0c2c9d18059a5318d70c3657329be7011fb89628022ea482d72b59e737d3e2,FULL_ACTIVE_AND_WAKE_SPATIAL_PROFILE_OBSERVER,PF_MODEL_NATIVE_DRIVING_TRAJECTORY_NOT_RESISTANCE
DBTT,PERSISTENT_WAKE_EXTREME,oneD_v2_dbtt_TP_b60d78111740b058,oneD_v2_DBTT_spatial_04_persistent_wake_extreme,1100.0,1008666,300.0,35,1,455,1552.4659351600455,3.696347464666781e-05,7878645.412684227,24943.18944035993,105.34081834966344,105.34081834966344,105.34081834966344,-0.19975312186718863,33.3189325208241,13292330920.399021,161.20661797683053,163.5039580724554,2.2973400956248753,9.995654076295242,0.12929624366207676,9.293250673751569,8.753431758511662e-09,34043.749909481376,1692.879453578039,"[5449235944.394683, -5589830852.87049]","[[7225494675.447541, 57619595.6144505], [57619595.6144505, 15872694172.038927]]","[[[6036285721.506539, -1689090962.1812022], [-1689090962.1812022, 16934757610.295906]], [[5915037180.698895, 1649195811.4660022], [1649195811.4660022, 17094698886.439877]]]",13588812435705.559,62238434477007.37,16.0,1.051023446052568e-06,2.5024402580502147e-14,False,False,/private/tmp/oneD-v2-taylor-peierls-spatial-pf-runs/oneD_v2_DBTT_spatial_04_persistent_wake_extreme/T1100K_seed1008666/steps_1100K.csv,8b45cdeca4e76bc1ca0adbfacd1985675bb6b82168a75eb01a5b3f81eca2b1a9,/private/tmp/oneD-v2-taylor-peierls-spatial-pf-runs/oneD_v2_DBTT_spatial_04_persistent_wake_extreme/T1100K_seed1008666/anisotropic_emission_audit_v10174.json,5d0c2c9d18059a5318d70c3657329be7011fb89628022ea482d72b59e737d3e2,FULL_ACTIVE_AND_WAKE_SPATIAL_PROFILE_OBSERVER,PF_MODEL_NATIVE_DRIVING_TRAJECTORY_NOT_RESISTANCE
DBTT,PERSISTENT_WAKE_EXTREME,oneD_v2_dbtt_TP_b60d78111740b058,oneD_v2_DBTT_spatial_04_persistent_wake_extreme,1100.0,1008666,300.0,36,1,465,1552.465936211069,3.696347467169221e-05,7872312.450292003,25383.47173574255,106.2664581394012,106.2664581394012,106.2664581394012,-0.13137795382744352,34.95325435045965,13944330998.02367,163.5039580724554,168.10312112722474,4.599163054769354,9.2430898977749,0.13506846018214277,8.894596630560386,8.282313502646915e-09,32211.926960850695,1635.3097798866581,"[4703957895.783959, -4915778214.439743]","[[5555807714.504242, -357082682.28892154], [-357082682.28892154, 14821716210.613178]]","[[[4868614321.988585, -2975176428.398343], [-2975176428.398343, 14276530113.556505]], [[4675369817.687347, 2897720110.6203656], [2897720110.6203656, 14506926246.566833]]]",5095804663389.583,23339412928877.758,6.0,1.115949999075383e-06,2.6570203827923355e-14,False,False,/private/tmp/oneD-v2-taylor-peierls-spatial-pf-runs/oneD_v2_DBTT_spatial_04_persistent_wake_extreme/T1100K_seed1008666/steps_1100K.csv,8b45cdeca4e76bc1ca0adbfacd1985675bb6b82168a75eb01a5b3f81eca2b1a9,/private/tmp/oneD-v2-taylor-peierls-spatial-pf-runs/oneD_v2_DBTT_spatial_04_persistent_wake_extreme/T1100K_seed1008666/anisotropic_emission_audit_v10174.json,5d0c2c9d18059a5318d70c3657329be7011fb89628022ea482d72b59e737d3e2,FULL_ACTIVE_AND_WAKE_SPATIAL_PROFILE_OBSERVER,PF_MODEL_NATIVE_DRIVING_TRAJECTORY_NOT_RESISTANCE
DBTT,PERSISTENT_WAKE_EXTREME,oneD_v2_dbtt_TP_b60d78111740b058,oneD_v2_DBTT_spatial_04_persistent_wake_extreme,1100.0,1008666,300.0,37,1,475,1552.465937327019,3.696347469826241e-05,7906077.06910439,13347.078206815344,77.05730180377797,77.05730180377797,77.05730180377797,-0.0713464141122419,27.059589197438708,10795214221.152172,168.10312112722474,172.98639028131274,4.883269154088001,8.109334177552066,0.14543809753642614,8.26226412780989,7.161133908849818e-09,27851.326704041378,1544.8712491571914,"[5224502747.199347, -5255427955.483902]","[[5598297306.347507, -105356473.13995992], [-105356473.13995992, 13451410534.460123]]","[[[2952293838.0975623, -746873327.7338362], [-746873327.7338362, 13401299332.496256]], [[2867617363.243568, 668003223.294956], [668003223.294956, 13378473274.211374]]]",5095804663389.583,23339412928877.758,6.0,3.360000846441835e-07,8.000002570118792e-15,False,False,/private/tmp/oneD-v2-taylor-peierls-spatial-pf-runs/oneD_v2_DBTT_spatial_04_persistent_wake_extreme/T1100K_seed1008666/steps_1100K.csv,8b45cdeca4e76bc1ca0adbfacd1985675bb6b82168a75eb01a5b3f81eca2b1a9,/private/tmp/oneD-v2-taylor-peierls-spatial-pf-runs/oneD_v2_DBTT_spatial_04_persistent_wake_extreme/T1100K_seed1008666/anisotropic_emission_audit_v10174.json,5d0c2c9d18059a5318d70c3657329be7011fb89628022ea482d72b59e737d3e2,FULL_ACTIVE_AND_WAKE_SPATIAL_PROFILE_OBSERVER,PF_MODEL_NATIVE_DRIVING_TRAJECTORY_NOT_RESISTANCE
DBTT,PERSISTENT_WAKE_EXTREME,oneD_v2_dbtt_TP_b60d78111740b058,oneD_v2_DBTT_spatial_04_persistent_wake_extreme,1100.0,1008666,300.0,38,1,479,1552.465937663019,3.6963474706262416e-05,7903324.612537194,13023.134209123267,76.11643745275863,76.11643745275863,76.11643745275863,-0.057162627713309024,25.83229232088995,10305593606.492256,172.98639028131274,175.28373037693768,2.2973400956249295,8.682224546277364,0.1399112304889422,8.588716806347511,7.471044228834492e-09,29059.874457307676,1591.1550374099465,"[5306836035.78763, -5336753271.383364]","[[5619054388.264918, 45354531.21477904], [45354531.21477904, 12857459765.991978]]","[[[2791876615.5027065, -695906030.4195702], [-695906030.4195702, 13405548687.077967]], [[2709187040.730962, 617900737.9565855], [617900737.9565855, 13382693583.49769]]]",6794406217852.777,31119217238503.68,8.0,7.560001904494129e-07,1.800000578276728e-14,False,False,/private/tmp/oneD-v2-taylor-peierls-spatial-pf-runs/oneD_v2_DBTT_spatial_04_persistent_wake_extreme/T1100K_seed1008666/steps_1100K.csv,8b45cdeca4e76bc1ca0adbfacd1985675bb6b82168a75eb01a5b3f81eca2b1a9,/private/tmp/oneD-v2-taylor-peierls-spatial-pf-runs/oneD_v2_DBTT_spatial_04_persistent_wake_extreme/T1100K_seed1008666/anisotropic_emission_audit_v10174.json,5d0c2c9d18059a5318d70c3657329be7011fb89628022ea482d72b59e737d3e2,FULL_ACTIVE_AND_WAKE_SPATIAL_PROFILE_OBSERVER,PF_MODEL_NATIVE_DRIVING_TRAJECTORY_NOT_RESISTANCE
DBTT,PERSISTENT_WAKE_EXTREME,oneD_v2_dbtt_TP_b60d78111740b058,oneD_v2_DBTT_spatial_04_persistent_wake_extreme,1100.0,1008666,300.0,39,1,488,1552.4659384190193,3.696347472426242e-05,7901650.817442263,12917.099238984112,75.80593232051223,75.80593232051223,75.80593232051223,-0.035786436612321906,25.54678559049178,10191692900.397251,175.28373037693768,178.50972988901748,3.2259995120798024,8.805091242666164,0.1388058441569615,8.657128295304165,7.58495844030236e-09,29497.97209421778,1600.92328212442,"[5095472450.683367, -5123545092.194509]","[[5169013651.086291, -65121041.249521956], [-65121041.249521956, 12130431957.879486]]","[[[2935103868.6465564, -626080463.2194186], [-626080463.2194186, 13126048770.01329]], [[2855961178.8423567, 543723903.3032748], [543723903.3032748, 13103051363.231373]]]",5095804663389.583,23339412928877.758,6.0,2.272751999043976e-06,5.411316739752786e-14,False,False,/private/tmp/oneD-v2-taylor-peierls-spatial-pf-runs/oneD_v2_DBTT_spatial_04_persistent_wake_extreme/T1100K_seed1008666/steps_1100K.csv,8b45cdeca4e76bc1ca0adbfacd1985675bb6b82168a75eb01a5b3f81eca2b1a9,/private/tmp/oneD-v2-taylor-peierls-spatial-pf-runs/oneD_v2_DBTT_spatial_04_persistent_wake_extreme/T1100K_seed1008666/anisotropic_emission_audit_v10174.json,5d0c2c9d18059a5318d70c3657329be7011fb89628022ea482d72b59e737d3e2,FULL_ACTIVE_AND_WAKE_SPATIAL_PROFILE_OBSERVER,PF_MODEL_NATIVE_DRIVING_TRAJECTORY_NOT_RESISTANCE
DBTT,PERSISTENT_WAKE_EXTREME,oneD_v2_dbtt_TP_b60d78111740b058,oneD_v2_DBTT_spatial_04_persistent_wake_extreme,1100.0,1008666,300.0,40,1,498,1552.4659406917713,3.696347477837559e-05,7899636.970027773,12765.63884136306,75.36018779625127,75.36018779625127,75.36018779625127,0.009660994817278303,26.236837562073205,10466983807.53545,178.50972988901748,188.74323545615385,10.233505567136367,8.250133403668372,0.14401924920350379,8.343694211700807,7.196831575896747e-09,27988.061801670097,1556.3612951233492,"[5128600773.8889675, -5151946447.425081]","[[5127300127.26435, -67427408.46784784], [-67427408.46784784, 12746204543.861286]]","[[[3031266938.90169, -593456431.3041803], [-593456431.3041803, 13288468486.679625]], [[2955406345.207135, 506548817.6585175], [506548817.6585175, 13259299240.057299]]]",15287413990168.754,70018238786633.29,18.0,8.978486221167259e-07,2.137735653643183e-14,False,False,/private/tmp/oneD-v2-taylor-peierls-spatial-pf-runs/oneD_v2_DBTT_spatial_04_persistent_wake_extreme/T1100K_seed1008666/steps_1100K.csv,8b45cdeca4e76bc1ca0adbfacd1985675bb6b82168a75eb01a5b3f81eca2b1a9,/private/tmp/oneD-v2-taylor-peierls-spatial-pf-runs/oneD_v2_DBTT_spatial_04_persistent_wake_extreme/T1100K_seed1008666/anisotropic_emission_audit_v10174.json,5d0c2c9d18059a5318d70c3657329be7011fb89628022ea482d72b59e737d3e2,FULL_ACTIVE_AND_WAKE_SPATIAL_PROFILE_OBSERVER,PF_MODEL_NATIVE_DRIVING_TRAJECTORY_NOT_RESISTANCE
DBTT,PERSISTENT_WAKE_EXTREME,oneD_v2_dbtt_TP_b60d78111740b058,oneD_v2_DBTT_spatial_04_persistent_wake_extreme,1100.0,1008666,300.0,41,1,508,1552.46594158962,3.6963474799752945e-05,7890521.555755806,13150.9193591545,76.4889594178029,76.4889594178029,76.4889594178029,0.014859320101451122,27.44743971277326,10949944190.194609,188.74323545615385,192.6721214745897,3.928886018435832,7.7659363308374045,0.1490823963170317,8.059299165047921,6.767322703210484e-09,26319.979102142726,1516.523340303477,"[5165584930.397917, -5329838653.289531]","[[6258392205.266236, -66253328.8616708], [-66253328.8616708, 14060601960.102602]]","[[[3672136477.9067597, -785634719.6787931], [-785634719.6787931, 14003306338.702593]], [[3332290084.6851435, 688690028.6484438], [688690028.6484438, 13991967391.264206]]]",5095804663389.583,23339412928877.758,6.0,3.080497663177084e-06,7.334518599020831e-14,False,False,/private/tmp/oneD-v2-taylor-peierls-spatial-pf-runs/oneD_v2_DBTT_spatial_04_persistent_wake_extreme/T1100K_seed1008666/steps_1100K.csv,8b45cdeca4e76bc1ca0adbfacd1985675bb6b82168a75eb01a5b3f81eca2b1a9,/private/tmp/oneD-v2-taylor-peierls-spatial-pf-runs/oneD_v2_DBTT_spatial_04_persistent_wake_extreme/T1100K_seed1008666/anisotropic_emission_audit_v10174.json,5d0c2c9d18059a5318d70c3657329be7011fb89628022ea482d72b59e737d3e2,FULL_ACTIVE_AND_WAKE_SPATIAL_PROFILE_OBSERVER,PF_MODEL_NATIVE_DRIVING_TRAJECTORY_NOT_RESISTANCE
DBTT,PERSISTENT_WAKE_EXTREME,oneD_v2_dbtt_TP_b60d78111740b058,oneD_v2_DBTT_spatial_04_persistent_wake_extreme,1100.0,1008666,300.0,42,1,518,1552.4659446701176,3.696347487309813e-05,7887443.479640028,13139.57871644958,76.4559723306016,76.4559723306016,76.4559723306016,0.017524091074469922,27.28930155575778,10886856193.216373,192.6721214745897,205.90209166553421,13.229970190944528,7.849427648907648,0.14817118877707428,8.109084901301104,6.813934306410601e-09,26502.83982788156,1523.4586262082064,"[5210905978.414709, -5357532087.100656]","[[6210724469.671231, -100756812.42820947], [-100756812.42820947, 14008769725.9381]]","[[[3237860242.281954, -991268780.0109624], [-991268780.0109624, 13659672199.111374]], [[2921829168.469413, 925546254.0499496], [925546254.0499496, 13636893342.670725]]]",8493007772315.973,38899021548129.6,10.0,8.400002116104588e-08,1.99999386626612e-15,False,False,/private/tmp/oneD-v2-taylor-peierls-spatial-pf-runs/oneD_v2_DBTT_spatial_04_persistent_wake_extreme/T1100K_seed1008666/steps_1100K.csv,8b45cdeca4e76bc1ca0adbfacd1985675bb6b82168a75eb01a5b3f81eca2b1a9,/private/tmp/oneD-v2-taylor-peierls-spatial-pf-runs/oneD_v2_DBTT_spatial_04_persistent_wake_extreme/T1100K_seed1008666/anisotropic_emission_audit_v10174.json,5d0c2c9d18059a5318d70c3657329be7011fb89628022ea482d72b59e737d3e2,FULL_ACTIVE_AND_WAKE_SPATIAL_PROFILE_OBSERVER,PF_MODEL_NATIVE_DRIVING_TRAJECTORY_NOT_RESISTANCE
DBTT,PERSISTENT_WAKE_EXTREME,oneD_v2_dbtt_TP_b60d78111740b058,oneD_v2_DBTT_spatial_04_persistent_wake_extreme,1100.0,1008666,300.0,43,1,519,1552.4659447541176,3.6963474875098125e-05,7877392.6921639955,13247.627524009464,76.76968342679545,76.76968342679545,76.76968342679545,0.012240327964046335,26.969856061335634,10759415879.20764,205.90209166553421,208.1994317611591,2.2973400956249024,8.102559748233888,0.1455074258368465,8.258361530982953,7.064954844448241e-09,27476.576911245666,1544.3164876305693,"[5111527077.949056, -5116721743.408028]","[[5052202125.839432, -27016894.66312836], [-27016894.66312836, 13184278190.351002]]","[[[4174339627.265125, -1255154190.343161], [-1255154190.343161, 14397393783.163235]], [[3877387414.3492804, 699948999.8333188], [699948999.8333188, 14110830901.165337]]]",84930077723159.53,388990215481295.56,100.0,3.360000846441835e-07,8.00000934638237e-15,False,False,/private/tmp/oneD-v2-taylor-peierls-spatial-pf-runs/oneD_v2_DBTT_spatial_04_persistent_wake_extreme/T1100K_seed1008666/steps_1100K.csv,8b45cdeca4e76bc1ca0adbfacd1985675bb6b82168a75eb01a5b3f81eca2b1a9,/private/tmp/oneD-v2-taylor-peierls-spatial-pf-runs/oneD_v2_DBTT_spatial_04_persistent_wake_extreme/T1100K_seed1008666/anisotropic_emission_audit_v10174.json,5d0c2c9d18059a5318d70c3657329be7011fb89628022ea482d72b59e737d3e2,FULL_ACTIVE_AND_WAKE_SPATIAL_PROFILE_OBSERVER,PF_MODEL_NATIVE_DRIVING_TRAJECTORY_NOT_RESISTANCE
DBTT,PERSISTENT_WAKE_EXTREME,oneD_v2_dbtt_TP_b60d78111740b058,oneD_v2_DBTT_spatial_04_persistent_wake_extreme,1100.0,1008666,300.0,44,1,523,1552.4659450901177,3.6963474883098135e-05,7873470.567580126,13394.716071596136,77.19469425926975,77.19469425926975,77.19469425926975,0.008140308361637776,28.609958849120886,11413722225.459435,208.1994317611591,210.49677185678402,2.2973400956249024,7.280151827892097,0.15473961550946486,7.765284317972682,6.105210560453393e-09,23742.730836493232,1475.6075147850986,"[4290733131.768562, -4360718305.01484]","[[4208572943.253144, -32273640.792084936], [-32273640.792084936, 12746981163.405483]]","[[[3550265912.1674404, -1794488743.605956], [-1794488743.605956, 12131732175.704565]], [[3308962469.0818396, 1943724627.6722639], [1943724627.6722639, 12030399079.11152]]]",6794406217852.777,31119217238503.68,8.0,1.5383375284727663e-06,3.6627127654627334e-14,False,False,/private/tmp/oneD-v2-taylor-peierls-spatial-pf-runs/oneD_v2_DBTT_spatial_04_persistent_wake_extreme/T1100K_seed1008666/steps_1100K.csv,8b45cdeca4e76bc1ca0adbfacd1985675bb6b82168a75eb01a5b3f81eca2b1a9,/private/tmp/oneD-v2-taylor-peierls-spatial-pf-runs/oneD_v2_DBTT_spatial_04_persistent_wake_extreme/T1100K_seed1008666/anisotropic_emission_audit_v10174.json,5d0c2c9d18059a5318d70c3657329be7011fb89628022ea482d72b59e737d3e2,FULL_ACTIVE_AND_WAKE_SPATIAL_PROFILE_OBSERVER,PF_MODEL_NATIVE_DRIVING_TRAJECTORY_NOT_RESISTANCE
DBTT,PERSISTENT_WAKE_EXTREME,oneD_v2_dbtt_TP_b60d78111740b058,oneD_v2_DBTT_spatial_04_persistent_wake_extreme,1100.0,1008666,300.0,45,1,533,1552.4659466284552,3.696347491972526e-05,7779465.739088287,22074.279820549113,99.09778949084443,99.09778949084443,99.09778949084443,-0.004117307117911807,32.89110972440811,13121654318.38911,210.49677185678402,217.22836324016038,6.731591383376352,9.077596639169634,0.13644482668491661,8.806978103437388,7.956259651933748e-09,30945.29114155046,1622.395986574347,"[5673234889.63562, -5693123750.423109]","[[8688741282.28101, -25127345.409841735], [-25127345.409841735, 16791143475.729445]]","[[[5482141601.395161, -843391270.0398266], [-843391270.0398266, 16828611380.6664]], [[5420617622.340367, 795595150.1844895], [795595150.1844895, 16806865123.186584]]]",6794406217852.777,31119217238503.68,8.0,4.200001058052294e-07,1.000000321264849e-14,False,False,/private/tmp/oneD-v2-taylor-peierls-spatial-pf-runs/oneD_v2_DBTT_spatial_04_persistent_wake_extreme/T1100K_seed1008666/steps_1100K.csv,8b45cdeca4e76bc1ca0adbfacd1985675bb6b82168a75eb01a5b3f81eca2b1a9,/private/tmp/oneD-v2-taylor-peierls-spatial-pf-runs/oneD_v2_DBTT_spatial_04_persistent_wake_extreme/T1100K_seed1008666/anisotropic_emission_audit_v10174.json,5d0c2c9d18059a5318d70c3657329be7011fb89628022ea482d72b59e737d3e2,FULL_ACTIVE_AND_WAKE_SPATIAL_PROFILE_OBSERVER,PF_MODEL_NATIVE_DRIVING_TRAJECTORY_NOT_RESISTANCE
DBTT,PERSISTENT_WAKE_EXTREME,oneD_v2_dbtt_TP_b60d78111740b058,oneD_v2_DBTT_spatial_04_persistent_wake_extreme,1100.0,1008666,300.0,46,1,538,1552.4659470484553,3.6963474929725265e-05,7771738.148692019,22961.460124599467,101.06957653133452,101.06957653133452,101.06957653133452,-0.015159198328093494,31.388353743348198,12522141420.418175,217.22836324016038,219.5257033357853,2.2973400956249295,10.368210725461946,0.12669964535034653,9.484507710671902,9.149744074667492e-09,35581.41631335794,1720.7117438344349,"[5835868214.407186, -5831404189.844245]","[[8212242490.45143, -61209223.70554612], [-61209223.70554612, 15354899622.0209]]","[[[5716407714.86553, -1277592325.3449175], [-1277592325.3449175, 17388144143.6799]], [[5683025259.640367, 1226813554.1652257], [1226813554.1652257, 17345833639.328857]]]",11890210881242.363,54458630167381.445,14.0,1.6306125871778931e-06,3.882412783189765e-14,False,False,/private/tmp/oneD-v2-taylor-peierls-spatial-pf-runs/oneD_v2_DBTT_spatial_04_persistent_wake_extreme/T1100K_seed1008666/steps_1100K.csv,8b45cdeca4e76bc1ca0adbfacd1985675bb6b82168a75eb01a5b3f81eca2b1a9,/private/tmp/oneD-v2-taylor-peierls-spatial-pf-runs/oneD_v2_DBTT_spatial_04_persistent_wake_extreme/T1100K_seed1008666/anisotropic_emission_audit_v10174.json,5d0c2c9d18059a5318d70c3657329be7011fb89628022ea482d72b59e737d3e2,FULL_ACTIVE_AND_WAKE_SPATIAL_PROFILE_OBSERVER,PF_MODEL_NATIVE_DRIVING_TRAJECTORY_NOT_RESISTANCE
DBTT,PERSISTENT_WAKE_EXTREME,oneD_v2_dbtt_TP_b60d78111740b058,oneD_v2_DBTT_spatial_04_persistent_wake_extreme,1100.0,1008666,300.0,47,1,548,1552.4659486790679,3.696347496854939e-05,7768161.10422008,23401.615720069178,102.03369565528787,102.03369565528787,102.03369565528787,-0.03934565861279696,33.13088381923318,13217310342.559813,219.5257033357853,226.66107911389597,7.13537577811066,9.4846474175084,0.1331322264047013,9.026125857956199,8.366441762362275e-09,32537.834994093348,1653.9915793180307,"[5603876701.976014, -5569838056.476587]","[[7880161660.289965, -48315160.328435615], [-48315160.328435615, 16216430410.310337]]","[[[5516667239.52366, -1328932415.6344981], [-1328932415.6344981, 16724420643.475687]], [[5510109099.953338, 1277784548.904915], [1277784548.904915, 16649785212.906513]]]",6794406217852.777,31119217238503.68,8.0,2.5200006348313764e-07,6.000001927589094e-15,False,False,/private/tmp/oneD-v2-taylor-peierls-spatial-pf-runs/oneD_v2_DBTT_spatial_04_persistent_wake_extreme/T1100K_seed1008666/steps_1100K.csv,8b45cdeca4e76bc1ca0adbfacd1985675bb6b82168a75eb01a5b3f81eca2b1a9,/private/tmp/oneD-v2-taylor-peierls-spatial-pf-runs/oneD_v2_DBTT_spatial_04_persistent_wake_extreme/T1100K_seed1008666/anisotropic_emission_audit_v10174.json,5d0c2c9d18059a5318d70c3657329be7011fb89628022ea482d72b59e737d3e2,FULL_ACTIVE_AND_WAKE_SPATIAL_PROFILE_OBSERVER,PF_MODEL_NATIVE_DRIVING_TRAJECTORY_NOT_RESISTANCE
DBTT,PERSISTENT_WAKE_EXTREME,oneD_v2_dbtt_TP_b60d78111740b058,oneD_v2_DBTT_spatial_04_persistent_wake_extreme,1100.0,1008666,300.0,48,1,551,1552.465948931068,3.6963474974549395e-05,7758609.751482853,24593.17136736771,104.59910374861656,104.59910374861656,104.59910374861656,-0.05594710959565991,33.54145069141884,13381102826.80684,226.66107911389597,228.95841920952083,2.2973400956248753,9.725058942172536,0.1312855628762116,9.153130279771341,8.513097783502883e-09,33109.37633608178,1672.3921522536066,"[5506968909.219633, -5531140311.224511]","[[7385940672.3656225, -58199026.88078985], [-58199026.88078985, 16358933065.467964]]","[[[6151182822.968989, -1677380177.6287334], [-1677380177.6287334, 17165120641.408255]], [[6151242432.605978, 1554868965.1895282], [1554868965.1895282, 17213523055.055]]]",3397203108926.3887,15559608619251.838,4.0,2.6104794415005017e-06,6.215431544009248e-14,False,False,/private/tmp/oneD-v2-taylor-peierls-spatial-pf-runs/oneD_v2_DBTT_spatial_04_persistent_wake_extreme/T1100K_seed1008666/steps_1100K.csv,8b45cdeca4e76bc1ca0adbfacd1985675bb6b82168a75eb01a5b3f81eca2b1a9,/private/tmp/oneD-v2-taylor-peierls-spatial-pf-runs/oneD_v2_DBTT_spatial_04_persistent_wake_extreme/T1100K_seed1008666/anisotropic_emission_audit_v10174.json,5d0c2c9d18059a5318d70c3657329be7011fb89628022ea482d72b59e737d3e2,FULL_ACTIVE_AND_WAKE_SPATIAL_PROFILE_OBSERVER,PF_MODEL_NATIVE_DRIVING_TRAJECTORY_NOT_RESISTANCE
DBTT,PERSISTENT_WAKE_EXTREME,oneD_v2_dbtt_TP_b60d78111740b058,oneD_v2_DBTT_spatial_04_persistent_wake_extreme,1100.0,1008666,300.0,49,1,561,1552.4659515415474,3.696347503670371e-05,7752205.166106219,25405.765748351056,106.31311420404387,106.31311420404387,106.31311420404387,-0.08905693574162106,35.73406004254224,14255827401.373518,228.95841920952083,240.01715839650478,11.058739186983964,8.851338596494447,0.1383965094395864,8.682762608575851,7.698645277877568e-09,29940.844229766015,1604.5860026981313,"[4807011278.252858, -4793558332.978637]","[[5403634697.5451, -144730771.5319684], [-144730771.5319684, 15658204002.869417]]","[[[4946099537.831266, -2874963147.549247], [-2874963147.549247, 14560122094.336983]], [[4991487568.543307, 2758676231.0073485], [2758676231.0073485, 14578604234.500582]]]",5095804663389.583,23339412928877.758,6.0,3.360000846441835e-07,8.000002570118792e-15,False,False,/private/tmp/oneD-v2-taylor-peierls-spatial-pf-runs/oneD_v2_DBTT_spatial_04_persistent_wake_extreme/T1100K_seed1008666/steps_1100K.csv,8b45cdeca4e76bc1ca0adbfacd1985675bb6b82168a75eb01a5b3f81eca2b1a9,/private/tmp/oneD-v2-taylor-peierls-spatial-pf-runs/oneD_v2_DBTT_spatial_04_persistent_wake_extreme/T1100K_seed1008666/anisotropic_emission_audit_v10174.json,5d0c2c9d18059a5318d70c3657329be7011fb89628022ea482d72b59e737d3e2,FULL_ACTIVE_AND_WAKE_SPATIAL_PROFILE_OBSERVER,PF_MODEL_NATIVE_DRIVING_TRAJECTORY_NOT_RESISTANCE
DBTT,PERSISTENT_WAKE_EXTREME,oneD_v2_dbtt_TP_b60d78111740b058,oneD_v2_DBTT_spatial_04_persistent_wake_extreme,1100.0,1008666,300.0,50,1,565,1552.4659518775475,3.696347504470371e-05,7747861.802659574,23749.0374838746,102.7883043569375,102.7883043569375,102.7883043569375,-0.10889514963348387,33.153629079639,13226384388.614437,240.01715839650478,242.31449849212973,2.2973400956249295,9.612254368139268,0.13214241536486002,9.093781023564711,8.369624994259942e-09,32548.326829155078,1663.7819330822012,"[5835901232.947336, -5819459259.722604]","[[8317570758.543013, 56497383.85119395], [56497383.85119395, 16935676398.15491]]","[[[5186812625.1096115, -825719623.361805], [-825719623.361805, 16858615091.004284]], [[5235951863.185774, 891310918.4272192], [891310918.4272192, 16874870382.630983]]]",1698601554463.1943,7779804309625.919,2.0,2.5200006348313764e-07,6.000001927589094e-15,False,False,/private/tmp/oneD-v2-taylor-peierls-spatial-pf-runs/oneD_v2_DBTT_spatial_04_persistent_wake_extreme/T1100K_seed1008666/steps_1100K.csv,8b45cdeca4e76bc1ca0adbfacd1985675bb6b82168a75eb01a5b3f81eca2b1a9,/private/tmp/oneD-v2-taylor-peierls-spatial-pf-runs/oneD_v2_DBTT_spatial_04_persistent_wake_extreme/T1100K_seed1008666/anisotropic_emission_audit_v10174.json,5d0c2c9d18059a5318d70c3657329be7011fb89628022ea482d72b59e737d3e2,FULL_ACTIVE_AND_WAKE_SPATIAL_PROFILE_OBSERVER,PF_MODEL_NATIVE_DRIVING_TRAJECTORY_NOT_RESISTANCE
DBTT,PERSISTENT_WAKE_EXTREME,oneD_v2_dbtt_TP_b60d78111740b058,oneD_v2_DBTT_spatial_04_persistent_wake_extreme,1100.0,1008666,300.0,51,1,568,1552.4659521295475,3.6963475050703715e-05,7745578.536624219,23480.842626348815,102.2062688591091,102.2062688591091,102.2062688591091,-0.12571345238772752,32.63671209434983,13020164347.72494,242.31449849212973,244.61183858775462,2.2973400956249024,9.807137577385953,0.13067247405706697,9.196094697128935,8.686811271620015e-09,33785.48653689552,1678.6311956793938,"[5709616006.072182, -5693098334.641727]","[[8375038640.172368, 55012071.41010361], [55012071.41010361, 16029015012.09677]]","[[[4815857833.6529045, -632168179.641181], [-632168179.641181, 16235089845.797268]], [[4853877386.859543, 695222181.871089], [695222181.871089, 16240074056.143]]]",23780421762484.73,108917260334762.83,28.0,2.9728842037002323e-06,7.078297231113626e-14,False,False,/private/tmp/oneD-v2-taylor-peierls-spatial-pf-runs/oneD_v2_DBTT_spatial_04_persistent_wake_extreme/T1100K_seed1008666/steps_1100K.csv,8b45cdeca4e76bc1ca0adbfacd1985675bb6b82168a75eb01a5b3f81eca2b1a9,/private/tmp/oneD-v2-taylor-peierls-spatial-pf-runs/oneD_v2_DBTT_spatial_04_persistent_wake_extreme/T1100K_seed1008666/anisotropic_emission_audit_v10174.json,5d0c2c9d18059a5318d70c3657329be7011fb89628022ea482d72b59e737d3e2,FULL_ACTIVE_AND_WAKE_SPATIAL_PROFILE_OBSERVER,PF_MODEL_NATIVE_DRIVING_TRAJECTORY_NOT_RESISTANCE
DBTT,PERSISTENT_WAKE_EXTREME,oneD_v2_dbtt_TP_b60d78111740b058,oneD_v2_DBTT_spatial_04_persistent_wake_extreme,1100.0,1008666,300.0,52,1,578,1552.4659551024317,3.696347512148669e-05,7743248.193746248,23192.56100696999,101.57692212161919,101.57692212161919,101.57692212161919,-0.18645912466681105,32.10116221622315,12806510858.076372,244.61183858775462,257.4326195078266,12.820780920071964,10.012639636905954,0.1291743682626872,9.302763542102207,8.806182450975576e-09,34248.74077804474,1694.1577247065525,"[5871522930.368449, -5853357752.2283745]","[[8590455889.263418, 63929506.22985666], [63929506.22985666, 16597844543.328884]]","[[[5039141447.4698305, -774581802.551496], [-774581802.551496, 16782187308.20673]], [[5081687093.689889, 839312530.8763515], [839312530.8763515, 16788402598.146639]]]",10191609326779.168,46678825857755.52,12.0,8.400002116104588e-08,2.000000642529698e-15,False,False,/private/tmp/oneD-v2-taylor-peierls-spatial-pf-runs/oneD_v2_DBTT_spatial_04_persistent_wake_extreme/T1100K_seed1008666/steps_1100K.csv,8b45cdeca4e76bc1ca0adbfacd1985675bb6b82168a75eb01a5b3f81eca2b1a9,/private/tmp/oneD-v2-taylor-peierls-spatial-pf-runs/oneD_v2_DBTT_spatial_04_persistent_wake_extreme/T1100K_seed1008666/anisotropic_emission_audit_v10174.json,5d0c2c9d18059a5318d70c3657329be7011fb89628022ea482d72b59e737d3e2,FULL_ACTIVE_AND_WAKE_SPATIAL_PROFILE_OBSERVER,PF_MODEL_NATIVE_DRIVING_TRAJECTORY_NOT_RESISTANCE
DBTT,PERSISTENT_WAKE_EXTREME,oneD_v2_dbtt_TP_b60d78111740b058,oneD_v2_DBTT_spatial_04_persistent_wake_extreme,1100.0,1008666,300.0,53,1,579,1552.4659551864318,3.696347512348669e-05,7727854.041350939,21457.902768760978,97.70444719079768,97.70444719079768,97.70444719079768,-0.19158036932322733,31.134297996957947,12420787841.60416,257.4326195078266,259.7299596034515,2.2973400956249024,9.848055964636883,0.1303700238828329,9.217438226757878,8.800043361671336e-09,34225.31904121903,1681.7334453399712,"[5797504763.851961, -5808505755.506357]","[[6569168254.325502, 59106455.65301182], [59106455.65301182, 15474126946.886436]]","[[[6092938016.359048, -1003786850.9454995], [-1003786850.9454995, 17687947544.062973]], [[6098526779.832332, 1061837715.8248312], [1061837715.8248312, 17715538290.845047]]]",84930077723159.53,388990215481295.56,100.0,4.200001058052294e-07,1.000000321264849e-14,False,False,/private/tmp/oneD-v2-taylor-peierls-spatial-pf-runs/oneD_v2_DBTT_spatial_04_persistent_wake_extreme/T1100K_seed1008666/steps_1100K.csv,8b45cdeca4e76bc1ca0adbfacd1985675bb6b82168a75eb01a5b3f81eca2b1a9,/private/tmp/oneD-v2-taylor-peierls-spatial-pf-runs/oneD_v2_DBTT_spatial_04_persistent_wake_extreme/T1100K_seed1008666/anisotropic_emission_audit_v10174.json,5d0c2c9d18059a5318d70c3657329be7011fb89628022ea482d72b59e737d3e2,FULL_ACTIVE_AND_WAKE_SPATIAL_PROFILE_OBSERVER,PF_MODEL_NATIVE_DRIVING_TRAJECTORY_NOT_RESISTANCE
DBTT,PERSISTENT_WAKE_EXTREME,oneD_v2_dbtt_TP_b60d78111740b058,oneD_v2_DBTT_spatial_04_persistent_wake_extreme,1100.0,1008666,300.0,54,1,584,1552.4659556064319,3.696347513348669e-05,7721725.310975653,21208.955842859134,97.13602767665428,97.13602767665428,97.13602767665428,-0.17344798384911853,32.84174880929503,13101962162.351194,259.7299596034515,262.02729969907637,2.2973400956249024,8.747986988701093,0.13931631998484717,8.625357968711619,7.654534784907046e-09,29770.30653340979,1596.3901181439262,"[5027865420.163177, -5070179764.01522]","[[5929457101.293912, 67515830.44122557], [67515830.44122557, 15226322146.761778]]","[[[5036271707.83197, -2067952878.17699], [-2067952878.17699, 15092002548.158325]], [[5014432863.961407, 2100540296.91], [2100540296.91, 15154792391.991846]]]",16986015544631.95,77798043096259.2,20.0,3.879869154843618e-06,9.237781980336868e-14,False,False,/private/tmp/oneD-v2-taylor-peierls-spatial-pf-runs/oneD_v2_DBTT_spatial_04_persistent_wake_extreme/T1100K_seed1008666/steps_1100K.csv,8b45cdeca4e76bc1ca0adbfacd1985675bb6b82168a75eb01a5b3f81eca2b1a9,/private/tmp/oneD-v2-taylor-peierls-spatial-pf-runs/oneD_v2_DBTT_spatial_04_persistent_wake_extreme/T1100K_seed1008666/anisotropic_emission_audit_v10174.json,5d0c2c9d18059a5318d70c3657329be7011fb89628022ea482d72b59e737d3e2,FULL_ACTIVE_AND_WAKE_SPATIAL_PROFILE_OBSERVER,PF_MODEL_NATIVE_DRIVING_TRAJECTORY_NOT_RESISTANCE
DBTT,PERSISTENT_WAKE_EXTREME,oneD_v2_dbtt_TP_b60d78111740b058,oneD_v2_DBTT_spatial_04_persistent_wake_extreme,1100.0,1008666,300.0,55,1,594,1552.465959486301,3.696347522586451e-05,7741907.317910686,15085.129283971599,81.9209940682362,81.9209940682362,81.9209940682362,-0.20735437455438188,27.357803842415322,10914184651.668245,262.02729969907637,279.2579249532601,17.23062525418374,8.966603474390237,0.13739185631814874,8.746250877702511,7.733660823882813e-09,30073.099474275863,1613.6816639886197,"[5537177147.664433, -5562946586.218252]","[[5711782408.992977, -34476265.532473855], [-34476265.532473855, 14034091868.48822]]","[[[2927541134.837187, -780788946.2610689], [-780788946.2610689, 14001895430.166054]], [[2866238425.7754936, 736275056.0949843], [736275056.0949843, 13992131598.211998]]]",22081820208021.535,101137456025136.92,26.0,3.413645117689157e-06,8.127728362301162e-14,False,False,/private/tmp/oneD-v2-taylor-peierls-spatial-pf-runs/oneD_v2_DBTT_spatial_04_persistent_wake_extreme/T1100K_seed1008666/steps_1100K.csv,8b45cdeca4e76bc1ca0adbfacd1985675bb6b82168a75eb01a5b3f81eca2b1a9,/private/tmp/oneD-v2-taylor-peierls-spatial-pf-runs/oneD_v2_DBTT_spatial_04_persistent_wake_extreme/T1100K_seed1008666/anisotropic_emission_audit_v10174.json,5d0c2c9d18059a5318d70c3657329be7011fb89628022ea482d72b59e737d3e2,FULL_ACTIVE_AND_WAKE_SPATIAL_PROFILE_OBSERVER,PF_MODEL_NATIVE_DRIVING_TRAJECTORY_NOT_RESISTANCE
DBTT,PERSISTENT_WAKE_EXTREME,oneD_v2_dbtt_TP_b60d78111740b058,oneD_v2_DBTT_spatial_04_persistent_wake_extreme,1100.0,1008666,300.0,56,1,604,1552.4659628999461,3.6963475307141795e-05,7729053.197269774,13990.33510090718,78.8923247570289,78.8923247570289,78.8923247570289,-0.18948796061024686,27.21762420036215,10858261065.601696,279.2579249532601,294.1956478027983,14.93772284953817,8.401736964696193,0.1425370086223933,8.43049040587297,7.154312699008706e-09,27823.76714605025,1568.648466405952,"[5098014540.340722, -5113281942.427663]","[[4866276562.470095, -30000396.098120295], [-30000396.098120295, 13192468889.245056]]","[[[3689168869.5472407, -824664211.8182764], [-824664211.8182764, 13885197950.228685]], [[3641412740.5781326, 768276186.7969065], [768276186.7969065, 13867976625.43346]]]",15287413990168.754,70018238786633.29,18.0,2.5200006348313764e-07,5.999995151325516e-15,False,False,/private/tmp/oneD-v2-taylor-peierls-spatial-pf-runs/oneD_v2_DBTT_spatial_04_persistent_wake_extreme/T1100K_seed1008666/steps_1100K.csv,8b45cdeca4e76bc1ca0adbfacd1985675bb6b82168a75eb01a5b3f81eca2b1a9,/private/tmp/oneD-v2-taylor-peierls-spatial-pf-runs/oneD_v2_DBTT_spatial_04_persistent_wake_extreme/T1100K_seed1008666/anisotropic_emission_audit_v10174.json,5d0c2c9d18059a5318d70c3657329be7011fb89628022ea482d72b59e737d3e2,FULL_ACTIVE_AND_WAKE_SPATIAL_PROFILE_OBSERVER,PF_MODEL_NATIVE_DRIVING_TRAJECTORY_NOT_RESISTANCE
DBTT,PERSISTENT_WAKE_EXTREME,oneD_v2_dbtt_TP_b60d78111740b058,oneD_v2_DBTT_spatial_04_persistent_wake_extreme,1100.0,1008666,300.0,57,1,607,1552.4659631519462,3.696347531314179e-05,7698264.08445381,19886.25933303064,94.05832589565676,94.05832589565676,94.05832589565676,-0.20845156885230118,31.352842803346256,12507974605.034603,294.1956478027983,296.4929878984232,2.2973400956249024,8.99996124482263,0.13710516679025397,8.763105296257638,7.776407075155763e-09,30242.964874299723,1616.305195601962,"[5533893490.260527, -5739798731.540497]","[[7920177904.803295, -167803005.6585355], [-167803005.6585355, 16180574481.606077]]","[[[5092518606.241927, -961877686.4385179], [-961877686.4385179, 16160305586.762981]], [[4656429394.605931, 763515098.7442702], [763515098.7442702, 16136026857.686926]]]",10191609326779.168,46678825857755.52,12.0,9.493919606029522e-07,2.260453787041386e-14,False,False,/private/tmp/oneD-v2-taylor-peierls-spatial-pf-runs/oneD_v2_DBTT_spatial_04_persistent_wake_extreme/T1100K_seed1008666/steps_1100K.csv,8b45cdeca4e76bc1ca0adbfacd1985675bb6b82168a75eb01a5b3f81eca2b1a9,/private/tmp/oneD-v2-taylor-peierls-spatial-pf-runs/oneD_v2_DBTT_spatial_04_persistent_wake_extreme/T1100K_seed1008666/anisotropic_emission_audit_v10174.json,5d0c2c9d18059a5318d70c3657329be7011fb89628022ea482d72b59e737d3e2,FULL_ACTIVE_AND_WAKE_SPATIAL_PROFILE_OBSERVER,PF_MODEL_NATIVE_DRIVING_TRAJECTORY_NOT_RESISTANCE
DBTT,PERSISTENT_WAKE_EXTREME,oneD_v2_dbtt_TP_b60d78111740b058,oneD_v2_DBTT_spatial_04_persistent_wake_extreme,1100.0,1008666,300.0,58,1,617,1552.4659641013382,3.696347533574633e-05,7696172.766634188,19708.98777816499,93.63815660187085,93.63815660187085,93.63815660187085,-0.21145718901766322,31.08951595069737,12402922389.947924,296.4929878984232,300.64693596292,4.153948064496821,9.071472537821911,0.1364965699002866,8.80202133514072,8.089955373516492e-09,31460.72443431506,1621.9162920205642,"[5389613078.511441, -5601210347.860766]","[[7953783165.530473, -158737114.20253432], [-158737114.20253432, 15252804455.275082]]","[[[4704810634.487577, -777907183.3306836], [-777907183.3306836, 15484036791.51046]], [[4278533602.789211, 597618104.4072537], [597618104.4072537, 15480954298.510744]]]",5095804663389.583,23339412928877.758,6.0,,,False,True,/private/tmp/oneD-v2-taylor-peierls-spatial-pf-runs/oneD_v2_DBTT_spatial_04_persistent_wake_extreme/T1100K_seed1008666/steps_1100K.csv,8b45cdeca4e76bc1ca0adbfacd1985675bb6b82168a75eb01a5b3f81eca2b1a9,/private/tmp/oneD-v2-taylor-peierls-spatial-pf-runs/oneD_v2_DBTT_spatial_04_persistent_wake_extreme/T1100K_seed1008666/anisotropic_emission_audit_v10174.json,5d0c2c9d18059a5318d70c3657329be7011fb89628022ea482d72b59e737d3e2,FULL_ACTIVE_AND_WAKE_SPATIAL_PROFILE_OBSERVER,PF_MODEL_NATIVE_DRIVING_TRAJECTORY_NOT_RESISTANCE
DBTT,MOBILE_TRANSPORT_EXTREME,oneD_v2_dbtt_TP_bd5be1610f6e1bce,oneD_v2_DBTT_spatial_05_mobile_transport_extreme,1100.0,1008666,300.0,0,0,175,1372.7937813143865,3.2685566221771174e-05,7120219.134510303,6926.930333438441,55.51254078070884,55.51254078070884,55.51254078070884,-3.7310376329898256,20.09715967163089,8017606708.992135,0.0,2.931106565679095,2.931106565679095,7.629794563201612,0.15060496572239973,7.978773663168239,0.0,25289.799722621636,1505.154371541568,"[3209525449.107209, -3200931454.767711]","[[-206369759.0794414, -9433081.255833156], [-9433081.255833156, 6410626412.011291]]","[[[-43424755.55293277, 57641846.85368719], [57641846.85368719, 6375626142.661487]], [[-40135920.52588477, -69419754.02023481], [-69419754.02023481, 6361726989.009538]]]",677622800031.6852,3103595876346.242,2.0,6.761552722017086,1.6098935052421295e-07,False,False,/private/tmp/oneD-v2-taylor-peierls-spatial-pf-runs/oneD_v2_DBTT_spatial_05_mobile_transport_extreme/T1100K_seed1008666/steps_1100K.csv,53eb704c205bbce2fde69489640d79e1f3c6163383048c13b18cdbaae9bac1fc,/private/tmp/oneD-v2-taylor-peierls-spatial-pf-runs/oneD_v2_DBTT_spatial_05_mobile_transport_extreme/T1100K_seed1008666/anisotropic_emission_audit_v10174.json,279e3384a117c8f31baf853d8226fbd57e23b664b0de21741bc6dc49544636aa,FULL_ACTIVE_AND_WAKE_SPATIAL_PROFILE_OBSERVER,PF_MODEL_NATIVE_DRIVING_TRAJECTORY_NOT_RESISTANCE
DBTT,MOBILE_TRANSPORT_EXTREME,oneD_v2_dbtt_TP_bd5be1610f6e1bce,oneD_v2_DBTT_spatial_05_mobile_transport_extreme,1100.0,1008666,300.0,1,0,192,1379.5553340364036,3.284655557229539e-05,7155119.804456582,7217.597015956317,56.66527625957819,56.66527625957819,56.66527625957819,-3.8856722952626908,20.611415448580257,8222765081.357926,2.931106565679095,7.415929780049919,4.484823214370824,7.5582001191442645,0.1514246076694907,7.935573747263504,0.0,26314.710604019954,1499.1453842315852,"[3550019570.1867523, -3539256611.087727]","[[664078865.8223529, -13223502.222456764], [-13223502.222456764, 7148705473.822971]]","[[[-15315526.38017403, -82118678.46656643], [-82118678.46656643, 7084723613.993331]], [[-11369920.793481259, 63133451.250743575], [63133451.250743575, 7067143301.381973]]]",677622800031.6852,3103595876346.242,2.0,0.1100418950970834,2.6200451213505564e-09,False,False,/private/tmp/oneD-v2-taylor-peierls-spatial-pf-runs/oneD_v2_DBTT_spatial_05_mobile_transport_extreme/T1100K_seed1008666/steps_1100K.csv,53eb704c205bbce2fde69489640d79e1f3c6163383048c13b18cdbaae9bac1fc,/private/tmp/oneD-v2-taylor-peierls-spatial-pf-runs/oneD_v2_DBTT_spatial_05_mobile_transport_extreme/T1100K_seed1008666/anisotropic_emission_audit_v10174.json,279e3384a117c8f31baf853d8226fbd57e23b664b0de21741bc6dc49544636aa,FULL_ACTIVE_AND_WAKE_SPATIAL_PROFILE_OBSERVER,PF_MODEL_NATIVE_DRIVING_TRAJECTORY_NOT_RESISTANCE
DBTT,MOBILE_TRANSPORT_EXTREME,oneD_v2_dbtt_TP_bd5be1610f6e1bce,oneD_v2_DBTT_spatial_05_mobile_transport_extreme,1100.0,1008666,300.0,2,0,205,1379.6653759315006,3.284917561741674e-05,7155090.597280881,7668.891091379981,58.4099696316625,58.4099696316625,58.4099696316625,-3.8397927854760847,20.778768970546523,8289529477.044358,7.415929780049919,10.475434902500647,3.059505122450728,7.901950996616129,0.14760644937897774,8.140893837868276,0.0,26148.16725181206,1527.807275759262,"[3912357456.597573, -3902513287.5823436]","[[1555570382.0112996, -18057906.01797318], [-18057906.01797318, 7939419533.102075]]","[[[525943755.99704266, -131118566.64213379], [-131118566.64213379, 8350658669.192188]], [[524029099.54384726, 98915977.01930158], [98915977.01930158, 8329055674.708535]]]",2032868400095.0554,9310787629038.727,6.0,0.0019253833786478936,4.584246140516574e-11,False,False,/private/tmp/oneD-v2-taylor-peierls-spatial-pf-runs/oneD_v2_DBTT_spatial_05_mobile_transport_extreme/T1100K_seed1008666/steps_1100K.csv,53eb704c205bbce2fde69489640d79e1f3c6163383048c13b18cdbaae9bac1fc,/private/tmp/oneD-v2-taylor-peierls-spatial-pf-runs/oneD_v2_DBTT_spatial_05_mobile_transport_extreme/T1100K_seed1008666/anisotropic_emission_audit_v10174.json,279e3384a117c8f31baf853d8226fbd57e23b664b0de21741bc6dc49544636aa,FULL_ACTIVE_AND_WAKE_SPATIAL_PROFILE_OBSERVER,PF_MODEL_NATIVE_DRIVING_TRAJECTORY_NOT_RESISTANCE
DBTT,MOBILE_TRANSPORT_EXTREME,oneD_v2_dbtt_TP_bd5be1610f6e1bce,oneD_v2_DBTT_spatial_05_mobile_transport_extreme,1100.0,1008666,300.0,3,0,218,1379.6673013148793,3.284922145987814e-05,7154466.82405096,8029.358484825034,59.76695354168135,59.76695354168135,59.76695354168135,-3.6597776989073307,21.62857750689394,8628554032.439402,10.475434902500647,17.738586165025698,7.263151262525049,7.636007115781183,0.15053446788724073,7.982508435998913,0.0,25164.351169603684,1505.6748090236156,"[4037433505.707687, -4024772924.4601655]","[[2107591079.5346615, -21418626.21933704], [-21418626.21933704, 8679153667.458847]]","[[[854408226.9543432, -183220315.2807061], [-183220315.2807061, 8929275238.369717]], [[850568226.1343528, 146164901.20950076], [146164901.20950076, 8900114075.054684]]]",2710491200126.7407,12414383505384.969,8.0,2.3921711544971913e-06,5.695646048981678e-14,False,False,/private/tmp/oneD-v2-taylor-peierls-spatial-pf-runs/oneD_v2_DBTT_spatial_05_mobile_transport_extreme/T1100K_seed1008666/steps_1100K.csv,53eb704c205bbce2fde69489640d79e1f3c6163383048c13b18cdbaae9bac1fc,/private/tmp/oneD-v2-taylor-peierls-spatial-pf-runs/oneD_v2_DBTT_spatial_05_mobile_transport_extreme/T1100K_seed1008666/anisotropic_emission_audit_v10174.json,279e3384a117c8f31baf853d8226fbd57e23b664b0de21741bc6dc49544636aa,FULL_ACTIVE_AND_WAKE_SPATIAL_PROFILE_OBSERVER,PF_MODEL_NATIVE_DRIVING_TRAJECTORY_NOT_RESISTANCE
DBTT,MOBILE_TRANSPORT_EXTREME,oneD_v2_dbtt_TP_bd5be1610f6e1bce,oneD_v2_DBTT_spatial_05_mobile_transport_extreme,1100.0,1008666,300.0,4,0,228,1379.6673037070505,3.28492215168346e-05,7149847.387676536,9810.651728347677,66.06472396378886,66.06472396378886,66.06472396378886,-3.0300689278553907,25.916932693098786,10339360229.595274,17.738586165025698,28.2064547972602,10.467868632234504,6.497885401737621,0.16537937471933606,7.26486835193189,1.370506197605326e-08,21269.521470310145,1407.6098640740981,"[3712268665.988576, -3594305590.207398]","[[2734623436.66685, -230050768.7289127], [-230050768.7289127, 10261333125.609724]]","[[[2419490476.0784745, -1727594802.9099898], [-1727594802.9099898, 9844027808.055628]], [[2425433537.1102667, 1622963001.576482], [1622963001.576482, 9614044717.525063]]]",4065736800190.112,18621575258077.453,12.0,1.108996912080329e-06,2.6404727471347755e-14,False,False,/private/tmp/oneD-v2-taylor-peierls-spatial-pf-runs/oneD_v2_DBTT_spatial_05_mobile_transport_extreme/T1100K_seed1008666/steps_1100K.csv,53eb704c205bbce2fde69489640d79e1f3c6163383048c13b18cdbaae9bac1fc,/private/tmp/oneD-v2-taylor-peierls-spatial-pf-runs/oneD_v2_DBTT_spatial_05_mobile_transport_extreme/T1100K_seed1008666/anisotropic_emission_audit_v10174.json,279e3384a117c8f31baf853d8226fbd57e23b664b0de21741bc6dc49544636aa,FULL_ACTIVE_AND_WAKE_SPATIAL_PROFILE_OBSERVER,PF_MODEL_NATIVE_DRIVING_TRAJECTORY_NOT_RESISTANCE
DBTT,MOBILE_TRANSPORT_EXTREME,oneD_v2_dbtt_TP_bd5be1610f6e1bce,oneD_v2_DBTT_spatial_05_mobile_transport_extreme,1100.0,1008666,300.0,5,0,238,1379.6673048160474,3.284922154323933e-05,7140955.433024253,10603.700647363115,68.68302660702054,68.68302660702054,68.68302660702054,-3.375172724595516,25.7090891772398,10256442663.411839,28.2064547972602,33.059301215423474,4.852846418163278,7.137160576419886,0.15653145795447304,7.6766063264104325,1.5482100937226225e-08,24027.73818466135,1463.3762639598663,"[4594865263.407157, -4575443558.894292]","[[5102602065.452325, 8019376.178322072], [8019376.178322072, 12041076539.071243]]","[[[2778929350.023959, -593221726.0628397], [-593221726.0628397, 11968659876.838272]], [[2813388999.148055, 607040965.3632694], [607040965.3632694, 11964276116.93664]]]",2032868400095.0554,9310787629038.727,6.0,8.400002116104588e-08,2.000000642529698e-15,False,False,/private/tmp/oneD-v2-taylor-peierls-spatial-pf-runs/oneD_v2_DBTT_spatial_05_mobile_transport_extreme/T1100K_seed1008666/steps_1100K.csv,53eb704c205bbce2fde69489640d79e1f3c6163383048c13b18cdbaae9bac1fc,/private/tmp/oneD-v2-taylor-peierls-spatial-pf-runs/oneD_v2_DBTT_spatial_05_mobile_transport_extreme/T1100K_seed1008666/anisotropic_emission_audit_v10174.json,279e3384a117c8f31baf853d8226fbd57e23b664b0de21741bc6dc49544636aa,FULL_ACTIVE_AND_WAKE_SPATIAL_PROFILE_OBSERVER,PF_MODEL_NATIVE_DRIVING_TRAJECTORY_NOT_RESISTANCE
DBTT,MOBILE_TRANSPORT_EXTREME,oneD_v2_dbtt_TP_bd5be1610f6e1bce,oneD_v2_DBTT_spatial_05_mobile_transport_extreme,1100.0,1008666,300.0,6,0,239,1379.6673049000474,3.284922154523933e-05,7138449.719290102,10688.84855702935,68.95823820158054,68.95823820158054,68.95823820158054,-3.475939281997288,25.270641467714412,10081527334.336996,33.059301215423474,35.35664131104838,2.2973400956249024,7.44628719105074,0.15273307657837285,7.8675558017752545,1.6068042898515675e-08,24935.320314861277,1489.7101970576293,"[4710189129.363281, -4685548891.735025]","[[5393811689.295256, 5422333.5853162855], [5422333.5853162855, 11912104310.36929]]","[[[2733517549.858596, -525657698.06343806], [-525657698.06343806, 12153895808.58516]], [[2772574200.3363643, 531158394.88983047], [531158394.88983047, 12143671983.806416]]]",33881140001584.297,155179793817312.4,100.0,1.198895915877074e-06,2.854514584774148e-14,False,False,/private/tmp/oneD-v2-taylor-peierls-spatial-pf-runs/oneD_v2_DBTT_spatial_05_mobile_transport_extreme/T1100K_seed1008666/steps_1100K.csv,53eb704c205bbce2fde69489640d79e1f3c6163383048c13b18cdbaae9bac1fc,/private/tmp/oneD-v2-taylor-peierls-spatial-pf-runs/oneD_v2_DBTT_spatial_05_mobile_transport_extreme/T1100K_seed1008666/anisotropic_emission_audit_v10174.json,279e3384a117c8f31baf853d8226fbd57e23b664b0de21741bc6dc49544636aa,FULL_ACTIVE_AND_WAKE_SPATIAL_PROFILE_OBSERVER,PF_MODEL_NATIVE_DRIVING_TRAJECTORY_NOT_RESISTANCE
DBTT,MOBILE_TRANSPORT_EXTREME,oneD_v2_dbtt_TP_bd5be1610f6e1bce,oneD_v2_DBTT_spatial_05_mobile_transport_extreme,1100.0,1008666,300.0,7,0,249,1379.6673060989433,3.284922157378448e-05,7136883.754173837,10753.958455592212,69.16794494608837,69.16794494608837,69.16794494608837,-3.6066836576673964,25.176960601163923,10044154075.80536,35.35664131104838,40.602872086987624,5.246230775939242,7.547500395703165,0.15154825548256107,7.929091120306982,1.7017782740978146e-08,26408.68566364689,1498.2455420079755,"[4548579760.078224, -4530531699.024489]","[[4889963163.879586, 5945578.809476831], [5945578.809476831, 11161903450.911634]]","[[[2900124008.7500143, -454592153.9077041], [-454592153.9077041, 11997283528.906464]], [[2940211334.6906104, 451881138.2604105], [451881138.2604105, 12001274732.73959]]]",2032868400095.0554,9310787629038.727,6.0,1.1270390132267494e-06,2.6834274819559356e-14,False,False,/private/tmp/oneD-v2-taylor-peierls-spatial-pf-runs/oneD_v2_DBTT_spatial_05_mobile_transport_extreme/T1100K_seed1008666/steps_1100K.csv,53eb704c205bbce2fde69489640d79e1f3c6163383048c13b18cdbaae9bac1fc,/private/tmp/oneD-v2-taylor-peierls-spatial-pf-runs/oneD_v2_DBTT_spatial_05_mobile_transport_extreme/T1100K_seed1008666/anisotropic_emission_audit_v10174.json,279e3384a117c8f31baf853d8226fbd57e23b664b0de21741bc6dc49544636aa,FULL_ACTIVE_AND_WAKE_SPATIAL_PROFILE_OBSERVER,PF_MODEL_NATIVE_DRIVING_TRAJECTORY_NOT_RESISTANCE
DBTT,MOBILE_TRANSPORT_EXTREME,oneD_v2_dbtt_TP_bd5be1610f6e1bce,oneD_v2_DBTT_spatial_05_mobile_transport_extreme,1100.0,1008666,300.0,8,0,259,1379.6673072259823,3.284922160061875e-05,7132616.876154937,10906.913077960318,69.6580995059696,69.6580995059696,69.6580995059696,-3.3288905330919296,25.620432210302656,10221073650.84846,40.602872086987624,45.534666691946185,4.931794604958564,7.392142646354001,0.15337842258149775,7.834471192450664,1.613852873804087e-08,25045.89911170773,1485.1267275630782,"[4652301718.092295, -4656356576.752579]","[[4660264927.429831, 12898960.273130542], [12898960.273130542, 11930410375.635984]]","[[[2976133214.1767335, -1060362160.4564387], [-1060362160.4564387, 12280736650.361324]], [[2990137220.5166326, 1073541803.7796453], [1073541803.7796453, 12302850374.021791]]]",2032868400095.0554,9310787629038.727,6.0,8.400002116104588e-08,2.000000642529698e-15,False,False,/private/tmp/oneD-v2-taylor-peierls-spatial-pf-runs/oneD_v2_DBTT_spatial_05_mobile_transport_extreme/T1100K_seed1008666/steps_1100K.csv,53eb704c205bbce2fde69489640d79e1f3c6163383048c13b18cdbaae9bac1fc,/private/tmp/oneD-v2-taylor-peierls-spatial-pf-runs/oneD_v2_DBTT_spatial_05_mobile_transport_extreme/T1100K_seed1008666/anisotropic_emission_audit_v10174.json,279e3384a117c8f31baf853d8226fbd57e23b664b0de21741bc6dc49544636aa,FULL_ACTIVE_AND_WAKE_SPATIAL_PROFILE_OBSERVER,PF_MODEL_NATIVE_DRIVING_TRAJECTORY_NOT_RESISTANCE
DBTT,MOBILE_TRANSPORT_EXTREME,oneD_v2_dbtt_TP_bd5be1610f6e1bce,oneD_v2_DBTT_spatial_05_mobile_transport_extreme,1100.0,1008666,300.0,9,0,260,1379.6673073099823,3.284922160261875e-05,7129735.051299022,10936.77132110044,69.75338068061633,69.75338068061633,69.75338068061633,-3.3153565857374736,25.42190918782348,10141874423.548433,45.534666691946185,47.83200678757109,2.2973400956249024,7.52859952740012,0.1517674192253816,7.917649404471084,1.6273816074517073e-08,25255.77708185485,1496.6548364556045,"[4519731917.113687, -4510086499.79906]","[[4341622232.876995, -394434.8762915179], [-394434.8762915179, 11444269744.661676]]","[[[3490274298.6958537, -580672208.1589538], [-580672208.1589538, 12529738132.923227]], [[3472680276.181109, 639056121.8081157], [639056121.8081157, 12492853275.77923]]]",33881140001584.297,155179793817312.4,100.0,1.6800004232209176e-07,4.000001285059396e-15,False,False,/private/tmp/oneD-v2-taylor-peierls-spatial-pf-runs/oneD_v2_DBTT_spatial_05_mobile_transport_extreme/T1100K_seed1008666/steps_1100K.csv,53eb704c205bbce2fde69489640d79e1f3c6163383048c13b18cdbaae9bac1fc,/private/tmp/oneD-v2-taylor-peierls-spatial-pf-runs/oneD_v2_DBTT_spatial_05_mobile_transport_extreme/T1100K_seed1008666/anisotropic_emission_audit_v10174.json,279e3384a117c8f31baf853d8226fbd57e23b664b0de21741bc6dc49544636aa,FULL_ACTIVE_AND_WAKE_SPATIAL_PROFILE_OBSERVER,PF_MODEL_NATIVE_DRIVING_TRAJECTORY_NOT_RESISTANCE
DBTT,MOBILE_TRANSPORT_EXTREME,oneD_v2_dbtt_TP_bd5be1610f6e1bce,oneD_v2_DBTT_spatial_05_mobile_transport_extreme,1100.0,1008666,300.0,10,0,262,1379.6673074779824,3.2849221606618754e-05,7126163.349709777,11064.34538861914,70.15902702167321,70.15902702167321,70.15902702167321,-2.5632245640594715,28.330950896513404,11302414156.59607,47.83200678757109,50.12934688319599,2.2973400956249024,6.132602451860651,0.17116152484285516,7.020280191188493,1.2753503144151516e-08,19791.652703032312,1374.9277184816588,"[3957421712.038229, -3973268136.6615095]","[[3923614784.5802736, -18088928.033565976], [-18088928.033565976, 12660695896.758793]]","[[[2949311874.7330394, -1543818237.542672], [-1543818237.542672, 10864155298.809498]], [[2966990122.5044208, 1617947767.033], [1617947767.033, 10913526395.82744]]]",2032868400095.0554,9310787629038.727,6.0,171.31619265600216,4.0789569679999644e-06,True,False,/private/tmp/oneD-v2-taylor-peierls-spatial-pf-runs/oneD_v2_DBTT_spatial_05_mobile_transport_extreme/T1100K_seed1008666/steps_1100K.csv,53eb704c205bbce2fde69489640d79e1f3c6163383048c13b18cdbaae9bac1fc,/private/tmp/oneD-v2-taylor-peierls-spatial-pf-runs/oneD_v2_DBTT_spatial_05_mobile_transport_extreme/T1100K_seed1008666/anisotropic_emission_audit_v10174.json,279e3384a117c8f31baf853d8226fbd57e23b664b0de21741bc6dc49544636aa,FULL_ACTIVE_AND_WAKE_SPATIAL_PROFILE_OBSERVER,PF_MODEL_NATIVE_DRIVING_TRAJECTORY_NOT_RESISTANCE
DBTT,MOBILE_TRANSPORT_EXTREME,oneD_v2_dbtt_TP_bd5be1610f6e1bce,oneD_v2_DBTT_spatial_05_mobile_transport_extreme,1100.0,1008666,300.0,11,1,295,1550.9835001339845,3.692817857461872e-05,8067708.762923222,5434.259037422279,49.16894200842873,49.16894200842873,49.16894200842873,-2.0679000136480865,21.416514480041577,8543953124.91809,50.12934688319599,52.42668697882088,2.2973400956248953,5.27089232669589,0.18763023137201001,6.4033484921182415,0.0,16230.88504401328,1295.4357167727433,"[4044025237.744025, -3937524745.0913925]","[[4571683508.076573, 93709697.46161737], [93709697.46161737, 10621682210.830717]]","[[[2446225622.7529917, -481445441.6034665], [-481445441.6034665, 10534276098.241043]], [[2677165812.2051287, 595636340.2612008], [595636340.2612008, 10552215302.387915]]]",33203517201552.61,152076197940966.16,98.0,0.34159500651958297,8.133214440940331e-09,False,False,/private/tmp/oneD-v2-taylor-peierls-spatial-pf-runs/oneD_v2_DBTT_spatial_05_mobile_transport_extreme/T1100K_seed1008666/steps_1100K.csv,53eb704c205bbce2fde69489640d79e1f3c6163383048c13b18cdbaae9bac1fc,/private/tmp/oneD-v2-taylor-peierls-spatial-pf-runs/oneD_v2_DBTT_spatial_05_mobile_transport_extreme/T1100K_seed1008666/anisotropic_emission_audit_v10174.json,279e3384a117c8f31baf853d8226fbd57e23b664b0de21741bc6dc49544636aa,FULL_ACTIVE_AND_WAKE_SPATIAL_PROFILE_OBSERVER,PF_MODEL_NATIVE_DRIVING_TRAJECTORY_NOT_RESISTANCE
DBTT,MOBILE_TRANSPORT_EXTREME,oneD_v2_dbtt_TP_bd5be1610f6e1bce,oneD_v2_DBTT_spatial_05_mobile_transport_extreme,1100.0,1008666,300.0,12,1,315,1551.3250951405041,3.693631178905966e-05,8068643.593637196,5529.3034780749895,49.5970572088609,49.5970572088609,49.5970572088609,-2.1206228625220747,21.059172236453513,8401394195.377304,52.42668697882088,56.677418122201125,4.250731143380243,5.546630360747201,0.18185361466959282,6.606801351846909,0.0,17178.426352326453,1321.2350025644294,"[3982110006.3897467, -3875361308.703129]","[[4559064882.500853, 87024047.36286439], [87024047.36286439, 10081345625.487782]]","[[[2199183143.077898, -397155459.4506985], [-397155459.4506985, 10163403155.857391]], [[2419708290.948442, 500516956.01931685], [500516956.01931685, 10170430908.3547]]]",1355245600063.3704,6207191752692.484,4.0,1.174040481543443,2.7953344798650997e-08,False,False,/private/tmp/oneD-v2-taylor-peierls-spatial-pf-runs/oneD_v2_DBTT_spatial_05_mobile_transport_extreme/T1100K_seed1008666/steps_1100K.csv,53eb704c205bbce2fde69489640d79e1f3c6163383048c13b18cdbaae9bac1fc,/private/tmp/oneD-v2-taylor-peierls-spatial-pf-runs/oneD_v2_DBTT_spatial_05_mobile_transport_extreme/T1100K_seed1008666/anisotropic_emission_audit_v10174.json,279e3384a117c8f31baf853d8226fbd57e23b664b0de21741bc6dc49544636aa,FULL_ACTIVE_AND_WAKE_SPATIAL_PROFILE_OBSERVER,PF_MODEL_NATIVE_DRIVING_TRAJECTORY_NOT_RESISTANCE
DBTT,MOBILE_TRANSPORT_EXTREME,oneD_v2_dbtt_TP_bd5be1610f6e1bce,oneD_v2_DBTT_spatial_05_mobile_transport_extreme,1100.0,1008666,300.0,13,1,335,1552.4991356220476,3.696426513385831e-05,8072874.519731961,5739.786095320253,50.53223989660886,50.53223989660886,50.53223989660886,-2.0427044896688726,21.132146402448296,8430506675.569654,56.677418122201125,64.60637726595918,7.9289591437580516,5.718075388327583,0.1785200226255711,6.730219176561975,0.0,17781.94466511988,1337.1056327480103,"[4151789934.923475, -4040965760.3414683]","[[4142741285.56942, 85733466.77046901], [85733466.77046901, 10246777922.735132]]","[[[2398341319.110205, -697086628.9855791], [-697086628.9855791, 10701921188.957155]], [[2476726750.178097, 800028273.6813711], [800028273.6813711, 10558658270.861034]]]",4743359600221.797,21725171134423.695,14.0,0.00019163424121870776,4.562720027376319e-12,False,False,/private/tmp/oneD-v2-taylor-peierls-spatial-pf-runs/oneD_v2_DBTT_spatial_05_mobile_transport_extreme/T1100K_seed1008666/steps_1100K.csv,53eb704c205bbce2fde69489640d79e1f3c6163383048c13b18cdbaae9bac1fc,/private/tmp/oneD-v2-taylor-peierls-spatial-pf-runs/oneD_v2_DBTT_spatial_05_mobile_transport_extreme/T1100K_seed1008666/anisotropic_emission_audit_v10174.json,279e3384a117c8f31baf853d8226fbd57e23b664b0de21741bc6dc49544636aa,FULL_ACTIVE_AND_WAKE_SPATIAL_PROFILE_OBSERVER,PF_MODEL_NATIVE_DRIVING_TRAJECTORY_NOT_RESISTANCE
DBTT,MOBILE_TRANSPORT_EXTREME,oneD_v2_dbtt_TP_bd5be1610f6e1bce,oneD_v2_DBTT_spatial_05_mobile_transport_extreme,1100.0,1008666,300.0,14,1,336,1552.4993272562888,3.696426969657834e-05,8068769.1160824,6167.491221273199,52.381142331606206,52.381142331606206,52.381142331606206,-1.6961208599079673,22.740594687930127,9072184702.48755,64.60637726595918,73.04590364404542,8.439526378086239,5.30574404393672,0.18686959288176513,6.428746512704298,0.0,16191.736344900855,1298.7149589468088,"[3636901723.3598084, -3783116706.667939]","[[4183973223.4699764, -30289176.308967404], [-30289176.308967404, 10502516378.584808]]","[[[2106857342.5957701, -1234469832.6032765], [-1234469832.6032765, 9380660789.315388]], [[2853152220.0567737, 1157382981.1850245], [1157382981.1850245, 10419385633.392653]]]",58275560802725.05,266909245365777.4,172.0,2.5200006348313764e-07,6.000001927589094e-15,False,False,/private/tmp/oneD-v2-taylor-peierls-spatial-pf-runs/oneD_v2_DBTT_spatial_05_mobile_transport_extreme/T1100K_seed1008666/steps_1100K.csv,53eb704c205bbce2fde69489640d79e1f3c6163383048c13b18cdbaae9bac1fc,/private/tmp/oneD-v2-taylor-peierls-spatial-pf-runs/oneD_v2_DBTT_spatial_05_mobile_transport_extreme/T1100K_seed1008666/anisotropic_emission_audit_v10174.json,279e3384a117c8f31baf853d8226fbd57e23b664b0de21741bc6dc49544636aa,FULL_ACTIVE_AND_WAKE_SPATIAL_PROFILE_OBSERVER,PF_MODEL_NATIVE_DRIVING_TRAJECTORY_NOT_RESISTANCE
DBTT,MOBILE_TRANSPORT_EXTREME,oneD_v2_dbtt_TP_bd5be1610f6e1bce,oneD_v2_DBTT_spatial_05_mobile_transport_extreme,1100.0,1008666,300.0,15,1,339,1552.4993275082888,3.696426970257834e-05,7997725.653973138,13547.874059570522,77.63477000339995,77.63477000339995,77.63477000339995,-2.6215127063298707,27.699936842537568,11050675970.937597,73.04590364404542,75.34297779768553,2.297074153640119,7.855159063782252,0.14810924843816678,8.111864204238728,1.6573039829766182e-08,25720.02877192558,1523.933689775832,"[4936278413.382756, -4756420827.651132]","[[6103763055.409522, 371965879.5532733], [371965879.5532733, 13209558941.530533]]","[[[3378256474.283527, -465141640.87260264], [-465141640.87260264, 13250813301.04904]], [[3863467184.8136787, 846786884.818984], [846786884.818984, 13376308840.115942]]]",1355245600063.3704,6207191752692.484,4.0,5.040001269662753e-07,1.2000003855178187e-14,False,False,/private/tmp/oneD-v2-taylor-peierls-spatial-pf-runs/oneD_v2_DBTT_spatial_05_mobile_transport_extreme/T1100K_seed1008666/steps_1100K.csv,53eb704c205bbce2fde69489640d79e1f3c6163383048c13b18cdbaae9bac1fc,/private/tmp/oneD-v2-taylor-peierls-spatial-pf-runs/oneD_v2_DBTT_spatial_05_mobile_transport_extreme/T1100K_seed1008666/anisotropic_emission_audit_v10174.json,279e3384a117c8f31baf853d8226fbd57e23b664b0de21741bc6dc49544636aa,FULL_ACTIVE_AND_WAKE_SPATIAL_PROFILE_OBSERVER,PF_MODEL_NATIVE_DRIVING_TRAJECTORY_NOT_RESISTANCE
DBTT,MOBILE_TRANSPORT_EXTREME,oneD_v2_dbtt_TP_bd5be1610f6e1bce,oneD_v2_DBTT_spatial_05_mobile_transport_extreme,1100.0,1008666,300.0,16,1,345,1552.499328012289,3.696426971457834e-05,7996300.857729682,13776.096770324539,78.28594308282598,78.28594308282598,78.28594308282598,-2.727448021312005,27.280361838373725,10883289761.977034,75.34297779768553,77.64005195132565,2.2970741536401054,8.23507052331308,0.14416905882725337,8.333741906916954,1.7729689717553543e-08,27514.241815198842,1555.1357107541278,"[4853665866.323801, -4685062283.213477]","[[6182904678.157702, 287545170.91251475], [287545170.91251475, 12400427812.688683]]","[[[3105134109.9382915, -349707344.02012223], [-349707344.02012223, 12812465842.585894]], [[3511234272.604062, 700023878.4092354], [700023878.4092354, 12881358839.031017]]]",5420982400253.482,24828767010769.938,16.0,3.360000846441835e-07,8.000002570118792e-15,False,False,/private/tmp/oneD-v2-taylor-peierls-spatial-pf-runs/oneD_v2_DBTT_spatial_05_mobile_transport_extreme/T1100K_seed1008666/steps_1100K.csv,53eb704c205bbce2fde69489640d79e1f3c6163383048c13b18cdbaae9bac1fc,/private/tmp/oneD-v2-taylor-peierls-spatial-pf-runs/oneD_v2_DBTT_spatial_05_mobile_transport_extreme/T1100K_seed1008666/anisotropic_emission_audit_v10174.json,279e3384a117c8f31baf853d8226fbd57e23b664b0de21741bc6dc49544636aa,FULL_ACTIVE_AND_WAKE_SPATIAL_PROFILE_OBSERVER,PF_MODEL_NATIVE_DRIVING_TRAJECTORY_NOT_RESISTANCE
DBTT,MOBILE_TRANSPORT_EXTREME,oneD_v2_dbtt_TP_bd5be1610f6e1bce,oneD_v2_DBTT_spatial_05_mobile_transport_extreme,1100.0,1008666,300.0,17,1,349,1552.499328348289,3.6964269722578345e-05,7994850.796588105,13988.598522997065,78.88742827245017,78.88742827245017,78.88742827245017,-2.6877965796801,27.291057167846915,10887556581.106712,77.64005195132565,79.93712610496574,2.2970741536401054,8.35554684246936,0.14298375694468524,8.403448487259757,1.7981847150632987e-08,27906.353812055215,1564.9140532403655,"[4987783421.494363, -4860203643.483826]","[[6265445895.480012, 401629269.6525453], [401629269.6525453, 12903127952.274796]]","[[[3278687919.19785, -479258492.3940449], [-479258492.3940449, 13254254762.186575]], [[3465594232.158151, 904269035.3378215], [904269035.3378215, 13186001519.125805]]]",5420982400253.482,24828767010769.938,16.0,3.360000846441835e-07,7.999995793855214e-15,False,False,/private/tmp/oneD-v2-taylor-peierls-spatial-pf-runs/oneD_v2_DBTT_spatial_05_mobile_transport_extreme/T1100K_seed1008666/steps_1100K.csv,53eb704c205bbce2fde69489640d79e1f3c6163383048c13b18cdbaae9bac1fc,/private/tmp/oneD-v2-taylor-peierls-spatial-pf-runs/oneD_v2_DBTT_spatial_05_mobile_transport_extreme/T1100K_seed1008666/anisotropic_emission_audit_v10174.json,279e3384a117c8f31baf853d8226fbd57e23b664b0de21741bc6dc49544636aa,FULL_ACTIVE_AND_WAKE_SPATIAL_PROFILE_OBSERVER,PF_MODEL_NATIVE_DRIVING_TRAJECTORY_NOT_RESISTANCE
DBTT,MOBILE_TRANSPORT_EXTREME,oneD_v2_dbtt_TP_bd5be1610f6e1bce,oneD_v2_DBTT_spatial_05_mobile_transport_extreme,1100.0,1008666,300.0,18,1,353,1552.4993286842891,3.696426973057834e-05,7993082.040624653,14213.20397517792,79.51822728066796,79.51822728066796,79.51822728066796,-2.834960390899806,26.39812846485972,10531329568.101109,79.93712610496574,82.23340249422276,2.2962763892570144,9.073756140870568,0.1364772686011794,8.804061611666146,1.964826879115507e-08,30491.3197516496,1622.0951795596034,"[5160177345.841258, -5019876126.562472]","[[5783051481.545392, 232402268.4086163], [232402268.4086163, 12216758912.175667]]","[[[3591755141.393657, -558964260.8726306], [-558964260.8726306, 13912109833.076174]], [[3587785022.0668173, 978447969.8467218], [978447969.8467218, 13627537275.191763]]]",1355245600063.3704,6207191752692.484,4.0,4.02363025386876e-06,9.580074770585909e-14,False,False,/private/tmp/oneD-v2-taylor-peierls-spatial-pf-runs/oneD_v2_DBTT_spatial_05_mobile_transport_extreme/T1100K_seed1008666/steps_1100K.csv,53eb704c205bbce2fde69489640d79e1f3c6163383048c13b18cdbaae9bac1fc,/private/tmp/oneD-v2-taylor-peierls-spatial-pf-runs/oneD_v2_DBTT_spatial_05_mobile_transport_extreme/T1100K_seed1008666/anisotropic_emission_audit_v10174.json,279e3384a117c8f31baf853d8226fbd57e23b664b0de21741bc6dc49544636aa,FULL_ACTIVE_AND_WAKE_SPATIAL_PROFILE_OBSERVER,PF_MODEL_NATIVE_DRIVING_TRAJECTORY_NOT_RESISTANCE
DBTT,MOBILE_TRANSPORT_EXTREME,oneD_v2_dbtt_TP_bd5be1610f6e1bce,oneD_v2_DBTT_spatial_05_mobile_transport_extreme,1100.0,1008666,300.0,19,1,363,1552.4993327079194,3.696426982637909e-05,7990946.00441914,14480.30575542376,80.26192311291558,80.26192311291558,80.26192311291558,-1.927059118345524,27.470213736355902,10959029711.096582,82.23340249422276,100.16094124707362,17.927538752850865,8.536798798591942,0.14125433787556957,8.505891479336489,1.832495400157417e-08,28437.426109181502,1579.5222491426032,"[5014458170.960035, -4850300553.795628]","[[5549795560.697934, 209926187.4048572], [209926187.4048572, 12853888144.164003]]","[[[3396205982.776121, -756874127.2721108], [-756874127.2721108, 13425122324.696192]], [[3520806777.637871, 1107455349.0949974], [1107455349.0949974, 13221407885.229128]]]",9486719200443.594,43450342268847.41,28.0,2.5200006348313764e-07,6.000001927589094e-15,False,False,/private/tmp/oneD-v2-taylor-peierls-spatial-pf-runs/oneD_v2_DBTT_spatial_05_mobile_transport_extreme/T1100K_seed1008666/steps_1100K.csv,53eb704c205bbce2fde69489640d79e1f3c6163383048c13b18cdbaae9bac1fc,/private/tmp/oneD-v2-taylor-peierls-spatial-pf-runs/oneD_v2_DBTT_spatial_05_mobile_transport_extreme/T1100K_seed1008666/anisotropic_emission_audit_v10174.json,279e3384a117c8f31baf853d8226fbd57e23b664b0de21741bc6dc49544636aa,FULL_ACTIVE_AND_WAKE_SPATIAL_PROFILE_OBSERVER,PF_MODEL_NATIVE_DRIVING_TRAJECTORY_NOT_RESISTANCE
DBTT,MOBILE_TRANSPORT_EXTREME,oneD_v2_dbtt_TP_bd5be1610f6e1bce,oneD_v2_DBTT_spatial_05_mobile_transport_extreme,1100.0,1008666,300.0,20,1,366,1552.4993329599195,3.696426983237909e-05,7958891.881176685,19465.629726212646,93.0582592435564,93.0582592435564,93.0582592435564,-1.896251065009219,31.537495053256343,12581640194.694988,100.16094124707362,102.45801540071372,2.297074153640092,8.706737635241002,0.1396885864942345,8.60092566842344,1.8915216063099564e-08,29354.438593715164,1593.1082579705887,"[5630343399.482402, -5422733796.619914]","[[8101827555.809856, 252963355.89777023], [252963355.89777023, 16093949258.827776]]","[[[4764240001.875017, -519225051.12405246], [-519225051.12405246, 16024926800.83982]], [[5259367336.458984, 955926597.550083], [955926597.550083, 16104834929.698814]]]",8131473600380.225,37243150516154.91,24.0,4.200001058052294e-07,1.000000321264849e-14,False,False,/private/tmp/oneD-v2-taylor-peierls-spatial-pf-runs/oneD_v2_DBTT_spatial_05_mobile_transport_extreme/T1100K_seed1008666/steps_1100K.csv,53eb704c205bbce2fde69489640d79e1f3c6163383048c13b18cdbaae9bac1fc,/private/tmp/oneD-v2-taylor-peierls-spatial-pf-runs/oneD_v2_DBTT_spatial_05_mobile_transport_extreme/T1100K_seed1008666/anisotropic_emission_audit_v10174.json,279e3384a117c8f31baf853d8226fbd57e23b664b0de21741bc6dc49544636aa,FULL_ACTIVE_AND_WAKE_SPATIAL_PROFILE_OBSERVER,PF_MODEL_NATIVE_DRIVING_TRAJECTORY_NOT_RESISTANCE
DBTT,MOBILE_TRANSPORT_EXTREME,oneD_v2_dbtt_TP_bd5be1610f6e1bce,oneD_v2_DBTT_spatial_05_mobile_transport_extreme,1100.0,1008666,300.0,21,1,371,1552.4993333799196,3.6964269842379094e-05,7956748.533872051,19697.835238047108,93.61165978011203,93.61165978011203,93.61165978011203,-1.9418671298813734,30.77455440085515,12277270911.015099,102.45801540071372,104.75508955435383,2.297074153640119,9.25286752914982,0.1349884394980858,8.900421961419664,2.0365632738863598e-08,31606.724640369757,1636.0698054646305,"[5511114006.929571, -5305641896.837799]","[[8083026935.843902, 267066338.22259402], [267066338.22259402, 14813123008.117508]]","[[[4399286005.475703, -358996970.2021705], [-358996970.2021705, 15421514019.334845]], [[4831601086.626819, 748488643.874464], [748488643.874464, 15442884880.302418]]]",4743359600221.797,21725171134423.695,14.0,7.560001904494129e-07,1.7999999006503703e-14,False,False,/private/tmp/oneD-v2-taylor-peierls-spatial-pf-runs/oneD_v2_DBTT_spatial_05_mobile_transport_extreme/T1100K_seed1008666/steps_1100K.csv,53eb704c205bbce2fde69489640d79e1f3c6163383048c13b18cdbaae9bac1fc,/private/tmp/oneD-v2-taylor-peierls-spatial-pf-runs/oneD_v2_DBTT_spatial_05_mobile_transport_extreme/T1100K_seed1008666/anisotropic_emission_audit_v10174.json,279e3384a117c8f31baf853d8226fbd57e23b664b0de21741bc6dc49544636aa,FULL_ACTIVE_AND_WAKE_SPATIAL_PROFILE_OBSERVER,PF_MODEL_NATIVE_DRIVING_TRAJECTORY_NOT_RESISTANCE
DBTT,MOBILE_TRANSPORT_EXTREME,oneD_v2_dbtt_TP_bd5be1610f6e1bce,oneD_v2_DBTT_spatial_05_mobile_transport_extreme,1100.0,1008666,300.0,22,1,380,1552.4993341359198,3.696426986037909e-05,7954559.797075557,19940.899829694932,94.18745697263013,94.18745697263013,94.18745697263013,-1.8199037592716862,31.075794775858792,12397448433.168036,104.75508955435383,107.969488677559,3.214399123205162,9.186321763380883,0.13553588219369006,8.865137873659279,2.0538891479083302e-08,31874.921794549533,1630.8906701071858,"[5672772539.0078535, -5511042979.477395]","[[8163475989.381135, 96398868.4422931], [96398868.4422931, 15420830591.006334]]","[[[4610393253.176923, -519234307.6627229], [-519234307.6627229, 15955938331.192629]], [[4776472425.442735, 995314245.0075876], [995314245.0075876, 15798558384.397526]]]",1355245600063.3704,6207191752692.484,4.0,1.6998235423670849e-06,4.047199316133121e-14,False,False,/private/tmp/oneD-v2-taylor-peierls-spatial-pf-runs/oneD_v2_DBTT_spatial_05_mobile_transport_extreme/T1100K_seed1008666/steps_1100K.csv,53eb704c205bbce2fde69489640d79e1f3c6163383048c13b18cdbaae9bac1fc,/private/tmp/oneD-v2-taylor-peierls-spatial-pf-runs/oneD_v2_DBTT_spatial_05_mobile_transport_extreme/T1100K_seed1008666/anisotropic_emission_audit_v10174.json,279e3384a117c8f31baf853d8226fbd57e23b664b0de21741bc6dc49544636aa,FULL_ACTIVE_AND_WAKE_SPATIAL_PROFILE_OBSERVER,PF_MODEL_NATIVE_DRIVING_TRAJECTORY_NOT_RESISTANCE
DBTT,MOBILE_TRANSPORT_EXTREME,oneD_v2_dbtt_TP_bd5be1610f6e1bce,oneD_v2_DBTT_spatial_05_mobile_transport_extreme,1100.0,1008666,300.0,23,1,390,1552.4993358357433,3.6964269900851086e-05,7951897.609945605,20233.416345980135,94.8757679907561,94.8757679907561,94.8757679907561,-1.518225278046554,30.616398305371646,12214175757.623524,107.969488677559,115.41735671325131,7.447868035692315,9.602900088365205,0.13221422517911563,9.087237897542687,2.082697392560242e-08,32322.144650929316,1663.0660687607244,"[5394168190.865867, -5194699531.533102]","[[7420209792.6681595, 267221498.2885434], [267221498.2885434, 14216677563.639708]]","[[[4841978236.662804, 8485588.576524055], [8485588.576524055, 15630314618.394537]], [[5217228450.54824, 306810302.7492482], [306810302.7492482, 15606627513.614443]]]",3388114000158.4263,15517979381731.21,10.0,4.200001058052294e-07,1.000000321264849e-14,False,False,/private/tmp/oneD-v2-taylor-peierls-spatial-pf-runs/oneD_v2_DBTT_spatial_05_mobile_transport_extreme/T1100K_seed1008666/steps_1100K.csv,53eb704c205bbce2fde69489640d79e1f3c6163383048c13b18cdbaae9bac1fc,/private/tmp/oneD-v2-taylor-peierls-spatial-pf-runs/oneD_v2_DBTT_spatial_05_mobile_transport_extreme/T1100K_seed1008666/anisotropic_emission_audit_v10174.json,279e3384a117c8f31baf853d8226fbd57e23b664b0de21741bc6dc49544636aa,FULL_ACTIVE_AND_WAKE_SPATIAL_PROFILE_OBSERVER,PF_MODEL_NATIVE_DRIVING_TRAJECTORY_NOT_RESISTANCE
DBTT,MOBILE_TRANSPORT_EXTREME,oneD_v2_dbtt_TP_bd5be1610f6e1bce,oneD_v2_DBTT_spatial_05_mobile_transport_extreme,1100.0,1008666,300.0,24,1,395,1552.4993362557434,3.696426991085109e-05,7940264.468563752,21528.156143868368,97.8642591299071,97.8642591299071,97.8642591299071,-1.336860992189703,32.6806177463281,13037680168.647661,115.41735671325131,117.7146968088762,2.2973400956248886,8.967424129651933,0.1373847817011743,8.745733610294941,1.9439539758890086e-08,30167.32655627576,1613.7462541233504,"[5088793841.189171, -4937827682.5417185]","[[6208675404.156465, -585879.5015065629], [-585879.5015065629, 14927500462.382235]]","[[[4840160717.930735, -1815711170.7514133], [-1815711170.7514133, 15017748400.309078]], [[4803779317.653176, 2096880870.2685533], [2096880870.2685533, 14679434682.736614]]]",6776228000316.854,31035958763462.42,20.0,8.400002116104588e-08,2.000000642529698e-15,False,False,/private/tmp/oneD-v2-taylor-peierls-spatial-pf-runs/oneD_v2_DBTT_spatial_05_mobile_transport_extreme/T1100K_seed1008666/steps_1100K.csv,53eb704c205bbce2fde69489640d79e1f3c6163383048c13b18cdbaae9bac1fc,/private/tmp/oneD-v2-taylor-peierls-spatial-pf-runs/oneD_v2_DBTT_spatial_05_mobile_transport_extreme/T1100K_seed1008666/anisotropic_emission_audit_v10174.json,279e3384a117c8f31baf853d8226fbd57e23b664b0de21741bc6dc49544636aa,FULL_ACTIVE_AND_WAKE_SPATIAL_PROFILE_OBSERVER,PF_MODEL_NATIVE_DRIVING_TRAJECTORY_NOT_RESISTANCE
DBTT,MOBILE_TRANSPORT_EXTREME,oneD_v2_dbtt_TP_bd5be1610f6e1bce,oneD_v2_DBTT_spatial_05_mobile_transport_extreme,1100.0,1008666,300.0,25,1,396,1552.4993363397434,3.696426991285109e-05,7935871.012160754,18420.82063296731,90.52638587878167,90.52638587878167,90.52638587878167,-1.1303873575794081,31.986827092909945,12760897743.251822,117.7146968088762,119.6574708597544,1.9427740508781928,8.009548563391682,0.1464694231175946,8.20228822532586,1.7488900996320466e-08,27140.546091106567,1536.6816959009398,"[5201348717.626593, -4986558225.936285]","[[6644010149.234942, -71857637.69439463], [-71857637.69439463, 15681624019.202345]]","[[[4515303901.302215, -3160295455.9718103], [-3160295455.9718103, 14918001336.5554]], [[5133742957.8286, 2725230526.564601], [2725230526.564601, 15106859409.701172]]]",33881140001584.297,155179793817312.4,100.0,1.0316648513253313e-06,2.4563413369288467e-14,False,False,/private/tmp/oneD-v2-taylor-peierls-spatial-pf-runs/oneD_v2_DBTT_spatial_05_mobile_transport_extreme/T1100K_seed1008666/steps_1100K.csv,53eb704c205bbce2fde69489640d79e1f3c6163383048c13b18cdbaae9bac1fc,/private/tmp/oneD-v2-taylor-peierls-spatial-pf-runs/oneD_v2_DBTT_spatial_05_mobile_transport_extreme/T1100K_seed1008666/anisotropic_emission_audit_v10174.json,279e3384a117c8f31baf853d8226fbd57e23b664b0de21741bc6dc49544636aa,FULL_ACTIVE_AND_WAKE_SPATIAL_PROFILE_OBSERVER,PF_MODEL_NATIVE_DRIVING_TRAJECTORY_NOT_RESISTANCE
DBTT,MOBILE_TRANSPORT_EXTREME,oneD_v2_dbtt_TP_bd5be1610f6e1bce,oneD_v2_DBTT_spatial_05_mobile_transport_extreme,1100.0,1008666,300.0,26,1,406,1552.4993373714083,3.69642699374145e-05,7934688.769960682,21526.818237476527,97.86121810653097,97.86121810653097,97.86121810653097,-0.9810945933745783,34.77414816407062,13872877967.591623,119.6574708597544,124.0548411523827,4.397370292628312,7.919690942963966,0.1474171604922432,8.14650516471807,1.7417278288079918e-08,27029.898105608223,1529.2735741646318,"[5009935108.751721, -4675651760.559971]","[[5818395844.680544, -138745525.67298108], [-138745525.67298108, 16227145520.813438]]","[[[4211016198.4449058, -2649661700.6887717], [-2649661700.6887717, 14230886415.948349]], [[5185585928.863425, 2316245861.538362], [2316245861.538362, 14536889449.983368]]]",2032868400095.0554,9310787629038.727,6.0,8.400002116104588e-08,2.000000642529698e-15,False,False,/private/tmp/oneD-v2-taylor-peierls-spatial-pf-runs/oneD_v2_DBTT_spatial_05_mobile_transport_extreme/T1100K_seed1008666/steps_1100K.csv,53eb704c205bbce2fde69489640d79e1f3c6163383048c13b18cdbaae9bac1fc,/private/tmp/oneD-v2-taylor-peierls-spatial-pf-runs/oneD_v2_DBTT_spatial_05_mobile_transport_extreme/T1100K_seed1008666/anisotropic_emission_audit_v10174.json,279e3384a117c8f31baf853d8226fbd57e23b664b0de21741bc6dc49544636aa,FULL_ACTIVE_AND_WAKE_SPATIAL_PROFILE_OBSERVER,PF_MODEL_NATIVE_DRIVING_TRAJECTORY_NOT_RESISTANCE
DBTT,MOBILE_TRANSPORT_EXTREME,oneD_v2_dbtt_TP_bd5be1610f6e1bce,oneD_v2_DBTT_spatial_05_mobile_transport_extreme,1100.0,1008666,300.0,27,1,407,1552.4993374554083,3.6964269939414504e-05,7926561.903951518,21026.71259547659,96.71779451234079,96.71779451234079,96.71779451234079,-1.0704305759252406,31.876178757698867,12716755444.080093,124.0548411523827,126.35218124800764,2.2973400956249295,9.206196957329205,0.13537168062960644,8.876791146964207,2.0443394534138652e-08,31725.09203020556,1632.4391092788828,"[5841726482.765889, -5872273620.689539]","[[8187622159.991572, 21910768.245339517], [21910768.245339517, 16603065051.508184]]","[[[5117371204.629081, -831833289.9330335], [-831833289.9330335, 16800824170.160858]], [[5051962785.787848, 759428440.5654598], [759428440.5654598, 16796510027.166925]]]",33881140001584.297,155179793817312.34,100.0,2.7460898763820296e-06,6.538311016733578e-14,False,False,/private/tmp/oneD-v2-taylor-peierls-spatial-pf-runs/oneD_v2_DBTT_spatial_05_mobile_transport_extreme/T1100K_seed1008666/steps_1100K.csv,53eb704c205bbce2fde69489640d79e1f3c6163383048c13b18cdbaae9bac1fc,/private/tmp/oneD-v2-taylor-peierls-spatial-pf-runs/oneD_v2_DBTT_spatial_05_mobile_transport_extreme/T1100K_seed1008666/anisotropic_emission_audit_v10174.json,279e3384a117c8f31baf853d8226fbd57e23b664b0de21741bc6dc49544636aa,FULL_ACTIVE_AND_WAKE_SPATIAL_PROFILE_OBSERVER,PF_MODEL_NATIVE_DRIVING_TRAJECTORY_NOT_RESISTANCE
DBTT,MOBILE_TRANSPORT_EXTREME,oneD_v2_dbtt_TP_bd5be1610f6e1bce,oneD_v2_DBTT_spatial_05_mobile_transport_extreme,1100.0,1008666,300.0,28,1,417,1552.4993402014982,3.6964270004797614e-05,7924228.70767674,21303.167765291568,97.35153172352557,97.35153172352557,97.35153172352557,-0.7584612548571457,30.811887002606746,12292164464.291199,126.35218124800764,138.07027265511888,11.718091407111235,9.982722187803663,0.12938926465791487,9.28730023048353,2.1959749577266204e-08,34078.450321590906,1691.90563980883,"[5715626520.169753, -5740199148.949259]","[[8307019434.204591, -36191682.1698509], [-36191682.1698509, 15528720136.900358]]","[[[4725020076.1903715, -636293025.5093071], [-636293025.5093071, 16156273116.529879]], [[4681699024.435565, 558423086.2723385], [558423086.2723385, 16162097322.334084]]]",2710491200126.7407,12414383505384.969,8.0,8.400002116104588e-08,2.000007418793276e-15,False,False,/private/tmp/oneD-v2-taylor-peierls-spatial-pf-runs/oneD_v2_DBTT_spatial_05_mobile_transport_extreme/T1100K_seed1008666/steps_1100K.csv,53eb704c205bbce2fde69489640d79e1f3c6163383048c13b18cdbaae9bac1fc,/private/tmp/oneD-v2-taylor-peierls-spatial-pf-runs/oneD_v2_DBTT_spatial_05_mobile_transport_extreme/T1100K_seed1008666/anisotropic_emission_audit_v10174.json,279e3384a117c8f31baf853d8226fbd57e23b664b0de21741bc6dc49544636aa,FULL_ACTIVE_AND_WAKE_SPATIAL_PROFILE_OBSERVER,PF_MODEL_NATIVE_DRIVING_TRAJECTORY_NOT_RESISTANCE
DBTT,MOBILE_TRANSPORT_EXTREME,oneD_v2_dbtt_TP_bd5be1610f6e1bce,oneD_v2_DBTT_spatial_05_mobile_transport_extreme,1100.0,1008666,300.0,29,1,418,1552.4993402854982,3.696427000679762e-05,7906080.014373691,23312.214238336415,101.83860885964732,101.83860885964732,101.83860885964732,-0.6199876560597752,34.121332664942486,13612442263.68805,138.07027265511888,140.36761275074375,2.2973400956248753,8.907851048150365,0.13790120062056915,8.713162282378578,1.972716745754184e-08,30613.825195206344,1609.0513422718502,"[5315263861.06928, -5461420286.994397]","[[6453100102.351372, -257224089.36847514], [-257224089.36847514, 16651882300.835052]]","[[[5165870469.799186, -2357665290.6744595], [-2357665290.6744595, 15796398191.937746]], [[5039724020.787369, 2275272770.7243066], [2275272770.7243066, 15962564594.776165]]]",33881140001584.297,155179793817312.4,100.0,3.360000846441835e-07,8.000002570118792e-15,False,False,/private/tmp/oneD-v2-taylor-peierls-spatial-pf-runs/oneD_v2_DBTT_spatial_05_mobile_transport_extreme/T1100K_seed1008666/steps_1100K.csv,53eb704c205bbce2fde69489640d79e1f3c6163383048c13b18cdbaae9bac1fc,/private/tmp/oneD-v2-taylor-peierls-spatial-pf-runs/oneD_v2_DBTT_spatial_05_mobile_transport_extreme/T1100K_seed1008666/anisotropic_emission_audit_v10174.json,279e3384a117c8f31baf853d8226fbd57e23b664b0de21741bc6dc49544636aa,FULL_ACTIVE_AND_WAKE_SPATIAL_PROFILE_OBSERVER,PF_MODEL_NATIVE_DRIVING_TRAJECTORY_NOT_RESISTANCE
DBTT,MOBILE_TRANSPORT_EXTREME,oneD_v2_dbtt_TP_bd5be1610f6e1bce,oneD_v2_DBTT_spatial_05_mobile_transport_extreme,1100.0,1008666,300.0,30,1,422,1552.4993406214983,3.6964270014797624e-05,7906080.016084768,23324.55344167638,101.86555698762248,101.86555698762248,101.86555698762248,-0.6218033181904984,32.383418398463895,12919114783.076897,140.36761275074375,142.66495284636866,2.2973400956249295,9.894852993479864,0.13002668256004363,9.240727448176914,2.1902451410906676e-08,33990.82611749432,1685.2748390673369,"[5624139833.325898, -5796984386.705012]","[[6752778909.751779, -123396964.4290046], [-123396964.4290046, 15875133156.204172]]","[[[5740633821.359069, -1510819303.3488927], [-1510819303.3488927, 16988913488.010866]], [[5565997884.031299, 1489964850.275733], [1489964850.275733, 17159966657.441324]]]",6098605200285.168,27932362887116.18,18.0,3.360000846441835e-07,8.000002570118792e-15,False,False,/private/tmp/oneD-v2-taylor-peierls-spatial-pf-runs/oneD_v2_DBTT_spatial_05_mobile_transport_extreme/T1100K_seed1008666/steps_1100K.csv,53eb704c205bbce2fde69489640d79e1f3c6163383048c13b18cdbaae9bac1fc,/private/tmp/oneD-v2-taylor-peierls-spatial-pf-runs/oneD_v2_DBTT_spatial_05_mobile_transport_extreme/T1100K_seed1008666/anisotropic_emission_audit_v10174.json,279e3384a117c8f31baf853d8226fbd57e23b664b0de21741bc6dc49544636aa,FULL_ACTIVE_AND_WAKE_SPATIAL_PROFILE_OBSERVER,PF_MODEL_NATIVE_DRIVING_TRAJECTORY_NOT_RESISTANCE
DBTT,MOBILE_TRANSPORT_EXTREME,oneD_v2_dbtt_TP_bd5be1610f6e1bce,oneD_v2_DBTT_spatial_05_mobile_transport_extreme,1100.0,1008666,300.0,31,1,426,1552.4993409574984,3.6964270022797627e-05,7899845.937089606,23916.161337478014,103.14933503051483,103.14933503051483,103.14933503051483,-0.4713354466109677,35.31267567671391,14087719361.54445,142.66495284636866,144.96229294199355,2.2973400956248753,8.532407988762097,0.1412954938223696,8.502273125325551,1.837270247273431e-08,28512.00310298237,1579.1698128384437,"[4931419484.112017, -5167214852.33757]","[[5720380269.713254, -619142818.2591339], [-619142818.2591339, 16683265344.536953]]","[[[4588334127.169281, -2787425874.914815], [-2787425874.914815, 14451173095.393314]], [[4388965165.535849, 2753742059.937355], [2753742059.937355, 14723394870.21099]]]",2710491200126.7407,12414383505384.969,8.0,9.296718417317607e-07,2.213507155346406e-14,False,False,/private/tmp/oneD-v2-taylor-peierls-spatial-pf-runs/oneD_v2_DBTT_spatial_05_mobile_transport_extreme/T1100K_seed1008666/steps_1100K.csv,53eb704c205bbce2fde69489640d79e1f3c6163383048c13b18cdbaae9bac1fc,/private/tmp/oneD-v2-taylor-peierls-spatial-pf-runs/oneD_v2_DBTT_spatial_05_mobile_transport_extreme/T1100K_seed1008666/anisotropic_emission_audit_v10174.json,279e3384a117c8f31baf853d8226fbd57e23b664b0de21741bc6dc49544636aa,FULL_ACTIVE_AND_WAKE_SPATIAL_PROFILE_OBSERVER,PF_MODEL_NATIVE_DRIVING_TRAJECTORY_NOT_RESISTANCE
DBTT,MOBILE_TRANSPORT_EXTREME,oneD_v2_dbtt_TP_bd5be1610f6e1bce,oneD_v2_DBTT_spatial_05_mobile_transport_extreme,1100.0,1008666,300.0,32,1,436,1552.4993418871702,3.69642700449327e-05,7900548.277526635,22930.593641549087,101.00162110778697,101.00162110778697,101.00162110778697,-0.44891383403958046,32.92261574482581,13134223402.020922,144.96229294199355,149.03043363509101,4.068140693097474,9.411698850569422,0.13370815710835618,8.986462157582814,2.11130100086789e-08,32765.555721538258,1648.3705003534137,"[6091200527.011959, -5928859874.8313675]","[[8815581780.628881, 102138413.99689884], [102138413.99689884, 17310757800.658375]]","[[[5231680218.631669, -804261898.8461703], [-804261898.8461703, 17414081272.65559]], [[5536570549.901646, 866293359.4614059], [866293359.4614059, 17394290299.56438]]]",2032868400095.0554,9310787629038.727,6.0,6.72000169288367e-07,1.6000005140237583e-14,False,False,/private/tmp/oneD-v2-taylor-peierls-spatial-pf-runs/oneD_v2_DBTT_spatial_05_mobile_transport_extreme/T1100K_seed1008666/steps_1100K.csv,53eb704c205bbce2fde69489640d79e1f3c6163383048c13b18cdbaae9bac1fc,/private/tmp/oneD-v2-taylor-peierls-spatial-pf-runs/oneD_v2_DBTT_spatial_05_mobile_transport_extreme/T1100K_seed1008666/anisotropic_emission_audit_v10174.json,279e3384a117c8f31baf853d8226fbd57e23b664b0de21741bc6dc49544636aa,FULL_ACTIVE_AND_WAKE_SPATIAL_PROFILE_OBSERVER,PF_MODEL_NATIVE_DRIVING_TRAJECTORY_NOT_RESISTANCE
DBTT,MOBILE_TRANSPORT_EXTREME,oneD_v2_dbtt_TP_bd5be1610f6e1bce,oneD_v2_DBTT_spatial_05_mobile_transport_extreme,1100.0,1008666,300.0,33,1,444,1552.4993425591704,3.69642700609327e-05,7895429.310425496,23447.962016826976,102.13468323136212,102.13468323136212,102.13468323136212,-0.40947335970802207,32.39817927810816,12925003522.062912,149.03043363509101,151.77625981260204,2.745826177511022,9.93814397163663,0.12971146805345846,9.263685126868664,2.2142785385793176e-08,34363.5473491383,1688.544718924594,"[6087169800.942502, -5954430500.122942]","[[8628783711.488968, 209079922.21626726], [209079922.21626726, 16655091993.587439]]","[[[4795101979.684286, -1064786358.7914757], [-1064786358.7914757, 16969441581.569292]], [[5030418065.1778345, 1066797486.9930296], [1066797486.9930296, 16939279065.42372]]]",677622800031.6852,3103595876346.242,2.0,2.1075675249448977e-06,5.018016303046449e-14,False,False,/private/tmp/oneD-v2-taylor-peierls-spatial-pf-runs/oneD_v2_DBTT_spatial_05_mobile_transport_extreme/T1100K_seed1008666/steps_1100K.csv,53eb704c205bbce2fde69489640d79e1f3c6163383048c13b18cdbaae9bac1fc,/private/tmp/oneD-v2-taylor-peierls-spatial-pf-runs/oneD_v2_DBTT_spatial_05_mobile_transport_extreme/T1100K_seed1008666/anisotropic_emission_audit_v10174.json,279e3384a117c8f31baf853d8226fbd57e23b664b0de21741bc6dc49544636aa,FULL_ACTIVE_AND_WAKE_SPATIAL_PROFILE_OBSERVER,PF_MODEL_NATIVE_DRIVING_TRAJECTORY_NOT_RESISTANCE
DBTT,MOBILE_TRANSPORT_EXTREME,oneD_v2_dbtt_TP_bd5be1610f6e1bce,oneD_v2_DBTT_spatial_05_mobile_transport_extreme,1100.0,1008666,300.0,34,1,454,1552.499344666738,3.6964270111112866e-05,7892300.825155328,23762.639357494725,102.8177353053932,102.8177353053932,102.8177353053932,-0.2631827167297523,30.63758135492246,12222626571.71718,151.77625981260204,161.20661797683053,9.430358164228469,11.262300539409509,0.12105546413961134,9.926354157173211,2.4948576540949215e-08,38716.00434624881,1785.8312482088634,"[6279487726.134094, -6162797731.142732]","[[8194916228.297753, 26871195.662037462], [26871195.662037462, 15502525813.884304]]","[[[5435818947.054767, -1108206615.3050325], [-1108206615.3050325, 17994794399.322956]], [[5644967418.2525425, 1096656896.64403], [1096656896.64403, 17970562880.538006]]]",5420982400253.482,24828767010769.938,16.0,2.5200006348313764e-07,5.999995151325516e-15,False,False,/private/tmp/oneD-v2-taylor-peierls-spatial-pf-runs/oneD_v2_DBTT_spatial_05_mobile_transport_extreme/T1100K_seed1008666/steps_1100K.csv,53eb704c205bbce2fde69489640d79e1f3c6163383048c13b18cdbaae9bac1fc,/private/tmp/oneD-v2-taylor-peierls-spatial-pf-runs/oneD_v2_DBTT_spatial_05_mobile_transport_extreme/T1100K_seed1008666/anisotropic_emission_audit_v10174.json,279e3384a117c8f31baf853d8226fbd57e23b664b0de21741bc6dc49544636aa,FULL_ACTIVE_AND_WAKE_SPATIAL_PROFILE_OBSERVER,PF_MODEL_NATIVE_DRIVING_TRAJECTORY_NOT_RESISTANCE
DBTT,MOBILE_TRANSPORT_EXTREME,oneD_v2_dbtt_TP_bd5be1610f6e1bce,oneD_v2_DBTT_spatial_05_mobile_transport_extreme,1100.0,1008666,300.0,35,1,457,1552.499344918738,3.696427011711286e-05,7878814.964644176,24944.263029014368,105.3430853310134,105.3430853310134,105.3430853310134,-0.19975766387374042,33.31930929209562,13292481230.38927,161.20661797683053,163.5039580724554,2.2973400956248753,9.995858234706375,0.12929477672841608,9.293356129376951,2.1937694330743165e-08,34044.522820132,1692.8948231656193,"[5449353214.380348, -5589951148.521236]","[[7225650171.312593, 57620835.61382337], [57620835.61382337, 15873035759.490273]]","[[[6036415625.064994, -1689127312.171357], [-1689127312.171357, 16935122053.825691]], [[5915164474.934723, 1649231302.8947349], [1649231302.8947349, 17095066771.977196]]]",5420982400253.482,24828767010769.938,16.0,1.051023446052568e-06,2.5024409356765726e-14,False,False,/private/tmp/oneD-v2-taylor-peierls-spatial-pf-runs/oneD_v2_DBTT_spatial_05_mobile_transport_extreme/T1100K_seed1008666/steps_1100K.csv,53eb704c205bbce2fde69489640d79e1f3c6163383048c13b18cdbaae9bac1fc,/private/tmp/oneD-v2-taylor-peierls-spatial-pf-runs/oneD_v2_DBTT_spatial_05_mobile_transport_extreme/T1100K_seed1008666/anisotropic_emission_audit_v10174.json,279e3384a117c8f31baf853d8226fbd57e23b664b0de21741bc6dc49544636aa,FULL_ACTIVE_AND_WAKE_SPATIAL_PROFILE_OBSERVER,PF_MODEL_NATIVE_DRIVING_TRAJECTORY_NOT_RESISTANCE
DBTT,MOBILE_TRANSPORT_EXTREME,oneD_v2_dbtt_TP_bd5be1610f6e1bce,oneD_v2_DBTT_spatial_05_mobile_transport_extreme,1100.0,1008666,300.0,36,1,467,1552.4993459697614,3.696427014213727e-05,7872481.865963662,25384.564274742537,106.26874504093036,106.26874504093036,106.26874504093036,-0.13138093725372094,34.95365191208673,13944489602.165775,163.5039580724554,168.10312112722474,4.599163054769354,9.24327746385859,0.13506692379177976,8.894697825328736,2.0756715459966466e-08,32212.65958156855,1635.3243626666917,"[4704059127.053859, -4915884004.17728]","[[5555927277.961805, -357090366.86735433], [-357090366.86735433, 14822035180.550268]]","[[[4868719096.738148, -2975240455.52076], [-2975240455.52076, 14276837350.845867]], [[4675470433.729072, 2897782470.848309], [2897782470.848309, 14507238442.083635]]]",2032868400095.0554,9310787629038.727,6.0,1.115949999075383e-06,2.6570203827923355e-14,False,False,/private/tmp/oneD-v2-taylor-peierls-spatial-pf-runs/oneD_v2_DBTT_spatial_05_mobile_transport_extreme/T1100K_seed1008666/steps_1100K.csv,53eb704c205bbce2fde69489640d79e1f3c6163383048c13b18cdbaae9bac1fc,/private/tmp/oneD-v2-taylor-peierls-spatial-pf-runs/oneD_v2_DBTT_spatial_05_mobile_transport_extreme/T1100K_seed1008666/anisotropic_emission_audit_v10174.json,279e3384a117c8f31baf853d8226fbd57e23b664b0de21741bc6dc49544636aa,FULL_ACTIVE_AND_WAKE_SPATIAL_PROFILE_OBSERVER,PF_MODEL_NATIVE_DRIVING_TRAJECTORY_NOT_RESISTANCE
DBTT,MOBILE_TRANSPORT_EXTREME,oneD_v2_dbtt_TP_bd5be1610f6e1bce,oneD_v2_DBTT_spatial_05_mobile_transport_extreme,1100.0,1008666,300.0,37,1,477,1552.4993470857114,3.6964270168707475e-05,7906247.211405566,13347.652683136743,77.05896011124676,77.05896011124676,77.05896011124676,-0.07134805427025726,27.05989975370902,10795338115.178843,168.10312112722474,172.98639028131274,4.883269154088001,8.109497071790091,0.14543643172574267,8.262358782770491,1.7947058952536536e-08,27851.96610593811,1544.8845864603945,"[5224615180.826314, -5255541054.635133]","[[5598417784.199933, -105358740.45820564], [-105358740.45820564, 13451700014.808277]]","[[[2952357372.77639, -746889400.7806288], [-746889400.7806288, 13401587734.429018]], [[2867679075.646928, 668017599.0219586], [668017599.0219586, 13378761184.917194]]]",2032868400095.0554,9310787629038.727,6.0,3.360000846441835e-07,8.000002570118792e-15,False,False,/private/tmp/oneD-v2-taylor-peierls-spatial-pf-runs/oneD_v2_DBTT_spatial_05_mobile_transport_extreme/T1100K_seed1008666/steps_1100K.csv,53eb704c205bbce2fde69489640d79e1f3c6163383048c13b18cdbaae9bac1fc,/private/tmp/oneD-v2-taylor-peierls-spatial-pf-runs/oneD_v2_DBTT_spatial_05_mobile_transport_extreme/T1100K_seed1008666/anisotropic_emission_audit_v10174.json,279e3384a117c8f31baf853d8226fbd57e23b664b0de21741bc6dc49544636aa,FULL_ACTIVE_AND_WAKE_SPATIAL_PROFILE_OBSERVER,PF_MODEL_NATIVE_DRIVING_TRAJECTORY_NOT_RESISTANCE
DBTT,MOBILE_TRANSPORT_EXTREME,oneD_v2_dbtt_TP_bd5be1610f6e1bce,oneD_v2_DBTT_spatial_05_mobile_transport_extreme,1100.0,1008666,300.0,38,1,481,1552.4993474217115,3.696427017670748e-05,7903494.69560424,13023.694742456162,76.11807551240695,76.11807551240695,76.11807551240695,-0.057163936839701446,25.832586878149105,10305711117.83693,172.98639028131274,175.28373037693768,2.2973400956249295,8.68240023465761,0.13990963098199066,8.58881501546885,1.8725586417572568e-08,29060.539143230068,1591.1690441583028,"[5306950241.263626, -5336868120.691598]","[[5619175312.818969, 45355507.26449882], [45355507.26449882, 12857736464.25489]]","[[[2791936697.931412, -695921006.6274114], [-695921006.6274114, 13405837180.458666]], [[2709245343.6431823, 617914035.455777], [617914035.455777, 13382981585.026379]]]",2710491200126.7407,12414383505384.969,8.0,7.560001904494129e-07,1.800000578276728e-14,False,False,/private/tmp/oneD-v2-taylor-peierls-spatial-pf-runs/oneD_v2_DBTT_spatial_05_mobile_transport_extreme/T1100K_seed1008666/steps_1100K.csv,53eb704c205bbce2fde69489640d79e1f3c6163383048c13b18cdbaae9bac1fc,/private/tmp/oneD-v2-taylor-peierls-spatial-pf-runs/oneD_v2_DBTT_spatial_05_mobile_transport_extreme/T1100K_seed1008666/anisotropic_emission_audit_v10174.json,279e3384a117c8f31baf853d8226fbd57e23b664b0de21741bc6dc49544636aa,FULL_ACTIVE_AND_WAKE_SPATIAL_PROFILE_OBSERVER,PF_MODEL_NATIVE_DRIVING_TRAJECTORY_NOT_RESISTANCE
DBTT,MOBILE_TRANSPORT_EXTREME,oneD_v2_dbtt_TP_bd5be1610f6e1bce,oneD_v2_DBTT_spatial_05_mobile_transport_extreme,1100.0,1008666,300.0,39,1,490,1552.4993481777117,3.696427019470748e-05,7901820.864488413,12917.655208428023,75.80756369795094,75.80756369795094,75.80756369795094,-0.03578724153050899,25.547077054896175,10191809177.871397,175.28373037693768,178.50972988901748,3.2259995120798024,8.805269305158866,0.13880426115509517,8.657227045090634,1.9008439269634375e-08,29498.644653056897,1600.937399084026,"[5095582107.5207815, -5123655353.167678]","[[5169124890.563103, -65122442.68334169], [-65122442.68334169, 12130693010.179907]]","[[[2935167033.3895416, -626093936.7499354], [-626093936.7499354, 13126331248.431105]], [[2856022640.3993874, 543735604.4839275], [543735604.4839275, 13103333346.734745]]]",2032868400095.0554,9310787629038.727,6.0,2.272751999043976e-06,5.411317417379144e-14,False,False,/private/tmp/oneD-v2-taylor-peierls-spatial-pf-runs/oneD_v2_DBTT_spatial_05_mobile_transport_extreme/T1100K_seed1008666/steps_1100K.csv,53eb704c205bbce2fde69489640d79e1f3c6163383048c13b18cdbaae9bac1fc,/private/tmp/oneD-v2-taylor-peierls-spatial-pf-runs/oneD_v2_DBTT_spatial_05_mobile_transport_extreme/T1100K_seed1008666/anisotropic_emission_audit_v10174.json,279e3384a117c8f31baf853d8226fbd57e23b664b0de21741bc6dc49544636aa,FULL_ACTIVE_AND_WAKE_SPATIAL_PROFILE_OBSERVER,PF_MODEL_NATIVE_DRIVING_TRAJECTORY_NOT_RESISTANCE
DBTT,MOBILE_TRANSPORT_EXTREME,oneD_v2_dbtt_TP_bd5be1610f6e1bce,oneD_v2_DBTT_spatial_05_mobile_transport_extreme,1100.0,1008666,300.0,40,1,500,1552.4993504504637,3.696427024882066e-05,7899806.973734788,12766.188291745537,75.36180958106681,75.36180958106681,75.36180958106681,0.009661209365174412,26.237138664167542,10467103929.891598,178.50972988901748,188.74323545615385,10.233505567136367,8.250299133506362,0.14401760351489354,8.343789574842658,1.8035052564907868e-08,27988.704523234785,1556.374774838871,"[5128711143.662496, -5152057319.607902]","[[5127410469.047387, -67428859.53571811], [-67428859.53571811, 12746478847.861712]]","[[[3031332173.116693, -593469202.7509784], [-593469202.7509784, 13288754460.441685]], [[2955469946.8683724, 506559718.8147469], [506559718.8147469, 13259584586.084177]]]",6098605200285.168,27932362887116.18,18.0,8.978486221167259e-07,2.1377349760168252e-14,False,False,/private/tmp/oneD-v2-taylor-peierls-spatial-pf-runs/oneD_v2_DBTT_spatial_05_mobile_transport_extreme/T1100K_seed1008666/steps_1100K.csv,53eb704c205bbce2fde69489640d79e1f3c6163383048c13b18cdbaae9bac1fc,/private/tmp/oneD-v2-taylor-peierls-spatial-pf-runs/oneD_v2_DBTT_spatial_05_mobile_transport_extreme/T1100K_seed1008666/anisotropic_emission_audit_v10174.json,279e3384a117c8f31baf853d8226fbd57e23b664b0de21741bc6dc49544636aa,FULL_ACTIVE_AND_WAKE_SPATIAL_PROFILE_OBSERVER,PF_MODEL_NATIVE_DRIVING_TRAJECTORY_NOT_RESISTANCE
DBTT,MOBILE_TRANSPORT_EXTREME,oneD_v2_dbtt_TP_bd5be1610f6e1bce,oneD_v2_DBTT_spatial_05_mobile_transport_extreme,1100.0,1008666,300.0,41,1,510,1552.4993513483123,3.696427027019801e-05,7890691.363294946,13151.485392531862,76.49060549428567,76.49060549428567,76.49060549428567,0.014859665855228174,27.44775532038489,10950070099.414904,188.74323545615385,192.6721214745897,3.928886018435832,7.766091987583364,0.14908068183767195,8.05939187037761,1.6960711948976224e-08,26320.584259368126,1516.5362960868385,"[5165696096.0869055, -5329953353.791818]","[[6258526888.65463, -66254754.66282432], [-66254754.66282432, 14060904550.520838]]","[[[3672215503.9197187, -785651626.8879639], [-785651626.8879639, 14003607696.09353]], [[3332361797.0523148, 688704849.5646719], [688704849.5646719, 13992268504.63595]]]",2032868400095.0554,9310787629038.727,6.0,3.080497663177084e-06,7.334518599020831e-14,False,False,/private/tmp/oneD-v2-taylor-peierls-spatial-pf-runs/oneD_v2_DBTT_spatial_05_mobile_transport_extreme/T1100K_seed1008666/steps_1100K.csv,53eb704c205bbce2fde69489640d79e1f3c6163383048c13b18cdbaae9bac1fc,/private/tmp/oneD-v2-taylor-peierls-spatial-pf-runs/oneD_v2_DBTT_spatial_05_mobile_transport_extreme/T1100K_seed1008666/anisotropic_emission_audit_v10174.json,279e3384a117c8f31baf853d8226fbd57e23b664b0de21741bc6dc49544636aa,FULL_ACTIVE_AND_WAKE_SPATIAL_PROFILE_OBSERVER,PF_MODEL_NATIVE_DRIVING_TRAJECTORY_NOT_RESISTANCE
DBTT,MOBILE_TRANSPORT_EXTREME,oneD_v2_dbtt_TP_bd5be1610f6e1bce,oneD_v2_DBTT_spatial_05_mobile_transport_extreme,1100.0,1008666,300.0,42,1,520,1552.49935442881,3.696427034354319e-05,7887613.220937262,13140.14426170919,76.45761769718425,76.45761769718425,76.45761769718425,0.017524474783022242,27.28961647462453,10886981827.667215,192.6721214745897,205.90209166553421,13.229970190944528,7.849584329262514,0.14816949447339803,8.109177648255967,1.7078491512568942e-08,26503.45240650216,1523.4716148151047,"[5211018119.432623, -5357647383.577743]","[[6210858127.228455, -100758980.75969586], [-100758980.75969586, 14009071200.902964]]","[[[3237929922.476706, -991290112.5566789], [-991290112.5566789, 13659966161.341953]], [[2921892047.5346775, 925566172.217633], [925566172.217633, 13637186814.690163]]]",3388114000158.4263,15517979381731.21,10.0,8.400002116104588e-08,2.000000642529698e-15,False,False,/private/tmp/oneD-v2-taylor-peierls-spatial-pf-runs/oneD_v2_DBTT_spatial_05_mobile_transport_extreme/T1100K_seed1008666/steps_1100K.csv,53eb704c205bbce2fde69489640d79e1f3c6163383048c13b18cdbaae9bac1fc,/private/tmp/oneD-v2-taylor-peierls-spatial-pf-runs/oneD_v2_DBTT_spatial_05_mobile_transport_extreme/T1100K_seed1008666/anisotropic_emission_audit_v10174.json,279e3384a117c8f31baf853d8226fbd57e23b664b0de21741bc6dc49544636aa,FULL_ACTIVE_AND_WAKE_SPATIAL_PROFILE_OBSERVER,PF_MODEL_NATIVE_DRIVING_TRAJECTORY_NOT_RESISTANCE
DBTT,MOBILE_TRANSPORT_EXTREME,oneD_v2_dbtt_TP_bd5be1610f6e1bce,oneD_v2_DBTT_spatial_05_mobile_transport_extreme,1100.0,1008666,300.0,43,1,521,1552.49935451281,3.6964270345543194e-05,7877562.21716379,13248.19771983602,76.77133554458055,76.77133554458055,76.77133554458055,0.012240608259703094,26.970165408261348,10759539290.775618,205.90209166553421,208.1994317611591,2.2973400956249024,8.102722614245566,0.14550575793063192,8.258456215135944,1.770513336173625e-08,27477.207293984888,1544.3298268874387,"[5111637080.288749, -5116831857.539242]","[[5052310851.479735, -27017476.07873367], [-27017476.07873367, 13184561921.890726]]","[[[4174429460.9134192, -1255181201.8204594], [-1255181201.8204594, 14397703621.490917]], [[3877470857.453656, 699964063.0475937], [699964063.0475937, 14111134572.532139]]]",33881140001584.297,155179793817312.4,100.0,3.360000846441835e-07,8.00000934638237e-15,False,False,/private/tmp/oneD-v2-taylor-peierls-spatial-pf-runs/oneD_v2_DBTT_spatial_05_mobile_transport_extreme/T1100K_seed1008666/steps_1100K.csv,53eb704c205bbce2fde69489640d79e1f3c6163383048c13b18cdbaae9bac1fc,/private/tmp/oneD-v2-taylor-peierls-spatial-pf-runs/oneD_v2_DBTT_spatial_05_mobile_transport_extreme/T1100K_seed1008666/anisotropic_emission_audit_v10174.json,279e3384a117c8f31baf853d8226fbd57e23b664b0de21741bc6dc49544636aa,FULL_ACTIVE_AND_WAKE_SPATIAL_PROFILE_OBSERVER,PF_MODEL_NATIVE_DRIVING_TRAJECTORY_NOT_RESISTANCE
DBTT,MOBILE_TRANSPORT_EXTREME,oneD_v2_dbtt_TP_bd5be1610f6e1bce,oneD_v2_DBTT_spatial_05_mobile_transport_extreme,1100.0,1008666,300.0,44,1,525,1552.49935484881,3.69642703535432e-05,7873640.008174023,13395.292598312824,77.19635552347695,77.19635552347695,77.19635552347695,0.008140493974426531,28.61028884125135,11413853873.272476,208.1994317611591,210.49677185678402,2.2973400956249024,7.280297230143307,0.1547378246520727,7.765374210973717,1.5300201996792163e-08,23743.28070846876,1475.6199081592165,"[4290825470.256888, -4360812149.615271]","[[4208663513.6176233, -32274335.335213464], [-32274335.335213464, 12747255484.118332]]","[[[3550342315.471356, -1794527361.8030834], [-1794527361.8030834, 12131993255.985132]], [[3309033679.4281693, 1943766457.4920933], [1943766457.4920933, 12030657978.65871]]]",2710491200126.7407,12414383505384.969,8.0,1.5383375284727663e-06,3.662711410210018e-14,False,False,/private/tmp/oneD-v2-taylor-peierls-spatial-pf-runs/oneD_v2_DBTT_spatial_05_mobile_transport_extreme/T1100K_seed1008666/steps_1100K.csv,53eb704c205bbce2fde69489640d79e1f3c6163383048c13b18cdbaae9bac1fc,/private/tmp/oneD-v2-taylor-peierls-spatial-pf-runs/oneD_v2_DBTT_spatial_05_mobile_transport_extreme/T1100K_seed1008666/anisotropic_emission_audit_v10174.json,279e3384a117c8f31baf853d8226fbd57e23b664b0de21741bc6dc49544636aa,FULL_ACTIVE_AND_WAKE_SPATIAL_PROFILE_OBSERVER,PF_MODEL_NATIVE_DRIVING_TRAJECTORY_NOT_RESISTANCE
DBTT,MOBILE_TRANSPORT_EXTREME,oneD_v2_dbtt_TP_bd5be1610f6e1bce,oneD_v2_DBTT_spatial_05_mobile_transport_extreme,1100.0,1008666,300.0,45,1,535,1552.4993563871476,3.696427039017032e-05,7779633.156656231,22075.229927441083,99.09992211941574,99.09992211941574,99.09992211941574,-0.004117387171000429,32.89148392792674,13121803603.994167,210.49677185678402,217.22836324016038,6.731591383376352,9.077780793468316,0.13644327165617254,8.807078494274087,1.994135345955621e-08,30945.99477403941,1622.4104091722268,"[5673356980.177498, -5693246268.982126]","[[8688928267.863659, -25127886.16150548], [-25127886.16150548, 16791504828.61639]]","[[[5482259579.524352, -843409420.1956342], [-843409420.1956342, 16828973539.879349]], [[5420734276.446128, 795612271.7465045], [795612271.7465045, 16807226814.410381]]]",2710491200126.7407,12414383505384.969,8.0,4.200001058052294e-07,1.0000009988912067e-14,False,False,/private/tmp/oneD-v2-taylor-peierls-spatial-pf-runs/oneD_v2_DBTT_spatial_05_mobile_transport_extreme/T1100K_seed1008666/steps_1100K.csv,53eb704c205bbce2fde69489640d79e1f3c6163383048c13b18cdbaae9bac1fc,/private/tmp/oneD-v2-taylor-peierls-spatial-pf-runs/oneD_v2_DBTT_spatial_05_mobile_transport_extreme/T1100K_seed1008666/anisotropic_emission_audit_v10174.json,279e3384a117c8f31baf853d8226fbd57e23b664b0de21741bc6dc49544636aa,FULL_ACTIVE_AND_WAKE_SPATIAL_PROFILE_OBSERVER,PF_MODEL_NATIVE_DRIVING_TRAJECTORY_NOT_RESISTANCE
DBTT,MOBILE_TRANSPORT_EXTREME,oneD_v2_dbtt_TP_bd5be1610f6e1bce,oneD_v2_DBTT_spatial_05_mobile_transport_extreme,1100.0,1008666,300.0,46,1,540,1552.4993568071477,3.696427040017033e-05,7771905.399958728,22962.44841693273,101.07175159364071,101.07175159364071,101.07175159364071,-0.015159534215076988,31.38870843229183,12522282920.83418,217.22836324016038,219.5257033357853,2.2973400956249295,10.368422659253001,0.12669821246487228,9.484614992337622,2.2928134061208002e-08,35582.22022707516,1720.7274559787127,"[5835993804.890618, -5831529684.259886]","[[8212419221.567783, -61210540.955302335], [-61210540.955302335, 15355230066.300272]]","[[[5716530734.50581, -1277619819.7008317], [-1277619819.7008317, 17388518344.28705]], [[5683147560.875322, 1226839955.7393687], [1226839955.7393687, 17346206929.395096]]]",4743359600221.797,21725171134423.695,14.0,1.6306125871778931e-06,3.882412783189765e-14,False,False,/private/tmp/oneD-v2-taylor-peierls-spatial-pf-runs/oneD_v2_DBTT_spatial_05_mobile_transport_extreme/T1100K_seed1008666/steps_1100K.csv,53eb704c205bbce2fde69489640d79e1f3c6163383048c13b18cdbaae9bac1fc,/private/tmp/oneD-v2-taylor-peierls-spatial-pf-runs/oneD_v2_DBTT_spatial_05_mobile_transport_extreme/T1100K_seed1008666/anisotropic_emission_audit_v10174.json,279e3384a117c8f31baf853d8226fbd57e23b664b0de21741bc6dc49544636aa,FULL_ACTIVE_AND_WAKE_SPATIAL_PROFILE_OBSERVER,PF_MODEL_NATIVE_DRIVING_TRAJECTORY_NOT_RESISTANCE
DBTT,MOBILE_TRANSPORT_EXTREME,oneD_v2_dbtt_TP_bd5be1610f6e1bce,oneD_v2_DBTT_spatial_05_mobile_transport_extreme,1100.0,1008666,300.0,47,1,550,1552.4993584377603,3.6964270438994455e-05,7768328.278507027,23402.622957294185,102.03589146586481,102.03589146586481,102.03589146586481,-0.039346539368412585,33.131260028205205,13217460428.22502,219.5257033357853,226.66107911389597,7.13537577811066,9.484840243171835,0.13313071388891148,9.026228423154173,2.0966126615205695e-08,32538.573502167783,1654.006414064496,"[5603997299.898633, -5569957921.872401]","[[7880331244.878762, -48316200.09220794], [-48316200.09220794, 16216779395.115658]]","[[[5516785960.659814, -1328961014.851998], [-1328961014.851998, 16724780560.457083]], [[5510227679.955403, 1277812047.39754], [1277812047.39754, 16650143523.700205]]]",2710491200126.7407,12414383505384.969,8.0,2.5200006348313764e-07,6.000001927589094e-15,False,False,/private/tmp/oneD-v2-taylor-peierls-spatial-pf-runs/oneD_v2_DBTT_spatial_05_mobile_transport_extreme/T1100K_seed1008666/steps_1100K.csv,53eb704c205bbce2fde69489640d79e1f3c6163383048c13b18cdbaae9bac1fc,/private/tmp/oneD-v2-taylor-peierls-spatial-pf-runs/oneD_v2_DBTT_spatial_05_mobile_transport_extreme/T1100K_seed1008666/anisotropic_emission_audit_v10174.json,279e3384a117c8f31baf853d8226fbd57e23b664b0de21741bc6dc49544636aa,FULL_ACTIVE_AND_WAKE_SPATIAL_PROFILE_OBSERVER,PF_MODEL_NATIVE_DRIVING_TRAJECTORY_NOT_RESISTANCE
DBTT,MOBILE_TRANSPORT_EXTREME,oneD_v2_dbtt_TP_bd5be1610f6e1bce,oneD_v2_DBTT_spatial_05_mobile_transport_extreme,1100.0,1008666,300.0,48,1,553,1552.4993586897604,3.696427044499446e-05,7758776.720220405,24594.229890760886,104.60135476791788,104.60135476791788,104.60135476791788,-0.055948411629833876,33.54182959126119,13381253985.973995,226.66107911389597,228.95841920952083,2.2973400956248753,9.725257798556001,0.13128406706784124,9.15323458556724,2.133515409033058e-08,33110.13196841444,1672.4072941794552,"[5507087421.643375, -5531259343.827589]","[[7386099621.098614, -58200279.34977265], [-58200279.34977265, 16359285116.99384]]","[[[6151315199.16309, -1677416275.5972655], [-1677416275.5972655, 17165490042.44984]], [[6151374810.082904, 1554902426.662201], [1554902426.662201, 17213893497.738083]]]",1355245600063.3704,6207191752692.484,4.0,2.6104794415005017e-06,6.21543086638289e-14,False,False,/private/tmp/oneD-v2-taylor-peierls-spatial-pf-runs/oneD_v2_DBTT_spatial_05_mobile_transport_extreme/T1100K_seed1008666/steps_1100K.csv,53eb704c205bbce2fde69489640d79e1f3c6163383048c13b18cdbaae9bac1fc,/private/tmp/oneD-v2-taylor-peierls-spatial-pf-runs/oneD_v2_DBTT_spatial_05_mobile_transport_extreme/T1100K_seed1008666/anisotropic_emission_audit_v10174.json,279e3384a117c8f31baf853d8226fbd57e23b664b0de21741bc6dc49544636aa,FULL_ACTIVE_AND_WAKE_SPATIAL_PROFILE_OBSERVER,PF_MODEL_NATIVE_DRIVING_TRAJECTORY_NOT_RESISTANCE
DBTT,MOBILE_TRANSPORT_EXTREME,oneD_v2_dbtt_TP_bd5be1610f6e1bce,oneD_v2_DBTT_spatial_05_mobile_transport_extreme,1100.0,1008666,300.0,49,1,563,1552.4993613002398,3.6964270507148765e-05,7752371.997013965,25406.85924690471,106.31540210960972,106.31540210960972,106.31540210960972,-0.08905892201761965,35.73446627918935,14255989466.347898,228.95841920952083,240.01715839650478,11.058739186983964,8.851518314954864,0.13839492581074075,8.68286198293808,1.929197424306993e-08,29941.52369223055,1604.60022121344,"[4807114727.276448, -4793661492.48885]","[[5403750986.170393, -144733886.202632], [-144733886.202632, 15658540974.393196]]","[[[4946205980.096143, -2875025018.0365944], [-2875025018.0365944, 14560435434.64904]], [[4991594987.57883, 2758735598.94846], [2758735598.94846, 14578917972.55653]]]",2032868400095.0554,9310787629038.727,6.0,3.360000846441835e-07,8.00000934638237e-15,False,False,/private/tmp/oneD-v2-taylor-peierls-spatial-pf-runs/oneD_v2_DBTT_spatial_05_mobile_transport_extreme/T1100K_seed1008666/steps_1100K.csv,53eb704c205bbce2fde69489640d79e1f3c6163383048c13b18cdbaae9bac1fc,/private/tmp/oneD-v2-taylor-peierls-spatial-pf-runs/oneD_v2_DBTT_spatial_05_mobile_transport_extreme/T1100K_seed1008666/anisotropic_emission_audit_v10174.json,279e3384a117c8f31baf853d8226fbd57e23b664b0de21741bc6dc49544636aa,FULL_ACTIVE_AND_WAKE_SPATIAL_PROFILE_OBSERVER,PF_MODEL_NATIVE_DRIVING_TRAJECTORY_NOT_RESISTANCE
DBTT,MOBILE_TRANSPORT_EXTREME,oneD_v2_dbtt_TP_bd5be1610f6e1bce,oneD_v2_DBTT_spatial_05_mobile_transport_extreme,1100.0,1008666,300.0,50,1,567,1552.4993616362399,3.6964270515148775e-05,7748028.540096169,23750.05967460057,102.79051640702515,102.79051640702515,102.79051640702515,-0.10889759791215155,33.154004753801395,13226534260.921467,240.01715839650478,242.31449849212973,2.2973400956249295,9.612450247973465,0.13214091290866106,9.093884438877618,2.0973629947001745e-08,32549.06382854268,1663.7969203104913,"[5836026824.140952, -5819584497.077632]","[[8317749756.370065, 56498599.70005687], [56498599.70005687, 16936040861.453493]]","[[[5186924247.627308, -825737393.2158431], [-825737393.2158431, 16858977895.909212]], [[5236064543.201768, 891330099.835141], [891330099.835141, 16875233537.35703]]]",677622800031.6852,3103595876346.242,2.0,2.5200006348313764e-07,6.000001927589094e-15,False,False,/private/tmp/oneD-v2-taylor-peierls-spatial-pf-runs/oneD_v2_DBTT_spatial_05_mobile_transport_extreme/T1100K_seed1008666/steps_1100K.csv,53eb704c205bbce2fde69489640d79e1f3c6163383048c13b18cdbaae9bac1fc,/private/tmp/oneD-v2-taylor-peierls-spatial-pf-runs/oneD_v2_DBTT_spatial_05_mobile_transport_extreme/T1100K_seed1008666/anisotropic_emission_audit_v10174.json,279e3384a117c8f31baf853d8226fbd57e23b664b0de21741bc6dc49544636aa,FULL_ACTIVE_AND_WAKE_SPATIAL_PROFILE_OBSERVER,PF_MODEL_NATIVE_DRIVING_TRAJECTORY_NOT_RESISTANCE
DBTT,MOBILE_TRANSPORT_EXTREME,oneD_v2_dbtt_TP_bd5be1610f6e1bce,oneD_v2_DBTT_spatial_05_mobile_transport_extreme,1100.0,1008666,300.0,51,1,570,1552.49936188824,3.696427052114878e-05,7745745.22492388,23481.853273604873,102.20846838353327,102.20846838353327,102.20846838353327,-0.12571629169906318,32.637081862717594,13020311863.960794,242.31449849212973,244.61183858775462,2.2973400956249024,9.807337457692661,0.13067099151067946,9.19619905055263,2.1771256799947404e-08,33786.25182988975,1678.6463627171393,"[5709738879.551453, -5693220852.653357]","[[8375218874.733788, 55013255.29438166], [55013255.29438166, 16029359963.638474]]","[[[4815961473.058264, -632181784.1819472], [-632181784.1819472, 16235439232.16117]], [[4853981844.462608, 695237143.3620672], [695237143.3620672, 16240423549.769323]]]",9486719200443.594,43450342268847.41,28.0,2.9728842037002323e-06,7.078296553487268e-14,False,False,/private/tmp/oneD-v2-taylor-peierls-spatial-pf-runs/oneD_v2_DBTT_spatial_05_mobile_transport_extreme/T1100K_seed1008666/steps_1100K.csv,53eb704c205bbce2fde69489640d79e1f3c6163383048c13b18cdbaae9bac1fc,/private/tmp/oneD-v2-taylor-peierls-spatial-pf-runs/oneD_v2_DBTT_spatial_05_mobile_transport_extreme/T1100K_seed1008666/anisotropic_emission_audit_v10174.json,279e3384a117c8f31baf853d8226fbd57e23b664b0de21741bc6dc49544636aa,FULL_ACTIVE_AND_WAKE_SPATIAL_PROFILE_OBSERVER,PF_MODEL_NATIVE_DRIVING_TRAJECTORY_NOT_RESISTANCE
DBTT,MOBILE_TRANSPORT_EXTREME,oneD_v2_dbtt_TP_bd5be1610f6e1bce,oneD_v2_DBTT_spatial_05_mobile_transport_extreme,1100.0,1008666,300.0,52,1,580,1552.4993648611241,3.696427059193174e-05,7743414.831895568,23193.55924619294,101.57910810221712,101.57910810221712,101.57910810221712,-0.1864633749343379,32.101524480365356,12806655380.55937,244.61183858775462,257.4326195078266,12.820780920071964,10.012844601716667,0.12917289969590395,9.302869322877653,2.2069343688880826e-08,34249.51999306875,1694.1731440878648,"[5871649288.156594, -5853483719.093799]","[[8590640759.699633, 63930882.02129757], [63930882.02129757, 16598201736.334751]]","[[[5039249892.037797, -774598471.8968205], [-774598471.8968205, 16782548468.350986]], [[5081796453.859107, 839330593.255776], [839330593.255776, 16788763892.046705]]]",4065736800190.112,18621575258077.453,12.0,8.400002116104588e-08,2.000007418793276e-15,False,False,/private/tmp/oneD-v2-taylor-peierls-spatial-pf-runs/oneD_v2_DBTT_spatial_05_mobile_transport_extreme/T1100K_seed1008666/steps_1100K.csv,53eb704c205bbce2fde69489640d79e1f3c6163383048c13b18cdbaae9bac1fc,/private/tmp/oneD-v2-taylor-peierls-spatial-pf-runs/oneD_v2_DBTT_spatial_05_mobile_transport_extreme/T1100K_seed1008666/anisotropic_emission_audit_v10174.json,279e3384a117c8f31baf853d8226fbd57e23b664b0de21741bc6dc49544636aa,FULL_ACTIVE_AND_WAKE_SPATIAL_PROFILE_OBSERVER,PF_MODEL_NATIVE_DRIVING_TRAJECTORY_NOT_RESISTANCE
DBTT,MOBILE_TRANSPORT_EXTREME,oneD_v2_dbtt_TP_bd5be1610f6e1bce,oneD_v2_DBTT_spatial_05_mobile_transport_extreme,1100.0,1008666,300.0,53,1,581,1552.4993649451242,3.696427059393175e-05,7728020.348211245,21458.82634594499,97.70654983401052,97.70654983401052,97.70654983401052,-0.19158471020057535,31.134650880378008,12420928621.720476,257.4326195078266,259.7299596034515,2.2973400956249024,9.848256592142212,0.13036854610417722,9.217542727800401,2.2055473894089505e-08,34226.09484986126,1681.748642829363,"[5797629528.736196, -5808630757.136835]","[[6569309625.751686, 59107727.65026096], [59107727.65026096, 15474459956.989199]]","[[[6093069139.098441, -1003808452.8855323], [-1003808452.8855323, 17688328196.570835]], [[6098658022.844391, 1061860567.0453328], [1061860567.0453328, 17715919537.11806]]]",33881140001584.297,155179793817312.4,100.0,4.200001058052294e-07,1.000000321264849e-14,False,False,/private/tmp/oneD-v2-taylor-peierls-spatial-pf-runs/oneD_v2_DBTT_spatial_05_mobile_transport_extreme/T1100K_seed1008666/steps_1100K.csv,53eb704c205bbce2fde69489640d79e1f3c6163383048c13b18cdbaae9bac1fc,/private/tmp/oneD-v2-taylor-peierls-spatial-pf-runs/oneD_v2_DBTT_spatial_05_mobile_transport_extreme/T1100K_seed1008666/anisotropic_emission_audit_v10174.json,279e3384a117c8f31baf853d8226fbd57e23b664b0de21741bc6dc49544636aa,FULL_ACTIVE_AND_WAKE_SPATIAL_PROFILE_OBSERVER,PF_MODEL_NATIVE_DRIVING_TRAJECTORY_NOT_RESISTANCE
DBTT,MOBILE_TRANSPORT_EXTREME,oneD_v2_dbtt_TP_bd5be1610f6e1bce,oneD_v2_DBTT_spatial_05_mobile_transport_extreme,1100.0,1008666,300.0,54,1,586,1552.4993653651243,3.696427060393175e-05,7721891.485942909,21209.86870503023,97.13811808722552,97.13811808722552,97.13811808722552,-0.17345192751374983,32.84212328885755,13102111558.081831,259.7299596034515,262.02729969907637,2.2973400956249024,8.748164010075309,0.13931472881310283,8.625456501654133,1.918283487905915e-08,29770.98512350011,1596.4041889674231,"[5027973622.065975, -5070288876.541541]","[[5929584705.851181, 67517283.41196], [67517283.41196, 15226649823.994804]]","[[[5036380090.641825, -2067997381.4438062], [-2067997381.4438062, 15092327334.773775]], [[5014540776.7896185, 2100585501.4725814], [2100585501.4725814, 15155118529.872702]]]",6776228000316.854,31035958763462.42,20.0,3.879869154843618e-06,9.23778130271051e-14,False,False,/private/tmp/oneD-v2-taylor-peierls-spatial-pf-runs/oneD_v2_DBTT_spatial_05_mobile_transport_extreme/T1100K_seed1008666/steps_1100K.csv,53eb704c205bbce2fde69489640d79e1f3c6163383048c13b18cdbaae9bac1fc,/private/tmp/oneD-v2-taylor-peierls-spatial-pf-runs/oneD_v2_DBTT_spatial_05_mobile_transport_extreme/T1100K_seed1008666/anisotropic_emission_audit_v10174.json,279e3384a117c8f31baf853d8226fbd57e23b664b0de21741bc6dc49544636aa,FULL_ACTIVE_AND_WAKE_SPATIAL_PROFILE_OBSERVER,PF_MODEL_NATIVE_DRIVING_TRAJECTORY_NOT_RESISTANCE
DBTT,MOBILE_TRANSPORT_EXTREME,oneD_v2_dbtt_TP_bd5be1610f6e1bce,oneD_v2_DBTT_spatial_05_mobile_transport_extreme,1100.0,1008666,300.0,55,1,596,1552.4993692449934,3.6964270696309566e-05,7742073.927203296,15085.77856835582,81.92275704450431,81.92275704450431,81.92275704450431,-0.20735904583656148,27.35811622686031,10914309275.031092,262.02729969907637,279.2579249532601,17.23062525418374,8.966784633929885,0.13739029450309123,8.746350321446885,1.9378376239958522e-08,30073.782084576433,1613.6959224528164,"[5537296310.182108, -5563066303.305725]","[[5711905329.093622, -34477007.47705853], [-34477007.47705853, 14034393888.393988]]","[[[2927604136.8259177, -780805749.1868465], [-780805749.1868465, 14002196757.190134]], [[2866300108.5026145, 736290901.0620255], [736290901.0620255, 13992432715.114067]]]",8809096400411.91,40346746392501.16,26.0,3.413645117689157e-06,8.12772903992752e-14,False,False,/private/tmp/oneD-v2-taylor-peierls-spatial-pf-runs/oneD_v2_DBTT_spatial_05_mobile_transport_extreme/T1100K_seed1008666/steps_1100K.csv,53eb704c205bbce2fde69489640d79e1f3c6163383048c13b18cdbaae9bac1fc,/private/tmp/oneD-v2-taylor-peierls-spatial-pf-runs/oneD_v2_DBTT_spatial_05_mobile_transport_extreme/T1100K_seed1008666/anisotropic_emission_audit_v10174.json,279e3384a117c8f31baf853d8226fbd57e23b664b0de21741bc6dc49544636aa,FULL_ACTIVE_AND_WAKE_SPATIAL_PROFILE_OBSERVER,PF_MODEL_NATIVE_DRIVING_TRAJECTORY_NOT_RESISTANCE
DBTT,MOBILE_TRANSPORT_EXTREME,oneD_v2_dbtt_TP_bd5be1610f6e1bce,oneD_v2_DBTT_spatial_05_mobile_transport_extreme,1100.0,1008666,300.0,56,1,606,1552.4993726586385,3.6964270777586856e-05,7729219.529935623,13990.937263866452,78.89402255498109,78.89402255498109,78.89402255498109,-0.1894920982755186,27.217939287396163,10858386767.141571,279.2579249532601,294.1956478027983,14.93772284953817,8.401904055053825,0.14253540012660973,8.430585562331256,1.7929778553637233e-08,27824.391232683112,1568.661960882393,"[5098124251.883306, -5113391982.531538]","[[4866381286.908227, -30001041.719999894], [-30001041.719999894, 13192752797.048946]]","[[[3689248262.103773, -824681958.959263], [-824681958.959263, 13885496765.870382]], [[3641491105.401503, 768292720.4424856], [768292720.4424856, 13868275070.464579]]]",6098605200285.168,27932362887116.18,18.0,2.5200006348313764e-07,6.000001927589094e-15,False,False,/private/tmp/oneD-v2-taylor-peierls-spatial-pf-runs/oneD_v2_DBTT_spatial_05_mobile_transport_extreme/T1100K_seed1008666/steps_1100K.csv,53eb704c205bbce2fde69489640d79e1f3c6163383048c13b18cdbaae9bac1fc,/private/tmp/oneD-v2-taylor-peierls-spatial-pf-runs/oneD_v2_DBTT_spatial_05_mobile_transport_extreme/T1100K_seed1008666/anisotropic_emission_audit_v10174.json,279e3384a117c8f31baf853d8226fbd57e23b664b0de21741bc6dc49544636aa,FULL_ACTIVE_AND_WAKE_SPATIAL_PROFILE_OBSERVER,PF_MODEL_NATIVE_DRIVING_TRAJECTORY_NOT_RESISTANCE
DBTT,MOBILE_TRANSPORT_EXTREME,oneD_v2_dbtt_TP_bd5be1610f6e1bce,oneD_v2_DBTT_spatial_05_mobile_transport_extreme,1100.0,1008666,300.0,57,1,609,1552.4993729106386,3.696427078358686e-05,7698429.754524208,19887.11526454917,94.06035007270528,94.06035007270528,94.06035007270528,-0.2084563717551224,31.353198631892166,12508116560.08614,294.1956478027983,296.4929878984232,2.2973400956249024,9.00014432595433,0.1371035982680979,8.763205568673914,1.9488425098717037e-08,30243.65797309387,1616.3195838183365,"[5534012582.112148, -5739922254.564587]","[[7920348350.5579195, -167806616.85392222], [-167806616.85392222, 16180922694.772598]]","[[[5092628199.509556, -961898386.4745595], [-961898386.4745595, 16160653363.733852]], [[4656529603.039572, 763531529.9291184], [763531529.9291184, 16136374112.168745]]]",4065736800190.112,18621575258077.453,12.0,9.493919606029522e-07,2.2604531094150282e-14,False,False,/private/tmp/oneD-v2-taylor-peierls-spatial-pf-runs/oneD_v2_DBTT_spatial_05_mobile_transport_extreme/T1100K_seed1008666/steps_1100K.csv,53eb704c205bbce2fde69489640d79e1f3c6163383048c13b18cdbaae9bac1fc,/private/tmp/oneD-v2-taylor-peierls-spatial-pf-runs/oneD_v2_DBTT_spatial_05_mobile_transport_extreme/T1100K_seed1008666/anisotropic_emission_audit_v10174.json,279e3384a117c8f31baf853d8226fbd57e23b664b0de21741bc6dc49544636aa,FULL_ACTIVE_AND_WAKE_SPATIAL_PROFILE_OBSERVER,PF_MODEL_NATIVE_DRIVING_TRAJECTORY_NOT_RESISTANCE
DBTT,MOBILE_TRANSPORT_EXTREME,oneD_v2_dbtt_TP_bd5be1610f6e1bce,oneD_v2_DBTT_spatial_05_mobile_transport_extreme,1100.0,1008666,300.0,58,1,619,1552.4993738600306,3.696427080619139e-05,7696338.3916984,19709.836079675333,93.64017173668783,93.64017173668783,93.64017173668783,-0.21146201187029556,31.089870255117713,12403063736.961332,296.4929878984232,300.64693596292,4.153948064496821,9.071656219069832,0.13649501710031237,8.802121487701084,2.0273319026205143e-08,31461.441632610495,1621.9306814805816,"[5389729065.384302, -5601330888.401067]","[[7953954334.485155, -158740530.2958971], [-158740530.2958971, 15253132702.417377]]","[[[4704911884.106976, -777923924.2395875], [-777923924.2395875, 15484370014.875582]], [[4278625678.7371116, 597630965.4149097], [597630965.4149097, 15481287455.539246]]]",2032868400095.0554,9310787629038.727,6.0,,,False,True,/private/tmp/oneD-v2-taylor-peierls-spatial-pf-runs/oneD_v2_DBTT_spatial_05_mobile_transport_extreme/T1100K_seed1008666/steps_1100K.csv,53eb704c205bbce2fde69489640d79e1f3c6163383048c13b18cdbaae9bac1fc,/private/tmp/oneD-v2-taylor-peierls-spatial-pf-runs/oneD_v2_DBTT_spatial_05_mobile_transport_extreme/T1100K_seed1008666/anisotropic_emission_audit_v10174.json,279e3384a117c8f31baf853d8226fbd57e23b664b0de21741bc6dc49544636aa,FULL_ACTIVE_AND_WAKE_SPATIAL_PROFILE_OBSERVER,PF_MODEL_NATIVE_DRIVING_TRAJECTORY_NOT_RESISTANCE
DBTT,BACKSTRESS_SHIELDING_EXTREME,oneD_v2_dbtt_TP_9555ff54d637c974,oneD_v2_DBTT_spatial_06_backstress_shielding_extreme,1100.0,1008666,300.0,0,0,175,1372.757257060194,3.268469659667135e-05,7120029.695501241,6926.561745523683,55.511063826065026,55.511063826065026,55.511063826065026,-3.728860637020706,20.093524862490423,8016156629.944813,0.0,2.931106565679095,2.931106565679095,7.632149054560665,0.15057823613891674,7.980190319932891,0.0,25276.79704671065,1505.3516303299448,"[3209440057.167839, -3200846291.4782934]","[[-206364268.45030162, -9432830.281315148], [-9432830.281315148, 6410455852.272608]]","[[[-43423600.203284554, 57640313.24718659], [57640313.24718659, 6375456514.132393]], [[-40134852.67826679, -69417907.05328515], [-69417907.05328515, 6361557730.27832]]]",839204348166.6871,3843659266276.4287,2.0,6.902290607091118,1.643402525497957e-07,False,False,/private/tmp/oneD-v2-taylor-peierls-spatial-pf-runs/oneD_v2_DBTT_spatial_06_backstress_shielding_extreme/T1100K_seed1008666/steps_1100K.csv,94e1ad8f29b7e46075669002f33174c76dbfb3b81cb7bc44aa308d7298fb2322,/private/tmp/oneD-v2-taylor-peierls-spatial-pf-runs/oneD_v2_DBTT_spatial_06_backstress_shielding_extreme/T1100K_seed1008666/anisotropic_emission_audit_v10174.json,b805ad511a165793a81820b742578eb143c5ce0b68c0d46c35abef84a746e821,FULL_ACTIVE_AND_WAKE_SPATIAL_PROFILE_OBSERVER,PF_MODEL_NATIVE_DRIVING_TRAJECTORY_NOT_RESISTANCE
DBTT,BACKSTRESS_SHIELDING_EXTREME,oneD_v2_dbtt_TP_9555ff54d637c974,oneD_v2_DBTT_spatial_06_backstress_shielding_extreme,1100.0,1008666,300.0,1,0,192,1379.659547667285,3.284903684922115e-05,7155660.31268834,7218.687512847314,56.66955683755737,56.66955683755737,56.66955683755737,-3.7868286669409437,20.44407863715057,8156007352.211062,2.931106565679095,7.415929780049919,4.484823214370824,7.683596451212321,0.14999770481694755,8.011080752889434,0.0,25720.8772919631,1509.6562498615533,"[3550287743.8656077, -3539523971.716884]","[[664129031.3127036, -13224501.145186307], [-13224501.145186307, 7149245497.506802]]","[[[-15316683.337475812, -82124881.83183573], [-82124881.83183573, 7085258804.39374]], [[-11370779.693952255, 63138220.444136806], [63138220.444136806, 7067677163.739816]]]",839204348166.6871,3843659266276.428,2.0,0.10613982518725606,2.5271386949426273e-09,False,False,/private/tmp/oneD-v2-taylor-peierls-spatial-pf-runs/oneD_v2_DBTT_spatial_06_backstress_shielding_extreme/T1100K_seed1008666/steps_1100K.csv,94e1ad8f29b7e46075669002f33174c76dbfb3b81cb7bc44aa308d7298fb2322,/private/tmp/oneD-v2-taylor-peierls-spatial-pf-runs/oneD_v2_DBTT_spatial_06_backstress_shielding_extreme/T1100K_seed1008666/anisotropic_emission_audit_v10174.json,b805ad511a165793a81820b742578eb143c5ce0b68c0d46c35abef84a746e821,FULL_ACTIVE_AND_WAKE_SPATIAL_PROFILE_OBSERVER,PF_MODEL_NATIVE_DRIVING_TRAJECTORY_NOT_RESISTANCE
DBTT,BACKSTRESS_SHIELDING_EXTREME,oneD_v2_dbtt_TP_9555ff54d637c974,oneD_v2_DBTT_spatial_06_backstress_shielding_extreme,1100.0,1008666,300.0,2,0,206,1379.7656874924724,3.285156398791609e-05,7155610.823648258,7670.006298611756,58.414216455082396,58.414216455082396,58.414216455082396,-3.873785855925232,20.688473431920393,8253506768.954776,7.415929780049919,10.475434902500647,3.059505122450728,7.972237335439201,0.14686072410853088,8.182240426408237,0.0,26353.324125300132,1533.6095091022576,"[3912641913.0247626, -3902797028.2678947]","[[1555683483.126938, -18059218.957162175], [-18059218.957162175, 7939996785.804421]]","[[[525981995.8775739, -131128099.90166359], [-131128099.90166359, 8351265821.927099]], [[524067200.21512973, 98923168.91976711], [98923168.91976711, 8329661256.750919]]]",4196021740833.4365,19218296331382.145,10.0,0.0019832538564514834,4.7220329920793103e-11,False,False,/private/tmp/oneD-v2-taylor-peierls-spatial-pf-runs/oneD_v2_DBTT_spatial_06_backstress_shielding_extreme/T1100K_seed1008666/steps_1100K.csv,94e1ad8f29b7e46075669002f33174c76dbfb3b81cb7bc44aa308d7298fb2322,/private/tmp/oneD-v2-taylor-peierls-spatial-pf-runs/oneD_v2_DBTT_spatial_06_backstress_shielding_extreme/T1100K_seed1008666/anisotropic_emission_audit_v10174.json,b805ad511a165793a81820b742578eb143c5ce0b68c0d46c35abef84a746e821,FULL_ACTIVE_AND_WAKE_SPATIAL_PROFILE_OBSERVER,PF_MODEL_NATIVE_DRIVING_TRAJECTORY_NOT_RESISTANCE
DBTT,BACKSTRESS_SHIELDING_EXTREME,oneD_v2_dbtt_TP_9555ff54d637c974,oneD_v2_DBTT_spatial_06_backstress_shielding_extreme,1100.0,1008666,300.0,3,0,216,1379.7676707463288,3.285161120824601e-05,7154987.304435459,8030.526783094557,59.77130152843205,59.77130152843205,59.77130152843205,-3.6795523058586133,21.666376186702934,8643633523.958565,10.475434902500647,17.738586165025698,7.263151262525049,7.610494329782442,0.15082461133481762,7.967148887189832,0.0,25285.29694807109,1503.5365493606528,"[4037727225.001534, -4025065722.709252]","[[2107744404.7009416, -21420184.403208762], [-21420184.403208762, 8679785067.303032]]","[[[854470384.3077022, -183233644.37740767], [-183233644.37740767, 8929924834.31077]], [[850630104.1314517, 146175534.56148103], [146175534.56148103, 8900761549.549955]]]",2517613044500.0615,11530977798829.285,6.0,2.3921711544971913e-06,5.695646048981678e-14,False,False,/private/tmp/oneD-v2-taylor-peierls-spatial-pf-runs/oneD_v2_DBTT_spatial_06_backstress_shielding_extreme/T1100K_seed1008666/steps_1100K.csv,94e1ad8f29b7e46075669002f33174c76dbfb3b81cb7bc44aa308d7298fb2322,/private/tmp/oneD-v2-taylor-peierls-spatial-pf-runs/oneD_v2_DBTT_spatial_06_backstress_shielding_extreme/T1100K_seed1008666/anisotropic_emission_audit_v10174.json,b805ad511a165793a81820b742578eb143c5ce0b68c0d46c35abef84a746e821,FULL_ACTIVE_AND_WAKE_SPATIAL_PROFILE_OBSERVER,PF_MODEL_NATIVE_DRIVING_TRAJECTORY_NOT_RESISTANCE
DBTT,BACKSTRESS_SHIELDING_EXTREME,oneD_v2_dbtt_TP_9555ff54d637c974,oneD_v2_DBTT_spatial_06_backstress_shielding_extreme,1100.0,1008666,300.0,4,0,226,1379.7676731385,3.285161126520247e-05,7150367.532000698,9812.079210685031,66.06953010709994,66.06953010709994,66.06953010709994,-3.030307369344862,25.917953294770204,10339767390.75345,17.738586165025698,28.2064547972602,10.467868632234504,6.498319051490181,0.1653728546786504,7.265154857209382,1.1069005269146588e-08,21271.19566834464,1407.6483054426344,"[3712538729.861509, -3594567072.3832655]","[[2734822377.8165255, -230067504.6947508], [-230067504.6947508, 10262079627.443155]]","[[[2419666491.617026, -1727720483.7228065], [-1727720483.7228065, 9844743951.340044]], [[2425609985.000629, 1623081070.5292614], [1623081070.5292614, 9614744129.76716]]]",5035226089000.124,23061955597658.574,12.0,1.108996912080329e-06,2.6404727471347755e-14,False,False,/private/tmp/oneD-v2-taylor-peierls-spatial-pf-runs/oneD_v2_DBTT_spatial_06_backstress_shielding_extreme/T1100K_seed1008666/steps_1100K.csv,94e1ad8f29b7e46075669002f33174c76dbfb3b81cb7bc44aa308d7298fb2322,/private/tmp/oneD-v2-taylor-peierls-spatial-pf-runs/oneD_v2_DBTT_spatial_06_backstress_shielding_extreme/T1100K_seed1008666/anisotropic_emission_audit_v10174.json,b805ad511a165793a81820b742578eb143c5ce0b68c0d46c35abef84a746e821,FULL_ACTIVE_AND_WAKE_SPATIAL_PROFILE_OBSERVER,PF_MODEL_NATIVE_DRIVING_TRAJECTORY_NOT_RESISTANCE
DBTT,BACKSTRESS_SHIELDING_EXTREME,oneD_v2_dbtt_TP_9555ff54d637c974,oneD_v2_DBTT_spatial_06_backstress_shielding_extreme,1100.0,1008666,300.0,5,0,236,1379.7676742474969,3.28516112916072e-05,7141474.930467095,10605.243520944963,68.68802322925458,68.68802322925458,68.68802322925458,-3.3754365352503477,25.710094406209343,10256843691.749273,28.2064547972602,33.059301215423474,4.852846418163278,7.137640880515908,0.15652533461261306,7.6769067123201635,1.2504415282884893e-08,24029.61654006235,1463.4174941312258,"[4595199535.309135, -4575776417.886483]","[[5102973274.704326, 8019959.580005272], [8019959.580005272, 12041952515.47661]]","[[[2779131514.3848357, -593264882.3565066], [-593264882.3565066, 11969530585.003107]], [[2813593670.414314, 607085126.9929233], [607085126.9929233, 11965146506.18728]]]",2517613044500.0615,11530977798829.287,6.0,8.400002116104588e-08,2.000000642529698e-15,False,False,/private/tmp/oneD-v2-taylor-peierls-spatial-pf-runs/oneD_v2_DBTT_spatial_06_backstress_shielding_extreme/T1100K_seed1008666/steps_1100K.csv,94e1ad8f29b7e46075669002f33174c76dbfb3b81cb7bc44aa308d7298fb2322,/private/tmp/oneD-v2-taylor-peierls-spatial-pf-runs/oneD_v2_DBTT_spatial_06_backstress_shielding_extreme/T1100K_seed1008666/anisotropic_emission_audit_v10174.json,b805ad511a165793a81820b742578eb143c5ce0b68c0d46c35abef84a746e821,FULL_ACTIVE_AND_WAKE_SPATIAL_PROFILE_OBSERVER,PF_MODEL_NATIVE_DRIVING_TRAJECTORY_NOT_RESISTANCE
DBTT,BACKSTRESS_SHIELDING_EXTREME,oneD_v2_dbtt_TP_9555ff54d637c974,oneD_v2_DBTT_spatial_06_backstress_shielding_extreme,1100.0,1008666,300.0,6,0,237,1379.767674331497,3.28516112936072e-05,7138969.034444719,10690.403819914136,68.96325484518556,68.96325484518556,68.96325484518556,-3.476210411496162,25.27162692874879,10081920476.409296,33.059301215423474,35.35664131104838,2.2973400956249024,7.446789844969577,0.1527271235801777,7.867862534935925,1.2976215659344403e-08,24937.265252575933,1489.752690820401,"[4710531790.962391, -4685889760.781225]","[[5394204083.759257, 5422728.054719875], [5422728.054719875, 11912970904.172564]]","[[[2733716410.555929, -525695939.1409097], [-525695939.1409097, 12154779992.480711]], [[2772775902.3663774, 531197036.13755435], [531197036.13755435, 12144555423.92883]]]",41960217408334.37,192182963313821.66,100.0,1.198895915877074e-06,2.854514584774148e-14,False,False,/private/tmp/oneD-v2-taylor-peierls-spatial-pf-runs/oneD_v2_DBTT_spatial_06_backstress_shielding_extreme/T1100K_seed1008666/steps_1100K.csv,94e1ad8f29b7e46075669002f33174c76dbfb3b81cb7bc44aa308d7298fb2322,/private/tmp/oneD-v2-taylor-peierls-spatial-pf-runs/oneD_v2_DBTT_spatial_06_backstress_shielding_extreme/T1100K_seed1008666/anisotropic_emission_audit_v10174.json,b805ad511a165793a81820b742578eb143c5ce0b68c0d46c35abef84a746e821,FULL_ACTIVE_AND_WAKE_SPATIAL_PROFILE_OBSERVER,PF_MODEL_NATIVE_DRIVING_TRAJECTORY_NOT_RESISTANCE
DBTT,BACKSTRESS_SHIELDING_EXTREME,oneD_v2_dbtt_TP_9555ff54d637c974,oneD_v2_DBTT_spatial_06_backstress_shielding_extreme,1100.0,1008666,300.0,7,0,247,1379.7676755303928,3.2851611322152345e-05,7137402.955405591,10755.52319218163,69.17297684564718,69.17297684564718,69.17297684564718,-3.606965101265564,25.177942324785732,10044545726.865768,35.35664131104838,40.602872086987624,5.246230775939242,7.548009932402152,0.15154236032039842,7.929399641406853,1.3742919693191659e-08,26410.746038110705,1498.28840450278,"[4548910664.7553215, -4530861290.723002]","[[4890318903.86154, 5946011.344452436], [5946011.344452436, 11162715468.343895]]","[[[2900334989.9022155, -454625225.0371195], [-454625225.0371195, 11998156319.412859]], [[2940425232.15611, 451914012.16611904], [451914012.16611904, 12002147813.602116]]]",2517613044500.0615,11530977798829.287,6.0,1.1270390132267494e-06,2.6834274819559356e-14,False,False,/private/tmp/oneD-v2-taylor-peierls-spatial-pf-runs/oneD_v2_DBTT_spatial_06_backstress_shielding_extreme/T1100K_seed1008666/steps_1100K.csv,94e1ad8f29b7e46075669002f33174c76dbfb3b81cb7bc44aa308d7298fb2322,/private/tmp/oneD-v2-taylor-peierls-spatial-pf-runs/oneD_v2_DBTT_spatial_06_backstress_shielding_extreme/T1100K_seed1008666/anisotropic_emission_audit_v10174.json,b805ad511a165793a81820b742578eb143c5ce0b68c0d46c35abef84a746e821,FULL_ACTIVE_AND_WAKE_SPATIAL_PROFILE_OBSERVER,PF_MODEL_NATIVE_DRIVING_TRAJECTORY_NOT_RESISTANCE
DBTT,BACKSTRESS_SHIELDING_EXTREME,oneD_v2_dbtt_TP_9555ff54d637c974,oneD_v2_DBTT_spatial_06_backstress_shielding_extreme,1100.0,1008666,300.0,8,0,257,1379.7676766574318,3.285161134898662e-05,7133135.766975113,10908.50006995281,69.66316706378349,69.66316706378349,69.66316706378349,-3.3291503203935924,25.621432010599328,10221472513.45876,40.602872086987624,45.534666691946185,4.931794604958564,7.392641242088798,0.15337244247675033,7.834776736143214,1.303510544153402e-08,25047.853760371934,1485.1689906643721,"[4652640168.438936, -4656695322.086177]","[[4660603957.09207, 12899898.659726797], [12899898.659726797, 11931278301.185932]]","[[[2976349724.9232464, -1060439300.7544073], [-1060439300.7544073, 12281630061.801119]], [[2990354750.0407515, 1073619902.8836236], [1073619902.8836236, 12303745394.213106]]]",2517613044500.0615,11530977798829.287,6.0,8.400002116104588e-08,2.000000642529698e-15,False,False,/private/tmp/oneD-v2-taylor-peierls-spatial-pf-runs/oneD_v2_DBTT_spatial_06_backstress_shielding_extreme/T1100K_seed1008666/steps_1100K.csv,94e1ad8f29b7e46075669002f33174c76dbfb3b81cb7bc44aa308d7298fb2322,/private/tmp/oneD-v2-taylor-peierls-spatial-pf-runs/oneD_v2_DBTT_spatial_06_backstress_shielding_extreme/T1100K_seed1008666/anisotropic_emission_audit_v10174.json,b805ad511a165793a81820b742578eb143c5ce0b68c0d46c35abef84a746e821,FULL_ACTIVE_AND_WAKE_SPATIAL_PROFILE_OBSERVER,PF_MODEL_NATIVE_DRIVING_TRAJECTORY_NOT_RESISTANCE
DBTT,BACKSTRESS_SHIELDING_EXTREME,oneD_v2_dbtt_TP_9555ff54d637c974,oneD_v2_DBTT_spatial_06_backstress_shielding_extreme,1100.0,1008666,300.0,9,0,258,1379.7676767414318,3.285161135098662e-05,7130253.732469251,10938.362657566164,69.75845517004116,69.75845517004116,69.75845517004116,-3.315614899454012,25.422899570669912,10142269529.139658,45.534666691946185,47.83200678757109,2.2973400956249024,7.529108316451603,0.15176150713770936,7.9179579189453255,1.314265318965668e-08,25257.74489039358,1496.6976756314546,"[4520060723.138462, -4510414604.1292715]","[[4341938081.59848, -394463.57103928534], [-394463.57103928534, 11445102303.9617]]","[[[3490528212.6975217, -580714451.4875325], [-580714451.4875325, 12530649658.974445]], [[3472932910.235045, 639102612.5086414], [639102612.5086414, 12493762118.493587]]]",41960217408334.37,192182963313821.66,100.0,1.6800004232209176e-07,4.000001285059396e-15,False,False,/private/tmp/oneD-v2-taylor-peierls-spatial-pf-runs/oneD_v2_DBTT_spatial_06_backstress_shielding_extreme/T1100K_seed1008666/steps_1100K.csv,94e1ad8f29b7e46075669002f33174c76dbfb3b81cb7bc44aa308d7298fb2322,/private/tmp/oneD-v2-taylor-peierls-spatial-pf-runs/oneD_v2_DBTT_spatial_06_backstress_shielding_extreme/T1100K_seed1008666/anisotropic_emission_audit_v10174.json,b805ad511a165793a81820b742578eb143c5ce0b68c0d46c35abef84a746e821,FULL_ACTIVE_AND_WAKE_SPATIAL_PROFILE_OBSERVER,PF_MODEL_NATIVE_DRIVING_TRAJECTORY_NOT_RESISTANCE
DBTT,BACKSTRESS_SHIELDING_EXTREME,oneD_v2_dbtt_TP_9555ff54d637c974,oneD_v2_DBTT_spatial_06_backstress_shielding_extreme,1100.0,1008666,300.0,10,0,260,1379.7676769094319,3.285161135498662e-05,7126681.771042187,11065.955287534196,70.16413102146734,70.16413102146734,70.16413102146734,-2.563428062418603,28.33207475698698,11302862512.056252,47.83200678757109,50.12934688319599,2.2973400956249024,6.133008175591264,0.17115476220816628,7.020557656460939,1.0299345378043271e-08,19793.223687169175,1374.9643542939205,"[3957709610.5519476, -3973557187.986939]","[[3923900223.6734705, -18090243.985181425], [-18090243.985181425, 12661616949.857641]]","[[[2949526434.2536087, -1543930548.7918584], [-1543930548.7918584, 10864945655.357504]], [[2967205968.1000233, 1618065471.1321077], [1618065471.1321077, 10914320344.073902]]]",2517613044500.0615,11530977798829.287,6.0,171.31619265600216,4.0789569679999644e-06,True,False,/private/tmp/oneD-v2-taylor-peierls-spatial-pf-runs/oneD_v2_DBTT_spatial_06_backstress_shielding_extreme/T1100K_seed1008666/steps_1100K.csv,94e1ad8f29b7e46075669002f33174c76dbfb3b81cb7bc44aa308d7298fb2322,/private/tmp/oneD-v2-taylor-peierls-spatial-pf-runs/oneD_v2_DBTT_spatial_06_backstress_shielding_extreme/T1100K_seed1008666/anisotropic_emission_audit_v10174.json,b805ad511a165793a81820b742578eb143c5ce0b68c0d46c35abef84a746e821,FULL_ACTIVE_AND_WAKE_SPATIAL_PROFILE_OBSERVER,PF_MODEL_NATIVE_DRIVING_TRAJECTORY_NOT_RESISTANCE
DBTT,BACKSTRESS_SHIELDING_EXTREME,oneD_v2_dbtt_TP_9555ff54d637c974,oneD_v2_DBTT_spatial_06_backstress_shielding_extreme,1100.0,1008666,300.0,11,1,293,1551.083869565434,3.6930568322986586e-05,8068230.851869738,5434.962399048403,49.1721238983418,49.1721238983418,49.1721238983418,-2.067370362218327,21.41507247106357,8543377846.568045,50.12934688319599,52.42668697882088,2.2973400956248953,5.272284502794002,0.1875996688401806,6.404392057663101,0.0,16227.364469835982,1295.5668087256745,"[4044286940.408078, -3937779555.745379]","[[4571979357.306717, 93715761.73570873], [93715761.73570873, 10622369576.10859]]","[[[2446383926.3551464, -481476597.5798152], [-481476597.5798152, 10534957807.171303]], [[2677339060.734495, 595674885.9200151], [595674885.9200151, 10552898172.225254]]]",41121013060167.68,188339304047545.22,98.0,0.37020990861742575,8.814521633758812e-09,False,False,/private/tmp/oneD-v2-taylor-peierls-spatial-pf-runs/oneD_v2_DBTT_spatial_06_backstress_shielding_extreme/T1100K_seed1008666/steps_1100K.csv,94e1ad8f29b7e46075669002f33174c76dbfb3b81cb7bc44aa308d7298fb2322,/private/tmp/oneD-v2-taylor-peierls-spatial-pf-runs/oneD_v2_DBTT_spatial_06_backstress_shielding_extreme/T1100K_seed1008666/anisotropic_emission_audit_v10174.json,b805ad511a165793a81820b742578eb143c5ce0b68c0d46c35abef84a746e821,FULL_ACTIVE_AND_WAKE_SPATIAL_PROFILE_OBSERVER,PF_MODEL_NATIVE_DRIVING_TRAJECTORY_NOT_RESISTANCE
DBTT,BACKSTRESS_SHIELDING_EXTREME,oneD_v2_dbtt_TP_9555ff54d637c974,oneD_v2_DBTT_spatial_06_backstress_shielding_extreme,1100.0,1008666,300.0,12,1,314,1551.4540794740515,3.6939382844620345e-05,8069314.457932399,5530.222979958172,49.60118093727221,49.60118093727221,49.60118093727221,-2.117736273795283,21.063429224676295,8403092487.966542,52.42668697882088,56.677418122201125,4.250731143380243,5.545310613360495,0.18188000494889814,6.605842406153775,0.0,17161.572075243967,1321.1123218555188,"[3982441097.4079356, -3875683524.141551]","[[4559443944.212236, 87031282.94410186], [87031282.94410186, 10082183835.12602]]","[[[2199365993.3218293, -397188480.78994787], [-397188480.78994787, 10164248188.137701]], [[2419909476.6717105, 500558571.3107886], [500558571.3107886, 10171276524.954813]]]",1678408696333.3743,7687318532552.857,4.0,1.3235754143879603,3.1513700342565294e-08,False,False,/private/tmp/oneD-v2-taylor-peierls-spatial-pf-runs/oneD_v2_DBTT_spatial_06_backstress_shielding_extreme/T1100K_seed1008666/steps_1100K.csv,94e1ad8f29b7e46075669002f33174c76dbfb3b81cb7bc44aa308d7298fb2322,/private/tmp/oneD-v2-taylor-peierls-spatial-pf-runs/oneD_v2_DBTT_spatial_06_backstress_shielding_extreme/T1100K_seed1008666/anisotropic_emission_audit_v10174.json,b805ad511a165793a81820b742578eb143c5ce0b68c0d46c35abef84a746e821,FULL_ACTIVE_AND_WAKE_SPATIAL_PROFILE_OBSERVER,PF_MODEL_NATIVE_DRIVING_TRAJECTORY_NOT_RESISTANCE
DBTT,BACKSTRESS_SHIELDING_EXTREME,oneD_v2_dbtt_TP_9555ff54d637c974,oneD_v2_DBTT_spatial_06_backstress_shielding_extreme,1100.0,1008666,300.0,13,1,334,1552.7776548884394,3.697089654496291e-05,8074322.7982123345,5741.845722117342,50.541305410438945,50.541305410438945,50.541305410438945,-2.0394590998324795,21.119758557141743,8425564640.313798,56.677418122201125,64.60637726595918,7.9289591437580516,5.7268395014047995,0.1783545000376863,6.736467172937947,0.0,17757.22915856144,1337.9133632740602,"[4152534768.5020328, -4041690711.997329]","[[4143484495.8149123, 85748847.40529335], [85748847.40529335, 10248616200.776293]]","[[[2398771582.9663544, -697211686.740564], [-697211686.740564, 10703841119.97042]], [[2477171076.4271016, 800171799.2285146], [800171799.2285146, 10560552500.42176]]]",1678408696333.3743,7687318532552.857,4.0,0.00017072774971893523,4.064946431759156e-12,False,False,/private/tmp/oneD-v2-taylor-peierls-spatial-pf-runs/oneD_v2_DBTT_spatial_06_backstress_shielding_extreme/T1100K_seed1008666/steps_1100K.csv,94e1ad8f29b7e46075669002f33174c76dbfb3b81cb7bc44aa308d7298fb2322,/private/tmp/oneD-v2-taylor-peierls-spatial-pf-runs/oneD_v2_DBTT_spatial_06_backstress_shielding_extreme/T1100K_seed1008666/anisotropic_emission_audit_v10174.json,b805ad511a165793a81820b742578eb143c5ce0b68c0d46c35abef84a746e821,FULL_ACTIVE_AND_WAKE_SPATIAL_PROFILE_OBSERVER,PF_MODEL_NATIVE_DRIVING_TRAJECTORY_NOT_RESISTANCE
DBTT,BACKSTRESS_SHIELDING_EXTREME,oneD_v2_dbtt_TP_9555ff54d637c974,oneD_v2_DBTT_spatial_06_backstress_shielding_extreme,1100.0,1008666,300.0,14,1,335,1552.7778256161891,3.697090060990934e-05,8070216.549215419,6169.704156532583,52.39053883308807,52.39053883308807,52.39053883308807,-1.6964576176228139,22.742841912791793,9073081215.498438,64.60637726595918,73.04590364404542,8.439526378086239,5.306598931097947,0.18685105103822405,6.429384681176251,0.0,16194.951146223239,1298.795330460263,"[3637554136.6312976, -3783795349.0219984]","[[4184723774.3141236, -30294609.796620198], [-30294609.796620198, 10504400394.59366]]","[[[2107235285.6352043, -1234691280.5728135], [-1234691280.5728135, 9382343558.8978]], [[2853664038.773784, 1157590600.7674468], [1157590600.7674468, 10421254736.817781]]]",72171573942335.11,330554696899772.6,172.0,2.5200006348313764e-07,6.000001927589094e-15,False,False,/private/tmp/oneD-v2-taylor-peierls-spatial-pf-runs/oneD_v2_DBTT_spatial_06_backstress_shielding_extreme/T1100K_seed1008666/steps_1100K.csv,94e1ad8f29b7e46075669002f33174c76dbfb3b81cb7bc44aa308d7298fb2322,/private/tmp/oneD-v2-taylor-peierls-spatial-pf-runs/oneD_v2_DBTT_spatial_06_backstress_shielding_extreme/T1100K_seed1008666/anisotropic_emission_audit_v10174.json,b805ad511a165793a81820b742578eb143c5ce0b68c0d46c35abef84a746e821,FULL_ACTIVE_AND_WAKE_SPATIAL_PROFILE_OBSERVER,PF_MODEL_NATIVE_DRIVING_TRAJECTORY_NOT_RESISTANCE
DBTT,BACKSTRESS_SHIELDING_EXTREME,oneD_v2_dbtt_TP_9555ff54d637c974,oneD_v2_DBTT_spatial_06_backstress_shielding_extreme,1100.0,1008666,300.0,15,1,338,1552.7778258681892,3.6970900615909344e-05,7999160.342824916,13552.735123350863,77.64869668003954,77.64869668003954,77.64869668003954,-2.622015564287122,27.702585703466458,11051732713.557035,73.04590364404542,75.34297779768553,2.297074153640119,7.8564748914828435,0.14809503903339358,8.112642691293926,1.33861703947464e-08,25724.96258728182,1524.042737182396,"[4937163918.076893, -4757274068.213646]","[[6104857991.793744, 372032605.4355712], [372032605.4355712, 13211928566.06761]]","[[[3378862489.9324517, -465225081.28498113], [-465225081.28498113, 13253190326.086237]], [[3864160241.007289, 846938787.4668177], [846938787.4668177, 13378708377.43458]]]",1678408696333.3743,7687318532552.857,4.0,5.040001269662753e-07,1.199999707891461e-14,False,False,/private/tmp/oneD-v2-taylor-peierls-spatial-pf-runs/oneD_v2_DBTT_spatial_06_backstress_shielding_extreme/T1100K_seed1008666/steps_1100K.csv,94e1ad8f29b7e46075669002f33174c76dbfb3b81cb7bc44aa308d7298fb2322,/private/tmp/oneD-v2-taylor-peierls-spatial-pf-runs/oneD_v2_DBTT_spatial_06_backstress_shielding_extreme/T1100K_seed1008666/anisotropic_emission_audit_v10174.json,b805ad511a165793a81820b742578eb143c5ce0b68c0d46c35abef84a746e821,FULL_ACTIVE_AND_WAKE_SPATIAL_PROFILE_OBSERVER,PF_MODEL_NATIVE_DRIVING_TRAJECTORY_NOT_RESISTANCE
DBTT,BACKSTRESS_SHIELDING_EXTREME,oneD_v2_dbtt_TP_9555ff54d637c974,oneD_v2_DBTT_spatial_06_backstress_shielding_extreme,1100.0,1008666,300.0,16,1,344,1552.7778263721893,3.697090062790934e-05,7997735.290990926,13781.039721870187,78.29998657151461,78.29998657151461,78.29998657151461,-2.7279665495314207,27.2829599468225,10884326257.28632,75.34297779768553,77.64005195132565,2.2970741536401054,8.236456408522113,0.14415525581357552,8.334540037134479,1.4319994080241474e-08,27519.476237854233,1555.248508882373,"[4854536551.391995, -4685902722.973013]","[[6184013811.528154, 287596752.80826944], [287596752.80826944, 12402652289.534252]]","[[[3105691130.956782, -349770077.0081483], [-349770077.0081483, 12814764233.740774]], [[3511864142.7550507, 700149453.6661848], [700149453.6661848, 12883669588.701077]]]",6713634785333.499,30749274130211.434,16.0,3.360000846441835e-07,8.00000934638237e-15,False,False,/private/tmp/oneD-v2-taylor-peierls-spatial-pf-runs/oneD_v2_DBTT_spatial_06_backstress_shielding_extreme/T1100K_seed1008666/steps_1100K.csv,94e1ad8f29b7e46075669002f33174c76dbfb3b81cb7bc44aa308d7298fb2322,/private/tmp/oneD-v2-taylor-peierls-spatial-pf-runs/oneD_v2_DBTT_spatial_06_backstress_shielding_extreme/T1100K_seed1008666/anisotropic_emission_audit_v10174.json,b805ad511a165793a81820b742578eb143c5ce0b68c0d46c35abef84a746e821,FULL_ACTIVE_AND_WAKE_SPATIAL_PROFILE_OBSERVER,PF_MODEL_NATIVE_DRIVING_TRAJECTORY_NOT_RESISTANCE
DBTT,BACKSTRESS_SHIELDING_EXTREME,oneD_v2_dbtt_TP_9555ff54d637c974,oneD_v2_DBTT_spatial_06_backstress_shielding_extreme,1100.0,1008666,300.0,17,1,348,1552.7778267081894,3.697090063590935e-05,7996284.969726776,13993.617721528271,78.90157965982247,78.90157965982247,78.90157965982247,-2.688314555898477,27.29364535704463,10888589119.20736,77.64005195132565,79.93712610496574,2.2970741536401054,8.356959700761864,0.14297002952208593,8.404255518473828,1.4524403015947663e-08,27911.725540419968,1565.028400192183,"[4988678165.52231, -4861075501.344754]","[[6266569835.680233, 401701316.7644798], [401701316.7644798, 12905442607.04256]]","[[[3279276073.5316105, -479344465.1875036], [-479344465.1875036, 13256632404.576231]], [[3466215915.074286, 904431249.5421385], [904431249.5421385, 13188366917.763794]]]",6713634785333.499,30749274130211.434,16.0,3.360000846441835e-07,8.000002570118792e-15,False,False,/private/tmp/oneD-v2-taylor-peierls-spatial-pf-runs/oneD_v2_DBTT_spatial_06_backstress_shielding_extreme/T1100K_seed1008666/steps_1100K.csv,94e1ad8f29b7e46075669002f33174c76dbfb3b81cb7bc44aa308d7298fb2322,/private/tmp/oneD-v2-taylor-peierls-spatial-pf-runs/oneD_v2_DBTT_spatial_06_backstress_shielding_extreme/T1100K_seed1008666/anisotropic_emission_audit_v10174.json,b805ad511a165793a81820b742578eb143c5ce0b68c0d46c35abef84a746e821,FULL_ACTIVE_AND_WAKE_SPATIAL_PROFILE_OBSERVER,PF_MODEL_NATIVE_DRIVING_TRAJECTORY_NOT_RESISTANCE
DBTT,BACKSTRESS_SHIELDING_EXTREME,oneD_v2_dbtt_TP_9555ff54d637c974,oneD_v2_DBTT_spatial_06_backstress_shielding_extreme,1100.0,1008666,300.0,18,1,352,1552.7778270441895,3.697090064390935e-05,7994515.896470992,14218.303763579404,79.53249182524509,79.53249182524509,79.53249182524509,-2.8355012623356104,26.4006267709348,10532326248.02384,79.93712610496574,82.23340249422276,2.2962763892570144,9.075294018417566,0.13646427488142138,8.804900064221593,1.586909093161214e-08,30497.133747960823,1622.2156399868315,"[5161103015.115999, -5020776627.607678]","[[5784088886.408042, 232443958.37871456], [232443958.37871456, 12218950441.187946]]","[[[3592399455.9499135, -559064531.8531207], [-559064531.8531207, 13914605486.181913]], [[3588428624.434863, 978623490.7953084], [978623490.7953084, 13629981879.650219]]]",1678408696333.3743,7687318532552.857,4.0,4.02363025386876e-06,9.580074092959551e-14,False,False,/private/tmp/oneD-v2-taylor-peierls-spatial-pf-runs/oneD_v2_DBTT_spatial_06_backstress_shielding_extreme/T1100K_seed1008666/steps_1100K.csv,94e1ad8f29b7e46075669002f33174c76dbfb3b81cb7bc44aa308d7298fb2322,/private/tmp/oneD-v2-taylor-peierls-spatial-pf-runs/oneD_v2_DBTT_spatial_06_backstress_shielding_extreme/T1100K_seed1008666/anisotropic_emission_audit_v10174.json,b805ad511a165793a81820b742578eb143c5ce0b68c0d46c35abef84a746e821,FULL_ACTIVE_AND_WAKE_SPATIAL_PROFILE_OBSERVER,PF_MODEL_NATIVE_DRIVING_TRAJECTORY_NOT_RESISTANCE
DBTT,BACKSTRESS_SHIELDING_EXTREME,oneD_v2_dbtt_TP_9555ff54d637c974,oneD_v2_DBTT_spatial_06_backstress_shielding_extreme,1100.0,1008666,300.0,19,1,362,1552.7778310678198,3.6970900739710094e-05,7992379.477084409,14485.5013816372,80.27632106689774,80.27632106689774,80.27632106689774,-1.9274287331240407,27.472819811773004,10960069384.76638,82.23340249422276,100.16094124707362,17.927538752850865,8.538241748474066,0.14124082066423407,8.506705683591084,1.480134415267407e-08,28442.87654099194,1579.6380545621398,"[5015357700.091538, -4851170635.167522]","[[5550791122.453669, 209963845.4557551], [209963845.4557551, 12856193965.938673]]","[[[3396815218.3333726, -757009900.7302105], [-757009900.7302105, 13427530618.516449]], [[3521438364.9709187, 1107654012.30334], [1107654012.30334, 13223779635.305964]]]",11748860874333.623,53811229727869.98,28.0,2.5200006348313764e-07,6.000001927589094e-15,False,False,/private/tmp/oneD-v2-taylor-peierls-spatial-pf-runs/oneD_v2_DBTT_spatial_06_backstress_shielding_extreme/T1100K_seed1008666/steps_1100K.csv,94e1ad8f29b7e46075669002f33174c76dbfb3b81cb7bc44aa308d7298fb2322,/private/tmp/oneD-v2-taylor-peierls-spatial-pf-runs/oneD_v2_DBTT_spatial_06_backstress_shielding_extreme/T1100K_seed1008666/anisotropic_emission_audit_v10174.json,b805ad511a165793a81820b742578eb143c5ce0b68c0d46c35abef84a746e821,FULL_ACTIVE_AND_WAKE_SPATIAL_PROFILE_OBSERVER,PF_MODEL_NATIVE_DRIVING_TRAJECTORY_NOT_RESISTANCE
DBTT,BACKSTRESS_SHIELDING_EXTREME,oneD_v2_dbtt_TP_9555ff54d637c974,oneD_v2_DBTT_spatial_06_backstress_shielding_extreme,1100.0,1008666,300.0,20,1,365,1552.7778313198198,3.6970900745710096e-05,7960319.6037453795,19472.614118514706,93.0749526952214,93.0749526952214,93.0749526952214,-1.8966114085201984,31.540493673633723,12582836471.146399,100.16094124707362,102.45801540071372,2.297074153640092,8.708205617700898,0.13967528702145451,8.601744783264158,1.527769200296257e-08,29360.018473644584,1593.2251586255852,"[5631353410.481536, -5423706565.1335535]","[[8103280919.195334, 253008734.26170117], [253008734.26170117, 16096836305.783468]]","[[[4765094645.093562, -519318193.40249795], [-519318193.40249795, 16027801466.056633]], [[5260310799.136373, 956098078.4544253], [956098078.4544253, 16107723929.403482]]]",10070452178000.248,46123911195317.13,24.0,4.200001058052294e-07,1.000000321264849e-14,False,False,/private/tmp/oneD-v2-taylor-peierls-spatial-pf-runs/oneD_v2_DBTT_spatial_06_backstress_shielding_extreme/T1100K_seed1008666/steps_1100K.csv,94e1ad8f29b7e46075669002f33174c76dbfb3b81cb7bc44aa308d7298fb2322,/private/tmp/oneD-v2-taylor-peierls-spatial-pf-runs/oneD_v2_DBTT_spatial_06_backstress_shielding_extreme/T1100K_seed1008666/anisotropic_emission_audit_v10174.json,b805ad511a165793a81820b742578eb143c5ce0b68c0d46c35abef84a746e821,FULL_ACTIVE_AND_WAKE_SPATIAL_PROFILE_OBSERVER,PF_MODEL_NATIVE_DRIVING_TRAJECTORY_NOT_RESISTANCE
DBTT,BACKSTRESS_SHIELDING_EXTREME,oneD_v2_dbtt_TP_9555ff54d637c974,oneD_v2_DBTT_spatial_06_backstress_shielding_extreme,1100.0,1008666,300.0,21,1,370,1552.77783173982,3.69709007557101e-05,7958175.871951492,19704.902947168357,93.62845250469229,93.62845250469229,93.62845250469229,-1.9422352901991118,30.777472014310693,12278434870.380383,102.45801540071372,104.75508955435383,2.297074153640119,9.254432681828057,0.13497564340160334,8.901265901934398,1.644934855257857e-08,31612.717370006336,1636.1914361372221,"[5512102629.712952, -5306593660.574326]","[[8084476926.640215, 267114246.4796731], [267114246.4796731, 14815780291.360142]]","[[[4400075180.653379, -359061369.62912214], [-359061369.62912214, 15424280440.079283]], [[4832467813.555069, 748622913.0849179], [748622913.0849179, 15445655134.703722]]]",5874430437166.812,26905614863935.004,14.0,7.560001904494129e-07,1.800000578276728e-14,False,False,/private/tmp/oneD-v2-taylor-peierls-spatial-pf-runs/oneD_v2_DBTT_spatial_06_backstress_shielding_extreme/T1100K_seed1008666/steps_1100K.csv,94e1ad8f29b7e46075669002f33174c76dbfb3b81cb7bc44aa308d7298fb2322,/private/tmp/oneD-v2-taylor-peierls-spatial-pf-runs/oneD_v2_DBTT_spatial_06_backstress_shielding_extreme/T1100K_seed1008666/anisotropic_emission_audit_v10174.json,b805ad511a165793a81820b742578eb143c5ce0b68c0d46c35abef84a746e821,FULL_ACTIVE_AND_WAKE_SPATIAL_PROFILE_OBSERVER,PF_MODEL_NATIVE_DRIVING_TRAJECTORY_NOT_RESISTANCE
DBTT,BACKSTRESS_SHIELDING_EXTREME,oneD_v2_dbtt_TP_9555ff54d637c974,oneD_v2_DBTT_spatial_06_backstress_shielding_extreme,1100.0,1008666,300.0,22,1,379,1552.7778324958201,3.6970900773710105e-05,7955986.742523146,19948.054751941007,94.20435298779327,94.20435298779327,94.20435298779327,-1.8202485894399336,31.078740294945607,12398623525.269495,104.75508955435383,107.969488677559,3.214399123205162,9.187876046177792,0.13552301973797948,8.865979416248631,1.6588955989057595e-08,31880.962725508056,1631.0118102814042,"[5673790161.246702, -5512031589.518888]","[[8164940411.699495, 96416161.15615542], [96416161.15615542, 15423596889.151207]]","[[[4611220298.272063, -519327451.60160315], [-519327451.60160315, 15958800620.765469]], [[4777329262.999672, 995492791.5478212], [995492791.5478212, 15801392442.03745]]]",1678408696333.3743,7687318532552.857,4.0,1.6998235423670849e-06,4.047198638506763e-14,False,False,/private/tmp/oneD-v2-taylor-peierls-spatial-pf-runs/oneD_v2_DBTT_spatial_06_backstress_shielding_extreme/T1100K_seed1008666/steps_1100K.csv,94e1ad8f29b7e46075669002f33174c76dbfb3b81cb7bc44aa308d7298fb2322,/private/tmp/oneD-v2-taylor-peierls-spatial-pf-runs/oneD_v2_DBTT_spatial_06_backstress_shielding_extreme/T1100K_seed1008666/anisotropic_emission_audit_v10174.json,b805ad511a165793a81820b742578eb143c5ce0b68c0d46c35abef84a746e821,FULL_ACTIVE_AND_WAKE_SPATIAL_PROFILE_OBSERVER,PF_MODEL_NATIVE_DRIVING_TRAJECTORY_NOT_RESISTANCE
DBTT,BACKSTRESS_SHIELDING_EXTREME,oneD_v2_dbtt_TP_9555ff54d637c974,oneD_v2_DBTT_spatial_06_backstress_shielding_extreme,1100.0,1008666,300.0,23,1,389,1552.7778341956437,3.697090081418209e-05,7953324.077829596,20240.676225012958,94.89278748002096,94.89278748002096,94.89278748002096,-1.5185213903888597,30.619348368656055,12215352662.597534,107.969488677559,115.41735671325131,7.447868035692315,9.604494686225875,0.13220197568335523,9.088080044888814,1.6822696126958387e-08,32328.41520515192,1663.1881204256445,"[5395135835.076409, -5195631393.6384945]","[[7421540882.614346, 267269434.3792617], [267269434.3792617, 14219227852.257128]]","[[[4842846825.116572, 8487110.781685788], [8487110.781685788, 15633118495.269392]], [[5218164354.051172, 306865340.5609519], [306865340.5609519, 15609427141.328161]]]",4196021740833.4365,19218296331382.145,10.0,4.200001058052294e-07,1.000000321264849e-14,False,False,/private/tmp/oneD-v2-taylor-peierls-spatial-pf-runs/oneD_v2_DBTT_spatial_06_backstress_shielding_extreme/T1100K_seed1008666/steps_1100K.csv,94e1ad8f29b7e46075669002f33174c76dbfb3b81cb7bc44aa308d7298fb2322,/private/tmp/oneD-v2-taylor-peierls-spatial-pf-runs/oneD_v2_DBTT_spatial_06_backstress_shielding_extreme/T1100K_seed1008666/anisotropic_emission_audit_v10174.json,b805ad511a165793a81820b742578eb143c5ce0b68c0d46c35abef84a746e821,FULL_ACTIVE_AND_WAKE_SPATIAL_PROFILE_OBSERVER,PF_MODEL_NATIVE_DRIVING_TRAJECTORY_NOT_RESISTANCE
DBTT,BACKSTRESS_SHIELDING_EXTREME,oneD_v2_dbtt_TP_9555ff54d637c974,oneD_v2_DBTT_spatial_06_backstress_shielding_extreme,1100.0,1008666,300.0,24,1,394,1552.7778346156438,3.6970900824182094e-05,7941688.849611811,21535.880583809212,97.88181471593822,97.88181471593822,97.88181471593822,-1.337113777241605,32.68371426963625,13038915502.717531,115.41735671325131,117.7146968088762,2.2973400956248886,8.968941984595784,0.13737169961585863,8.74656663508461,1.5700834412746264e-08,30173.03666768699,1613.865711458373,"[5089706705.179226, -4938713465.149773]","[[6209789160.45693, -585984.6007329873], [-585984.6007329873, 14930178263.460236]]","[[[4841028980.344848, -1816036885.9200463], [-1816036885.9200463, 15020442390.7033]], [[4804641053.713255, 2097257023.6553137], [2097257023.6553137, 14682067984.0128]]]",8392043481666.874,38436592662764.29,20.0,8.400002116104588e-08,2.000000642529698e-15,False,False,/private/tmp/oneD-v2-taylor-peierls-spatial-pf-runs/oneD_v2_DBTT_spatial_06_backstress_shielding_extreme/T1100K_seed1008666/steps_1100K.csv,94e1ad8f29b7e46075669002f33174c76dbfb3b81cb7bc44aa308d7298fb2322,/private/tmp/oneD-v2-taylor-peierls-spatial-pf-runs/oneD_v2_DBTT_spatial_06_backstress_shielding_extreme/T1100K_seed1008666/anisotropic_emission_audit_v10174.json,b805ad511a165793a81820b742578eb143c5ce0b68c0d46c35abef84a746e821,FULL_ACTIVE_AND_WAKE_SPATIAL_PROFILE_OBSERVER,PF_MODEL_NATIVE_DRIVING_TRAJECTORY_NOT_RESISTANCE
DBTT,BACKSTRESS_SHIELDING_EXTREME,oneD_v2_dbtt_TP_9555ff54d637c974,oneD_v2_DBTT_spatial_06_backstress_shielding_extreme,1100.0,1008666,300.0,25,1,395,1552.7778346996438,3.6970900826182095e-05,7937294.6050793165,18427.43014107756,90.54262514497972,90.54262514497972,90.54262514497972,-1.1306036718587016,31.989887468077956,12762118656.300234,117.7146968088762,119.6574708597544,1.9427740508781928,8.010889465774305,0.14645541858575742,8.20307272244494,1.4125816962536806e-08,27145.739785064365,1536.7920034331812,"[5202281772.509922, -4987452750.175344]","[[6645201998.974538, -71870528.02792014], [-71870528.02792014, 15684437100.321106]]","[[[4516113888.592736, -3160862372.2214293], [-3160862372.2214293, 14920677433.612581]], [[5134663885.110468, 2725719397.776481], [2725719397.776481, 15109569385.461159]]]",41960217408334.37,192182963313821.66,100.0,1.0316648513253313e-06,2.456340659302489e-14,False,False,/private/tmp/oneD-v2-taylor-peierls-spatial-pf-runs/oneD_v2_DBTT_spatial_06_backstress_shielding_extreme/T1100K_seed1008666/steps_1100K.csv,94e1ad8f29b7e46075669002f33174c76dbfb3b81cb7bc44aa308d7298fb2322,/private/tmp/oneD-v2-taylor-peierls-spatial-pf-runs/oneD_v2_DBTT_spatial_06_backstress_shielding_extreme/T1100K_seed1008666/anisotropic_emission_audit_v10174.json,b805ad511a165793a81820b742578eb143c5ce0b68c0d46c35abef84a746e821,FULL_ACTIVE_AND_WAKE_SPATIAL_PROFILE_OBSERVER,PF_MODEL_NATIVE_DRIVING_TRAJECTORY_NOT_RESISTANCE
DBTT,BACKSTRESS_SHIELDING_EXTREME,oneD_v2_dbtt_TP_9555ff54d637c974,oneD_v2_DBTT_spatial_06_backstress_shielding_extreme,1100.0,1008666,300.0,26,1,405,1552.7778357313086,3.69709008507455e-05,7936112.150799294,21534.542197362403,97.87877314702898,97.87877314702898,97.87877314702898,-0.9812823800163548,34.77747713119806,13874206033.328829,119.6574708597544,124.0548411523827,4.397370292628312,7.921015931082499,0.14740305180566105,8.147285077133217,1.406738192763939e-08,27035.072638789476,1529.3830413000137,"[5010833826.50149, -4676490512.188035]","[[5819439589.860342, -138770414.83100688], [-138770414.83100688, 16230056461.45261]]","[[[4211771600.445131, -2650137015.82751], [-2650137015.82751, 14233439253.44811]], [[5186516156.105115, 2316661366.1753306], [2316661366.1753306, 14539497180.481186]]]",2517613044500.0615,11530977798829.287,6.0,8.400002116104588e-08,2.000000642529698e-15,False,False,/private/tmp/oneD-v2-taylor-peierls-spatial-pf-runs/oneD_v2_DBTT_spatial_06_backstress_shielding_extreme/T1100K_seed1008666/steps_1100K.csv,94e1ad8f29b7e46075669002f33174c76dbfb3b81cb7bc44aa308d7298fb2322,/private/tmp/oneD-v2-taylor-peierls-spatial-pf-runs/oneD_v2_DBTT_spatial_06_backstress_shielding_extreme/T1100K_seed1008666/anisotropic_emission_audit_v10174.json,b805ad511a165793a81820b742578eb143c5ce0b68c0d46c35abef84a746e821,FULL_ACTIVE_AND_WAKE_SPATIAL_PROFILE_OBSERVER,PF_MODEL_NATIVE_DRIVING_TRAJECTORY_NOT_RESISTANCE
DBTT,BACKSTRESS_SHIELDING_EXTREME,oneD_v2_dbtt_TP_9555ff54d637c974,oneD_v2_DBTT_spatial_06_backstress_shielding_extreme,1100.0,1008666,300.0,27,1,406,1552.7778358153087,3.69709008527455e-05,7927983.826935095,21034.257114263324,96.73514443739087,96.73514443739087,96.73514443739087,-1.0706336355487966,31.879201778814423,12717961455.017635,124.0548411523827,126.35218124800764,2.2973400956249295,9.207753656903588,0.13535884493629335,8.877633062036203,1.651164893825615e-08,31731.10994477868,1632.560331574538,"[5842774413.161216, -5873327030.847469]","[[8189090913.818409, 21914698.75459813], [21914698.75459813, 16606043427.263098]]","[[[5118289195.028897, -831982510.0978132], [-831982510.0978132, 16803838021.35133]], [[5052869042.760835, 759564672.2340074], [759564672.2340074, 16799523104.455774]]]",41960217408334.37,192182963313821.66,100.0,2.7460898763820296e-06,6.538312371986293e-14,False,False,/private/tmp/oneD-v2-taylor-peierls-spatial-pf-runs/oneD_v2_DBTT_spatial_06_backstress_shielding_extreme/T1100K_seed1008666/steps_1100K.csv,94e1ad8f29b7e46075669002f33174c76dbfb3b81cb7bc44aa308d7298fb2322,/private/tmp/oneD-v2-taylor-peierls-spatial-pf-runs/oneD_v2_DBTT_spatial_06_backstress_shielding_extreme/T1100K_seed1008666/anisotropic_emission_audit_v10174.json,b805ad511a165793a81820b742578eb143c5ce0b68c0d46c35abef84a746e821,FULL_ACTIVE_AND_WAKE_SPATIAL_PROFILE_OBSERVER,PF_MODEL_NATIVE_DRIVING_TRAJECTORY_NOT_RESISTANCE
DBTT,BACKSTRESS_SHIELDING_EXTREME,oneD_v2_dbtt_TP_9555ff54d637c974,oneD_v2_DBTT_spatial_06_backstress_shielding_extreme,1100.0,1008666,300.0,28,1,416,1552.7778385613985,3.6970900918128626e-05,7925650.212112478,21310.81147794552,97.3689953328276,97.3689953328276,97.3689953328276,-0.7586048765130484,30.814788577703425,12293322025.277023,126.35218124800764,138.07027265511888,11.718091407111235,9.984423484654736,0.12937701550687544,9.28817968028841,1.7735601434197985e-08,34084.90418530077,1692.0337830781125,"[5716651829.85618, -5741228866.648389]","[[8308509606.360022, -36198174.49089114], [-36198174.49089114, 15531505789.027552]]","[[[4725867683.85606, -636407168.272162], [-636407168.272162, 16159171343.56842]], [[4682538860.863256, 558523260.17234], [558523260.17234, 16164996594.160034]]]",3356817392666.749,15374637065105.717,8.0,8.400002116104588e-08,2.000000642529698e-15,False,False,/private/tmp/oneD-v2-taylor-peierls-spatial-pf-runs/oneD_v2_DBTT_spatial_06_backstress_shielding_extreme/T1100K_seed1008666/steps_1100K.csv,94e1ad8f29b7e46075669002f33174c76dbfb3b81cb7bc44aa308d7298fb2322,/private/tmp/oneD-v2-taylor-peierls-spatial-pf-runs/oneD_v2_DBTT_spatial_06_backstress_shielding_extreme/T1100K_seed1008666/anisotropic_emission_audit_v10174.json,b805ad511a165793a81820b742578eb143c5ce0b68c0d46c35abef84a746e821,FULL_ACTIVE_AND_WAKE_SPATIAL_PROFILE_OBSERVER,PF_MODEL_NATIVE_DRIVING_TRAJECTORY_NOT_RESISTANCE
DBTT,BACKSTRESS_SHIELDING_EXTREME,oneD_v2_dbtt_TP_9555ff54d637c974,oneD_v2_DBTT_spatial_06_backstress_shielding_extreme,1100.0,1008666,300.0,29,1,417,1552.7778386453986,3.6970900920128627e-05,7907498.263167829,23320.57880969591,101.85687739271926,101.85687739271926,101.85687739271926,-0.6201054730806843,34.12457489036687,13613735724.49243,138.07027265511888,140.36761275074375,2.2973400956248753,8.909354019358291,0.13788810018515685,8.713990257597786,1.593298293501254e-08,30619.64312782373,1609.1699447991018,"[5316217350.85787, -5462399995.360897]","[[6454257705.287583, -257270232.05282944], [-257270232.05282944, 16654869433.769493]]","[[[5166797160.340028, -2358088225.422071], [-2358088225.422071, 15799231862.055769]], [[5040628082.2821, 2275680925.3164105], [2275680925.3164105, 15965428073.003895]]]",41960217408334.37,192182963313821.66,100.0,3.360000846441835e-07,8.000002570118792e-15,False,False,/private/tmp/oneD-v2-taylor-peierls-spatial-pf-runs/oneD_v2_DBTT_spatial_06_backstress_shielding_extreme/T1100K_seed1008666/steps_1100K.csv,94e1ad8f29b7e46075669002f33174c76dbfb3b81cb7bc44aa308d7298fb2322,/private/tmp/oneD-v2-taylor-peierls-spatial-pf-runs/oneD_v2_DBTT_spatial_06_backstress_shielding_extreme/T1100K_seed1008666/anisotropic_emission_audit_v10174.json,b805ad511a165793a81820b742578eb143c5ce0b68c0d46c35abef84a746e821,FULL_ACTIVE_AND_WAKE_SPATIAL_PROFILE_OBSERVER,PF_MODEL_NATIVE_DRIVING_TRAJECTORY_NOT_RESISTANCE
DBTT,BACKSTRESS_SHIELDING_EXTREME,oneD_v2_dbtt_TP_9555ff54d637c974,oneD_v2_DBTT_spatial_06_backstress_shielding_extreme,1100.0,1008666,300.0,30,1,421,1552.7778389813986,3.697090092812863e-05,7907498.264878899,23332.92244041899,101.883830354837,101.883830354837,101.883830354837,-0.6219213981873106,32.38648519302294,12920338257.091806,140.36761275074375,142.66495284636866,2.2973400956249295,9.896528786766623,0.13001443782579514,9.241597885232519,1.769126356767651e-08,33997.27066018255,1685.4015265965015,"[5625148731.480288, -5798024290.943186]","[[6753990271.200979, -123419100.25303474], [-123419100.25303474, 15877980950.358759]]","[[[5741663617.032536, -1511090324.847635], [-1511090324.847635, 16991961079.99311]], [[5566996352.269806, 1490232130.7545404], [1490232130.7545404, 17163044934.156178]]]",7552839133500.187,34592933396487.863,18.0,3.360000846441835e-07,8.000002570118792e-15,False,False,/private/tmp/oneD-v2-taylor-peierls-spatial-pf-runs/oneD_v2_DBTT_spatial_06_backstress_shielding_extreme/T1100K_seed1008666/steps_1100K.csv,94e1ad8f29b7e46075669002f33174c76dbfb3b81cb7bc44aa308d7298fb2322,/private/tmp/oneD-v2-taylor-peierls-spatial-pf-runs/oneD_v2_DBTT_spatial_06_backstress_shielding_extreme/T1100K_seed1008666/anisotropic_emission_audit_v10174.json,b805ad511a165793a81820b742578eb143c5ce0b68c0d46c35abef84a746e821,FULL_ACTIVE_AND_WAKE_SPATIAL_PROFILE_OBSERVER,PF_MODEL_NATIVE_DRIVING_TRAJECTORY_NOT_RESISTANCE
DBTT,BACKSTRESS_SHIELDING_EXTREME,oneD_v2_dbtt_TP_9555ff54d637c974,oneD_v2_DBTT_spatial_06_backstress_shielding_extreme,1100.0,1008666,300.0,31,1,425,1552.7778393173987,3.697090093612863e-05,7901263.067570064,23924.742608910256,103.16783869095008,103.16783869095008,103.16783869095008,-0.47142502044463946,35.31603732107299,14089060463.61096,142.66495284636866,144.96229294199355,2.2973400956248753,8.533844609034427,0.14128202413181162,8.503083885627824,1.483931555635439e-08,28517.428225149117,1579.285133621817,"[4932304117.169232, -5168141784.042902]","[[5721406432.1605425, -619253884.4959319], [-619253884.4959319, 16686258107.183405]]","[[[4589157215.138067, -2787925903.1686306], [-2787925903.1686306, 14453765449.476532]], [[4389752489.284084, 2754236045.7491717], [2754236045.7491717, 14726036057.36989]]]",3356817392666.749,15374637065105.717,8.0,9.296718417317607e-07,2.213507155346406e-14,False,False,/private/tmp/oneD-v2-taylor-peierls-spatial-pf-runs/oneD_v2_DBTT_spatial_06_backstress_shielding_extreme/T1100K_seed1008666/steps_1100K.csv,94e1ad8f29b7e46075669002f33174c76dbfb3b81cb7bc44aa308d7298fb2322,/private/tmp/oneD-v2-taylor-peierls-spatial-pf-runs/oneD_v2_DBTT_spatial_06_backstress_shielding_extreme/T1100K_seed1008666/anisotropic_emission_audit_v10174.json,b805ad511a165793a81820b742578eb143c5ce0b68c0d46c35abef84a746e821,FULL_ACTIVE_AND_WAKE_SPATIAL_PROFILE_OBSERVER,PF_MODEL_NATIVE_DRIVING_TRAJECTORY_NOT_RESISTANCE
DBTT,BACKSTRESS_SHIELDING_EXTREME,oneD_v2_dbtt_TP_9555ff54d637c974,oneD_v2_DBTT_spatial_06_backstress_shielding_extreme,1100.0,1008666,300.0,32,1,435,1552.7778402470706,3.69709009582637e-05,7901965.533997056,22938.821284992584,101.01973949603163,101.01973949603163,101.01973949603163,-0.44899894202754237,32.92573571407053,13135468089.66619,144.96229294199355,149.03043363509101,4.068140693097474,9.413291609609818,0.13369550231742486,8.987312912705788,1.7053480407166095e-08,32771.76662952447,1648.4934209024188,"[6092293209.830457, -5929923435.830516]","[[8817163182.308903, 102156736.31112644], [102156736.31112644, 17313863127.357117]]","[[[5232618714.591776, -804406173.0585427], [-804406173.0585427, 17417205134.25269]], [[5537563739.255113, 866448761.3178167], [866448761.3178167, 17397410610.916145]]]",2517613044500.0615,11530977798829.287,6.0,6.72000169288367e-07,1.600001191650116e-14,False,False,/private/tmp/oneD-v2-taylor-peierls-spatial-pf-runs/oneD_v2_DBTT_spatial_06_backstress_shielding_extreme/T1100K_seed1008666/steps_1100K.csv,94e1ad8f29b7e46075669002f33174c76dbfb3b81cb7bc44aa308d7298fb2322,/private/tmp/oneD-v2-taylor-peierls-spatial-pf-runs/oneD_v2_DBTT_spatial_06_backstress_shielding_extreme/T1100K_seed1008666/anisotropic_emission_audit_v10174.json,b805ad511a165793a81820b742578eb143c5ce0b68c0d46c35abef84a746e821,FULL_ACTIVE_AND_WAKE_SPATIAL_PROFILE_OBSERVER,PF_MODEL_NATIVE_DRIVING_TRAJECTORY_NOT_RESISTANCE
DBTT,BACKSTRESS_SHIELDING_EXTREME,oneD_v2_dbtt_TP_9555ff54d637c974,oneD_v2_DBTT_spatial_06_backstress_shielding_extreme,1100.0,1008666,300.0,33,1,443,1552.7778409190707,3.6970900974263715e-05,7896845.64861863,23456.375295344053,102.15300487633117,102.15300487633117,102.15300487633117,-0.4095506263322255,32.401238021529046,12926223784.138401,149.03043363509101,151.77625981260204,2.745826177511022,9.93983289410126,0.12969921692298475,9.26456030341199,1.7884758565054038e-08,34370.03490109838,1688.6721674185942,"[6088261760.700255, -5955498648.162027]","[[8630331604.003775, 209117428.45786747], [209117428.45786747, 16658079702.294992]]","[[[4795962159.138344, -1064977367.7319885], [-1064977367.7319885, 16972485680.538855]], [[5031320457.302825, 1066988856.7040044], [1066988856.7040044, 16942317753.62688]]]",839204348166.6871,3843659266276.4287,2.0,2.1075675249448977e-06,5.0180156254200914e-14,False,False,/private/tmp/oneD-v2-taylor-peierls-spatial-pf-runs/oneD_v2_DBTT_spatial_06_backstress_shielding_extreme/T1100K_seed1008666/steps_1100K.csv,94e1ad8f29b7e46075669002f33174c76dbfb3b81cb7bc44aa308d7298fb2322,/private/tmp/oneD-v2-taylor-peierls-spatial-pf-runs/oneD_v2_DBTT_spatial_06_backstress_shielding_extreme/T1100K_seed1008666/anisotropic_emission_audit_v10174.json,b805ad511a165793a81820b742578eb143c5ce0b68c0d46c35abef84a746e821,FULL_ACTIVE_AND_WAKE_SPATIAL_PROFILE_OBSERVER,PF_MODEL_NATIVE_DRIVING_TRAJECTORY_NOT_RESISTANCE
DBTT,BACKSTRESS_SHIELDING_EXTREME,oneD_v2_dbtt_TP_9555ff54d637c974,oneD_v2_DBTT_spatial_06_backstress_shielding_extreme,1100.0,1008666,300.0,34,1,453,1552.7778430266383,3.697090102444387e-05,7893716.602136624,23771.165544239677,102.83617948107016,102.83617948107016,102.83617948107016,-0.26323434240081806,30.640415324936225,12223757162.177063,151.77625981260204,161.20661797683053,9.430358164228469,11.264257545340861,0.12104392492946167,9.92730058281068,2.0149400372610444e-08,38723.42981118693,1785.9713071088736,"[6280614185.245825, -6163903257.574306]","[[8196386290.579543, 26876016.007983267], [26876016.007983267, 15505306767.079767]]","[[[5436794062.868298, -1108405413.2793128], [-1108405413.2793128, 17998022433.359947]], [[5645980052.604426, 1096853622.7477405], [1096853622.7477405, 17973786567.75304]]]",6713634785333.499,30749274130211.434,16.0,2.5200006348313764e-07,6.000001927589094e-15,False,False,/private/tmp/oneD-v2-taylor-peierls-spatial-pf-runs/oneD_v2_DBTT_spatial_06_backstress_shielding_extreme/T1100K_seed1008666/steps_1100K.csv,94e1ad8f29b7e46075669002f33174c76dbfb3b81cb7bc44aa308d7298fb2322,/private/tmp/oneD-v2-taylor-peierls-spatial-pf-runs/oneD_v2_DBTT_spatial_06_backstress_shielding_extreme/T1100K_seed1008666/anisotropic_emission_audit_v10174.json,b805ad511a165793a81820b742578eb143c5ce0b68c0d46c35abef84a746e821,FULL_ACTIVE_AND_WAKE_SPATIAL_PROFILE_OBSERVER,PF_MODEL_NATIVE_DRIVING_TRAJECTORY_NOT_RESISTANCE
DBTT,BACKSTRESS_SHIELDING_EXTREME,oneD_v2_dbtt_TP_9555ff54d637c974,oneD_v2_DBTT_spatial_06_backstress_shielding_extreme,1100.0,1008666,300.0,35,1,456,1552.7778432786383,3.697090103044387e-05,7880228.322435798,24953.21318987681,105.36198252191251,105.36198252191251,105.36198252191251,-0.19979553258317007,33.32244983183346,13293734124.473978,161.20661797683053,163.5039580724554,2.2973400956248753,9.997560066656517,0.12928255054706309,9.294235144006588,1.7718548408701817e-08,34050.96567637635,1693.0229365204873,"[5450330758.066728, -5590953913.663709]","[[7226946359.764156, 57631172.04859502], [57631172.04859502, 15875883177.391066]]","[[[6037498480.176507, -1689430319.8264937], [-1689430319.8264937, 16938159996.309963]], [[5916225579.153684, 1649527153.7203445], [1649527153.7203445, 17098133406.4811]]]",6713634785333.499,30749274130211.434,16.0,1.051023446052568e-06,2.502439580423857e-14,False,False,/private/tmp/oneD-v2-taylor-peierls-spatial-pf-runs/oneD_v2_DBTT_spatial_06_backstress_shielding_extreme/T1100K_seed1008666/steps_1100K.csv,94e1ad8f29b7e46075669002f33174c76dbfb3b81cb7bc44aa308d7298fb2322,/private/tmp/oneD-v2-taylor-peierls-spatial-pf-runs/oneD_v2_DBTT_spatial_06_backstress_shielding_extreme/T1100K_seed1008666/anisotropic_emission_audit_v10174.json,b805ad511a165793a81820b742578eb143c5ce0b68c0d46c35abef84a746e821,FULL_ACTIVE_AND_WAKE_SPATIAL_PROFILE_OBSERVER,PF_MODEL_NATIVE_DRIVING_TRAJECTORY_NOT_RESISTANCE
DBTT,BACKSTRESS_SHIELDING_EXTREME,oneD_v2_dbtt_TP_9555ff54d637c974,oneD_v2_DBTT_spatial_06_backstress_shielding_extreme,1100.0,1008666,300.0,36,1,466,1552.7778443296618,3.697090105546827e-05,7873894.087678106,25393.672418497474,106.28780828323039,106.28780828323039,106.28780828323039,-0.13140581373961138,34.95696574750564,13945811631.224672,163.5039580724554,168.10312112722474,4.599163054769354,9.244840984638753,0.13505411872811224,8.89554132387721,1.676562533462813e-08,32218.76659545959,1635.445917707963,"[4704902974.592453, -4916765850.366901]","[[5556923939.660033, -357154424.2737333], [-357154424.2737333, 14824694062.500143]]","[[[4869592482.151667, -2975774175.286457], [-2975774175.286457, 14279398431.336575]], [[4676309152.824795, 2898302295.650541], [2898302295.650541, 14509840853.5586]]]",2517613044500.0615,11530977798829.287,6.0,1.115949999075383e-06,2.6570210604186933e-14,False,False,/private/tmp/oneD-v2-taylor-peierls-spatial-pf-runs/oneD_v2_DBTT_spatial_06_backstress_shielding_extreme/T1100K_seed1008666/steps_1100K.csv,94e1ad8f29b7e46075669002f33174c76dbfb3b81cb7bc44aa308d7298fb2322,/private/tmp/oneD-v2-taylor-peierls-spatial-pf-runs/oneD_v2_DBTT_spatial_06_backstress_shielding_extreme/T1100K_seed1008666/anisotropic_emission_audit_v10174.json,b805ad511a165793a81820b742578eb143c5ce0b68c0d46c35abef84a746e821,FULL_ACTIVE_AND_WAKE_SPATIAL_PROFILE_OBSERVER,PF_MODEL_NATIVE_DRIVING_TRAJECTORY_NOT_RESISTANCE
DBTT,BACKSTRESS_SHIELDING_EXTREME,oneD_v2_dbtt_TP_9555ff54d637c974,oneD_v2_DBTT_spatial_06_backstress_shielding_extreme,1100.0,1008666,300.0,37,1,476,1552.7778454456118,3.697090108203848e-05,7907665.490186484,13352.441906147444,77.07278349484241,77.07278349484241,77.07278349484241,-0.07136173338543361,27.06248836383464,10796370821.205427,168.10312112722474,172.98639028131274,4.883269154088001,8.110854932092904,0.14542254802081517,8.263147769213834,1.4495981306190696e-08,27857.296060433215,1544.9957600784815,"[5225552409.40661, -5256483830.918329]","[[5599422068.146249, -105377640.45740649], [-105377640.45740649, 13454113076.301052]]","[[[2952886987.61179, -747023383.1063117], [-747023383.1063117, 13403991806.425009]], [[2868193500.287939, 668137432.7636368], [668137432.7636368, 13381161162.124598]]]",2517613044500.0615,11530977798829.287,6.0,3.360000846441835e-07,8.000002570118792e-15,False,False,/private/tmp/oneD-v2-taylor-peierls-spatial-pf-runs/oneD_v2_DBTT_spatial_06_backstress_shielding_extreme/T1100K_seed1008666/steps_1100K.csv,94e1ad8f29b7e46075669002f33174c76dbfb3b81cb7bc44aa308d7298fb2322,/private/tmp/oneD-v2-taylor-peierls-spatial-pf-runs/oneD_v2_DBTT_spatial_06_backstress_shielding_extreme/T1100K_seed1008666/anisotropic_emission_audit_v10174.json,b805ad511a165793a81820b742578eb143c5ce0b68c0d46c35abef84a746e821,FULL_ACTIVE_AND_WAKE_SPATIAL_PROFILE_OBSERVER,PF_MODEL_NATIVE_DRIVING_TRAJECTORY_NOT_RESISTANCE
DBTT,BACKSTRESS_SHIELDING_EXTREME,oneD_v2_dbtt_TP_9555ff54d637c974,oneD_v2_DBTT_spatial_06_backstress_shielding_extreme,1100.0,1008666,300.0,38,1,480,1552.7778457816119,3.697090109003848e-05,7904912.480619018,13028.367727288203,76.13173011343746,76.13173011343746,76.13173011343746,-0.05717485667784635,25.835042130522876,10306690621.817884,172.98639028131274,175.28373037693768,2.2973400956249295,8.683864744935642,0.1398962998810838,8.58963362736764,1.5124442145435652e-08,29066.079854265656,1591.2857977986805,"[5307902239.691666, -5337825486.001347]","[[5620183320.397989, 45363643.45753845], [45363643.45753845, 12860042976.346697]]","[[[2792437535.36662, -696045845.880511], [-696045845.880511, 13408242014.749952]], [[2709731347.315923, 618024881.2643237], [618024881.2643237, 13385382319.318619]]]",3356817392666.749,15374637065105.717,8.0,7.560001904494129e-07,1.800000578276728e-14,False,False,/private/tmp/oneD-v2-taylor-peierls-spatial-pf-runs/oneD_v2_DBTT_spatial_06_backstress_shielding_extreme/T1100K_seed1008666/steps_1100K.csv,94e1ad8f29b7e46075669002f33174c76dbfb3b81cb7bc44aa308d7298fb2322,/private/tmp/oneD-v2-taylor-peierls-spatial-pf-runs/oneD_v2_DBTT_spatial_06_backstress_shielding_extreme/T1100K_seed1008666/anisotropic_emission_audit_v10174.json,b805ad511a165793a81820b742578eb143c5ce0b68c0d46c35abef84a746e821,FULL_ACTIVE_AND_WAKE_SPATIAL_PROFILE_OBSERVER,PF_MODEL_NATIVE_DRIVING_TRAJECTORY_NOT_RESISTANCE
DBTT,BACKSTRESS_SHIELDING_EXTREME,oneD_v2_dbtt_TP_9555ff54d637c974,oneD_v2_DBTT_spatial_06_backstress_shielding_extreme,1100.0,1008666,300.0,39,1,489,1552.777846537612,3.697090110803849e-05,7903238.349238787,12922.29014559589,75.82116259716003,75.82116259716003,75.82116259716003,-0.0357939584723431,25.5495065269773,10192778397.003613,175.28373037693768,178.50972988901748,3.2259995120798024,8.806753605709766,0.13879106762081023,8.658050163128479,1.5352270568039327e-08,29504.25099405589,1601.055071495282,"[5096496189.2312565, -5124574470.856351]","[[5170052164.900352, -65134124.80965311], [-65134124.80965311, 12132869100.05188]]","[[[2935693564.4993873, -626206249.9272231], [-626206249.9272231, 13128685942.9619]], [[2856534974.0258904, 543833143.6386123], [543833143.6386123, 13105683915.738592]]]",2517613044500.0615,11530977798829.287,6.0,2.272751999043976e-06,5.411317417379144e-14,False,False,/private/tmp/oneD-v2-taylor-peierls-spatial-pf-runs/oneD_v2_DBTT_spatial_06_backstress_shielding_extreme/T1100K_seed1008666/steps_1100K.csv,94e1ad8f29b7e46075669002f33174c76dbfb3b81cb7bc44aa308d7298fb2322,/private/tmp/oneD-v2-taylor-peierls-spatial-pf-runs/oneD_v2_DBTT_spatial_06_backstress_shielding_extreme/T1100K_seed1008666/anisotropic_emission_audit_v10174.json,b805ad511a165793a81820b742578eb143c5ce0b68c0d46c35abef84a746e821,FULL_ACTIVE_AND_WAKE_SPATIAL_PROFILE_OBSERVER,PF_MODEL_NATIVE_DRIVING_TRAJECTORY_NOT_RESISTANCE
DBTT,BACKSTRESS_SHIELDING_EXTREME,oneD_v2_dbtt_TP_9555ff54d637c974,oneD_v2_DBTT_spatial_06_backstress_shielding_extreme,1100.0,1008666,300.0,40,1,499,1552.777848810364,3.697090116215166e-05,7901224.097217054,12770.768881609894,75.37532851771662,75.37532851771662,75.37532851771662,0.009662991051220109,26.239648470031614,10468105197.566376,178.50972988901748,188.74323545615385,10.233505567136367,8.25168063088189,0.14400388751056922,8.34458446445613,1.4568058761160731e-08,27994.062152262093,1556.487135480696,"[5129631168.293428, -5152981532.241692]","[[5128330260.354069, -67440955.40344633], [-67440955.40344633, 12748765401.7676]]","[[[3031875955.011537, -593575663.4716021], [-593575663.4716021, 13291138291.598394]], [[2956000120.058269, 506650589.094884], [506650589.094884, 13261963184.54165]]]",7552839133500.187,34592933396487.863,18.0,8.978486221167259e-07,2.1377342983904674e-14,False,False,/private/tmp/oneD-v2-taylor-peierls-spatial-pf-runs/oneD_v2_DBTT_spatial_06_backstress_shielding_extreme/T1100K_seed1008666/steps_1100K.csv,94e1ad8f29b7e46075669002f33174c76dbfb3b81cb7bc44aa308d7298fb2322,/private/tmp/oneD-v2-taylor-peierls-spatial-pf-runs/oneD_v2_DBTT_spatial_06_backstress_shielding_extreme/T1100K_seed1008666/anisotropic_emission_audit_v10174.json,b805ad511a165793a81820b742578eb143c5ce0b68c0d46c35abef84a746e821,FULL_ACTIVE_AND_WAKE_SPATIAL_PROFILE_OBSERVER,PF_MODEL_NATIVE_DRIVING_TRAJECTORY_NOT_RESISTANCE
DBTT,BACKSTRESS_SHIELDING_EXTREME,oneD_v2_dbtt_TP_9555ff54d637c974,oneD_v2_DBTT_spatial_06_backstress_shielding_extreme,1100.0,1008666,300.0,41,1,509,1552.7778497082127,3.6970901183529005e-05,7892106.851553449,13156.204229453151,76.50432692235555,76.50432692235555,76.50432692235555,0.014862541028189598,27.450386034843863,10951119602.640251,188.74323545615385,192.6721214745897,3.928886018435832,7.767389517577522,0.14906639250640444,8.060164606055,1.3699491321384237e-08,26325.62874958289,1516.644289615263,"[5166622755.340751, -5330909478.679144]","[[6259649587.657617, -66266639.91127355], [-66266639.91127355, 14063426895.443342]]","[[[3672874252.0178437, -785792562.6567001], [-785792562.6567001, 14006119762.699347]], [[3332959579.7787743, 688828394.3319521], [688828394.3319521, 13994778537.137062]]]",2517613044500.0615,11530977798829.287,6.0,3.080497663177084e-06,7.334519276647189e-14,False,False,/private/tmp/oneD-v2-taylor-peierls-spatial-pf-runs/oneD_v2_DBTT_spatial_06_backstress_shielding_extreme/T1100K_seed1008666/steps_1100K.csv,94e1ad8f29b7e46075669002f33174c76dbfb3b81cb7bc44aa308d7298fb2322,/private/tmp/oneD-v2-taylor-peierls-spatial-pf-runs/oneD_v2_DBTT_spatial_06_backstress_shielding_extreme/T1100K_seed1008666/anisotropic_emission_audit_v10174.json,b805ad511a165793a81820b742578eb143c5ce0b68c0d46c35abef84a746e821,FULL_ACTIVE_AND_WAKE_SPATIAL_PROFILE_OBSERVER,PF_MODEL_NATIVE_DRIVING_TRAJECTORY_NOT_RESISTANCE
DBTT,BACKSTRESS_SHIELDING_EXTREME,oneD_v2_dbtt_TP_9555ff54d637c974,oneD_v2_DBTT_spatial_06_backstress_shielding_extreme,1100.0,1008666,300.0,42,1,519,1552.7778527887103,3.69709012568742e-05,7889028.157013922,13144.859029351002,76.47133320764165,76.47133320764165,76.47133320764165,0.01752766500437328,27.292241450866662,10888029041.675251,192.6721214745897,205.90209166553421,13.229970190944528,7.850890390180212,0.14815537330631506,8.109950729881268,1.3794533517541932e-08,26508.558773451772,1523.5798818404378,"[5211952908.871051, -5358608476.414918]","[[6211972275.068252, -100777055.6212455], [-100777055.6212455, 14011584247.58609]]","[[[3238510765.34167, -991467937.217119], [-991467937.217119, 13662416583.08377]], [[2922416197.2811704, 925732206.8508902], [925732206.8508902, 13639633150.111008]]]",4196021740833.4365,19218296331382.145,10.0,8.400002116104588e-08,2.000000642529698e-15,False,False,/private/tmp/oneD-v2-taylor-peierls-spatial-pf-runs/oneD_v2_DBTT_spatial_06_backstress_shielding_extreme/T1100K_seed1008666/steps_1100K.csv,94e1ad8f29b7e46075669002f33174c76dbfb3b81cb7bc44aa308d7298fb2322,/private/tmp/oneD-v2-taylor-peierls-spatial-pf-runs/oneD_v2_DBTT_spatial_06_backstress_shielding_extreme/T1100K_seed1008666/anisotropic_emission_audit_v10174.json,b805ad511a165793a81820b742578eb143c5ce0b68c0d46c35abef84a746e821,FULL_ACTIVE_AND_WAKE_SPATIAL_PROFILE_OBSERVER,PF_MODEL_NATIVE_DRIVING_TRAJECTORY_NOT_RESISTANCE
DBTT,BACKSTRESS_SHIELDING_EXTREME,oneD_v2_dbtt_TP_9555ff54d637c974,oneD_v2_DBTT_spatial_06_backstress_shielding_extreme,1100.0,1008666,300.0,43,1,520,1552.7778528727104,3.69709012588742e-05,7878975.350219932,13252.95125774812,76.78510733197265,76.78510733197265,76.78510733197265,0.01224293639204451,26.972743936655277,10760567974.773172,205.90209166553421,208.1994317611591,2.2973400956249024,8.104080240102078,0.1454918567648318,8.259245444729043,1.4299757824199284e-08,27482.46206658425,1544.4410169778585,"[5112554042.050531, -5117749751.177057]","[[5053217170.881261, -27022322.66547021], [-27022322.66547021, 13186927062.24367]]","[[[4175178299.7164755, -1255406365.1386087], [-1255406365.1386087, 14400286383.817537]], [[3878166425.713459, 700089627.5722963], [700089627.5722963, 14113665928.067574]]]",41960217408334.37,192182963313821.66,100.0,3.360000846441835e-07,8.000002570118792e-15,False,False,/private/tmp/oneD-v2-taylor-peierls-spatial-pf-runs/oneD_v2_DBTT_spatial_06_backstress_shielding_extreme/T1100K_seed1008666/steps_1100K.csv,94e1ad8f29b7e46075669002f33174c76dbfb3b81cb7bc44aa308d7298fb2322,/private/tmp/oneD-v2-taylor-peierls-spatial-pf-runs/oneD_v2_DBTT_spatial_06_backstress_shielding_extreme/T1100K_seed1008666/anisotropic_emission_audit_v10174.json,b805ad511a165793a81820b742578eb143c5ce0b68c0d46c35abef84a746e821,FULL_ACTIVE_AND_WAKE_SPATIAL_PROFILE_OBSERVER,PF_MODEL_NATIVE_DRIVING_TRAJECTORY_NOT_RESISTANCE
DBTT,BACKSTRESS_SHIELDING_EXTREME,oneD_v2_dbtt_TP_9555ff54d637c974,oneD_v2_DBTT_spatial_06_backstress_shielding_extreme,1100.0,1008666,300.0,44,1,524,1552.7778532087104,3.69709012668742e-05,7875052.437636158,13400.098914805247,77.21020355396827,77.21020355396827,77.21020355396827,0.008142032871761027,28.61303945612791,11414951209.843838,208.1994317611591,210.49677185678402,2.2973400956249024,7.281509280305801,0.15472289876895906,7.766123504233514,1.2357304515164408e-08,23747.86435359949,1475.7232139103444,"[4291595189.0025754, -4361594423.068538]","[[4209418493.5680237, -32280124.934693668], [-32280124.934693668, 12749542177.33627]]","[[[3550979201.0899286, -1794849276.8657217], [-1794849276.8657217, 12134169579.09508]], [[3309627277.389869, 1944115144.1235888], [1944115144.1235888, 12032816123.526945]]]",3356817392666.749,15374637065105.717,8.0,1.5383375284727663e-06,3.6627127654627334e-14,False,False,/private/tmp/oneD-v2-taylor-peierls-spatial-pf-runs/oneD_v2_DBTT_spatial_06_backstress_shielding_extreme/T1100K_seed1008666/steps_1100K.csv,94e1ad8f29b7e46075669002f33174c76dbfb3b81cb7bc44aa308d7298fb2322,/private/tmp/oneD-v2-taylor-peierls-spatial-pf-runs/oneD_v2_DBTT_spatial_06_backstress_shielding_extreme/T1100K_seed1008666/anisotropic_emission_audit_v10174.json,b805ad511a165793a81820b742578eb143c5ce0b68c0d46c35abef84a746e821,FULL_ACTIVE_AND_WAKE_SPATIAL_PROFILE_OBSERVER,PF_MODEL_NATIVE_DRIVING_TRAJECTORY_NOT_RESISTANCE
DBTT,BACKSTRESS_SHIELDING_EXTREME,oneD_v2_dbtt_TP_9555ff54d637c974,oneD_v2_DBTT_spatial_06_backstress_shielding_extreme,1100.0,1008666,300.0,45,1,534,1552.777854747048,3.697090130350133e-05,7781028.722500337,22083.15066084729,99.11769936722149,99.11769936722149,99.11769936722149,-0.004118062088102668,32.89460306274266,13123047958.75051,210.49677185678402,217.22836324016038,6.731591383376352,9.079315874922026,0.13643031124570415,8.807915292226236,1.610533218082127e-08,30951.860147072104,1622.530629074747,"[5674374707.242974, -5694267563.929471]","[[8690486949.522327, -25132393.780178607], [-25132393.780178607, 16794517008.00044]]","[[[5483243026.180973, -843560716.9670542], [-843560716.9670542, 16831992440.666922]], [[5421706686.256959, 795754994.3259954], [795754994.3259954, 16810241814.1159]]]",3356817392666.749,15374637065105.717,8.0,4.200001058052294e-07,9.999996436384911e-15,False,False,/private/tmp/oneD-v2-taylor-peierls-spatial-pf-runs/oneD_v2_DBTT_spatial_06_backstress_shielding_extreme/T1100K_seed1008666/steps_1100K.csv,94e1ad8f29b7e46075669002f33174c76dbfb3b81cb7bc44aa308d7298fb2322,/private/tmp/oneD-v2-taylor-peierls-spatial-pf-runs/oneD_v2_DBTT_spatial_06_backstress_shielding_extreme/T1100K_seed1008666/anisotropic_emission_audit_v10174.json,b805ad511a165793a81820b742578eb143c5ce0b68c0d46c35abef84a746e821,FULL_ACTIVE_AND_WAKE_SPATIAL_PROFILE_OBSERVER,PF_MODEL_NATIVE_DRIVING_TRAJECTORY_NOT_RESISTANCE
DBTT,BACKSTRESS_SHIELDING_EXTREME,oneD_v2_dbtt_TP_9555ff54d637c974,oneD_v2_DBTT_spatial_06_backstress_shielding_extreme,1100.0,1008666,300.0,46,1,539,1552.777855167048,3.6970901313501325e-05,7773299.579542576,22970.687489993936,101.08988256221595,101.08988256221595,101.08988256221595,-0.01516234172150949,31.391664907331474,12523462383.728447,217.22836324016038,219.5257033357853,2.2973400956249295,10.370189305333133,0.1266862700416554,9.485509228712198,1.8518448998963485e-08,35588.921517597904,1720.8584244767417,"[5837040706.904416, -5832575785.468025]","[[8213892423.649332, -61221521.33683636], [-61221521.33683636, 15357984596.51675]]","[[[5717556206.385663, -1277849008.2172732], [-1277849008.2172732, 17391637620.194496]], [[5684167044.244419, 1227060035.003195], [1227060035.003195, 17349318615.18047]]]",5874430437166.812,26905614863935.004,14.0,1.6306125871778931e-06,3.882412783189765e-14,False,False,/private/tmp/oneD-v2-taylor-peierls-spatial-pf-runs/oneD_v2_DBTT_spatial_06_backstress_shielding_extreme/T1100K_seed1008666/steps_1100K.csv,94e1ad8f29b7e46075669002f33174c76dbfb3b81cb7bc44aa308d7298fb2322,/private/tmp/oneD-v2-taylor-peierls-spatial-pf-runs/oneD_v2_DBTT_spatial_06_backstress_shielding_extreme/T1100K_seed1008666/anisotropic_emission_audit_v10174.json,b805ad511a165793a81820b742578eb143c5ce0b68c0d46c35abef84a746e821,FULL_ACTIVE_AND_WAKE_SPATIAL_PROFILE_OBSERVER,PF_MODEL_NATIVE_DRIVING_TRAJECTORY_NOT_RESISTANCE
DBTT,BACKSTRESS_SHIELDING_EXTREME,oneD_v2_dbtt_TP_9555ff54d637c974,oneD_v2_DBTT_spatial_06_backstress_shielding_extreme,1100.0,1008666,300.0,47,1,549,1552.7778567976607,3.697090135232545e-05,7769721.816399962,23411.01996778127,102.05419538867801,102.05419538867801,102.05419538867801,-0.039353889197459795,33.134395882649905,13218711453.148193,219.5257033357853,226.66107911389597,7.13537577811066,9.486447605934968,0.13311810781558397,9.027083344163252,1.6934791349145745e-08,32544.729598269092,1654.1300692674547,"[5605002584.73076, -5570957100.479164]","[[7881744874.659187, -48324867.39529332], [-48324867.39529332, 16219688476.166084]]","[[[5517775600.902574, -1329199413.3163805], [-1329199413.3163805, 16727780770.364092]], [[5511216143.727198, 1278041270.3969123], [1278041270.3969123, 16653130344.685528]]]",3356817392666.749,15374637065105.717,8.0,2.5200006348313764e-07,6.000008703852672e-15,False,False,/private/tmp/oneD-v2-taylor-peierls-spatial-pf-runs/oneD_v2_DBTT_spatial_06_backstress_shielding_extreme/T1100K_seed1008666/steps_1100K.csv,94e1ad8f29b7e46075669002f33174c76dbfb3b81cb7bc44aa308d7298fb2322,/private/tmp/oneD-v2-taylor-peierls-spatial-pf-runs/oneD_v2_DBTT_spatial_06_backstress_shielding_extreme/T1100K_seed1008666/anisotropic_emission_audit_v10174.json,b805ad511a165793a81820b742578eb143c5ce0b68c0d46c35abef84a746e821,FULL_ACTIVE_AND_WAKE_SPATIAL_PROFILE_OBSERVER,PF_MODEL_NATIVE_DRIVING_TRAJECTORY_NOT_RESISTANCE
DBTT,BACKSTRESS_SHIELDING_EXTREME,oneD_v2_dbtt_TP_9555ff54d637c974,oneD_v2_DBTT_spatial_06_backstress_shielding_extreme,1100.0,1008666,300.0,48,1,552,1552.7778570496607,3.697090135832546e-05,7760168.544686762,24603.054457419832,104.62011890175363,104.62011890175363,104.62011890175363,-0.05595927319855678,33.544987870543174,13382513957.112892,226.66107911389597,228.95841920952083,2.2973400956248753,9.726915435419867,0.13127160022684278,9.154104016504522,1.723196874299107e-08,33116.43080839833,1672.5335100555071,"[5508075322.093171, -5532251580.408448]","[[7387424592.100405, -58210719.729185395], [-58210719.729185395, 16362219761.732183]]","[[[6152418665.766559, -1677717182.4408078], [-1677717182.4408078, 17168569309.952902]], [[6152478287.37979, 1555181356.1014986], [1555181356.1014986, 17216981448.196686]]]",1678408696333.3743,7687318532552.857,4.0,2.6104794415005017e-06,6.215431544009248e-14,False,False,/private/tmp/oneD-v2-taylor-peierls-spatial-pf-runs/oneD_v2_DBTT_spatial_06_backstress_shielding_extreme/T1100K_seed1008666/steps_1100K.csv,94e1ad8f29b7e46075669002f33174c76dbfb3b81cb7bc44aa308d7298fb2322,/private/tmp/oneD-v2-taylor-peierls-spatial-pf-runs/oneD_v2_DBTT_spatial_06_backstress_shielding_extreme/T1100K_seed1008666/anisotropic_emission_audit_v10174.json,b805ad511a165793a81820b742578eb143c5ce0b68c0d46c35abef84a746e821,FULL_ACTIVE_AND_WAKE_SPATIAL_PROFILE_OBSERVER,PF_MODEL_NATIVE_DRIVING_TRAJECTORY_NOT_RESISTANCE
DBTT,BACKSTRESS_SHIELDING_EXTREME,oneD_v2_dbtt_TP_9555ff54d637c974,oneD_v2_DBTT_spatial_06_backstress_shielding_extreme,1100.0,1008666,300.0,49,1,562,1552.7778596601402,3.697090142047978e-05,7753762.672553254,25415.975390147985,106.33447372139776,106.33447372139776,106.33447372139776,-0.08907548686460787,35.73785242159402,14257340341.720581,228.95841920952083,240.01715839650478,11.058739186983964,8.853016420610636,0.13838172703485785,8.683690308361298,1.558328222229231e-08,29947.18757536552,1604.7187400716766,"[4807977061.652088, -4794521413.5276985]","[[5404720349.394935, -144759849.59490925], [-144759849.59490925, 15661349914.666235]]","[[[4947093265.648412, -2875540760.4402056], [-2875540760.4402056, 14563047388.952589]], [[4992490415.333578, 2759230480.5302877], [2759230480.5302877, 14581533242.388977]]]",2517613044500.0615,11530977798829.287,6.0,3.360000846441835e-07,7.999995793855214e-15,False,False,/private/tmp/oneD-v2-taylor-peierls-spatial-pf-runs/oneD_v2_DBTT_spatial_06_backstress_shielding_extreme/T1100K_seed1008666/steps_1100K.csv,94e1ad8f29b7e46075669002f33174c76dbfb3b81cb7bc44aa308d7298fb2322,/private/tmp/oneD-v2-taylor-peierls-spatial-pf-runs/oneD_v2_DBTT_spatial_06_backstress_shielding_extreme/T1100K_seed1008666/anisotropic_emission_audit_v10174.json,b805ad511a165793a81820b742578eb143c5ce0b68c0d46c35abef84a746e821,FULL_ACTIVE_AND_WAKE_SPATIAL_PROFILE_OBSERVER,PF_MODEL_NATIVE_DRIVING_TRAJECTORY_NOT_RESISTANCE
DBTT,BACKSTRESS_SHIELDING_EXTREME,oneD_v2_dbtt_TP_9555ff54d637c974,oneD_v2_DBTT_spatial_06_backstress_shielding_extreme,1100.0,1008666,300.0,50,1,566,1552.7778599961403,3.697090142847977e-05,7749418.4364750115,23758.581347581818,102.80895569978124,102.80895569978124,102.80895569978124,-0.10891801435589545,33.157136147156805,13227783506.127508,240.01715839650478,242.31449849212973,2.2973400956249295,9.614083071798657,0.1321283906598612,9.094746447183184,1.6940930438789997e-08,32555.20732762923,1663.92184660379,"[5837073732.074721, -5820628455.470011]","[[8319241853.3863125, 56508734.82007109], [56508734.82007109, 16939078968.727295]]","[[[5187854714.931571, -825885519.8530604], [-825885519.8530604, 16862002179.081015]], [[5237003825.641218, 891489992.9578471], [891489992.9578471, 16878260736.58124]]]",839204348166.6871,3843659266276.4287,2.0,2.5200006348313764e-07,6.000008703852672e-15,False,False,/private/tmp/oneD-v2-taylor-peierls-spatial-pf-runs/oneD_v2_DBTT_spatial_06_backstress_shielding_extreme/T1100K_seed1008666/steps_1100K.csv,94e1ad8f29b7e46075669002f33174c76dbfb3b81cb7bc44aa308d7298fb2322,/private/tmp/oneD-v2-taylor-peierls-spatial-pf-runs/oneD_v2_DBTT_spatial_06_backstress_shielding_extreme/T1100K_seed1008666/anisotropic_emission_audit_v10174.json,b805ad511a165793a81820b742578eb143c5ce0b68c0d46c35abef84a746e821,FULL_ACTIVE_AND_WAKE_SPATIAL_PROFILE_OBSERVER,PF_MODEL_NATIVE_DRIVING_TRAJECTORY_NOT_RESISTANCE
DBTT,BACKSTRESS_SHIELDING_EXTREME,oneD_v2_dbtt_TP_9555ff54d637c974,oneD_v2_DBTT_spatial_06_backstress_shielding_extreme,1100.0,1008666,300.0,51,1,569,1552.7778602481403,3.697090143447978e-05,7747134.7117052125,23490.27871241641,102.22680326437874,102.22680326437874,102.22680326437874,-0.12573996822413736,32.6401640283353,13021541470.140896,242.31449849212973,244.61183858775462,2.2973400956249024,9.8090036291987,0.13065863521012203,9.197068877518571,1.7584170566455178e-08,33792.631188847285,1678.7727880216262,"[5710763133.056776, -5694242143.037722]","[[8376721280.968339, 55023123.962768175], [55023123.962768175, 16032235424.05395]]","[[[4816825394.4256525, -632295189.4395436], [-632295189.4395436, 16238351660.539206]], [[4854852586.194212, 695361859.9377524], [695361859.9377524, 16243336872.269655]]]",11748860874333.623,53811229727869.98,28.0,2.9728842037002323e-06,7.078297231113626e-14,False,False,/private/tmp/oneD-v2-taylor-peierls-spatial-pf-runs/oneD_v2_DBTT_spatial_06_backstress_shielding_extreme/T1100K_seed1008666/steps_1100K.csv,94e1ad8f29b7e46075669002f33174c76dbfb3b81cb7bc44aa308d7298fb2322,/private/tmp/oneD-v2-taylor-peierls-spatial-pf-runs/oneD_v2_DBTT_spatial_06_backstress_shielding_extreme/T1100K_seed1008666/anisotropic_emission_audit_v10174.json,b805ad511a165793a81820b742578eb143c5ce0b68c0d46c35abef84a746e821,FULL_ACTIVE_AND_WAKE_SPATIAL_PROFILE_OBSERVER,PF_MODEL_NATIVE_DRIVING_TRAJECTORY_NOT_RESISTANCE
DBTT,BACKSTRESS_SHIELDING_EXTREME,oneD_v2_dbtt_TP_9555ff54d637c974,oneD_v2_DBTT_spatial_06_backstress_shielding_extreme,1100.0,1008666,300.0,52,1,579,1552.7778632210245,3.6970901505262754e-05,7744803.900631787,23201.88124325169,101.59733008391137,101.59733008391137,101.59733008391137,-0.18649881220210984,32.10454409839535,12807860033.862198,244.61183858775462,257.4326195078266,12.820780920071964,10.014553155163881,0.1291606599078891,9.303751047622013,1.7827005651760337e-08,34256.01539656818,1694.3016724047536,"[5872702586.29873, -5854533758.56717]","[[8592181809.838678, 63942350.39687128], [63942350.39687128, 16601179239.621084]]","[[[5040153868.465639, -774737424.8709018], [-774737424.8709018, 16785559041.063099]], [[5082708062.591302, 839481158.3374331], [839481158.3374331, 16791775579.725643]]]",5035226089000.124,23061955597658.574,12.0,8.400002116104588e-08,2.000000642529698e-15,False,False,/private/tmp/oneD-v2-taylor-peierls-spatial-pf-runs/oneD_v2_DBTT_spatial_06_backstress_shielding_extreme/T1100K_seed1008666/steps_1100K.csv,94e1ad8f29b7e46075669002f33174c76dbfb3b81cb7bc44aa308d7298fb2322,/private/tmp/oneD-v2-taylor-peierls-spatial-pf-runs/oneD_v2_DBTT_spatial_06_backstress_shielding_extreme/T1100K_seed1008666/anisotropic_emission_audit_v10174.json,b805ad511a165793a81820b742578eb143c5ce0b68c0d46c35abef84a746e821,FULL_ACTIVE_AND_WAKE_SPATIAL_PROFILE_OBSERVER,PF_MODEL_NATIVE_DRIVING_TRAJECTORY_NOT_RESISTANCE
DBTT,BACKSTRESS_SHIELDING_EXTREME,oneD_v2_dbtt_TP_9555ff54d637c974,oneD_v2_DBTT_spatial_06_backstress_shielding_extreme,1100.0,1008666,300.0,53,1,580,1552.7778633050245,3.6970901507262755e-05,7729406.655375589,21466.52590976916,97.7240771287038,97.7240771287038,97.7240771287038,-0.19162090315197577,31.137592303977595,12422102079.958921,257.4326195078266,259.7299596034515,2.2973400956249024,9.849928991716137,0.13035622953411555,9.218413785584415,1.7814272725655797e-08,34232.56186482601,1681.8753218229701,"[5798669548.688236, -5809672750.567343]","[[6570488075.158994, 59118330.81414908], [59118330.81414908, 15477235875.495642]]","[[[6094162157.105618, -1003988523.1735504], [-1003988523.1735504, 17691501254.48209]], [[6099752043.425219, 1062051051.1337926], [1062051051.1337926, 17719097544.559906]]]",41960217408334.37,192182963313821.66,100.0,4.200001058052294e-07,1.000000321264849e-14,False,False,/private/tmp/oneD-v2-taylor-peierls-spatial-pf-runs/oneD_v2_DBTT_spatial_06_backstress_shielding_extreme/T1100K_seed1008666/steps_1100K.csv,94e1ad8f29b7e46075669002f33174c76dbfb3b81cb7bc44aa308d7298fb2322,/private/tmp/oneD-v2-taylor-peierls-spatial-pf-runs/oneD_v2_DBTT_spatial_06_backstress_shielding_extreme/T1100K_seed1008666/anisotropic_emission_audit_v10174.json,b805ad511a165793a81820b742578eb143c5ce0b68c0d46c35abef84a746e821,FULL_ACTIVE_AND_WAKE_SPATIAL_PROFILE_OBSERVER,PF_MODEL_NATIVE_DRIVING_TRAJECTORY_NOT_RESISTANCE
DBTT,BACKSTRESS_SHIELDING_EXTREME,oneD_v2_dbtt_TP_9555ff54d637c974,oneD_v2_DBTT_spatial_06_backstress_shielding_extreme,1100.0,1008666,300.0,54,1,585,1552.7778637250246,3.697090151726276e-05,7723276.693668041,21217.47894126211,97.15554341259102,97.15554341259102,97.15554341259102,-0.17348480958617477,32.845244724647344,13103356830.79394,259.7299596034515,262.02729969907637,2.2973400956249024,8.74963963245612,0.13930146717581676,8.626277813031287,1.5495970731260787e-08,29776.641737121703,1596.5214767333603,"[5028875575.676142, -5071198420.9625225]","[[5930648396.8595705, 67529395.14167419], [67529395.14167419, 15229381288.559227]]","[[[5037283552.264021, -2068368353.4982], [-2068368353.4982, 15095034703.616306]], [[5015440320.72062, 2100962319.415342], [2100962319.415342, 15157837162.645666]]]",8392043481666.874,38436592662764.29,20.0,3.879869154843618e-06,9.237781980336868e-14,False,False,/private/tmp/oneD-v2-taylor-peierls-spatial-pf-runs/oneD_v2_DBTT_spatial_06_backstress_shielding_extreme/T1100K_seed1008666/steps_1100K.csv,94e1ad8f29b7e46075669002f33174c76dbfb3b81cb7bc44aa308d7298fb2322,/private/tmp/oneD-v2-taylor-peierls-spatial-pf-runs/oneD_v2_DBTT_spatial_06_backstress_shielding_extreme/T1100K_seed1008666/anisotropic_emission_audit_v10174.json,b805ad511a165793a81820b742578eb143c5ce0b68c0d46c35abef84a746e821,FULL_ACTIVE_AND_WAKE_SPATIAL_PROFILE_OBSERVER,PF_MODEL_NATIVE_DRIVING_TRAJECTORY_NOT_RESISTANCE
DBTT,BACKSTRESS_SHIELDING_EXTREME,oneD_v2_dbtt_TP_9555ff54d637c974,oneD_v2_DBTT_spatial_06_backstress_shielding_extreme,1100.0,1008666,300.0,55,1,595,1552.7778676048938,3.697090160964058e-05,7743462.755394584,15091.191441955236,81.93745293033045,81.93745293033045,81.93745293033045,-0.20739799280801063,27.360720078696648,10915348061.620508,262.02729969907637,279.2579249532601,17.23062525418374,8.968294749046853,0.13737727755076817,8.74717922358262,1.5653540688275502e-08,30079.47219778624,1613.8147740893414,"[5538289629.710109, -5564064245.63806]","[[5712929971.227189, -34483192.207454674], [-34483192.207454674, 14036911477.616613]]","[[[2928129311.242539, -780945815.6660049], [-780945815.6660049, 14004708570.662756]], [[2866814285.767373, 736422982.1516645], [736422982.1516645, 13994942777.043493]]]",10909656526166.936,49967570461593.555,26.0,3.413645117689157e-06,8.127728362301162e-14,False,False,/private/tmp/oneD-v2-taylor-peierls-spatial-pf-runs/oneD_v2_DBTT_spatial_06_backstress_shielding_extreme/T1100K_seed1008666/steps_1100K.csv,94e1ad8f29b7e46075669002f33174c76dbfb3b81cb7bc44aa308d7298fb2322,/private/tmp/oneD-v2-taylor-peierls-spatial-pf-runs/oneD_v2_DBTT_spatial_06_backstress_shielding_extreme/T1100K_seed1008666/anisotropic_emission_audit_v10174.json,b805ad511a165793a81820b742578eb143c5ce0b68c0d46c35abef84a746e821,FULL_ACTIVE_AND_WAKE_SPATIAL_PROFILE_OBSERVER,PF_MODEL_NATIVE_DRIVING_TRAJECTORY_NOT_RESISTANCE
DBTT,BACKSTRESS_SHIELDING_EXTREME,oneD_v2_dbtt_TP_9555ff54d637c974,oneD_v2_DBTT_spatial_06_backstress_shielding_extreme,1100.0,1008666,300.0,56,1,605,1552.777871018539,3.697090169091786e-05,7730606.052210812,13995.957301409564,78.90817512487881,78.90817512487881,78.90817512487881,-0.18952659886644282,27.220565671798298,10859434542.924168,279.2579249532601,294.1956478027983,14.93772284953817,8.403296887891885,0.14252199414024788,8.431378726087702,1.4480747270316228e-08,27829.593485500987,1568.7744441915697,"[5099038789.607274, -5114309259.089422]","[[4867254252.933798, -30006423.51986573], [-30006423.51986573, 13195119406.711584]]","[[[3689910065.6499386, -824829896.2641376], [-824829896.2641376, 13887987644.864487]], [[3642144341.9298525, 768430542.2454056], [768430542.2454056, 13870762860.108698]]]",7552839133500.187,34592933396487.863,18.0,2.5200006348313764e-07,6.000001927589094e-15,False,False,/private/tmp/oneD-v2-taylor-peierls-spatial-pf-runs/oneD_v2_DBTT_spatial_06_backstress_shielding_extreme/T1100K_seed1008666/steps_1100K.csv,94e1ad8f29b7e46075669002f33174c76dbfb3b81cb7bc44aa308d7298fb2322,/private/tmp/oneD-v2-taylor-peierls-spatial-pf-runs/oneD_v2_DBTT_spatial_06_backstress_shielding_extreme/T1100K_seed1008666/anisotropic_emission_audit_v10174.json,b805ad511a165793a81820b742578eb143c5ce0b68c0d46c35abef84a746e821,FULL_ACTIVE_AND_WAKE_SPATIAL_PROFILE_OBSERVER,PF_MODEL_NATIVE_DRIVING_TRAJECTORY_NOT_RESISTANCE
DBTT,BACKSTRESS_SHIELDING_EXTREME,oneD_v2_dbtt_TP_9555ff54d637c974,oneD_v2_DBTT_spatial_06_backstress_shielding_extreme,1100.0,1008666,300.0,57,1,608,1552.777871270539,3.697090169691786e-05,7699810.753510665,19894.250888371414,94.0772232861082,94.0772232861082,94.0772232861082,-0.20849641843611127,31.356164602254083,12509299811.065926,294.1956478027983,296.4929878984232,2.2973400956249024,9.001670462794348,0.13709052540429809,8.76404137939,1.574130692707427e-08,30249.435539390342,1616.4395173369498,"[5535005312.579352, -5740951922.570743]","[[7921769158.877688, -167836719.19624466], [-167836719.19624466, 16183825343.56643]]","[[[5093541751.312469, -962070938.6363865], [-962070938.6363865, 16163552376.471174]], [[4657364924.380053, 763668497.6358538], [763668497.6358538, 16139268769.521538]]]",5035226089000.124,23061955597658.574,12.0,9.493919606029522e-07,2.2604531094150282e-14,False,False,/private/tmp/oneD-v2-taylor-peierls-spatial-pf-runs/oneD_v2_DBTT_spatial_06_backstress_shielding_extreme/T1100K_seed1008666/steps_1100K.csv,94e1ad8f29b7e46075669002f33174c76dbfb3b81cb7bc44aa308d7298fb2322,/private/tmp/oneD-v2-taylor-peierls-spatial-pf-runs/oneD_v2_DBTT_spatial_06_backstress_shielding_extreme/T1100K_seed1008666/anisotropic_emission_audit_v10174.json,b805ad511a165793a81820b742578eb143c5ce0b68c0d46c35abef84a746e821,FULL_ACTIVE_AND_WAKE_SPATIAL_PROFILE_OBSERVER,PF_MODEL_NATIVE_DRIVING_TRAJECTORY_NOT_RESISTANCE
DBTT,BACKSTRESS_SHIELDING_EXTREME,oneD_v2_dbtt_TP_9555ff54d637c974,oneD_v2_DBTT_spatial_06_backstress_shielding_extreme,1100.0,1008666,300.0,58,1,618,1552.777872219931,3.6970901719522394e-05,7697719.015520494,19716.90809459083,93.65696957550749,93.65696957550749,93.65696957550749,-0.21150222449254247,31.092823524731067,12404241921.075523,296.4929878984232,300.64693596292,4.153948064496821,9.073187356181883,0.13648207527483786,8.80295629876542,1.6375452107678684e-08,31467.420092771485,1622.0506251359636,"[5390695913.249296, -5602335694.903378]","[[7955381171.284061, -158769006.29922858], [-158769006.29922858, 15255868917.653614]]","[[[4705755884.604032, -778063473.7561167], [-778063473.7561167, 15487147711.102625]], [[4279393208.9881535, 597738172.7004646], [597738172.7004646, 15484064598.794909]]]",2517613044500.0615,11530977798829.287,6.0,,,False,True,/private/tmp/oneD-v2-taylor-peierls-spatial-pf-runs/oneD_v2_DBTT_spatial_06_backstress_shielding_extreme/T1100K_seed1008666/steps_1100K.csv,94e1ad8f29b7e46075669002f33174c76dbfb3b81cb7bc44aa308d7298fb2322,/private/tmp/oneD-v2-taylor-peierls-spatial-pf-runs/oneD_v2_DBTT_spatial_06_backstress_shielding_extreme/T1100K_seed1008666/anisotropic_emission_audit_v10174.json,b805ad511a165793a81820b742578eb143c5ce0b68c0d46c35abef84a746e821,FULL_ACTIVE_AND_WAKE_SPATIAL_PROFILE_OBSERVER,PF_MODEL_NATIVE_DRIVING_TRAJECTORY_NOT_RESISTANCE
DBTT,BALANCED_MAXIMIN_MEDOID,oneD_v2_dbtt_TP_f2817e7998cb7be6,oneD_v2_DBTT_spatial_07_balanced_maximin_medoid,1100.0,1008666,300.0,0,0,175,1372.7432858956481,3.2684363949896426e-05,7119957.231774723,6926.420756807796,55.510498865142075,55.510498865142075,55.510498865142075,-3.7279952970173613,20.09208307704246,8015581440.770353,0.0,2.931106565679095,2.931106565679095,7.63308906975585,0.1505675685030201,7.980755840591928,0.0,25271.63174678563,1505.4303782914626,"[3209407393.2610116, -3200813715.0340624]","[[-206362168.1888485, -9432734.279182164], [-9432734.279182164, 6410390610.196436]]","[[[-43423158.261882655, 57639726.615940176], [57639726.615940176, 6375391628.26014]], [[-40134444.20792207, -69417200.5561987], [-69417200.5561987, 6361492985.860203]]]",927671274241.1738,4248848682785.0913,2.0,6.807190833338382,1.6207597222232432e-07,False,False,/private/tmp/oneD-v2-taylor-peierls-spatial-pf-runs/oneD_v2_DBTT_spatial_07_balanced_maximin_medoid/T1100K_seed1008666/steps_1100K.csv,a31de896edb3769c68d26abec1174f7f24a1a3c01eb0536f928116783f9cf47f,/private/tmp/oneD-v2-taylor-peierls-spatial-pf-runs/oneD_v2_DBTT_spatial_07_balanced_maximin_medoid/T1100K_seed1008666/anisotropic_emission_audit_v10174.json,bc80ec2326e37039eff609b5434833b01476badfac9b7cfbf3d3688f78809201,FULL_ACTIVE_AND_WAKE_SPATIAL_PROFILE_OBSERVER,PF_MODEL_NATIVE_DRIVING_TRAJECTORY_NOT_RESISTANCE
DBTT,BALANCED_MAXIMIN_MEDOID,oneD_v2_dbtt_TP_f2817e7998cb7be6,oneD_v2_DBTT_spatial_07_balanced_maximin_medoid,1100.0,1008666,300.0,1,0,194,1379.5504767289865,3.284643992211875e-05,7155094.611834255,7217.546190846301,56.665076745531906,56.665076745531906,56.665076745531906,-3.8417580458005727,20.189995870402456,8054642993.833864,2.931106565679095,7.415929780049919,4.484823214370824,7.87695750225349,0.1478743767129874,8.126137561331738,0.0,26053.258216496593,1525.7393167580883,"[3550007070.842965, -3539244149.6394844]","[[664076527.6521305, -13223455.663529905], [-13223455.663529905, 7148680303.7850065]]","[[[-15315472.455393694, -82118389.33306381], [-82118389.33306381, 7084698669.230537]], [[-11369880.760871757, 63133228.96275456], [63133228.96275456, 7067118418.518098]]]",1855342548482.3477,8497697365570.183,4.0,0.11031143763420914,2.626462800808078e-09,False,False,/private/tmp/oneD-v2-taylor-peierls-spatial-pf-runs/oneD_v2_DBTT_spatial_07_balanced_maximin_medoid/T1100K_seed1008666/steps_1100K.csv,a31de896edb3769c68d26abec1174f7f24a1a3c01eb0536f928116783f9cf47f,/private/tmp/oneD-v2-taylor-peierls-spatial-pf-runs/oneD_v2_DBTT_spatial_07_balanced_maximin_medoid/T1100K_seed1008666/anisotropic_emission_audit_v10174.json,bc80ec2326e37039eff609b5434833b01476badfac9b7cfbf3d3688f78809201,FULL_ACTIVE_AND_WAKE_SPATIAL_PROFILE_OBSERVER,PF_MODEL_NATIVE_DRIVING_TRAJECTORY_NOT_RESISTANCE
DBTT,BALANCED_MAXIMIN_MEDOID,oneD_v2_dbtt_TP_f2817e7998cb7be6,oneD_v2_DBTT_spatial_07_balanced_maximin_medoid,1100.0,1008666,300.0,2,0,208,1379.6607881666207,3.284906638491956e-05,7155066.804646859,7668.840089142264,58.40977540253122,58.40977540253122,58.40977540253122,-3.8753501924103158,20.83860060698317,8313398846.524545,7.415929780049919,10.475434902500647,3.059505122450728,7.856587840538953,0.14809381950639944,8.114096672558842,0.0,26361.95945942444,1524.0520973636274,"[3912344446.9385233, -3902500310.657851]","[[1555565209.3141425, -18057845.970494553], [-18057845.970494553, 7939393132.35973]]","[[[525942007.090141, -131118130.637024], [-131118130.637024, 8350630900.967188]], [[524027357.0037043, 98915648.0966121], [98915648.0966121, 8329027978.3194065]]]",2783013822723.5215,12746546048355.273,6.0,0.0018403326146199106,4.381744321085802e-11,False,False,/private/tmp/oneD-v2-taylor-peierls-spatial-pf-runs/oneD_v2_DBTT_spatial_07_balanced_maximin_medoid/T1100K_seed1008666/steps_1100K.csv,a31de896edb3769c68d26abec1174f7f24a1a3c01eb0536f928116783f9cf47f,/private/tmp/oneD-v2-taylor-peierls-spatial-pf-runs/oneD_v2_DBTT_spatial_07_balanced_maximin_medoid/T1100K_seed1008666/anisotropic_emission_audit_v10174.json,bc80ec2326e37039eff609b5434833b01476badfac9b7cfbf3d3688f78809201,FULL_ACTIVE_AND_WAKE_SPATIAL_PROFILE_OBSERVER,PF_MODEL_NATIVE_DRIVING_TRAJECTORY_NOT_RESISTANCE
DBTT,BALANCED_MAXIMIN_MEDOID,oneD_v2_dbtt_TP_f2817e7998cb7be6,oneD_v2_DBTT_spatial_07_balanced_maximin_medoid,1100.0,1008666,300.0,3,0,222,1379.6626284992353,3.284911020236277e-05,7154442.592481163,8029.304095410446,59.766751116099925,59.766751116099925,59.766751116099925,-3.8532897407988083,21.25460917260941,8479362252.362006,10.475434902500647,17.738586165025698,7.263151262525049,7.907023867981351,0.1475522463663025,8.14388144995797,0.0,26331.91852735004,1528.2267020812083,"[4037419831.2642636, -4024759292.8970537]","[[2107583941.3031754, -21418553.67627395], [-21418553.67627395, 8679124271.904566]]","[[[854405333.146447, -183219694.72910258], [-183219694.72910258, 8929244995.674974]], [[850565345.3322116, 146164406.16142896], [146164406.16142896, 8900083931.12632]]]",1855342548482.3477,8497697365570.183,4.0,2.392174565102323e-06,5.695654180497972e-14,False,False,/private/tmp/oneD-v2-taylor-peierls-spatial-pf-runs/oneD_v2_DBTT_spatial_07_balanced_maximin_medoid/T1100K_seed1008666/steps_1100K.csv,a31de896edb3769c68d26abec1174f7f24a1a3c01eb0536f928116783f9cf47f,/private/tmp/oneD-v2-taylor-peierls-spatial-pf-runs/oneD_v2_DBTT_spatial_07_balanced_maximin_medoid/T1100K_seed1008666/anisotropic_emission_audit_v10174.json,bc80ec2326e37039eff609b5434833b01476badfac9b7cfbf3d3688f78809201,FULL_ACTIVE_AND_WAKE_SPATIAL_PROFILE_OBSERVER,PF_MODEL_NATIVE_DRIVING_TRAJECTORY_NOT_RESISTANCE
DBTT,BALANCED_MAXIMIN_MEDOID,oneD_v2_dbtt_TP_f2817e7998cb7be6,oneD_v2_DBTT_spatial_07_balanced_maximin_medoid,1100.0,1008666,300.0,4,0,232,1379.66263089141,3.284911025931931e-05,7149823.171752432,9810.585272776685,66.06450020819597,66.06450020819597,66.06450020819597,-3.030030860035187,25.91681248821151,10339312274.783428,17.738586165025698,28.2064547972602,10.467868632234504,6.497901661719243,0.16537913023186207,7.2648790948549635,1.0012399799141807e-08,21269.276212409597,1407.6113054705495,"[3712256092.8508024, -3594293416.6005135]","[[2734614174.7301946, -230049989.56655478], [-230049989.56655478, 10261298371.348452]]","[[[2419482281.470317, -1727588951.6935432], [-1727588951.6935432, 9843994467.171923]], [[2425425322.373466, 1622957504.7390332], [1622957504.7390332, 9614012155.574493]]]",5566027645447.043,25493092096710.55,12.0,1.108996912080329e-06,2.6404727471347755e-14,False,False,/private/tmp/oneD-v2-taylor-peierls-spatial-pf-runs/oneD_v2_DBTT_spatial_07_balanced_maximin_medoid/T1100K_seed1008666/steps_1100K.csv,a31de896edb3769c68d26abec1174f7f24a1a3c01eb0536f928116783f9cf47f,/private/tmp/oneD-v2-taylor-peierls-spatial-pf-runs/oneD_v2_DBTT_spatial_07_balanced_maximin_medoid/T1100K_seed1008666/anisotropic_emission_audit_v10174.json,bc80ec2326e37039eff609b5434833b01476badfac9b7cfbf3d3688f78809201,FULL_ACTIVE_AND_WAKE_SPATIAL_PROFILE_OBSERVER,PF_MODEL_NATIVE_DRIVING_TRAJECTORY_NOT_RESISTANCE
DBTT,BALANCED_MAXIMIN_MEDOID,oneD_v2_dbtt_TP_f2817e7998cb7be6,oneD_v2_DBTT_spatial_07_balanced_maximin_medoid,1100.0,1008666,300.0,5,0,242,1379.6626320004068,3.284911028572404e-05,7140931.247216466,10603.628819822992,68.68279398345977,68.68279398345977,68.68279398345977,-3.375160621293367,25.709042800834744,10256424161.90305,28.2064547972602,33.059301215423474,4.852846418163278,7.137137979812408,0.15653174605406114,7.676592194011064,1.1310703486496003e-08,24027.65185284976,1463.3743242050416,"[4594849700.989898, -4575428062.256691]","[[5102584783.373765, 8019349.017378889], [8019349.017378889, 12041035756.970657]]","[[[2778919938.026956, -593219716.871384], [-593219716.871384, 11968619340.006752]], [[2813379470.439159, 607038909.3672272], [607038909.3672272, 11964235594.952541]]]",2783013822723.5215,12746546048355.273,6.0,8.400002116104588e-08,2.000000642529698e-15,False,False,/private/tmp/oneD-v2-taylor-peierls-spatial-pf-runs/oneD_v2_DBTT_spatial_07_balanced_maximin_medoid/T1100K_seed1008666/steps_1100K.csv,a31de896edb3769c68d26abec1174f7f24a1a3c01eb0536f928116783f9cf47f,/private/tmp/oneD-v2-taylor-peierls-spatial-pf-runs/oneD_v2_DBTT_spatial_07_balanced_maximin_medoid/T1100K_seed1008666/anisotropic_emission_audit_v10174.json,bc80ec2326e37039eff609b5434833b01476badfac9b7cfbf3d3688f78809201,FULL_ACTIVE_AND_WAKE_SPATIAL_PROFILE_OBSERVER,PF_MODEL_NATIVE_DRIVING_TRAJECTORY_NOT_RESISTANCE
DBTT,BALANCED_MAXIMIN_MEDOID,oneD_v2_dbtt_TP_f2817e7998cb7be6,oneD_v2_DBTT_spatial_07_balanced_maximin_medoid,1100.0,1008666,300.0,6,0,243,1379.6626320844068,3.284911028772404e-05,7138425.541968954,10688.776152712788,68.9580046459016,68.9580046459016,68.9580046459016,-3.4759266600084153,25.270595588193736,10081509031.056393,33.059301215423474,35.35664131104838,2.2973400956249024,7.44626378901004,0.15273335375001776,7.867541520859263,1.1737711248955672e-08,24935.22976728871,1489.7082186627674,"[4710173176.353912, -4685533022.180042]","[[5393793420.914507, 5422315.220333913], [5422315.220333913, 11912063965.086657]]","[[[2733508291.667495, -525655917.7055897], [-525655917.7055897, 12153854644.37532]], [[2772564809.8637133, 531156595.90159065], [531156595.90159065, 12143630854.223797]]]",46383563712058.62,212442434139254.16,100.0,1.198895915877074e-06,2.854514584774148e-14,False,False,/private/tmp/oneD-v2-taylor-peierls-spatial-pf-runs/oneD_v2_DBTT_spatial_07_balanced_maximin_medoid/T1100K_seed1008666/steps_1100K.csv,a31de896edb3769c68d26abec1174f7f24a1a3c01eb0536f928116783f9cf47f,/private/tmp/oneD-v2-taylor-peierls-spatial-pf-runs/oneD_v2_DBTT_spatial_07_balanced_maximin_medoid/T1100K_seed1008666/anisotropic_emission_audit_v10174.json,bc80ec2326e37039eff609b5434833b01476badfac9b7cfbf3d3688f78809201,FULL_ACTIVE_AND_WAKE_SPATIAL_PROFILE_OBSERVER,PF_MODEL_NATIVE_DRIVING_TRAJECTORY_NOT_RESISTANCE
DBTT,BALANCED_MAXIMIN_MEDOID,oneD_v2_dbtt_TP_f2817e7998cb7be6,oneD_v2_DBTT_spatial_07_balanced_maximin_medoid,1100.0,1008666,300.0,7,0,253,1379.6626332833027,3.2849110316269185e-05,7136859.5821565,10753.88561023309,69.16771068015073,69.16771068015073,69.16771068015073,-3.6066705554056155,25.176914894939845,10044135841.660097,35.35664131104838,40.602872086987624,5.246230775939242,7.547476673643221,0.15154852995592002,7.929076756431441,1.243097358568632e-08,26408.589740564952,1498.2435464760101,"[4548564354.426037, -4530516354.499546]","[[4889946601.990891, 5945558.672309025], [5945558.672309025, 11161865646.495441]]","[[[2900114186.2770357, -454590614.2428023], [-454590614.2428023, 11997242895.12911]], [[2940201376.445274, 451879607.77748764], [451879607.77748764, 12001234085.444366]]]",2783013822723.5215,12746546048355.273,6.0,1.1270390132267494e-06,2.6834274819559356e-14,False,False,/private/tmp/oneD-v2-taylor-peierls-spatial-pf-runs/oneD_v2_DBTT_spatial_07_balanced_maximin_medoid/T1100K_seed1008666/steps_1100K.csv,a31de896edb3769c68d26abec1174f7f24a1a3c01eb0536f928116783f9cf47f,/private/tmp/oneD-v2-taylor-peierls-spatial-pf-runs/oneD_v2_DBTT_spatial_07_balanced_maximin_medoid/T1100K_seed1008666/anisotropic_emission_audit_v10174.json,bc80ec2326e37039eff609b5434833b01476badfac9b7cfbf3d3688f78809201,FULL_ACTIVE_AND_WAKE_SPATIAL_PROFILE_OBSERVER,PF_MODEL_NATIVE_DRIVING_TRAJECTORY_NOT_RESISTANCE
DBTT,BALANCED_MAXIMIN_MEDOID,oneD_v2_dbtt_TP_f2817e7998cb7be6,oneD_v2_DBTT_spatial_07_balanced_maximin_medoid,1100.0,1008666,300.0,8,0,263,1379.6626344103418,3.284911034310346e-05,7132592.718589171,10906.839196514447,69.65786357992037,69.65786357992037,69.65786357992037,-3.328878439046399,25.62038566247752,10221055080.952951,40.602872086987624,45.534666691946185,4.931794604958564,7.392119433664701,0.1533787010093378,7.8344569672149795,1.1790234568356633e-08,25045.80811103298,1485.1247599336232,"[4652285961.142682, -4656340806.0695095]","[[4660249143.509507, 12898916.585450107], [12898916.585450107, 11930369968.352335]]","[[[2976123134.267059, -1060358569.1001291], [-1060358569.1001291, 12280695056.552423]], [[2990127093.176583, 1073538167.7850047], [1073538167.7850047, 12302808705.315601]]]",2783013822723.5215,12746546048355.273,6.0,8.400002116104588e-08,2.000000642529698e-15,False,False,/private/tmp/oneD-v2-taylor-peierls-spatial-pf-runs/oneD_v2_DBTT_spatial_07_balanced_maximin_medoid/T1100K_seed1008666/steps_1100K.csv,a31de896edb3769c68d26abec1174f7f24a1a3c01eb0536f928116783f9cf47f,/private/tmp/oneD-v2-taylor-peierls-spatial-pf-runs/oneD_v2_DBTT_spatial_07_balanced_maximin_medoid/T1100K_seed1008666/anisotropic_emission_audit_v10174.json,bc80ec2326e37039eff609b5434833b01476badfac9b7cfbf3d3688f78809201,FULL_ACTIVE_AND_WAKE_SPATIAL_PROFILE_OBSERVER,PF_MODEL_NATIVE_DRIVING_TRAJECTORY_NOT_RESISTANCE
DBTT,BALANCED_MAXIMIN_MEDOID,oneD_v2_dbtt_TP_f2817e7998cb7be6,oneD_v2_DBTT_spatial_07_balanced_maximin_medoid,1100.0,1008666,300.0,9,0,264,1379.6626344943418,3.284911034510346e-05,7129710.903493747,10936.697237400283,69.75314443185796,69.75314443185796,69.75314443185796,-3.3153445602588163,25.42186307846221,10141856028.5747,45.534666691946185,47.83200678757109,2.2973400956249024,7.528575840141247,0.15176769448628621,7.917635040930448,1.1888914743175697e-08,25255.685468552692,1496.652842002942,"[4519716609.166698, -4510071224.52028]","[[4341607528.172335, -394433.5403745841], [-394433.5403745841, 11444230983.894936]]","[[[3490262477.434127, -580670241.47165], [-580670241.47165, 12529695695.767525]], [[3472668514.5088334, 639053957.3794678], [639053957.3794678, 12492810963.549393]]]",46383563712058.62,212442434139254.16,100.0,1.6800004232209176e-07,4.000001285059396e-15,False,False,/private/tmp/oneD-v2-taylor-peierls-spatial-pf-runs/oneD_v2_DBTT_spatial_07_balanced_maximin_medoid/T1100K_seed1008666/steps_1100K.csv,a31de896edb3769c68d26abec1174f7f24a1a3c01eb0536f928116783f9cf47f,/private/tmp/oneD-v2-taylor-peierls-spatial-pf-runs/oneD_v2_DBTT_spatial_07_balanced_maximin_medoid/T1100K_seed1008666/anisotropic_emission_audit_v10174.json,bc80ec2326e37039eff609b5434833b01476badfac9b7cfbf3d3688f78809201,FULL_ACTIVE_AND_WAKE_SPATIAL_PROFILE_OBSERVER,PF_MODEL_NATIVE_DRIVING_TRAJECTORY_NOT_RESISTANCE
DBTT,BALANCED_MAXIMIN_MEDOID,oneD_v2_dbtt_TP_f2817e7998cb7be6,oneD_v2_DBTT_spatial_07_balanced_maximin_medoid,1100.0,1008666,300.0,10,0,266,1379.6626346623418,3.284911034910346e-05,7126139.214001557,11064.270440755436,70.1587893990252,70.1587893990252,70.1587893990252,-2.5632150905392543,28.330898572797015,11302393282.453335,47.83200678757109,50.12934688319599,2.2973400956249024,6.13258356293272,0.17116183970475743,7.020267273200815,9.315954231670197e-09,19791.57956434291,1374.9260128437154,"[3957408308.5880065, -3973254679.540798]","[[3923601495.631237, -18088866.76790789], [-18088866.76790789, 12660653016.060308]]","[[[2949301885.6649604, -1543813008.7618124], [-1543813008.7618124, 10864118502.840975]], [[2966980073.5616236, 1617942287.1817386], [1617942287.1817386, 10913489432.64322]]]",2783013822723.5215,12746546048355.273,6.0,171.31619265600216,4.0789569679999644e-06,True,False,/private/tmp/oneD-v2-taylor-peierls-spatial-pf-runs/oneD_v2_DBTT_spatial_07_balanced_maximin_medoid/T1100K_seed1008666/steps_1100K.csv,a31de896edb3769c68d26abec1174f7f24a1a3c01eb0536f928116783f9cf47f,/private/tmp/oneD-v2-taylor-peierls-spatial-pf-runs/oneD_v2_DBTT_spatial_07_balanced_maximin_medoid/T1100K_seed1008666/anisotropic_emission_audit_v10174.json,bc80ec2326e37039eff609b5434833b01476badfac9b7cfbf3d3688f78809201,FULL_ACTIVE_AND_WAKE_SPATIAL_PROFILE_OBSERVER,PF_MODEL_NATIVE_DRIVING_TRAJECTORY_NOT_RESISTANCE
DBTT,BALANCED_MAXIMIN_MEDOID,oneD_v2_dbtt_TP_f2817e7998cb7be6,oneD_v2_DBTT_spatial_07_balanced_maximin_medoid,1100.0,1008666,300.0,11,1,299,1550.978827318344,3.6928067317103426e-05,8067684.456464965,5434.226292712384,49.16879387184228,49.16879387184228,49.16879387184228,-2.0679244964606203,21.416581037075236,8543979677.332874,50.12934688319599,52.42668697882088,2.2973400956248953,5.270827805557002,0.18763164817042965,6.403300123412989,0.0,16231.047730931132,1295.429641041184,"[4044013053.8720593, -3937512882.084972]","[[4571669734.4714985, 93709415.13228373], [93709415.13228373, 10621650209.740583]]","[[[2446218252.7446365, -481443991.10074246], [-481443991.10074246, 10534244360.488756]], [[2677157746.418304, 595634545.723214], [595634545.723214, 10552183510.588247]]]",45455892437817.445,208193585456469.1,98.0,0.33104993115171055,7.882141217903328e-09,False,False,/private/tmp/oneD-v2-taylor-peierls-spatial-pf-runs/oneD_v2_DBTT_spatial_07_balanced_maximin_medoid/T1100K_seed1008666/steps_1100K.csv,a31de896edb3769c68d26abec1174f7f24a1a3c01eb0536f928116783f9cf47f,/private/tmp/oneD-v2-taylor-peierls-spatial-pf-runs/oneD_v2_DBTT_spatial_07_balanced_maximin_medoid/T1100K_seed1008666/anisotropic_emission_audit_v10174.json,bc80ec2326e37039eff609b5434833b01476badfac9b7cfbf3d3688f78809201,FULL_ACTIVE_AND_WAKE_SPATIAL_PROFILE_OBSERVER,PF_MODEL_NATIVE_DRIVING_TRAJECTORY_NOT_RESISTANCE
DBTT,BALANCED_MAXIMIN_MEDOID,oneD_v2_dbtt_TP_f2817e7998cb7be6,oneD_v2_DBTT_spatial_07_balanced_maximin_medoid,1100.0,1008666,300.0,12,1,316,1551.3098772494957,3.693594945832133e-05,8068564.443406741,5529.194998008173,49.5965706811734,49.5965706811734,49.5965706811734,-2.1563363248126115,21.363893521661154,8522960399.784895,52.42668697882088,56.677418122201125,4.250731143380243,5.38942568222755,0.18508036172929473,6.491577933677944,0.0,17433.27085513635,1306.5671517447684,"[3982070943.45171, -3875323292.9279704]","[[4559020159.861668, 87023193.69107682], [87023193.69107682, 10081246731.439436]]","[[[2199161569.9534216, -397151563.51133966], [-397151563.51133966, 10163303456.856842]], [[2419684554.558717, 500512046.1441988], [500512046.1441988, 10170331140.414658]]]",2783013822723.5215,12746546048355.273,6.0,1.299957616517304,3.095137182182196e-08,False,False,/private/tmp/oneD-v2-taylor-peierls-spatial-pf-runs/oneD_v2_DBTT_spatial_07_balanced_maximin_medoid/T1100K_seed1008666/steps_1100K.csv,a31de896edb3769c68d26abec1174f7f24a1a3c01eb0536f928116783f9cf47f,/private/tmp/oneD-v2-taylor-peierls-spatial-pf-runs/oneD_v2_DBTT_spatial_07_balanced_maximin_medoid/T1100K_seed1008666/anisotropic_emission_audit_v10174.json,bc80ec2326e37039eff609b5434833b01476badfac9b7cfbf3d3688f78809201,FULL_ACTIVE_AND_WAKE_SPATIAL_PROFILE_OBSERVER,PF_MODEL_NATIVE_DRIVING_TRAJECTORY_NOT_RESISTANCE
DBTT,BALANCED_MAXIMIN_MEDOID,oneD_v2_dbtt_TP_f2817e7998cb7be6,oneD_v2_DBTT_spatial_07_balanced_maximin_medoid,1100.0,1008666,300.0,13,1,337,1552.609834866013,3.696690083014315e-05,8073450.147173828,5740.604662776522,50.53584304241677,50.53584304241677,50.53584304241677,-2.0971748687949434,20.96611363372015,8364269184.191884,56.677418122201125,64.60637726595918,7.9289591437580516,5.809826450716493,0.17680965965428103,6.79534440670697,0.0,18195.818762998635,1345.5444705823072,"[4152085973.7400794, -4041253896.9621534]","[[4143036679.1820307, 85739579.90105669], [85739579.90105669, 10247508557.969046]]","[[[2398512330.201098, -697136333.9812438], [-697136333.9812438, 10702684277.681257]], [[2476903350.4559693, 800085318.8178316], [800085318.8178316, 10559411144.380276]]]",6493698919688.217,29741940779495.645,14.0,0.0004433407875694684,1.0555733038683773e-11,False,False,/private/tmp/oneD-v2-taylor-peierls-spatial-pf-runs/oneD_v2_DBTT_spatial_07_balanced_maximin_medoid/T1100K_seed1008666/steps_1100K.csv,a31de896edb3769c68d26abec1174f7f24a1a3c01eb0536f928116783f9cf47f,/private/tmp/oneD-v2-taylor-peierls-spatial-pf-runs/oneD_v2_DBTT_spatial_07_balanced_maximin_medoid/T1100K_seed1008666/anisotropic_emission_audit_v10174.json,bc80ec2326e37039eff609b5434833b01476badfac9b7cfbf3d3688f78809201,FULL_ACTIVE_AND_WAKE_SPATIAL_PROFILE_OBSERVER,PF_MODEL_NATIVE_DRIVING_TRAJECTORY_NOT_RESISTANCE
DBTT,BALANCED_MAXIMIN_MEDOID,oneD_v2_dbtt_TP_f2817e7998cb7be6,oneD_v2_DBTT_spatial_07_balanced_maximin_medoid,1100.0,1008666,300.0,14,1,338,1552.6102782068006,3.696691138587619e-05,8069345.758910618,6168.372784895095,52.384885803457315,52.384885803457315,52.384885803457315,-1.6962550352699535,22.741489925989598,9072541850.800499,64.60637726595918,73.04590364404542,8.439526378086239,5.306084650148453,0.1868622047337148,6.429000780932127,0.0,16193.017215601625,1298.746981136025,"[3637161638.2570524, -3783387070.9683447]","[[4184272235.390883, -30291340.955896337], [-30291340.955896337, 10503266951.647543]]","[[[2107007911.3081977, -1234558055.2510405], [-1234558055.2510405, 9381331187.822304]], [[2853356123.495059, 1157465694.7421963], [1157465694.7421963, 10420130265.43175]]]",79779729584740.97,365400986719517.6,172.0,2.5200006348313764e-07,6.000001927589094e-15,False,False,/private/tmp/oneD-v2-taylor-peierls-spatial-pf-runs/oneD_v2_DBTT_spatial_07_balanced_maximin_medoid/T1100K_seed1008666/steps_1100K.csv,a31de896edb3769c68d26abec1174f7f24a1a3c01eb0536f928116783f9cf47f,/private/tmp/oneD-v2-taylor-peierls-spatial-pf-runs/oneD_v2_DBTT_spatial_07_balanced_maximin_medoid/T1100K_seed1008666/anisotropic_emission_audit_v10174.json,bc80ec2326e37039eff609b5434833b01476badfac9b7cfbf3d3688f78809201,FULL_ACTIVE_AND_WAKE_SPATIAL_PROFILE_OBSERVER,PF_MODEL_NATIVE_DRIVING_TRAJECTORY_NOT_RESISTANCE
DBTT,BALANCED_MAXIMIN_MEDOID,oneD_v2_dbtt_TP_f2817e7998cb7be6,oneD_v2_DBTT_spatial_07_balanced_maximin_medoid,1100.0,1008666,300.0,15,1,341,1552.6102784588006,3.696691139187619e-05,7998297.219607661,13549.810554085823,77.64031825155178,77.64031825155178,77.64031825155178,-2.621713041167125,27.70099215119044,11051096978.178102,73.04590364404542,75.34297779768553,2.297074153640119,7.855683276800002,0.1481035870588451,8.11217435489152,1.2107648217713916e-08,25721.99436415458,1523.9771340345549,"[4936631189.562588, -4756760750.124851]","[[6104199267.072023, 371992462.4748641], [371992462.4748641, 13210502976.155495]]","[[[3378497904.8337674, -465174882.6951663], [-465174882.6951663, 13251760283.958942]], [[3863743291.4430504, 846847401.3088032], [846847401.3088032, 13377264791.692753]]]",1855342548482.3477,8497697365570.183,4.0,5.040001269662753e-07,1.199999707891461e-14,False,False,/private/tmp/oneD-v2-taylor-peierls-spatial-pf-runs/oneD_v2_DBTT_spatial_07_balanced_maximin_medoid/T1100K_seed1008666/steps_1100K.csv,a31de896edb3769c68d26abec1174f7f24a1a3c01eb0536f928116783f9cf47f,/private/tmp/oneD-v2-taylor-peierls-spatial-pf-runs/oneD_v2_DBTT_spatial_07_balanced_maximin_medoid/T1100K_seed1008666/anisotropic_emission_audit_v10174.json,bc80ec2326e37039eff609b5434833b01476badfac9b7cfbf3d3688f78809201,FULL_ACTIVE_AND_WAKE_SPATIAL_PROFILE_OBSERVER,PF_MODEL_NATIVE_DRIVING_TRAJECTORY_NOT_RESISTANCE
DBTT,BALANCED_MAXIMIN_MEDOID,oneD_v2_dbtt_TP_f2817e7998cb7be6,oneD_v2_DBTT_spatial_07_balanced_maximin_medoid,1100.0,1008666,300.0,16,1,347,1552.6102789628007,3.696691140387619e-05,7996872.321539501,13778.06588634318,78.29153786772535,78.29153786772535,78.29153786772535,-2.7276545977411977,27.28139692826176,10883702703.097387,75.34297779768553,77.64005195132565,2.2970741536401054,8.235622645874388,0.14416355937168104,8.33405988304785,1.2953023543349728e-08,27516.327156232088,1555.180649257299,"[4854012738.513443, -4685397105.975806]","[[6183346545.756981, 287565720.62190956], [287565720.62190956, 12401314021.930597]]","[[[3105356021.5196633, -349732336.2127241], [-349732336.2127241, 12813381498.546549]], [[3511485206.548428, 700073906.3308494], [700073906.3308494, 12882279418.500042]]]",7421370193929.391,33990789462280.74,16.0,3.360000846441835e-07,8.00000934638237e-15,False,False,/private/tmp/oneD-v2-taylor-peierls-spatial-pf-runs/oneD_v2_DBTT_spatial_07_balanced_maximin_medoid/T1100K_seed1008666/steps_1100K.csv,a31de896edb3769c68d26abec1174f7f24a1a3c01eb0536f928116783f9cf47f,/private/tmp/oneD-v2-taylor-peierls-spatial-pf-runs/oneD_v2_DBTT_spatial_07_balanced_maximin_medoid/T1100K_seed1008666/anisotropic_emission_audit_v10174.json,bc80ec2326e37039eff609b5434833b01476badfac9b7cfbf3d3688f78809201,FULL_ACTIVE_AND_WAKE_SPATIAL_PROFILE_OBSERVER,PF_MODEL_NATIVE_DRIVING_TRAJECTORY_NOT_RESISTANCE
DBTT,BALANCED_MAXIMIN_MEDOID,oneD_v2_dbtt_TP_f2817e7998cb7be6,oneD_v2_DBTT_spatial_07_balanced_maximin_medoid,1100.0,1008666,300.0,17,1,351,1552.6102792988008,3.69669114118762e-05,7995422.156767703,13990.598013410292,78.89306604310184,78.89306604310184,78.89306604310184,-2.6880029359868516,27.292088306283954,10887967945.826195,77.64005195132565,79.93712610496574,2.2970741536401054,8.356109710551516,0.1429782876080081,8.403770009415501,1.3137878342114089e-08,27908.493851975443,1564.9596087805087,"[4988139878.532023, -4860550982.902321]","[[6265893661.971615, 401657972.4985997], [401657972.4985997, 12904050087.495546]]","[[[3278922233.9794526, -479292743.0918075], [-479292743.0918075, 13255201991.043499]], [[3465841904.390349, 904333659.8482199], [904333659.8482199, 13186943870.19499]]]",7421370193929.391,33990789462280.74,16.0,3.360000846441835e-07,8.000002570118792e-15,False,False,/private/tmp/oneD-v2-taylor-peierls-spatial-pf-runs/oneD_v2_DBTT_spatial_07_balanced_maximin_medoid/T1100K_seed1008666/steps_1100K.csv,a31de896edb3769c68d26abec1174f7f24a1a3c01eb0536f928116783f9cf47f,/private/tmp/oneD-v2-taylor-peierls-spatial-pf-runs/oneD_v2_DBTT_spatial_07_balanced_maximin_medoid/T1100K_seed1008666/anisotropic_emission_audit_v10174.json,bc80ec2326e37039eff609b5434833b01476badfac9b7cfbf3d3688f78809201,FULL_ACTIVE_AND_WAKE_SPATIAL_PROFILE_OBSERVER,PF_MODEL_NATIVE_DRIVING_TRAJECTORY_NOT_RESISTANCE
DBTT,BALANCED_MAXIMIN_MEDOID,oneD_v2_dbtt_TP_f2817e7998cb7be6,oneD_v2_DBTT_spatial_07_balanced_maximin_medoid,1100.0,1008666,300.0,18,1,355,1552.610279634801,3.69669114198762e-05,7993653.274398173,14215.235570054036,79.52391013201394,79.52391013201394,79.52391013201394,-2.8351758685783937,26.39912379336619,10531726646.725227,79.93712610496574,82.23340249422276,2.2962763892570144,9.074368815552706,0.13647209159233276,8.804395652093378,1.435455487942344e-08,30493.635987628695,1622.1431707595784,"[5160546123.186757, -5020234877.138006]","[[5783464773.227305, 232418877.27414343], [232418877.27414343, 12217631995.331587]]","[[[3592011829.844064, -559004207.824555], [-559004207.824555, 13913104076.217579]], [[3588041426.788589, 978517895.6304389], [978517895.6304389, 13628511181.064602]]]",1855342548482.3477,8497697365570.183,4.0,4.02363025386876e-06,9.580074092959551e-14,False,False,/private/tmp/oneD-v2-taylor-peierls-spatial-pf-runs/oneD_v2_DBTT_spatial_07_balanced_maximin_medoid/T1100K_seed1008666/steps_1100K.csv,a31de896edb3769c68d26abec1174f7f24a1a3c01eb0536f928116783f9cf47f,/private/tmp/oneD-v2-taylor-peierls-spatial-pf-runs/oneD_v2_DBTT_spatial_07_balanced_maximin_medoid/T1100K_seed1008666/anisotropic_emission_audit_v10174.json,bc80ec2326e37039eff609b5434833b01476badfac9b7cfbf3d3688f78809201,FULL_ACTIVE_AND_WAKE_SPATIAL_PROFILE_OBSERVER,PF_MODEL_NATIVE_DRIVING_TRAJECTORY_NOT_RESISTANCE
DBTT,BALANCED_MAXIMIN_MEDOID,oneD_v2_dbtt_TP_f2817e7998cb7be6,oneD_v2_DBTT_spatial_07_balanced_maximin_medoid,1100.0,1008666,300.0,19,1,365,1552.6102836584312,3.696691151567694e-05,7991517.085537157,14482.375529061892,80.2676591132291,80.2676591132291,80.2676591132291,-1.9272063694110373,27.471252000207585,10959443918.445232,82.23340249422276,100.16094124707362,17.927538752850865,8.53737365515391,0.14124895229145418,8.506215859341836,1.3387307264824642e-08,28439.597505252463,1579.5683857726262,"[5014816534.3349085, -4850647185.478724]","[[5550192182.506153, 209941189.99425456], [209941189.99425456, 12854806760.408981]]","[[[3396448696.1055107, -756928218.0546763], [-756928218.0546763, 13426081764.775328]], [[3521058395.6903296, 1107534494.5226562], [1107534494.5226562, 13222352766.647778]]]",12987397839376.426,59483881558991.3,28.0,2.5200006348313764e-07,6.000001927589094e-15,False,False,/private/tmp/oneD-v2-taylor-peierls-spatial-pf-runs/oneD_v2_DBTT_spatial_07_balanced_maximin_medoid/T1100K_seed1008666/steps_1100K.csv,a31de896edb3769c68d26abec1174f7f24a1a3c01eb0536f928116783f9cf47f,/private/tmp/oneD-v2-taylor-peierls-spatial-pf-runs/oneD_v2_DBTT_spatial_07_balanced_maximin_medoid/T1100K_seed1008666/anisotropic_emission_audit_v10174.json,bc80ec2326e37039eff609b5434833b01476badfac9b7cfbf3d3688f78809201,FULL_ACTIVE_AND_WAKE_SPATIAL_PROFILE_OBSERVER,PF_MODEL_NATIVE_DRIVING_TRAJECTORY_NOT_RESISTANCE
DBTT,BALANCED_MAXIMIN_MEDOID,oneD_v2_dbtt_TP_f2817e7998cb7be6,oneD_v2_DBTT_spatial_07_balanced_maximin_medoid,1100.0,1008666,300.0,20,1,368,1552.6102839104312,3.6966911521676943e-05,7959460.671513964,19468.41208785131,93.06490974710036,93.06490974710036,93.06490974710036,-1.8963946225483448,31.53868970729264,12582116792.700518,100.16094124707362,102.45801540071372,2.297074153640092,8.707322464683205,0.13968328766340776,8.60125200484762,1.3819317248453744e-08,29356.66156106168,1593.1548309587636,"[5630745777.724121, -5423121337.829324]","[[8102406561.191112, 252981434.18237016], [252981434.18237016, 16095099429.34947]]","[[[4764580483.152817, -519262158.0726532], [-519262158.0726532, 16026072038.601059]], [[5259743202.517448, 955994913.8207366], [955994913.8207366, 16105985878.176096]]]",11132055290894.082,50986184193421.11,24.0,4.200001058052294e-07,1.000000321264849e-14,False,False,/private/tmp/oneD-v2-taylor-peierls-spatial-pf-runs/oneD_v2_DBTT_spatial_07_balanced_maximin_medoid/T1100K_seed1008666/steps_1100K.csv,a31de896edb3769c68d26abec1174f7f24a1a3c01eb0536f928116783f9cf47f,/private/tmp/oneD-v2-taylor-peierls-spatial-pf-runs/oneD_v2_DBTT_spatial_07_balanced_maximin_medoid/T1100K_seed1008666/anisotropic_emission_audit_v10174.json,bc80ec2326e37039eff609b5434833b01476badfac9b7cfbf3d3688f78809201,FULL_ACTIVE_AND_WAKE_SPATIAL_PROFILE_OBSERVER,PF_MODEL_NATIVE_DRIVING_TRAJECTORY_NOT_RESISTANCE
DBTT,BALANCED_MAXIMIN_MEDOID,oneD_v2_dbtt_TP_f2817e7998cb7be6,oneD_v2_DBTT_spatial_07_balanced_maximin_medoid,1100.0,1008666,300.0,21,1,373,1552.6102843304313,3.696691153167695e-05,7957317.171032676,19700.65079047914,93.6183498329888,93.6183498329888,93.6183498329888,-1.942013801617688,30.775716781824546,12277734633.929724,102.45801540071372,104.75508955435383,2.297074153640119,9.2534910700823,0.13498334122746486,8.9007581883143,1.4880242818132108e-08,31609.112083790547,1636.118262895588,"[5511507864.320867, -5306021069.9548855]","[[8083604597.619497, 267085424.3912235], [267085424.3912235, 14814181643.082712]]","[[[4399600404.943307, -359022626.2873092], [-359022626.2873092, 15422616133.585041]], [[4831946381.933251, 748542135.3798698], [748542135.3798698, 15443988521.843023]]]",6493698919688.217,29741940779495.645,14.0,7.560001904494129e-07,1.800000578276728e-14,False,False,/private/tmp/oneD-v2-taylor-peierls-spatial-pf-runs/oneD_v2_DBTT_spatial_07_balanced_maximin_medoid/T1100K_seed1008666/steps_1100K.csv,a31de896edb3769c68d26abec1174f7f24a1a3c01eb0536f928116783f9cf47f,/private/tmp/oneD-v2-taylor-peierls-spatial-pf-runs/oneD_v2_DBTT_spatial_07_balanced_maximin_medoid/T1100K_seed1008666/anisotropic_emission_audit_v10174.json,bc80ec2326e37039eff609b5434833b01476badfac9b7cfbf3d3688f78809201,FULL_ACTIVE_AND_WAKE_SPATIAL_PROFILE_OBSERVER,PF_MODEL_NATIVE_DRIVING_TRAJECTORY_NOT_RESISTANCE
DBTT,BALANCED_MAXIMIN_MEDOID,oneD_v2_dbtt_TP_f2817e7998cb7be6,oneD_v2_DBTT_spatial_07_balanced_maximin_medoid,1100.0,1008666,300.0,22,1,382,1552.6102850864315,3.696691154967695e-05,7955128.277815591,19943.750125085586,94.19418817543804,94.19418817543804,94.19418817543804,-1.8200411365097067,31.076968274507635,12397916591.395052,104.75508955435383,107.969488677559,3.214399123205162,9.186940973836963,0.1355307574838085,8.865473145206506,1.5006207834178486e-08,31877.328441360463,1630.938932121545,"[5673177949.49106, -5511436831.792452]","[[8164059400.530223, 96405757.68588], [96405757.68588, 15421932656.414097]]","[[[4610722739.639434, -519271415.2728247], [-519271415.2728247, 15957078638.621555]], [[4776813780.922919, 995385376.1566404], [995385376.1566404, 15799687444.507824]]]",1855342548482.3477,8497697365570.183,4.0,1.6998235423670849e-06,4.047198638506763e-14,False,False,/private/tmp/oneD-v2-taylor-peierls-spatial-pf-runs/oneD_v2_DBTT_spatial_07_balanced_maximin_medoid/T1100K_seed1008666/steps_1100K.csv,a31de896edb3769c68d26abec1174f7f24a1a3c01eb0536f928116783f9cf47f,/private/tmp/oneD-v2-taylor-peierls-spatial-pf-runs/oneD_v2_DBTT_spatial_07_balanced_maximin_medoid/T1100K_seed1008666/anisotropic_emission_audit_v10174.json,bc80ec2326e37039eff609b5434833b01476badfac9b7cfbf3d3688f78809201,FULL_ACTIVE_AND_WAKE_SPATIAL_PROFILE_OBSERVER,PF_MODEL_NATIVE_DRIVING_TRAJECTORY_NOT_RESISTANCE
DBTT,BALANCED_MAXIMIN_MEDOID,oneD_v2_dbtt_TP_f2817e7998cb7be6,oneD_v2_DBTT_spatial_07_balanced_maximin_medoid,1100.0,1008666,300.0,23,1,392,1552.610286786255,3.696691159014894e-05,7952465.900429104,20236.30845284479,94.88254838440646,94.88254838440646,94.88254838440646,-1.518343245758831,30.61757361085498,12214644636.673212,107.969488677559,115.41735671325131,7.447868035692315,9.603535362352927,0.1322093446779136,9.087573411113976,1.5216301109858954e-08,32324.642764925396,1663.11469408639,"[5394553690.604366, -5195070776.04016]","[[7420740085.538809, 267240595.54581475], [267240595.54581475, 14217693573.020435]]","[[[4842324273.582311, 8486195.007776663], [8486195.007776663, 15631431654.791044]], [[5217601305.107492, 306832229.2608605], [306832229.2608605, 15607742857.187813]]]",4638356371205.869,21244243413925.457,10.0,4.200001058052294e-07,1.000000321264849e-14,False,False,/private/tmp/oneD-v2-taylor-peierls-spatial-pf-runs/oneD_v2_DBTT_spatial_07_balanced_maximin_medoid/T1100K_seed1008666/steps_1100K.csv,a31de896edb3769c68d26abec1174f7f24a1a3c01eb0536f928116783f9cf47f,/private/tmp/oneD-v2-taylor-peierls-spatial-pf-runs/oneD_v2_DBTT_spatial_07_balanced_maximin_medoid/T1100K_seed1008666/anisotropic_emission_audit_v10174.json,bc80ec2326e37039eff609b5434833b01476badfac9b7cfbf3d3688f78809201,FULL_ACTIVE_AND_WAKE_SPATIAL_PROFILE_OBSERVER,PF_MODEL_NATIVE_DRIVING_TRAJECTORY_NOT_RESISTANCE
DBTT,BALANCED_MAXIMIN_MEDOID,oneD_v2_dbtt_TP_f2817e7998cb7be6,oneD_v2_DBTT_spatial_07_balanced_maximin_medoid,1100.0,1008666,300.0,24,1,397,1552.6102872062552,3.696691160014894e-05,7940831.927672759,21531.233317148784,97.8712530991269,97.8712530991269,97.8712530991269,-1.3369616994571207,32.68185140559128,13038172327.487354,115.41735671325131,117.7146968088762,2.2973400956248886,8.968028827433937,0.13737956948445668,8.746065488349979,1.4201987143967822e-08,30169.601407930284,1613.7938456596853,"[5089157517.037814, -4938180569.439666]","[[6209119113.484651, -585921.3719839085], [-585921.3719839085, 14928567271.447056]]","[[[4840506624.959311, -1815840932.4044743], [-1815840932.4044743, 15018821659.03494]], [[4804122624.647824, 2097030726.001323], [2097030726.001323, 14680483763.527157]]]",9276712742411.738,42488486827850.92,20.0,8.400002116104588e-08,2.000000642529698e-15,False,False,/private/tmp/oneD-v2-taylor-peierls-spatial-pf-runs/oneD_v2_DBTT_spatial_07_balanced_maximin_medoid/T1100K_seed1008666/steps_1100K.csv,a31de896edb3769c68d26abec1174f7f24a1a3c01eb0536f928116783f9cf47f,/private/tmp/oneD-v2-taylor-peierls-spatial-pf-runs/oneD_v2_DBTT_spatial_07_balanced_maximin_medoid/T1100K_seed1008666/anisotropic_emission_audit_v10174.json,bc80ec2326e37039eff609b5434833b01476badfac9b7cfbf3d3688f78809201,FULL_ACTIVE_AND_WAKE_SPATIAL_PROFILE_OBSERVER,PF_MODEL_NATIVE_DRIVING_TRAJECTORY_NOT_RESISTANCE
DBTT,BALANCED_MAXIMIN_MEDOID,oneD_v2_dbtt_TP_f2817e7998cb7be6,oneD_v2_DBTT_spatial_07_balanced_maximin_medoid,1100.0,1008666,300.0,25,1,398,1552.6102872902552,3.696691160214894e-05,7936438.157286883,18423.453652566015,90.53285543939552,90.53285543939552,90.53285543939552,-1.1304735351999422,31.98804635032168,12761384156.584057,117.7146968088762,119.6574708597544,1.9427740508781928,8.010082765372289,0.14646384337235369,8.202600770033321,1.277749106697428e-08,27142.615205815397,1536.725642157055,"[5201720437.3244, -4986914595.412259]","[[6644484970.205234, -71862773.07385522], [-71862773.07385522, 15682744722.477211]]","[[[4515626592.106633, -3160521309.7139187], [-3160521309.7139187, 14919067466.755434]], [[5134109846.011742, 2725425287.947232], [2725425287.947232, 15107939036.836262]]]",46383563712058.62,212442434139254.16,100.0,1.0316648513253313e-06,2.456340659302489e-14,False,False,/private/tmp/oneD-v2-taylor-peierls-spatial-pf-runs/oneD_v2_DBTT_spatial_07_balanced_maximin_medoid/T1100K_seed1008666/steps_1100K.csv,a31de896edb3769c68d26abec1174f7f24a1a3c01eb0536f928116783f9cf47f,/private/tmp/oneD-v2-taylor-peierls-spatial-pf-runs/oneD_v2_DBTT_spatial_07_balanced_maximin_medoid/T1100K_seed1008666/anisotropic_emission_audit_v10174.json,bc80ec2326e37039eff609b5434833b01476badfac9b7cfbf3d3688f78809201,FULL_ACTIVE_AND_WAKE_SPATIAL_PROFILE_OBSERVER,PF_MODEL_NATIVE_DRIVING_TRAJECTORY_NOT_RESISTANCE
DBTT,BALANCED_MAXIMIN_MEDOID,oneD_v2_dbtt_TP_f2817e7998cb7be6,oneD_v2_DBTT_spatial_07_balanced_maximin_medoid,1100.0,1008666,300.0,26,1,408,1552.61028832192,3.696691162671235e-05,7935255.830596291,21529.89521951814,97.86821185841578,97.86821185841578,97.86821185841578,-0.9811694058668136,34.7754744289633,13873407070.732327,119.6574708597544,124.0548411523827,4.397370292628312,7.920218804822683,0.14741153924907516,8.146815882864463,1.2724513000383117e-08,27031.959587397327,1529.3171855987725,"[5010293148.880258, -4675985910.787669]","[[5818811662.281152, -138755441.26365516], [-138755441.26365516, 16228305210.338741]]","[[[4211317143.0176897, -2649851061.4679623], [-2649851061.4679623, 14231903440.778206]], [[5185956522.057197, 2316411394.4141374], [2316411394.4141374, 14537928343.632536]]]",2783013822723.5215,12746546048355.273,6.0,8.400002116104588e-08,2.000000642529698e-15,False,False,/private/tmp/oneD-v2-taylor-peierls-spatial-pf-runs/oneD_v2_DBTT_spatial_07_balanced_maximin_medoid/T1100K_seed1008666/steps_1100K.csv,a31de896edb3769c68d26abec1174f7f24a1a3c01eb0536f928116783f9cf47f,/private/tmp/oneD-v2-taylor-peierls-spatial-pf-runs/oneD_v2_DBTT_spatial_07_balanced_maximin_medoid/T1100K_seed1008666/anisotropic_emission_audit_v10174.json,bc80ec2326e37039eff609b5434833b01476badfac9b7cfbf3d3688f78809201,FULL_ACTIVE_AND_WAKE_SPATIAL_PROFILE_OBSERVER,PF_MODEL_NATIVE_DRIVING_TRAJECTORY_NOT_RESISTANCE
DBTT,BALANCED_MAXIMIN_MEDOID,oneD_v2_dbtt_TP_f2817e7998cb7be6,oneD_v2_DBTT_spatial_07_balanced_maximin_medoid,1100.0,1008666,300.0,27,1,409,1552.61028840592,3.696691162871235e-05,7927128.383792317,21029.71809384304,96.72470654829051,96.72470654829051,96.72470654829051,-1.0705114730020613,31.877383133115135,12717235920.355118,124.0548411523827,126.35218124800764,2.2973400956249295,9.206817130692864,0.13536656658174873,8.877126566975113,1.493458512535601e-08,31727.489506962607,1632.4874040123523,"[5842143967.714348, -5872693288.720401]","[[8188207296.770152, 21912334.12076574], [21912334.12076574, 16604251606.506563]]","[[[5117736922.787901, -831892737.7485367], [-831892737.7485367, 16802024858.216599]], [[5052323829.46722, 759482713.8944666], [759482713.8944666, 16797710406.908022]]]",46383563712058.62,212442434139254.16,100.0,2.7460898763820296e-06,6.538312371986293e-14,False,False,/private/tmp/oneD-v2-taylor-peierls-spatial-pf-runs/oneD_v2_DBTT_spatial_07_balanced_maximin_medoid/T1100K_seed1008666/steps_1100K.csv,a31de896edb3769c68d26abec1174f7f24a1a3c01eb0536f928116783f9cf47f,/private/tmp/oneD-v2-taylor-peierls-spatial-pf-runs/oneD_v2_DBTT_spatial_07_balanced_maximin_medoid/T1100K_seed1008666/anisotropic_emission_audit_v10174.json,bc80ec2326e37039eff609b5434833b01476badfac9b7cfbf3d3688f78809201,FULL_ACTIVE_AND_WAKE_SPATIAL_PROFILE_OBSERVER,PF_MODEL_NATIVE_DRIVING_TRAJECTORY_NOT_RESISTANCE
DBTT,BALANCED_MAXIMIN_MEDOID,oneD_v2_dbtt_TP_f2817e7998cb7be6,oneD_v2_DBTT_spatial_07_balanced_maximin_medoid,1100.0,1008666,300.0,28,1,419,1552.61029115201,3.6966911694095474e-05,7924795.020772283,21306.212779366637,97.35848905013991,97.35848905013991,97.35848905013991,-0.7585184725060746,30.813042993231736,12292625637.827255,126.35218124800764,138.07027265511888,11.718091407111235,9.983399967524024,0.12938438430124466,9.28765060450418,1.6042122299223555e-08,34081.021476670896,1691.956691901633,"[5716034993.254895, -5740609378.1424055]","[[8307613103.830243, -36194268.64537185], [-36194268.64537185, 15529829912.740372]]","[[[4725357754.574543, -636338498.8400558], [-636338498.8400558, 16157427741.084335]], [[4682033606.836545, 558462994.5483708], [558462994.5483708, 16163252363.121359]]]",3710685096964.6953,16995394731140.363,8.0,8.400002116104588e-08,2.000000642529698e-15,False,False,/private/tmp/oneD-v2-taylor-peierls-spatial-pf-runs/oneD_v2_DBTT_spatial_07_balanced_maximin_medoid/T1100K_seed1008666/steps_1100K.csv,a31de896edb3769c68d26abec1174f7f24a1a3c01eb0536f928116783f9cf47f,/private/tmp/oneD-v2-taylor-peierls-spatial-pf-runs/oneD_v2_DBTT_spatial_07_balanced_maximin_medoid/T1100K_seed1008666/anisotropic_emission_audit_v10174.json,bc80ec2326e37039eff609b5434833b01476badfac9b7cfbf3d3688f78809201,FULL_ACTIVE_AND_WAKE_SPATIAL_PROFILE_OBSERVER,PF_MODEL_NATIVE_DRIVING_TRAJECTORY_NOT_RESISTANCE
DBTT,BALANCED_MAXIMIN_MEDOID,oneD_v2_dbtt_TP_f2817e7998cb7be6,oneD_v2_DBTT_spatial_07_balanced_maximin_medoid,1100.0,1008666,300.0,29,1,420,1552.61029123601,3.6966911696095474e-05,7906645.030454306,23315.5464197873,101.84588685981028,101.84588685981028,101.84588685981028,-0.6200345933777769,34.122624371627204,13612957580.098461,138.07027265511888,140.36761275074375,2.2973400956248753,8.908449816699253,0.1378959810923822,8.71349214874527,1.4412535167118635e-08,30616.143000566575,1609.0985932857895,"[5315643721.82818, -5461810592.97151]","[[6453561279.739024, -257242472.15065807], [-257242472.15065807, 16653072344.605837]]","[[[5166239654.0068445, -2357833783.6317153], [-2357833783.6317153, 15797527097.663208]], [[5040084189.810248, 2275435375.4160013], [2275435375.4160013, 15963705375.753271]]]",46383563712058.62,212442434139254.16,100.0,3.360000846441835e-07,7.999995793855214e-15,False,False,/private/tmp/oneD-v2-taylor-peierls-spatial-pf-runs/oneD_v2_DBTT_spatial_07_balanced_maximin_medoid/T1100K_seed1008666/steps_1100K.csv,a31de896edb3769c68d26abec1174f7f24a1a3c01eb0536f928116783f9cf47f,/private/tmp/oneD-v2-taylor-peierls-spatial-pf-runs/oneD_v2_DBTT_spatial_07_balanced_maximin_medoid/T1100K_seed1008666/anisotropic_emission_audit_v10174.json,bc80ec2326e37039eff609b5434833b01476badfac9b7cfbf3d3688f78809201,FULL_ACTIVE_AND_WAKE_SPATIAL_PROFILE_OBSERVER,PF_MODEL_NATIVE_DRIVING_TRAJECTORY_NOT_RESISTANCE
DBTT,BALANCED_MAXIMIN_MEDOID,oneD_v2_dbtt_TP_f2817e7998cb7be6,oneD_v2_DBTT_spatial_07_balanced_maximin_medoid,1100.0,1008666,300.0,30,1,424,1552.61029157201,3.696691170409547e-05,7906645.032165377,23327.887386857066,101.87283691365927,101.87283691365927,101.87283691365927,-0.621850360264991,32.38464021294232,12919602216.531147,140.36761275074375,142.66495284636866,2.2973400956249295,9.895520612760102,0.13002180396611093,9.241074231397723,1.6001195037886677e-08,33993.39355732643,1685.3253111833399,"[5624541768.221447, -5797398674.113044]","[[6753261503.991282, -123405783.11905973], [-123405783.11905973, 15876267688.804003]]","[[[5741044081.6164055, -1510927275.5929837], [-1510927275.5929837, 16990127618.0593]], [[5566395663.753075, 1490071332.1350403], [1490071332.1350403, 17161193011.979162]]]",8349041468170.564,38239638145065.83,18.0,3.360000846441835e-07,8.00000934638237e-15,False,False,/private/tmp/oneD-v2-taylor-peierls-spatial-pf-runs/oneD_v2_DBTT_spatial_07_balanced_maximin_medoid/T1100K_seed1008666/steps_1100K.csv,a31de896edb3769c68d26abec1174f7f24a1a3c01eb0536f928116783f9cf47f,/private/tmp/oneD-v2-taylor-peierls-spatial-pf-runs/oneD_v2_DBTT_spatial_07_balanced_maximin_medoid/T1100K_seed1008666/anisotropic_emission_audit_v10174.json,bc80ec2326e37039eff609b5434833b01476badfac9b7cfbf3d3688f78809201,FULL_ACTIVE_AND_WAKE_SPATIAL_PROFILE_OBSERVER,PF_MODEL_NATIVE_DRIVING_TRAJECTORY_NOT_RESISTANCE
DBTT,BALANCED_MAXIMIN_MEDOID,oneD_v2_dbtt_TP_f2817e7998cb7be6,oneD_v2_DBTT_spatial_07_balanced_maximin_medoid,1100.0,1008666,300.0,31,1,428,1552.6102919080101,3.696691171209548e-05,7900410.507645278,23919.57984540419,103.15670670305867,103.15670670305867,103.15670670305867,-0.47137113213295445,35.31401495991377,14088253658.238306,142.66495284636866,144.96229294199355,2.2973400956248753,8.532980323854112,0.1412901271723343,8.502596133287442,1.3422095437240348e-08,28514.16441682291,1579.2157564079987,"[4931771913.04045, -5167584132.622741]","[[5720789082.529764, -619187065.9327887], [-619187065.9327887, 16684457631.128483]]","[[[4588662037.152383, -2787625081.150939], [-2787625081.150939, 14452205863.233284]], [[4389278827.412549, 2753938858.92525], [2753938858.92525, 14724447092.658031]]]",3710685096964.6953,16995394731140.363,8.0,9.296718417317607e-07,2.213507155346406e-14,False,False,/private/tmp/oneD-v2-taylor-peierls-spatial-pf-runs/oneD_v2_DBTT_spatial_07_balanced_maximin_medoid/T1100K_seed1008666/steps_1100K.csv,a31de896edb3769c68d26abec1174f7f24a1a3c01eb0536f928116783f9cf47f,/private/tmp/oneD-v2-taylor-peierls-spatial-pf-runs/oneD_v2_DBTT_spatial_07_balanced_maximin_medoid/T1100K_seed1008666/anisotropic_emission_audit_v10174.json,bc80ec2326e37039eff609b5434833b01476badfac9b7cfbf3d3688f78809201,FULL_ACTIVE_AND_WAKE_SPATIAL_PROFILE_OBSERVER,PF_MODEL_NATIVE_DRIVING_TRAJECTORY_NOT_RESISTANCE
DBTT,BALANCED_MAXIMIN_MEDOID,oneD_v2_dbtt_TP_f2817e7998cb7be6,oneD_v2_DBTT_spatial_07_balanced_maximin_medoid,1100.0,1008666,300.0,32,1,438,1552.610292837682,3.696691173423055e-05,7901112.898275443,22933.871275236277,101.00883929175812,101.00883929175812,101.00883929175812,-0.4489477403405101,32.92385874434472,13134719287.083532,144.96229294199355,149.03043363509101,4.068140693097474,9.41233338973918,0.1337031151361838,8.98680109952697,1.5425030143615502e-08,32768.030084688064,1648.4194716789125,"[6091635840.876501, -5929283586.855464]","[[8816211795.181202, 102145713.42293271], [102145713.42293271, 17311994931.638218]]","[[[5232054105.999844, -804319376.24389], [-804319376.24389, 17415325787.752846]], [[5536966226.568617, 866355270.0007932], [866355270.0007932, 17395533400.279545]]]",2783013822723.5215,12746546048355.273,6.0,6.72000169288367e-07,1.600001191650116e-14,False,False,/private/tmp/oneD-v2-taylor-peierls-spatial-pf-runs/oneD_v2_DBTT_spatial_07_balanced_maximin_medoid/T1100K_seed1008666/steps_1100K.csv,a31de896edb3769c68d26abec1174f7f24a1a3c01eb0536f928116783f9cf47f,/private/tmp/oneD-v2-taylor-peierls-spatial-pf-runs/oneD_v2_DBTT_spatial_07_balanced_maximin_medoid/T1100K_seed1008666/anisotropic_emission_audit_v10174.json,bc80ec2326e37039eff609b5434833b01476badfac9b7cfbf3d3688f78809201,FULL_ACTIVE_AND_WAKE_SPATIAL_PROFILE_OBSERVER,PF_MODEL_NATIVE_DRIVING_TRAJECTORY_NOT_RESISTANCE
DBTT,BALANCED_MAXIMIN_MEDOID,oneD_v2_dbtt_TP_f2817e7998cb7be6,oneD_v2_DBTT_spatial_07_balanced_maximin_medoid,1100.0,1008666,300.0,33,1,446,1552.6102935096822,3.696691175023056e-05,7895993.565341857,23451.31360167344,102.14198239077162,102.14198239077162,102.14198239077162,-0.40950414207121844,32.39939788529933,12925489675.99467,149.03043363509101,151.77625981260204,2.745826177511022,9.938816821229057,0.12970658691048287,9.264033798294301,1.6177182262270565e-08,34366.13192434452,1688.5954941831296,"[6087604826.746906, -5954856039.577694]","[[8629400376.326298, 209094864.32636702], [209094864.32636702, 16656282266.74045]]","[[[4795444666.542732, -1064862454.8356774], [-1064862454.8356774, 16970654320.036545]], [[5030777569.1405735, 1066873726.7645648], [1066873726.7645648, 16940489648.295961]]]",927671274241.1738,4248848682785.0913,2.0,2.1075675249448977e-06,5.0180156254200914e-14,False,False,/private/tmp/oneD-v2-taylor-peierls-spatial-pf-runs/oneD_v2_DBTT_spatial_07_balanced_maximin_medoid/T1100K_seed1008666/steps_1100K.csv,a31de896edb3769c68d26abec1174f7f24a1a3c01eb0536f928116783f9cf47f,/private/tmp/oneD-v2-taylor-peierls-spatial-pf-runs/oneD_v2_DBTT_spatial_07_balanced_maximin_medoid/T1100K_seed1008666/anisotropic_emission_audit_v10174.json,bc80ec2326e37039eff609b5434833b01476badfac9b7cfbf3d3688f78809201,FULL_ACTIVE_AND_WAKE_SPATIAL_PROFILE_OBSERVER,PF_MODEL_NATIVE_DRIVING_TRAJECTORY_NOT_RESISTANCE
DBTT,BALANCED_MAXIMIN_MEDOID,oneD_v2_dbtt_TP_f2817e7998cb7be6,oneD_v2_DBTT_spatial_07_balanced_maximin_medoid,1100.0,1008666,300.0,34,1,456,1552.6102956172497,3.696691180041072e-05,7892864.8564905245,23766.035921418632,102.82508327980663,102.82508327980663,102.82508327980663,-0.2632032838534297,30.63871041446686,12223077001.306534,151.77625981260204,161.20661797683053,9.430358164228469,11.263080188684977,0.12105086665148174,9.926731213408,1.822559170443638e-08,38718.96256522993,1785.8870473575084,"[6279936496.134756, -6163238161.773778]","[[8195501886.351647, 26873116.039468367], [26873116.039468367, 15503633717.717089]]","[[[5436207423.404882, -1108285814.4220872], [-1108285814.4220872, 17996080415.674397]], [[5645370841.611662, 1096735270.3486514], [1096735270.3486514, 17971847165.159218]]]",7421370193929.391,33990789462280.74,16.0,2.5200006348313764e-07,6.000001927589094e-15,False,False,/private/tmp/oneD-v2-taylor-peierls-spatial-pf-runs/oneD_v2_DBTT_spatial_07_balanced_maximin_medoid/T1100K_seed1008666/steps_1100K.csv,a31de896edb3769c68d26abec1174f7f24a1a3c01eb0536f928116783f9cf47f,/private/tmp/oneD-v2-taylor-peierls-spatial-pf-runs/oneD_v2_DBTT_spatial_07_balanced_maximin_medoid/T1100K_seed1008666/anisotropic_emission_audit_v10174.json,bc80ec2326e37039eff609b5434833b01476badfac9b7cfbf3d3688f78809201,FULL_ACTIVE_AND_WAKE_SPATIAL_PROFILE_OBSERVER,PF_MODEL_NATIVE_DRIVING_TRAJECTORY_NOT_RESISTANCE
DBTT,BALANCED_MAXIMIN_MEDOID,oneD_v2_dbtt_TP_f2817e7998cb7be6,oneD_v2_DBTT_spatial_07_balanced_maximin_medoid,1100.0,1008666,300.0,35,1,459,1552.6102958692497,3.696691180641072e-05,7879378.032198498,24947.82849085656,105.35061378214316,105.35061378214316,105.35061378214316,-0.1997727505514423,33.3205604868124,13292980384.862808,161.20661797683053,163.5039580724554,2.2973400956248753,9.99653622742341,0.1292899055252489,9.29370632991467,1.602643351579206e-08,34047.08958891885,1692.9458633268569,"[5449742657.970631, -5590350640.086407]","[[7226166559.778188, 57624953.54565954], [57624953.54565954, 15874170142.194365]]","[[[6036847023.669747, -1689248027.379019], [-1689248027.379019, 16936332339.61101]], [[5915587208.202252, 1649349166.8933663], [1649349166.8933663, 17096288488.375067]]]",7421370193929.391,33990789462280.74,16.0,1.051023446052568e-06,2.502439580423857e-14,False,False,/private/tmp/oneD-v2-taylor-peierls-spatial-pf-runs/oneD_v2_DBTT_spatial_07_balanced_maximin_medoid/T1100K_seed1008666/steps_1100K.csv,a31de896edb3769c68d26abec1174f7f24a1a3c01eb0536f928116783f9cf47f,/private/tmp/oneD-v2-taylor-peierls-spatial-pf-runs/oneD_v2_DBTT_spatial_07_balanced_maximin_medoid/T1100K_seed1008666/anisotropic_emission_audit_v10174.json,bc80ec2326e37039eff609b5434833b01476badfac9b7cfbf3d3688f78809201,FULL_ACTIVE_AND_WAKE_SPATIAL_PROFILE_OBSERVER,PF_MODEL_NATIVE_DRIVING_TRAJECTORY_NOT_RESISTANCE
DBTT,BALANCED_MAXIMIN_MEDOID,oneD_v2_dbtt_TP_f2817e7998cb7be6,oneD_v2_DBTT_spatial_07_balanced_maximin_medoid,1100.0,1008666,300.0,36,1,469,1552.6102969202732,3.696691183143512e-05,7873044.4809162365,25388.19267198708,106.27633964527112,106.27633964527112,106.27633964527112,-0.1313908479665573,34.95497214817771,13945016300.162582,163.5039580724554,168.10312112722474,4.599163054769354,9.243900354776105,0.1350618219473858,8.8950338762092,1.5164232538317592e-08,32215.09255416797,1635.372789974662,"[4704395307.44115, -4916235322.845646]","[[5556324337.9760685, -357115886.6949303], [-357115886.6949303, 14823094452.424383]]","[[[4869067044.71826, -2975453084.116956], [-2975453084.116956, 14277857659.600561]], [[4675804570.996212, 2897989563.830568], [2897989563.830568, 14508275216.687506]]]",2783013822723.5215,12746546048355.273,6.0,1.115949999075383e-06,2.6570210604186933e-14,False,False,/private/tmp/oneD-v2-taylor-peierls-spatial-pf-runs/oneD_v2_DBTT_spatial_07_balanced_maximin_medoid/T1100K_seed1008666/steps_1100K.csv,a31de896edb3769c68d26abec1174f7f24a1a3c01eb0536f928116783f9cf47f,/private/tmp/oneD-v2-taylor-peierls-spatial-pf-runs/oneD_v2_DBTT_spatial_07_balanced_maximin_medoid/T1100K_seed1008666/anisotropic_emission_audit_v10174.json,bc80ec2326e37039eff609b5434833b01476badfac9b7cfbf3d3688f78809201,FULL_ACTIVE_AND_WAKE_SPATIAL_PROFILE_OBSERVER,PF_MODEL_NATIVE_DRIVING_TRAJECTORY_NOT_RESISTANCE
DBTT,BALANCED_MAXIMIN_MEDOID,oneD_v2_dbtt_TP_f2817e7998cb7be6,oneD_v2_DBTT_spatial_07_balanced_maximin_medoid,1100.0,1008666,300.0,37,1,479,1552.6102980362232,3.696691185800533e-05,7906812.239432612,13349.560558554918,77.06446720848686,77.06446720848686,77.06446720848686,-0.07135350403800521,27.060931059329377,10795749546.594818,168.10312112722474,172.98639028131274,4.883269154088001,8.11003802962794,0.14543090012113227,8.26267311604474,1.3111730369942912e-08,27854.08950559523,1544.9288777619277,"[5224988563.28309, -5255916647.241046]","[[5598817880.841309, -105366270.02813339], [-105366270.02813339, 13452661354.280283]]","[[[2952568366.009577, -746942777.994021], [-746942777.994021, 13402545492.575756]], [[2867884017.2591724, 668065339.5815334], [668065339.5815334, 13379717311.741266]]]",2783013822723.5215,12746546048355.273,6.0,3.360000846441835e-07,8.000002570118792e-15,False,False,/private/tmp/oneD-v2-taylor-peierls-spatial-pf-runs/oneD_v2_DBTT_spatial_07_balanced_maximin_medoid/T1100K_seed1008666/steps_1100K.csv,a31de896edb3769c68d26abec1174f7f24a1a3c01eb0536f928116783f9cf47f,/private/tmp/oneD-v2-taylor-peierls-spatial-pf-runs/oneD_v2_DBTT_spatial_07_balanced_maximin_medoid/T1100K_seed1008666/anisotropic_emission_audit_v10174.json,bc80ec2326e37039eff609b5434833b01476badfac9b7cfbf3d3688f78809201,FULL_ACTIVE_AND_WAKE_SPATIAL_PROFILE_OBSERVER,PF_MODEL_NATIVE_DRIVING_TRAJECTORY_NOT_RESISTANCE
DBTT,BALANCED_MAXIMIN_MEDOID,oneD_v2_dbtt_TP_f2817e7998cb7be6,oneD_v2_DBTT_spatial_07_balanced_maximin_medoid,1100.0,1008666,300.0,38,1,483,1552.6102983722233,3.696691186600533e-05,7904059.526919818,13025.556312249559,76.12351536836765,76.12351536836765,76.12351536836765,-0.05716828734870349,25.833565053763394,10306101353.447128,172.98639028131274,175.28373037693768,2.2973400956249295,8.682983680775111,0.1399043195490633,8.589141151547953,1.3680164558811973e-08,29062.74650663202,1591.2155585639387,"[5307329507.879456, -5337249525.419219]","[[5619576892.918223, 45358748.64211892], [45358748.64211892, 12858655355.515282]]","[[[2792136226.5372834, -695970741.332482], [-695970741.332482, 13406795242.296194]], [[2709438962.6270065, 617958195.3130289], [617958195.3130289, 13383938013.465445]]]",3710685096964.6953,16995394731140.363,8.0,7.560001904494129e-07,1.800000578276728e-14,False,False,/private/tmp/oneD-v2-taylor-peierls-spatial-pf-runs/oneD_v2_DBTT_spatial_07_balanced_maximin_medoid/T1100K_seed1008666/steps_1100K.csv,a31de896edb3769c68d26abec1174f7f24a1a3c01eb0536f928116783f9cf47f,/private/tmp/oneD-v2-taylor-peierls-spatial-pf-runs/oneD_v2_DBTT_spatial_07_balanced_maximin_medoid/T1100K_seed1008666/anisotropic_emission_audit_v10174.json,bc80ec2326e37039eff609b5434833b01476badfac9b7cfbf3d3688f78809201,FULL_ACTIVE_AND_WAKE_SPATIAL_PROFILE_OBSERVER,PF_MODEL_NATIVE_DRIVING_TRAJECTORY_NOT_RESISTANCE
DBTT,BALANCED_MAXIMIN_MEDOID,oneD_v2_dbtt_TP_f2817e7998cb7be6,oneD_v2_DBTT_spatial_07_balanced_maximin_medoid,1100.0,1008666,300.0,39,1,492,1552.6102991282235,3.6966911884005336e-05,7902385.57618166,12919.50162123186,75.81298136286523,75.81298136286523,75.81298136286523,-0.03578991765323942,25.548044959451413,10192195315.921875,175.28373037693768,178.50972988901748,3.2259995120798024,8.805860635636348,0.13879900453241747,8.657554976443588,1.3887301976980324e-08,29500.878163424237,1600.9842795435777,"[5095946268.497011, -5124021520.427064]","[[5169494307.349388, -65127096.72517888], [-65127096.72517888, 12131559942.537338]]","[[[2935376798.0974245, -626138681.1921629], [-626138681.1921629, 13127269335.091448]], [[2856226748.9724503, 543774463.1038778], [543774463.1038778, 13104269789.826578]]]",2783013822723.5215,12746546048355.273,6.0,2.272751999043976e-06,5.411317417379144e-14,False,False,/private/tmp/oneD-v2-taylor-peierls-spatial-pf-runs/oneD_v2_DBTT_spatial_07_balanced_maximin_medoid/T1100K_seed1008666/steps_1100K.csv,a31de896edb3769c68d26abec1174f7f24a1a3c01eb0536f928116783f9cf47f,/private/tmp/oneD-v2-taylor-peierls-spatial-pf-runs/oneD_v2_DBTT_spatial_07_balanced_maximin_medoid/T1100K_seed1008666/anisotropic_emission_audit_v10174.json,bc80ec2326e37039eff609b5434833b01476badfac9b7cfbf3d3688f78809201,FULL_ACTIVE_AND_WAKE_SPATIAL_PROFILE_OBSERVER,PF_MODEL_NATIVE_DRIVING_TRAJECTORY_NOT_RESISTANCE
DBTT,BALANCED_MAXIMIN_MEDOID,oneD_v2_dbtt_TP_f2817e7998cb7be6,oneD_v2_DBTT_spatial_07_balanced_maximin_medoid,1100.0,1008666,300.0,40,1,502,1552.6103014009755,3.696691193811851e-05,7900371.541502446,12768.01305429752,75.36719538970036,75.36719538970036,75.36719538970036,0.00966191903870283,26.238138574155936,10467502836.262566,178.50972988901748,188.74323545615385,10.233505567136367,8.25084950805987,0.14401213872762053,8.344106259912234,1.3177441361998917e-08,27990.83894827615,1556.419539047414,"[5129077672.238573, -5152425516.642268]","[[5127776904.669416, -67433678.40798025], [-67433678.40798025, 12747389787.98121]]","[[[3031548810.3641195, -593511615.6332272], [-593511615.6332272, 13289704154.841265]], [[2955681162.544382, 506595920.6220324], [506595920.6220324, 13260532195.828918]]]",8349041468170.564,38239638145065.83,18.0,8.978486221167259e-07,2.1377342983904674e-14,False,False,/private/tmp/oneD-v2-taylor-peierls-spatial-pf-runs/oneD_v2_DBTT_spatial_07_balanced_maximin_medoid/T1100K_seed1008666/steps_1100K.csv,a31de896edb3769c68d26abec1174f7f24a1a3c01eb0536f928116783f9cf47f,/private/tmp/oneD-v2-taylor-peierls-spatial-pf-runs/oneD_v2_DBTT_spatial_07_balanced_maximin_medoid/T1100K_seed1008666/anisotropic_emission_audit_v10174.json,bc80ec2326e37039eff609b5434833b01476badfac9b7cfbf3d3688f78809201,FULL_ACTIVE_AND_WAKE_SPATIAL_PROFILE_OBSERVER,PF_MODEL_NATIVE_DRIVING_TRAJECTORY_NOT_RESISTANCE
DBTT,BALANCED_MAXIMIN_MEDOID,oneD_v2_dbtt_TP_f2817e7998cb7be6,oneD_v2_DBTT_spatial_07_balanced_maximin_medoid,1100.0,1008666,300.0,41,1,512,1552.610302298824,3.696691195949585e-05,7891255.279605875,13153.365228351684,76.496071973468,76.496071973468,76.496071973468,0.014860811135733634,27.448803400616338,10950488222.932482,188.74323545615385,192.6721214745897,3.928886018435832,7.766608910343859,0.14907498862066376,8.059699729308694,1.239095581890404e-08,26322.593932792173,1516.5793204194497,"[5166065267.830141, -5330334264.347598]","[[6258974160.665716, -66259489.62648217], [-66259489.62648217, 14061909427.414051]]","[[[3672477942.5482917, -785707774.283257], [-785707774.283257, 14004608478.208572]], [[3332599947.6889014, 688754068.5595897], [688754068.5595897, 13993268476.384096]]]",2783013822723.5215,12746546048355.273,6.0,3.080497663177084e-06,7.334519276647189e-14,False,False,/private/tmp/oneD-v2-taylor-peierls-spatial-pf-runs/oneD_v2_DBTT_spatial_07_balanced_maximin_medoid/T1100K_seed1008666/steps_1100K.csv,a31de896edb3769c68d26abec1174f7f24a1a3c01eb0536f928116783f9cf47f,/private/tmp/oneD-v2-taylor-peierls-spatial-pf-runs/oneD_v2_DBTT_spatial_07_balanced_maximin_medoid/T1100K_seed1008666/anisotropic_emission_audit_v10174.json,bc80ec2326e37039eff609b5434833b01476badfac9b7cfbf3d3688f78809201,FULL_ACTIVE_AND_WAKE_SPATIAL_PROFILE_OBSERVER,PF_MODEL_NATIVE_DRIVING_TRAJECTORY_NOT_RESISTANCE
DBTT,BALANCED_MAXIMIN_MEDOID,oneD_v2_dbtt_TP_f2817e7998cb7be6,oneD_v2_DBTT_spatial_07_balanced_maximin_medoid,1100.0,1008666,300.0,42,1,522,1552.6103053793217,3.6966912032841046e-05,7888176.917264489,13142.022476456392,76.46308181884919,76.46308181884919,76.46308181884919,0.017525745580362632,27.290662268022135,10887399038.870085,192.6721214745897,205.90209166553421,13.229970190944528,7.850104651100038,0.14816386825479275,8.109485645239916,1.2475766199778473e-08,26505.48672908633,1523.5147481436709,"[5211390530.159768, -5358030273.314871]","[[6211301992.541971, -100766181.60306992], [-100766181.60306992, 14010072373.47097]]","[[[3238161324.442548, -991360956.1160684], [-991360956.1160684, 13660942384.762083]], [[2922100863.5313034, 925632318.7485636], [925632318.7485636, 13638161410.161047]]]",4638356371205.869,21244243413925.457,10.0,8.400002116104588e-08,2.000000642529698e-15,False,False,/private/tmp/oneD-v2-taylor-peierls-spatial-pf-runs/oneD_v2_DBTT_spatial_07_balanced_maximin_medoid/T1100K_seed1008666/steps_1100K.csv,a31de896edb3769c68d26abec1174f7f24a1a3c01eb0536f928116783f9cf47f,/private/tmp/oneD-v2-taylor-peierls-spatial-pf-runs/oneD_v2_DBTT_spatial_07_balanced_maximin_medoid/T1100K_seed1008666/anisotropic_emission_audit_v10174.json,bc80ec2326e37039eff609b5434833b01476badfac9b7cfbf3d3688f78809201,FULL_ACTIVE_AND_WAKE_SPATIAL_PROFILE_OBSERVER,PF_MODEL_NATIVE_DRIVING_TRAJECTORY_NOT_RESISTANCE
DBTT,BALANCED_MAXIMIN_MEDOID,oneD_v2_dbtt_TP_f2817e7998cb7be6,oneD_v2_DBTT_spatial_07_balanced_maximin_medoid,1100.0,1008666,300.0,43,1,523,1552.6103054633218,3.6966912034841046e-05,7878125.195185745,13250.091379436264,76.77682208641122,76.77682208641122,76.77682208641122,0.012241535590211511,26.97119269731531,10759949119.813437,205.90209166553421,208.1994317611591,2.2973400956249024,8.103263478672,0.14550021936916732,8.258770645268395,1.2935743145022569e-08,27479.300741918814,1544.3741247534872,"[5112002388.648508, -5117197537.149051]","[[5052671920.03002, -27019406.91023023], [-27019406.91023023, 13185504170.06174]]","[[[4174727790.7743373, -1255270904.6258063], [-1255270904.6258063, 14398732568.071356]], [[3877747964.8649855, 700014086.6935894], [700014086.6935894, 14112143039.163088]]]",46383563712058.62,212442434139254.16,100.0,3.360000846441835e-07,8.000002570118792e-15,False,False,/private/tmp/oneD-v2-taylor-peierls-spatial-pf-runs/oneD_v2_DBTT_spatial_07_balanced_maximin_medoid/T1100K_seed1008666/steps_1100K.csv,a31de896edb3769c68d26abec1174f7f24a1a3c01eb0536f928116783f9cf47f,/private/tmp/oneD-v2-taylor-peierls-spatial-pf-runs/oneD_v2_DBTT_spatial_07_balanced_maximin_medoid/T1100K_seed1008666/anisotropic_emission_audit_v10174.json,bc80ec2326e37039eff609b5434833b01476badfac9b7cfbf3d3688f78809201,FULL_ACTIVE_AND_WAKE_SPATIAL_PROFILE_OBSERVER,PF_MODEL_NATIVE_DRIVING_TRAJECTORY_NOT_RESISTANCE
DBTT,BALANCED_MAXIMIN_MEDOID,oneD_v2_dbtt_TP_f2817e7998cb7be6,oneD_v2_DBTT_spatial_07_balanced_maximin_medoid,1100.0,1008666,300.0,44,1,527,1552.6103057993218,3.696691204284105e-05,7874202.70589119,13397.207283235064,77.20187243979284,77.20187243979284,77.20187243979284,0.008141106872014053,28.611384689943726,11414291053.648788,208.1994317611591,210.49677185678402,2.2973400956249024,7.280780098645999,0.1547318778140096,7.765672730471621,1.1177462513076235e-08,23745.106786159056,1475.6610648680385,"[4291132118.477326, -4361123799.505163]","[[4208964290.049996, -32276641.85351868], [-32276641.85351868, 12748166479.738356]]","[[[3550596044.3075757, -1794655609.532069], [-1794655609.532069, 12132860281.262228]], [[3309270162.8964896, 1943905370.7453291], [1943905370.7453291, 12031517761.906816]]]",3710685096964.6953,16995394731140.363,8.0,1.5383375284727663e-06,3.6627127654627334e-14,False,False,/private/tmp/oneD-v2-taylor-peierls-spatial-pf-runs/oneD_v2_DBTT_spatial_07_balanced_maximin_medoid/T1100K_seed1008666/steps_1100K.csv,a31de896edb3769c68d26abec1174f7f24a1a3c01eb0536f928116783f9cf47f,/private/tmp/oneD-v2-taylor-peierls-spatial-pf-runs/oneD_v2_DBTT_spatial_07_balanced_maximin_medoid/T1100K_seed1008666/anisotropic_emission_audit_v10174.json,bc80ec2326e37039eff609b5434833b01476badfac9b7cfbf3d3688f78809201,FULL_ACTIVE_AND_WAKE_SPATIAL_PROFILE_OBSERVER,PF_MODEL_NATIVE_DRIVING_TRAJECTORY_NOT_RESISTANCE
DBTT,BALANCED_MAXIMIN_MEDOID,oneD_v2_dbtt_TP_f2817e7998cb7be6,oneD_v2_DBTT_spatial_07_balanced_maximin_medoid,1100.0,1008666,300.0,45,1,537,1552.6103073376594,3.696691207946818e-05,7780189.136077287,22078.385297847897,99.10700439646102,99.10700439646102,99.10700439646102,-0.004117656206031595,32.89272659528646,13122299356.544434,210.49677185678402,217.22836324016038,6.731591383376352,9.078392354322144,0.13643810791755845,8.807411875613347,1.4567831387356797e-08,30948.331479946664,1622.458304540693,"[5673762432.422576, -5693653142.635523]","[[8689549230.98758, -25129681.9515308], [-25129681.9515308, 16792704850.641235]]","[[[5482651374.798719, -843469695.3103725], [-843469695.3103725, 16830176239.643871]], [[5421121674.75194, 795669130.9892664], [795669130.9892664, 16808427960.022985]]]",3710685096964.6953,16995394731140.363,8.0,4.200001058052294e-07,9.999996436384911e-15,False,False,/private/tmp/oneD-v2-taylor-peierls-spatial-pf-runs/oneD_v2_DBTT_spatial_07_balanced_maximin_medoid/T1100K_seed1008666/steps_1100K.csv,a31de896edb3769c68d26abec1174f7f24a1a3c01eb0536f928116783f9cf47f,/private/tmp/oneD-v2-taylor-peierls-spatial-pf-runs/oneD_v2_DBTT_spatial_07_balanced_maximin_medoid/T1100K_seed1008666/anisotropic_emission_audit_v10174.json,bc80ec2326e37039eff609b5434833b01476badfac9b7cfbf3d3688f78809201,FULL_ACTIVE_AND_WAKE_SPATIAL_PROFILE_OBSERVER,PF_MODEL_NATIVE_DRIVING_TRAJECTORY_NOT_RESISTANCE
DBTT,BALANCED_MAXIMIN_MEDOID,oneD_v2_dbtt_TP_f2817e7998cb7be6,oneD_v2_DBTT_spatial_07_balanced_maximin_medoid,1100.0,1008666,300.0,46,1,542,1552.6103077576595,3.696691208946817e-05,7772460.827107613,22965.730603819196,101.07897478948931,101.07897478948931,101.07897478948931,-0.015160652855742307,31.38988629574791,12522752820.367352,217.22836324016038,219.5257033357853,2.2973400956249295,10.36912647303855,0.1266934543201144,9.484971257124208,1.6751528166848145e-08,35584.889954167156,1720.779633614226,"[5836410880.142203, -5831946440.47853]","[[8213006130.486384, -61214915.429065585], [-61214915.429065585, 15356327443.483513]]","[[[5716939272.207176, -1277711126.1047692], [-1277711126.1047692, 17389761032.491585]], [[5683553712.814145, 1226927633.1085181], [1226927633.1085181, 17347446593.771206]]]",6493698919688.217,29741940779495.645,14.0,1.6306125871778931e-06,3.882412783189765e-14,False,False,/private/tmp/oneD-v2-taylor-peierls-spatial-pf-runs/oneD_v2_DBTT_spatial_07_balanced_maximin_medoid/T1100K_seed1008666/steps_1100K.csv,a31de896edb3769c68d26abec1174f7f24a1a3c01eb0536f928116783f9cf47f,/private/tmp/oneD-v2-taylor-peierls-spatial-pf-runs/oneD_v2_DBTT_spatial_07_balanced_maximin_medoid/T1100K_seed1008666/anisotropic_emission_audit_v10174.json,bc80ec2326e37039eff609b5434833b01476badfac9b7cfbf3d3688f78809201,FULL_ACTIVE_AND_WAKE_SPATIAL_PROFILE_OBSERVER,PF_MODEL_NATIVE_DRIVING_TRAJECTORY_NOT_RESISTANCE
DBTT,BALANCED_MAXIMIN_MEDOID,oneD_v2_dbtt_TP_f2817e7998cb7be6,oneD_v2_DBTT_spatial_07_balanced_maximin_medoid,1100.0,1008666,300.0,47,1,552,1552.610309388272,3.69669121282923e-05,7768883.450012689,23405.96806147054,102.0431835649454,102.0431835649454,102.0431835649454,-0.039349467617047065,33.13250935599891,13217958837.90401,219.5257033357853,226.66107911389597,7.13537577811066,9.485480600536684,0.13312569132525515,9.026569024902052,1.5318164516535592e-08,32541.02602723504,1654.0556780979891,"[5604397795.282867, -5570355984.597756]","[[7880894420.7906885, -48319653.05874135], [-48319653.05874135, 16217938343.79948]]","[[[5517180223.396716, -1329055990.4067302], [-1329055990.4067302, 16725975813.962452]], [[5510621473.998084, 1277903367.5391328], [1277903367.5391328, 16651333443.193598]]]",3710685096964.6953,16995394731140.363,8.0,2.5200006348313764e-07,6.000008703852672e-15,False,False,/private/tmp/oneD-v2-taylor-peierls-spatial-pf-runs/oneD_v2_DBTT_spatial_07_balanced_maximin_medoid/T1100K_seed1008666/steps_1100K.csv,a31de896edb3769c68d26abec1174f7f24a1a3c01eb0536f928116783f9cf47f,/private/tmp/oneD-v2-taylor-peierls-spatial-pf-runs/oneD_v2_DBTT_spatial_07_balanced_maximin_medoid/T1100K_seed1008666/anisotropic_emission_audit_v10174.json,bc80ec2326e37039eff609b5434833b01476badfac9b7cfbf3d3688f78809201,FULL_ACTIVE_AND_WAKE_SPATIAL_PROFILE_OBSERVER,PF_MODEL_NATIVE_DRIVING_TRAJECTORY_NOT_RESISTANCE
DBTT,BALANCED_MAXIMIN_MEDOID,oneD_v2_dbtt_TP_f2817e7998cb7be6,oneD_v2_DBTT_spatial_07_balanced_maximin_medoid,1100.0,1008666,300.0,48,1,555,1552.6103096402721,3.696691213429231e-05,7759331.209114125,24597.745319833044,104.60883021044944,104.60883021044944,104.60883021044944,-0.055952738924067,33.543087853990116,13381755960.176416,226.66107911389597,228.95841920952083,2.2973400956248753,9.725918184059447,0.13127909998111037,9.153580967796936,1.5587829695720896e-08,33112.64136105288,1672.4575783578412,"[5507480991.264225, -5531654640.91952]","[[7386627476.2432375, -58204438.69211066], [-58204438.69211066, 16360454249.994265]]","[[[6151754809.179298, -1677536153.8626795], [-1677536153.8626795, 17166716791.70775]], [[6151814424.359262, 1555013549.3504133], [1555013549.3504133, 17215123706.198303]]]",1855342548482.3477,8497697365570.183,4.0,2.6104794415005017e-06,6.215431544009248e-14,False,False,/private/tmp/oneD-v2-taylor-peierls-spatial-pf-runs/oneD_v2_DBTT_spatial_07_balanced_maximin_medoid/T1100K_seed1008666/steps_1100K.csv,a31de896edb3769c68d26abec1174f7f24a1a3c01eb0536f928116783f9cf47f,/private/tmp/oneD-v2-taylor-peierls-spatial-pf-runs/oneD_v2_DBTT_spatial_07_balanced_maximin_medoid/T1100K_seed1008666/anisotropic_emission_audit_v10174.json,bc80ec2326e37039eff609b5434833b01476badfac9b7cfbf3d3688f78809201,FULL_ACTIVE_AND_WAKE_SPATIAL_PROFILE_OBSERVER,PF_MODEL_NATIVE_DRIVING_TRAJECTORY_NOT_RESISTANCE
DBTT,BALANCED_MAXIMIN_MEDOID,oneD_v2_dbtt_TP_f2817e7998cb7be6,oneD_v2_DBTT_spatial_07_balanced_maximin_medoid,1100.0,1008666,300.0,49,1,565,1552.6103122507516,3.6966912196446625e-05,7752926.028186673,25410.490830893086,106.32300004827037,106.32300004827037,106.32300004827037,-0.08906552145845704,35.73581532299608,14256527656.960516,228.95841920952083,240.01715839650478,11.058739186983964,8.852115144881056,0.13838966710106185,8.683191988770675,1.409648575835812e-08,29943.780126942787,1604.647438868735,"[4807458272.634012, -4794004076.397268]","[[5404137170.746809, -144744229.75744754], [-144744229.75744754, 15659660027.9967]]","[[[4946559465.751975, -2875230484.632228], [-2875230484.632228, 14561476011.02]], [[4991951717.006379, 2758932754.8021355], [2758932754.8021355, 14579959869.800917]]]",2783013822723.5215,12746546048355.273,6.0,3.360000846441835e-07,7.999995793855214e-15,False,False,/private/tmp/oneD-v2-taylor-peierls-spatial-pf-runs/oneD_v2_DBTT_spatial_07_balanced_maximin_medoid/T1100K_seed1008666/steps_1100K.csv,a31de896edb3769c68d26abec1174f7f24a1a3c01eb0536f928116783f9cf47f,/private/tmp/oneD-v2-taylor-peierls-spatial-pf-runs/oneD_v2_DBTT_spatial_07_balanced_maximin_medoid/T1100K_seed1008666/anisotropic_emission_audit_v10174.json,bc80ec2326e37039eff609b5434833b01476badfac9b7cfbf3d3688f78809201,FULL_ACTIVE_AND_WAKE_SPATIAL_PROFILE_OBSERVER,PF_MODEL_NATIVE_DRIVING_TRAJECTORY_NOT_RESISTANCE
DBTT,BALANCED_MAXIMIN_MEDOID,oneD_v2_dbtt_TP_f2817e7998cb7be6,oneD_v2_DBTT_spatial_07_balanced_maximin_medoid,1100.0,1008666,300.0,50,1,569,1552.6103125867517,3.696691220444662e-05,7748582.260859179,23753.454440383368,102.79786243613198,102.79786243613198,102.79786243613198,-0.10890573180267413,33.15525230494399,13227031961.819214,240.01715839650478,242.31449849212973,2.2973400956249295,9.613100748367925,0.13213592374555116,9.094227864003987,1.5322484616729148e-08,32551.511336868032,1663.846690721363,"[5836443901.750994, -5820000399.619995]","[[8318344192.840944, 56502637.43011526], [56502637.43011526, 16937251212.889307]]","[[[5187294936.459599, -825796405.3809477], [-825796405.3809477, 16860182739.961586]], [[5236438743.895408, 891393799.6499279], [891393799.6499279, 16876439543.135399]]]",927671274241.1738,4248848682785.092,2.0,2.5200006348313764e-07,6.000008703852672e-15,False,False,/private/tmp/oneD-v2-taylor-peierls-spatial-pf-runs/oneD_v2_DBTT_spatial_07_balanced_maximin_medoid/T1100K_seed1008666/steps_1100K.csv,a31de896edb3769c68d26abec1174f7f24a1a3c01eb0536f928116783f9cf47f,/private/tmp/oneD-v2-taylor-peierls-spatial-pf-runs/oneD_v2_DBTT_spatial_07_balanced_maximin_medoid/T1100K_seed1008666/anisotropic_emission_audit_v10174.json,bc80ec2326e37039eff609b5434833b01476badfac9b7cfbf3d3688f78809201,FULL_ACTIVE_AND_WAKE_SPATIAL_PROFILE_OBSERVER,PF_MODEL_NATIVE_DRIVING_TRAJECTORY_NOT_RESISTANCE
DBTT,BALANCED_MAXIMIN_MEDOID,oneD_v2_dbtt_TP_f2817e7998cb7be6,oneD_v2_DBTT_spatial_07_balanced_maximin_medoid,1100.0,1008666,300.0,51,1,572,1552.6103128387517,3.696691221044663e-05,7746298.782507358,23485.20970272917,102.21577281598309,102.21577281598309,102.21577281598309,-0.1257257243819953,32.63830980121553,13020801740.545353,242.31449849212973,244.61183858775462,2.2973400956249024,9.808001243612775,0.1306660684658043,9.196545590650503,1.590524334682326e-08,33788.79330222259,1678.6967303586225,"[5710146931.864648, -5693627724.488908]","[[8375817418.293735, 55017186.87278546], [55017186.87278546, 16030505518.198874]]","[[[4816305650.657411, -632226963.6980062], [-632226963.6980062, 16236599514.386707]], [[4854328739.226383, 695286829.1936858], [695286829.1936858, 16241584188.204199]]]",12987397839376.426,59483881558991.3,28.0,2.9728842037002323e-06,7.078297231113626e-14,False,False,/private/tmp/oneD-v2-taylor-peierls-spatial-pf-runs/oneD_v2_DBTT_spatial_07_balanced_maximin_medoid/T1100K_seed1008666/steps_1100K.csv,a31de896edb3769c68d26abec1174f7f24a1a3c01eb0536f928116783f9cf47f,/private/tmp/oneD-v2-taylor-peierls-spatial-pf-runs/oneD_v2_DBTT_spatial_07_balanced_maximin_medoid/T1100K_seed1008666/anisotropic_emission_audit_v10174.json,bc80ec2326e37039eff609b5434833b01476badfac9b7cfbf3d3688f78809201,FULL_ACTIVE_AND_WAKE_SPATIAL_PROFILE_OBSERVER,PF_MODEL_NATIVE_DRIVING_TRAJECTORY_NOT_RESISTANCE
DBTT,BALANCED_MAXIMIN_MEDOID,oneD_v2_dbtt_TP_f2817e7998cb7be6,oneD_v2_DBTT_spatial_07_balanced_maximin_medoid,1100.0,1008666,300.0,52,1,582,1552.610315811636,3.69669122812296e-05,7743968.222934072,23196.87446738503,101.58636755677864,101.58636755677864,101.58636755677864,-0.18647749295932742,32.1027274996472,12807135315.815037,244.61183858775462,257.4326195078266,12.820780920071964,10.01352527223631,0.12916802307029746,9.303220603175225,1.612374944872309e-08,34252.10769636961,1694.2243495719506,"[5872068911.561493, -5853902044.277781]","[[8591254698.603155, 63935450.906985916], [63935450.906985916, 16599387943.750416]]","[[[5039610027.170878, -774653829.3666294], [-774653829.3666294, 16783747850.293865]], [[5082159629.625619, 839390576.8726621], [839390576.8726621, 16789963718.18118]]]",5566027645447.043,25493092096710.55,12.0,8.400002116104588e-08,2.000000642529698e-15,False,False,/private/tmp/oneD-v2-taylor-peierls-spatial-pf-runs/oneD_v2_DBTT_spatial_07_balanced_maximin_medoid/T1100K_seed1008666/steps_1100K.csv,a31de896edb3769c68d26abec1174f7f24a1a3c01eb0536f928116783f9cf47f,/private/tmp/oneD-v2-taylor-peierls-spatial-pf-runs/oneD_v2_DBTT_spatial_07_balanced_maximin_medoid/T1100K_seed1008666/anisotropic_emission_audit_v10174.json,bc80ec2326e37039eff609b5434833b01476badfac9b7cfbf3d3688f78809201,FULL_ACTIVE_AND_WAKE_SPATIAL_PROFILE_OBSERVER,PF_MODEL_NATIVE_DRIVING_TRAJECTORY_NOT_RESISTANCE
DBTT,BALANCED_MAXIMIN_MEDOID,oneD_v2_dbtt_TP_f2817e7998cb7be6,oneD_v2_DBTT_spatial_07_balanced_maximin_medoid,1100.0,1008666,300.0,53,1,583,1552.610315895636,3.69669122832296e-05,7728572.639067235,21461.89360936498,97.71353253224532,97.71353253224532,97.71353253224532,-0.19159912929519307,31.135822747120777,12421396128.911161,257.4326195078266,259.7299596034515,2.2973400956249024,9.84892285924481,0.13036363888907626,9.21788975826155,1.611306288577901e-08,34228.6712432537,1681.7991115358986,"[5798043862.243471, -5809045876.858118]","[[6569779108.164128, 59111951.84430087], [59111951.84430087, 15475565855.052423]]","[[[6093504586.498788, -1003880191.0804027], [-1003880191.0804027, 17689592310.98573]], [[6099093869.660014, 1061936453.9937491], [1061936453.9937491, 17717185623.37625]]]",46383563712058.62,212442434139254.16,100.0,4.200001058052294e-07,1.000000321264849e-14,False,False,/private/tmp/oneD-v2-taylor-peierls-spatial-pf-runs/oneD_v2_DBTT_spatial_07_balanced_maximin_medoid/T1100K_seed1008666/steps_1100K.csv,a31de896edb3769c68d26abec1174f7f24a1a3c01eb0536f928116783f9cf47f,/private/tmp/oneD-v2-taylor-peierls-spatial-pf-runs/oneD_v2_DBTT_spatial_07_balanced_maximin_medoid/T1100K_seed1008666/anisotropic_emission_audit_v10174.json,bc80ec2326e37039eff609b5434833b01476badfac9b7cfbf3d3688f78809201,FULL_ACTIVE_AND_WAKE_SPATIAL_PROFILE_OBSERVER,PF_MODEL_NATIVE_DRIVING_TRAJECTORY_NOT_RESISTANCE
DBTT,BALANCED_MAXIMIN_MEDOID,oneD_v2_dbtt_TP_f2817e7998cb7be6,oneD_v2_DBTT_spatial_07_balanced_maximin_medoid,1100.0,1008666,300.0,54,1,588,1552.610316315636,3.6966912293229606e-05,7722443.338793359,21212.900383154418,97.1450601619039,97.1450601619039,97.1450601619039,-0.17346502760029106,32.843366872986856,13102607676.370247,259.7299596034515,262.02729969907637,2.2973400956249024,8.748751883030717,0.1393094450579641,8.625783713115448,1.4015313356532116e-08,29773.238661432548,1596.450916165814,"[5028332951.328809, -5070651229.90719]","[[5930008469.669637, 67522108.60348167], [67522108.60348167, 15227738012.053839]]","[[[5036740020.68151, -2068145172.985779], [-2068145172.985779, 15093405923.339128]], [[5014899146.060462, 2100735621.9577916], [2100735621.9577916, 15156201605.874844]]]",9276712742411.738,42488486827850.92,20.0,3.879869154843618e-06,9.237781980336868e-14,False,False,/private/tmp/oneD-v2-taylor-peierls-spatial-pf-runs/oneD_v2_DBTT_spatial_07_balanced_maximin_medoid/T1100K_seed1008666/steps_1100K.csv,a31de896edb3769c68d26abec1174f7f24a1a3c01eb0536f928116783f9cf47f,/private/tmp/oneD-v2-taylor-peierls-spatial-pf-runs/oneD_v2_DBTT_spatial_07_balanced_maximin_medoid/T1100K_seed1008666/anisotropic_emission_audit_v10174.json,bc80ec2326e37039eff609b5434833b01476badfac9b7cfbf3d3688f78809201,FULL_ACTIVE_AND_WAKE_SPATIAL_PROFILE_OBSERVER,PF_MODEL_NATIVE_DRIVING_TRAJECTORY_NOT_RESISTANCE
DBTT,BALANCED_MAXIMIN_MEDOID,oneD_v2_dbtt_TP_f2817e7998cb7be6,oneD_v2_DBTT_spatial_07_balanced_maximin_medoid,1100.0,1008666,300.0,55,1,598,1552.6103201955052,3.6966912385607426e-05,7742627.222411117,15087.934886501613,81.92861173787338,81.92861173787338,81.92861173787338,-0.20737456215694353,27.359153604048824,10914723128.652313,262.02729969907637,279.2579249532601,17.23062525418374,8.967386248987692,0.13738510823386946,8.746680557320957,1.4156967156234637e-08,30076.04897022992,1613.7432727469456,"[5537692038.709315, -5563463873.511762]","[[5712313536.232402, -34479471.41155622], [-34479471.41155622, 14035396870.664127]]","[[[2927813361.040832, -780861550.2658998], [-780861550.2658998, 14003197438.459463]], [[2866504951.562648, 736343520.842068], [736343520.842068, 13993432698.58617]]]",12059726565135.254,55235032876206.2,26.0,3.413645117689157e-06,8.127728362301162e-14,False,False,/private/tmp/oneD-v2-taylor-peierls-spatial-pf-runs/oneD_v2_DBTT_spatial_07_balanced_maximin_medoid/T1100K_seed1008666/steps_1100K.csv,a31de896edb3769c68d26abec1174f7f24a1a3c01eb0536f928116783f9cf47f,/private/tmp/oneD-v2-taylor-peierls-spatial-pf-runs/oneD_v2_DBTT_spatial_07_balanced_maximin_medoid/T1100K_seed1008666/anisotropic_emission_audit_v10174.json,bc80ec2326e37039eff609b5434833b01476badfac9b7cfbf3d3688f78809201,FULL_ACTIVE_AND_WAKE_SPATIAL_PROFILE_OBSERVER,PF_MODEL_NATIVE_DRIVING_TRAJECTORY_NOT_RESISTANCE
DBTT,BALANCED_MAXIMIN_MEDOID,oneD_v2_dbtt_TP_f2817e7998cb7be6,oneD_v2_DBTT_spatial_07_balanced_maximin_medoid,1100.0,1008666,300.0,56,1,608,1552.6103236091503,3.696691246688471e-05,7729771.906489613,13992.937088515564,78.89966079673901,78.89966079673901,78.89966079673901,-0.18950584328813194,27.21898564037866,10858804201.586512,279.2579249532601,294.1956478027983,14.93772284953817,8.402458946882984,0.14253005885126666,8.430901560439354,1.3099906939137432e-08,27826.46376465255,1568.7067740739365,"[5098488594.530738, -5113757416.302903]","[[4866729067.808379, -30003185.775035545], [-30003185.775035545, 13193695630.57819]]","[[[3689511917.9921575, -824740895.6962601], [-824740895.6962601, 13886489107.053635]], [[3641751348.2760105, 768347627.2650623], [768347627.2650623, 13869266180.881817]]]",8349041468170.564,38239638145065.83,18.0,2.5200006348313764e-07,6.000001927589094e-15,False,False,/private/tmp/oneD-v2-taylor-peierls-spatial-pf-runs/oneD_v2_DBTT_spatial_07_balanced_maximin_medoid/T1100K_seed1008666/steps_1100K.csv,a31de896edb3769c68d26abec1174f7f24a1a3c01eb0536f928116783f9cf47f,/private/tmp/oneD-v2-taylor-peierls-spatial-pf-runs/oneD_v2_DBTT_spatial_07_balanced_maximin_medoid/T1100K_seed1008666/anisotropic_emission_audit_v10174.json,bc80ec2326e37039eff609b5434833b01476badfac9b7cfbf3d3688f78809201,FULL_ACTIVE_AND_WAKE_SPATIAL_PROFILE_OBSERVER,PF_MODEL_NATIVE_DRIVING_TRAJECTORY_NOT_RESISTANCE
DBTT,BALANCED_MAXIMIN_MEDOID,oneD_v2_dbtt_TP_f2817e7998cb7be6,oneD_v2_DBTT_spatial_07_balanced_maximin_medoid,1100.0,1008666,300.0,57,1,611,1552.6103238611504,3.696691247288471e-05,7698979.930655425,19889.957872056362,94.06707219152086,94.06707219152086,94.06707219152086,-0.20847232615482147,31.35438027850374,12508587968.87999,294.1956478027983,296.4929878984232,2.2973400956249024,9.000752323240958,0.13709838972522556,8.763538556634108,1.4237912184872384e-08,30245.959695955768,1616.3673650875276,"[5534408075.96344, -5740332463.96055]","[[7920914386.327833, -167818609.32488367], [-167818609.32488367, 16182079080.909962]]","[[[5092992149.375928, -961967129.5234348], [-961967129.5234348, 16161808301.302809]], [[4656862386.675138, 763586096.4883521], [763586096.4883521, 16137527314.59624]]]",5566027645447.043,25493092096710.55,12.0,9.493919606029522e-07,2.2604531094150282e-14,False,False,/private/tmp/oneD-v2-taylor-peierls-spatial-pf-runs/oneD_v2_DBTT_spatial_07_balanced_maximin_medoid/T1100K_seed1008666/steps_1100K.csv,a31de896edb3769c68d26abec1174f7f24a1a3c01eb0536f928116783f9cf47f,/private/tmp/oneD-v2-taylor-peierls-spatial-pf-runs/oneD_v2_DBTT_spatial_07_balanced_maximin_medoid/T1100K_seed1008666/anisotropic_emission_audit_v10174.json,bc80ec2326e37039eff609b5434833b01476badfac9b7cfbf3d3688f78809201,FULL_ACTIVE_AND_WAKE_SPATIAL_PROFILE_OBSERVER,PF_MODEL_NATIVE_DRIVING_TRAJECTORY_NOT_RESISTANCE
DBTT,BALANCED_MAXIMIN_MEDOID,oneD_v2_dbtt_TP_f2817e7998cb7be6,oneD_v2_DBTT_spatial_07_balanced_maximin_medoid,1100.0,1008666,300.0,58,1,621,1552.6103248105424,3.696691249548924e-05,7696888.418367901,19712.65334740001,93.6468638270262,93.6468638270262,93.6468638270262,-0.2114780323689896,31.091046841194597,12403533126.893932,296.4929878984232,300.64693596292,4.153948064496821,9.07226620877271,0.1364898607653394,8.802454077565109,1.4810893846776356e-08,31463.82339000792,1621.9784668103946,"[5390114247.866732, -5601731193.223505]","[[7954522771.940652, -158751874.8497311], [-158751874.8497311, 15254222783.096369]]","[[[4705248125.431381, -777979519.3659217], [-777979519.3659217, 15485476621.164845]], [[4278931455.0832543, 597673675.7211353], [597673675.7211353, 15482393841.530266]]]",2783013822723.5215,12746546048355.273,6.0,,,False,True,/private/tmp/oneD-v2-taylor-peierls-spatial-pf-runs/oneD_v2_DBTT_spatial_07_balanced_maximin_medoid/T1100K_seed1008666/steps_1100K.csv,a31de896edb3769c68d26abec1174f7f24a1a3c01eb0536f928116783f9cf47f,/private/tmp/oneD-v2-taylor-peierls-spatial-pf-runs/oneD_v2_DBTT_spatial_07_balanced_maximin_medoid/T1100K_seed1008666/anisotropic_emission_audit_v10174.json,bc80ec2326e37039eff609b5434833b01476badfac9b7cfbf3d3688f78809201,FULL_ACTIVE_AND_WAKE_SPATIAL_PROFILE_OBSERVER,PF_MODEL_NATIVE_DRIVING_TRAJECTORY_NOT_RESISTANCE
